step,agent_id,pos_x,pos_y,angle,left_speed,right_speed,role,is_anchored,knows_target,w_target,w_center,w_rand,k_diff,lambda_anchor,lambda_release,base_x,base_y,chain_connected,rescued_count,is_alive,is_colliding,target_0_x,target_0_y
1,0,-0.22504667937755585,0.07996115833520889,0.013806588016450405,-1.662477485361407,2.6624298612502315,0,0,0,0.12,0.01,0.0,0.01,0.1,0.9,-1.2,0.0,0,0,1,0,0.675,0.32
1,1,-0.5247237086296082,-0.28041791915893555,-1.3575087785720825,2.7014507655874556,-1.7035870556608503,0,0,0,0.12,0.01,0.0,0.01,0.1,0.9,-1.2,0.0,0,0,1,1,0.675,0.32
1,2,-0.3744622468948364,0.4405049979686737,0.8980039358139038,6.197482838371741,-6.28,0,0,0,0.12,0.01,0.0,0.01,0.1,0.9,-1.2,0.0,0,0,1,0,0.675,0.32
1,3,-0.37526872754096985,-0.39990124106407166,3.01373028755188,-6.28,6.197528474361115,0,0,0,0.12,0.01,0.0,0.01,0.1,0.9,-1.2,0.0,0,0,1,0,0.675,0.32
1,4,-0.5248569250106812,-0.15987221896648407,1.275537371635437,-1.2694636985162346,2.2428320452073662,0,0,0,0.12,0.01,0.0,0.01,0.1,0.9,-1.2,0.0,0,0,1,1,0.675,0.32
1,5,-0.5249755382537842,-0.040027275681495667,1.3746176958084106,-1.5344222772364855,2.5344209659343004,0,0,0,0.12,0.01,0.0,0.01,0.1,0.9,-1.2,0.0,0,0,1,1,0.675,0.32
1,6,-0.5249950289726257,-0.3998188078403473,1.8825113773345947,-6.28,6.197617213830766,0,0,0,0.12,0.01,0.0,0.01,0.1,0.9,-1.2,0.0,0,0,1,1,0.675,0.32
1,7,-0.6760151386260986,-0.04010436683893204,-2.9018383026123047,2.7324949651362416,-1.7324968128802298,0,0,0,0.12,0.01,0.0,0.01,0.1,0.9,-1.2,0.0,0,0,1,0,0.675,0.32
2,0,-0.22503146529197693,0.0799611508846283,0.009706784971058369,-1.6654341040908023,2.6653851686774415,0,0,0,0.12,0.01,0.0,0.01,0.1,0.9,-1.2,0.0,0,0,1,0,0.675,0.32
2,1,-0.5246800184249878,-0.2806195318698883,-1.3577263355255127,2.701117370869189,-1.7032434685483278,0,0,0,0.12,0.01,0.0,0.01,0.1,0.9,-1.2,0.0,0,0,1,1,0.675,0.32
2,2,-0.3741605579853058,0.440883606672287,0.8980467915534973,6.197482838371741,-6.28,0,0,0,0.12,0.01,0.0,0.01,0.1,0.9,-1.2,0.0,0,0,1,0,0.675,0.32
2,3,-0.37542206048965454,-0.399881511926651,3.0138940811157227,-6.28,6.1975283049294685,0,0,0,0.12,0.01,0.0,0.01,0.1,0.9,-1.2,0.0,0,0,1,0,0.675,0.32
2,4,-0.5248355865478516,-0.15980194509029388,1.2601597309112549,-1.2997161652157134,2.2729803229877774,0,0,0,0.12,0.01,0.0,0.01,0.1,0.9,-1.2,0.0,0,0,1,1,0.675,0.32
2,5,-0.5249535441398621,-0.039914246648550034,1.3911956548690796,-1.4800336676892156,2.4800324159916753,0,0,0,0.12,0.01,0.0,0.01,0.1,0.9,-1.2,0.0,0,0,1,1,0.675,0.32
2,6,-0.5250220894813538,-0.39973482489585876,1.882061243057251,-6.28,6.197618823533341,0,0,0,0.12,0.01,0.0,0.01,0.1,0.9,-1.2,0.0,0,0,1,1,0.675,0.32
2,7,-0.6765418648719788,-0.040233053267002106,-2.902251958847046,2.732494910225308,-1.7324966983646515,0,0,0,0.12,0.01,0.0,0.01,0.1,0.9,-1.2,0.0,0,0,1,0,0.675,0.32
3,0,-0.22422893345355988,0.08001315593719482,0.1303810477256775,-1.4768482348817882,2.4768133661645946,0,0,0,0.12,0.01,0.0,0.01,0.1,0.9,-1.2,0.0,0,0,1,0,0.675,0.32
3,1,-0.5245429873466492,-0.28144940733909607,-1.4816256761550903,2.6536050465595626,-1.6548653867733385,0,0,0,0.12,0.01,0.0,0.01,0.1,0.9,-1.2,0.0,0,0,1,1,0.675,0.32
3,2,-0.3741438090801239,0.4409419894218445,0.5410979390144348,6.197482783460958,-6.28,0,0,0,0.12,0.01,0.0,0.01,0.1,0.9,-1.2,0.0,0,0,1,0,0.675,0.32
3,3,-0.3753945827484131,-0.39986494183540344,-2.911996603012085,-6.28,6.197465111304622,0,0,0,0.12,0.01,0.0,0.01,0.1,0.9,-1.2,0.0,0,0,1,0,0.675,0.32
3,4,-0.5246220231056213,-0.1590367555618286,1.355790376663208,-1.0217386202806515,2.0003768520349547,0,0,0,0.12,0.01,0.0,0.01,0.1,0.9,-1.2,0.0,0,0,1,1,0.675,0.32
3,5,-0.5248439311981201,-0.03909709304571152,1.5088913440704346,-0.4284834557609471,1.4284823828773412,0,0,0,0.12,0.01,0.0,0.01,0.1,0.9,-1.2,0.0,0,0,1,1,0.675,0.32
3,6,-0.5249844193458557,-0.39976394176483154,2.2395830154418945,-6.28,6.197442155760023,0,0,0,0.12,0.01,0.0,0.01,0.1,0.9,-1.2,0.0,0,0,1,1,0.675,0.32
3,7,-0.6774346828460693,-0.04040969908237457,-3.0278797149658203,2.7324874380928743,-1.7324877361160982,0,0,0,0.12,0.01,0.0,0.01,0.1,0.9,-1.2,0.0,0,0,1,0,0.675,0.32
4,0,-0.22324012219905853,0.08022145926952362,0.28357839584350586,-0.38054135428663177,1.3805122672199812,0,0,0,0.12,0.01,0.0,0.01,0.1,0.9,-1.2,0.0,0,0,1,0,0.675,0.32
4,1,-0.5245288610458374,-0.2824515104293823,-1.6366143226623535,2.4768204344919544,-1.4775865329912528,0,0,0,0.12,0.01,0.0,0.01,0.1,0.9,-1.2,0.0,0,0,1,1,0.675,0.32
4,2,-0.3741540014743805,0.44094356894493103,0.13088761270046234,6.183924026408594,-6.28,0,0,0,0.12,0.01,0.0,0.01,0.1,0.9,-1.2,0.0,0,0,1,0,0.675,0.32
4,3,-0.37534332275390625,-0.39983049035072327,-2.501220941543579,-6.28,6.169334095047523,0,0,0,0.12,0.01,0.0,0.01,0.1,0.9,-1.2,0.0,0,0,1,0,0.675,0.32
4,4,-0.5244726538658142,-0.15807178616523743,1.4809815883636475,-0.4297755268127027,1.41245286732021,0,0,0,0.12,0.01,0.0,0.01,0.1,0.9,-1.2,0.0,0,0,1,1,0.675,0.32
4,5,-0.5248498916625977,-0.03809359297156334,1.6489381790161133,2.004356583654692,-1.0043577161429427,0,0,0,0.12,0.01,0.0,0.01,0.1,0.9,-1.2,0.0,0,0,1,1,0.675,0.32
4,6,-0.5249295830726624,-0.399789035320282,2.6523003578186035,-6.28,6.160149057607174,0,0,0,0.12,0.01,0.0,0.01,0.1,0.9,-1.2,0.0,0,0,1,1,0.675,0.32
4,7,-0.6784385442733765,-0.04044892266392708,3.0981738567352295,2.7323855585834664,-1.7323856181881112,0,0,0,0.12,0.01,0.0,0.01,0.1,0.9,-1.2,0.0,0,0,1,0,0.675,0.32
5,0,-0.2222825586795807,0.08057175576686859,0.4257459342479706,1.6926909987806125,-0.6927228276609224,0,0,0,0.12,0.01,0.0,0.01,0.1,0.9,-1.2,0.0,0,0,1,0,0.675,0.32
5,1,-0.5246738791465759,-0.28344717621803284,-1.79000985622406,1.8945360204657449,-0.8950960061034096,0,0,0,0.12,0.01,0.0,0.01,0.1,0.9,-1.2,0.0,0,0,1,1,0.675,0.32
5,2,-0.3741540014743805,0.44094356894493103,0.13088612258434296,6.183962938955075,-6.28,0,0,0,0.12,0.01,0.0,0.01,0.1,0.9,-1.2,0.0,0,0,1,0,0.675,0.32
5,3,-0.37534332275390625,-0.39983049035072327,-2.501220703125,-6.28,6.170097921607807,0,0,0,0.12,0.01,0.0,0.01,0.1,0.9,-1.2,0.0,0,0,1,0,0.675,0.32
5,4,-0.5244404077529907,-0.15709294378757477,1.5909823179244995,0.3434551224299482,0.6411481037548968,0,0,0,0.12,0.01,0.0,0.01,0.1,0.9,-1.2,0.0,0,0,1,1,0.675,0.32
5,5,-0.5249791741371155,-0.03710265830159187,1.7295361757278442,2.5026744137010204,-1.5026757250032057,0,0,0,0.12,0.01,0.0,0.01,0.1,0.9,-1.2,0.0,0,0,1,1,0.675,0.32
5,6,-0.5249295830726624,-0.39978906512260437,2.6523008346557617,-6.28,6.159115502687118,0,0,0,0.12,0.01,0.0,0.01,0.1,0.9,-1.2,0.0,0,0,1,1,0.675,0.32
5,7,-0.6794375777244568,-0.0403246246278286,2.9401626586914062,2.73035239060842,-1.7303523906084197,0,0,0,0.12,0.01,0.0,0.01,0.1,0.9,-1.2,0.0,0,0,1,0,0.675,0.32
6,0,-0.22138600051403046,0.08102608472108841,0.5029622316360474,2.287542437428158,-1.2875808228193935,0,0,0,0.12,0.01,0.0,0.01,0.1,0.9,-1.2,0.0,0,0,1,0,0.675,0.32
6,1,-0.524961531162262,-0.2844269573688507,-1.932084560394287,0.5524012425513113,0.44710695952464685,0,0,0,0.12,0.01,0.0,0.01,0.1,0.9,-1.2,0.0,0,0,1,1,0.675,0.32
6,2,-0.37384510040283203,0.44094470143318176,-0.13823091983795166,2.7631822324259843,-1.7956704593165482,0,0,0,0.12,0.01,0.0,0.01,0.1,0.9,-1.2,0.0,0,0,1,0,0.675,0.32
6,3,-0.3753357231616974,-0.39986252784729004,-2.15177583694458,-2.0234988378391066,2.8800097154483595,0,0,0,0.12,0.01,0.0,0.01,0.1,0.9,-1.2,0.0,0,0,1,0,0.675,0.32
6,4,-0.5245003700256348,-0.15611347556114197,1.6641654968261719,0.9402737719198553,0.045155038199773574,0,0,0,0.12,0.01,0.0,0.01,0.1,0.9,-1.2,0.0,0,0,1,1,0.675,0.32
6,5,-0.5251259803771973,-0.036116696894168854,1.6577900648117065,2.117079565783807,-1.1170807578767026,0,0,0,0.12,0.01,0.0,0.01,0.1,0.9,-1.2,0.0,0,0,1,1,0.675,0.32
6,6,-0.5251935720443726,-0.3997078239917755,2.9546926021575928,-2.515363496661265,3.1598819912672824,0,0,0,0.12,0.01,0.0,0.01,0.1,0.9,-1.2,0.0,0,0,1,1,0.675,0.32
6,7,-0.6804239153862,-0.04004579782485962,2.7823970317840576,2.683422262443119,-1.683422262443119,0,0,0,0.12,0.01,0.0,0.01,0.1,0.9,-1.2,0.0,0,0,1,0,0.675,0.32
7,0,-0.22050994634628296,0.08150408416986465,0.4479502737522125,1.9848189775932008,-0.9848573629844359,0,0,0,0.12,0.01,0.0,0.01,0.1,0.9,-1.2,0.0,0,0,1,0,0.675,0.32
7,1,-0.5253646969795227,-0.2853509783744812,-2.038317918777466,-0.5853112892622943,1.584812457990169,0,0,0,0.12,0.01,0.0,0.01,0.1,0.9,-1.2,0.0,0,0,1,1,0.675,0.32
7,2,-0.3723422586917877,0.44045770168304443,-0.3754672110080719,2.7325260736446624,-1.7325605847339873,0,0,0,0.12,0.01,0.0,0.01,0.1,0.9,-1.2,0.0,0,0,1,0,0.675,0.32
7,3,-0.37567147612571716,-0.4001825153827667,-2.0543816089630127,-1.7789516885319336,2.7549850184956175,0,0,0,0.12,0.01,0.0,0.01,0.1,0.9,-1.2,0.0,0,0,1,0,0.675,0.32
7,4,-0.5246096253395081,-0.1551336646080017,1.6854835748672485,1.1849008850924685,-0.19880456255600013,0,0,0,0.12,0.01,0.0,0.01,0.1,0.9,-1.2,0.0,0,0,1,0,0.675,0.32
7,5,-0.5251610279083252,-0.0351158082485199,1.5238865613937378,-0.0040914863001638435,1.004090353811913,0,0,0,0.12,0.01,0.0,0.01,0.1,0.9,-1.2,0.0,0,0,1,0,0.675,0.32
7,6,-0.5261638760566711,-0.39941954612731934,3.090277671813965,-1.8031869328835661,2.766885081610983,0,0,0,0.12,0.01,0.0,0.01,0.1,0.9,-1.2,0.0,0,0,1,1,0.675,0.32
7,7,-0.681350588798523,-0.0396256223320961,2.625200033187866,1.6086795559120715,-0.6086795559120715,0,0,0,0.12,0.01,0.0,0.01,0.1,0.9,-1.2,0.0,0,0,1,0,0.675,0.32
8,0,-0.21958962082862854,0.08189815282821655,0.33052292466163635,0.6374999940784095,0.3624619781582238,0,0,0,0.12,0.01,0.0,0.01,0.1,0.9,-1.2,0.0,0,0,1,0,0.675,0.32
8,1,-0.5258345603942871,-0.28623366355895996,-2.0606024265289307,-0.7464663464612756,1.745970316607455,0,0,0,0.12,0.01,0.0,0.01,0.1,0.9,-1.2,0.0,0,0,1,1,0.675,0.32
8,2,-0.37167125940322876,0.4401301145553589,-0.5022929906845093,2.7324960366047595,-1.7324979439533923,0,0,0,0.12,0.01,0.0,0.01,0.1,0.9,-1.2,0.0,0,0,1,0,0.675,0.32
8,3,-0.375916063785553,-0.4008151888847351,-1.8311190605163574,-1.7332882515448205,2.7328750125425927,0,0,0,0.12,0.01,0.0,0.01,0.1,0.9,-1.2,0.0,0,0,1,0,0.675,0.32
8,4,-0.5247194170951843,-0.1541556566953659,1.6623599529266357,1.1249890064759367,-0.13815906997157282,0,0,0,0.12,0.01,0.0,0.01,0.1,0.9,-1.2,0.0,0,0,1,0,0.675,0.32
8,5,-0.5250593423843384,-0.03410384804010391,1.4037801027297974,-1.355658307796957,2.355656936890127,0,0,0,0.12,0.01,0.0,0.01,0.1,0.9,-1.2,0.0,0,0,1,0,0.675,0.32
8,6,-0.5268847942352295,-0.3993437886238098,-3.0109283924102783,-1.7356886788142278,2.7340269013178897,0,0,0,0.12,0.01,0.0,0.01,0.1,0.9,-1.2,0.0,0,0,1,1,0.675,0.32
8,7,-0.6821967959403992,-0.03907232731580734,2.4709038734436035,-1.4357387749215547,2.4357387749215547,0,0,0,0.12,0.01,0.0,0.01,0.1,0.9,-1.2,0.0,0,0,1,0,0.675,0.32
9,0,-0.21862609684467316,0.082174152135849,0.22189490497112274,-0.7331506910574275,1.7331081333410578,0,0,0,0.12,0.01,0.0,0.01,0.1,0.9,-1.2,0.0,0,0,1,0,0.675,0.32
9,1,-0.5262908935546875,-0.28712111711502075,-2.000190496444702,-0.1726568346326545,1.1721884613340097,0,0,0,0.12,0.01,0.0,0.01,0.1,0.9,-1.2,0.0,0,0,1,1,0.675,0.32
9,2,-0.3708372712135315,0.43958592414855957,-0.6581137180328369,2.732494444189606,-1.7324946230035405,0,0,0,0.12,0.01,0.0,0.01,0.1,0.9,-1.2,0.0,0,0,1,0,0.675,0.32
9,3,-0.376094788312912,-0.4017539322376251,-1.6712348461151123,-1.7325508553940334,2.73252123188558,0,0,0,0.12,0.01,0.0,0.01,0.1,0.9,-1.2,0.0,0,0,1,0,0.675,0.32
9,4,-0.5247926712036133,-0.15317265689373016,1.6171865463256836,0.9131365570513933,0.07435463338210892,0,0,0,0.12,0.01,0.0,0.01,0.1,0.9,-1.2,0.0,0,0,1,0,0.675,0.32
9,5,-0.5248758792877197,-0.033118296414613724,1.409575343132019,-1.2924110092575534,2.2924095787460788,0,0,0,0.12,0.01,0.0,0.01,0.1,0.9,-1.2,0.0,0,0,1,0,0.675,0.32
9,6,-0.5277284383773804,-0.39953532814979553,-2.842188596725464,-1.7327189277072164,2.732601387347719,0,0,0,0.12,0.01,0.0,0.01,0.1,0.9,-1.2,0.0,0,0,1,1,0.675,0.32
9,7,-0.6829525828361511,-0.03841163218021393,2.378174066543579,-1.6858578794463595,2.6858578794463597,0,0,0,0.12,0.01,0.0,0.01,0.1,0.9,-1.2,0.0,0,0,1,0,0.675,0.32
10,0,-0.21764767169952393,0.0823671892285347,0.19319447875022888,-0.9246650322772421,1.924618659863607,0,0,0,0.12,0.01,0.0,0.01,0.1,0.9,-1.2,0.0,0,0,1,0,0.675,0.32
10,1,-0.5266736745834351,-0.288045197725296,-1.9148424863815308,0.8368441915320105,0.16269333602917735,0,0,0,0.12,0.01,0.0,0.01,0.1,0.9,-1.2,0.0,0,0,1,1,0.675,0.32
10,2,-0.37008848786354065,0.4389130175113678,-0.8141751289367676,2.7324942496549243,-1.732494309259569,0,0,0,0.12,0.01,0.0,0.01,0.1,0.9,-1.2,0.0,0,0,1,0,0.675,0.32
10,3,-0.37611880898475647,-0.40274977684020996,-1.5149312019348145,-1.7324976630683622,2.732494623231479,0,0,0,0.12,0.01,0.0,0.01,0.1,0.9,-1.2,0.0,0,0,1,0,0.675,0.32
10,4,-0.5248163342475891,-0.15218611061573029,1.571990728378296,0.6920349637359329,0.2959561904579453,0,0,0,0.12,0.01,0.0,0.01,0.1,0.9,-1.2,0.0,0,0,1,0,0.675,0.32
10,5,-0.5247485041618347,-0.032126955687999725,1.5211540460586548,0.20221238666918773,0.7977862424239824,0,0,0,0.12,0.01,0.0,0.01,0.1,0.9,-1.2,0.0,0,0,1,0,0.675,0.32
10,6,-0.5286485552787781,-0.3999047875404358,-2.684957981109619,-1.7325119036836658,2.73249885026646,0,0,0,0.12,0.01,0.0,0.01,0.1,0.9,-1.2,0.0,0,0,1,1,0.675,0.32
10,7,-0.6836829781532288,-0.03773157298564911,2.4720535278320312,-1.44578915254354,2.44578915254354,0,0,0,0.12,0.01,0.0,0.01,0.1,0.9,-1.2,0.0,0,0,1,0,0.675,0.32
11,0,-0.21666963398456573,0.08257816731929779,0.26074594259262085,-0.09358963798291867,1.0935431463599938,0,0,0,0.12,0.01,0.0,0.01,0.1,0.9,-1.2,0.0,0,0,1,0,0.675,0.32
11,1,-0.5269809365272522,-0.2889968752861023,-1.8595695495605469,1.4355596550295069,-0.4360376842806054,0,0,0,0.12,0.01,0.0,0.01,0.1,0.9,-1.2,0.0,0,0,1,1,0.675,0.32
11,2,-0.3694515526294708,0.43813443183898926,-0.9707280993461609,2.732485185323631,-1.7324852449282757,0,0,0,0.12,0.01,0.0,0.01,0.1,0.9,-1.2,0.0,0,0,1,0,0.675,0.32
11,3,-0.3759831190109253,-0.403740257024765,-1.3574602603912354,-1.7324705987681737,2.73247018153566,0,0,0,0.12,0.01,0.0,0.01,0.1,0.9,-1.2,0.0,0,0,1,0,0.675,0.32
11,4,-0.5247984528541565,-0.15119890868663788,1.5395729541778564,0.5660068784765672,0.42239560737090603,0,0,0,0.12,0.01,0.0,0.01,0.1,0.9,-1.2,0.0,0,0,1,0,0.675,0.32
11,5,-0.5247547626495361,-0.031124981120228767,1.648091197013855,2.1787954092955713,-1.1787970186209802,0,0,0,0.12,0.01,0.0,0.01,0.1,0.9,-1.2,0.0,0,0,1,0,0.675,0.32
11,6,-0.52951979637146,-0.4004175364971161,-2.5282039642333984,-1.73243362013537,2.732431593577448,0,0,0,0.12,0.01,0.0,0.01,0.1,0.9,-1.2,0.0,0,0,1,1,0.675,0.32
11,7,-0.6845072507858276,-0.037156861275434494,2.622586250305176,1.3558464108879023,-0.3558464108879022,0,0,0,0.12,0.01,0.0,0.01,0.1,0.9,-1.2,0.0,0,0,1,0,0.675,0.32
12,0,-0.21570941805839539,0.08287933468818665,0.35837841033935547,1.4025014338637156,-0.4025518593931956,0,0,0,0.12,0.01,0.0,0.01,0.1,0.9,-1.2,0.0,0,0,1,0,0.675,0.32
12,1,-0.5272603631019592,-0.2899564206600189,-1.8691539764404297,1.3546112682203961,-0.3550915624479962,0,0,0,0.12,0.01,0.0,0.01,0.1,0.9,-1.2,0.0,0,0,1,1,0.675,0.32
12,2,-0.3689391016960144,0.4372698962688446,-1.1274621486663818,2.731906528238604,-1.7319066474478932,0,0,0,0.12,0.01,0.0,0.01,0.1,0.9,-1.2,0.0,0,0,1,0,0.675,0.32
12,3,-0.3756963014602661,-0.40471524000167847,-1.2001125812530518,-1.7321841705206265,2.732184051311337,0,0,0,0.12,0.01,0.0,0.01,0.1,0.9,-1.2,0.0,0,0,1,0,0.675,0.32
12,4,-0.5247558951377869,-0.1502121090888977,1.5225666761398315,0.559097181308674,0.42968295956809593,0,0,0,0.12,0.01,0.0,0.01,0.1,0.9,-1.2,0.0,0,0,1,0,0.675,0.32
12,5,-0.5248655676841736,-0.03012876771390438,1.6909856796264648,2.4324136577722806,-1.4324155651209136,0,0,0,0.12,0.01,0.0,0.01,0.1,0.9,-1.2,0.0,0,0,1,0,0.675,0.32
12,6,-0.5303024649620056,-0.4010546803474426,-2.3713419437408447,-1.7317751212944126,2.7317746444572544,0,0,0,0.12,0.01,0.0,0.01,0.1,0.9,-1.2,0.0,0,0,1,1,0.675,0.32
12,7,-0.6854102611541748,-0.03671565279364586,2.7628281116485596,2.6302051939258297,-1.6302051939258293,0,0,0,0.12,0.01,0.0,0.01,0.1,0.9,-1.2,0.0,0,0,1,0,0.675,0.32
13,0,-0.2147800326347351,0.08326084166765213,0.41185009479522705,1.9857133352500524,-0.9857706153136813,0,0,0,0.12,0.01,0.0,0.01,0.1,0.9,-1.2,0.0,0,0,1,0,0.675,0.32
13,1,-0.5275751352310181,-0.29090607166290283,-1.9265261888504028,0.7570686711081366,0.24245776998912286,0,0,0,0.12,0.01,0.0,0.01,0.1,0.9,-1.2,0.0,0,0,1,1,0.675,0.32
13,2,-0.3685673177242279,0.4363374710083008,-1.2842329740524292,2.7128949988039257,-1.712895654455018,0,0,0,0.12,0.01,0.0,0.01,0.1,0.9,-1.2,0.0,0,0,1,0,0.675,0.32
13,3,-0.3752678632736206,-0.40563544631004333,-1.0429438352584839,-1.7277951459521823,2.7277950863475375,0,0,0,0.12,0.01,0.0,0.01,0.1,0.9,-1.2,0.0,0,0,1,0,0.675,0.32
13,4,-0.5247029066085815,-0.1492253988981247,1.5157514810562134,0.6254851985638994,0.36362908595148136,0,0,0,0.12,0.01,0.0,0.01,0.1,0.9,-1.2,0.0,0,0,1,0,0.675,0.32
13,5,-0.5249601602554321,-0.02913329005241394,1.6006571054458618,1.7426681827366286,-0.7426699708759719,0,0,0,0.12,0.01,0.0,0.01,0.1,0.9,-1.2,0.0,0,0,1,0,0.675,0.32
13,6,-0.530979335308075,-0.40180057287216187,-2.214463233947754,-1.7228353197033517,2.7228351408894174,0,0,0,0.12,0.01,0.0,0.01,0.1,0.9,-1.2,0.0,0,0,1,1,0.675,0.32
13,7,-0.6863458752632141,-0.03635971248149872,2.741419792175293,2.563690504310032,-1.5636905043100322,0,0,0,0.12,0.01,0.0,0.01,0.1,0.9,-1.2,0.0,0,0,1,0,0.675,0.32
14,0,-0.21386253833770752,0.08365708589553833,0.36940038204193115,1.6690592207376411,-0.6691176928941657,0,0,0,0.12,0.01,0.0,0.01,0.1,0.9,-1.2,0.0,0,0,1,0,0.675,0.32
14,1,-0.5279511213302612,-0.2918350100517273,-1.9877768754959106,0.09129629627064369,0.9082275222222457,0,0,0,0.12,0.01,0.0,0.01,0.1,0.9,-1.2,0.0,0,0,1,1,0.675,0.32
14,2,-0.3683469593524933,0.43535926938056946,-1.4409582614898682,2.4301835273467396,-1.4301885937415453,0,0,0,0.12,0.01,0.0,0.01,0.1,0.9,-1.2,0.0,0,0,1,0,0.675,0.32
14,3,-0.3747037649154663,-0.40647485852241516,-0.8859019875526428,-1.653190717205548,2.653190717205548,0,0,0,0.12,0.01,0.0,0.01,0.1,0.9,-1.2,0.0,0,0,1,0,0.675,0.32
14,4,-0.5246457457542419,-0.14823845028877258,1.5111044645309448,0.6940712636054642,0.2952876383720747,0,0,0,0.12,0.01,0.0,0.01,0.1,0.9,-1.2,0.0,0,0,1,0,0.675,0.32
14,5,-0.5249307155609131,-0.028131814673542976,1.468295693397522,-0.5183937955700239,1.518391888221391,0,0,0,0.12,0.01,0.0,0.01,0.1,0.9,-1.2,0.0,0,0,1,0,0.675,0.32
14,6,-0.5315300822257996,-0.4026418924331665,-2.057645559310913,-1.5876071178266622,2.5876070582220176,0,0,0,0.12,0.01,0.0,0.01,0.1,0.9,-1.2,0.0,0,0,1,1,0.675,0.32
14,7,-0.6872527003288269,-0.035926833748817444,2.6091415882110596,0.7284540236451966,0.27154597635480343,0,0,0,0.12,0.01,0.0,0.01,0.1,0.9,-1.2,0.0,0,0,1,0,0.675,0.32
15,0,-0.212917298078537,0.08398647606372833,0.27317100763320923,0.49478596782173784,0.5051548447660003,0,0,0,0.12,0.01,0.0,0.01,0.1,0.9,-1.2,0.0,0,0,1,0,0.675,0.32
15,1,-0.5283724069595337,-0.2927429676055908,-2.014272451400757,-0.12821313037817053,1.1277357567781645,0,0,0,0.12,0.01,0.0,0.01,0.1,0.9,-1.2,0.0,0,0,1,1,0.675,0.32
15,2,-0.3682842552661896,0.43435969948768616,-1.5965691804885864,0.8920859847976614,0.10786674871903178,0,0,0,0.12,0.01,0.0,0.01,0.1,0.9,-1.2,0.0,0,0,1,0,0.675,0.32
15,3,-0.3740164041519165,-0.4072129428386688,-0.7291973233222961,-0.43978546838702387,1.439785468387024,0,0,0,0.12,0.01,0.0,0.01,0.1,0.9,-1.2,0.0,0,0,1,0,0.675,0.32
15,4,-0.5245834589004517,-0.1472514122724533,1.502838134765625,0.7180525498976452,0.27146656936505015,0,0,0,0.12,0.01,0.0,0.01,0.1,0.9,-1.2,0.0,0,0,1,0,0.675,0.32
15,5,-0.5247752666473389,-0.02713184617459774,1.3704496622085571,-1.3776574095329994,2.3776549657425634,0,0,0,0.12,0.01,0.0,0.01,0.1,0.9,-1.2,0.0,0,0,1,0,0.675,0.32
15,6,-0.5319404602050781,-0.4035584032535553,-1.9013806581497192,0.16772134421751575,0.8322785961778394,0,0,0,0.12,0.01,0.0,0.01,0.1,0.9,-1.2,0.0,0,0,1,1,0.675,0.32
15,7,-0.688090443611145,-0.03536137193441391,2.4627270698547363,-1.5505181708202114,2.5505181708202116,0,0,0,0.12,0.01,0.0,0.01,0.1,0.9,-1.2,0.0,0,0,1,0,0.675,0.32
16,0,-0.21194307506084442,0.08421854674816132,0.1865837424993515,-0.5721873935567869,1.5721232589590086,0,0,0,0.12,0.01,0.0,0.01,0.1,0.9,-1.2,0.0,0,0,1,0,0.675,0.32
16,1,-0.5287997722625732,-0.2936461567878723,-1.9949235916137695,0.17772639733221704,0.8218061234388097,0,0,0,0.12,0.01,0.0,0.01,0.1,0.9,-1.2,0.0,0,0,1,1,0.675,0.32
16,2,-0.36837518215179443,0.4333629608154297,-1.7365261316299438,-0.5903470113900872,1.5899360373643607,0,0,0,0.12,0.01,0.0,0.01,0.1,0.9,-1.2,0.0,0,0,1,0,0.675,0.32
16,3,-0.3732239305973053,-0.407833069562912,-0.5768485069274902,2.366755952339793,-1.3667559523397927,0,0,0,0.12,0.01,0.0,0.01,0.1,0.9,-1.2,0.0,0,0,1,0,0.675,0.32
16,4,-0.5245112180709839,-0.14626474678516388,1.4897962808609009,0.6921827266932905,0.2974442173718035,0,0,0,0.12,0.01,0.0,0.01,0.1,0.9,-1.2,0.0,0,0,1,0,0.675,0.32
16,5,-0.5245723724365234,-0.026152044534683228,1.4104355573654175,-1.0920663175211647,2.0920638141260843,0,0,0,0.12,0.01,0.0,0.01,0.1,0.9,-1.2,0.0,0,0,1,0,0.675,0.32
16,6,-0.532203197479248,-0.4045259654521942,-1.7529361248016357,2.4594198389959665,-1.459419958205256,0,0,0,0.12,0.01,0.0,0.01,0.1,0.9,-1.2,0.0,0,0,1,1,0.675,0.32
16,7,-0.6888489127159119,-0.03470756486058235,2.42046856880188,-1.6552072521508876,2.6552072521508876,0,0,0,0.12,0.01,0.0,0.01,0.1,0.9,-1.2,0.0,0,0,1,0,0.675,0.32
17,0,-0.21095781028270721,0.08438582718372345,0.1705932766199112,-0.6738765810229226,1.6738089297511027,0,0,0,0.12,0.01,0.0,0.01,0.1,0.9,-1.2,0.0,0,0,1,0,0.675,0.32
17,1,-0.5291971564292908,-0.29456332325935364,-1.9539026021957397,0.7599754305389949,0.23956400437082576,0,0,0,0.12,0.01,0.0,0.01,0.1,0.9,-1.2,0.0,0,0,1,1,0.675,0.32
17,2,-0.3685769736766815,0.43238791823387146,-1.7867178916931152,-0.6427246420842502,1.6391015141469334,0,0,0,0.12,0.01,0.0,0.01,0.1,0.9,-1.2,0.0,0,0,1,0,0.675,0.32
17,3,-0.3723607659339905,-0.4083395302295685,-0.4941677153110504,2.6429345179550605,-1.6429345179550605,0,0,0,0.12,0.01,0.0,0.01,0.1,0.9,-1.2,0.0,0,0,1,0,0.675,0.32
17,4,-0.5244246125221252,-0.14527902007102966,1.4744493961334229,0.563033249816195,0.4226116867453895,0,0,0,0.12,0.01,0.0,0.01,0.1,0.9,-1.2,0.0,0,0,1,0,0.675,0.32
17,5,-0.5244515538215637,-0.02515874058008194,1.5304454565048218,0.7821552313100025,0.21784220569027218,0,0,0,0.12,0.01,0.0,0.01,0.1,0.9,-1.2,0.0,0,0,1,0,0.675,0.32
17,6,-0.5323464870452881,-0.4055117964744568,-1.7046869993209839,2.6142855884575678,-1.6142857076668573,0,0,0,0.12,0.01,0.0,0.01,0.1,0.9,-1.2,0.0,0,0,1,1,0.675,0.32
17,7,-0.6896165013313293,-0.03406713902950287,2.5328986644744873,-1.1118945935205897,2.11189459352059,0,0,0,0.12,0.01,0.0,0.01,0.1,0.9,-1.2,0.0,0,0,1,0,0.675,0.32
18,0,-0.20997421443462372,0.08457352221012115,0.2310560941696167,0.14138562425624657,0.8585461880301303,0,0,0,0.12,0.01,0.0,0.01,0.1,0.9,-1.2,0.0,0,0,1,0,0.675,0.32
18,1,-0.5295569896697998,-0.2954959273338318,-1.9269899129867554,1.145758095621098,-0.14621985280417296,0,0,0,0.12,0.01,0.0,0.01,0.1,0.9,-1.2,0.0,0,0,1,1,0.675,0.32
18,2,-0.3687811493873596,0.4314132332801819,-1.7306643724441528,0.07747353557672623,0.905577764472102,0,0,0,0.12,0.01,0.0,0.01,0.1,0.9,-1.2,0.0,0,0,1,0,0.675,0.32
18,3,-0.37148892879486084,-0.4088263511657715,-0.58651202917099,2.183803116282253,-1.1838031162822524,0,0,0,0.12,0.01,0.0,0.01,0.1,0.9,-1.2,0.0,0,0,1,0,0.675,0.32
18,4,-0.5243224501609802,-0.14429469406604767,1.4602230787277222,0.5402328329154789,0.445444409363574,0,0,0,0.12,0.01,0.0,0.01,0.1,0.9,-1.2,0.0,0,0,1,0,0.675,0.32
18,5,-0.524461030960083,-0.024157043546438217,1.646357536315918,2.2586205642275687,-1.258623723273742,0,0,0,0.12,0.01,0.0,0.01,0.1,0.9,-1.2,0.0,0,0,1,0,0.675,0.32
18,6,-0.5325055122375488,-0.4065009653568268,-1.8107681274414062,2.0735593925339355,-1.0735595117432248,0,0,0,0.12,0.01,0.0,0.01,0.1,0.9,-1.2,0.0,0,0,1,1,0.675,0.32
18,7,-0.6904739737510681,-0.03354192525148392,2.6832339763641357,1.9833319954577093,-0.9833319954577091,0,0,0,0.12,0.01,0.0,0.01,0.1,0.9,-1.2,0.0,0,0,1,0,0.675,0.32
19,0,-0.2090049386024475,0.08484051376581192,0.31226763129234314,1.3531221277215846,-0.35319526262072404,0,0,0,0.12,0.01,0.0,0.01,0.1,0.9,-1.2,0.0,0,0,1,0,0.675,0.32
19,1,-0.5299047231674194,-0.29643282294273376,-1.937093734741211,1.1003776573333013,-0.10083911649315233,0,0,0,0.12,0.01,0.0,0.01,0.1,0.9,-1.2,0.0,0,0,1,1,0.675,0.32
19,2,-0.3689073622226715,0.43042442202568054,-1.6511396169662476,0.776315391049977,0.1555081010001938,0,0,0,0.12,0.01,0.0,0.01,0.1,0.9,-1.2,0.0,0,0,1,0,0.675,0.32
19,3,-0.3706837594509125,-0.4094317853450775,-0.7337174415588379,-0.9019339455267863,1.901933945526786,0,0,0,0.12,0.01,0.0,0.01,0.1,0.9,-1.2,0.0,0,0,1,0,0.675,0.32
19,4,-0.5242089629173279,-0.14331482350826263,1.4535017013549805,0.5879520742023951,0.3978018196498387,0,0,0,0.12,0.01,0.0,0.01,0.1,0.9,-1.2,0.0,0,0,1,0,0.675,0.32
19,5,-0.5245546102523804,-0.023163052275776863,1.652611494064331,2.300146062479977,-1.300149519549374,0,0,0,0.12,0.01,0.0,0.01,0.1,0.9,-1.2,0.0,0,0,1,0,0.675,0.32
19,6,-0.5328059792518616,-0.40747201442718506,-1.9579346179962158,-0.6959509470117385,1.695950827802449,0,0,0,0.12,0.01,0.0,0.01,0.1,0.9,-1.2,0.0,0,0,1,1,0.675,0.32
19,7,-0.6913977861404419,-0.033149369060993195,2.8041350841522217,2.647964493401594,-1.6479644934015936,0,0,0,0.12,0.01,0.0,0.01,0.1,0.9,-1.2,0.0,0,0,1,0,0.675,0.32
20,0,-0.20805789530277252,0.08517259359359741,0.34899184107780457,1.7965069992039433,-0.7965870482418768,0,0,0,0.12,0.01,0.0,0.01,0.1,0.9,-1.2,0.0,0,0,1,0,0.675,0.32
20,1,-0.5302778482437134,-0.29736053943634033,-1.9770501852035522,0.7058434362005008,0.2936965351511228,0,0,0,0.12,0.01,0.0,0.01,0.1,0.9,-1.2,0.0,0,0,1,1,0.675,0.32
20,2,-0.36896300315856934,0.42944058775901794,-1.611875295639038,1.0767768110601506,-0.2968268479673466,0,0,0,0.12,0.01,0.0,0.01,0.1,0.9,-1.2,0.0,0,0,1,0,0.675,0.32
20,3,-0.36997607350349426,-0.4101479947566986,-0.858649730682373,-1.6526387864469645,2.6526387864469645,0,0,0,0.12,0.01,0.0,0.01,0.1,0.9,-1.2,0.0,0,0,1,0,0.675,0.32
20,4,-0.5240911841392517,-0.14233623445034027,1.4498462677001953,0.6650581237491522,0.3207836273494807,0,0,0,0.12,0.01,0.0,0.01,0.1,0.9,-1.2,0.0,0,0,1,0,0.675,0.32
20,5,-0.5246018767356873,-0.022165007889270782,1.5496459007263184,1.2167555894428435,-0.21675898690759562,0,0,0,0.12,0.01,0.0,0.01,0.1,0.9,-1.2,0.0,0,0,1,0,0.675,0.32
20,6,-0.5332399606704712,-0.40838655829429626,-2.0764241218566895,-1.567075178580205,2.567074999766271,0,0,0,0.12,0.01,0.0,0.01,0.1,0.9,-1.2,0.0,0,0,1,1,0.675,0.32
20,7,-0.6923421621322632,-0.032817404717206955,2.7427444458007812,2.4383212046791947,-1.4383212046791944,0,0,0,0.12,0.01,0.0,0.01,0.1,0.9,-1.2,0.0,0,0,1,0,0.675,0.32
21,0,-0.2071155607700348,0.08550609648227692,0.3060583174228668,1.4208614052485666,-0.4209428251933298,0,0,0,0.12,0.01,0.0,0.01,0.1,0.9,-1.2,0.0,0,0,1,0,0.675,0.32
21,1,-0.5306932926177979,-0.29827091097831726,-2.0198915004730225,0.2689976354326795,0.7305389384541918,0,0,0,0.12,0.01,0.0,0.01,0.1,0.9,-1.2,0.0,0,0,1,1,0.675,0.32
21,2,-0.3689994215965271,0.42850008606910706,-1.623540997505188,1.3942902352624214,-0.9108258750252998,0,0,0,0.12,0.01,0.0,0.01,0.1,0.9,-1.2,0.0,0,0,1,0,0.675,0.32
21,3,-0.3693249225616455,-0.41090595722198486,-0.8029391169548035,-1.531552644765313,2.531552644765313,0,0,0,0.12,0.01,0.0,0.01,0.1,0.9,-1.2,0.0,0,0,1,0,0.675,0.32
21,4,-0.5239693522453308,-0.14135806262493134,1.443832278251648,0.7201381806297518,0.2657349225120328,0,0,0,0.12,0.01,0.0,0.01,0.1,0.9,-1.2,0.0,0,0,1,0,0.675,0.32
21,5,-0.5245200395584106,-0.0211664866656065,1.423205852508545,-0.8257239605046244,1.8257200862027139,0,0,0,0.12,0.01,0.0,0.01,0.1,0.9,-1.2,0.0,0,0,1,0,0.675,0.32
21,6,-0.5337279438972473,-0.4092584252357483,-2.0308704376220703,-1.3522798284754185,2.352279649661484,0,0,0,0.12,0.01,0.0,0.01,0.1,0.9,-1.2,0.0,0,0,1,1,0.675,0.32
21,7,-0.6932482123374939,-0.032374534755945206,2.600590944290161,-0.19210161385433105,1.1921016138543312,0,0,0,0.12,0.01,0.0,0.01,0.1,0.9,-1.2,0.0,0,0,1,0,0.675,0.32
22,0,-0.20615170896053314,0.08577554672956467,0.2211931347846985,0.35606682897195935,0.6438500225485789,0,0,0,0.12,0.01,0.0,0.01,0.1,0.9,-1.2,0.0,0,0,1,0,0.675,0.32
22,1,-0.5311399102210999,-0.29916590452194214,-2.039923906326294,0.12285516273755195,0.8766795634053314,0,0,0,0.12,0.01,0.0,0.01,0.1,0.9,-1.2,0.0,0,0,1,1,0.675,0.32
22,2,-0.36905303597450256,0.42769184708595276,-1.6664948463439941,2.9278741915654796,-2.787049963040318,0,0,0,0.12,0.01,0.0,0.01,0.1,0.9,-1.2,0.0,0,0,1,0,0.675,0.32
22,3,-0.36859098076820374,-0.4115909934043884,-0.6618233919143677,0.23808652540539538,0.7619134745946046,0,0,0,0.12,0.01,0.0,0.01,0.1,0.9,-1.2,0.0,0,0,1,0,0.675,0.32
22,4,-0.5238397121429443,-0.14038079977035522,1.4328217506408691,0.7272245107671234,0.25859548463616633,0,0,0,0.12,0.01,0.0,0.01,0.1,0.9,-1.2,0.0,0,0,1,0,0.675,0.32
22,5,-0.5243297815322876,-0.020180154591798782,1.3571821451187134,-1.3174850466259194,2.3174803974636267,0,0,0,0.12,0.01,0.0,0.01,0.1,0.9,-1.2,0.0,0,0,1,0,0.675,0.32
22,6,-0.5341295003890991,-0.41017594933509827,-1.8975772857666016,0.8675580458709475,0.13244177531511817,0,0,0,0.12,0.01,0.0,0.01,0.1,0.9,-1.2,0.0,0,0,1,1,0.675,0.32
22,7,-0.6940796971321106,-0.03180018439888954,2.4610683917999268,-1.6153750022353106,2.615375002235311,0,0,0,0.12,0.01,0.0,0.01,0.1,0.9,-1.2,0.0,0,0,1,0,0.675,0.32
23,0,-0.20516839623451233,0.0859624594449997,0.15124952793121338,-0.4808272613455915,1.4807380927970075,0,0,0,0.12,0.01,0.0,0.01,0.1,0.9,-1.2,0.0,0,0,1,0,0.675,0.32
23,1,-0.5315916538238525,-0.3000573217868805,-2.0298478603363037,0.3399411152584872,0.6595974851863066,0,0,0,0.12,0.01,0.0,0.01,0.1,0.9,-1.2,0.0,0,0,1,1,0.675,0.32
23,2,-0.3691161572933197,0.42714977264404297,-1.7409979104995728,5.3143222535803964,-5.3950204531505745,0,0,0,0.12,0.01,0.0,0.01,0.1,0.9,-1.2,0.0,0,0,1,0,0.675,0.32
23,3,-0.3677601218223572,-0.4121589660644531,-0.5171114206314087,2.451150787430301,-1.451150847034946,0,0,0,0.12,0.01,0.0,0.01,0.1,0.9,-1.2,0.0,0,0,1,0,0.675,0.32
23,4,-0.523697555065155,-0.13940519094467163,1.4176387786865234,0.6961297206989835,0.28958972166857017,0,0,0,0.12,0.01,0.0,0.01,0.1,0.9,-1.2,0.0,0,0,1,0,0.675,0.32
23,5,-0.5241284370422363,-0.019201520830392838,1.4217883348464966,-0.7554350554668332,1.755430406304541,0,0,0,0.12,0.01,0.0,0.01,0.1,0.9,-1.2,0.0,0,0,1,0,0.675,0.32
23,6,-0.5343963503837585,-0.41114333271980286,-1.7642701864242554,2.496364047740818,-1.4963642265547528,0,0,0,0.12,0.01,0.0,0.01,0.1,0.9,-1.2,0.0,0,0,1,1,0.675,0.32
23,7,-0.6948450803756714,-0.031157972291111946,2.4732112884521484,-1.5926381468156203,2.5926381468156205,0,0,0,0.12,0.01,0.0,0.01,0.1,0.9,-1.2,0.0,0,0,1,0,0.675,0.32
24,0,-0.20417778193950653,0.08610076457262039,0.1465071141719818,-0.4817628332368602,1.4816695519677867,0,0,0,0.12,0.01,0.0,0.01,0.1,0.9,-1.2,0.0,0,0,1,0,0.675,0.32
24,1,-0.5320263504981995,-0.3009573221206665,-2.00542950630188,0.7324515696881371,0.26708953415173725,0,0,0,0.12,0.01,0.0,0.01,0.1,0.9,-1.2,0.0,0,0,1,1,0.675,0.32
24,2,-0.3691537380218506,0.42693036794662476,-1.9185811281204224,5.557120891375264,-5.680790843529423,0,0,0,0.12,0.01,0.0,0.01,0.1,0.9,-1.2,0.0,0,0,1,0,0.675,0.32
24,3,-0.36687609553337097,-0.4126208424568176,-0.47345662117004395,2.5846554033361855,-1.5846554629408303,0,0,0,0.12,0.01,0.0,0.01,0.1,0.9,-1.2,0.0,0,0,1,0,0.675,0.32
24,4,-0.5235400795936584,-0.13843199610710144,1.4012839794158936,0.6587615597012931,0.3268868339296883,0,0,0,0.12,0.01,0.0,0.01,0.1,0.9,-1.2,0.0,0,0,1,0,0.675,0.32
24,5,-0.524025559425354,-0.01820540800690651,1.542702317237854,1.2738108057139743,-0.27381575289949067,0,0,0,0.12,0.01,0.0,0.01,0.1,0.9,-1.2,0.0,0,0,1,0,0.675,0.32
24,6,-0.5345672965049744,-0.4121321439743042,-1.7594619989395142,2.5223439457091,-1.5223441841276792,0,0,0,0.12,0.01,0.0,0.01,0.1,0.9,-1.2,0.0,0,0,1,1,0.675,0.32
24,7,-0.6956548094749451,-0.030569402500987053,2.602202892303467,-0.38230014351584096,1.382300143515841,0,0,0,0.12,0.01,0.0,0.01,0.1,0.9,-1.2,0.0,0,0,1,0,0.675,0.32
25,0,-0.20318986475467682,0.08626323193311691,0.20371387898921967,0.3010705648301629,0.698833948528907,0,0,0,0.12,0.01,0.0,0.01,0.1,0.9,-1.2,0.0,0,0,1,0,0.675,0.32
25,1,-0.5324399471282959,-0.30186727643013,-1.991151213645935,0.9856443721297771,0.013894466733595841,0,0,0,0.12,0.01,0.0,0.01,0.1,0.9,-1.2,0.0,0,0,1,1,0.675,0.32
25,2,-0.3691205680370331,0.4269351363182068,-2.264953374862671,4.624357359111887,-4.642767497897726,0,0,0,0.12,0.01,0.0,0.01,0.1,0.9,-1.2,0.0,0,0,1,0,0.675,0.32
25,3,-0.36599764227867126,-0.4130988121032715,-0.5798701047897339,1.6629335604709083,-0.6629336200755532,0,0,0,0.12,0.01,0.0,0.01,0.1,0.9,-1.2,0.0,0,0,1,0,0.675,0.32
25,4,-0.5233671069145203,-0.13746152818202972,1.3865715265274048,0.6455096212007153,0.3401378783605945,0,0,0,0.12,0.01,0.0,0.01,0.1,0.9,-1.2,0.0,0,0,1,0,0.675,0.32
25,5,-0.5240419507026672,-0.017204370349645615,1.6387690305709839,2.27736989651498,-1.277375916584102,0,0,0,0.12,0.01,0.0,0.01,0.1,0.9,-1.2,0.0,0,0,1,0,0.675,0.32
25,6,-0.5347912311553955,-0.4131130576133728,-1.877342700958252,1.501517108800481,-0.5015173472190602,0,0,0,0.12,0.01,0.0,0.01,0.1,0.9,-1.2,0.0,0,0,1,1,0.675,0.32
25,7,-0.6965463161468506,-0.030104491859674454,2.7498629093170166,2.3538340287617845,-1.3538340287617843,0,0,0,0.12,0.01,0.0,0.01,0.1,0.9,-1.2,0.0,0,0,1,0,0.675,0.32
26,0,-0.2022128403186798,0.0864967554807663,0.272799015045166,1.5318766554366086,-0.5320082028876277,0,0,0,0.12,0.01,0.0,0.01,0.1,0.9,-1.2,0.0,0,0,1,0,0.675,0.32
26,1,-0.5328487753868103,-0.30277931690216064,-2.0019779205322266,0.9368327057521181,0.06270321248366086,0,0,0,0.12,0.01,0.0,0.01,0.1,0.9,-1.2,0.0,0,0,1,1,0.675,0.32
26,2,-0.3690403997898102,0.42699652910232544,-2.689119815826416,3.320808996776084,-3.19756299010847,0,0,0,0.12,0.01,0.0,0.01,0.1,0.9,-1.2,0.0,0,0,1,0,0.675,0.32
26,3,-0.3651878237724304,-0.41369959712028503,-0.7249230742454529,-1.25508309916704,2.2550830395623955,0,0,0,0.12,0.01,0.0,0.01,0.1,0.9,-1.2,0.0,0,0,1,0,0.675,0.32
26,4,-0.5231806039810181,-0.13649365305900574,1.3743902444839478,0.6647772971037103,0.32093070117204664,0,0,0,0.12,0.01,0.0,0.01,0.1,0.9,-1.2,0.0,0,0,1,0,0.675,0.32
26,5,-0.5241177082061768,-0.016209013760089874,1.61268949508667,2.1119673874037432,-1.1119736458914447,0,0,0,0.12,0.01,0.0,0.01,0.1,0.9,-1.2,0.0,0,0,1,0,0.675,0.32
26,6,-0.5351556539535522,-0.41406017541885376,-2.0196969509124756,-1.0815901710396372,2.0815898134117683,0,0,0,0.12,0.01,0.0,0.01,0.1,0.9,-1.2,0.0,0,0,1,1,0.675,0.32
26,7,-0.6974871754646301,-0.029761724174022675,2.8286733627319336,2.634819354044556,-1.634819354044556,0,0,0,0.12,0.01,0.0,0.01,0.1,0.9,-1.2,0.0,0,0,1,0,0.675,0.32
27,0,-0.20125238597393036,0.08678512275218964,0.29784512519836426,1.7922993530383735,-0.7924422849765449,0,0,0,0.12,0.01,0.0,0.01,0.1,0.9,-1.2,0.0,0,0,1,0,0.675,0.32
27,1,-0.5332772135734558,-0.3036825656890869,-2.0325427055358887,0.653257397576539,0.346275003985198,0,0,0,0.12,0.01,0.0,0.01,0.1,0.9,-1.2,0.0,0,0,1,1,0.675,0.32
27,2,-0.36837053298950195,0.4276587665081024,-2.9511594772338867,-0.3387293022005018,0.5780348133174832,0,0,0,0.12,0.01,0.0,0.01,0.1,0.9,-1.2,0.0,0,0,1,0,0.675,0.32
27,3,-0.364468514919281,-0.4144017994403839,-0.8196046948432922,-1.6500489214704168,2.650048861865772,0,0,0,0.12,0.01,0.0,0.01,0.1,0.9,-1.2,0.0,0,0,1,0,0.675,0.32
27,4,-0.5229828357696533,-0.1355280727148056,1.363478183746338,0.6972063702501563,0.2886266189656947,0,0,0,0.12,0.01,0.0,0.01,0.1,0.9,-1.2,0.0,0,0,1,0,0.675,0.32
27,5,-0.5241228938102722,-0.015208959579467773,1.501800775527954,0.6764919080855444,0.32350195263604375,0,0,0,0.12,0.01,0.0,0.01,0.1,0.9,-1.2,0.0,0,0,1,0,0.675,0.32
27,6,-0.5356347560882568,-0.4149470925331116,-2.104501724243164,-1.5308966039414338,2.5308960674996306,0,0,0,0.12,0.01,0.0,0.01,0.1,0.9,-1.2,0.0,0,0,1,1,0.675,0.32
27,7,-0.6984348893165588,-0.029439182952046394,2.736325740814209,2.1662012834180517,-1.1662012834180515,0,0,0,0.12,0.01,0.0,0.01,0.1,0.9,-1.2,0.0,0,0,1,0,0.675,0.32
28,0,-0.20029208064079285,0.08706318587064743,0.24264515936374664,1.2721731233490898,-0.2723159360779716,0,0,0,0.12,0.01,0.0,0.01,0.1,0.9,-1.2,0.0,0,0,1,0,0.675,0.32
28,1,-0.5337368249893188,-0.304570734500885,-2.063931941986084,0.3634923190922299,0.636034539237543,0,0,0,0.12,0.01,0.0,0.01,0.1,0.9,-1.2,0.0,0,0,1,1,0.675,0.32
28,2,-0.3687286972999573,0.4276527166366577,3.059196949005127,-1.0481823128633145,1.2693751794271115,0,0,0,0.12,0.01,0.0,0.01,0.1,0.9,-1.2,0.0,0,0,1,0,0.675,0.32
28,3,-0.3637785315513611,-0.4151245951652527,-0.736822247505188,-1.4238484315891187,2.423848371984474,0,0,0,0.12,0.01,0.0,0.01,0.1,0.9,-1.2,0.0,0,0,1,0,0.675,0.32
28,4,-0.5227739810943604,-0.13456474244594574,1.3516730070114136,0.7171005035844025,0.26871925340030833,0,0,0,0.12,0.01,0.0,0.01,0.1,0.9,-1.2,0.0,0,0,1,0,0.675,0.32
28,5,-0.5239987373352051,-0.014208055101335049,1.3854703903198242,-0.9788642472136129,1.9788571542608848,0,0,0,0.12,0.01,0.0,0.01,0.1,0.9,-1.2,0.0,0,0,1,0,0.675,0.32
28,6,-0.536133885383606,-0.41581231355667114,-2.0293164253234863,-1.0338626682969367,2.033862131855134,0,0,0,0.12,0.01,0.0,0.01,0.1,0.9,-1.2,0.0,0,0,1,1,0.675,0.32
28,7,-0.6993385553359985,-0.028986340388655663,2.5896921157836914,-0.8744412280136157,1.8744412280136156,0,0,0,0.12,0.01,0.0,0.01,0.1,0.9,-1.2,0.0,0,0,1,0,0.675,0.32
29,0,-0.19931161403656006,0.08726506680250168,0.15549913048744202,0.17919884579467013,0.820654884407051,0,0,0,0.12,0.01,0.0,0.01,0.1,0.9,-1.2,0.0,0,0,1,0,0.675,0.32
29,1,-0.5342192649841309,-0.3054465055465698,-2.078706979751587,0.2869567203616626,0.7125671577358716,0,0,0,0.12,0.01,0.0,0.01,0.1,0.9,-1.2,0.0,0,0,1,1,0.675,0.32
29,2,-0.3689378499984741,0.42767205834388733,3.037081003189087,-1.1624907754853084,1.3801887833073452,0,0,0,0.12,0.01,0.0,0.01,0.1,0.9,-1.2,0.0,0,0,1,0,0.675,0.32
29,3,-0.3629961907863617,-0.41575562953948975,-0.5909101366996765,0.7719385276655312,0.228061412729824,0,0,0,0.12,0.01,0.0,0.01,0.1,0.9,-1.2,0.0,0,0,1,0,0.675,0.32
29,4,-0.5225527286529541,-0.13360407948493958,1.3377792835235596,0.7107831830844173,0.2749323849812259,0,0,0,0.12,0.01,0.0,0.01,0.1,0.9,-1.2,0.0,0,0,1,0,0.675,0.32
29,5,-0.5237854719161987,-0.013231475837528706,1.3522917032241821,-1.202122551568624,2.202114445336935,0,0,0,0.12,0.01,0.0,0.01,0.1,0.9,-1.2,0.0,0,0,1,0,0.675,0.32
29,6,-0.5365293025970459,-0.41673386096954346,-1.8926680088043213,1.5216209612776586,-0.5216215573241063,0,0,0,0.12,0.01,0.0,0.01,0.1,0.9,-1.2,0.0,0,0,1,1,0.675,0.32
29,7,-0.7001648545265198,-0.02840663120150566,2.465789318084717,-1.6439790058271915,2.6439789462225467,0,0,0,0.12,0.01,0.0,0.01,0.1,0.9,-1.2,0.0,0,0,1,0,0.675,0.32
30,0,-0.1983184516429901,0.08738670498132706,0.0939754843711853,-0.5110603621359678,1.510904317175946,0,0,0,0.12,0.01,0.0,0.01,0.1,0.9,-1.2,0.0,0,0,1,0,0.675,0.32
30,1,-0.534705638885498,-0.30631959438323975,-2.073202133178711,0.45964054179305336,0.5398841707695078,0,0,0,0.12,0.01,0.0,0.01,0.1,0.9,-1.2,0.0,0,0,1,1,0.675,0.32
30,2,-0.36915692687034607,0.4276910424232483,3.111163854598999,-1.0062163564726876,1.2289451751277016,0,0,0,0.12,0.01,0.0,0.01,0.1,0.9,-1.2,0.0,0,0,1,0,0.675,0.32
30,3,-0.3621279299259186,-0.41626298427581787,-0.45238223671913147,2.484485668462738,-1.4844857280673827,0,0,0,0.12,0.01,0.0,0.01,0.1,0.9,-1.2,0.0,0,0,1,0,0.675,0.32
30,4,-0.5223172903060913,-0.13264676928520203,1.322311282157898,0.6877999356519624,0.297755057500656,0,0,0,0.12,0.01,0.0,0.01,0.1,0.9,-1.2,0.0,0,0,1,0,0.675,0.32
30,5,-0.523591935634613,-0.012252457439899445,1.4330445528030396,-0.32999218558266924,1.32998407935098,0,0,0,0.12,0.01,0.0,0.01,0.1,0.9,-1.2,0.0,0,0,1,0,0.675,0.32
30,6,-0.5367960333824158,-0.41770052909851074,-1.7778866291046143,2.5161239224696783,-1.51612481653935,0,0,0,0.12,0.01,0.0,0.01,0.1,0.9,-1.2,0.0,0,0,1,1,0.675,0.32
30,7,-0.7009434700012207,-0.027780476957559586,2.520155429840088,-1.50833578218382,2.5083357225791754,0,0,0,0.12,0.01,0.0,0.01,0.1,0.9,-1.2,0.0,0,0,1,0,0.675,0.32
31,0,-0.19732314348220825,0.08747290819883347,0.10123223066329956,-0.39955949153852616,1.3993988570208562,0,0,0,0.12,0.01,0.0,0.01,0.1,0.9,-1.2,0.0,0,0,1,0,0.675,0.32
31,1,-0.5351819396018982,-0.30719828605651855,-2.059326410293579,0.7308140357445035,0.2687104980041232,0,0,0,0.12,0.01,0.0,0.01,0.1,0.9,-1.2,0.0,0,0,1,1,0.675,0.32
31,2,-0.3693751394748688,0.42768675088882446,-3.0838255882263184,-0.7001749840140836,0.9277118858457105,0,0,0,0.12,0.01,0.0,0.01,0.1,0.9,-1.2,0.0,0,0,1,0,0.675,0.32
31,3,-0.3612183928489685,-0.4166770577430725,-0.44118964672088623,2.4930767101376987,-1.4930767697423433,0,0,0,0.12,0.01,0.0,0.01,0.1,0.9,-1.2,0.0,0,0,1,0,0.675,0.32
31,4,-0.5220673084259033,-0.13169319927692413,1.3069132566452026,0.6693703603662327,0.31605523110257844,0,0,0,0.12,0.01,0.0,0.01,0.1,0.9,-1.2,0.0,0,0,1,0,0.675,0.32
31,5,-0.523506224155426,-0.011254413053393364,1.5495905876159668,1.5829354852663435,-0.5829444259630598,0,0,0,0.12,0.01,0.0,0.01,0.1,0.9,-1.2,0.0,0,0,1,0,0.675,0.32
31,6,-0.5369949340820312,-0.41868293285369873,-1.814280390739441,2.391578766551131,-1.391579839434737,0,0,0,0.12,0.01,0.0,0.01,0.1,0.9,-1.2,0.0,0,0,1,1,0.675,0.32
31,7,-0.7017886638641357,-0.02724076621234417,2.660350799560547,0.410467139155809,0.589532860844191,0,0,0,0.12,0.01,0.0,0.01,0.1,0.9,-1.2,0.0,0,0,1,0,0.675,0.32
32,0,-0.19632916152477264,0.08759298920631409,0.16262000799179077,0.4013178287331071,0.5985189737494978,0,0,0,0.12,0.01,0.0,0.01,0.1,0.9,-1.2,0.0,0,0,1,0,0.675,0.32
32,1,-0.5356476306915283,-0.3080826699733734,-2.054072856903076,0.8851892852519211,0.1143315530087295,0,0,0,0.12,0.01,0.0,0.01,0.1,0.9,-1.2,0.0,0,0,1,1,0.675,0.32
32,2,-0.36959290504455566,0.4276632070541382,-3.0030057430267334,-0.3142098030407736,0.5428987732489416,0,0,0,0.12,0.01,0.0,0.01,0.1,0.9,-1.2,0.0,0,0,1,0,0.675,0.32
32,3,-0.3603270351886749,-0.4171345829963684,-0.5569700002670288,0.9739667613263319,0.02603317906902337,0,0,0,0.12,0.01,0.0,0.01,0.1,0.9,-1.2,0.0,0,0,1,0,0.675,0.32
32,4,-0.5218036770820618,-0.1307433843612671,1.292889952659607,0.6728966278224222,0.3124686437458762,0,0,0,0.12,0.01,0.0,0.01,0.1,0.9,-1.2,0.0,0,0,1,0,0.675,0.32
32,5,-0.523524820804596,-0.010254140011966228,1.62006413936615,2.230271810637298,-1.2302824202640679,0,0,0,0.12,0.01,0.0,0.01,0.1,0.9,-1.2,0.0,0,0,1,0,0.675,0.32
32,6,-0.5372811555862427,-0.41964980959892273,-1.9424586296081543,1.0205509306062053,-0.02055212269910069,0,0,0,0.12,0.01,0.0,0.01,0.1,0.9,-1.2,0.0,0,0,1,1,0.675,0.32
32,7,-0.7027062773704529,-0.02683083526790142,2.803581476211548,2.485078012586589,-1.4850780721912333,0,0,0,0.12,0.01,0.0,0.01,0.1,0.9,-1.2,0.0,0,0,1,0,0.675,0.32
33,0,-0.1953420490026474,0.08778338134288788,0.22752498090267181,1.2705677168315694,-0.27074098753393155,0,0,0,0.12,0.01,0.0,0.01,0.1,0.9,-1.2,0.0,0,0,1,0,0.675,0.32
33,1,-0.5361146330833435,-0.30896636843681335,-2.0664877891540527,0.8239239748904235,0.17559155855684222,0,0,0,0.12,0.01,0.0,0.01,0.1,0.9,-1.2,0.0,0,0,1,1,0.675,0.32
33,2,-0.3698088228702545,0.42762425541877747,-2.941378116607666,0.11264587608558216,0.11276971133964976,0,0,0,0.12,0.01,0.0,0.01,0.1,0.9,-1.2,0.0,0,0,1,0,0.675,0.32
33,3,-0.3595026731491089,-0.41771605610847473,-0.697310745716095,-1.4178494052553712,2.4178492860460814,0,0,0,0.12,0.01,0.0,0.01,0.1,0.9,-1.2,0.0,0,0,1,0,0.675,0.32
33,4,-0.5215276479721069,-0.12979725003242493,1.2802199125289917,0.6970723792820858,0.28829283268156775,0,0,0,0.12,0.01,0.0,0.01,0.1,0.9,-1.2,0.0,0,0,1,0,0.675,0.32
33,5,-0.5235708951950073,-0.009256836958229542,1.5706959962844849,1.8478453210095331,-0.8478560498455925,0,0,0,0.12,0.01,0.0,0.01,0.1,0.9,-1.2,0.0,0,0,1,0,0.675,0.32
33,6,-0.537703812122345,-0.42057016491889954,-2.077598810195923,-1.032920875509868,2.0329192065798143,0,0,0,0.12,0.01,0.0,0.01,0.1,0.9,-1.2,0.0,0,0,1,1,0.675,0.32
33,7,-0.7036561965942383,-0.026530791074037552,2.8366410732269287,2.582237276495255,-1.5822373360998996,0,0,0,0.12,0.01,0.0,0.01,0.1,0.9,-1.2,0.0,0,0,1,0,0.675,0.32
34,0,-0.19436860084533691,0.08802436292171478,0.24578028917312622,1.5010185076188811,-0.5012017919015654,0,0,0,0.12,0.01,0.0,0.01,0.1,0.9,-1.2,0.0,0,0,1,0,0.675,0.32
34,1,-0.5365983247756958,-0.3098411560058594,-2.0913853645324707,0.6143449065169199,0.385163951210131,0,0,0,0.12,0.01,0.0,0.01,0.1,0.9,-1.2,0.0,0,0,1,1,0.675,0.32
34,2,-0.3700278103351593,0.4275745749473572,-2.9058032035827637,0.5444647783648232,-0.32578427738063126,0,0,0,0.12,0.01,0.0,0.01,0.1,0.9,-1.2,0.0,0,0,1,0,0.675,0.32
34,3,-0.3587585687637329,-0.41838663816452026,-0.7531854510307312,-1.6256963178996318,2.625696198690342,0,0,0,0.12,0.01,0.0,0.01,0.1,0.9,-1.2,0.0,0,0,1,0,0.675,0.32
34,4,-0.5212399363517761,-0.12885470688343048,1.2676067352294922,0.7228384592012772,0.2625206730886093,0,0,0,0.12,0.01,0.0,0.01,0.1,0.9,-1.2,0.0,0,0,1,0,0.675,0.32
34,5,-0.5235314965248108,-0.00825686939060688,1.4581423997879028,0.2054335528826165,0.7945554202581001,0,0,0,0.12,0.01,0.0,0.01,0.1,0.9,-1.2,0.0,0,0,1,0,0.675,0.32
34,6,-0.5382213592529297,-0.42143380641937256,-2.1335227489471436,-1.330710638755423,2.3307081949649873,0,0,0,0.12,0.01,0.0,0.01,0.1,0.9,-1.2,0.0,0,0,1,1,0.675,0.32
34,7,-0.7046037316322327,-0.026205789297819138,2.725872039794922,1.6196772364459673,-0.619677296050612,0,0,0,0.12,0.01,0.0,0.01,0.1,0.9,-1.2,0.0,0,0,1,0,0.675,0.32
35,0,-0.19339627027511597,0.08825651556253433,0.20386327803134918,1.0682240053844394,-0.06840997187613851,0,0,0,0.12,0.01,0.0,0.01,0.1,0.9,-1.2,0.0,0,0,1,0,0.675,0.32
35,1,-0.5371053814888,-0.3107028305530548,-2.1150155067443848,0.4266691152077272,0.5728325303573059,0,0,0,0.12,0.01,0.0,0.01,0.1,0.9,-1.2,0.0,0,0,1,1,0.675,0.32
35,2,-0.37024667859077454,0.427520215511322,-2.899806261062622,0.9312484804671401,-0.7204301003497237,0,0,0,0.12,0.01,0.0,0.01,0.1,0.9,-1.2,0.0,0,0,1,0,0.675,0.32
35,3,-0.35801398754119873,-0.41905343532562256,-0.6517013907432556,-1.2534304815407107,2.253430362331421,0,0,0,0.12,0.01,0.0,0.01,0.1,0.9,-1.2,0.0,0,0,1,0,0.675,0.32
35,4,-0.5209396481513977,-0.12791608273983002,1.2535855770111084,0.7321484117660522,0.2531225652542116,0,0,0,0.12,0.01,0.0,0.01,0.1,0.9,-1.2,0.0,0,0,1,0,0.675,0.32
35,5,-0.5233719944953918,-0.007254053372889757,1.357391595840454,-1.0344889683816396,2.034475974569079,0,0,0,0.12,0.01,0.0,0.01,0.1,0.9,-1.2,0.0,0,0,1,0,0.675,0.32
35,6,-0.5387398600578308,-0.4222874939441681,-2.0544142723083496,-0.37895398155675203,1.3789509417198684,0,0,0,0.12,0.01,0.0,0.01,0.1,0.9,-1.2,0.0,0,0,1,1,0.675,0.32
35,7,-0.7055042386054993,-0.025745293125510216,2.5803792476654053,-1.2545038363932983,2.2545037767886535,0,0,0,0.12,0.01,0.0,0.01,0.1,0.9,-1.2,0.0,0,0,1,0,0.675,0.32
36,0,-0.1924108862876892,0.08842900395393372,0.1367938071489334,0.24206221965833336,0.757746866664451,0,0,0,0.12,0.01,0.0,0.01,0.1,0.9,-1.2,0.0,0,0,1,0,0.675,0.32
36,1,-0.537629246711731,-0.3115541934967041,-2.1260159015655518,0.40062884520585523,0.5988685684293986,0,0,0,0.12,0.01,0.0,0.01,0.1,0.9,-1.2,0.0,0,0,1,1,0.675,0.32
36,2,-0.3704604208469391,0.42746829986572266,-2.924260377883911,1.213175912068453,-1.0082118256550694,0,0,0,0.12,0.01,0.0,0.01,0.1,0.9,-1.2,0.0,0,0,1,0,0.675,0.32
36,3,-0.35717931389808655,-0.419613778591156,-0.5049143433570862,1.1485720587406003,-0.14857217794988992,0,0,0,0.12,0.01,0.0,0.01,0.1,0.9,-1.2,0.0,0,0,1,0,0.675,0.32
36,4,-0.5206250548362732,-0.12698212265968323,1.2377785444259644,0.7202337589748146,0.26485751004145136,0,0,0,0.12,0.01,0.0,0.01,0.1,0.9,-1.2,0.0,0,0,1,0,0.675,0.32
36,5,-0.523144006729126,-0.006279129069298506,1.3551183938980103,-1.023517150351062,2.0235029644456057,0,0,0,0.12,0.01,0.0,0.01,0.1,0.9,-1.2,0.0,0,0,1,0,0.675,0.32
36,6,-0.5391601920127869,-0.42319774627685547,-1.9297819137573242,1.8922394468799404,-0.8922441556468776,0,0,0,0.12,0.01,0.0,0.01,0.1,0.9,-1.2,0.0,0,0,1,1,0.675,0.32
36,7,-0.7063301205635071,-0.02516925521194935,2.4881131649017334,-1.641693175513675,2.6416931159090304,0,0,0,0.12,0.01,0.0,0.01,0.1,0.9,-1.2,0.0,0,0,1,0,0.675,0.32
37,0,-0.19141672551631927,0.0885385051369667,0.09081992506980896,-0.28037038723533697,1.2801699368149573,0,0,0,0.12,0.01,0.0,0.01,0.1,0.9,-1.2,0.0,0,0,1,0,0.675,0.32
37,1,-0.5381568074226379,-0.31240302324295044,-2.1235146522521973,0.5404333760337793,0.4590624878807106,0,0,0,0.12,0.01,0.0,0.01,0.1,0.9,-1.2,0.0,0,0,1,1,0.675,0.32
37,2,-0.3706686496734619,0.42742612957954407,-2.9767613410949707,1.350215025175004,-1.1469530089978264,0,0,0,0.12,0.01,0.0,0.01,0.1,0.9,-1.2,0.0,0,0,1,0,0.675,0.32
37,3,-0.35627251863479614,-0.4200458526611328,-0.37640273571014404,2.4715298095675537,-1.471529988381488,0,0,0,0.12,0.01,0.0,0.01,0.1,0.9,-1.2,0.0,0,0,1,0,0.675,0.32
37,4,-0.520294725894928,-0.12605366110801697,1.2210839986801147,0.6998223605330953,0.28505564306416425,0,0,0,0.12,0.01,0.0,0.01,0.1,0.9,-1.2,0.0,0,0,1,0,0.675,0.32
37,5,-0.5229593515396118,-0.00529682170599699,1.4455995559692383,0.13308607787803528,0.8668995574025739,0,0,0,0.12,0.01,0.0,0.01,0.1,0.9,-1.2,0.0,0,0,1,0,0.675,0.32
37,6,-0.5394735932350159,-0.4241488575935364,-1.8547192811965942,2.454105263792545,-1.4541140852799714,0,0,0,0.12,0.01,0.0,0.01,0.1,0.9,-1.2,0.0,0,0,1,1,0.675,0.32
37,7,-0.7071312069892883,-0.0245723407715559,2.571441411972046,-1.363979187290156,2.3639791276855115,0,0,0,0.12,0.01,0.0,0.01,0.1,0.9,-1.2,0.0,0,0,1,0,0.675,0.32
38,0,-0.19042107462882996,0.08862407505512238,0.09734337776899338,-0.1715314811188416,1.1713250106293396,0,0,0,0.12,0.01,0.0,0.01,0.1,0.9,-1.2,0.0,0,0,1,0,0.675,0.32
38,1,-0.5386791229248047,-0.3132551312446594,-2.116909980773926,0.7243801811754123,0.2751131793439969,0,0,0,0.12,0.01,0.0,0.01,0.1,0.9,-1.2,0.0,0,0,1,1,0.675,0.32
38,2,-0.37087321281433105,0.42739880084991455,-3.05076265335083,1.3349769991814742,-1.1290218067347657,0,0,0,0.12,0.01,0.0,0.01,0.1,0.9,-1.2,0.0,0,0,1,0,0.675,0.32
38,3,-0.35533663630485535,-0.42039796710014343,-0.38877665996551514,2.348627069731026,-1.3486272485449602,0,0,0,0.12,0.01,0.0,0.01,0.1,0.9,-1.2,0.0,0,0,1,0,0.675,0.32
38,4,-0.5199488997459412,-0.12513099610805511,1.2049202919006348,0.6884936665324741,0.2962331200809902,0,0,0,0.12,0.01,0.0,0.01,0.1,0.9,-1.2,0.0,0,0,1,0,0.675,0.32
38,5,-0.5228847861289978,-0.004297958686947823,1.5528463125228882,1.748943190762964,-0.7489595224356326,0,0,0,0.12,0.01,0.0,0.01,0.1,0.9,-1.2,0.0,0,0,1,0,0.675,0.32
38,6,-0.5397619605064392,-0.42510750889778137,-1.9209421873092651,2.2274728758167437,-1.227486525280397,0,0,0,0.12,0.01,0.0,0.01,0.1,0.9,-1.2,0.0,0,0,1,1,0.675,0.32
38,7,-0.7080079317092896,-0.024083079770207405,2.7168333530426025,1.1220111562589268,-0.12201121586357172,0,0,0,0.12,0.01,0.0,0.01,0.1,0.9,-1.2,0.0,0,0,1,0,0.675,0.32
39,0,-0.1894276887178421,0.0887378454208374,0.14481575787067413,0.45974700627906806,0.5400413376273344,0,0,0,0.12,0.01,0.0,0.01,0.1,0.9,-1.2,0.0,0,0,1,0,0.675,0.32
39,1,-0.5391976833343506,-0.31410959362983704,-2.117806911468506,0.8078750831235204,0.19161285337321418,0,0,0,0.12,0.01,0.0,0.01,0.1,0.9,-1.2,0.0,0,0,1,1,0.675,0.32
39,2,-0.3710768520832062,0.4273889660835266,-3.1365201473236084,1.1898124942361827,-0.978697983342361,0,0,0,0.12,0.01,0.0,0.01,0.1,0.9,-1.2,0.0,0,0,1,0,0.675,0.32
39,3,-0.3544236421585083,-0.4208146035671234,-0.509111762046814,0.28741471257443146,0.7125851086116342,0,0,0,0.12,0.01,0.0,0.01,0.1,0.9,-1.2,0.0,0,0,1,0,0.675,0.32
39,4,-0.5195890665054321,-0.12421397864818573,1.1900620460510254,0.6971210048474034,0.28754397174942886,0,0,0,0.12,0.01,0.0,0.01,0.1,0.9,-1.2,0.0,0,0,1,0,0.675,0.32
39,5,-0.5228994488716125,-0.003298274241387844,1.595845103263855,2.1247506820120905,-1.124769338265905,0,0,0,0.12,0.01,0.0,0.01,0.1,0.9,-1.2,0.0,0,0,1,0,0.675,0.32
39,6,-0.5401541590690613,-0.42603620886802673,-2.050734519958496,1.1659805498783962,-0.16600224596909446,0,0,0,0.12,0.01,0.0,0.01,0.1,0.9,-1.2,0.0,0,0,1,1,0.675,0.32
39,7,-0.7089473605155945,-0.023727979511022568,2.851818561553955,2.5467018837037743,-1.5467019433084188,0,0,0,0.12,0.01,0.0,0.01,0.1,0.9,-1.2,0.0,0,0,1,0,0.675,0.32
40,0,-0.18843893706798553,0.08890445530414581,0.1935901641845703,1.110583620552995,-0.11080618429658651,0,0,0,0.12,0.01,0.0,0.01,0.1,0.9,-1.2,0.0,0,0,1,0,0.675,0.32
40,1,-0.5397214889526367,-0.3149608373641968,-2.131002426147461,0.7403797412114149,0.25910068510007794,0,0,0,0.12,0.01,0.0,0.01,0.1,0.9,-1.2,0.0,0,0,1,1,0.675,0.32
40,2,-0.37128227949142456,0.42739778757095337,3.0599207878112793,0.9473403014283908,-0.7314892925363314,0,0,0,0.12,0.01,0.0,0.01,0.1,0.9,-1.2,0.0,0,0,1,0,0.675,0.32
40,3,-0.35357150435447693,-0.42135509848594666,-0.6411064863204956,-1.4945686125541844,2.4945683145309605,0,0,0,0.12,0.01,0.0,0.01,0.1,0.9,-1.2,0.0,0,0,1,0,0.675,0.32
40,4,-0.5192165970802307,-0.12330222129821777,1.176123023033142,0.7193167504416805,0.2653471532715458,0,0,0,0.12,0.01,0.0,0.01,0.1,0.9,-1.2,0.0,0,0,1,0,0.675,0.32
40,5,-0.5229092240333557,-0.0022995932959020138,1.5307037830352783,1.5114811903112417,-0.5114999061697011,0,0,0,0.12,0.01,0.0,0.01,0.1,0.9,-1.2,0.0,0,0,1,0,0.675,0.32
40,6,-0.5406697392463684,-0.42690417170524597,-2.1755990982055664,-0.20199091579264186,1.201951338308511,0,0,0,0.12,0.01,0.0,0.01,0.1,0.9,-1.2,0.0,0,0,1,1,0.675,0.32
40,7,-0.7099127173423767,-0.02345966547727585,2.8424620628356934,2.4950288736133923,-1.495028933218037,0,0,0,0.12,0.01,0.0,0.01,0.1,0.9,-1.2,0.0,0,0,1,0,0.675,0.32
41,0,-0.1874581128358841,0.08910778909921646,0.20534135401248932,1.2758342672901255,-0.27606714263726284,0,0,0,0.12,0.01,0.0,0.01,0.1,0.9,-1.2,0.0,0,0,1,0,0.675,0.32
41,1,-0.5402598977088928,-0.31580302119255066,-2.151470422744751,0.5873567939008983,0.4121146917138782,0,0,0,0.12,0.01,0.0,0.01,0.1,0.9,-1.2,0.0,0,0,1,1,0.675,0.32
41,2,-0.3714963495731354,0.4274243116378784,2.981390953063965,0.6422295088087174,-0.42459721510754567,0,0,0,0.12,0.01,0.0,0.01,0.1,0.9,-1.2,0.0,0,0,1,0,0.675,0.32
41,3,-0.3527849018573761,-0.42197009921073914,-0.6548286080360413,-1.5796867230465177,2.579686365418649,0,0,0,0.12,0.01,0.0,0.01,0.1,0.9,-1.2,0.0,0,0,1,0,0.675,0.32
41,4,-0.5188319683074951,-0.12239563465118408,1.1618578433990479,0.7383353108518408,0.24630826767751712,0,0,0,0.12,0.01,0.0,0.01,0.1,0.9,-1.2,0.0,0,0,1,0,0.675,0.32
41,5,-0.5228242874145508,-0.0013006292283535004,1.421505331993103,-0.13387343520251724,1.1338535272511623,0,0,0,0.12,0.01,0.0,0.01,0.1,0.9,-1.2,0.0,0,0,1,0,0.675,0.32
41,6,-0.54127037525177,-0.4277079105377197,-2.2372212409973145,-0.41665820942459586,1.4165842996650744,0,0,0,0.12,0.01,0.0,0.01,0.1,0.9,-1.2,0.0,0,0,1,1,0.675,0.32
41,7,-0.710861325263977,-0.0231275986880064,2.7181928157806396,0.8569024359656002,0.14309750442975488,0,0,0,0.12,0.01,0.0,0.01,0.1,0.9,-1.2,0.0,0,0,1,0,0.675,0.32
42,0,-0.18647778034210205,0.08930344134569168,0.17159423232078552,0.9114298571092997,0.08833237996269117,0,0,0,0.12,0.01,0.0,0.01,0.1,0.9,-1.2,0.0,0,0,1,0,0.675,0.32
42,1,-0.5408154129981995,-0.31663405895233154,-2.169322967529297,0.4702937145280892,0.529169128413195,0,0,0,0.12,0.01,0.0,0.01,0.1,0.9,-1.2,0.0,0,0,1,1,0.675,0.32
42,2,-0.37171491980552673,0.4274660348892212,2.9187984466552734,0.30158897646889676,-0.08637458988652218,0,0,0,0.12,0.01,0.0,0.01,0.1,0.9,-1.2,0.0,0,0,1,0,0.675,0.32
42,3,-0.3519722819328308,-0.42255252599716187,-0.5394474267959595,-1.0243941733784894,2.0243938157506207,0,0,0,0.12,0.01,0.0,0.01,0.1,0.9,-1.2,0.0,0,0,1,0,0.675,0.32
42,4,-0.5184342861175537,-0.12149471044540405,1.146223783493042,0.7421891628258516,0.24235487594673144,0,0,0,0.12,0.01,0.0,0.01,0.1,0.9,-1.2,0.0,0,0,1,0,0.675,0.32
42,5,-0.5226344466209412,-0.00030547098140232265,1.3413901329040527,-1.0089996222936253,2.008976436086807,0,0,0,0.12,0.01,0.0,0.01,0.1,0.9,-1.2,0.0,0,0,1,0,0.675,0.32
42,6,-0.5418875217437744,-0.4284927546977997,-2.206925630569458,0.6758839506031921,0.3239781838534424,0,0,0,0.12,0.01,0.0,0.01,0.1,0.9,-1.2,0.0,0,0,1,1,0.675,0.32
42,7,-0.7117592692375183,-0.022660981863737106,2.5767784118652344,-1.4324904588156664,2.4324903992110216,0,0,0,0.12,0.01,0.0,0.01,0.1,0.9,-1.2,0.0,0,0,1,0,0.675,0.32
43,0,-0.18548882007598877,0.08945237845182419,0.11942184716463089,0.2810073289465085,0.7187481131959781,0,0,0,0.12,0.01,0.0,0.01,0.1,0.9,-1.2,0.0,0,0,1,0,0.675,0.32
43,1,-0.5413829684257507,-0.31745678186416626,-2.1776340007781982,0.4714478174875377,0.5280090649892689,0,0,0,0.12,0.01,0.0,0.01,0.1,0.9,-1.2,0.0,0,0,1,1,0.675,0.32
43,2,-0.3719295561313629,0.4275188148021698,2.8769688606262207,-0.05507262592183218,0.26400098745690453,0,0,0,0.12,0.01,0.0,0.01,0.1,0.9,-1.2,0.0,0,0,1,0,0.675,0.32
43,3,-0.3510805070400238,-0.4230160117149353,-0.39422473311424255,1.358664351192524,-0.35866470882039275,0,0,0,0.12,0.01,0.0,0.01,0.1,0.9,-1.2,0.0,0,0,1,0,0.675,0.32
43,4,-0.5180218815803528,-0.12060040980577469,1.1292071342468262,0.7309926637650406,0.2533806077002609,0,0,0,0.12,0.01,0.0,0.01,0.1,0.9,-1.2,0.0,0,0,1,0,0.675,0.32
43,5,-0.5224007964134216,0.0006670629954896867,1.3628987073898315,-0.7909858867369348,1.7909613892279324,0,0,0,0.12,0.01,0.0,0.01,0.1,0.9,-1.2,0.0,0,0,1,0,0.675,0.32
43,6,-0.5424619317054749,-0.4293111264705658,-2.1454858779907227,1.9366984894810633,-0.9370057514248801,0,0,0,0.12,0.01,0.0,0.01,0.1,0.9,-1.2,0.0,0,0,1,1,0.675,0.32
43,7,-0.7125876545906067,-0.022096361964941025,2.5277903079986572,-1.6075224935219894,2.6075223743127,0,0,0,0.12,0.01,0.0,0.01,0.1,0.9,-1.2,0.0,0,0,1,0,0.675,0.32
44,0,-0.18449382483959198,0.0895516648888588,0.08542225509881973,-0.10386517490283252,1.1036104246510625,0,0,0,0.12,0.01,0.0,0.01,0.1,0.9,-1.2,0.0,0,0,1,0,0.675,0.32
44,1,-0.5419539213180542,-0.3182770609855652,-2.1772043704986572,0.5762225830420489,0.4232298886910445,0,0,0,0.12,0.01,0.0,0.01,0.1,0.9,-1.2,0.0,0,0,1,1,0.675,0.32
44,2,-0.37213870882987976,0.42757758498191833,2.8585574626922607,-0.40319438283609105,0.6035769135253305,0,0,0,0.12,0.01,0.0,0.01,0.1,0.9,-1.2,0.0,0,0,1,0,0.675,0.32
44,3,-0.3501344323158264,-0.4233492910861969,-0.27933719754219055,2.4133317081759182,-1.4133321850130762,0,0,0,0.12,0.01,0.0,0.01,0.1,0.9,-1.2,0.0,0,0,1,0,0.675,0.32
44,4,-0.5175935626029968,-0.119713693857193,1.1117044687271118,0.7164588145379027,0.26774547775946056,0,0,0,0.12,0.01,0.0,0.01,0.1,0.9,-1.2,0.0,0,0,1,0,0.675,0.32
44,5,-0.5222248435020447,0.0016516241012141109,1.456676959991455,0.5242718029296138,0.4757029247010014,0,0,0,0.12,0.01,0.0,0.01,0.1,0.9,-1.2,0.0,0,0,1,0,0.675,0.32
44,6,-0.5429964065551758,-0.43015649914741516,-2.1425375938415527,2.3007181319835985,-1.3014734420421925,0,0,0,0.12,0.01,0.0,0.01,0.1,0.9,-1.2,0.0,0,0,1,1,0.675,0.32
44,7,-0.7134180068969727,-0.021540319547057152,2.6317272186279297,-1.0495397397484008,2.0495396801437558,0,0,0,0.12,0.01,0.0,0.01,0.1,0.9,-1.2,0.0,0,0,1,0,0.675,0.32
45,0,-0.18349775671958923,0.08963390439748764,0.09196027368307114,0.0022198704718231,0.997517630672586,0,0,0,0.12,0.01,0.0,0.01,0.1,0.9,-1.2,0.0,0,0,1,0,0.675,0.32
45,1,-0.5425229072570801,-0.31909871101379395,-2.175189971923828,0.6922468194373106,0.30720022827310817,0,0,0,0.12,0.01,0.0,0.01,0.1,0.9,-1.2,0.0,0,0,1,1,0.675,0.32
45,2,-0.37234047055244446,0.4276365637779236,2.86480975151062,-0.7072087641128902,0.8993148173460369,0,0,0,0.12,0.01,0.0,0.01,0.1,0.9,-1.2,0.0,0,0,1,0,0.675,0.32
45,3,-0.34916988015174866,-0.42361611127853394,-0.30669131875038147,2.1389687733792675,-1.138969250216426,0,0,0,0.12,0.01,0.0,0.01,0.1,0.9,-1.2,0.0,0,0,1,0,0.675,0.32
45,4,-0.5171495079994202,-0.1188349723815918,1.0947731733322144,0.7109161209169894,0.273210387318942,0,0,0,0.12,0.01,0.0,0.01,0.1,0.9,-1.2,0.0,0,0,1,0,0.675,0.32
45,5,-0.5221537351608276,0.002650427632033825,1.5504504442214966,1.8010172419486763,-0.8010459713874581,0,0,0,0.12,0.01,0.0,0.01,0.1,0.9,-1.2,0.0,0,0,1,0,0.675,0.32
45,6,-0.5435600876808167,-0.4309835731983185,-2.2258048057556152,2.332015066301337,-1.3336852480525885,0,0,0,0.12,0.01,0.0,0.01,0.1,0.9,-1.2,0.0,0,0,1,1,0.675,0.32
45,7,-0.7143228650093079,-0.021104343235492706,2.777662992477417,1.7477758242854882,-0.747775883890133,0,0,0,0.12,0.01,0.0,0.01,0.1,0.9,-1.2,0.0,0,0,1,0,0.675,0.32
46,0,-0.18250374495983124,0.08974020183086395,0.12894149124622345,0.4925433581776816,0.5071864539675517,0,0,0,0.12,0.01,0.0,0.01,0.1,0.9,-1.2,0.0,0,0,1,0,0.675,0.32
46,1,-0.5430918335914612,-0.3199204206466675,-2.1790928840637207,0.7289839673826888,0.2704551529099748,0,0,0,0.12,0.01,0.0,0.01,0.1,0.9,-1.2,0.0,0,0,1,1,0.675,0.32
46,2,-0.3725352883338928,0.42769017815589905,2.895329236984253,-0.9205865327357732,1.1070967380046328,0,0,0,0.12,0.01,0.0,0.01,0.1,0.9,-1.2,0.0,0,0,1,0,0.675,0.32
46,3,-0.34822529554367065,-0.42396020889282227,-0.4267093241214752,-0.20355986839881643,1.2035593319570135,0,0,0,0.12,0.01,0.0,0.01,0.1,0.9,-1.2,0.0,0,0,1,0,0.675,0.32
46,4,-0.516690731048584,-0.11796403676271439,1.0788096189498901,0.7198122437742277,0.26434037129611526,0,0,0,0.12,0.01,0.0,0.01,0.1,0.9,-1.2,0.0,0,0,1,0,0.675,0.32
46,5,-0.5221535563468933,0.0036496929824352264,1.567099928855896,1.9508173393405313,-0.9508488701976175,0,0,0,0.12,0.01,0.0,0.01,0.1,0.9,-1.2,0.0,0,0,1,0,0.675,0.32
46,6,-0.5442124605178833,-0.4317472577095032,-2.3474011421203613,2.332237580059044,-1.3354887750129623,0,0,0,0.12,0.01,0.0,0.01,0.1,0.9,-1.2,0.0,0,0,1,1,0.675,0.32
46,7,-0.7152794599533081,-0.020802509039640427,2.894371747970581,2.578117912506557,-1.5781180317158465,0,0,0,0.12,0.01,0.0,0.01,0.1,0.9,-1.2,0.0,0,0,1,0,0.675,0.32
47,0,-0.1815146952867508,0.08988724648952484,0.16538842022418976,0.9751444796577537,0.024573471163169026,0,0,0,0.12,0.01,0.0,0.01,0.1,0.9,-1.2,0.0,0,0,1,0,0.675,0.32
47,1,-0.5436671376228333,-0.32073768973350525,-2.190988063812256,0.6670671146513715,0.33236211127025933,0,0,0,0.12,0.01,0.0,0.01,0.1,0.9,-1.2,0.0,0,0,1,1,0.675,0.32
47,2,-0.37272417545318604,0.427733451128006,2.9475178718566895,-1.0018941189085706,1.1867253656422359,0,0,0,0.12,0.01,0.0,0.01,0.1,0.9,-1.2,0.0,0,0,1,0,0.675,0.32
47,3,-0.3473301827907562,-0.4244269132614136,-0.5460615158081055,-1.5197760195570225,2.519775304301285,0,0,0,0.12,0.01,0.0,0.01,0.1,0.9,-1.2,0.0,0,0,1,0,0.675,0.32
47,4,-0.5162184238433838,-0.11710049211978912,1.0633563995361328,0.7357434569061477,0.24848670380704807,0,0,0,0.12,0.01,0.0,0.01,0.1,0.9,-1.2,0.0,0,0,1,0,0.675,0.32
47,5,-0.5221264362335205,0.004648519214242697,1.493579387664795,1.1282993632468359,-0.12833113252250106,0,0,0,0.12,0.01,0.0,0.01,0.1,0.9,-1.2,0.0,0,0,1,0,0.675,0.32
47,6,-0.5449575185775757,-0.4324209690093994,-2.4759135246276855,2.378054981051527,-1.3835001037703378,0,0,0,0.12,0.01,0.0,0.01,0.1,0.9,-1.2,0.0,0,0,1,1,0.675,0.32
47,7,-0.7162511348724365,-0.020559368655085564,2.845409631729126,2.355589238451288,-1.3555893576605775,0,0,0,0.12,0.01,0.0,0.01,0.1,0.9,-1.2,0.0,0,0,1,0,0.675,0.32
48,0,-0.18052968382835388,0.09005999565124512,0.17282415926456451,1.0903329203110501,-0.09062587714012112,0,0,0,0.12,0.01,0.0,0.01,0.1,0.9,-1.2,0.0,0,0,1,0,0.675,0.32
48,1,-0.5442541241645813,-0.32154664397239685,-2.206576108932495,0.5617511236732103,0.4376671945984267,0,0,0,0.12,0.01,0.0,0.01,0.1,0.9,-1.2,0.0,0,0,1,1,0.675,0.32
48,2,-0.3729094862937927,0.42776307463645935,3.0157556533813477,-0.9393275838559707,1.125613586253508,0,0,0,0.12,0.01,0.0,0.01,0.1,0.9,-1.2,0.0,0,0,1,0,0.675,0.32
48,3,-0.3464828431606293,-0.4249577224254608,-0.5292670130729675,-1.5332617533576998,2.533260859288028,0,0,0,0.12,0.01,0.0,0.01,0.1,0.9,-1.2,0.0,0,0,1,0,0.675,0.32
48,4,-0.5157331228256226,-0.11624421179294586,1.047481656074524,0.7463719183702987,0.2379086678723771,0,0,0,0.12,0.01,0.0,0.01,0.1,0.9,-1.2,0.0,0,0,1,0,0.675,0.32
48,5,-0.5220022797584534,0.005639648996293545,1.393417239189148,-0.34183871201870564,1.3418042009293807,0,0,0,0.12,0.01,0.0,0.01,0.1,0.9,-1.2,0.0,0,0,1,0,0.675,0.32
48,6,-0.5457808375358582,-0.43299195170402527,-2.604835033416748,2.442934338408434,-1.4504433315572378,0,0,0,0.12,0.01,0.0,0.01,0.1,0.9,-1.2,0.0,0,0,1,1,0.675,0.32
48,7,-0.7171996831893921,-0.020215697586536407,2.7105159759521484,0.05291620213771185,0.9470836786529987,0,0,0,0.12,0.01,0.0,0.01,0.1,0.9,-1.2,0.0,0,0,1,0,0.675,0.32
49,0,-0.17954382300376892,0.0902252271771431,0.1462370902299881,0.8014713051751199,0.19822888346166007,0,0,0,0.12,0.01,0.0,0.01,0.1,0.9,-1.2,0.0,0,0,1,0,0.675,0.32
49,1,-0.5448530316352844,-0.3223468065261841,-2.2192039489746094,0.48984727930135114,0.5095617406457009,0,0,0,0.12,0.01,0.0,0.01,0.1,0.9,-1.2,0.0,0,0,1,1,0.675,0.32
49,2,-0.3730941414833069,0.42777785658836365,3.09147310256958,-0.7550255610802363,0.9436643376209926,0,0,0,0.12,0.01,0.0,0.01,0.1,0.9,-1.2,0.0,0,0,1,0,0.675,0.32
49,3,-0.3455992639064789,-0.4254280924797058,-0.4056190848350525,-0.8672622474697116,1.8672614130046845,0,0,0,0.12,0.01,0.0,0.01,0.1,0.9,-1.2,0.0,0,0,1,0,0.675,0.32
49,4,-0.5152343511581421,-0.11539560556411743,1.0305920839309692,0.7447748228226256,0.23951154507059333,0,0,0,0.12,0.01,0.0,0.01,0.1,0.9,-1.2,0.0,0,0,1,0,0.675,0.32
49,5,-0.521791398525238,0.006615062709897757,1.337451457977295,-0.913101642256273,1.9130624820046553,0,0,0,0.12,0.01,0.0,0.01,0.1,0.9,-1.2,0.0,0,0,1,0,0.675,0.32
49,6,-0.5466673970222473,-0.4334518611431122,-2.736340284347534,2.485712667185069,-1.4940126735746868,0,0,0,0.12,0.01,0.0,0.01,0.1,0.9,-1.2,0.0,0,0,1,1,0.675,0.32
49,7,-0.7180925607681274,-0.019739672541618347,2.5765793323516846,-1.5229323583067402,2.5229322390974507,0,0,0,0.12,0.01,0.0,0.01,0.1,0.9,-1.2,0.0,0,0,1,0,0.675,0.32
50,0,-0.17855238914489746,0.09035500884056091,0.10639475286006927,0.3338559871831339,0.6658360356173115,0,0,0,0.12,0.01,0.0,0.01,0.1,0.9,-1.2,0.0,0,0,1,0,0.675,0.32
50,1,-0.5454596877098083,-0.32314103841781616,-2.2250494956970215,0.4924543190777858,0.5069484423815648,0,0,0,0.12,0.01,0.0,0.01,0.1,0.9,-1.2,0.0,0,0,1,1,0.675,0.32
50,2,-0.37328025698661804,0.42777878046035767,-3.118356704711914,-0.4884450752726725,0.6779659856549433,0,0,0,0.12,0.01,0.0,0.01,0.1,0.9,-1.2,0.0,0,0,1,0,0.675,0.32
50,3,-0.3446543514728546,-0.42576873302459717,-0.2627163827419281,1.375185363217737,-0.3751863168920535,0,0,0,0.12,0.01,0.0,0.01,0.1,0.9,-1.2,0.0,0,0,1,0,0.675,0.32
50,4,-0.5147213935852051,-0.11455544829368591,1.0128847360610962,0.7337310496615979,0.25055537783626597,0,0,0,0.12,0.01,0.0,0.01,0.1,0.9,-1.2,0.0,0,0,1,0,0.675,0.32
50,5,-0.5215631723403931,0.007587160915136337,1.375994086265564,-0.503927536863783,1.5038870057053357,0,0,0,0.12,0.01,0.0,0.01,0.1,0.9,-1.2,0.0,0,0,1,0,0.675,0.32
50,6,-0.5476036071777344,-0.43379151821136475,-2.8721792697906494,2.482108926990713,-1.4895630242616786,0,0,0,0.12,0.01,0.0,0.01,0.1,0.9,-1.2,0.0,0,0,1,1,0.675,0.32
50,7,-0.7189255952835083,-0.019186655059456825,2.576003074645996,-1.532519476312812,2.5325193571035225,0,0,0,0.12,0.01,0.0,0.01,0.1,0.9,-1.2,0.0,0,0,1,0,0.675,0.32
51,0,-0.1775568574666977,0.09044712036848068,0.08115094155073166,0.05373775905012879,0.945943594518902,0,0,0,0.12,0.01,0.0,0.01,0.1,0.9,-1.2,0.0,0,0,1,0,0.675,0.32
51,1,-0.5460687279701233,-0.3239334225654602,-2.2253611087799072,0.5512526377539375,0.4481460109849235,0,0,0,0.12,0.01,0.0,0.01,0.1,0.9,-1.2,0.0,0,0,1,1,0.675,0.32
51,2,-0.3734681308269501,0.427768349647522,-3.056180715560913,-0.1829274047499827,0.3707846004849604,0,0,0,0.12,0.01,0.0,0.01,0.1,0.9,-1.2,0.0,0,0,1,0,0.675,0.32
51,3,-0.34367474913597107,-0.4259788990020752,-0.1573903113603592,2.339360028139464,-1.339361160627715,0,0,0,0.12,0.01,0.0,0.01,0.1,0.9,-1.2,0.0,0,0,1,0,0.675,0.32
51,4,-0.514193594455719,-0.113724485039711,0.9951165318489075,0.721152291929731,0.26321597274540937,0,0,0,0.12,0.01,0.0,0.01,0.1,0.9,-1.2,0.0,0,0,1,0,0.675,0.32
51,5,-0.5214017629623413,0.008574648760259151,1.467275619506836,0.8176120135804966,0.1823456671217127,0,0,0,0.12,0.01,0.0,0.01,0.1,0.9,-1.2,0.0,0,0,1,0,0.675,0.32
51,6,-0.5485754609107971,-0.43400120735168457,-3.0113439559936523,2.398703463384405,-1.404517836877599,0,0,0,0.12,0.01,0.0,0.01,0.1,0.9,-1.2,0.0,0,0,1,1,0.675,0.32
51,7,-0.7197874188423157,-0.018678948283195496,2.6962897777557373,-0.4269165138321283,1.426916394622839,0,0,0,0.12,0.01,0.0,0.01,0.1,0.9,-1.2,0.0,0,0,1,0,0.675,0.32
52,0,-0.1765604466199875,0.09052585065364838,0.08624745905399323,0.14047135921151488,0.8592006364282861,0,0,0,0.12,0.01,0.0,0.01,0.1,0.9,-1.2,0.0,0,0,1,0,0.675,0.32
52,1,-0.5466771125793457,-0.32472628355026245,-2.2248024940490723,0.6104063921972507,0.3889890974954372,0,0,0,0.12,0.01,0.0,0.01,0.1,0.9,-1.2,0.0,0,0,1,1,0.675,0.32
52,2,-0.3736526370048523,0.4277476966381073,-3.0113868713378906,0.1405692499875564,0.043345322012947135,0,0,0,0.12,0.01,0.0,0.01,0.1,0.9,-1.2,0.0,0,0,1,0,0.675,0.32
52,3,-0.34268471598625183,-0.4261288046836853,-0.18787719309329987,2.0165569236597944,-1.0165580561480452,0,0,0,0.12,0.01,0.0,0.01,0.1,0.9,-1.2,0.0,0,0,1,0,0.675,0.32
52,4,-0.5136510729789734,-0.11290310323238373,0.9779897928237915,0.7137123412719196,0.2708654933342511,0,0,0,0.12,0.01,0.0,0.01,0.1,0.9,-1.2,0.0,0,0,1,0,0.675,0.32
52,5,-0.5213338136672974,0.009573238901793957,1.543531060218811,1.7702047743649025,-0.7702521004528543,0,0,0,0.12,0.01,0.0,0.01,0.1,0.9,-1.2,0.0,0,0,1,0,0.675,0.32
52,6,-0.5495668053627014,-0.4340728223323822,3.132341146469116,2.1234019385590366,-1.1278131591095737,0,0,0,0.12,0.01,0.0,0.01,0.1,0.9,-1.2,0.0,0,0,1,1,0.675,0.32
52,7,-0.7207168340682983,-0.01829814352095127,2.8392252922058105,2.1708270542501538,-1.1708271734594433,0,0,0,0.12,0.01,0.0,0.01,0.1,0.9,-1.2,0.0,0,0,1,0,0.675,0.32
53,0,-0.17556548118591309,0.09062252193689346,0.11364883929491043,0.5027761497893517,0.4968862495026404,0,0,0,0.12,0.01,0.0,0.01,0.1,0.9,-1.2,0.0,0,0,1,0,0.675,0.32
53,1,-0.547285795211792,-0.325518935918808,-2.227599859237671,0.6228170203575669,0.3765751910796584,0,0,0,0.12,0.01,0.0,0.01,0.1,0.9,-1.2,0.0,0,0,1,1,0.675,0.32
53,2,-0.373835951089859,0.42772066593170166,-2.9875781536102295,0.4538364708148987,-0.27504196760292354,0,0,0,0.12,0.01,0.0,0.01,0.1,0.9,-1.2,0.0,0,0,1,0,0.675,0.32
53,3,-0.34170371294021606,-0.4263577163219452,-0.30400604009628296,-0.22584195849125221,1.2258407663983566,0,0,0,0.12,0.01,0.0,0.01,0.1,0.9,-1.2,0.0,0,0,1,0,0.675,0.32
53,4,-0.513094425201416,-0.11209118366241455,0.9617289900779724,0.7142869651646027,0.2706031381755463,0,0,0,0.12,0.01,0.0,0.01,0.1,0.9,-1.2,0.0,0,0,1,0,0.675,0.32
53,5,-0.521317183971405,0.010572166182100773,1.5396904945373535,1.7297765382319967,-0.7298264273196737,0,0,0,0.12,0.01,0.0,0.01,0.1,0.9,-1.2,0.0,0,0,1,0,0.675,0.32
53,6,-0.5505598187446594,-0.4340028762817383,2.997117519378662,1.3127384395589665,-0.3164522857656315,0,0,0,0.12,0.01,0.0,0.01,0.1,0.9,-1.2,0.0,0,0,1,1,0.675,0.32
53,7,-0.7216846942901611,-0.018041973933577538,2.919724941253662,2.5702130733701827,-1.5702132521841168,0,0,0,0.12,0.01,0.0,0.01,0.1,0.9,-1.2,0.0,0,0,1,0,0.675,0.32
54,0,-0.1745738536119461,0.09074991196393967,0.14010173082351685,0.8519781911451694,0.1476718103807095,0,0,0,0.12,0.01,0.0,0.01,0.1,0.9,-1.2,0.0,0,0,1,0,0.675,0.32
54,1,-0.5478983521461487,-0.32630860805511475,-2.2345519065856934,0.5847709661725526,0.41461778819527584,0,0,0,0.12,0.01,0.0,0.01,0.1,0.9,-1.2,0.0,0,0,1,1,0.675,0.32
54,2,-0.3740180432796478,0.42769137024879456,-2.986436605453491,0.7311441627956183,-0.557389887950495,0,0,0,0.12,0.01,0.0,0.01,0.1,0.9,-1.2,0.0,0,0,1,0,0.675,0.32
54,3,-0.3407556116580963,-0.42670971155166626,-0.4154852628707886,-1.478583951905827,2.478582342580418,0,0,0,0.12,0.01,0.0,0.01,0.1,0.9,-1.2,0.0,0,0,1,0,0.675,0.32
54,4,-0.5125243663787842,-0.1112883985042572,0.9460713863372803,0.7181016511717833,0.26712527801599134,0,0,0,0.12,0.01,0.0,0.01,0.1,0.9,-1.2,0.0,0,0,1,0,0.675,0.32
54,5,-0.5212604403495789,0.011570197530090809,1.46381413936615,0.7753253523560144,0.2246241625098608,0,0,0,0.12,0.01,0.0,0.01,0.1,0.9,-1.2,0.0,0,0,1,0,0.675,0.32
54,6,-0.5515429973602295,-0.4338003396987915,2.878432512283325,-0.16737403188975333,1.163544075835066,0,0,0,0.12,0.01,0.0,0.01,0.1,0.9,-1.2,0.0,0,0,1,1,0.675,0.32
54,7,-0.7226586937904358,-0.017807917669415474,2.8383231163024902,2.091555452332442,-1.0915556311463763,0,0,0,0.12,0.01,0.0,0.01,0.1,0.9,-1.2,0.0,0,0,1,0,0.675,0.32
55,0,-0.17358490824699402,0.09089545160531998,0.1449681967496872,0.934312950614416,0.06532554721502123,0,0,0,0.12,0.01,0.0,0.01,0.1,0.9,-1.2,0.0,0,0,1,0,0.675,0.32
55,1,-0.5485174059867859,-0.3270931839942932,-2.243032217025757,0.5325603247749188,0.46682562817460527,0,0,0,0.12,0.01,0.0,0.01,0.1,0.9,-1.2,0.0,0,0,1,1,0.675,0.32
55,2,-0.37419581413269043,0.42766448855400085,-3.007596731185913,0.9412637482182376,-0.7713936696545474,0,0,0,0.12,0.01,0.0,0.01,0.1,0.9,-1.2,0.0,0,0,1,0,0.675,0.32
55,3,-0.3398451507091522,-0.4271235764026642,-0.3957781195640564,-1.4943493780357298,2.4943475302917415,0,0,0,0.12,0.01,0.0,0.01,0.1,0.9,-1.2,0.0,0,0,1,0,0.675,0.32
55,4,-0.5119415521621704,-0.11049449443817139,0.9304951429367065,0.7179211849264929,0.2675888663239648,0,0,0,0.12,0.01,0.0,0.01,0.1,0.9,-1.2,0.0,0,0,1,0,0.675,0.32
55,5,-0.521111011505127,0.012555340304970741,1.3764727115631104,-0.4426099900015699,1.4425551537283765,0,0,0,0.12,0.01,0.0,0.01,0.1,0.9,-1.2,0.0,0,0,1,0,0.675,0.32
55,6,-0.5525006651878357,-0.4335012435913086,2.809812068939209,-1.0646021186709407,2.0599767386317254,0,0,0,0.12,0.01,0.0,0.01,0.1,0.9,-1.2,0.0,0,0,1,1,0.675,0.32
55,7,-0.7236045002937317,-0.01744879223406315,2.6978912353515625,-0.6124994337722329,1.6124992549582988,0,0,0,0.12,0.01,0.0,0.01,0.1,0.9,-1.2,0.0,0,0,1,0,0.675,0.32
56,0,-0.17259494960308075,0.0910339429974556,0.12513850629329681,0.7217985864642326,0.2778312090870675,0,0,0,0.12,0.01,0.0,0.01,0.1,0.9,-1.2,0.0,0,0,1,0,0.675,0.32
56,1,-0.5491427183151245,-0.32787278294563293,-2.2495503425598145,0.5059325469927911,0.4934525714917059,0,0,0,0.12,0.01,0.0,0.01,0.1,0.9,-1.2,0.0,0,0,1,1,0.675,0.32
56,2,-0.37436938285827637,0.42764392495155334,-3.048900604248047,1.0570025827184477,-0.8891929622188366,0,0,0,0.12,0.01,0.0,0.01,0.1,0.9,-1.2,0.0,0,0,1,0,0.675,0.32
56,3,-0.338906466960907,-0.4274705648422241,-0.2741748094558716,-0.818063066190938,1.8180613376562398,0,0,0,0.12,0.01,0.0,0.01,0.1,0.9,-1.2,0.0,0,0,1,0,0.675,0.32
56,4,-0.5113462805747986,-0.1097094714641571,0.9147060513496399,0.7111642401067593,0.27455764605123023,0,0,0,0.12,0.01,0.0,0.01,0.1,0.9,-1.2,0.0,0,0,1,0,0.675,0.32
56,5,-0.5208927989006042,0.0135252820327878,1.3435544967651367,-0.773397771978438,1.7733376904965041,0,0,0,0.12,0.01,0.0,0.01,0.1,0.9,-1.2,0.0,0,0,1,0,0.675,0.32
56,6,-0.5534399747848511,-0.4331749975681305,2.835986852645874,-1.2731979640250646,2.2680728586440524,0,0,0,0.12,0.01,0.0,0.01,0.1,0.9,-1.2,0.0,0,0,1,1,0.675,0.32
56,7,-0.7244900465011597,-0.016961699351668358,2.579038619995117,-1.5666902359672301,2.566689997548651,0,0,0,0.12,0.01,0.0,0.01,0.1,0.9,-1.2,0.0,0,0,1,0,0.675,0.32
57,0,-0.1716015487909317,0.09114633500576019,0.0957954153418541,0.3873552426235517,0.61226483737065,0,0,0,0.12,0.01,0.0,0.01,0.1,0.9,-1.2,0.0,0,0,1,0,0.675,0.32
57,1,-0.5497718453407288,-0.3286493122577667,-2.25260329246521,0.5193930012580154,0.4799918788079025,0,0,0,0.12,0.01,0.0,0.01,0.1,0.9,-1.2,0.0,0,0,1,1,0.675,0.32
57,2,-0.37453973293304443,0.42763254046440125,-3.1060476303100586,1.065903797132587,-0.8984977745839114,0,0,0,0.12,0.01,0.0,0.01,0.1,0.9,-1.2,0.0,0,0,1,0,0.675,0.32
57,3,-0.33792567253112793,-0.4276838004589081,-0.13408298790454865,1.3297129935382637,-0.3297147816776068,0,0,0,0.12,0.01,0.0,0.01,0.1,0.9,-1.2,0.0,0,0,1,0,0.675,0.32
57,4,-0.5107387900352478,-0.1089334785938263,0.8988847136497498,0.7024520531238897,0.2834380969463008,0,0,0,0.12,0.01,0.0,0.01,0.1,0.9,-1.2,0.0,0,0,1,0,0.675,0.32
57,5,-0.5206790566444397,0.014500746503472328,1.3926821947097778,-0.21247810237610826,1.2124165903827,0,0,0,0.12,0.01,0.0,0.01,0.1,0.9,-1.2,0.0,0,0,1,0,0.675,0.32
57,6,-0.554399311542511,-0.4329088032245636,2.9332454204559326,-1.1860862451366967,2.181393631058175,0,0,0,0.12,0.01,0.0,0.01,0.1,0.9,-1.2,0.0,0,0,1,1,0.675,0.32
57,7,-0.7253322601318359,-0.01642388105392456,2.6196112632751465,-1.4244940300962912,2.424493851282357,0,0,0,0.12,0.01,0.0,0.01,0.1,0.9,-1.2,0.0,0,0,1,0,0.675,0.32
58,0,-0.17060551047325134,0.09123170375823975,0.07723436504602432,0.18565116721362,0.8139571706655611,0,0,0,0.12,0.01,0.0,0.01,0.1,0.9,-1.2,0.0,0,0,1,0,0.675,0.32
58,1,-0.5504022836685181,-0.32942476868629456,-2.2534284591674805,0.5565124128035945,0.4428707983322696,0,0,0,0.12,0.01,0.0,0.01,0.1,0.9,-1.2,0.0,0,0,1,1,0.675,0.32
58,2,-0.3747080862522125,0.4276321828365326,3.110450267791748,0.9662524782512261,-0.7984131001327108,0,0,0,0.12,0.01,0.0,0.01,0.1,0.9,-1.2,0.0,0,0,1,0,0.675,0.32
58,3,-0.33692795038223267,-0.4277676045894623,-0.03210612013936043,2.3067592360917644,-1.306761381858976,0,0,0,0.12,0.01,0.0,0.01,0.1,0.9,-1.2,0.0,0,0,1,0,0.675,0.32
58,4,-0.5101194977760315,-0.10816661268472672,0.8834561109542847,0.6967416291831396,0.289336335122738,0,0,0,0.12,0.01,0.0,0.01,0.1,0.9,-1.2,0.0,0,0,1,0,0.675,0.32
58,5,-0.5205367207527161,0.015491317957639694,1.4775035381317139,0.9989876709697358,0.0009473599674591528,0,0,0,0.12,0.01,0.0,0.01,0.1,0.9,-1.2,0.0,0,0,1,0,0.675,0.32
58,6,-0.5553843975067139,-0.43275293707847595,3.0548179149627686,-0.8118811504708406,1.8078906195031281,0,0,0,0.12,0.01,0.0,0.01,0.1,0.9,-1.2,0.0,0,0,1,1,0.675,0.32
58,7,-0.7262225151062012,-0.0159645676612854,2.7517008781433105,0.32450020848603783,0.6754996127000278,0,0,0,0.12,0.01,0.0,0.01,0.1,0.9,-1.2,0.0,0,0,1,0,0.675,0.32
59,0,-0.16960881650447845,0.09130679816007614,0.08042947947978973,0.24403487659533288,0.755562076796696,0,0,0,0.12,0.01,0.0,0.01,0.1,0.9,-1.2,0.0,0,0,1,0,0.675,0.32
59,1,-0.551033079624176,-0.33019986748695374,-2.25463604927063,0.5872090720216273,0.41216996678910267,0,0,0,0.12,0.01,0.0,0.01,0.1,0.9,-1.2,0.0,0,0,1,1,0.675,0.32
59,2,-0.3748753070831299,0.4276432693004608,3.0416176319122314,0.7731376773242488,-0.6053597664956585,0,0,0,0.12,0.01,0.0,0.01,0.1,0.9,-1.2,0.0,0,0,1,0,0.675,0.32
59,3,-0.3359307646751404,-0.4277922511100769,-0.060561127960681915,2.0483253511368567,-1.048327437299424,0,0,0,0.12,0.01,0.0,0.01,0.1,0.9,-1.2,0.0,0,0,1,0,0.675,0.32
59,4,-0.5094887614250183,-0.10740889608860016,0.8686180114746094,0.6969217840856955,0.2893805917077616,0,0,0,0.12,0.01,0.0,0.01,0.1,0.9,-1.2,0.0,0,0,1,0,0.675,0.32
59,5,-0.5204740762710571,0.016489816829562187,1.5353972911834717,1.680936335902159,-0.6810078614758897,0,0,0,0.12,0.01,0.0,0.01,0.1,0.9,-1.2,0.0,0,0,1,0,0.675,0.32
59,6,-0.5563810467720032,-0.43271970748901367,-3.108839511871338,0.04830197568371783,0.948126156373472,0,0,0,0.12,0.01,0.0,0.01,0.1,0.9,-1.2,0.0,0,0,1,1,0.675,0.32
59,7,-0.727171003818512,-0.015634926036000252,2.8890998363494873,2.3634474679861963,-1.3634477064047756,0,0,0,0.12,0.01,0.0,0.01,0.1,0.9,-1.2,0.0,0,0,1,0,0.675,0.32
60,0,-0.168613001704216,0.09139367938041687,0.09964706003665924,0.4951918181066093,0.5043932143564644,0,0,0,0.12,0.01,0.0,0.01,0.1,0.9,-1.2,0.0,0,0,1,0,0.675,0.32
60,1,-0.5516654849052429,-0.3309737741947174,-2.2581162452697754,0.591506019777621,0.4078652704292882,0,0,0,0.12,0.01,0.0,0.01,0.1,0.9,-1.2,0.0,0,0,1,1,0.675,0.32
60,2,-0.37504884600639343,0.4276657998561859,2.97802734375,0.5062160480031905,-0.34017088890170427,0,0,0,0.12,0.01,0.0,0.01,0.1,0.9,-1.2,0.0,0,0,1,0,0.675,0.32
60,3,-0.33492782711982727,-0.4278925955295563,-0.17427165806293488,0.04613492867079826,0.9538629851666345,0,0,0,0.12,0.01,0.0,0.01,0.1,0.9,-1.2,0.0,0,0,1,0,0.675,0.32
60,4,-0.5088469386100769,-0.10666032880544662,0.8542265295982361,0.7038397476113448,0.2826942518317094,0,0,0,0.12,0.01,0.0,0.01,0.1,0.9,-1.2,0.0,0,0,1,0,0.675,0.32
60,5,-0.5204423666000366,0.01748840883374214,1.517304539680481,1.4802657077778558,-0.4803402731884698,0,0,0,0.12,0.01,0.0,0.01,0.1,0.9,-1.2,0.0,0,0,1,0,0.675,0.32
60,6,-0.5573755502700806,-0.4327995479106903,-3.0115137100219727,1.2014638926798862,-0.2050466682726902,0,0,0,0.12,0.01,0.0,0.01,0.1,0.9,-1.2,0.0,0,0,1,1,0.675,0.32
60,7,-0.7281450629234314,-0.015414860099554062,2.926093578338623,2.5137748581168844,-1.5137750965354635,0,0,0,0.12,0.01,0.0,0.01,0.1,0.9,-1.2,0.0,0,0,1,0,0.675,0.32
61,0,-0.16761930286884308,0.09150253981351852,0.11843320727348328,0.7402813285509685,0.25929011405309654,0,0,0,0.12,0.01,0.0,0.01,0.1,0.9,-1.2,0.0,0,0,1,0,0.675,0.32
61,1,-0.5523013472557068,-0.3317447304725647,-2.263841152191162,0.573997180915326,0.4253627844090758,0,0,0,0.12,0.01,0.0,0.01,0.1,0.9,-1.2,0.0,0,0,1,1,0.675,0.32
61,2,-0.3752187192440033,0.42769765853881836,2.9267730712890625,0.20195644865629306,-0.03984279702303043,0,0,0,0.12,0.01,0.0,0.01,0.1,0.9,-1.2,0.0,0,0,1,0,0.675,0.32
61,3,-0.3339362144470215,-0.428119421005249,-0.28728631138801575,-1.3991702588006207,2.3991676361962506,0,0,0,0.12,0.01,0.0,0.01,0.1,0.9,-1.2,0.0,0,0,1,0,0.675,0.32
61,4,-0.508194088935852,-0.10592105984687805,0.8399121165275574,0.713439192569239,0.2732759453892877,0,0,0,0.12,0.01,0.0,0.01,0.1,0.9,-1.2,0.0,0,0,1,0,0.675,0.32
61,5,-0.5203636884689331,0.01848578453063965,1.4438703060150146,0.4972789766372118,0.5026438949524488,0,0,0,0.12,0.01,0.0,0.01,0.1,0.9,-1.2,0.0,0,0,1,0,0.675,0.32
61,6,-0.5583665370941162,-0.43295782804489136,-2.967627763748169,1.8690913466634502,-0.8729322103681314,0,0,0,0.12,0.01,0.0,0.01,0.1,0.9,-1.2,0.0,0,0,1,1,0.675,0.32
61,7,-0.7291186451911926,-0.015176033601164818,2.823396682739258,1.6033596143048972,-0.6033598527234764,0,0,0,0.12,0.01,0.0,0.01,0.1,0.9,-1.2,0.0,0,0,1,0,0.675,0.32
62,0,-0.16662727296352386,0.09162499010562897,0.12229997664690018,0.8050869759629601,0.194471472828544,0,0,0,0.12,0.01,0.0,0.01,0.1,0.9,-1.2,0.0,0,0,1,0,0.675,0.32
62,1,-0.5529422163963318,-0.3325116038322449,-2.2702388763427734,0.5548619682704907,0.4444848840320606,0,0,0,0.12,0.01,0.0,0.01,0.1,0.9,-1.2,0.0,0,0,1,1,0.675,0.32
62,2,-0.3753833472728729,0.4277360737323761,2.893256425857544,-0.10486013693275066,0.2611472557252845,0,0,0,0.12,0.01,0.0,0.01,0.1,0.9,-1.2,0.0,0,0,1,0,0.675,0.32
62,3,-0.33298102021217346,-0.42841875553131104,-0.2833666205406189,-1.480090378755194,2.4800873985229557,0,0,0,0.12,0.01,0.0,0.01,0.1,0.9,-1.2,0.0,0,0,1,0,0.675,0.32
62,4,-0.507530152797699,-0.1051914393901825,0.8252174854278564,0.7194212014530225,0.2674002115871387,0,0,0,0.12,0.01,0.0,0.01,0.1,0.9,-1.2,0.0,0,0,1,0,0.675,0.32
62,5,-0.5202026963233948,0.01948043331503868,1.3719213008880615,-0.4534935865070839,1.4534089479115029,0,0,0,0.12,0.01,0.0,0.01,0.1,0.9,-1.2,0.0,0,0,1,0,0.675,0.32
62,6,-0.5593476891517639,-0.433126837015152,-3.0009231567382812,2.010568553591411,-1.01440339722697,0,0,0,0.12,0.01,0.0,0.01,0.1,0.9,-1.2,0.0,0,0,1,1,0.675,0.32
62,7,-0.7300599217414856,-0.014802769757807255,2.6834475994110107,-1.0503439681378222,2.050343729719243,0,0,0,0.12,0.01,0.0,0.01,0.1,0.9,-1.2,0.0,0,0,1,0,0.675,0.32
63,0,-0.16563467681407928,0.091742604970932,0.10885560512542725,0.6646108688760495,0.33493649345152615,0,0,0,0.12,0.01,0.0,0.01,0.1,0.9,-1.2,0.0,0,0,1,0,0.675,0.32
63,1,-0.5535879135131836,-0.33327436447143555,-2.275714159011841,0.546408203353099,0.4529270856483658,0,0,0,0.12,0.01,0.0,0.01,0.1,0.9,-1.2,0.0,0,0,1,1,0.675,0.32
63,2,-0.3755420446395874,0.4277775287628174,2.8804948329925537,-0.3874284490676942,0.536969335350615,0,0,0,0.12,0.01,0.0,0.01,0.1,0.9,-1.2,0.0,0,0,1,0,0.675,0.32
63,3,-0.33201107382774353,-0.4286620318889618,-0.1700727939605713,-0.8922397956831574,1.8922370538694977,0,0,0,0.12,0.01,0.0,0.01,0.1,0.9,-1.2,0.0,0,0,1,0,0.675,0.32
63,4,-0.5068548917770386,-0.10447200387716293,0.8098946809768677,0.7176502580746366,0.2692374949351596,0,0,0,0.12,0.01,0.0,0.01,0.1,0.9,-1.2,0.0,0,0,1,0,0.675,0.32
63,5,-0.519989550113678,0.020458217710256577,1.3583186864852905,-0.5915244697115477,1.5914329169771728,0,0,0,0.12,0.01,0.0,0.01,0.1,0.9,-1.2,0.0,0,0,1,0,0.675,0.32
63,6,-0.5603383183479309,-0.4332340955734253,-3.0878942012786865,1.8056654165164159,-0.8091348240748572,0,0,0,0.12,0.01,0.0,0.01,0.1,0.9,-1.2,0.0,0,0,1,1,0.675,0.32
63,7,-0.7309407591819763,-0.014312291517853737,2.5929977893829346,-1.5703178637948396,2.5703175061669707,0,0,0,0.12,0.01,0.0,0.01,0.1,0.9,-1.2,0.0,0,0,1,0,0.675,0.32
64,0,-0.16463997960090637,0.09184174984693527,0.08831709623336792,0.4371485446040526,0.5623870756085023,0,0,0,0.12,0.01,0.0,0.01,0.1,0.9,-1.2,0.0,0,0,1,0,0.675,0.32
64,1,-0.5542373061180115,-0.3340339660644531,-2.279869556427002,0.5483267720442778,0.4509998742836946,0,0,0,0.12,0.01,0.0,0.01,0.1,0.9,-1.2,0.0,0,0,1,1,0.675,0.32
64,2,-0.375694215297699,0.4278181493282318,2.889082908630371,-0.6194386080890577,0.7624824688821713,0,0,0,0.12,0.01,0.0,0.01,0.1,0.9,-1.2,0.0,0,0,1,0,0.675,0.32
64,3,-0.3310140073299408,-0.4287717640399933,-0.03191418945789337,1.1843810640878005,-0.18438380590146008,0,0,0,0.12,0.01,0.0,0.01,0.1,0.9,-1.2,0.0,0,0,1,0,0.675,0.32
64,4,-0.5061682462692261,-0.10376319289207458,0.7941027879714966,0.7085828430878267,0.27839157507547296,0,0,0,0.12,0.01,0.0,0.01,0.1,0.9,-1.2,0.0,0,0,1,0,0.675,0.32
64,5,-0.5197948217391968,0.02143859677016735,1.4119563102722168,0.05475414685914394,0.9451511413603078,0,0,0,0.12,0.01,0.0,0.01,0.1,0.9,-1.2,0.0,0,0,1,0,0.675,0.32
64,6,-0.5613359808921814,-0.4332406222820282,3.090991973876953,1.1865838990938677,-0.18971105678200864,0,0,0,0.12,0.01,0.0,0.01,0.1,0.9,-1.2,0.0,0,0,1,1,0.675,0.32
64,7,-0.7317987084388733,-0.013800534419715405,2.664992570877075,-1.251165125733062,2.251164827709838,0,0,0,0.12,0.01,0.0,0.01,0.1,0.9,-1.2,0.0,0,0,1,0,0.675,0.32
65,0,-0.16364364326000214,0.0919221043586731,0.0747663825750351,0.2930340993908931,0.7064880501719425,0,0,0,0.12,0.01,0.0,0.01,0.1,0.9,-1.2,0.0,0,0,1,0,0.675,0.32
65,1,-0.5548895001411438,-0.3347911536693573,-2.2832818031311035,0.5514670847482588,0.44785336269665693,0,0,0,0.12,0.01,0.0,0.01,0.1,0.9,-1.2,0.0,0,0,1,1,0.675,0.32
65,2,-0.3758406341075897,0.4278545677661896,2.9176156520843506,-0.7805764198243943,0.9184316664874879,0,0,0,0.12,0.01,0.0,0.01,0.1,0.9,-1.2,0.0,0,0,1,0,0.675,0.32
65,3,-0.33001309633255005,-0.42875033617019653,0.07407246530056,2.300861296309481,-1.3008645149602993,0,0,0,0.12,0.01,0.0,0.01,0.1,0.9,-1.2,0.0,0,0,1,0,0.675,0.32
65,4,-0.5054706335067749,-0.10306514799594879,0.7783271074295044,0.6949820165249582,0.29215619520218417,0,0,0,0.12,0.01,0.0,0.01,0.1,0.9,-1.2,0.0,0,0,1,0,0.675,0.32
65,5,-0.5196706652641296,0.022431539371609688,1.4866901636123657,1.076327121532587,-0.07642803219619154,0,0,0,0.12,0.01,0.0,0.01,0.1,0.9,-1.2,0.0,0,0,1,0,0.675,0.32
65,6,-0.562328577041626,-0.43314266204833984,2.9960501194000244,0.17678392256369024,0.8201529351366577,0,0,0,0.12,0.01,0.0,0.01,0.1,0.9,-1.2,0.0,0,0,1,1,0.675,0.32
65,7,-0.7327144742012024,-0.01339142955839634,2.8034286499023438,1.014561720548207,-0.01456201857143076,0,0,0,0.12,0.01,0.0,0.01,0.1,0.9,-1.2,0.0,0,0,1,0,0.675,0.32
66,0,-0.1626468002796173,0.09199494123458862,0.07598830759525299,0.3229331717239655,0.6765752091659271,0,0,0,0.12,0.01,0.0,0.01,0.1,0.9,-1.2,0.0,0,0,1,0,0.675,0.32
66,1,-0.5555440783500671,-0.33554625511169434,-2.2866835594177246,0.5478839531535938,0.4514317259197399,0,0,0,0.12,0.01,0.0,0.01,0.1,0.9,-1.2,0.0,0,0,1,1,0.675,0.32
66,2,-0.3759819567203522,0.427884042263031,2.9629149436950684,-0.8493064521502636,0.9838292478274486,0,0,0,0.12,0.01,0.0,0.01,0.1,0.9,-1.2,0.0,0,0,1,0,0.675,0.32
66,3,-0.32901903986930847,-0.4286654591560364,0.054848480969667435,2.187292856887363,-1.187296135142826,0,0,0,0.12,0.01,0.0,0.01,0.1,0.9,-1.2,0.0,0,0,1,0,0.675,0.32
66,4,-0.5047624707221985,-0.10237764567136765,0.7630906105041504,0.6819764900854451,0.3053981732675212,0,0,0,0.12,0.01,0.0,0.01,0.1,0.9,-1.2,0.0,0,0,1,0,0.675,0.32
66,5,-0.5196117162704468,0.023429889231920242,1.52700674533844,1.5320326484921547,-0.532141665387449,0,0,0,0.12,0.01,0.0,0.01,0.1,0.9,-1.2,0.0,0,0,1,0,0.675,0.32
66,6,-0.563310444355011,-0.4329639971256256,2.9387621879577637,-0.6002861518194532,1.5970300692846633,0,0,0,0.12,0.01,0.0,0.01,0.1,0.9,-1.2,0.0,0,0,1,1,0.675,0.32
66,7,-0.7336785793304443,-0.013112958520650864,2.9310388565063477,2.4518406597362694,-1.451841017364138,0,0,0,0.12,0.01,0.0,0.01,0.1,0.9,-1.2,0.0,0,0,1,0,0.675,0.32
67,0,-0.16165046393871307,0.0920746847987175,0.08848607540130615,0.48573098005658494,0.5137633341371407,0,0,0,0.12,0.01,0.0,0.01,0.1,0.9,-1.2,0.0,0,0,1,0,0.675,0.32
67,1,-0.5562012195587158,-0.3362991213798523,-2.2902891635894775,0.5383892887228936,0.46092054909525204,0,0,0,0.12,0.01,0.0,0.01,0.1,0.9,-1.2,0.0,0,0,1,1,0.675,0.32
67,2,-0.37611931562423706,0.42790472507476807,3.0203359127044678,-0.8097381708568746,0.9426120636409931,0,0,0,0.12,0.01,0.0,0.01,0.1,0.9,-1.2,0.0,0,0,1,0,0.675,0.32
67,3,-0.3280195891857147,-0.42864665389060974,-0.056194666773080826,0.6541175475029618,0.34587941266015454,0,0,0,0.12,0.01,0.0,0.01,0.1,0.9,-1.2,0.0,0,0,1,0,0.675,0.32
67,4,-0.5040444135665894,-0.1017003059387207,0.7487530708312988,0.6754903597641424,0.31214239170070135,0,0,0,0.12,0.01,0.0,0.01,0.1,0.9,-1.2,0.0,0,0,1,0,0.675,0.32
67,5,-0.5195659399032593,0.024428077042102814,1.5008434057235718,1.2164412095974535,-0.21655392198072376,0,0,0,0.12,0.01,0.0,0.01,0.1,0.9,-1.2,0.0,0,0,1,0,0.675,0.32
67,6,-0.5642846822738647,-0.43275678157806396,2.9472477436065674,-0.8337302901139931,1.8303462364068706,0,0,0,0.12,0.01,0.0,0.01,0.1,0.9,-1.2,0.0,0,0,1,1,0.675,0.32
67,7,-0.7346612811088562,-0.012921996414661407,2.9261832237243652,2.413292709932354,-1.4132931271648677,0,0,0,0.12,0.01,0.0,0.01,0.1,0.9,-1.2,0.0,0,0,1,0,0.675,0.32
68,0,-0.16065537929534912,0.09216885268688202,0.10131446272134781,0.6523790658615815,0.34710034717095034,0,0,0,0.12,0.01,0.0,0.01,0.1,0.9,-1.2,0.0,0,0,1,0,0.675,0.32
68,1,-0.5568609833717346,-0.3370496928691864,-2.2937378883361816,0.5332664850152217,0.4660341140829839,0,0,0,0.12,0.01,0.0,0.01,0.1,0.9,-1.2,0.0,0,0,1,1,0.675,0.32
68,2,-0.37625405192375183,0.42791613936424255,3.083750009536743,-0.6602432584334248,0.792123258667075,0,0,0,0.12,0.01,0.0,0.01,0.1,0.9,-1.2,0.0,0,0,1,0,0.675,0.32
68,3,-0.32701513171195984,-0.42875608801841736,-0.17695525288581848,-1.2032785008496278,2.2032749245709415,0,0,0,0.12,0.01,0.0,0.01,0.1,0.9,-1.2,0.0,0,0,1,0,0.675,0.32
68,4,-0.5033169984817505,-0.10103271156549454,0.7353427410125732,0.6782185422080695,0.30961710346758964,0,0,0,0.12,0.01,0.0,0.01,0.1,0.9,-1.2,0.0,0,0,1,0,0.675,0.32
68,5,-0.5194713473320007,0.025425102561712265,1.4347035884857178,0.3141109799955458,0.6857713604356677,0,0,0,0.12,0.01,0.0,0.01,0.1,0.9,-1.2,0.0,0,0,1,0,0.675,0.32
68,6,-0.5652663707733154,-0.43258559703826904,3.0135350227355957,-0.6548217376810528,1.651582284842155,0,0,0,0.12,0.01,0.0,0.01,0.1,0.9,-1.2,0.0,0,0,1,1,0.675,0.32
68,7,-0.7356358766555786,-0.012673991732299328,2.808783531188965,0.9404707120246883,0.0595289303474431,0,0,0,0.12,0.01,0.0,0.01,0.1,0.9,-1.2,0.0,0,0,1,0,0.675,0.32
69,0,-0.15966133773326874,0.09227301180362701,0.10458855330944061,0.7065483743356682,0.29291661437282784,0,0,0,0.12,0.01,0.0,0.01,0.1,0.9,-1.2,0.0,0,0,1,0,0.675,0.32
69,1,-0.5575231909751892,-0.3377980887889862,-2.296602964401245,0.5411110709360964,0.4581765343495482,0,0,0,0.12,0.01,0.0,0.01,0.1,0.9,-1.2,0.0,0,0,1,1,0.675,0.32
69,2,-0.37638726830482483,0.42791876196861267,-3.137357473373413,-0.4166561267555398,0.5468958071649712,0,0,0,0.12,0.01,0.0,0.01,0.1,0.9,-1.2,0.0,0,0,1,0,0.675,0.32
69,3,-0.326030969619751,-0.4289604723453522,-0.2098897397518158,-1.466005188493759,2.46600095656398,0,0,0,0.12,0.01,0.0,0.01,0.1,0.9,-1.2,0.0,0,0,1,0,0.675,0.32
69,4,-0.5025806427001953,-0.10037459433078766,0.722484827041626,0.6877031117176475,0.3002499551082191,0,0,0,0.12,0.01,0.0,0.01,0.1,0.9,-1.2,0.0,0,0,1,0,0.675,0.32
69,5,-0.5193086266517639,0.026417579501867294,1.379770278930664,-0.38718268042103726,1.387054590039415,0,0,0,0.12,0.01,0.0,0.01,0.1,0.9,-1.2,0.0,0,0,1,0,0.675,0.32
69,6,-0.566260039806366,-0.43249547481536865,3.1038458347320557,-0.07214315431829281,1.069115238363703,0,0,0,0.12,0.01,0.0,0.01,0.1,0.9,-1.2,0.0,0,0,1,1,0.675,0.32
69,7,-0.7365729808807373,-0.012289387173950672,2.6732771396636963,-1.2737428351474347,2.2737424179149213,0,0,0,0.12,0.01,0.0,0.01,0.1,0.9,-1.2,0.0,0,0,1,0,0.675,0.32
70,0,-0.15866707265377045,0.09237493574619293,0.09621996432542801,0.6248159099771414,0.3746357868955698,0,0,0,0.12,0.01,0.0,0.01,0.1,0.9,-1.2,0.0,0,0,1,0,0.675,0.32
70,1,-0.5581873655319214,-0.33854469656944275,-2.2990474700927734,0.5581837235073863,0.4410890402217091,0,0,0,0.12,0.01,0.0,0.01,0.1,0.9,-1.2,0.0,0,0,1,1,0.675,0.32
70,2,-0.3765192925930023,0.4279145300388336,-3.0842854976654053,-0.1168814404064794,0.24401373696867423,0,0,0,0.12,0.01,0.0,0.01,0.1,0.9,-1.2,0.0,0,0,1,0,0.675,0.32
70,3,-0.32504817843437195,-0.4291440546512604,-0.11617416143417358,-1.035536768894451,2.0355328945925404,0,0,0,0.12,0.01,0.0,0.01,0.1,0.9,-1.2,0.0,0,0,1,0,0.675,0.32
70,4,-0.5018355250358582,-0.09972607344388962,0.7095732092857361,0.6979256119397386,0.2900812778803604,0,0,0,0.12,0.01,0.0,0.01,0.1,0.9,-1.2,0.0,0,0,1,0,0.675,0.32
70,5,-0.519110381603241,0.027397941797971725,1.3801602125167847,-0.3848098672836031,1.3846730150191988,0,0,0,0.12,0.01,0.0,0.01,0.1,0.9,-1.2,0.0,0,0,1,0,0.675,0.32
70,6,-0.5672577023506165,-0.43249765038490295,-3.0958411693573,0.8019574944720649,0.19507979705472958,0,0,0,0.12,0.01,0.0,0.01,0.1,0.9,-1.2,0.0,0,0,1,1,0.675,0.32
70,7,-0.7374475598335266,-0.011804183013737202,2.620417594909668,-1.5314845613738215,2.5314840249320185,0,0,0,0.12,0.01,0.0,0.01,0.1,0.9,-1.2,0.0,0,0,1,0,0.675,0.32
71,0,-0.15767161548137665,0.09246458858251572,0.08246603608131409,0.47901614050252217,0.5204218473018906,0,0,0,0.12,0.01,0.0,0.01,0.1,0.9,-1.2,0.0,0,0,1,0,0.675,0.32
71,1,-0.5588535070419312,-0.3392896056175232,-2.30186128616333,0.5716174681988875,0.42764009634579025,0,0,0,0.12,0.01,0.0,0.01,0.1,0.9,-1.2,0.0,0,0,1,1,0.675,0.32
71,2,-0.3766494393348694,0.42790454626083374,-3.0470528602600098,0.20743885071885756,-0.08483690204036405,0,0,0,0.12,0.01,0.0,0.01,0.1,0.9,-1.2,0.0,0,0,1,0,0.675,0.32
71,3,-0.3240475356578827,-0.42920225858688354,0.01843379996716976,0.8652348477449862,0.1347613375577481,0,0,0,0.12,0.01,0.0,0.01,0.1,0.9,-1.2,0.0,0,0,1,0,0.675,0.32
71,4,-0.501081645488739,-0.09908763319253922,0.6960989236831665,0.7023179160796872,0.28573093541033356,0,0,0,0.12,0.01,0.0,0.01,0.1,0.9,-1.2,0.0,0,0,1,0,0.675,0.32
71,5,-0.5189378261566162,0.02838265895843506,1.4326213598251343,0.2578817000613373,0.7419753083958466,0,0,0,0.12,0.01,0.0,0.01,0.1,0.9,-1.2,0.0,0,0,1,0,0.675,0.32
71,6,-0.5682519674301147,-0.4325719177722931,-3.0475027561187744,1.462141754653614,-0.4651807570721319,0,0,0,0.12,0.01,0.0,0.01,0.1,0.9,-1.2,0.0,0,0,1,1,0.675,0.32
71,7,-0.738324761390686,-0.011327969841659069,2.714198589324951,-0.9389311539408635,1.9389306771037056,0,0,0,0.12,0.01,0.0,0.01,0.1,0.9,-1.2,0.0,0,0,1,0,0.675,0.32
72,0,-0.1566750556230545,0.09254105389118195,0.07252227514982224,0.3769176016974747,0.6225051273178757,0,0,0,0.12,0.01,0.0,0.01,0.1,0.9,-1.2,0.0,0,0,1,0,0.675,0.32
72,1,-0.5595220923423767,-0.3400322496891022,-2.3057444095611572,0.569638008144325,0.4296045956345141,0,0,0,0.12,0.01,0.0,0.01,0.1,0.9,-1.2,0.0,0,0,1,1,0.675,0.32
72,2,-0.3767760992050171,0.4278911054134369,-3.0301408767700195,0.5152364934458762,-0.3977630178108245,0,0,0,0.12,0.01,0.0,0.01,0.1,0.9,-1.2,0.0,0,0,1,0,0.675,0.32
72,3,-0.3230486810207367,-0.4291267693042755,0.13254821300506592,2.2508719490659805,-1.2508764194143385,0,0,0,0.12,0.01,0.0,0.01,0.1,0.9,-1.2,0.0,0,0,1,0,0.675,0.32
72,4,-0.5003186464309692,-0.0984598770737648,0.6819196343421936,0.6977505505518992,0.2903811513943593,0,0,0,0.12,0.01,0.0,0.01,0.1,0.9,-1.2,0.0,0,0,1,0,0.675,0.32
72,5,-0.5188292264938354,0.029377184808254242,1.4947915077209473,1.0610090904932659,-0.0611622148256938,0,0,0,0.12,0.01,0.0,0.01,0.1,0.9,-1.2,0.0,0,0,1,0,0.675,0.32
72,6,-0.5692430734634399,-0.43267038464546204,-3.0566086769104004,1.656675526434393,-0.6597303836884215,0,0,0,0.12,0.01,0.0,0.01,0.1,0.9,-1.2,0.0,0,0,1,1,0.675,0.32
72,7,-0.7392618060112,-0.01096859946846962,2.853564977645874,1.5702646487202965,-0.5702651255574547,0,0,0,0.12,0.01,0.0,0.01,0.1,0.9,-1.2,0.0,0,0,1,0,0.675,0.32
73,0,-0.15567812323570251,0.0926116406917572,0.07192041724920273,0.38234422531051937,0.617062589264676,0,0,0,0.12,0.01,0.0,0.01,0.1,0.9,-1.2,0.0,0,0,1,0,0.675,0.32
73,1,-0.5601939558982849,-0.34077194333076477,-2.310621738433838,0.5508528138580882,0.44837542520136003,0,0,0,0.12,0.01,0.0,0.01,0.1,0.9,-1.2,0.0,0,0,1,1,0.675,0.32
73,2,-0.37689879536628723,0.4278770089149475,-3.035827875137329,0.769090209877138,-0.6563502445575046,0,0,0,0.12,0.01,0.0,0.01,0.1,0.9,-1.2,0.0,0,0,1,0,0.675,0.32
73,3,-0.3220614194869995,-0.42897579073905945,0.13346143066883087,2.295995293716897,-1.296000062088479,0,0,0,0.12,0.01,0.0,0.01,0.1,0.9,-1.2,0.0,0,0,1,0,0.675,0.32
73,4,-0.49954667687416077,-0.09784319251775742,0.6673480868339539,0.6866779513207321,0.30158798028556066,0,0,0,0.12,0.01,0.0,0.01,0.1,0.9,-1.2,0.0,0,0,1,0,0.675,0.32
73,5,-0.5187720656394958,0.03037537820637226,1.5207961797714233,1.3407590689566429,-0.34092310093906464,0,0,0,0.12,0.01,0.0,0.01,0.1,0.9,-1.2,0.0,0,0,1,0,0.675,0.32
73,6,-0.5702377557754517,-0.4327342212200165,-3.115032911300659,1.4490749732597934,-0.45199518362127417,0,0,0,0.12,0.01,0.0,0.01,0.1,0.9,-1.2,0.0,0,0,1,1,0.675,0.32
73,7,-0.7402370572090149,-0.01073663029819727,2.9629712104797363,2.484865650904712,-1.4848663065558043,0,0,0,0.12,0.01,0.0,0.01,0.1,0.9,-1.2,0.0,0,0,1,0,0.675,0.32
74,0,-0.15468145906925201,0.09268566966056824,0.07912200689315796,0.47749405680741164,0.52189648569976,0,0,0,0.12,0.01,0.0,0.01,0.1,0.9,-1.2,0.0,0,0,1,0,0.675,0.32
74,1,-0.5608695149421692,-0.34150823950767517,-2.3155765533447266,0.5265339165922617,0.4726795405152823,0,0,0,0.12,0.01,0.0,0.01,0.1,0.9,-1.2,0.0,0,0,1,1,0.675,0.32
74,2,-0.37701672315597534,0.4278654456138611,-3.0635223388671875,0.93955794948084,-0.8304373048518384,0,0,0,0.12,0.01,0.0,0.01,0.1,0.9,-1.2,0.0,0,0,1,0,0.675,0.32
74,3,-0.32106736302375793,-0.4288741946220398,0.029774274677038193,1.2531192701037859,-0.25312368084749926,0,0,0,0.12,0.01,0.0,0.01,0.1,0.9,-1.2,0.0,0,0,1,0,0.675,0.32
74,4,-0.4987659454345703,-0.09723751246929169,0.6529732942581177,0.6758704266125357,0.3125511327212656,0,0,0,0.12,0.01,0.0,0.01,0.1,0.9,-1.2,0.0,0,0,1,0,0.675,0.32
74,5,-0.5187163949012756,0.031373221427202225,1.4926588535308838,0.9779416182527142,0.021887733649293868,0,0,0,0.12,0.01,0.0,0.01,0.1,0.9,-1.2,0.0,0,0,1,0,0.675,0.32
74,6,-0.5712354779243469,-0.4327252209186554,3.0895302295684814,0.8651611847838417,0.13204788732919542,0,0,0,0.12,0.01,0.0,0.01,0.1,0.9,-1.2,0.0,0,0,1,1,0.675,0.32
74,7,-0.7412202954292297,-0.010563882999122143,2.922506809234619,2.257606430886725,-1.2576070269331727,0,0,0,0.12,0.01,0.0,0.01,0.1,0.9,-1.2,0.0,0,0,1,0,0.675,0.32
75,0,-0.15368545055389404,0.09276831895112991,0.08745745569467545,0.5857145998046431,0.4136593130066361,0,0,0,0.12,0.01,0.0,0.01,0.1,0.9,-1.2,0.0,0,0,1,0,0.675,0.32
75,1,-0.5615483522415161,-0.34224146604537964,-2.3194499015808105,0.514353145827221,0.484844098816944,0,0,0,0.12,0.01,0.0,0.01,0.1,0.9,-1.2,0.0,0,0,1,1,0.675,0.32
75,2,-0.3771302402019501,0.4278586208820343,-3.1099629402160645,1.0199815559357917,-0.9133127558202064,0,0,0,0.12,0.01,0.0,0.01,0.1,0.9,-1.2,0.0,0,0,1,0,0.675,0.32
75,3,-0.3200656771659851,-0.42889711260795593,-0.0959346741437912,-0.8695164836939183,1.8695116557176916,0,0,0,0.12,0.01,0.0,0.01,0.1,0.9,-1.2,0.0,0,0,1,0,0.675,0.32
75,4,-0.4979769289493561,-0.09664244949817657,0.6392925977706909,0.6711756568766029,0.3173728603505701,0,0,0,0.12,0.01,0.0,0.01,0.1,0.9,-1.2,0.0,0,0,1,0,0.675,0.32
75,5,-0.5186151266098022,0.032368361949920654,1.4375255107879639,0.23100311388916686,0.768816999292901,0,0,0,0.12,0.01,0.0,0.01,0.1,0.9,-1.2,0.0,0,0,1,0,0.675,0.32
75,6,-0.5722296833992004,-0.43263813853263855,3.0198137760162354,0.10360233689376638,0.8936005363362141,0,0,0,0.12,0.01,0.0,0.01,0.1,0.9,-1.2,0.0,0,0,1,1,0.675,0.32
75,7,-0.7421950101852417,-0.01030357088893652,2.795387029647827,0.25554274301073726,0.7444566609428149,0,0,0,0.12,0.01,0.0,0.01,0.1,0.9,-1.2,0.0,0,0,1,0,0.675,0.32
76,0,-0.1526900678873062,0.09285777062177658,0.09035894274711609,0.6314495012950919,0.36790790102958465,0,0,0,0.12,0.01,0.0,0.01,0.1,0.9,-1.2,0.0,0,0,1,0,0.675,0.32
76,1,-0.5622294545173645,-0.34297260642051697,-2.321694850921631,0.5219430724497746,0.47723646961489224,0,0,0,0.12,0.01,0.0,0.01,0.1,0.9,-1.2,0.0,0,0,1,1,0.675,0.32
76,2,-0.3772401511669159,0.4278580844402313,3.1135034561157227,1.0119594115503698,-0.9069719914086728,0,0,0,0.12,0.01,0.0,0.01,0.1,0.9,-1.2,0.0,0,0,1,0,0.675,0.32
76,3,-0.3190631568431854,-0.4290333390235901,-0.16415105760097504,-1.4280121256176586,2.428006224757826,0,0,0,0.12,0.01,0.0,0.01,0.1,0.9,-1.2,0.0,0,0,1,0,0.675,0.32
76,4,-0.49718013405799866,-0.09605757147073746,0.6263812184333801,0.6742269030280712,0.3144060739807483,0,0,0,0.12,0.01,0.0,0.01,0.1,0.9,-1.2,0.0,0,0,1,0,0.675,0.32
76,5,-0.5184611082077026,0.03335947543382645,1.3987597227096558,-0.2601247466398688,1.2599306739164802,0,0,0,0.12,0.01,0.0,0.01,0.1,0.9,-1.2,0.0,0,0,1,0,0.675,0.32
76,6,-0.57322096824646,-0.43249475955963135,2.985701560974121,-0.4010858506307257,1.3981899589643134,0,0,0,0.12,0.01,0.0,0.01,0.1,0.9,-1.2,0.0,0,0,1,1,0.675,0.32
76,7,-0.7431284189224243,-0.009910879656672478,2.668248414993286,-1.3862586574968923,2.38625788263651,0,0,0,0.12,0.01,0.0,0.01,0.1,0.9,-1.2,0.0,0,0,1,0,0.675,0.32
77,0,-0.15169468522071838,0.09294699132442474,0.08582405745983124,0.631531220949582,0.367555099450656,0,0,0,0.12,0.01,0.0,0.01,0.1,0.9,-1.2,0.0,0,0,1,0,0.675,0.32
77,1,-0.5629117488861084,-0.3437025845050812,-2.3229146003723145,0.5420914650636076,0.45706971877046826,0,0,0,0.12,0.01,0.0,0.01,0.1,0.9,-1.2,0.0,0,0,1,1,0.675,0.32
77,2,-0.3773471713066101,0.4278644919395447,3.0467777252197266,0.9199119412721511,-0.8165230953515883,0,0,0,0.12,0.01,0.0,0.01,0.1,0.9,-1.2,0.0,0,0,1,0,0.675,0.32
77,3,-0.318075031042099,-0.42918717861175537,-0.09759940207004547,-1.1630061110710015,2.1630004486297474,0,0,0,0.12,0.01,0.0,0.01,0.1,0.9,-1.2,0.0,0,0,1,0,0.675,0.32
77,4,-0.4963759779930115,-0.09548266232013702,0.6138863563537598,0.6810589019116459,0.307632666462988,0,0,0,0.12,0.01,0.0,0.01,0.1,0.9,-1.2,0.0,0,0,1,0,0.675,0.32
77,5,-0.518286406993866,0.03434395790100098,1.4071592092514038,-0.1762648142193933,1.1760590589856286,0,0,0,0.12,0.01,0.0,0.01,0.1,0.9,-1.2,0.0,0,0,1,0,0.675,0.32
77,6,-0.574205756187439,-0.43233972787857056,3.002767562866211,-0.4861169070105875,1.4831917494635904,0,0,0,0.12,0.01,0.0,0.01,0.1,0.9,-1.2,0.0,0,0,1,1,0.675,0.32
77,7,-0.7440081834793091,-0.009434613399207592,2.6575698852539062,-1.378653746824442,2.378652673940836,0,0,0,0.12,0.01,0.0,0.01,0.1,0.9,-1.2,0.0,0,0,1,0,0.675,0.32
78,0,-0.1506986916065216,0.09302906692028046,0.07720779627561569,0.8551370106356145,0.14367965835165972,0,0,0,0.12,0.01,0.0,0.01,0.1,0.9,-1.2,0.0,0,0,1,0,0.675,0.32
78,1,-0.5635948181152344,-0.3444317877292633,-2.324390172958374,0.5560337618633809,0.442777661915153,0,0,0,0.12,0.01,0.0,0.01,0.1,0.9,-1.2,0.0,0,0,1,1,0.675,0.32
78,2,-0.37745726108551025,0.42787817120552063,2.9791195392608643,0.7413826846479415,-0.640264298856163,0,0,0,0.12,0.01,0.0,0.01,0.1,0.9,-1.2,0.0,0,0,1,0,0.675,0.32
78,3,-0.3170747458934784,-0.42923447489738464,0.03016744554042816,0.4085234214227562,0.5914712141592141,0,0,0,0.12,0.01,0.0,0.01,0.1,0.9,-1.2,0.0,0,0,1,0,0.675,0.32
78,4,-0.4955645501613617,-0.0949179083108902,0.6012865900993347,0.6845169626458015,0.3042351044432793,0,0,0,0.12,0.01,0.0,0.01,0.1,0.9,-1.2,0.0,0,0,1,0,0.675,0.32
78,5,-0.5181389451026917,0.035332828760147095,1.4536350965499878,0.3816892390594536,0.6180949325218147,0,0,0,0.12,0.01,0.0,0.01,0.1,0.9,-1.2,0.0,0,0,1,0,0.675,0.32
78,6,-0.5751959085464478,-0.4322216510772705,3.0588669776916504,-0.1988219086162317,1.1959706608287564,0,0,0,0.12,0.01,0.0,0.01,0.1,0.9,-1.2,0.0,0,0,1,1,0.675,0.32
78,7,-0.7449077367782593,-0.008998499251902103,2.767265796661377,-0.2060688030334396,1.2060677897544783,0,0,0,0.12,0.01,0.0,0.01,0.1,0.9,-1.2,0.0,0,0,1,0,0.675,0.32
79,0,-0.14970216155052185,0.09310147911310196,0.06795356422662735,0.759900422094009,0.2389031338714145,0,0,0,0.12,0.01,0.0,0.01,0.1,0.9,-1.2,0.0,0,0,1,0,0.675,0.32
79,1,-0.5642793774604797,-0.3451596200466156,-2.327104091644287,0.5558198044078392,0.44297343995403826,0,0,0,0.12,0.01,0.0,0.01,0.1,0.9,-1.2,0.0,0,0,1,1,0.675,0.32
79,2,-0.377564936876297,0.42789846658706665,2.9166903495788574,0.4819388731976402,-0.38443149324854736,0,0,0,0.12,0.01,0.0,0.01,0.1,0.9,-1.2,0.0,0,0,1,0,0.675,0.32
79,3,-0.3160758912563324,-0.4291456937789917,0.15121176838874817,1.9407072661477998,-0.9407148359376862,0,0,0,0.12,0.01,0.0,0.01,0.1,0.9,-1.2,0.0,0,0,1,0,0.675,0.32
79,4,-0.4947457015514374,-0.09436384588479996,0.588265597820282,0.680789716041574,0.308044843875876,0,0,0,0.12,0.01,0.0,0.01,0.1,0.9,-1.2,0.0,0,0,1,0,0.675,0.32
79,5,-0.5180445313453674,0.036328528076410294,1.502292513847351,0.9717582918415417,0.0280118726482044,0,0,0,0.12,0.01,0.0,0.01,0.1,0.9,-1.2,0.0,0,0,1,0,0.675,0.32
79,6,-0.5761922597885132,-0.43216919898986816,3.126826286315918,0.38404527654352044,0.613162663081266,0,0,0,0.12,0.01,0.0,0.01,0.1,0.9,-1.2,0.0,0,0,1,1,0.675,0.32
79,7,-0.7458617687225342,-0.008687520399689674,2.899561882019043,1.892198866377564,-0.8922003564936831,0,0,0,0.12,0.01,0.0,0.01,0.1,0.9,-1.2,0.0,0,0,1,0,0.675,0.32
80,0,-0.14870493113994598,0.09315986186265945,0.0461331307888031,0.5306334167696455,0.46815625131354544,0,0,0,0.12,0.01,0.0,0.01,0.1,0.9,-1.2,0.0,0,0,1,0,0.675,0.32
80,1,-0.5649661421775818,-0.34588494896888733,-2.3308942317962646,0.5426764495859836,0.4560970060338284,0,0,0,0.12,0.01,0.0,0.01,0.1,0.9,-1.2,0.0,0,0,1,1,0.675,0.32
80,2,-0.37766721844673157,0.4279238283634186,2.865588665008545,0.16169177883118435,-0.06944228105992124,0,0,0,0.12,0.01,0.0,0.01,0.1,0.9,-1.2,0.0,0,0,1,0,0.675,0.32
80,3,-0.31509488821029663,-0.4289669394493103,0.18008677661418915,2.237305677371096,-1.2373141412306543,0,0,0,0.12,0.01,0.0,0.01,0.1,0.9,-1.2,0.0,0,0,1,0,0.675,0.32
80,4,-0.493919312953949,-0.0938209518790245,0.5749601125717163,0.671939340864723,0.31699273225157953,0,0,0,0.12,0.01,0.0,0.01,0.1,0.9,-1.2,0.0,0,0,1,0,0.675,0.32
80,5,-0.5179891586303711,0.03732667118310928,1.5184197425842285,1.128506362187687,-0.12875014518481828,0,0,0,0.12,0.01,0.0,0.01,0.1,0.9,-1.2,0.0,0,0,1,0,0.675,0.32
80,6,-0.5771896243095398,-0.4321826100349426,-3.1033694744110107,0.9977792689835573,-0.0005954692399049409,0,0,0,0.12,0.01,0.0,0.01,0.1,0.9,-1.2,0.0,0,0,1,1,0.675,0.32
80,7,-0.7468422651290894,-0.008487789891660213,2.9654898643493652,2.375344130348555,-1.3753458588832537,0,0,0,0.12,0.01,0.0,0.01,0.1,0.9,-1.2,0.0,0,0,1,0,0.675,0.32
81,0,-0.14770667254924774,0.09319503605365753,0.026489868760108948,0.32373083579022255,0.6750407720856014,0,0,0,0.12,0.01,0.0,0.01,0.1,0.9,-1.2,0.0,0,0,1,0,0.675,0.32
81,1,-0.5656558275222778,-0.34660741686820984,-2.3348708152770996,0.52818944658388,0.4705610016430486,0,0,0,0.12,0.01,0.0,0.01,0.1,0.9,-1.2,0.0,0,0,1,1,0.675,0.32
81,2,-0.37776345014572144,0.4279523193836212,2.831507444381714,-0.18700948107599105,0.272582416716803,0,0,0,0.12,0.01,0.0,0.01,0.1,0.9,-1.2,0.0,0,0,1,0,0.675,0.32
81,3,-0.3141098916530609,-0.4288090765476227,0.1002667024731636,1.584311651189469,-0.5843198170258032,0,0,0,0.12,0.01,0.0,0.01,0.1,0.9,-1.2,0.0,0,0,1,0,0.675,0.32
81,4,-0.4930855929851532,-0.09328923374414444,0.5618159174919128,0.6645328803856849,0.3244804934660911,0,0,0,0.12,0.01,0.0,0.01,0.1,0.9,-1.2,0.0,0,0,1,0,0.675,0.32
81,5,-0.5179306864738464,0.03832445666193962,1.4935671091079712,0.7919114711380457,0.20783359979625002,0,0,0,0.12,0.01,0.0,0.01,0.1,0.9,-1.2,0.0,0,0,1,0,0.675,0.32
81,6,-0.578184962272644,-0.4322347640991211,-3.0871336460113525,1.328986203691043,-0.3318500876632109,0,0,0,0.12,0.01,0.0,0.01,0.1,0.9,-1.2,0.0,0,0,1,1,0.675,0.32
81,7,-0.7478188276290894,-0.008299596607685089,2.896799325942993,1.7880749535442746,-0.7880766224743284,0,0,0,0.12,0.01,0.0,0.01,0.1,0.9,-1.2,0.0,0,0,1,0,0.675,0.32
82,0,-0.14670813083648682,0.0932164192199707,0.021052243188023567,0.2673485382824851,0.7314054266184854,0,0,0,0.12,0.01,0.0,0.01,0.1,0.9,-1.2,0.0,0,0,1,0,0.675,0.32
82,1,-0.5663481950759888,-0.34732726216316223,-2.338106870651245,0.523903284127077,0.47481998438183404,0,0,0,0.12,0.01,0.0,0.01,0.1,0.9,-1.2,0.0,0,0,1,1,0.675,0.32
82,2,-0.37785303592681885,0.42798155546188354,2.818911552429199,-0.5164000768044921,0.5947463441470596,0,0,0,0.12,0.01,0.0,0.01,0.1,0.9,-1.2,0.0,0,0,1,0,0.675,0.32
82,3,-0.31310972571372986,-0.4287574887275696,-0.017755350098013878,-0.32553906675792793,1.325530543293725,0,0,0,0.12,0.01,0.0,0.01,0.1,0.9,-1.2,0.0,0,0,1,0,0.675,0.32
82,4,-0.492245078086853,-0.09276820719242096,0.5492201447486877,0.6641912176417559,0.3248628661824017,0,0,0,0.12,0.01,0.0,0.01,0.1,0.9,-1.2,0.0,0,0,1,0,0.675,0.32
82,5,-0.5178346633911133,0.039319731295108795,1.4516267776489258,0.22953847822590975,0.7701916915471921,0,0,0,0.12,0.01,0.0,0.01,0.1,0.9,-1.2,0.0,0,0,1,0,0.675,0.32
82,6,-0.5791805386543274,-0.43228280544281006,-3.113582134246826,1.3034208433438534,-0.3062627332020994,0,0,0,0.12,0.01,0.0,0.01,0.1,0.9,-1.2,0.0,0,0,1,1,0.675,0.32
82,7,-0.7487729787826538,-0.00800616666674614,2.771374225616455,-0.4528653544143611,1.4528636258796626,0,0,0,0.12,0.01,0.0,0.01,0.1,0.9,-1.2,0.0,0,0,1,0,0.675,0.32
83,0,-0.14570966362953186,0.09323950111865997,0.030512982979416847,0.3667112926312391,0.6320276518992479,0,0,0,0.12,0.01,0.0,0.01,0.1,0.9,-1.2,0.0,0,0,1,0,0.675,0.32
83,1,-0.5670424699783325,-0.3480452299118042,-2.340345621109009,0.5314141881144125,0.4672787416303079,0,0,0,0.12,0.01,0.0,0.01,0.1,0.9,-1.2,0.0,0,0,1,1,0.675,0.32
83,2,-0.3779354989528656,0.4280090928077698,2.8302018642425537,-0.7772401811989955,0.8488820659431628,0,0,0,0.12,0.01,0.0,0.01,0.1,0.9,-1.2,0.0,0,0,1,0,0.675,0.32
83,3,-0.3121106028556824,-0.4288191497325897,-0.1034708097577095,-1.2581674308625428,2.2581573576775757,0,0,0,0.12,0.01,0.0,0.01,0.1,0.9,-1.2,0.0,0,0,1,0,0.675,0.32
83,4,-0.49139830470085144,-0.09225722402334213,0.5371688008308411,0.670729738408758,0.31833519346074884,0,0,0,0.12,0.01,0.0,0.01,0.1,0.9,-1.2,0.0,0,0,1,0,0.675,0.32
83,5,-0.5177003741264343,0.04031067341566086,1.4263763427734375,-0.09901546116362409,1.0987263786364634,0,0,0,0.12,0.01,0.0,0.01,0.1,0.9,-1.2,0.0,0,0,1,0,0.675,0.32
83,6,-0.5801778435707092,-0.43228840827941895,3.1159398555755615,0.9599672299417522,0.03725519361171461,0,0,0,0.12,0.01,0.0,0.01,0.1,0.9,-1.2,0.0,0,0,1,1,0.675,0.32
83,7,-0.7496959567070007,-0.007597445044666529,2.6723697185516357,-1.3943852822626848,2.394383136495473,0,0,0,0.12,0.01,0.0,0.01,0.1,0.9,-1.2,0.0,0,0,1,0,0.675,0.32
84,0,-0.14471156895160675,0.09327604621648788,0.04602286219596863,0.5301999161055125,0.4685228755662404,0,0,0,0.12,0.01,0.0,0.01,0.1,0.9,-1.2,0.0,0,0,1,0,0.675,0.32
84,1,-0.5677380561828613,-0.3487618863582611,-2.342141628265381,0.5419132210692934,0.4567484758415648,0,0,0,0.12,0.01,0.0,0.01,0.1,0.9,-1.2,0.0,0,0,1,1,0.675,0.32
84,2,-0.37801164388656616,0.42803293466567993,2.8646352291107178,-0.9315436133391966,0.9977087401993384,0,0,0,0.12,0.01,0.0,0.01,0.1,0.9,-1.2,0.0,0,0,1,0,0.675,0.32
84,3,-0.31111791729927063,-0.4289267957210541,-0.07222756743431091,-1.1412250609574455,2.1412148089585443,0,0,0,0.12,0.01,0.0,0.01,0.1,0.9,-1.2,0.0,0,0,1,0,0.675,0.32
84,4,-0.4905456602573395,-0.09175599366426468,0.5252471566200256,0.6790450171374023,0.3100284978009522,0,0,0,0.12,0.01,0.0,0.01,0.1,0.9,-1.2,0.0,0,0,1,0,0.675,0.32
84,5,-0.5175561308860779,0.041299741715192795,1.4374678134918213,0.0064969504398553965,0.9931968604999335,0,0,0,0.12,0.01,0.0,0.01,0.1,0.9,-1.2,0.0,0,0,1,0,0.675,0.32
84,6,-0.5811740756034851,-0.43223536014556885,3.059065580368042,0.4168700634208878,0.580366188410167,0,0,0,0.12,0.01,0.0,0.01,0.1,0.9,-1.2,0.0,0,0,1,1,0.675,0.32
84,7,-0.7505849003791809,-0.007140678353607655,2.708068370819092,-1.1949343572107078,2.194932211443496,0,0,0,0.12,0.01,0.0,0.01,0.1,0.9,-1.2,0.0,0,0,1,0,0.675,0.32
85,0,-0.14371414482593536,0.0933276042342186,0.056717827916145325,0.6422907032098941,0.3564134322080441,0,0,0,0.12,0.01,0.0,0.01,0.1,0.9,-1.2,0.0,0,0,1,0,0.675,0.32
85,1,-0.5684349536895752,-0.34947726130485535,-2.3443005084991455,0.5435113797172093,0.45512051487126115,0,0,0,0.12,0.01,0.0,0.01,0.1,0.9,-1.2,0.0,0,0,1,1,0.675,0.32
85,2,-0.3780822455883026,0.4280514419078827,2.918107509613037,-0.9604640883111356,1.0225672182344794,0,0,0,0.12,0.01,0.0,0.01,0.1,0.9,-1.2,0.0,0,0,1,0,0.675,0.32
85,3,-0.310118168592453,-0.42896032333374023,0.03831344470381737,0.09596193420373421,0.904028231029878,0,0,0,0.12,0.01,0.0,0.01,0.1,0.9,-1.2,0.0,0,0,1,0,0.675,0.32
85,4,-0.4896871745586395,-0.09126477688550949,0.5129637122154236,0.6804615453820345,0.308643261994827,0,0,0,0.12,0.01,0.0,0.01,0.1,0.9,-1.2,0.0,0,0,1,0,0.675,0.32
85,5,-0.5174368619918823,0.042292360216379166,1.4749053716659546,0.4317379500819658,0.5679398868130233,0,0,0,0.12,0.01,0.0,0.01,0.1,0.9,-1.2,0.0,0,0,1,0,0.675,0.32
85,6,-0.5821676850318909,-0.43213194608688354,3.021777868270874,-0.05587320130612692,1.0530483583762869,0,0,0,0.12,0.01,0.0,0.01,0.1,0.9,-1.2,0.0,0,0,1,1,0.675,0.32
85,7,-0.7515095472335815,-0.006756613962352276,2.828113079071045,0.4650384354735611,0.5349594783638717,0,0,0,0.12,0.01,0.0,0.01,0.1,0.9,-1.2,0.0,0,0,1,0,0.675,0.32
86,0,-0.1427171379327774,0.09338592737913132,0.05682660639286041,0.6428326482194044,0.3558526521307847,0,0,0,0.12,0.01,0.0,0.01,0.1,0.9,-1.2,0.0,0,0,1,0,0.675,0.32
86,1,-0.5691335201263428,-0.3501909375190735,-2.3471548557281494,0.5323721497381279,0.4662319690858773,0,0,0,0.12,0.01,0.0,0.01,0.1,0.9,-1.2,0.0,0,0,1,1,0.675,0.32
86,2,-0.37814825773239136,0.42806389927864075,2.9837164878845215,-0.8609781532949914,0.9199824116594302,0,0,0,0.12,0.01,0.0,0.01,0.1,0.9,-1.2,0.0,0,0,1,0,0.675,0.32
86,3,-0.30911895632743835,-0.42886796593666077,0.15567824244499207,1.8884222901838672,-0.8884333170431509,0,0,0,0.12,0.01,0.0,0.01,0.1,0.9,-1.2,0.0,0,0,1,0,0.675,0.32
86,4,-0.4888226389884949,-0.09078431874513626,0.500116765499115,0.6718351478768042,0.31732986019128057,0,0,0,0.12,0.01,0.0,0.01,0.1,0.9,-1.2,0.0,0,0,1,0,0.675,0.32
86,5,-0.5173581838607788,0.04328916221857071,1.5110275745391846,0.8366288779517219,0.16303006427087324,0,0,0,0.12,0.01,0.0,0.01,0.1,0.9,-1.2,0.0,0,0,1,0,0.675,0.32
86,6,-0.5831568837165833,-0.4320060908794403,3.019906759262085,-0.24273855755304788,1.2398489243743371,0,0,0,0.12,0.01,0.0,0.01,0.1,0.9,-1.2,0.0,0,0,1,1,0.675,0.32
86,7,-0.7524787187576294,-0.006498232483863831,2.9501051902770996,2.1739072429101824,-1.1739096867006182,0,0,0,0.12,0.01,0.0,0.01,0.1,0.9,-1.2,0.0,0,0,1,0,0.675,0.32
87,0,-0.14171989262104034,0.09343978762626648,0.04836804047226906,0.5535235805474451,0.44514282513035036,0,0,0,0.12,0.01,0.0,0.01,0.1,0.9,-1.2,0.0,0,0,1,0,0.675,0.32
87,1,-0.569834291934967,-0.3509024381637573,-2.350247383117676,0.5154570816768789,0.48311932098730576,0,0,0,0.12,0.01,0.0,0.01,0.1,0.9,-1.2,0.0,0,0,1,1,0.675,0.32
87,2,-0.37821075320243835,0.42807069420814514,3.0529611110687256,-0.6447202340436132,0.7007877380323561,0,0,0,0.12,0.01,0.0,0.01,0.1,0.9,-1.2,0.0,0,0,1,0,0.675,0.32
87,3,-0.3081277310848236,-0.42868003249168396,0.20265129208564758,2.3030295769636524,-1.3030424515669239,0,0,0,0.12,0.01,0.0,0.01,0.1,0.9,-1.2,0.0,0,0,1,0,0.675,0.32
87,4,-0.48795175552368164,-0.09031537175178528,0.48707348108291626,0.6578650156244182,0.3313727697149371,0,0,0,0.12,0.01,0.0,0.01,0.1,0.9,-1.2,0.0,0,0,1,0,0.675,0.32
87,5,-0.5173075795173645,0.04428747296333313,1.5217803716659546,0.9213233632229044,0.07831716116445528,0,0,0,0.12,0.01,0.0,0.01,0.1,0.9,-1.2,0.0,0,0,1,0,0.675,0.32
87,6,-0.584147572517395,-0.43189483880996704,3.0522093772888184,-0.11494858721817777,1.1120508478077773,0,0,0,0.12,0.01,0.0,0.01,0.1,0.9,-1.2,0.0,0,0,1,1,0.675,0.32
87,7,-0.7534642815589905,-0.00633449899032712,2.9756648540496826,2.318924714953859,-1.3189273971628743,0,0,0,0.12,0.01,0.0,0.01,0.1,0.9,-1.2,0.0,0,0,1,0,0.675,0.32
88,0,-0.1407221406698227,0.0934830829501152,0.038325127214193344,0.44767593092325947,0.5509705071985362,0,0,0,0.12,0.01,0.0,0.01,0.1,0.9,-1.2,0.0,0,0,1,0,0.675,0.32
88,1,-0.5705371499061584,-0.35161179304122925,-2.35273814201355,0.5064143939563517,0.4921305374553915,0,0,0,0.12,0.01,0.0,0.01,0.1,0.9,-1.2,0.0,0,0,1,1,0.675,0.32
88,2,-0.37827029824256897,0.4280729293823242,3.1168906688690186,-0.32378514879574455,0.37630010419716514,0,0,0,0.12,0.01,0.0,0.01,0.1,0.9,-1.2,0.0,0,0,1,0,0.675,0.32
88,3,-0.3071453869342804,-0.4284954369068146,0.1301679015159607,1.8525124599405849,-0.8525249769159875,0,0,0,0.12,0.01,0.0,0.01,0.1,0.9,-1.2,0.0,0,0,1,0,0.675,0.32
88,4,-0.4870746433734894,-0.08985807746648788,0.4745016396045685,0.6481507186721377,0.3411376114059873,0,0,0,0.12,0.01,0.0,0.01,0.1,0.9,-1.2,0.0,0,0,1,0,0.675,0.32
88,5,-0.5172545313835144,0.04528556764125824,1.5038156509399414,0.663183014323744,0.33644010550734116,0,0,0,0.12,0.01,0.0,0.01,0.1,0.9,-1.2,0.0,0,0,1,0,0.675,0.32
88,6,-0.5851426720619202,-0.43182671070098877,3.1016387939453125,0.2699611845523623,0.7271546658962461,0,0,0,0.12,0.01,0.0,0.01,0.1,0.9,-1.2,0.0,0,0,1,1,0.675,0.32
88,7,-0.7544398903846741,-0.006141345482319593,2.8817532062530518,1.3174137863882527,-0.3174163493879781,0,0,0,0.12,0.01,0.0,0.01,0.1,0.9,-1.2,0.0,0,0,1,0,0.675,0.32
89,0,-0.13972407579421997,0.09351783245801926,0.03325736150145531,0.3944191387753513,0.6042068549532865,0,0,0,0.12,0.01,0.0,0.01,0.1,0.9,-1.2,0.0,0,0,1,0,0.675,0.32
89,1,-0.5712414383888245,-0.3523196876049042,-2.354123830795288,0.5132293866867265,0.48527704012449185,0,0,0,0.12,0.01,0.0,0.01,0.1,0.9,-1.2,0.0,0,0,1,1,0.675,0.32
89,2,-0.378326952457428,0.42807236313819885,-3.1160314083099365,0.08187293156188631,-0.033877200327335835,0,0,0,0.12,0.01,0.0,0.01,0.1,0.9,-1.2,0.0,0,0,1,0,0.675,0.32
89,3,-0.3061469793319702,-0.4284154176712036,0.009203260764479637,0.10108573452387008,0.8989016292914376,0,0,0,0.12,0.01,0.0,0.01,0.1,0.9,-1.2,0.0,0,0,1,0,0.675,0.32
89,4,-0.4861918091773987,-0.08941177278757095,0.4628402292728424,0.6504385091142557,0.33885727154446627,0,0,0,0.12,0.01,0.0,0.01,0.1,0.9,-1.2,0.0,0,0,1,0,0.675,0.32
89,5,-0.5171750783920288,0.04628210514783859,1.4754081964492798,0.2792042958200086,0.7203968895017991,0,0,0,0.12,0.01,0.0,0.01,0.1,0.9,-1.2,0.0,0,0,1,0,0.675,0.32
89,6,-0.5861399173736572,-0.43180951476097107,-3.1366782188415527,0.7486306624414593,0.2484630150792926,0,0,0,0.12,0.01,0.0,0.01,0.1,0.9,-1.2,0.0,0,0,1,1,0.675,0.32
89,7,-0.7553818821907043,-0.005827106535434723,2.755514621734619,-0.8427458112703288,1.842743009852024,0,0,0,0.12,0.01,0.0,0.01,0.1,0.9,-1.2,0.0,0,0,1,0,0.675,0.32
90,0,-0.13872598111629486,0.09355094283819199,0.035366710275411606,0.4163188292363616,0.5822869585176972,0,0,0,0.12,0.01,0.0,0.01,0.1,0.9,-1.2,0.0,0,0,1,0,0.675,0.32
90,1,-0.571946382522583,-0.3530268967151642,-2.3547654151916504,0.531531282674458,0.46692948697886233,0,0,0,0.12,0.01,0.0,0.01,0.1,0.9,-1.2,0.0,0,0,1,1,0.675,0.32
90,2,-0.3783801198005676,0.4280700981616974,-3.0869529247283936,0.5576834991973348,-0.5149125881892153,0,0,0,0.12,0.01,0.0,0.01,0.1,0.9,-1.2,0.0,0,0,1,0,0.675,0.32
90,3,-0.3051464855670929,-0.4284559190273285,-0.09212944656610489,-1.1520237772718,2.152008935715251,0,0,0,0.12,0.01,0.0,0.01,0.1,0.9,-1.2,0.0,0,0,1,0,0.675,0.32
90,4,-0.48530393838882446,-0.08897548913955688,0.4519176185131073,0.6633218587681089,0.3259491263583865,0,0,0,0.12,0.01,0.0,0.01,0.1,0.9,-1.2,0.0,0,0,1,0,0.675,0.32
90,5,-0.5170701146125793,0.04727621376514435,1.4603084325790405,0.0675672503466728,0.9320077685360788,0,0,0,0.12,0.01,0.0,0.01,0.1,0.9,-1.2,0.0,0,0,1,0,0.675,0.32
90,6,-0.5871367454528809,-0.4318290054798126,-3.1152329444885254,1.0820891716114194,-0.08504353543435658,0,0,0,0.12,0.01,0.0,0.01,0.1,0.9,-1.2,0.0,0,0,1,1,0.675,0.32
90,7,-0.7562872171401978,-0.005409833509474993,2.683889627456665,-1.388091593155799,2.3880881956910467,0,0,0,0.12,0.01,0.0,0.01,0.1,0.9,-1.2,0.0,0,0,1,0,0.675,0.32
91,0,-0.13772806525230408,0.09358877688646317,0.041989766061306,0.4852843644182649,0.5133007405240568,0,0,0,0.12,0.01,0.0,0.01,0.1,0.9,-1.2,0.0,0,0,1,0,0.675,0.32
91,1,-0.572651743888855,-0.3537336587905884,-2.355663776397705,0.5475597719168388,0.4508504529977119,0,0,0,0.12,0.01,0.0,0.01,0.1,0.9,-1.2,0.0,0,0,1,1,0.675,0.32
91,2,-0.3784288763999939,0.42806705832481384,-3.085313320159912,1.0653657592307675,-1.0278481110405076,0,0,0,0.12,0.01,0.0,0.01,0.1,0.9,-1.2,0.0,0,0,1,0,0.675,0.32
91,3,-0.30415382981300354,-0.42856279015541077,-0.0884944498538971,-1.207203990035842,2.207187956386397,0,0,0,0.12,0.01,0.0,0.01,0.1,0.9,-1.2,0.0,0,0,1,0,0.675,0.32
91,4,-0.48441144824028015,-0.08854866772890091,0.440999835729599,0.6778765581586532,0.3113633729479142,0,0,0,0.12,0.01,0.0,0.01,0.1,0.9,-1.2,0.0,0,0,1,0,0.675,0.32
91,5,-0.5169610977172852,0.04826975613832474,1.4704073667526245,0.15055319107034737,0.8489963170244403,0,0,0,0.12,0.01,0.0,0.01,0.1,0.9,-1.2,0.0,0,0,1,0,0.675,0.32
91,6,-0.5881332159042358,-0.43185508251190186,-3.126081705093384,1.141953667154445,-0.14492752169622353,0,0,0,0.12,0.01,0.0,0.01,0.1,0.9,-1.2,0.0,0,0,1,1,0.675,0.32
91,7,-0.757185697555542,-0.004976136144250631,2.748084306716919,-0.9532848482077305,1.953281569952268,0,0,0,0.12,0.01,0.0,0.01,0.1,0.9,-1.2,0.0,0,0,1,0,0.675,0.32
92,0,-0.13673046231269836,0.09363363683223724,0.04815498739480972,0.5488257332645051,0.4497371987499602,0,0,0,0.12,0.01,0.0,0.01,0.1,0.9,-1.2,0.0,0,0,1,0,0.675,0.32
92,1,-0.5733579993247986,-0.35443946719169617,-2.35768723487854,0.5476710260058335,0.45068758128634173,0,0,0,0.12,0.01,0.0,0.01,0.1,0.9,-1.2,0.0,0,0,1,1,0.675,0.32
92,2,-0.37847262620925903,0.4280646741390228,-3.1162545680999756,1.508424828135251,-1.4753415047459593,0,0,0,0.12,0.01,0.0,0.01,0.1,0.9,-1.2,0.0,0,0,1,0,0.675,0.32
92,3,-0.3031560480594635,-0.42862144112586975,0.010205136612057686,-0.3266846656533491,1.326669287654997,0,0,0,0.12,0.01,0.0,0.01,0.1,0.9,-1.2,0.0,0,0,1,0,0.675,0.32
92,4,-0.4835143983364105,-0.08813153207302094,0.4293300211429596,0.6829385433682408,0.3062865461817774,0,0,0,0.12,0.01,0.0,0.01,0.1,0.9,-1.2,0.0,0,0,1,0,0.675,0.32
92,5,-0.516871988773346,0.04926539957523346,1.497783899307251,0.4332412207894489,0.5662833129591779,0,0,0,0.12,0.01,0.0,0.01,0.1,0.9,-1.2,0.0,0,0,1,0,0.675,0.32
92,6,-0.5891302227973938,-0.43185657262802124,3.120809555053711,0.9301993627969944,0.06683822675302388,0,0,0,0.12,0.01,0.0,0.01,0.1,0.9,-1.2,0.0,0,0,1,1,0.675,0.32
92,7,-0.75812828540802,-0.004635646007955074,2.8732478618621826,1.0214151925678756,-0.021418530427982918,0,0,0,0.12,0.01,0.0,0.01,0.1,0.9,-1.2,0.0,0,0,1,0,0.675,0.32
93,0,-0.13573309779167175,0.09368324279785156,0.050121571868658066,0.5677736341676186,0.4307661116400291,0,0,0,0.12,0.01,0.0,0.01,0.1,0.9,-1.2,0.0,0,0,1,0,0.675,0.32
93,1,-0.5740659832954407,-0.3551434576511383,-2.3608694076538086,0.5296579703719334,0.4686514034836573,0,0,0,0.12,0.01,0.0,0.01,0.1,0.9,-1.2,0.0,0,0,1,1,0.675,0.32
93,2,-0.3785112202167511,0.4280640780925751,3.100606918334961,1.8096324477620342,-1.7796908665724018,0,0,0,0.12,0.01,0.0,0.01,0.1,0.9,-1.2,0.0,0,0,1,0,0.675,0.32
93,3,-0.3021552860736847,-0.4285604953765869,0.12954017519950867,1.5282479756332707,-0.5282645457245183,0,0,0,0.12,0.01,0.0,0.01,0.1,0.9,-1.2,0.0,0,0,1,0,0.675,0.32
93,4,-0.4826125502586365,-0.08772493153810501,0.4166661202907562,0.6743308602776782,0.31490358720156986,0,0,0,0.12,0.01,0.0,0.01,0.1,0.9,-1.2,0.0,0,0,1,0,0.675,0.32
93,5,-0.5168119668960571,0.05026325583457947,1.523470401763916,0.6905506019794786,0.3089475269115126,0,0,0,0.12,0.01,0.0,0.01,0.1,0.9,-1.2,0.0,0,0,1,0,0.675,0.32
93,6,-0.5901266932487488,-0.43181532621383667,3.0764713287353516,0.5334000984180084,0.4636245569240937,0,0,0,0.12,0.01,0.0,0.01,0.1,0.9,-1.2,0.0,0,0,1,1,0.675,0.32
93,7,-0.7591065764427185,-0.004417271353304386,2.9814870357513428,2.2547457077785165,-1.2547497012897166,0,0,0,0.12,0.01,0.0,0.01,0.1,0.9,-1.2,0.0,0,0,1,0,0.675,0.32
94,0,-0.13473576307296753,0.09373276680707932,0.0475117526948452,0.5384654375696158,0.4600505259847665,0,0,0,0.12,0.01,0.0,0.01,0.1,0.9,-1.2,0.0,0,0,1,0,0.675,0.32
94,1,-0.574776291847229,-0.35584500432014465,-2.3642845153808594,0.5043744542156174,0.4938883088077591,0,0,0,0.12,0.01,0.0,0.01,0.1,0.9,-1.2,0.0,0,0,1,1,0.675,0.32
94,2,-0.37854984402656555,0.42806655168533325,3.0018720626831055,1.9433559153651059,-1.9154061053370302,0,0,0,0.12,0.01,0.0,0.01,0.1,0.9,-1.2,0.0,0,0,1,0,0.675,0.32
94,3,-0.3011574149131775,-0.4283900558948517,0.20047374069690704,2.2347848835194246,-1.2348046126568455,0,0,0,0.12,0.01,0.0,0.01,0.1,0.9,-1.2,0.0,0,0,1,0,0.675,0.32
94,4,-0.4817056357860565,-0.08732987195253372,0.40351012349128723,0.6569416867966827,0.33231570847080383,0,0,0,0.12,0.01,0.0,0.01,0.1,0.9,-1.2,0.0,0,0,1,0,0.675,0.32
94,5,-0.5167715549468994,0.05126192420721054,1.5321152210235596,0.7418311650058361,0.25764091665538813,0,0,0,0.12,0.01,0.0,0.01,0.1,0.9,-1.2,0.0,0,0,1,0,0.675,0.32
94,6,-0.5911204218864441,-0.43173253536224365,3.043191909790039,0.1417416721054833,0.8552171201041419,0,0,0,0.12,0.01,0.0,0.01,0.1,0.9,-1.2,0.0,0,0,1,1,0.675,0.32
94,7,-0.7600914835929871,-0.004271559417247772,2.9721996784210205,2.174798153946805,-1.1748023262719398,0,0,0,0.12,0.01,0.0,0.01,0.1,0.9,-1.2,0.0,0,0,1,0,0.675,0.32
95,0,-0.13373826444149017,0.09377829730510712,0.042948104441165924,0.48861477741632797,0.5098767482336966,0,0,0,0.12,0.01,0.0,0.01,0.1,0.9,-1.2,0.0,0,0,1,0,0.675,0.32
95,1,-0.575488805770874,-0.35654428601264954,-2.3666911125183105,0.48932724581139875,0.5088882507286707,0,0,0,0.12,0.01,0.0,0.01,0.1,0.9,-1.2,0.0,0,0,1,1,0.675,0.32
95,2,-0.37859460711479187,0.4280729293823242,2.879481315612793,1.9533320335327091,-1.9269775269208853,0,0,0,0.12,0.01,0.0,0.01,0.1,0.9,-1.2,0.0,0,0,1,0,0.675,0.32
95,3,-0.30017679929733276,-0.42819494009017944,0.1541687548160553,1.997229782934469,-0.9972498696997584,0,0,0,0.12,0.01,0.0,0.01,0.1,0.9,-1.2,0.0,0,0,1,0,0.675,0.32
95,4,-0.4807935655117035,-0.08694683015346527,0.39076054096221924,0.6415151985303673,0.3477522699220863,0,0,0,0.12,0.01,0.0,0.01,0.1,0.9,-1.2,0.0,0,0,1,0,0.675,0.32
95,5,-0.5167312622070312,0.05226052924990654,1.522329568862915,0.579300057496139,0.42014567891209476,0,0,0,0.12,0.01,0.0,0.01,0.1,0.9,-1.2,0.0,0,0,1,0,0.675,0.32
95,6,-0.592112123966217,-0.43162664771080017,3.0351548194885254,-0.056224684999864584,1.0531052759155446,0,0,0,0.12,0.01,0.0,0.01,0.1,0.9,-1.2,0.0,0,0,1,1,0.675,0.32
95,7,-0.7610690593719482,-0.004068152513355017,2.8658885955810547,0.7702128064316727,0.22978314045248266,0,0,0,0.12,0.01,0.0,0.01,0.1,0.9,-1.2,0.0,0,0,1,0,0.675,0.32
96,0,-0.1327405869960785,0.09381934255361557,0.03979745879769325,0.45381959368395103,0.5446466595966886,0,0,0,0.12,0.01,0.0,0.01,0.1,0.9,-1.2,0.0,0,0,1,0,0.675,0.32
96,1,-0.5762025117874146,-0.35724228620529175,-2.367427110671997,0.4936239652516951,0.5045383639452348,0,0,0,0.12,0.01,0.0,0.01,0.1,0.9,-1.2,0.0,0,0,1,1,0.675,0.32
96,2,-0.37863487005233765,0.4280833601951599,2.745303153991699,1.9122639626884381,-1.8879461784535567,0,0,0,0.12,0.01,0.0,0.01,0.1,0.9,-1.2,0.0,0,0,1,0,0.675,0.32
96,3,-0.2991820275783539,-0.42808517813682556,0.042116742581129074,0.6309162108733561,0.36906388117528893,0,0,0,0.12,0.01,0.0,0.01,0.1,0.9,-1.2,0.0,0,0,1,0,0.675,0.32
96,4,-0.47987669706344604,-0.08657536655664444,0.3791106343269348,0.6382167860849309,0.35103363543911686,0,0,0,0.12,0.01,0.0,0.01,0.1,0.9,-1.2,0.0,0,0,1,0,0.675,0.32
96,5,-0.5166761875152588,0.053258489817380905,1.506047010421753,0.34466955984297787,0.6547455397778411,0,0,0,0.12,0.01,0.0,0.01,0.1,0.9,-1.2,0.0,0,0,1,0,0.675,0.32
96,6,-0.5931037664413452,-0.4315255880355835,3.054706335067749,0.0026604875734589396,0.9941768899747588,0,0,0,0.12,0.01,0.0,0.01,0.1,0.9,-1.2,0.0,0,0,1,1,0.675,0.32
96,7,-0.7620208263397217,-0.0037413286045193672,2.7466585636138916,-1.0358131073311556,2.0358083985642184,0,0,0,0.12,0.01,0.0,0.01,0.1,0.9,-1.2,0.0,0,0,1,0,0.675,0.32
97,0,-0.13174286484718323,0.09385856240987778,0.03986698016524315,0.4528203922292654,0.5456199330308968,0,0,0,0.12,0.01,0.0,0.01,0.1,0.9,-1.2,0.0,0,0,1,0,0.675,0.32
97,1,-0.5769162178039551,-0.3579401671886444,-2.3669464588165283,0.5126936967917975,0.4854070608070793,0,0,0,0.12,0.01,0.0,0.01,0.1,0.9,-1.2,0.0,0,0,1,1,0.675,0.32
97,2,-0.37866973876953125,0.4280966818332672,2.6087722778320312,1.904164089728929,-1.8826379281476513,0,0,0,0.12,0.01,0.0,0.01,0.1,0.9,-1.2,0.0,0,0,1,0,0.675,0.32
97,3,-0.2981804311275482,-0.42809510231018066,-0.06643792241811752,-0.9024385636437131,1.9024158542740535,0,0,0,0.12,0.01,0.0,0.01,0.1,0.9,-1.2,0.0,0,0,1,0,0.675,0.32
97,4,-0.47895559668540955,-0.08621446043252945,0.36857831478118896,0.6484534945109045,0.34076062778447513,0,0,0,0.12,0.01,0.0,0.01,0.1,0.9,-1.2,0.0,0,0,1,0,0.675,0.32
97,5,-0.5166063904762268,0.054255496710538864,1.4981698989868164,0.21299099321266443,0.7863893569002507,0,0,0,0.12,0.01,0.0,0.01,0.1,0.9,-1.2,0.0,0,0,1,0,0.675,0.32
97,6,-0.5940982103347778,-0.4314539134502411,3.0908727645874023,0.27778301373007425,0.7190338598203407,0,0,0,0.12,0.01,0.0,0.01,0.1,0.9,-1.2,0.0,0,0,1,1,0.675,0.32
97,7,-0.7629296183586121,-0.003327444661408663,2.7071800231933594,-1.3139033373866367,2.313897972968607,0,0,0,0.12,0.01,0.0,0.01,0.1,0.9,-1.2,0.0,0,0,1,0,0.675,0.32
98,0,-0.13074521720409393,0.09389931708574295,0.042555805295705795,0.4791039711820541,0.5193095319879593,0,0,0,0.12,0.01,0.0,0.01,0.1,0.9,-1.2,0.0,0,0,1,0,0.675,0.32
98,1,-0.5776293873786926,-0.3586385250091553,-2.366490125656128,0.5324383160844222,0.4655922272429093,0,0,0,0.12,0.01,0.0,0.01,0.1,0.9,-1.2,0.0,0,0,1,1,0.675,0.32
98,2,-0.37869924306869507,0.4281112253665924,2.4745047092437744,1.9895851393749127,-1.9713401762356173,0,0,0,0.12,0.01,0.0,0.01,0.1,0.9,-1.2,0.0,0,0,1,0,0.675,0.32
98,3,-0.29718562960624695,-0.4281879961490631,-0.09504034370183945,-1.1919584356671102,2.191932746065212,0,0,0,0.12,0.01,0.0,0.01,0.1,0.9,-1.2,0.0,0,0,1,0,0.675,0.32
98,4,-0.478030800819397,-0.08586321026086807,0.35844728350639343,0.6637056067107426,0.3254657194496882,0,0,0,0.12,0.01,0.0,0.01,0.1,0.9,-1.2,0.0,0,0,1,0,0.675,0.32
98,5,-0.5165352821350098,0.05525234714150429,1.5057621002197266,0.2565112607738479,0.7428335649707809,0,0,0,0.12,0.01,0.0,0.01,0.1,0.9,-1.2,0.0,0,0,1,0,0.675,0.32
98,6,-0.5950946807861328,-0.43142107129096985,3.1265077590942383,0.6408053640631868,0.3559722896309661,0,0,0,0.12,0.01,0.0,0.01,0.1,0.9,-1.2,0.0,0,0,1,1,0.675,0.32
98,7,-0.7638441324234009,-0.0029266555793583393,2.7898566722869873,-0.595035752960349,1.5950305673562537,0,0,0,0.12,0.01,0.0,0.01,0.1,0.9,-1.2,0.0,0,0,1,0,0.675,0.32
99,0,-0.12974774837493896,0.09394333511590958,0.04578658565878868,0.5105399934237124,0.48784543595861185,0,0,0,0.12,0.01,0.0,0.01,0.1,0.9,-1.2,0.0,0,0,1,0,0.675,0.32
99,1,-0.5783425569534302,-0.35933685302734375,-2.367184638977051,0.53857114555936,0.4593835806598171,0,0,0,0.12,0.01,0.0,0.01,0.1,0.9,-1.2,0.0,0,0,1,1,0.675,0.32
99,2,-0.3787238895893097,0.4281254708766937,2.3412864208221436,2.1972589111425433,-2.1822409062184844,0,0,0,0.12,0.01,0.0,0.01,0.1,0.9,-1.2,0.0,0,0,1,0,0.675,0.32
99,3,-0.29618969559669495,-0.42826396226882935,-0.0179846603423357,-0.6226910710324695,1.6226657986630848,0,0,0,0.12,0.01,0.0,0.01,0.1,0.9,-1.2,0.0,0,0,1,0,0.675,0.32
99,4,-0.47710245847702026,-0.08552150428295135,0.34777936339378357,0.6725170830400313,0.3166152616827165,0,0,0,0.12,0.01,0.0,0.01,0.1,0.9,-1.2,0.0,0,0,1,0,0.675,0.32
99,5,-0.5164780616760254,0.05625012144446373,1.524045705795288,0.4166946538110455,0.5826145283560078,0,0,0,0.12,0.01,0.0,0.01,0.1,0.9,-1.2,0.0,0,0,1,0,0.675,0.32
99,6,-0.5960915088653564,-0.43141841888427734,-3.1373260021209717,0.9112542157474889,0.08546127030216343,0,0,0,0.12,0.01,0.0,0.01,0.1,0.9,-1.2,0.0,0,0,1,1,0.675,0.32
99,7,-0.764802098274231,-0.0026310256216675043,2.9135375022888184,1.4284371221318197,-0.42844266536378367,0,0,0,0.12,0.01,0.0,0.01,0.1,0.9,-1.2,0.0,0,0,1,0,0.675,0.32
100,0,-0.12875042855739594,0.09399013966321945,0.047587838023900986,0.5262965602091675,0.4720598417111511,0,0,0,0.12,0.01,0.0,0.01,0.1,0.9,-1.2,0.0,0,0,1,0,0.675,0.32
100,1,-0.5790557265281677,-0.36002811789512634,-2.369312047958374,0.530295333861009,0.4675764822972857,0,0,0,0.12,0.01,0.0,0.01,0.1,0.9,-1.2,0.0,0,0,1,1,0.675,0.32
100,2,-0.378744512796402,0.4281385540962219,2.2032999992370605,2.5032200061280983,-2.4908141384397404,0,0,0,0.12,0.01,0.0,0.01,0.1,0.9,-1.2,0.0,0,0,1,0,0.675,0.32
100,3,-0.29518869519233704,-0.428235799074173,0.09694937616586685,1.0394129545263668,-0.03943929977935764,0,0,0,0.12,0.01,0.0,0.01,0.1,0.9,-1.2,0.0,0,0,1,0,0.675,0.32
100,4,-0.47617051005363464,-0.08518991619348526,0.3361082673072815,0.6710279323481615,0.31805815917024066,0,0,0,0.12,0.01,0.0,0.01,0.1,0.9,-1.2,0.0,0,0,1,0,0.675,0.32
100,5,-0.5164405703544617,0.05724882334470749,1.5417327880859375,0.5649588238899855,0.4343131649787278,0,0,0,0.12,0.01,0.0,0.01,0.1,0.9,-1.2,0.0,0,0,1,0,0.675,0.32
100,6,-0.5970935821533203,-0.4315166175365448,3.140760660171509,1.1558894624893594,-0.15922768022464995,0,0,0,0.12,0.01,0.0,0.01,0.1,0.9,-1.2,0.0,0,0,1,1,0.675,0.32
100,7,-0.7657867074012756,-0.002448163228109479,3.000518321990967,2.25721030580777,-1.2572169219233396,0,0,0,0.12,0.01,0.0,0.01,0.1,0.9,-1.2,0.0,0,0,1,0,0.675,0.32
101,0,-0.12775318324565887,0.09403780102729797,0.047252826392650604,0.5192084187617948,0.47911830004542566,0,0,0,0.12,0.01,0.0,0.01,0.1,0.9,-1.2,0.0,0,0,1,0,0.675,0.32
101,1,-0.579766571521759,-0.36039113998413086,-2.37225604057312,0.5214942470333226,0.47626831381109874,0,0,0,0.12,0.01,0.0,0.01,0.1,0.9,-1.2,0.0,0,0,1,1,0.675,0.32
101,2,-0.37876206636428833,0.42815035581588745,2.052283525466919,2.798212913742281,-2.7872952697258357,0,0,0,0.12,0.01,0.0,0.01,0.1,0.9,-1.2,0.0,0,0,1,0,0.675,0.32
101,3,-0.2941860854625702,-0.4280938506126404,0.1844814568758011,2.075535138048193,-1.0755663112774105,0,0,0,0.12,0.01,0.0,0.01,0.1,0.9,-1.2,0.0,0,0,1,0,0.675,0.32
101,4,-0.4752347767353058,-0.08486923575401306,0.3237343728542328,0.6617994920527642,0.32725506860855175,0,0,0,0.12,0.01,0.0,0.01,0.1,0.9,-1.2,0.0,0,0,1,0,0.675,0.32
101,5,-0.5164172053337097,0.05824785307049751,1.5498125553131104,0.6021481433084444,0.39708820198269335,0,0,0,0.12,0.01,0.0,0.01,0.1,0.9,-1.2,0.0,0,0,1,0,0.675,0.32
101,6,-0.59815913438797,-0.4318718910217285,3.1131556034088135,1.6437563046456278,-0.6470648392678201,0,0,0,0.12,0.01,0.0,0.01,0.1,0.9,-1.2,0.0,0,0,1,1,0.675,0.32
101,7,-0.7667732834815979,-0.002310091396793723,2.9633853435516357,1.9602141942616915,-0.9602208699819061,0,0,0,0.12,0.01,0.0,0.01,0.1,0.9,-1.2,0.0,0,0,1,0,0.675,0.32
102,0,-0.12675590813159943,0.09408436715602875,0.045558009296655655,0.49785022124822365,0.500446158794806,0,0,0,0.12,0.01,0.0,0.01,0.1,0.9,-1.2,0.0,0,0,1,0,0.675,0.32
102,1,-0.5804800391197205,-0.36079293489456177,-2.3747916221618652,0.5146564173192856,0.48299116616536397,0,0,0,0.12,0.01,0.0,0.01,0.1,0.9,-1.2,0.0,0,0,1,1,0.675,0.32
102,2,-0.37877729535102844,0.4281613528728485,1.8809500932693481,2.9528298346746333,-2.941844082106985,0,0,0,0.12,0.01,0.0,0.01,0.1,0.9,-1.2,0.0,0,0,1,0,0.675,0.32
102,3,-0.29320406913757324,-0.4279012978076935,0.1698334962129593,2.0494024190013964,-1.0494360360210495,0,0,0,0.12,0.01,0.0,0.01,0.1,0.9,-1.2,0.0,0,0,1,0,0.675,0.32
102,4,-0.4742952585220337,-0.08455993980169296,0.31132277846336365,0.6521000976226274,0.3369043355324323,0,0,0,0.12,0.01,0.0,0.01,0.1,0.9,-1.2,0.0,0,0,1,0,0.675,0.32
102,5,-0.5163967609405518,0.05924688279628754,1.5473045110702515,0.5211488172184575,0.4780494407046687,0,0,0,0.12,0.01,0.0,0.01,0.1,0.9,-1.2,0.0,0,0,1,0,0.675,0.32
102,6,-0.599271833896637,-0.4321956932544708,3.066326856613159,1.8942715378349517,-0.8973806949203702,0,0,0,0.12,0.01,0.0,0.01,0.1,0.9,-1.2,0.0,0,0,1,1,0.675,0.32
102,7,-0.7677502632141113,-0.0020936070941388607,2.8512027263641357,0.26863145293535223,0.7313618117397881,0,0,0,0.12,0.01,0.0,0.01,0.1,0.9,-1.2,0.0,0,0,1,0,0.675,0.32
103,0,-0.1257585734128952,0.09412907063961029,0.04401663690805435,0.478386375437278,0.5198787717718895,0,0,0,0.12,0.01,0.0,0.01,0.1,0.9,-1.2,0.0,0,0,1,0,0.675,0.32
103,1,-0.5811961889266968,-0.36121228337287903,-2.3766627311706543,0.5119764502194393,0.48554191039533734,0,0,0,0.12,0.01,0.0,0.01,0.1,0.9,-1.2,0.0,0,0,1,1,0.675,0.32
103,2,-0.3787904679775238,0.42817214131355286,1.688571572303772,2.9137251657441414,-2.9008234218701876,0,0,0,0.12,0.01,0.0,0.01,0.1,0.9,-1.2,0.0,0,0,1,0,0.675,0.32
103,3,-0.292213499546051,-0.4277651309967041,0.07361947000026703,1.0802972827684882,-0.08033084018349672,0,0,0,0.12,0.01,0.0,0.01,0.1,0.9,-1.2,0.0,0,0,1,0,0.675,0.32
103,4,-0.4733521044254303,-0.08426210284233093,0.29944220185279846,0.6503983775124127,0.33853977527765694,0,0,0,0.12,0.01,0.0,0.01,0.1,0.9,-1.2,0.0,0,0,1,0,0.675,0.32
103,5,-0.5163708329200745,0.06024577096104622,1.5406209230422974,0.3966526637678333,0.6025029172296337,0,0,0,0.12,0.01,0.0,0.01,0.1,0.9,-1.2,0.0,0,0,1,0,0.675,0.32
103,6,-0.6004639863967896,-0.4324949085712433,2.9856786727905273,1.9239278464797227,-0.9266079693320479,0,0,0,0.12,0.01,0.0,0.01,0.1,0.9,-1.2,0.0,0,0,1,1,0.675,0.32
103,7,-0.7687039375305176,-0.0017586133908480406,2.7440853118896484,-1.1211665954151822,2.121158667997427,0,0,0,0.12,0.01,0.0,0.01,0.1,0.9,-1.2,0.0,0,0,1,0,0.675,0.32
104,0,-0.12476122379302979,0.09417268633842468,0.04380825534462929,0.47317027834139874,0.5250623843363661,0,0,0,0.12,0.01,0.0,0.01,0.1,0.9,-1.2,0.0,0,0,1,0,0.675,0.32
104,1,-0.5819142460823059,-0.3616345524787903,-2.3779819011688232,0.5134553789716434,0.4839184999841977,0,0,0,0.12,0.01,0.0,0.01,0.1,0.9,-1.2,0.0,0,0,1,1,0.675,0.32
104,2,-0.37880054116249084,0.4281831681728363,1.48338782787323,2.721002610217001,-2.7044095879450105,0,0,0,0.12,0.01,0.0,0.01,0.1,0.9,-1.2,0.0,0,0,1,0,0.675,0.32
104,3,-0.2912121117115021,-0.4277416467666626,-0.035654615610837936,-0.5280072412474673,1.5279700479491276,0,0,0,0.12,0.01,0.0,0.01,0.1,0.9,-1.2,0.0,0,0,1,0,0.675,0.32
104,4,-0.4724055528640747,-0.0839753970503807,0.28822827339172363,0.658087602645649,0.33078283926795554,0,0,0,0.12,0.01,0.0,0.01,0.1,0.9,-1.2,0.0,0,0,1,0,0.675,0.32
104,5,-0.5163388252258301,0.061244457960128784,1.5379612445831299,0.31989666687222146,0.679212124479097,0,0,0,0.12,0.01,0.0,0.01,0.1,0.9,-1.2,0.0,0,0,1,0,0.675,0.32
104,6,-0.6016964316368103,-0.4327775239944458,2.882063150405884,1.805920217903289,-0.8080659255105579,0,0,0,0.12,0.01,0.0,0.01,0.1,0.9,-1.2,0.0,0,0,1,1,0.675,0.32
104,7,-0.7696187496185303,-0.001353839528746903,2.7367401123046875,-1.1779902301214993,2.1779815278433623,0,0,0,0.12,0.01,0.0,0.01,0.1,0.9,-1.2,0.0,0,0,1,0,0.675,0.32
105,0,-0.12376393377780914,0.09421679377555847,0.045024093240499496,0.48335600491626274,0.5148432195557832,0,0,0,0.12,0.01,0.0,0.01,0.1,0.9,-1.2,0.0,0,0,1,0,0.675,0.32
105,1,-0.5826334953308105,-0.3620375990867615,-2.3790359497070312,0.5173054853386934,0.4799126466803496,0,0,0,0.12,0.01,0.0,0.01,0.1,0.9,-1.2,0.0,0,0,1,1,0.675,0.32
105,2,-0.37879523634910583,0.42817917466163635,1.2752654552459717,1.910140133312652,-1.8813716162356826,0,0,0,0.12,0.01,0.0,0.01,0.1,0.9,-1.2,0.0,0,0,1,0,0.675,0.32
105,3,-0.29021528363227844,-0.42781224846839905,-0.09028475731611252,-1.097146529071356,2.0971031964946043,0,0,0,0.12,0.01,0.0,0.01,0.1,0.9,-1.2,0.0,0,0,1,0,0.675,0.32
105,4,-0.4714558720588684,-0.08369949460029602,0.27724990248680115,0.6675092988770076,0.3213034457404545,0,0,0,0.12,0.01,0.0,0.01,0.1,0.9,-1.2,0.0,0,0,1,0,0.675,0.32
105,5,-0.5163073539733887,0.06224311888217926,1.5434406995773315,0.33113402861238656,0.6679268406045324,0,0,0,0.12,0.01,0.0,0.01,0.1,0.9,-1.2,0.0,0,0,1,0,0.675,0.32
105,6,-0.6029080748558044,-0.43304315209388733,2.77278995513916,1.5842298387878806,-0.5858821391456992,0,0,0,0.12,0.01,0.0,0.01,0.1,0.9,-1.2,0.0,0,0,1,1,0.675,0.32
105,7,-0.7705491185188293,-0.0009880235884338617,2.831238031387329,-0.13811938349789507,1.1381109196383368,0,0,0,0.12,0.01,0.0,0.01,0.1,0.9,-1.2,0.0,0,0,1,0,0.675,0.32
106,0,-0.12276674807071686,0.09426253288984299,0.04678766056895256,0.49911380008083595,0.4990510325111745,0,0,0,0.12,0.01,0.0,0.01,0.1,0.9,-1.2,0.0,0,0,1,0,0.675,0.32
106,1,-0.5833532214164734,-0.36241936683654785,-2.3801448345184326,0.521306526589194,0.4757501960517973,0,0,0,0.12,0.01,0.0,0.01,0.1,0.9,-1.2,0.0,0,0,1,1,0.675,0.32
106,2,-0.3787879943847656,0.4281599819660187,1.0809470415115356,0.8890282549134829,-0.8420203775338272,0,0,0,0.12,0.01,0.0,0.01,0.1,0.9,-1.2,0.0,0,0,1,0,0.675,0.32
106,3,-0.2892201840877533,-0.42789486050605774,-0.04054195433855057,-0.7777149113253738,1.7776703866557269,0,0,0,0.12,0.01,0.0,0.01,0.1,0.9,-1.2,0.0,0,0,1,0,0.675,0.32
106,4,-0.47050315141677856,-0.08343451470136642,0.26586928963661194,0.6702219454843211,0.3185424001615834,0,0,0,0.12,0.01,0.0,0.01,0.1,0.9,-1.2,0.0,0,0,1,0,0.675,0.32
106,5,-0.5162848234176636,0.06324199587106705,1.5549814701080322,0.4042848530796799,0.5947281536074844,0,0,0,0.12,0.01,0.0,0.01,0.1,0.9,-1.2,0.0,0,0,1,0,0.675,0.32
106,6,-0.6040515303611755,-0.43331179022789,2.6704046726226807,1.3490141798587176,-0.3502481748195025,0,0,0,0.12,0.01,0.0,0.01,0.1,0.9,-1.2,0.0,0,0,1,1,0.675,0.32
106,7,-0.7715186476707458,-0.0007331141387112439,2.9484384059906006,1.692992970543715,-0.6930023880775893,0,0,0,0.12,0.01,0.0,0.01,0.1,0.9,-1.2,0.0,0,0,1,0,0.675,0.32
107,0,-0.12176966667175293,0.09430992603302002,0.048023566603660583,0.5082841317784277,0.48984469960813853,0,0,0,0.12,0.01,0.0,0.01,0.1,0.9,-1.2,0.0,0,0,1,0,0.675,0.32
107,1,-0.5840732455253601,-0.36279356479644775,-2.3815195560455322,0.5239232012281624,0.47297294649980404,0,0,0,0.12,0.01,0.0,0.01,0.1,0.9,-1.2,0.0,0,0,1,1,0.675,0.32
107,2,-0.3787741959095001,0.4281651973724365,0.9364454746246338,0.6106651774761762,-0.5579426228222932,0,0,0,0.12,0.01,0.0,0.01,0.1,0.9,-1.2,0.0,0,0,1,0,0.675,0.32
107,3,-0.28821948170661926,-0.4278944134712219,0.06373153626918793,0.5397761160460341,0.460178167191423,0,0,0,0.12,0.01,0.0,0.01,0.1,0.9,-1.2,0.0,0,0,1,0,0.675,0.32
107,4,-0.4695473909378052,-0.08318089693784714,0.2538452446460724,0.6623615280165074,0.32635596837860364,0,0,0,0.12,0.01,0.0,0.01,0.1,0.9,-1.2,0.0,0,0,1,0,0.675,0.32
107,5,-0.5162750482559204,0.06424103677272797,1.5669678449630737,0.47855835922870243,0.5204074405797997,0,0,0,0.12,0.01,0.0,0.01,0.1,0.9,-1.2,0.0,0,0,1,0,0.675,0.32
107,6,-0.6051068902015686,-0.43359142541885376,2.583562135696411,1.2088095872736466,-0.20969710043435216,0,0,0,0.12,0.01,0.0,0.01,0.1,0.9,-1.2,0.0,0,0,1,1,0.675,0.32
107,7,-0.7725068926811218,-0.0005772397271357477,3.0077695846557617,2.1962553160643057,-1.1962662237142996,0,0,0,0.12,0.01,0.0,0.01,0.1,0.9,-1.2,0.0,0,0,1,0,0.675,0.32
108,0,-0.12077265977859497,0.09435810893774033,0.04823460802435875,0.5058772169024087,0.4922144211858176,0,0,0,0.12,0.01,0.0,0.01,0.1,0.9,-1.2,0.0,0,0,1,0,0.675,0.32
108,1,-0.5847935676574707,-0.363151878118515,-2.3832056522369385,0.5264200417200182,0.47031922658289926,0,0,0,0.12,0.01,0.0,0.01,0.1,0.9,-1.2,0.0,0,0,1,1,0.675,0.32
108,2,-0.3787471354007721,0.42819318175315857,0.8618199825286865,0.9814173599341268,-0.9322611039140576,0,0,0,0.12,0.01,0.0,0.01,0.1,0.9,-1.2,0.0,0,0,1,0,0.675,0.32
108,3,-0.28721702098846436,-0.42778459191322327,0.1585298627614975,1.8102317810244204,-0.8102841735071779,0,0,0,0.12,0.01,0.0,0.01,0.1,0.9,-1.2,0.0,0,0,1,0,0.675,0.32
108,4,-0.468588650226593,-0.08293893188238144,0.24152523279190063,0.6470807281235179,0.3415818127891104,0,0,0,0.12,0.01,0.0,0.01,0.1,0.9,-1.2,0.0,0,0,1,0,0.675,0.32
108,5,-0.516275942325592,0.06524006277322769,1.574687123298645,0.5048273076779366,0.49409104683332433,0,0,0,0.12,0.01,0.0,0.01,0.1,0.9,-1.2,0.0,0,0,1,0,0.675,0.32
108,6,-0.6060750484466553,-0.43387526273727417,2.514650821685791,1.2044016768454437,-0.20501590270985406,0,0,0,0.12,0.01,0.0,0.01,0.1,0.9,-1.2,0.0,0,0,1,1,0.675,0.32
108,7,-0.773492157459259,-0.00043433794053271413,2.9494333267211914,1.6556228042096486,-0.6556336522549976,0,0,0,0.12,0.01,0.0,0.01,0.1,0.9,-1.2,0.0,0,0,1,0,0.675,0.32
109,0,-0.1197756826877594,0.0944061130285263,0.047729842364788055,0.49558585483549844,0.5024676362800716,0,0,0,0.12,0.01,0.0,0.01,0.1,0.9,-1.2,0.0,0,0,1,0,0.675,0.32
109,1,-0.5855146646499634,-0.36349594593048096,-2.3851208686828613,0.5320039635004252,0.46457920023782545,0,0,0,0.12,0.01,0.0,0.01,0.1,0.9,-1.2,0.0,0,0,1,1,0.675,0.32
109,2,-0.37871241569519043,0.42822957038879395,0.8172350525856018,1.669712532880219,-1.6265023356401047,0,0,0,0.12,0.01,0.0,0.01,0.1,0.9,-1.2,0.0,0,0,1,0,0.675,0.32
109,3,-0.286231130361557,-0.4276067018508911,0.17418687045574188,2.019587749035487,-1.0196464000059455,0,0,0,0.12,0.01,0.0,0.01,0.1,0.9,-1.2,0.0,0,0,1,0,0.675,0.32
109,4,-0.4676271677017212,-0.08270838856697083,0.2296094000339508,0.6324318143203741,0.35615598236770574,0,0,0,0.12,0.01,0.0,0.01,0.1,0.9,-1.2,0.0,0,0,1,0,0.675,0.32
109,5,-0.5162819623947144,0.06623899936676025,1.5772072076797485,0.47571418438444235,0.5231541618298522,0,0,0,0.12,0.01,0.0,0.01,0.1,0.9,-1.2,0.0,0,0,1,0,0.675,0.32
109,6,-0.6069765090942383,-0.4341634213924408,2.45798921585083,1.2957960178691916,-0.29620192550011204,0,0,0,0.12,0.01,0.0,0.01,0.1,0.9,-1.2,0.0,0,0,1,1,0.675,0.32
109,7,-0.7744635939598083,-0.00019940176571253687,2.836965322494507,-0.13370303156329924,1.1336915874715021,0,0,0,0.12,0.01,0.0,0.01,0.1,0.9,-1.2,0.0,0,0,1,0,0.675,0.32
110,0,-0.11877871304750443,0.09445347636938095,0.047224897891283035,0.48537738296953786,0.5126367690804804,0,0,0,0.12,0.01,0.0,0.01,0.1,0.9,-1.2,0.0,0,0,1,0,0.675,0.32
110,1,-0.5862366557121277,-0.3638283610343933,-2.3872361183166504,0.540270849285712,0.45615007060946017,0,0,0,0.12,0.01,0.0,0.01,0.1,0.9,-1.2,0.0,0,0,1,1,0.675,0.32
110,2,-0.37867677211761475,0.428263396024704,0.7554270625114441,2.192986047622833,-2.1528816100033854,0,0,0,0.12,0.01,0.0,0.01,0.1,0.9,-1.2,0.0,0,0,1,0,0.675,0.32
110,3,-0.2852437198162079,-0.4274536967277527,0.09991570562124252,1.3916954410069986,-0.39175474762855017,0,0,0,0.12,0.01,0.0,0.01,0.1,0.9,-1.2,0.0,0,0,1,0,0.675,0.32
110,4,-0.4666632413864136,-0.08248856663703918,0.21867166459560394,0.6260893045456127,0.362409085175304,0,0,0,0.12,0.01,0.0,0.01,0.1,0.9,-1.2,0.0,0,0,1,0,0.675,0.32
110,5,-0.5162888169288635,0.06723789125680923,1.5771950483322144,0.42135464862172134,0.5774593381565378,0,0,0,0.12,0.01,0.0,0.01,0.1,0.9,-1.2,0.0,0,0,1,0,0.675,0.32
110,6,-0.6078346967697144,-0.4344536066055298,2.403742551803589,1.3798789161282554,-0.3801340240078942,0,0,0,0.12,0.01,0.0,0.01,0.1,0.9,-1.2,0.0,0,0,1,1,0.675,0.32
110,7,-0.7754125595092773,0.00014329863188322634,2.747931480407715,-1.1330432482705206,2.1330297776208016,0,0,0,0.12,0.01,0.0,0.01,0.1,0.9,-1.2,0.0,0,0,1,0,0.675,0.32
111,0,-0.11778176575899124,0.09450050443410873,0.0473104864358902,0.48174647488185274,0.5162268479864944,0,0,0,0.12,0.01,0.0,0.01,0.1,0.9,-1.2,0.0,0,0,1,0,0.675,0.32
111,1,-0.5869593620300293,-0.3641504645347595,-2.3897392749786377,0.5476725525701004,0.44857509662270956,0,0,0,0.12,0.01,0.0,0.01,0.1,0.9,-1.2,0.0,0,0,1,1,0.675,0.32
111,2,-0.37864232063293457,0.4282895028591156,0.6493666172027588,2.2973867291816212,-2.2543822573729493,0,0,0,0.12,0.01,0.0,0.01,0.1,0.9,-1.2,0.0,0,0,1,0,0.675,0.32
111,3,-0.28424400091171265,-0.4273975193500519,-0.00396797526627779,-0.04983552075186878,1.049772339828407,0,0,0,0.12,0.01,0.0,0.01,0.1,0.9,-1.2,0.0,0,0,1,0,0.675,0.32
111,4,-0.46569716930389404,-0.08227863162755966,0.20876875519752502,0.6299122747777117,0.3584977808596479,0,0,0,0.12,0.01,0.0,0.01,0.1,0.9,-1.2,0.0,0,0,1,0,0.675,0.32
111,5,-0.5162956714630127,0.06823673844337463,1.5784555673599243,0.38200177287432496,0.6167538609566993,0,0,0,0.12,0.01,0.0,0.01,0.1,0.9,-1.2,0.0,0,0,1,0,0.675,0.32
111,6,-0.6086602807044983,-0.4347444176673889,2.343925714492798,1.3661359390734633,-0.36628793091764067,0,0,0,0.12,0.01,0.0,0.01,0.1,0.9,-1.2,0.0,0,0,1,1,0.675,0.32
111,7,-0.776332676410675,0.0005342521471902728,2.767458438873291,-0.9888744772121968,1.9888602913067404,0,0,0,0.12,0.01,0.0,0.01,0.1,0.9,-1.2,0.0,0,0,1,0,0.675,0.32
112,0,-0.11678487807512283,0.09454795718193054,0.04811197519302368,0.4859717343617807,0.5119591499994863,0,0,0,0.12,0.01,0.0,0.01,0.1,0.9,-1.2,0.0,0,0,1,0,0.675,0.32
112,1,-0.5876827239990234,-0.3644612729549408,-2.392843246459961,0.5510561729807378,0.44500717865042677,0,0,0,0.12,0.01,0.0,0.01,0.1,0.9,-1.2,0.0,0,0,1,1,0.675,0.32
112,2,-0.3786081373691559,0.42830750346183777,0.5038719177246094,2.0586253378142487,-2.00728367749349,0,0,0,0.12,0.01,0.0,0.01,0.1,0.9,-1.2,0.0,0,0,1,0,0.675,0.32
112,3,-0.28324446082115173,-0.42744019627571106,-0.0753563791513443,-0.8986929649310413,1.8986204856829947,0,0,0,0.12,0.01,0.0,0.01,0.1,0.9,-1.2,0.0,0,0,1,0,0.675,0.32
112,4,-0.4647292494773865,-0.08207796514034271,0.19941192865371704,0.6376347812954908,0.35069403321104,0,0,0,0.12,0.01,0.0,0.01,0.1,0.9,-1.2,0.0,0,0,1,0,0.675,0.32
112,5,-0.5163049697875977,0.06923551857471466,1.5831797122955322,0.37773526461149276,0.6209601089236635,0,0,0,0.12,0.01,0.0,0.01,0.1,0.9,-1.2,0.0,0,0,1,0,0.675,0.32
112,6,-0.6094452142715454,-0.4350369870662689,2.277519941329956,1.2233147914021099,-0.22340062209058623,0,0,0,0.12,0.01,0.0,0.01,0.1,0.9,-1.2,0.0,0,0,1,1,0.675,0.32
112,7,-0.777275800704956,0.0008678004378452897,2.8682432174682617,0.30908857528922346,0.6908971792006752,0,0,0,0.12,0.01,0.0,0.01,0.1,0.9,-1.2,0.0,0,0,1,0,0.675,0.32
113,0,-0.11578807979822159,0.0945964828133583,0.049290306866168976,0.4941547500736349,0.5037322652690774,0,0,0,0.12,0.01,0.0,0.01,0.1,0.9,-1.2,0.0,0,0,1,0,0.675,0.32
113,1,-0.5884072780609131,-0.3647584021091461,-2.3965368270874023,0.5501273117059513,0.44574625873624846,0,0,0,0.12,0.01,0.0,0.01,0.1,0.9,-1.2,0.0,0,0,1,1,0.675,0.32
113,2,-0.3785701096057892,0.42831993103027344,0.34514856338500977,1.6621470864668009,-1.6002723242893333,0,0,0,0.12,0.01,0.0,0.01,0.1,0.9,-1.2,0.0,0,0,1,0,0.675,0.32
113,3,-0.2822490632534027,-0.42752066254615784,-0.0568658709526062,-0.8217882429051353,1.8217111144947962,0,0,0,0.12,0.01,0.0,0.01,0.1,0.9,-1.2,0.0,0,0,1,0,0.675,0.32
113,4,-0.46375954151153564,-0.08188651502132416,0.18992279469966888,0.6415339927847648,0.346721329194758,0,0,0,0.12,0.01,0.0,0.01,0.1,0.9,-1.2,0.0,0,0,1,0,0.675,0.32
113,5,-0.516320526599884,0.07023417204618454,1.5908746719360352,0.401512428709045,0.5971226845302433,0,0,0,0.12,0.01,0.0,0.01,0.1,0.9,-1.2,0.0,0,0,1,0,0.675,0.32
113,6,-0.6101710200309753,-0.4353339672088623,2.210669755935669,0.9976157772859993,0.002338207928234172,0,0,0,0.12,0.01,0.0,0.01,0.1,0.9,-1.2,0.0,0,0,1,1,0.675,0.32
113,7,-0.7782528400421143,0.0010908526601269841,2.9749300479888916,1.8218640702444402,-0.8218802231031744,0,0,0,0.12,0.01,0.0,0.01,0.1,0.9,-1.2,0.0,0,0,1,0,0.675,0.32
114,0,-0.1147913858294487,0.09464618563652039,0.05029310658574104,0.5000360357234563,0.49780591850780587,0,0,0,0.12,0.01,0.0,0.01,0.1,0.9,-1.2,0.0,0,0,1,0,0.675,0.32
114,1,-0.589133620262146,-0.3650401532649994,-2.400559186935425,0.5475921274246386,0.448093867200453,0,0,0,0.12,0.01,0.0,0.01,0.1,0.9,-1.2,0.0,0,0,1,1,0.675,0.32
114,2,-0.3785228431224823,0.42832860350608826,0.19886602461338043,1.2359963193285664,-1.1640417262661655,0,0,0,0.12,0.01,0.0,0.01,0.1,0.9,-1.2,0.0,0,0,1,0,0.675,0.32
114,3,-0.2812494933605194,-0.42754605412483215,0.029504433274269104,0.11103880323637991,0.8888828166557404,0,0,0,0.12,0.01,0.0,0.01,0.1,0.9,-1.2,0.0,0,0,1,0,0.675,0.32
114,4,-0.46278804540634155,-0.08170478790998459,0.17995645105838776,0.6375180035695195,0.35066340865048184,0,0,0,0.12,0.01,0.0,0.01,0.1,0.9,-1.2,0.0,0,0,1,0,0.675,0.32
114,5,-0.5163445472717285,0.07123259454965591,1.5993598699569702,0.4307467705483117,0.5678285592322669,0,0,0,0.12,0.01,0.0,0.01,0.1,0.9,-1.2,0.0,0,0,1,0,0.675,0.32
114,6,-0.6108244061470032,-0.4356374442577362,2.152836799621582,0.8207132782229256,0.17926323754703294,0,0,0,0.12,0.01,0.0,0.01,0.1,0.9,-1.2,0.0,0,0,1,1,0.675,0.32
114,7,-0.7792423367500305,0.0012302345130592585,3.0068578720092773,2.077300237915936,-1.0773182981233027,0,0,0,0.12,0.01,0.0,0.01,0.1,0.9,-1.2,0.0,0,0,1,0,0.675,0.32
115,0,-0.11379476636648178,0.09469664841890335,0.05074995383620262,0.49968184973639723,0.49811426852303275,0,0,0,0.12,0.01,0.0,0.01,0.1,0.9,-1.2,0.0,0,0,1,0,0.675,0.32
115,1,-0.589862585067749,-0.365307092666626,-2.4045839309692383,0.5483016856641161,0.44720257439905525,0,0,0,0.12,0.01,0.0,0.01,0.1,0.9,-1.2,0.0,0,0,1,1,0.675,0.32
115,2,-0.37846383452415466,0.4283328354358673,0.07884426414966583,0.8132439289297019,-0.7326081205214414,0,0,0,0.12,0.01,0.0,0.01,0.1,0.9,-1.2,0.0,0,0,1,0,0.675,0.32
115,3,-0.2802506983280182,-0.4274725615978241,0.12356515973806381,1.422777295588004,-0.4228634242997047,0,0,0,0.12,0.01,0.0,0.01,0.1,0.9,-1.2,0.0,0,0,1,0,0.675,0.32
115,4,-0.4618147611618042,-0.08153324574232101,0.16966761648654938,0.6272584710057123,0.36083478594466617,0,0,0,0.12,0.01,0.0,0.01,0.1,0.9,-1.2,0.0,0,0,1,0,0.675,0.32
115,5,-0.5163769125938416,0.07223071902990341,1.6065680980682373,0.44555593225322626,0.5529582431618129,0,0,0,0.12,0.01,0.0,0.01,0.1,0.9,-1.2,0.0,0,0,1,0,0.675,0.32
115,6,-0.6114080548286438,-0.4359470009803772,2.111105442047119,0.8356462661556794,0.16434240896181332,0,0,0,0.12,0.01,0.0,0.01,0.1,0.9,-1.2,0.0,0,0,1,1,0.675,0.32
115,7,-0.7802271246910095,0.0013841426698490977,2.93506121635437,1.2947305719807696,-0.2947486917927813,0,0,0,0.12,0.01,0.0,0.01,0.1,0.9,-1.2,0.0,0,0,1,0,0.675,0.32
116,0,-0.11279821395874023,0.09474731981754303,0.05073125287890434,0.4940157291758963,0.5037337782513193,0,0,0,0.12,0.01,0.0,0.01,0.1,0.9,-1.2,0.0,0,0,1,0,0.675,0.32
116,1,-0.5905943512916565,-0.36556199193000793,-2.408445358276367,0.5548138898869637,0.4405117350558158,0,0,0,0.12,0.01,0.0,0.01,0.1,0.9,-1.2,0.0,0,0,1,1,0.675,0.32
116,2,-0.3783939778804779,0.4283320903778076,-0.011218243278563023,0.40190205585109506,-0.3141680197035006,0,0,0,0.12,0.01,0.0,0.01,0.1,0.9,-1.2,0.0,0,0,1,0,0.675,0.32
116,3,-0.2792556583881378,-0.427321195602417,0.16428419947624207,1.8959522976352543,-0.896049572415528,0,0,0,0.12,0.01,0.0,0.01,0.1,0.9,-1.2,0.0,0,0,1,0,0.675,0.32
116,4,-0.4608398377895355,-0.08137184381484985,0.15953461825847626,0.6163232368283501,0.37166064559886547,0,0,0,0.12,0.01,0.0,0.01,0.1,0.9,-1.2,0.0,0,0,1,0,0.675,0.32
116,5,-0.5164156556129456,0.07322855293750763,1.6117991209030151,0.440499713789804,0.5579494925624299,0,0,0,0.12,0.01,0.0,0.01,0.1,0.9,-1.2,0.0,0,0,1,0,0.675,0.32
116,6,-0.6119415163993835,-0.4362601637840271,2.0837340354919434,1.0459678456499328,-0.045973031254028206,0,0,0,0.12,0.01,0.0,0.01,0.1,0.9,-1.2,0.0,0,0,1,1,0.675,0.32
116,7,-0.781195342540741,0.001636231318116188,2.8275036811828613,-0.39078780680452657,1.3907681968763954,0,0,0,0.12,0.01,0.0,0.01,0.1,0.9,-1.2,0.0,0,0,1,0,0.675,0.32
117,0,-0.11180169135332108,0.09479789435863495,0.05066639184951782,0.48786813760224146,0.5098333880859299,0,0,0,0.12,0.01,0.0,0.01,0.1,0.9,-1.2,0.0,0,0,1,0,0.675,0.32
117,1,-0.591328501701355,-0.3658083379268646,-2.412318468093872,0.5646769093490286,0.4304662657760935,0,0,0,0.12,0.01,0.0,0.01,0.1,0.9,-1.2,0.0,0,0,1,1,0.675,0.32
117,2,-0.378315269947052,0.4283285439014435,-0.07125481218099594,0.04640842704650983,0.04709080131175891,0,0,0,0.12,0.01,0.0,0.01,0.1,0.9,-1.2,0.0,0,0,1,0,0.675,0.32
117,3,-0.27826809883117676,-0.42716577649116516,0.11785101145505905,1.5544165319960266,-0.5545173234503419,0,0,0,0.12,0.01,0.0,0.01,0.1,0.9,-1.2,0.0,0,0,1,0,0.675,0.32
117,4,-0.45986345410346985,-0.08121994137763977,0.1500195860862732,0.6101637379067382,0.37769867025442516,0,0,0,0.12,0.01,0.0,0.01,0.1,0.9,-1.2,0.0,0,0,1,0,0.675,0.32
117,5,-0.5164588689804077,0.07422613352537155,1.615785837173462,0.4238866827068599,0.5744930246295659,0,0,0,0.12,0.01,0.0,0.01,0.1,0.9,-1.2,0.0,0,0,1,0,0.675,0.32
117,6,-0.6124500632286072,-0.43657365441322327,2.0581583976745605,1.2429286961402206,-0.24293096111672194,0,0,0,0.12,0.01,0.0,0.01,0.1,0.9,-1.2,0.0,0,0,1,1,0.675,0.32
117,7,-0.7821409702301025,0.001982072601094842,2.7605185508728027,-1.0775006912509772,2.077477922276673,0,0,0,0.12,0.01,0.0,0.01,0.1,0.9,-1.2,0.0,0,0,1,0,0.675,0.32
118,0,-0.11080522835254669,0.09484849870204926,0.050955940037965775,0.4857347985696596,0.5119169572401243,0,0,0,0.12,0.01,0.0,0.01,0.1,0.9,-1.2,0.0,0,0,1,0,0.675,0.32
118,1,-0.592064380645752,-0.3660476803779602,-2.4166102409362793,0.5722404658770903,0.4227091133618013,0,0,0,0.12,0.01,0.0,0.01,0.1,0.9,-1.2,0.0,0,0,1,1,0.675,0.32
118,2,-0.3782317638397217,0.4283200800418854,-0.10216081887483597,-0.2770772800701126,0.37546131768398133,0,0,0,0.12,0.01,0.0,0.01,0.1,0.9,-1.2,0.0,0,0,1,0,0.675,0.32
118,3,-0.2772708535194397,-0.42708346247673035,0.026413461193442345,0.4289432374533044,0.57095209679047,0,0,0,0.12,0.01,0.0,0.01,0.1,0.9,-1.2,0.0,0,0,1,0,0.675,0.32
118,4,-0.45888587832450867,-0.08107669651508331,0.1412702202796936,0.6111450128954989,0.37659908004578513,0,0,0,0.12,0.01,0.0,0.01,0.1,0.9,-1.2,0.0,0,0,1,0,0.675,0.32
118,5,-0.5165058970451355,0.07522348314523697,1.619846224784851,0.40862577573795283,0.5896803794668202,0,0,0,0.12,0.01,0.0,0.01,0.1,0.9,-1.2,0.0,0,0,1,0,0.675,0.32
118,6,-0.612945020198822,-0.4368860125541687,2.019402027130127,1.162024947627966,-0.16202590130228248,0,0,0,0.12,0.01,0.0,0.01,0.1,0.9,-1.2,0.0,0,0,1,1,0.675,0.32
118,7,-0.7830691933631897,0.002352530136704445,2.799523115158081,-0.7437423426720666,1.74371891804667,0,0,0,0.12,0.01,0.0,0.01,0.1,0.9,-1.2,0.0,0,0,1,0,0.675,0.32
119,0,-0.10980882495641708,0.09489954262971878,0.05165620893239975,0.48836962927287836,0.5092303301005957,0,0,0,0.12,0.01,0.0,0.01,0.1,0.9,-1.2,0.0,0,0,1,0,0.675,0.32
119,1,-0.5928018093109131,-0.36627858877182007,-2.421616315841675,0.5744030377424865,0.4203420975648256,0,0,0,0.12,0.01,0.0,0.01,0.1,0.9,-1.2,0.0,0,0,1,1,0.675,0.32
119,2,-0.3781402111053467,0.42830994725227356,-0.10710539668798447,-0.5176045910059318,0.6206659690080987,0,0,0,0.12,0.01,0.0,0.01,0.1,0.9,-1.2,0.0,0,0,1,0,0.675,0.32
119,3,-0.27627015113830566,-0.42709583044052124,-0.052456457167863846,-0.5953649588864749,1.595248252992005,0,0,0,0.12,0.01,0.0,0.01,0.1,0.9,-1.2,0.0,0,0,1,0,0.675,0.32
119,4,-0.4579072892665863,-0.08094147592782974,0.13303212821483612,0.6155867574739778,0.3720465304326688,0,0,0,0.12,0.01,0.0,0.01,0.1,0.9,-1.2,0.0,0,0,1,0,0.675,0.32
119,5,-0.5165572166442871,0.0762205570936203,1.624908447265625,0.40197131055831364,0.5962595043754632,0,0,0,0.12,0.01,0.0,0.01,0.1,0.9,-1.2,0.0,0,0,1,0,0.675,0.32
119,6,-0.6134096384048462,-0.437199205160141,1.9652783870697021,0.6839446351269557,0.31605500724517555,0,0,0,0.12,0.01,0.0,0.01,0.1,0.9,-1.2,0.0,0,0,1,1,0.675,0.32
119,7,-0.7840237021446228,0.0026538176462054253,2.900770664215088,0.6716717666363137,0.3283040338779075,0,0,0,0.12,0.01,0.0,0.01,0.1,0.9,-1.2,0.0,0,0,1,0,0.675,0.32
120,0,-0.10881251841783524,0.09495140612125397,0.05253465101122856,0.4931030534935838,0.5044430232810133,0,0,0,0.12,0.01,0.0,0.01,0.1,0.9,-1.2,0.0,0,0,1,0,0.675,0.32
120,1,-0.5935413837432861,-0.36649850010871887,-2.4272468090057373,0.5726809858709035,0.4218569636911692,0,0,0,0.12,0.01,0.0,0.01,0.1,0.9,-1.2,0.0,0,0,1,1,0.675,0.32
120,2,-0.3780433237552643,0.42830005288124084,-0.08874627947807312,-0.6567854109272289,0.7650022107228566,0,0,0,0.12,0.01,0.0,0.01,0.1,0.9,-1.2,0.0,0,0,1,0,0.675,0.32
120,3,-0.2752733826637268,-0.4271641969680786,-0.06317804753780365,-0.7696231756212443,1.7694959197046487,0,0,0,0.12,0.01,0.0,0.01,0.1,0.9,-1.2,0.0,0,0,1,0,0.675,0.32
120,4,-0.4569277763366699,-0.08081411570310593,0.12481279671192169,0.6179972811797011,0.3695327118775499,0,0,0,0.12,0.01,0.0,0.01,0.1,0.9,-1.2,0.0,0,0,1,0,0.675,0.32
120,5,-0.5166139602661133,0.07721725851297379,1.6310584545135498,0.4039734660101779,0.5941818298386685,0,0,0,0.12,0.01,0.0,0.01,0.1,0.9,-1.2,0.0,0,0,1,0,0.675,0.32
120,6,-0.6138141751289368,-0.4375167191028595,1.9131051301956177,0.1162451981890529,0.8837546826016576,0,0,0,0.12,0.01,0.0,0.01,0.1,0.9,-1.2,0.0,0,0,1,1,0.675,0.32
120,7,-0.7850056886672974,0.0028512373100966215,2.9928488731384277,1.8504991612799973,-0.8505268178351733,0,0,0,0.12,0.01,0.0,0.01,0.1,0.9,-1.2,0.0,0,0,1,0,0.675,0.32
121,0,-0.10781630873680115,0.09500417113304138,0.05330260470509529,0.496358614431025,0.501132030023931,0,0,0,0.12,0.01,0.0,0.01,0.1,0.9,-1.2,0.0,0,0,1,0,0.675,0.32
121,1,-0.5942840576171875,-0.3667113482952118,-2.4331352710723877,0.5704236021864135,0.42391294328096313,0,0,0,0.12,0.01,0.0,0.01,0.1,0.9,-1.2,0.0,0,0,1,1,0.675,0.32
121,2,-0.3779414892196655,0.42829233407974243,-0.05219661444425583,-0.6925314904056046,0.8067756087384674,0,0,0,0.12,0.01,0.0,0.01,0.1,0.9,-1.2,0.0,0,0,1,0,0.675,0.32
121,3,-0.2742750644683838,-0.42720863223075867,-0.0005929924082010984,-0.18266468357608368,1.18253432821796,0,0,0,0.12,0.01,0.0,0.01,0.1,0.9,-1.2,0.0,0,0,1,0,0.675,0.32
121,4,-0.45594730973243713,-0.08069495856761932,0.11630599200725555,0.6150733098626033,0.37235130218268486,0,0,0,0.12,0.01,0.0,0.01,0.1,0.9,-1.2,0.0,0,0,1,0,0.675,0.32
121,5,-0.5166771411895752,0.07821350544691086,1.6377934217453003,0.4100890378182321,0.5879906793410391,0,0,0,0.12,0.01,0.0,0.01,0.1,0.9,-1.2,0.0,0,0,1,0,0.675,0.32
121,6,-0.6141511797904968,-0.4378356635570526,1.8916122913360596,0.1792466224908805,0.8207533179044747,0,0,0,0.12,0.01,0.0,0.01,0.1,0.9,-1.2,0.0,0,0,1,1,0.675,0.32
121,7,-0.7859959006309509,0.002982941223308444,3.0004427433013916,1.8991238131270196,-0.8991538538679865,0,0,0,0.12,0.01,0.0,0.01,0.1,0.9,-1.2,0.0,0,0,1,0,0.675,0.32
122,0,-0.10682019591331482,0.09505761414766312,0.05379395931959152,0.4959955240884444,0.5014383767446856,0,0,0,0.12,0.01,0.0,0.01,0.1,0.9,-1.2,0.0,0,0,1,0,0.675,0.32
122,1,-0.5950305461883545,-0.3669182360172272,-2.4389593601226807,0.5692598004121138,0.4248733740072893,0,0,0,0.12,0.01,0.0,0.01,0.1,0.9,-1.2,0.0,0,0,1,1,0.675,0.32
122,2,-0.3778343200683594,0.42828816175460815,-0.004387191496789455,-0.6399089792657227,0.7610035339284271,0,0,0,0.12,0.01,0.0,0.01,0.1,0.9,-1.2,0.0,0,0,1,0,0.675,0.32
122,3,-0.27327507734298706,-0.4271704852581024,0.08615381270647049,0.9683221846584693,0.0315391153331384,0,0,0,0.12,0.01,0.0,0.01,0.1,0.9,-1.2,0.0,0,0,1,0,0.675,0.32
122,4,-0.4549659490585327,-0.08058447390794754,0.10760198533535004,0.6085545209078922,0.3787472459645138,0,0,0,0.12,0.01,0.0,0.01,0.1,0.9,-1.2,0.0,0,0,1,0,0.675,0.32
122,5,-0.5167471766471863,0.07920921593904495,1.644506573677063,0.415652904268894,0.5823485519917873,0,0,0,0.12,0.01,0.0,0.01,0.1,0.9,-1.2,0.0,0,0,1,0,0.675,0.32
122,6,-0.6144868731498718,-0.43815574049949646,1.9118880033493042,1.2617700033299688,-0.26177000332996875,0,0,0,0.12,0.01,0.0,0.01,0.1,0.9,-1.2,0.0,0,0,1,1,0.675,0.32
122,7,-0.7869836091995239,0.0031485198996961117,2.921936273574829,0.9267217460766941,0.0732477363451809,0,0,0,0.12,0.01,0.0,0.01,0.1,0.9,-1.2,0.0,0,0,1,0,0.675,0.32
123,0,-0.10582415014505386,0.09511139243841171,0.05403235927224159,0.49228854400515465,0.505087301903964,0,0,0,0.12,0.01,0.0,0.01,0.1,0.9,-1.2,0.0,0,0,1,0,0.675,0.32
123,1,-0.5957807898521423,-0.367127388715744,-2.4446258544921875,0.5695376444285569,0.42438500638549953,0,0,0,0.12,0.01,0.0,0.01,0.1,0.9,-1.2,0.0,0,0,1,1,0.675,0.32
123,2,-0.37772125005722046,0.4282895028591156,0.047821082174777985,-0.5081427163266171,0.6364701605223645,0,0,0,0.12,0.01,0.0,0.01,0.1,0.9,-1.2,0.0,0,0,1,0,0.675,0.32
123,3,-0.2722797095775604,-0.427051842212677,0.14260126650333405,1.6687966428581988,-0.6689517341439044,0,0,0,0.12,0.01,0.0,0.01,0.1,0.9,-1.2,0.0,0,0,1,0,0.675,0.32
123,4,-0.45398375391960144,-0.08048282563686371,0.09904967248439789,0.6023348806239087,0.38482192775240354,0,0,0,0.12,0.01,0.0,0.01,0.1,0.9,-1.2,0.0,0,0,1,0,0.675,0.32
123,5,-0.5168238878250122,0.08020436018705368,1.6508457660675049,0.4183706491422551,0.5795475990343196,0,0,0,0.12,0.01,0.0,0.01,0.1,0.9,-1.2,0.0,0,0,1,0,0.675,0.32
123,6,-0.6148558855056763,-0.4384683668613434,1.9375313520431519,2.1135256181811717,-1.1135256181811715,0,0,0,0.12,0.01,0.0,0.01,0.1,0.9,-1.2,0.0,0,0,1,1,0.675,0.32
123,7,-0.7879571914672852,0.0034119081683456898,2.8240344524383545,-0.5218768598882567,1.521843064054669,0,0,0,0.12,0.01,0.0,0.01,0.1,0.9,-1.2,0.0,0,0,1,0,0.675,0.32
124,0,-0.10482817143201828,0.09516533464193344,0.05421559140086174,0.4876299781654927,0.5096859650756267,0,0,0,0.12,0.01,0.0,0.01,0.1,0.9,-1.2,0.0,0,0,1,0,0.675,0.32
124,1,-0.5965345501899719,-0.3673388659954071,-2.450192928314209,0.5713832625984325,0.4223224273086414,0,0,0,0.12,0.01,0.0,0.01,0.1,0.9,-1.2,0.0,0,0,1,1,0.675,0.32
124,2,-0.3776017725467682,0.4282977283000946,0.09767761826515198,-0.31188153863786294,0.44709330440400674,0,0,0,0.12,0.01,0.0,0.01,0.1,0.9,-1.2,0.0,0,0,1,0,0.675,0.32
124,3,-0.2712905704975128,-0.4269062578678131,0.12584400177001953,1.5908807676159813,-0.591046110900588,0,0,0,0.12,0.01,0.0,0.01,0.1,0.9,-1.2,0.0,0,0,1,0,0.675,0.32
124,4,-0.45300084352493286,-0.08038964122533798,0.09090257436037064,0.599018603495305,0.3879826367581435,0,0,0,0.12,0.01,0.0,0.01,0.1,0.9,-1.2,0.0,0,0,1,0,0.675,0.32
124,5,-0.5169067978858948,0.08119893074035645,1.6567842960357666,0.4183689483679853,0.5794612637482561,0,0,0,0.12,0.01,0.0,0.01,0.1,0.9,-1.2,0.0,0,0,1,0,0.675,0.32
124,6,-0.6152380704879761,-0.43877238035202026,1.8966172933578491,1.8436112304996466,-0.8436112304996468,0,0,0,0.12,0.01,0.0,0.01,0.1,0.9,-1.2,0.0,0,0,1,1,0.675,0.32
124,7,-0.7889024019241333,0.003753261873498559,2.780296802520752,-0.9586119721331292,1.958573765555828,0,0,0,0.12,0.01,0.0,0.01,0.1,0.9,-1.2,0.0,0,0,1,0,0.675,0.32
125,0,-0.10383225977420807,0.09521953761577606,0.054605189710855484,0.48517221633960245,0.5120814400477266,0,0,0,0.12,0.01,0.0,0.01,0.1,0.9,-1.2,0.0,0,0,1,0,0.675,0.32
125,1,-0.5972916483879089,-0.36754584312438965,-2.4557673931121826,0.5758024830194197,0.41768541151564503,0,0,0,0.12,0.01,0.0,0.01,0.1,0.9,-1.2,0.0,0,0,1,1,0.675,0.32
125,2,-0.3774731457233429,0.4283132255077362,0.13974380493164062,-0.06875178454585168,0.20980513332553002,0,0,0,0.12,0.01,0.0,0.01,0.1,0.9,-1.2,0.0,0,0,1,0,0.675,0.32
125,3,-0.2702956795692444,-0.4268064796924591,0.05356758087873459,0.8155456254422091,0.18428342843657508,0,0,0,0.12,0.01,0.0,0.01,0.1,0.9,-1.2,0.0,0,0,1,0,0.675,0.32
125,4,-0.45201733708381653,-0.08030427992343903,0.08316271007061005,0.5982947724986719,0.3885511380504918,0,0,0,0.12,0.01,0.0,0.01,0.1,0.9,-1.2,0.0,0,0,1,0,0.675,0.32
125,5,-0.5169954895973206,0.08219291269779205,1.6624891757965088,0.41612981741715954,0.5816091399879308,0,0,0,0.12,0.01,0.0,0.01,0.1,0.9,-1.2,0.0,0,0,1,0,0.675,0.32
125,6,-0.6155697703361511,-0.43907681107521057,1.7877346277236938,-0.5589881033067098,1.5589881033067097,0,0,0,0.12,0.01,0.0,0.01,0.1,0.9,-1.2,0.0,0,0,1,1,0.675,0.32
125,7,-0.7898408770561218,0.004097005818039179,2.831792116165161,-0.44982940665349247,1.4497901867972303,0,0,0,0.12,0.01,0.0,0.01,0.1,0.9,-1.2,0.0,0,0,1,0,0.675,0.32
126,0,-0.10283644497394562,0.09527426958084106,0.05533284321427345,0.486439064526419,0.5107495631934601,0,0,0,0.12,0.01,0.0,0.01,0.1,0.9,-1.2,0.0,0,0,1,0,0.675,0.32
126,1,-0.5980518460273743,-0.3677346706390381,-2.461467981338501,0.5851245823652771,0.40815618602919324,0,0,0,0.12,0.01,0.0,0.01,0.1,0.9,-1.2,0.0,0,0,1,1,0.675,0.32
126,2,-0.37733882665634155,0.4283347725868225,0.16916635632514954,0.19204748986645964,-0.04644428013249662,0,0,0,0.12,0.01,0.0,0.01,0.1,0.9,-1.2,0.0,0,0,1,0,0.675,0.32
126,3,-0.2692951261997223,-0.4267885386943817,-0.024171993136405945,-0.2000777480443256,1.199892914040877,0,0,0,0.12,0.01,0.0,0.01,0.1,0.9,-1.2,0.0,0,0,1,0,0.675,0.32
126,4,-0.4510333836078644,-0.08022621273994446,0.07568100839853287,0.597545845773036,0.38914825174588497,0,0,0,0.12,0.01,0.0,0.01,0.1,0.9,-1.2,0.0,0,0,1,0,0.675,0.32
126,5,-0.5170897841453552,0.08318628370761871,1.6681528091430664,0.41189609028215307,0.5857504799235355,0,0,0,0.12,0.01,0.0,0.01,0.1,0.9,-1.2,0.0,0,0,1,0,0.675,0.32
126,6,-0.6157722473144531,-0.43940338492393494,1.6802148818969727,-1.5881038361021982,2.5881038361021984,0,0,0,0.12,0.01,0.0,0.01,0.1,0.9,-1.2,0.0,0,0,1,1,0.675,0.32
126,7,-0.7908053398132324,0.004365547560155392,2.928171396255493,0.9264699154672283,0.07348854009536333,0,0,0,0.12,0.01,0.0,0.01,0.1,0.9,-1.2,0.0,0,0,1,0,0.675,0.32
127,0,-0.10184072703123093,0.09532981365919113,0.05627252534031868,0.4901031390898009,0.5070178373582582,0,0,0,0.12,0.01,0.0,0.01,0.1,0.9,-1.2,0.0,0,0,1,0,0.675,0.32
127,1,-0.598814845085144,-0.36825796961784363,-2.467477798461914,0.6055893565375414,0.387432608489314,0,0,0,0.12,0.01,0.0,0.01,0.1,0.9,-1.2,0.0,0,0,1,1,0.675,0.32
127,2,-0.37720027565956116,0.4283600151538849,0.1823483407497406,0.43425388213669364,-0.2849290328887612,0,0,0,0.12,0.01,0.0,0.01,0.1,0.9,-1.2,0.0,0,0,1,0,0.675,0.32
127,3,-0.26829642057418823,-0.42683568596839905,-0.05735884606838226,-0.6213537706257259,1.6211512340427792,0,0,0,0.12,0.01,0.0,0.01,0.1,0.9,-1.2,0.0,0,0,1,0,0.675,0.32
127,4,-0.4500490725040436,-0.08015517890453339,0.06831337511539459,0.6103421226618289,0.37608077372336407,0,0,0,0.12,0.01,0.0,0.01,0.1,0.9,-1.2,0.0,0,0,1,0,0.675,0.32
127,5,-0.5171896815299988,0.08417902886867523,1.6739389896392822,0.40344927664134317,0.5940852964368123,0,0,0,0.12,0.01,0.0,0.01,0.1,0.9,-1.2,0.0,0,0,1,0,0.675,0.32
127,6,-0.6159176230430603,-0.4400930106639862,1.7057886123657227,-1.319282128037417,2.319282128037417,0,0,0,0.12,0.01,0.0,0.01,0.1,0.9,-1.2,0.0,0,0,1,1,0.675,0.32
127,7,-0.7917907238006592,0.004541793372482061,3.0020217895507812,1.792179415743833,-0.7922268610410744,0,0,0,0.12,0.01,0.0,0.01,0.1,0.9,-1.2,0.0,0,0,1,0,0.675,0.32
128,0,-0.10084513574838638,0.09538628160953522,0.05715002864599228,0.4930465682925307,0.5040045515118518,0,0,0,0.12,0.01,0.0,0.01,0.1,0.9,-1.2,0.0,0,0,1,0,0.675,0.32
128,1,-0.5995802879333496,-0.3688642978668213,-2.474137544631958,0.6168047373934902,0.3759142572239721,0,0,0,0.12,0.01,0.0,0.01,0.1,0.9,-1.2,0.0,0,0,1,1,0.675,0.32
128,2,-0.3770579397678375,0.4283861815929413,0.17759644985198975,0.6234778816430829,-0.47034293958833434,0,0,0,0.12,0.01,0.0,0.01,0.1,0.9,-1.2,0.0,0,0,1,0,0.675,0.32
128,3,-0.2672986686229706,-0.42688724398612976,-0.022428175434470177,-0.3485239149183955,1.3483123780340878,0,0,0,0.12,0.01,0.0,0.01,0.1,0.9,-1.2,0.0,0,0,1,0,0.675,0.32
128,4,-0.4490644335746765,-0.08009117096662521,0.06101500615477562,0.6268990116099469,0.3592235965748676,0,0,0,0.12,0.01,0.0,0.01,0.1,0.9,-1.2,0.0,0,0,1,0,0.675,0.32
128,5,-0.5172953009605408,0.08517108112573624,1.679991602897644,0.395837805198518,0.6015772605668629,0,0,0,0.12,0.01,0.0,0.01,0.1,0.9,-1.2,0.0,0,0,1,0,0.675,0.32
128,6,-0.616169810295105,-0.4408358931541443,1.848175048828125,2.565458054300648,-1.5654580543006478,0,0,0,0.12,0.01,0.0,0.01,0.1,0.9,-1.2,0.0,0,0,1,1,0.675,0.32
128,7,-0.7927825450897217,0.004672589246183634,2.991246461868286,1.6582453817473857,-0.6582963437186686,0,0,0,0.12,0.01,0.0,0.01,0.1,0.9,-1.2,0.0,0,0,1,0,0.675,0.32
129,0,-0.0998496562242508,0.09544355422258377,0.05778556317090988,0.4930337746343329,0.5039458792009637,0,0,0,0.12,0.01,0.0,0.01,0.1,0.9,-1.2,0.0,0,0,1,0,0.675,0.32
129,1,-0.6003471612930298,-0.36946284770965576,-2.4822094440460205,0.6052317699278636,0.38713084851848645,0,0,0,0.12,0.01,0.0,0.01,0.1,0.9,-1.2,0.0,0,0,1,1,0.675,0.32
129,2,-0.3769114911556244,0.42841118574142456,0.1557210385799408,0.7406205019410496,-0.5827331325467471,0,0,0,0.12,0.01,0.0,0.01,0.1,0.9,-1.2,0.0,0,0,1,0,0.675,0.32
129,3,-0.2662985622882843,-0.426880419254303,0.05042090266942978,0.5038171506465883,0.49596094126091284,0,0,0,0.12,0.01,0.0,0.01,0.1,0.9,-1.2,0.0,0,0,1,0,0.675,0.32
129,4,-0.44807955622673035,-0.0800345167517662,0.05296836793422699,0.6385147997846691,0.34730257301425055,0,0,0,0.12,0.01,0.0,0.01,0.1,0.9,-1.2,0.0,0,0,1,0,0.675,0.32
129,5,-0.5174070596694946,0.08616236597299576,1.686574101448059,0.39378839380018216,0.6035019790483286,0,0,0,0.12,0.01,0.0,0.01,0.1,0.9,-1.2,0.0,0,0,1,0,0.675,0.32
129,6,-0.6166386604309082,-0.44150903820991516,1.9926791191101074,2.7319272663068017,-1.7319272663068017,0,0,0,0.12,0.01,0.0,0.01,0.1,0.9,-1.2,0.0,0,0,1,1,0.675,0.32
129,7,-0.7937701344490051,0.0048485263250768185,2.9124832153320312,0.5957802091423794,0.40416656390983624,0,0,0,0.12,0.01,0.0,0.01,0.1,0.9,-1.2,0.0,0,0,1,0,0.675,0.32
130,0,-0.09885427355766296,0.0955013856291771,0.05822063609957695,0.49035199361868875,0.5065546445267579,0,0,0,0.12,0.01,0.0,0.01,0.1,0.9,-1.2,0.0,0,0,1,0,0.675,0.32
130,1,-0.6011170148849487,-0.37004321813583374,-2.491297483444214,0.5779699055499988,0.413999501054768,0,0,0,0.12,0.01,0.0,0.01,0.1,0.9,-1.2,0.0,0,0,1,1,0.675,0.32
130,2,-0.37676066160202026,0.42843300104141235,0.11995888501405716,0.7781092470267822,-0.6141229515651275,0,0,0,0.12,0.01,0.0,0.01,0.1,0.9,-1.2,0.0,0,0,1,0,0.675,0.32
130,3,-0.26530149579048157,-0.42679765820503235,0.11387398838996887,1.3135734449419152,-0.3138175855669152,0,0,0,0.12,0.01,0.0,0.01,0.1,0.9,-1.2,0.0,0,0,1,0,0.675,0.32
130,4,-0.44709455966949463,-0.07998636364936829,0.04376402869820595,0.6410055932402964,0.3445007625221853,0,0,0,0.12,0.01,0.0,0.01,0.1,0.9,-1.2,0.0,0,0,1,0,0.675,0.32
130,5,-0.5175255537033081,0.08715274184942245,1.6936981678009033,0.39809973884431865,0.599060099832134,0,0,0,0.12,0.01,0.0,0.01,0.1,0.9,-1.2,0.0,0,0,1,0,0.675,0.32
130,6,-0.617253839969635,-0.44210097193717957,1.9032114744186401,2.729107826645548,-1.7291078266455477,0,0,0,0.12,0.01,0.0,0.01,0.1,0.9,-1.2,0.0,0,0,1,1,0.675,0.32
130,7,-0.7947413921356201,0.005114708561450243,2.8290133476257324,-0.5564731962530061,1.5564134127942963,0,0,0,0.12,0.01,0.0,0.01,0.1,0.9,-1.2,0.0,0,0,1,0,0.675,0.32
131,0,-0.0978589877486229,0.09555961191654205,0.05863308906555176,0.4869906461745699,0.5098412477463286,0,0,0,0.12,0.01,0.0,0.01,0.1,0.9,-1.2,0.0,0,0,1,0,0.675,0.32
131,1,-0.6018929481506348,-0.3705871105194092,-2.499858856201172,0.569273482921481,0.42236046874248995,0,0,0,0.12,0.01,0.0,0.01,0.1,0.9,-1.2,0.0,0,0,1,1,0.675,0.32
131,2,-0.3766045868396759,0.4284496009349823,0.07512148469686508,0.7376283168000987,-0.5663906096620371,0,0,0,0.12,0.01,0.0,0.01,0.1,0.9,-1.2,0.0,0,0,1,0,0.675,0.32
131,3,-0.2643100619316101,-0.42667004466056824,0.125564306974411,1.5014534341456078,-0.5017186152102133,0,0,0,0.12,0.01,0.0,0.01,0.1,0.9,-1.2,0.0,0,0,1,0,0.675,0.32
131,4,-0.446109414100647,-0.07994800806045532,0.033696919679641724,0.6327928447345382,0.3523844337841386,0,0,0,0.12,0.01,0.0,0.01,0.1,0.9,-1.2,0.0,0,0,1,0,0.675,0.32
131,5,-0.5176513195037842,0.08814209699630737,1.7010396718978882,0.4048716577276221,0.5921528188005456,0,0,0,0.12,0.01,0.0,0.01,0.1,0.9,-1.2,0.0,0,0,1,0,0.675,0.32
131,6,-0.6176095008850098,-0.4427209496498108,1.7337971925735474,1.9483020643296423,-0.9483020643296425,0,0,0,0.12,0.01,0.0,0.01,0.1,0.9,-1.2,0.0,0,0,1,1,0.675,0.32
131,7,-0.7956898808479309,0.0054417503997683525,2.8072919845581055,-0.7848100898901911,1.784743690315911,0,0,0,0.12,0.01,0.0,0.01,0.1,0.9,-1.2,0.0,0,0,1,0,0.675,0.32
132,0,-0.09686379879713058,0.09561827033758163,0.05918031930923462,0.484981829992325,0.5117729355182341,0,0,0,0.12,0.01,0.0,0.01,0.1,0.9,-1.2,0.0,0,0,1,0,0.675,0.32
132,1,-0.6026767492294312,-0.3711062967777252,-2.5065793991088867,0.5873666011345576,0.4039869702803899,0,0,0,0.12,0.01,0.0,0.01,0.1,0.9,-1.2,0.0,0,0,1,1,0.675,0.32
132,2,-0.3764420449733734,0.4284588396549225,0.02673262357711792,0.6255689876763388,-0.4466116743771598,0,0,0,0.12,0.01,0.0,0.01,0.1,0.9,-1.2,0.0,0,0,1,0,0.675,0.32
132,3,-0.2633169889450073,-0.42655807733535767,0.07977224886417389,1.0694282596065874,-0.06970440792583152,0,0,0,0.12,0.01,0.0,0.01,0.1,0.9,-1.2,0.0,0,0,1,0,0.675,0.32
132,4,-0.44512420892715454,-0.07992017269134521,0.023406127467751503,0.6193653218573512,0.3654709584885657,0,0,0,0.12,0.01,0.0,0.01,0.1,0.9,-1.2,0.0,0,0,1,0,0.675,0.32
132,5,-0.5177843570709229,0.08913036435842514,1.7081636190414429,0.4087198540804705,0.5881655052067916,0,0,0,0.12,0.01,0.0,0.01,0.1,0.9,-1.2,0.0,0,0,1,0,0.675,0.32
132,6,-0.6177204251289368,-0.443376749753952,1.563220739364624,-1.7207929851576031,2.7207929851576034,0,0,0,0.12,0.01,0.0,0.01,0.1,0.9,-1.2,0.0,0,0,1,1,0.675,0.32
132,7,-0.7966395616531372,0.005753793753683567,2.865340232849121,-0.15387268596659104,1.1538036041832964,0,0,0,0.12,0.01,0.0,0.01,0.1,0.9,-1.2,0.0,0,0,1,0,0.675,0.32
133,0,-0.09586872160434723,0.09567756950855255,0.059927985072135925,0.4853670285741031,0.5113078071078122,0,0,0,0.12,0.01,0.0,0.01,0.1,0.9,-1.2,0.0,0,0,1,0,0.675,0.32
133,1,-0.6034656763076782,-0.37161019444465637,-2.5123586654663086,0.6205223810989644,0.3705907451789592,0,0,0,0.12,0.01,0.0,0.01,0.1,0.9,-1.2,0.0,0,0,1,1,0.675,0.32
133,2,-0.3762722313404083,0.4284594655036926,-0.019667938351631165,0.45542258342916775,-0.2691261949222784,0,0,0,0.12,0.01,0.0,0.01,0.1,0.9,-1.2,0.0,0,0,1,0,0.675,0.32
133,3,-0.2623180150985718,-0.42650771141052246,0.012064489535987377,0.24193890166168083,0.7577701084625257,0,0,0,0.12,0.01,0.0,0.01,0.1,0.9,-1.2,0.0,0,0,1,0,0.675,0.32
133,4,-0.44413912296295166,-0.07990264147520065,0.013564047403633595,0.6064087699545773,0.37808162463770795,0,0,0,0.12,0.01,0.0,0.01,0.1,0.9,-1.2,0.0,0,0,1,0,0.675,0.32
133,5,-0.5179243683815002,0.09011753648519516,1.714842438697815,0.40653876038190323,0.5902049782693725,0,0,0,0.12,0.01,0.0,0.01,0.1,0.9,-1.2,0.0,0,0,1,0,0.675,0.32
133,6,-0.6176474094390869,-0.4440566599369049,1.4309214353561401,-1.7324719997369535,2.732471999736954,0,0,0,0.12,0.01,0.0,0.01,0.1,0.9,-1.2,0.0,0,0,1,1,0.675,0.32
133,7,-0.7976124882698059,0.0059895687736570835,2.9524080753326416,1.0451160801514259,-0.04519088398061881,0,0,0,0.12,0.01,0.0,0.01,0.1,0.9,-1.2,0.0,0,0,1,0,0.675,0.32
134,0,-0.09487377852201462,0.09573770314455032,0.06084060296416283,0.48784750098786867,0.5087445438424536,0,0,0,0.12,0.01,0.0,0.01,0.1,0.9,-1.2,0.0,0,0,1,0,0.675,0.32
134,1,-0.6042558550834656,-0.37216630578041077,-2.5191290378570557,0.6473996561624715,0.3434503156087687,0,0,0,0.12,0.01,0.0,0.01,0.1,0.9,-1.2,0.0,0,0,1,1,0.675,0.32
134,2,-0.3760949671268463,0.42845165729522705,-0.05893485248088837,0.24785662109894976,-0.05517456347985493,0,0,0,0.12,0.01,0.0,0.01,0.1,0.9,-1.2,0.0,0,0,1,0,0.675,0.32
134,3,-0.2613181173801422,-0.42652133107185364,-0.033988676965236664,-0.3372702808091152,1.3369552106568328,0,0,0,0.12,0.01,0.0,0.01,0.1,0.9,-1.2,0.0,0,0,1,0,0.675,0.32
134,4,-0.4431542456150055,-0.07989448308944702,0.0044985548593103886,0.601281248952015,0.3828416234005852,0,0,0,0.12,0.01,0.0,0.01,0.1,0.9,-1.2,0.0,0,0,1,0,0.675,0.32
134,5,-0.5180708169937134,0.09110363572835922,1.7212051153182983,0.3992633675023227,0.597331478746304,0,0,0,0.12,0.01,0.0,0.01,0.1,0.9,-1.2,0.0,0,0,1,0,0.675,0.32
134,6,-0.6175717711448669,-0.4448072016239166,1.5258533954620361,-1.7308027389869562,2.7308027389869567,0,0,0,0.12,0.01,0.0,0.01,0.1,0.9,-1.2,0.0,0,0,1,1,0.675,0.32
134,7,-0.798600435256958,0.006147248204797506,3.007164716720581,1.6553436434684439,-0.6554278052268667,0,0,0,0.12,0.01,0.0,0.01,0.1,0.9,-1.2,0.0,0,0,1,0,0.675,0.32
135,0,-0.09387896209955215,0.09579874575138092,0.06178146228194237,0.4907919469219685,0.5057146844523907,0,0,0,0.12,0.01,0.0,0.01,0.1,0.9,-1.2,0.0,0,0,1,0,0.675,0.32
135,1,-0.60504549741745,-0.37272682785987854,-2.5282278060913086,0.6493964731814138,0.341155892598463,0,0,0,0.12,0.01,0.0,0.01,0.1,0.9,-1.2,0.0,0,0,1,1,0.675,0.32
135,2,-0.3759107291698456,0.4284369945526123,-0.08680374920368195,0.029757898847756873,0.16831502636224221,0,0,0,0.12,0.01,0.0,0.01,0.1,0.9,-1.2,0.0,0,0,1,0,0.675,0.32
135,3,-0.26031970977783203,-0.4265606701374054,-0.027470549568533897,-0.33524830411007356,1.3349135048203702,0,0,0,0.12,0.01,0.0,0.01,0.1,0.9,-1.2,0.0,0,0,1,0,0.675,0.32
135,4,-0.4421696662902832,-0.07989460974931717,-0.003959247376769781,0.6008301386086022,0.3829272380622352,0,0,0,0.12,0.01,0.0,0.01,0.1,0.9,-1.2,0.0,0,0,1,0,0.675,0.32
135,5,-0.5182234644889832,0.09208864718675613,1.7276310920715332,0.3920952117923494,0.6043459140774017,0,0,0,0.12,0.01,0.0,0.01,0.1,0.9,-1.2,0.0,0,0,1,0,0.675,0.32
135,6,-0.6176076531410217,-0.4455123841762543,1.6811431646347046,2.137131313076015,-1.1371313130760146,0,0,0,0.12,0.01,0.0,0.01,0.1,0.9,-1.2,0.0,0,0,1,1,0.675,0.32
135,7,-0.7995911240577698,0.006279243156313896,2.98564076423645,1.3962887828770236,-0.3963784878674104,0,0,0,0.12,0.01,0.0,0.01,0.1,0.9,-1.2,0.0,0,0,1,0,0.675,0.32
136,0,-0.09288427978754044,0.09586064517498016,0.06257318705320358,0.49202754793279235,0.5043915838230365,0,0,0,0.12,0.01,0.0,0.01,0.1,0.9,-1.2,0.0,0,0,1,0,0.675,0.32
136,1,-0.6058362722396851,-0.37327590584754944,-2.539501190185547,0.6244800948770924,0.36570313933769016,0,0,0,0.12,0.01,0.0,0.01,0.1,0.9,-1.2,0.0,0,0,1,1,0.675,0.32
136,2,-0.3757202923297882,0.42841821908950806,-0.10039054602384567,-0.1681114018872682,0.3710794330552522,0,0,0,0.12,0.01,0.0,0.01,0.1,0.9,-1.2,0.0,0,0,1,0,0.675,0.32
136,3,-0.2593201994895935,-0.42657092213630676,0.02320578135550022,0.19138216241431055,0.8082671238558311,0,0,0,0.12,0.01,0.0,0.01,0.1,0.9,-1.2,0.0,0,0,1,0,0.675,0.32
136,4,-0.44118550419807434,-0.07990223169326782,-0.01183212548494339,0.6056203304064413,0.3777661265599589,0,0,0,0.12,0.01,0.0,0.01,0.1,0.9,-1.2,0.0,0,0,1,0,0.675,0.32
136,5,-0.5183824896812439,0.09307250380516052,1.734491229057312,0.3895469957243273,0.6067331379998854,0,0,0,0.12,0.01,0.0,0.01,0.1,0.9,-1.2,0.0,0,0,1,0,0.675,0.32
136,6,-0.617868185043335,-0.4461570084095001,1.8503985404968262,2.7324877565334713,-1.732487756533471,0,0,0,0.12,0.01,0.0,0.01,0.1,0.9,-1.2,0.0,0,0,1,1,0.675,0.32
136,7,-0.8005774021148682,0.006460024509578943,2.912947654724121,0.40006961251072265,0.5998351988715711,0,0,0,0.12,0.01,0.0,0.01,0.1,0.9,-1.2,0.0,0,0,1,0,0.675,0.32
137,0,-0.09188973158597946,0.09592323750257492,0.0631377100944519,0.49052871293714634,0.5058008330375852,0,0,0,0.12,0.01,0.0,0.01,0.1,0.9,-1.2,0.0,0,0,1,0,0.675,0.32
137,1,-0.6066321730613708,-0.3738040030002594,-2.5513217449188232,0.5880810939533082,0.40168502695733643,0,0,0,0.12,0.01,0.0,0.01,0.1,0.9,-1.2,0.0,0,0,1,1,0.675,0.32
137,2,-0.3755243420600891,0.4283980429172516,-0.09861034154891968,-0.3210395916389752,0.5291206135439206,0,0,0,0.12,0.01,0.0,0.01,0.1,0.9,-1.2,0.0,0,0,1,0,0.675,0.32
137,3,-0.2583213448524475,-0.4265207052230835,0.08186949789524078,0.9142078008857564,0.0854149017128155,0,0,0,0.12,0.01,0.0,0.01,0.1,0.9,-1.2,0.0,0,0,1,0,0.675,0.32
137,4,-0.4402017891407013,-0.07991719245910645,-0.019516471773386,0.6110056707018934,0.3720021179562487,0,0,0,0.12,0.01,0.0,0.01,0.1,0.9,-1.2,0.0,0,0,1,0,0.675,0.32
137,5,-0.518548309803009,0.09405508637428284,1.7418508529663086,0.3927624871736319,0.6033495614523141,0,0,0,0.12,0.01,0.0,0.01,0.1,0.9,-1.2,0.0,0,0,1,0,0.675,0.32
137,6,-0.6182822585105896,-0.4467252194881439,1.7959250211715698,2.732428625287282,-1.732428625287282,0,0,0,0.12,0.01,0.0,0.01,0.1,0.9,-1.2,0.0,0,0,1,1,0.675,0.32
137,7,-0.8015490174293518,0.00671812379732728,2.8461904525756836,-0.47297799832184434,1.4728718424494993,0,0,0,0.12,0.01,0.0,0.01,0.1,0.9,-1.2,0.0,0,0,1,0,0.675,0.32
138,0,-0.09089530259370804,0.09598632901906967,0.06358417868614197,0.4873592615615021,0.5088784336556305,0,0,0,0.12,0.01,0.0,0.01,0.1,0.9,-1.2,0.0,0,0,1,0,0.675,0.32
138,1,-0.6074368953704834,-0.37431085109710693,-2.561652898788452,0.5739664981596326,0.4154573132760668,0,0,0,0.12,0.01,0.0,0.01,0.1,0.9,-1.2,0.0,0,0,1,1,0.675,0.32
138,2,-0.37532323598861694,0.42837923765182495,-0.08249199390411377,1.9713266326298624,-1.8629816083421613,0,0,0,0.12,0.01,0.0,0.01,0.1,0.9,-1.2,0.0,0,0,1,0,0.675,0.32
138,3,-0.2573259174823761,-0.4264200031757355,0.11099208146333694,1.290565102945286,-0.29097464645953774,0,0,0,0.12,0.01,0.0,0.01,0.1,0.9,-1.2,0.0,0,0,1,0,0.675,0.32
138,4,-0.43921858072280884,-0.07993971556425095,-0.02736312337219715,0.6109400287003297,0.3716635212569456,0,0,0,0.12,0.01,0.0,0.01,0.1,0.9,-1.2,0.0,0,0,1,0,0.675,0.32
138,5,-0.5187214016914368,0.09503624588251114,1.7494486570358276,0.3985454273013352,0.5973929929943801,0,0,0,0.12,0.01,0.0,0.01,0.1,0.9,-1.2,0.0,0,0,1,0,0.675,0.32
138,6,-0.6184760332107544,-0.44731083512306213,1.6373236179351807,0.7187964870252233,0.28120351297477675,0,0,0,0.12,0.01,0.0,0.01,0.1,0.9,-1.2,0.0,0,0,1,1,0.675,0.32
138,7,-0.8025020956993103,0.0070207854732871056,2.839247465133667,-0.22158380636949662,1.2214483250119221,0,0,0,0.12,0.01,0.0,0.01,0.1,0.9,-1.2,0.0,0,0,1,0,0.675,0.32
139,0,-0.08990098536014557,0.09604989737272263,0.06411709636449814,0.4847228800141881,0.5114200438177516,0,0,0,0.12,0.01,0.0,0.01,0.1,0.9,-1.2,0.0,0,0,1,0,0.675,0.32
139,1,-0.6082515120506287,-0.37480688095092773,-2.569375991821289,0.5884682462285733,0.40068388723624,0,0,0,0.12,0.01,0.0,0.01,0.1,0.9,-1.2,0.0,0,0,1,1,0.675,0.32
139,2,-0.3751167356967926,0.4283640682697296,-0.05484388396143913,1.795227605293406,-1.6825388180118928,0,0,0,0.12,0.01,0.0,0.01,0.1,0.9,-1.2,0.0,0,0,1,0,0.675,0.32
139,3,-0.2563326060771942,-0.42631101608276367,0.09203038364648819,1.1507672921693106,-0.15120020070431422,0,0,0,0.12,0.01,0.0,0.01,0.1,0.9,-1.2,0.0,0,0,1,0,0.675,0.32
139,4,-0.43823596835136414,-0.0799703523516655,-0.0356142483651638,0.604369989179401,0.37780726835844086,0,0,0,0.12,0.01,0.0,0.01,0.1,0.9,-1.2,0.0,0,0,1,0,0.675,0.32
139,5,-0.5189019441604614,0.09601590037345886,1.7568955421447754,0.40217570972801836,0.5935852079355558,0,0,0,0.12,0.01,0.0,0.01,0.1,0.9,-1.2,0.0,0,0,1,0,0.675,0.32
139,6,-0.6184682846069336,-0.44792044162750244,1.4662166833877563,-1.7324883495277787,2.7324883495277787,0,0,0,0.12,0.01,0.0,0.01,0.1,0.9,-1.2,0.0,0,0,1,1,0.675,0.32
139,7,-0.803461492061615,0.007301365025341511,2.895338296890259,0.484077019619426,0.5157783199077042,0,0,0,0.12,0.01,0.0,0.01,0.1,0.9,-1.2,0.0,0,0,1,0,0.675,0.32
140,0,-0.08890680968761444,0.09611406922340393,0.06485554575920105,0.4826772425068867,0.5133657243357647,0,0,0,0.12,0.01,0.0,0.01,0.1,0.9,-1.2,0.0,0,0,1,0,0.675,0.32
140,1,-0.6090723276138306,-0.3753209710121155,-2.575684070587158,0.6180200203350493,0.370886899621158,0,0,0,0.12,0.01,0.0,0.01,0.1,0.9,-1.2,0.0,0,0,1,1,0.675,0.32
140,2,-0.37498921155929565,0.4283583462238312,-0.15683451294898987,1.33574080374021,-1.209330915472693,0,0,0,0.12,0.01,0.0,0.01,0.1,0.9,-1.2,0.0,0,0,1,0,0.675,0.32
140,3,-0.2553355097770691,-0.42623913288116455,0.04178595170378685,0.6056109073604422,0.393935501292817,0,0,0,0.12,0.01,0.0,0.01,0.1,0.9,-1.2,0.0,0,0,1,0,0.675,0.32
140,4,-0.43725407123565674,-0.08000952005386353,-0.04403349384665489,0.5958114382301238,0.38592182430878613,0,0,0,0.12,0.01,0.0,0.01,0.1,0.9,-1.2,0.0,0,0,1,0,0.675,0.32
140,5,-0.5190896391868591,0.09699402004480362,1.7639665603637695,0.4013219243347492,0.5942521923720988,0,0,0,0.12,0.01,0.0,0.01,0.1,0.9,-1.2,0.0,0,0,1,0,0.675,0.32
140,6,-0.6183571815490723,-0.44856855273246765,1.4074277877807617,-1.7324942794572467,2.7324942794572467,0,0,0,0.12,0.01,0.0,0.01,0.1,0.9,-1.2,0.0,0,0,1,1,0.675,0.32
140,7,-0.8044379949569702,0.007518420461565256,2.9495468139648438,1.1590160545462458,-0.1591747221106379,0,0,0,0.12,0.01,0.0,0.01,0.1,0.9,-1.2,0.0,0,0,1,0,0.675,0.32
141,0,-0.08791277557611465,0.0961790606379509,0.06576311588287354,0.48221533813874234,0.5137239762266447,0,0,0,0.12,0.01,0.0,0.01,0.1,0.9,-1.2,0.0,0,0,1,0,0.675,0.32
141,1,-0.609894871711731,-0.3758382499217987,-2.582679033279419,0.6410771820071145,0.3475678947445944,0,0,0,0.12,0.01,0.0,0.01,0.1,0.9,-1.2,0.0,0,0,1,1,0.675,0.32
141,2,-0.3748839497566223,0.42834043502807617,-0.28216561675071716,0.7090473687291862,-0.5722723072410347,0,0,0,0.12,0.01,0.0,0.01,0.1,0.9,-1.2,0.0,0,0,1,0,0.675,0.32
141,3,-0.25433576107025146,-0.4262213706970215,-0.005891980137676001,0.029905528779987714,0.9696098854579884,0,0,0,0.12,0.01,0.0,0.01,0.1,0.9,-1.2,0.0,0,0,1,0,0.675,0.32
141,4,-0.4362729489803314,-0.0800570473074913,-0.05211693048477173,0.5901756716470804,0.3911104368467245,0,0,0,0.12,0.01,0.0,0.01,0.1,0.9,-1.2,0.0,0,0,1,0,0.675,0.32
141,5,-0.519284188747406,0.0979706197977066,1.7707467079162598,0.39705597022195577,0.5983227028546739,0,0,0,0.12,0.01,0.0,0.01,0.1,0.9,-1.2,0.0,0,0,1,0,0.675,0.32
141,6,-0.6182674169540405,-0.44921672344207764,1.5221503973007202,-1.7321897879580799,2.73218978795808,0,0,0,0.12,0.01,0.0,0.01,0.1,0.9,-1.2,0.0,0,0,1,1,0.675,0.32
141,7,-0.8054214715957642,0.007697172928601503,2.9605557918548584,1.2580249992371224,-0.2581976142883918,0,0,0,0.12,0.01,0.0,0.01,0.1,0.9,-1.2,0.0,0,0,1,0,0.675,0.32
142,0,-0.0869188979268074,0.09624502062797546,0.06680478900671005,0.4833629546649107,0.5124697865956179,0,0,0,0.12,0.01,0.0,0.01,0.1,0.9,-1.2,0.0,0,0,1,0,0.675,0.32
142,1,-0.6107168197631836,-0.3763464093208313,-2.5917255878448486,0.6429585554962618,0.3453763386840361,0,0,0,0.12,0.01,0.0,0.01,0.1,0.9,-1.2,0.0,0,0,1,1,0.675,0.32
142,2,-0.3747752606868744,0.42830219864845276,-0.37838834524154663,-0.026775657234773403,0.16496015995560626,0,0,0,0.12,0.01,0.0,0.01,0.1,0.9,-1.2,0.0,0,0,1,0,0.675,0.32
142,3,-0.2533365488052368,-0.426239937543869,-0.02096666395664215,-0.17905064897825937,1.1785310156851077,0,0,0,0.12,0.01,0.0,0.01,0.1,0.9,-1.2,0.0,0,0,1,0,0.675,0.32
142,4,-0.43529266119003296,-0.0801122635602951,-0.059598226100206375,0.5896570343791618,0.39118549634822464,0,0,0,0.12,0.01,0.0,0.01,0.1,0.9,-1.2,0.0,0,0,1,0,0.675,0.32
142,5,-0.5194854140281677,0.09894569218158722,1.777517557144165,0.39265282911279165,0.6025208635904554,0,0,0,0.12,0.01,0.0,0.01,0.1,0.9,-1.2,0.0,0,0,1,0,0.675,0.32
142,6,-0.6183004379272461,-0.4498193562030792,1.6770524978637695,2.726289687833102,-1.7262896878331018,0,0,0,0.12,0.01,0.0,0.01,0.1,0.9,-1.2,0.0,0,0,1,1,0.675,0.32
142,7,-0.8064027428627014,0.00788785144686699,2.9237420558929443,0.7761298617976866,0.22368607905924692,0,0,0,0.12,0.01,0.0,0.01,0.1,0.9,-1.2,0.0,0,0,1,0,0.675,0.32
143,0,-0.08592520654201508,0.09631204605102539,0.06791350990533829,0.4851855126605451,0.5105382117046893,0,0,0,0.12,0.01,0.0,0.01,0.1,0.9,-1.2,0.0,0,0,1,0,0.675,0.32
143,1,-0.6115397214889526,-0.37684366106987,-2.6026558876037598,0.6248545739512141,0.36310308243230033,0,0,0,0.12,0.01,0.0,0.01,0.1,0.9,-1.2,0.0,0,0,1,1,0.675,0.32
143,2,-0.37465739250183105,0.4282476305961609,-0.4322618544101715,-0.8035477865886632,0.9360135663700048,0,0,0,0.12,0.01,0.0,0.01,0.1,0.9,-1.2,0.0,0,0,1,0,0.675,0.32
143,3,-0.25233742594718933,-0.4262552559375763,0.0039868843741714954,0.04814989557417352,0.9513003111824184,0,0,0,0.12,0.01,0.0,0.01,0.1,0.9,-1.2,0.0,0,0,1,0,0.675,0.32
143,4,-0.43431326746940613,-0.08017445355653763,-0.06663542240858078,0.5933486197541381,0.3870434786726808,0,0,0,0.12,0.01,0.0,0.01,0.1,0.9,-1.2,0.0,0,0,1,0,0.675,0.32
143,5,-0.5196932554244995,0.09991917014122009,1.784532904624939,0.3908172703415775,0.6041401171057796,0,0,0,0.12,0.01,0.0,0.01,0.1,0.9,-1.2,0.0,0,0,1,0,0.675,0.32
143,6,-0.6184927225112915,-0.45038291811943054,1.8356199264526367,2.7324942794572467,-1.7324942794572467,0,0,0,0.12,0.01,0.0,0.01,0.1,0.9,-1.2,0.0,0,0,1,1,0.675,0.32
143,7,-0.807375431060791,0.00812646746635437,2.87184476852417,0.07773452133750464,0.9220659223117874,0,0,0,0.12,0.01,0.0,0.01,0.1,0.9,-1.2,0.0,0,0,1,0,0.675,0.32
144,0,-0.08493168652057648,0.09638012945652008,0.06897818297147751,0.48618904355483455,0.5094230413107355,0,0,0,0.12,0.01,0.0,0.01,0.1,0.9,-1.2,0.0,0,0,1,0,0.675,0.32
144,1,-0.6123669147491455,-0.37733033299446106,-2.614068031311035,0.5979439315026576,0.38958886297289785,0,0,0,0.12,0.01,0.0,0.01,0.1,0.9,-1.2,0.0,0,0,1,1,0.675,0.32
144,2,-0.3745335042476654,0.42818835377693176,-0.4357580840587616,-1.4399498872209024,1.5661238156009147,0,0,0,0.12,0.01,0.0,0.01,0.1,0.9,-1.2,0.0,0,0,1,0,0.675,0.32
144,3,-0.25133803486824036,-0.4262329936027527,0.048680830746889114,0.5507662058485512,0.4486490129815575,0,0,0,0.12,0.01,0.0,0.01,0.1,0.9,-1.2,0.0,0,0,1,0,0.675,0.32
144,4,-0.43333473801612854,-0.08024321496486664,-0.07361093908548355,0.596949851427392,0.3829799533745488,0,0,0,0.12,0.01,0.0,0.01,0.1,0.9,-1.2,0.0,0,0,1,0,0.675,0.32
144,5,-0.5199079513549805,0.10089094936847687,1.7918481826782227,0.392224498509733,0.6025071065432149,0,0,0,0.12,0.01,0.0,0.01,0.1,0.9,-1.2,0.0,0,0,1,0,0.675,0.32
144,6,-0.6188006401062012,-0.45089438557624817,1.747117519378662,2.732493771178548,-1.7324937711785475,0,0,0,0.12,0.01,0.0,0.01,0.1,0.9,-1.2,0.0,0,0,1,1,0.675,0.32
144,7,-0.8083363771438599,0.00840891432017088,2.8456270694732666,-0.25033080676265096,1.250112653762773,0,0,0,0.12,0.01,0.0,0.01,0.1,0.9,-1.2,0.0,0,0,1,0,0.675,0.32
145,0,-0.08393833786249161,0.09644918143749237,0.06990944594144821,0.48529685492781266,0.5102003121826304,0,0,0,0.12,0.01,0.0,0.01,0.1,0.9,-1.2,0.0,0,0,1,0,0.675,0.32
145,1,-0.6132124066352844,-0.3778034448623657,-2.6239635944366455,0.590362819514356,0.39684042088023624,0,0,0,0.12,0.01,0.0,0.01,0.1,0.9,-1.2,0.0,0,0,1,1,0.675,0.32
145,2,-0.37441083788871765,0.4281352758407593,-0.38549622893333435,-1.7801683122595144,1.9065372223337487,0,0,0,0.12,0.01,0.0,0.01,0.1,0.9,-1.2,0.0,0,0,1,0,0.675,0.32
145,3,-0.25034067034721375,-0.42616599798202515,0.08357375860214233,0.9760945554289354,0.023277092405842286,0,0,0,0.12,0.01,0.0,0.01,0.1,0.9,-1.2,0.0,0,0,1,0,0.675,0.32
145,4,-0.43235716223716736,-0.08031858503818512,-0.08082977682352066,0.5947137899131519,0.3847222500114697,0,0,0,0.12,0.01,0.0,0.01,0.1,0.9,-1.2,0.0,0,0,1,0,0.675,0.32
145,5,-0.5201297402381897,0.10186092555522919,1.7993210554122925,0.394913526648475,0.5995858587084281,0,0,0,0.12,0.01,0.0,0.01,0.1,0.9,-1.2,0.0,0,0,1,0,0.675,0.32
145,6,-0.6189104914665222,-0.45141535997390747,1.587139368057251,-1.475770731454007,2.475770731454007,0,0,0,0.12,0.01,0.0,0.01,0.1,0.9,-1.2,0.0,0,0,1,1,0.675,0.32
145,7,-0.8092931509017944,0.00869853887706995,2.8654682636260986,-0.03614960932020756,1.0359160187173329,0,0,0,0.12,0.01,0.0,0.01,0.1,0.9,-1.2,0.0,0,0,1,0,0.675,0.32
146,0,-0.08294516801834106,0.0965191125869751,0.07073526084423065,0.4829170265153259,0.5124615273520141,0,0,0,0.12,0.01,0.0,0.01,0.1,0.9,-1.2,0.0,0,0,1,0,0.675,0.32
146,1,-0.614072859287262,-0.37826862931251526,-2.6316606998443604,0.6043466300676772,0.38261127760901953,0,0,0,0.12,0.01,0.0,0.01,0.1,0.9,-1.2,0.0,0,0,1,1,0.675,0.32
146,2,-0.37429070472717285,0.4280911386013031,-0.28877973556518555,-1.8350362172688028,1.9707085779274487,0,0,0,0.12,0.01,0.0,0.01,0.1,0.9,-1.2,0.0,0,0,1,0,0.675,0.32
146,3,-0.24934552609920502,-0.42607584595680237,0.08703038096427917,1.0628073515620666,-0.06347754618792108,0,0,0,0.12,0.01,0.0,0.01,0.1,0.9,-1.2,0.0,0,0,1,0,0.675,0.32
146,4,-0.43138059973716736,-0.08040092885494232,-0.08830028027296066,0.5869348608400298,0.39197856555920124,0,0,0,0.12,0.01,0.0,0.01,0.1,0.9,-1.2,0.0,0,0,1,0,0.675,0.32
146,5,-0.5203585624694824,0.10282902419567108,1.8067330121994019,0.39633247075097544,0.5979302245615246,0,0,0,0.12,0.01,0.0,0.01,0.1,0.9,-1.2,0.0,0,0,1,0,0.675,0.32
146,6,-0.6188555955886841,-0.4519409239292145,1.4180870056152344,-1.7324942794572467,2.7324942794572467,0,0,0,0.12,0.01,0.0,0.01,0.1,0.9,-1.2,0.0,0,0,1,1,0.675,0.32
146,7,-0.8102600574493408,0.008953477256000042,2.913544178009033,0.545222643415467,0.4545272554950555,0,0,0,0.12,0.01,0.0,0.01,0.1,0.9,-1.2,0.0,0,0,1,0,0.675,0.32
147,0,-0.08195216953754425,0.09658988565206528,0.07159946858882904,0.48070899117561045,0.5145466579142028,0,0,0,0.12,0.01,0.0,0.01,0.1,0.9,-1.2,0.0,0,0,1,0,0.675,0.32
147,1,-0.6149333119392395,-0.3787315785884857,-2.638692617416382,0.6245880843852508,0.36214034540906065,0,0,0,0.12,0.01,0.0,0.01,0.1,0.9,-1.2,0.0,0,0,1,1,0.675,0.32
147,2,-0.37416836619377136,0.42805513739585876,-0.16398169100284576,-1.6970718704524677,1.8492844604316396,0,0,0,0.12,0.01,0.0,0.01,0.1,0.9,-1.2,0.0,0,0,1,0,0.675,0.32
147,3,-0.2483493536710739,-0.42599764466285706,0.05954806134104729,0.8061331483181038,0.1931603578273734,0,0,0,0.12,0.01,0.0,0.01,0.1,0.9,-1.2,0.0,0,0,1,0,0.675,0.32
147,4,-0.4304051697254181,-0.0804905891418457,-0.09568577259778976,0.5782620998763109,0.4001067188836073,0,0,0,0.12,0.01,0.0,0.01,0.1,0.9,-1.2,0.0,0,0,1,0,0.675,0.32
147,5,-0.5205943584442139,0.10379520803689957,1.8139660358428955,0.39532369307398496,0.5986968881714375,0,0,0,0.12,0.01,0.0,0.01,0.1,0.9,-1.2,0.0,0,0,1,0,0.675,0.32
147,6,-0.6187548637390137,-0.45248472690582275,1.4877265691757202,-1.7324936864654132,2.7324936864654132,0,0,0,0.12,0.01,0.0,0.01,0.1,0.9,-1.2,0.0,0,0,1,1,0.675,0.32
147,7,-0.811238706111908,0.009159251116216183,2.954191207885742,1.0230727802587518,-0.023344815857506696,0,0,0,0.12,0.01,0.0,0.01,0.1,0.9,-1.2,0.0,0,0,1,0,0.675,0.32
148,0,-0.08095935732126236,0.09666159003973007,0.07262657582759857,0.48004727054917334,0.515080705391531,0,0,0,0.12,0.01,0.0,0.01,0.1,0.9,-1.2,0.0,0,0,1,0,0.675,0.32
148,1,-0.6158000826835632,-0.3791853189468384,-2.646286725997925,0.6356068842804475,0.3508492118918852,0,0,0,0.12,0.01,0.0,0.01,0.1,0.9,-1.2,0.0,0,0,1,1,0.675,0.32
148,2,-0.3740355968475342,0.4280310869216919,-0.03111828677356243,-1.4293548617859633,1.6016149673958568,0,0,0,0.12,0.01,0.0,0.01,0.1,0.9,-1.2,0.0,0,0,1,0,0.675,0.32
148,3,-0.24735073745250702,-0.4259556233882904,0.021230528131127357,0.3876280139632348,0.6116224576287146,0,0,0,0.12,0.01,0.0,0.01,0.1,0.9,-1.2,0.0,0,0,1,0,0.675,0.32
148,4,-0.42943093180656433,-0.0805874615907669,-0.10263042896986008,0.5724338328607054,0.40539162995744044,0,0,0,0.12,0.01,0.0,0.01,0.1,0.9,-1.2,0.0,0,0,1,0,0.675,0.32
148,5,-0.520837128162384,0.10475943982601166,1.8210731744766235,0.39326732774369294,0.600505775016622,0,0,0,0.12,0.01,0.0,0.01,0.1,0.9,-1.2,0.0,0,0,1,0,0.675,0.32
148,6,-0.6187471151351929,-0.45298877358436584,1.638034462928772,2.7187509027784724,-1.7187509027784722,0,0,0,0.12,0.01,0.0,0.01,0.1,0.9,-1.2,0.0,0,0,1,1,0.675,0.32
148,7,-0.8122222423553467,0.00933746062219143,2.959152936935425,1.0556543452881564,-0.05594795776832006,0,0,0,0.12,0.01,0.0,0.01,0.1,0.9,-1.2,0.0,0,0,1,0,0.675,0.32
149,0,-0.07996674627065659,0.09673438966274261,0.07380550354719162,0.48080510890979017,0.5141900082777099,0,0,0,0.12,0.01,0.0,0.01,0.1,0.9,-1.2,0.0,0,0,1,0,0.675,0.32
149,1,-0.6166704893112183,-0.3796289563179016,-2.655221700668335,0.6311722002658763,0.35492674487496245,0,0,0,0.12,0.01,0.0,0.01,0.1,0.9,-1.2,0.0,0,0,1,1,0.675,0.32
149,2,-0.37388646602630615,0.4280286729335785,0.09531804174184799,-1.042654197719647,1.2337586694031493,0,0,0,0.12,0.01,0.0,0.01,0.1,0.9,-1.2,0.0,0,0,1,0,0.675,0.32
149,3,-0.24635137617588043,-0.42594918608665466,-0.0039252773858606815,0.09256254057684694,0.9066338099976464,0,0,0,0.12,0.01,0.0,0.01,0.1,0.9,-1.2,0.0,0,0,1,0,0.675,0.32
149,4,-0.42845797538757324,-0.08069102466106415,-0.10902373492717743,0.5714630708259684,0.40581927446898397,0,0,0,0.12,0.01,0.0,0.01,0.1,0.9,-1.2,0.0,0,0,1,0,0.675,0.32
149,5,-0.5210866928100586,0.10572166740894318,1.8282088041305542,0.3922816698490735,0.6012357885897999,0,0,0,0.12,0.01,0.0,0.01,0.1,0.9,-1.2,0.0,0,0,1,0,0.675,0.32
149,6,-0.6189001202583313,-0.45346230268478394,1.7973227500915527,2.7324942794572467,-1.7324942794572467,0,0,0,0.12,0.01,0.0,0.01,0.1,0.9,-1.2,0.0,0,0,1,1,0.675,0.32
149,7,-0.8132034540176392,0.00952842179685831,2.9291152954101562,0.6703117953317058,0.32937456502748613,0,0,0,0.12,0.01,0.0,0.01,0.1,0.9,-1.2,0.0,0,0,1,0,0.675,0.32
150,0,-0.07897435128688812,0.09680838882923126,0.07502742111682892,0.48197455696012026,0.5128825158700799,0,0,0,0.12,0.01,0.0,0.01,0.1,0.9,-1.2,0.0,0,0,1,0,0.675,0.32
150,1,-0.6175404191017151,-0.38006436824798584,-2.665254831314087,0.6147558992069144,0.3709312970478157,0,0,0,0.12,0.01,0.0,0.01,0.1,0.9,-1.2,0.0,0,0,1,1,0.675,0.32
150,2,-0.3737064599990845,0.42805546522140503,0.206271693110466,-0.5318334687305452,0.7354972649169922,0,0,0,0.12,0.01,0.0,0.01,0.1,0.9,-1.2,0.0,0,0,1,0,0.675,0.32
150,3,-0.24535231292247772,-0.42595648765563965,-0.0019059667829424143,0.08503873251671712,0.9141020665288456,0,0,0,0.12,0.01,0.0,0.01,0.1,0.9,-1.2,0.0,0,0,1,0,0.675,0.32
150,4,-0.4274861812591553,-0.08080064505338669,-0.11498604714870453,0.5730837405442015,0.40364738099586805,0,0,0,0.12,0.01,0.0,0.01,0.1,0.9,-1.2,0.0,0,0,1,0,0.675,0.32
150,5,-0.5213432312011719,0.10668180137872696,1.835465669631958,0.3936177564240198,0.5996370243453284,0,0,0,0.12,0.01,0.0,0.01,0.1,0.9,-1.2,0.0,0,0,1,0,0.675,0.32
150,6,-0.6191573143005371,-0.45389324426651,1.7093833684921265,2.7324941947441426,-1.7324941947441423,0,0,0,0.12,0.01,0.0,0.01,0.1,0.9,-1.2,0.0,0,0,1,1,0.675,0.32
150,7,-0.8141777515411377,0.009757190011441708,2.890512466430664,0.1757647873180849,0.8238968371135253,0,0,0,0.12,0.01,0.0,0.01,0.1,0.9,-1.2,0.0,0,0,1,0,0.675,0.32
151,0,-0.07798217982053757,0.09688358008861542,0.07620753347873688,0.48217954771889454,0.5125341759406208,0,0,0,0.12,0.01,0.0,0.01,0.1,0.9,-1.2,0.0,0,0,1,0,0.675,0.32
151,1,-0.6184192895889282,-0.38048937916755676,-2.6750190258026123,0.6073046031486583,0.3780868348586964,0,0,0,0.12,0.01,0.0,0.01,0.1,0.9,-1.2,0.0,0,0,1,1,0.675,0.32
151,2,-0.3735254108905792,0.428106427192688,0.29174360632896423,0.05278915589114629,0.15464981968143976,0,0,0,0.12,0.01,0.0,0.01,0.1,0.9,-1.2,0.0,0,0,1,0,0.675,0.32
151,3,-0.24435320496559143,-0.4259500205516815,0.022538920864462852,-0.07254837719924108,1.0714968320561136,0,0,0,0.12,0.01,0.0,0.01,0.1,0.9,-1.2,0.0,0,0,1,0,0.675,0.32
151,4,-0.4265156090259552,-0.08091587573289871,-0.12080851197242737,0.5716490205691902,0.40449946556819993,0,0,0,0.12,0.01,0.0,0.01,0.1,0.9,-1.2,0.0,0,0,1,0,0.675,0.32
151,5,-0.5216068625450134,0.10763977468013763,1.842797875404358,0.4915233337357559,0.4988238132521591,0,0,0,0.12,0.01,0.0,0.01,0.1,0.9,-1.2,0.0,0,0,1,0,0.675,0.32
151,6,-0.6192185878753662,-0.4543200135231018,1.556005835533142,-1.7275605159219432,2.7275605159219434,0,0,0,0.12,0.01,0.0,0.01,0.1,0.9,-1.2,0.0,0,0,1,1,0.675,0.32
151,7,-0.8151440620422363,0.01001730002462864,2.873093605041504,-0.04433946009854616,1.0439733087656908,0,0,0,0.12,0.01,0.0,0.01,0.1,0.9,-1.2,0.0,0,0,1,0,0.675,0.32
152,0,-0.07699022442102432,0.09695988148450851,0.07732547074556351,0.48139176519152793,0.5131741985535893,0,0,0,0.12,0.01,0.0,0.01,0.1,0.9,-1.2,0.0,0,0,1,0,0.675,0.32
152,1,-0.6193019151687622,-0.3809085488319397,-2.6838135719299316,0.6113262673331917,0.3738729456947623,0,0,0,0.12,0.01,0.0,0.01,0.1,0.9,-1.2,0.0,0,0,1,1,0.675,0.32
152,2,-0.37333229184150696,0.4281722605228424,0.3433265686035156,0.6373097509942512,-0.4328791410527688,0,0,0,0.12,0.01,0.0,0.01,0.1,0.9,-1.2,0.0,0,0,1,0,0.675,0.32
152,3,-0.24335458874702454,-0.4259141981601715,0.05154161900281906,0.23967694580739918,0.7592195337992291,0,0,0,0.12,0.01,0.0,0.01,0.1,0.9,-1.2,0.0,0,0,1,0,0.675,0.32
152,4,-0.425546258687973,-0.08103659003973007,-0.12672388553619385,0.5656146716481043,0.40991333013717407,0,0,0,0.12,0.01,0.0,0.01,0.1,0.9,-1.2,0.0,0,0,1,0,0.675,0.32
152,5,-0.5218773484230042,0.10859554260969162,1.8500595092773438,0.4895538188245145,0.5004697941515597,0,0,0,0.12,0.01,0.0,0.01,0.1,0.9,-1.2,0.0,0,0,1,0,0.675,0.32
152,6,-0.6191176772117615,-0.4547401964664459,1.3951342105865479,-1.7324942794572467,2.7324942794572467,0,0,0,0.12,0.01,0.0,0.01,0.1,0.9,-1.2,0.0,0,0,1,1,0.675,0.32
152,7,-0.8161084651947021,0.01028016023337841,2.888904094696045,0.12159647168145923,0.8780115681744978,0,0,0,0.12,0.01,0.0,0.01,0.1,0.9,-1.2,0.0,0,0,1,0,0.675,0.32
153,0,-0.07599849253892899,0.09703722596168518,0.07841882109642029,0.4798643012300572,0.5145499090894617,0,0,0,0.12,0.01,0.0,0.01,0.1,0.9,-1.2,0.0,0,0,1,0,0.675,0.32
153,1,-0.620191752910614,-0.3813233971595764,-2.6921181678771973,0.6212699052310998,0.36380074057807377,0,0,0,0.12,0.01,0.0,0.01,0.1,0.9,-1.2,0.0,0,0,1,1,0.675,0.32
153,2,-0.37313684821128845,0.42824438214302063,0.3550471067428589,1.1384665177367128,-0.9389423237345614,0,0,0,0.12,0.01,0.0,0.01,0.1,0.9,-1.2,0.0,0,0,1,0,0.675,0.32
153,3,-0.2423577457666397,-0.42584607005119324,0.0894898772239685,0.6855996154625845,0.3132339812438058,0,0,0,0.12,0.01,0.0,0.01,0.1,0.9,-1.2,0.0,0,0,1,0,0.675,0.32
153,4,-0.4245781898498535,-0.08116278797388077,-0.13262180984020233,0.5569118750194472,0.41795278667412583,0,0,0,0.12,0.01,0.0,0.01,0.1,0.9,-1.2,0.0,0,0,1,0,0.675,0.32
153,5,-0.5221522450447083,0.10954757034778595,1.8517221212387085,0.44494194173177043,0.544751223093669,0,0,0,0.12,0.01,0.0,0.01,0.1,0.9,-1.2,0.0,0,0,1,0,0.675,0.32
153,6,-0.618923544883728,-0.4551675021648407,1.4831253290176392,-1.7324942794572467,2.7324942794572467,0,0,0,0.12,0.01,0.0,0.01,0.1,0.9,-1.2,0.0,0,0,1,1,0.675,0.32
153,7,-0.8170797228813171,0.010516875423491001,2.924022674560547,0.521493148501224,0.478087294404202,0,0,0,0.12,0.01,0.0,0.01,0.1,0.9,-1.2,0.0,0,0,1,0,0.675,0.32
154,0,-0.07500699907541275,0.09711562842130661,0.07953217625617981,0.4780015609048214,0.5162574985243472,0,0,0,0.12,0.01,0.0,0.01,0.1,0.9,-1.2,0.0,0,0,1,0,0.675,0.32
154,1,-0.6210811138153076,-0.3817293047904968,-2.7004034519195557,0.6234233205864542,0.36142023152612524,0,0,0,0.12,0.01,0.0,0.01,0.1,0.9,-1.2,0.0,0,0,1,1,0.675,0.32
154,2,-0.37294429540634155,0.4283147156238556,0.325676292181015,1.482500031914306,-1.2842072996755365,0,0,0,0.12,0.01,0.0,0.01,0.1,0.9,-1.2,0.0,0,0,1,0,0.675,0.32
154,3,-0.24136394262313843,-0.4257431626319885,0.11211786419153214,0.9894774216787066,0.0092738610132489,0,0,0,0.12,0.01,0.0,0.01,0.1,0.9,-1.2,0.0,0,0,1,0,0.675,0.32
154,4,-0.42361143231391907,-0.08129432052373886,-0.13819076120853424,0.5503784318071464,0.42379433916987386,0,0,0,0.12,0.01,0.0,0.01,0.1,0.9,-1.2,0.0,0,0,1,0,0.675,0.32
154,5,-0.5224270820617676,0.11049874126911163,1.8520915508270264,0.3907039566364318,0.5986480312023132,0,0,0,0.12,0.01,0.0,0.01,0.1,0.9,-1.2,0.0,0,0,1,0,0.675,0.32
154,6,-0.6189095377922058,-0.4555604159832001,1.634013056755066,2.7311771432007648,-1.7311771432007645,0,0,0,0.12,0.01,0.0,0.01,0.1,0.9,-1.2,0.0,0,0,1,1,0.675,0.32
154,7,-0.818058967590332,0.010718352161347866,2.9529097080230713,0.8432634483903498,0.1562843311697393,0,0,0,0.12,0.01,0.0,0.01,0.1,0.9,-1.2,0.0,0,0,1,0,0.675,0.32
155,0,-0.07401573657989502,0.09719517081975937,0.08072534948587418,0.47661930096151733,0.5174812101125489,0,0,0,0.12,0.01,0.0,0.01,0.1,0.9,-1.2,0.0,0,0,1,0,0.675,0.32
155,1,-0.6219739317893982,-0.3821265697479248,-2.7093088626861572,0.6155534621549101,0.3689645293879059,0,0,0,0.12,0.01,0.0,0.01,0.1,0.9,-1.2,0.0,0,0,1,1,0.675,0.32
155,2,-0.3727536201477051,0.42837685346603394,0.2598041594028473,1.6381763055536032,-1.4337981924030065,0,0,0,0.12,0.01,0.0,0.01,0.1,0.9,-1.2,0.0,0,0,1,0,0.675,0.32
155,3,-0.2403717041015625,-0.42563003301620483,0.10529909282922745,1.0000940377300747,-0.001426022726870417,0,0,0,0.12,0.01,0.0,0.01,0.1,0.9,-1.2,0.0,0,0,1,0,0.675,0.32
155,4,-0.42264604568481445,-0.08143087476491928,-0.14319296181201935,0.5484665452819667,0.4249891222137609,0,0,0,0.12,0.01,0.0,0.01,0.1,0.9,-1.2,0.0,0,0,1,0,0.675,0.32
155,5,-0.5227027535438538,0.11144932359457016,1.8549821376800537,0.35551254368873886,0.6334864654436464,0,0,0,0.12,0.01,0.0,0.01,0.1,0.9,-1.2,0.0,0,0,1,0,0.675,0.32
155,6,-0.6190589666366577,-0.45593613386154175,1.7937629222869873,2.7324942794572467,-1.7324942794572467,0,0,0,0.12,0.01,0.0,0.01,0.1,0.9,-1.2,0.0,0,0,1,1,0.675,0.32
155,7,-0.8190417885780334,0.010900009423494339,2.9569907188415527,0.8699965390351082,0.12951780231926188,0,0,0,0.12,0.01,0.0,0.01,0.1,0.9,-1.2,0.0,0,0,1,0,0.675,0.32
156,0,-0.07302474230527878,0.0972759798169136,0.08205235004425049,0.47656348172462615,0.5173746662970719,0,0,0,0.12,0.01,0.0,0.01,0.1,0.9,-1.2,0.0,0,0,1,0,0.675,0.32
156,1,-0.6228747963905334,-0.3825170397758484,-2.7186520099639893,0.6026868493591593,0.38149395870816255,0,0,0,0.12,0.01,0.0,0.01,0.1,0.9,-1.2,0.0,0,0,1,1,0.675,0.32
156,2,-0.3725605309009552,0.4284230172634125,0.16745689511299133,1.6028828720263086,-1.3845895032099331,0,0,0,0.12,0.01,0.0,0.01,0.1,0.9,-1.2,0.0,0,0,1,0,0.675,0.32
156,3,-0.23937736451625824,-0.42553624510765076,0.07515379786491394,0.7627139654222638,0.23587549065912664,0,0,0,0.12,0.01,0.0,0.01,0.1,0.9,-1.2,0.0,0,0,1,0,0.675,0.32
156,4,-0.4216820001602173,-0.08157199621200562,-0.14771825075149536,0.549305692003097,0.42341624231544545,0,0,0,0.12,0.01,0.0,0.01,0.1,0.9,-1.2,0.0,0,0,1,0,0.675,0.32
156,5,-0.5229825377464294,0.11239836364984512,1.861532211303711,0.34764349905149033,0.6409926370035023,0,0,0,0.12,0.01,0.0,0.01,0.1,0.9,-1.2,0.0,0,0,1,0,0.675,0.32
156,6,-0.6192368865013123,-0.456275075674057,1.7042808532714844,2.7324942794572467,-1.7324942794572467,0,0,0,0.12,0.01,0.0,0.01,0.1,0.9,-1.2,0.0,0,0,1,1,0.675,0.32
156,7,-0.8200231790542603,0.011089261621236801,2.937385320663452,0.6239297231788913,0.37555135878369417,0,0,0,0.12,0.01,0.0,0.01,0.1,0.9,-1.2,0.0,0,0,1,0,0.675,0.32
157,0,-0.07203401625156403,0.09735818207263947,0.08349214494228363,0.4779506348099356,0.5158212758574838,0,0,0,0.12,0.01,0.0,0.01,0.1,0.9,-1.2,0.0,0,0,1,0,0.675,0.32
157,1,-0.6237747073173523,-0.38289862871170044,-2.727423667907715,0.5973857594898914,0.38653916583740955,0,0,0,0.12,0.01,0.0,0.01,0.1,0.9,-1.2,0.0,0,0,1,1,0.675,0.32
157,2,-0.3723587393760681,0.42844682931900024,0.06166849285364151,1.4006773345459533,-1.1638735197771621,0,0,0,0.12,0.01,0.0,0.01,0.1,0.9,-1.2,0.0,0,0,1,0,0.675,0.32
157,3,-0.23838020861148834,-0.4254780113697052,0.04014534503221512,0.4406031083240284,0.5579026628360974,0,0,0,0.12,0.01,0.0,0.01,0.1,0.9,-1.2,0.0,0,0,1,0,0.675,0.32
157,4,-0.42071932554244995,-0.08171740919351578,-0.15208172798156738,0.5494510191813299,0.4225174528226069,0,0,0,0.12,0.01,0.0,0.01,0.1,0.9,-1.2,0.0,0,0,1,0,0.675,0.32
157,5,-0.5232698917388916,0.11334478855133057,1.87080717086792,0.35975658726646764,0.6285058276657834,0,0,0,0.12,0.01,0.0,0.01,0.1,0.9,-1.2,0.0,0,0,1,0,0.675,0.32
157,6,-0.6192906498908997,-0.45659899711608887,1.5503543615341187,-1.7311455155790967,2.731145515579097,0,0,0,0.12,0.01,0.0,0.01,0.1,0.9,-1.2,0.0,0,0,1,1,0.675,0.32
157,7,-0.8209995031356812,0.011303719133138657,2.9117591381073,0.30781330050824895,0.6916300517141936,0,0,0,0.12,0.01,0.0,0.01,0.1,0.9,-1.2,0.0,0,0,1,0,0.675,0.32
158,0,-0.07104356586933136,0.09744182229042053,0.0849393978714943,0.47996440748500874,0.5136374511308666,0,0,0,0.12,0.01,0.0,0.01,0.1,0.9,-1.2,0.0,0,0,1,0,0.675,0.32
158,1,-0.6246775984764099,-0.38327452540397644,-2.7353742122650146,0.602180853190236,0.3816175910808516,0,0,0,0.12,0.01,0.0,0.01,0.1,0.9,-1.2,0.0,0,0,1,1,0.675,0.32
158,2,-0.3721429705619812,0.428445965051651,-0.04388275742530823,1.0720375454712663,-0.8174733794022359,0,0,0,0.12,0.01,0.0,0.01,0.1,0.9,-1.2,0.0,0,0,1,0,0.675,0.32
158,3,-0.2373819351196289,-0.42545104026794434,0.01831798069179058,0.23026315872384015,0.7681538015155703,0,0,0,0.12,0.01,0.0,0.01,0.1,0.9,-1.2,0.0,0,0,1,0,0.675,0.32
158,4,-0.41975802183151245,-0.0818670317530632,-0.15650542080402374,0.5465668698515893,0.42462584770059575,0,0,0,0.12,0.01,0.0,0.01,0.1,0.9,-1.2,0.0,0,0,1,0,0.675,0.32
158,5,-0.5235667824745178,0.11428791284561157,1.8810060024261475,0.37828503845331296,0.609592330473689,0,0,0,0.12,0.01,0.0,0.01,0.1,0.9,-1.2,0.0,0,0,1,0,0.675,0.32
158,6,-0.6191640496253967,-0.4569018483161926,1.3839693069458008,-1.7324942794572467,2.7324942794572467,0,0,0,0.12,0.01,0.0,0.01,0.1,0.9,-1.2,0.0,0,0,1,1,0.675,0.32
158,7,-0.8219711184501648,0.011539585888385773,2.899566173553467,0.15323800232660464,0.8461641034816534,0,0,0,0.12,0.01,0.0,0.01,0.1,0.9,-1.2,0.0,0,0,1,0,0.675,0.32
159,0,-0.07005340605974197,0.09752684086561203,0.08628720790147781,0.4814898272287961,0.5119383434522036,0,0,0,0.12,0.01,0.0,0.01,0.1,0.9,-1.2,0.0,0,0,1,0,0.675,0.32
159,1,-0.6255978345870972,-0.383649617433548,-2.7434134483337402,0.6089382237341395,0.37480645714736066,0,0,0,0.12,0.01,0.0,0.01,0.1,0.9,-1.2,0.0,0,0,1,1,0.675,0.32
159,2,-0.3719172477722168,0.42842093110084534,-0.13709427416324615,0.6563919242255485,-0.3892627712123192,0,0,0,0.12,0.01,0.0,0.01,0.1,0.9,-1.2,0.0,0,0,1,0,0.675,0.32
159,3,-0.23638366162776947,-0.42543643712997437,0.01791873387992382,0.22689497991910104,0.7714351959575164,0,0,0,0.12,0.01,0.0,0.01,0.1,0.9,-1.2,0.0,0,0,1,0,0.675,0.32
159,4,-0.41879814863204956,-0.08202088624238968,-0.16096749901771545,0.5423916612497679,0.42799412862144787,0,0,0,0.12,0.01,0.0,0.01,0.1,0.9,-1.2,0.0,0,0,1,0,0.675,0.32
159,5,-0.5238732099533081,0.1152275949716568,1.8906233310699463,0.39181190440252306,0.5956656961719703,0,0,0,0.12,0.01,0.0,0.01,0.1,0.9,-1.2,0.0,0,0,1,0,0.675,0.32
159,6,-0.6189478039741516,-0.45720523595809937,1.4720721244812012,-1.7324942794572467,2.7324942794572467,0,0,0,0.12,0.01,0.0,0.01,0.1,0.9,-1.2,0.0,0,0,1,1,0.675,0.32
159,7,-0.8229416608810425,0.011777923442423344,2.9086036682128906,0.23890690135975212,0.7604538984296766,0,0,0,0.12,0.01,0.0,0.01,0.1,0.9,-1.2,0.0,0,0,1,0,0.675,0.32
160,0,-0.06906352192163467,0.09761310368776321,0.0875014141201973,0.48201953364038547,0.5112316708502761,0,0,0,0.12,0.01,0.0,0.01,0.1,0.9,-1.2,0.0,0,0,1,0,0.675,0.32
160,1,-0.6265256404876709,-0.3840184211730957,-2.7518198490142822,0.6068272632583576,0.3767423587814374,0,0,0,0.12,0.01,0.0,0.01,0.1,0.9,-1.2,0.0,0,0,1,1,0.675,0.32
160,2,-0.37168267369270325,0.42837443947792053,-0.20848047733306885,0.1943347478146508,0.07850628850508186,0,0,0,0.12,0.01,0.0,0.01,0.1,0.9,-1.2,0.0,0,0,1,0,0.675,0.32
160,3,-0.23538556694984436,-0.42541342973709106,0.033857058733701706,0.3940801293514042,0.6041553347446651,0,0,0,0.12,0.01,0.0,0.01,0.1,0.9,-1.2,0.0,0,0,1,0,0.675,0.32
160,4,-0.41783973574638367,-0.08217881619930267,-0.16528183221817017,0.5407623427769791,0.4287933928110946,0,0,0,0.12,0.01,0.0,0.01,0.1,0.9,-1.2,0.0,0,0,1,0,0.675,0.32
160,5,-0.5241881608963013,0.11616406589746475,1.8990166187286377,0.3956583735331627,0.5914051535740761,0,0,0,0.12,0.01,0.0,0.01,0.1,0.9,-1.2,0.0,0,0,1,0,0.675,0.32
160,6,-0.6189240217208862,-0.45748886466026306,1.6225236654281616,2.731262441001882,-1.731262441001882,0,0,0,0.12,0.01,0.0,0.01,0.1,0.9,-1.2,0.0,0,0,1,1,0.675,0.32
160,7,-0.8239161372184753,0.01199998427182436,2.930762767791748,0.47422256573578747,0.5250950206861791,0,0,0,0.12,0.01,0.0,0.01,0.1,0.9,-1.2,0.0,0,0,1,0,0.675,0.32
161,0,-0.06807390600442886,0.09770046919584274,0.08861277997493744,0.48178061707944975,0.5112905813839903,0,0,0,0.12,0.01,0.0,0.01,0.1,0.9,-1.2,0.0,0,0,1,0,0.675,0.32
161,1,-0.6274577379226685,-0.3843790590763092,-2.760718822479248,0.5966246684613633,0.38666111626001126,0,0,0,0.12,0.01,0.0,0.01,0.1,0.9,-1.2,0.0,0,0,1,1,0.675,0.32
161,2,-0.3714308440685272,0.42831265926361084,-0.25119709968566895,-0.2568908790292791,0.5302031794729285,0,0,0,0.12,0.01,0.0,0.01,0.1,0.9,-1.2,0.0,0,0,1,0,0.675,0.32
161,3,-0.2343880981206894,-0.425370991230011,0.0529320165514946,0.6091027546128661,0.3890217852392763,0,0,0,0.12,0.01,0.0,0.01,0.1,0.9,-1.2,0.0,0,0,1,0,0.675,0.32
161,4,-0.4168827533721924,-0.0823405459523201,-0.16935370862483978,0.5416896446588062,0.4270016447660899,0,0,0,0.12,0.01,0.0,0.01,0.1,0.9,-1.2,0.0,0,0,1,0,0.675,0.32
161,5,-0.5245102643966675,0.11709766089916229,1.906375765800476,0.3913180578540519,0.5953203689266487,0,0,0,0.12,0.01,0.0,0.01,0.1,0.9,-1.2,0.0,0,0,1,0,0.675,0.32
161,6,-0.6190617084503174,-0.45776665210723877,1.7826930284500122,2.7324942794572467,-1.7324942794572467,0,0,0,0.12,0.01,0.0,0.01,0.1,0.9,-1.2,0.0,0,0,1,1,0.675,0.32
161,7,-0.824895441532135,0.012199480086565018,2.950279712677002,0.6781923266764261,0.32107751642507526,0,0,0,0.12,0.01,0.0,0.01,0.1,0.9,-1.2,0.0,0,0,1,0,0.675,0.32
162,0,-0.06708455830812454,0.09778885543346405,0.08966628462076187,0.4809689466315992,0.5119185503166429,0,0,0,0.12,0.01,0.0,0.01,0.1,0.9,-1.2,0.0,0,0,1,0,0.675,0.32
162,1,-0.6283930540084839,-0.3847317099571228,-2.769597291946411,0.5840181110495808,0.3989798428421733,0,0,0,0.12,0.01,0.0,0.01,0.1,0.9,-1.2,0.0,0,0,1,1,0.675,0.32
162,2,-0.3711705505847931,0.428242564201355,-0.26180848479270935,-0.6393909636820347,0.9116639379347354,0,0,0,0.12,0.01,0.0,0.01,0.1,0.9,-1.2,0.0,0,0,1,0,0.675,0.32
162,3,-0.23339159786701202,-0.4253120422363281,0.06266026198863983,0.7430312105268017,0.2549716166407093,0,0,0,0.12,0.01,0.0,0.01,0.1,0.9,-1.2,0.0,0,0,1,0,0.675,0.32
162,4,-0.4159272313117981,-0.08250582218170166,-0.1733199954032898,0.5417337641907652,0.42605856798162867,0,0,0,0.12,0.01,0.0,0.01,0.1,0.9,-1.2,0.0,0,0,1,0,0.675,0.32
162,5,-0.5248386263847351,0.11802861094474792,1.9133145809173584,0.38368868698551134,0.6025159967951588,0,0,0,0.12,0.01,0.0,0.01,0.1,0.9,-1.2,0.0,0,0,1,0,0.675,0.32
162,6,-0.6192196011543274,-0.4580075144767761,1.689840316772461,2.7324942794572467,-1.7324942794572467,0,0,0,0.12,0.01,0.0,0.01,0.1,0.9,-1.2,0.0,0,0,1,1,0.675,0.32
162,7,-0.8258773684501648,0.01238484401255846,2.9553780555725098,0.7185773863324507,0.28064238886743953,0,0,0,0.12,0.01,0.0,0.01,0.1,0.9,-1.2,0.0,0,0,1,0,0.675,0.32
163,0,-0.06609548628330231,0.09787824749946594,0.0907028540968895,0.47986985941740995,0.512829286853342,0,0,0,0.12,0.01,0.0,0.01,0.1,0.9,-1.2,0.0,0,0,1,0,0.675,0.32
163,1,-0.6293297410011292,-0.3850770592689514,-2.777825355529785,0.5779819401193468,0.40484524646512593,0,0,0,0.12,0.01,0.0,0.01,0.1,0.9,-1.2,0.0,0,0,1,1,0.675,0.32
163,2,-0.3709067702293396,0.4281724691390991,-0.24050195515155792,-0.9014446262753405,1.1753514830506242,0,0,0,0.12,0.01,0.0,0.01,0.1,0.9,-1.2,0.0,0,0,1,0,0.675,0.32
163,3,-0.2323954552412033,-0.42524951696395874,0.05794990435242653,0.7387340781705193,0.2591502549631781,0,0,0,0.12,0.01,0.0,0.01,0.1,0.9,-1.2,0.0,0,0,1,0,0.675,0.32
163,4,-0.4149731695652008,-0.08267462998628616,-0.17734521627426147,0.5379411723882198,0.42891095611748686,0,0,0,0.12,0.01,0.0,0.01,0.1,0.9,-1.2,0.0,0,0,1,0,0.675,0.32
163,5,-0.5251732468605042,0.11895690113306046,1.9204285144805908,0.37743582389285896,0.6083265338189331,0,0,0,0.12,0.01,0.0,0.01,0.1,0.9,-1.2,0.0,0,0,1,0,0.675,0.32
163,6,-0.6192302107810974,-0.45821958780288696,1.5211941003799438,-1.7324929240469777,2.732492924046978,0,0,0,0.12,0.01,0.0,0.01,0.1,0.9,-1.2,0.0,0,0,1,1,0.675,0.32
163,7,-0.8268589377403259,0.012572018429636955,2.9457037448883057,0.5953648739051205,0.4038032836723942,0,0,0,0.12,0.01,0.0,0.01,0.1,0.9,-1.2,0.0,0,0,1,0,0.675,0.32
164,0,-0.06510668992996216,0.097968690097332,0.0917787104845047,0.4789437608919131,0.5135611338415159,0,0,0,0.12,0.01,0.0,0.01,0.1,0.9,-1.2,0.0,0,0,1,0,0.675,0.32
164,1,-0.6302667856216431,-0.3854161500930786,-2.7851316928863525,0.5809568222180485,0.40186458271588094,0,0,0,0.12,0.01,0.0,0.01,0.1,0.9,-1.2,0.0,0,0,1,1,0.675,0.32
164,2,-0.37064123153686523,0.42811107635498047,-0.1914057731628418,-1.0134235085605723,1.2943794788478953,0,0,0,0.12,0.01,0.0,0.01,0.1,0.9,-1.2,0.0,0,0,1,0,0.675,0.32
164,3,-0.2313987910747528,-0.425197571516037,0.0426943302154541,0.6248447606381912,0.3729280522051316,0,0,0,0.12,0.01,0.0,0.01,0.1,0.9,-1.2,0.0,0,0,1,0,0.675,0.32
164,4,-0.41402068734169006,-0.08284711837768555,-0.18140210211277008,0.5296719238819864,0.43620286726333823,0,0,0,0.12,0.01,0.0,0.01,0.1,0.9,-1.2,0.0,0,0,1,0,0.675,0.32
164,5,-0.5255143642425537,0.11988236010074615,1.9280167818069458,0.3751060972708938,0.6102059473496201,0,0,0,0.12,0.01,0.0,0.01,0.1,0.9,-1.2,0.0,0,0,1,0,0.675,0.32
164,6,-0.6190380454063416,-0.45839154720306396,1.3484703302383423,-1.7324942794572467,2.7324942794572467,0,0,0,0.12,0.01,0.0,0.01,0.1,0.9,-1.2,0.0,0,0,1,1,0.675,0.32
164,7,-0.8278378248214722,0.012772714719176292,2.930891275405884,0.416171768015402,0.5829408976378267,0,0,0,0.12,0.01,0.0,0.01,0.1,0.9,-1.2,0.0,0,0,1,0,0.675,0.32
165,0,-0.06411817669868469,0.0980602353811264,0.09293676912784576,0.47855197144133443,0.5137519960345567,0,0,0,0.12,0.01,0.0,0.01,0.1,0.9,-1.2,0.0,0,0,1,0,0.675,0.32
165,1,-0.6312047839164734,-0.3857494294643402,-2.7918806076049805,0.588910280526282,0.3939760934704526,0,0,0,0.12,0.01,0.0,0.01,0.1,0.9,-1.2,0.0,0,0,1,1,0.675,0.32
165,2,-0.37037116289138794,0.4280659258365631,-0.12217098474502563,-0.9748667073902966,1.2682923567948226,0,0,0,0.12,0.01,0.0,0.01,0.1,0.9,-1.2,0.0,0,0,1,0,0.675,0.32
165,3,-0.2304014265537262,-0.4251631498336792,0.025799762457609177,0.48158317755019886,0.5160751943751553,0,0,0,0.12,0.01,0.0,0.01,0.1,0.9,-1.2,0.0,0,0,1,0,0.675,0.32
165,4,-0.41306984424591064,-0.08302334696054459,-0.1852758526802063,0.5204605505630157,0.444401080830417,0,0,0,0.12,0.01,0.0,0.01,0.1,0.9,-1.2,0.0,0,0,1,0,0.675,0.32
165,5,-0.5258625745773315,0.12080471962690353,1.9360475540161133,0.37657452438689415,0.6082772531666641,0,0,0,0.12,0.01,0.0,0.01,0.1,0.9,-1.2,0.0,0,0,1,0,0.675,0.32
165,6,-0.618762195110321,-0.45854973793029785,1.4409403800964355,-1.7324942794572467,2.7324942794572467,0,0,0,0.12,0.01,0.0,0.01,0.1,0.9,-1.2,0.0,0,0,1,1,0.675,0.32
165,7,-0.8288137912750244,0.012986780144274235,2.9224281311035156,0.3090321746893133,0.69002088631914,0,0,0,0.12,0.01,0.0,0.01,0.1,0.9,-1.2,0.0,0,0,1,0,0.675,0.32
166,0,-0.0631299763917923,0.09815296530723572,0.09416239708662033,0.4785578756934459,0.5135381311768238,0,0,0,0.12,0.01,0.0,0.01,0.1,0.9,-1.2,0.0,0,0,1,0,0.675,0.32
166,1,-0.6321452260017395,-0.38607650995254517,-2.7987210750579834,0.5914443478735588,0.39135905645764857,0,0,0,0.12,0.01,0.0,0.01,0.1,0.9,-1.2,0.0,0,0,1,1,0.675,0.32
166,2,-0.3700922429561615,0.42804238200187683,-0.042773790657520294,-0.8068680512697993,1.115580086687356,0,0,0,0.12,0.01,0.0,0.01,0.1,0.9,-1.2,0.0,0,0,1,0,0.675,0.32
166,3,-0.2294038087129593,-0.4251437187194824,0.015356081537902355,0.39027457935999665,0.6072513510446665,0,0,0,0.12,0.01,0.0,0.01,0.1,0.9,-1.2,0.0,0,0,1,0,0.675,0.32
166,4,-0.41212064027786255,-0.08320302516222,-0.1886795312166214,0.5161164275589732,0.4477063544806691,0,0,0,0.12,0.01,0.0,0.01,0.1,0.9,-1.2,0.0,0,0,1,0,0.675,0.32
166,5,-0.5262181758880615,0.12172375619411469,1.9442814588546753,0.38016087728239245,0.6042184142520314,0,0,0,0.12,0.01,0.0,0.01,0.1,0.9,-1.2,0.0,0,0,1,0,0.675,0.32
166,6,-0.6186922192573547,-0.4587040841579437,1.6091041564941406,2.7263621766426325,-1.726362176642632,0,0,0,0.12,0.01,0.0,0.01,0.1,0.9,-1.2,0.0,0,0,1,1,0.675,0.32
166,7,-0.8297889232635498,0.013204162940382957,2.9257700443267822,0.3317493042417863,0.667242185168614,0,0,0,0.12,0.01,0.0,0.01,0.1,0.9,-1.2,0.0,0,0,1,0,0.675,0.32
167,0,-0.062142085283994675,0.09824690967798233,0.095402292907238,0.47847430747940206,0.5134065862278733,0,0,0,0.12,0.01,0.0,0.01,0.1,0.9,-1.2,0.0,0,0,1,0,0.675,0.32
167,1,-0.6330894231796265,-0.38639673590660095,-2.8060951232910156,0.5870342067927622,0.39556266744429824,0,0,0,0.12,0.01,0.0,0.01,0.1,0.9,-1.2,0.0,0,0,1,1,0.675,0.32
167,2,-0.3698010742664337,0.42804327607154846,0.03651513159275055,-0.5384317965023634,0.8615470857136365,0,0,0,0.12,0.01,0.0,0.01,0.1,0.9,-1.2,0.0,0,0,1,0,0.675,0.32
167,3,-0.22840625047683716,-0.4251303970813751,0.014553874731063843,0.38716901261672404,0.610209634710699,0,0,0,0.12,0.01,0.0,0.01,0.1,0.9,-1.2,0.0,0,0,1,0,0.675,0.32
167,4,-0.4111729860305786,-0.08338555693626404,-0.1914919912815094,0.5167489770715799,0.4459993716413413,0,0,0,0.12,0.01,0.0,0.01,0.1,0.9,-1.2,0.0,0,0,1,0,0.675,0.32
167,5,-0.526581346988678,0.12263935059309006,1.952449917793274,0.38382730476199084,0.6000700832194239,0,0,0,0.12,0.01,0.0,0.01,0.1,0.9,-1.2,0.0,0,0,1,0,0.675,0.32
167,6,-0.618789792060852,-0.45886531472206116,1.7754017114639282,2.7324942794572467,-1.7324942794572467,0,0,0,0.12,0.01,0.0,0.01,0.1,0.9,-1.2,0.0,0,0,1,1,0.675,0.32
167,7,-0.8307658433914185,0.013413484208285809,2.9376471042633057,0.44640339473290097,0.5525239600797212,0,0,0,0.12,0.01,0.0,0.01,0.1,0.9,-1.2,0.0,0,0,1,0,0.675,0.32
168,0,-0.06115451455116272,0.09834204614162445,0.09662988036870956,0.4780467988962908,0.5136120675091962,0,0,0,0.12,0.01,0.0,0.01,0.1,0.9,-1.2,0.0,0,0,1,0,0.675,0.32
168,1,-0.634036660194397,-0.38670986890792847,-2.813749074935913,0.5781559564676535,0.4042270563039529,0,0,0,0.12,0.01,0.0,0.01,0.1,0.9,-1.2,0.0,0,0,1,1,0.675,0.32
168,2,-0.36949628591537476,0.42806774377822876,0.10618799179792404,-0.2049620003392577,0.5386188776185393,0,0,0,0.12,0.01,0.0,0.01,0.1,0.9,-1.2,0.0,0,0,1,0,0.675,0.32
168,3,-0.22740885615348816,-0.4251139163970947,0.02089497819542885,0.45441861350001106,0.5428047041231273,0,0,0,0.12,0.01,0.0,0.01,0.1,0.9,-1.2,0.0,0,0,1,0,0.675,0.32
168,4,-0.41022685170173645,-0.08357035368680954,-0.19395652413368225,0.517807150496573,0.4438281410798125,0,0,0,0.12,0.01,0.0,0.01,0.1,0.9,-1.2,0.0,0,0,1,0,0.675,0.32
168,5,-0.5269518494606018,0.12355149537324905,1.960379958152771,0.38643119861241315,0.59698100756053,0,0,0,0.12,0.01,0.0,0.01,0.1,0.9,-1.2,0.0,0,0,1,0,0.675,0.32
168,6,-0.6189116835594177,-0.4589916169643402,1.6797304153442383,2.7324942794572467,-1.7324942794572467,0,0,0,0.12,0.01,0.0,0.01,0.1,0.9,-1.2,0.0,0,0,1,1,0.675,0.32
168,7,-0.8317453861236572,0.01360984519124031,2.9497509002685547,0.5626057020151888,0.4362534054791655,0,0,0,0.12,0.01,0.0,0.01,0.1,0.9,-1.2,0.0,0,0,1,0,0.675,0.32
169,0,-0.06016727536916733,0.09843835979700089,0.09786534309387207,0.4774516971703814,0.5139785258177473,0,0,0,0.12,0.01,0.0,0.01,0.1,0.9,-1.2,0.0,0,0,1,0,0.675,0.32
169,1,-0.6349856853485107,-0.3870161473751068,-2.8211777210235596,0.5710730370212423,0.4112017933200967,0,0,0,0.12,0.01,0.0,0.01,0.1,0.9,-1.2,0.0,0,0,1,1,0.675,0.32
169,2,-0.3691762387752533,0.42811283469200134,0.159207284450531,0.16003569384884944,0.17930648306536562,0,0,0,0.12,0.01,0.0,0.01,0.1,0.9,-1.2,0.0,0,0,1,0,0.675,0.32
169,3,-0.22641174495220184,-0.425089567899704,0.02869289554655552,0.5412394442805951,0.45582651708033634,0,0,0,0.12,0.01,0.0,0.01,0.1,0.9,-1.2,0.0,0,0,1,0,0.675,0.32
169,4,-0.4092821776866913,-0.08375720679759979,-0.19642426073551178,0.5151307933454526,0.4453404195184696,0,0,0,0.12,0.01,0.0,0.01,0.1,0.9,-1.2,0.0,0,0,1,0,0.675,0.32
169,5,-0.5273292660713196,0.12446027249097824,1.9680365324020386,0.3877331003795881,0.5951925530780535,0,0,0,0.12,0.01,0.0,0.01,0.1,0.9,-1.2,0.0,0,0,1,0,0.675,0.32
169,6,-0.6189126968383789,-0.4590819478034973,1.5091503858566284,-1.7324941947441423,2.7324941947441426,0,0,0,0.12,0.01,0.0,0.01,0.1,0.9,-1.2,0.0,0,0,1,1,0.675,0.32
169,7,-0.8327267169952393,0.013796648941934109,2.9550957679748535,0.6053944235572918,0.3933926815261739,0,0,0,0.12,0.01,0.0,0.01,0.1,0.9,-1.2,0.0,0,0,1,0,0.675,0.32
170,0,-0.0591803714632988,0.09853584319353104,0.09913076460361481,0.47685858798972725,0.5143365542794073,0,0,0,0.12,0.01,0.0,0.01,0.1,0.9,-1.2,0.0,0,0,1,0,0.675,0.32
170,1,-0.6359353065490723,-0.3873162567615509,-2.828000545501709,0.5686185264433721,0.4137325382386347,0,0,0,0.12,0.01,0.0,0.01,0.1,0.9,-1.2,0.0,0,0,1,1,0.675,0.32
170,2,-0.3688470721244812,0.4281720519065857,0.1900029182434082,0.5120315154598405,-0.17064606152040263,0,0,0,0.12,0.01,0.0,0.01,0.1,0.9,-1.2,0.0,0,0,1,0,0.675,0.32
170,3,-0.22541497647762299,-0.42505842447280884,0.03275066241621971,0.5983313118025929,0.39858218087700314,0,0,0,0.12,0.01,0.0,0.01,0.1,0.9,-1.2,0.0,0,0,1,0,0.675,0.32
170,4,-0.4083390533924103,-0.08394613116979599,-0.19900815188884735,0.5064246969286215,0.4528320116933573,0,0,0,0.12,0.01,0.0,0.01,0.1,0.9,-1.2,0.0,0,0,1,0,0.675,0.32
170,5,-0.5277132987976074,0.12536576390266418,1.9754782915115356,0.3881900240575019,0.5942471097315606,0,0,0,0.12,0.01,0.0,0.01,0.1,0.9,-1.2,0.0,0,0,1,0,0.675,0.32
170,6,-0.6187019944190979,-0.45911142230033875,1.3362913131713867,-1.7324942794572467,2.7324942794572467,0,0,0,0.12,0.01,0.0,0.01,0.1,0.9,-1.2,0.0,0,0,1,1,0.675,0.32
170,7,-0.8337082266807556,0.013981877826154232,2.9522886276245117,0.5617801715140429,0.4369319509262952,0,0,0,0.12,0.01,0.0,0.01,0.1,0.9,-1.2,0.0,0,0,1,0,0.675,0.32
171,0,-0.05819381773471832,0.09863454103469849,0.10042020678520203,0.4762626723241232,0.5146910115290262,0,0,0,0.12,0.01,0.0,0.01,0.1,0.9,-1.2,0.0,0,0,1,0,0.675,0.32
171,1,-0.6368855237960815,-0.38761088252067566,-2.8342559337615967,0.5700718849726775,0.41244392694748866,0,0,0,0.12,0.01,0.0,0.01,0.1,0.9,-1.2,0.0,0,0,1,1,0.675,0.32
171,2,-0.36851465702056885,0.428238183259964,0.19579783082008362,0.8103076520926162,-0.467802554703395,0,0,0,0.12,0.01,0.0,0.01,0.1,0.9,-1.2,0.0,0,0,1,0,0.675,0.32
171,3,-0.22441843152046204,-0.42502570152282715,0.030966801568865776,0.6029108213790153,0.3938510370842721,0,0,0,0.12,0.01,0.0,0.01,0.1,0.9,-1.2,0.0,0,0,1,0,0.675,0.32
171,4,-0.4073975384235382,-0.08413717895746231,-0.2015080749988556,0.495410641723326,0.4625786337321488,0,0,0,0.12,0.01,0.0,0.01,0.1,0.9,-1.2,0.0,0,0,1,0,0.675,0.32
171,5,-0.5281036496162415,0.12626799941062927,1.9827935695648193,0.3882192133623044,0.5937192083639223,0,0,0,0.12,0.01,0.0,0.01,0.1,0.9,-1.2,0.0,0,0,1,0,0.675,0.32
171,6,-0.6183915138244629,-0.4591134786605835,1.4354907274246216,-1.7324942794572467,2.7324942794572467,0,0,0,0.12,0.01,0.0,0.01,0.1,0.9,-1.2,0.0,0,0,1,1,0.675,0.32
171,7,-0.8346887230873108,0.014172354713082314,2.945439100265503,0.47650974384270767,0.522123402443303,0,0,0,0.12,0.01,0.0,0.01,0.1,0.9,-1.2,0.0,0,0,1,0,0.675,0.32
172,0,-0.0572076253592968,0.09873449802398682,0.10172929614782333,0.47575784863887394,0.5149483567291682,0,0,0,0.12,0.01,0.0,0.01,0.1,0.9,-1.2,0.0,0,0,1,0,0.675,0.32
172,1,-0.6378369331359863,-0.38789814710617065,-2.84024977684021,0.5698049804657759,0.4126949170142351,0,0,0,0.12,0.01,0.0,0.01,0.1,0.9,-1.2,0.0,0,0,1,1,0.675,0.32
172,2,-0.3681800365447998,0.4283033311367035,0.17676134407520294,1.0216610967106767,-0.6759607433266587,0,0,0,0.12,0.01,0.0,0.01,0.1,0.9,-1.2,0.0,0,0,1,0,0.675,0.32
172,3,-0.2234218865633011,-0.4249971807003021,0.0247484240680933,0.5645383863709712,0.43205020138995415,0,0,0,0.12,0.01,0.0,0.01,0.1,0.9,-1.2,0.0,0,0,1,0,0.675,0.32
172,4,-0.40645766258239746,-0.08433013409376144,-0.20351767539978027,0.49035628573109014,0.46632180674861573,0,0,0,0.12,0.01,0.0,0.01,0.1,0.9,-1.2,0.0,0,0,1,0,0.675,0.32
172,5,-0.5285002589225769,0.1271669715642929,1.990047812461853,0.3879836160674212,0.5934351723656537,0,0,0,0.12,0.01,0.0,0.01,0.1,0.9,-1.2,0.0,0,0,1,0,0.675,0.32
172,6,-0.6183146238327026,-0.4591327905654907,1.6051418781280518,2.7245655480879956,-1.7245655480879956,0,0,0,0.12,0.01,0.0,0.01,0.1,0.9,-1.2,0.0,0,0,1,1,0.675,0.32
172,7,-0.8356677293777466,0.01436961442232132,2.940434694290161,0.41281523840024753,0.5857346998016568,0,0,0,0.12,0.01,0.0,0.01,0.1,0.9,-1.2,0.0,0,0,1,0,0.675,0.32
173,0,-0.05622180923819542,0.0988357812166214,0.10307581722736359,0.47560958856337965,0.5148437739015251,0,0,0,0.12,0.01,0.0,0.01,0.1,0.9,-1.2,0.0,0,0,1,0,0.675,0.32
173,1,-0.6387904286384583,-0.3881808817386627,-2.846289873123169,0.5674578466510269,0.4148980460072067,0,0,0,0.12,0.01,0.0,0.01,0.1,0.9,-1.2,0.0,0,0,1,1,0.675,0.32
173,2,-0.36784234642982483,0.42835935950279236,0.13607171177864075,1.1252807181933406,-0.7723350328066828,0,0,0,0.12,0.01,0.0,0.01,0.1,0.9,-1.2,0.0,0,0,1,0,0.675,0.32
173,3,-0.22242531180381775,-0.4249759316444397,0.017472293227910995,0.5117903531202181,0.48460440033589763,0,0,0,0.12,0.01,0.0,0.01,0.1,0.9,-1.2,0.0,0,0,1,0,0.675,0.32
173,4,-0.4055193364620209,-0.08452446013689041,-0.20481830835342407,0.491808367989952,0.4635082947984392,0,0,0,0.12,0.01,0.0,0.01,0.1,0.9,-1.2,0.0,0,0,1,0,0.675,0.32
173,5,-0.528903067111969,0.12806260585784912,1.9972764253616333,0.3873742674584496,0.5935039068465127,0,0,0,0.12,0.01,0.0,0.01,0.1,0.9,-1.2,0.0,0,0,1,0,0.675,0.32
173,6,-0.6184017062187195,-0.45917388796806335,1.7746089696884155,2.7324942794572467,-1.7324942794572467,0,0,0,0.12,0.01,0.0,0.01,0.1,0.9,-1.2,0.0,0,0,1,1,0.675,0.32
173,7,-0.8366461396217346,0.014569785445928574,2.940843105316162,0.4060914664329038,0.5923715085922733,0,0,0,0.12,0.01,0.0,0.01,0.1,0.9,-1.2,0.0,0,0,1,0,0.675,0.32
174,0,-0.05523638054728508,0.09893842041492462,0.10446491092443466,0.4759722283804753,0.5142237612282894,0,0,0,0.12,0.01,0.0,0.01,0.1,0.9,-1.2,0.0,0,0,1,0,0.675,0.32
174,1,-0.6397456526756287,-0.3884590268135071,-2.85233473777771,0.5631989949333174,0.4189998990905779,0,0,0,0.12,0.01,0.0,0.01,0.1,0.9,-1.2,0.0,0,0,1,1,0.675,0.32
174,2,-0.36749938130378723,0.42839837074279785,0.07941105216741562,1.1132263721683502,-0.7489353300788879,0,0,0,0.12,0.01,0.0,0.01,0.1,0.9,-1.2,0.0,0,0,1,0,0.675,0.32
174,3,-0.221428781747818,-0.42496147751808167,0.012285148724913597,0.47359232505671817,0.5225962559331194,0,0,0,0.12,0.01,0.0,0.01,0.1,0.9,-1.2,0.0,0,0,1,0,0.675,0.32
174,4,-0.40458250045776367,-0.08471956849098206,-0.2057289481163025,0.4950882401424413,0.4588215146106715,0,0,0,0.12,0.01,0.0,0.01,0.1,0.9,-1.2,0.0,0,0,1,0,0.675,0.32
174,5,-0.5293121933937073,0.12895484268665314,2.0044994354248047,0.3863766903065221,0.5939462071277126,0,0,0,0.12,0.01,0.0,0.01,0.1,0.9,-1.2,0.0,0,0,1,0,0.675,0.32
174,6,-0.6185160279273987,-0.4591907560825348,1.6761078834533691,2.7324942794572467,-1.7324942794572467,0,0,0,0.12,0.01,0.0,0.01,0.1,0.9,-1.2,0.0,0,0,1,1,0.675,0.32
174,7,-0.8376250267028809,0.014767089858651161,2.946027994155884,0.44820144228699205,0.5501709336781263,0,0,0,0.12,0.01,0.0,0.01,0.1,0.9,-1.2,0.0,0,0,1,0,0.675,0.32
175,0,-0.05425134673714638,0.09904242306947708,0.10586008429527283,0.47664681750019455,0.5132879845551643,0,0,0,0.12,0.01,0.0,0.01,0.1,0.9,-1.2,0.0,0,0,1,0,0.675,0.32
175,1,-0.6407021284103394,-0.3887316882610321,-2.8582353591918945,0.5588592056199072,0.4232899185256006,0,0,0,0.12,0.01,0.0,0.01,0.1,0.9,-1.2,0.0,0,0,1,1,0.675,0.32
175,2,-0.3671480715274811,0.42841440439224243,0.014234758913516998,0.9911939368350448,-0.6134400532348097,0,0,0,0.12,0.01,0.0,0.01,0.1,0.9,-1.2,0.0,0,0,1,0,0.675,0.32
175,3,-0.22043241560459137,-0.4249506890773773,0.010579416528344154,0.46426609115253176,0.5317159001385144,0,0,0,0.12,0.01,0.0,0.01,0.1,0.9,-1.2,0.0,0,0,1,0,0.675,0.32
175,4,-0.40364715456962585,-0.08491524308919907,-0.20671041309833527,0.49494660462400997,0.45750861798264897,0,0,0,0.12,0.01,0.0,0.01,0.1,0.9,-1.2,0.0,0,0,1,0,0.675,0.32
175,5,-0.5297276377677917,0.1298435479402542,2.0117413997650146,0.3850366634458575,0.5947221356302228,0,0,0,0.12,0.01,0.0,0.01,0.1,0.9,-1.2,0.0,0,0,1,0,0.675,0.32
175,6,-0.6185132265090942,-0.4591562747955322,1.5047738552093506,-1.7324942794572467,2.7324942794572467,0,0,0,0.12,0.01,0.0,0.01,0.1,0.9,-1.2,0.0,0,0,1,1,0.675,0.32
175,7,-0.8386050462722778,0.01495807059109211,2.9524824619293213,0.5023240313881978,0.49595351358708295,0,0,0,0.12,0.01,0.0,0.01,0.1,0.9,-1.2,0.0,0,0,1,0,0.675,0.32
176,0,-0.05326671153306961,0.09914775937795639,0.10721366852521896,0.4772980033309759,0.5123723329155145,0,0,0,0.12,0.01,0.0,0.01,0.1,0.9,-1.2,0.0,0,0,1,0,0.675,0.32
176,1,-0.6416592597961426,-0.38895878195762634,-2.8638439178466797,0.5547882871341774,0.42750734522818845,0,0,0,0.12,0.01,0.0,0.01,0.1,0.9,-1.2,0.0,0,0,1,1,0.675,0.32
176,2,-0.3667859435081482,0.4284055531024933,-0.0514703169465065,0.7786709465800936,-0.3883007564365084,0,0,0,0.12,0.01,0.0,0.01,0.1,0.9,-1.2,0.0,0,0,1,0,0.675,0.32
176,3,-0.21943624317646027,-0.4249400496482849,0.011758118867874146,0.48119038392497626,0.5145943159918633,0,0,0,0.12,0.01,0.0,0.01,0.1,0.9,-1.2,0.0,0,0,1,0,0.675,0.32
176,4,-0.4027133882045746,-0.08511166274547577,-0.20794595777988434,0.48708612159330705,0.463897581543137,0,0,0,0.12,0.01,0.0,0.01,0.1,0.9,-1.2,0.0,0,0,1,0,0.675,0.32
176,5,-0.5301494002342224,0.13072866201400757,2.019028663635254,0.3840176337351979,0.5951801664242564,0,0,0,0.12,0.01,0.0,0.01,0.1,0.9,-1.2,0.0,0,0,1,0,0.675,0.32
176,6,-0.6182963848114014,-0.45901915431022644,1.3320882320404053,-1.7324942794572467,2.7324942794572467,0,0,0,0.12,0.01,0.0,0.01,0.1,0.9,-1.2,0.0,0,0,1,1,0.675,0.32
176,7,-0.8395861387252808,0.015143289230763912,2.9566636085510254,0.5333303460840222,0.4648490896459583,0,0,0,0.12,0.01,0.0,0.01,0.1,0.9,-1.2,0.0,0,0,1,0,0.675,0.32
177,0,-0.05228247866034508,0.09925436228513718,0.10851211100816727,0.4777996480266191,0.5116030037601851,0,0,0,0.12,0.01,0.0,0.01,0.1,0.9,-1.2,0.0,0,0,1,0,0.675,0.32
177,1,-0.6426169872283936,-0.3892049491405487,-2.8691225051879883,0.5502039157331087,0.4323200620233916,0,0,0,0.12,0.01,0.0,0.01,0.1,0.9,-1.2,0.0,0,0,1,1,0.675,0.32
177,2,-0.3664132058620453,0.42837265133857727,-0.10960507392883301,0.5033864654477734,-0.10365286244713258,0,0,0,0.12,0.01,0.0,0.01,0.1,0.9,-1.2,0.0,0,0,1,0,0.675,0.32
177,3,-0.21844029426574707,-0.42492741346359253,0.014006320387125015,0.50917415759128,0.486413250951353,0,0,0,0.12,0.01,0.0,0.01,0.1,0.9,-1.2,0.0,0,0,1,0,0.675,0.32
177,4,-0.4017813205718994,-0.08530900627374649,-0.2092580944299698,0.47653116152174163,0.472918794895342,0,0,0,0.12,0.01,0.0,0.01,0.1,0.9,-1.2,0.0,0,0,1,0,0.675,0.32
177,5,-0.5305774211883545,0.13161011040210724,2.0263853073120117,0.38286671808277783,0.5957582814403849,0,0,0,0.12,0.01,0.0,0.01,0.1,0.9,-1.2,0.0,0,0,1,0,0.675,0.32
177,6,-0.6179932951927185,-0.4588273763656616,1.4330592155456543,-1.7324942794572467,2.7324942794572467,0,0,0,0.12,0.01,0.0,0.01,0.1,0.9,-1.2,0.0,0,0,1,1,0.675,0.32
177,7,-0.8405675888061523,0.015326004475355148,2.9571969509124756,0.5274545395476593,0.47062225698401794,0,0,0,0.12,0.01,0.0,0.01,0.1,0.9,-1.2,0.0,0,0,1,0,0.675,0.32
178,0,-0.05129863694310188,0.09936216473579407,0.10976847261190414,0.4781544517666788,0.5109768796771078,0,0,0,0.12,0.01,0.0,0.01,0.1,0.9,-1.2,0.0,0,0,1,0,0.675,0.32
178,1,-0.6435754895210266,-0.3894387483596802,-2.874079942703247,0.5462037905444027,0.43636918223010296,0,0,0,0.12,0.01,0.0,0.01,0.1,0.9,-1.2,0.0,0,0,1,1,0.675,0.32
178,2,-0.36603400111198425,0.42831915616989136,-0.15377292037010193,0.19881129499934969,0.20629888537861055,0,0,0,0.12,0.01,0.0,0.01,0.1,0.9,-1.2,0.0,0,0,1,0,0.675,0.32
178,3,-0.21744458377361298,-0.4249126613140106,0.015433719381690025,0.5319539727540361,0.4634072957663191,0,0,0,0.12,0.01,0.0,0.01,0.1,0.9,-1.2,0.0,0,0,1,0,0.675,0.32
178,4,-0.40085089206695557,-0.08550712466239929,-0.21017548441886902,0.47167924388378946,0.47617712275057944,0,0,0,0.12,0.01,0.0,0.01,0.1,0.9,-1.2,0.0,0,0,1,0,0.675,0.32
178,5,-0.531011700630188,0.13248789310455322,2.0337982177734375,0.381560635959828,0.5964697476270555,0,0,0,0.12,0.01,0.0,0.01,0.1,0.9,-1.2,0.0,0,0,1,0,0.675,0.32
178,6,-0.6179133057594299,-0.45867234468460083,1.6042424440383911,2.7234651218732737,-1.7234651218732737,0,0,0,0.12,0.01,0.0,0.01,0.1,0.9,-1.2,0.0,0,0,1,1,0.675,0.32
178,7,-0.8415487408638,0.01550956629216671,2.9552195072174072,0.4980906556374575,0.49987921016149267,0,0,0,0.12,0.01,0.0,0.01,0.1,0.9,-1.2,0.0,0,0,1,0,0.675,0.32
179,0,-0.050315193831920624,0.09947112202644348,0.11098434031009674,0.4783779416669608,0.5104780759226083,0,0,0,0.12,0.01,0.0,0.01,0.1,0.9,-1.2,0.0,0,0,1,0,0.675,0.32
179,1,-0.6445345878601074,-0.38965779542922974,-2.8786845207214355,0.544259675511873,0.4382310428528425,0,0,0,0.12,0.01,0.0,0.01,0.1,0.9,-1.2,0.0,0,0,1,1,0.675,0.32
179,2,-0.365644633769989,0.4282516837120056,-0.1790756732225418,-0.09188513085587124,0.4995315186713467,0,0,0,0.12,0.01,0.0,0.01,0.1,0.9,-1.2,0.0,0,0,1,0,0.675,0.32
179,3,-0.2164490669965744,-0.4248972237110138,0.015025553293526173,0.5396056652934322,0.4555032967655888,0,0,0,0.12,0.01,0.0,0.01,0.1,0.9,-1.2,0.0,0,0,1,0,0.675,0.32
179,4,-0.39992210268974304,-0.08570550382137299,-0.2104542851448059,0.4728700560428746,0.47332816897848773,0,0,0,0.12,0.01,0.0,0.01,0.1,0.9,-1.2,0.0,0,0,1,0,0.675,0.32
179,5,-0.5314521789550781,0.13336193561553955,2.0412697792053223,0.3803366504343257,0.5970803417531744,0,0,0,0.12,0.01,0.0,0.01,0.1,0.9,-1.2,0.0,0,0,1,0,0.675,0.32
179,6,-0.6179966330528259,-0.4585535228252411,1.7774136066436768,2.7324942794572467,-1.7324942794572467,0,0,0,0.12,0.01,0.0,0.01,0.1,0.9,-1.2,0.0,0,0,1,1,0.675,0.32
179,7,-0.8425293564796448,0.01569545641541481,2.953131914138794,0.4688549523540585,0.5290033335498721,0,0,0,0.12,0.01,0.0,0.01,0.1,0.9,-1.2,0.0,0,0,1,0,0.675,0.32
180,0,-0.049332145601511,0.09958120435476303,0.11215241253376007,0.47832242070274933,0.510253574265665,0,0,0,0.12,0.01,0.0,0.01,0.1,0.9,-1.2,0.0,0,0,1,0,0.675,0.32
180,1,-0.6454941630363464,-0.3899011015892029,-2.8829689025878906,0.5467678410106537,0.4356033104366424,0,0,0,0.12,0.01,0.0,0.01,0.1,0.9,-1.2,0.0,0,0,1,1,0.675,0.32
180,2,-0.36524784564971924,0.42817750573158264,-0.18312044441699982,-0.330636577189895,0.7402790351519312,0,0,0,0.12,0.01,0.0,0.01,0.1,0.9,-1.2,0.0,0,0,1,0,0.675,0.32
180,3,-0.21545375883579254,-0.42488300800323486,0.01292585488408804,0.5313219305531914,0.46351940665078806,0,0,0,0.12,0.01,0.0,0.01,0.1,0.9,-1.2,0.0,0,0,1,0,0.675,0.32
180,4,-0.3989948332309723,-0.0859035924077034,-0.21035979688167572,0.4779277136474805,0.4665032932609363,0,0,0,0.12,0.01,0.0,0.01,0.1,0.9,-1.2,0.0,0,0,1,0,0.675,0.32
180,5,-0.5318987965583801,0.13423219323158264,2.0488102436065674,0.37899495917300036,0.5977849785711403,0,0,0,0.12,0.01,0.0,0.01,0.1,0.9,-1.2,0.0,0,0,1,0,0.675,0.32
180,6,-0.6181139945983887,-0.45849695801734924,1.6786086559295654,2.7324942794572467,-1.7324942794572467,0,0,0,0.12,0.01,0.0,0.01,0.1,0.9,-1.2,0.0,0,0,1,1,0.675,0.32
180,7,-0.8435096144676208,0.01588285341858864,2.9527831077575684,0.456061505594942,0.5416791207402021,0,0,0,0.12,0.01,0.0,0.01,0.1,0.9,-1.2,0.0,0,0,1,0,0.675,0.32
181,0,-0.04834950342774391,0.09969241172075272,0.11328461021184921,0.47795813734032333,0.5103320533563931,0,0,0,0.12,0.01,0.0,0.01,0.1,0.9,-1.2,0.0,0,0,1,0,0.675,0.32
181,1,-0.6464543342590332,-0.3901476263999939,-2.8870742321014404,0.5474322201172692,0.43493028865653455,0,0,0,0.12,0.01,0.0,0.01,0.1,0.9,-1.2,0.0,0,0,1,1,0.675,0.32
181,2,-0.364847332239151,0.4281046986579895,-0.16645517945289612,-0.48917182967445416,0.9026088683345036,0,0,0,0.12,0.01,0.0,0.01,0.1,0.9,-1.2,0.0,0,0,1,0,0.675,0.32
181,3,-0.2144586592912674,-0.42487144470214844,0.010072991251945496,0.5152078874624696,0.47936671895614,0,0,0,0.12,0.01,0.0,0.01,0.1,0.9,-1.2,0.0,0,0,1,0,0.675,0.32
181,4,-0.3980691730976105,-0.08610120415687561,-0.21031160652637482,0.47900589067684324,0.4636036578918824,0,0,0,0.12,0.01,0.0,0.01,0.1,0.9,-1.2,0.0,0,0,1,0,0.675,0.32
181,5,-0.5323516130447388,0.13509854674339294,2.0564165115356445,0.37840035572440206,0.5977365671119016,0,0,0,0.12,0.01,0.0,0.01,0.1,0.9,-1.2,0.0,0,0,1,0,0.675,0.32
181,6,-0.6181154251098633,-0.4583633840084076,1.511006474494934,-1.7324939406048008,2.732493940604801,0,0,0,0.12,0.01,0.0,0.01,0.1,0.9,-1.2,0.0,0,0,1,1,0.675,0.32
181,7,-0.8444898724555969,0.01606965810060501,2.9544928073883057,0.46311593947286206,0.5345025569451373,0,0,0,0.12,0.01,0.0,0.01,0.1,0.9,-1.2,0.0,0,0,1,0,0.675,0.32
182,0,-0.047367263585329056,0.09980472177267075,0.11441606283187866,0.47746748796226834,0.5105301035332456,0,0,0,0.12,0.01,0.0,0.01,0.1,0.9,-1.2,0.0,0,0,1,0,0.675,0.32
182,1,-0.6474157571792603,-0.39039018750190735,-2.891308546066284,0.5429961180471619,0.43954997303255,0,0,0,0.12,0.01,0.0,0.01,0.1,0.9,-1.2,0.0,0,0,1,1,0.675,0.32
182,2,-0.36444300413131714,0.42804136872291565,-0.13222426176071167,-0.5523980173154672,0.9727390321775279,0,0,0,0.12,0.01,0.0,0.01,0.1,0.9,-1.2,0.0,0,0,1,0,0.675,0.32
182,3,-0.21346379816532135,-0.42486271262168884,0.007583871949464083,0.5007487535245375,0.49357199671197366,0,0,0,0.12,0.01,0.0,0.01,0.1,0.9,-1.2,0.0,0,0,1,0,0.675,0.32
182,4,-0.39714524149894714,-0.08629851043224335,-0.2106265276670456,0.47193001074322755,0.4688204689549535,0,0,0,0.12,0.01,0.0,0.01,0.1,0.9,-1.2,0.0,0,0,1,0,0.675,0.32
182,5,-0.5328107476234436,0.1359608769416809,2.0640928745269775,0.08946461619460146,0.8786297327128693,0,0,0,0.12,0.01,0.0,0.01,0.1,0.9,-1.2,0.0,0,0,1,0,0.675,0.32
182,6,-0.6179084181785583,-0.4581111669540405,1.3383926153182983,-1.7324942794572467,2.7324942794572467,0,0,0,0.12,0.01,0.0,0.01,0.1,0.9,-1.2,0.0,0,0,1,1,0.675,0.32
182,7,-0.8454704284667969,0.016254056245088577,2.957329273223877,0.4806687861286727,0.5168234676516922,0,0,0,0.12,0.01,0.0,0.01,0.1,0.9,-1.2,0.0,0,0,1,0,0.675,0.32
183,0,-0.04638544097542763,0.09991814196109772,0.11556950211524963,0.47696640367212545,0.5107310188322997,0,0,0,0.12,0.01,0.0,0.01,0.1,0.9,-1.2,0.0,0,0,1,0,0.675,0.32
183,1,-0.6483783721923828,-0.3906232416629791,-2.8956236839294434,0.5333411806827683,0.4494761115306717,0,0,0,0.12,0.01,0.0,0.01,0.1,0.9,-1.2,0.0,0,0,1,1,0.675,0.32
183,2,-0.3640328347682953,0.42799466848373413,-0.08561129868030548,-0.518593795690593,0.9486906007862658,0,0,0,0.12,0.01,0.0,0.01,0.1,0.9,-1.2,0.0,0,0,1,0,0.675,0.32
183,3,-0.2124691903591156,-0.4248560965061188,0.0061034816317260265,0.49396665729029754,0.5001014288570108,0,0,0,0.12,0.01,0.0,0.01,0.1,0.9,-1.2,0.0,0,0,1,0,0.675,0.32
183,4,-0.39622312784194946,-0.08649586886167526,-0.21114800870418549,0.45958865548822475,0.47926693294790207,0,0,0,0.12,0.01,0.0,0.01,0.1,0.9,-1.2,0.0,0,0,1,0,0.675,0.32
183,5,-0.5332762598991394,0.1368190348148346,2.071798801422119,0.09000235729222719,0.877347768020578,0,0,0,0.12,0.01,0.0,0.01,0.1,0.9,-1.2,0.0,0,0,1,0,0.675,0.32
183,6,-0.6176149845123291,-0.4577638804912567,1.4405969381332397,-1.7324942794572467,2.7324942794572467,0,0,0,0.12,0.01,0.0,0.01,0.1,0.9,-1.2,0.0,0,0,1,1,0.675,0.32
183,7,-0.846451461315155,0.01643550768494606,2.9599454402923584,0.4963359547971181,0.5010260628344128,0,0,0,0.12,0.01,0.0,0.01,0.1,0.9,-1.2,0.0,0,0,1,0,0.675,0.32
184,0,-0.045404039323329926,0.10003267228603363,0.11673907935619354,0.4763609080375733,0.5110281796394286,0,0,0,0.12,0.01,0.0,0.01,0.1,0.9,-1.2,0.0,0,0,1,0,0.675,0.32
184,1,-0.6493415236473083,-0.39081209897994995,-2.8996708393096924,0.5247510499640603,0.45816077521599335,0,0,0,0.12,0.01,0.0,0.01,0.1,0.9,-1.2,0.0,0,0,1,1,0.675,0.32
184,2,-0.36361443996429443,0.4279695749282837,-0.033028408885002136,-0.3972265850506672,0.8382927905522235,0,0,0,0.12,0.01,0.0,0.01,0.1,0.9,-1.2,0.0,0,0,1,0,0.675,0.32
184,3,-0.21147482097148895,-0.4248504638671875,0.005626238416880369,0.4955060464837134,0.4982722418806971,0,0,0,0.12,0.01,0.0,0.01,0.1,0.9,-1.2,0.0,0,0,1,0,0.675,0.32
184,4,-0.395302951335907,-0.08669325709342957,-0.21136198937892914,0.45120273725581217,0.48571784599232626,0,0,0,0.12,0.01,0.0,0.01,0.1,0.9,-1.2,0.0,0,0,1,0,0.675,0.32
184,5,-0.5337497591972351,0.13766543567180634,2.095507860183716,0.18514473347708899,0.7815877685065538,0,0,0,0.12,0.01,0.0,0.01,0.1,0.9,-1.2,0.0,0,0,1,0,0.675,0.32
184,6,-0.6175452470779419,-0.45744702219963074,1.6120407581329346,2.730150200699649,-1.7301502006996485,0,0,0,0.12,0.01,0.0,0.01,0.1,0.9,-1.2,0.0,0,0,1,1,0.675,0.32
184,7,-0.8474327325820923,0.0166147630661726,2.961472749710083,0.5032166955707785,0.49401168844716575,0,0,0,0.12,0.01,0.0,0.01,0.1,0.9,-1.2,0.0,0,0,1,0,0.675,0.32
185,0,-0.044423069804906845,0.10014832764863968,0.11792117357254028,0.47555571969714255,0.5115143639210215,0,0,0,0.12,0.01,0.0,0.01,0.1,0.9,-1.2,0.0,0,0,1,0,0.675,0.32
185,1,-0.6503042578697205,-0.3909752368927002,-2.903045654296875,0.521485679174028,0.46139419791642605,0,0,0,0.12,0.01,0.0,0.01,0.1,0.9,-1.2,0.0,0,0,1,1,0.675,0.32
185,2,-0.3631861209869385,0.4279681444168091,0.019023947417736053,-0.2048162981032703,0.6560134156703327,0,0,0,0.12,0.01,0.0,0.01,0.1,0.9,-1.2,0.0,0,0,1,0,0.675,0.32
185,3,-0.2104807198047638,-0.4248449206352234,0.005739099346101284,0.5020593154300935,0.4913966906200164,0,0,0,0.12,0.01,0.0,0.01,0.1,0.9,-1.2,0.0,0,0,1,0,0.675,0.32
185,4,-0.39438459277153015,-0.08689013868570328,-0.2108302116394043,0.4482848454366969,0.48664518109452265,0,0,0,0.12,0.01,0.0,0.01,0.1,0.9,-1.2,0.0,0,0,1,0,0.675,0.32
185,5,-0.5342459082603455,0.13849641382694244,2.1231722831726074,0.30597872676132126,0.6601221448016366,0,0,0,0.12,0.01,0.0,0.01,0.1,0.9,-1.2,0.0,0,0,1,0,0.675,0.32
185,6,-0.6176328659057617,-0.4571760892868042,1.7850496768951416,2.7324942794572467,-1.7324942794572467,0,0,0,0.12,0.01,0.0,0.01,0.1,0.9,-1.2,0.0,0,0,1,1,0.675,0.32
185,7,-0.8484140634536743,0.016793059185147285,2.96186900138855,0.5000388107061338,0.49705242302418234,0,0,0,0.12,0.01,0.0,0.01,0.1,0.9,-1.2,0.0,0,0,1,0,0.675,0.32
186,0,-0.04344254359602928,0.10026510059833527,0.11913686245679855,0.4747364193613168,0.5120044081991081,0,0,0,0.12,0.01,0.0,0.01,0.1,0.9,-1.2,0.0,0,0,1,0,0.675,0.32
186,1,-0.6512661576271057,-0.39118972420692444,-2.90573787689209,0.5264305586424547,0.4563704615029615,0,0,0,0.12,0.01,0.0,0.01,0.1,0.9,-1.2,0.0,0,0,1,1,0.675,0.32
186,2,-0.3627476692199707,0.42798882722854614,0.06392811238765717,0.031883875848022186,0.42706926631811554,0,0,0,0.12,0.01,0.0,0.01,0.1,0.9,-1.2,0.0,0,0,1,0,0.675,0.32
186,3,-0.20948690176010132,-0.42483916878700256,0.005880292970687151,0.5079231740292756,0.4851907609644683,0,0,0,0.12,0.01,0.0,0.01,0.1,0.9,-1.2,0.0,0,0,1,0,0.675,0.32
186,4,-0.3934679329395294,-0.08708580583333969,-0.20970484614372253,0.45071902231732547,0.4820704822107203,0,0,0,0.12,0.01,0.0,0.01,0.1,0.9,-1.2,0.0,0,0,1,0,0.675,0.32
186,5,-0.5347634553909302,0.1393134444952011,2.1454625129699707,0.396119607529608,0.5692717899465883,0,0,0,0.12,0.01,0.0,0.01,0.1,0.9,-1.2,0.0,0,0,1,0,0.675,0.32
186,6,-0.6177592277526855,-0.4570043087005615,1.6850508451461792,2.7324942794572467,-1.7324942794572467,0,0,0,0.12,0.01,0.0,0.01,0.1,0.9,-1.2,0.0,0,0,1,1,0.675,0.32
186,7,-0.8493952751159668,0.01697133108973503,2.961639642715454,0.4893817010670376,0.5075653490275668,0,0,0,0.12,0.01,0.0,0.01,0.1,0.9,-1.2,0.0,0,0,1,0,0.675,0.32
187,0,-0.04246247187256813,0.10038302093744278,0.12040777504444122,0.4741340975887648,0.5122684140079149,0,0,0,0.12,0.01,0.0,0.01,0.1,0.9,-1.2,0.0,0,0,1,0,0.675,0.32
187,1,-0.6522278189659119,-0.3914165794849396,-2.908097267150879,0.5293974311006542,0.45344048431987805,0,0,0,0.12,0.01,0.0,0.01,0.1,0.9,-1.2,0.0,0,0,1,1,0.675,0.32
187,2,-0.3623001277446747,0.42802694439888,0.09673479199409485,0.28204334931442543,0.1820233051293154,0,0,0,0.12,0.01,0.0,0.01,0.1,0.9,-1.2,0.0,0,0,1,0,0.675,0.32
187,3,-0.20849338173866272,-0.42483341693878174,0.0056125326082110405,0.5108264607374366,0.4819493371064965,0,0,0,0.12,0.01,0.0,0.01,0.1,0.9,-1.2,0.0,0,0,1,0,0.675,0.32
187,4,-0.3925529718399048,-0.08727992326021194,-0.20836934447288513,0.4497860837728798,0.48080842010666736,0,0,0,0.12,0.01,0.0,0.01,0.1,0.9,-1.2,0.0,0,0,1,0,0.675,0.32
187,5,-0.5352956056594849,0.14012004435062408,2.1596055030822754,0.43858745015977657,0.5260482796299573,0,0,0,0.12,0.01,0.0,0.01,0.1,0.9,-1.2,0.0,0,0,1,0,0.675,0.32
187,6,-0.6177617907524109,-0.4567447602748871,1.516189694404602,-1.7324853845537669,2.732485384553767,0,0,0,0.12,0.01,0.0,0.01,0.1,0.9,-1.2,0.0,0,0,1,1,0.675,0.32
187,7,-0.850376307964325,0.017149878665804863,2.9614827632904053,0.4791975270539411,0.5176012266844623,0,0,0,0.12,0.01,0.0,0.01,0.1,0.9,-1.2,0.0,0,0,1,0,0.675,0.32
188,0,-0.041482873260974884,0.1005021333694458,0.12172430753707886,0.4737547634103753,0.512301802828028,0,0,0,0.12,0.01,0.0,0.01,0.1,0.9,-1.2,0.0,0,0,1,0,0.675,0.32
188,1,-0.6531906127929688,-0.3916410505771637,-2.9107136726379395,0.5245037929805287,0.4585567457882396,0,0,0,0.12,0.01,0.0,0.01,0.1,0.9,-1.2,0.0,0,0,1,1,0.675,0.32
188,2,-0.36184588074684143,0.42807644605636597,0.11387407034635544,0.5147149360091717,-0.04724664448809931,0,0,0,0.12,0.01,0.0,0.01,0.1,0.9,-1.2,0.0,0,0,1,0,0.675,0.32
188,3,-0.20750021934509277,-0.4248281717300415,0.004884009249508381,0.5103351746419879,0.4821204270502119,0,0,0,0.12,0.01,0.0,0.01,0.1,0.9,-1.2,0.0,0,0,1,0,0.675,0.32
188,4,-0.3916398286819458,-0.08747244626283646,-0.2072160542011261,0.4412140642918669,0.48716088182553424,0,0,0,0.12,0.01,0.0,0.01,0.1,0.9,-1.2,0.0,0,0,1,0,0.675,0.32
188,5,-0.5358356833457947,0.14092037081718445,2.166963815689087,0.44144770464371524,0.5224097076945415,0,0,0,0.12,0.01,0.0,0.01,0.1,0.9,-1.2,0.0,0,0,1,0,0.675,0.32
188,6,-0.6175609230995178,-0.45634475350379944,1.34327232837677,-1.7324942794572467,2.7324942794572467,0,0,0,0.12,0.01,0.0,0.01,0.1,0.9,-1.2,0.0,0,0,1,1,0.675,0.32
188,7,-0.8513571619987488,0.01732834428548813,2.961977481842041,0.47508207122858925,0.5215649290842158,0,0,0,0.12,0.01,0.0,0.01,0.1,0.9,-1.2,0.0,0,0,1,0,0.675,0.32
189,0,-0.040503766387701035,0.1006225049495697,0.12306191772222519,0.47350925114158554,0.5121949920415505,0,0,0,0.12,0.01,0.0,0.01,0.1,0.9,-1.2,0.0,0,0,1,0,0.675,0.32
189,1,-0.6541546583175659,-0.391858845949173,-2.913588285446167,0.5120309170799809,0.47134653958505823,0,0,0,0.12,0.01,0.0,0.01,0.1,0.9,-1.2,0.0,0,0,1,1,0.675,0.32
189,2,-0.36138609051704407,0.42813029885292053,0.11383701860904694,0.7033015295807867,-0.23253838270349803,0,0,0,0.12,0.01,0.0,0.01,0.1,0.9,-1.2,0.0,0,0,1,0,0.675,0.32
189,3,-0.2065073698759079,-0.4248237609863281,0.003883878467604518,0.5078179209589094,0.48432225295313885,0,0,0,0.12,0.01,0.0,0.01,0.1,0.9,-1.2,0.0,0,0,1,0,0.675,0.32
189,4,-0.390728622674942,-0.08766352385282516,-0.20612145960330963,0.4279467984217388,0.49818033733189276,0,0,0,0.12,0.01,0.0,0.01,0.1,0.9,-1.2,0.0,0,0,1,0,0.675,0.32
189,5,-0.536379337310791,0.1417173445224762,2.1706459522247314,0.42308170980575305,0.5399796825015285,0,0,0,0.12,0.01,0.0,0.01,0.1,0.9,-1.2,0.0,0,0,1,0,0.675,0.32
189,6,-0.6172627806663513,-0.45583173632621765,1.4472289085388184,-1.7324942794572467,2.7324942794572467,0,0,0,0.12,0.01,0.0,0.01,0.1,0.9,-1.2,0.0,0,0,1,1,0.675,0.32
189,7,-0.8523380160331726,0.01750597171485424,2.963193655014038,0.47804064094420845,0.518451029664312,0,0,0,0.12,0.01,0.0,0.01,0.1,0.9,-1.2,0.0,0,0,1,0,0.675,0.32
190,0,-0.039525169879198074,0.10074418783187866,0.1244143471121788,0.47341956519150463,0.511927050122979,0,0,0,0.12,0.01,0.0,0.01,0.1,0.9,-1.2,0.0,0,0,1,0,0.675,0.32
190,1,-0.6551189422607422,-0.3920237720012665,-2.916200876235962,0.502309764483384,0.4811994780512534,0,0,0,0.12,0.01,0.0,0.01,0.1,0.9,-1.2,0.0,0,0,1,1,0.675,0.32
190,2,-0.3609221577644348,0.42818140983581543,0.09735766053199768,0.829713373088987,-0.3542658077718329,0,0,0,0.12,0.01,0.0,0.01,0.1,0.9,-1.2,0.0,0,0,1,0,0.675,0.32
190,3,-0.2055148482322693,-0.4248203933238983,0.002889692084863782,0.5050730750880417,0.4867028548397843,0,0,0,0.12,0.01,0.0,0.01,0.1,0.9,-1.2,0.0,0,0,1,0,0.675,0.32
190,4,-0.38981935381889343,-0.08785305172204971,-0.2045970857143402,0.42024991362920133,0.5035712972320048,0,0,0,0.12,0.01,0.0,0.01,0.1,0.9,-1.2,0.0,0,0,1,0,0.675,0.32
190,5,-0.5369247794151306,0.14251218736171722,2.1735451221466064,0.4007583225418081,0.5614976918052682,0,0,0,0.12,0.01,0.0,0.01,0.1,0.9,-1.2,0.0,0,0,1,0,0.675,0.32
190,6,-0.6172006726264954,-0.45536643266677856,1.6189122200012207,2.7303954890659994,-1.7303954890659994,0,0,0,0.12,0.01,0.0,0.01,0.1,0.9,-1.2,0.0,0,0,1,1,0.675,0.32
190,7,-0.8533190488815308,0.017682138830423355,2.9647791385650635,0.4860048550223015,0.5103280288125374,0,0,0,0.12,0.01,0.0,0.01,0.1,0.9,-1.2,0.0,0,0,1,0,0.675,0.32
191,0,-0.0385470949113369,0.10086718946695328,0.1257849782705307,0.47359577336392317,0.511388982152129,0,0,0,0.12,0.01,0.0,0.01,0.1,0.9,-1.2,0.0,0,0,1,0,0.675,0.32
191,1,-0.6560819745063782,-0.3921533524990082,-2.9179587364196777,0.5004666045060531,0.48305253239961715,0,0,0,0.12,0.01,0.0,0.01,0.1,0.9,-1.2,0.0,0,0,1,1,0.675,0.32
191,2,-0.3604537844657898,0.4282222390174866,0.06712609529495239,0.8823556785990931,-0.40008084825775403,0,0,0,0.12,0.01,0.0,0.01,0.1,0.9,-1.2,0.0,0,0,1,0,0.675,0.32
191,3,-0.20452263951301575,-0.4248180091381073,0.002079394180327654,0.5031461706149972,0.4882254014026725,0,0,0,0.12,0.01,0.0,0.01,0.1,0.9,-1.2,0.0,0,0,1,0,0.675,0.32
191,4,-0.3889119327068329,-0.08804043382406235,-0.20228202641010284,0.4191764209600515,0.5022575046686106,0,0,0,0.12,0.01,0.0,0.01,0.1,0.9,-1.2,0.0,0,0,1,0,0.675,0.32
191,5,-0.5374721884727478,0.143304705619812,2.177407741546631,0.384312357377144,0.5771294575223007,0,0,0,0.12,0.01,0.0,0.01,0.1,0.9,-1.2,0.0,0,0,1,0,0.675,0.32
191,6,-0.6172921061515808,-0.4549548625946045,1.7917674779891968,2.7324942794572467,-1.7324942794572467,0,0,0,0.12,0.01,0.0,0.01,0.1,0.9,-1.2,0.0,0,0,1,1,0.675,0.32
191,7,-0.8543001413345337,0.01785667985677719,2.9662511348724365,0.49379410080644937,0.5023754663017048,0,0,0,0.12,0.01,0.0,0.01,0.1,0.9,-1.2,0.0,0,0,1,0,0.675,0.32
192,0,-0.037569545209407806,0.10099151730537415,0.1271570771932602,0.47399735031295454,0.510622445963138,0,0,0,0.12,0.01,0.0,0.01,0.1,0.9,-1.2,0.0,0,0,1,0,0.675,0.32
192,1,-0.65704345703125,-0.39235061407089233,-2.918919563293457,0.5089888064950976,0.47448634218272834,0,0,0,0.12,0.01,0.0,0.01,0.1,0.9,-1.2,0.0,0,0,1,1,0.675,0.32
192,2,-0.3599797785282135,0.4282461106777191,0.027292130514979362,0.8573076407108067,-0.36640214721295816,0,0,0,0.12,0.01,0.0,0.01,0.1,0.9,-1.2,0.0,0,0,1,0,0.675,0.32
192,3,-0.20353078842163086,-0.42481639981269836,0.0014206042978912592,0.5004829655462413,0.4904595722383352,0,0,0,0.12,0.01,0.0,0.01,0.1,0.9,-1.2,0.0,0,0,1,0,0.675,0.32
192,4,-0.3880062401294708,-0.08822491019964218,-0.19944097101688385,0.4248975574838531,0.49392663837796325,0,0,0,0.12,0.01,0.0,0.01,0.1,0.9,-1.2,0.0,0,0,1,0,0.675,0.32
192,5,-0.5380227565765381,0.1440940946340561,2.182753801345825,0.3756558577939361,0.5849477369860322,0,0,0,0.12,0.01,0.0,0.01,0.1,0.9,-1.2,0.0,0,0,1,0,0.675,0.32
192,6,-0.6174268126487732,-0.4546698331832886,1.6910487413406372,2.7324942794572467,-1.7324942794572467,0,0,0,0.12,0.01,0.0,0.01,0.1,0.9,-1.2,0.0,0,0,1,1,0.675,0.32
192,7,-0.8552813529968262,0.018029918894171715,2.967229127883911,0.4952219386663365,0.5007738212976528,0,0,0,0.12,0.01,0.0,0.01,0.1,0.9,-1.2,0.0,0,0,1,0,0.675,0.32
193,0,-0.036592524498701096,0.10111713409423828,0.1284981220960617,0.4744619697550404,0.5097904830953014,0,0,0,0.12,0.01,0.0,0.01,0.1,0.9,-1.2,0.0,0,0,1,0,0.675,0.32
193,1,-0.6580045819282532,-0.3925667107105255,-2.919616222381592,0.513763571071426,0.46978363962193326,0,0,0,0.12,0.01,0.0,0.01,0.1,0.9,-1.2,0.0,0,0,1,1,0.675,0.32
193,2,-0.3594987392425537,0.42824843525886536,-0.017086759209632874,0.7587469025414462,-0.25866852243356653,0,0,0,0.12,0.01,0.0,0.01,0.1,0.9,-1.2,0.0,0,0,1,0,0.675,0.32
193,3,-0.2025393396615982,-0.4248153865337372,0.0008017827058210969,0.4980882591903944,0.49243275454633045,0,0,0,0.12,0.01,0.0,0.01,0.1,0.9,-1.2,0.0,0,0,1,0,0.675,0.32
193,4,-0.387102335691452,-0.08840614557266235,-0.19652198255062103,0.42708612658828765,0.4890703441873167,0,0,0,0.12,0.01,0.0,0.01,0.1,0.9,-1.2,0.0,0,0,1,0,0.675,0.32
193,5,-0.5385776162147522,0.14487947523593903,2.1893081665039062,0.3734505959716345,0.5863012484344935,0,0,0,0.12,0.01,0.0,0.01,0.1,0.9,-1.2,0.0,0,0,1,0,0.675,0.32
193,6,-0.6174337267875671,-0.4542803168296814,1.5213279724121094,-1.7322234258665372,2.7322234258665374,0,0,0,0.12,0.01,0.0,0.01,0.1,0.9,-1.2,0.0,0,0,1,1,0.675,0.32
193,7,-0.8562625050544739,0.018202435225248337,2.967651844024658,0.4915756951869335,0.504241429656664,0,0,0,0.12,0.01,0.0,0.01,0.1,0.9,-1.2,0.0,0,0,1,0,0.675,0.32
194,0,-0.03561602905392647,0.10124398022890091,0.12979376316070557,0.47491582288114564,0.5089672599855231,0,0,0,0.12,0.01,0.0,0.01,0.1,0.9,-1.2,0.0,0,0,1,0,0.675,0.32
194,1,-0.6589669585227966,-0.39278197288513184,-2.9208102226257324,0.5083836034790395,0.4754100128158212,0,0,0,0.12,0.01,0.0,0.01,0.1,0.9,-1.2,0.0,0,0,1,1,0.675,0.32
194,2,-0.35900989174842834,0.42822784185409546,-0.06044064089655876,0.6005415405324301,-0.09229309216054297,0,0,0,0.12,0.01,0.0,0.01,0.1,0.9,-1.2,0.0,0,0,1,0,0.675,0.32
194,3,-0.20154829323291779,-0.4248148500919342,0.0003977776796091348,0.4976182596967252,0.4925049526407688,0,0,0,0.12,0.01,0.0,0.01,0.1,0.9,-1.2,0.0,0,0,1,0,0.675,0.32
194,4,-0.3862004280090332,-0.08858433365821838,-0.19398905336856842,0.4212234584372578,0.4922540815789166,0,0,0,0.12,0.01,0.0,0.01,0.1,0.9,-1.2,0.0,0,0,1,0,0.675,0.32
194,5,-0.5391375422477722,0.14566023647785187,2.1965503692626953,0.37481993130604035,0.5840699703319906,0,0,0,0.12,0.01,0.0,0.01,0.1,0.9,-1.2,0.0,0,0,1,0,0.675,0.32
194,6,-0.6172402501106262,-0.4537469744682312,1.3491814136505127,-1.7324942794572467,2.7324942794572467,0,0,0,0.12,0.01,0.0,0.01,0.1,0.9,-1.2,0.0,0,0,1,1,0.675,0.32
194,7,-0.857243537902832,0.018374666571617126,2.967878580093384,0.4862937850813376,0.5093411879678263,0,0,0,0.12,0.01,0.0,0.01,0.1,0.9,-1.2,0.0,0,0,1,0,0.675,0.32
195,0,-0.03464005887508392,0.10137200355529785,0.1310526728630066,0.4754014948019117,0.5081098934999377,0,0,0,0.12,0.01,0.0,0.01,0.1,0.9,-1.2,0.0,0,0,1,0,0.675,0.32
195,1,-0.6599281430244446,-0.39299672842025757,-2.922351121902466,0.49752131244361064,0.4865911290961538,0,0,0,0.12,0.01,0.0,0.01,0.1,0.9,-1.2,0.0,0,0,1,1,0.675,0.32
195,2,-0.35851332545280457,0.4281863570213318,-0.097579225897789,0.4051063800568985,0.10928873770280616,0,0,0,0.12,0.01,0.0,0.01,0.1,0.9,-1.2,0.0,0,0,1,0,0.675,0.32
195,3,-0.20055769383907318,-0.4248146414756775,0.0005081649287603796,0.5010185268246673,0.48871242734555986,0,0,0,0.12,0.01,0.0,0.01,0.1,0.9,-1.2,0.0,0,0,1,0,0.675,0.32
195,4,-0.3853006958961487,-0.08875991404056549,-0.1917433738708496,0.41113060763572584,0.49961423823143114,0,0,0,0.12,0.01,0.0,0.01,0.1,0.9,-1.2,0.0,0,0,1,0,0.675,0.32
195,5,-0.5397027730941772,0.14643611013889313,2.204007625579834,0.3771226761526786,0.5808947326951301,0,0,0,0.12,0.01,0.0,0.01,0.1,0.9,-1.2,0.0,0,0,1,0,0.675,0.32
195,6,-0.6169565916061401,-0.45315444469451904,1.4522305727005005,-1.7324942794572467,2.7324942794572467,0,0,0,0.12,0.01,0.0,0.01,0.1,0.9,-1.2,0.0,0,0,1,1,0.675,0.32
195,7,-0.8582244515419006,0.01854661852121353,2.9682841300964355,0.48253184575069163,0.5129162667371013,0,0,0,0.12,0.01,0.0,0.01,0.1,0.9,-1.2,0.0,0,0,1,0,0.675,0.32
196,0,-0.033664606511592865,0.10150115936994553,0.13227610290050507,0.47586455116123944,0.507272400762131,0,0,0,0.12,0.01,0.0,0.01,0.1,0.9,-1.2,0.0,0,0,1,0,0.675,0.32
196,1,-0.6608911752700806,-0.3932073712348938,-2.9236764907836914,0.4822089512783496,0.5020696084064038,0,0,0,0.12,0.01,0.0,0.01,0.1,0.9,-1.2,0.0,0,0,1,1,0.675,0.32
196,2,-0.35801029205322266,0.42812851071357727,-0.1241617351770401,0.20048500692353832,0.31798349226011646,0,0,0,0.12,0.01,0.0,0.01,0.1,0.9,-1.2,0.0,0,0,1,0,0.675,0.32
196,3,-0.19956748187541962,-0.4248146116733551,-0.0005903685232624412,0.4960922097589194,0.49318861013396387,0,0,0,0.12,0.01,0.0,0.01,0.1,0.9,-1.2,0.0,0,0,1,0,0.675,0.32
196,4,-0.3844032287597656,-0.08893302828073502,-0.18930210173130035,0.4043982128335899,0.5035712619588906,0,0,0,0.12,0.01,0.0,0.01,0.1,0.9,-1.2,0.0,0,0,1,0,0.675,0.32
196,5,-0.5402732491493225,0.1472070813179016,2.2113888263702393,0.3788533606616559,0.5782808265598711,0,0,0,0.12,0.01,0.0,0.01,0.1,0.9,-1.2,0.0,0,0,1,0,0.675,0.32
196,6,-0.6169056296348572,-0.45250728726387024,1.6218175888061523,2.724620406618292,-1.7246204066182922,0,0,0,0.12,0.01,0.0,0.01,0.1,0.9,-1.2,0.0,0,0,1,1,0.675,0.32
196,7,-0.8592052459716797,0.018718011677265167,2.969031572341919,0.4835893092058837,0.5116696181393922,0,0,0,0.12,0.01,0.0,0.01,0.1,0.9,-1.2,0.0,0,0,1,0,0.675,0.32
197,0,-0.03268967941403389,0.10163141041994095,0.13344740867614746,0.47612153439504395,0.5066375240804505,0,0,0,0.12,0.01,0.0,0.01,0.1,0.9,-1.2,0.0,0,0,1,0,0.675,0.32
197,1,-0.6618537902832031,-0.3933959901332855,-2.9242658615112305,0.4797263129935412,0.5045920029892773,0,0,0,0.12,0.01,0.0,0.01,0.1,0.9,-1.2,0.0,0,0,1,1,0.675,0.32
197,2,-0.3575020432472229,0.4280603229999542,-0.13733814656734467,0.014799573937783125,0.5065117091737892,0,0,0,0.12,0.01,0.0,0.01,0.1,0.9,-1.2,0.0,0,0,1,0,0.675,0.32
197,3,-0.1985776573419571,-0.4248148500919342,-0.0006035480182617903,0.49827105652208126,0.49051099170332163,0,0,0,0.12,0.01,0.0,0.01,0.1,0.9,-1.2,0.0,0,0,1,0,0.675,0.32
197,4,-0.38350799679756165,-0.0891033411026001,-0.18631938099861145,0.4049788966994732,0.5000384196419269,0,0,0,0.12,0.01,0.0,0.01,0.1,0.9,-1.2,0.0,0,0,1,0,0.675,0.32
197,5,-0.5408486723899841,0.14797323942184448,2.2185912132263184,0.3797452543856456,0.5764984394429372,0,0,0,0.12,0.01,0.0,0.01,0.1,0.9,-1.2,0.0,0,0,1,0,0.675,0.32
197,6,-0.6169981360435486,-0.45201200246810913,1.7947551012039185,2.7324942794572467,-1.7324942794572467,0,0,0,0.12,0.01,0.0,0.01,0.1,0.9,-1.2,0.0,0,0,1,1,0.675,0.32
197,7,-0.8601860404014587,0.018888508901000023,2.970057725906372,0.48684238916581746,0.5082200812702787,0,0,0,0.12,0.01,0.0,0.01,0.1,0.9,-1.2,0.0,0,0,1,0,0.675,0.32
198,0,-0.0317152701318264,0.10176273435354233,0.13456204533576965,0.4760674179810599,0.5063094555121346,0,0,0,0.12,0.01,0.0,0.01,0.1,0.9,-1.2,0.0,0,0,1,0,0.675,0.32
198,1,-0.6628167033195496,-0.39359918236732483,-2.9237396717071533,0.4894711518384673,0.4948382830522797,0,0,0,0.12,0.01,0.0,0.01,0.1,0.9,-1.2,0.0,0,0,1,1,0.675,0.32
198,2,-0.35698947310447693,0.4279883801937103,-0.13611650466918945,-0.12924403252048017,0.6534158021394683,0,0,0,0.12,0.01,0.0,0.01,0.1,0.9,-1.2,0.0,0,0,1,0,0.675,0.32
198,3,-0.19758829474449158,-0.42481541633605957,-0.0006349518080241978,0.4992194713449355,0.4890329300069931,0,0,0,0.12,0.01,0.0,0.01,0.1,0.9,-1.2,0.0,0,0,1,0,0.675,0.32
198,4,-0.38261497020721436,-0.08927033096551895,-0.182907834649086,0.41014793818336687,0.4917272597040539,0,0,0,0.12,0.01,0.0,0.01,0.1,0.9,-1.2,0.0,0,0,1,0,0.675,0.32
198,5,-0.5414289832115173,0.14873464405536652,2.225632905960083,0.37979145226263794,0.5755478602907678,0,0,0,0.12,0.01,0.0,0.01,0.1,0.9,-1.2,0.0,0,0,1,0,0.675,0.32
198,6,-0.6171396970748901,-0.4516124427318573,1.6936613321304321,2.732492500481004,-1.732492500481004,0,0,0,0.12,0.01,0.0,0.01,0.1,0.9,-1.2,0.0,0,0,1,1,0.675,0.32
198,7,-0.8611668348312378,0.019057922065258026,2.9710707664489746,0.48916033375059714,0.505697275521406,0,0,0,0.12,0.01,0.0,0.01,0.1,0.9,-1.2,0.0,0,0,1,0,0.675,0.32
199,0,-0.030741384252905846,0.10189510881900787,0.13564515113830566,0.47580180480002954,0.5061878173160592,0,0,0,0.12,0.01,0.0,0.01,0.1,0.9,-1.2,0.0,0,0,1,0,0.675,0.32
199,1,-0.663780152797699,-0.39381143450737,-2.9228219985961914,0.4945443862231894,0.48987573449290556,0,0,0,0.12,0.01,0.0,0.01,0.1,0.9,-1.2,0.0,0,0,1,1,0.675,0.32
199,2,-0.35647332668304443,0.4279197156429291,-0.12148354202508926,-0.21636862032047305,0.7444823431216815,0,0,0,0.12,0.01,0.0,0.01,0.1,0.9,-1.2,0.0,0,0,1,0,0.675,0.32
199,3,-0.19659939408302307,-0.42481616139411926,-0.0009560697362758219,0.4985193326301189,0.4892162368469624,0,0,0,0.12,0.01,0.0,0.01,0.1,0.9,-1.2,0.0,0,0,1,0,0.675,0.32
199,4,-0.38172420859336853,-0.08943367749452591,-0.17952221632003784,0.4099693215069148,0.4887477838817265,0,0,0,0.12,0.01,0.0,0.01,0.1,0.9,-1.2,0.0,0,0,1,0,0.675,0.32
199,5,-0.542013943195343,0.1494912952184677,2.2325692176818848,0.3795677803204742,0.574854514773062,0,0,0,0.12,0.01,0.0,0.01,0.1,0.9,-1.2,0.0,0,0,1,0,0.675,0.32
199,6,-0.6171482801437378,-0.4510760009288788,1.521868348121643,-1.7287650686834184,2.7287650686834186,0,0,0,0.12,0.01,0.0,0.01,0.1,0.9,-1.2,0.0,0,0,1,1,0.675,0.32
199,7,-0.8621475696563721,0.01922636665403843,2.971879482269287,0.4899273337516636,0.5047220168914943,0,0,0,0.12,0.01,0.0,0.01,0.1,0.9,-1.2,0.0,0,0,1,0,0.675,0.32
200,0,-0.029768023639917374,0.1020285040140152,0.13672536611557007,0.47546565716874856,0.5061304550825332,0,0,0,0.12,0.01,0.0,0.01,0.1,0.9,-1.2,0.0,0,0,1,0,0.675,0.32
200,1,-0.6647412180900574,-0.3940254747867584,-2.9224720001220703,0.48938186316127086,0.4952944383180687,0,0,0,0.12,0.01,0.0,0.01,0.1,0.9,-1.2,0.0,0,0,1,1,0.675,0.32
200,2,-0.3559529781341553,0.4278610050678253,-0.09604228287935257,-0.23949723184015537,0.773061620592139,0,0,0,0.12,0.01,0.0,0.01,0.1,0.9,-1.2,0.0,0,0,1,0,0.675,0.32
200,3,-0.19561102986335754,-0.42481720447540283,-0.0013499747728928924,0.49755984421122706,0.4896862519229587,0,0,0,0.12,0.01,0.0,0.01,0.1,0.9,-1.2,0.0,0,0,1,0,0.675,0.32
200,4,-0.38083598017692566,-0.08959349989891052,-0.17654597759246826,0.40176125041242217,0.49379460343126674,0,0,0,0.12,0.01,0.0,0.01,0.1,0.9,-1.2,0.0,0,0,1,0,0.675,0.32
200,5,-0.5426036715507507,0.1502431482076645,2.2394585609436035,0.37969262267699594,0.5738016877020324,0,0,0,0.12,0.01,0.0,0.01,0.1,0.9,-1.2,0.0,0,0,1,0,0.675,0.32
200,6,-0.6169763803482056,-0.45041245222091675,1.3533461093902588,-1.7324942794572467,2.7324942794572467,0,0,0,0.12,0.01,0.0,0.01,0.1,0.9,-1.2,0.0,0,0,1,1,0.675,0.32
200,7,-0.8631282448768616,0.01939406432211399,2.9725050926208496,0.48905445618144266,0.5053832979727626,0,0,0,0.12,0.01,0.0,0.01,0.1,0.9,-1.2,0.0,0,0,1,0,0.675,0.32
201,0,-0.028795192018151283,0.1021629124879837,0.13780784606933594,0.47505941335315993,0.5061360960805864,0,0,0,0.12,0.01,0.0,0.01,0.1,0.9,-1.2,0.0,0,0,1,0,0.675,0.32
201,1,-0.6657021045684814,-0.3942395746707916,-2.922569751739502,0.47176927651459505,0.5132321086973495,0,0,0,0.12,0.01,0.0,0.01,0.1,0.9,-1.2,0.0,0,0,1,1,0.675,0.32
201,2,-0.3554273545742035,0.4278178811073303,-0.06355518847703934,-0.1989755646363478,0.7391647712365371,0,0,0,0.12,0.01,0.0,0.01,0.1,0.9,-1.2,0.0,0,0,1,0,0.675,0.32
201,3,-0.194623202085495,-0.42481860518455505,-0.003304580459371209,0.48605299442644667,0.5007071450388854,0,0,0,0.12,0.01,0.0,0.01,0.1,0.9,-1.2,0.0,0,0,1,0,0.675,0.32
201,4,-0.3799503743648529,-0.08975014835596085,-0.17375795543193817,0.3877805767511674,0.50465098042733,0,0,0,0.12,0.01,0.0,0.01,0.1,0.9,-1.2,0.0,0,0,1,0,0.675,0.32
201,5,-0.5431979894638062,0.15099017322063446,2.2463278770446777,0.3805289846633379,0.5720261949326092,0,0,0,0.12,0.01,0.0,0.01,0.1,0.9,-1.2,0.0,0,0,1,0,0.675,0.32
201,6,-0.6167407035827637,-0.44958996772766113,1.450256586074829,-1.7324863164034083,2.7324863164034086,0,0,0,0.12,0.01,0.0,0.01,0.1,0.9,-1.2,0.0,0,0,1,1,0.675,0.32
201,7,-0.8641088008880615,0.0195611622184515,2.973047971725464,0.48839649850216243,0.5058285862794843,0,0,0,0.12,0.01,0.0,0.01,0.1,0.9,-1.2,0.0,0,0,1,0,0.675,0.32
202,0,-0.02782289683818817,0.1022983193397522,0.1388884335756302,0.47453703391549157,0.5062503625154777,0,0,0,0.12,0.01,0.0,0.01,0.1,0.9,-1.2,0.0,0,0,1,0,0.675,0.32
202,1,-0.6666633486747742,-0.3944535255432129,-2.922429323196411,0.460764246480141,0.524419588549461,0,0,0,0.12,0.01,0.0,0.01,0.1,0.9,-1.2,0.0,0,0,1,1,0.675,0.32
202,2,-0.35489532351493835,0.4277937114238739,-0.028418101370334625,-0.1026627166329723,0.6497823936997752,0,0,0,0.12,0.01,0.0,0.01,0.1,0.9,-1.2,0.0,0,0,1,0,0.675,0.32
202,3,-0.19363585114479065,-0.42482030391693115,-0.001931892242282629,0.49766174896632953,0.4885501469763584,0,0,0,0.12,0.01,0.0,0.01,0.1,0.9,-1.2,0.0,0,0,1,0,0.675,0.32
202,4,-0.37906742095947266,-0.08990360796451569,-0.17061907052993774,0.3801088394204352,0.5089993415793206,0,0,0,0.12,0.01,0.0,0.01,0.1,0.9,-1.2,0.0,0,0,1,0,0.675,0.32
202,5,-0.543796956539154,0.15173229575157166,2.2531607151031494,0.38211829512221257,0.5694866076220806,0,0,0,0.12,0.01,0.0,0.01,0.1,0.9,-1.2,0.0,0,0,1,0,0.675,0.32
202,6,-0.6166875958442688,-0.44888731837272644,1.6180706024169922,2.659196130442302,-1.659196130442302,0,0,0,0.12,0.01,0.0,0.01,0.1,0.9,-1.2,0.0,0,0,1,1,0.675,0.32
202,7,-0.8650892376899719,0.01972769759595394,2.9736216068267822,0.48801690698427513,0.5059881770535056,0,0,0,0.12,0.01,0.0,0.01,0.1,0.9,-1.2,0.0,0,0,1,0,0.675,0.32
203,0,-0.026851139962673187,0.10243471711874008,0.13998007774353027,0.47399429398901766,0.5063773600446433,0,0,0,0.12,0.01,0.0,0.01,0.1,0.9,-1.2,0.0,0,0,1,0,0.675,0.32
203,1,-0.6676269769668579,-0.39466753602027893,-2.9211361408233643,0.45931353082659454,0.5259456444740036,0,0,0,0.12,0.01,0.0,0.01,0.1,0.9,-1.2,0.0,0,0,1,1,0.675,0.32
203,2,-0.35435640811920166,0.4277889132499695,0.0055829486809670925,0.036984378072584714,0.5164651930600752,0,0,0,0.12,0.01,0.0,0.01,0.1,0.9,-1.2,0.0,0,0,1,0,0.675,0.32
203,3,-0.1926489919424057,-0.4248221218585968,-0.002669287845492363,0.49374554894726874,0.4918580815954864,0,0,0,0.12,0.01,0.0,0.01,0.1,0.9,-1.2,0.0,0,0,1,0,0.675,0.32
203,4,-0.37818703055381775,-0.09005343914031982,-0.16667553782463074,0.3791491151222061,0.5064798235527207,0,0,0,0.12,0.01,0.0,0.01,0.1,0.9,-1.2,0.0,0,0,1,0,0.675,0.32
203,5,-0.5444003939628601,0.15246957540512085,2.2599122524261475,0.38422872318662527,0.5664143990095724,0,0,0,0.12,0.01,0.0,0.01,0.1,0.9,-1.2,0.0,0,0,1,0,0.675,0.32
203,6,-0.6167905926704407,-0.44823959469795227,1.7871876955032349,2.7324941947441426,-1.7324941947441423,0,0,0,0.12,0.01,0.0,0.01,0.1,0.9,-1.2,0.0,0,0,1,1,0.675,0.32
203,7,-0.8660695552825928,0.019893620163202286,2.9742372035980225,0.48842706258378626,0.5053524774781645,0,0,0,0.12,0.01,0.0,0.01,0.1,0.9,-1.2,0.0,0,0,1,0,0.675,0.32
204,0,-0.025879934430122375,0.10257210582494736,0.1411026418209076,0.4735843277428443,0.5063646101500695,0,0,0,0.12,0.01,0.0,0.01,0.1,0.9,-1.2,0.0,0,0,1,0,0.675,0.32
204,1,-0.6685938239097595,-0.39488232135772705,-2.9188590049743652,0.4698093015600654,0.5155050676415948,0,0,0,0.12,0.01,0.0,0.01,0.1,0.9,-1.2,0.0,0,0,1,1,0.675,0.32
204,2,-0.35381075739860535,0.4278009831905365,0.03285274654626846,0.19510285551818976,0.36347909276214474,0,0,0,0.12,0.01,0.0,0.01,0.1,0.9,-1.2,0.0,0,0,1,0,0.675,0.32
204,3,-0.19166266918182373,-0.4248235821723938,-0.0028435641434043646,0.49334786503091715,0.4916210356496249,0,0,0,0.12,0.01,0.0,0.01,0.1,0.9,-1.2,0.0,0,0,1,0,0.675,0.32
204,4,-0.37730923295021057,-0.0901990681886673,-0.1622159332036972,0.3818719297628381,0.5000779718179725,0,0,0,0.12,0.01,0.0,0.01,0.1,0.9,-1.2,0.0,0,0,1,0,0.675,0.32
204,5,-0.54500812292099,0.153202086687088,2.2665293216705322,0.3864922670698746,0.5631770344399826,0,0,0,0.12,0.01,0.0,0.01,0.1,0.9,-1.2,0.0,0,0,1,0,0.675,0.32
204,6,-0.6169050931930542,-0.4476827085018158,1.687625527381897,2.7320552283642163,-1.732055228364216,0,0,0,0.12,0.01,0.0,0.01,0.1,0.9,-1.2,0.0,0,0,1,1,0.675,0.32
204,7,-0.8670497536659241,0.020058900117874146,2.9748754501342773,0.488312881485159,0.5052327699506931,0,0,0,0.12,0.01,0.0,0.01,0.1,0.9,-1.2,0.0,0,0,1,0,0.675,0.32
205,0,-0.02490929327905178,0.10271050781011581,0.14225342869758606,0.473335300198823,0.5061844842517079,0,0,0,0.12,0.01,0.0,0.01,0.1,0.9,-1.2,0.0,0,0,1,0,0.675,0.32
205,1,-0.669558048248291,-0.3951003849506378,-2.9164021015167236,0.4748998819227682,0.5105558694962992,0,0,0,0.12,0.01,0.0,0.01,0.1,0.9,-1.2,0.0,0,0,1,1,0.675,0.32
205,2,-0.3532591760158539,0.4278256595134735,0.05154391750693321,0.3546993181433886,0.2079110696587354,0,0,0,0.12,0.01,0.0,0.01,0.1,0.9,-1.2,0.0,0,0,1,0,0.675,0.32
205,3,-0.19067694246768951,-0.4248252809047699,-0.0019932484719902277,0.500463915049921,0.48387937527905844,0,0,0,0.12,0.01,0.0,0.01,0.1,0.9,-1.2,0.0,0,0,1,0,0.675,0.32
205,4,-0.37643423676490784,-0.09034030139446259,-0.1577308177947998,0.38002165562887713,0.4982539772293993,0,0,0,0.12,0.01,0.0,0.01,0.1,0.9,-1.2,0.0,0,0,1,0,0.675,0.32
205,5,-0.5456199645996094,0.1539299190044403,2.2729718685150146,0.388551883352501,0.5601311401002579,0,0,0,0.12,0.01,0.0,0.01,0.1,0.9,-1.2,0.0,0,0,1,0,0.675,0.32
205,6,-0.6169196963310242,-0.44700589776039124,1.5198791027069092,-1.6946923373651026,2.694692337365103,0,0,0,0.12,0.01,0.0,0.01,0.1,0.9,-1.2,0.0,0,0,1,1,0.675,0.32
205,7,-0.8680298924446106,0.020223528146743774,2.9754881858825684,0.4882831680385175,0.5050260913761554,0,0,0,0.12,0.01,0.0,0.01,0.1,0.9,-1.2,0.0,0,0,1,0,0.675,0.32
206,0,-0.02393922582268715,0.10284995287656784,0.14341114461421967,0.47314794260645326,0.5059369663557964,0,0,0,0.12,0.01,0.0,0.01,0.1,0.9,-1.2,0.0,0,0,1,0,0.675,0.32
206,1,-0.6705198287963867,-0.3953210711479187,-2.914584159851074,0.463134206921287,0.5226007326539084,0,0,0,0.12,0.01,0.0,0.01,0.1,0.9,-1.2,0.0,0,0,1,1,0.675,0.32
206,2,-0.3527025878429413,0.4278576672077179,0.059641074389219284,0.49616520874251924,0.06987560518036283,0,0,0,0.12,0.01,0.0,0.01,0.1,0.9,-1.2,0.0,0,0,1,0,0.675,0.32
206,3,-0.18969184160232544,-0.42482709884643555,-0.002102210884913802,0.5019236984271097,0.48182479715165627,0,0,0,0.12,0.01,0.0,0.01,0.1,0.9,-1.2,0.0,0,0,1,0,0.675,0.32
206,4,-0.37556225061416626,-0.09047723561525345,-0.15352170169353485,0.3693167751409814,0.505418282212992,0,0,0,0.12,0.01,0.0,0.01,0.1,0.9,-1.2,0.0,0,0,1,0,0.675,0.32
206,5,-0.5462357401847839,0.1546531766653061,2.279223918914795,0.3901836033677049,0.5575002674246841,0,0,0,0.12,0.01,0.0,0.01,0.1,0.9,-1.2,0.0,0,0,1,0,0.675,0.32
206,6,-0.6167768239974976,-0.44610583782196045,1.3597346544265747,-1.732492669907409,2.7324926699074092,0,0,0,0.12,0.01,0.0,0.01,0.1,0.9,-1.2,0.0,0,0,1,1,0.675,0.32
206,7,-0.8690098524093628,0.020387526601552963,2.9760935306549072,0.4890055983693352,0.5040684611170538,0,0,0,0.12,0.01,0.0,0.01,0.1,0.9,-1.2,0.0,0,0,1,0,0.675,0.32
207,0,-0.022969746962189674,0.10299048572778702,0.1445663422346115,0.4730079951586521,0.5056372103390896,0,0,0,0.12,0.01,0.0,0.01,0.1,0.9,-1.2,0.0,0,0,1,0,0.675,0.32
207,1,-0.6714797616004944,-0.39554354548454285,-2.913250684738159,0.44373115304540217,0.5423273801462788,0,0,0,0.12,0.01,0.0,0.01,0.1,0.9,-1.2,0.0,0,0,1,1,0.675,0.32
207,2,-0.3521418571472168,0.42789149284362793,0.056721556931734085,0.605075317402809,-0.03552045204254896,0,0,0,0.12,0.01,0.0,0.01,0.1,0.9,-1.2,0.0,0,0,1,0,0.675,0.32
207,3,-0.1887073665857315,-0.4248291254043579,-0.0033009054604917765,0.49595978806682645,0.487196237342872,0,0,0,0.12,0.01,0.0,0.01,0.1,0.9,-1.2,0.0,0,0,1,0,0.675,0.32
207,4,-0.3746933341026306,-0.09061003476381302,-0.14936184883117676,0.3555022734260178,0.5156879168892287,0,0,0,0.12,0.01,0.0,0.01,0.1,0.9,-1.2,0.0,0,0,1,0,0.675,0.32
207,5,-0.5468552112579346,0.15537193417549133,2.2852940559387207,0.3912808068245802,0.5553910963088121,0,0,0,0.12,0.01,0.0,0.01,0.1,0.9,-1.2,0.0,0,0,1,0,0.675,0.32
207,6,-0.6165751814842224,-0.44513410329818726,1.452746868133545,-1.7306685570313465,2.7306685570313465,0,0,0,0.12,0.01,0.0,0.01,0.1,0.9,-1.2,0.0,0,0,1,1,0.675,0.32
207,7,-0.8699896931648254,0.020550889894366264,2.976693630218506,0.4898337430870388,0.5030022554481174,0,0,0,0.12,0.01,0.0,0.01,0.1,0.9,-1.2,0.0,0,0,1,0,0.675,0.32
208,0,-0.022000867873430252,0.10313210636377335,0.14572712779045105,0.47302813125289006,0.5051736752923675,0,0,0,0.12,0.01,0.0,0.01,0.1,0.9,-1.2,0.0,0,0,1,0,0.675,0.32
208,1,-0.6724407076835632,-0.39576730132102966,-2.9112823009490967,0.4257971892948426,0.5604967226390563,0,0,0,0.12,0.01,0.0,0.01,0.1,0.9,-1.2,0.0,0,0,1,1,0.675,0.32
208,2,-0.3515773117542267,0.4279213845729828,0.043728139251470566,0.6715238293932234,-0.09783997147543777,0,0,0,0.12,0.01,0.0,0.01,0.1,0.9,-1.2,0.0,0,0,1,0,0.675,0.32
208,3,-0.18772350251674652,-0.4248317778110504,-0.00392058165743947,0.49372786407773417,0.48877233142550064,0,0,0,0.12,0.01,0.0,0.01,0.1,0.9,-1.2,0.0,0,0,1,0,0.675,0.32
208,4,-0.37382736802101135,-0.09073852002620697,-0.14468629658222198,0.3459572764979366,0.5216195014370915,0,0,0,0.12,0.01,0.0,0.01,0.1,0.9,-1.2,0.0,0,0,1,0,0.675,0.32
208,5,-0.5474783778190613,0.15608622133731842,2.291208505630493,0.39183387232044786,0.5538137845971242,0,0,0,0.12,0.01,0.0,0.01,0.1,0.9,-1.2,0.0,0,0,1,0,0.675,0.32
208,6,-0.6165245771408081,-0.4441431164741516,1.609883427619934,2.192854023429016,-1.1928540234290161,0,0,0,0.12,0.01,0.0,0.01,0.1,0.9,-1.2,0.0,0,0,1,1,0.675,0.32
208,7,-0.8709693551063538,0.02071363665163517,2.977245569229126,0.49128016362745835,0.5013155685846082,0,0,0,0.12,0.01,0.0,0.01,0.1,0.9,-1.2,0.0,0,0,1,0,0.675,0.32
209,0,-0.02103259041905403,0.10327481478452682,0.14689166843891144,0.47325874712202265,0.504497455098894,0,0,0,0.12,0.01,0.0,0.01,0.1,0.9,-1.2,0.0,0,0,1,0,0.675,0.32
209,1,-0.6734039783477783,-0.39599281549453735,-2.907958507537842,0.4235107625995534,0.5629028950656992,0,0,0,0.12,0.01,0.0,0.01,0.1,0.9,-1.2,0.0,0,0,1,1,0.675,0.32
209,2,-0.3510087728500366,0.4279417097568512,0.022722624242305756,0.6898226025572877,-0.11124049453650518,0,0,0,0.12,0.01,0.0,0.01,0.1,0.9,-1.2,0.0,0,0,1,0,0.675,0.32
209,3,-0.1867402195930481,-0.4248349964618683,-0.0036980747245252132,0.4958635637502677,0.48590534236621785,0,0,0,0.12,0.01,0.0,0.01,0.1,0.9,-1.2,0.0,0,0,1,0,0.675,0.32
209,4,-0.3729642629623413,-0.09086202085018158,-0.1392195224761963,0.34515800838233057,0.5185563289666074,0,0,0,0.12,0.01,0.0,0.01,0.1,0.9,-1.2,0.0,0,0,1,0,0.675,0.32
209,5,-0.548105001449585,0.15679605305194855,2.2970027923583984,0.3918740658129997,0.5527389140759164,0,0,0,0.12,0.01,0.0,0.01,0.1,0.9,-1.2,0.0,0,0,1,0,0.675,0.32
209,6,-0.6166368126869202,-0.4432835578918457,1.7714662551879883,2.7320968347373875,-1.732096834737387,0,0,0,0.12,0.01,0.0,0.01,0.1,0.9,-1.2,0.0,0,0,1,1,0.675,0.32
209,7,-0.8719488978385925,0.020875824615359306,2.9777324199676514,0.49206747186750793,0.5002800069990692,0,0,0,0.12,0.01,0.0,0.01,0.1,0.9,-1.2,0.0,0,0,1,0,0.675,0.32
210,0,-0.02006491832435131,0.10341858863830566,0.14803700149059296,0.47360156991712277,0.503708014700492,0,0,0,0.12,0.01,0.0,0.01,0.1,0.9,-1.2,0.0,0,0,1,0,0.675,0.32
210,1,-0.6743708252906799,-0.3962211608886719,-2.9031989574432373,0.4388665246631043,0.5476249766682251,0,0,0,0.12,0.01,0.0,0.01,0.1,0.9,-1.2,0.0,0,0,1,1,0.675,0.32
210,2,-0.35043591260910034,0.4279479384422302,-0.0034401158336549997,0.6593241929280211,-0.07535632841462392,0,0,0,0.12,0.01,0.0,0.01,0.1,0.9,-1.2,0.0,0,0,1,0,0.675,0.32
210,3,-0.1857575923204422,-0.42483851313591003,-0.003669839585199952,0.4952692934386018,0.48572809015591123,0,0,0,0.12,0.01,0.0,0.01,0.1,0.9,-1.2,0.0,0,0,1,0,0.675,0.32
210,4,-0.3721039891242981,-0.09097984433174133,-0.13316647708415985,0.3501295617458832,0.5094569751384247,0,0,0,0.12,0.01,0.0,0.01,0.1,0.9,-1.2,0.0,0,0,1,0,0.675,0.32
210,5,-0.5487351417541504,0.1575014591217041,2.3027150630950928,0.3914847830362144,0.552084936755198,0,0,0,0.12,0.01,0.0,0.01,0.1,0.9,-1.2,0.0,0,0,1,0,0.675,0.32
210,6,-0.6167880892753601,-0.44255736470222473,1.702789306640625,2.7172395222564454,-1.7172395222564452,0,0,0,0.12,0.01,0.0,0.01,0.1,0.9,-1.2,0.0,0,0,1,1,0.675,0.32
210,7,-0.8729283213615417,0.021037539467215538,2.9781179428100586,0.49115204666260165,0.5009372248828085,0,0,0,0.12,0.01,0.0,0.01,0.1,0.9,-1.2,0.0,0,0,1,0,0.675,0.32
211,0,-0.01909784972667694,0.10356338322162628,0.14914414286613464,0.4739729768942971,0.5028898113060812,0,0,0,0.12,0.01,0.0,0.01,0.1,0.9,-1.2,0.0,0,0,1,0,0.675,0.32
211,1,-0.6753339171409607,-0.3964550495147705,-2.898146390914917,0.4460485664164455,0.5406114968503086,0,0,0,0.12,0.01,0.0,0.01,0.1,0.9,-1.2,0.0,0,0,1,1,0.675,0.32
211,2,-0.3498583436012268,0.42793747782707214,-0.03135472908616066,0.5853781747075676,0.003889019563520094,0,0,0,0.12,0.01,0.0,0.01,0.1,0.9,-1.2,0.0,0,0,1,0,0.675,0.32
211,3,-0.1847756803035736,-0.4248422086238861,-0.004468200728297234,0.4898709619660781,0.49036878698869485,0,0,0,0.12,0.01,0.0,0.01,0.1,0.9,-1.2,0.0,0,0,1,0,0.675,0.32
211,4,-0.3712467849254608,-0.09109172970056534,-0.1270620971918106,0.35001610337379013,0.5055715578925368,0,0,0,0.12,0.01,0.0,0.01,0.1,0.9,-1.2,0.0,0,0,1,0,0.675,0.32
211,5,-0.5493686199188232,0.15820245444774628,2.3083813190460205,0.3907998991034545,0.5517200636841738,0,0,0,0.12,0.01,0.0,0.01,0.1,0.9,-1.2,0.0,0,0,1,0,0.675,0.32
211,6,-0.6168381571769714,-0.44165167212486267,1.5497912168502808,-0.7151454665412756,1.7151454665412755,0,0,0,0.12,0.01,0.0,0.01,0.1,0.9,-1.2,0.0,0,0,1,1,0.675,0.32
211,7,-0.8739075064659119,0.021198879927396774,2.9784297943115234,0.49038556496148633,0.5014467509602971,0,0,0,0.12,0.01,0.0,0.01,0.1,0.9,-1.2,0.0,0,0,1,0,0.675,0.32
212,0,-0.018131377175450325,0.1037091538310051,0.15021559596061707,0.47439708328700003,0.5020188488914973,0,0,0,0.12,0.01,0.0,0.01,0.1,0.9,-1.2,0.0,0,0,1,0,0.675,0.32
212,1,-0.6762908101081848,-0.39669471979141235,-2.894101858139038,0.44145674199972185,0.5454718997963901,0,0,0,0.12,0.01,0.0,0.01,0.1,0.9,-1.2,0.0,0,0,1,1,0.675,0.32
212,2,-0.34927603602409363,0.42791029810905457,-0.057603802531957626,0.4792834536128343,0.11463689646193376,0,0,0,0.12,0.01,0.0,0.01,0.1,0.9,-1.2,0.0,0,0,1,0,0.675,0.32
212,3,-0.1837945282459259,-0.42484626173973083,-0.005057087168097496,0.48585718607535594,0.49365961814293624,0,0,0,0.12,0.01,0.0,0.01,0.1,0.9,-1.2,0.0,0,0,1,0,0.675,0.32
212,4,-0.37039294838905334,-0.09119803458452225,-0.12134935706853867,0.34352966572103244,0.5081161019677188,0,0,0,0.12,0.01,0.0,0.01,0.1,0.9,-1.2,0.0,0,0,1,0,0.675,0.32
212,5,-0.5500053763389587,0.15889905393123627,2.3140320777893066,0.3900003704099461,0.5514645305605129,0,0,0,0.12,0.01,0.0,0.01,0.1,0.9,-1.2,0.0,0,0,1,0,0.675,0.32
212,6,-0.6167349815368652,-0.44065186381340027,1.392988920211792,-1.7235869407608837,2.723586940760884,0,0,0,0.12,0.01,0.0,0.01,0.1,0.9,-1.2,0.0,0,0,1,1,0.675,0.32
212,7,-0.8748865127563477,0.0213598795235157,2.978773355484009,0.4895392248558523,0.502033334024,0,0,0,0.12,0.01,0.0,0.01,0.1,0.9,-1.2,0.0,0,0,1,0,0.675,0.32
213,0,-0.017165498808026314,0.10385584086179733,0.1512557417154312,0.4748777587755456,0.5010909001485571,0,0,0,0.12,0.01,0.0,0.01,0.1,0.9,-1.2,0.0,0,0,1,0,0.675,0.32
213,1,-0.6772469878196716,-0.3969380557537079,-2.890671968460083,0.4341341533139886,0.5531031809374152,0,0,0,0.12,0.01,0.0,0.01,0.1,0.9,-1.2,0.0,0,0,1,1,0.675,0.32
213,2,-0.3486892879009247,0.4278687834739685,-0.07906405627727509,0.3572919188502839,0.24035974159206835,0,0,0,0.12,0.01,0.0,0.01,0.1,0.9,-1.2,0.0,0,0,1,0,0.675,0.32
213,3,-0.18281415104866028,-0.42485058307647705,-0.004738164134323597,0.4872049328702573,0.4916007879358646,0,0,0,0.12,0.01,0.0,0.01,0.1,0.9,-1.2,0.0,0,0,1,0,0.675,0.32
213,4,-0.36954256892204285,-0.09129925817251205,-0.11584514379501343,0.3347558900172218,0.5128626898472802,0,0,0,0.12,0.01,0.0,0.01,0.1,0.9,-1.2,0.0,0,0,1,0,0.675,0.32
213,5,-0.5506452918052673,0.15959130227565765,2.319689989089966,0.3893039263619658,0.5511001311407807,0,0,0,0.12,0.01,0.0,0.01,0.1,0.9,-1.2,0.0,0,0,1,0,0.675,0.32
213,6,-0.6165451407432556,-0.43966954946517944,1.4306360483169556,-1.6759297913337454,2.6759297913337456,0,0,0,0.12,0.01,0.0,0.01,0.1,0.9,-1.2,0.0,0,0,1,1,0.675,0.32
213,7,-0.8758652806282043,0.02152048423886299,2.979163646697998,0.48829284270814133,0.5030131642002755,0,0,0,0.12,0.01,0.0,0.01,0.1,0.9,-1.2,0.0,0,0,1,0,0.675,0.32
214,0,-0.01620020717382431,0.1040034294128418,0.15225115418434143,0.47527928324928537,0.5002411487461065,0,0,0,0.12,0.01,0.0,0.01,0.1,0.9,-1.2,0.0,0,0,1,0,0.675,0.32
214,1,-0.6782025098800659,-0.397184818983078,-2.8870766162872314,0.4258159114350308,0.5616777227889072,0,0,0,0.12,0.01,0.0,0.01,0.1,0.9,-1.2,0.0,0,0,1,1,0.675,0.32
214,2,-0.34809860587120056,0.4278167188167572,-0.09337116032838821,0.23675575995273962,0.3638157532232248,0,0,0,0.12,0.01,0.0,0.01,0.1,0.9,-1.2,0.0,0,0,1,0,0.675,0.32
214,3,-0.18183448910713196,-0.4248547852039337,-0.004143187776207924,0.4903941099672395,0.48764604878138723,0,0,0,0.12,0.01,0.0,0.01,0.1,0.9,-1.2,0.0,0,0,1,0,0.675,0.32
214,4,-0.36869558691978455,-0.09139551222324371,-0.1101374551653862,0.32818486459942897,0.5153304123094455,0,0,0,0.12,0.01,0.0,0.01,0.1,0.9,-1.2,0.0,0,0,1,0,0.675,0.32
214,5,-0.5512884259223938,0.16027919948101044,2.3253653049468994,0.3888738964000799,0.5504631187518976,0,0,0,0.12,0.01,0.0,0.01,0.1,0.9,-1.2,0.0,0,0,1,0,0.675,0.32
214,6,-0.6164518594741821,-0.43867382407188416,1.5731204748153687,0.5166582872647001,0.4833417127352999,0,0,0,0.12,0.01,0.0,0.01,0.1,0.9,-1.2,0.0,0,0,1,1,0.675,0.32
214,7,-0.8768439292907715,0.021680647507309914,2.9796032905578613,0.4880459137797492,0.5029910377621514,0,0,0,0.12,0.01,0.0,0.01,0.1,0.9,-1.2,0.0,0,0,1,0,0.675,0.32
215,0,-0.01523550134152174,0.1041518822312355,0.1531878560781479,0.475469288980468,0.4996014259700935,0,0,0,0.12,0.01,0.0,0.01,0.1,0.9,-1.2,0.0,0,0,1,0,0.675,0.32
215,1,-0.6791573166847229,-0.39743542671203613,-2.8829948902130127,0.4186182882438241,0.5690499875893058,0,0,0,0.12,0.01,0.0,0.01,0.1,0.9,-1.2,0.0,0,0,1,1,0.675,0.32
215,2,-0.347504585981369,0.42775848507881165,-0.09922769665718079,0.13271638379111728,0.4703526236055807,0,0,0,0.12,0.01,0.0,0.01,0.1,0.9,-1.2,0.0,0,0,1,0,0.675,0.32
215,3,-0.18085554242134094,-0.4248587489128113,-0.004272485617548227,0.48894664512263,0.4882452799261982,0,0,0,0.12,0.01,0.0,0.01,0.1,0.9,-1.2,0.0,0,0,1,0,0.675,0.32
215,4,-0.3678520619869232,-0.09148649871349335,-0.10398927330970764,0.32613398567208807,0.5131715939902349,0,0,0,0.12,0.01,0.0,0.01,0.1,0.9,-1.2,0.0,0,0,1,0,0.675,0.32
215,5,-0.5519345998764038,0.16096271574497223,2.3310539722442627,0.38880345257395005,0.5494596060884646,0,0,0,0.12,0.01,0.0,0.01,0.1,0.9,-1.2,0.0,0,0,1,0,0.675,0.32
215,6,-0.616517186164856,-0.43767350912094116,1.727672815322876,2.6055567929399963,-1.6055567929399959,0,0,0,0.12,0.01,0.0,0.01,0.1,0.9,-1.2,0.0,0,0,1,1,0.675,0.32
215,7,-0.8778223395347595,0.021840307861566544,2.9801156520843506,0.48928917136721223,0.5014770558781185,0,0,0,0.12,0.01,0.0,0.01,0.1,0.9,-1.2,0.0,0,0,1,0,0.675,0.32
216,0,-0.014271377585828304,0.10430116206407547,0.15407684445381165,0.47547012574569264,0.4991484879742475,0,0,0,0.12,0.01,0.0,0.01,0.1,0.9,-1.2,0.0,0,0,1,0,0.675,0.32
216,1,-0.680111289024353,-0.3976902961730957,-2.878333806991577,0.41502756747983033,0.5727515133879371,0,0,0,0.12,0.01,0.0,0.01,0.1,0.9,-1.2,0.0,0,0,1,1,0.675,0.32
216,2,-0.3469075858592987,0.42769885063171387,-0.09649109840393066,0.056609927203073604,0.5489991321307276,0,0,0,0.12,0.01,0.0,0.01,0.1,0.9,-1.2,0.0,0,0,1,0,0.675,0.32
216,3,-0.1798773556947708,-0.4248625934123993,-0.004733864217996597,0.48515624268036334,0.4911122276069597,0,0,0,0.12,0.01,0.0,0.01,0.1,0.9,-1.2,0.0,0,0,1,0,0.675,0.32
216,4,-0.36701202392578125,-0.09157175570726395,-0.0974661260843277,0.3281054566782348,0.5068454672414427,0,0,0,0.12,0.01,0.0,0.01,0.1,0.9,-1.2,0.0,0,0,1,0,0.675,0.32
216,5,-0.5525838732719421,0.16164182126522064,2.3367393016815186,0.38913996397846107,0.5480413895905697,0,0,0,0.12,0.01,0.0,0.01,0.1,0.9,-1.2,0.0,0,0,1,0,0.675,0.32
216,6,-0.6167059540748596,-0.43669283390045166,1.7571289539337158,2.612313891531868,-1.6123140107411578,0,0,0,0.12,0.01,0.0,0.01,0.1,0.9,-1.2,0.0,0,0,1,1,0.675,0.32
216,7,-0.8788005709648132,0.021999400109052658,2.980649948120117,0.49121460897482305,0.49927767532312006,0,0,0,0.12,0.01,0.0,0.01,0.1,0.9,-1.2,0.0,0,0,1,0,0.675,0.32
217,0,-0.01330783311277628,0.1044512465596199,0.1549428403377533,0.4753972834074527,0.49876612964033784,0,0,0,0.12,0.01,0.0,0.01,0.1,0.9,-1.2,0.0,0,0,1,0,0.675,0.32
217,1,-0.681064248085022,-0.39794981479644775,-2.87314510345459,0.41498889311905335,0.5729234637344317,0,0,0,0.12,0.01,0.0,0.01,0.1,0.9,-1.2,0.0,0,0,1,1,0.675,0.32
217,2,-0.346307635307312,0.42764270305633545,-0.08610951900482178,0.015661000660229265,0.5928699975697511,0,0,0,0.12,0.01,0.0,0.01,0.1,0.9,-1.2,0.0,0,0,1,0,0.675,0.32
217,3,-0.17890000343322754,-0.42486652731895447,-0.004576390143483877,0.4849923499578337,0.4903398505693574,0,0,0,0.12,0.01,0.0,0.01,0.1,0.9,-1.2,0.0,0,0,1,0,0.675,0.32
217,4,-0.3661756217479706,-0.09165094792842865,-0.09087096154689789,0.3292704191180086,0.5012547407178068,0,0,0,0.12,0.01,0.0,0.01,0.1,0.9,-1.2,0.0,0,0,1,0,0.675,0.32
217,5,-0.5532363057136536,0.1623164564371109,2.3423964977264404,0.3899019327315445,0.5461888346520308,0,0,0,0.12,0.01,0.0,0.01,0.1,0.9,-1.2,0.0,0,0,1,0,0.675,0.32
217,6,-0.616857647895813,-0.43570607900619507,1.6381360292434692,1.7778660995144808,-0.7778677684445346,0,0,0,0.12,0.01,0.0,0.01,0.1,0.9,-1.2,0.0,0,0,1,1,0.675,0.32
217,7,-0.8797786235809326,0.0221579410135746,2.9811084270477295,0.4922755049711421,0.49793836603105524,0,0,0,0.12,0.01,0.0,0.01,0.1,0.9,-1.2,0.0,0,0,1,0,0.675,0.32
218,0,-0.01234486699104309,0.10460209846496582,0.1557951122522354,0.4752747118977527,0.4984294473620435,0,0,0,0.12,0.01,0.0,0.01,0.1,0.9,-1.2,0.0,0,0,1,0,0.675,0.32
218,1,-0.6820158958435059,-0.39821431040763855,-2.867649555206299,0.4177984275556507,0.5703257046007213,0,0,0,0.12,0.01,0.0,0.01,0.1,0.9,-1.2,0.0,0,0,1,1,0.675,0.32
218,2,-0.34570443630218506,0.42759448289871216,-0.06989091634750366,0.012618311427270695,0.599305383183325,0,0,0,0.12,0.01,0.0,0.01,0.1,0.9,-1.2,0.0,0,0,1,0,0.675,0.32
218,3,-0.1779235452413559,-0.42487043142318726,-0.003930745646357536,0.4876400544706516,0.4867939636644191,0,0,0,0.12,0.01,0.0,0.01,0.1,0.9,-1.2,0.0,0,0,1,0,0.675,0.32
218,4,-0.36534300446510315,-0.09172409772872925,-0.08453475683927536,0.32578668092984786,0.5002967407773053,0,0,0,0.12,0.01,0.0,0.01,0.1,0.9,-1.2,0.0,0,0,1,0,0.675,0.32
218,5,-0.5538917779922485,0.16298657655715942,2.3479981422424316,0.3910863439599917,0.543903585239227,0,0,0,0.12,0.01,0.0,0.01,0.1,0.9,-1.2,0.0,0,0,1,0,0.675,0.32
218,6,-0.616857647895813,-0.434703528881073,1.489551305770874,-0.509906924900755,1.5098878514144267,0,0,0,0.12,0.01,0.0,0.01,0.1,0.9,-1.2,0.0,0,0,1,1,0.675,0.32
218,7,-0.8807564377784729,0.022316042333841324,2.981431245803833,0.4913712599430471,0.49855823729892684,0,0,0,0.12,0.01,0.0,0.01,0.1,0.9,-1.2,0.0,0,0,1,0,0.675,0.32
219,0,-0.01138247735798359,0.10475368797779083,0.1566278636455536,0.4750395711488962,0.49820062555596833,0,0,0,0.12,0.01,0.0,0.01,0.1,0.9,-1.2,0.0,0,0,1,0,0.675,0.32
219,1,-0.6829662919044495,-0.3984839618206024,-2.8620972633361816,0.4224035067239288,0.565997489007425,0,0,0,0.12,0.01,0.0,0.01,0.1,0.9,-1.2,0.0,0,0,1,1,0.675,0.32
219,2,-0.3450975716114044,0.42755764722824097,-0.050225879997015,0.04591974255599464,0.5697035527511648,0,0,0,0.12,0.01,0.0,0.01,0.1,0.9,-1.2,0.0,0,0,1,0,0.675,0.32
219,3,-0.17694804072380066,-0.42487412691116333,-0.003863394958898425,0.4864351635371929,0.4871388191784139,0,0,0,0.12,0.01,0.0,0.01,0.1,0.9,-1.2,0.0,0,0,1,0,0.675,0.32
219,4,-0.3645143210887909,-0.091791532933712,-0.07846592366695404,0.31796721086760443,0.5036487235043438,0,0,0,0.12,0.01,0.0,0.01,0.1,0.9,-1.2,0.0,0,0,1,0,0.675,0.32
219,5,-0.5545502305030823,0.1636522114276886,2.3535141944885254,0.3926518391754008,0.5412250328872823,0,0,0,0.12,0.01,0.0,0.01,0.1,0.9,-1.2,0.0,0,0,1,0,0.675,0.32
219,6,-0.616718590259552,-0.43369781970977783,1.3872764110565186,-1.1147015800804791,2.114522944960087,0,0,0,0.12,0.01,0.0,0.01,0.1,0.9,-1.2,0.0,0,0,1,1,0.675,0.32
219,7,-0.8817340731620789,0.022473836317658424,2.9816577434539795,0.4887749202303492,0.5008633487172521,0,0,0,0.12,0.01,0.0,0.01,0.1,0.9,-1.2,0.0,0,0,1,0,0.675,0.32
220,0,-0.010420666076242924,0.10490600019693375,0.15744611620903015,0.47471531588418525,0.4980557326616521,0,0,0,0.12,0.01,0.0,0.01,0.1,0.9,-1.2,0.0,0,0,1,0,0.675,0.32
220,1,-0.683915376663208,-0.3987588584423065,-2.8566949367523193,0.4277675845465114,0.5609232089677403,0,0,0,0.12,0.01,0.0,0.01,0.1,0.9,-1.2,0.0,0,0,1,1,0.675,0.32
220,2,-0.3444867730140686,0.42753371596336365,-0.029757795855402946,0.10917267021758763,0.510147722391055,0,0,0,0.12,0.01,0.0,0.01,0.1,0.9,-1.2,0.0,0,0,1,0,0.675,0.32
220,3,-0.17597343027591705,-0.42487767338752747,-0.004412083420902491,0.48108075462462574,0.491633669508675,0,0,0,0.12,0.01,0.0,0.01,0.1,0.9,-1.2,0.0,0,0,1,0,0.675,0.32
220,4,-0.36368969082832336,-0.09185352921485901,-0.07235085219144821,0.3092540154235029,0.5078052630646562,0,0,0,0.12,0.01,0.0,0.01,0.1,0.9,-1.2,0.0,0,0,1,0,0.675,0.32
220,5,-0.5552116632461548,0.164313405752182,2.358914375305176,0.3945029991434809,0.5382471067143682,0,0,0,0.12,0.01,0.0,0.01,0.1,0.9,-1.2,0.0,0,0,1,0,0.675,0.32
220,6,-0.6165329217910767,-0.4327145516872406,1.426369547843933,-0.5605867983626123,1.5595592738913293,0,0,0,0.12,0.01,0.0,0.01,0.1,0.9,-1.2,0.0,0,0,1,1,0.675,0.32
220,7,-0.8827114701271057,0.02263137325644493,2.98190975189209,0.4857778757437057,0.503562548793953,0,0,0,0.12,0.01,0.0,0.01,0.1,0.9,-1.2,0.0,0,0,1,0,0.675,0.32
221,0,-0.009459434077143669,0.10505901277065277,0.15826937556266785,0.47443444383374955,0.4978623305536101,0,0,0,0.12,0.01,0.0,0.01,0.1,0.9,-1.2,0.0,0,0,1,0,0.675,0.32
221,1,-0.6848632097244263,-0.39903897047042847,-2.85158109664917,0.4291567444867198,0.5597847461634572,0,0,0,0.12,0.01,0.0,0.01,0.1,0.9,-1.2,0.0,0,0,1,1,0.675,0.32
221,2,-0.34387198090553284,0.4275222420692444,-0.011085149832069874,0.19220333199087244,0.4305262674849881,0,0,0,0.12,0.01,0.0,0.01,0.1,0.9,-1.2,0.0,0,0,1,0,0.675,0.32
221,3,-0.1749996840953827,-0.4248812198638916,-0.00439757714048028,0.4791278866009538,0.4926701161189253,0,0,0,0.12,0.01,0.0,0.01,0.1,0.9,-1.2,0.0,0,0,1,0,0.675,0.32
221,4,-0.36286911368370056,-0.09191015362739563,-0.06587851792573929,0.30279733846023965,0.5096297650592,0,0,0,0.12,0.01,0.0,0.01,0.1,0.9,-1.2,0.0,0,0,1,0,0.675,0.32
221,5,-0.5558757781982422,0.1649702787399292,2.364171028137207,0.7935665353387994,0.15059625066812807,0,0,0,0.12,0.01,0.0,0.01,0.1,0.9,-1.2,0.0,0,0,1,0,0.675,0.32
221,6,-0.616426944732666,-0.43172040581703186,1.5314687490463257,0.596816852255406,0.3963693831724504,0,0,0,0.12,0.01,0.0,0.01,0.1,0.9,-1.2,0.0,0,0,1,1,0.675,0.32
221,7,-0.8836885690689087,0.02278856746852398,2.9823107719421387,0.4843868790834039,0.5046534360678107,0,0,0,0.12,0.01,0.0,0.01,0.1,0.9,-1.2,0.0,0,0,1,0,0.675,0.32
222,0,-0.008498787879943848,0.1052127256989479,0.15910564363002777,0.4742656879111419,0.4975522227600922,0,0,0,0.12,0.01,0.0,0.01,0.1,0.9,-1.2,0.0,0,0,1,0,0.675,0.32
222,1,-0.685809850692749,-0.399323970079422,-2.846823215484619,0.4259757691590985,0.5631684368879597,0,0,0,0.12,0.01,0.0,0.01,0.1,0.9,-1.2,0.0,0,0,1,1,0.675,0.32
222,2,-0.34325337409973145,0.42752110958099365,0.004305494949221611,0.2852744769594478,0.3404493618467046,0,0,0,0.12,0.01,0.0,0.01,0.1,0.9,-1.2,0.0,0,0,1,0,0.675,0.32
222,3,-0.17402680218219757,-0.4248846769332886,-0.0035466356202960014,0.4822084547424553,0.4886004088973763,0,0,0,0.12,0.01,0.0,0.01,0.1,0.9,-1.2,0.0,0,0,1,0,0.675,0.32
222,4,-0.3620527386665344,-0.09196123480796814,-0.058990199118852615,0.2994972827502425,0.5081994173458878,0,0,0,0.12,0.01,0.0,0.01,0.1,0.9,-1.2,0.0,0,0,1,0,0.675,0.32
222,5,-0.5565424561500549,0.16562294960021973,2.369262456893921,0.7992855360047391,0.1439333508475253,0,0,0,0.12,0.01,0.0,0.01,0.1,0.9,-1.2,0.0,0,0,1,0,0.675,0.32
222,6,-0.6164261102676392,-0.430720716714859,1.6137133836746216,1.2235930527007413,-0.2517150009429287,0,0,0,0.12,0.01,0.0,0.01,0.1,0.9,-1.2,0.0,0,0,1,1,0.675,0.32
222,7,-0.8846654891967773,0.02294524572789669,2.9829061031341553,0.48505485397383663,0.5036837424655249,0,0,0,0.12,0.01,0.0,0.01,0.1,0.9,-1.2,0.0,0,0,1,0,0.675,0.32
223,0,-0.007538735866546631,0.10536714643239975,0.1599411964416504,0.4741581540640305,0.4971762437287856,0,0,0,0.12,0.01,0.0,0.01,0.1,0.9,-1.2,0.0,0,0,1,0,0.675,0.32
223,1,-0.686755359172821,-0.3996136486530304,-2.842209577560425,0.4212972842072199,0.5680218018676093,0,0,0,0.12,0.01,0.0,0.01,0.1,0.9,-1.2,0.0,0,0,1,1,0.675,0.32
223,2,-0.34263136982917786,0.4275273382663727,0.013596673496067524,0.3724762138214459,0.2559248272094378,0,0,0,0.12,0.01,0.0,0.01,0.1,0.9,-1.2,0.0,0,0,1,0,0.675,0.32
223,3,-0.17305482923984528,-0.4248877167701721,-0.0029407294932752848,0.4837419923372581,0.48602349199578015,0,0,0,0.12,0.01,0.0,0.01,0.1,0.9,-1.2,0.0,0,0,1,0,0.675,0.32
223,4,-0.3612406551837921,-0.09200652688741684,-0.05182250961661339,0.29793233361738647,0.5048866203735499,0,0,0,0.12,0.01,0.0,0.01,0.1,0.9,-1.2,0.0,0,0,1,0,0.675,0.32
223,5,-0.557214081287384,0.16628332436084747,2.3522162437438965,0.6900905842619353,0.25239433099456504,0,0,0,0.12,0.01,0.0,0.01,0.1,0.9,-1.2,0.0,0,0,1,0,0.675,0.32
223,6,-0.6164839267730713,-0.42972925305366516,1.6228364706039429,1.2765335535027205,-0.36739159574286334,0,0,0,0.12,0.01,0.0,0.01,0.1,0.9,-1.2,0.0,0,0,1,1,0.675,0.32
223,7,-0.8856422305107117,0.023101232945919037,2.9836113452911377,0.4866401402293225,0.501792207545183,0,0,0,0.12,0.01,0.0,0.01,0.1,0.9,-1.2,0.0,0,0,1,0,0.675,0.32
224,0,-0.006579285487532616,0.10552229732275009,0.16076423227787018,0.47413658158660943,0.4967138860952753,0,0,0,0.12,0.01,0.0,0.01,0.1,0.9,-1.2,0.0,0,0,1,0,0.675,0.32
224,1,-0.6876997351646423,-0.39990782737731934,-2.8374292850494385,0.41915908459203893,0.5703386962078267,0,0,0,0.12,0.01,0.0,0.01,0.1,0.9,-1.2,0.0,0,0,1,1,0.675,0.32
224,2,-0.3420063555240631,0.4275374710559845,0.016894791275262833,0.4461587082750748,0.18483865147758027,0,0,0,0.12,0.01,0.0,0.01,0.1,0.9,-1.2,0.0,0,0,1,0,0.675,0.32
224,3,-0.17208382487297058,-0.42489033937454224,-0.003344596829265356,0.4790352108447437,0.4896691319973583,0,0,0,0.12,0.01,0.0,0.01,0.1,0.9,-1.2,0.0,0,0,1,0,0.675,0.32
224,4,-0.3604329526424408,-0.09204580634832382,-0.04453052580356598,0.2965866099829593,0.5011947382454952,0,0,0,0.12,0.01,0.0,0.01,0.1,0.9,-1.2,0.0,0,0,1,0,0.675,0.32
224,5,-0.5578715801239014,0.1669599711894989,2.329292058944702,0.548620966546802,0.393060716516705,0,0,0,0.12,0.01,0.0,0.01,0.1,0.9,-1.2,0.0,0,0,1,0,0.675,0.32
224,6,-0.616523802280426,-0.4287548363208771,1.5799272060394287,1.203452910443613,-0.4310947313512056,0,0,0,0.12,0.01,0.0,0.01,0.1,0.9,-1.2,0.0,0,0,1,1,0.675,0.32
224,7,-0.8866187930107117,0.02325647510588169,2.984287977218628,0.4879085147896503,0.5002061402282024,0,0,0,0.12,0.01,0.0,0.01,0.1,0.9,-1.2,0.0,0,0,1,0,0.675,0.32
225,0,-0.005620442796498537,0.10567817836999893,0.16158060729503632,0.4742733384338846,0.4960938547881613,0,0,0,0.12,0.01,0.0,0.01,0.1,0.9,-1.2,0.0,0,0,1,0,0.675,0.32
225,1,-0.6886427998542786,-0.40020665526390076,-2.8323349952697754,0.42340274385472554,0.5662854141805528,0,0,0,0.12,0.01,0.0,0.01,0.1,0.9,-1.2,0.0,0,0,1,1,0.675,0.32
225,2,-0.3413785994052887,0.4275479018688202,0.014094050042331219,0.49876265490919125,0.134928417554798,0,0,0,0.12,0.01,0.0,0.01,0.1,0.9,-1.2,0.0,0,0,1,0,0.675,0.32
225,3,-0.17111384868621826,-0.42489275336265564,-0.003523960243910551,0.47527454235554034,0.49236997029781043,0,0,0,0.12,0.01,0.0,0.01,0.1,0.9,-1.2,0.0,0,0,1,0,0.675,0.32
225,4,-0.3596298396587372,-0.09207893908023834,-0.03721171244978905,0.2950828721009047,0.4974562476195542,0,0,0,0.12,0.01,0.0,0.01,0.1,0.9,-1.2,0.0,0,0,1,0,0.675,0.32
225,5,-0.5585138201713562,0.1676499992609024,2.312391996383667,0.43811924293395776,0.5026197926724265,0,0,0,0.12,0.01,0.0,0.01,0.1,0.9,-1.2,0.0,0,0,1,0,0.675,0.32
225,6,-0.6165101528167725,-0.4278331995010376,1.5233772993087769,1.3309340202520081,-0.7746748053739259,0,0,0,0.12,0.01,0.0,0.01,0.1,0.9,-1.2,0.0,0,0,1,1,0.675,0.32
225,7,-0.8875951170921326,0.023411039263010025,2.9848556518554688,0.4877855602590501,0.4999962028177321,0,0,0,0.12,0.01,0.0,0.01,0.1,0.9,-1.2,0.0,0,0,1,0,0.675,0.32
226,0,-0.00466220872476697,0.10583478212356567,0.16239206492900848,0.47459133758231997,0.4952933560402691,0,0,0,0.12,0.01,0.0,0.01,0.1,0.9,-1.2,0.0,0,0,1,0,0.675,0.32
226,1,-0.689584493637085,-0.4005102813243866,-2.8270490169525146,0.4373452266318168,0.5525286594765816,0,0,0,0.12,0.01,0.0,0.01,0.1,0.9,-1.2,0.0,0,0,1,1,0.675,0.32
226,2,-0.3407481610774994,0.42755502462387085,0.005984912626445293,0.5262053823759967,0.11036179301233953,0,0,0,0.12,0.01,0.0,0.01,0.1,0.9,-1.2,0.0,0,0,1,0,0.675,0.32
226,3,-0.1701449304819107,-0.4248950183391571,-0.0026858458295464516,0.47671276628611636,0.48987078369023246,0,0,0,0.12,0.01,0.0,0.01,0.1,0.9,-1.2,0.0,0,0,1,0,0.675,0.32
226,4,-0.3588314950466156,-0.09210588037967682,-0.02996481955051422,0.29434873686215085,0.4925988115272841,0,0,0,0.12,0.01,0.0,0.01,0.1,0.9,-1.2,0.0,0,0,1,0,0.675,0.32
226,5,-0.5591464638710022,0.16834771633148193,2.304940938949585,0.37697909246699307,0.5627500020383169,0,0,0,0.12,0.01,0.0,0.01,0.1,0.9,-1.2,0.0,0,0,1,0,0.675,0.32
226,6,-0.6164516806602478,-0.427035391330719,1.4659292697906494,1.9590424716225532,-1.6355830549946693,0,0,0,0.12,0.01,0.0,0.01,0.1,0.9,-1.2,0.0,0,0,1,1,0.675,0.32
226,7,-0.8885712027549744,0.02356504276394844,2.985318422317505,0.4857042130146515,0.5017257038440216,0,0,0,0.12,0.01,0.0,0.01,0.1,0.9,-1.2,0.0,0,0,1,0,0.675,0.32
227,0,-0.003704579547047615,0.10599207878112793,0.16317962110042572,0.47498175116895064,0.4944207408774055,0,0,0,0.12,0.01,0.0,0.01,0.1,0.9,-1.2,0.0,0,0,1,0,0.675,0.32
227,1,-0.6905248761177063,-0.40081876516342163,-2.821964740753174,0.4621172064166687,0.5279152280468322,0,0,0,0.12,0.01,0.0,0.01,0.1,0.9,-1.2,0.0,0,0,1,1,0.675,0.32
227,2,-0.3401149809360504,0.42755556106567383,-0.006285796407610178,0.5263743737073042,0.11321773740338298,0,0,0,0.12,0.01,0.0,0.01,0.1,0.9,-1.2,0.0,0,0,1,0,0.675,0.32
227,3,-0.1691770851612091,-0.42489686608314514,-0.0015883418964222074,0.47851958612341194,0.4869898285494396,0,0,0,0.12,0.01,0.0,0.01,0.1,0.9,-1.2,0.0,0,0,1,0,0.675,0.32
227,4,-0.35803818702697754,-0.09212671220302582,-0.02288762666285038,0.29564665104087534,0.48518015598121933,0,0,0,0.12,0.01,0.0,0.01,0.1,0.9,-1.2,0.0,0,0,1,0,0.675,0.32
227,5,-0.5597760677337646,0.16904687881469727,2.305666208267212,0.35798702102384183,0.5807106747082749,0,0,0,0.12,0.01,0.0,0.01,0.1,0.9,-1.2,0.0,0,0,1,0,0.675,0.32
227,6,-0.6163736581802368,-0.42643532156944275,1.3951293230056763,3.0593931890034574,-2.9029192096495526,0,0,0,0.12,0.01,0.0,0.01,0.1,0.9,-1.2,0.0,0,0,1,1,0.675,0.32
227,7,-0.8895470499992371,0.023718563839793205,2.9857587814331055,0.4817471114599342,0.5053083690202598,0,0,0,0.12,0.01,0.0,0.01,0.1,0.9,-1.2,0.0,0,0,1,0,0.675,0.32
228,0,-0.0027475475799292326,0.10615003854036331,0.1639215648174286,0.4753193618140439,0.4936010478653689,0,0,0,0.12,0.01,0.0,0.01,0.1,0.9,-1.2,0.0,0,0,1,0,0.675,0.32
228,1,-0.6914639472961426,-0.40113168954849243,-2.817716121673584,0.4943778052787576,0.49577312321855693,0,0,0,0.12,0.01,0.0,0.01,0.1,0.9,-1.2,0.0,0,0,1,1,0.675,0.32
228,2,-0.3394790291786194,0.4275471270084381,-0.020559919998049736,0.5022355283557794,0.1403778825939276,0,0,0,0.12,0.01,0.0,0.01,0.1,0.9,-1.2,0.0,0,0,1,0,0.675,0.32
228,3,-0.16821028292179108,-0.4248981475830078,-0.002131148474290967,0.4694137624302861,0.49499713863935507,0,0,0,0.12,0.01,0.0,0.01,0.1,0.9,-1.2,0.0,0,0,1,0,0.675,0.32
228,4,-0.35725027322769165,-0.09214165806770325,-0.016004621982574463,0.2997209435843288,0.474347650394553,0,0,0,0.12,0.01,0.0,0.01,0.1,0.9,-1.2,0.0,0,0,1,0,0.675,0.32
228,5,-0.5604076981544495,0.16974297165870667,2.311347484588623,0.36397187530712666,0.5736724275378746,0,0,0,0.12,0.01,0.0,0.01,0.1,0.9,-1.2,0.0,0,0,1,0,0.675,0.32
228,6,-0.6162974834442139,-0.4260639250278473,1.2790061235427856,3.673745303748419,-3.5808308714612025,0,0,0,0.12,0.01,0.0,0.01,0.1,0.9,-1.2,0.0,0,0,1,1,0.675,0.32
228,7,-0.8905225992202759,0.023871567100286484,2.9863057136535645,0.47668179919090614,0.5099751646343197,0,0,0,0.12,0.01,0.0,0.01,0.1,0.9,-1.2,0.0,0,0,1,0,0.675,0.32
229,0,-0.0017911044415086508,0.10630860179662704,0.16461792588233948,0.4756144139189881,0.49282355576561265,0,0,0,0.12,0.01,0.0,0.01,0.1,0.9,-1.2,0.0,0,0,1,0,0.675,0.32
229,1,-0.6924020051956177,-0.40144816040992737,-2.8150479793548584,0.5248784066652143,0.46535561070691706,0,0,0,0.12,0.01,0.0,0.01,0.1,0.9,-1.2,0.0,0,0,1,1,0.675,0.32
229,2,-0.3388402760028839,0.42752891778945923,-0.03511466085910797,0.45831684438471987,0.18714727791065974,0,0,0,0.12,0.01,0.0,0.01,0.1,0.9,-1.2,0.0,0,0,1,0,0.675,0.32
229,3,-0.167244553565979,-0.42489901185035706,-0.002754022367298603,0.45897190912255426,0.5043080534171186,0,0,0,0.12,0.01,0.0,0.01,0.1,0.9,-1.2,0.0,0,0,1,0,0.675,0.32
229,4,-0.3564682602882385,-0.09215109050273895,-0.009295844472944736,0.30598797686694973,0.46076474301220066,0,0,0,0.12,0.01,0.0,0.01,0.1,0.9,-1.2,0.0,0,0,1,0,0.675,0.32
229,5,-0.5610435605049133,0.17043374478816986,2.3189175128936768,0.3791986224376744,0.5573661210811549,0,0,0,0.12,0.01,0.0,0.01,0.1,0.9,-1.2,0.0,0,0,1,0,0.675,0.32
229,6,-0.6162373423576355,-0.4258679151535034,1.0851811170578003,3.495968258109027,-3.372299639608794,0,0,0,0.12,0.01,0.0,0.01,0.1,0.9,-1.2,0.0,0,0,1,1,0.675,0.32
229,7,-0.8914979100227356,0.024023888632655144,2.987090826034546,0.47196579234303665,0.5142728660851555,0,0,0,0.12,0.01,0.0,0.01,0.1,0.9,-1.2,0.0,0,0,1,0,0.675,0.32
230,0,-0.000835242448374629,0.10646771639585495,0.16528145968914032,0.4759438617746637,0.4920108334500983,0,0,0,0.12,0.01,0.0,0.01,0.1,0.9,-1.2,0.0,0,0,1,0,0.675,0.32
230,1,-0.6933395862579346,-0.4017663300037384,-2.814540147781372,0.5431572541411295,0.44714536817713824,0,0,0,0.12,0.01,0.0,0.01,0.1,0.9,-1.2,0.0,0,0,1,1,0.675,0.32
230,2,-0.33819884061813354,0.42750149965286255,-0.048156436532735825,0.4020553121127819,0.24596453814127697,0,0,0,0.12,0.01,0.0,0.01,0.1,0.9,-1.2,0.0,0,0,1,0,0.675,0.32
230,3,-0.16627992689609528,-0.42489945888519287,0.0020896578207612038,0.4801723047211497,0.48195085087272244,0,0,0,0.12,0.01,0.0,0.01,0.1,0.9,-1.2,0.0,0,0,1,0,0.675,0.32
230,4,-0.35569286346435547,-0.09215553849935532,-0.002895358018577099,0.31206237705108897,0.44703615276458486,0,0,0,0.12,0.01,0.0,0.01,0.1,0.9,-1.2,0.0,0,0,1,0,0.675,0.32
230,5,-0.5616841912269592,0.17111873626708984,2.326381206512451,0.39387703648308053,0.5415912795951056,0,0,0,0.12,0.01,0.0,0.01,0.1,0.9,-1.2,0.0,0,0,1,0,0.675,0.32
230,6,-0.6161855459213257,-0.4257468283176422,0.8374373912811279,2.959462694085061,-2.7562119133834235,0,0,0,0.12,0.01,0.0,0.01,0.1,0.9,-1.2,0.0,0,0,1,1,0.675,0.32
230,7,-0.8924729824066162,0.024175254628062248,2.9882023334503174,0.46898900346877737,0.5168188325869784,0,0,0,0.12,0.01,0.0,0.01,0.1,0.9,-1.2,0.0,0,0,1,0,0.675,0.32
231,0,0.0001200435945065692,0.10662735253572464,0.16591115295886993,0.47628639368511616,0.49118347735904283,0,0,0,0.12,0.01,0.0,0.01,0.1,0.9,-1.2,0.0,0,0,1,0,0.675,0.32
231,1,-0.6942775249481201,-0.40208396315574646,-2.8162081241607666,0.54614470065597,0.4442377322816521,0,0,0,0.12,0.01,0.0,0.01,0.1,0.9,-1.2,0.0,0,0,1,1,0.675,0.32
231,2,-0.3375549018383026,0.42746657133102417,-0.05828128010034561,0.3418179187458083,0.30843519833869487,0,0,0,0.12,0.01,0.0,0.01,0.1,0.9,-1.2,0.0,0,0,1,0,0.675,0.32
231,3,-0.1653164178133011,-0.4248988628387451,0.0015896698459982872,0.47067218152028173,0.4902910080816164,0,0,0,0.12,0.01,0.0,0.01,0.1,0.9,-1.2,0.0,0,0,1,0,0.675,0.32
231,4,-0.35492464900016785,-0.0921555832028389,0.0030691809952259064,0.3155489802235549,0.4357301950579697,0,0,0,0.12,0.01,0.0,0.01,0.1,0.9,-1.2,0.0,0,0,1,0,0.675,0.32
231,5,-0.5623288750648499,0.17179839313030243,2.3328678607940674,0.40387000013476015,0.5304955704104364,0,0,0,0.12,0.01,0.0,0.01,0.1,0.9,-1.2,0.0,0,0,1,0,0.675,0.32
231,6,-0.6161000728607178,-0.42564132809638977,0.5919584035873413,2.401932499343504,-2.115434071952452,0,0,0,0.12,0.01,0.0,0.01,0.1,0.9,-1.2,0.0,0,0,1,1,0.675,0.32
231,7,-0.8934478163719177,0.024325335398316383,2.9896349906921387,0.46793591218923164,0.5174319819834369,0,0,0,0.12,0.01,0.0,0.01,0.1,0.9,-1.2,0.0,0,0,1,0,0.675,0.32
232,0,0.0010747570777311921,0.10678748041391373,0.1664937287569046,0.47654565008483074,0.49043719140686853,0,0,0,0.12,0.01,0.0,0.01,0.1,0.9,-1.2,0.0,0,0,1,0,0.675,0.32
232,1,-0.6952162981033325,-0.4023991823196411,-2.8193328380584717,0.5401106651685582,0.4503794137575282,0,0,0,0.12,0.01,0.0,0.01,0.1,0.9,-1.2,0.0,0,0,1,1,0.675,0.32
232,2,-0.33690863847732544,0.42742639780044556,-0.06457199901342392,0.28539986675020873,0.3668249123788196,0,0,0,0.12,0.01,0.0,0.01,0.1,0.9,-1.2,0.0,0,0,1,0,0.675,0.32
232,3,-0.16435407102108002,-0.42489707469940186,0.0022830625530332327,0.46886393751041705,0.4909699824915666,0,0,0,0.12,0.01,0.0,0.01,0.1,0.9,-1.2,0.0,0,0,1,0,0.675,0.32
232,4,-0.3541640341281891,-0.09215178340673447,0.008023962378501892,0.31325473358601685,0.43008403012781976,0,0,0,0.12,0.01,0.0,0.01,0.1,0.9,-1.2,0.0,0,0,1,0,0.675,0.32
232,5,-0.5629767775535583,0.17247344553470612,2.3382785320281982,0.018767899718931738,0.898947470936128,0,0,0,0.12,0.01,0.0,0.01,0.1,0.9,-1.2,0.0,0,0,1,0,0.675,0.32
232,6,-0.615932285785675,-0.4255523979663849,0.38306909799575806,0.9074762361569937,-0.48702700906234336,0,0,0,0.12,0.01,0.0,0.01,0.1,0.9,-1.2,0.0,0,0,1,1,0.675,0.32
232,7,-0.8944224715232849,0.02447384223341942,2.991286039352417,0.4677789065931043,0.5171381380464831,0,0,0,0.12,0.01,0.0,0.01,0.1,0.9,-1.2,0.0,0,0,1,0,0.675,0.32
233,0,0.002028901129961014,0.10694807022809982,0.1670289784669876,0.4767071705744834,0.48978554192322776,0,0,0,0.12,0.01,0.0,0.01,0.1,0.9,-1.2,0.0,0,0,1,0,0.675,0.32
233,1,-0.6961562633514404,-0.40271109342575073,-2.8228793144226074,0.5336842938955562,0.4569416240159734,0,0,0,0.12,0.01,0.0,0.01,0.1,0.9,-1.2,0.0,0,0,1,1,0.675,0.32
233,2,-0.33626025915145874,0.4273833632469177,-0.06663691997528076,0.23892855299645666,0.41511673079794636,0,0,0,0.12,0.01,0.0,0.01,0.1,0.9,-1.2,0.0,0,0,1,0,0.675,0.32
233,3,-0.16339288651943207,-0.4248950183391571,0.0034418338909745216,0.46961722259839356,0.4891283165899914,0,0,0,0.12,0.01,0.0,0.01,0.1,0.9,-1.2,0.0,0,0,1,0,0.675,0.32
233,4,-0.3534111976623535,-0.09214458614587784,0.012114452198147774,0.30565031449416274,0.4296251328744591,0,0,0,0.12,0.01,0.0,0.01,0.1,0.9,-1.2,0.0,0,0,1,0,0.675,0.32
233,5,-0.563627302646637,0.17314448952674866,2.3428831100463867,0.021007314316872673,0.8955300301388464,0,0,0,0.12,0.01,0.0,0.01,0.1,0.9,-1.2,0.0,0,0,1,0,0.675,0.32
233,6,-0.6156713962554932,-0.42549028992652893,0.21678116917610168,0.47635858481364557,-0.024758301429322414,0,0,0,0.12,0.01,0.0,0.01,0.1,0.9,-1.2,0.0,0,0,1,1,0.675,0.32
233,7,-0.8953969478607178,0.024620601907372475,2.9930224418640137,0.4674499612194374,0.5170037169116662,0,0,0,0.12,0.01,0.0,0.01,0.1,0.9,-1.2,0.0,0,0,1,0,0.675,0.32
234,0,0.002982478588819504,0.10710909962654114,0.16753347218036652,0.4768449761668231,0.4891550443371747,0,0,0,0.12,0.01,0.0,0.01,0.1,0.9,-1.2,0.0,0,0,1,0,0.675,0.32
234,1,-0.6970973610877991,-0.40301981568336487,-2.826125383377075,0.5310552432535554,0.45974704480186457,0,0,0,0.12,0.01,0.0,0.01,0.1,0.9,-1.2,0.0,0,0,1,1,0.675,0.32
234,2,-0.33560988306999207,0.4273400902748108,-0.06458963453769684,0.20709722504870276,0.4486714078400912,0,0,0,0.12,0.01,0.0,0.01,0.1,0.9,-1.2,0.0,0,0,1,0,0.675,0.32
234,3,-0.16243281960487366,-0.42489227652549744,0.00395197281613946,0.46708570422091766,0.4906362444027396,0,0,0,0.12,0.01,0.0,0.01,0.1,0.9,-1.2,0.0,0,0,1,0,0.675,0.32
234,4,-0.35266634821891785,-0.0921342745423317,0.016068177297711372,0.2946272514353452,0.4326297022809329,0,0,0,0.12,0.01,0.0,0.01,0.1,0.9,-1.2,0.0,0,0,1,0,0.675,0.32
234,5,-0.5642755627632141,0.17379887402057648,2.3684945106506348,0.12283834176575517,0.7929524545141521,0,0,0,0.12,0.01,0.0,0.01,0.1,0.9,-1.2,0.0,0,0,1,0,0.675,0.32
234,6,-0.6152873635292053,-0.4254281520843506,0.14516113698482513,0.3174911912121861,0.1578358237109096,0,0,0,0.12,0.01,0.0,0.01,0.1,0.9,-1.2,0.0,0,0,1,1,0.675,0.32
234,7,-0.8963711857795715,0.024765562266111374,2.9947667121887207,0.46657019697259605,0.517409922255767,0,0,0,0.12,0.01,0.0,0.01,0.1,0.9,-1.2,0.0,0,0,1,0,0.675,0.32
235,0,0.003935492131859064,0.10727051645517349,0.16801577806472778,0.47693079708067365,0.4885696768954616,0,0,0,0.12,0.01,0.0,0.01,0.1,0.9,-1.2,0.0,0,0,1,0,0.675,0.32
235,1,-0.6980395317077637,-0.40332579612731934,-2.8289217948913574,0.5326844142927634,0.45830884704451696,0,0,0,0.12,0.01,0.0,0.01,0.1,0.9,-1.2,0.0,0,0,1,1,0.675,0.32
235,2,-0.334957480430603,0.4272991120815277,-0.059042464941740036,0.1932567940131385,0.4641644372566979,0,0,0,0.12,0.01,0.0,0.01,0.1,0.9,-1.2,0.0,0,0,1,0,0.675,0.32
235,3,-0.16147387027740479,-0.4248887896537781,0.00405481131747365,0.46269355981153976,0.49403030903535355,0,0,0,0.12,0.01,0.0,0.01,0.1,0.9,-1.2,0.0,0,0,1,0,0.675,0.32
235,4,-0.35192957520484924,-0.09212087094783783,0.020377444103360176,0.2829406596262893,0.43630709876223,0,0,0,0.12,0.01,0.0,0.01,0.1,0.9,-1.2,0.0,0,0,1,0,0.675,0.32
235,5,-0.5649408102035522,0.17442983388900757,2.399240016937256,0.25213539110911987,0.6628406692813525,0,0,0,0.12,0.01,0.0,0.01,0.1,0.9,-1.2,0.0,0,0,1,0,0.675,0.32
235,6,-0.6148464679718018,-0.425372451543808,0.12192103266716003,0.2905520406259506,0.20723936886654212,0,0,0,0.12,0.01,0.0,0.01,0.1,0.9,-1.2,0.0,0,0,1,1,0.675,0.32
235,7,-0.8973453044891357,0.024908728897571564,2.9965155124664307,0.4651267832972015,0.5183770948194062,0,0,0,0.12,0.01,0.0,0.01,0.1,0.9,-1.2,0.0,0,0,1,0,0.675,0.32
236,0,0.004887944553047419,0.1074322983622551,0.16846705973148346,0.47689397526856825,0.4880993227851732,0,0,0,0.12,0.01,0.0,0.01,0.1,0.9,-1.2,0.0,0,0,1,0,0.675,0.32
236,1,-0.6989826560020447,-0.4036294221878052,-2.8314743041992188,0.5362721219186606,0.45491598700239033,0,0,0,0.12,0.01,0.0,0.01,0.1,0.9,-1.2,0.0,0,0,1,1,0.675,0.32
236,2,-0.334303081035614,0.42726269364356995,-0.05100191757082939,0.1979193809210432,0.4611055133164751,0,0,0,0.12,0.01,0.0,0.01,0.1,0.9,-1.2,0.0,0,0,1,0,0.675,0.32
236,3,-0.1605159491300583,-0.4248846471309662,0.00481654517352581,0.46241293608604894,0.49331982672751923,0,0,0,0.12,0.01,0.0,0.01,0.1,0.9,-1.2,0.0,0,0,1,0,0.675,0.32
236,4,-0.3512009084224701,-0.09210421144962311,0.025188779458403587,0.27156122486267925,0.43967501361693495,0,0,0,0.12,0.01,0.0,0.01,0.1,0.9,-1.2,0.0,0,0,1,0,0.675,0.32
236,5,-0.5656238198280334,0.175040140748024,2.4242053031921387,0.3562011753409623,0.5577285851151229,0,0,0,0.12,0.01,0.0,0.01,0.1,0.9,-1.2,0.0,0,0,1,0,0.675,0.32
236,6,-0.6143797039985657,-0.42531847953796387,0.11413703858852386,0.3053161525146501,0.21423542266921836,0,0,0,0.12,0.01,0.0,0.01,0.1,0.9,-1.2,0.0,0,0,1,1,0.675,0.32
236,7,-0.8983191251754761,0.025050098076462746,2.9983017444610596,0.46355055416512914,0.5194760099561171,0,0,0,0.12,0.01,0.0,0.01,0.1,0.9,-1.2,0.0,0,0,1,0,0.675,0.32
237,0,0.00583983538672328,0.10759441554546356,0.1688857525587082,0.4767351903472622,0.4877438984360019,0,0,0,0.12,0.01,0.0,0.01,0.1,0.9,-1.2,0.0,0,0,1,0,0.675,0.32
237,1,-0.6999266743659973,-0.4039307236671448,-2.8340747356414795,0.5394024275102652,0.45198291318034767,0,0,0,0.12,0.01,0.0,0.01,0.1,0.9,-1.2,0.0,0,0,1,1,0.675,0.32
237,2,-0.333646684885025,0.4272322654724121,-0.041723161935806274,0.21886067693401332,0.44170309002231606,0,0,0,0.12,0.01,0.0,0.01,0.1,0.9,-1.2,0.0,0,0,1,0,0.675,0.32
237,3,-0.15955904126167297,-0.42487969994544983,0.006229004822671413,0.46628041441159185,0.4884674412517078,0,0,0,0.12,0.01,0.0,0.01,0.1,0.9,-1.2,0.0,0,0,1,0,0.675,0.32
237,4,-0.3504803478717804,-0.09208405762910843,0.030457383021712303,0.26036381415688525,0.44285542078650464,0,0,0,0.12,0.01,0.0,0.01,0.1,0.9,-1.2,0.0,0,0,1,0,0.675,0.32
237,5,-0.5663191080093384,0.17563509941101074,2.4404489994049072,0.4196974872085151,0.4930380941894952,0,0,0,0.12,0.01,0.0,0.01,0.1,0.9,-1.2,0.0,0,0,1,0,0.675,0.32
237,6,-0.6138898134231567,-0.4252636432647705,0.11073815077543259,0.3325183019497109,0.20805767919042584,0,0,0,0.12,0.01,0.0,0.01,0.1,0.9,-1.2,0.0,0,0,1,1,0.675,0.32
237,7,-0.8992927670478821,0.025189630687236786,3.00016450881958,0.4622379346918162,0.5203086332250538,0,0,0,0.12,0.01,0.0,0.01,0.1,0.9,-1.2,0.0,0,0,1,0,0.675,0.32
238,0,0.006791161838918924,0.1077568307518959,0.16928941011428833,0.47657169117425724,0.4873868106415386,0,0,0,0.12,0.01,0.0,0.01,0.1,0.9,-1.2,0.0,0,0,1,0,0.675,0.32
238,1,-0.7008717060089111,-0.4042295515537262,-2.836892604827881,0.5407501297702523,0.4508339328060417,0,0,0,0.12,0.01,0.0,0.01,0.1,0.9,-1.2,0.0,0,0,1,1,0.675,0.32
238,2,-0.3329884111881256,0.4272082448005676,-0.032468702644109726,0.2519776988194491,0.41002885816831336,0,0,0,0.12,0.01,0.0,0.01,0.1,0.9,-1.2,0.0,0,0,1,0,0.675,0.32
238,3,-0.15860313177108765,-0.4248736798763275,0.007355571258813143,0.4692517687670058,0.4845171998151475,0,0,0,0.12,0.01,0.0,0.01,0.1,0.9,-1.2,0.0,0,0,1,0,0.675,0.32
238,4,-0.34976789355278015,-0.09206022322177887,0.036211006343364716,0.24947121258461516,0.44571498517310576,0,0,0,0.12,0.01,0.0,0.01,0.1,0.9,-1.2,0.0,0,0,1,0,0.675,0.32
238,5,-0.5670208930969238,0.17622075974941254,2.4489991664886475,0.4471611819314274,0.46432103299624594,0,0,0,0.12,0.01,0.0,0.01,0.1,0.9,-1.2,0.0,0,0,1,0,0.675,0.32
238,6,-0.6133778095245361,-0.42520755529403687,0.10761482268571854,0.36004810288402883,0.20081139847781806,0,0,0,0.12,0.01,0.0,0.01,0.1,0.9,-1.2,0.0,0,0,1,1,0.675,0.32
238,7,-0.9002662301063538,0.02532726339995861,3.002119302749634,0.46139477930240114,0.5206668452245764,0,0,0,0.12,0.01,0.0,0.01,0.1,0.9,-1.2,0.0,0,0,1,0,0.675,0.32
239,0,0.007741918787360191,0.10791952908039093,0.16969336569309235,0.47651705880319445,0.48691549162710346,0,0,0,0.12,0.01,0.0,0.01,0.1,0.9,-1.2,0.0,0,0,1,0,0.675,0.32
239,1,-0.7018178105354309,-0.4045255780220032,-2.8399295806884766,0.5403500409171704,0.45143316077731815,0,0,0,0.12,0.01,0.0,0.01,0.1,0.9,-1.2,0.0,0,0,1,1,0.675,0.32
239,2,-0.3323283791542053,0.42718997597694397,-0.024341056123375893,0.2918851105908564,0.37144222572048385,0,0,0,0.12,0.01,0.0,0.01,0.1,0.9,-1.2,0.0,0,0,1,0,0.675,0.32
239,3,-0.1576482206583023,-0.4248667061328888,0.00789525918662548,0.4695692234037949,0.4832270569802688,0,0,0,0.12,0.01,0.0,0.01,0.1,0.9,-1.2,0.0,0,0,1,0,0.675,0.32
239,4,-0.34906360507011414,-0.0920325517654419,0.0425243079662323,0.23920139952736716,0.4479297073261179,0,0,0,0.12,0.01,0.0,0.01,0.1,0.9,-1.2,0.0,0,0,1,0,0.675,0.32
239,5,-0.5677250623703003,0.17680178582668304,2.452483892440796,0.4511320611694262,0.4590767005226209,0,0,0,0.12,0.01,0.0,0.01,0.1,0.9,-1.2,0.0,0,0,1,0,0.675,0.32
239,6,-0.6128445267677307,-0.42515093088150024,0.1034834161400795,0.3828798506973763,0.1975451733352165,0,0,0,0.12,0.01,0.0,0.01,0.1,0.9,-1.2,0.0,0,0,1,1,0.675,0.32
239,7,-0.9012394547462463,0.025462916120886803,3.004153251647949,0.4610024036538206,0.52056748255376,0,0,0,0.12,0.01,0.0,0.01,0.1,0.9,-1.2,0.0,0,0,1,0,0.675,0.32
240,0,0.008692101575434208,0.10808251053094864,0.1700907051563263,0.4765489947571728,0.4863526571021106,0,0,0,0.12,0.01,0.0,0.01,0.1,0.9,-1.2,0.0,0,0,1,0,0.675,0.32
240,1,-0.7027651071548462,-0.404818594455719,-2.8430795669555664,0.5390823574769393,0.4528994468939407,0,0,0,0.12,0.01,0.0,0.01,0.1,0.9,-1.2,0.0,0,0,1,1,0.675,0.32
240,2,-0.33166682720184326,0.427176296710968,-0.01827317290008068,0.3330195238206689,0.33150449494382694,0,0,0,0.12,0.01,0.0,0.01,0.1,0.9,-1.2,0.0,0,0,1,0,0.675,0.32
240,3,-0.15669429302215576,-0.4248589873313904,0.008340978994965553,0.46981061212443326,0.48201965578175565,0,0,0,0.12,0.01,0.0,0.01,0.1,0.9,-1.2,0.0,0,0,1,0,0.675,0.32
240,4,-0.3483675420284271,-0.09200084954500198,0.0493658110499382,0.22949367863110778,0.4495590915066791,0,0,0,0.12,0.01,0.0,0.01,0.1,0.9,-1.2,0.0,0,0,1,0,0.675,0.32
240,5,-0.5684292912483215,0.17738077044487,2.4534926414489746,0.44396411546043685,0.46496076218314836,0,0,0,0.12,0.01,0.0,0.01,0.1,0.9,-1.2,0.0,0,0,1,0,0.675,0.32
240,6,-0.612290620803833,-0.42509469389915466,0.09812861680984497,0.39917127977584005,0.200123084676522,0,0,0,0.12,0.01,0.0,0.01,0.1,0.9,-1.2,0.0,0,0,1,1,0.675,0.32
240,7,-0.9022125005722046,0.025596516206860542,3.0062355995178223,0.4608862393362206,0.5201838023202735,0,0,0,0.12,0.01,0.0,0.01,0.1,0.9,-1.2,0.0,0,0,1,0,0.675,0.32
241,0,0.009641703218221664,0.10824576765298843,0.17046597599983215,0.47659765794989367,0.4857687441993068,0,0,0,0.12,0.01,0.0,0.01,0.1,0.9,-1.2,0.0,0,0,1,0,0.675,0.32
241,1,-0.7037134766578674,-0.40510863065719604,-2.8462188243865967,0.5379720885204002,0.4542069476200416,0,0,0,0.12,0.01,0.0,0.01,0.1,0.9,-1.2,0.0,0,0,1,1,0.675,0.32
241,2,-0.3310038447380066,0.42716556787490845,-0.01496117189526558,0.369916091013438,0.29570125575017286,0,0,0,0.12,0.01,0.0,0.01,0.1,0.9,-1.2,0.0,0,0,1,0,0.675,0.32
241,3,-0.15574133396148682,-0.42485079169273376,0.00903135072439909,0.47160125261234803,0.4792699765594049,0,0,0,0.12,0.01,0.0,0.01,0.1,0.9,-1.2,0.0,0,0,1,0,0.675,0.32
241,4,-0.3476797342300415,-0.09196483343839645,0.056619513779878616,0.22000268348722948,0.4509505902859638,0,0,0,0.12,0.01,0.0,0.01,0.1,0.9,-1.2,0.0,0,0,1,0,0.675,0.32
241,5,-0.5691328048706055,0.17795872688293457,2.4538490772247314,0.4343126338469957,0.47332013430714864,0,0,0,0.12,0.01,0.0,0.01,0.1,0.9,-1.2,0.0,0,0,1,0,0.675,0.32
241,6,-0.6117166876792908,-0.42503994703292847,0.09179940819740295,0.4084884403815818,0.20898975147098783,0,0,0,0.12,0.01,0.0,0.01,0.1,0.9,-1.2,0.0,0,0,1,1,0.675,0.32
241,7,-0.9031853079795837,0.02572801150381565,3.0083348751068115,0.46084372661910544,0.5197177682081652,0,0,0,0.12,0.01,0.0,0.01,0.1,0.9,-1.2,0.0,0,0,1,0,0.675,0.32
242,0,0.010590720921754837,0.10840929299592972,0.17081891000270844,0.47667712652723393,0.48515021121461793,0,0,0,0.12,0.01,0.0,0.01,0.1,0.9,-1.2,0.0,0,0,1,0,0.675,0.32
242,1,-0.7046629190444946,-0.4053958058357239,-2.849274158477783,0.5376379623099317,0.4547362194375049,0,0,0,0.12,0.01,0.0,0.01,0.1,0.9,-1.2,0.0,0,0,1,1,0.675,0.32
242,2,-0.330339640378952,0.42715615034103394,-0.014550566673278809,0.3990938823897632,0.26754681651999634,0,0,0,0.12,0.01,0.0,0.01,0.1,0.9,-1.2,0.0,0,0,1,0,0.675,0.32
242,3,-0.15478935837745667,-0.42484211921691895,0.009623724035918713,0.47303144287741483,0.47688772130334073,0,0,0,0.12,0.01,0.0,0.01,0.1,0.9,-1.2,0.0,0,0,1,0,0.675,0.32
242,4,-0.34700027108192444,-0.09192413836717606,0.06423556804656982,0.2106367007945353,0.45220318873183185,0,0,0,0.12,0.01,0.0,0.01,0.1,0.9,-1.2,0.0,0,0,1,0,0.675,0.32
242,5,-0.5698354840278625,0.17853565514087677,2.454507827758789,0.42666757463511606,0.47966795803013657,0,0,0,0.12,0.01,0.0,0.01,0.1,0.9,-1.2,0.0,0,0,1,0,0.675,0.32
242,6,-0.6111235022544861,-0.4249874949455261,0.08491692692041397,0.4115022426056382,0.2234719390464309,0,0,0,0.12,0.01,0.0,0.01,0.1,0.9,-1.2,0.0,0,0,1,1,0.675,0.32
242,7,-0.9041578769683838,0.02585737593472004,3.0104286670684814,0.46072300770641966,0.5193212380134901,0,0,0,0.12,0.01,0.0,0.01,0.1,0.9,-1.2,0.0,0,0,1,0,0.675,0.32
243,0,0.011539152823388577,0.1085730642080307,0.17115794122219086,0.4768560334332833,0.4844290808550468,0,0,0,0.12,0.01,0.0,0.01,0.1,0.9,-1.2,0.0,0,0,1,0,0.675,0.32
243,1,-0.7056134343147278,-0.40568023920059204,-2.8522424697875977,0.9444463740557167,0.046800266626503655,0,0,0,0.12,0.01,0.0,0.01,0.1,0.9,-1.2,0.0,0,0,1,1,0.675,0.32
243,2,-0.32967430353164673,0.4271462559700012,-0.016617827117443085,0.4188379074780188,0.2487792347224512,0,0,0,0.12,0.01,0.0,0.01,0.1,0.9,-1.2,0.0,0,0,1,0,0.675,0.32
243,3,-0.15383833646774292,-0.42483311891555786,0.009783180430531502,0.472140290735802,0.47683402061597413,0,0,0,0.12,0.01,0.0,0.01,0.1,0.9,-1.2,0.0,0,0,1,0,0.675,0.32
243,4,-0.3463292419910431,-0.09187846630811691,0.07225249707698822,0.20158670880867602,0.4531358625643098,0,0,0,0.12,0.01,0.0,0.01,0.1,0.9,-1.2,0.0,0,0,1,0,0.675,0.32
243,5,-0.5705376267433167,0.17911115288734436,2.455763816833496,-0.05143989787883768,0.9422345923025134,0,0,0,0.12,0.01,0.0,0.01,0.1,0.9,-1.2,0.0,0,0,1,0,0.675,0.32
243,6,-0.6105116605758667,-0.4249378442764282,0.07792667299509048,0.4094416434234535,0.24233210735855942,0,0,0,0.12,0.01,0.0,0.01,0.1,0.9,-1.2,0.0,0,0,1,1,0.675,0.32
243,7,-0.9051302671432495,0.025984615087509155,3.0125083923339844,0.46046731506981536,0.5190509196599515,0,0,0,0.12,0.01,0.0,0.01,0.1,0.9,-1.2,0.0,0,0,1,0,0.675,0.32
244,0,0.012486999854445457,0.10873705893754959,0.17147742211818695,0.4771139232014246,0.483625987401145,0,0,0,0.12,0.01,0.0,0.01,0.1,0.9,-1.2,0.0,0,0,1,0,0.675,0.32
244,1,-0.7065649032592773,-0.4059620499610901,-2.8551695346832275,0.9412512285019523,0.05024157936319049,0,0,0,0.12,0.01,0.0,0.01,0.1,0.9,-1.2,0.0,0,0,1,1,0.675,0.32
244,2,-0.32900798320770264,0.4271342158317566,-0.02074277028441429,0.42768630265339136,0.2408672881211448,0,0,0,0.12,0.01,0.0,0.01,0.1,0.9,-1.2,0.0,0,0,1,0,0.675,0.32
244,3,-0.15288828313350677,-0.4248238801956177,0.00977394636720419,0.470307799115105,0.4777289311743543,0,0,0,0.12,0.01,0.0,0.01,0.1,0.9,-1.2,0.0,0,0,1,0,0.675,0.32
244,4,-0.3456667363643646,-0.0918276309967041,0.08067768067121506,0.1929289223478863,0.45368425828947334,0,0,0,0.12,0.01,0.0,0.01,0.1,0.9,-1.2,0.0,0,0,1,0,0.675,0.32
244,5,-0.571239709854126,0.17968477308750153,2.4575390815734863,-0.04846380139636565,0.9380132951860385,0,0,0,0.12,0.01,0.0,0.01,0.1,0.9,-1.2,0.0,0,0,1,0,0.675,0.32
244,6,-0.6098819375038147,-0.4248911440372467,0.07123302668333054,0.40387626686657296,0.26398924788867606,0,0,0,0.12,0.01,0.0,0.01,0.1,0.9,-1.2,0.0,0,0,1,1,0.675,0.32
244,7,-0.9061024188995361,0.026109743863344193,3.014577627182007,0.4600981340241017,0.5188855066466747,0,0,0,0.12,0.01,0.0,0.01,0.1,0.9,-1.2,0.0,0,0,1,0,0.675,0.32
245,0,0.013434263877570629,0.1089012548327446,0.17175981402397156,0.4773651448983616,0.4828282507162624,0,0,0,0.12,0.01,0.0,0.01,0.1,0.9,-1.2,0.0,0,0,1,0,0.675,0.32
245,1,-0.7075182199478149,-0.40623486042022705,-2.8809633255004883,0.7641669794703969,0.22761324199185284,0,0,0,0.12,0.01,0.0,0.01,0.1,0.9,-1.2,0.0,0,0,1,1,0.675,0.32
245,2,-0.3283407390117645,0.4271186888217926,-0.026443134993314743,0.42499677553259485,0.2443881808272684,0,0,0,0.12,0.01,0.0,0.01,0.1,0.9,-1.2,0.0,0,0,1,0,0.675,0.32
245,3,-0.15193916857242584,-0.42481452226638794,0.010049269534647465,0.4699044881199433,0.47720175405992726,0,0,0,0.12,0.01,0.0,0.01,0.1,0.9,-1.2,0.0,0,0,1,0,0.675,0.32
245,4,-0.3450127840042114,-0.09177159518003464,0.08945566415786743,0.1849645597896752,0.453631915334684,0,0,0,0.12,0.01,0.0,0.01,0.1,0.9,-1.2,0.0,0,0,1,0,0.675,0.32
245,5,-0.5719377994537354,0.18024320900440216,2.4858205318450928,0.07088404574467798,0.8181876572124754,0,0,0,0.12,0.01,0.0,0.01,0.1,0.9,-1.2,0.0,0,0,1,0,0.675,0.32
245,6,-0.6092349886894226,-0.42484724521636963,0.06519094854593277,0.397146886653437,0.28609704368637623,0,0,0,0.12,0.01,0.0,0.01,0.1,0.9,-1.2,0.0,0,0,1,1,0.675,0.32
245,7,-0.9070742726325989,0.02623279020190239,3.0166444778442383,0.4598985412252855,0.5185452601777601,0,0,0,0.12,0.01,0.0,0.01,0.1,0.9,-1.2,0.0,0,0,1,0,0.675,0.32
246,0,0.014380947686731815,0.10906559973955154,0.1719999760389328,0.4775332834490507,0.48210906722462477,0,0,0,0.12,0.01,0.0,0.01,0.1,0.9,-1.2,0.0,0,0,1,0,0.675,0.32
246,1,-0.708479642868042,-0.40647757053375244,-2.9122915267944336,0.537703776893986,0.45433340019189045,0,0,0,0.12,0.01,0.0,0.01,0.1,0.9,-1.2,0.0,0,0,1,1,0.675,0.32
246,2,-0.32767266035079956,0.4270987808704376,-0.032937321811914444,0.4128000331464024,0.2572018908915309,0,0,0,0.12,0.01,0.0,0.01,0.1,0.9,-1.2,0.0,0,0,1,0,0.675,0.32
246,3,-0.15099099278450012,-0.42480501532554626,0.010502309538424015,0.47038734183870357,0.47579306139387095,0,0,0,0.12,0.01,0.0,0.01,0.1,0.9,-1.2,0.0,0,0,1,0,0.675,0.32
246,4,-0.3443674147129059,-0.09171045571565628,0.09853919595479965,0.17714338573264574,0.4536269399280598,0,0,0,0.12,0.01,0.0,0.01,0.1,0.9,-1.2,0.0,0,0,1,0,0.675,0.32
246,5,-0.5726521015167236,0.18077410757541656,2.5205061435699463,0.2222862319141443,0.6661556287616675,0,0,0,0.12,0.01,0.0,0.01,0.1,0.9,-1.2,0.0,0,0,1,0,0.675,0.32
246,6,-0.6085716485977173,-0.42480579018592834,0.06007331609725952,0.3927749137918426,0.3051645417173432,0,0,0,0.12,0.01,0.0,0.01,0.1,0.9,-1.2,0.0,0,0,1,1,0.675,0.32
246,7,-0.9080458283424377,0.02635377272963524,3.018716812133789,0.45993627281873445,0.5179762127807833,0,0,0,0.12,0.01,0.0,0.01,0.1,0.9,-1.2,0.0,0,0,1,0,0.675,0.32
247,0,0.015327056869864464,0.10923005640506744,0.17220866680145264,0.47768275272455724,0.48140396345052217,0,0,0,0.12,0.01,0.0,0.01,0.1,0.9,-1.2,0.0,0,0,1,0,0.675,0.32
247,1,-0.7094480395317078,-0.40669187903404236,-2.9336178302764893,0.38736848268908597,0.6048906024892893,0,0,0,0.12,0.01,0.0,0.01,0.1,0.9,-1.2,0.0,0,0,1,1,0.675,0.32
247,2,-0.3270038664340973,0.4270743727684021,-0.039332129061222076,0.3939984313124614,0.2763908037072225,0,0,0,0.12,0.01,0.0,0.01,0.1,0.9,-1.2,0.0,0,0,1,0,0.675,0.32
247,3,-0.15004375576972961,-0.4247952401638031,0.010702627710998058,0.4695385495694289,0.4757213791338793,0,0,0,0.12,0.01,0.0,0.01,0.1,0.9,-1.2,0.0,0,0,1,0,0.675,0.32
247,4,-0.343730628490448,-0.09164436906576157,0.10791030526161194,0.1693185690857027,0.45381294450987836,0,0,0,0.12,0.01,0.0,0.01,0.1,0.9,-1.2,0.0,0,0,1,0,0.675,0.32
247,5,-0.5733830332756042,0.18128052353858948,2.5484235286712646,0.346045037388826,0.5413463510274642,0,0,0,0.12,0.01,0.0,0.01,0.1,0.9,-1.2,0.0,0,0,1,0,0.675,0.32
247,6,-0.607892632484436,-0.4247663915157318,0.05597463995218277,0.39150844983693317,0.32044405765894685,0,0,0,0.12,0.01,0.0,0.01,0.1,0.9,-1.2,0.0,0,0,1,1,0.675,0.32
247,7,-0.9090171456336975,0.026472704485058784,3.020786762237549,0.4601179337027642,0.5172718191620734,0,0,0,0.12,0.01,0.0,0.01,0.1,0.9,-1.2,0.0,0,0,1,0,0.675,0.32
248,0,0.016272593289613724,0.1093946024775505,0.1723923683166504,0.477861014824042,0.48066613294588606,0,0,0,0.12,0.01,0.0,0.01,0.1,0.9,-1.2,0.0,0,0,1,0,0.675,0.32
248,1,-0.7104196548461914,-0.4068913161754608,-2.9397313594818115,0.35718011075838846,0.6352956373037454,0,0,0,0.12,0.01,0.0,0.01,0.1,0.9,-1.2,0.0,0,0,1,1,0.675,0.32
248,2,-0.3263345956802368,0.42704591155052185,-0.04493768513202667,0.3715412562163739,0.2990285212723346,0,0,0,0.12,0.01,0.0,0.01,0.1,0.9,-1.2,0.0,0,0,1,0,0.675,0.32
248,3,-0.14909744262695312,-0.4247852563858032,0.010705765336751938,0.4676070758098038,0.47673935210767665,0,0,0,0.12,0.01,0.0,0.01,0.1,0.9,-1.2,0.0,0,0,1,0,0.675,0.32
248,4,-0.3431023061275482,-0.09157340973615646,0.11757813394069672,0.16158074564656216,0.4540566163567642,0,0,0,0.12,0.01,0.0,0.01,0.1,0.9,-1.2,0.0,0,0,1,0,0.675,0.32
248,5,-0.5741249918937683,0.18176931142807007,2.566138744354248,0.42495923128241647,0.4611246696460808,0,0,0,0.12,0.01,0.0,0.01,0.1,0.9,-1.2,0.0,0,0,1,0,0.675,0.32
248,6,-0.6071986556053162,-0.424728661775589,0.05272821709513664,0.39212733350577067,0.33315485872445394,0,0,0,0.12,0.01,0.0,0.01,0.1,0.9,-1.2,0.0,0,0,1,1,0.675,0.32
248,7,-0.9099881052970886,0.02658959850668907,3.0228383541107178,0.4602079936122769,0.5166624835872776,0,0,0,0.12,0.01,0.0,0.01,0.1,0.9,-1.2,0.0,0,0,1,0,0.675,0.32
249,0,0.01721755787730217,0.10955920815467834,0.17254193127155304,0.4780221019908346,0.47994231832776896,0,0,0,0.12,0.01,0.0,0.01,0.1,0.9,-1.2,0.0,0,0,1,0,0.675,0.32
249,1,-0.7113914489746094,-0.4070912301540375,-2.9342029094696045,0.4196954221501632,0.5729972272143082,0,0,0,0.12,0.01,0.0,0.01,0.1,0.9,-1.2,0.0,0,0,1,1,0.675,0.32
249,2,-0.32566502690315247,0.42701414227485657,-0.049322061240673065,0.3479908588337412,0.3225937006068716,0,0,0,0.12,0.01,0.0,0.01,0.1,0.9,-1.2,0.0,0,0,1,0,0.675,0.32
249,3,-0.14815206825733185,-0.42477506399154663,0.01093128602951765,0.4668201332894942,0.476621198097072,0,0,0,0.12,0.01,0.0,0.01,0.1,0.9,-1.2,0.0,0,0,1,0,0.675,0.32
249,4,-0.3424822688102722,-0.0914975106716156,0.12752997875213623,0.15394442310293344,0.45428908834497306,0,0,0,0.12,0.01,0.0,0.01,0.1,0.9,-1.2,0.0,0,0,1,0,0.675,0.32
249,5,-0.5748724341392517,0.18224792182445526,2.5747458934783936,0.46341641440982606,0.42126945957546447,0,0,0,0.12,0.01,0.0,0.01,0.1,0.9,-1.2,0.0,0,0,1,0,0.675,0.32
249,6,-0.606490433216095,-0.4246922731399536,0.050097037106752396,0.3929877668190221,0.34495135251996717,0,0,0,0.12,0.01,0.0,0.01,0.1,0.9,-1.2,0.0,0,0,1,1,0.675,0.32
249,7,-0.9109588265419006,0.026704462245106697,3.0248610973358154,0.45998412371392877,0.5163645148206171,0,0,0,0.12,0.01,0.0,0.01,0.1,0.9,-1.2,0.0,0,0,1,0,0.675,0.32
250,0,0.018161948770284653,0.10972383618354797,0.1726500540971756,0.47812416131373664,0.47927473013523797,0,0,0,0.12,0.01,0.0,0.01,0.1,0.9,-1.2,0.0,0,0,1,0,0.675,0.32
250,1,-0.7123616933822632,-0.40729981660842896,-2.924856424331665,0.5135093343557627,0.4793906795678823,0,0,0,0.12,0.01,0.0,0.01,0.1,0.9,-1.2,0.0,0,0,1,1,0.675,0.32
250,2,-0.32499536871910095,0.42697998881340027,-0.0522172637283802,0.3257126088223969,0.3447649602808441,0,0,0,0.12,0.01,0.0,0.01,0.1,0.9,-1.2,0.0,0,0,1,0,0.675,0.32
250,3,-0.1472076028585434,-0.42476463317871094,0.011427206918597221,0.4674320781614932,0.475113097390875,0,0,0,0.12,0.01,0.0,0.01,0.1,0.9,-1.2,0.0,0,0,1,0,0.675,0.32
250,4,-0.3418704569339752,-0.09141645580530167,0.13774266839027405,0.14635891221259567,0.4545279691388753,0,0,0,0.12,0.01,0.0,0.01,0.1,0.9,-1.2,0.0,0,0,1,0,0.675,0.32
250,5,-0.5756211876869202,0.1827220916748047,2.5771424770355225,0.4744240965197027,0.4088480745008052,0,0,0,0.12,0.01,0.0,0.01,0.1,0.9,-1.2,0.0,0,0,1,0,0.675,0.32
250,6,-0.6057686805725098,-0.4246569275856018,0.04793735221028328,0.39336784652966106,0.3565715355466023,0,0,0,0.12,0.01,0.0,0.01,0.1,0.9,-1.2,0.0,0,0,1,1,0.675,0.32
250,7,-0.9119292497634888,0.026817310601472855,3.026857852935791,0.45940536712605684,0.5164145186046866,0,0,0,0.12,0.01,0.0,0.01,0.1,0.9,-1.2,0.0,0,0,1,0,0.675,0.32
251,0,0.01910576969385147,0.1098884642124176,0.17272619903087616,0.4782193490987802,0.47861127166690587,0,0,0,0.12,0.01,0.0,0.01,0.1,0.9,-1.2,0.0,0,0,1,0,0.675,0.32
251,1,-0.7133303284645081,-0.4075169563293457,-2.918588638305664,0.5830134650245294,0.4100829462036504,0,0,0,0.12,0.01,0.0,0.01,0.1,0.9,-1.2,0.0,0,0,1,1,0.675,0.32
251,2,-0.3243257403373718,0.42694443464279175,-0.05347094312310219,0.3068296039399657,0.36345806476502085,0,0,0,0.12,0.01,0.0,0.01,0.1,0.9,-1.2,0.0,0,0,1,0,0.675,0.32
251,3,-0.14626404643058777,-0.424753874540329,0.011802676133811474,0.46743237155861805,0.47422529083304454,0,0,0,0.12,0.01,0.0,0.01,0.1,0.9,-1.2,0.0,0,0,1,0,0.675,0.32
251,4,-0.3412669003009796,-0.09132998436689377,0.14822153747081757,0.13884113817224888,0.4547506114958724,0,0,0,0.12,0.01,0.0,0.01,0.1,0.9,-1.2,0.0,0,0,1,0,0.675,0.32
251,5,-0.5763689279556274,0.1831953525543213,2.576206684112549,0.47091480893185433,0.41094449358889756,0,0,0,0.12,0.01,0.0,0.01,0.1,0.9,-1.2,0.0,0,0,1,0,0.675,0.32
251,6,-0.6050341129302979,-0.42462244629859924,0.04619390517473221,0.3934169883745839,0.367888343809254,0,0,0,0.12,0.01,0.0,0.01,0.1,0.9,-1.2,0.0,0,0,1,1,0.675,0.32
251,7,-0.9128994345664978,0.026928141713142395,3.0288476943969727,0.45863743365267384,0.5166450566007746,0,0,0,0.12,0.01,0.0,0.01,0.1,0.9,-1.2,0.0,0,0,1,0,0.675,0.32
252,0,0.020049022510647774,0.11005306243896484,0.17278094589710236,0.32748752548674814,0.6132458476783824,0,0,0,0.12,0.01,0.0,0.01,0.1,0.9,-1.2,0.0,0,0,1,0,0.675,0.32
252,1,-0.7142983078956604,-0.40773752331733704,-2.9184749126434326,0.6028824425777689,0.3904044054904684,0,0,0,0.12,0.01,0.0,0.01,0.1,0.9,-1.2,0.0,0,0,1,1,0.675,0.32
252,2,-0.32365620136260986,0.42690855264663696,-0.053093321621418,0.2931054388743608,0.3769396985310347,0,0,0,0.12,0.01,0.0,0.01,0.1,0.9,-1.2,0.0,0,0,1,0,0.675,0.32
252,3,-0.14532138407230377,-0.42474284768104553,0.011921211145818233,0.4660602025400939,0.47471793371326304,0,0,0,0.12,0.01,0.0,0.01,0.1,0.9,-1.2,0.0,0,0,1,0,0.675,0.32
252,4,-0.3406716287136078,-0.09123791754245758,0.15898773074150085,0.13145765472105517,0.4549038131172322,0,0,0,0.12,0.01,0.0,0.01,0.1,0.9,-1.2,0.0,0,0,1,0,0.675,0.32
252,5,-0.5771146416664124,0.18366926908493042,2.574057102203369,0.6797987976556108,0.16297660679766676,0,0,0,0.12,0.01,0.0,0.01,0.1,0.9,-1.2,0.0,0,0,1,0,0.675,0.32
252,6,-0.604287326335907,-0.42458856105804443,0.04482923448085785,0.39379082140562216,0.3782721954858574,0,0,0,0.12,0.01,0.0,0.01,0.1,0.9,-1.2,0.0,0,0,1,1,0.675,0.32
252,7,-0.9138692617416382,0.02703695185482502,3.0308544635772705,0.4579382584815254,0.516798134016491,0,0,0,0.12,0.01,0.0,0.01,0.1,0.9,-1.2,0.0,0,0,1,0,0.675,0.32
253,0,0.02099170908331871,0.11021759361028671,0.17280729115009308,0.3308245247509992,0.6095481807085956,0,0,0,0.12,0.01,0.0,0.01,0.1,0.9,-1.2,0.0,0,0,1,0,0.675,0.32
253,1,-0.7152671217918396,-0.4079557955265045,-2.9235799312591553,0.5801891253663467,0.4132834507750108,0,0,0,0.12,0.01,0.0,0.01,0.1,0.9,-1.2,0.0,0,0,1,1,0.675,0.32
253,2,-0.32298678159713745,0.4268733859062195,-0.05133415386080742,0.2854175283553319,0.38435175875404304,0,0,0,0.12,0.01,0.0,0.01,0.1,0.9,-1.2,0.0,0,0,1,0,0.675,0.32
253,3,-0.1443796306848526,-0.4247315526008606,0.012106072157621384,0.4650339525842889,0.4748721081113593,0,0,0,0.12,0.01,0.0,0.01,0.1,0.9,-1.2,0.0,0,0,1,0,0.675,0.32
253,4,-0.34008464217185974,-0.09114023298025131,0.1700381338596344,0.12418583888280717,0.45502915125620047,0,0,0,0.12,0.01,0.0,0.01,0.1,0.9,-1.2,0.0,0,0,1,0,0.675,0.32
253,5,-0.5778579711914062,0.18414421379566193,2.571899890899658,0.6675695382284182,0.17439339531192605,0,0,0,0.12,0.01,0.0,0.01,0.1,0.9,-1.2,0.0,0,0,1,0,0.675,0.32
253,6,-0.6035290360450745,-0.42455506324768066,0.04382225126028061,0.39513728515674595,0.3871026287836838,0,0,0,0.12,0.01,0.0,0.01,0.1,0.9,-1.2,0.0,0,0,1,1,0.675,0.32
253,7,-0.9148387908935547,0.027143722400069237,3.032893657684326,0.45751575865735333,0.5166667278767654,0,0,0,0.12,0.01,0.0,0.01,0.1,0.9,-1.2,0.0,0,0,1,0,0.675,0.32
254,0,0.021921131759881973,0.110382579267025,0.18083471059799194,0.3761985036412323,0.563857462736026,0,0,0,0.12,0.01,0.0,0.01,0.1,0.9,-1.2,0.0,0,0,1,0,0.675,0.32
254,1,-0.716237485408783,-0.40816786885261536,-2.9307701587677,0.5399898621855365,0.4536616470994367,0,0,0,0.12,0.01,0.0,0.01,0.1,0.9,-1.2,0.0,0,0,1,1,0.675,0.32
254,2,-0.32231754064559937,0.42683982849121094,-0.04858531802892685,0.2828403104882095,0.38658768042518166,0,0,0,0.12,0.01,0.0,0.01,0.1,0.9,-1.2,0.0,0,0,1,0,0.675,0.32
254,3,-0.14343874156475067,-0.42472004890441895,0.012560926377773285,0.4654094709504584,0.4736317263494988,0,0,0,0.12,0.01,0.0,0.01,0.1,0.9,-1.2,0.0,0,0,1,0,0.675,0.32
254,4,-0.3395059406757355,-0.09103706479072571,0.1813478022813797,0.1186427224402403,0.45353874080133677,0,0,0,0.12,0.01,0.0,0.01,0.1,0.9,-1.2,0.0,0,0,1,0,0.675,0.32
254,5,-0.5785719156265259,0.1846066415309906,2.556957244873047,0.6026298388801912,0.2387934938110014,0,0,0,0.12,0.01,0.0,0.01,0.1,0.9,-1.2,0.0,0,0,1,0,0.675,0.32
254,6,-0.602759838104248,-0.42452165484428406,0.04317094013094902,0.3980751683483292,0.39378535249136193,0,0,0,0.12,0.01,0.0,0.01,0.1,0.9,-1.2,0.0,0,0,1,1,0.675,0.32
254,7,-0.9158079624176025,0.027248440310359,3.034963846206665,0.45799252236910826,0.5156226471560381,0,0,0,0.12,0.01,0.0,0.01,0.1,0.9,-1.2,0.0,0,0,1,0,0.675,0.32
255,0,0.022845428436994553,0.11055617034435272,0.19067148864269257,0.4312443954437047,0.5084790366203517,0,0,0,0.12,0.01,0.0,0.01,0.1,0.9,-1.2,0.0,0,0,1,0,0.675,0.32
255,1,-0.71720951795578,-0.4083729088306427,-2.9369585514068604,0.5074941289525957,0.48632838605823797,0,0,0,0.12,0.01,0.0,0.01,0.1,0.9,-1.2,0.0,0,0,1,1,0.675,0.32
255,2,-0.3216484487056732,0.4268084466457367,-0.04524417594075203,0.28526396616397337,0.3838246955067114,0,0,0,0.12,0.01,0.0,0.01,0.1,0.9,-1.2,0.0,0,0,1,0,0.675,0.32
255,3,-0.14249874651432037,-0.4247082471847534,0.013009365648031235,0.4657123919546393,0.47247216739060605,0,0,0,0.12,0.01,0.0,0.01,0.1,0.9,-1.2,0.0,0,0,1,0,0.675,0.32
255,4,-0.3389354944229126,-0.09092868864536285,0.1929081231355667,0.11353750907761881,0.4516993573965328,0,0,0,0.12,0.01,0.0,0.01,0.1,0.9,-1.2,0.0,0,0,1,0,0.675,0.32
255,5,-0.5792704224586487,0.18507719039916992,2.539470911026001,0.5267191563636991,0.3141303028075961,0,0,0,0.12,0.01,0.0,0.01,0.1,0.9,-1.2,0.0,0,0,1,0,0.675,0.32
255,6,-0.6019803881645203,-0.4244881570339203,0.0428314134478569,0.40268603028794037,0.39826121864775904,0,0,0,0.12,0.01,0.0,0.01,0.1,0.9,-1.2,0.0,0,0,1,1,0.675,0.32
255,7,-0.9167768359184265,0.027351103723049164,3.03704833984375,0.4589442487911277,0.514088881377787,0,0,0,0.12,0.01,0.0,0.01,0.1,0.9,-1.2,0.0,0,0,1,0,0.675,0.32
256,0,0.023767812177538872,0.11073791980743408,0.1979110985994339,0.47276744861714715,0.4665944216717017,0,0,0,0.12,0.01,0.0,0.01,0.1,0.9,-1.2,0.0,0,0,1,0,0.675,0.32
256,1,-0.7181828618049622,-0.4085727334022522,-2.9405646324157715,0.49593335235053054,0.49805289661950114,0,0,0,0.12,0.01,0.0,0.01,0.1,0.9,-1.2,0.0,0,0,1,1,0.675,0.32
256,2,-0.3209795653820038,0.42677953839302063,-0.04162595048546791,0.2923359670662313,0.37642087554698894,0,0,0,0.12,0.01,0.0,0.01,0.1,0.9,-1.2,0.0,0,0,1,0,0.675,0.32
256,3,-0.14155961573123932,-0.424696147441864,0.013194844126701355,0.4646089815108007,0.47272746334393556,0,0,0,0.12,0.01,0.0,0.01,0.1,0.9,-1.2,0.0,0,0,1,0,0.675,0.32
256,4,-0.33837321400642395,-0.09081535786390305,0.20463967323303223,0.10816655911659868,0.4502136870458159,0,0,0,0.12,0.01,0.0,0.01,0.1,0.9,-1.2,0.0,0,0,1,0,0.675,0.32
256,5,-0.5799605250358582,0.18555882573127747,2.5257813930511475,0.4662896797127258,0.37386824636988536,0,0,0,0.12,0.01,0.0,0.01,0.1,0.9,-1.2,0.0,0,0,1,0,0.675,0.32
256,6,-0.6011911630630493,-0.4244544506072998,0.04266127198934555,0.4084041254337042,0.40111903979227853,0,0,0,0.12,0.01,0.0,0.01,0.1,0.9,-1.2,0.0,0,0,1,1,0.675,0.32
256,7,-0.9177453517913818,0.027451729401946068,3.0390918254852295,0.45985282575883885,0.5125844963809012,0,0,0,0.12,0.01,0.0,0.01,0.1,0.9,-1.2,0.0,0,0,1,0,0.675,0.32
257,0,0.024688832461833954,0.11092475056648254,0.2014123499393463,0.4947519311418597,0.4442331185827192,0,0,0,0.12,0.01,0.0,0.01,0.1,0.9,-1.2,0.0,0,0,1,0,0.675,0.32
257,1,-0.719156801700592,-0.4087701737880707,-2.9417760372161865,0.5040249911251828,0.49011807766525295,0,0,0,0.12,0.01,0.0,0.01,0.1,0.9,-1.2,0.0,0,0,1,1,0.675,0.32
257,2,-0.32031095027923584,0.4267530143260956,-0.038084112107753754,0.30280338274346746,0.365611329208742,0,0,0,0.12,0.01,0.0,0.01,0.1,0.9,-1.2,0.0,0,0,1,0,0.675,0.32
257,3,-0.1406213492155075,-0.4246837794780731,0.013316165655851364,0.4631408148304852,0.4733557409747212,0,0,0,0.12,0.01,0.0,0.01,0.1,0.9,-1.2,0.0,0,0,1,0,0.675,0.32
257,4,-0.33781901001930237,-0.09069722890853882,0.2165023386478424,0.10241003501436827,0.44920997154691106,0,0,0,0.12,0.01,0.0,0.01,0.1,0.9,-1.2,0.0,0,0,1,0,0.675,0.32
257,5,-0.5806445479393005,0.18604804575443268,2.517246961593628,0.42727781181802565,0.4121223604155559,0,0,0,0.12,0.01,0.0,0.01,0.1,0.9,-1.2,0.0,0,0,1,0,0.675,0.32
257,6,-0.600392758846283,-0.42442044615745544,0.04249034821987152,0.4144278043679346,0.4031821018286596,0,0,0,0.12,0.01,0.0,0.01,0.1,0.9,-1.2,0.0,0,0,1,1,0.675,0.32
257,7,-0.9187134504318237,0.02755037322640419,3.0410549640655518,0.46039871413280903,0.5114302830023534,0,0,0,0.12,0.01,0.0,0.01,0.1,0.9,-1.2,0.0,0,0,1,0,0.675,0.32
258,0,0.025609131902456284,0.11111331731081009,0.2017747163772583,0.5003707181745269,0.43823172933523874,0,0,0,0.12,0.01,0.0,0.01,0.1,0.9,-1.2,0.0,0,0,1,0,0.675,0.32
258,1,-0.7201310396194458,-0.4089672267436981,-2.941864490509033,0.5213974372508599,0.47289553722118594,0,0,0,0.12,0.01,0.0,0.01,0.1,0.9,-1.2,0.0,0,0,1,0,0.675,0.32
258,2,-0.319642573595047,0.42672863602638245,-0.03501976281404495,0.3150126156710019,0.3530314149953494,0,0,0,0.12,0.01,0.0,0.01,0.1,0.9,-1.2,0.0,0,0,1,0,0.675,0.32
258,3,-0.13968393206596375,-0.42467114329338074,0.013679086230695248,0.462916735153611,0.47274779941517553,0,0,0,0.12,0.01,0.0,0.01,0.1,0.9,-1.2,0.0,0,0,1,0,0.675,0.32
258,4,-0.3372729420661926,-0.09057428687810898,0.22849436104297638,0.09627892878408531,0.44868705365304845,0,0,0,0.12,0.01,0.0,0.01,0.1,0.9,-1.2,0.0,0,0,1,0,0.675,0.32
258,5,-0.5813249349594116,0.18654115498065948,2.5131478309631348,0.40690772678974235,0.43171323392269045,0,0,0,0.12,0.01,0.0,0.01,0.1,0.9,-1.2,0.0,0,0,1,0,0.675,0.32
258,6,-0.5995856523513794,-0.42438623309135437,0.04222880303859711,0.4201694668043084,0.40506220452900454,0,0,0,0.12,0.01,0.0,0.01,0.1,0.9,-1.2,0.0,0,0,1,0,0.675,0.32
258,7,-0.919681191444397,0.027647104114294052,3.0429329872131348,0.46049503039642975,0.5107146148748716,0,0,0,0.12,0.01,0.0,0.01,0.1,0.9,-1.2,0.0,0,0,1,0,0.675,0.32
259,0,0.026529202237725258,0.11130116879940033,0.20029711723327637,0.49644261027829417,0.44177294348223445,0,0,0,0.12,0.01,0.0,0.01,0.1,0.9,-1.2,0.0,0,0,1,0,0.675,0.32
259,1,-0.7211053967475891,-0.40916427969932556,-2.942246437072754,0.536283001158734,0.45815308406541766,0,0,0,0.12,0.01,0.0,0.01,0.1,0.9,-1.2,0.0,0,0,1,0,0.675,0.32
259,2,-0.31897446513175964,0.4267060160636902,-0.03270600736141205,0.327471578663336,0.34016165679122334,0,0,0,0.12,0.01,0.0,0.01,0.1,0.9,-1.2,0.0,0,0,1,0,0.675,0.32
259,3,-0.13874736428260803,-0.42465823888778687,0.014170309528708458,0.46335511401184193,0.4714845518778981,0,0,0,0.12,0.01,0.0,0.01,0.1,0.9,-1.2,0.0,0,0,1,0,0.675,0.32
259,4,-0.33673495054244995,-0.0904463529586792,0.2406354546546936,0.08988578943414499,0.4485415038664836,0,0,0,0.12,0.01,0.0,0.01,0.1,0.9,-1.2,0.0,0,0,1,0,0.675,0.32
259,5,-0.5820035338401794,0.1870354562997818,2.5120606422424316,0.39939910116379196,0.4384380584698445,0,0,0,0.12,0.01,0.0,0.01,0.1,0.9,-1.2,0.0,0,0,1,0,0.675,0.32
259,6,-0.5987703800201416,-0.42435193061828613,0.04186341539025307,0.42543787625324386,0.4069747838686739,0,0,0,0.12,0.01,0.0,0.01,0.1,0.9,-1.2,0.0,0,0,1,0,0.675,0.32
259,7,-0.9206485152244568,0.02774197980761528,3.0447463989257812,0.46024364506410703,0.5103370519955244,0,0,0,0.12,0.01,0.0,0.01,0.1,0.9,-1.2,0.0,0,0,1,0,0.675,0.32
260,0,0.02744928002357483,0.11148707568645477,0.19818811118602753,0.48929124906465093,0.4485316889007422,0,0,0,0.12,0.01,0.0,0.01,0.1,0.9,-1.2,0.0,0,0,1,0,0.675,0.32
260,1,-0.7220801115036011,-0.4093605875968933,-2.943716526031494,0.5419594815377415,0.45261327713688,0,0,0,0.12,0.01,0.0,0.01,0.1,0.9,-1.2,0.0,0,0,1,0,0.675,0.32
260,2,-0.31830668449401855,0.42668476700782776,-0.031208161264657974,0.3393586876402281,0.3278174993981935,0,0,0,0.12,0.01,0.0,0.01,0.1,0.9,-1.2,0.0,0,0,1,0,0.675,0.32
260,3,-0.13781163096427917,-0.42464500665664673,0.014479649253189564,0.46291387179967103,0.47110754152659245,0,0,0,0.12,0.01,0.0,0.01,0.1,0.9,-1.2,0.0,0,0,1,0,0.675,0.32
260,4,-0.3362051248550415,-0.09031323343515396,0.25296589732170105,0.08341195452227275,0.4486037267445119,0,0,0,0.12,0.01,0.0,0.01,0.1,0.9,-1.2,0.0,0,0,1,0,0.675,0.32
260,5,-0.5826814770698547,0.1875293105840683,2.5126559734344482,0.3993138342225758,0.43773648449538066,0,0,0,0.12,0.01,0.0,0.01,0.1,0.9,-1.2,0.0,0,0,1,0,0.675,0.32
260,6,-0.5979474186897278,-0.4243176579475403,0.04137987270951271,0.4301201749608241,0.4090561818316258,0,0,0,0.12,0.01,0.0,0.01,0.1,0.9,-1.2,0.0,0,0,1,0,0.675,0.32
260,7,-0.9216153621673584,0.02783503755927086,3.0465247631073,0.45982898520879106,0.5101144785935466,0,0,0,0.12,0.01,0.0,0.01,0.1,0.9,-1.2,0.0,0,0,1,0,0.675,0.32
261,0,0.028369393199682236,0.1116708517074585,0.19621185958385468,0.48291095836903,0.4545132245228157,0,0,0,0.12,0.01,0.0,0.01,0.1,0.9,-1.2,0.0,0,0,1,0,0.675,0.32
261,1,-0.723055362701416,-0.40955501794815063,-2.9462616443634033,0.5384379758378935,0.45626507859020715,0,0,0,0.12,0.01,0.0,0.01,0.1,0.9,-1.2,0.0,0,0,1,0,0.675,0.32
261,2,-0.3176392912864685,0.426664263010025,-0.030529199168086052,0.3496427568237039,0.3170263735016135,0,0,0,0.12,0.01,0.0,0.01,0.1,0.9,-1.2,0.0,0,0,1,0,0.675,0.32
261,3,-0.13687673211097717,-0.4246314764022827,0.014639941044151783,0.46174058300812754,0.47146871703307125,0,0,0,0.12,0.01,0.0,0.01,0.1,0.9,-1.2,0.0,0,0,1,0,0.675,0.32
261,4,-0.3356833755970001,-0.0901748314499855,0.26552191376686096,0.07703689482014277,0.44870360944468873,0,0,0,0.12,0.01,0.0,0.01,0.1,0.9,-1.2,0.0,0,0,1,0,0.675,0.32
261,5,-0.5833593606948853,0.1880219578742981,2.5139384269714355,0.40255626993982224,0.4337024990955171,0,0,0,0.12,0.01,0.0,0.01,0.1,0.9,-1.2,0.0,0,0,1,0,0.675,0.32
261,6,-0.5971171259880066,-0.42428359389305115,0.04074832797050476,0.43402124407393994,0.41152404782669477,0,0,0,0.12,0.01,0.0,0.01,0.1,0.9,-1.2,0.0,0,0,1,0,0.675,0.32
261,7,-0.9225817918777466,0.027926301583647728,3.0482940673828125,0.45942405066263303,0.5098745504878797,0,0,0,0.12,0.01,0.0,0.01,0.1,0.9,-1.2,0.0,0,0,1,0,0.675,0.32
262,0,0.029289456084370613,0.11185286939144135,0.19467255473136902,0.47888723547469725,0.458132112669834,0,0,0,0.12,0.01,0.0,0.01,0.1,0.9,-1.2,0.0,0,0,1,0,0.675,0.32
262,1,-0.7240312099456787,-0.40974676609039307,-2.9493298530578613,0.5303010741935038,0.46452607710501925,0,0,0,0.12,0.01,0.0,0.01,0.1,0.9,-1.2,0.0,0,0,1,0,0.675,0.32
262,2,-0.3169723153114319,0.4266439378261566,-0.03073740378022194,0.3571622565026862,0.30894849751037534,0,0,0,0.12,0.01,0.0,0.01,0.1,0.9,-1.2,0.0,0,0,1,0,0.675,0.32
262,3,-0.13594265282154083,-0.4246176779270172,0.014947319403290749,0.4613274709491753,0.4710759742946601,0,0,0,0.12,0.01,0.0,0.01,0.1,0.9,-1.2,0.0,0,0,1,0,0.675,0.32
262,4,-0.3351696729660034,-0.0900312140583992,0.27831020951271057,-0.5575563983670263,0.9611389116993934,0,0,0,0.12,0.01,0.0,0.01,0.1,0.9,-1.2,0.0,0,0,1,0,0.675,0.32
262,5,-0.5840373635292053,0.18851317465305328,2.5153045654296875,0.40663657481225157,0.4288245052620588,0,0,0,0.12,0.01,0.0,0.01,0.1,0.9,-1.2,0.0,0,0,1,0,0.675,0.32
262,6,-0.5962799787521362,-0.4242497980594635,0.03998873010277748,0.43722381728433607,0.4143165693924522,0,0,0,0.12,0.01,0.0,0.01,0.1,0.9,-1.2,0.0,0,0,1,0,0.675,0.32
262,7,-0.9235476851463318,0.028015784919261932,3.050067901611328,0.4002788716196469,0.5563358015180179,0,0,0,0.12,0.01,0.0,0.01,0.1,0.9,-1.2,0.0,0,0,1,0,0.675,0.32
263,0,0.030209366232156754,0.11203362047672272,0.19357164204120636,0.4772289354093396,0.4593797367326893,0,0,0,0.12,0.01,0.0,0.01,0.1,0.9,-1.2,0.0,0,0,1,0,0.675,0.32
263,1,-0.7250078320503235,-0.40993553400039673,-2.952275037765503,0.5230169280226239,0.47192806165861995,0,0,0,0.12,0.01,0.0,0.01,0.1,0.9,-1.2,0.0,0,0,1,0,0.675,0.32
263,2,-0.31630587577819824,0.4266231954097748,-0.03177996724843979,0.36111126356382683,0.3043895561192482,0,0,0,0.12,0.01,0.0,0.01,0.1,0.9,-1.2,0.0,0,0,1,0,0.675,0.32
263,3,-0.13500939309597015,-0.4246036112308502,0.015431107021868229,0.46182212988223836,0.4697815998426457,0,0,0,0.12,0.01,0.0,0.01,0.1,0.9,-1.2,0.0,0,0,1,0,0.675,0.32
263,4,-0.3346639573574066,-0.08988264203071594,0.291320264339447,-0.5694196160702254,0.9692953761486557,0,0,0,0.12,0.01,0.0,0.01,0.1,0.9,-1.2,0.0,0,0,1,0,0.675,0.32
263,5,-0.5847153067588806,0.18900302052497864,2.5164623260498047,0.4103147098240177,0.42434313805729945,0,0,0,0.12,0.01,0.0,0.01,0.1,0.9,-1.2,0.0,0,0,1,0,0.675,0.32
263,6,-0.5954363942146301,-0.4242163896560669,0.039184413850307465,0.44001118225963354,0.4171702476033425,0,0,0,0.12,0.01,0.0,0.01,0.1,0.9,-1.2,0.0,0,0,1,0,0.675,0.32
263,7,-0.9245131611824036,0.028103498741984367,3.0518476963043213,0.40050210433593203,0.5554781369627434,0,0,0,0.12,0.01,0.0,0.01,0.1,0.9,-1.2,0.0,0,0,1,0,0.675,0.32
264,0,0.03112904168665409,0.11221346259117126,0.1927766501903534,0.4781790930501819,0.457915787053883,0,0,0,0.12,0.01,0.0,0.01,0.1,0.9,-1.2,0.0,0,0,1,0,0.675,0.32
264,1,-0.7259851098060608,-0.4101215600967407,-2.954709768295288,0.5190896570182815,0.4759709656738267,0,0,0,0.12,0.01,0.0,0.01,0.1,0.9,-1.2,0.0,0,0,1,0,0.675,0.32
264,2,-0.31564000248908997,0.4266015291213989,-0.033404961228370667,0.3621218929889329,0.302758501946675,0,0,0,0.12,0.01,0.0,0.01,0.1,0.9,-1.2,0.0,0,0,1,0,0.675,0.32
264,3,-0.13407693803310394,-0.42458924651145935,0.015805568546056747,0.46057626661748835,0.4702541524460797,0,0,0,0.12,0.01,0.0,0.01,0.1,0.9,-1.2,0.0,0,0,1,0,0.675,0.32
264,4,-0.33425548672676086,-0.08975253254175186,0.3365941643714905,-0.4838967272875404,0.8841550895807839,0,0,0,0.12,0.01,0.0,0.01,0.1,0.9,-1.2,0.0,0,0,1,0,0.675,0.32
264,5,-0.5853931307792664,0.18949171900749207,2.517317533493042,0.41503918558039476,0.4189187845619697,0,0,0,0.12,0.01,0.0,0.01,0.1,0.9,-1.2,0.0,0,0,1,0,0.675,0.32
264,6,-0.5945866703987122,-0.4241834282875061,0.03839196637272835,0.4446264106591601,0.41778097564378797,0,0,0,0.12,0.01,0.0,0.01,0.1,0.9,-1.2,0.0,0,0,1,0,0.675,0.32
264,7,-0.9254686236381531,0.028187677264213562,3.0565929412841797,0.4174598764203648,0.5378923107363124,0,0,0,0.12,0.01,0.0,0.01,0.1,0.9,-1.2,0.0,0,0,1,0,0.675,0.32
265,0,0.032048437744379044,0.1123926043510437,0.19212430715560913,0.48022976402009354,0.45532605167662277,0,0,0,0.12,0.01,0.0,0.01,0.1,0.9,-1.2,0.0,0,0,1,0,0.675,0.32
265,1,-0.7269628643989563,-0.4103054106235504,-2.9566168785095215,0.5193436800922306,0.4758269131694881,0,0,0,0.12,0.01,0.0,0.01,0.1,0.9,-1.2,0.0,0,0,1,0,0.675,0.32
265,2,-0.31497475504875183,0.42657867074012756,-0.03531578555703163,0.3601010333054956,0.30411566391053835,0,0,0,0.12,0.01,0.0,0.01,0.1,0.9,-1.2,0.0,0,0,1,0,0.675,0.32
265,3,-0.1331453025341034,-0.4245745837688446,0.015972312539815903,0.4577520204648425,0.4723071740999769,0,0,0,0.12,0.01,0.0,0.01,0.1,0.9,-1.2,0.0,0,0,1,0,0.675,0.32
265,4,-0.33387821912765503,-0.0896126925945282,0.39053475856781006,-0.3701193080201762,0.7714067445054666,0,0,0,0.12,0.01,0.0,0.01,0.1,0.9,-1.2,0.0,0,0,1,0,0.675,0.32
265,5,-0.5860706567764282,0.1899794638156891,2.517880916595459,0.419371843212084,0.4139472843475779,0,0,0,0.12,0.01,0.0,0.01,0.1,0.9,-1.2,0.0,0,0,1,0,0.675,0.32
265,6,-0.5937312245368958,-0.42415091395378113,0.03759394586086273,0.44930700699739573,0.41801257689542665,0,0,0,0.12,0.01,0.0,0.01,0.1,0.9,-1.2,0.0,0,0,1,0,0.675,0.32
265,7,-0.9264214634895325,0.02826641872525215,3.062049388885498,0.4384452788965077,0.5162728340490489,0,0,0,0.12,0.01,0.0,0.01,0.1,0.9,-1.2,0.0,0,0,1,0,0.675,0.32
266,0,0.0329674631357193,0.11257106065750122,0.1914217323064804,0.4821588520379518,0.45286028343720686,0,0,0,0.12,0.01,0.0,0.01,0.1,0.9,-1.2,0.0,0,0,1,0,0.675,0.32
266,1,-0.72794109582901,-0.410487562417984,-2.9581973552703857,0.5223346055355494,0.4729394017848545,0,0,0,0.12,0.01,0.0,0.01,0.1,0.9,-1.2,0.0,0,0,1,0,0.675,0.32
266,2,-0.3143101930618286,0.42655450105667114,-0.03735191747546196,0.35516903390484167,0.3083281160394638,0,0,0,0.12,0.01,0.0,0.01,0.1,0.9,-1.2,0.0,0,0,1,0,0.675,0.32
266,3,-0.13221444189548492,-0.424559623003006,0.016249218955636024,0.45518372966350257,0.47409738586841876,0,0,0,0.12,0.01,0.0,0.01,0.1,0.9,-1.2,0.0,0,0,1,0,0.675,0.32
266,4,-0.3335094749927521,-0.08945305645465851,0.43980222940444946,-0.2677911413765502,0.6693299008465361,0,0,0,0.12,0.01,0.0,0.01,0.1,0.9,-1.2,0.0,0,0,1,0,0.675,0.32
266,5,-0.5867477655410767,0.19046650826931,2.5181007385253906,0.42260319883883707,0.4101231605285334,0,0,0,0.12,0.01,0.0,0.01,0.1,0.9,-1.2,0.0,0,0,1,0,0.675,0.32
266,6,-0.5928704738616943,-0.42411890625953674,0.03665273264050484,0.45280516738918536,0.41915511493655927,0,0,0,0.12,0.01,0.0,0.01,0.1,0.9,-1.2,0.0,0,0,1,0,0.675,0.32
266,7,-0.9273740649223328,0.028340190649032593,3.066528081893921,0.4539845712769482,0.5000888578307178,0,0,0,0.12,0.01,0.0,0.01,0.1,0.9,-1.2,0.0,0,0,1,0,0.675,0.32
267,0,0.03388609737157822,0.11274872720241547,0.19056370854377747,0.48341018995406976,0.45107441106674323,0,0,0,0.12,0.01,0.0,0.01,0.1,0.9,-1.2,0.0,0,0,1,0,0.675,0.32
267,1,-0.7289197444915771,-0.41066819429397583,-2.959733247756958,0.5256888650435032,0.46968229784788473,0,0,0,0.12,0.01,0.0,0.01,0.1,0.9,-1.2,0.0,0,0,1,0,0.675,0.32
267,2,-0.3136463463306427,0.42652902007102966,-0.03936687856912613,0.3478600060766204,0.31486127020664384,0,0,0,0.12,0.01,0.0,0.01,0.1,0.9,-1.2,0.0,0,0,1,0,0.675,0.32
267,3,-0.13128435611724854,-0.4245442748069763,0.016844019293785095,0.4540191068256327,0.47447743276711024,0,0,0,0.12,0.01,0.0,0.01,0.1,0.9,-1.2,0.0,0,0,1,0,0.675,0.32
267,4,-0.33314886689186096,-0.08927476406097412,0.4814950227737427,-0.18601557856753625,0.5870375657673196,0,0,0,0.12,0.01,0.0,0.01,0.1,0.9,-1.2,0.0,0,0,1,0,0.675,0.32
267,5,-0.5874243974685669,0.19095313549041748,2.517970561981201,0.42469948163934373,0.4074748195081171,0,0,0,0.12,0.01,0.0,0.01,0.1,0.9,-1.2,0.0,0,0,1,0,0.675,0.32
267,6,-0.5920047163963318,-0.42408761382102966,0.0355607308447361,0.4549252266877231,0.42141671228475,0,0,0,0.12,0.01,0.0,0.01,0.1,0.9,-1.2,0.0,0,0,1,0,0.675,0.32
267,7,-0.9283263683319092,0.028410205617547035,3.069568395614624,0.4615359794742614,0.49188299063377083,0,0,0,0.12,0.01,0.0,0.01,0.1,0.9,-1.2,0.0,0,0,1,0,0.675,0.32
268,0,0.03480437397956848,0.11292541772127151,0.18955054879188538,0.4839714492417526,0.44997873653400416,0,0,0,0.12,0.01,0.0,0.01,0.1,0.9,-1.2,0.0,0,0,1,0,0.675,0.32
268,1,-0.7298987507820129,-0.4108473062515259,-2.9614367485046387,0.5275932387043739,0.4678691788981652,0,0,0,0.12,0.01,0.0,0.01,0.1,0.9,-1.2,0.0,0,0,1,0,0.675,0.32
268,2,-0.3129832446575165,0.42650237679481506,-0.041122917085886,0.33930866252130937,0.3225810693626933,0,0,0,0.12,0.01,0.0,0.01,0.1,0.9,-1.2,0.0,0,0,1,0,0.675,0.32
268,3,-0.13035506010055542,-0.42452841997146606,0.017560752108693123,0.4534475750458283,0.4742606335151154,0,0,0,0.12,0.01,0.0,0.01,0.1,0.9,-1.2,0.0,0,0,1,0,0.675,0.32
268,4,-0.3327960669994354,-0.0890815258026123,0.5158493518829346,-0.12468851505037835,0.5246636360716491,0,0,0,0.12,0.01,0.0,0.01,0.1,0.9,-1.2,0.0,0,0,1,0,0.675,0.32
268,5,-0.5881004333496094,0.19143959879875183,2.5175697803497314,0.42599142420543096,0.4056597865794812,0,0,0,0.12,0.01,0.0,0.01,0.1,0.9,-1.2,0.0,0,0,1,0,0.675,0.32
268,6,-0.5911341905593872,-0.42405715584754944,0.03440868481993675,0.45602884225724866,0.42444357938886956,0,0,0,0.12,0.01,0.0,0.01,0.1,0.9,-1.2,0.0,0,0,1,0,0.675,0.32
268,7,-0.9292781352996826,0.02847781963646412,3.0714190006256104,0.46253205478489356,0.4902237540453676,0,0,0,0.12,0.01,0.0,0.01,0.1,0.9,-1.2,0.0,0,0,1,0,0.675,0.32
269,0,0.03572231903672218,0.11310099810361862,0.1884298026561737,0.48406473622349816,0.44934906735392494,0,0,0,0.12,0.01,0.0,0.01,0.1,0.9,-1.2,0.0,0,0,1,0,0.675,0.32
269,1,-0.7308781743049622,-0.41102471947669983,-2.963366985321045,0.43379726354286463,0.5600789552529118,0,0,0,0.12,0.01,0.0,0.01,0.1,0.9,-1.2,0.0,0,0,1,0,0.675,0.32
269,2,-0.3123209476470947,0.42647475004196167,-0.042381491512060165,0.3307038164432547,0.3303018593494394,0,0,0,0.12,0.01,0.0,0.01,0.1,0.9,-1.2,0.0,0,0,1,0,0.675,0.32
269,3,-0.12942656874656677,-0.42451193928718567,0.01818784326314926,0.41798579043913847,0.4821778004689121,0,0,0,0.12,0.01,0.0,0.01,0.1,0.9,-1.2,0.0,0,0,1,0,0.675,0.32
269,4,-0.3324505686759949,-0.08887716382741928,0.5441517233848572,-0.08046669408261325,0.47908536240040805,0,0,0,0.12,0.01,0.0,0.01,0.1,0.9,-1.2,0.0,0,0,1,0,0.675,0.32
269,5,-0.5887756943702698,0.19192609190940857,2.5169854164123535,0.42682351814045133,0.40432123197780434,0,0,0,0.12,0.01,0.0,0.01,0.1,0.9,-1.2,0.0,0,0,1,0,0.675,0.32
269,6,-0.5902592539787292,-0.42402762174606323,0.033251721411943436,0.4563640590411763,0.4279958967464825,0,0,0,0.12,0.01,0.0,0.01,0.1,0.9,-1.2,0.0,0,0,1,0,0.675,0.32
269,7,-0.9302293658256531,0.02854399010539055,3.0726046562194824,0.45993241186085204,0.49215177183208003,0,0,0,0.12,0.01,0.0,0.01,0.1,0.9,-1.2,0.0,0,0,1,0,0.675,0.32
270,0,0.036639947444200516,0.11327538639307022,0.1872425079345703,0.4838719112959621,0.4490024106415989,0,0,0,0.12,0.01,0.0,0.01,0.1,0.9,-1.2,0.0,0,0,1,0,0.675,0.32
270,1,-0.7318580150604248,-0.41120025515556335,-2.9654481410980225,0.4359113659552196,0.5581222687074087,0,0,0,0.12,0.01,0.0,0.01,0.1,0.9,-1.2,0.0,0,0,1,0,0.675,0.32
270,2,-0.31165948510169983,0.42644646763801575,-0.043053846806287766,0.3229536302572939,0.3371186964028624,0,0,0,0.12,0.01,0.0,0.01,0.1,0.9,-1.2,0.0,0,0,1,0,0.675,0.32
270,3,-0.1284988671541214,-0.42449480295181274,0.018831130117177963,0.4181511247517077,0.48173458930239993,0,0,0,0.12,0.01,0.0,0.01,0.1,0.9,-1.2,0.0,0,0,1,0,0.675,0.32
270,4,-0.33211103081703186,-0.08866481482982635,0.5678201913833618,-0.049517915173226096,0.44662095658367235,0,0,0,0.12,0.01,0.0,0.01,0.1,0.9,-1.2,0.0,0,0,1,0,0.675,0.32
270,5,-0.5894502997398376,0.19241270422935486,2.516280174255371,0.4274458364550209,0.4031974001820946,0,0,0,0.12,0.01,0.0,0.01,0.1,0.9,-1.2,0.0,0,0,1,0,0.675,0.32
270,6,-0.5893800854682922,-0.42399895191192627,0.032108742743730545,0.4561165338149397,0.43189724630209514,0,0,0,0.12,0.01,0.0,0.01,0.1,0.9,-1.2,0.0,0,0,1,0,0.675,0.32
270,7,-0.9311800599098206,0.0286091361194849,3.0736050605773926,0.4564122743793307,0.49499211833993817,0,0,0,0.12,0.01,0.0,0.01,0.1,0.9,-1.2,0.0,0,0,1,0,0.675,0.32
271,0,0.03755726292729378,0.11344855278730392,0.1860150694847107,0.4835838312057538,0.44874695597610037,0,0,0,0.12,0.01,0.0,0.01,0.1,0.9,-1.2,0.0,0,0,1,0,0.675,0.32
271,1,-0.7328367233276367,-0.4113749563694,-2.9623184204101562,0.48141376957942583,0.5127679230208244,0,0,0,0.12,0.01,0.0,0.01,0.1,0.9,-1.2,0.0,0,0,1,0,0.675,0.32
271,2,-0.31099891662597656,0.42641788721084595,-0.043181162327528,0.31651953504512814,0.3425749774174878,0,0,0,0.12,0.01,0.0,0.01,0.1,0.9,-1.2,0.0,0,0,1,0,0.675,0.32
271,3,-0.12759336829185486,-0.42447710037231445,0.020873835310339928,0.4254473300351653,0.4741901902780976,0,0,0,0.12,0.01,0.0,0.01,0.1,0.9,-1.2,0.0,0,0,1,0,0.675,0.32
271,4,-0.33177700638771057,-0.0884464755654335,0.5880995988845825,-0.029056951381115644,0.42464528975620724,0,0,0,0.12,0.01,0.0,0.01,0.1,0.9,-1.2,0.0,0,0,1,0,0.675,0.32
271,5,-0.5901240706443787,0.19289952516555786,2.5154919624328613,0.42800172674706066,0.40213898312995344,0,0,0,0.12,0.01,0.0,0.01,0.1,0.9,-1.2,0.0,0,0,1,0,0.675,0.32
271,6,-0.5884969234466553,-0.42397111654281616,0.031046323478221893,0.4555608062625904,0.4358471007465343,0,0,0,0.12,0.01,0.0,0.01,0.1,0.9,-1.2,0.0,0,0,1,0,0.675,0.32
271,7,-0.9321300983428955,0.028673280030488968,3.074714183807373,0.453572152080519,0.49714386659623877,0,0,0,0.12,0.01,0.0,0.01,0.1,0.9,-1.2,0.0,0,0,1,0,0.675,0.32
272,0,0.03847425803542137,0.11362050473690033,0.1847749501466751,0.48326379887683996,0.44851880438701497,0,0,0,0.12,0.01,0.0,0.01,0.1,0.9,-1.2,0.0,0,0,1,0,0.675,0.32
272,1,-0.7338144779205322,-0.4115539789199829,-2.957991123199463,0.5374413132069614,0.4568774104716274,0,0,0,0.12,0.01,0.0,0.01,0.1,0.9,-1.2,0.0,0,0,1,0,0.675,0.32
272,2,-0.3103392720222473,0.4263894855976105,-0.0428156815469265,0.3120047093911801,0.3460725305990543,0,0,0,0.12,0.01,0.0,0.01,0.1,0.9,-1.2,0.0,0,0,1,0,0.675,0.32
272,3,-0.12669363617897034,-0.42445752024650574,0.02318907156586647,0.4355061643544212,0.4638875729617104,0,0,0,0.12,0.01,0.0,0.01,0.1,0.9,-1.2,0.0,0,0,1,0,0.675,0.32
272,4,-0.3314480781555176,-0.08822329342365265,0.6059725880622864,-0.015803504843293858,0.40987666334587264,0,0,0,0.12,0.01,0.0,0.01,0.1,0.9,-1.2,0.0,0,0,1,0,0.675,0.32
272,5,-0.5907970070838928,0.19338661432266235,2.5146396160125732,0.4285661524414718,0.40106654704812167,0,0,0,0.12,0.01,0.0,0.01,0.1,0.9,-1.2,0.0,0,0,1,0,0.675,0.32
272,6,-0.5876100659370422,-0.42394399642944336,0.03015705943107605,0.4549747205252401,0.43960820670178025,0,0,0,0.12,0.01,0.0,0.01,0.1,0.9,-1.2,0.0,0,0,1,0,0.675,0.32
272,7,-0.9330795407295227,0.028736252337694168,3.0760338306427,0.4518957696449578,0.498121801804322,0,0,0,0.12,0.01,0.0,0.01,0.1,0.9,-1.2,0.0,0,0,1,0,0.675,0.32
273,0,0.0393909253180027,0.11379125714302063,0.18354225158691406,0.4829889422921182,0.4482407086821555,0,0,0,0.12,0.01,0.0,0.01,0.1,0.9,-1.2,0.0,0,0,1,0,0.675,0.32
273,1,-0.7347916960716248,-0.4117366373538971,-2.956242084503174,0.572326322844991,0.42211965675019336,0,0,0,0.12,0.01,0.0,0.01,0.1,0.9,-1.2,0.0,0,0,1,0,0.675,0.32
273,2,-0.3096805810928345,0.4263615608215332,-0.04198916628956795,0.30977223765742723,0.3472510730038887,0,0,0,0.12,0.01,0.0,0.01,0.1,0.9,-1.2,0.0,0,0,1,0,0.675,0.32
273,3,-0.1257942169904709,-0.4244360327720642,0.02489711157977581,0.4441739010536897,0.45497164252159716,0,0,0,0.12,0.01,0.0,0.01,0.1,0.9,-1.2,0.0,0,0,1,0,0.675,0.32
273,4,-0.33112403750419617,-0.0879957526922226,0.6222068667411804,-0.0072830423908489764,0.39985991569330864,0,0,0,0.12,0.01,0.0,0.01,0.1,0.9,-1.2,0.0,0,0,1,0,0.675,0.32
273,5,-0.5914691686630249,0.19387398660182953,2.5137298107147217,0.42916120183047296,0.3999568115514851,0,0,0,0.12,0.01,0.0,0.01,0.1,0.9,-1.2,0.0,0,0,1,0,0.675,0.32
273,6,-0.5867197513580322,-0.4239174723625183,0.029455045238137245,0.45460773671809346,0.44295107160862773,0,0,0,0.12,0.01,0.0,0.01,0.1,0.9,-1.2,0.0,0,0,1,0,0.675,0.32
273,7,-0.9340283870697021,0.02879786305129528,3.077538013458252,0.4512450722793732,0.498064097966751,0,0,0,0.12,0.01,0.0,0.01,0.1,0.9,-1.2,0.0,0,0,1,0,0.675,0.32
274,0,0.04030726104974747,0.11396081000566483,0.1823175698518753,0.4827635528116643,0.4479079602689326,0,0,0,0.12,0.01,0.0,0.01,0.1,0.9,-1.2,0.0,0,0,1,0,0.675,0.32
274,1,-0.7357690334320068,-0.4119194746017456,-2.9582879543304443,0.575483559206678,0.41908174888734656,0,0,0,0.12,0.01,0.0,0.01,0.1,0.9,-1.2,0.0,0,0,1,0,0.675,0.32
274,2,-0.30902284383773804,0.42633432149887085,-0.0408078171312809,0.30977143429946635,0.34616343594360616,0,0,0,0.12,0.01,0.0,0.01,0.1,0.9,-1.2,0.0,0,0,1,0,0.675,0.32
274,3,-0.12489507347345352,-0.4244130551815033,0.026012785732746124,0.4511524268782128,0.4477406314218056,0,0,0,0.12,0.01,0.0,0.01,0.1,0.9,-1.2,0.0,0,0,1,0,0.675,0.32
274,4,-0.3308049142360687,-0.0877639502286911,0.6373509764671326,-0.0017677074684531793,0.3928937441124351,0,0,0,0.12,0.01,0.0,0.01,0.1,0.9,-1.2,0.0,0,0,1,0,0.675,0.32
274,5,-0.5921403765678406,0.19436173141002655,2.512763738632202,0.4297805819901092,0.3988163675872223,0,0,0,0.12,0.01,0.0,0.01,0.1,0.9,-1.2,0.0,0,0,1,0,0.675,0.32
274,6,-0.5858261585235596,-0.42389145493507385,0.028880106285214424,0.45448965655901635,0.4458565629806259,0,0,0,0.12,0.01,0.0,0.01,0.1,0.9,-1.2,0.0,0,0,1,0,0.675,0.32
274,7,-0.9349766373634338,0.028857968747615814,3.0791518688201904,0.45127046611538607,0.49732112381228727,0,0,0,0.12,0.01,0.0,0.01,0.1,0.9,-1.2,0.0,0,0,1,0,0.675,0.32
275,0,0.04122325778007507,0.11412914097309113,0.18108704686164856,0.4825172774664921,0.4475903160698849,0,0,0,0.12,0.01,0.0,0.01,0.1,0.9,-1.2,0.0,0,0,1,0,0.675,0.32
275,1,-0.7367472052574158,-0.4120986759662628,-2.963080883026123,0.5552800603770806,0.4393970660305428,0,0,0,0.12,0.01,0.0,0.01,0.1,0.9,-1.2,0.0,0,0,1,0,0.675,0.32
275,2,-0.30836614966392517,0.42630794644355774,-0.039486877620220184,0.3115431240381084,0.34327010599958085,0,0,0,0.12,0.01,0.0,0.01,0.1,0.9,-1.2,0.0,0,0,1,0,0.675,0.32
275,3,-0.12399619817733765,-0.4243893325328827,0.026616450399160385,0.45617923804153626,0.442457997123106,0,0,0,0.12,0.01,0.0,0.01,0.1,0.9,-1.2,0.0,0,0,1,0,0.675,0.32
275,4,-0.33049076795578003,-0.08752800524234772,0.6517794132232666,0.00195608780646098,0.38778378321862444,0,0,0,0.12,0.01,0.0,0.01,0.1,0.9,-1.2,0.0,0,0,1,0,0.675,0.32
275,5,-0.5928106904029846,0.1948498636484146,2.5117359161376953,0.43040088435291973,0.3976685045135047,0,0,0,0.12,0.01,0.0,0.01,0.1,0.9,-1.2,0.0,0,0,1,0,0.675,0.32
275,6,-0.5849295854568481,-0.42386579513549805,0.02840421535074711,0.4548409497311775,0.4481138074824151,0,0,0,0.12,0.01,0.0,0.01,0.1,0.9,-1.2,0.0,0,0,1,0,0.675,0.32
275,7,-0.9359242916107178,0.028916483744978905,3.080800771713257,0.45162650936455,0.4962396324315621,0,0,0,0.12,0.01,0.0,0.01,0.1,0.9,-1.2,0.0,0,0,1,0,0.675,0.32
276,0,0.04213891550898552,0.11429623514413834,0.1798466593027115,0.48223474586422094,0.44730320608203755,0,0,0,0.12,0.01,0.0,0.01,0.1,0.9,-1.2,0.0,0,0,1,0,0.675,0.32
276,1,-0.7377264499664307,-0.41227245330810547,-2.968536853790283,0.5290559190682868,0.4657250386305354,0,0,0,0.12,0.01,0.0,0.01,0.1,0.9,-1.2,0.0,0,0,1,0,0.675,0.32
276,2,-0.3077104985713959,0.42628243565559387,-0.038226135075092316,0.3143934480729902,0.3392629750188983,0,0,0,0.12,0.01,0.0,0.01,0.1,0.9,-1.2,0.0,0,0,1,0,0.675,0.32
276,3,-0.12309757620096207,-0.42436543107032776,0.026609444990754128,0.4583187597065593,0.44005979129975786,0,0,0,0.12,0.01,0.0,0.01,0.1,0.9,-1.2,0.0,0,0,1,0,0.675,0.32
276,4,-0.33018144965171814,-0.08728812634944916,0.6657314300537109,0.004668824089296055,0.38375959573911883,0,0,0,0.12,0.01,0.0,0.01,0.1,0.9,-1.2,0.0,0,0,1,0,0.675,0.32
276,5,-0.5934801697731018,0.19533830881118774,2.510648727416992,0.4310302101500185,0.39650422702954685,0,0,0,0.12,0.01,0.0,0.01,0.1,0.9,-1.2,0.0,0,0,1,0,0.675,0.32
276,6,-0.5840301513671875,-0.4238404333591461,0.028061961755156517,0.45598235812400806,0.44941112313056963,0,0,0,0.12,0.01,0.0,0.01,0.1,0.9,-1.2,0.0,0,0,1,0,0.675,0.32
276,7,-0.9368712902069092,0.028973383828997612,3.082432508468628,0.4520578644485817,0.4950755574493064,0,0,0,0.12,0.01,0.0,0.01,0.1,0.9,-1.2,0.0,0,0,1,0,0.675,0.32
277,0,0.043054234236478806,0.11446207016706467,0.17860835790634155,0.4819733168351577,0.44698897345186017,0,0,0,0.12,0.01,0.0,0.01,0.1,0.9,-1.2,0.0,0,0,1,0,0.675,0.32
277,1,-0.7387067079544067,-0.41244128346443176,-2.9728989601135254,0.5117384890918707,0.4831385512943293,0,0,0,0.12,0.01,0.0,0.01,0.1,0.9,-1.2,0.0,0,0,1,0,0.675,0.32
277,2,-0.30705592036247253,0.42625778913497925,-0.037104252725839615,0.3180502007475149,0.3344155599603403,0,0,0,0.12,0.01,0.0,0.01,0.1,0.9,-1.2,0.0,0,0,1,0,0.675,0.32
277,3,-0.12219920009374619,-0.42434176802635193,0.02610282227396965,0.4577504867961227,0.44036681705214403,0,0,0,0.12,0.01,0.0,0.01,0.1,0.9,-1.2,0.0,0,0,1,0,0.675,0.32
277,4,-0.32987678050994873,-0.08704463392496109,0.6793471574783325,0.00679662206899041,0.3803974153684486,0,0,0,0.12,0.01,0.0,0.01,0.1,0.9,-1.2,0.0,0,0,1,0,0.675,0.32
277,5,-0.5941486358642578,0.1958272010087967,2.5094985961914062,0.43163073263535406,0.39536130227675526,0,0,0,0.12,0.01,0.0,0.01,0.1,0.9,-1.2,0.0,0,0,1,0,0.675,0.32
277,6,-0.5831280946731567,-0.4238152503967285,0.027838084846735,0.4579095998294139,0.4497608980648732,0,0,0,0.12,0.01,0.0,0.01,0.1,0.9,-1.2,0.0,0,0,1,0,0.675,0.32
277,7,-0.9378176927566528,0.02902868576347828,3.0840182304382324,0.452407809488023,0.4939852035124652,0,0,0,0.12,0.01,0.0,0.01,0.1,0.9,-1.2,0.0,0,0,1,0,0.675,0.32
278,0,0.04396919906139374,0.11462663859128952,0.17737755179405212,0.4817594992515493,0.44662099009781586,0,0,0,0.12,0.01,0.0,0.01,0.1,0.9,-1.2,0.0,0,0,1,0,0.675,0.32
278,1,-0.7396875619888306,-0.41260671615600586,-2.975501298904419,0.5091901973122872,0.48577547518069375,0,0,0,0.12,0.01,0.0,0.01,0.1,0.9,-1.2,0.0,0,0,1,0,0.675,0.32
278,2,-0.3064024746417999,0.42623385787010193,-0.03614909574389458,0.32217352367355917,0.329066765537714,0,0,0,0.12,0.01,0.0,0.01,0.1,0.9,-1.2,0.0,0,0,1,0,0.675,0.32
278,3,-0.1213010773062706,-0.4243185818195343,0.025468457490205765,0.4560141900784127,0.44183948242601234,0,0,0,0.12,0.01,0.0,0.01,0.1,0.9,-1.2,0.0,0,0,1,0,0.675,0.32
278,4,-0.32957643270492554,-0.08679790794849396,0.6927076578140259,0.008555475973836624,0.37747892329717475,0,0,0,0.12,0.01,0.0,0.01,0.1,0.9,-1.2,0.0,0,0,1,0,0.675,0.32
278,5,-0.5948160886764526,0.19631657004356384,2.5082855224609375,0.43219276701693465,0.394247507698489,0,0,0,0.12,0.01,0.0,0.01,0.1,0.9,-1.2,0.0,0,0,1,0,0.675,0.32
278,6,-0.5822235345840454,-0.42379021644592285,0.027618199586868286,0.46001595663036016,0.44977742029224727,0,0,0,0.12,0.01,0.0,0.01,0.1,0.9,-1.2,0.0,0,0,1,0,0.675,0.32
278,7,-0.938763439655304,0.029082441702485085,3.0855491161346436,0.45260333441967193,0.4930411038470822,0,0,0,0.12,0.01,0.0,0.01,0.1,0.9,-1.2,0.0,0,0,1,0,0.675,0.32
279,0,0.04488380625844002,0.11478996276855469,0.17614232003688812,0.48152875527292494,0.4462639726743102,0,0,0,0.12,0.01,0.0,0.01,0.1,0.9,-1.2,0.0,0,0,1,0,0.675,0.32
279,1,-0.7406688928604126,-0.4127703905105591,-2.976759910583496,0.5180775371750748,0.47696973407660376,0,0,0,0.12,0.01,0.0,0.01,0.1,0.9,-1.2,0.0,0,0,1,0,0.675,0.32
279,2,-0.30575019121170044,0.42621052265167236,-0.03546414151787758,0.3262253403586762,0.32375514508062436,0,0,0,0.12,0.01,0.0,0.01,0.1,0.9,-1.2,0.0,0,0,1,0,0.675,0.32
279,3,-0.12040319293737411,-0.42429596185684204,0.0249328576028347,0.4540992748351372,0.4434882629303658,0,0,0,0.12,0.01,0.0,0.01,0.1,0.9,-1.2,0.0,0,0,1,0,0.675,0.32
279,4,-0.3292801082134247,-0.08654828369617462,0.7058665156364441,0.01009407208005411,0.37485176756342425,0,0,0,0.12,0.01,0.0,0.01,0.1,0.9,-1.2,0.0,0,0,1,0,0.675,0.32
279,5,-0.5954824686050415,0.19680650532245636,2.507011890411377,0.432708888407019,0.3931703873917785,0,0,0,0.12,0.01,0.0,0.01,0.1,0.9,-1.2,0.0,0,0,1,0,0.675,0.32
279,6,-0.5813166499137878,-0.4237653315067291,0.027304479852318764,0.4617410276514979,0.450028720082572,0,0,0,0.12,0.01,0.0,0.01,0.1,0.9,-1.2,0.0,0,0,1,0,0.675,0.32
279,7,-0.9397085309028625,0.02913471683859825,3.0870285034179688,0.45263989160068946,0.4922470908402591,0,0,0,0.12,0.01,0.0,0.01,0.1,0.9,-1.2,0.0,0,0,1,0,0.675,0.32
280,0,0.04579804465174675,0.11495204269886017,0.17489346861839294,0.4812346938969706,0.4459643121836568,0,0,0,0.12,0.01,0.0,0.01,0.1,0.9,-1.2,0.0,0,0,1,0,0.675,0.32
280,1,-0.741650402545929,-0.41293320059776306,-2.9776291847229004,0.5303660138409776,0.46475600163524916,0,0,0,0.12,0.01,0.0,0.01,0.1,0.9,-1.2,0.0,0,0,1,0,0.675,0.32
280,2,-0.30509909987449646,0.42618757486343384,-0.03515986353158951,0.3295021239173218,0.319183569823523,0,0,0,0.12,0.01,0.0,0.01,0.1,0.9,-1.2,0.0,0,0,1,0,0.675,0.32
280,3,-0.11950556188821793,-0.42427390813827515,0.024437524378299713,0.45174883126832466,0.4455700683631756,0,0,0,0.12,0.01,0.0,0.01,0.1,0.9,-1.2,0.0,0,0,1,0,0.675,0.32
280,4,-0.3289876878261566,-0.08629592508077621,0.7188595533370972,0.011494131239051224,0.3724301741999442,0,0,0,0.12,0.01,0.0,0.01,0.1,0.9,-1.2,0.0,0,0,1,0,0.675,0.32
280,5,-0.5961477756500244,0.19729700684547424,2.505678653717041,0.43317126605699074,0.3921369376402138,0,0,0,0.12,0.01,0.0,0.01,0.1,0.9,-1.2,0.0,0,0,1,0,0.675,0.32
280,6,-0.5804076194763184,-0.4237407147884369,0.026919111609458923,0.4630575315134871,0.45054952939578424,0,0,0,0.12,0.01,0.0,0.01,0.1,0.9,-1.2,0.0,0,0,1,0,0.675,0.32
280,7,-0.9406529664993286,0.029185578227043152,3.088465690612793,0.45255408867686087,0.49156619921834177,0,0,0,0.12,0.01,0.0,0.01,0.1,0.9,-1.2,0.0,0,0,1,0,0.675,0.32
281,0,0.04671189934015274,0.11511291563510895,0.17364074289798737,0.4809272491724617,0.44567225339101485,0,0,0,0.12,0.01,0.0,0.01,0.1,0.9,-1.2,0.0,0,0,1,0,0.675,0.32
281,1,-0.7426322102546692,-0.413095086812973,-2.97895884513855,0.5387730858930909,0.4564171769014037,0,0,0,0.12,0.01,0.0,0.01,0.1,0.9,-1.2,0.0,0,0,1,0,0.675,0.32
281,2,-0.30444929003715515,0.42616474628448486,-0.03522501140832901,0.33161612568816323,0.31573972882309775,0,0,0,0.12,0.01,0.0,0.01,0.1,0.9,-1.2,0.0,0,0,1,0,0.675,0.32
281,3,-0.11860818415880203,-0.4242522716522217,0.023942865431308746,0.4489092013444568,0.44813825873473634,0,0,0,0.12,0.01,0.0,0.01,0.1,0.9,-1.2,0.0,0,0,1,0,0.675,0.32
281,4,-0.3286990821361542,-0.08604083955287933,0.73170405626297,0.012842416999653316,0.37012436962334777,0,0,0,0.12,0.01,0.0,0.01,0.1,0.9,-1.2,0.0,0,0,1,0,0.675,0.32
281,5,-0.5968118906021118,0.1977880746126175,2.5042881965637207,0.4335735128770266,0.39115449920793427,0,0,0,0.12,0.01,0.0,0.01,0.1,0.9,-1.2,0.0,0,0,1,0,0.675,0.32
281,6,-0.5794965624809265,-0.42371633648872375,0.02652711607515812,0.4643005218347109,0.4510109338919126,0,0,0,0.12,0.01,0.0,0.01,0.1,0.9,-1.2,0.0,0,0,1,0,0.675,0.32
281,7,-0.9415967464447021,0.029235078021883965,3.089871644973755,0.4524091399120985,0.4909351551127733,0,0,0,0.12,0.01,0.0,0.01,0.1,0.9,-1.2,0.0,0,0,1,0,0.675,0.32
282,0,0.04762537032365799,0.11527256667613983,0.1723962277173996,0.4806689470061309,0.44532521078500686,0,0,0,0.12,0.01,0.0,0.01,0.1,0.9,-1.2,0.0,0,0,1,0,0.675,0.32
282,1,-0.7436143159866333,-0.41325533390045166,-2.981100559234619,0.5402123346490143,0.45504003618533634,0,0,0,0.12,0.01,0.0,0.01,0.1,0.9,-1.2,0.0,0,0,1,0,0.675,0.32
282,2,-0.3038007318973541,0.4261418581008911,-0.035534195601940155,0.33270852797170564,0.31328220136026463,0,0,0,0.12,0.01,0.0,0.01,0.1,0.9,-1.2,0.0,0,0,1,0,0.675,0.32
282,3,-0.11771106719970703,-0.4242309629917145,0.023639287799596786,0.44653133698809994,0.4502413456786786,0,0,0,0.12,0.01,0.0,0.01,0.1,0.9,-1.2,0.0,0,0,1,0,0.675,0.32
282,4,-0.3284144699573517,-0.08578285574913025,0.7444082498550415,0.014213317436575145,0.36785713453829366,0,0,0,0.12,0.01,0.0,0.01,0.1,0.9,-1.2,0.0,0,0,1,0,0.675,0.32
282,5,-0.5974749326705933,0.1982797086238861,2.502845048904419,0.43393666557385724,0.390202691039302,0,0,0,0.12,0.01,0.0,0.01,0.1,0.9,-1.2,0.0,0,0,1,0,0.675,0.32
282,6,-0.5785836577415466,-0.4236923158168793,0.026116875931620598,0.46538104510622147,0.4515085031954753,0,0,0,0.12,0.01,0.0,0.01,0.1,0.9,-1.2,0.0,0,0,1,0,0.675,0.32
282,7,-0.9425397515296936,0.029283249750733376,3.091254949569702,0.45225849859587,0.4903008032573099,0,0,0,0.12,0.01,0.0,0.01,0.1,0.9,-1.2,0.0,0,0,1,0,0.675,0.32
283,0,0.0485384427011013,0.11543101072311401,0.17115361988544464,0.4804296493043698,0.4449534416685305,0,0,0,0.12,0.01,0.0,0.01,0.1,0.9,-1.2,0.0,0,0,1,0,0.675,0.32
283,1,-0.7445968985557556,-0.41341304779052734,-2.983884334564209,0.5360514993512681,0.45925701905846084,0,0,0,0.12,0.01,0.0,0.01,0.1,0.9,-1.2,0.0,0,0,1,0,0.675,0.32
283,2,-0.30315351486206055,0.42611873149871826,-0.036018554121255875,0.3327310242413708,0.3118591151476673,0,0,0,0.12,0.01,0.0,0.01,0.1,0.9,-1.2,0.0,0,0,1,0,0.675,0.32
283,3,-0.11681421846151352,-0.4242098331451416,0.0236502792686224,0.44530083524941955,0.45119349372625794,0,0,0,0.12,0.01,0.0,0.01,0.1,0.9,-1.2,0.0,0,0,1,0,0.675,0.32
283,4,-0.32813403010368347,-0.08552177995443344,0.7569811940193176,0.015692332860386786,0.36554085266932207,0,0,0,0.12,0.01,0.0,0.01,0.1,0.9,-1.2,0.0,0,0,1,0,0.675,0.32
283,5,-0.598136842250824,0.19877193868160248,2.5013527870178223,0.4342594013456769,0.38928504130797914,0,0,0,0.12,0.01,0.0,0.01,0.1,0.9,-1.2,0.0,0,0,1,0,0.675,0.32
283,6,-0.5776689648628235,-0.42366868257522583,0.025633767247200012,0.4660645023932439,0.45228273710107986,0,0,0,0.12,0.01,0.0,0.01,0.1,0.9,-1.2,0.0,0,0,1,0,0.675,0.32
283,7,-0.9434821009635925,0.02933010831475258,3.092620372772217,0.45214860834164855,0.48961675964312323,0,0,0,0.12,0.01,0.0,0.01,0.1,0.9,-1.2,0.0,0,0,1,0,0.675,0.32
284,0,0.04945111647248268,0.11558821052312851,0.16989964246749878,0.4801417344016342,0.44462444849784083,0,0,0,0.12,0.01,0.0,0.01,0.1,0.9,-1.2,0.0,0,0,1,0,0.675,0.32
284,1,-0.7455800771713257,-0.41356781125068665,-2.9868648052215576,0.5300840636399294,0.46527482069463477,0,0,0,0.12,0.01,0.0,0.01,0.1,0.9,-1.2,0.0,0,0,1,0,0.675,0.32
284,2,-0.3025076985359192,0.42609524726867676,-0.036682453006505966,0.3314730983398777,0.31168205922619285,0,0,0,0.12,0.01,0.0,0.01,0.1,0.9,-1.2,0.0,0,0,1,0,0.675,0.32
284,3,-0.1159176453948021,-0.42418867349624634,0.023816507309675217,0.44465458886213166,0.45155721409731053,0,0,0,0.12,0.01,0.0,0.01,0.1,0.9,-1.2,0.0,0,0,1,0,0.675,0.32
284,4,-0.3278578221797943,-0.08525753766298294,0.7694294452667236,0.017330544121159232,0.36311976420174724,0,0,0,0.12,0.01,0.0,0.01,0.1,0.9,-1.2,0.0,0,0,1,0,0.675,0.32
284,5,-0.5987975001335144,0.1992647796869278,2.499814033508301,0.434539650459908,0.3884043946069255,0,0,0,0.12,0.01,0.0,0.01,0.1,0.9,-1.2,0.0,0,0,1,0,0.675,0.32
284,6,-0.5767527222633362,-0.4236454367637634,0.025105314329266548,0.4665078019406605,0.4531821513865184,0,0,0,0.12,0.01,0.0,0.01,0.1,0.9,-1.2,0.0,0,0,1,0,0.675,0.32
284,7,-0.9444237351417542,0.029375655576586723,3.0939688682556152,0.45209348535083915,0.4888692464873872,0,0,0,0.12,0.01,0.0,0.01,0.1,0.9,-1.2,0.0,0,0,1,0,0.675,0.32
285,0,0.050363387912511826,0.11574414372444153,0.16863761842250824,0.4798202012149444,0.4443232323559174,0,0,0,0.12,0.01,0.0,0.01,0.1,0.9,-1.2,0.0,0,0,1,0,0.675,0.32
285,1,-0.746563732624054,-0.41371965408325195,-2.9896295070648193,0.5258793072973797,0.4695242209161212,0,0,0,0.12,0.01,0.0,0.01,0.1,0.9,-1.2,0.0,0,0,1,0,0.675,0.32
285,2,-0.30186325311660767,0.4260714054107666,-0.03745810315012932,0.3291736014511543,0.3125116459701103,0,0,0,0.12,0.01,0.0,0.01,0.1,0.9,-1.2,0.0,0,0,1,0,0.675,0.32
285,3,-0.11502134799957275,-0.42416736483573914,0.02394111640751362,0.4437866895435513,0.452138474679166,0,0,0,0.12,0.01,0.0,0.01,0.1,0.9,-1.2,0.0,0,0,1,0,0.675,0.32
285,4,-0.3275858163833618,-0.08499019593000412,0.7817481160163879,0.01909915538072999,0.3606218603110272,0,0,0,0.12,0.01,0.0,0.01,0.1,0.9,-1.2,0.0,0,0,1,0,0.675,0.32
285,5,-0.5994569659233093,0.19975830614566803,2.4982306957244873,0.4347884064832875,0.38754963816011456,0,0,0,0.12,0.01,0.0,0.01,0.1,0.9,-1.2,0.0,0,0,1,0,0.675,0.32
285,6,-0.5758349299430847,-0.42362260818481445,0.02461886964738369,0.4671241244267243,0.4537980357218963,0,0,0,0.12,0.01,0.0,0.01,0.1,0.9,-1.2,0.0,0,0,1,0,0.675,0.32
285,7,-0.9453645944595337,0.02941988967359066,3.0952978134155273,0.45207740202001767,0.4880738721842364,0,0,0,0.12,0.01,0.0,0.01,0.1,0.9,-1.2,0.0,0,0,1,0,0.675,0.32
286,0,0.051275257021188736,0.11589880287647247,0.16738177835941315,0.47953170908413617,0.443983253112214,0,0,0,0.12,0.01,0.0,0.01,0.1,0.9,-1.2,0.0,0,0,1,0,0.675,0.32
286,1,-0.7475478053092957,-0.41386905312538147,-2.9919991493225098,0.5250449372828565,0.4703976915776171,0,0,0,0.12,0.01,0.0,0.01,0.1,0.9,-1.2,0.0,0,0,1,0,0.675,0.32
286,2,-0.30122026801109314,0.426047146320343,-0.03818465396761894,0.32627348390649713,0.31390793832708436,0,0,0,0.12,0.01,0.0,0.01,0.1,0.9,-1.2,0.0,0,0,1,0,0.675,0.32
286,3,-0.1141253411769867,-0.4241458475589752,0.024117039516568184,0.44318144262649783,0.45245297013900504,0,0,0,0.12,0.01,0.0,0.01,0.1,0.9,-1.2,0.0,0,0,1,0,0.675,0.32
286,4,-0.3273177742958069,-0.08471997082233429,0.7939239740371704,0.0209438988868077,0.3580962827500026,0,0,0,0.12,0.01,0.0,0.01,0.1,0.9,-1.2,0.0,0,0,1,0,0.675,0.32
286,5,-0.6001150608062744,0.20025254786014557,2.4966061115264893,0.4349932982316973,0.3867330835470197,0,0,0,0.12,0.01,0.0,0.01,0.1,0.9,-1.2,0.0,0,0,1,0,0.675,0.32
286,6,-0.5749157667160034,-0.4236002266407013,0.024181801825761795,0.46790862589726184,0.45413982361903454,0,0,0,0.12,0.01,0.0,0.01,0.1,0.9,-1.2,0.0,0,0,1,0,0.675,0.32
286,7,-0.9463047385215759,0.029462823644280434,3.0966031551361084,0.45207693841414626,0.4872536394361955,0,0,0,0.12,0.01,0.0,0.01,0.1,0.9,-1.2,0.0,0,0,1,0,0.675,0.32
287,0,0.05218670889735222,0.11605217307806015,0.16613201797008514,0.4792695452823442,0.4436111042843061,0,0,0,0.12,0.01,0.0,0.01,0.1,0.9,-1.2,0.0,0,0,1,0,0.675,0.32
287,1,-0.748532235622406,-0.41401633620262146,-2.994047164916992,0.5269880941744557,0.468488211310316,0,0,0,0.12,0.01,0.0,0.01,0.1,0.9,-1.2,0.0,0,0,1,0,0.675,0.32
287,2,-0.300578773021698,0.4260224997997284,-0.03876263275742531,0.3231671431304744,0.3154768368957707,0,0,0,0.12,0.01,0.0,0.01,0.1,0.9,-1.2,0.0,0,0,1,0,0.675,0.32
287,3,-0.11322962492704391,-0.4241241216659546,0.02446560189127922,0.44340882635333506,0.45193096065304306,0,0,0,0.12,0.01,0.0,0.01,0.1,0.9,-1.2,0.0,0,0,1,0,0.675,0.32
287,4,-0.3270534574985504,-0.08444713801145554,0.8059486746788025,0.022797655470735836,0.35560928641998074,0,0,0,0.12,0.01,0.0,0.01,0.1,0.9,-1.2,0.0,0,0,1,0,0.675,0.32
287,5,-0.6007719039916992,0.2007475644350052,2.4949426651000977,0.4351626967080102,0.38594516767187254,0,0,0,0.12,0.01,0.0,0.01,0.1,0.9,-1.2,0.0,0,0,1,0,0.675,0.32
287,6,-0.5739953517913818,-0.42357826232910156,0.0237104594707489,0.46845432364454737,0.4546185509015036,0,0,0,0.12,0.01,0.0,0.01,0.1,0.9,-1.2,0.0,0,0,1,0,0.675,0.32
287,7,-0.9472441077232361,0.029504485428333282,3.09788179397583,0.45206828619020034,0.4864321777723546,0,0,0,0.12,0.01,0.0,0.01,0.1,0.9,-1.2,0.0,0,0,1,0,0.675,0.32
288,0,0.05309773609042168,0.11620429158210754,0.16487400233745575,0.4789603754317792,0.4432802990639178,0,0,0,0.12,0.01,0.0,0.01,0.1,0.9,-1.2,0.0,0,0,1,0,0.675,0.32
288,1,-0.7495169639587402,-0.4141617715358734,-2.995988130569458,0.529878815143245,0.4656259217570846,0,0,0,0.12,0.01,0.0,0.01,0.1,0.9,-1.2,0.0,0,0,1,0,0.675,0.32
288,2,-0.29993876814842224,0.4259975254535675,-0.03921086713671684,0.3198809953024503,0.3171927003571871,0,0,0,0.12,0.01,0.0,0.01,0.1,0.9,-1.2,0.0,0,0,1,0,0.675,0.32
288,3,-0.11233420670032501,-0.42410215735435486,0.024872107431292534,0.44396910469597994,0.45107212264471824,0,0,0,0.12,0.01,0.0,0.01,0.1,0.9,-1.2,0.0,0,0,1,0,0.675,0.32
288,4,-0.3267926275730133,-0.08417192101478577,0.817822277545929,0.02463759005115174,0.35318117320492126,0,0,0,0.12,0.01,0.0,0.01,0.1,0.9,-1.2,0.0,0,0,1,0,0.675,0.32
288,5,-0.6014273762702942,0.2012433558702469,2.4932429790496826,0.43529826581746,0.38518351137370205,0,0,0,0.12,0.01,0.0,0.01,0.1,0.9,-1.2,0.0,0,0,1,0,0.675,0.32
288,6,-0.5730738043785095,-0.42355668544769287,0.023177828639745712,0.46863571423221007,0.4553632376797163,0,0,0,0.12,0.01,0.0,0.01,0.1,0.9,-1.2,0.0,0,0,1,0,0.675,0.32
288,7,-0.9481827616691589,0.02954491414129734,3.0991320610046387,0.4520412158589294,0.4856196570773194,0,0,0,0.12,0.01,0.0,0.01,0.1,0.9,-1.2,0.0,0,0,1,0,0.675,0.32
289,0,0.05400833114981651,0.11635516583919525,0.16360493004322052,0.47858458601334725,0.44301003373762937,0,0,0,0.12,0.01,0.0,0.01,0.1,0.9,-1.2,0.0,0,0,1,0,0.675,0.32
289,1,-0.7505020499229431,-0.41430532932281494,-2.9980249404907227,0.5319586575997786,0.4635693251120135,0,0,0,0.12,0.01,0.0,0.01,0.1,0.9,-1.2,0.0,0,0,1,0,0.675,0.32
289,2,-0.29930031299591064,0.4259723722934723,-0.03955141454935074,0.3165702851624793,0.3189018932966882,0,0,0,0.12,0.01,0.0,0.01,0.1,0.9,-1.2,0.0,0,0,1,0,0.675,0.32
289,3,-0.11143908649682999,-0.42407986521720886,0.02514859475195408,0.44407792758086817,0.4506607465829501,0,0,0,0.12,0.01,0.0,0.01,0.1,0.9,-1.2,0.0,0,0,1,0,0.675,0.32
289,4,-0.3265351951122284,-0.08389440923929214,0.8295465707778931,0.026459071439243483,0.35081705113079437,0,0,0,0.12,0.01,0.0,0.01,0.1,0.9,-1.2,0.0,0,0,1,0,0.675,0.32
289,5,-0.6020814776420593,0.20173990726470947,2.491508960723877,0.4354059486654675,0.3844416351052845,0,0,0,0.12,0.01,0.0,0.01,0.1,0.9,-1.2,0.0,0,0,1,0,0.675,0.32
289,6,-0.5721511840820312,-0.42353555560112,0.022664884105324745,0.4688212680931925,0.45600898979941606,0,0,0,0.12,0.01,0.0,0.01,0.1,0.9,-1.2,0.0,0,0,1,0,0.675,0.32
289,7,-0.9491205811500549,0.029584156349301338,3.100353479385376,0.4519941725678064,0.4848175725989721,0,0,0,0.12,0.01,0.0,0.01,0.1,0.9,-1.2,0.0,0,0,1,0,0.675,0.32
290,0,0.054918479174375534,0.11650481075048447,0.16233967244625092,0.47821860787321563,0.4427241158778526,0,0,0,0.12,0.01,0.0,0.01,0.1,0.9,-1.2,0.0,0,0,1,0,0.675,0.32
290,1,-0.7514874339103699,-0.41444677114486694,-3.0002503395080566,0.5323969622790656,0.46314925945402763,0,0,0,0.12,0.01,0.0,0.01,0.1,0.9,-1.2,0.0,0,0,1,0,0.675,0.32
290,2,-0.2986634373664856,0.4259470999240875,-0.03971868008375168,0.3135379275786808,0.3203022161018917,0,0,0,0.12,0.01,0.0,0.01,0.1,0.9,-1.2,0.0,0,0,1,0,0.675,0.32
290,3,-0.11054427176713943,-0.42405733466148376,0.025331392884254456,0.4438247093131037,0.4506071797440557,0,0,0,0.12,0.01,0.0,0.01,0.1,0.9,-1.2,0.0,0,0,1,0,0.675,0.32
290,4,-0.32628118991851807,-0.0836145356297493,0.8411197662353516,0.028288547194244028,0.3484861513016208,0,0,0,0.12,0.01,0.0,0.01,0.1,0.9,-1.2,0.0,0,0,1,0,0.675,0.32
290,5,-0.6027342081069946,0.20223718881607056,2.4897427558898926,0.43548618615387447,0.3837195748019362,0,0,0,0.12,0.01,0.0,0.01,0.1,0.9,-1.2,0.0,0,0,1,0,0.675,0.32
290,6,-0.5712276101112366,-0.42351484298706055,0.02222348004579544,0.4693032616602055,0.4562668090833554,0,0,0,0.12,0.01,0.0,0.01,0.1,0.9,-1.2,0.0,0,0,1,0,0.675,0.32
290,7,-0.9500576853752136,0.02962225116789341,3.1015474796295166,0.45194228632868294,0.4840107943254613,0,0,0,0.12,0.01,0.0,0.01,0.1,0.9,-1.2,0.0,0,0,1,0,0.675,0.32
291,0,0.05582817271351814,0.11665324121713638,0.16108624637126923,0.47790053876333616,0.442383792081543,0,0,0,0.12,0.01,0.0,0.01,0.1,0.9,-1.2,0.0,0,0,1,0,0.675,0.32
291,1,-0.7524731755256653,-0.4145858883857727,-3.0026323795318604,0.5314458195299622,0.464113694038916,0,0,0,0.12,0.01,0.0,0.01,0.1,0.9,-1.2,0.0,0,0,1,0,0.675,0.32
291,2,-0.2980281412601471,0.42592188715934753,-0.039648380130529404,0.31127451991647,0.32090503836066014,0,0,0,0.12,0.01,0.0,0.01,0.1,0.9,-1.2,0.0,0,0,1,0,0.675,0.32
291,3,-0.10964976251125336,-0.42403456568717957,0.025591669604182243,0.44398848915999006,0.4501321444421524,0,0,0,0.12,0.01,0.0,0.01,0.1,0.9,-1.2,0.0,0,0,1,0,0.675,0.32
291,4,-0.3260308504104614,-0.08333215117454529,0.8525421023368835,0.030165496077360233,0.3461493525840625,0,0,0,0.12,0.01,0.0,0.01,0.1,0.9,-1.2,0.0,0,0,1,0,0.675,0.32
291,5,-0.6033856272697449,0.20273521542549133,2.4879467487335205,0.43556061233793175,0.38299599443163,0,0,0,0.12,0.01,0.0,0.01,0.1,0.9,-1.2,0.0,0,0,1,0,0.675,0.32
291,6,-0.570303201675415,-0.42349451780319214,0.021787550300359726,0.4697885680082824,0.45643256427015994,0,0,0,0.12,0.01,0.0,0.01,0.1,0.9,-1.2,0.0,0,0,1,0,0.675,0.32
291,7,-0.9509938955307007,0.029659230262041092,3.1027145385742188,0.4518877313892818,0.4831973864276432,0,0,0,0.12,0.01,0.0,0.01,0.1,0.9,-1.2,0.0,0,0,1,0,0.675,0.32
292,0,0.05673740804195404,0.11680043488740921,0.15983274579048157,0.477571791916165,0.44204770872088955,0,0,0,0.12,0.01,0.0,0.01,0.1,0.9,-1.2,0.0,0,0,1,0,0.675,0.32
292,1,-0.7534593343734741,-0.4147225320339203,-3.0050675868988037,0.529992622090007,0.4655752957337846,0,0,0,0.12,0.01,0.0,0.01,0.1,0.9,-1.2,0.0,0,0,1,0,0.675,0.32
292,2,-0.2973944842815399,0.4258968234062195,-0.039400678128004074,0.3097026608798331,0.32078913227583705,0,0,0,0.12,0.01,0.0,0.01,0.1,0.9,-1.2,0.0,0,0,1,0,0.675,0.32
292,3,-0.10875556617975235,-0.42401158809661865,0.025926489382982254,0.44452360986597433,0.44928105951421365,0,0,0,0.12,0.01,0.0,0.01,0.1,0.9,-1.2,0.0,0,0,1,0,0.675,0.32
292,4,-0.32578426599502563,-0.08304713666439056,0.8638184070587158,0.03214181036674602,0.343749964526061,0,0,0,0.12,0.01,0.0,0.01,0.1,0.9,-1.2,0.0,0,0,1,0,0.675,0.32
292,5,-0.6040356755256653,0.2032339721918106,2.4861226081848145,0.4356269727241125,0.38227434058078863,0,0,0,0.12,0.01,0.0,0.01,0.1,0.9,-1.2,0.0,0,0,1,0,0.675,0.32
292,6,-0.5693779587745667,-0.42347463965415955,0.021288881078362465,0.4699068031996733,0.45687955992517415,0,0,0,0.12,0.01,0.0,0.01,0.1,0.9,-1.2,0.0,0,0,1,0,0.675,0.32
292,7,-0.9519293308258057,0.02969510667026043,3.1038551330566406,0.45183966528395747,0.4823680721618739,0,0,0,0.12,0.01,0.0,0.01,0.1,0.9,-1.2,0.0,0,0,1,0,0.675,0.32
293,0,0.05764618143439293,0.11694638431072235,0.1585693359375,0.4771828721009727,0.44176512260804224,0,0,0,0.12,0.01,0.0,0.01,0.1,0.9,-1.2,0.0,0,0,1,0,0.675,0.32
293,1,-0.7544457912445068,-0.4148567318916321,-3.0074548721313477,0.5289176325086323,0.4666538019892009,0,0,0,0.12,0.01,0.0,0.01,0.1,0.9,-1.2,0.0,0,0,1,0,0.675,0.32
293,2,-0.29676246643066406,0.42587199807167053,-0.03909061476588249,0.30856600762987496,0.32021274803495053,0,0,0,0.12,0.01,0.0,0.01,0.1,0.9,-1.2,0.0,0,0,1,0,0.675,0.32
293,3,-0.10786168277263641,-0.42398837208747864,0.026157278567552567,0.44463430543919813,0.4488492737195849,0,0,0,0.12,0.01,0.0,0.01,0.1,0.9,-1.2,0.0,0,0,1,0,0.675,0.32
293,4,-0.32554149627685547,-0.08275947719812393,0.8749504089355469,0.03423418362271432,0.34126953523028253,0,0,0,0.12,0.01,0.0,0.01,0.1,0.9,-1.2,0.0,0,0,1,0,0.675,0.32
293,5,-0.6046842932701111,0.20373350381851196,2.4842700958251953,0.4356744298929237,0.38156580829677356,0,0,0,0.12,0.01,0.0,0.01,0.1,0.9,-1.2,0.0,0,0,1,0,0.675,0.32
293,6,-0.5684520602226257,-0.423455148935318,0.020778512582182884,0.46995090250945964,0.4573171257498177,0,0,0,0.12,0.01,0.0,0.01,0.1,0.9,-1.2,0.0,0,0,1,0,0.675,0.32
293,7,-0.9528639912605286,0.029729895293712616,3.104969024658203,0.4517983313389182,0.48152242938801043,0,0,0,0.12,0.01,0.0,0.01,0.1,0.9,-1.2,0.0,0,0,1,0,0.675,0.32
294,0,0.05855448544025421,0.11709105968475342,0.15730628371238708,0.4767824666832339,0.441487227168237,0,0,0,0.12,0.01,0.0,0.01,0.1,0.9,-1.2,0.0,0,0,1,0,0.675,0.32
294,1,-0.7554325461387634,-0.41498860716819763,-3.009746789932251,0.5286488606090838,0.46692132219120913,0,0,0,0.12,0.01,0.0,0.01,0.1,0.9,-1.2,0.0,0,0,1,0,0.675,0.32
294,2,-0.2961321175098419,0.42584747076034546,-0.03874434903264046,0.3078683325851885,0.3191727688705,0,0,0,0.12,0.01,0.0,0.01,0.1,0.9,-1.2,0.0,0,0,1,0,0.675,0.32
294,3,-0.10696811974048615,-0.4239650070667267,0.026256941258907318,0.44413192205510155,0.44902544088282564,0,0,0,0.12,0.01,0.0,0.01,0.1,0.9,-1.2,0.0,0,0,1,0,0.675,0.32
294,4,-0.32530245184898376,-0.08246927708387375,0.8859306573867798,0.036408355019553806,0.3387404181738056,0,0,0,0.12,0.01,0.0,0.01,0.1,0.9,-1.2,0.0,0,0,1,0,0.675,0.32
294,5,-0.6053314805030823,0.20423386991024017,2.482389450073242,0.43570648686867464,0.38086659653205174,0,0,0,0.12,0.01,0.0,0.01,0.1,0.9,-1.2,0.0,0,0,1,0,0.675,0.32
294,6,-0.5675256252288818,-0.42343613505363464,0.020338594913482666,0.470272242831269,0.45739597101303026,0,0,0,0.12,0.01,0.0,0.01,0.1,0.9,-1.2,0.0,0,0,1,0,0.675,0.32
294,7,-0.9537977576255798,0.029763609170913696,3.106055736541748,0.4517584795440792,0.48066576772078295,0,0,0,0.12,0.01,0.0,0.01,0.1,0.9,-1.2,0.0,0,0,1,0,0.675,0.32
295,0,0.05946231260895729,0.11723446100950241,0.15605637431144714,0.47642940475538464,0.44115525291368274,0,0,0,0.12,0.01,0.0,0.01,0.1,0.9,-1.2,0.0,0,0,1,0,0.675,0.32
295,1,-0.7564196586608887,-0.41511836647987366,-3.011957883834839,0.5290809002602558,0.46648320286627015,0,0,0,0.12,0.01,0.0,0.01,0.1,0.9,-1.2,0.0,0,0,1,0,0.675,0.32
295,2,-0.2955034673213959,0.42582324147224426,-0.03832557424902916,0.3077258653423274,0.31755403806953786,0,0,0,0.12,0.01,0.0,0.01,0.1,0.9,-1.2,0.0,0,0,1,0,0.675,0.32
295,3,-0.10607488453388214,-0.4239414930343628,0.026398098096251488,0.4438125856926752,0.44901385225745916,0,0,0,0.12,0.01,0.0,0.01,0.1,0.9,-1.2,0.0,0,0,1,0,0.675,0.32
295,4,-0.32506686449050903,-0.08217675983905792,0.896748960018158,0.03860564532949581,0.3362185507707392,0,0,0,0.12,0.01,0.0,0.01,0.1,0.9,-1.2,0.0,0,0,1,0,0.675,0.32
295,5,-0.6059771180152893,0.20473510026931763,2.480482339859009,0.4357118387487409,0.3801872949335101,0,0,0,0.12,0.01,0.0,0.01,0.1,0.9,-1.2,0.0,0,0,1,0,0.675,0.32
295,6,-0.5665985941886902,-0.4234175384044647,0.01992896758019924,0.47069843404052575,0.45729021437408607,0,0,0,0.12,0.01,0.0,0.01,0.1,0.9,-1.2,0.0,0,0,1,0,0.675,0.32
295,7,-0.9547306895256042,0.029796268790960312,3.107114315032959,0.45171718692746726,0.4798006525042955,0,0,0,0.12,0.01,0.0,0.01,0.1,0.9,-1.2,0.0,0,0,1,0,0.675,0.32
296,0,0.06036965548992157,0.11737658828496933,0.15481242537498474,0.4760842781480676,0.44080854840909184,0,0,0,0.12,0.01,0.0,0.01,0.1,0.9,-1.2,0.0,0,0,1,0,0.675,0.32
296,1,-0.757407009601593,-0.41524600982666016,-3.014138698577881,0.529772437312845,0.4657808773729765,0,0,0,0.12,0.01,0.0,0.01,0.1,0.9,-1.2,0.0,0,0,1,0,0.675,0.32
296,2,-0.2948765158653259,0.42579934000968933,-0.037872862070798874,0.3080543244519559,0.31544179075571627,0,0,0,0.12,0.01,0.0,0.01,0.1,0.9,-1.2,0.0,0,0,1,0,0.675,0.32
296,3,-0.1051819771528244,-0.42391785979270935,0.02665391005575657,0.44399827854049234,0.4484924064456221,0,0,0,0.12,0.01,0.0,0.01,0.1,0.9,-1.2,0.0,0,0,1,0,0.675,0.32
296,4,-0.3248344957828522,-0.08188214898109436,0.9074018001556396,0.04078265066378506,0.333747366712161,0,0,0,0.12,0.01,0.0,0.01,0.1,0.9,-1.2,0.0,0,0,1,0,0.675,0.32
296,5,-0.6066212058067322,0.2052372246980667,2.4785497188568115,0.43568913746367127,0.37952853631486266,0,0,0,0.12,0.01,0.0,0.01,0.1,0.9,-1.2,0.0,0,0,1,0,0.675,0.32
296,6,-0.5656712055206299,-0.42339932918548584,0.01945221610367298,0.47075883934179485,0.45747210195382887,0,0,0,0.12,0.01,0.0,0.01,0.1,0.9,-1.2,0.0,0,0,1,0,0.675,0.32
296,7,-0.955662727355957,0.029827909544110298,3.1081442832946777,0.4516710846399589,0.47893045258767164,0,0,0,0.12,0.01,0.0,0.01,0.1,0.9,-1.2,0.0,0,0,1,0,0.675,0.32
297,0,0.061276499181985855,0.11751747131347656,0.15355999767780304,0.4756745828027146,0.440519736922322,0,0,0,0.12,0.01,0.0,0.01,0.1,0.9,-1.2,0.0,0,0,1,0,0.675,0.32
297,1,-0.7583945989608765,-0.4153715670108795,-3.0163402557373047,0.5302847231835763,0.46525297508531405,0,0,0,0.12,0.01,0.0,0.01,0.1,0.9,-1.2,0.0,0,0,1,0,0.675,0.32
297,2,-0.29425132274627686,0.42577579617500305,-0.037499263882637024,0.3085219758882297,0.31316770135023464,0,0,0,0.12,0.01,0.0,0.01,0.1,0.9,-1.2,0.0,0,0,1,0,0.675,0.32
297,3,-0.10428939759731293,-0.42389407753944397,0.026881547644734383,0.44406460859081864,0.4480856146643388,0,0,0,0.12,0.01,0.0,0.01,0.1,0.9,-1.2,0.0,0,0,1,0,0.675,0.32
297,4,-0.32460519671440125,-0.08158557862043381,0.9178916811943054,0.04293356737515087,0.331331388145479,0,0,0,0.12,0.01,0.0,0.01,0.1,0.9,-1.2,0.0,0,0,1,0,0.675,0.32
297,5,-0.6072638034820557,0.20574021339416504,2.476592779159546,0.4356389996040678,0.3788892272483491,0,0,0,0.12,0.01,0.0,0.01,0.1,0.9,-1.2,0.0,0,0,1,0,0.675,0.32
297,6,-0.5647434592247009,-0.4233815670013428,0.018923744559288025,0.4704908032394817,0.45790566015468337,0,0,0,0.12,0.01,0.0,0.01,0.1,0.9,-1.2,0.0,0,0,1,0,0.675,0.32
297,7,-0.956593930721283,0.02985857054591179,3.109145402908325,0.4516186941489672,0.4780566465034987,0,0,0,0.12,0.01,0.0,0.01,0.1,0.9,-1.2,0.0,0,0,1,0,0.675,0.32
298,0,0.06218283250927925,0.1176571398973465,0.15230344235897064,0.4752197621773338,0.4402692557860756,0,0,0,0.12,0.01,0.0,0.01,0.1,0.9,-1.2,0.0,0,0,1,0,0.675,0.32
298,1,-0.7593824863433838,-0.4154949486255646,-3.018587112426758,0.5303913140862747,0.46512599939410243,0,0,0,0.12,0.01,0.0,0.01,0.1,0.9,-1.2,0.0,0,0,1,0,0.675,0.32
298,2,-0.29362791776657104,0.42575252056121826,-0.0372522696852684,0.3088363753372832,0.31102433337624824,0,0,0,0.12,0.01,0.0,0.01,0.1,0.9,-1.2,0.0,0,0,1,0,0.675,0.32
298,3,-0.10339716076850891,-0.42387011647224426,0.026984380558133125,0.44359298608680797,0.4482120070658105,0,0,0,0.12,0.01,0.0,0.01,0.1,0.9,-1.2,0.0,0,0,1,0,0.675,0.32
298,4,-0.3243788778781891,-0.08128708600997925,0.9282197952270508,0.045061370010450526,0.32896466029159716,0,0,0,0.12,0.01,0.0,0.01,0.1,0.9,-1.2,0.0,0,0,1,0,0.675,0.32
298,5,-0.607904851436615,0.20624402165412903,2.4746124744415283,0.4355605253749326,0.378270148319678,0,0,0,0.12,0.01,0.0,0.01,0.1,0.9,-1.2,0.0,0,0,1,0,0.675,0.32
298,6,-0.5638154149055481,-0.4233642518520355,0.018451333045959473,0.07061452402005669,0.8416556643115473,0,0,0,0.12,0.01,0.0,0.01,0.1,0.9,-1.2,0.0,0,0,1,0,0.675,0.32
298,7,-0.9575242400169373,0.029888294637203217,3.1101176738739014,0.06770770110580415,0.843825237374573,0,0,0,0.12,0.01,0.0,0.01,0.1,0.9,-1.2,0.0,0,0,1,0,0.675,0.32
299,0,0.06308864802122116,0.11779560148715973,0.1510593593120575,0.47480348872057343,0.43997343255170446,0,0,0,0.12,0.01,0.0,0.01,0.1,0.9,-1.2,0.0,0,0,1,0,0.675,0.32
299,1,-0.760370671749115,-0.4156160354614258,-3.0208725929260254,0.5301298198525277,0.4653623404677542,0,0,0,0.12,0.01,0.0,0.01,0.1,0.9,-1.2,0.0,0,0,1,0,0.675,0.32
299,2,-0.2930063009262085,0.4257294535636902,-0.03707555681467056,0.3090811035880443,0.3089282252541188,0,0,0,0.12,0.01,0.0,0.01,0.1,0.9,-1.2,0.0,0,0,1,0,0.675,0.32
299,3,-0.10250526666641235,-0.4238460063934326,0.027084538713097572,0.44311905850834243,0.4483355785422862,0,0,0,0.12,0.01,0.0,0.01,0.1,0.9,-1.2,0.0,0,0,1,0,0.675,0.32
299,4,-0.32415565848350525,-0.08098658919334412,0.938385009765625,0.04718476704362582,0.3266261798977499,0,0,0,0.12,0.01,0.0,0.01,0.1,0.9,-1.2,0.0,0,0,1,0,0.675,0.32
299,5,-0.6085444092750549,0.20674866437911987,2.472611427307129,0.4354632232280383,0.37766232751887946,0,0,0,0.12,0.01,0.0,0.01,0.1,0.9,-1.2,0.0,0,0,1,0,0.675,0.32
299,6,-0.5628872513771057,-0.4233473241329193,0.018050240352749825,0.07822276765271337,0.8342994291170011,0,0,0,0.12,0.01,0.0,0.01,0.1,0.9,-1.2,0.0,0,0,1,0,0.675,0.32
299,7,-0.9584536552429199,0.029917117208242416,3.1110610961914062,0.07376008558098399,0.8368946976679174,0,0,0,0.12,0.01,0.0,0.01,0.1,0.9,-1.2,0.0,0,0,1,0,0.675,0.32
300,0,0.06399393826723099,0.11793286353349686,0.14982841908931732,0.47443175240106106,0.43962603883200174,0,0,0,0.12,0.01,0.0,0.01,0.1,0.9,-1.2,0.0,0,0,1,0,0.675,0.32
300,1,-0.7613590359687805,-0.41573476791381836,-3.02317214012146,0.5292833996607522,0.4661787795232077,0,0,0,0.12,0.01,0.0,0.01,0.1,0.9,-1.2,0.0,0,0,1,0,0.675,0.32
300,2,-0.2923865020275116,0.42570653557777405,-0.03693752363324165,0.3092730097667452,0.30686258746225875,0,0,0,0.12,0.01,0.0,0.01,0.1,0.9,-1.2,0.0,0,0,1,0,0.675,0.32
300,3,-0.10161372274160385,-0.4238217771053314,0.027308562770485878,0.4431974679839007,0.4478811829674848,0,0,0,0.12,0.01,0.0,0.01,0.1,0.9,-1.2,0.0,0,0,1,0,0.675,0.32
300,4,-0.32393574714660645,-0.08068399131298065,0.9483897089958191,0.04963237077045941,0.32396292656611897,0,0,0,0.12,0.01,0.0,0.01,0.1,0.9,-1.2,0.0,0,0,1,0,0.675,0.32
300,5,-0.6091824769973755,0.2072540819644928,2.4705915451049805,0.4357180552188946,0.37669563725547056,0,0,0,0.12,0.01,0.0,0.01,0.1,0.9,-1.2,0.0,0,0,1,0,0.675,0.32
300,6,-0.5619719624519348,-0.4233253002166748,0.0395868755877018,0.19236898817654904,0.7206986506975049,0,0,0,0.12,0.01,0.0,0.01,0.1,0.9,-1.2,0.0,0,0,1,0,0.675,0.32
300,7,-0.9593686461448669,0.029938863590359688,3.1330442428588867,0.17814306782590952,0.7320206327546874,0,0,0,0.12,0.01,0.0,0.01,0.1,0.9,-1.2,0.0,0,0,1,0,0.675,0.32
301,0,0.06489868462085724,0.11806891113519669,0.1485946774482727,0.4740257991717257,0.4393057094647489,0,0,0,0.12,0.01,0.0,0.01,0.1,0.9,-1.2,0.0,0,0,1,0,0.675,0.32
301,1,-0.7623476982116699,-0.4158511757850647,-3.0254592895507812,0.527056019750029,0.46837140992602694,0,0,0,0.12,0.01,0.0,0.01,0.1,0.9,-1.2,0.0,0,0,1,0,0.675,0.32
301,2,-0.29176855087280273,0.42568373680114746,-0.03690231218934059,0.3091436278944667,0.30509737609570664,0,0,0,0.12,0.01,0.0,0.01,0.1,0.9,-1.2,0.0,0,0,1,0,0.675,0.32
301,3,-0.1007225289940834,-0.4237973988056183,0.027564413845539093,0.4435550955261684,0.4471355291877293,0,0,0,0.12,0.01,0.0,0.01,0.1,0.9,-1.2,0.0,0,0,1,0,0.675,0.32
301,4,-0.32371923327445984,-0.08037921786308289,0.958238959312439,0.0526450172539158,0.32090334142490196,0,0,0,0.12,0.01,0.0,0.01,0.1,0.9,-1.2,0.0,0,0,1,0,0.675,0.32
301,5,-0.6098189353942871,0.20776031911373138,2.4685535430908203,0.4358240536844446,0.37590978821161253,0,0,0,0.12,0.01,0.0,0.01,0.1,0.9,-1.2,0.0,0,0,1,0,0.675,0.32
301,6,-0.5610605478286743,-0.4232785999774933,0.06620243191719055,0.34826630677167864,0.56507211600359,0,0,0,0.12,0.01,0.0,0.01,0.1,0.9,-1.2,0.0,0,0,1,0,0.675,0.32
301,7,-0.9602795839309692,0.029935913160443306,-3.1232590675354004,0.30699500217375136,0.6025777183538976,0,0,0,0.12,0.01,0.0,0.01,0.1,0.9,-1.2,0.0,0,0,1,0,0.675,0.32
302,0,0.06580289453268051,0.11820372194051743,0.14735394716262817,0.4735663713099465,0.4390316425679222,0,0,0,0.12,0.01,0.0,0.01,0.1,0.9,-1.2,0.0,0,0,1,0,0.675,0.32
302,1,-0.7633365988731384,-0.4159652888774872,-3.027696371078491,0.523899785748843,0.4714881260477269,0,0,0,0.12,0.01,0.0,0.01,0.1,0.9,-1.2,0.0,0,0,1,0,0.675,0.32
302,2,-0.2911524474620819,0.42566096782684326,-0.03701045736670494,0.30842227977584674,0.30390338855911414,0,0,0,0.12,0.01,0.0,0.01,0.1,0.9,-1.2,0.0,0,0,1,0,0.675,0.32
302,3,-0.0998317152261734,-0.4237728714942932,0.027696918696165085,0.4434821045289747,0.44681262613432493,0,0,0,0.12,0.01,0.0,0.01,0.1,0.9,-1.2,0.0,0,0,1,0,0.675,0.32
302,4,-0.32350611686706543,-0.0800723284482956,0.9679160714149475,0.05613709459782474,0.3175352715444482,0,0,0,0.12,0.01,0.0,0.01,0.1,0.9,-1.2,0.0,0,0,1,0,0.675,0.32
302,5,-0.6104538440704346,0.2082674205303192,2.466477155685425,0.4356076202209492,0.37547849800033384,0,0,0,0.12,0.01,0.0,0.01,0.1,0.9,-1.2,0.0,0,0,1,0,0.675,0.32
302,6,-0.5601502656936646,-0.4232085645198822,0.0863371267914772,0.4886241620267894,0.42455815618381243,0,0,0,0.12,0.01,0.0,0.01,0.1,0.9,-1.2,0.0,0,0,1,0,0.675,0.32
302,7,-0.9611895084381104,0.029909620061516762,-3.1023447513580322,0.40826463757455245,0.5004931086450826,0,0,0,0.12,0.01,0.0,0.01,0.1,0.9,-1.2,0.0,0,0,1,0,0.675,0.32
303,0,0.06670656055212021,0.11833728849887848,0.14612142741680145,0.4731233835879921,0.4387340425785423,0,0,0,0.12,0.01,0.0,0.01,0.1,0.9,-1.2,0.0,0,0,1,0,0.675,0.32
303,1,-0.764325737953186,-0.41607728600502014,-3.0297975540161133,0.5210714910216818,0.47427183650059596,0,0,0,0.12,0.01,0.0,0.01,0.1,0.9,-1.2,0.0,0,0,1,0,0.675,0.32
303,2,-0.2905382513999939,0.42563822865486145,-0.03718331456184387,0.30736937621679034,0.3030210485116033,0,0,0,0.12,0.01,0.0,0.01,0.1,0.9,-1.2,0.0,0,0,1,0,0.675,0.32
303,3,-0.09894128888845444,-0.4237481951713562,0.027766946703195572,0.44321589536677586,0.4466756098746181,0,0,0,0.12,0.01,0.0,0.01,0.1,0.9,-1.2,0.0,0,0,1,0,0.675,0.32
303,4,-0.32329612970352173,-0.07976336032152176,0.9773861169815063,0.05984188159544553,0.31406565467278874,0,0,0,0.12,0.01,0.0,0.01,0.1,0.9,-1.2,0.0,0,0,1,0,0.675,0.32
303,5,-0.6110871434211731,0.20877544581890106,2.464366912841797,0.43514820537791854,0.3753097394920766,0,0,0,0.12,0.01,0.0,0.01,0.1,0.9,-1.2,0.0,0,0,1,0,0.675,0.32
303,6,-0.5592409372329712,-0.4231237471103668,0.09614675492048264,0.5878463720385864,0.3249187136585877,0,0,0,0.12,0.01,0.0,0.01,0.1,0.9,-1.2,0.0,0,0,1,0,0.675,0.32
303,7,-0.9620981812477112,0.02986728586256504,-3.0901520252227783,0.4681314725970401,0.4396912555600034,0,0,0,0.12,0.01,0.0,0.01,0.1,0.9,-1.2,0.0,0,0,1,0,0.675,0.32
304,0,0.06760966777801514,0.11846961081027985,0.1449047476053238,0.47273131625681447,0.4383787868735261,0,0,0,0.12,0.01,0.0,0.01,0.1,0.9,-1.2,0.0,0,0,1,0,0.675,0.32
304,1,-0.7653149962425232,-0.4161873459815979,-3.031691551208496,0.5197850246847368,0.47550859256379835,0,0,0,0.12,0.01,0.0,0.01,0.1,0.9,-1.2,0.0,0,0,1,0,0.675,0.32
304,2,-0.2899259626865387,0.42561545968055725,-0.037323180586099625,0.30620995764958203,0.30222591156733697,0,0,0,0.12,0.01,0.0,0.01,0.1,0.9,-1.2,0.0,0,0,1,0,0.675,0.32
304,3,-0.09805125743150711,-0.423723429441452,0.027921492233872414,0.44332389245034076,0.446157950067512,0,0,0,0.12,0.01,0.0,0.01,0.1,0.9,-1.2,0.0,0,0,1,0,0.675,0.32
304,4,-0.32308900356292725,-0.07945238798856735,0.9866182804107666,0.06346034765436089,0.31072044610784616,0,0,0,0.12,0.01,0.0,0.01,0.1,0.9,-1.2,0.0,0,0,1,0,0.675,0.32
304,5,-0.6117187738418579,0.2092844545841217,2.462244987487793,0.4345956780709207,0.3752395174704611,0,0,0,0.12,0.01,0.0,0.01,0.1,0.9,-1.2,0.0,0,0,1,0,0.675,0.32
304,6,-0.5583321452140808,-0.42303466796875,0.09587404876947403,0.6403867428880023,0.27189137286135673,0,0,0,0.12,0.01,0.0,0.01,0.1,0.9,-1.2,0.0,0,0,1,0,0.675,0.32
304,7,-0.9630056619644165,0.02981722727417946,-3.0854806900024414,0.49229249000080155,0.41456339121334035,0,0,0,0.12,0.01,0.0,0.01,0.1,0.9,-1.2,0.0,0,0,1,0,0.675,0.32
305,0,0.0685122013092041,0.11860069632530212,0.14369019865989685,0.4723197916377181,0.4380364319455033,0,0,0,0.12,0.01,0.0,0.01,0.1,0.9,-1.2,0.0,0,0,1,0,0.675,0.32
305,1,-0.7663044333457947,-0.41629570722579956,-3.033384084701538,0.5204682786657671,0.47477026389099564,0,0,0,0.12,0.01,0.0,0.01,0.1,0.9,-1.2,0.0,0,0,1,0,0.675,0.32
305,2,-0.2893156111240387,0.4255926311016083,-0.03744588792324066,0.3048486227567678,0.3016136174623484,0,0,0,0.12,0.01,0.0,0.01,0.1,0.9,-1.2,0.0,0,0,1,0,0.675,0.32
305,3,-0.09716162830591202,-0.4236985445022583,0.028129372745752335,0.4436495364916528,0.4454173384892738,0,0,0,0.12,0.01,0.0,0.01,0.1,0.9,-1.2,0.0,0,0,1,0,0.675,0.32
305,4,-0.32288438081741333,-0.07913948595523834,0.9956008791923523,0.06673894381408793,0.3076948418628682,0,0,0,0.12,0.01,0.0,0.01,0.1,0.9,-1.2,0.0,0,0,1,0,0.675,0.32
305,5,-0.6123487949371338,0.20979446172714233,2.460129976272583,0.43406855803568967,0.3751384045497595,0,0,0,0.12,0.01,0.0,0.01,0.1,0.9,-1.2,0.0,0,0,1,0,0.675,0.32
305,6,-0.5574232935905457,-0.4229499101638794,0.08802857995033264,0.6534980677841125,0.2583156085731569,0,0,0,0.12,0.01,0.0,0.01,0.1,0.9,-1.2,0.0,0,0,1,0,0.675,0.32
305,7,-0.9639121890068054,0.02976558543741703,-3.085636854171753,0.4936647730506858,0.4122211021743813,0,0,0,0.12,0.01,0.0,0.01,0.1,0.9,-1.2,0.0,0,0,1,0,0.675,0.32
306,0,0.0694141611456871,0.1187305897474289,0.1424667239189148,0.47183329526176854,0.4377625518680533,0,0,0,0.12,0.01,0.0,0.01,0.1,0.9,-1.2,0.0,0,0,1,0,0.675,0.32
306,1,-0.7672939896583557,-0.4164024591445923,-3.034966230392456,0.5225985147802571,0.47257952906205863,0,0,0,0.12,0.01,0.0,0.01,0.1,0.9,-1.2,0.0,0,0,1,0,0.675,0.32
306,2,-0.2887072265148163,0.4255698025226593,-0.03760959580540657,0.3031849240781448,0.3012850904939988,0,0,0,0.12,0.01,0.0,0.01,0.1,0.9,-1.2,0.0,0,0,1,0,0.675,0.32
306,3,-0.09627240896224976,-0.4236735701560974,0.028234325349330902,0.4434375967294176,0.44520989997086924,0,0,0,0.12,0.01,0.0,0.01,0.1,0.9,-1.2,0.0,0,0,1,0,0.675,0.32
306,4,-0.32268214225769043,-0.07882474362850189,1.0043402910232544,0.0695631115908287,0.30506897873929517,0,0,0,0.12,0.01,0.0,0.01,0.1,0.9,-1.2,0.0,0,0,1,0,0.675,0.32
306,5,-0.6129772663116455,0.21030542254447937,2.4580299854278564,0.43362861116355184,0.37493867437416795,0,0,0,0.12,0.01,0.0,0.01,0.1,0.9,-1.2,0.0,0,0,1,0,0.675,0.32
306,6,-0.5565140247344971,-0.42287477850914,0.0758151039481163,0.6396402196793662,0.27173065377186667,0,0,0,0.12,0.01,0.0,0.01,0.1,0.9,-1.2,0.0,0,0,1,0,0.675,0.32
306,7,-0.9648178219795227,0.029715605080127716,-3.0880286693573,0.4845780009646289,0.4203343515973218,0,0,0,0.12,0.01,0.0,0.01,0.1,0.9,-1.2,0.0,0,0,1,0,0.675,0.32
307,0,0.07031553238630295,0.11885929852724075,0.14124616980552673,0.4713295525119558,0.4374993020488962,0,0,0,0.12,0.01,0.0,0.01,0.1,0.9,-1.2,0.0,0,0,1,0,0.675,0.32
307,1,-0.7682836651802063,-0.41650766134262085,-3.0365705490112305,0.5251370333176624,0.4699749089735975,0,0,0,0.12,0.01,0.0,0.01,0.1,0.9,-1.2,0.0,0,0,1,0,0.675,0.32
307,2,-0.28810080885887146,0.42554694414138794,-0.03777758404612541,0.30129490765631406,0.30116398659646304,0,0,0,0.12,0.01,0.0,0.01,0.1,0.9,-1.2,0.0,0,0,1,0,0.675,0.32
307,3,-0.09538361430168152,-0.42364853620529175,0.028231117874383926,0.44262843212410274,0.44559527555183104,0,0,0,0.12,0.01,0.0,0.01,0.1,0.9,-1.2,0.0,0,0,1,0,0.675,0.32
307,4,-0.32248228788375854,-0.0785081684589386,1.0128544569015503,0.07193813580822694,0.3028214488570715,0,0,0,0.12,0.01,0.0,0.01,0.1,0.9,-1.2,0.0,0,0,1,0,0.675,0.32
307,5,-0.6136041879653931,0.21081727743148804,2.4559450149536133,0.4332839059455898,0.37463058952254985,0,0,0,0.12,0.01,0.0,0.01,0.1,0.9,-1.2,0.0,0,0,1,0,0.675,0.32
307,6,-0.5556042790412903,-0.4228115677833557,0.06212802603840828,0.6114331602352334,0.29947750575368876,0,0,0,0.12,0.01,0.0,0.01,0.1,0.9,-1.2,0.0,0,0,1,0,0.675,0.32
307,7,-0.9657226800918579,0.029668308794498444,-3.0908708572387695,0.47347533018306553,0.43045539348407924,0,0,0,0.12,0.01,0.0,0.01,0.1,0.9,-1.2,0.0,0,0,1,0,0.675,0.32
308,0,0.07121630012989044,0.1189868375658989,0.1400434672832489,0.4708805525147094,0.4371746337569581,0,0,0,0.12,0.01,0.0,0.01,0.1,0.9,-1.2,0.0,0,0,1,0,0.675,0.32
308,1,-0.7692734599113464,-0.4166111946105957,-3.03830623626709,0.5271244733892707,0.46791564530503466,0,0,0,0.12,0.01,0.0,0.01,0.1,0.9,-1.2,0.0,0,0,1,0,0.675,0.32
308,2,-0.2874963581562042,0.4255240857601166,-0.03785643354058266,0.2995239276399936,0.30090590529533967,0,0,0,0.12,0.01,0.0,0.01,0.1,0.9,-1.2,0.0,0,0,1,0,0.675,0.32
308,3,-0.09449522942304611,-0.4236234426498413,0.02828744426369667,0.44197682557839685,0.4458185035155362,0,0,0,0.12,0.01,0.0,0.01,0.1,0.9,-1.2,0.0,0,0,1,0,0.675,0.32
308,4,-0.3222849369049072,-0.07818977534770966,1.021168828010559,0.07393058999937148,0.3008815957649413,0,0,0,0.12,0.01,0.0,0.01,0.1,0.9,-1.2,0.0,0,0,1,0,0.675,0.32
308,5,-0.6142295598983765,0.21132998168468475,2.4538702964782715,0.433013118408947,0.3742364276420784,0,0,0,0.12,0.01,0.0,0.01,0.1,0.9,-1.2,0.0,0,0,1,0,0.675,0.32
308,6,-0.5546942353248596,-0.42276063561439514,0.04904167726635933,0.5787138279132316,0.33168352287488495,0,0,0,0.12,0.01,0.0,0.01,0.1,0.9,-1.2,0.0,0,0,1,0,0.675,0.32
308,7,-0.9666267037391663,0.029623523354530334,-3.0932564735412598,0.464621629824402,0.43831810701870705,0,0,0,0.12,0.01,0.0,0.01,0.1,0.9,-1.2,0.0,0,0,1,0,0.675,0.32
309,0,0.07211645692586899,0.11911321431398392,0.1388511210680008,0.470450759951714,0.4368233670548167,0,0,0,0.12,0.01,0.0,0.01,0.1,0.9,-1.2,0.0,0,0,1,0,0.675,0.32
309,1,-0.7702633738517761,-0.41671282052993774,-3.0402166843414307,0.5280887688115914,0.4668736850305717,0,0,0,0.12,0.01,0.0,0.01,0.1,0.9,-1.2,0.0,0,0,1,0,0.675,0.32
309,2,-0.28689393401145935,0.42550128698349,-0.03783576935529709,0.2979994904689449,0.3003841746158939,0,0,0,0.12,0.01,0.0,0.01,0.1,0.9,-1.2,0.0,0,0,1,0,0.675,0.32
309,3,-0.09360727667808533,-0.4235982596874237,0.028467191383242607,0.44179664985871336,0.4455653534677027,0,0,0,0.12,0.01,0.0,0.01,0.1,0.9,-1.2,0.0,0,0,1,0,0.675,0.32
309,4,-0.3220902681350708,-0.07786956429481506,1.0293141603469849,0.07565806284196773,0.2991392217611512,0,0,0,0.12,0.01,0.0,0.01,0.1,0.9,-1.2,0.0,0,0,1,0,0.675,0.32
309,5,-0.6148534417152405,0.21184350550174713,2.451798439025879,0.43278758168346765,0.3737861073004497,0,0,0,0.12,0.01,0.0,0.01,0.1,0.9,-1.2,0.0,0,0,1,0,0.675,0.32
309,6,-0.5537840723991394,-0.4227209985256195,0.0377044752240181,0.5476975118076182,0.36211303125268457,0,0,0,0.12,0.01,0.0,0.01,0.1,0.9,-1.2,0.0,0,0,1,0,0.675,0.32
309,7,-0.9675297737121582,0.029580645263195038,-3.0949251651763916,0.45922908744753105,0.44271078147947085,0,0,0,0.12,0.01,0.0,0.01,0.1,0.9,-1.2,0.0,0,0,1,0,0.675,0.32
310,0,0.07301600277423859,0.11923841387033463,0.13765284419059753,0.4699633926965945,0.4365223436734922,0,0,0,0.12,0.01,0.0,0.01,0.1,0.9,-1.2,0.0,0,0,1,0,0.675,0.32
310,1,-0.7712534666061401,-0.4168124496936798,-3.0422768592834473,0.5281421522293499,0.4667366762961933,0,0,0,0.12,0.01,0.0,0.01,0.1,0.9,-1.2,0.0,0,0,1,0,0.675,0.32
310,2,-0.28629353642463684,0.42547857761383057,-0.037792932242155075,0.2965064501929952,0.2998149537872599,0,0,0,0.12,0.01,0.0,0.01,0.1,0.9,-1.2,0.0,0,0,1,0,0.675,0.32
310,3,-0.09271975606679916,-0.42357301712036133,0.028634777292609215,0.44146141367097924,0.44546195907453473,0,0,0,0.12,0.01,0.0,0.01,0.1,0.9,-1.2,0.0,0,0,1,0,0.675,0.32
310,4,-0.3218984305858612,-0.0775475949048996,1.0373187065124512,0.07723942522970828,0.29748576755555484,0,0,0,0.12,0.01,0.0,0.01,0.1,0.9,-1.2,0.0,0,0,1,0,0.675,0.32
310,5,-0.6154757738113403,0.21235786378383636,2.449723482131958,0.4325716304274852,0.3733169627693837,0,0,0,0.12,0.01,0.0,0.01,0.1,0.9,-1.2,0.0,0,0,1,0,0.675,0.32
310,6,-0.5528740882873535,-0.4226909279823303,0.028544442728161812,0.5215526123181198,0.3875892858370926,0,0,0,0.12,0.01,0.0,0.01,0.1,0.9,-1.2,0.0,0,0,1,0,0.675,0.32
310,7,-0.9684320092201233,0.029539044946432114,-3.095975637435913,0.456824110403591,0.44410712872452174,0,0,0,0.12,0.01,0.0,0.01,0.1,0.9,-1.2,0.0,0,0,1,0,0.675,0.32
311,0,0.07391492277383804,0.11936241388320923,0.13645270466804504,0.4694358793805719,0.43625401577247386,0,0,0,0.12,0.01,0.0,0.01,0.1,0.9,-1.2,0.0,0,0,1,0,0.675,0.32
311,1,-0.7722436189651489,-0.41690996289253235,-3.044421434402466,0.527724734715085,0.4670643888200713,0,0,0,0.12,0.01,0.0,0.01,0.1,0.9,-1.2,0.0,0,0,1,0,0.675,0.32
311,2,-0.2856951653957367,0.4254559874534607,-0.037754133343696594,0.29500564927499073,0.2992386520441316,0,0,0,0.12,0.01,0.0,0.01,0.1,0.9,-1.2,0.0,0,0,1,0,0.675,0.32
311,3,-0.09183266758918762,-0.423547625541687,0.028708603233098984,0.44068415782868325,0.44579504110396445,0,0,0,0.12,0.01,0.0,0.01,0.1,0.9,-1.2,0.0,0,0,1,0,0.675,0.32
311,4,-0.32170936465263367,-0.07722397893667221,1.0451998710632324,0.07874433971764294,0.29586501144049915,0,0,0,0.12,0.01,0.0,0.01,0.1,0.9,-1.2,0.0,0,0,1,0,0.675,0.32
311,5,-0.6160964965820312,0.21287310123443604,2.4476404190063477,0.43233959036924297,0.3728553835763746,0,0,0,0.12,0.01,0.0,0.01,0.1,0.9,-1.2,0.0,0,0,1,0,0.675,0.32
311,6,-0.5519644021987915,-0.4226684272289276,0.021578878164291382,0.5015867943411623,0.4068018203133788,0,0,0,0.12,0.01,0.0,0.01,0.1,0.9,-1.2,0.0,0,0,1,0,0.675,0.32
311,7,-0.9693332314491272,0.029498249292373657,-3.0966341495513916,0.45633966774315865,0.44357435851721727,0,0,0,0.12,0.01,0.0,0.01,0.1,0.9,-1.2,0.0,0,0,1,0,0.675,0.32
312,0,0.07481321692466736,0.11948520690202713,0.13526836037635803,0.46894995588363353,0.43593628984390553,0,0,0,0.12,0.01,0.0,0.01,0.1,0.9,-1.2,0.0,0,0,1,0,0.675,0.32
312,1,-0.773233950138092,-0.41700536012649536,-3.0465855598449707,0.5272944328029214,0.4673987272541465,0,0,0,0.12,0.01,0.0,0.01,0.1,0.9,-1.2,0.0,0,0,1,0,0.675,0.32
312,2,-0.2850988507270813,0.42543351650238037,-0.03765258565545082,0.29371636181898225,0.2984371873753537,0,0,0,0.12,0.01,0.0,0.01,0.1,0.9,-1.2,0.0,0,0,1,0,0.675,0.32
312,3,-0.0909460186958313,-0.42352214455604553,0.02881055697798729,0.43998681301692655,0.4460424304523118,0,0,0,0.12,0.01,0.0,0.01,0.1,0.9,-1.2,0.0,0,0,1,0,0.675,0.32
312,4,-0.32152295112609863,-0.07689889520406723,1.052964210510254,0.0802127523519218,0.29424973296149376,0,0,0,0.12,0.01,0.0,0.01,0.1,0.9,-1.2,0.0,0,0,1,0,0.675,0.32
312,5,-0.6167156100273132,0.21338924765586853,2.4455490112304688,0.4320817855248849,0.37241110530992344,0,0,0,0.12,0.01,0.0,0.01,0.1,0.9,-1.2,0.0,0,0,1,0,0.675,0.32
312,6,-0.5510553121566772,-0.4226514995098114,0.016569914296269417,0.4878391337037132,0.41971102241277236,0,0,0,0.12,0.01,0.0,0.01,0.1,0.9,-1.2,0.0,0,0,1,0,0.675,0.32
312,7,-0.9702334403991699,0.029457995668053627,-3.0971169471740723,0.45676430276491725,0.44212398716351897,0,0,0,0.12,0.01,0.0,0.01,0.1,0.9,-1.2,0.0,0,0,1,0,0.675,0.32
313,0,0.07571087777614594,0.11960680037736893,0.1341000348329544,0.4685024836883438,0.43557248321915754,0,0,0,0.12,0.01,0.0,0.01,0.1,0.9,-1.2,0.0,0,0,1,0,0.675,0.32
313,1,-0.7742243409156799,-0.41709867119789124,-3.0487301349639893,0.5271128815413191,0.4674778777360247,0,0,0,0.12,0.01,0.0,0.01,0.1,0.9,-1.2,0.0,0,0,1,0,0.675,0.32
313,2,-0.28450462222099304,0.425411194562912,-0.03746214509010315,0.29276942543673307,0.2972800797970316,0,0,0,0.12,0.01,0.0,0.01,0.1,0.9,-1.2,0.0,0,0,1,0,0.675,0.32
313,3,-0.09005981683731079,-0.4234965443611145,0.029048020020127296,0.4398909940623664,0.44568257189756394,0,0,0,0.12,0.01,0.0,0.01,0.1,0.9,-1.2,0.0,0,0,1,0,0.675,0.32
313,4,-0.3213390111923218,-0.07657251507043839,1.0606160163879395,0.08165552985573929,0.2926397942314036,0,0,0,0.12,0.01,0.0,0.01,0.1,0.9,-1.2,0.0,0,0,1,0,0.675,0.32
313,5,-0.6173330545425415,0.21390630304813385,2.4434499740600586,0.4317927266375564,0.37198919999437113,0,0,0,0.12,0.01,0.0,0.01,0.1,0.9,-1.2,0.0,0,0,1,0,0.675,0.32
313,6,-0.5501468777656555,-0.42263853549957275,0.013025574386119843,0.4788945398831455,0.42773156542538715,0,0,0,0.12,0.01,0.0,0.01,0.1,0.9,-1.2,0.0,0,0,1,0,0.675,0.32
313,7,-0.9711326956748962,0.02941819839179516,-3.0975747108459473,0.45739626035125386,0.4404573525485264,0,0,0,0.12,0.01,0.0,0.01,0.1,0.9,-1.2,0.0,0,0,1,0,0.675,0.32
314,0,0.07660787552595139,0.119727224111557,0.1329299509525299,0.4680069990646609,0.4352490596282712,0,0,0,0.12,0.01,0.0,0.01,0.1,0.9,-1.2,0.0,0,0,1,0,0.675,0.32
314,1,-0.7752148509025574,-0.41718992590904236,-3.0508480072021484,0.5271839736926871,0.46729782829400734,0,0,0,0.12,0.01,0.0,0.01,0.1,0.9,-1.2,0.0,0,0,1,0,0.675,0.32
314,2,-0.2839124798774719,0.4253890812397003,-0.037261877208948135,0.29199719482959113,0.2959361667007128,0,0,0,0.12,0.01,0.0,0.01,0.1,0.9,-1.2,0.0,0,0,1,0,0.675,0.32
314,3,-0.0891740620136261,-0.42347076535224915,0.029322374612092972,0.44000722664902264,0.4451049397557014,0,0,0,0.12,0.01,0.0,0.01,0.1,0.9,-1.2,0.0,0,0,1,0,0.675,0.32
314,4,-0.32115745544433594,-0.07624499499797821,1.0681605339050293,0.0830975778125932,0.2910188727355788,0,0,0,0.12,0.01,0.0,0.01,0.1,0.9,-1.2,0.0,0,0,1,0,0.675,0.32
314,5,-0.6179487705230713,0.2144242376089096,2.4413440227508545,0.431473253253844,0.3715887684784863,0,0,0,0.12,0.01,0.0,0.01,0.1,0.9,-1.2,0.0,0,0,1,0,0.675,0.32
314,6,-0.5492392182350159,-0.422628253698349,0.010385501198470592,0.4728260179370939,0.4327893118053378,0,0,0,0.12,0.01,0.0,0.01,0.1,0.9,-1.2,0.0,0,0,1,0,0.675,0.32
314,7,-0.9720309376716614,0.029378874227404594,-3.0980851650238037,0.4578757044874525,0.43893440989624494,0,0,0,0.12,0.01,0.0,0.01,0.1,0.9,-1.2,0.0,0,0,1,0,0.675,0.32
315,0,0.0775042176246643,0.11984650790691376,0.13175392150878906,0.4674463114024872,0.4349832096813447,0,0,0,0.12,0.01,0.0,0.01,0.1,0.9,-1.2,0.0,0,0,1,0,0.675,0.32
315,1,-0.7762054800987244,-0.41727912425994873,-3.052953004837036,0.5273515844923821,0.467014346064869,0,0,0,0.12,0.01,0.0,0.01,0.1,0.9,-1.2,0.0,0,0,1,0,0.675,0.32
315,2,-0.28332239389419556,0.4253671169281006,-0.03712085261940956,0.29108442026961767,0.29471968453537495,0,0,0,0.12,0.01,0.0,0.01,0.1,0.9,-1.2,0.0,0,0,1,0,0.675,0.32
315,3,-0.08828877657651901,-0.42344483733177185,0.029495632275938988,0.43970095152167393,0.4449440336773008,0,0,0,0.12,0.01,0.0,0.01,0.1,0.9,-1.2,0.0,0,0,1,0,0.675,0.32
315,4,-0.32097816467285156,-0.07591637969017029,1.0755999088287354,0.08453922535863197,0.28939122889551844,0,0,0,0.12,0.01,0.0,0.01,0.1,0.9,-1.2,0.0,0,0,1,0,0.675,0.32
315,5,-0.6185629367828369,0.21494300663471222,2.439232587814331,0.4311324447893515,0.3711995392537698,0,0,0,0.12,0.01,0.0,0.01,0.1,0.9,-1.2,0.0,0,0,1,0,0.675,0.32
315,6,-0.5483324527740479,-0.42261993885040283,0.008381643332540989,0.46876087656674825,0.43575558194460423,0,0,0,0.12,0.01,0.0,0.01,0.1,0.9,-1.2,0.0,0,0,1,0,0.675,0.32
315,7,-0.9729281663894653,0.02934008464217186,-3.0986735820770264,0.4580856859351398,0.43767234686362727,0,0,0,0.12,0.01,0.0,0.01,0.1,0.9,-1.2,0.0,0,0,1,0,0.675,0.32
316,0,0.07839988172054291,0.11996465921401978,0.13058960437774658,0.46689996386852567,0.4346949729791611,0,0,0,0.12,0.01,0.0,0.01,0.1,0.9,-1.2,0.0,0,0,1,0,0.675,0.32
316,1,-0.7771961688995361,-0.4173662066459656,-3.055063247680664,0.5274221419897202,0.4668208837900041,0,0,0,0.12,0.01,0.0,0.01,0.1,0.9,-1.2,0.0,0,0,1,0,0.675,0.32
316,2,-0.2827344536781311,0.42534536123275757,-0.037000615149736404,0.2902461523284466,0.29341743047337226,0,0,0,0.12,0.01,0.0,0.01,0.1,0.9,-1.2,0.0,0,0,1,0,0.675,0.32
316,3,-0.08740395307540894,-0.42341870069503784,0.029620666056871414,0.43925487526642853,0.4449168490530294,0,0,0,0.12,0.01,0.0,0.01,0.1,0.9,-1.2,0.0,0,0,1,0,0.675,0.32
316,4,-0.3208012580871582,-0.07558669149875641,1.0829312801361084,0.08600334224896755,0.2877358108977763,0,0,0,0.12,0.01,0.0,0.01,0.1,0.9,-1.2,0.0,0,0,1,0,0.675,0.32
316,5,-0.6191754341125488,0.2154625803232193,2.437117576599121,0.43077686189229963,0.37081596495096203,0,0,0,0.12,0.01,0.0,0.01,0.1,0.9,-1.2,0.0,0,0,1,0,0.675,0.32
316,6,-0.5474266409873962,-0.42261308431625366,0.006992680486291647,0.4668771196364697,0.43645064344412715,0,0,0,0.12,0.01,0.0,0.01,0.1,0.9,-1.2,0.0,0,0,1,0,0.675,0.32
316,7,-0.9738243818283081,0.02930188737809658,-3.099334239959717,0.45805581859378025,0.43664172836514303,0,0,0,0.12,0.01,0.0,0.01,0.1,0.9,-1.2,0.0,0,0,1,0,0.675,0.32
317,0,0.07929486781358719,0.12008170038461685,0.1294460892677307,0.46641490185694057,0.4343373445229117,0,0,0,0.12,0.01,0.0,0.01,0.1,0.9,-1.2,0.0,0,0,1,0,0.675,0.32
317,1,-0.7781869173049927,-0.4174511134624481,-3.057187795639038,0.5272848638124555,0.46682798542307913,0,0,0,0.12,0.01,0.0,0.01,0.1,0.9,-1.2,0.0,0,0,1,0,0.675,0.32
317,2,-0.2821486294269562,0.4253237545490265,-0.036838430911302567,0.28959465779534366,0.2919164820743463,0,0,0,0.12,0.01,0.0,0.01,0.1,0.9,-1.2,0.0,0,0,1,0,0.675,0.32
317,3,-0.08651959896087646,-0.4233924150466919,0.029837481677532196,0.43924722141514566,0.44444492393244955,0,0,0,0.12,0.01,0.0,0.01,0.1,0.9,-1.2,0.0,0,0,1,0,0.675,0.32
317,4,-0.3206268846988678,-0.0752558782696724,1.0901525020599365,0.0875018957024022,0.28604112836070816,0,0,0,0.12,0.01,0.0,0.01,0.1,0.9,-1.2,0.0,0,0,1,0,0.675,0.32
317,5,-0.6197863817214966,0.21598292887210846,2.4350013732910156,0.43042049206089456,0.3704239388625673,0,0,0,0.12,0.01,0.0,0.01,0.1,0.9,-1.2,0.0,0,0,1,0,0.675,0.32
317,6,-0.5465219616889954,-0.4226073920726776,0.005973090883344412,0.46617852696657086,0.4358697032046328,0,0,0,0.12,0.01,0.0,0.01,0.1,0.9,-1.2,0.0,0,0,1,0,0.675,0.32
317,7,-0.9747195243835449,0.029264338314533234,-3.100050210952759,0.45786504212147083,0.43576385316127464,0,0,0,0.12,0.01,0.0,0.01,0.1,0.9,-1.2,0.0,0,0,1,0,0.675,0.32
318,0,0.08018915355205536,0.12019763141870499,0.1283082515001297,0.46592015434811584,0.43398117612292303,0,0,0,0.12,0.01,0.0,0.01,0.1,0.9,-1.2,0.0,0,0,1,0,0.675,0.32
318,1,-0.779177725315094,-0.417533814907074,-3.0593230724334717,0.5269520719667903,0.46702297133002363,0,0,0,0.12,0.01,0.0,0.01,0.1,0.9,-1.2,0.0,0,0,1,0,0.675,0.32
318,2,-0.2815649211406708,0.42530229687690735,-0.03667791187763214,0.2889821051457199,0.290365743746492,0,0,0,0.12,0.01,0.0,0.01,0.1,0.9,-1.2,0.0,0,0,1,0,0.675,0.32
318,3,-0.0856357291340828,-0.4233659505844116,0.0301157608628273,0.43956585248691143,0.4436402765871852,0,0,0,0.12,0.01,0.0,0.01,0.1,0.9,-1.2,0.0,0,0,1,0,0.675,0.32
318,4,-0.3204551041126251,-0.07492390275001526,1.0972646474838257,0.08905025144353902,0.2842913983271977,0,0,0,0.12,0.01,0.0,0.01,0.1,0.9,-1.2,0.0,0,0,1,0,0.675,0.32
318,5,-0.6203956604003906,0.2165040373802185,2.4328842163085938,0.4300537015824992,0.3700342867941181,0,0,0,0.12,0.01,0.0,0.01,0.1,0.9,-1.2,0.0,0,0,1,0,0.675,0.32
318,6,-0.5456183552742004,-0.4226027727127075,0.00485355406999588,0.46451596025191755,0.4361601709965566,0,0,0,0.12,0.01,0.0,0.01,0.1,0.9,-1.2,0.0,0,0,1,0,0.675,0.32
318,7,-0.9756137132644653,0.02922748029232025,-3.1008048057556152,0.45759189968576747,0.4349597608519523,0,0,0,0.12,0.01,0.0,0.01,0.1,0.9,-1.2,0.0,0,0,1,0,0.675,0.32
319,0,0.08108273148536682,0.12031242251396179,0.12716327607631683,0.4653548810100275,0.4336870696926397,0,0,0,0.12,0.01,0.0,0.01,0.1,0.9,-1.2,0.0,0,0,1,0,0.675,0.32
319,1,-0.7801685929298401,-0.4176143407821655,-3.0614562034606934,0.526518480215226,0.4673109489344017,0,0,0,0.12,0.01,0.0,0.01,0.1,0.9,-1.2,0.0,0,0,1,0,0.675,0.32
319,2,-0.2809833884239197,0.42528098821640015,-0.03660019114613533,0.28814377348617637,0.28903130729003823,0,0,0,0.12,0.01,0.0,0.01,0.1,0.9,-1.2,0.0,0,0,1,0,0.675,0.32
319,3,-0.08475233614444733,-0.4233393371105194,0.030304474756121635,0.4395090484834979,0.44320432899224066,0,0,0,0.12,0.01,0.0,0.01,0.1,0.9,-1.2,0.0,0,0,1,0,0.675,0.32
319,4,-0.32028600573539734,-0.0745907872915268,1.1042675971984863,0.09065240176493898,0.28248081056301816,0,0,0,0.12,0.01,0.0,0.01,0.1,0.9,-1.2,0.0,0,0,1,0,0.675,0.32
319,5,-0.621003270149231,0.21702592074871063,2.430765390396118,0.4296724049073109,0.36965121350470687,0,0,0,0.12,0.01,0.0,0.01,0.1,0.9,-1.2,0.0,0,0,1,0,0.675,0.32
319,6,-0.5447160601615906,-0.42259910702705383,0.0035464477259665728,0.46155081717824187,0.43765969545985006,0,0,0,0.12,0.01,0.0,0.01,0.1,0.9,-1.2,0.0,0,0,1,0,0.675,0.32
319,7,-0.9765068292617798,0.02919135056436062,-3.1015853881835938,0.4572963089113156,0.4341697722311099,0,0,0,0.12,0.01,0.0,0.01,0.1,0.9,-1.2,0.0,0,0,1,0,0.675,0.32
320,0,0.08197560906410217,0.12042608112096786,0.12602351605892181,0.46477673831787486,0.4333974283615074,0,0,0,0.12,0.01,0.0,0.01,0.1,0.9,-1.2,0.0,0,0,1,0,0.675,0.32
320,1,-0.7811594605445862,-0.41769275069236755,-3.063573122024536,0.5261032528206923,0.4675723367407701,0,0,0,0.12,0.01,0.0,0.01,0.1,0.9,-1.2,0.0,0,0,1,0,0.675,0.32
320,2,-0.2804040014743805,0.4252598285675049,-0.03658469021320343,0.28714888780186504,0.2878443053477016,0,0,0,0.12,0.01,0.0,0.01,0.1,0.9,-1.2,0.0,0,0,1,0,0.675,0.32
320,3,-0.08386943489313126,-0.42331257462501526,0.03039124421775341,0.4390252314692125,0.4431886590833081,0,0,0,0.12,0.01,0.0,0.01,0.1,0.9,-1.2,0.0,0,0,1,0,0.675,0.32
320,4,-0.3201195001602173,-0.07425659149885178,1.1111561059951782,0.09227703587663538,0.2806400202070438,0,0,0,0.12,0.01,0.0,0.01,0.1,0.9,-1.2,0.0,0,0,1,0,0.675,0.32
320,5,-0.6216092109680176,0.21754863858222961,2.428645133972168,0.4292755742304599,0.3692755679852688,0,0,0,0.12,0.01,0.0,0.01,0.1,0.9,-1.2,0.0,0,0,1,0,0.675,0.32
320,6,-0.5438151359558105,-0.42259642481803894,0.0025950558483600616,0.4597824152370748,0.43786669412648105,0,0,0,0.12,0.01,0.0,0.01,0.1,0.9,-1.2,0.0,0,0,1,0,0.675,0.32
320,7,-0.9773988723754883,0.029155980795621872,-3.102385997772217,0.457003505724954,0.4333685321626193,0,0,0,0.12,0.01,0.0,0.01,0.1,0.9,-1.2,0.0,0,0,1,0,0.675,0.32
321,0,0.08286775648593903,0.12053858488798141,0.1249050423502922,0.4642588132443115,0.4330392843661622,0,0,0,0.12,0.01,0.0,0.01,0.1,0.9,-1.2,0.0,0,0,1,0,0.675,0.32
321,1,-0.782150387763977,-0.4177691340446472,-3.065666437149048,0.525770852928591,0.46774249278979274,0,0,0,0.12,0.01,0.0,0.01,0.1,0.9,-1.2,0.0,0,0,1,0,0.675,0.32
321,2,-0.2798267602920532,0.4252387285232544,-0.036542586982250214,0.2861443274872957,0.286657679711038,0,0,0,0.12,0.01,0.0,0.01,0.1,0.9,-1.2,0.0,0,0,1,0,0.675,0.32
321,3,-0.08298702538013458,-0.42328569293022156,0.030521990731358528,0.4387537809506621,0.4429537681444918,0,0,0,0.12,0.01,0.0,0.01,0.1,0.9,-1.2,0.0,0,0,1,0,0.675,0.32
321,4,-0.31995537877082825,-0.07392144203186035,1.1179234981536865,0.09388499878965335,0.27880710936464353,0,0,0,0.12,0.01,0.0,0.01,0.1,0.9,-1.2,0.0,0,0,1,0,0.675,0.32
321,5,-0.6222134232521057,0.21807217597961426,2.426525354385376,0.4288656380818747,0.3689047428919412,0,0,0,0.12,0.01,0.0,0.01,0.1,0.9,-1.2,0.0,0,0,1,0,0.675,0.32
321,6,-0.5429156422615051,-0.4225946068763733,0.0023212144151329994,0.4607319485812317,0.43525758865784303,0,0,0,0.12,0.01,0.0,0.01,0.1,0.9,-1.2,0.0,0,0,1,0,0.675,0.32
321,7,-0.9782899022102356,0.029121393337845802,-3.1032040119171143,0.45672370418970215,0.4325457669788159,0,0,0,0.12,0.01,0.0,0.01,0.1,0.9,-1.2,0.0,0,0,1,0,0.675,0.32
322,0,0.08375918120145798,0.12064996361732483,0.12379922717809677,0.46375735021056536,0.43265615486679676,0,0,0,0.12,0.01,0.0,0.01,0.1,0.9,-1.2,0.0,0,0,1,0,0.675,0.32
322,1,-0.7831413149833679,-0.4178435206413269,-3.067735433578491,0.5255176111211766,0.4678245500574123,0,0,0,0.12,0.01,0.0,0.01,0.1,0.9,-1.2,0.0,0,0,1,0,0.675,0.32
322,2,-0.27925172448158264,0.42521774768829346,-0.03646823763847351,0.28524518379144803,0.28535836568899015,0,0,0,0.12,0.01,0.0,0.01,0.1,0.9,-1.2,0.0,0,0,1,0,0.675,0.32
322,3,-0.0821051150560379,-0.4232587218284607,0.030745210126042366,0.4388895824361322,0.44230488987679506,0,0,0,0.12,0.01,0.0,0.01,0.1,0.9,-1.2,0.0,0,0,1,0,0.675,0.32
322,4,-0.3197935223579407,-0.07358544319868088,1.1245684623718262,0.09545380227197288,0.2770051027096403,0,0,0,0.12,0.01,0.0,0.01,0.1,0.9,-1.2,0.0,0,0,1,0,0.675,0.32
322,5,-0.6228159070014954,0.21859654784202576,2.4244062900543213,0.4284360751229849,0.3685447827261362,0,0,0,0.12,0.01,0.0,0.01,0.1,0.9,-1.2,0.0,0,0,1,0,0.675,0.32
322,6,-0.5420176982879639,-0.4225935935974121,0.001917409710586071,0.46068756311211306,0.43354280264106065,0,0,0,0.12,0.01,0.0,0.01,0.1,0.9,-1.2,0.0,0,0,1,0,0.675,0.32
322,7,-0.979179859161377,0.029087603092193604,-3.1040399074554443,0.4564564809346535,0.43170184044596166,0,0,0,0.12,0.01,0.0,0.01,0.1,0.9,-1.2,0.0,0,0,1,0,0.675,0.32
323,0,0.08464986085891724,0.1207602396607399,0.12268779426813126,0.4631867650251479,0.43233416049670276,0,0,0,0.12,0.01,0.0,0.01,0.1,0.9,-1.2,0.0,0,0,1,0,0.675,0.32
323,1,-0.784132182598114,-0.4179159104824066,-3.0697855949401855,0.5252836475678644,0.46787820956027887,0,0,0,0.12,0.01,0.0,0.01,0.1,0.9,-1.2,0.0,0,0,1,0,0.675,0.32
323,2,-0.27867886424064636,0.4251968562602997,-0.03643716499209404,0.28415725932776686,0.28424008383095506,0,0,0,0.12,0.01,0.0,0.01,0.1,0.9,-1.2,0.0,0,0,1,0,0.675,0.32
323,3,-0.08122371882200241,-0.4232316315174103,0.03093058429658413,0.43888062209533263,0.44179403811050844,0,0,0,0.12,0.01,0.0,0.01,0.1,0.9,-1.2,0.0,0,0,1,0,0.675,0.32
323,4,-0.31963375210762024,-0.07324868440628052,1.1310944557189941,0.09697807154855055,0.275238719365985,0,0,0,0.12,0.01,0.0,0.01,0.1,0.9,-1.2,0.0,0,0,1,0,0.675,0.32
323,5,-0.6234166026115417,0.21912172436714172,2.422288417816162,0.4279868482660976,0.3681954861569676,0,0,0,0.12,0.01,0.0,0.01,0.1,0.9,-1.2,0.0,0,0,1,0,0.675,0.32
323,6,-0.5411213636398315,-0.42259326577186584,-0.0009041469311341643,0.4492731478736987,0.4430975529624828,0,0,0,0.12,0.01,0.0,0.01,0.1,0.9,-1.2,0.0,0,0,1,0,0.675,0.32
323,7,-0.9800687432289124,0.029054611921310425,-3.1048943996429443,0.45619768855491044,0.43084089996895436,0,0,0,0.12,0.01,0.0,0.01,0.1,0.9,-1.2,0.0,0,0,1,0,0.675,0.32
324,0,0.08553978055715561,0.12086944282054901,0.12157541513442993,0.4625693920519402,0.4320505496594856,0,0,0,0.12,0.01,0.0,0.01,0.1,0.9,-1.2,0.0,0,0,1,0,0.675,0.32
324,1,-0.7851231098175049,-0.41798627376556396,-3.0718228816986084,0.5250039943142617,0.46796802202027193,0,0,0,0.12,0.01,0.0,0.01,0.1,0.9,-1.2,0.0,0,0,1,0,0.675,0.32
324,2,-0.2781082093715668,0.42517608404159546,-0.03646928071975708,0.2828668912903296,0.28331619891963133,0,0,0,0.12,0.01,0.0,0.01,0.1,0.9,-1.2,0.0,0,0,1,0,0.675,0.32
324,3,-0.0803428366780281,-0.4232044219970703,0.03100268729031086,0.43839072610745894,0.44175708864321256,0,0,0,0.12,0.01,0.0,0.01,0.1,0.9,-1.2,0.0,0,0,1,0,0.675,0.32
324,4,-0.31947606801986694,-0.07291120290756226,1.1375031471252441,0.09845407079300755,0.27351160575308925,0,0,0,0.12,0.01,0.0,0.01,0.1,0.9,-1.2,0.0,0,0,1,0,0.675,0.32
324,5,-0.6240156888961792,0.219647616147995,2.4201722145080566,0.42752774154459877,0.3678464731046016,0,0,0,0.12,0.01,0.0,0.01,0.1,0.9,-1.2,0.0,0,0,1,0,0.675,0.32
324,6,-0.5402267575263977,-0.42259374260902405,-0.001100030611269176,0.4494855600468212,0.4409203928836293,0,0,0,0.12,0.01,0.0,0.01,0.1,0.9,-1.2,0.0,0,0,1,0,0.675,0.32
324,7,-0.9809565544128418,0.029022423550486565,-3.105769157409668,0.4559400956312757,0.4299704749902148,0,0,0,0.12,0.01,0.0,0.01,0.1,0.9,-1.2,0.0,0,0,1,0,0.675,0.32
325,0,0.0864289328455925,0.12097758799791336,0.12048214673995972,0.46199854574346527,0.4317120079026224,0,0,0,0.12,0.01,0.0,0.01,0.1,0.9,-1.2,0.0,0,0,1,0,0.675,0.32
325,1,-0.7861139178276062,-0.41805458068847656,-3.0738494396209717,0.5246379605559968,0.468134201404605,0,0,0,0.12,0.01,0.0,0.01,0.1,0.9,-1.2,0.0,0,0,1,0,0.675,0.32
325,2,-0.2775397300720215,0.425155371427536,-0.03648209944367409,0.28154295872496865,0.2824187259788583,0,0,0,0.12,0.01,0.0,0.01,0.1,0.9,-1.2,0.0,0,0,1,0,0.675,0.32
325,3,-0.07946247607469559,-0.4231770932674408,0.0310733150690794,0.43791798700829254,0.44169582972983606,0,0,0,0.12,0.01,0.0,0.01,0.1,0.9,-1.2,0.0,0,0,1,0,0.675,0.32
325,4,-0.31932052969932556,-0.0725729763507843,1.143794298171997,0.09988891571048118,0.2718147090148606,0,0,0,0.12,0.01,0.0,0.01,0.1,0.9,-1.2,0.0,0,0,1,0,0.675,0.32
325,5,-0.6246130466461182,0.22017422318458557,2.4180593490600586,0.427057083672654,0.36750018971525494,0,0,0,0.12,0.01,0.0,0.01,0.1,0.9,-1.2,0.0,0,0,1,0,0.675,0.32
325,6,-0.5393339991569519,-0.42259490489959717,-0.0020807702094316483,0.44579559762513016,0.4425398687597575,0,0,0,0.12,0.01,0.0,0.01,0.1,0.9,-1.2,0.0,0,0,1,0,0.675,0.32
325,7,-0.9818432927131653,0.028991039842367172,-3.1066646575927734,0.4556829387900126,0.42909138848812456,0,0,0,0.12,0.01,0.0,0.01,0.1,0.9,-1.2,0.0,0,0,1,0,0.675,0.32
326,0,0.08731731027364731,0.12108467519283295,0.11940839141607285,0.46147551335990916,0.43131694994270314,0,0,0,0.12,0.01,0.0,0.01,0.1,0.9,-1.2,0.0,0,0,1,0,0.675,0.32
326,1,-0.7871047258377075,-0.41812077164649963,-3.075863838195801,0.5241516921539653,0.4684103038291584,0,0,0,0.12,0.01,0.0,0.01,0.1,0.9,-1.2,0.0,0,0,1,0,0.675,0.32
326,2,-0.2769734859466553,0.42513471841812134,-0.03643132746219635,0.28032966187445424,0.28140358397515514,0,0,0,0.12,0.01,0.0,0.01,0.1,0.9,-1.2,0.0,0,0,1,0,0.675,0.32
326,3,-0.07858264446258545,-0.4231496751308441,0.03124873898923397,0.43791126656454027,0.4411611015804487,0,0,0,0.12,0.01,0.0,0.01,0.1,0.9,-1.2,0.0,0,0,1,0,0.675,0.32
326,4,-0.31916728615760803,-0.07223398983478546,1.149970531463623,0.10132732439103752,0.27010581445631354,0,0,0,0.12,0.01,0.0,0.01,0.1,0.9,-1.2,0.0,0,0,1,0,0.675,0.32
326,5,-0.6252087354660034,0.22070148587226868,2.4159507751464844,0.4265844447593741,0.3671477215309091,0,0,0,0.12,0.01,0.0,0.01,0.1,0.9,-1.2,0.0,0,0,1,0,0.675,0.32
326,6,-0.5384432077407837,-0.422596275806427,-0.0025637042708694935,0.4443154668809224,0.4418406748770428,0,0,0,0.12,0.01,0.0,0.01,0.1,0.9,-1.2,0.0,0,0,1,0,0.675,0.32
326,7,-0.982728898525238,0.02896047942340374,-3.107581615447998,0.455424904446613,0.4282050732564815,0,0,0,0.12,0.01,0.0,0.01,0.1,0.9,-1.2,0.0,0,0,1,0,0.675,0.32
327,0,0.08820489794015884,0.12119071185588837,0.11833395808935165,0.46090917513388635,0.43095631673317913,0,0,0,0.12,0.01,0.0,0.01,0.1,0.9,-1.2,0.0,0,0,1,0,0.675,0.32
327,1,-0.7880954742431641,-0.41818490624427795,-3.0778605937957764,0.5235924175680035,0.46874862399693806,0,0,0,0.12,0.01,0.0,0.01,0.1,0.9,-1.2,0.0,0,0,1,0,0.675,0.32
327,2,-0.27640947699546814,0.4251141846179962,-0.036378227174282074,0.27911672064779924,0.2803827815342076,0,0,0,0.12,0.01,0.0,0.01,0.1,0.9,-1.2,0.0,0,0,1,0,0.675,0.32
327,3,-0.07770334929227829,-0.42312219738960266,0.03144316002726555,0.4379641939411959,0.4405590366114774,0,0,0,0.12,0.01,0.0,0.01,0.1,0.9,-1.2,0.0,0,0,1,0,0.675,0.32
327,4,-0.3190164268016815,-0.07189423590898514,1.1560373306274414,0.10278525065422103,0.26836801458358717,0,0,0,0.12,0.01,0.0,0.01,0.1,0.9,-1.2,0.0,0,0,1,0,0.675,0.32
327,5,-0.625802755355835,0.2212294340133667,2.413846731185913,0.4261071630150436,0.3667917899459244,0,0,0,0.12,0.01,0.0,0.01,0.1,0.9,-1.2,0.0,0,0,1,0,0.675,0.32
327,6,-0.5375544428825378,-0.42259785532951355,-0.0023046971764415503,0.4461000161784603,0.43776539987149704,0,0,0,0.12,0.01,0.0,0.01,0.1,0.9,-1.2,0.0,0,0,1,0,0.675,0.32
327,7,-0.9836133718490601,0.02893076464533806,-3.108520269393921,0.45516178579772526,0.4273157957032819,0,0,0,0.12,0.01,0.0,0.01,0.1,0.9,-1.2,0.0,0,0,1,0,0.675,0.32
328,0,0.08909168839454651,0.12129568308591843,0.11725356429815292,0.46027485781507893,0.43065478152436804,0,0,0,0.12,0.01,0.0,0.01,0.1,0.9,-1.2,0.0,0,0,1,0,0.675,0.32
328,1,-0.789086103439331,-0.4182470440864563,-3.0798323154449463,0.5230184397299794,0.46909038213891696,0,0,0,0.12,0.01,0.0,0.01,0.1,0.9,-1.2,0.0,0,0,1,0,0.675,0.32
328,2,-0.2758476734161377,0.42509377002716064,-0.03637384623289108,0.2777401065300142,0.2795202875663603,0,0,0,0.12,0.01,0.0,0.01,0.1,0.9,-1.2,0.0,0,0,1,0,0.675,0.32
328,3,-0.0768245980143547,-0.42309457063674927,0.03153283894062042,0.43759877946452824,0.4403674456827191,0,0,0,0.12,0.01,0.0,0.01,0.1,0.9,-1.2,0.0,0,0,1,0,0.675,0.32
328,4,-0.31886789202690125,-0.07155373692512512,1.1619960069656372,0.104250240060635,0.2666131379873081,0,0,0,0.12,0.01,0.0,0.01,0.1,0.9,-1.2,0.0,0,0,1,0,0.675,0.32
328,5,-0.626395046710968,0.22175806760787964,2.411746025085449,0.42561972972369233,0.3664378440716262,0,0,0,0.12,0.01,0.0,0.01,0.1,0.9,-1.2,0.0,0,0,1,0,0.675,0.32
328,6,-0.5366678833961487,-0.42259955406188965,-0.0019565345719456673,0.44823271551337124,0.43322866639886015,0,0,0,0.12,0.01,0.0,0.01,0.1,0.9,-1.2,0.0,0,0,1,0,0.675,0.32
328,7,-0.9844967722892761,0.028901930898427963,-3.1094810962677,0.45489137141125735,0.42642564805132804,0,0,0,0.12,0.01,0.0,0.01,0.1,0.9,-1.2,0.0,0,0,1,0,0.675,0.32
329,0,0.0899776741862297,0.12139956653118134,0.1161864846944809,0.4596587671363043,0.4303261981880976,0,0,0,0.12,0.01,0.0,0.01,0.1,0.9,-1.2,0.0,0,0,1,0,0.675,0.32
329,1,-0.7900766730308533,-0.41830727458000183,-3.081773281097412,0.5224822899379881,0.4693826297244875,0,0,0,0.12,0.01,0.0,0.01,0.1,0.9,-1.2,0.0,0,0,1,0,0.675,0.32
329,2,-0.27528807520866394,0.42507341504096985,-0.0363626666367054,0.2762859641256493,0.27873097074602426,0,0,0,0.12,0.01,0.0,0.01,0.1,0.9,-1.2,0.0,0,0,1,0,0.675,0.32
329,3,-0.0759463980793953,-0.4230668842792511,0.03157319501042366,0.436997783264667,0.4404033898501095,0,0,0,0.12,0.01,0.0,0.01,0.1,0.9,-1.2,0.0,0,0,1,0,0.675,0.32
329,4,-0.31872159242630005,-0.07121257483959198,1.1678422689437866,0.10570899385592075,0.26485314231732754,0,0,0,0.12,0.01,0.0,0.01,0.1,0.9,-1.2,0.0,0,0,1,0,0.675,0.32
329,5,-0.6269856095314026,0.22228741645812988,2.409649610519409,0.42511776154096337,0.36609080369417446,0,0,0,0.12,0.01,0.0,0.01,0.1,0.9,-1.2,0.0,0,0,1,0,0.675,0.32
329,6,-0.5357835292816162,-0.4226013720035553,-0.002467576414346695,0.44649547994139394,0.4324459964036683,0,0,0,0.12,0.01,0.0,0.01,0.1,0.9,-1.2,0.0,0,0,1,0,0.675,0.32
329,7,-0.9853790402412415,0.028874007984995842,-3.1104636192321777,0.4546170569141931,0.425531115464347,0,0,0,0.12,0.01,0.0,0.01,0.1,0.9,-1.2,0.0,0,0,1,0,0.675,0.32
330,0,0.09086284041404724,0.12150238454341888,0.11514300107955933,0.4591049581917329,0.4299265116301971,0,0,0,0.12,0.01,0.0,0.01,0.1,0.9,-1.2,0.0,0,0,1,0,0.675,0.32
330,1,-0.7910670638084412,-0.41836562752723694,-3.0836822986602783,0.5219958209424052,0.46961303716611535,0,0,0,0.12,0.01,0.0,0.01,0.1,0.9,-1.2,0.0,0,0,1,0,0.675,0.32
330,2,-0.27473074197769165,0.425053209066391,-0.036274515092372894,0.27511560093614656,0.277654715664653,0,0,0,0.12,0.01,0.0,0.01,0.1,0.9,-1.2,0.0,0,0,1,0,0.675,0.32
330,3,-0.07506874948740005,-0.42303910851478577,0.03170032426714897,0.4367890278322692,0.440039046622992,0,0,0,0.12,0.01,0.0,0.01,0.1,0.9,-1.2,0.0,0,0,1,0,0.675,0.32
330,4,-0.3185773491859436,-0.07087083905935287,1.1735734939575195,0.10712124793554542,0.26312659294580226,0,0,0,0.12,0.01,0.0,0.01,0.1,0.9,-1.2,0.0,0,0,1,0,0.675,0.32
330,5,-0.6275743246078491,0.22281751036643982,2.4075584411621094,0.4246013605166962,0.3657496726940581,0,0,0,0.12,0.01,0.0,0.01,0.1,0.9,-1.2,0.0,0,0,1,0,0.675,0.32
330,6,-0.5349016189575195,-0.4226035177707672,-0.003227727487683296,0.44350155202658237,0.4328021803685897,0,0,0,0.12,0.01,0.0,0.01,0.1,0.9,-1.2,0.0,0,0,1,0,0.675,0.32
330,7,-0.986260175704956,0.028847020119428635,-3.1114680767059326,0.45433670468155424,0.42463433556731656,0,0,0,0.12,0.01,0.0,0.01,0.1,0.9,-1.2,0.0,0,0,1,0,0.675,0.32
331,0,0.09174718707799911,0.12160415202379227,0.11410635709762573,0.4585366174705933,0.4295324757567931,0,0,0,0.12,0.01,0.0,0.01,0.1,0.9,-1.2,0.0,0,0,1,0,0.675,0.32
331,1,-0.7920573949813843,-0.418422132730484,-3.085561752319336,0.5215393562102727,0.469800625345666,0,0,0,0.12,0.01,0.0,0.01,0.1,0.9,-1.2,0.0,0,0,1,0,0.675,0.32
331,2,-0.27417564392089844,0.4250330924987793,-0.03614412993192673,0.274028881977519,0.27649159770158865,0,0,0,0.12,0.01,0.0,0.01,0.1,0.9,-1.2,0.0,0,0,1,0,0.675,0.32
331,3,-0.07419167459011078,-0.42301127314567566,0.03189455345273018,0.4368653419251977,0.43938158724350346,0,0,0,0.12,0.01,0.0,0.01,0.1,0.9,-1.2,0.0,0,0,1,0,0.675,0.32
331,4,-0.31843507289886475,-0.07052861899137497,1.1791917085647583,0.10847717433376644,0.2614420363386121,0,0,0,0.12,0.01,0.0,0.01,0.1,0.9,-1.2,0.0,0,0,1,0,0.675,0.32
331,5,-0.6281613111495972,0.22334830462932587,2.40547251701355,0.4240719133025695,0.36541288560566415,0,0,0,0.12,0.01,0.0,0.01,0.1,0.9,-1.2,0.0,0,0,1,0,0.675,0.32
331,6,-0.5340221524238586,-0.42260614037513733,-0.003548325039446354,0.44219050836207935,0.43135400581715044,0,0,0,0.12,0.01,0.0,0.01,0.1,0.9,-1.2,0.0,0,0,1,0,0.675,0.32
331,7,-0.9871401786804199,0.028820980340242386,-3.112494468688965,0.45404885328609396,0.42373682939212864,0,0,0,0.12,0.01,0.0,0.01,0.1,0.9,-1.2,0.0,0,0,1,0,0.675,0.32
332,0,0.09263069182634354,0.12170489132404327,0.11306247860193253,0.4578889931062167,0.4292090808531339,0,0,0,0.12,0.01,0.0,0.01,0.1,0.9,-1.2,0.0,0,0,1,0,0.675,0.32
332,1,-0.7930475473403931,-0.4184768497943878,-3.0874152183532715,0.5210849282232021,0.46997300415365945,0,0,0,0.12,0.01,0.0,0.01,0.1,0.9,-1.2,0.0,0,0,1,0,0.675,0.32
332,2,-0.2736227810382843,0.42501315474510193,-0.0360591784119606,0.2728793589085543,0.2753883632212674,0,0,0,0.12,0.01,0.0,0.01,0.1,0.9,-1.2,0.0,0,0,1,0,0.675,0.32
332,3,-0.07331516593694687,-0.4229833483695984,0.03201419860124588,0.4366283246607269,0.4390292337804352,0,0,0,0.12,0.01,0.0,0.01,0.1,0.9,-1.2,0.0,0,0,1,0,0.675,0.32
332,4,-0.31829461455345154,-0.07018598914146423,1.1847014427185059,0.10976641794793636,0.25980994680769415,0,0,0,0.12,0.01,0.0,0.01,0.1,0.9,-1.2,0.0,0,0,1,0,0.675,0.32
332,5,-0.628746509552002,0.22387976944446564,2.4033923149108887,0.4235281454168382,0.3650811208642896,0,0,0,0.12,0.01,0.0,0.01,0.1,0.9,-1.2,0.0,0,0,1,0,0.675,0.32
332,6,-0.5331453084945679,-0.4226091504096985,-0.003647219855338335,0.4416231165710506,0.429038738172907,0,0,0,0.12,0.01,0.0,0.01,0.1,0.9,-1.2,0.0,0,0,1,0,0.675,0.32
332,7,-0.9880190491676331,0.028795890510082245,-3.113542318344116,0.45375596626953363,0.422836073792417,0,0,0,0.12,0.01,0.0,0.01,0.1,0.9,-1.2,0.0,0,0,1,0,0.675,0.32
333,0,0.09351333975791931,0.1218046247959137,0.11202532052993774,0.4572250897757624,0.4288931434281255,0,0,0,0.12,0.01,0.0,0.01,0.1,0.9,-1.2,0.0,0,0,1,0,0.675,0.32
333,1,-0.7940375208854675,-0.4185296893119812,-3.089245319366455,0.5205737787642492,0.47018827615594744,0,0,0,0.12,0.01,0.0,0.01,0.1,0.9,-1.2,0.0,0,0,1,0,0.675,0.32
333,2,-0.27307218313217163,0.4249933063983917,-0.036006417125463486,0.2715762529841174,0.2744361485966932,0,0,0,0.12,0.01,0.0,0.01,0.1,0.9,-1.2,0.0,0,0,1,0,0.675,0.32
333,3,-0.07243924587965012,-0.42295533418655396,0.03204506263136864,0.4360138462237629,0.4390455796070783,0,0,0,0.12,0.01,0.0,0.01,0.1,0.9,-1.2,0.0,0,0,1,0,0.675,0.32
333,4,-0.31815600395202637,-0.06984294950962067,1.1901042461395264,0.11101159889449837,0.2582066015506768,0,0,0,0.12,0.01,0.0,0.01,0.1,0.9,-1.2,0.0,0,0,1,0,0.675,0.32
333,5,-0.629330039024353,0.22441183030605316,2.401318311691284,0.4229793157055693,0.36474541764709184,0,0,0,0.12,0.01,0.0,0.01,0.1,0.9,-1.2,0.0,0,0,1,0,0.675,0.32
333,6,-0.5322712659835815,-0.4226124882698059,-0.004102401901036501,0.4393101733595927,0.42834367338112994,0,0,0,0.12,0.01,0.0,0.01,0.1,0.9,-1.2,0.0,0,0,1,0,0.675,0.32
333,7,-0.9888967275619507,0.028771748766303062,-3.1146116256713867,0.4534574906831774,0.42193333697261476,0,0,0,0.12,0.01,0.0,0.01,0.1,0.9,-1.2,0.0,0,0,1,0,0.675,0.32
334,0,0.09439512342214584,0.12190338224172592,0.11101287603378296,0.4566259752706473,0.4285033572717721,0,0,0,0.12,0.01,0.0,0.01,0.1,0.9,-1.2,0.0,0,0,1,0,0.675,0.32
334,1,-0.7950273156166077,-0.41858071088790894,-3.0910534858703613,0.5199966888324229,0.470455064307073,0,0,0,0.12,0.01,0.0,0.01,0.1,0.9,-1.2,0.0,0,0,1,0,0.675,0.32
334,2,-0.27252382040023804,0.42497360706329346,-0.035907912999391556,0.2704587918904636,0.2732956665369656,0,0,0,0.12,0.01,0.0,0.01,0.1,0.9,-1.2,0.0,0,0,1,0,0.675,0.32
334,3,-0.07156392186880112,-0.42292726039886475,0.03212422505021095,0.4356073569941912,0.4388454127621261,0,0,0,0.12,0.01,0.0,0.01,0.1,0.9,-1.2,0.0,0,0,1,0,0.675,0.32
334,4,-0.318019300699234,-0.06949950009584427,1.195401668548584,0.11221101179708019,0.25663403376947863,0,0,0,0.12,0.01,0.0,0.01,0.1,0.9,-1.2,0.0,0,0,1,0,0.675,0.32
334,5,-0.6299118399620056,0.22494445741176605,2.399251937866211,0.4224264413148838,0.36440475880794937,0,0,0,0.12,0.01,0.0,0.01,0.1,0.9,-1.2,0.0,0,0,1,0,0.675,0.32
334,6,-0.5314000248908997,-0.4226161539554596,-0.0048023397102952,0.43575027217856094,0.42876640329369864,0,0,0,0.12,0.01,0.0,0.01,0.1,0.9,-1.2,0.0,0,0,1,0,0.675,0.32
334,7,-0.9897732734680176,0.028748562559485435,-3.1157021522521973,0.45315624965249135,0.42102537857474254,0,0,0,0.12,0.01,0.0,0.01,0.1,0.9,-1.2,0.0,0,0,1,0,0.675,0.32
335,0,0.09527603536844254,0.12200115621089935,0.11001530289649963,0.45605018146273524,0.42808125011685466,0,0,0,0.12,0.01,0.0,0.01,0.1,0.9,-1.2,0.0,0,0,1,0,0.675,0.32
335,1,-0.7960169315338135,-0.41862982511520386,-3.092836856842041,0.5193403280982496,0.47078616249470695,0,0,0,0.12,0.01,0.0,0.01,0.1,0.9,-1.2,0.0,0,0,1,0,0.675,0.32
335,2,-0.2719776928424835,0.42495405673980713,-0.035759337246418,0.26953432300797336,0.2719606425453103,0,0,0,0.12,0.01,0.0,0.01,0.1,0.9,-1.2,0.0,0,0,1,0,0.675,0.32
335,3,-0.07068918645381927,-0.4228990972042084,0.03230005130171776,0.43563403382501353,0.43820290074148427,0,0,0,0.12,0.01,0.0,0.01,0.1,0.9,-1.2,0.0,0,0,1,0,0.675,0.32
335,4,-0.3178846538066864,-0.06915563344955444,1.2005975246429443,0.11339246089548827,0.25506199543385744,0,0,0,0.12,0.01,0.0,0.01,0.1,0.9,-1.2,0.0,0,0,1,0,0.675,0.32
335,5,-0.6304919123649597,0.22547763586044312,2.397193670272827,0.4218725425107754,0.36405683933660615,0,0,0,0.12,0.01,0.0,0.01,0.1,0.9,-1.2,0.0,0,0,1,0,0.675,0.32
335,6,-0.5305317640304565,-0.42262017726898193,-0.005207728128880262,0.43325110248296184,0.4279972715023287,0,0,0,0.12,0.01,0.0,0.01,0.1,0.9,-1.2,0.0,0,0,1,0,0.675,0.32
335,7,-0.990648627281189,0.028726348653435707,-3.116814136505127,0.45285226937972595,0.42011258962906317,0,0,0,0.12,0.01,0.0,0.01,0.1,0.9,-1.2,0.0,0,0,1,0,0.675,0.32
336,0,0.0961560606956482,0.1220979392528534,0.10901182889938354,0.45540278795317846,0.4277212655250625,0,0,0,0.12,0.01,0.0,0.01,0.1,0.9,-1.2,0.0,0,0,1,0,0.675,0.32
336,1,-0.7970063090324402,-0.4186771512031555,-3.0945913791656494,0.5186538545947297,0.47113181663940124,0,0,0,0.12,0.01,0.0,0.01,0.1,0.9,-1.2,0.0,0,0,1,0,0.675,0.32
336,2,-0.27143383026123047,0.42493465542793274,-0.03564691171050072,0.2685346956592472,0.27070000215950896,0,0,0,0.12,0.01,0.0,0.01,0.1,0.9,-1.2,0.0,0,0,1,0,0.675,0.32
336,3,-0.06981506198644638,-0.4228708744049072,0.032448992133140564,0.4355319527004227,0.4376798483516708,0,0,0,0.12,0.01,0.0,0.01,0.1,0.9,-1.2,0.0,0,0,1,0,0.675,0.32
336,4,-0.31775209307670593,-0.06881136447191238,1.2056974172592163,0.11457485848457465,0.2534717828652179,0,0,0,0.12,0.01,0.0,0.01,0.1,0.9,-1.2,0.0,0,0,1,0,0.675,0.32
336,5,-0.6310702562332153,0.22601138055324554,2.3951423168182373,0.42131385618198797,0.36370566076289734,0,0,0,0.12,0.01,0.0,0.01,0.1,0.9,-1.2,0.0,0,0,1,0,0.675,0.32
336,6,-0.5296666026115417,-0.42262449860572815,-0.0052460841834545135,0.43212457489251854,0.42572156596899274,0,0,0,0.12,0.01,0.0,0.01,0.1,0.9,-1.2,0.0,0,0,1,0,0.675,0.32
336,7,-0.9915227890014648,0.028705136850476265,-3.1179471015930176,0.4525435404823832,0.41919674109949545,0,0,0,0.12,0.01,0.0,0.01,0.1,0.9,-1.2,0.0,0,0,1,0,0.675,0.32
337,0,0.09703519195318222,0.12219373136758804,0.1080072820186615,0.4547045144319045,0.4274029818296923,0,0,0,0.12,0.01,0.0,0.01,0.1,0.9,-1.2,0.0,0,0,1,0,0.675,0.32
337,1,-0.7979954481124878,-0.4187227487564087,-3.0963120460510254,0.5179759165055112,0.47145266330177027,0,0,0,0.12,0.01,0.0,0.01,0.1,0.9,-1.2,0.0,0,0,1,0,0.675,0.32
337,2,-0.2708922326564789,0.4249153435230255,-0.03559688478708267,0.26728082333979414,0.2696929510933418,0,0,0,0.12,0.01,0.0,0.01,0.1,0.9,-1.2,0.0,0,0,1,0,0.675,0.32
337,3,-0.06894155591726303,-0.42284253239631653,0.032493364065885544,0.43500635089960715,0.4375706606856285,0,0,0,0.12,0.01,0.0,0.01,0.1,0.9,-1.2,0.0,0,0,1,0,0.675,0.32
337,4,-0.31762152910232544,-0.06846673041582108,1.2107019424438477,0.11574577255892939,0.25187544063877876,0,0,0,0.12,0.01,0.0,0.01,0.1,0.9,-1.2,0.0,0,0,1,0,0.675,0.32
337,5,-0.6316468715667725,0.22654570639133453,2.3930978775024414,0.4207447065662633,0.36335672003514674,0,0,0,0.12,0.01,0.0,0.01,0.1,0.9,-1.2,0.0,0,0,1,0,0.675,0.32
337,6,-0.5288047194480896,-0.4226290285587311,-0.005348126403987408,0.4305648861480168,0.423742646162469,0,0,0,0.12,0.01,0.0,0.01,0.1,0.9,-1.2,0.0,0,0,1,0,0.675,0.32
337,7,-0.9923957586288452,0.028684960678219795,-3.1191015243530273,0.4522278213068233,0.4182801938489689,0,0,0,0.12,0.01,0.0,0.01,0.1,0.9,-1.2,0.0,0,0,1,0,0.675,0.32
338,0,0.09791342169046402,0.12228851020336151,0.10702423006296158,0.45405540476692796,0.42702617634879464,0,0,0,0.12,0.01,0.0,0.01,0.1,0.9,-1.2,0.0,0,0,1,0,0.675,0.32
338,1,-0.7989842891693115,-0.41876664757728577,-3.097996950149536,0.5173132470289766,0.47174131363233934,0,0,0,0.12,0.01,0.0,0.01,0.1,0.9,-1.2,0.0,0,0,1,0,0.675,0.32
338,2,-0.27035290002822876,0.4248962104320526,-0.03553079441189766,0.26616181643797926,0.268551988283853,0,0,0,0.12,0.01,0.0,0.01,0.1,0.9,-1.2,0.0,0,0,1,0,0.675,0.32
338,3,-0.06806867569684982,-0.42281416058540344,0.03253789246082306,0.43445851249607315,0.4374739344605613,0,0,0,0.12,0.01,0.0,0.01,0.1,0.9,-1.2,0.0,0,0,1,0,0.675,0.32
338,4,-0.31749290227890015,-0.06812180578708649,1.2156078815460205,0.11688517294050622,0.25029249229310585,0,0,0,0.12,0.01,0.0,0.01,0.1,0.9,-1.2,0.0,0,0,1,0,0.675,0.32
338,5,-0.6322216987609863,0.22708062827587128,2.3910608291625977,0.42016413618450404,0.36301109384174096,0,0,0,0.12,0.01,0.0,0.01,0.1,0.9,-1.2,0.0,0,0,1,0,0.675,0.32
338,6,-0.5279462337493896,-0.42263370752334595,-0.0057339356280863285,0.4276790545503021,0.42295104999147654,0,0,0,0.12,0.01,0.0,0.01,0.1,0.9,-1.2,0.0,0,0,1,0,0.675,0.32
338,7,-0.9932675361633301,0.028665853664278984,-3.1202774047851562,0.4519069717028295,0.41736108802770033,0,0,0,0.12,0.01,0.0,0.01,0.1,0.9,-1.2,0.0,0,0,1,0,0.675,0.32
339,0,0.0987907350063324,0.12238230556249619,0.10606369376182556,0.4534594085170085,0.42658707833754483,0,0,0,0.12,0.01,0.0,0.01,0.1,0.9,-1.2,0.0,0,0,1,0,0.675,0.32
339,1,-0.7999728918075562,-0.4188089668750763,-3.09964656829834,0.5166868194673969,0.47197619828238946,0,0,0,0.12,0.01,0.0,0.01,0.1,0.9,-1.2,0.0,0,0,1,0,0.675,0.32
339,2,-0.2698158025741577,0.4248771667480469,-0.03540027141571045,0.26519129715089135,0.2672628358828611,0,0,0,0.12,0.01,0.0,0.01,0.1,0.9,-1.2,0.0,0,0,1,0,0.675,0.32
339,3,-0.06719642877578735,-0.4227857291698456,0.03268275037407875,0.434349045295331,0.4369290618709592,0,0,0,0.12,0.01,0.0,0.01,0.1,0.9,-1.2,0.0,0,0,1,0,0.675,0.32
339,4,-0.3173660337924957,-0.06777667999267578,1.2204148769378662,0.11798094360008408,0.2487345472179396,0,0,0,0.12,0.01,0.0,0.01,0.1,0.9,-1.2,0.0,0,0,1,0,0.675,0.32
339,5,-0.6327946782112122,0.22761614620685577,2.3890321254730225,0.41957181403347865,0.36266875555804357,0,0,0,0.12,0.01,0.0,0.01,0.1,0.9,-1.2,0.0,0,0,1,0,0.675,0.32
339,6,-0.5270912051200867,-0.42263859510421753,-0.00607241690158844,0.4248255219689873,0.42198517654022905,0,0,0,0.12,0.01,0.0,0.01,0.1,0.9,-1.2,0.0,0,0,1,0,0.675,0.32
339,7,-0.9941381216049194,0.028647834435105324,-3.121474266052246,0.45158044132373343,0.4164396163544893,0,0,0,0.12,0.01,0.0,0.01,0.1,0.9,-1.2,0.0,0,0,1,0,0.675,0.32
340,0,0.09966712445020676,0.12247513234615326,0.10510352998971939,0.4528154765435179,0.4261867965392153,0,0,0,0.12,0.01,0.0,0.01,0.1,0.9,-1.2,0.0,0,0,1,0,0.675,0.32
340,1,-0.8009611964225769,-0.4188497066497803,-3.1012625694274902,0.5160704926586275,0.4721826239490386,0,0,0,0.12,0.01,0.0,0.01,0.1,0.9,-1.2,0.0,0,0,1,0,0.675,0.32
340,2,-0.26928097009658813,0.4248582720756531,-0.03527851402759552,0.26423049136667853,0.26596593693227166,0,0,0,0.12,0.01,0.0,0.01,0.1,0.9,-1.2,0.0,0,0,1,0,0.675,0.32
340,3,-0.06632483005523682,-0.42275723814964294,0.03284838795661926,0.43433306619869255,0.4362805087829969,0,0,0,0.12,0.01,0.0,0.01,0.1,0.9,-1.2,0.0,0,0,1,0,0.675,0.32
340,4,-0.317240834236145,-0.06743141263723373,1.2251269817352295,0.1190243411411522,0.24721005078656688,0,0,0,0.12,0.01,0.0,0.01,0.1,0.9,-1.2,0.0,0,0,1,0,0.675,0.32
340,5,-0.6333658695220947,0.22815223038196564,2.3870112895965576,0.4189646832743767,0.3623321659764168,0,0,0,0.12,0.01,0.0,0.01,0.1,0.9,-1.2,0.0,0,0,1,0,0.675,0.32
340,6,-0.5262398719787598,-0.42264363169670105,-0.006123140919953585,0.4230246894856517,0.41982289619244895,0,0,0,0.12,0.01,0.0,0.01,0.1,0.9,-1.2,0.0,0,0,1,0,0.675,0.32
340,7,-0.9950075149536133,0.028630906715989113,-3.122692108154297,0.4512470737679023,0.415517352463482,0,0,0,0.12,0.01,0.0,0.01,0.1,0.9,-1.2,0.0,0,0,1,0,0.675,0.32
341,0,0.1005425751209259,0.12256702035665512,0.10413777828216553,0.4520982910536377,0.4258506487466248,0,0,0,0.12,0.01,0.0,0.01,0.1,0.9,-1.2,0.0,0,0,1,0,0.675,0.32
341,1,-0.801949143409729,-0.4188888669013977,-3.1028475761413574,0.5154307078442025,0.47239349373965966,0,0,0,0.12,0.01,0.0,0.01,0.1,0.9,-1.2,0.0,0,0,1,0,0.675,0.32
341,2,-0.26874840259552,0.42483949661254883,-0.03522663190960884,0.2630434588066297,0.2648955627807421,0,0,0,0.12,0.01,0.0,0.01,0.1,0.9,-1.2,0.0,0,0,1,0,0.675,0.32
341,3,-0.06545388698577881,-0.42272868752479553,0.0329115204513073,0.43387592351125387,0.43606292689157805,0,0,0,0.12,0.01,0.0,0.01,0.1,0.9,-1.2,0.0,0,0,1,0,0.675,0.32
341,4,-0.31711724400520325,-0.06708605587482452,1.2297475337982178,0.1200258353367887,0.24570847362126488,0,0,0,0.12,0.01,0.0,0.01,0.1,0.9,-1.2,0.0,0,0,1,0,0.675,0.32
341,5,-0.6339353322982788,0.2286888211965561,2.3849985599517822,0.41835669115523844,0.361987199034886,0,0,0,0.12,0.01,0.0,0.01,0.1,0.9,-1.2,0.0,0,0,1,0,0.675,0.32
341,6,-0.5253922939300537,-0.4226487874984741,-0.006128540262579918,0.421268820056652,0.4174690849688301,0,0,0,0.12,0.01,0.0,0.01,0.1,0.9,-1.2,0.0,0,0,1,0,0.675,0.32
341,7,-0.9958755970001221,0.028615064918994904,-3.1239309310913086,0.4509055459954109,0.414596096231762,0,0,0,0.12,0.01,0.0,0.01,0.1,0.9,-1.2,0.0,0,0,1,0,0.675,0.32
342,0,0.10141707211732864,0.12265799194574356,0.10318777710199356,0.45140187682310706,0.4254845505793893,0,0,0,0.12,0.01,0.0,0.01,0.1,0.9,-1.2,0.0,0,0,1,0,0.675,0.32
342,1,-0.8029367923736572,-0.4189264178276062,-3.104403257369995,0.7783379400981706,0.20505161630975796,0,0,0,0.12,0.01,0.0,0.01,0.1,0.9,-1.2,0.0,0,0,1,0,0.675,0.32
342,2,-0.26821810007095337,0.42482084035873413,-0.035191942006349564,0.2617950934106973,0.2638883692090842,0,0,0,0.12,0.01,0.0,0.01,0.1,0.9,-1.2,0.0,0,0,1,0,0.675,0.32
342,3,-0.06458359956741333,-0.42270004749298096,0.032928694039583206,0.4332428473934556,0.43601048998981473,0,0,0,0.12,0.01,0.0,0.01,0.1,0.9,-1.2,0.0,0,0,1,0,0.675,0.32
342,4,-0.3169952929019928,-0.06674061715602875,1.2342767715454102,-1.0199196700147428,1.2613563750079908,0,0,0,0.12,0.01,0.0,0.01,0.1,0.9,-1.2,0.0,0,0,1,0,0.675,0.32
342,5,-0.6345030069351196,0.22922587394714355,2.382995128631592,0.4177379839061436,0.3616441257358853,0,0,0,0.12,0.01,0.0,0.01,0.1,0.9,-1.2,0.0,0,0,1,0,0.675,0.32
342,6,-0.5245486497879028,-0.42265400290489197,-0.0063820211216807365,0.41838218411437506,0.41609744587906367,0,0,0,0.12,0.01,0.0,0.01,0.1,0.9,-1.2,0.0,0,0,1,0,0.675,0.32
342,7,-0.9967424869537354,0.028600309044122696,-3.125190258026123,0.4505619935544188,0.4136692948786562,0,0,0,0.12,0.01,0.0,0.01,0.1,0.9,-1.2,0.0,0,0,1,0,0.675,0.32
343,0,0.10229060798883438,0.12274805456399918,0.10226458311080933,0.4507764999229418,0.42503805715255877,0,0,0,0.12,0.01,0.0,0.01,0.1,0.9,-1.2,0.0,0,0,1,0,0.675,0.32
343,1,-0.803924024105072,-0.41896241903305054,-3.105929374694824,0.7741852702122921,0.20866110906779825,0,0,0,0.12,0.01,0.0,0.01,0.1,0.9,-1.2,0.0,0,0,1,0,0.675,0.32
343,2,-0.2676900327205658,0.424802303314209,-0.035099130123853683,0.26072575938193193,0.26270345557244434,0,0,0,0.12,0.01,0.0,0.01,0.1,0.9,-1.2,0.0,0,0,1,0,0.675,0.32
343,3,-0.06371399760246277,-0.422671377658844,0.03303137049078941,0.4329660701606434,0.4355907869484264,0,0,0,0.12,0.01,0.0,0.01,0.1,0.9,-1.2,0.0,0,0,1,0,0.675,0.32
343,4,-0.31687507033348083,-0.066395103931427,1.238715648651123,-1.0027288197535371,1.2459310292261934,0,0,0,0.12,0.01,0.0,0.01,0.1,0.9,-1.2,0.0,0,0,1,0,0.675,0.32
343,5,-0.6350690126419067,0.22976335883140564,2.3810014724731445,0.41711967412676726,0.361291893084384,0,0,0,0.12,0.01,0.0,0.01,0.1,0.9,-1.2,0.0,0,0,1,0,0.675,0.32
343,6,-0.5237091183662415,-0.422659307718277,-0.006689989473670721,0.4151482222719042,0.41492269056607806,0,0,0,0.12,0.01,0.0,0.01,0.1,0.9,-1.2,0.0,0,0,1,0,0.675,0.32
343,7,-0.9976081848144531,0.02858664281666279,-3.1264703273773193,0.4502112070770138,0.4127425153999455,0,0,0,0.12,0.01,0.0,0.01,0.1,0.9,-1.2,0.0,0,0,1,0,0.675,0.32
344,0,0.10316316783428192,0.12283721566200256,0.10134884715080261,0.45023239298795653,0.4243741567518811,0,0,0,0.12,0.01,0.0,0.01,0.1,0.9,-1.2,0.0,0,0,1,0,0.675,0.32
344,1,-0.8049079179763794,-0.4189915060997009,-3.1223347187042236,0.6680113990294441,0.3143100421441094,0,0,0,0.12,0.01,0.0,0.01,0.1,0.9,-1.2,0.0,0,0,1,0,0.675,0.32
344,2,-0.2671642005443573,0.4247838854789734,-0.03498237207531929,0.262891528419454,0.25827902812580356,0,0,0,0.12,0.01,0.0,0.01,0.1,0.9,-1.2,0.0,0,0,1,0,0.675,0.32
344,3,-0.06284508109092712,-0.42264261841773987,0.033196430653333664,0.43400946915710376,0.4339433544818123,0,0,0,0.12,0.01,0.0,0.01,0.1,0.9,-1.2,0.0,0,0,1,0,0.675,0.32
344,4,-0.31679096817970276,-0.0661422461271286,1.3036723136901855,-0.8059107680129877,1.057838471631991,0,0,0,0.12,0.01,0.0,0.01,0.1,0.9,-1.2,0.0,0,0,1,0,0.675,0.32
344,5,-0.6356332898139954,0.23030126094818115,2.3790178298950195,0.4172430271813904,0.36005905917191167,0,0,0,0.12,0.01,0.0,0.01,0.1,0.9,-1.2,0.0,0,0,1,0,0.675,0.32
344,6,-0.5228738188743591,-0.42266467213630676,-0.00671840226277709,0.41578114019579937,0.40957385314755385,0,0,0,0.12,0.01,0.0,0.01,0.1,0.9,-1.2,0.0,0,0,1,0,0.675,0.32
344,7,-0.9984725713729858,0.028574088588356972,-3.12777042388916,0.44992346029043145,0.4117495371842389,0,0,0,0.12,0.01,0.0,0.01,0.1,0.9,-1.2,0.0,0,0,1,0,0.675,0.32
345,0,0.10403474420309067,0.12292546778917313,0.10042418539524078,0.4497636928991368,0.4235754236741968,0,0,0,0.12,0.01,0.0,0.01,0.1,0.9,-1.2,0.0,0,0,1,0,0.675,0.32
345,1,-0.8058908581733704,-0.41900017857551575,3.1409409046173096,0.5325558685445312,0.44919831522469483,0,0,0,0.12,0.01,0.0,0.01,0.1,0.9,-1.2,0.0,0,0,1,0,0.675,0.32
345,2,-0.26664066314697266,0.42476558685302734,-0.03492315113544464,0.2655595664561286,0.2533683653294549,0,0,0,0.12,0.01,0.0,0.01,0.1,0.9,-1.2,0.0,0,0,1,0,0.675,0.32
345,3,-0.061976853758096695,-0.42261382937431335,0.03329026326537132,0.43460556619100854,0.4327451909310312,0,0,0,0.12,0.01,0.0,0.01,0.1,0.9,-1.2,0.0,0,0,1,0,0.675,0.32
345,4,-0.3167320787906647,-0.06590612977743149,1.3828767538070679,-0.5644428386860566,0.8252432301216799,0,0,0,0.12,0.01,0.0,0.01,0.1,0.9,-1.2,0.0,0,0,1,0,0.675,0.32
345,5,-0.6361957788467407,0.2308395951986313,2.377042770385742,0.41759760426237663,0.3586080546502821,0,0,0,0.12,0.01,0.0,0.01,0.1,0.9,-1.2,0.0,0,0,1,0,0.675,0.32
345,6,-0.5220428705215454,-0.4226700961589813,-0.006549532525241375,0.41852857808053784,0.4019191648584576,0,0,0,0.12,0.01,0.0,0.01,0.1,0.9,-1.2,0.0,0,0,1,0,0.675,0.32
345,7,-0.9993357062339783,0.028562679886817932,-3.1290910243988037,0.44995375505865143,0.410444656692142,0,0,0,0.12,0.01,0.0,0.01,0.1,0.9,-1.2,0.0,0,0,1,0,0.675,0.32
346,0,0.10490522533655167,0.12301278114318848,0.09949732571840286,0.4494033398875616,0.4226416406384088,0,0,0,0.12,0.01,0.0,0.01,0.1,0.9,-1.2,0.0,0,0,1,0,0.675,0.32
346,1,-0.8068732619285583,-0.41899123787879944,3.127033233642578,0.43370692069467026,0.547424096513429,0,0,0,0.12,0.01,0.0,0.01,0.1,0.9,-1.2,0.0,0,0,1,0,0.675,0.32
346,2,-0.2661193609237671,0.42474737763404846,-0.03509022668004036,0.2672117284094998,0.24949426142814674,0,0,0,0.12,0.01,0.0,0.01,0.1,0.9,-1.2,0.0,0,0,1,0,0.675,0.32
346,3,-0.061109255999326706,-0.42258498072624207,0.03324369713664055,0.4341081446736116,0.43260889586517615,0,0,0,0.12,0.01,0.0,0.01,0.1,0.9,-1.2,0.0,0,0,1,0,0.675,0.32
346,4,-0.3166917562484741,-0.06565890461206436,1.4510061740875244,-0.35304232565518573,0.6203809293901559,0,0,0,0.12,0.01,0.0,0.01,0.1,0.9,-1.2,0.0,0,0,1,0,0.675,0.32
346,5,-0.636756420135498,0.23137831687927246,2.3750314712524414,0.4178151423861937,0.3573560183117433,0,0,0,0.12,0.01,0.0,0.01,0.1,0.9,-1.2,0.0,0,0,1,0,0.675,0.32
346,6,-0.5212165713310242,-0.4226755201816559,-0.006721154786646366,0.42043342258250094,0.394963899595386,0,0,0,0.12,0.01,0.0,0.01,0.1,0.9,-1.2,0.0,0,0,1,0,0.675,0.32
346,7,-1.0001975297927856,0.028552452102303505,-3.1304354667663574,0.45024558749355514,0.4088831857188778,0,0,0,0.12,0.01,0.0,0.01,0.1,0.9,-1.2,0.0,0,0,1,0,0.675,0.32
347,0,0.10577453672885895,0.12309914827346802,0.09857634454965591,0.4491654748788913,0.4215609316953579,0,0,0,0.12,0.01,0.0,0.01,0.1,0.9,-1.2,0.0,0,0,1,0,0.675,0.32
347,1,-0.807854950428009,-0.41897302865982056,3.1222026348114014,0.3942167822792772,0.5862587030455824,0,0,0,0.12,0.01,0.0,0.01,0.1,0.9,-1.2,0.0,0,0,1,0,0.675,0.32
347,2,-0.2656002938747406,0.4247291088104248,-0.03546996787190437,0.2676617946016827,0.246841565192934,0,0,0,0.12,0.01,0.0,0.01,0.1,0.9,-1.2,0.0,0,0,1,0,0.675,0.32
347,3,-0.06024225801229477,-0.42255619168281555,0.03318055346608162,0.4330220284137271,0.4330301819172361,0,0,0,0.12,0.01,0.0,0.01,0.1,0.9,-1.2,0.0,0,0,1,0,0.675,0.32
347,4,-0.31666791439056396,-0.06540090590715408,1.503088355064392,-0.1869910180645939,0.45890079141435586,0,0,0,0.12,0.01,0.0,0.01,0.1,0.9,-1.2,0.0,0,0,1,0,0.675,0.32
347,5,-0.6373151540756226,0.23191745579242706,2.372960090637207,0.417777190477249,0.356416096418503,0,0,0,0.12,0.01,0.0,0.01,0.1,0.9,-1.2,0.0,0,0,1,0,0.675,0.32
347,6,-0.5203951597213745,-0.42268121242523193,-0.0073741888627409935,0.42047644144531693,0.389729435381923,0,0,0,0.12,0.01,0.0,0.01,0.1,0.9,-1.2,0.0,0,0,1,0,0.675,0.32
347,7,-1.0010582208633423,0.028543444350361824,-3.131822109222412,0.45057672264691984,0.4072811603296122,0,0,0,0.12,0.01,0.0,0.01,0.1,0.9,-1.2,0.0,0,0,1,0,0.675,0.32
348,0,0.10664265602827072,0.12318455427885056,0.09764085710048676,0.4489207937165202,0.4204663560942707,0,0,0,0.12,0.01,0.0,0.01,0.1,0.9,-1.2,0.0,0,0,1,0,0.675,0.32
348,1,-0.8088359832763672,-0.4189539849758148,3.124814987182617,0.40436922397436836,0.5754308811205412,0,0,0,0.12,0.01,0.0,0.01,0.1,0.9,-1.2,0.0,0,0,1,0,0.675,0.32
348,2,-0.2650834918022156,0.4247106909751892,-0.03601498529314995,0.26699053073612156,0.24532641147884426,0,0,0,0.12,0.01,0.0,0.01,0.1,0.9,-1.2,0.0,0,0,1,0,0.675,0.32
348,3,-0.059375885874032974,-0.4225274622440338,0.03318777307868004,0.4318453320692703,0.4335151067544297,0,0,0,0.12,0.01,0.0,0.01,0.1,0.9,-1.2,0.0,0,0,1,0,0.675,0.32
348,4,-0.3166565001010895,-0.0651351660490036,1.540149450302124,-0.06404203991855263,0.33926741104091285,0,0,0,0.12,0.01,0.0,0.01,0.1,0.9,-1.2,0.0,0,0,1,0,0.675,0.32
348,5,-0.6378719210624695,0.23245710134506226,2.370835304260254,0.4174960380444536,0.3557591909518232,0,0,0,0.12,0.01,0.0,0.01,0.1,0.9,-1.2,0.0,0,0,1,0,0.675,0.32
348,6,-0.5195788145065308,-0.4226874113082886,-0.008212036453187466,0.41941414556187756,0.3854552082093322,0,0,0,0.12,0.01,0.0,0.01,0.1,0.9,-1.2,0.0,0,0,1,0,0.675,0.32
348,7,-1.0019174814224243,0.028535695746541023,-3.133270502090454,0.4507165288717801,0.4058637881486363,0,0,0,0.12,0.01,0.0,0.01,0.1,0.9,-1.2,0.0,0,0,1,0,0.675,0.32
349,0,0.107509545981884,0.12326899915933609,0.09666287899017334,0.44850626388940296,0.4195253570899062,0,0,0,0.12,0.01,0.0,0.01,0.1,0.9,-1.2,0.0,0,0,1,0,0.675,0.32
349,1,-0.8098164796829224,-0.41893962025642395,3.131014347076416,0.43935984981572906,0.539740377540228,0,0,0,0.12,0.01,0.0,0.01,0.1,0.9,-1.2,0.0,0,0,1,0,0.675,0.32
349,2,-0.26456886529922485,0.4246920049190521,-0.036722682416439056,0.26509111795383183,0.2450494202618054,0,0,0,0.12,0.01,0.0,0.01,0.1,0.9,-1.2,0.0,0,0,1,0,0.675,0.32
349,3,-0.05851016938686371,-0.42249879240989685,0.0331987701356411,0.43041109648066067,0.43423486146611656,0,0,0,0.12,0.01,0.0,0.01,0.1,0.9,-1.2,0.0,0,0,1,0,0.675,0.32
349,4,-0.3166532516479492,-0.06486426293849945,1.565100908279419,0.02375508431757083,0.2540706884447278,0,0,0,0.12,0.01,0.0,0.01,0.1,0.9,-1.2,0.0,0,0,1,0,0.675,0.32
349,5,-0.6384268403053284,0.23299726843833923,2.3686747550964355,0.4170235951176752,0.3553165833720099,0,0,0,0.12,0.01,0.0,0.01,0.1,0.9,-1.2,0.0,0,0,1,0,0.675,0.32
349,6,-0.5187675952911377,-0.4226943850517273,-0.0091389836743474,0.41724313370067095,0.3821390164725163,0,0,0,0.12,0.01,0.0,0.01,0.1,0.9,-1.2,0.0,0,0,1,0,0.675,0.32
349,7,-1.0027756690979004,0.028529243543744087,-3.1347858905792236,0.4505496610747887,0.4047421823395179,0,0,0,0.12,0.01,0.0,0.01,0.1,0.9,-1.2,0.0,0,0,1,0,0.675,0.32
350,0,0.108375184237957,0.12335246801376343,0.09564833343029022,0.4479162928358231,0.4187472823366011,0,0,0,0.12,0.01,0.0,0.01,0.1,0.9,-1.2,0.0,0,0,1,0,0.675,0.32
350,1,-0.8107963800430298,-0.4189319312572479,3.137174367904663,0.4755356871042029,0.5028339661207422,0,0,0,0.12,0.01,0.0,0.01,0.1,0.9,-1.2,0.0,0,0,1,0,0.675,0.32
350,2,-0.2640564739704132,0.4246729612350464,-0.03752533346414566,0.26206679010954126,0.24590443705949563,0,0,0,0.12,0.01,0.0,0.01,0.1,0.9,-1.2,0.0,0,0,1,0,0.675,0.32
350,3,-0.05764514207839966,-0.4224701225757599,0.03318639472126961,0.42872701815331876,0.4351843721512466,0,0,0,0.12,0.01,0.0,0.01,0.1,0.9,-1.2,0.0,0,0,1,0,0.675,0.32
350,4,-0.31665483117103577,-0.06458976864814758,1.5809522867202759,0.08484384900941405,0.19518631213293516,0,0,0,0.12,0.01,0.0,0.01,0.1,0.9,-1.2,0.0,0,0,1,0,0.675,0.32
350,5,-0.6389798521995544,0.23353798687458038,2.3664965629577637,0.41641516952285956,0.355020508482359,0,0,0,0.12,0.01,0.0,0.01,0.1,0.9,-1.2,0.0,0,0,1,0,0.675,0.32
350,6,-0.5179616808891296,-0.4227021634578705,-0.01029929332435131,0.4132846477225929,0.3804579493805261,0,0,0,0.12,0.01,0.0,0.01,0.1,0.9,-1.2,0.0,0,0,1,0,0.675,0.32
350,7,-1.0036324262619019,0.028524111956357956,-3.1363584995269775,0.45008060057392696,0.4039105502820911,0,0,0,0.12,0.01,0.0,0.01,0.1,0.9,-1.2,0.0,0,0,1,0,0.675,0.32
351,0,0.10923956334590912,0.12343495339155197,0.09462729841470718,0.4472653341795096,0.4180198239778391,0,0,0,0.12,0.01,0.0,0.01,0.1,0.9,-1.2,0.0,0,0,1,0,0.675,0.32
351,1,-0.8117756247520447,-0.4189297556877136,3.141202688217163,0.49891289604236394,0.4786944137759039,0,0,0,0.12,0.01,0.0,0.01,0.1,0.9,-1.2,0.0,0,0,1,0,0.675,0.32
351,2,-0.26354625821113586,0.4246536195278168,-0.038265716284513474,0.2585195826537175,0.2472867442124324,0,0,0,0.12,0.01,0.0,0.01,0.1,0.9,-1.2,0.0,0,0,1,0,0.675,0.32
351,3,-0.056780826300382614,-0.42244142293930054,0.03327788785099983,0.4274078863226855,0.4357499820626295,0,0,0,0.12,0.01,0.0,0.01,0.1,0.9,-1.2,0.0,0,0,1,0,0.675,0.32
351,4,-0.3166593313217163,-0.06431253999471664,1.5902520418167114,0.12652362042810356,0.15548136180494393,0,0,0,0.12,0.01,0.0,0.01,0.1,0.9,-1.2,0.0,0,0,1,0,0.675,0.32
351,5,-0.6395310759544373,0.23407921195030212,2.364316940307617,0.4157268860621791,0.35480828496977285,0,0,0,0.12,0.01,0.0,0.01,0.1,0.9,-1.2,0.0,0,0,1,0,0.675,0.32
351,6,-0.5171612501144409,-0.4227108657360077,-0.011640269309282303,0.4076791959214114,0.38026929326773656,0,0,0,0.12,0.01,0.0,0.01,0.1,0.9,-1.2,0.0,0,0,1,0,0.675,0.32
351,7,-1.0044879913330078,0.02852032147347927,-3.1379690170288086,0.4494101622869514,0.4032686731050468,0,0,0,0.12,0.01,0.0,0.01,0.1,0.9,-1.2,0.0,0,0,1,0,0.675,0.32
352,0,0.11010266840457916,0.12351644784212112,0.09360805153846741,0.44657368902376887,0.41732423063107726,0,0,0,0.12,0.01,0.0,0.01,0.1,0.9,-1.2,0.0,0,0,1,0,0.675,0.32
352,1,-0.8127541542053223,-0.4189305007457733,-3.1405019760131836,0.5063230756995907,0.47049101550600614,0,0,0,0.12,0.01,0.0,0.01,0.1,0.9,-1.2,0.0,0,0,1,0,0.675,0.32
352,2,-0.2630382478237152,0.42463400959968567,-0.03883514180779457,0.25484949139733626,0.24879610749106096,0,0,0,0.12,0.01,0.0,0.01,0.1,0.9,-1.2,0.0,0,0,1,0,0.675,0.32
352,3,-0.055917248129844666,-0.42241260409355164,0.03354586288332939,0.42685244502683467,0.43553384123186284,0,0,0,0.12,0.01,0.0,0.01,0.1,0.9,-1.2,0.0,0,0,1,0,0.675,0.32
352,4,-0.31666553020477295,-0.06403305381536484,1.5949742794036865,0.1544422503841208,0.12939024006006258,0,0,0,0.12,0.01,0.0,0.01,0.1,0.9,-1.2,0.0,0,0,1,0,0.675,0.32
352,5,-0.6400805711746216,0.23462092876434326,2.3621468544006348,0.4150016482977631,0.3546318236680267,0,0,0,0.12,0.01,0.0,0.01,0.1,0.9,-1.2,0.0,0,0,1,0,0.675,0.32
352,6,-0.5163664221763611,-0.42272043228149414,-0.012864840216934681,0.40166171908749365,0.3803369748555301,0,0,0,0.12,0.01,0.0,0.01,0.1,0.9,-1.2,0.0,0,0,1,0,0.675,0.32
352,7,-1.0053422451019287,0.028517885133624077,-3.139596462249756,0.4486714461327883,0.40268583507525013,0,0,0,0.12,0.01,0.0,0.01,0.1,0.9,-1.2,0.0,0,0,1,0,0.675,0.32
353,0,0.11096447706222534,0.12359693646430969,0.09257310628890991,0.44576189885675793,0.41674085487783075,0,0,0,0.12,0.01,0.0,0.01,0.1,0.9,-1.2,0.0,0,0,1,0,0.675,0.32
353,1,-0.8137319087982178,-0.41893166303634644,-3.1408817768096924,0.501799139159896,0.474190381389878,0,0,0,0.12,0.01,0.0,0.01,0.1,0.9,-1.2,0.0,0,0,1,0,0.675,0.32
353,2,-0.26253238320350647,0.42461422085762024,-0.03925084322690964,0.2511391890338129,0.2503494965740972,0,0,0,0.12,0.01,0.0,0.01,0.1,0.9,-1.2,0.0,0,0,1,0,0.675,0.32
353,3,-0.055054422467947006,-0.42238354682922363,0.033878959715366364,0.42667082053269006,0.43492540615950975,0,0,0,0.12,0.01,0.0,0.01,0.1,0.9,-1.2,0.0,0,0,1,0,0.675,0.32
353,4,-0.316672682762146,-0.06375154852867126,1.5965708494186401,0.17280932926430193,0.11273855305419479,0,0,0,0.12,0.01,0.0,0.01,0.1,0.9,-1.2,0.0,0,0,1,0,0.675,0.32
353,5,-0.6406282782554626,0.23516318202018738,2.359992027282715,0.4142567483242349,0.3544721635524435,0,0,0,0.12,0.01,0.0,0.01,0.1,0.9,-1.2,0.0,0,0,1,0,0.675,0.32
353,6,-0.5155773758888245,-0.42273083329200745,-0.013791706413030624,0.39597505368565955,0.37991839609766564,0,0,0,0.12,0.01,0.0,0.01,0.1,0.9,-1.2,0.0,0,0,1,0,0.675,0.32
353,7,-1.0061951875686646,0.028516819700598717,-3.1412253379821777,0.4479711621138342,0.40205681630642337,0,0,0,0.12,0.01,0.0,0.01,0.1,0.9,-1.2,0.0,0,0,1,0,0.675,0.32
354,0,0.11182499676942825,0.12367638945579529,0.09152266383171082,0.4448213403014932,0.41627939297868877,0,0,0,0.12,0.01,0.0,0.01,0.1,0.9,-1.2,0.0,0,0,1,0,0.675,0.32
354,1,-0.8147088885307312,-0.41893190145492554,3.1411468982696533,0.4921037943159688,0.48302831341871133,0,0,0,0.12,0.01,0.0,0.01,0.1,0.9,-1.2,0.0,0,0,1,0,0.675,0.32
354,2,-0.26202869415283203,0.42459437251091003,-0.039540499448776245,0.2474900336940655,0.25184683483048587,0,0,0,0.12,0.01,0.0,0.01,0.1,0.9,-1.2,0.0,0,0,1,0,0.675,0.32
354,3,-0.054192375391721725,-0.4223542809486389,0.034150391817092896,0.42631890519598364,0.4344689036991275,0,0,0,0.12,0.01,0.0,0.01,0.1,0.9,-1.2,0.0,0,0,1,0,0.675,0.32
354,4,-0.31668004393577576,-0.06346818059682846,1.5960664749145508,0.18455977001974322,0.10260897120645306,0,0,0,0.12,0.01,0.0,0.01,0.1,0.9,-1.2,0.0,0,0,1,0,0.675,0.32
354,5,-0.6411741971969604,0.23570595681667328,2.3578555583953857,0.4135002958355416,0.3543182146968376,0,0,0,0.12,0.01,0.0,0.01,0.1,0.9,-1.2,0.0,0,0,1,0,0.675,0.32
354,6,-0.5147942900657654,-0.42274191975593567,-0.014510801993310452,0.3903664104092776,0.37926646551006443,0,0,0,0.12,0.01,0.0,0.01,0.1,0.9,-1.2,0.0,0,0,1,0,0.675,0.32
354,7,-1.0070468187332153,0.02851714938879013,3.1403353214263916,0.4473586464709251,0.40133353225527124,0,0,0,0.12,0.01,0.0,0.01,0.1,0.9,-1.2,0.0,0,0,1,0,0.675,0.32
355,0,0.1126842051744461,0.12375480681657791,0.0904865637421608,0.443876347331457,0.4158159877973272,0,0,0,0.12,0.01,0.0,0.01,0.1,0.9,-1.2,0.0,0,0,1,0,0.675,0.32
355,1,-0.8156850337982178,-0.41893091797828674,3.140110731124878,0.48293088375713683,0.49130977691028255,0,0,0,0.12,0.01,0.0,0.01,0.1,0.9,-1.2,0.0,0,0,1,0,0.675,0.32
355,2,-0.2615271806716919,0.42457452416419983,-0.03964293375611305,0.24418034084755869,0.2530112969068817,0,0,0,0.12,0.01,0.0,0.01,0.1,0.9,-1.2,0.0,0,0,1,0,0.675,0.32
355,3,-0.053331125527620316,-0.4223247766494751,0.03440052270889282,0.4259981584454095,0.4339633512591804,0,0,0,0.12,0.01,0.0,0.01,0.1,0.9,-1.2,0.0,0,0,1,0,0.675,0.32
355,4,-0.31668707728385925,-0.06318306922912598,1.5941951274871826,0.1918346748744518,0.09686700840840039,0,0,0,0.12,0.01,0.0,0.01,0.1,0.9,-1.2,0.0,0,0,1,0,0.675,0.32
355,5,-0.6417182087898254,0.23624929785728455,2.3557393550872803,0.41273052875184374,0.35417078550673176,0,0,0,0.12,0.01,0.0,0.01,0.1,0.9,-1.2,0.0,0,0,1,0,0.675,0.32
355,6,-0.5140172243118286,-0.4227534532546997,-0.015145918354392052,0.38450927746006164,0.3787075756817231,0,0,0,0.12,0.01,0.0,0.01,0.1,0.9,-1.2,0.0,0,0,1,0,0.675,0.32
355,7,-1.007897138595581,0.028518887236714363,3.138714075088501,0.44683380126712935,0.4005160212540803,0,0,0,0.12,0.01,0.0,0.01,0.1,0.9,-1.2,0.0,0,0,1,0,0.675,0.32
356,0,0.1135421097278595,0.12383218109607697,0.0894821435213089,0.4429949584672144,0.41528337567356316,0,0,0,0.12,0.01,0.0,0.01,0.1,0.9,-1.2,0.0,0,0,1,0,0.675,0.32
356,1,-0.8166603446006775,-0.41892915964126587,3.1396524906158447,0.4772641788203364,0.4960502852719183,0,0,0,0.12,0.01,0.0,0.01,0.1,0.9,-1.2,0.0,0,0,1,0,0.675,0.32
356,2,-0.26102781295776367,0.4245547652244568,-0.03949922323226929,0.24154258177216284,0.25350993468825583,0,0,0,0.12,0.01,0.0,0.01,0.1,0.9,-1.2,0.0,0,0,1,0,0.675,0.32
356,3,-0.05247068777680397,-0.4222950339317322,0.03472678363323212,0.42613280891921534,0.4329835665271042,0,0,0,0.12,0.01,0.0,0.01,0.1,0.9,-1.2,0.0,0,0,1,0,0.675,0.32
356,4,-0.31669339537620544,-0.06289628893136978,1.5914641618728638,0.19609461229840647,0.09405540424784294,0,0,0,0.12,0.01,0.0,0.01,0.1,0.9,-1.2,0.0,0,0,1,0,0.675,0.32
356,5,-0.6422604918479919,0.23679319024085999,2.353644609451294,0.41196461395222506,0.35401086135905424,0,0,0,0.12,0.01,0.0,0.01,0.1,0.9,-1.2,0.0,0,0,1,0,0.675,0.32
356,6,-0.5132464170455933,-0.42276531457901,-0.015634484589099884,0.37867592189944643,0.37797255899273496,0,0,0,0.12,0.01,0.0,0.01,0.1,0.9,-1.2,0.0,0,0,1,0,0.675,0.32
356,7,-1.0087460279464722,0.028522036969661713,3.137089967727661,0.44635986077854833,0.39964134704997345,0,0,0,0.12,0.01,0.0,0.01,0.1,0.9,-1.2,0.0,0,0,1,0,0.675,0.32
357,0,0.11439868062734604,0.12390855699777603,0.08849072456359863,0.4420980421749097,0.41476098616447626,0,0,0,0.12,0.01,0.0,0.01,0.1,0.9,-1.2,0.0,0,0,1,0,0.675,0.32
357,1,-0.8176347613334656,-0.41892725229263306,3.1398277282714844,0.4755512565710605,0.4968016653916775,0,0,0,0.12,0.01,0.0,0.01,0.1,0.9,-1.2,0.0,0,0,1,0,0.675,0.32
357,2,-0.260530561208725,0.42453518509864807,-0.03917238488793373,0.23951291318181703,0.2534078133558874,0,0,0,0.12,0.01,0.0,0.01,0.1,0.9,-1.2,0.0,0,0,1,0,0.675,0.32
357,3,-0.051611077040433884,-0.42226508259773254,0.0350787378847599,0.4264928099262977,0.43175989421722655,0,0,0,0.12,0.01,0.0,0.01,0.1,0.9,-1.2,0.0,0,0,1,0,0.675,0.32
357,4,-0.31669875979423523,-0.06260795146226883,1.5882140398025513,0.19835758007448667,0.09315839611608032,0,0,0,0.12,0.01,0.0,0.01,0.1,0.9,-1.2,0.0,0,0,1,0,0.675,0.32
357,5,-0.6428008675575256,0.2373376041650772,2.351571798324585,0.4111933108654348,0.353847384801832,0,0,0,0.12,0.01,0.0,0.01,0.1,0.9,-1.2,0.0,0,0,1,0,0.675,0.32
357,6,-0.5124820470809937,-0.42277732491493225,-0.015860779210925102,0.37337999175496883,0.3765482442527216,0,0,0,0.12,0.01,0.0,0.01,0.1,0.9,-1.2,0.0,0,0,1,0,0.675,0.32
357,7,-1.0095936059951782,0.028526589274406433,3.1354570388793945,0.44590374835945096,0.398741632614365,0,0,0,0.12,0.01,0.0,0.01,0.1,0.9,-1.2,0.0,0,0,1,0,0.675,0.32
358,0,0.11525392532348633,0.1239839643239975,0.08749531209468842,0.4411104446466406,0.4143236750547449,0,0,0,0.12,0.01,0.0,0.01,0.1,0.9,-1.2,0.0,0,0,1,0,0.675,0.32
358,1,-0.8186082243919373,-0.4189257323741913,3.140422821044922,0.4765380119106539,0.4948171282985441,0,0,0,0.12,0.01,0.0,0.01,0.1,0.9,-1.2,0.0,0,0,1,0,0.675,0.32
358,2,-0.2600354552268982,0.42451587319374084,-0.03877444565296173,0.23788664109792534,0.25291046135339906,0,0,0,0.12,0.01,0.0,0.01,0.1,0.9,-1.2,0.0,0,0,1,0,0.675,0.32
358,3,-0.050752319395542145,-0.4222349226474762,0.03531889617443085,0.42649526518556274,0.43087481337812755,0,0,0,0.12,0.01,0.0,0.01,0.1,0.9,-1.2,0.0,0,0,1,0,0.675,0.32
358,4,-0.3167031705379486,-0.062318120151758194,1.5846728086471558,0.19931569490236653,0.09348541703420266,0,0,0,0.12,0.01,0.0,0.01,0.1,0.9,-1.2,0.0,0,0,1,0,0.675,0.32
358,5,-0.6433394551277161,0.23788248002529144,2.349519729614258,0.4104163764537583,0.3536799432216873,0,0,0,0.12,0.01,0.0,0.01,0.1,0.9,-1.2,0.0,0,0,1,0,0.675,0.32
358,6,-0.5117241740226746,-0.4227893352508545,-0.015870261937379837,0.3685171549970083,0.3745412880724497,0,0,0,0.12,0.01,0.0,0.01,0.1,0.9,-1.2,0.0,0,0,1,0,0.675,0.32
358,7,-1.0104398727416992,0.02853252738714218,3.1338107585906982,0.44543492666502815,0.3978473556874194,0,0,0,0.12,0.01,0.0,0.01,0.1,0.9,-1.2,0.0,0,0,1,0,0.675,0.32
359,0,0.11610782891511917,0.12405842542648315,0.08651367574930191,0.4401101917271254,0.4138937145228747,0,0,0,0.12,0.01,0.0,0.01,0.1,0.9,-1.2,0.0,0,0,1,0,0.675,0.32
359,1,-0.8195807933807373,-0.41892486810684204,3.141160726547241,0.4785404913660627,0.49177973339590014,0,0,0,0.12,0.01,0.0,0.01,0.1,0.9,-1.2,0.0,0,0,1,0,0.675,0.32
359,2,-0.2595424950122833,0.4244968593120575,-0.038330335170030594,0.2366405249437381,0.25204046360644805,0,0,0,0.12,0.01,0.0,0.01,0.1,0.9,-1.2,0.0,0,0,1,0,0.675,0.32
359,3,-0.04989442974328995,-0.4222045838832855,0.03546183556318283,0.4261846202215109,0.43028375927601725,0,0,0,0.12,0.01,0.0,0.01,0.1,0.9,-1.2,0.0,0,0,1,0,0.675,0.32
359,4,-0.3167065978050232,-0.06202689930796623,1.5809930562973022,0.19943453643395634,0.09457187082693844,0,0,0,0.12,0.01,0.0,0.01,0.1,0.9,-1.2,0.0,0,0,1,0,0.675,0.32
359,5,-0.6438763737678528,0.2384277731180191,2.3474888801574707,0.4096458332438002,0.35349603725485707,0,0,0,0.12,0.01,0.0,0.01,0.1,0.9,-1.2,0.0,0,0,1,0,0.675,0.32
359,6,-0.5109729766845703,-0.42280125617980957,-0.01581048220396042,0.3635858578025558,0.3724555092514298,0,0,0,0.12,0.01,0.0,0.01,0.1,0.9,-1.2,0.0,0,0,1,0,0.675,0.32
359,7,-1.0112848281860352,0.028539830818772316,3.1321492195129395,0.44493915113637234,0.3969729992466233,0,0,0,0.12,0.01,0.0,0.01,0.1,0.9,-1.2,0.0,0,0,1,0,0.675,0.32
360,0,0.11696038395166397,0.12413197010755539,0.08556864410638809,0.4391930242866997,0.4133748868613716,0,0,0,0.12,0.01,0.0,0.01,0.1,0.9,-1.2,0.0,0,0,1,0,0.675,0.32
360,1,-0.8205523490905762,-0.4189247786998749,-3.1413521766662598,0.48030004642412816,0.48894735433652253,0,0,0,0.12,0.01,0.0,0.01,0.1,0.9,-1.2,0.0,0,0,1,0,0.675,0.32
360,2,-0.2590516209602356,0.4244782328605652,-0.03779960051178932,0.23604176347591316,0.25053160483501513,0,0,0,0.12,0.01,0.0,0.01,0.1,0.9,-1.2,0.0,0,0,1,0,0.675,0.32
360,3,-0.049037422984838486,-0.4221740961074829,0.03563258424401283,0.4260768522511142,0.4294703374614102,0,0,0,0.12,0.01,0.0,0.01,0.1,0.9,-1.2,0.0,0,0,1,0,0.675,0.32
360,4,-0.31670907139778137,-0.06173436716198921,1.5772744417190552,0.1990454299675471,0.09608807132372787,0,0,0,0.12,0.01,0.0,0.01,0.1,0.9,-1.2,0.0,0,0,1,0,0.675,0.32
360,5,-0.6444115042686462,0.2389734387397766,2.3454794883728027,0.40888685452788776,0.3532904340043694,0,0,0,0.12,0.01,0.0,0.01,0.1,0.9,-1.2,0.0,0,0,1,0,0.675,0.32
360,6,-0.5102286338806152,-0.42281293869018555,-0.01570001244544983,0.35862240649313604,0.37025734328179677,0,0,0,0.12,0.01,0.0,0.01,0.1,0.9,-1.2,0.0,0,0,1,0,0.675,0.32
360,7,-1.012128233909607,0.02854849211871624,3.1304726600646973,0.4444163894023935,0.396118536058422,0,0,0,0.12,0.01,0.0,0.01,0.1,0.9,-1.2,0.0,0,0,1,0,0.675,0.32
361,0,0.11781158298254013,0.1242045983672142,0.08464730530977249,0.43830435145997854,0.4128221405634896,0,0,0,0.12,0.01,0.0,0.01,0.1,0.9,-1.2,0.0,0,0,1,0,0.675,0.32
361,1,-0.8215228915214539,-0.41892528533935547,-3.1408424377441406,0.4811905143463261,0.4869452597892635,0,0,0,0.12,0.01,0.0,0.01,0.1,0.9,-1.2,0.0,0,0,1,0,0.675,0.32
361,2,-0.2585628628730774,0.42445990443229675,-0.037211235612630844,0.23586196908672372,0.24861149778644523,0,0,0,0.12,0.01,0.0,0.01,0.1,0.9,-1.2,0.0,0,0,1,0,0.675,0.32
361,3,-0.04818131774663925,-0.42214351892471313,0.03584704175591469,0.42620080418315803,0.42840540700229734,0,0,0,0.12,0.01,0.0,0.01,0.1,0.9,-1.2,0.0,0,0,1,0,0.675,0.32
361,4,-0.31671056151390076,-0.0614406056702137,1.57357919216156,0.19834657515883117,0.09783599768281312,0,0,0,0.12,0.01,0.0,0.01,0.1,0.9,-1.2,0.0,0,0,1,0,0.675,0.32
361,5,-0.644944965839386,0.23951943218708038,2.343491554260254,0.40813481751122443,0.3530676370557312,0,0,0,0.12,0.01,0.0,0.01,0.1,0.9,-1.2,0.0,0,0,1,0,0.675,0.32
361,6,-0.5094912648200989,-0.42282435297966003,-0.01541259977966547,0.35410185850478004,0.36747530900620623,0,0,0,0.12,0.01,0.0,0.01,0.1,0.9,-1.2,0.0,0,0,1,0,0.675,0.32
361,7,-1.0129704475402832,0.02855852246284485,3.128782272338867,0.4438707822663459,0.3952798849242058,0,0,0,0.12,0.01,0.0,0.01,0.1,0.9,-1.2,0.0,0,0,1,0,0.675,0.32
362,0,0.11866141110658646,0.12427633255720139,0.08372251689434052,0.4373296809684941,0.41235008711698573,0,0,0,0.12,0.01,0.0,0.01,0.1,0.9,-1.2,0.0,0,0,1,0,0.675,0.32
362,1,-0.8224923610687256,-0.4189262390136719,-3.1404967308044434,0.48117597068379625,0.4858084801333119,0,0,0,0.12,0.01,0.0,0.01,0.1,0.9,-1.2,0.0,0,0,1,0,0.675,0.32
362,2,-0.25807619094848633,0.424441933631897,-0.036680739372968674,0.23583804203667724,0.2465440170606128,0,0,0,0.12,0.01,0.0,0.01,0.1,0.9,-1.2,0.0,0,0,1,0,0.675,0.32
362,3,-0.047326136380434036,-0.4221128523349762,0.03599148988723755,0.42608075080021873,0.4275644546975229,0,0,0,0.12,0.01,0.0,0.01,0.1,0.9,-1.2,0.0,0,0,1,0,0.675,0.32
362,4,-0.3167109787464142,-0.06114569678902626,1.5699433088302612,0.19745692086060945,0.09969848919073637,0,0,0,0.12,0.01,0.0,0.01,0.1,0.9,-1.2,0.0,0,0,1,0,0.675,0.32
362,5,-0.6454766392707825,0.2400657832622528,2.3415229320526123,0.407385535526723,0.35283147544816096,0,0,0,0.12,0.01,0.0,0.01,0.1,0.9,-1.2,0.0,0,0,1,0,0.675,0.32
362,6,-0.5087610483169556,-0.4228353798389435,-0.014928712509572506,0.3501764666523909,0.36396037226057293,0,0,0,0.12,0.01,0.0,0.01,0.1,0.9,-1.2,0.0,0,0,1,0,0.675,0.32
362,7,-1.0138111114501953,0.02856994792819023,3.127080202102661,0.4433150967006327,0.3944446961040853,0,0,0,0.12,0.01,0.0,0.01,0.1,0.9,-1.2,0.0,0,0,1,0,0.675,0.32
363,0,0.11950987577438354,0.12434715032577515,0.08280041813850403,0.43629476644293264,0.4119328536818843,0,0,0,0.12,0.01,0.0,0.01,0.1,0.9,-1.2,0.0,0,0,1,0,0.675,0.32
363,1,-0.8234606981277466,-0.4189274311065674,-3.1402645111083984,0.4805222090544334,0.4852703872857461,0,0,0,0.12,0.01,0.0,0.01,0.1,0.9,-1.2,0.0,0,0,1,0,0.675,0.32
363,2,-0.2575916349887848,0.42442426085472107,-0.03625538945198059,0.23573466639890475,0.24456438917741968,0,0,0,0.12,0.01,0.0,0.01,0.1,0.9,-1.2,0.0,0,0,1,0,0.675,0.32
363,3,-0.04647189378738403,-0.4220821261405945,0.036028698086738586,0.4255428269378157,0.42712104768834397,0,0,0,0.12,0.01,0.0,0.01,0.1,0.9,-1.2,0.0,0,0,1,0,0.675,0.32
363,4,-0.31671032309532166,-0.06084972620010376,1.566388726234436,0.19645374126372223,0.10159949355187532,0,0,0,0.12,0.01,0.0,0.01,0.1,0.9,-1.2,0.0,0,0,1,0,0.675,0.32
363,5,-0.6460066437721252,0.2406124621629715,2.3395724296569824,0.40663330674912374,0.3525874721929844,0,0,0,0.12,0.01,0.0,0.01,0.1,0.9,-1.2,0.0,0,0,1,0,0.675,0.32
363,6,-0.5080381035804749,-0.4228459894657135,-0.014410878531634808,0.34629171546861787,0.3602709824188028,0,0,0,0.12,0.01,0.0,0.01,0.1,0.9,-1.2,0.0,0,0,1,0,0.675,0.32
363,7,-1.0146504640579224,0.028582802042365074,3.1253674030303955,0.4427543974774674,0.3936079644304916,0,0,0,0.12,0.01,0.0,0.01,0.1,0.9,-1.2,0.0,0,0,1,0,0.675,0.32
364,0,0.1203569620847702,0.12441706657409668,0.08191053569316864,0.4353242352454099,0.4114461705239382,0,0,0,0.12,0.01,0.0,0.01,0.1,0.9,-1.2,0.0,0,0,1,0,0.675,0.32
364,1,-0.8244279026985168,-0.4189288318157196,-3.1400840282440186,0.47959775904848845,0.4849617364005777,0,0,0,0.12,0.01,0.0,0.01,0.1,0.9,-1.2,0.0,0,0,1,0,0.675,0.32
364,2,-0.257109135389328,0.42440685629844666,-0.03587520495057106,0.23568739256312568,0.24253724256108086,0,0,0,0.12,0.01,0.0,0.01,0.1,0.9,-1.2,0.0,0,0,1,0,0.675,0.32
364,3,-0.045618608593940735,-0.422051340341568,0.03606908768415451,0.42505631648777914,0.4266056040597062,0,0,0,0.12,0.01,0.0,0.01,0.1,0.9,-1.2,0.0,0,0,1,0,0.675,0.32
364,4,-0.316708505153656,-0.06055276840925217,1.562929391860962,0.1953966934919364,0.10347971127033168,0,0,0,0.12,0.01,0.0,0.01,0.1,0.9,-1.2,0.0,0,0,1,0,0.675,0.32
364,5,-0.64653480052948,0.24115951359272003,2.3376402854919434,0.4058761465523665,0.352337731125551,0,0,0,0.12,0.01,0.0,0.01,0.1,0.9,-1.2,0.0,0,0,1,0,0.675,0.32
364,6,-0.5073225498199463,-0.4228561222553253,-0.013971260748803616,0.3421016621937628,0.3567566585192804,0,0,0,0.12,0.01,0.0,0.01,0.1,0.9,-1.2,0.0,0,0,1,0,0.675,0.32
364,7,-1.0154883861541748,0.028597109019756317,3.1236445903778076,0.44219472919793096,0.3927637049069885,0,0,0,0.12,0.01,0.0,0.01,0.1,0.9,-1.2,0.0,0,0,1,0,0.675,0.32
365,0,0.12120267003774643,0.12448609620332718,0.08105481415987015,0.4344252523924849,0.4108826938126543,0,0,0,0.12,0.01,0.0,0.01,0.1,0.9,-1.2,0.0,0,0,1,0,0.675,0.32
365,1,-0.8253939747810364,-0.4189303517341614,-3.1399083137512207,0.4786612709522822,0.4846229831218144,0,0,0,0.12,0.01,0.0,0.01,0.1,0.9,-1.2,0.0,0,0,1,0,0.675,0.32
365,2,-0.25662872195243835,0.42438971996307373,-0.03550311177968979,0.2358188041823259,0.24034067901202533,0,0,0,0.12,0.01,0.0,0.01,0.1,0.9,-1.2,0.0,0,0,1,0,0.675,0.32
365,3,-0.04476630315184593,-0.4220205545425415,0.03618289902806282,0.4248831457818768,0.425756197479842,0,0,0,0.12,0.01,0.0,0.01,0.1,0.9,-1.2,0.0,0,0,1,0,0.675,0.32
365,4,-0.3167055547237396,-0.060254909098148346,1.5595717430114746,0.19431335736678781,0.10531287382675468,0,0,0,0.12,0.01,0.0,0.01,0.1,0.9,-1.2,0.0,0,0,1,0,0.675,0.32
365,5,-0.6470611691474915,0.24170690774917603,2.335726499557495,0.4051159288536917,0.3520802591193308,0,0,0,0.12,0.01,0.0,0.01,0.1,0.9,-1.2,0.0,0,0,1,0,0.675,0.32
365,6,-0.5066145062446594,-0.42286577820777893,-0.013514476828277111,0.3379534211246829,0.35307475661350685,0,0,0,0.12,0.01,0.0,0.01,0.1,0.9,-1.2,0.0,0,0,1,0,0.675,0.32
365,7,-1.0163248777389526,0.028612878173589706,3.1219122409820557,0.44163657028500325,0.3919116775291752,0,0,0,0.12,0.01,0.0,0.01,0.1,0.9,-1.2,0.0,0,0,1,0,0.675,0.32
366,0,0.12204698473215103,0.12455426901578903,0.08020463585853577,0.4334809681482794,0.4103592732839105,0,0,0,0.12,0.01,0.0,0.01,0.1,0.9,-1.2,0.0,0,0,1,0,0.675,0.32
366,1,-0.8263587355613708,-0.41893208026885986,-3.139714479446411,0.4778747589880038,0.48409151718081944,0,0,0,0.12,0.01,0.0,0.01,0.1,0.9,-1.2,0.0,0,0,1,0,0.675,0.32
366,2,-0.25615039467811584,0.4243728220462799,-0.035208072513341904,0.23587013948668123,0.23823259603272798,0,0,0,0.12,0.01,0.0,0.01,0.1,0.9,-1.2,0.0,0,0,1,0,0.675,0.32
366,3,-0.04391499608755112,-0.421989768743515,0.036279357969760895,0.4246396119937783,0.424955875123989,0,0,0,0.12,0.01,0.0,0.01,0.1,0.9,-1.2,0.0,0,0,1,0,0.675,0.32
366,4,-0.3167015612125397,-0.059956226497888565,1.5563162565231323,0.1932351242576971,0.10706878194461919,0,0,0,0.12,0.01,0.0,0.01,0.1,0.9,-1.2,0.0,0,0,1,0,0.675,0.32
366,5,-0.6475858092308044,0.2422546148300171,2.3338305950164795,0.40435486649003943,0.35181284333738366,0,0,0,0.12,0.01,0.0,0.01,0.1,0.9,-1.2,0.0,0,0,1,0,0.675,0.32
366,6,-0.5059141516685486,-0.42287498712539673,-0.012943373061716557,0.3341671820635707,0.3489109281544774,0,0,0,0.12,0.01,0.0,0.01,0.1,0.9,-1.2,0.0,0,0,1,0,0.675,0.32
366,7,-1.0171599388122559,0.028630094602704048,3.1201698780059814,0.44107536306614065,0.39105649957424016,0,0,0,0.12,0.01,0.0,0.01,0.1,0.9,-1.2,0.0,0,0,1,0,0.675,0.32
367,0,0.12288989126682281,0.12462162226438522,0.0793517604470253,0.432458562624549,0.409908609616662,0,0,0,0.12,0.01,0.0,0.01,0.1,0.9,-1.2,0.0,0,0,1,0,0.675,0.32
367,1,-0.8273223042488098,-0.4189339578151703,-3.1394994258880615,0.477236168131736,0.4833686187411277,0,0,0,0.12,0.01,0.0,0.01,0.1,0.9,-1.2,0.0,0,0,1,0,0.675,0.32
367,2,-0.2556741237640381,0.4243561029434204,-0.03505268320441246,0.23555205611049757,0.23650278302371874,0,0,0,0.12,0.01,0.0,0.01,0.1,0.9,-1.2,0.0,0,0,1,0,0.675,0.32
367,3,-0.04306470975279808,-0.4219589829444885,0.036271095275878906,0.4239583196842165,0.42457173440819074,0,0,0,0.12,0.01,0.0,0.01,0.1,0.9,-1.2,0.0,0,0,1,0,0.675,0.32
367,4,-0.3166966140270233,-0.059656791388988495,1.5531622171401978,0.1921774866558228,0.1087312278770294,0,0,0,0.12,0.01,0.0,0.01,0.1,0.9,-1.2,0.0,0,0,1,0,0.675,0.32
367,5,-0.6481086611747742,0.24280257523059845,2.331951856613159,0.4035885345474964,0.35154032592613643,0,0,0,0.12,0.01,0.0,0.01,0.1,0.9,-1.2,0.0,0,0,1,0,0.675,0.32
367,6,-0.5052216649055481,-0.4228837490081787,-0.01236506924033165,0.33037226580788903,0.3446405015070219,0,0,0,0.12,0.01,0.0,0.01,0.1,0.9,-1.2,0.0,0,0,1,0,0.675,0.32
367,7,-1.0179935693740845,0.028648734092712402,3.118417263031006,0.4405120449758484,0.3901973528169678,0,0,0,0.12,0.01,0.0,0.01,0.1,0.9,-1.2,0.0,0,0,1,0,0.675,0.32
368,0,0.12373139709234238,0.12468817830085754,0.07852302491664886,0.43147021200104857,0.40941828821257437,0,0,0,0.12,0.01,0.0,0.01,0.1,0.9,-1.2,0.0,0,0,1,0,0.675,0.32
368,1,-0.828284502029419,-0.4189360737800598,-3.139272928237915,0.4767139611525746,0.482485228987196,0,0,0,0.12,0.01,0.0,0.01,0.1,0.9,-1.2,0.0,0,0,1,0,0.675,0.32
368,2,-0.2551998794078827,0.42433953285217285,-0.03498201444745064,0.23499643429274472,0.23501846567635626,0,0,0,0.12,0.01,0.0,0.01,0.1,0.9,-1.2,0.0,0,0,1,0,0.675,0.32
368,3,-0.042215462774038315,-0.42192819714546204,0.03624134510755539,0.42319176286606286,0.4242510429009964,0,0,0,0.12,0.01,0.0,0.01,0.1,0.9,-1.2,0.0,0,0,1,0,0.675,0.32
368,4,-0.3166908323764801,-0.059356678277254105,1.5501084327697754,0.1911597288174998,0.11028405661150106,0,0,0,0.12,0.01,0.0,0.01,0.1,0.9,-1.2,0.0,0,0,1,0,0.675,0.32
368,5,-0.6486298441886902,0.24335074424743652,2.330090045928955,0.402825606565525,0.3512537949275475,0,0,0,0.12,0.01,0.0,0.01,0.1,0.9,-1.2,0.0,0,0,1,0,0.675,0.32
368,6,-0.504537045955658,-0.4228920340538025,-0.011921155266463757,0.3261198852948478,0.3407179857798287,0,0,0,0.12,0.01,0.0,0.01,0.1,0.9,-1.2,0.0,0,0,1,0,0.675,0.32
368,7,-1.0188257694244385,0.028668774291872978,3.11665415763855,0.4399414556482008,0.38933969564650756,0,0,0,0.12,0.01,0.0,0.01,0.1,0.9,-1.2,0.0,0,0,1,0,0.675,0.32
369,0,0.12457148730754852,0.12475395202636719,0.07773226499557495,0.4305734873758924,0.4088310359967577,0,0,0,0.12,0.01,0.0,0.01,0.1,0.9,-1.2,0.0,0,0,1,0,0.675,0.32
369,1,-0.829245388507843,-0.41893842816352844,-3.139047384262085,0.47623708393779657,0.48151162717136486,0,0,0,0.12,0.01,0.0,0.01,0.1,0.9,-1.2,0.0,0,0,1,0,0.675,0.32
369,2,-0.25472772121429443,0.42432305216789246,-0.034911710768938065,0.23436481218211094,0.2336185826791104,0,0,0,0.12,0.01,0.0,0.01,0.1,0.9,-1.2,0.0,0,0,1,0,0.675,0.32
369,3,-0.04136727750301361,-0.42189744114875793,0.03629464656114578,0.42275872319822577,0.4235748401295635,0,0,0,0.12,0.01,0.0,0.01,0.1,0.9,-1.2,0.0,0,0,1,0,0.675,0.32
369,4,-0.31668421626091003,-0.05905596539378166,1.5471519231796265,0.19019005750406764,0.1117178096891544,0,0,0,0.12,0.01,0.0,0.01,0.1,0.9,-1.2,0.0,0,0,1,0,0.675,0.32
369,5,-0.6491492986679077,0.24389907717704773,2.3282463550567627,0.40206618918702486,0.35095385895445463,0,0,0,0.12,0.01,0.0,0.01,0.1,0.9,-1.2,0.0,0,0,1,0,0.675,0.32
369,6,-0.5038604140281677,-0.42289987206459045,-0.011519314721226692,0.3217129550394247,0.336844519573765,0,0,0,0.12,0.01,0.0,0.01,0.1,0.9,-1.2,0.0,0,0,1,0,0.675,0.32
369,7,-1.0196564197540283,0.02869020774960518,3.1148808002471924,0.4393641773590233,0.38848300539167857,0,0,0,0.12,0.01,0.0,0.01,0.1,0.9,-1.2,0.0,0,0,1,0,0.675,0.32
370,0,0.12541015446186066,0.12481895834207535,0.07695381343364716,0.429665161409186,0.4082498418905271,0,0,0,0.12,0.01,0.0,0.01,0.1,0.9,-1.2,0.0,0,0,1,0,0.675,0.32
370,1,-0.8302049040794373,-0.4189409613609314,-3.1388323307037354,0.4757354163955757,0.4805173969436577,0,0,0,0.12,0.01,0.0,0.01,0.1,0.9,-1.2,0.0,0,0,1,0,0.675,0.32
370,2,-0.25425755977630615,0.4243066608905792,-0.03486280515789986,0.2335970767354997,0.23236184636592547,0,0,0,0.12,0.01,0.0,0.01,0.1,0.9,-1.2,0.0,0,0,1,0,0.675,0.32
370,3,-0.04052017629146576,-0.42186668515205383,0.036381796002388,0.42247188272338904,0.4227298480047604,0,0,0,0.12,0.01,0.0,0.01,0.1,0.9,-1.2,0.0,0,0,1,0,0.675,0.32
370,4,-0.3166767656803131,-0.05875471979379654,1.5442866086959839,0.18925245974268937,0.11305094387326219,0,0,0,0.12,0.01,0.0,0.01,0.1,0.9,-1.2,0.0,0,0,1,0,0.675,0.32
370,5,-0.6496671438217163,0.24444755911827087,2.3264198303222656,0.4013172250434043,0.3506323832825539,0,0,0,0.12,0.01,0.0,0.01,0.1,0.9,-1.2,0.0,0,0,1,0,0.675,0.32
370,6,-0.5031920075416565,-0.422907292842865,-0.010966697707772255,0.31779029633365186,0.3323899838749358,0,0,0,0.12,0.01,0.0,0.01,0.1,0.9,-1.2,0.0,0,0,1,0,0.675,0.32
370,7,-1.0204856395721436,0.0287130456417799,3.1130974292755127,0.4387807989340844,0.3876269912499366,0,0,0,0.12,0.01,0.0,0.01,0.1,0.9,-1.2,0.0,0,0,1,0,0.675,0.32
371,0,0.12624739110469818,0.12488318979740143,0.07616590708494186,0.4286504018561254,0.4077698361619105,0,0,0,0.12,0.01,0.0,0.01,0.1,0.9,-1.2,0.0,0,0,1,0,0.675,0.32
371,1,-0.8311629295349121,-0.41894373297691345,-3.1386337280273438,0.4751974000951947,0.47951361989763364,0,0,0,0.12,0.01,0.0,0.01,0.1,0.9,-1.2,0.0,0,0,1,0,0.675,0.32
371,2,-0.253789484500885,0.42429032921791077,-0.03490019589662552,0.23244560886629537,0.23149808119527387,0,0,0,0.12,0.01,0.0,0.01,0.1,0.9,-1.2,0.0,0,0,1,0,0.675,0.32
371,3,-0.03967418149113655,-0.4218359589576721,0.036392927169799805,0.42185880564222433,0.42218826390733627,0,0,0,0.12,0.01,0.0,0.01,0.1,0.9,-1.2,0.0,0,0,1,0,0.675,0.32
371,4,-0.31666845083236694,-0.058453019708395004,1.5415056943893433,0.18834051698547363,0.11429011613029481,0,0,0,0.12,0.01,0.0,0.01,0.1,0.9,-1.2,0.0,0,0,1,0,0.675,0.32
371,5,-0.6501832008361816,0.24499620497226715,2.3246090412139893,0.4005592927641537,0.3503097429566715,0,0,0,0.12,0.01,0.0,0.01,0.1,0.9,-1.2,0.0,0,0,1,0,0.675,0.32
371,6,-0.5025318264961243,-0.4229142665863037,-0.01029950100928545,0.3142560255437379,0.327455447921228,0,0,0,0.12,0.01,0.0,0.01,0.1,0.9,-1.2,0.0,0,0,1,0,0.675,0.32
371,7,-1.0213134288787842,0.028737321496009827,3.1113040447235107,0.43819150092236697,0.3867711746490746,0,0,0,0.12,0.01,0.0,0.01,0.1,0.9,-1.2,0.0,0,0,1,0,0.675,0.32
372,0,0.1270831972360611,0.12494665384292603,0.07538869976997375,0.42761759994473114,0.4073027467921769,0,0,0,0.12,0.01,0.0,0.01,0.1,0.9,-1.2,0.0,0,0,1,0,0.675,0.32
372,1,-0.8321194648742676,-0.41894665360450745,-3.1384525299072266,0.47459392970521286,0.4785286861089961,0,0,0,0.12,0.01,0.0,0.01,0.1,0.9,-1.2,0.0,0,0,1,0,0.675,0.32
372,2,-0.25332337617874146,0.4242740571498871,-0.03499002754688263,0.2310160013994744,0.230920383039994,0,0,0,0.12,0.01,0.0,0.01,0.1,0.9,-1.2,0.0,0,0,1,0,0.675,0.32
372,3,-0.03882931172847748,-0.4218052327632904,0.03635241463780403,0.42104043847248884,0.42182908171488914,0,0,0,0.12,0.01,0.0,0.01,0.1,0.9,-1.2,0.0,0,0,1,0,0.675,0.32
372,4,-0.31665924191474915,-0.05815093591809273,1.5388050079345703,0.18744674956327284,0.11544477308267748,0,0,0,0.12,0.01,0.0,0.01,0.1,0.9,-1.2,0.0,0,0,1,0,0.675,0.32
372,5,-0.6506975889205933,0.24554501473903656,2.322812795639038,0.399798704050692,0.34997885141500623,0,0,0,0.12,0.01,0.0,0.01,0.1,0.9,-1.2,0.0,0,0,1,0,0.675,0.32
372,6,-0.5018799901008606,-0.4229207932949066,-0.0097470972687006,0.3103443818220111,0.32281233500156686,0,0,0,0.12,0.01,0.0,0.01,0.1,0.9,-1.2,0.0,0,0,1,0,0.675,0.32
372,7,-1.0221397876739502,0.0287630632519722,3.1095008850097656,0.4375943482658215,0.3859178482750111,0,0,0,0.12,0.01,0.0,0.01,0.1,0.9,-1.2,0.0,0,0,1,0,0.675,0.32
373,0,0.1279175579547882,0.12500935792922974,0.07464989274740219,0.4266774099810632,0.40673762145204223,0,0,0,0.12,0.01,0.0,0.01,0.1,0.9,-1.2,0.0,0,0,1,0,0.675,0.32
373,1,-0.8330745100975037,-0.4189497232437134,-3.1382877826690674,0.47393332783641173,0.47755403454838435,0,0,0,0.12,0.01,0.0,0.01,0.1,0.9,-1.2,0.0,0,0,1,0,0.675,0.32
373,2,-0.25285932421684265,0.4242578446865082,-0.03502613306045532,0.2296342667475618,0.2303043190106474,0,0,0,0.12,0.01,0.0,0.01,0.1,0.9,-1.2,0.0,0,0,1,0,0.675,0.32
373,3,-0.03798559308052063,-0.4217745363712311,0.03637626767158508,0.4204836652596461,0.42118500014944205,0,0,0,0.12,0.01,0.0,0.01,0.1,0.9,-1.2,0.0,0,0,1,0,0.675,0.32
373,4,-0.3166491389274597,-0.05784853920340538,1.5361818075180054,0.18657409555023471,0.11651218527251919,0,0,0,0.12,0.01,0.0,0.01,0.1,0.9,-1.2,0.0,0,0,1,0,0.675,0.32
373,5,-0.6512101888656616,0.2460939884185791,2.3210325241088867,0.39903387196119633,0.3496418320411841,0,0,0,0.12,0.01,0.0,0.01,0.1,0.9,-1.2,0.0,0,0,1,0,0.675,0.32
373,6,-0.501236617565155,-0.4229268729686737,-0.009357479400932789,0.3059117848533925,0.31861167601162826,0,0,0,0.12,0.01,0.0,0.01,0.1,0.9,-1.2,0.0,0,0,1,0,0.675,0.32
373,7,-1.022964596748352,0.028790293261408806,3.1076884269714355,0.43699372914751217,0.3850624451307471,0,0,0,0.12,0.01,0.0,0.01,0.1,0.9,-1.2,0.0,0,0,1,0,0.675,0.32
374,0,0.12875047326087952,0.12507130205631256,0.07393649965524673,0.4257780323455489,0.4061266173889482,0,0,0,0.12,0.01,0.0,0.01,0.1,0.9,-1.2,0.0,0,0,1,0,0.675,0.32
374,1,-0.8340279459953308,-0.41895294189453125,-3.138137102127075,0.4732330338698678,0.47657168939291905,0,0,0,0.12,0.01,0.0,0.01,0.1,0.9,-1.2,0.0,0,0,1,0,0.675,0.32
374,2,-0.2523972690105438,0.42424166202545166,-0.03498895466327667,0.2283131563225151,0.22963672046276326,0,0,0,0.12,0.01,0.0,0.01,0.1,0.9,-1.2,0.0,0,0,1,0,0.675,0.32
374,3,-0.0371430478990078,-0.42174389958381653,0.0364643931388855,0.4201693694792588,0.42027501652614285,0,0,0,0.12,0.01,0.0,0.01,0.1,0.9,-1.2,0.0,0,0,1,0,0.675,0.32
374,4,-0.31663817167282104,-0.057545896619558334,1.5336315631866455,0.18571826247219342,0.11749756904597983,0,0,0,0.12,0.01,0.0,0.01,0.1,0.9,-1.2,0.0,0,0,1,0,0.675,0.32
374,5,-0.6517210006713867,0.24664312601089478,2.319267749786377,0.3982685179454726,0.3492946057575303,0,0,0,0.12,0.01,0.0,0.01,0.1,0.9,-1.2,0.0,0,0,1,0,0.675,0.32
374,6,-0.5006017684936523,-0.42293259501457214,-0.008923831395804882,0.30157783110901987,0.31424037138655514,0,0,0,0.12,0.01,0.0,0.01,0.1,0.9,-1.2,0.0,0,0,1,0,0.675,0.32
374,7,-1.0237878561019897,0.02881900779902935,3.1058669090270996,0.43638728395887383,0.384207861266651,0,0,0,0.12,0.01,0.0,0.01,0.1,0.9,-1.2,0.0,0,0,1,0,0.675,0.32
375,0,0.12958194315433502,0.12513254582881927,0.07321828603744507,0.4247961890282122,0.40559271458964674,0,0,0,0.12,0.01,0.0,0.01,0.1,0.9,-1.2,0.0,0,0,1,0,0.675,0.32
375,1,-0.834979772567749,-0.41895630955696106,-3.13799786567688,0.47251149742000337,0.4755628434003092,0,0,0,0.12,0.01,0.0,0.01,0.1,0.9,-1.2,0.0,0,0,1,0,0.675,0.32
375,2,-0.25193721055984497,0.4242255687713623,-0.034957900643348694,0.22690889997189947,0.22906159596735526,0,0,0,0.12,0.01,0.0,0.01,0.1,0.9,-1.2,0.0,0,0,1,0,0.675,0.32
375,3,-0.03630169481039047,-0.421713262796402,0.03649401292204857,0.4196245642271233,0.41957140249345776,0,0,0,0.12,0.01,0.0,0.01,0.1,0.9,-1.2,0.0,0,0,1,0,0.675,0.32
375,4,-0.3166264295578003,-0.05724307894706726,1.5311492681503296,0.1848838513802527,0.1183976942587854,0,0,0,0.12,0.01,0.0,0.01,0.1,0.9,-1.2,0.0,0,0,1,0,0.675,0.32
375,5,-0.6522300839424133,0.2471923679113388,2.3175175189971924,0.39749668296875734,0.34894372764525633,0,0,0,0.12,0.01,0.0,0.01,0.1,0.9,-1.2,0.0,0,0,1,0,0.675,0.32
375,6,-0.4999755620956421,-0.42293795943260193,-0.008373240940272808,0.29759127977018485,0.30945782778138986,0,0,0,0.12,0.01,0.0,0.01,0.1,0.9,-1.2,0.0,0,0,1,0,0.675,0.32
375,7,-1.0246096849441528,0.02884919010102749,3.104036331176758,0.4357761487336584,0.3833526626257472,0,0,0,0.12,0.01,0.0,0.01,0.1,0.9,-1.2,0.0,0,0,1,0,0.675,0.32
376,0,0.13041193783283234,0.12519310414791107,0.07250140607357025,0.42375828754089284,0.4051093863330086,0,0,0,0.12,0.01,0.0,0.01,0.1,0.9,-1.2,0.0,0,0,1,0,0.675,0.32
376,1,-0.8359298706054688,-0.41895976662635803,-3.137868642807007,0.4717591624505407,0.47453663537431884,0,0,0,0.12,0.01,0.0,0.01,0.1,0.9,-1.2,0.0,0,0,1,0,0.675,0.32
376,2,-0.2514791488647461,0.4242095649242401,-0.03495451807975769,0.22535854319336202,0.2286417510151646,0,0,0,0.12,0.01,0.0,0.01,0.1,0.9,-1.2,0.0,0,0,1,0,0.675,0.32
376,3,-0.03546156734228134,-0.4216826260089874,0.03644232824444771,0.4187566445507272,0.4191670610271231,0,0,0,0.12,0.01,0.0,0.01,0.1,0.9,-1.2,0.0,0,0,1,0,0.675,0.32
376,4,-0.31661397218704224,-0.056940145790576935,1.528731346130371,0.18406749317348786,0.1192182843953293,0,0,0,0.12,0.01,0.0,0.01,0.1,0.9,-1.2,0.0,0,0,1,0,0.675,0.32
376,5,-0.6527374982833862,0.2477416843175888,2.315781593322754,0.39672817764641016,0.34857861222862024,0,0,0,0.12,0.01,0.0,0.01,0.1,0.9,-1.2,0.0,0,0,1,0,0.675,0.32
376,6,-0.49935799837112427,-0.42294296622276306,-0.007918505929410458,0.2932609046280176,0.3049610530555456,0,0,0,0.12,0.01,0.0,0.01,0.1,0.9,-1.2,0.0,0,0,1,0,0.675,0.32
376,7,-1.0254299640655518,0.028880810365080833,3.1021969318389893,0.4351589386940242,0.3824987108230351,0,0,0,0.12,0.01,0.0,0.01,0.1,0.9,-1.2,0.0,0,0,1,0,0.675,0.32
377,0,0.13124045729637146,0.12525299191474915,0.07181762158870697,0.42279489753364813,0.4045459437596869,0,0,0,0.12,0.01,0.0,0.01,0.1,0.9,-1.2,0.0,0,0,1,0,0.675,0.32
377,1,-0.8368782997131348,-0.41896337270736694,-3.1377501487731934,0.4709919605094022,0.47347689534844706,0,0,0,0.12,0.01,0.0,0.01,0.1,0.9,-1.2,0.0,0,0,1,0,0.675,0.32
377,2,-0.2510230541229248,0.4241936504840851,-0.034898754209280014,0.22391000003578837,0.22812942056891744,0,0,0,0.12,0.01,0.0,0.01,0.1,0.9,-1.2,0.0,0,0,1,0,0.675,0.32
377,3,-0.0346226803958416,-0.42165207862854004,0.036424558609724045,0.4179886230195725,0.4186383239065444,0,0,0,0.12,0.01,0.0,0.01,0.1,0.9,-1.2,0.0,0,0,1,0,0.675,0.32
377,4,-0.31660085916519165,-0.05663716048002243,1.5263758897781372,0.1832889343563359,0.11993959295117447,0,0,0,0.12,0.01,0.0,0.01,0.1,0.9,-1.2,0.0,0,0,1,0,0.675,0.32
377,5,-0.6532431840896606,0.2482910007238388,2.314060688018799,0.39596171331901225,0.3482013230274233,0,0,0,0.12,0.01,0.0,0.01,0.1,0.9,-1.2,0.0,0,0,1,0,0.675,0.32
377,6,-0.4987492263317108,-0.42294764518737793,-0.007670788560062647,0.28820417358576456,0.30114014909566245,0,0,0,0.12,0.01,0.0,0.01,0.1,0.9,-1.2,0.0,0,0,1,0,0.675,0.32
377,7,-1.0262486934661865,0.028913842514157295,3.100348949432373,0.4345380497150648,0.38164372919271117,0,0,0,0.12,0.01,0.0,0.01,0.1,0.9,-1.2,0.0,0,0,1,0,0.675,0.32
378,0,0.1320675164461136,0.1253122240304947,0.07116706669330597,0.4219064162315577,0.4039022280631811,0,0,0,0.12,0.01,0.0,0.01,0.1,0.9,-1.2,0.0,0,0,1,0,0.675,0.32
378,1,-0.8378249406814575,-0.418967068195343,-3.1376421451568604,0.4701972489927697,0.4723960871125771,0,0,0,0.12,0.01,0.0,0.01,0.1,0.9,-1.2,0.0,0,0,1,0,0.675,0.32
378,2,-0.2505689263343811,0.4241778552532196,-0.0347452275454998,0.22275126833977832,0.22733624916014536,0,0,0,0.12,0.01,0.0,0.01,0.1,0.9,-1.2,0.0,0,0,1,0,0.675,0.32
378,3,-0.03378506004810333,-0.42162156105041504,0.03648877516388893,0.41755368880459054,0.41775206156543515,0,0,0,0.12,0.01,0.0,0.01,0.1,0.9,-1.2,0.0,0,0,1,0,0.675,0.32
378,4,-0.31658709049224854,-0.05633419007062912,1.524079442024231,0.18253288247682742,0.12057843229673214,0,0,0,0.12,0.01,0.0,0.01,0.1,0.9,-1.2,0.0,0,0,1,0,0.675,0.32
378,5,-0.6537472605705261,0.2488403171300888,2.312354564666748,0.3952068071034055,0.34780168727373073,0,0,0,0.12,0.01,0.0,0.01,0.1,0.9,-1.2,0.0,0,0,1,0,0.675,0.32
378,6,-0.49814924597740173,-0.4229520261287689,-0.007371744140982628,0.2832486577890153,0.2971746377088789,0,0,0,0.12,0.01,0.0,0.01,0.1,0.9,-1.2,0.0,0,0,1,0,0.675,0.32
378,7,-1.0270658731460571,0.028948288410902023,3.0984926223754883,0.43391006026116474,0.38079155650290386,0,0,0,0.12,0.01,0.0,0.01,0.1,0.9,-1.2,0.0,0,0,1,0,0.675,0.32
379,0,0.13289308547973633,0.1253708153963089,0.07051587849855423,0.42095421101857217,0.4033165142316719,0,0,0,0.12,0.01,0.0,0.01,0.1,0.9,-1.2,0.0,0,0,1,0,0.675,0.32
379,1,-0.838769793510437,-0.41897085309028625,-3.137544870376587,0.46937492404695025,0.47129401649717817,0,0,0,0.12,0.01,0.0,0.01,0.1,0.9,-1.2,0.0,0,0,1,0,0.675,0.32
379,2,-0.250116765499115,0.4241621792316437,-0.0345667265355587,0.22166207691232528,0.22648367027242816,0,0,0,0.12,0.01,0.0,0.01,0.1,0.9,-1.2,0.0,0,0,1,0,0.675,0.32
379,3,-0.03294873237609863,-0.42159104347229004,0.036537859588861465,0.4170706411304582,0.41688887873267044,0,0,0,0.12,0.01,0.0,0.01,0.1,0.9,-1.2,0.0,0,0,1,0,0.675,0.32
379,4,-0.3165726959705353,-0.05603129044175148,1.5218360424041748,0.18179719965791316,0.12113822180891425,0,0,0,0.12,0.01,0.0,0.01,0.1,0.9,-1.2,0.0,0,0,1,0,0.675,0.32
379,5,-0.6542496085166931,0.2493896186351776,2.310662269592285,0.3944468229057107,0.34739675829393524,0,0,0,0.12,0.01,0.0,0.01,0.1,0.9,-1.2,0.0,0,0,1,0,0.675,0.32
379,6,-0.4975581467151642,-0.42295607924461365,-0.0067892298102378845,0.27917832913554147,0.29228883204304734,0,0,0,0.12,0.01,0.0,0.01,0.1,0.9,-1.2,0.0,0,0,1,0,0.675,0.32
379,7,-1.0278816223144531,0.02898416295647621,3.096627950668335,0.43328009942335655,0.37993652722077803,0,0,0,0.12,0.01,0.0,0.01,0.1,0.9,-1.2,0.0,0,0,1,0,0.675,0.32
380,0,0.13371716439723969,0.12542875111103058,0.06985462456941605,0.41990065012147737,0.4028267916662424,0,0,0,0.12,0.01,0.0,0.01,0.1,0.9,-1.2,0.0,0,0,1,0,0.675,0.32
380,1,-0.8397127389907837,-0.41897469758987427,-3.1374588012695312,0.4685163597370265,0.4701793690418126,0,0,0,0.12,0.01,0.0,0.01,0.1,0.9,-1.2,0.0,0,0,1,0,0.675,0.32
380,2,-0.24966657161712646,0.4241466522216797,-0.0344327948987484,0.2204825825637341,0.2257314376884937,0,0,0,0.12,0.01,0.0,0.01,0.1,0.9,-1.2,0.0,0,0,1,0,0.675,0.32
380,3,-0.03211371973156929,-0.4215605854988098,0.03650226444005966,0.41622408227127233,0.4163641731341537,0,0,0,0.12,0.01,0.0,0.01,0.1,0.9,-1.2,0.0,0,0,1,0,0.675,0.32
380,4,-0.3165575861930847,-0.05572853237390518,1.5196412801742554,0.18107033468631642,0.12163322471233473,0,0,0,0.12,0.01,0.0,0.01,0.1,0.9,-1.2,0.0,0,0,1,0,0.675,0.32
380,5,-0.6547503471374512,0.24993892014026642,2.3089821338653564,0.3936937010098638,0.34697399975765336,0,0,0,0.12,0.01,0.0,0.01,0.1,0.9,-1.2,0.0,0,0,1,0,0.675,0.32
380,6,-0.49697595834732056,-0.4229597747325897,-0.006108795292675495,0.2754259896575677,0.287056844204737,0,0,0,0.12,0.01,0.0,0.01,0.1,0.9,-1.2,0.0,0,0,1,0,0.675,0.32
380,7,-1.0286957025527954,0.029021499678492546,3.0947554111480713,0.4326404791667727,0.37908728305551737,0,0,0,0.12,0.01,0.0,0.01,0.1,0.9,-1.2,0.0,0,0,1,0,0.675,0.32
381,0,0.13453973829746246,0.12548604607582092,0.06921542435884476,0.41887801534743796,0.4023008381643724,0,0,0,0.12,0.01,0.0,0.01,0.1,0.9,-1.2,0.0,0,0,1,0,0.675,0.32
381,1,-0.8406538367271423,-0.41897863149642944,-3.137383222579956,0.4676368243515833,0.4690365784346715,0,0,0,0.12,0.01,0.0,0.01,0.1,0.9,-1.2,0.0,0,0,1,0,0.675,0.32
381,2,-0.24921829998493195,0.42413124442100525,-0.03429419919848442,0.21931345728881207,0.22497852178566605,0,0,0,0.12,0.01,0.0,0.01,0.1,0.9,-1.2,0.0,0,0,1,0,0.675,0.32
381,3,-0.031280048191547394,-0.42153018712997437,0.036462776362895966,0.4153460906054268,0.4158458067868462,0,0,0,0.12,0.01,0.0,0.01,0.1,0.9,-1.2,0.0,0,0,1,0,0.675,0.32
381,4,-0.31654179096221924,-0.0554259717464447,1.5174928903579712,0.18035626463948976,0.12205877847612612,0,0,0,0.12,0.01,0.0,0.01,0.1,0.9,-1.2,0.0,0,0,1,0,0.675,0.32
381,5,-0.655249297618866,0.2504882216453552,2.307314157485962,0.3929317850788437,0.346549544839064,0,0,0,0.12,0.01,0.0,0.01,0.1,0.9,-1.2,0.0,0,0,1,0,0.675,0.32
381,6,-0.49640271067619324,-0.42296311259269714,-0.005674211774021387,0.2708886444541231,0.2825880467919096,0,0,0,0.12,0.01,0.0,0.01,0.1,0.9,-1.2,0.0,0,0,1,0,0.675,0.32
381,7,-1.029508352279663,0.029060326516628265,3.0928750038146973,0.4319979938887458,0.3782361951447625,0,0,0,0.12,0.01,0.0,0.01,0.1,0.9,-1.2,0.0,0,0,1,0,0.675,0.32
382,0,0.13536082208156586,0.12554270029067993,0.06861656159162521,0.4179565767008543,0.4016683837216615,0,0,0,0.12,0.01,0.0,0.01,0.1,0.9,-1.2,0.0,0,0,1,0,0.675,0.32
382,1,-0.8415929079055786,-0.4189826250076294,-3.137317657470703,0.4667322573948613,0.4678698839854487,0,0,0,0.12,0.01,0.0,0.01,0.1,0.9,-1.2,0.0,0,0,1,0,0.675,0.32
382,2,-0.24877196550369263,0.42411601543426514,-0.034079551696777344,0.21847063615472195,0.22391122267096164,0,0,0,0.12,0.01,0.0,0.01,0.1,0.9,-1.2,0.0,0,0,1,0,0.675,0.32
382,3,-0.030447741970419884,-0.4214998185634613,0.036507781594991684,0.41481600209078645,0.4149542053143038,0,0,0,0.12,0.01,0.0,0.01,0.1,0.9,-1.2,0.0,0,0,1,0,0.675,0.32
382,4,-0.31652531027793884,-0.055123671889305115,1.5153889656066895,0.17965096355332677,0.12242132305250819,0,0,0,0.12,0.01,0.0,0.01,0.1,0.9,-1.2,0.0,0,0,1,0,0.675,0.32
382,5,-0.6557464599609375,0.25103750824928284,2.3056583404541016,0.39216317625838487,0.34612135199707783,0,0,0,0.12,0.01,0.0,0.01,0.1,0.9,-1.2,0.0,0,0,1,0,0.675,0.32
382,6,-0.4958384335041046,-0.4229661524295807,-0.005401973146945238,0.2657944930264717,0.27866157167460864,0,0,0,0.12,0.01,0.0,0.01,0.1,0.9,-1.2,0.0,0,0,1,0,0.675,0.32
382,7,-1.030319333076477,0.029100654646754265,3.090986967086792,0.4313502728113037,0.37738623031293334,0,0,0,0.12,0.01,0.0,0.01,0.1,0.9,-1.2,0.0,0,0,1,0,0.675,0.32
383,0,0.13618038594722748,0.12559874355793,0.06803097575902939,0.41703060659709323,0.40103503671345375,0,0,0,0.12,0.01,0.0,0.01,0.1,0.9,-1.2,0.0,0,0,1,0,0.675,0.32
383,1,-0.8425299525260925,-0.41898664832115173,-3.1372621059417725,0.4657962482800337,0.466685696280971,0,0,0,0.12,0.01,0.0,0.01,0.1,0.9,-1.2,0.0,0,0,1,0,0.675,0.32
383,2,-0.24832753837108612,0.4241009056568146,-0.03382813185453415,0.21774301631643198,0.22273864643381214,0,0,0,0.12,0.01,0.0,0.01,0.1,0.9,-1.2,0.0,0,0,1,0,0.675,0.32
383,3,-0.02961682714521885,-0.421469509601593,0.03657381981611252,0.41435650308442507,0.4139663843362291,0,0,0,0.12,0.01,0.0,0.01,0.1,0.9,-1.2,0.0,0,0,1,0,0.675,0.32
383,4,-0.3165081739425659,-0.0548216849565506,1.5133256912231445,0.17895696395987504,0.12272035246735578,0,0,0,0.12,0.01,0.0,0.01,0.1,0.9,-1.2,0.0,0,0,1,0,0.675,0.32
383,5,-0.6562419533729553,0.25158676505088806,2.3040149211883545,0.39139838724242465,0.345678431700599,0,0,0,0.12,0.01,0.0,0.01,0.1,0.9,-1.2,0.0,0,0,1,0,0.675,0.32
383,6,-0.4952831566333771,-0.42296889424324036,-0.004936567507684231,0.2612914358252738,0.2741378034477974,0,0,0,0.12,0.01,0.0,0.01,0.1,0.9,-1.2,0.0,0,0,1,0,0.675,0.32
383,7,-1.0311287641525269,0.02914247289299965,3.0890917778015137,0.43069707338882784,0.376537750314938,0,0,0,0.12,0.01,0.0,0.01,0.1,0.9,-1.2,0.0,0,0,1,0,0.675,0.32
384,0,0.13699844479560852,0.1256542056798935,0.06743452697992325,0.4160022498977308,0.40049853306888294,0,0,0,0.12,0.01,0.0,0.01,0.1,0.9,-1.2,0.0,0,0,1,0,0.675,0.32
384,1,-0.8434649705886841,-0.41899073123931885,-3.137216567993164,0.464840037742651,0.4654728341903325,0,0,0,0.12,0.01,0.0,0.01,0.1,0.9,-1.2,0.0,0,0,1,0,0.675,0.32
384,2,-0.24788503348827362,0.4240860044956207,-0.03363616764545441,0.21698802474455495,0.2216045283941779,0,0,0,0.12,0.01,0.0,0.01,0.1,0.9,-1.2,0.0,0,0,1,0,0.675,0.32
384,3,-0.02878732793033123,-0.4214392304420471,0.03655403107404709,0.41355041380282553,0.41329940442684976,0,0,0,0.12,0.01,0.0,0.01,0.1,0.9,-1.2,0.0,0,0,1,0,0.675,0.32
384,4,-0.31649041175842285,-0.05452006682753563,1.5112991333007812,0.1782656216916575,0.12296376583008625,0,0,0,0.12,0.01,0.0,0.01,0.1,0.9,-1.2,0.0,0,0,1,0,0.675,0.32
384,5,-0.6567357182502747,0.2521359622478485,2.3023829460144043,0.39063112497443553,0.34522749423866866,0,0,0,0.12,0.01,0.0,0.01,0.1,0.9,-1.2,0.0,0,0,1,0,0.675,0.32
384,6,-0.494736909866333,-0.4229713976383209,-0.004321068525314331,0.2571697380977256,0.2692332717937844,0,0,0,0.12,0.01,0.0,0.01,0.1,0.9,-1.2,0.0,0,0,1,0,0.675,0.32
384,7,-1.0319366455078125,0.02918575517833233,3.087189197540283,0.4300387784173242,0.37569037235477054,0,0,0,0.12,0.01,0.0,0.01,0.1,0.9,-1.2,0.0,0,0,1,0,0.675,0.32
385,0,0.1378149688243866,0.12570908665657043,0.06684879213571548,0.4149600775218991,0.39997059989204126,0,0,0,0.12,0.01,0.0,0.01,0.1,0.9,-1.2,0.0,0,0,1,0,0.675,0.32
385,1,-0.8443979024887085,-0.41899481415748596,-3.137180805206299,0.4638470927252876,0.46424789037560343,0,0,0,0.12,0.01,0.0,0.01,0.1,0.9,-1.2,0.0,0,0,1,0,0.675,0.32
385,2,-0.24744440615177155,0.42407122254371643,-0.03349380940198898,0.21608733783720227,0.22062620867730884,0,0,0,0.12,0.01,0.0,0.01,0.1,0.9,-1.2,0.0,0,0,1,0,0.675,0.32
385,3,-0.027959270402789116,-0.4214089810848236,0.03648574277758598,0.4125533772618978,0.41279756296561076,0,0,0,0.12,0.01,0.0,0.01,0.1,0.9,-1.2,0.0,0,0,1,0,0.675,0.32
385,4,-0.3164721429347992,-0.05421886593103409,1.509307622909546,0.17758764017938442,0.1231434227097147,0,0,0,0.12,0.01,0.0,0.01,0.1,0.9,-1.2,0.0,0,0,1,0,0.675,0.32
385,5,-0.6572278141975403,0.2526850700378418,2.3007616996765137,0.38986079216011,0.3447693157195286,0,0,0,0.12,0.01,0.0,0.01,0.1,0.9,-1.2,0.0,0,0,1,0,0.675,0.32
385,6,-0.49419966340065,-0.4229735732078552,-0.0040008691139519215,0.25213496636305877,0.2652480726345913,0,0,0,0.12,0.01,0.0,0.01,0.1,0.9,-1.2,0.0,0,0,1,0,0.675,0.32
385,7,-1.032742977142334,0.029230469837784767,3.085279703140259,0.4293757512853895,0.3748439714624132,0,0,0,0.12,0.01,0.0,0.01,0.1,0.9,-1.2,0.0,0,0,1,0,0.675,0.32
386,0,0.1386299729347229,0.1257634311914444,0.06630279123783112,0.41401977333629647,0.39933519568836173,0,0,0,0.12,0.01,0.0,0.01,0.1,0.9,-1.2,0.0,0,0,1,0,0.675,0.32
386,1,-0.8453286290168762,-0.41899892687797546,-3.1371545791625977,0.4628303470342913,0.4629983482629499,0,0,0,0.12,0.01,0.0,0.01,0.1,0.9,-1.2,0.0,0,0,1,0,0.675,0.32
386,2,-0.24700568616390228,0.4240565896034241,-0.03331814333796501,0.21534712814092805,0.21949843860864468,0,0,0,0.12,0.01,0.0,0.01,0.1,0.9,-1.2,0.0,0,0,1,0,0.675,0.32
386,3,-0.027132678776979446,-0.42137882113456726,0.036485545337200165,0.4118021837683957,0.41202377162253445,0,0,0,0.12,0.01,0.0,0.01,0.1,0.9,-1.2,0.0,0,0,1,0,0.675,0.32
386,4,-0.31645333766937256,-0.05391813442111015,1.5073504447937012,0.17693355424580737,0.12324902670206858,0,0,0,0.12,0.01,0.0,0.01,0.1,0.9,-1.2,0.0,0,0,1,0,0.675,0.32
386,5,-0.6577181816101074,0.25323399901390076,2.299152135848999,0.38909241432251684,0.3442989302247549,0,0,0,0.12,0.01,0.0,0.01,0.1,0.9,-1.2,0.0,0,0,1,0,0.675,0.32
386,6,-0.4936714768409729,-0.4229755103588104,-0.003969866316765547,0.24612191321087148,0.2622559964494679,0,0,0,0.12,0.01,0.0,0.01,0.1,0.9,-1.2,0.0,0,0,1,0,0.675,0.32
386,7,-1.0335476398468018,0.029276594519615173,3.0833637714385986,0.4287089533798724,0.3739979438788861,0,0,0,0.12,0.01,0.0,0.01,0.1,0.9,-1.2,0.0,0,0,1,0,0.675,0.32
387,0,0.13944344222545624,0.1258172243833542,0.0657801404595375,0.4131172955427113,0.3986566602792797,0,0,0,0.12,0.01,0.0,0.01,0.1,0.9,-1.2,0.0,0,0,1,0,0.675,0.32
387,1,-0.8462571501731873,-0.41900306940078735,-3.1371374130249023,0.46179425784289313,0.4617198102837854,0,0,0,0.12,0.01,0.0,0.01,0.1,0.9,-1.2,0.0,0,0,1,0,0.675,0.32
387,2,-0.24656882882118225,0.42404210567474365,-0.03310185670852661,0.214795005769119,0.21819196894706755,0,0,0,0.12,0.01,0.0,0.01,0.1,0.9,-1.2,0.0,0,0,1,0,0.675,0.32
387,3,-0.02630758099257946,-0.4213487207889557,0.03654682636260986,0.41128809182437076,0.410986891104859,0,0,0,0.12,0.01,0.0,0.01,0.1,0.9,-1.2,0.0,0,0,1,0,0.675,0.32
387,4,-0.31643402576446533,-0.053617920726537704,1.5054243803024292,0.17628933648546474,0.1232977940611051,0,0,0,0.12,0.01,0.0,0.01,0.1,0.9,-1.2,0.0,0,0,1,0,0.675,0.32
387,5,-0.6582069993019104,0.2537827789783478,2.2975542545318604,0.3883338266453104,0.3438078469196005,0,0,0,0.12,0.01,0.0,0.01,0.1,0.9,-1.2,0.0,0,0,1,0,0.675,0.32
387,6,-0.49315229058265686,-0.42297717928886414,-0.003634770167991519,0.2410368386148519,0.2583566543222361,0,0,0,0.12,0.01,0.0,0.01,0.1,0.9,-1.2,0.0,0,0,1,0,0.675,0.32
387,7,-1.0343507528305054,0.029324136674404144,3.0814411640167236,0.4280348511632756,0.373155703932397,0,0,0,0.12,0.01,0.0,0.01,0.1,0.9,-1.2,0.0,0,0,1,0,0.675,0.32
388,0,0.14025536179542542,0.1258704960346222,0.06524599343538284,0.41211461013357825,0.39807296806771575,0,0,0,0.12,0.01,0.0,0.01,0.1,0.9,-1.2,0.0,0,0,1,0,0.675,0.32
388,1,-0.8471834659576416,-0.41900721192359924,-3.137129068374634,0.46073266295501,0.4604187962620616,0,0,0,0.12,0.01,0.0,0.01,0.1,0.9,-1.2,0.0,0,0,1,0,0.675,0.32
388,2,-0.24613384902477264,0.4240277409553528,-0.03293539583683014,0.2141041296064748,0.21703516072631937,0,0,0,0.12,0.01,0.0,0.01,0.1,0.9,-1.2,0.0,0,0,1,0,0.675,0.32
388,3,-0.025484003126621246,-0.4213186800479889,0.036555707454681396,0.4105511843366663,0.41014660008716175,0,0,0,0.12,0.01,0.0,0.01,0.1,0.9,-1.2,0.0,0,0,1,0,0.675,0.32
388,4,-0.3164142072200775,-0.05331828445196152,1.503524661064148,0.17565308628731346,0.12329108895606423,0,0,0,0.12,0.01,0.0,0.01,0.1,0.9,-1.2,0.0,0,0,1,0,0.675,0.32
388,5,-0.6586940884590149,0.2543313801288605,2.295966386795044,0.38757009068910453,0.3433117791038337,0,0,0,0.12,0.01,0.0,0.01,0.1,0.9,-1.2,0.0,0,0,1,0,0.675,0.32
388,6,-0.4926421046257019,-0.42297857999801636,-0.002734424779191613,0.2376877894357057,0.2527488539263396,0,0,0,0.12,0.01,0.0,0.01,0.1,0.9,-1.2,0.0,0,0,1,0,0.675,0.32
388,7,-1.0351523160934448,0.029373114928603172,3.079512119293213,0.4273563487746899,0.372314585902434,0,0,0,0.12,0.01,0.0,0.01,0.1,0.9,-1.2,0.0,0,0,1,0,0.675,0.32
389,0,0.14106573164463043,0.12592323124408722,0.06470773369073868,0.4110387960898497,0.3975571592820071,0,0,0,0.12,0.01,0.0,0.01,0.1,0.9,-1.2,0.0,0,0,1,0,0.675,0.32
389,1,-0.8481073975563049,-0.41901132464408875,-3.137129783630371,0.4596356783634917,0.45910566704208694,0,0,0,0.12,0.01,0.0,0.01,0.1,0.9,-1.2,0.0,0,0,1,0,0.675,0.32
389,2,-0.24570073187351227,0.42401349544525146,-0.0328490175306797,0.2131879694133218,0.21611502102323213,0,0,0,0.12,0.01,0.0,0.01,0.1,0.9,-1.2,0.0,0,0,1,0,0.675,0.32
389,3,-0.024661969393491745,-0.4212886691093445,0.03649260103702545,0.40953578042624394,0.40955857944848145,0,0,0,0.12,0.01,0.0,0.01,0.1,0.9,-1.2,0.0,0,0,1,0,0.675,0.32
389,4,-0.3163938522338867,-0.05301927030086517,1.501649022102356,0.17501898208035319,0.1232374151669613,0,0,0,0.12,0.01,0.0,0.01,0.1,0.9,-1.2,0.0,0,0,1,0,0.675,0.32
389,5,-0.6591794490814209,0.25487983226776123,2.2943875789642334,0.38680006326107935,0.34281175076098486,0,0,0,0.12,0.01,0.0,0.01,0.1,0.9,-1.2,0.0,0,0,1,0,0.675,0.32
389,6,-0.49214091897010803,-0.4229796528816223,-0.001787219662219286,0.2345312784867913,0.24698225152915412,0,0,0,0.12,0.01,0.0,0.01,0.1,0.9,-1.2,0.0,0,0,1,0,0.675,0.32
389,7,-1.0359522104263306,0.029423560947179794,3.0775773525238037,0.4266741295673421,0.3714739064357706,0,0,0,0.12,0.01,0.0,0.01,0.1,0.9,-1.2,0.0,0,0,1,0,0.675,0.32
390,0,0.1418745517730713,0.12597543001174927,0.06420276314020157,0.4100406143730399,0.39695859216992885,0,0,0,0.12,0.01,0.0,0.01,0.1,0.9,-1.2,0.0,0,0,1,0,0.675,0.32
390,1,-0.849029004573822,-0.41901543736457825,-3.1371397972106934,0.45851333792367166,0.457770686791752,0,0,0,0.12,0.01,0.0,0.01,0.1,0.9,-1.2,0.0,0,0,1,0,0.675,0.32
390,2,-0.24526944756507874,0.4239993691444397,-0.03275603801012039,0.21230873064571165,0.21516818209118105,0,0,0,0.12,0.01,0.0,0.01,0.1,0.9,-1.2,0.0,0,0,1,0,0.675,0.32
390,3,-0.023841505870223045,-0.42125874757766724,0.036467138677835464,0.4086495188965054,0.4088152499900608,0,0,0,0.12,0.01,0.0,0.01,0.1,0.9,-1.2,0.0,0,0,1,0,0.675,0.32
390,4,-0.31637290120124817,-0.05272093042731285,1.4997966289520264,0.17439157816654974,0.12313314226382438,0,0,0,0.12,0.01,0.0,0.01,0.1,0.9,-1.2,0.0,0,0,1,0,0.675,0.32
390,5,-0.6596631407737732,0.25542813539505005,2.292818546295166,0.386032275650068,0.3422988133697074,0,0,0,0.12,0.01,0.0,0.01,0.1,0.9,-1.2,0.0,0,0,1,0,0.675,0.32
390,6,-0.49164867401123047,-0.4229803681373596,-0.001671963487751782,0.2288968549590936,0.2437315596717963,0,0,0,0.12,0.01,0.0,0.01,0.1,0.9,-1.2,0.0,0,0,1,0,0.675,0.32
390,7,-1.0367504358291626,0.02947549894452095,3.075636625289917,0.42598443637431715,0.37063778032719036,0,0,0,0.12,0.01,0.0,0.01,0.1,0.9,-1.2,0.0,0,0,1,0,0.675,0.32
391,0,0.1426818072795868,0.12602710723876953,0.06373371183872223,0.4091298980211859,0.39626755290273374,0,0,0,0.12,0.01,0.0,0.01,0.1,0.9,-1.2,0.0,0,0,1,0,0.675,0.32
391,1,-0.8499482274055481,-0.41901952028274536,-3.1371583938598633,0.4573640185489995,0.4564159554347651,0,0,0,0.12,0.01,0.0,0.01,0.1,0.9,-1.2,0.0,0,0,1,0,0.675,0.32
391,2,-0.24484001100063324,0.4239853620529175,-0.03260223567485809,0.21163407115867638,0.21402838678428623,0,0,0,0.12,0.01,0.0,0.01,0.1,0.9,-1.2,0.0,0,0,1,0,0.675,0.32
391,3,-0.023022638633847237,-0.4212288558483124,0.03652225434780121,0.4080958475554032,0.4077129254853683,0,0,0,0.12,0.01,0.0,0.01,0.1,0.9,-1.2,0.0,0,0,1,0,0.675,0.32
391,4,-0.31635141372680664,-0.05242331326007843,1.497965931892395,0.17376280184763204,0.12298750523549784,0,0,0,0.12,0.01,0.0,0.01,0.1,0.9,-1.2,0.0,0,0,1,0,0.675,0.32
391,5,-0.6601450443267822,0.25597628951072693,2.291259288787842,0.38525501019869146,0.3417852210291833,0,0,0,0.12,0.01,0.0,0.01,0.1,0.9,-1.2,0.0,0,0,1,0,0.675,0.32
391,6,-0.4911653697490692,-0.4229808449745178,-0.0017233091639354825,0.2227265545127091,0.24106201446083214,0,0,0,0.12,0.01,0.0,0.01,0.1,0.9,-1.2,0.0,0,0,1,0,0.675,0.32
391,7,-1.0375471115112305,0.02952893264591694,3.073690176010132,0.4252913560496626,0.369801524676198,0,0,0,0.12,0.01,0.0,0.01,0.1,0.9,-1.2,0.0,0,0,1,0,0.675,0.32
392,0,0.14348748326301575,0.1260782927274704,0.06326426565647125,0.40816395464783145,0.3956267338668781,0,0,0,0.12,0.01,0.0,0.01,0.1,0.9,-1.2,0.0,0,0,1,0,0.675,0.32
392,1,-0.8508650064468384,-0.4190235733985901,-3.1371848583221436,0.4561916774834603,0.45503805216894455,0,0,0,0.12,0.01,0.0,0.01,0.1,0.9,-1.2,0.0,0,0,1,0,0.675,0.32
392,2,-0.2444123923778534,0.4239714443683624,-0.03245856985449791,0.21090282249139075,0.21295590949370144,0,0,0,0.12,0.01,0.0,0.01,0.1,0.9,-1.2,0.0,0,0,1,0,0.675,0.32
392,3,-0.022205395624041557,-0.4211990535259247,0.03655596822500229,0.407434399911098,0.4066919724262433,0,0,0,0.12,0.01,0.0,0.01,0.1,0.9,-1.2,0.0,0,0,1,0,0.675,0.32
392,4,-0.3163294196128845,-0.052126456052064896,1.4961533546447754,0.173139225198157,0.12279491548406345,0,0,0,0.12,0.01,0.0,0.01,0.1,0.9,-1.2,0.0,0,0,1,0,0.675,0.32
392,5,-0.6606252193450928,0.2565242350101471,2.2897093296051025,0.38447671097171654,0.3412625296746457,0,0,0,0.12,0.01,0.0,0.01,0.1,0.9,-1.2,0.0,0,0,1,0,0.675,0.32
392,6,-0.4906909763813019,-0.4229810833930969,-0.0010492658475413918,0.21877039612305127,0.23623000442016165,0,0,0,0.12,0.01,0.0,0.01,0.1,0.9,-1.2,0.0,0,0,1,0,0.675,0.32
392,7,-1.0383421182632446,0.02958383969962597,3.0717387199401855,0.42459429808567645,0.3689665048508775,0,0,0,0.12,0.01,0.0,0.01,0.1,0.9,-1.2,0.0,0,0,1,0,0.675,0.32
393,0,0.14429160952568054,0.12612901628017426,0.06278359889984131,0.4071015157252905,0.395077284380758,0,0,0,0.12,0.01,0.0,0.01,0.1,0.9,-1.2,0.0,0,0,1,0,0.675,0.32
393,1,-0.8517792820930481,-0.4190275967121124,-3.1372194290161133,0.4549973677334471,0.45363657963898946,0,0,0,0.12,0.01,0.0,0.01,0.1,0.9,-1.2,0.0,0,0,1,0,0.675,0.32
393,2,-0.2439865916967392,0.4239576458930969,-0.032395072281360626,0.2099519711492327,0.21211415114423962,0,0,0,0.12,0.01,0.0,0.01,0.1,0.9,-1.2,0.0,0,0,1,0,0.675,0.32
393,3,-0.021389802917838097,-0.42116931080818176,0.036496251821517944,0.40639779692217365,0.40602000827268103,0,0,0,0.12,0.01,0.0,0.01,0.1,0.9,-1.2,0.0,0,0,1,0,0.675,0.32
393,4,-0.3163069486618042,-0.05183040350675583,1.4943569898605347,0.17251313626276354,0.12256472409261362,0,0,0,0.12,0.01,0.0,0.01,0.1,0.9,-1.2,0.0,0,0,1,0,0.675,0.32
393,5,-0.6611037254333496,0.25707197189331055,2.288167715072632,0.38369138334640124,0.34073673392883674,0,0,0,0.12,0.01,0.0,0.01,0.1,0.9,-1.2,0.0,0,0,1,0,0.675,0.32
393,6,-0.4902254343032837,-0.42298105359077454,0.0004162521508987993,0.21725448172314202,0.22901497084872685,0,0,0,0.12,0.01,0.0,0.01,0.1,0.9,-1.2,0.0,0,0,1,0,0.675,0.32
393,7,-1.0391355752944946,0.029640186578035355,3.069782018661499,0.42389172759513327,0.3681339577152306,0,0,0,0.12,0.01,0.0,0.01,0.1,0.9,-1.2,0.0,0,0,1,0,0.675,0.32
394,0,0.1450941413640976,0.1261792778968811,0.06232559680938721,0.406076875059888,0.3944849702426937,0,0,0,0.12,0.01,0.0,0.01,0.1,0.9,-1.2,0.0,0,0,1,0,0.675,0.32
394,1,-0.8526910543441772,-0.41903156042099,-3.1372616291046143,0.45377091609093717,0.4522220090761466,0,0,0,0.12,0.01,0.0,0.01,0.1,0.9,-1.2,0.0,0,0,1,0,0.675,0.32
394,2,-0.24356259405612946,0.4239439368247986,-0.032353270798921585,0.20891434828460048,0.21136947592079808,0,0,0,0.12,0.01,0.0,0.01,0.1,0.9,-1.2,0.0,0,0,1,0,0.675,0.32
394,3,-0.020575884729623795,-0.4211396276950836,0.03642822429537773,0.40532398574555517,0.40535878784453266,0,0,0,0.12,0.01,0.0,0.01,0.1,0.9,-1.2,0.0,0,0,1,0,0.675,0.32
394,4,-0.31628403067588806,-0.051535192877054214,1.492576241493225,0.17189739548691735,0.12228535211554543,0,0,0,0.12,0.01,0.0,0.01,0.1,0.9,-1.2,0.0,0,0,1,0,0.675,0.32
394,5,-0.6615805625915527,0.2576194107532501,2.286635160446167,0.38291256222731657,0.34019417967789584,0,0,0,0.12,0.01,0.0,0.01,0.1,0.9,-1.2,0.0,0,0,1,0,0.675,0.32
394,6,-0.4897686541080475,-0.42298072576522827,0.0017636215779930353,0.21543583545083114,0.2221626910269826,0,0,0,0.12,0.01,0.0,0.01,0.1,0.9,-1.2,0.0,0,0,1,0,0.675,0.32
394,7,-1.0399272441864014,0.029697943478822708,3.0678205490112305,0.4231848521248143,0.36730362939679206,0,0,0,0.12,0.01,0.0,0.01,0.1,0.9,-1.2,0.0,0,0,1,0,0.675,0.32
395,0,0.1458950936794281,0.12622909247875214,0.06190834194421768,0.4051596719148631,0.3937800925848013,0,0,0,0.12,0.01,0.0,0.01,0.1,0.9,-1.2,0.0,0,0,1,0,0.675,0.32
395,1,-0.8536002039909363,-0.41903549432754517,-3.1373119354248047,0.45252564072801676,0.45078203558729085,0,0,0,0.12,0.01,0.0,0.01,0.1,0.9,-1.2,0.0,0,0,1,0,0.675,0.32
395,2,-0.24314038455486298,0.4239303171634674,-0.032248273491859436,0.20804913547548268,0.2104632386871913,0,0,0,0.12,0.01,0.0,0.01,0.1,0.9,-1.2,0.0,0,0,1,0,0.675,0.32
395,3,-0.01976366899907589,-0.42111003398895264,0.036446135491132736,0.40457142457568346,0.4043499721566468,0,0,0,0.12,0.01,0.0,0.01,0.1,0.9,-1.2,0.0,0,0,1,0,0.675,0.32
395,4,-0.3162607252597809,-0.051240865141153336,1.4908108711242676,0.1712939842331286,0.12195565265537542,0,0,0,0.12,0.01,0.0,0.01,0.1,0.9,-1.2,0.0,0,0,1,0,0.675,0.32
395,5,-0.6620557308197021,0.2581665813922882,2.285112142562866,0.3821337061306395,0.33964194484744886,0,0,0,0.12,0.01,0.0,0.01,0.1,0.9,-1.2,0.0,0,0,1,0,0.675,0.32
395,6,-0.48932063579559326,-0.4229801893234253,0.002603858709335327,0.2120277805984449,0.2169669942199755,0,0,0,0.12,0.01,0.0,0.01,0.1,0.9,-1.2,0.0,0,0,1,0,0.675,0.32
395,7,-1.040717363357544,0.029757093638181686,3.06585431098938,0.42247328899711584,0.3664753065267185,0,0,0,0.12,0.01,0.0,0.01,0.1,0.9,-1.2,0.0,0,0,1,0,0.675,0.32
396,0,0.14669445157051086,0.12627847492694855,0.061500318348407745,0.40422805376463106,0.3930846827465994,0,0,0,0.12,0.01,0.0,0.01,0.1,0.9,-1.2,0.0,0,0,1,0,0.675,0.32
396,1,-0.8545066714286804,-0.4190393388271332,-3.137369394302368,0.451248482961288,0.449330313902268,0,0,0,0.12,0.01,0.0,0.01,0.1,0.9,-1.2,0.0,0,0,1,0,0.675,0.32
396,2,-0.24271996319293976,0.4239167869091034,-0.03211257606744766,0.20726029679319782,0.2094911475465544,0,0,0,0.12,0.01,0.0,0.01,0.1,0.9,-1.2,0.0,0,0,1,0,0.675,0.32
396,3,-0.01895318180322647,-0.4210805296897888,0.03649122640490532,0.4039073605265305,0.4032265525136307,0,0,0,0.12,0.01,0.0,0.01,0.1,0.9,-1.2,0.0,0,0,1,0,0.675,0.32
396,4,-0.31623703241348267,-0.05094745755195618,1.4890577793121338,0.1706943830281549,0.12158560549914306,0,0,0,0.12,0.01,0.0,0.01,0.1,0.9,-1.2,0.0,0,0,1,0,0.675,0.32
396,5,-0.6625292301177979,0.2587134540081024,2.283597946166992,0.3813570076243506,0.3390774792416468,0,0,0,0.12,0.01,0.0,0.01,0.1,0.9,-1.2,0.0,0,0,1,0,0.675,0.32
396,6,-0.48888131976127625,-0.422979474067688,0.0026051246095448732,0.20600477253017518,0.21445741857471376,0,0,0,0.12,0.01,0.0,0.01,0.1,0.9,-1.2,0.0,0,0,1,0,0.675,0.32
396,7,-1.0415058135986328,0.029817644506692886,3.0638837814331055,0.42175708608162044,0.36564929886329534,0,0,0,0.12,0.01,0.0,0.01,0.1,0.9,-1.2,0.0,0,0,1,0,0.675,0.32
397,0,0.1474922001361847,0.12632742524147034,0.0610743947327137,0.4031770063709675,0.39250399338489184,0,0,0,0.12,0.01,0.0,0.01,0.1,0.9,-1.2,0.0,0,0,1,0,0.675,0.32
397,1,-0.8554105162620544,-0.4190431237220764,-3.137434244155884,0.4499507383742664,0.4478560848793651,0,0,0,0.12,0.01,0.0,0.01,0.1,0.9,-1.2,0.0,0,0,1,0,0.675,0.32
397,2,-0.2423013150691986,0.42390337586402893,-0.03203539922833443,0.20632360880962153,0.20867787296184764,0,0,0,0.12,0.01,0.0,0.01,0.1,0.9,-1.2,0.0,0,0,1,0,0.675,0.32
397,3,-0.018144449219107628,-0.4210510551929474,0.0364590585231781,0.402952618146939,0.40236764476199655,0,0,0,0.12,0.01,0.0,0.01,0.1,0.9,-1.2,0.0,0,0,1,0,0.675,0.32
397,4,-0.31621289253234863,-0.05065501481294632,1.4873135089874268,0.1700821531008519,0.1211916196156703,0,0,0,0.12,0.01,0.0,0.01,0.1,0.9,-1.2,0.0,0,0,1,0,0.675,0.32
397,5,-0.6630010604858398,0.25925999879837036,2.2820913791656494,0.38057460569935064,0.33850882268352295,0,0,0,0.12,0.01,0.0,0.01,0.1,0.9,-1.2,0.0,0,0,1,0,0.675,0.32
397,6,-0.4884505867958069,-0.4229786992073059,0.0021418535616248846,0.19835075635894722,0.21365332703605705,0,0,0,0.12,0.01,0.0,0.01,0.1,0.9,-1.2,0.0,0,0,1,0,0.675,0.32
397,7,-1.0422927141189575,0.029879625886678696,3.0619091987609863,0.4210375329444477,0.3648242572357587,0,0,0,0.12,0.01,0.0,0.01,0.1,0.9,-1.2,0.0,0,0,1,0,0.675,0.32
398,0,0.14828835427761078,0.1263759434223175,0.06065545603632927,0.4021029872752216,0.3919415669583295,0,0,0,0.12,0.01,0.0,0.01,0.1,0.9,-1.2,0.0,0,0,1,0,0.675,0.32
398,1,-0.8563116788864136,-0.4190468490123749,-3.1375060081481934,0.4486340447850415,0.44635854516552,0,0,0,0.12,0.01,0.0,0.01,0.1,0.9,-1.2,0.0,0,0,1,0,0.675,0.32
398,2,-0.24188442528247833,0.42389002442359924,-0.03200016915798187,0.20519749984841879,0.2080648077954716,0,0,0,0.12,0.01,0.0,0.01,0.1,0.9,-1.2,0.0,0,0,1,0,0.675,0.32
398,3,-0.01733749732375145,-0.4210216701030731,0.036384470760822296,0.4018179130620621,0.40166271209052573,0,0,0,0.12,0.01,0.0,0.01,0.1,0.9,-1.2,0.0,0,0,1,0,0.675,0.32
398,4,-0.3161882758140564,-0.05036357790231705,1.4855772256851196,0.16946042031080807,0.12077316194741639,0,0,0,0.12,0.01,0.0,0.01,0.1,0.9,-1.2,0.0,0,0,1,0,0.675,0.32
398,5,-0.6634711623191833,0.25980624556541443,2.2805917263031006,0.3797885349556637,0.3379339405730533,0,0,0,0.12,0.01,0.0,0.01,0.1,0.9,-1.2,0.0,0,0,1,0,0.675,0.32
398,6,-0.4880284368991852,-0.4229778051376343,0.0022662521805614233,0.1923278275312742,0.21129786936623252,0,0,0,0.12,0.01,0.0,0.01,0.1,0.9,-1.2,0.0,0,0,1,0,0.675,0.32
398,7,-1.043077826499939,0.029943061992526054,3.0599305629730225,0.42031243264163515,0.3640027362159393,0,0,0,0.12,0.01,0.0,0.01,0.1,0.9,-1.2,0.0,0,0,1,0,0.675,0.32
399,0,0.14908291399478912,0.12642402946949005,0.0602775476872921,0.40113800443152936,0.3912653955127761,0,0,0,0.12,0.01,0.0,0.01,0.1,0.9,-1.2,0.0,0,0,1,0,0.675,0.32
399,1,-0.8572100400924683,-0.4190504848957062,-3.1375844478607178,0.44729300214137707,0.4448441080919297,0,0,0,0.12,0.01,0.0,0.01,0.1,0.9,-1.2,0.0,0,0,1,0,0.675,0.32
399,2,-0.24146927893161774,0.4238767921924591,-0.031910642981529236,0.20427421129266993,0.20726045572240573,0,0,0,0.12,0.01,0.0,0.01,0.1,0.9,-1.2,0.0,0,0,1,0,0.675,0.32
399,3,-0.016532352194190025,-0.420992374420166,0.036378223448991776,0.40093632495653253,0.4006786152099409,0,0,0,0.12,0.01,0.0,0.01,0.1,0.9,-1.2,0.0,0,0,1,0,0.675,0.32
399,4,-0.31616321206092834,-0.050073184072971344,1.4838497638702393,0.16883257009001965,0.12032717488793142,0,0,0,0.12,0.01,0.0,0.01,0.1,0.9,-1.2,0.0,0,0,1,0,0.675,0.32
399,5,-0.6639395952224731,0.260352224111557,2.279100179672241,0.37900231738142315,0.3373491917128151,0,0,0,0.12,0.01,0.0,0.01,0.1,0.9,-1.2,0.0,0,0,1,0,0.675,0.32
399,6,-0.4876147508621216,-0.4229767918586731,0.0030557492282241583,0.18815179385731387,0.2071802445452435,0,0,0,0.12,0.01,0.0,0.01,0.1,0.9,-1.2,0.0,0,0,1,0,0.675,0.32
399,7,-1.0438612699508667,0.030007971450686455,3.057948112487793,0.41958083150964665,0.3631856298627289,0,0,0,0.12,0.01,0.0,0.01,0.1,0.9,-1.2,0.0,0,0,1,0,0.675,0.32
400,0,0.14987584948539734,0.12647171318531036,0.05992477759718895,0.40022098080005714,0.39053673490199975,0,0,0,0.12,0.01,0.0,0.01,0.1,0.9,-1.2,0.0,0,0,1,0,0.675,0.32
400,1,-0.8581055402755737,-0.4190540313720703,-3.137669801712036,0.4459272796710957,0.4433139388957989,0,0,0,0.12,0.01,0.0,0.01,0.1,0.9,-1.2,0.0,0,0,1,0,0.675,0.32
400,2,-0.24105587601661682,0.42386364936828613,-0.03175380825996399,0.20354044494700443,0.2062780851356982,0,0,0,0.12,0.01,0.0,0.01,0.1,0.9,-1.2,0.0,0,0,1,0,0.675,0.32
400,3,-0.015729039907455444,-0.4209631681442261,0.036429766565561295,0.400266373269914,0.3994570730992572,0,0,0,0.12,0.01,0.0,0.01,0.1,0.9,-1.2,0.0,0,0,1,0,0.675,0.32
400,4,-0.3161376714706421,-0.0497838631272316,1.4821301698684692,0.168202235340402,0.11985175406999841,0,0,0,0.12,0.01,0.0,0.01,0.1,0.9,-1.2,0.0,0,0,1,0,0.675,0.32
400,5,-0.6644062399864197,0.2608979046344757,2.277616500854492,0.3782085896930711,0.3367621778049453,0,0,0,0.12,0.01,0.0,0.01,0.1,0.9,-1.2,0.0,0,0,1,0,0.675,0.32
400,6,-0.4872094392776489,-0.4229755401611328,0.0036890211049467325,0.1835244097151059,0.20360105257851896,0,0,0,0.12,0.01,0.0,0.01,0.1,0.9,-1.2,0.0,0,0,1,0,0.675,0.32
400,7,-1.0446431636810303,0.0300743468105793,3.055962324142456,0.41884552907591255,0.36236984062547295,0,0,0,0.12,0.01,0.0,0.01,0.1,0.9,-1.2,0.0,0,0,1,0,0.675,0.32
401,0,0.15066716074943542,0.12651900947093964,0.059559740126132965,0.3992088925234901,0.38989860898331524,0,0,0,0.12,0.01,0.0,0.01,0.1,0.9,-1.2,0.0,0,0,1,0,0.675,0.32
401,1,-0.8589982986450195,-0.4190574884414673,-3.1377618312835693,0.4445351571093696,0.44177041349304735,0,0,0,0.12,0.01,0.0,0.01,0.1,0.9,-1.2,0.0,0,0,1,0,0.675,0.32
401,2,-0.2406442016363144,0.4238505959510803,-0.03162737190723419,0.20270792502282428,0.2054053459751768,0,0,0,0.12,0.01,0.0,0.01,0.1,0.9,-1.2,0.0,0,0,1,0,0.675,0.32
401,3,-0.014927585609257221,-0.4209340214729309,0.03642062842845917,0.39936385431910537,0.39844264706944443,0,0,0,0.12,0.01,0.0,0.01,0.1,0.9,-1.2,0.0,0,0,1,0,0.675,0.32
401,4,-0.3161117434501648,-0.04949565604329109,1.4804160594940186,0.167576987240603,0.11934260657043218,0,0,0,0.12,0.01,0.0,0.01,0.1,0.9,-1.2,0.0,0,0,1,0,0.675,0.32
401,5,-0.6648711562156677,0.26144322752952576,2.276139497756958,0.377411290063019,0.33616925870025616,0,0,0,0.12,0.01,0.0,0.01,0.1,0.9,-1.2,0.0,0,0,1,0,0.675,0.32
401,6,-0.48681244254112244,-0.4229740500450134,0.004111002665013075,0.17830650330880918,0.20070044873853882,0,0,0,0.12,0.01,0.0,0.01,0.1,0.9,-1.2,0.0,0,0,1,0,0.675,0.32
401,7,-1.0454232692718506,0.030142158269882202,3.0539731979370117,0.4181062982515923,0.36155619163945996,0,0,0,0.12,0.01,0.0,0.01,0.1,0.9,-1.2,0.0,0,0,1,0,0.675,0.32
402,0,0.15145684778690338,0.12656593322753906,0.059189729392528534,0.39812957995592807,0.38932305819333346,0,0,0,0.12,0.01,0.0,0.01,0.1,0.9,-1.2,0.0,0,0,1,0,0.675,0.32
402,1,-0.8598880767822266,-0.4190608561038971,-3.137860059738159,0.4431217173543929,0.44020958147373207,0,0,0,0.12,0.01,0.0,0.01,0.1,0.9,-1.2,0.0,0,0,1,0,0.675,0.32
402,2,-0.24023424088954926,0.4238376319408417,-0.03156713396310806,0.20166854311864144,0.20475064466555348,0,0,0,0.12,0.01,0.0,0.01,0.1,0.9,-1.2,0.0,0,0,1,0,0.675,0.32
402,3,-0.014128017239272594,-0.4209049642086029,0.03633350133895874,0.39814575972763877,0.3977181070783914,0,0,0,0.12,0.01,0.0,0.01,0.1,0.9,-1.2,0.0,0,0,1,0,0.675,0.32
402,4,-0.31608542799949646,-0.04920858517289162,1.47870671749115,0.1669536027250548,0.1188023594083528,0,0,0,0.12,0.01,0.0,0.01,0.1,0.9,-1.2,0.0,0,0,1,0,0.675,0.32
402,5,-0.6653344035148621,0.26198819279670715,2.2746694087982178,0.37661466889944056,0.33556594557199493,0,0,0,0.12,0.01,0.0,0.01,0.1,0.9,-1.2,0.0,0,0,1,0,0.675,0.32
402,6,-0.48642370104789734,-0.42297235131263733,0.004796415567398071,0.17387420264984832,0.19710874231551423,0,0,0,0.12,0.01,0.0,0.01,0.1,0.9,-1.2,0.0,0,0,1,0,0.675,0.32
402,7,-1.0462017059326172,0.030211370438337326,3.0519814491271973,0.41736281153358523,0.3607452488263696,0,0,0,0.12,0.01,0.0,0.01,0.1,0.9,-1.2,0.0,0,0,1,0,0.675,0.32
403,0,0.1522449105978012,0.12661249935626984,0.05885375663638115,0.3971349621126545,0.38865834233070484,0,0,0,0.12,0.01,0.0,0.01,0.1,0.9,-1.2,0.0,0,0,1,0,0.675,0.32
403,1,-0.8607749938964844,-0.41906413435935974,-3.1379642486572266,0.4416888425635851,0.43863039514546026,0,0,0,0.12,0.01,0.0,0.01,0.1,0.9,-1.2,0.0,0,0,1,0,0.675,0.32
403,2,-0.2398259937763214,0.4238247871398926,-0.031486719846725464,0.20073939846703653,0.20399643493941183,0,0,0,0.12,0.01,0.0,0.01,0.1,0.9,-1.2,0.0,0,0,1,0,0.675,0.32
403,3,-0.013330357149243355,-0.42087599635124207,0.03628254309296608,0.39705825155037294,0.3968377083037531,0,0,0,0.12,0.01,0.0,0.01,0.1,0.9,-1.2,0.0,0,0,1,0,0.675,0.32
403,4,-0.3160587549209595,-0.04892267659306526,1.4770026206970215,0.16634197722073304,0.11822347154025331,0,0,0,0.12,0.01,0.0,0.01,0.1,0.9,-1.2,0.0,0,0,1,0,0.675,0.32
403,5,-0.6657959818840027,0.2625327706336975,2.2732064723968506,0.3758161097612698,0.33495521248909643,0,0,0,0.12,0.01,0.0,0.01,0.1,0.9,-1.2,0.0,0,0,1,0,0.675,0.32
403,6,-0.4860430657863617,-0.42297041416168213,0.005806383211165667,0.17046453249281673,0.19258974301987858,0,0,0,0.12,0.01,0.0,0.01,0.1,0.9,-1.2,0.0,0,0,1,0,0.675,0.32
403,7,-1.04697847366333,0.030281953513622284,3.0499868392944336,0.41661542004220103,0.35993642264731307,0,0,0,0.12,0.01,0.0,0.01,0.1,0.9,-1.2,0.0,0,0,1,0,0.675,0.32
404,0,0.15303131937980652,0.12665870785713196,0.05855273827910423,0.39622787864626374,0.3879017409521249,0,0,0,0.12,0.01,0.0,0.01,0.1,0.9,-1.2,0.0,0,0,1,0,0.675,0.32
404,1,-0.8616589307785034,-0.41906729340553284,-3.1380741596221924,0.440226837893966,0.43704326460694953,0,0,0,0.12,0.01,0.0,0.01,0.1,0.9,-1.2,0.0,0,0,1,0,0.675,0.32
404,2,-0.23941943049430847,0.42381206154823303,-0.03133102133870125,0.20008329392512533,0.20298033117214942,0,0,0,0.12,0.01,0.0,0.01,0.1,0.9,-1.2,0.0,0,0,1,0,0.675,0.32
404,3,-0.01253463327884674,-0.4208471477031708,0.036314744502305984,0.39626540104124375,0.3956374390962379,0,0,0,0.12,0.01,0.0,0.01,0.1,0.9,-1.2,0.0,0,0,1,0,0.675,0.32
404,4,-0.3160317838191986,-0.04863796383142471,1.4753025770187378,0.16573764933411264,0.11761058317359303,0,0,0,0.12,0.01,0.0,0.01,0.1,0.9,-1.2,0.0,0,0,1,0,0.675,0.32
404,5,-0.6662558913230896,0.26307687163352966,2.2717511653900146,0.3750198289150754,0.33433272397570213,0,0,0,0.12,0.01,0.0,0.01,0.1,0.9,-1.2,0.0,0,0,1,0,0.675,0.32
404,6,-0.4856704771518707,-0.4229682385921478,0.006714613176882267,0.16681744832893938,0.18840558152297407,0,0,0,0.12,0.01,0.0,0.01,0.1,0.9,-1.2,0.0,0,0,1,0,0.675,0.32
404,7,-1.0477535724639893,0.03035389445722103,3.047989845275879,0.4158653938797753,0.3591288602324684,0,0,0,0.12,0.01,0.0,0.01,0.1,0.9,-1.2,0.0,0,0,1,0,0.675,0.32
405,0,0.1538161039352417,0.12670457363128662,0.058246031403541565,0.39525263174884856,0.38720883265621125,0,0,0,0.12,0.01,0.0,0.01,0.1,0.9,-1.2,0.0,0,0,1,0,0.675,0.32
405,1,-0.8625398278236389,-0.4190703332424164,-3.1381895542144775,0.4387397941643547,0.43544546994621053,0,0,0,0.12,0.01,0.0,0.01,0.1,0.9,-1.2,0.0,0,0,1,0,0.675,0.32
405,2,-0.23901455104351044,0.42379939556121826,-0.031176747754216194,0.19937424118242567,0.20202799384870224,0,0,0,0.12,0.01,0.0,0.01,0.1,0.9,-1.2,0.0,0,0,1,0,0.675,0.32
405,3,-0.011740870773792267,-0.42081835865974426,0.036330580711364746,0.39541617814605295,0.3944686871379131,0,0,0,0.12,0.01,0.0,0.01,0.1,0.9,-1.2,0.0,0,0,1,0,0.675,0.32
405,4,-0.3160044550895691,-0.04835447296500206,1.4736034870147705,0.16513954859522817,0.11696768540593147,0,0,0,0.12,0.01,0.0,0.01,0.1,0.9,-1.2,0.0,0,0,1,0,0.675,0.32
405,5,-0.6667141318321228,0.2636205852031708,2.2703025341033936,0.37422264198841115,0.3337019028228376,0,0,0,0.12,0.01,0.0,0.01,0.1,0.9,-1.2,0.0,0,0,1,0,0.675,0.32
405,6,-0.4853058457374573,-0.42296579480171204,0.007336831651628017,0.1624572199929183,0.18503443178053447,0,0,0,0.12,0.01,0.0,0.01,0.1,0.9,-1.2,0.0,0,0,1,0,0.675,0.32
405,7,-1.0485270023345947,0.03042721189558506,3.0459907054901123,0.41511049490505203,0.35832474011844656,0,0,0,0.12,0.01,0.0,0.01,0.1,0.9,-1.2,0.0,0,0,1,0,0.675,0.32
406,0,0.15459924936294556,0.12675011157989502,0.05792199447751045,0.39416690534663607,0.3866222315399606,0,0,0,0.12,0.01,0.0,0.01,0.1,0.9,-1.2,0.0,0,0,1,0,0.675,0.32
406,1,-0.8634176850318909,-0.41907328367233276,-3.138309955596924,0.4372393101158325,0.4338263660964783,0,0,0,0.12,0.01,0.0,0.01,0.1,0.9,-1.2,0.0,0,0,1,0,0.675,0.32
406,2,-0.2386113554239273,0.42378684878349304,-0.03110019862651825,0.19848193972183972,0.20126963407920093,0,0,0,0.12,0.01,0.0,0.01,0.1,0.9,-1.2,0.0,0,0,1,0,0.675,0.32
406,3,-0.010949094779789448,-0.4207896292209625,0.03626277670264244,0.39425235215992505,0.39358962352900934,0,0,0,0.12,0.01,0.0,0.01,0.1,0.9,-1.2,0.0,0,0,1,0,0.675,0.32
406,4,-0.3159767687320709,-0.04807223752140999,1.4719032049179077,0.16453472644469724,0.11630817383148685,0,0,0,0.12,0.01,0.0,0.01,0.1,0.9,-1.2,0.0,0,0,1,0,0.675,0.32
406,5,-0.6671707034111023,0.2641638517379761,2.268859386444092,0.37342499539503593,0.3330621238028095,0,0,0,0.12,0.01,0.0,0.01,0.1,0.9,-1.2,0.0,0,0,1,0,0.675,0.32
406,6,-0.4849490821361542,-0.42296314239501953,0.00793501827865839,0.1580739134709888,0.18178882060837215,0,0,0,0.12,0.01,0.0,0.01,0.1,0.9,-1.2,0.0,0,0,1,0,0.675,0.32
406,7,-1.049298644065857,0.03050193004310131,3.043989419937134,0.41435076769380247,0.357524375357345,0,0,0,0.12,0.01,0.0,0.01,0.1,0.9,-1.2,0.0,0,0,1,0,0.675,0.32
407,0,0.1553807258605957,0.12679530680179596,0.05761876702308655,0.39311423379658716,0.3859985820603465,0,0,0,0.12,0.01,0.0,0.01,0.1,0.9,-1.2,0.0,0,0,1,0,0.675,0.32
407,1,-0.8642925024032593,-0.4190760850906372,-3.138434648513794,0.43571018347478113,0.43220193019175324,0,0,0,0.12,0.01,0.0,0.01,0.1,0.9,-1.2,0.0,0,0,1,0,0.675,0.32
407,2,-0.2382098138332367,0.423774391412735,-0.031040508300065994,0.19754398626569913,0.20056834059472878,0,0,0,0.12,0.01,0.0,0.01,0.1,0.9,-1.2,0.0,0,0,1,0,0.675,0.32
407,3,-0.010159329511225224,-0.42076101899147034,0.03619389235973358,0.39306254331972695,0.39271234328839677,0,0,0,0.12,0.01,0.0,0.01,0.1,0.9,-1.2,0.0,0,0,1,0,0.675,0.32
407,4,-0.3159486651420593,-0.04779127985239029,1.470201849937439,0.16392414602416225,0.11563117471558385,0,0,0,0.12,0.01,0.0,0.01,0.1,0.9,-1.2,0.0,0,0,1,0,0.675,0.32
407,5,-0.6676255464553833,0.26470670104026794,2.2674219608306885,0.37262133244458295,0.332419122419919,0,0,0,0.12,0.01,0.0,0.01,0.1,0.9,-1.2,0.0,0,0,1,0,0.675,0.32
407,6,-0.4846000373363495,-0.42296022176742554,0.008758604526519775,0.15451722896706946,0.17781952463972683,0,0,0,0.12,0.01,0.0,0.01,0.1,0.9,-1.2,0.0,0,0,1,0,0.675,0.32
407,7,-1.0500686168670654,0.030578073114156723,3.0419864654541016,0.4135873885077827,0.3567263512688286,0,0,0,0.12,0.01,0.0,0.01,0.1,0.9,-1.2,0.0,0,0,1,0,0.675,0.32
408,0,0.15616056323051453,0.12684017419815063,0.05735800415277481,0.3921796695944883,0.38525289132622703,0,0,0,0.12,0.01,0.0,0.01,0.1,0.9,-1.2,0.0,0,0,1,0,0.675,0.32
408,1,-0.8651641607284546,-0.4190787672996521,-3.138563632965088,0.43416498989758046,0.43056107669177496,0,0,0,0.12,0.01,0.0,0.01,0.1,0.9,-1.2,0.0,0,0,1,0,0.675,0.32
408,2,-0.2378099262714386,0.4237620234489441,-0.030910387635231018,0.19682210243144016,0.19966274940571802,0,0,0,0.12,0.01,0.0,0.01,0.1,0.9,-1.2,0.0,0,0,1,0,0.675,0.32
408,3,-0.009371600113809109,-0.4207325279712677,0.03620920702815056,0.3921749657893222,0.39150857264756744,0,0,0,0.12,0.01,0.0,0.01,0.1,0.9,-1.2,0.0,0,0,1,0,0.675,0.32
408,4,-0.3159201741218567,-0.04751163348555565,1.468499779701233,0.1633134309142753,0.11493338905871663,0,0,0,0.12,0.01,0.0,0.01,0.1,0.9,-1.2,0.0,0,0,1,0,0.675,0.32
408,5,-0.668078601360321,0.2652491331100464,2.265990734100342,0.3718107190139495,0.33177413082049256,0,0,0,0.12,0.01,0.0,0.01,0.1,0.9,-1.2,0.0,0,0,1,0,0.675,0.32
408,6,-0.4842586815357208,-0.42295709252357483,0.009677941910922527,0.15131824888389972,0.17359862051803207,0,0,0,0.12,0.01,0.0,0.01,0.1,0.9,-1.2,0.0,0,0,1,0,0.675,0.32
408,7,-1.0508369207382202,0.030655652284622192,3.0399818420410156,0.4128201635215821,0.3559308020736633,0,0,0,0.12,0.01,0.0,0.01,0.1,0.9,-1.2,0.0,0,0,1,0,0.675,0.32
409,0,0.15693873167037964,0.12688472867012024,0.05710746720433235,0.3912389001511627,0.38450941232213437,0,0,0,0.12,0.01,0.0,0.01,0.1,0.9,-1.2,0.0,0,0,1,0,0.675,0.32
409,1,-0.8660327196121216,-0.41908136010169983,-3.1386959552764893,0.43261757811702983,0.42889061251483657,0,0,0,0.12,0.01,0.0,0.01,0.1,0.9,-1.2,0.0,0,0,1,0,0.675,0.32
409,2,-0.23741166293621063,0.42374974489212036,-0.030746610835194588,0.19620767777144654,0.19866054708779116,0,0,0,0.12,0.01,0.0,0.01,0.1,0.9,-1.2,0.0,0,0,1,0,0.675,0.32
409,3,-0.008585930801928043,-0.42070409655570984,0.0362432524561882,0.3913690468096512,0.39019924199344935,0,0,0,0.12,0.01,0.0,0.01,0.1,0.9,-1.2,0.0,0,0,1,0,0.675,0.32
409,4,-0.315891295671463,-0.04723331332206726,1.466795563697815,0.16269405979598403,0.1142243514588988,0,0,0,0.12,0.01,0.0,0.01,0.1,0.9,-1.2,0.0,0,0,1,0,0.675,0.32
409,5,-0.6685299873352051,0.2657911479473114,2.2645652294158936,0.3710001297379943,0.3311196975325135,0,0,0,0.12,0.01,0.0,0.01,0.1,0.9,-1.2,0.0,0,0,1,0,0.675,0.32
409,6,-0.48392483592033386,-0.422953724861145,0.010470009408891201,0.14788330475817982,0.16971927006710705,0,0,0,0.12,0.01,0.0,0.01,0.1,0.9,-1.2,0.0,0,0,1,0,0.675,0.32
409,7,-1.0516034364700317,0.030734645202755928,3.037976026535034,0.41204732587314924,0.3551397926571242,0,0,0,0.12,0.01,0.0,0.01,0.1,0.9,-1.2,0.0,0,0,1,0,0.675,0.32
410,0,0.15771523118019104,0.12692898511886597,0.05683806538581848,0.39018350442262706,0.3838767449059863,0,0,0,0.12,0.01,0.0,0.01,0.1,0.9,-1.2,0.0,0,0,1,0,0.675,0.32
410,1,-0.8668980598449707,-0.4190838038921356,-3.138831853866577,0.4310475777011548,0.42721227899974246,0,0,0,0.12,0.01,0.0,0.01,0.1,0.9,-1.2,0.0,0,0,1,0,0.675,0.32
410,2,-0.237015038728714,0.4237375855445862,-0.03064756654202938,0.19545840678630746,0.19780454577983936,0,0,0,0.12,0.01,0.0,0.01,0.1,0.9,-1.2,0.0,0,0,1,0,0.675,0.32
410,3,-0.00780234532430768,-0.42067575454711914,0.03619177266955376,0.3902316708364556,0.38919764568423537,0,0,0,0.12,0.01,0.0,0.01,0.1,0.9,-1.2,0.0,0,0,1,0,0.675,0.32
410,4,-0.31586208939552307,-0.046956341713666916,1.4650871753692627,0.1620686448679055,0.1135014199151908,0,0,0,0.12,0.01,0.0,0.01,0.1,0.9,-1.2,0.0,0,0,1,0,0.675,0.32
410,5,-0.6689796447753906,0.2663326859474182,2.2631452083587646,0.3701853602645174,0.3304608613732084,0,0,0,0.12,0.01,0.0,0.01,0.1,0.9,-1.2,0.0,0,0,1,0,0.675,0.32
410,6,-0.4835984706878662,-0.42295020818710327,0.011186592280864716,0.14421711745540322,0.16617982206066428,0,0,0,0.12,0.01,0.0,0.01,0.1,0.9,-1.2,0.0,0,0,1,0,0.675,0.32
410,7,-1.0523682832717896,0.030815020203590393,3.0359690189361572,0.41127085299683647,0.35435152439879347,0,0,0,0.12,0.01,0.0,0.01,0.1,0.9,-1.2,0.0,0,0,1,0,0.675,0.32
411,0,0.15849006175994873,0.126972958445549,0.05657529458403587,0.3891111779960668,0.3832572530952418,0,0,0,0.12,0.01,0.0,0.01,0.1,0.9,-1.2,0.0,0,0,1,0,0.675,0.32
411,1,-0.8677602410316467,-0.41908612847328186,-3.1389718055725098,0.42946226966039547,0.4255195699964343,0,0,0,0.12,0.01,0.0,0.01,0.1,0.9,-1.2,0.0,0,0,1,0,0.675,0.32
411,2,-0.23662003874778748,0.4237254858016968,-0.030601659789681435,0.1945103961538275,0.1971582215715448,0,0,0,0.12,0.01,0.0,0.01,0.1,0.9,-1.2,0.0,0,0,1,0,0.675,0.32
411,3,-0.007020868360996246,-0.420647531747818,0.03609326109290123,0.38889587719924923,0.3883712212275696,0,0,0,0.12,0.01,0.0,0.01,0.1,0.9,-1.2,0.0,0,0,1,0,0.675,0.32
411,4,-0.31583255529403687,-0.04668073356151581,1.463375449180603,0.161446122974361,0.11275777354816094,0,0,0,0.12,0.01,0.0,0.01,0.1,0.9,-1.2,0.0,0,0,1,0,0.675,0.32
411,5,-0.6694275736808777,0.26687371730804443,2.261730432510376,0.36936289948471474,0.3298009546374471,0,0,0,0.12,0.01,0.0,0.01,0.1,0.9,-1.2,0.0,0,0,1,0,0.675,0.32
411,6,-0.48327940702438354,-0.4229465126991272,0.012002277188003063,0.1409038929414356,0.16239496784690974,0,0,0,0.12,0.01,0.0,0.01,0.1,0.9,-1.2,0.0,0,0,1,0,0.675,0.32
411,7,-1.0531314611434937,0.030896740034222603,3.033961534500122,0.41049493487243127,0.3535616881095939,0,0,0,0.12,0.01,0.0,0.01,0.1,0.9,-1.2,0.0,0,0,1,0,0.675,0.32
412,0,0.1592632234096527,0.12701666355133057,0.056353870779275894,0.3881527616861451,0.3825200364705932,0,0,0,0.12,0.01,0.0,0.01,0.1,0.9,-1.2,0.0,0,0,1,0,0.675,0.32
412,1,-0.8686191439628601,-0.41908833384513855,-3.139115571975708,0.42786500388408866,0.4238105661270503,0,0,0,0.12,0.01,0.0,0.01,0.1,0.9,-1.2,0.0,0,0,1,0,0.675,0.32
412,2,-0.2362266331911087,0.4237135052680969,-0.03051120974123478,0.1937621602539593,0.19632279186205331,0,0,0,0.12,0.01,0.0,0.01,0.1,0.9,-1.2,0.0,0,0,1,0,0.675,0.32
412,3,-0.006241523195058107,-0.4206194281578064,0.036063842475414276,0.3878037594086576,0.38727799432211635,0,0,0,0.12,0.01,0.0,0.01,0.1,0.9,-1.2,0.0,0,0,1,0,0.675,0.32
412,4,-0.31580275297164917,-0.04640650749206543,1.4616613388061523,0.16082241885667145,0.11199745781416597,0,0,0,0.12,0.01,0.0,0.01,0.1,0.9,-1.2,0.0,0,0,1,0,0.675,0.32
412,5,-0.6698738932609558,0.2674142122268677,2.2603213787078857,0.36854842337002836,0.32912406293520846,0,0,0,0.12,0.01,0.0,0.01,0.1,0.9,-1.2,0.0,0,0,1,0,0.675,0.32
412,6,-0.4829676151275635,-0.4229426681995392,0.012888987548649311,0.13780364045502355,0.15850788703559232,0,0,0,0.12,0.01,0.0,0.01,0.1,0.9,-1.2,0.0,0,0,1,0,0.675,0.32
412,7,-1.0538928508758545,0.03097977489233017,3.0319533348083496,0.4097119527938567,0.35277843893740557,0,0,0,0.12,0.01,0.0,0.01,0.1,0.9,-1.2,0.0,0,0,1,0,0.675,0.32
413,0,0.16003470122814178,0.12706010043621063,0.0561552532017231,0.3872400653684408,0.3817335831796855,0,0,0,0.12,0.01,0.0,0.01,0.1,0.9,-1.2,0.0,0,0,1,0,0.675,0.32
413,1,-0.8694747686386108,-0.4190903902053833,-3.139263153076172,0.426245522471457,0.4220964193620391,0,0,0,0.12,0.01,0.0,0.01,0.1,0.9,-1.2,0.0,0,0,1,0,0.675,0.32
413,2,-0.23583482205867767,0.42370158433914185,-0.03036174178123474,0.19315167420163057,0.19536037094340422,0,0,0,0.12,0.01,0.0,0.01,0.1,0.9,-1.2,0.0,0,0,1,0,0.675,0.32
413,3,-0.005464333109557629,-0.42059141397476196,0.0360962375998497,0.38694162178281205,0.38593207788225753,0,0,0,0.12,0.01,0.0,0.01,0.1,0.9,-1.2,0.0,0,0,1,0,0.675,0.32
413,4,-0.31577268242836,-0.04613368213176727,1.4599437713623047,0.1601990452728754,0.11122009244341796,0,0,0,0.12,0.01,0.0,0.01,0.1,0.9,-1.2,0.0,0,0,1,0,0.675,0.32
413,5,-0.6703185439109802,0.26795417070388794,2.258918523788452,0.3677318175713215,0.32844107547601126,0,0,0,0.12,0.01,0.0,0.01,0.1,0.9,-1.2,0.0,0,0,1,0,0.675,0.32
413,6,-0.4826629161834717,-0.4229387044906616,0.013663877733051777,0.13433255967960422,0.15510178389682705,0,0,0,0.12,0.01,0.0,0.01,0.1,0.9,-1.2,0.0,0,0,1,0,0.675,0.32
413,7,-1.0546525716781616,0.031064122915267944,3.029944658279419,0.40892614269234856,0.35199730253241346,0,0,0,0.12,0.01,0.0,0.01,0.1,0.9,-1.2,0.0,0,0,1,0,0.675,0.32
414,0,0.16080449521541595,0.1271032691001892,0.055938832461833954,0.3862181696249045,0.38105257422198874,0,0,0,0.12,0.01,0.0,0.01,0.1,0.9,-1.2,0.0,0,0,1,0,0.675,0.32
414,1,-0.8703271150588989,-0.4190922975540161,-3.1394147872924805,0.42460220862205533,0.42037975978080727,0,0,0,0.12,0.01,0.0,0.01,0.1,0.9,-1.2,0.0,0,0,1,0,0.675,0.32
414,2,-0.23544460535049438,0.42368975281715393,-0.030253106728196144,0.1924381209013396,0.1945121037366456,0,0,0,0.12,0.01,0.0,0.01,0.1,0.9,-1.2,0.0,0,0,1,0,0.675,0.32
414,3,-0.004689321853220463,-0.4205634891986847,0.03607599809765816,0.3858777181959551,0.38476557566161934,0,0,0,0.12,0.01,0.0,0.01,0.1,0.9,-1.2,0.0,0,0,1,0,0.675,0.32
414,4,-0.3157423138618469,-0.04586227610707283,1.4582206010818481,0.159572635745925,0.11043074264534088,0,0,0,0.12,0.01,0.0,0.01,0.1,0.9,-1.2,0.0,0,0,1,0,0.675,0.32
414,5,-0.6707614660263062,0.26849356293678284,2.2575204372406006,0.36691540984979515,0.3277493664754307,0,0,0,0.12,0.01,0.0,0.01,0.1,0.9,-1.2,0.0,0,0,1,0,0.675,0.32
414,6,-0.482365220785141,-0.4229345917701721,0.014305894263088703,0.1305020298906845,0.15216453409704744,0,0,0,0.12,0.01,0.0,0.01,0.1,0.9,-1.2,0.0,0,0,1,0,0.675,0.32
414,7,-1.0554105043411255,0.03114980459213257,3.0279359817504883,0.4081379067684296,0.351218353531253,0,0,0,0.12,0.01,0.0,0.01,0.1,0.9,-1.2,0.0,0,0,1,0,0.675,0.32
415,0,0.1615726202726364,0.1271461844444275,0.0557127371430397,0.3851199666899282,0.3804446538049144,0,0,0,0.12,0.01,0.0,0.01,0.1,0.9,-1.2,0.0,0,0,1,0,0.675,0.32
415,1,-0.8711761236190796,-0.4190940856933594,-3.1395697593688965,0.4229529402973973,0.4186443187472499,0,0,0,0.12,0.01,0.0,0.01,0.1,0.9,-1.2,0.0,0,0,1,0,0.675,0.32
415,2,-0.23505595326423645,0.4236780107021332,-0.030217699706554413,0.19152026421158436,0.19387889855773327,0,0,0,0.12,0.01,0.0,0.01,0.1,0.9,-1.2,0.0,0,0,1,0,0.675,0.32
415,3,-0.003916511777788401,-0.4205356538295746,0.03598484769463539,0.3845458619448691,0.3838446147587747,0,0,0,0.12,0.01,0.0,0.01,0.1,0.9,-1.2,0.0,0,0,1,0,0.675,0.32
415,4,-0.3157116174697876,-0.04559231922030449,1.4564911127090454,0.1589441009049177,0.10962882561638355,0,0,0,0.12,0.01,0.0,0.01,0.1,0.9,-1.2,0.0,0,0,1,0,0.675,0.32
415,5,-0.6712027192115784,0.26903244853019714,2.2561264038085938,0.3660906631791187,0.3270576517737317,0,0,0,0.12,0.01,0.0,0.01,0.1,0.9,-1.2,0.0,0,0,1,0,0.675,0.32
415,6,-0.48207443952560425,-0.42293035984039307,0.014988543465733528,0.12676010770222665,0.14925037580111503,0,0,0,0.12,0.01,0.0,0.01,0.1,0.9,-1.2,0.0,0,0,1,0,0.675,0.32
415,7,-1.0561667680740356,0.031236844137310982,3.0259273052215576,0.4073444871967122,0.3504437537128643,0,0,0,0.12,0.01,0.0,0.01,0.1,0.9,-1.2,0.0,0,0,1,0,0.675,0.32
416,0,0.16233903169631958,0.12718884646892548,0.05552007257938385,0.3841063899169447,0.37974900778431875,0,0,0,0.12,0.01,0.0,0.01,0.1,0.9,-1.2,0.0,0,0,1,0,0.675,0.32
416,1,-0.8720217943191528,-0.4190957248210907,-3.1397273540496826,0.4212864534320964,0.4169019563732014,0,0,0,0.12,0.01,0.0,0.01,0.1,0.9,-1.2,0.0,0,0,1,0,0.675,0.32
416,2,-0.23466886579990387,0.4236663579940796,-0.030162857845425606,0.19067797385779572,0.19318139232071685,0,0,0,0.12,0.01,0.0,0.01,0.1,0.9,-1.2,0.0,0,0,1,0,0.675,0.32
416,3,-0.0031459254678338766,-0.42050793766975403,0.03593266382813454,0.38334731826356183,0.38276918163725604,0,0,0,0.12,0.01,0.0,0.01,0.1,0.9,-1.2,0.0,0,0,1,0,0.675,0.32
416,4,-0.3156805634498596,-0.04532381892204285,1.4547568559646606,0.1583020329420604,0.10882709026884657,0,0,0,0.12,0.01,0.0,0.01,0.1,0.9,-1.2,0.0,0,0,1,0,0.675,0.32
416,5,-0.6716421842575073,0.2695707678794861,2.254737138748169,0.365262102996296,0.3263613463292655,0,0,0,0.12,0.01,0.0,0.01,0.1,0.9,-1.2,0.0,0,0,1,0,0.675,0.32
416,6,-0.4817904531955719,-0.4229259788990021,0.01579761877655983,0.12342763855938904,0.14603658601756103,0,0,0,0.12,0.01,0.0,0.01,0.1,0.9,-1.2,0.0,0,0,1,0,0.675,0.32
416,7,-1.0569212436676025,0.031325262039899826,3.023919105529785,0.40655081379051694,0.34966910970572934,0,0,0,0.12,0.01,0.0,0.01,0.1,0.9,-1.2,0.0,0,0,1,0,0.675,0.32
417,0,0.16310375928878784,0.12723127007484436,0.055363740772008896,0.3831893430799662,0.3789536131769003,0,0,0,0.12,0.01,0.0,0.01,0.1,0.9,-1.2,0.0,0,0,1,0,0.675,0.32
417,1,-0.8728640675544739,-0.4190972149372101,-3.139888048171997,0.4196052464309669,0.41515184318390125,0,0,0,0.12,0.01,0.0,0.01,0.1,0.9,-1.2,0.0,0,0,1,0,0.675,0.32
417,2,-0.23428332805633545,0.4236547648906708,-0.030030319467186928,0.19004044257685598,0.19229030288174692,0,0,0,0.12,0.01,0.0,0.01,0.1,0.9,-1.2,0.0,0,0,1,0,0.675,0.32
417,3,-0.0023775845766067505,-0.420480340719223,0.035961128771305084,0.38243619468960877,0.3813846919223297,0,0,0,0.12,0.01,0.0,0.01,0.1,0.9,-1.2,0.0,0,0,1,0,0.675,0.32
417,4,-0.315649151802063,-0.04505680128931999,1.4530175924301147,0.1576516858469935,0.10802087865953726,0,0,0,0.12,0.01,0.0,0.01,0.1,0.9,-1.2,0.0,0,0,1,0,0.675,0.32
417,5,-0.6720799803733826,0.27010858058929443,2.2533531188964844,0.3644313718965612,0.3256587479421534,0,0,0,0.12,0.01,0.0,0.01,0.1,0.9,-1.2,0.0,0,0,1,0,0.675,0.32
417,6,-0.4815131723880768,-0.42292147874832153,0.01662539504468441,0.12012657471755449,0.14290338806053696,0,0,0,0.12,0.01,0.0,0.01,0.1,0.9,-1.2,0.0,0,0,1,0,0.675,0.32
417,7,-1.0576740503311157,0.03141505643725395,3.021911382675171,0.4057521679116405,0.3488989613341175,0,0,0,0.12,0.01,0.0,0.01,0.1,0.9,-1.2,0.0,0,0,1,0,0.675,0.32
418,0,0.16386678814888,0.12727347016334534,0.0552019439637661,0.38221229184397315,0.37821524273625756,0,0,0,0.12,0.01,0.0,0.01,0.1,0.9,-1.2,0.0,0,0,1,0,0.675,0.32
418,1,-0.8737029433250427,-0.4190985858440399,-3.1400513648986816,0.417921141012588,0.4133828131118627,0,0,0,0.12,0.01,0.0,0.01,0.1,0.9,-1.2,0.0,0,0,1,0,0.675,0.32
418,2,-0.2338993400335312,0.4236432611942291,-0.029898429289460182,0.1894233852469861,0.19138961733937862,0,0,0,0.12,0.01,0.0,0.01,0.1,0.9,-1.2,0.0,0,0,1,0,0.675,0.32
418,3,-0.001611510873772204,-0.4204528331756592,0.035966549068689346,0.38143910886286836,0.3800653624391641,0,0,0,0.12,0.01,0.0,0.01,0.1,0.9,-1.2,0.0,0,0,1,0,0.675,0.32
418,4,-0.3156174421310425,-0.044791270047426224,1.4512720108032227,0.15699832104385072,0.10720621086418457,0,0,0,0.12,0.01,0.0,0.01,0.1,0.9,-1.2,0.0,0,0,1,0,0.675,0.32
418,5,-0.6725159883499146,0.2706458270549774,2.2519736289978027,0.36359730216764374,0.32495173958040313,0,0,0,0.12,0.01,0.0,0.01,0.1,0.9,-1.2,0.0,0,0,1,0,0.675,0.32
418,6,-0.48124241828918457,-0.42291685938835144,0.017384132370352745,0.11661915416248936,0.14008577232829433,0,0,0,0.12,0.01,0.0,0.01,0.1,0.9,-1.2,0.0,0,0,1,0,0.675,0.32
418,7,-1.0584250688552856,0.03150619938969612,3.019904136657715,0.4049482095030114,0.34813376786438965,0,0,0,0.12,0.01,0.0,0.01,0.1,0.9,-1.2,0.0,0,0,1,0,0.675,0.32
419,0,0.16462811827659607,0.1273154467344284,0.055022016167640686,0.3811297012401413,0.37757937182657014,0,0,0,0.12,0.01,0.0,0.01,0.1,0.9,-1.2,0.0,0,0,1,0,0.675,0.32
419,1,-0.8745383620262146,-0.4190998077392578,-3.1402170658111572,0.4162243649610358,0.411606128489129,0,0,0,0.12,0.01,0.0,0.01,0.1,0.9,-1.2,0.0,0,0,1,0,0.675,0.32
419,2,-0.2335168719291687,0.42363184690475464,-0.029844259843230247,0.18859735182774295,0.1907088751410223,0,0,0,0.12,0.01,0.0,0.01,0.1,0.9,-1.2,0.0,0,0,1,0,0.675,0.32
419,3,-0.0008477263036184013,-0.4204254448413849,0.03587978333234787,0.3800832311556317,0.3790842016294025,0,0,0,0.12,0.01,0.0,0.01,0.1,0.9,-1.2,0.0,0,0,1,0,0.675,0.32
419,4,-0.3155854344367981,-0.044527240097522736,1.4495198726654053,0.15633667200430176,0.10638808519021728,0,0,0,0.12,0.01,0.0,0.01,0.1,0.9,-1.2,0.0,0,0,1,0,0.675,0.32
419,5,-0.6729503273963928,0.27118250727653503,2.2505979537963867,0.36276020158222444,0.32423971544811003,0,0,0,0.12,0.01,0.0,0.01,0.1,0.9,-1.2,0.0,0,0,1,0,0.675,0.32
419,6,-0.4809781610965729,-0.4229121804237366,0.0181562677025795,0.11300367643129411,0.1374875254462999,0,0,0,0.12,0.01,0.0,0.01,0.1,0.9,-1.2,0.0,0,0,1,0,0.675,0.32
419,7,-1.0591742992401123,0.03159865364432335,3.017897844314575,0.4041405545552854,0.3473722709337588,0,0,0,0.12,0.01,0.0,0.01,0.1,0.9,-1.2,0.0,0,0,1,0,0.675,0.32
420,0,0.16538773477077484,0.12735722959041595,0.054862670600414276,0.38008642887196387,0.3769012024489895,0,0,0,0.12,0.01,0.0,0.01,0.1,0.9,-1.2,0.0,0,0,1,0,0.675,0.32
420,1,-0.8753703832626343,-0.41910091042518616,-3.140385866165161,0.41452206516306656,0.40981517887074687,0,0,0,0.12,0.01,0.0,0.01,0.1,0.9,-1.2,0.0,0,0,1,0,0.675,0.32
420,2,-0.23313592374324799,0.4236204922199249,-0.029810547828674316,0.18768127055574665,0.19012876061986675,0,0,0,0.12,0.01,0.0,0.01,0.1,0.9,-1.2,0.0,0,0,1,0,0.675,0.32
420,3,-8.625118061900139e-05,-0.42039814591407776,0.03578720614314079,0.37870959267709964,0.37810065522100217,0,0,0,0.12,0.01,0.0,0.01,0.1,0.9,-1.2,0.0,0,0,1,0,0.675,0.32
420,4,-0.3155531883239746,-0.044264715164899826,1.4477622509002686,0.15567940060766375,0.10555622394410934,0,0,0,0.12,0.01,0.0,0.01,0.1,0.9,-1.2,0.0,0,0,1,0,0.675,0.32
420,5,-0.6733829975128174,0.2717185318470001,2.2492265701293945,0.3619203215366613,0.32352272217214,0,0,0,0.12,0.01,0.0,0.01,0.1,0.9,-1.2,0.0,0,0,1,0,0.675,0.32
420,6,-0.4807202219963074,-0.42290738224983215,0.019032131880521774,0.10969681127271451,0.13468874411382875,0,0,0,0.12,0.01,0.0,0.01,0.1,0.9,-1.2,0.0,0,0,1,0,0.675,0.32
420,7,-1.0599218606948853,0.03169237822294235,3.01589298248291,0.40333141549373647,0.3466121389076613,0,0,0,0.12,0.01,0.0,0.01,0.1,0.9,-1.2,0.0,0,0,1,0,0.675,0.32
421,0,0.16614563763141632,0.1273987889289856,0.054745111614465714,0.3791622734578959,0.37610111469899493,0,0,0,0.12,0.01,0.0,0.01,0.1,0.9,-1.2,0.0,0,0,1,0,0.675,0.32
421,1,-0.8761988878250122,-0.4191018342971802,-3.140557289123535,0.41279667652535545,0.40802937709402937,0,0,0,0.12,0.01,0.0,0.01,0.1,0.9,-1.2,0.0,0,0,1,0,0.675,0.32
421,2,-0.23275648057460785,0.4236092269420624,-0.029706884175539017,0.18700728075965736,0.18931719405189662,0,0,0,0.12,0.01,0.0,0.01,0.1,0.9,-1.2,0.0,0,0,1,0,0.675,0.32
421,3,0.0006728939479216933,-0.42037099599838257,0.035782404243946075,0.37763135332846376,0.376801980545285,0,0,0,0.12,0.01,0.0,0.01,0.1,0.9,-1.2,0.0,0,0,1,0,0.675,0.32
421,4,-0.315520703792572,-0.04400370642542839,1.446000337600708,0.15501899753784276,0.10471783841873074,0,0,0,0.12,0.01,0.0,0.01,0.1,0.9,-1.2,0.0,0,0,1,0,0.675,0.32
421,5,-0.6738139986991882,0.27225393056869507,2.2478604316711426,0.36107926516912586,0.3227992162189662,0,0,0,0.12,0.01,0.0,0.01,0.1,0.9,-1.2,0.0,0,0,1,0,0.675,0.32
421,6,-0.4804685413837433,-0.42290255427360535,0.01995285227894783,0.10630450991239077,0.1320865169421243,0,0,0,0.12,0.01,0.0,0.01,0.1,0.9,-1.2,0.0,0,0,1,0,0.675,0.32
421,7,-1.0606677532196045,0.03178735822439194,3.0138895511627197,0.40252113249259264,0.34585297200722426,0,0,0,0.12,0.01,0.0,0.01,0.1,0.9,-1.2,0.0,0,0,1,0,0.675,0.32
422,0,0.1669018417596817,0.1274401694536209,0.05463458225131035,0.3782254536654792,0.3753109495136895,0,0,0,0.12,0.01,0.0,0.01,0.1,0.9,-1.2,0.0,0,0,1,0,0.675,0.32
422,1,-0.8770239353179932,-0.41910260915756226,-3.1407318115234375,0.41105308641794236,0.406244193416805,0,0,0,0.12,0.01,0.0,0.01,0.1,0.9,-1.2,0.0,0,0,1,0,0.675,0.32
422,2,-0.2323785275220871,0.423598051071167,-0.029567325487732887,0.1864701255516845,0.18837961113883672,0,0,0,0.12,0.01,0.0,0.01,0.1,0.9,-1.2,0.0,0,0,1,0,0.675,0.32
422,3,0.0014296883018687367,-0.42034393548965454,0.03580370172858238,0.37665546258527166,0.3753816453592168,0,0,0,0.12,0.01,0.0,0.01,0.1,0.9,-1.2,0.0,0,0,1,0,0.675,0.32
422,4,-0.31548798084259033,-0.043744225054979324,1.4442325830459595,0.1543632955936653,0.10386694355924303,0,0,0,0.12,0.01,0.0,0.01,0.1,0.9,-1.2,0.0,0,0,1,0,0.675,0.32
422,5,-0.6742432713508606,0.2727886736392975,2.2464988231658936,0.36024283645951743,0.3220635724226237,0,0,0,0.12,0.01,0.0,0.01,0.1,0.9,-1.2,0.0,0,0,1,0,0.675,0.32
422,6,-0.4802229702472687,-0.422897607088089,0.020812388509511948,0.10274417495002212,0.12975891137848433,0,0,0,0.12,0.01,0.0,0.01,0.1,0.9,-1.2,0.0,0,0,1,0,0.675,0.32
422,7,-1.061411738395691,0.031883593648672104,3.011887788772583,0.40170831742788016,0.3450968736121588,0,0,0,0.12,0.01,0.0,0.01,0.1,0.9,-1.2,0.0,0,0,1,0,0.675,0.32
423,0,0.1676563173532486,0.1274813711643219,0.05450044572353363,0.37716748022439417,0.37463931537268225,0,0,0,0.12,0.01,0.0,0.01,0.1,0.9,-1.2,0.0,0,0,1,0,0.675,0.32
423,1,-0.8778454661369324,-0.4191032350063324,-3.140908718109131,0.40929849209629576,0.40445415911830385,0,0,0,0.12,0.01,0.0,0.01,0.1,0.9,-1.2,0.0,0,0,1,0,0.675,0.32
423,2,-0.23200207948684692,0.4235869348049164,-0.02949315309524536,0.1857142324356545,0.1876710181327354,0,0,0,0.12,0.01,0.0,0.01,0.1,0.9,-1.2,0.0,0,0,1,0,0.675,0.32
423,3,0.0021841120906174183,-0.42031699419021606,0.035747162997722626,0.37537614018123294,0.3742456683476672,0,0,0,0.12,0.01,0.0,0.01,0.1,0.9,-1.2,0.0,0,0,1,0,0.675,0.32
423,4,-0.31545501947402954,-0.04348628968000412,1.4424571990966797,0.15371009646102082,0.10300573767975679,0,0,0,0.12,0.01,0.0,0.01,0.1,0.9,-1.2,0.0,0,0,1,0,0.675,0.32
423,5,-0.6746708750724792,0.27332279086112976,2.245140790939331,0.3594001973037746,0.32132686730575305,0,0,0,0.12,0.01,0.0,0.01,0.1,0.9,-1.2,0.0,0,0,1,0,0.675,0.32
423,6,-0.47998344898223877,-0.4228925406932831,0.021654892712831497,0.09915216427439258,0.12757141727811291,0,0,0,0.12,0.01,0.0,0.01,0.1,0.9,-1.2,0.0,0,0,1,0,0.675,0.32
423,7,-1.0621540546417236,0.03198110684752464,3.009887933731079,0.40089345781167174,0.34434281976858955,0,0,0,0.12,0.01,0.0,0.01,0.1,0.9,-1.2,0.0,0,0,1,0,0.675,0.32
424,0,0.1684090942144394,0.12752237915992737,0.05437012016773224,0.3760867277917932,0.37398813564204475,0,0,0,0.12,0.01,0.0,0.01,0.1,0.9,-1.2,0.0,0,0,1,0,0.675,0.32
424,1,-0.8786634206771851,-0.4191037118434906,-3.141087293624878,0.40753512857422886,0.40265805246367403,0,0,0,0.12,0.01,0.0,0.01,0.1,0.9,-1.2,0.0,0,0,1,0,0.675,0.32
424,2,-0.23162709176540375,0.42357587814331055,-0.029472865164279938,0.18477795823512377,0.18715359465183914,0,0,0,0.12,0.01,0.0,0.01,0.1,0.9,-1.2,0.0,0,0,1,0,0.675,0.32
424,3,0.0029361459892243147,-0.42029017210006714,0.035648975521326065,0.3739356689318215,0.37325236274160994,0,0,0,0.12,0.01,0.0,0.01,0.1,0.9,-1.2,0.0,0,0,1,0,0.675,0.32
424,4,-0.3154217302799225,-0.043229904025793076,1.4406747817993164,0.1530426939060758,0.10215197009538902,0,0,0,0.12,0.01,0.0,0.01,0.1,0.9,-1.2,0.0,0,0,1,0,0.675,0.32
424,5,-0.6750968098640442,0.2738562524318695,2.243786096572876,0.35855616682030045,0.32058398372672714,0,0,0,0.12,0.01,0.0,0.01,0.1,0.9,-1.2,0.0,0,0,1,0,0.675,0.32
424,6,-0.4797498285770416,-0.42288738489151,0.02259395644068718,0.0957796098608377,0.12527124863678193,0,0,0,0.12,0.01,0.0,0.01,0.1,0.9,-1.2,0.0,0,0,1,0,0.675,0.32
424,7,-1.062894582748413,0.032079920172691345,3.007889747619629,0.40007280116293537,0.34359503979470624,0,0,0,0.12,0.01,0.0,0.01,0.1,0.9,-1.2,0.0,0,0,1,0,0.675,0.32
425,0,0.1691601276397705,0.1275632083415985,0.05428169667720795,0.3751249105404348,0.37321569614901834,0,0,0,0.12,0.01,0.0,0.01,0.1,0.9,-1.2,0.0,0,0,1,0,0.675,0.32
425,1,-0.8794779181480408,-0.41910403966903687,-3.1412670612335205,0.40576620265618846,0.4008534415088506,0,0,0,0.12,0.01,0.0,0.01,0.1,0.9,-1.2,0.0,0,0,1,0,0.675,0.32
425,2,-0.23125357925891876,0.4235649108886719,-0.02939913421869278,0.18403335281787703,0.18645532063068557,0,0,0,0.12,0.01,0.0,0.01,0.1,0.9,-1.2,0.0,0,0,1,0,0.675,0.32
425,3,0.003685771254822612,-0.4202634394168854,0.03562219813466072,0.3727660223697762,0.3719704702640434,0,0,0,0.12,0.01,0.0,0.01,0.1,0.9,-1.2,0.0,0,0,1,0,0.675,0.32
425,4,-0.31538814306259155,-0.04297509044408798,1.438886284828186,0.1523714625752052,0.10129672647356189,0,0,0,0.12,0.01,0.0,0.01,0.1,0.9,-1.2,0.0,0,0,1,0,0.675,0.32
425,5,-0.6755209565162659,0.2743890881538391,2.2424354553222656,0.35770462735170605,0.3198412777615141,0,0,0,0.12,0.01,0.0,0.01,0.1,0.9,-1.2,0.0,0,0,1,0,0.675,0.32
425,6,-0.4795219898223877,-0.4228821098804474,0.023631513118743896,0.09272120113652595,0.12276146595198267,0,0,0,0.12,0.01,0.0,0.01,0.1,0.9,-1.2,0.0,0,0,1,0,0.675,0.32
425,7,-1.0636334419250488,0.032180048525333405,3.0058939456939697,0.3992522316735753,0.3428469342428675,0,0,0,0.12,0.01,0.0,0.01,0.1,0.9,-1.2,0.0,0,0,1,0,0.675,0.32
426,0,0.16990944743156433,0.12760388851165771,0.05421783775091171,0.37421853311688186,0.37238573066561936,0,0,0,0.12,0.01,0.0,0.01,0.1,0.9,-1.2,0.0,0,0,1,0,0.675,0.32
426,1,-0.88028883934021,-0.4191042482852936,-3.1414480209350586,0.404001942502893,0.39903146899994507,0,0,0,0.12,0.01,0.0,0.01,0.1,0.9,-1.2,0.0,0,0,1,0,0.675,0.32
426,2,-0.23088151216506958,0.423554003238678,-0.029256213456392288,0.1834759863356265,0.18558071532452974,0,0,0,0.12,0.01,0.0,0.01,0.1,0.9,-1.2,0.0,0,0,1,0,0.675,0.32
426,3,0.004432969260960817,-0.42023685574531555,0.0356544554233551,0.37178598474870866,0.37048102784742176,0,0,0,0.12,0.01,0.0,0.01,0.1,0.9,-1.2,0.0,0,0,1,0,0.675,0.32
426,4,-0.31535425782203674,-0.04272184893488884,1.4370917081832886,0.15170080583582607,0.10043512660970004,0,0,0,0.12,0.01,0.0,0.01,0.1,0.9,-1.2,0.0,0,0,1,0,0.675,0.32
426,5,-0.6759433746337891,0.2749212682247162,2.2410888671875,0.3568538175622821,0.31909086837369194,0,0,0,0.12,0.01,0.0,0.01,0.1,0.9,-1.2,0.0,0,0,1,0,0.675,0.32
426,6,-0.4792998731136322,-0.4228767156600952,0.024674562737345695,0.08971520622400493,0.12030366699071672,0,0,0,0.12,0.01,0.0,0.01,0.1,0.9,-1.2,0.0,0,0,1,0,0.675,0.32
426,7,-1.0643703937530518,0.03228147700428963,3.0039005279541016,0.3984257638511892,0.3421052634658579,0,0,0,0.12,0.01,0.0,0.01,0.1,0.9,-1.2,0.0,0,0,1,0,0.675,0.32
427,0,0.17065703868865967,0.1276444047689438,0.05413650721311569,0.3732146035346938,0.3716511119689988,0,0,0,0.12,0.01,0.0,0.01,0.1,0.9,-1.2,0.0,0,0,1,0,0.675,0.32
427,1,-0.8810961246490479,-0.41910430788993835,3.1415553092956543,0.40223338794450597,0.397202466013624,0,0,0,0.12,0.01,0.0,0.01,0.1,0.9,-1.2,0.0,0,0,1,0,0.675,0.32
427,2,-0.2305108904838562,0.42354318499565125,-0.029148509725928307,0.18285244044672344,0.18478295865644123,0,0,0,0.12,0.01,0.0,0.01,0.1,0.9,-1.2,0.0,0,0,1,0,0.675,0.32
427,3,0.005177721846848726,-0.4202103614807129,0.03562483564019203,0.37058601283524617,0.369194532399434,0,0,0,0.12,0.01,0.0,0.01,0.1,0.9,-1.2,0.0,0,0,1,0,0.675,0.32
427,4,-0.31532010436058044,-0.04247018322348595,1.4352896213531494,0.151021033332016,0.09957900662693785,0,0,0,0.12,0.01,0.0,0.01,0.1,0.9,-1.2,0.0,0,0,1,0,0.675,0.32
427,5,-0.6763640642166138,0.27545279264450073,2.239745855331421,0.35599648330696554,0.318339950103679,0,0,0,0.12,0.01,0.0,0.01,0.1,0.9,-1.2,0.0,0,0,1,0,0.675,0.32
427,6,-0.4790833592414856,-0.4228712320327759,0.02569611743092537,0.08661892604797429,0.11804058063060696,0,0,0,0.12,0.01,0.0,0.01,0.1,0.9,-1.2,0.0,0,0,1,0,0.675,0.32
427,7,-1.065105676651001,0.032384175807237625,3.0019094944000244,0.39759719808143923,0.34136586945014646,0,0,0,0.12,0.01,0.0,0.01,0.1,0.9,-1.2,0.0,0,0,1,0,0.675,0.32
428,0,0.17140288650989532,0.12768477201461792,0.05404478311538696,0.3721383440211144,0.3709870350644264,0,0,0,0.12,0.01,0.0,0.01,0.1,0.9,-1.2,0.0,0,0,1,0,0.675,0.32
428,1,-0.881899893283844,-0.4191042184829712,3.141371250152588,0.40045402344159275,0.39537312690325593,0,0,0,0.12,0.01,0.0,0.01,0.1,0.9,-1.2,0.0,0,0,1,0,0.675,0.32
428,2,-0.23014169931411743,0.4235324263572693,-0.02911544404923916,0.18198746362164733,0.18423724255129575,0,0,0,0.12,0.01,0.0,0.01,0.1,0.9,-1.2,0.0,0,0,1,0,0.675,0.32
428,3,0.005920011084526777,-0.4201839566230774,0.03551730886101723,0.3691094829773321,0.368167845990716,0,0,0,0.12,0.01,0.0,0.01,0.1,0.9,-1.2,0.0,0,0,1,0,0.675,0.32
428,4,-0.31528571248054504,-0.0422200933098793,1.4334800243377686,0.1503344210752751,0.09872515174062,0,0,0,0.12,0.01,0.0,0.01,0.1,0.9,-1.2,0.0,0,0,1,0,0.675,0.32
428,5,-0.67678302526474,0.27598363161087036,2.238405704498291,0.35512996707395694,0.31759159769578793,0,0,0,0.12,0.01,0.0,0.01,0.1,0.9,-1.2,0.0,0,0,1,0,0.675,0.32
428,6,-0.4788723289966583,-0.42286568880081177,0.0267670676112175,0.08355045514611414,0.11585111720057317,0,0,0,0.12,0.01,0.0,0.01,0.1,0.9,-1.2,0.0,0,0,1,0,0.675,0.32
428,7,-1.0658392906188965,0.03248810023069382,2.9999213218688965,0.39676937489919584,0.34062615007944186,0,0,0,0.12,0.01,0.0,0.01,0.1,0.9,-1.2,0.0,0,0,1,0,0.675,0.32
429,0,0.1721470206975937,0.1277250051498413,0.05398574844002724,0.3711495017147294,0.370233275976158,0,0,0,0.12,0.01,0.0,0.01,0.1,0.9,-1.2,0.0,0,0,1,0,0.675,0.32
429,1,-0.8827000260353088,-0.4191039502620697,3.1411850452423096,0.3986534406540119,0.39355546933439145,0,0,0,0.12,0.01,0.0,0.01,0.1,0.9,-1.2,0.0,0,0,1,0,0.675,0.32
429,2,-0.22977393865585327,0.4235217571258545,-0.029066259041428566,0.18121665012733348,0.18360743630035511,0,0,0,0.12,0.01,0.0,0.01,0.1,0.9,-1.2,0.0,0,0,1,0,0.675,0.32
429,3,0.0066598206758499146,-0.4201577305793762,0.03544772416353226,0.3677316445267481,0.3670263153159338,0,0,0,0.12,0.01,0.0,0.01,0.1,0.9,-1.2,0.0,0,0,1,0,0.675,0.32
429,4,-0.3152511417865753,-0.04197157919406891,1.4316649436950684,0.1496536654442103,0.09786238549058124,0,0,0,0.12,0.01,0.0,0.01,0.1,0.9,-1.2,0.0,0,0,1,0,0.675,0.32
429,5,-0.6772003769874573,0.2765137255191803,2.237069606781006,0.3542723708188581,0.3168274111711932,0,0,0,0.12,0.01,0.0,0.01,0.1,0.9,-1.2,0.0,0,0,1,0,0.675,0.32
429,6,-0.47866666316986084,-0.42286011576652527,0.027917206287384033,0.08051230847056022,0.11373301506821999,0,0,0,0.12,0.01,0.0,0.01,0.1,0.9,-1.2,0.0,0,0,1,0,0.675,0.32
429,7,-1.0665709972381592,0.032593220472335815,2.997936248779297,0.3959369786973285,0.33989195740267764,0,0,0,0.12,0.01,0.0,0.01,0.1,0.9,-1.2,0.0,0,0,1,0,0.675,0.32
430,0,0.17288941144943237,0.12776508927345276,0.05396158993244171,0.3702566612160048,0.3693816673362413,0,0,0,0.12,0.01,0.0,0.01,0.1,0.9,-1.2,0.0,0,0,1,0,0.675,0.32
430,1,-0.8834965825080872,-0.41910356283187866,3.1409971714019775,0.3968561998051606,0.3917259463625945,0,0,0,0.12,0.01,0.0,0.01,0.1,0.9,-1.2,0.0,0,0,1,0,0.675,0.32
430,2,-0.22940757870674133,0.4235111474990845,-0.028938904404640198,0.18066219281579093,0.18277173448180123,0,0,0,0.12,0.01,0.0,0.01,0.1,0.9,-1.2,0.0,0,0,1,0,0.675,0.32
430,3,0.00739713292568922,-0.4201315939426422,0.03546185418963432,0.3666639290822418,0.3655585683809845,0,0,0,0.12,0.01,0.0,0.01,0.1,0.9,-1.2,0.0,0,0,1,0,0.675,0.32
430,4,-0.3152163624763489,-0.04172464460134506,1.4298449754714966,0.14898331598146847,0.09698608382836886,0,0,0,0.12,0.01,0.0,0.01,0.1,0.9,-1.2,0.0,0,0,1,0,0.675,0.32
430,5,-0.6776160001754761,0.27704307436943054,2.2357382774353027,0.353413440182953,0.31605830053970324,0,0,0,0.12,0.01,0.0,0.01,0.1,0.9,-1.2,0.0,0,0,1,0,0.675,0.32
430,6,-0.47846630215644836,-0.4228544533252716,0.029079971835017204,0.07747989959037561,0.11170978778087835,0,0,0,0.12,0.01,0.0,0.01,0.1,0.9,-1.2,0.0,0,0,1,0,0.675,0.32
430,7,-1.0673010349273682,0.03269951790571213,2.9959545135498047,0.39510436478544414,0.3391585188777333,0,0,0,0.12,0.01,0.0,0.01,0.1,0.9,-1.2,0.0,0,0,1,0,0.675,0.32
431,0,0.17363005876541138,0.12780506908893585,0.05392838642001152,0.36929734022424715,0.3685947510500143,0,0,0,0.12,0.01,0.0,0.01,0.1,0.9,-1.2,0.0,0,0,1,0,0.675,0.32
431,1,-0.8842895030975342,-0.4191029965877533,3.140808343887329,0.39504059070114367,0.38990674501891853,0,0,0,0.12,0.01,0.0,0.01,0.1,0.9,-1.2,0.0,0,0,1,0,0.675,0.32
431,2,-0.2290426343679428,0.4235006272792816,-0.028813548386096954,0.18014950994059825,0.18190451022579884,0,0,0,0.12,0.01,0.0,0.01,0.1,0.9,-1.2,0.0,0,0,1,0,0.675,0.32
431,3,0.008131931535899639,-0.42010557651519775,0.03545980900526047,0.3655313508678386,0.36414060424080397,0,0,0,0.12,0.01,0.0,0.01,0.1,0.9,-1.2,0.0,0,0,1,0,0.675,0.32
431,4,-0.3151814043521881,-0.04147929698228836,1.4280182123184204,0.14830718773968316,0.0961147711836567,0,0,0,0.12,0.01,0.0,0.01,0.1,0.9,-1.2,0.0,0,0,1,0,0.675,0.32
431,5,-0.6780300140380859,0.2775717079639435,2.234410285949707,0.3525544384128359,0.3152828237407896,0,0,0,0.12,0.01,0.0,0.01,0.1,0.9,-1.2,0.0,0,0,1,0,0.675,0.32
431,6,-0.47827109694480896,-0.42284873127937317,0.030216015875339508,0.07427117881487118,0.10996002795984043,0,0,0,0.12,0.01,0.0,0.01,0.1,0.9,-1.2,0.0,0,0,1,0,0.675,0.32
431,7,-1.0680292844772339,0.03280700743198395,2.993975877761841,0.3942697702633651,0.33842777621872105,0,0,0,0.12,0.01,0.0,0.01,0.1,0.9,-1.2,0.0,0,0,1,0,0.675,0.32
432,0,0.1743689626455307,0.1278449147939682,0.053872495889663696,0.36822557975878023,0.3679189033306668,0,0,0,0.12,0.01,0.0,0.01,0.1,0.9,-1.2,0.0,0,0,1,0,0.675,0.32
432,1,-0.8850788474082947,-0.4191023111343384,3.1406185626983643,0.39323083248911267,0.388075255481621,0,0,0,0.12,0.01,0.0,0.01,0.1,0.9,-1.2,0.0,0,0,1,0,0.675,0.32
432,2,-0.22867906093597412,0.42349016666412354,-0.02876945026218891,0.17938163840735927,0.1813027266267441,0,0,0,0.12,0.01,0.0,0.01,0.1,0.9,-1.2,0.0,0,0,1,0,0.675,0.32
432,3,0.008864200673997402,-0.42007967829704285,0.03537271171808243,0.364083016987303,0.36302331579162767,0,0,0,0.12,0.01,0.0,0.01,0.1,0.9,-1.2,0.0,0,0,1,0,0.675,0.32
432,4,-0.31514620780944824,-0.0412355437874794,1.4261831045150757,0.14763053285086603,0.09524195862805394,0,0,0,0.12,0.01,0.0,0.01,0.1,0.9,-1.2,0.0,0,0,1,0,0.675,0.32
432,5,-0.6784422397613525,0.27809956669807434,2.2330846786499023,0.3516883866607501,0.3145084364593671,0,0,0,0.12,0.01,0.0,0.01,0.1,0.9,-1.2,0.0,0,0,1,0,0.675,0.32
432,6,-0.47808098793029785,-0.4228428900241852,0.03138217702507973,0.07122640647278962,0.1081434752763635,0,0,0,0.12,0.01,0.0,0.01,0.1,0.9,-1.2,0.0,0,0,1,0,0.675,0.32
432,7,-1.0687557458877563,0.03291570767760277,2.9920008182525635,0.39343373313587543,0.3376993106301463,0,0,0,0.12,0.01,0.0,0.01,0.1,0.9,-1.2,0.0,0,0,1,0,0.675,0.32
433,0,0.17510613799095154,0.127884641289711,0.05383450910449028,0.36718735986787615,0.3672079057113475,0,0,0,0.12,0.01,0.0,0.01,0.1,0.9,-1.2,0.0,0,0,1,0,0.675,0.32
433,1,-0.8858644962310791,-0.41910144686698914,3.1404285430908203,0.39140782706344734,0.38625164873992784,0,0,0,0.12,0.01,0.0,0.01,0.1,0.9,-1.2,0.0,0,0,1,0,0.675,0.32
433,2,-0.22831688821315765,0.42347976565361023,-0.02874729596078396,0.17854032293467675,0.1807850561985477,0,0,0,0.12,0.01,0.0,0.01,0.1,0.9,-1.2,0.0,0,0,1,0,0.675,0.32
433,3,0.009593925438821316,-0.4200538992881775,0.03528549522161484,0.362629668978101,0.3618966767517269,0,0,0,0.12,0.01,0.0,0.01,0.1,0.9,-1.2,0.0,0,0,1,0,0.675,0.32
433,4,-0.3151107430458069,-0.04099339619278908,1.4243412017822266,0.14694657165249045,0.09437625866691415,0,0,0,0.12,0.01,0.0,0.01,0.1,0.9,-1.2,0.0,0,0,1,0,0.675,0.32
433,5,-0.6788527965545654,0.2786267399787903,2.231761932373047,0.350819144775482,0.31373068280020167,0,0,0,0.12,0.01,0.0,0.01,0.1,0.9,-1.2,0.0,0,0,1,0,0.675,0.32
433,6,-0.4778958559036255,-0.42283695936203003,0.03264523670077324,0.06846301240754753,0.10614177601503702,0,0,0,0.12,0.01,0.0,0.01,0.1,0.9,-1.2,0.0,0,0,1,0,0.675,0.32
433,7,-1.0694804191589355,0.03302564099431038,2.9900290966033936,0.3925932135604321,0.33697610234990716,0,0,0,0.12,0.01,0.0,0.01,0.1,0.9,-1.2,0.0,0,0,1,0,0.675,0.32
434,0,0.1758415699005127,0.12792426347732544,0.053838230669498444,0.3662701665612444,0.3663746298102156,0,0,0,0.12,0.01,0.0,0.01,0.1,0.9,-1.2,0.0,0,0,1,0,0.675,0.32
434,1,-0.8866465091705322,-0.41910046339035034,3.140237808227539,0.389593203593626,0.3844147724615193,0,0,0,0.12,0.01,0.0,0.01,0.1,0.9,-1.2,0.0,0,0,1,0,0.675,0.32
434,2,-0.22795607149600983,0.4234694242477417,-0.028649713844060898,0.17791810730712554,0.1800580908892856,0,0,0,0.12,0.01,0.0,0.01,0.1,0.9,-1.2,0.0,0,0,1,0,0.675,0.32
434,3,0.010321089997887611,-0.4200282394886017,0.035286061465740204,0.3614882036115734,0.3604444460008533,0,0,0,0.12,0.01,0.0,0.01,0.1,0.9,-1.2,0.0,0,0,1,0,0.675,0.32
434,4,-0.31507501006126404,-0.04075285419821739,1.422493815422058,0.1462571795777867,0.0935165111227443,0,0,0,0.12,0.01,0.0,0.01,0.1,0.9,-1.2,0.0,0,0,1,0,0.675,0.32
434,5,-0.6792616248130798,0.27915316820144653,2.230443000793457,0.3499489037037628,0.31294778904907533,0,0,0,0.12,0.01,0.0,0.01,0.1,0.9,-1.2,0.0,0,0,1,0,0.675,0.32
434,6,-0.4777156114578247,-0.4228309392929077,0.03396909683942795,0.06588349599524546,0.10404928665474844,0,0,0,0.12,0.01,0.0,0.01,0.1,0.9,-1.2,0.0,0,0,1,0,0.675,0.32
434,7,-1.070203423500061,0.03313680738210678,2.9880614280700684,0.3917517591994002,0.3362544249017045,0,0,0,0.12,0.01,0.0,0.01,0.1,0.9,-1.2,0.0,0,0,1,0,0.675,0.32
435,0,0.17657524347305298,0.12796379625797272,0.05384959280490875,0.36534832633990255,0.36554480873089823,0,0,0,0.12,0.01,0.0,0.01,0.1,0.9,-1.2,0.0,0,0,1,0,0.675,0.32
435,1,-0.887424886226654,-0.419099360704422,3.1400468349456787,0.38778864637184424,0.38256449207496357,0,0,0,0.12,0.01,0.0,0.01,0.1,0.9,-1.2,0.0,0,0,1,0,0.675,0.32
435,2,-0.22759662568569183,0.42345917224884033,-0.028512107208371162,0.1774607707514609,0.17917748198367703,0,0,0,0.12,0.01,0.0,0.01,0.1,0.9,-1.2,0.0,0,0,1,0,0.675,0.32
435,3,0.01104568038135767,-0.42000269889831543,0.03530675172805786,0.36041320909593755,0.3589120949354345,0,0,0,0.12,0.01,0.0,0.01,0.1,0.9,-1.2,0.0,0,0,1,0,0.675,0.32
435,4,-0.3150390088558197,-0.040513914078474045,1.4206398725509644,0.14556567580234564,0.09265871136653864,0,0,0,0.12,0.01,0.0,0.01,0.1,0.9,-1.2,0.0,0,0,1,0,0.675,0.32
435,5,-0.6796687245368958,0.2796788513660431,2.2291276454925537,0.3490741432515477,0.31216351381861224,0,0,0,0.12,0.01,0.0,0.01,0.1,0.9,-1.2,0.0,0,0,1,0,0.675,0.32
435,6,-0.47754016518592834,-0.42282480001449585,0.0352860651910305,0.06339875964609372,0.1019553581050278,0,0,0,0.12,0.01,0.0,0.01,0.1,0.9,-1.2,0.0,0,0,1,0,0.675,0.32
435,7,-1.0709246397018433,0.03324919193983078,2.986097574234009,0.39090683423538924,0.3355370525215077,0,0,0,0.12,0.01,0.0,0.01,0.1,0.9,-1.2,0.0,0,0,1,0,0.675,0.32
436,0,0.17730717360973358,0.12800322473049164,0.05383700877428055,0.3643137178259325,0.3648268618745375,0,0,0,0.12,0.01,0.0,0.01,0.1,0.9,-1.2,0.0,0,0,1,0,0.675,0.32
436,1,-0.8881996273994446,-0.4190980792045593,3.139855146408081,0.3859673391396521,0.38072774304800044,0,0,0,0.12,0.01,0.0,0.01,0.1,0.9,-1.2,0.0,0,0,1,0,0.675,0.32
436,2,-0.2272385209798813,0.42344897985458374,-0.02844015508890152,0.1767987593170036,0.17851114430466997,0,0,0,0.12,0.01,0.0,0.01,0.1,0.9,-1.2,0.0,0,0,1,0,0.675,0.32
436,3,0.011767682619392872,-0.4199772775173187,0.035240378230810165,0.35902221612134827,0.35768286772569763,0,0,0,0.12,0.01,0.0,0.01,0.1,0.9,-1.2,0.0,0,0,1,0,0.675,0.32
436,4,-0.31500279903411865,-0.040276579558849335,1.4187787771224976,0.14486735357244546,0.09180886255304282,0,0,0,0.12,0.01,0.0,0.01,0.1,0.9,-1.2,0.0,0,0,1,0,0.675,0.32
436,5,-0.6800740361213684,0.28020378947257996,2.2278149127960205,0.3481926393022363,0.3113805580625708,0,0,0,0.12,0.01,0.0,0.01,0.1,0.9,-1.2,0.0,0,0,1,0,0.675,0.32
436,6,-0.47736939787864685,-0.422818660736084,0.03660459816455841,0.06064176637537303,0.10022461336248098,0,0,0,0.12,0.01,0.0,0.01,0.1,0.9,-1.2,0.0,0,0,1,0,0.675,0.32
436,7,-1.0716440677642822,0.03336275368928909,2.984138011932373,0.39006312805754434,0.33481929582017167,0,0,0,0.12,0.01,0.0,0.01,0.1,0.9,-1.2,0.0,0,0,1,0,0.675,0.32
437,0,0.1780373603105545,0.1280425637960434,0.05382699519395828,0.3632577320851735,0.36412904054742534,0,0,0,0.12,0.01,0.0,0.01,0.1,0.9,-1.2,0.0,0,0,1,0,0.675,0.32
437,1,-0.8889707326889038,-0.4190966784954071,3.139662265777588,0.3841519687357387,0.3788833286580601,0,0,0,0.12,0.01,0.0,0.01,0.1,0.9,-1.2,0.0,0,0,1,0,0.675,0.32
437,2,-0.22688175737857819,0.4234388470649719,-0.028426218777894974,0.17596686760311048,0.17802487929935532,0,0,0,0.12,0.01,0.0,0.01,0.1,0.9,-1.2,0.0,0,0,1,0,0.675,0.32
437,3,0.012487082742154598,-0.4199519753456116,0.03512733802199364,0.35745915818601826,0.35661330771058813,0,0,0,0.12,0.01,0.0,0.01,0.1,0.9,-1.2,0.0,0,0,1,0,0.675,0.32
437,4,-0.3149664103984833,-0.04004083573818207,1.4169113636016846,0.1441653715338089,0.09096334410053708,0,0,0,0.12,0.01,0.0,0.01,0.1,0.9,-1.2,0.0,0,0,1,0,0.675,0.32
437,5,-0.6804777383804321,0.28072792291641235,2.2265048027038574,0.3473133631180667,0.3105895928908444,0,0,0,0.12,0.01,0.0,0.01,0.1,0.9,-1.2,0.0,0,0,1,0,0.675,0.32
437,6,-0.47720324993133545,-0.42281246185302734,0.037972308695316315,0.05793852857121935,0.09853020557394512,0,0,0,0.12,0.01,0.0,0.01,0.1,0.9,-1.2,0.0,0,0,1,0,0.675,0.32
437,7,-1.072361707687378,0.03347745165228844,2.982182741165161,0.3892151773831657,0.334106975708265,0,0,0,0.12,0.01,0.0,0.01,0.1,0.9,-1.2,0.0,0,0,1,0,0.675,0.32
438,0,0.17876580357551575,0.128081813454628,0.05385671555995941,0.36231726805196923,0.3633145650245079,0,0,0,0.12,0.01,0.0,0.01,0.1,0.9,-1.2,0.0,0,0,1,0,0.675,0.32
438,1,-0.889738142490387,-0.41909512877464294,3.1394684314727783,0.3823302775790686,0.37704428134656004,0,0,0,0.12,0.01,0.0,0.01,0.1,0.9,-1.2,0.0,0,0,1,0,0.675,0.32
438,2,-0.22652631998062134,0.4234287738800049,-0.028362061828374863,0.17528132338141936,0.17740231018448335,0,0,0,0.12,0.01,0.0,0.01,0.1,0.9,-1.2,0.0,0,0,1,0,0.675,0.32
438,3,0.013203868642449379,-0.41992682218551636,0.035086147487163544,0.3561311030252176,0.35529652596877037,0,0,0,0.12,0.01,0.0,0.01,0.1,0.9,-1.2,0.0,0,0,1,0,0.675,0.32
438,4,-0.31492990255355835,-0.039806678891181946,1.4150396585464478,0.14347908901030668,0.09010407818501347,0,0,0,0.12,0.01,0.0,0.01,0.1,0.9,-1.2,0.0,0,0,1,0,0.675,0.32
438,5,-0.6808797717094421,0.2812512218952179,2.22519850730896,0.34643530683787405,0.3097922222110457,0,0,0,0.12,0.01,0.0,0.01,0.1,0.9,-1.2,0.0,0,0,1,0,0.675,0.32
438,6,-0.4770416021347046,-0.4228062331676483,0.03939720615744591,0.05522898099930892,0.09693100788084855,0,0,0,0.12,0.01,0.0,0.01,0.1,0.9,-1.2,0.0,0,0,1,0,0.675,0.32
438,7,-1.0730775594711304,0.033593256026506424,2.980232000350952,0.38836662046978543,0.3333965135329002,0,0,0,0.12,0.01,0.0,0.01,0.1,0.9,-1.2,0.0,0,0,1,0,0.675,0.32
439,0,0.17949247360229492,0.12812098860740662,0.05390781909227371,0.36142672645773033,0.3624495710161772,0,0,0,0.12,0.01,0.0,0.01,0.1,0.9,-1.2,0.0,0,0,1,0,0.675,0.32
439,1,-0.8905019164085388,-0.41909343004226685,3.1392738819122314,0.380502150275755,0.3752113125538349,0,0,0,0.12,0.01,0.0,0.01,0.1,0.9,-1.2,0.0,0,0,1,0,0.675,0.32
439,2,-0.22617220878601074,0.4234187602996826,-0.028231630101799965,0.17478987367624393,0.17659536211019408,0,0,0,0.12,0.01,0.0,0.01,0.1,0.9,-1.2,0.0,0,0,1,0,0.675,0.32
439,3,0.01391802728176117,-0.4199017882347107,0.03510795906186104,0.3550230129554167,0.3537481562302217,0,0,0,0.12,0.01,0.0,0.01,0.1,0.9,-1.2,0.0,0,0,1,0,0.675,0.32
439,4,-0.3148932158946991,-0.03957411274313927,1.4131635427474976,0.1427897547283508,0.08924933924290165,0,0,0,0.12,0.01,0.0,0.01,0.1,0.9,-1.2,0.0,0,0,1,0,0.675,0.32
439,5,-0.6812801361083984,0.28177371621131897,2.223896026611328,0.34555893943727367,0.3089880366522039,0,0,0,0.12,0.01,0.0,0.01,0.1,0.9,-1.2,0.0,0,0,1,0,0.675,0.32
439,6,-0.4768843948841095,-0.4228000044822693,0.04082893580198288,0.05222278248771581,0.09571649718776788,0,0,0,0.12,0.01,0.0,0.01,0.1,0.9,-1.2,0.0,0,0,1,0,0.675,0.32
439,7,-1.0737916231155396,0.033710163086652756,2.978286027908325,0.38751857615088664,0.3326868500652388,0,0,0,0.12,0.01,0.0,0.01,0.1,0.9,-1.2,0.0,0,0,1,0,0.675,0.32
440,0,0.1802174150943756,0.12816008925437927,0.053937628865242004,0.3604311973668998,0.3616885512254769,0,0,0,0.12,0.01,0.0,0.01,0.1,0.9,-1.2,0.0,0,0,1,0,0.675,0.32
440,1,-0.8912619948387146,-0.4190915822982788,3.1390786170959473,0.3786715441234596,0.3733815974704735,0,0,0,0.12,0.01,0.0,0.01,0.1,0.9,-1.2,0.0,0,0,1,0,0.675,0.32
440,2,-0.225819393992424,0.4234088361263275,-0.028138699010014534,0.17424463962006098,0.1758523907811689,0,0,0,0.12,0.01,0.0,0.01,0.1,0.9,-1.2,0.0,0,0,1,0,0.675,0.32
440,3,0.0146295465528965,-0.4198768734931946,0.035076070576906204,0.35371947676404253,0.352384146149318,0,0,0,0.12,0.01,0.0,0.01,0.1,0.9,-1.2,0.0,0,0,1,0,0.675,0.32
440,4,-0.3148563504219055,-0.03934314101934433,1.4112805128097534,0.14210313591940715,0.08839516308324026,0,0,0,0.12,0.01,0.0,0.01,0.1,0.9,-1.2,0.0,0,0,1,0,0.675,0.32
440,5,-0.6816787719726562,0.2822953760623932,2.2225961685180664,0.3446769421734664,0.30818423574782877,0,0,0,0.12,0.01,0.0,0.01,0.1,0.9,-1.2,0.0,0,0,1,0,0.675,0.32
440,6,-0.47673147916793823,-0.4227936863899231,0.042263858020305634,0.04926751879424229,0.09453579458027705,0,0,0,0.12,0.01,0.0,0.01,0.1,0.9,-1.2,0.0,0,0,1,0,0.675,0.32
440,7,-1.074504017829895,0.033828187733888626,2.976344585418701,0.3866679689983672,0.3319805838962251,0,0,0,0.12,0.01,0.0,0.01,0.1,0.9,-1.2,0.0,0,0,1,0,0.675,0.32
441,0,0.18094058334827423,0.12819913029670715,0.05395357683300972,0.3593601342050232,0.36100252906401975,0,0,0,0.12,0.01,0.0,0.01,0.1,0.9,-1.2,0.0,0,0,1,0,0.675,0.32
441,1,-0.8920184373855591,-0.4190896153450012,3.138882875442505,0.3768473925282356,0.37154691794616007,0,0,0,0.12,0.01,0.0,0.01,0.1,0.9,-1.2,0.0,0,0,1,0,0.675,0.32
441,2,-0.22546789050102234,0.4233989417552948,-0.02812224067747593,0.17341652934272697,0.17540180261413646,0,0,0,0.12,0.01,0.0,0.01,0.1,0.9,-1.2,0.0,0,0,1,0,0.675,0.32
441,3,0.015338413417339325,-0.41985204815864563,0.0349729098379612,0.35217507681665206,0.35125039019766074,0,0,0,0.12,0.01,0.0,0.01,0.1,0.9,-1.2,0.0,0,0,1,0,0.675,0.32
441,4,-0.3148193061351776,-0.03911376744508743,1.4093906879425049,0.1414097246651743,0.08755047647904415,0,0,0,0.12,0.01,0.0,0.01,0.1,0.9,-1.2,0.0,0,0,1,0,0.675,0.32
441,5,-0.6820757389068604,0.28281623125076294,2.2212979793548584,0.34378974444897187,0.3073806881186246,0,0,0,0.12,0.01,0.0,0.01,0.1,0.9,-1.2,0.0,0,0,1,0,0.675,0.32
441,6,-0.4765828549861908,-0.42278730869293213,0.04377123340964317,0.04644582424768674,0.09330555047384036,0,0,0,0.12,0.01,0.0,0.01,0.1,0.9,-1.2,0.0,0,0,1,0,0.675,0.32
441,7,-1.0752146244049072,0.03394734859466553,2.9744081497192383,0.38581727600367216,0.3312756552669272,0,0,0,0.12,0.01,0.0,0.01,0.1,0.9,-1.2,0.0,0,0,1,0,0.675,0.32
442,0,0.18166200816631317,0.12823809683322906,0.054000210016965866,0.35837233159876936,0.36023294832371605,0,0,0,0.12,0.01,0.0,0.01,0.1,0.9,-1.2,0.0,0,0,1,0,0.675,0.32
442,1,-0.8927712440490723,-0.4190874695777893,3.1386873722076416,0.37500941959756817,0.36972838433843647,0,0,0,0.12,0.01,0.0,0.01,0.1,0.9,-1.2,0.0,0,0,1,0,0.675,0.32
442,2,-0.22511766850948334,0.42338913679122925,-0.028087764978408813,0.17269875381351382,0.1748513403141412,0,0,0,0.12,0.01,0.0,0.01,0.1,0.9,-1.2,0.0,0,0,1,0,0.675,0.32
442,3,0.0160446185618639,-0.4198273718357086,0.03491130843758583,0.3507617944983675,0.34997556264121993,0,0,0,0.12,0.01,0.0,0.01,0.1,0.9,-1.2,0.0,0,0,1,0,0.675,0.32
442,4,-0.3147819936275482,-0.038885995745658875,1.4074957370758057,0.14070750369787188,0.08671905503511458,0,0,0,0.12,0.01,0.0,0.01,0.1,0.9,-1.2,0.0,0,0,1,0,0.675,0.32
442,5,-0.682470977306366,0.2833362817764282,2.2200028896331787,0.34289980779918766,0.3065746938106146,0,0,0,0.12,0.01,0.0,0.01,0.1,0.9,-1.2,0.0,0,0,1,0,0.675,0.32
442,6,-0.47643837332725525,-0.422780841588974,0.04537525773048401,0.04395927920592435,0.09182163641201846,0,0,0,0.12,0.01,0.0,0.01,0.1,0.9,-1.2,0.0,0,0,1,0,0.675,0.32
442,7,-1.0759234428405762,0.03406766057014465,2.9724767208099365,0.38496535535042464,0.33057320599372203,0,0,0,0.12,0.01,0.0,0.01,0.1,0.9,-1.2,0.0,0,0,1,0,0.675,0.32
443,0,0.18238165974617004,0.1282770186662674,0.05408133938908577,0.3574820644694428,0.3593655340832611,0,0,0,0.12,0.01,0.0,0.01,0.1,0.9,-1.2,0.0,0,0,1,0,0.675,0.32
443,1,-0.8935203552246094,-0.41908523440361023,3.13849139213562,0.3731932297839206,0.36789134586915556,0,0,0,0.12,0.01,0.0,0.01,0.1,0.9,-1.2,0.0,0,0,1,0,0.675,0.32
443,2,-0.224768728017807,0.4233793616294861,-0.027967805042862892,0.17218014936431533,0.1741114522935521,0,0,0,0.12,0.01,0.0,0.01,0.1,0.9,-1.2,0.0,0,0,1,0,0.675,0.32
443,3,0.016748150810599327,-0.41980281472206116,0.03493281081318855,0.3496380194201874,0.34840157189222104,0,0,0,0.12,0.01,0.0,0.01,0.1,0.9,-1.2,0.0,0,0,1,0,0.675,0.32
443,4,-0.3147444725036621,-0.03865981847047806,1.4055964946746826,0.14000926523389284,0.08588725716887051,0,0,0,0.12,0.01,0.0,0.01,0.1,0.9,-1.2,0.0,0,0,1,0,0.675,0.32
443,5,-0.6828644871711731,0.28385552763938904,2.2187113761901855,0.3420094889707766,0.3057645517282285,0,0,0,0.12,0.01,0.0,0.01,0.1,0.9,-1.2,0.0,0,0,1,0,0.675,0.32
443,6,-0.47629794478416443,-0.4227743148803711,0.04703221470117569,0.04157209383341506,0.09031902266648577,0,0,0,0.12,0.01,0.0,0.01,0.1,0.9,-1.2,0.0,0,0,1,0,0.675,0.32
443,7,-1.0766304731369019,0.034189123660326004,2.970550537109375,0.38410999709105886,0.3298753864195307,0,0,0,0.12,0.01,0.0,0.01,0.1,0.9,-1.2,0.0,0,0,1,0,0.675,0.32
444,0,0.18309956789016724,0.12831588089466095,0.05415413901209831,0.3565362002719883,0.3585536573062893,0,0,0,0.12,0.01,0.0,0.01,0.1,0.9,-1.2,0.0,0,0,1,0,0.675,0.32
444,1,-0.8942658305168152,-0.4190828502178192,3.138296127319336,0.37137751055541424,0.3660579495352229,0,0,0,0.12,0.01,0.0,0.01,0.1,0.9,-1.2,0.0,0,0,1,0,0.675,0.32
444,2,-0.22442106902599335,0.4233696460723877,-0.02784588932991028,0.17166937820946795,0.1733733273264207,0,0,0,0.12,0.01,0.0,0.01,0.1,0.9,-1.2,0.0,0,0,1,0,0.675,0.32
444,3,0.017448998987674713,-0.41977837681770325,0.0349312387406826,0.34843182733891465,0.3469008786356642,0,0,0,0.12,0.01,0.0,0.01,0.1,0.9,-1.2,0.0,0,0,1,0,0.675,0.32
444,4,-0.3147067129611969,-0.03843523561954498,1.4036920070648193,0.1393032835510823,0.08506744935239824,0,0,0,0.12,0.01,0.0,0.01,0.1,0.9,-1.2,0.0,0,0,1,0,0.675,0.32
444,5,-0.6832563281059265,0.284373939037323,2.2174229621887207,0.3411181128195087,0.3049505793878277,0,0,0,0.12,0.01,0.0,0.01,0.1,0.9,-1.2,0.0,0,0,1,0,0.675,0.32
444,6,-0.47616153955459595,-0.4227677285671234,0.048698946833610535,0.03915921316455721,0.08892145290065885,0,0,0,0.12,0.01,0.0,0.01,0.1,0.9,-1.2,0.0,0,0,1,0,0.675,0.32
444,7,-1.0773358345031738,0.03431170433759689,2.9686293601989746,0.3832525106294899,0.32918094674508286,0,0,0,0.12,0.01,0.0,0.01,0.1,0.9,-1.2,0.0,0,0,1,0,0.675,0.32
445,0,0.18381571769714355,0.12835471332073212,0.054204780608415604,0.35548519308460585,0.3578466851006663,0,0,0,0.12,0.01,0.0,0.01,0.1,0.9,-1.2,0.0,0,0,1,0,0.675,0.32
445,1,-0.8950076103210449,-0.41908034682273865,3.1381001472473145,0.36956713410825215,0.3642237999775938,0,0,0,0.12,0.01,0.0,0.01,0.1,0.9,-1.2,0.0,0,0,1,0,0.675,0.32
445,2,-0.22407464683055878,0.42336001992225647,-0.02780573070049286,0.1709823740890718,0.1728212998935484,0,0,0,0.12,0.01,0.0,0.01,0.1,0.9,-1.2,0.0,0,0,1,0,0.675,0.32
445,3,0.01814715377986431,-0.4197540581226349,0.03483595326542854,0.34689329951095244,0.34572375924301485,0,0,0,0.12,0.01,0.0,0.01,0.1,0.9,-1.2,0.0,0,0,1,0,0.675,0.32
445,4,-0.31466880440711975,-0.038212232291698456,1.401781678199768,0.13859510961202356,0.08425442334982183,0,0,0,0.12,0.01,0.0,0.01,0.1,0.9,-1.2,0.0,0,0,1,0,0.675,0.32
445,5,-0.6836464405059814,0.2848914861679077,2.2161364555358887,0.3402223816373654,0.30413673014852327,0,0,0,0.12,0.01,0.0,0.01,0.1,0.9,-1.2,0.0,0,0,1,0,0.675,0.32
445,6,-0.47602903842926025,-0.42276114225387573,0.050398219376802444,0.036530045128033484,0.0878186996219894,0,0,0,0.12,0.01,0.0,0.01,0.1,0.9,-1.2,0.0,0,0,1,0,0.675,0.32
445,7,-1.078039288520813,0.034435369074344635,2.9667136669158936,0.38239521337890314,0.32848780797577215,0,0,0,0.12,0.01,0.0,0.01,0.1,0.9,-1.2,0.0,0,0,1,0,0.675,0.32
446,0,0.184530109167099,0.1283935010433197,0.05427238345146179,0.35447260686792353,0.35710111311040904,0,0,0,0.12,0.01,0.0,0.01,0.1,0.9,-1.2,0.0,0,0,1,0,0.675,0.32
446,1,-0.8957457542419434,-0.41907769441604614,3.1379036903381348,0.3677531496999415,0.36239850358985337,0,0,0,0.12,0.01,0.0,0.01,0.1,0.9,-1.2,0.0,0,0,1,0,0.675,0.32
446,2,-0.22372949123382568,0.42335045337677,-0.027786510065197945,0.17023963796363592,0.17233451140655756,0,0,0,0.12,0.01,0.0,0.01,0.1,0.9,-1.2,0.0,0,0,1,0,0.675,0.32
446,3,0.018842607736587524,-0.41972988843917847,0.03473567217588425,0.34531939832430586,0.3445738473727156,0,0,0,0.12,0.01,0.0,0.01,0.1,0.9,-1.2,0.0,0,0,1,0,0.675,0.32
446,4,-0.31463077664375305,-0.03799079731106758,1.3998674154281616,0.13788853242154903,0.08344459877256565,0,0,0,0.12,0.01,0.0,0.01,0.1,0.9,-1.2,0.0,0,0,1,0,0.675,0.32
446,5,-0.6840348839759827,0.2854081690311432,2.2148525714874268,0.3393228980862058,0.3033222821391665,0,0,0,0.12,0.01,0.0,0.01,0.1,0.9,-1.2,0.0,0,0,1,0,0.675,0.32
446,6,-0.4759003520011902,-0.42275455594062805,0.05216224119067192,0.0337517958160155,0.0869418282036073,0,0,0,0.12,0.01,0.0,0.01,0.1,0.9,-1.2,0.0,0,0,1,0,0.675,0.32
446,7,-1.0787410736083984,0.03456007316708565,2.964803457260132,0.38153713790872407,0.3277966395189493,0,0,0,0.12,0.01,0.0,0.01,0.1,0.9,-1.2,0.0,0,0,1,0,0.675,0.32
447,0,0.18524274230003357,0.1284322440624237,0.05437949299812317,0.3535760952067062,0.35623928775075236,0,0,0,0.12,0.01,0.0,0.01,0.1,0.9,-1.2,0.0,0,0,1,0,0.675,0.32
447,1,-0.8964802622795105,-0.4190749228000641,3.1377065181732178,0.36594364677910624,0.3605747457837599,0,0,0,0.12,0.01,0.0,0.01,0.1,0.9,-1.2,0.0,0,0,1,0,0.675,0.32
447,2,-0.22338557243347168,0.42334094643592834,-0.027692601084709167,0.16972396732781397,0.1716304921963407,0,0,0,0.12,0.01,0.0,0.01,0.1,0.9,-1.2,0.0,0,0,1,0,0.675,0.32
447,3,0.019535349681973457,-0.4197058379650116,0.03472522646188736,0.3440553373126965,0.3431061679096241,0,0,0,0.12,0.01,0.0,0.01,0.1,0.9,-1.2,0.0,0,0,1,0,0.675,0.32
447,4,-0.3145926594734192,-0.03777092322707176,1.3979506492614746,0.13719248908198856,0.08262804014049983,0,0,0,0.12,0.01,0.0,0.01,0.1,0.9,-1.2,0.0,0,0,1,0,0.675,0.32
447,5,-0.6844216585159302,0.28592395782470703,2.2135722637176514,0.3384271256169255,0.3025003083506648,0,0,0,0.12,0.01,0.0,0.01,0.1,0.9,-1.2,0.0,0,0,1,0,0.675,0.32
447,6,-0.47577542066574097,-0.42274799942970276,0.053982675075531006,0.030646006498567427,0.08646886524177376,0,0,0,0.12,0.01,0.0,0.01,0.1,0.9,-1.2,0.0,0,0,1,0,0.675,0.32
447,7,-1.0794410705566406,0.03468579426407814,2.9628992080688477,0.3806800339523058,0.32710628768770883,0,0,0,0.12,0.01,0.0,0.01,0.1,0.9,-1.2,0.0,0,0,1,0,0.675,0.32
448,0,0.18595361709594727,0.12847094237804413,0.054491348564624786,0.35267264981989255,0.355384634535271,0,0,0,0.12,0.01,0.0,0.01,0.1,0.9,-1.2,0.0,0,0,1,0,0.675,0.32
448,1,-0.8972111344337463,-0.4190720021724701,3.1375086307525635,0.3641268646088271,0.35876500255197,0,0,0,0.12,0.01,0.0,0.01,0.1,0.9,-1.2,0.0,0,0,1,0,0.675,0.32
448,2,-0.22304287552833557,0.42333146929740906,-0.02756168320775032,0.16927105678383164,0.1708731304281587,0,0,0,0.12,0.01,0.0,0.01,0.1,0.9,-1.2,0.0,0,0,1,0,0.675,0.32
448,3,0.020225372165441513,-0.4196819067001343,0.034742504358291626,0.3428862290765356,0.34153638311371093,0,0,0,0.12,0.01,0.0,0.01,0.1,0.9,-1.2,0.0,0,0,1,0,0.675,0.32
448,4,-0.3145543932914734,-0.0375526137650013,1.3960304260253906,0.13649854402211448,0.08181564171644906,0,0,0,0.12,0.01,0.0,0.01,0.1,0.9,-1.2,0.0,0,0,1,0,0.675,0.32
448,5,-0.684806764125824,0.28643882274627686,2.2122952938079834,0.3375308967551978,0.3016748570480554,0,0,0,0.12,0.01,0.0,0.01,0.1,0.9,-1.2,0.0,0,0,1,0,0.675,0.32
448,6,-0.4756541848182678,-0.4227414131164551,0.055838607251644135,0.02742949463519527,0.0861797820767455,0,0,0,0.12,0.01,0.0,0.01,0.1,0.9,-1.2,0.0,0,0,1,0,0.675,0.32
448,7,-1.0801392793655396,0.03481253981590271,2.961000919342041,0.3798237431705585,0.3264167320072064,0,0,0,0.12,0.01,0.0,0.01,0.1,0.9,-1.2,0.0,0,0,1,0,0.675,0.32
449,0,0.1866627335548401,0.12850964069366455,0.0545763224363327,0.3516499759857136,0.35464926937179986,0,0,0,0.12,0.01,0.0,0.01,0.1,0.9,-1.2,0.0,0,0,1,0,0.675,0.32
449,1,-0.8979383707046509,-0.41906896233558655,3.13731050491333,0.36231800403360026,0.35695490751501424,0,0,0,0.12,0.01,0.0,0.01,0.1,0.9,-1.2,0.0,0,0,1,0,0.675,0.32
449,2,-0.22270141541957855,0.42332208156585693,-0.02750205248594284,0.1686745515342455,0.17026863188784316,0,0,0,0.12,0.01,0.0,0.01,0.1,0.9,-1.2,0.0,0,0,1,0,0.675,0.32
449,3,0.020912667736411095,-0.4196580946445465,0.03468070551753044,0.34143986736285276,0.3402368184472363,0,0,0,0.12,0.01,0.0,0.01,0.1,0.9,-1.2,0.0,0,0,1,0,0.675,0.32
449,4,-0.31451597809791565,-0.03733586519956589,1.3941045999526978,0.1358038047125343,0.08100969998335804,0,0,0,0.12,0.01,0.0,0.01,0.1,0.9,-1.2,0.0,0,0,1,0,0.675,0.32
449,5,-0.6851902604103088,0.28695282340049744,2.2110202312469482,0.33663597734700856,0.3008440431760627,0,0,0,0.12,0.01,0.0,0.01,0.1,0.9,-1.2,0.0,0,0,1,0,0.675,0.32
449,6,-0.4755365550518036,-0.4227347671985626,0.05776616185903549,0.02433693038070649,0.08583886547243148,0,0,0,0.12,0.01,0.0,0.01,0.1,0.9,-1.2,0.0,0,0,1,0,0.675,0.32
449,7,-1.0808357000350952,0.034940317273139954,2.9591081142425537,0.37896208081803856,0.3257342168275303,0,0,0,0.12,0.01,0.0,0.01,0.1,0.9,-1.2,0.0,0,0,1,0,0.675,0.32
450,0,0.18737009167671204,0.1285482943058014,0.05466093495488167,0.3506057043566943,0.35393627686355106,0,0,0,0.12,0.01,0.0,0.01,0.1,0.9,-1.2,0.0,0,0,1,0,0.675,0.32
450,1,-0.8986620306968689,-0.41906577348709106,3.1371121406555176,0.3605025837013444,0.35515912083890827,0,0,0,0.12,0.01,0.0,0.01,0.1,0.9,-1.2,0.0,0,0,1,0,0.675,0.32
450,2,-0.22236114740371704,0.4233127236366272,-0.02749834582209587,0.1678597167697815,0.169892118814859,0,0,0,0.12,0.01,0.0,0.01,0.1,0.9,-1.2,0.0,0,0,1,0,0.675,0.32
450,3,0.021597228944301605,-0.4196344017982483,0.034577690064907074,0.33984904277221123,0.33907539856537416,0,0,0,0.12,0.01,0.0,0.01,0.1,0.9,-1.2,0.0,0,0,1,0,0.675,0.32
450,4,-0.31447741389274597,-0.03712068125605583,1.3921743631362915,0.13510613853285755,0.08021233266045603,0,0,0,0.12,0.01,0.0,0.01,0.1,0.9,-1.2,0.0,0,0,1,0,0.675,0.32
450,5,-0.6855719685554504,0.2874659299850464,2.209747314453125,0.33572925929516234,0.3000216900876196,0,0,0,0.12,0.01,0.0,0.01,0.1,0.9,-1.2,0.0,0,0,1,0,0.675,0.32
450,6,-0.4754224419593811,-0.4227280616760254,0.05981520190834999,0.021528498384686214,0.08528350934055258,0,0,0,0.12,0.01,0.0,0.01,0.1,0.9,-1.2,0.0,0,0,1,0,0.675,0.32
450,7,-1.0815304517745972,0.03506915643811226,2.957221269607544,0.37810425643915374,0.3250491749764041,0,0,0,0.12,0.01,0.0,0.01,0.1,0.9,-1.2,0.0,0,0,1,0,0.675,0.32
451,0,0.18807567656040192,0.12858694791793823,0.054783426225185394,0.3496716201647296,0.3531135737554059,0,0,0,0.12,0.01,0.0,0.01,0.1,0.9,-1.2,0.0,0,0,1,0,0.675,0.32
451,1,-0.8993819952011108,-0.4190624952316284,3.136914014816284,0.3587103505197599,0.35334944533671586,0,0,0,0.12,0.01,0.0,0.01,0.1,0.9,-1.2,0.0,0,0,1,0,0.675,0.32
451,2,-0.22202210128307343,0.4233034551143646,-0.027439499273896217,0.16727989193487558,0.1692898047299346,0,0,0,0.12,0.01,0.0,0.01,0.1,0.9,-1.2,0.0,0,0,1,0,0.675,0.32
451,3,0.022279048338532448,-0.4196108281612396,0.034548524767160416,0.33851496941172177,0.33765138619817203,0,0,0,0.12,0.01,0.0,0.01,0.1,0.9,-1.2,0.0,0,0,1,0,0.675,0.32
451,4,-0.3144386112689972,-0.03690705820918083,1.3902411460876465,0.13439891987083674,0.07943204290630101,0,0,0,0.12,0.01,0.0,0.01,0.1,0.9,-1.2,0.0,0,0,1,0,0.675,0.32
451,5,-0.6859520673751831,0.2879781723022461,2.208477258682251,0.3348252304323843,0.29919241588032935,0,0,0,0.12,0.01,0.0,0.01,0.1,0.9,-1.2,0.0,0,0,1,0,0.675,0.32
451,6,-0.4753117859363556,-0.422721266746521,0.06198093667626381,0.019156290972476307,0.08436115196918934,0,0,0,0.12,0.01,0.0,0.01,0.1,0.9,-1.2,0.0,0,0,1,0,0.675,0.32
451,7,-1.0822234153747559,0.035199061036109924,2.95534086227417,0.377243487644416,0.3243685080526055,0,0,0,0.12,0.01,0.0,0.01,0.1,0.9,-1.2,0.0,0,0,1,0,0.675,0.32
452,0,0.18877951800823212,0.12862558662891388,0.05492710694670677,0.3487899226822438,0.35223907998422965,0,0,0,0.12,0.01,0.0,0.01,0.1,0.9,-1.2,0.0,0,0,1,0,0.675,0.32
452,1,-0.9000983834266663,-0.41905906796455383,3.136716604232788,0.3569153029759702,0.35155152489344516,0,0,0,0.12,0.01,0.0,0.01,0.1,0.9,-1.2,0.0,0,0,1,0,0.675,0.32
452,2,-0.22168423235416412,0.42329421639442444,-0.027306169271469116,0.16687935649614605,0.16851773799199787,0,0,0,0.12,0.01,0.0,0.01,0.1,0.9,-1.2,0.0,0,0,1,0,0.675,0.32
452,3,0.022958118468523026,-0.4195873737335205,0.03457948938012123,0.33738733383192643,0.33601569084153543,0,0,0,0.12,0.01,0.0,0.01,0.1,0.9,-1.2,0.0,0,0,1,0,0.675,0.32
452,4,-0.3143996298313141,-0.03669499605894089,1.3883051872253418,0.13369394383693275,0.07865664818024104,0,0,0,0.12,0.01,0.0,0.01,0.1,0.9,-1.2,0.0,0,0,1,0,0.675,0.32
452,5,-0.6863303780555725,0.28848952054977417,2.2072105407714844,0.3339220519975277,0.29835889378036534,0,0,0,0.12,0.01,0.0,0.01,0.1,0.9,-1.2,0.0,0,0,1,0,0.675,0.32
452,6,-0.4752044975757599,-0.4227144122123718,0.06421549618244171,0.01694902063250784,0.08333960144877194,0,0,0,0.12,0.01,0.0,0.01,0.1,0.9,-1.2,0.0,0,0,1,0,0.675,0.32
452,7,-1.0829145908355713,0.035330016165971756,2.9534664154052734,0.3763814891087525,0.3236908590090759,0,0,0,0.12,0.01,0.0,0.01,0.1,0.9,-1.2,0.0,0,0,1,0,0.675,0.32
453,0,0.18948158621788025,0.12866421043872833,0.055050499737262726,0.3478168652440954,0.3514568402383875,0,0,0,0.12,0.01,0.0,0.01,0.1,0.9,-1.2,0.0,0,0,1,0,0.675,0.32
453,1,-0.9008111357688904,-0.4190555214881897,3.136518716812134,0.35512587368248744,0.3497581189894791,0,0,0,0.12,0.01,0.0,0.01,0.1,0.9,-1.2,0.0,0,0,1,0,0.675,0.32
453,2,-0.22134754061698914,0.42328503727912903,-0.027211297303438187,0.16637473359778493,0.1678592656545344,0,0,0,0.12,0.01,0.0,0.01,0.1,0.9,-1.2,0.0,0,0,1,0,0.675,0.32
453,3,0.02363443560898304,-0.41956403851509094,0.03454811871051788,0.33604235713290925,0.3345922702093149,0,0,0,0.12,0.01,0.0,0.01,0.1,0.9,-1.2,0.0,0,0,1,0,0.675,0.32
453,4,-0.31436046957969666,-0.036484476178884506,1.3863654136657715,0.13298435188892774,0.0778920086466939,0,0,0,0.12,0.01,0.0,0.01,0.1,0.9,-1.2,0.0,0,0,1,0,0.675,0.32
453,5,-0.6867070198059082,0.2889999747276306,2.2059459686279297,0.333013169147586,0.2975279170493134,0,0,0,0.12,0.01,0.0,0.01,0.1,0.9,-1.2,0.0,0,0,1,0,0.675,0.32
453,6,-0.4751005470752716,-0.42270755767822266,0.06648803502321243,0.01446488262720003,0.08266236124925717,0,0,0,0.12,0.01,0.0,0.01,0.1,0.9,-1.2,0.0,0,0,1,0,0.675,0.32
453,7,-1.0836039781570435,0.035461995750665665,2.9515979290008545,0.3755178759495933,0.32301649351909567,0,0,0,0.12,0.01,0.0,0.01,0.1,0.9,-1.2,0.0,0,0,1,0,0.675,0.32
454,0,0.1901819109916687,0.12870283424854279,0.05516047030687332,0.34677482197142223,0.35074418237351795,0,0,0,0.12,0.01,0.0,0.01,0.1,0.9,-1.2,0.0,0,0,1,0,0.675,0.32
454,1,-0.901520311832428,-0.419051855802536,3.1363205909729004,0.35334209919988063,0.3479696082967624,0,0,0,0.12,0.01,0.0,0.01,0.1,0.9,-1.2,0.0,0,0,1,0,0.675,0.32
454,2,-0.22101204097270966,0.4232759177684784,-0.027198657393455505,0.16564040875824224,0.1674401214083837,0,0,0,0.12,0.01,0.0,0.01,0.1,0.9,-1.2,0.0,0,0,1,0,0.675,0.32
454,3,0.024307992309331894,-0.4195408523082733,0.034436192363500595,0.3344028847142714,0.3334585769251329,0,0,0,0.12,0.01,0.0,0.01,0.1,0.9,-1.2,0.0,0,0,1,0,0.675,0.32
454,4,-0.31432121992111206,-0.036275483667850494,1.3844221830368042,0.13227974195446957,0.07712845187220585,0,0,0,0.12,0.01,0.0,0.01,0.1,0.9,-1.2,0.0,0,0,1,0,0.675,0.32
454,5,-0.6870819926261902,0.28950950503349304,2.204683542251587,0.33210102206883924,0.2966973435241173,0,0,0,0.12,0.01,0.0,0.01,0.1,0.9,-1.2,0.0,0,0,1,0,0.675,0.32
454,6,-0.4749998450279236,-0.4227007031440735,0.06881463527679443,0.011739874479768339,0.0822917425656342,0,0,0,0.12,0.01,0.0,0.01,0.1,0.9,-1.2,0.0,0,0,1,0,0.675,0.32
454,7,-1.0842915773391724,0.03559495136141777,2.9497361183166504,0.3746553299873352,0.3223426701576233,0,0,0,0.12,0.01,0.0,0.01,0.1,0.9,-1.2,0.0,0,0,1,0,0.675,0.32
455,0,0.19088047742843628,0.12874144315719604,0.05529902130365372,0.34581369697930736,0.34995138108847224,0,0,0,0.12,0.01,0.0,0.01,0.1,0.9,-1.2,0.0,0,0,1,0,0.675,0.32
455,1,-0.902225911617279,-0.4190480709075928,3.136122226715088,0.3515655269472001,0.3461847434194686,0,0,0,0.12,0.01,0.0,0.01,0.1,0.9,-1.2,0.0,0,0,1,0,0.675,0.32
455,2,-0.2206776887178421,0.42326685786247253,-0.02716968208551407,0.1649732388911381,0.16696231585167498,0,0,0,0.12,0.01,0.0,0.01,0.1,0.9,-1.2,0.0,0,0,1,0,0.675,0.32
455,3,0.02497878484427929,-0.41951775550842285,0.03436211869120598,0.3329095942122557,0.3321747678177736,0,0,0,0.12,0.01,0.0,0.01,0.1,0.9,-1.2,0.0,0,0,1,0,0.675,0.32
455,4,-0.3142818808555603,-0.03606800734996796,1.3824777603149414,0.13157381723239694,0.07637391378566949,0,0,0,0.12,0.01,0.0,0.01,0.1,0.9,-1.2,0.0,0,0,1,0,0.675,0.32
455,5,-0.6874552965164185,0.29001808166503906,2.2034237384796143,0.33118859164668907,0.2958639539007963,0,0,0,0.12,0.01,0.0,0.01,0.1,0.9,-1.2,0.0,0,0,1,0,0.675,0.32
455,6,-0.47490233182907104,-0.4226939082145691,0.07122109085321426,0.008461660899681762,0.08253898545308617,0,0,0,0.12,0.01,0.0,0.01,0.1,0.9,-1.2,0.0,0,0,1,0,0.675,0.32
455,7,-1.0849775075912476,0.035728853195905685,2.947880983352661,0.373793811697904,0.3216695476580225,0,0,0,0.12,0.01,0.0,0.01,0.1,0.9,-1.2,0.0,0,0,1,0,0.675,0.32
456,0,0.1915772706270218,0.1287800669670105,0.05546844005584717,0.3449413191978883,0.34907090547633657,0,0,0,0.12,0.01,0.0,0.01,0.1,0.9,-1.2,0.0,0,0,1,0,0.675,0.32
456,1,-0.9029278755187988,-0.41904416680336,3.1359238624572754,0.34979564234971544,0.34440487339735487,0,0,0,0.12,0.01,0.0,0.01,0.1,0.9,-1.2,0.0,0,0,1,0,0.675,0.32
456,2,-0.22034449875354767,0.42325782775878906,-0.027057135477662086,0.16451158893737658,0.16628796088066236,0,0,0,0.12,0.01,0.0,0.01,0.1,0.9,-1.2,0.0,0,0,1,0,0.675,0.32
456,3,0.025646807625889778,-0.4194948077201843,0.03437662124633789,0.33170009468422584,0.3306031742252285,0,0,0,0.12,0.01,0.0,0.01,0.1,0.9,-1.2,0.0,0,0,1,0,0.675,0.32
456,4,-0.31424248218536377,-0.035862039774656296,1.3805323839187622,0.13088034416868197,0.07561258648202906,0,0,0,0.12,0.01,0.0,0.01,0.1,0.9,-1.2,0.0,0,0,1,0,0.675,0.32
456,5,-0.6878269910812378,0.2905256748199463,2.2021677494049072,0.3302813187931466,0.29502266489520795,0,0,0,0.12,0.01,0.0,0.01,0.1,0.9,-1.2,0.0,0,0,1,0,0.675,0.32
456,6,-0.4748079180717468,-0.4226871728897095,0.07370085269212723,0.004536213076162431,0.08349821557993879,0,0,0,0.12,0.01,0.0,0.01,0.1,0.9,-1.2,0.0,0,0,1,0,0.675,0.32
456,7,-1.0856616497039795,0.035863686352968216,2.9460322856903076,0.3729303012095017,0.32100050351995996,0,0,0,0.12,0.01,0.0,0.01,0.1,0.9,-1.2,0.0,0,0,1,0,0.675,0.32
457,0,0.19227232038974762,0.12881869077682495,0.05562644451856613,0.3440092522011883,0.3482509535445088,0,0,0,0.12,0.01,0.0,0.01,0.1,0.9,-1.2,0.0,0,0,1,0,0.675,0.32
457,1,-0.9036263227462769,-0.41904014348983765,3.1357250213623047,0.348026946926118,0.34263579473495376,0,0,0,0.12,0.01,0.0,0.01,0.1,0.9,-1.2,0.0,0,0,1,0,0.675,0.32
457,2,-0.22001245617866516,0.42324888706207275,-0.026943868026137352,0.16412800030337077,0.1655447535075118,0,0,0,0.12,0.01,0.0,0.01,0.1,0.9,-1.2,0.0,0,0,1,0,0.675,0.32
457,3,0.026312056928873062,-0.41947197914123535,0.034375667572021484,0.3304357972330997,0.32908304069567235,0,0,0,0.12,0.01,0.0,0.01,0.1,0.9,-1.2,0.0,0,0,1,0,0.675,0.32
457,4,-0.3142029643058777,-0.035657577216625214,1.378584623336792,0.13018270464238454,0.07486396400633523,0,0,0,0.12,0.01,0.0,0.01,0.1,0.9,-1.2,0.0,0,0,1,0,0.675,0.32
457,5,-0.6881970763206482,0.2910323143005371,2.2009143829345703,0.3293749240575945,0.2941776963533247,0,0,0,0.12,0.01,0.0,0.01,0.1,0.9,-1.2,0.0,0,0,1,0,0.675,0.32
457,6,-0.47471657395362854,-0.42268040776252747,0.0762738436460495,0.0005654386193969772,0.08456370318815917,0,0,0,0.12,0.01,0.0,0.01,0.1,0.9,-1.2,0.0,0,0,1,0,0.675,0.32
457,7,-1.0863440036773682,0.03599945828318596,2.944190263748169,0.372068450726866,0.3203317067247636,0,0,0,0.12,0.01,0.0,0.01,0.1,0.9,-1.2,0.0,0,0,1,0,0.675,0.32
458,0,0.19296561181545258,0.1288573145866394,0.0557599812746048,0.3429734269378347,0.3475359519722299,0,0,0,0.12,0.01,0.0,0.01,0.1,0.9,-1.2,0.0,0,0,1,0,0.675,0.32
458,1,-0.9043212532997131,-0.41903597116470337,3.135526180267334,0.3462514965606336,0.34088574957126333,0,0,0,0.12,0.01,0.0,0.01,0.1,0.9,-1.2,0.0,0,0,1,0,0.675,0.32
458,2,-0.2196815460920334,0.42323997616767883,-0.026914512738585472,0.16345639602246825,0.16509871109423097,0,0,0,0.12,0.01,0.0,0.01,0.1,0.9,-1.2,0.0,0,0,1,0,0.675,0.32
458,3,0.026974529027938843,-0.4194492697715759,0.03428797796368599,0.32887443079908957,0.32785729393998514,0,0,0,0.12,0.01,0.0,0.01,0.1,0.9,-1.2,0.0,0,0,1,0,0.675,0.32
458,4,-0.31416335701942444,-0.03545462712645531,1.3766334056854248,0.12949338418014225,0.07411439854137722,0,0,0,0.12,0.01,0.0,0.01,0.1,0.9,-1.2,0.0,0,0,1,0,0.675,0.32
458,5,-0.6885654330253601,0.2915380299091339,2.199662685394287,0.32846075604894676,0.29333823610803567,0,0,0,0.12,0.01,0.0,0.01,0.1,0.9,-1.2,0.0,0,0,1,0,0.675,0.32
458,6,-0.474628210067749,-0.4226735830307007,0.07900682091712952,-0.0030768343968607475,0.08535913171007409,0,0,0,0.12,0.01,0.0,0.01,0.1,0.9,-1.2,0.0,0,0,1,0,0.675,0.32
458,7,-1.0870246887207031,0.03613618388772011,2.942355155944824,0.37120813818869036,0.3196630409151609,0,0,0,0.12,0.01,0.0,0.01,0.1,0.9,-1.2,0.0,0,0,1,0,0.675,0.32
459,0,0.19365714490413666,0.12889596819877625,0.05590793490409851,0.3419687475834072,0.34679117539785503,0,0,0,0.12,0.01,0.0,0.01,0.1,0.9,-1.2,0.0,0,0,1,0,0.675,0.32
459,1,-0.9050126075744629,-0.41903170943260193,3.135327100753784,0.3444935356490966,0.3391315067894104,0,0,0,0.12,0.01,0.0,0.01,0.1,0.9,-1.2,0.0,0,0,1,0,0.675,0.32
459,2,-0.21935176849365234,0.4232311248779297,-0.02690926007926464,0.16273190447681296,0.16471422842151773,0,0,0,0.12,0.01,0.0,0.01,0.1,0.9,-1.2,0.0,0,0,1,0,0.675,0.32
459,3,0.02763422019779682,-0.41942670941352844,0.034199975430965424,0.3272985272103549,0.32664387896716585,0,0,0,0.12,0.01,0.0,0.01,0.1,0.9,-1.2,0.0,0,0,1,0,0.675,0.32
459,4,-0.31412357091903687,-0.03525318205356598,1.3746803998947144,0.1287926165489539,0.07338511663395318,0,0,0,0.12,0.01,0.0,0.01,0.1,0.9,-1.2,0.0,0,0,1,0,0.675,0.32
459,5,-0.6889321804046631,0.2920427620410919,2.1984128952026367,0.3275461847853808,0.2924962584900709,0,0,0,0.12,0.01,0.0,0.01,0.1,0.9,-1.2,0.0,0,0,1,0,0.675,0.32
459,6,-0.4745427668094635,-0.42266666889190674,0.08193471282720566,-0.006071684816291749,0.08556456671040338,0,0,0,0.12,0.01,0.0,0.01,0.1,0.9,-1.2,0.0,0,0,1,0,0.675,0.32
459,7,-1.0877035856246948,0.036273881793022156,2.9405264854431152,0.37034439011042264,0.318999777598928,0,0,0,0.12,0.01,0.0,0.01,0.1,0.9,-1.2,0.0,0,0,1,0,0.675,0.32
460,0,0.19434691965579987,0.12893462181091309,0.05609321594238281,0.34107663962079915,0.34593537715242473,0,0,0,0.12,0.01,0.0,0.01,0.1,0.9,-1.2,0.0,0,0,1,0,0.675,0.32
460,1,-0.9057004451751709,-0.41902732849121094,3.1351287364959717,0.3427429065707716,0.3373835220333543,0,0,0,0.12,0.01,0.0,0.01,0.1,0.9,-1.2,0.0,0,0,1,0,0.675,0.32
460,2,-0.21902310848236084,0.42322230339050293,-0.026822399348020554,0.1622130776804201,0.16413314090554793,0,0,0,0.12,0.01,0.0,0.01,0.1,0.9,-1.2,0.0,0,0,1,0,0.675,0.32
460,3,0.0282911267131567,-0.4194042384624481,0.03420272842049599,0.32604470861331886,0.3251060544215017,0,0,0,0.12,0.01,0.0,0.01,0.1,0.9,-1.2,0.0,0,0,1,0,0.675,0.32
460,4,-0.31408360600471497,-0.03505323827266693,1.3727266788482666,0.1280994791918175,0.07265659380622938,0,0,0,0.12,0.01,0.0,0.01,0.1,0.9,-1.2,0.0,0,0,1,0,0.675,0.32
460,5,-0.6892971992492676,0.2925466001033783,2.1971664428710938,0.3266319061709477,0.2916517828511166,0,0,0,0.12,0.01,0.0,0.01,0.1,0.9,-1.2,0.0,0,0,1,0,0.675,0.32
460,6,-0.4744602143764496,-0.42265966534614563,0.08502880483865738,-0.008475440573926633,0.08523492796444482,0,0,0,0.12,0.01,0.0,0.01,0.1,0.9,-1.2,0.0,0,0,1,0,0.675,0.32
460,7,-1.0883806943893433,0.0364125557243824,2.9387047290802,0.36947987376805036,0.31833907068614276,0,0,0,0.12,0.01,0.0,0.01,0.1,0.9,-1.2,0.0,0,0,1,0,0.675,0.32
461,0,0.1950349509716034,0.1289733201265335,0.056283559650182724,0.3401832104364232,0.3450825094541713,0,0,0,0.12,0.01,0.0,0.01,0.1,0.9,-1.2,0.0,0,0,1,0,0.675,0.32
461,1,-0.9063847064971924,-0.4190228581428528,3.1349306106567383,0.34101233429854594,0.3356294875627212,0,0,0,0.12,0.01,0.0,0.01,0.1,0.9,-1.2,0.0,0,0,1,0,0.675,0.32
461,2,-0.21869555115699768,0.42321354150772095,-0.026690881699323654,0.1618412422410511,0.16341421134552725,0,0,0,0.12,0.01,0.0,0.01,0.1,0.9,-1.2,0.0,0,0,1,0,0.675,0.32
461,3,0.02894524671137333,-0.41938188672065735,0.03422878310084343,0.3248711726652061,0.32348675513401876,0,0,0,0.12,0.01,0.0,0.01,0.1,0.9,-1.2,0.0,0,0,1,0,0.675,0.32
461,4,-0.31404349207878113,-0.03485478460788727,1.370771884918213,0.12740327095596535,0.07193953121097343,0,0,0,0.12,0.01,0.0,0.01,0.1,0.9,-1.2,0.0,0,0,1,0,0.675,0.32
461,5,-0.6896604895591736,0.2930494546890259,2.1959228515625,0.32571209679468216,0.2908106922067827,0,0,0,0.12,0.01,0.0,0.01,0.1,0.9,-1.2,0.0,0,0,1,0,0.675,0.32
461,6,-0.4743804633617401,-0.42265263199806213,0.08822854608297348,-0.010867726422711495,0.08494908771650422,0,0,0,0.12,0.01,0.0,0.01,0.1,0.9,-1.2,0.0,0,0,1,0,0.675,0.32
461,7,-1.089056134223938,0.03655218333005905,2.936890125274658,0.3686172056745469,0.31767812484989766,0,0,0,0.12,0.01,0.0,0.01,0.1,0.9,-1.2,0.0,0,0,1,0,0.675,0.32
462,0,0.19572122395038605,0.12901203334331512,0.056449007242918015,0.33918606525192513,0.34433484787215934,0,0,0,0.12,0.01,0.0,0.01,0.1,0.9,-1.2,0.0,0,0,1,0,0.675,0.32
462,1,-0.9070655107498169,-0.4190182685852051,3.134732484817505,0.33928453146613125,0.33388728679024693,0,0,0,0.12,0.01,0.0,0.01,0.1,0.9,-1.2,0.0,0,0,1,0,0.675,0.32
462,2,-0.21836909651756287,0.42320483922958374,-0.02662709727883339,0.16129903564011933,0.16287432542288421,0,0,0,0.12,0.01,0.0,0.01,0.1,0.9,-1.2,0.0,0,0,1,0,0.675,0.32
462,3,0.02959657832980156,-0.41935965418815613,0.034166570752859116,0.3233956615548971,0.32216788128796786,0,0,0,0.12,0.01,0.0,0.01,0.1,0.9,-1.2,0.0,0,0,1,0,0.675,0.32
462,4,-0.3140032887458801,-0.034657809883356094,1.368814468383789,0.12670004718745084,0.07123738176381257,0,0,0,0.12,0.01,0.0,0.01,0.1,0.9,-1.2,0.0,0,0,1,0,0.675,0.32
462,5,-0.6900221705436707,0.29355138540267944,2.194681167602539,0.3247951988216649,0.28996460399663343,0,0,0,0.12,0.01,0.0,0.01,0.1,0.9,-1.2,0.0,0,0,1,0,0.675,0.32
462,6,-0.4743034839630127,-0.422645628452301,0.09150106459856033,-0.013855279214517109,0.08531514627470159,0,0,0,0.12,0.01,0.0,0.01,0.1,0.9,-1.2,0.0,0,0,1,0,0.675,0.32
462,7,-1.0897296667099,0.036692727357149124,2.93508243560791,0.36775268979900216,0.31702123216755057,0,0,0,0.12,0.01,0.0,0.01,0.1,0.9,-1.2,0.0,0,0,1,0,0.675,0.32
463,0,0.19640575349330902,0.12905076146125793,0.05661451071500778,0.33817267374442184,0.3436050419385616,0,0,0,0.12,0.01,0.0,0.01,0.1,0.9,-1.2,0.0,0,0,1,0,0.675,0.32
463,1,-0.9077428579330444,-0.4190135598182678,3.1345338821411133,0.337559603648017,0.33215639690892873,0,0,0,0.12,0.01,0.0,0.01,0.1,0.9,-1.2,0.0,0,0,1,0,0.675,0.32
463,2,-0.2180437445640564,0.4231961965560913,-0.026623206213116646,0.16059485961425304,0.16250540922653678,0,0,0,0.12,0.01,0.0,0.01,0.1,0.9,-1.2,0.0,0,0,1,0,0.675,0.32
463,3,0.030245119705796242,-0.41933754086494446,0.03405522182583809,0.3217529683911075,0.32101547423966037,0,0,0,0.12,0.01,0.0,0.01,0.1,0.9,-1.2,0.0,0,0,1,0,0.675,0.32
463,4,-0.31396299600601196,-0.03446228802204132,1.3668558597564697,0.12599895012793014,0.07054042207780412,0,0,0,0.12,0.01,0.0,0.01,0.1,0.9,-1.2,0.0,0,0,1,0,0.675,0.32
463,5,-0.690382182598114,0.29405227303504944,2.193441867828369,0.32387352164661953,0.28912156645381387,0,0,0,0.12,0.01,0.0,0.01,0.1,0.9,-1.2,0.0,0,0,1,0,0.675,0.32
463,6,-0.47422918677330017,-0.4226387143135071,0.09486085176467896,-0.01790480937451712,0.08679806317777031,0,0,0,0.12,0.01,0.0,0.01,0.1,0.9,-1.2,0.0,0,0,1,0,0.675,0.32
463,7,-1.090401530265808,0.03683415427803993,2.933281660079956,0.36688953079907555,0.31636494956286293,0,0,0,0.12,0.01,0.0,0.01,0.1,0.9,-1.2,0.0,0,0,1,0,0.675,0.32
464,0,0.19708852469921112,0.12908951938152313,0.0568152517080307,0.3372658911643296,0.342770415216896,0,0,0,0.12,0.01,0.0,0.01,0.1,0.9,-1.2,0.0,0,0,1,0,0.675,0.32
464,1,-0.9084166884422302,-0.419008731842041,3.1343348026275635,0.3358362525127993,0.3304393083430662,0,0,0,0.12,0.01,0.0,0.01,0.1,0.9,-1.2,0.0,0,0,1,0,0.675,0.32
464,2,-0.21771946549415588,0.42318761348724365,-0.026565883308649063,0.16007808447749758,0.16195737718670222,0,0,0,0.12,0.01,0.0,0.01,0.1,0.9,-1.2,0.0,0,0,1,0,0.675,0.32
464,3,0.030890870839357376,-0.4193155765533447,0.034016821533441544,0.3203380982637601,0.31963476731775237,0,0,0,0.12,0.01,0.0,0.01,0.1,0.9,-1.2,0.0,0,0,1,0,0.675,0.32
464,4,-0.3139226734638214,-0.03426821529865265,1.364898443222046,0.12530683893162672,0.06984268706839619,0,0,0,0.12,0.01,0.0,0.01,0.1,0.9,-1.2,0.0,0,0,1,0,0.675,0.32
464,5,-0.6907405853271484,0.29455217719078064,2.1922054290771484,0.3229517484465969,0.28827695600591774,0,0,0,0.12,0.01,0.0,0.01,0.1,0.9,-1.2,0.0,0,0,1,0,0.675,0.32
464,6,-0.47415754199028015,-0.4226318597793579,0.0983404591679573,-0.022804225650748057,0.08918591108652,0,0,0,0.12,0.01,0.0,0.01,0.1,0.9,-1.2,0.0,0,0,1,0,0.675,0.32
464,7,-1.0910717248916626,0.03697643056511879,2.931488275527954,0.3660292226567847,0.31570772344917225,0,0,0,0.12,0.01,0.0,0.01,0.1,0.9,-1.2,0.0,0,0,1,0,0.675,0.32
465,0,0.19776955246925354,0.12912830710411072,0.057033881545066833,0.33640552853433253,0.34189091826589946,0,0,0,0.12,0.01,0.0,0.01,0.1,0.9,-1.2,0.0,0,0,1,0,0.675,0.32
465,1,-0.909087061882019,-0.41900378465652466,3.1341352462768555,0.3341127478644767,0.3287374532654366,0,0,0,0.12,0.01,0.0,0.01,0.1,0.9,-1.2,0.0,0,0,1,0,0.675,0.32
465,2,-0.21739625930786133,0.4231790602207184,-0.02643745020031929,0.15973839330092207,0.1612405462323116,0,0,0,0.12,0.01,0.0,0.01,0.1,0.9,-1.2,0.0,0,0,1,0,0.675,0.32
465,3,0.03153382986783981,-0.41929373145103455,0.03404444456100464,0.3191432612919369,0.31803396763567543,0,0,0,0.12,0.01,0.0,0.01,0.1,0.9,-1.2,0.0,0,0,1,0,0.675,0.32
465,4,-0.31388232111930847,-0.034075576812028885,1.3629417419433594,0.12461853317674411,0.06914922304693447,0,0,0,0.12,0.01,0.0,0.01,0.1,0.9,-1.2,0.0,0,0,1,0,0.675,0.32
465,5,-0.6910974383354187,0.29505106806755066,2.190972328186035,0.3220387471313889,0.28742190474315327,0,0,0,0.12,0.01,0.0,0.01,0.1,0.9,-1.2,0.0,0,0,1,0,0.675,0.32
465,6,-0.4740884602069855,-0.4226250648498535,0.1019882932305336,-0.02853093026376419,0.09245402841067962,0,0,0,0.12,0.01,0.0,0.01,0.1,0.9,-1.2,0.0,0,0,1,0,0.675,0.32
465,7,-1.0917401313781738,0.0371195487678051,2.9297022819519043,0.36516779806588007,0.31505417678382086,0,0,0,0.12,0.01,0.0,0.01,0.1,0.9,-1.2,0.0,0,0,1,0,0.675,0.32
466,0,0.19844882190227509,0.1291671246290207,0.057230208069086075,0.3354506035174616,0.3411079506550543,0,0,0,0.12,0.01,0.0,0.01,0.1,0.9,-1.2,0.0,0,0,1,0,0.675,0.32
466,1,-0.9097540378570557,-0.41899874806404114,3.1339359283447266,0.3324074090218606,0.3270332872176109,0,0,0,0.12,0.01,0.0,0.01,0.1,0.9,-1.2,0.0,0,0,1,0,0.675,0.32
466,2,-0.21707412600517273,0.4231705367565155,-0.026350628584623337,0.15924203705901638,0.1606892316330002,0,0,0,0.12,0.01,0.0,0.01,0.1,0.9,-1.2,0.0,0,0,1,0,0.675,0.32
466,3,0.032173994928598404,-0.41927197575569153,0.03401879221200943,0.31778430876996255,0.3165975219223287,0,0,0,0.12,0.01,0.0,0.01,0.1,0.9,-1.2,0.0,0,0,1,0,0.675,0.32
466,4,-0.31384187936782837,-0.03388437628746033,1.3609838485717773,0.12392706121224059,0.06846795533877716,0,0,0,0.12,0.01,0.0,0.01,0.1,0.9,-1.2,0.0,0,0,1,0,0.675,0.32
466,5,-0.6914526224136353,0.2955489456653595,2.189741611480713,0.32112010434244953,0.2865710644426457,0,0,0,0.12,0.01,0.0,0.01,0.1,0.9,-1.2,0.0,0,0,1,0,0.675,0.32
466,6,-0.47402191162109375,-0.42261824011802673,0.10586585104465485,-0.03419639446533638,0.095711040280232,0,0,0,0.12,0.01,0.0,0.01,0.1,0.9,-1.2,0.0,0,0,1,0,0.675,0.32
466,7,-1.0924068689346313,0.037263523787260056,2.9279234409332275,0.3643071992777182,0.3144014732457803,0,0,0,0.12,0.01,0.0,0.01,0.1,0.9,-1.2,0.0,0,0,1,0,0.675,0.32
467,0,0.19912636280059814,0.12920598685741425,0.0574110746383667,0.3344283110869712,0.34039437701575104,0,0,0,0.12,0.01,0.0,0.01,0.1,0.9,-1.2,0.0,0,0,1,0,0.675,0.32
467,1,-0.9104175567626953,-0.41899359226226807,3.133737325668335,0.3307033801266753,0.3253441428950228,0,0,0,0.12,0.01,0.0,0.01,0.1,0.9,-1.2,0.0,0,0,1,0,0.675,0.32
467,2,-0.2167530506849289,0.4231621026992798,-0.026348313316702843,0.15858139405870866,0.16031081666326094,0,0,0,0.12,0.01,0.0,0.01,0.1,0.9,-1.2,0.0,0,0,1,0,0.675,0.32
467,3,0.03281136602163315,-0.41925033926963806,0.033920302987098694,0.31617910516480957,0.3154081021525427,0,0,0,0.12,0.01,0.0,0.01,0.1,0.9,-1.2,0.0,0,0,1,0,0.675,0.32
467,4,-0.3138013482093811,-0.033694613724946976,1.3590247631072998,0.1232407772114238,0.06779064897990615,0,0,0,0.12,0.01,0.0,0.01,0.1,0.9,-1.2,0.0,0,0,1,0,0.675,0.32
467,5,-0.6918061375617981,0.29604580998420715,2.1885123252868652,0.3202002617618273,0.2857203510502149,0,0,0,0.12,0.01,0.0,0.01,0.1,0.9,-1.2,0.0,0,0,1,0,0.675,0.32
467,6,-0.4739578664302826,-0.4226113557815552,0.11005274951457977,-0.03933951668449656,0.09849452264615315,0,0,0,0.12,0.01,0.0,0.01,0.1,0.9,-1.2,0.0,0,0,1,0,0.675,0.32
467,7,-1.093071699142456,0.03740837052464485,2.9261515140533447,0.3634450791061128,0.31375273488161914,0,0,0,0.12,0.01,0.0,0.01,0.1,0.9,-1.2,0.0,0,0,1,0,0.675,0.32
468,0,0.19980214536190033,0.12924489378929138,0.05761818215250969,0.3334820080944832,0.33960725772888106,0,0,0,0.12,0.01,0.0,0.01,0.1,0.9,-1.2,0.0,0,0,1,0,0.675,0.32
468,1,-0.911077618598938,-0.41898834705352783,3.1335387229919434,0.32901606589620214,0.3236549732082595,0,0,0,0.12,0.01,0.0,0.01,0.1,0.9,-1.2,0.0,0,0,1,0,0.675,0.32
468,2,-0.21643301844596863,0.42315369844436646,-0.02632429637014866,0.15794873723047523,0.15991267076474874,0,0,0,0.12,0.01,0.0,0.01,0.1,0.9,-1.2,0.0,0,0,1,0,0.675,0.32
468,3,0.033445943146944046,-0.41922885179519653,0.033863164484500885,0.31469687380202993,0.3140969618379237,0,0,0,0.12,0.01,0.0,0.01,0.1,0.9,-1.2,0.0,0,0,1,0,0.675,0.32
468,4,-0.3137606680393219,-0.033506281673908234,1.3570666313171387,0.12255756517615417,0.0671194497707834,0,0,0,0.12,0.01,0.0,0.01,0.1,0.9,-1.2,0.0,0,0,1,0,0.675,0.32
468,5,-0.6921579837799072,0.296541690826416,2.1872856616973877,0.319275565718784,0.28487288179479636,0,0,0,0.12,0.01,0.0,0.01,0.1,0.9,-1.2,0.0,0,0,1,0,0.675,0.32
468,6,-0.4738962650299072,-0.4226043224334717,0.11456680297851562,-0.04306792419993957,0.09990825828754982,0,0,0,0.12,0.01,0.0,0.01,0.1,0.9,-1.2,0.0,0,0,1,0,0.675,0.32
468,7,-1.0937349796295166,0.03755410388112068,2.924387216567993,0.3625847810074723,0.3131038433745468,0,0,0,0.12,0.01,0.0,0.01,0.1,0.9,-1.2,0.0,0,0,1,0,0.675,0.32
469,0,0.20047619938850403,0.1292838603258133,0.057855356484651566,0.3326243460317581,0.3387336432794602,0,0,0,0.12,0.01,0.0,0.01,0.1,0.9,-1.2,0.0,0,0,1,0,0.675,0.32
469,1,-0.9117343425750732,-0.41898298263549805,3.133340835571289,0.3273301368664111,0.32198122683064084,0,0,0,0.12,0.01,0.0,0.01,0.1,0.9,-1.2,0.0,0,0,1,0,0.675,0.32
469,2,-0.21611402928829193,0.4231453239917755,-0.026211148127913475,0.15755266939770618,0.15928642953265268,0,0,0,0.12,0.01,0.0,0.01,0.1,0.9,-1.2,0.0,0,0,1,0,0.675,0.32
469,3,0.034077730029821396,-0.41920745372772217,0.033892225474119186,0.31351716450708367,0.31248461075765627,0,0,0,0.12,0.01,0.0,0.01,0.1,0.9,-1.2,0.0,0,0,1,0,0.675,0.32
469,4,-0.31371986865997314,-0.0333193801343441,1.3551101684570312,0.12187674396478451,0.06645621604479036,0,0,0,0.12,0.01,0.0,0.01,0.1,0.9,-1.2,0.0,0,0,1,0,0.675,0.32
469,5,-0.6925082206726074,0.2970365881919861,2.1860618591308594,0.318354267504887,0.2840209418266255,0,0,0,0.12,0.01,0.0,0.01,0.1,0.9,-1.2,0.0,0,0,1,0,0.675,0.32
469,6,-0.47383707761764526,-0.4225972294807434,0.11936414986848831,-0.046284243003183165,0.10085581569438534,0,0,0,0.12,0.01,0.0,0.01,0.1,0.9,-1.2,0.0,0,0,1,0,0.675,0.32
469,7,-1.0943963527679443,0.03770071640610695,2.9226300716400146,0.3617231219427614,0.31245869701933576,0,0,0,0.12,0.01,0.0,0.01,0.1,0.9,-1.2,0.0,0,0,1,0,0.675,0.32
470,0,0.20114850997924805,0.1293228566646576,0.058083027601242065,0.3317193453964464,0.33790951316983775,0,0,0,0.12,0.01,0.0,0.01,0.1,0.9,-1.2,0.0,0,0,1,0,0.675,0.32
470,1,-0.9123876690864563,-0.4189775288105011,3.1331427097320557,0.32565690417368787,0.3203118310443603,0,0,0,0.12,0.01,0.0,0.01,0.1,0.9,-1.2,0.0,0,0,1,0,0.675,0.32
470,2,-0.2157960683107376,0.42313700914382935,-0.026093244552612305,0.15720038329315875,0.1586249300365379,0,0,0,0.12,0.01,0.0,0.01,0.1,0.9,-1.2,0.0,0,0,1,0,0.675,0.32
470,3,0.0347067266702652,-0.41918617486953735,0.03389989584684372,0.31226481863816635,0.3109468035999928,0,0,0,0.12,0.01,0.0,0.01,0.1,0.9,-1.2,0.0,0,0,1,0,0.675,0.32
470,4,-0.31367895007133484,-0.033133890479803085,1.3531534671783447,0.12119192824310264,0.06580593242698708,0,0,0,0.12,0.01,0.0,0.01,0.1,0.9,-1.2,0.0,0,0,1,0,0.675,0.32
470,5,-0.6928567886352539,0.29753050208091736,2.1848409175872803,0.3174320741001564,0.28316876456103746,0,0,0,0.12,0.01,0.0,0.01,0.1,0.9,-1.2,0.0,0,0,1,0,0.675,0.32
470,6,-0.47378021478652954,-0.42259010672569275,0.12434939295053482,-0.0496270745717717,0.10197548714510926,0,0,0,0.12,0.01,0.0,0.01,0.1,0.9,-1.2,0.0,0,0,1,0,0.675,0.32
470,7,-1.0950560569763184,0.03784818574786186,2.9208805561065674,0.360863988989774,0.31181299150567887,0,0,0,0.12,0.01,0.0,0.01,0.1,0.9,-1.2,0.0,0,0,1,0,0.675,0.32
471,0,0.20181907713413239,0.12936191260814667,0.058288320899009705,0.3307245619806503,0.33717772884042513,0,0,0,0.12,0.01,0.0,0.01,0.1,0.9,-1.2,0.0,0,0,1,0,0.675,0.32
471,1,-0.9130375981330872,-0.418971985578537,3.1329450607299805,0.3240029912495528,0.31864057965041054,0,0,0,0.12,0.01,0.0,0.01,0.1,0.9,-1.2,0.0,0,0,1,0,0.675,0.32
471,2,-0.21547912061214447,0.42312875390052795,-0.026061873883008957,0.15662195019785624,0.1581980711930587,0,0,0,0.12,0.01,0.0,0.01,0.1,0.9,-1.2,0.0,0,0,1,0,0.675,0.32
471,3,0.03533293306827545,-0.4191650152206421,0.03381135314702988,0.310689881695373,0.3097337332834173,0,0,0,0.12,0.01,0.0,0.01,0.1,0.9,-1.2,0.0,0,0,1,0,0.675,0.32
471,4,-0.31363797187805176,-0.032949794083833694,1.351196050643921,0.12050104528429999,0.06516997128960594,0,0,0,0.12,0.01,0.0,0.01,0.1,0.9,-1.2,0.0,0,0,1,0,0.675,0.32
471,5,-0.6932036876678467,0.29802337288856506,2.183621644973755,0.3165032608039241,0.2823226111405034,0,0,0,0.12,0.01,0.0,0.01,0.1,0.9,-1.2,0.0,0,0,1,0,0.675,0.32
471,6,-0.47372564673423767,-0.42258307337760925,0.12948743999004364,-0.05452254281362698,0.10469556094130682,0,0,0,0.12,0.01,0.0,0.01,0.1,0.9,-1.2,0.0,0,0,1,0,0.675,0.32
471,7,-1.0957140922546387,0.03799647092819214,2.9191386699676514,0.36000445718272645,0.31116965179935974,0,0,0,0.12,0.01,0.0,0.01,0.1,0.9,-1.2,0.0,0,0,1,0,0.675,0.32
472,0,0.20248791575431824,0.12940101325511932,0.058507200330495834,0.32976225659452396,0.33641579106248903,0,0,0,0.12,0.01,0.0,0.01,0.1,0.9,-1.2,0.0,0,0,1,0,0.675,0.32
472,1,-0.9136842489242554,-0.4189663529396057,3.1327476501464844,0.32236190002606757,0.31697403032137506,0,0,0,0.12,0.01,0.0,0.01,0.1,0.9,-1.2,0.0,0,0,1,0,0.675,0.32
472,2,-0.2151632010936737,0.42312055826187134,-0.026056643575429916,0.1559958987366687,0.15782672833089725,0,0,0,0.12,0.01,0.0,0.01,0.1,0.9,-1.2,0.0,0,0,1,0,0.675,0.32
472,3,0.03595634922385216,-0.4191439747810364,0.03371620550751686,0.309090365350394,0.30854768615946315,0,0,0,0.12,0.01,0.0,0.01,0.1,0.9,-1.2,0.0,0,0,1,0,0.675,0.32
472,4,-0.3135969638824463,-0.032767072319984436,1.3492399454116821,0.11981391216928322,0.06453799401109855,0,0,0,0.12,0.01,0.0,0.01,0.1,0.9,-1.2,0.0,0,0,1,0,0.675,0.32
472,5,-0.6935490369796753,0.2985151708126068,2.1824047565460205,0.3155782292249955,0.2814719011422835,0,0,0,0.12,0.01,0.0,0.01,0.1,0.9,-1.2,0.0,0,0,1,0,0.675,0.32
472,6,-0.4736733138561249,-0.4225761592388153,0.13479167222976685,-0.061527018291898224,0.10957288075799511,0,0,0,0.12,0.01,0.0,0.01,0.1,0.9,-1.2,0.0,0,0,1,0,0.675,0.32
472,7,-1.0963703393936157,0.03814553841948509,2.9174039363861084,0.3591444882734171,0.3105291929857382,0,0,0,0.12,0.01,0.0,0.01,0.1,0.9,-1.2,0.0,0,0,1,0,0.675,0.32
473,0,0.2031550258398056,0.12944017350673676,0.05876024439930916,0.3289057243125341,0.33555052397085217,0,0,0,0.12,0.01,0.0,0.01,0.1,0.9,-1.2,0.0,0,0,1,0,0.675,0.32
473,1,-0.9143275022506714,-0.4189606010913849,3.13254976272583,0.32071867470446386,0.31532725806531153,0,0,0,0.12,0.01,0.0,0.01,0.1,0.9,-1.2,0.0,0,0,1,0,0.675,0.32
473,2,-0.21484829485416412,0.4231123626232147,-0.025972532108426094,0.15551676539734433,0.15731642456695014,0,0,0,0.12,0.01,0.0,0.01,0.1,0.9,-1.2,0.0,0,0,1,0,0.675,0.32
473,3,0.03657698258757591,-0.4191230535507202,0.03371333330869675,0.30779303362422256,0.307062255835006,0,0,0,0.12,0.01,0.0,0.01,0.1,0.9,-1.2,0.0,0,0,1,0,0.675,0.32
473,4,-0.3135559558868408,-0.032585710287094116,1.3472869396209717,0.11913718275228383,0.0639037937720692,0,0,0,0.12,0.01,0.0,0.01,0.1,0.9,-1.2,0.0,0,0,1,0,0.675,0.32
473,5,-0.693892776966095,0.2990059554576874,2.1811914443969727,0.31465511655903916,0.28061915302180185,0,0,0,0.12,0.01,0.0,0.01,0.1,0.9,-1.2,0.0,0,0,1,0,0.675,0.32
473,6,-0.4736231565475464,-0.4225693941116333,0.14034397900104523,-0.07099393000789854,0.1169612369496462,0,0,0,0.12,0.01,0.0,0.01,0.1,0.9,-1.2,0.0,0,0,1,0,0.675,0.32
473,7,-1.097024917602539,0.03829536586999893,2.915677070617676,0.3582873865776539,0.30988807233042714,0,0,0,0.12,0.01,0.0,0.01,0.1,0.9,-1.2,0.0,0,0,1,0,0.675,0.32
474,0,0.2038203924894333,0.12947936356067657,0.05901562049984932,0.3280437076911358,0.33469318500905954,0,0,0,0.12,0.01,0.0,0.01,0.1,0.9,-1.2,0.0,0,0,1,0,0.675,0.32
474,1,-0.9149674773216248,-0.4189547300338745,3.1323509216308594,0.31907007609710497,0.3137036212791462,0,0,0,0.12,0.01,0.0,0.01,0.1,0.9,-1.2,0.0,0,0,1,0,0.675,0.32
474,2,-0.21453437209129333,0.42310425639152527,-0.025847606360912323,0.15524923400260218,0.15660277410172216,0,0,0,0.12,0.01,0.0,0.01,0.1,0.9,-1.2,0.0,0,0,1,0,0.675,0.32
474,3,0.03719482943415642,-0.4191022515296936,0.03374040871858597,0.3065912553773962,0.30548437147273194,0,0,0,0.12,0.01,0.0,0.01,0.1,0.9,-1.2,0.0,0,0,1,0,0.675,0.32
474,4,-0.31351494789123535,-0.03240571171045303,1.3453359603881836,0.11845991985790887,0.06327850146300636,0,0,0,0.12,0.01,0.0,0.01,0.1,0.9,-1.2,0.0,0,0,1,0,0.675,0.32
474,5,-0.6942349672317505,0.2994956374168396,2.179981231689453,0.31373732016898814,0.27976031376503285,0,0,0,0.12,0.01,0.0,0.01,0.1,0.9,-1.2,0.0,0,0,1,0,0.675,0.32
474,6,-0.4735751450061798,-0.42256271839141846,0.1462727040052414,-0.08225303098846229,0.12618794247794898,0,0,0,0.12,0.01,0.0,0.01,0.1,0.9,-1.2,0.0,0,0,1,0,0.675,0.32
474,7,-1.0976777076721191,0.03844594955444336,2.9139578342437744,0.35743027347871614,0.30924958568266087,0,0,0,0.12,0.01,0.0,0.01,0.1,0.9,-1.2,0.0,0,0,1,0,0.675,0.32
475,0,0.20448404550552368,0.12951862812042236,0.05924413725733757,0.32707653971182654,0.33394362000954797,0,0,0,0.12,0.01,0.0,0.01,0.1,0.9,-1.2,0.0,0,0,1,0,0.675,0.32
475,1,-0.9156041145324707,-0.418948769569397,3.1321518421173096,0.3174319949952954,0.31208800403195686,0,0,0,0.12,0.01,0.0,0.01,0.1,0.9,-1.2,0.0,0,0,1,0,0.675,0.32
475,2,-0.21422144770622253,0.4230961799621582,-0.025792749598622322,0.15475168927111052,0.15612736241422273,0,0,0,0.12,0.01,0.0,0.01,0.1,0.9,-1.2,0.0,0,0,1,0,0.675,0.32
475,3,0.03780989348888397,-0.41908153891563416,0.033687423914670944,0.30513652090110316,0.3041629004093216,0,0,0,0.12,0.01,0.0,0.01,0.1,0.9,-1.2,0.0,0,0,1,0,0.675,0.32
475,4,-0.3134738802909851,-0.03222706541419029,1.3433852195739746,0.1177838781598164,0.06266231446236835,0,0,0,0.12,0.01,0.0,0.01,0.1,0.9,-1.2,0.0,0,0,1,0,0.675,0.32
475,5,-0.6945755481719971,0.29998430609703064,2.1787726879119873,0.31281547323840986,0.2789053462348567,0,0,0,0.12,0.01,0.0,0.01,0.1,0.9,-1.2,0.0,0,0,1,0,0.675,0.32
475,6,-0.47352924942970276,-0.42255595326423645,0.15275217592716217,-0.09269933636148178,0.1346422904248973,0,0,0,0.12,0.01,0.0,0.01,0.1,0.9,-1.2,0.0,0,0,1,0,0.675,0.32
475,7,-1.0983288288116455,0.038597311824560165,2.912245988845825,0.3565741062040892,0.3086122393731508,0,0,0,0.12,0.01,0.0,0.01,0.1,0.9,-1.2,0.0,0,0,1,0,0.675,0.32
476,0,0.2051459550857544,0.12955795228481293,0.059469982981681824,0.3260900129410576,0.3332165132430244,0,0,0,0.12,0.01,0.0,0.01,0.1,0.9,-1.2,0.0,0,0,1,0,0.675,0.32
476,1,-0.9162375330924988,-0.41894271969795227,3.131953477859497,0.31580681900130597,0.3104779591168276,0,0,0,0.12,0.01,0.0,0.01,0.1,0.9,-1.2,0.0,0,0,1,0,0.675,0.32
476,2,-0.21390949189662933,0.4230881333351135,-0.025801455602049828,0.1540405332039601,0.15587301264297898,0,0,0,0.12,0.01,0.0,0.01,0.1,0.9,-1.2,0.0,0,0,1,0,0.675,0.32
476,3,0.03842218592762947,-0.41906094551086426,0.03359179198741913,0.30354088962375925,0.302986081239583,0,0,0,0.12,0.01,0.0,0.01,0.1,0.9,-1.2,0.0,0,0,1,0,0.675,0.32
476,4,-0.3134327232837677,-0.03204978257417679,1.3414357900619507,0.11710420423032336,0.06205962426184126,0,0,0,0.12,0.01,0.0,0.01,0.1,0.9,-1.2,0.0,0,0,1,0,0.675,0.32
476,5,-0.6949145197868347,0.3004719316959381,2.177565813064575,0.3118891606803837,0.27805454630890464,0,0,0,0.12,0.01,0.0,0.01,0.1,0.9,-1.2,0.0,0,0,1,0,0.675,0.32
476,6,-0.47348544001579285,-0.4225490689277649,0.15993289649486542,-0.10165147091219916,0.14164112861226097,0,0,0,0.12,0.01,0.0,0.01,0.1,0.9,-1.2,0.0,0,0,1,0,0.675,0.32
476,7,-1.0989782810211182,0.038749463856220245,2.9105420112609863,0.3557197683053119,0.30797520945500306,0,0,0,0.12,0.01,0.0,0.01,0.1,0.9,-1.2,0.0,0,0,1,0,0.675,0.32
477,0,0.20580615103244781,0.12959735095500946,0.059728316962718964,0.32520263863333715,0.3323929362224673,0,0,0,0.12,0.01,0.0,0.01,0.1,0.9,-1.2,0.0,0,0,1,0,0.675,0.32
477,1,-0.9168676733970642,-0.4189365804195404,3.131755828857422,0.31419307517661205,0.30887531710015187,0,0,0,0.12,0.01,0.0,0.01,0.1,0.9,-1.2,0.0,0,0,1,0,0.675,0.32
477,2,-0.21359851956367493,0.4230801463127136,-0.025752827525138855,0.15353216540443995,0.1554242788590183,0,0,0,0.12,0.01,0.0,0.01,0.1,0.9,-1.2,0.0,0,0,1,0,0.675,0.32
477,3,0.03903169929981232,-0.4190405011177063,0.03357112035155296,0.3021763211416019,0.3015825504137265,0,0,0,0.12,0.01,0.0,0.01,0.1,0.9,-1.2,0.0,0,0,1,0,0.675,0.32
477,4,-0.31339144706726074,-0.031873852014541626,1.3394895792007446,0.11643979724862655,0.06145211282751481,0,0,0,0.12,0.01,0.0,0.01,0.1,0.9,-1.2,0.0,0,0,1,0,0.675,0.32
477,5,-0.6952518224716187,0.300958514213562,2.176361560821533,0.3109638712437749,0.2772026040522456,0,0,0,0.12,0.01,0.0,0.01,0.1,0.9,-1.2,0.0,0,0,1,0,0.675,0.32
477,6,-0.4734436869621277,-0.422542005777359,0.16779498755931854,-0.10829789997777405,0.146369383351416,0,0,0,0.12,0.01,0.0,0.01,0.1,0.9,-1.2,0.0,0,0,1,0,0.675,0.32
477,7,-1.0996259450912476,0.038902413100004196,2.9088456630706787,0.3548649864811498,0.30734094804338635,0,0,0,0.12,0.01,0.0,0.01,0.1,0.9,-1.2,0.0,0,0,1,0,0.675,0.32
478,0,0.20646461844444275,0.12963680922985077,0.060004428029060364,0.3243639976478869,0.3315237849258131,0,0,0,0.12,0.01,0.0,0.01,0.1,0.9,-1.2,0.0,0,0,1,0,0.675,0.32
478,1,-0.9174945950508118,-0.4189303517341614,3.131558895111084,0.31259216513361404,0.30727873597417404,0,0,0,0.12,0.01,0.0,0.01,0.1,0.9,-1.2,0.0,0,0,1,0,0.675,0.32
478,2,-0.21328851580619812,0.4230721890926361,-0.02562372200191021,0.1532360251052273,0.1547711257832157,0,0,0,0.12,0.01,0.0,0.01,0.1,0.9,-1.2,0.0,0,0,1,0,0.675,0.32
478,3,0.03963844105601311,-0.4190201461315155,0.03361295908689499,0.3010309116848943,0.2999638540736201,0,0,0,0.12,0.01,0.0,0.01,0.1,0.9,-1.2,0.0,0,0,1,0,0.675,0.32
478,4,-0.3133500814437866,-0.03169926255941391,1.337546706199646,0.11578574286379537,0.06084532035908977,0,0,0,0.12,0.01,0.0,0.01,0.1,0.9,-1.2,0.0,0,0,1,0,0.675,0.32
478,5,-0.6955875158309937,0.30144405364990234,2.1751608848571777,0.3100386859148474,0.27635043847861573,0,0,0,0.12,0.01,0.0,0.01,0.1,0.9,-1.2,0.0,0,0,1,0,0.675,0.32
478,6,-0.4734039604663849,-0.4225347936153412,0.1762322634458542,-0.11325012877134179,0.14943780734685755,0,0,0,0.12,0.01,0.0,0.01,0.1,0.9,-1.2,0.0,0,0,1,0,0.675,0.32
478,7,-1.1002719402313232,0.03905614838004112,2.9071569442749023,0.3540113366900295,0.3067077003659398,0,0,0,0.12,0.01,0.0,0.01,0.1,0.9,-1.2,0.0,0,0,1,0,0.675,0.32
479,0,0.2071213722229004,0.12967634201049805,0.0602608285844326,0.3234482420013259,0.33073472852250835,0,0,0,0.12,0.01,0.0,0.01,0.1,0.9,-1.2,0.0,0,0,1,0,0.675,0.32
479,1,-0.9181182384490967,-0.4189240634441376,3.1313624382019043,0.3110181440832704,0.3056747565743834,0,0,0,0.12,0.01,0.0,0.01,0.1,0.9,-1.2,0.0,0,0,1,0,0.675,0.32
479,2,-0.21297946572303772,0.42306429147720337,-0.025531478226184845,0.15286619295090353,0.1541996813872465,0,0,0,0.12,0.01,0.0,0.01,0.1,0.9,-1.2,0.0,0,0,1,0,0.675,0.32
479,3,0.04024241864681244,-0.41899988055229187,0.03359105437994003,0.29968564081665927,0.29854978751662314,0,0,0,0.12,0.01,0.0,0.01,0.1,0.9,-1.2,0.0,0,0,1,0,0.675,0.32
479,4,-0.3133086562156677,-0.031525999307632446,1.3356049060821533,0.11512148750406542,0.060256924504220086,0,0,0,0.12,0.01,0.0,0.01,0.1,0.9,-1.2,0.0,0,0,1,0,0.675,0.32
479,5,-0.6959215998649597,0.3019285798072815,2.173962116241455,0.30911377625292047,0.2754981164472749,0,0,0,0.12,0.01,0.0,0.01,0.1,0.9,-1.2,0.0,0,0,1,0,0.675,0.32
479,6,-0.4733661711215973,-0.42252764105796814,0.18509382009506226,-0.120168408418993,0.15451431092152976,0,0,0,0.12,0.01,0.0,0.01,0.1,0.9,-1.2,0.0,0,0,1,0,0.675,0.32
479,7,-1.1009161472320557,0.039210639894008636,2.9054758548736572,0.35315590993573953,0.30607855423280905,0,0,0,0.12,0.01,0.0,0.01,0.1,0.9,-1.2,0.0,0,0,1,0,0.675,0.32
480,0,0.20777641236782074,0.1297159343957901,0.06050335615873337,0.32247500479018915,0.3300063723345973,0,0,0,0.12,0.01,0.0,0.01,0.1,0.9,-1.2,0.0,0,0,1,0,0.675,0.32
480,1,-0.9187387228012085,-0.4189176559448242,3.1311659812927246,0.30943926639886893,0.30409452848104435,0,0,0,0.12,0.01,0.0,0.01,0.1,0.9,-1.2,0.0,0,0,1,0,0.675,0.32
480,2,-0.21267136931419373,0.423056423664093,-0.02552584931254387,0.1522202426421878,0.15391198454020052,0,0,0,0.12,0.01,0.0,0.01,0.1,0.9,-1.2,0.0,0,0,1,0,0.675,0.32
480,3,0.04084363207221031,-0.4189797341823578,0.03348824009299278,0.29807230776495114,0.2974087899332606,0,0,0,0.12,0.01,0.0,0.01,0.1,0.9,-1.2,0.0,0,0,1,0,0.675,0.32
480,4,-0.31326720118522644,-0.031354039907455444,1.333663821220398,0.11445109991527411,0.05968252869152218,0,0,0,0.12,0.01,0.0,0.01,0.1,0.9,-1.2,0.0,0,0,1,0,0.675,0.32
480,5,-0.6962540745735168,0.3024120032787323,2.1727652549743652,0.30818346361942706,0.2746517338293034,0,0,0,0.12,0.01,0.0,0.01,0.1,0.9,-1.2,0.0,0,0,1,0,0.675,0.32
480,6,-0.4733302891254425,-0.4225206673145294,0.19426405429840088,-0.1317973729848096,0.16434672816388102,0,0,0,0.12,0.01,0.0,0.01,0.1,0.9,-1.2,0.0,0,0,1,0,0.675,0.32
480,7,-1.1015586853027344,0.039365850389003754,2.9038023948669434,0.35230419298694626,0.30544802287532796,0,0,0,0.12,0.01,0.0,0.01,0.1,0.9,-1.2,0.0,0,0,1,0,0.675,0.32
481,0,0.2084297388792038,0.12975560128688812,0.060770075768232346,0.32157309147550384,0.32920937445924964,0,0,0,0.12,0.01,0.0,0.01,0.1,0.9,-1.2,0.0,0,0,1,0,0.675,0.32
481,1,-0.9193559885025024,-0.4189111590385437,3.1309688091278076,0.3078699256489938,0.3025235985209281,0,0,0,0.12,0.01,0.0,0.01,0.1,0.9,-1.2,0.0,0,0,1,0,0.675,0.32
481,2,-0.21236421167850494,0.42304861545562744,-0.025505466386675835,0.1516594928824624,0.1535467761433402,0,0,0,0.12,0.01,0.0,0.01,0.1,0.9,-1.2,0.0,0,0,1,0,0.675,0.32
481,3,0.04144208878278732,-0.41895973682403564,0.0334266722202301,0.2965725900525289,0.2961595414286417,0,0,0,0.12,0.01,0.0,0.01,0.1,0.9,-1.2,0.0,0,0,1,0,0.675,0.32
481,4,-0.31322577595710754,-0.031183365732431412,1.33172607421875,0.1137764949843167,0.05911978590042602,0,0,0,0.12,0.01,0.0,0.01,0.1,0.9,-1.2,0.0,0,0,1,0,0.675,0.32
481,5,-0.6965850591659546,0.30289435386657715,2.1715714931488037,0.30726033129646085,0.2737984093193839,0,0,0,0.12,0.01,0.0,0.01,0.1,0.9,-1.2,0.0,0,0,1,0,0.675,0.32
481,6,-0.47329622507095337,-0.4225139915943146,0.20383477210998535,-0.15071362595858515,0.18151687424483237,0,0,0,0.12,0.01,0.0,0.01,0.1,0.9,-1.2,0.0,0,0,1,0,0.675,0.32
481,7,-1.1021995544433594,0.039521750062704086,2.902137041091919,0.35145269143150776,0.30481977951957256,0,0,0,0.12,0.01,0.0,0.01,0.1,0.9,-1.2,0.0,0,0,1,0,0.675,0.32
482,0,0.20908135175704956,0.12979532778263092,0.061063334345817566,0.3207514868841516,0.3283352865113867,0,0,0,0.12,0.01,0.0,0.01,0.1,0.9,-1.2,0.0,0,0,1,0,0.675,0.32
482,1,-0.9199701547622681,-0.418904572725296,3.1307713985443115,0.3063067774181615,0.3009653707141627,0,0,0,0.12,0.01,0.0,0.01,0.1,0.9,-1.2,0.0,0,0,1,0,0.675,0.32
482,2,-0.21205799281597137,0.42304086685180664,-0.025395231321454048,0.1513999032455032,0.1528884542507584,0,0,0,0.12,0.01,0.0,0.01,0.1,0.9,-1.2,0.0,0,0,1,0,0.675,0.32
482,3,0.04203778877854347,-0.41893982887268066,0.033453568816185,0.2953729970607455,0.29461577103999304,0,0,0,0.12,0.01,0.0,0.01,0.1,0.9,-1.2,0.0,0,0,1,0,0.675,0.32
482,4,-0.31318438053131104,-0.0310139711946249,1.3297926187515259,0.1131033202762373,0.058563570106529406,0,0,0,0.12,0.01,0.0,0.01,0.1,0.9,-1.2,0.0,0,0,1,0,0.675,0.32
482,5,-0.6969144344329834,0.30337560176849365,2.1703810691833496,0.30633871978016647,0.27294433886317465,0,0,0,0.12,0.01,0.0,0.01,0.1,0.9,-1.2,0.0,0,0,1,0,0.675,0.32
482,6,-0.4732639491558075,-0.42250752449035645,0.2140904814004898,-0.17575943497096874,0.20486471456562855,0,0,0,0.12,0.01,0.0,0.01,0.1,0.9,-1.2,0.0,0,0,1,0,0.675,0.32
482,7,-1.1028386354446411,0.03967832401394844,2.900479316711426,0.35060347683650395,0.30419181220310787,0,0,0,0.12,0.01,0.0,0.01,0.1,0.9,-1.2,0.0,0,0,1,0,0.675,0.32
483,0,0.20973126590251923,0.1298351287841797,0.06134472414851189,0.3198810455823634,0.3275133135294224,0,0,0,0.12,0.01,0.0,0.01,0.1,0.9,-1.2,0.0,0,0,1,0,0.675,0.32
483,1,-0.9205811023712158,-0.4188978970050812,3.1305739879608154,0.304754065530443,0.299416495306349,0,0,0,0.12,0.01,0.0,0.01,0.1,0.9,-1.2,0.0,0,0,1,0,0.675,0.32
483,2,-0.21175269782543182,0.42303311824798584,-0.02528219483792782,0.15106693986940367,0.1523103308291437,0,0,0,0.12,0.01,0.0,0.01,0.1,0.9,-1.2,0.0,0,0,1,0,0.675,0.32
483,3,0.042630743235349655,-0.41892001032829285,0.03346356377005577,0.29412814110226704,0.2931231644778721,0,0,0,0.12,0.01,0.0,0.01,0.1,0.9,-1.2,0.0,0,0,1,0,0.675,0.32
483,4,-0.31314295530319214,-0.030845848843455315,1.3278625011444092,0.11242538704389318,0.05802029357439295,0,0,0,0.12,0.01,0.0,0.01,0.1,0.9,-1.2,0.0,0,0,1,0,0.675,0.32
483,5,-0.6972423195838928,0.3038557767868042,2.1691932678222656,0.30541903039341856,0.2720887635099322,0,0,0,0.12,0.01,0.0,0.01,0.1,0.9,-1.2,0.0,0,0,1,0,0.675,0.32
483,6,-0.4732334613800049,-0.4225011467933655,0.2255023866891861,-0.20448726696024938,0.2319401400263171,0,0,0,0.12,0.01,0.0,0.01,0.1,0.9,-1.2,0.0,0,0,1,0,0.675,0.32
483,7,-1.1034761667251587,0.039835575968027115,2.898829698562622,0.34975529786650794,0.3035651338427816,0,0,0,0.12,0.01,0.0,0.01,0.1,0.9,-1.2,0.0,0,0,1,0,0.675,0.32
484,0,0.2103794664144516,0.12987500429153442,0.061601780354976654,0.318919374402479,0.3267859082856619,0,0,0,0.12,0.01,0.0,0.01,0.1,0.9,-1.2,0.0,0,0,1,0,0.675,0.32
484,1,-0.92118901014328,-0.41889113187789917,3.1303765773773193,0.30320512909196823,0.29788309674955393,0,0,0,0.12,0.01,0.0,0.01,0.1,0.9,-1.2,0.0,0,0,1,0,0.675,0.32
484,2,-0.2114483267068863,0.4230254292488098,-0.025263706222176552,0.15049975682437441,0.15197408627331238,0,0,0,0.12,0.01,0.0,0.01,0.1,0.9,-1.2,0.0,0,0,1,0,0.675,0.32
484,3,0.04322095587849617,-0.4189003109931946,0.03338688984513283,0.2925962731345702,0.2919236495987367,0,0,0,0.12,0.01,0.0,0.01,0.1,0.9,-1.2,0.0,0,0,1,0,0.675,0.32
484,4,-0.31310153007507324,-0.03067900612950325,1.3259351253509521,0.11176163288318663,0.057474028742675494,0,0,0,0.12,0.01,0.0,0.01,0.1,0.9,-1.2,0.0,0,0,1,0,0.675,0.32
484,5,-0.6975685954093933,0.3043348491191864,2.1680068969726562,0.30449669358623094,0.27123678925144606,0,0,0,0.12,0.01,0.0,0.01,0.1,0.9,-1.2,0.0,0,0,1,0,0.675,0.32
484,6,-0.47320473194122314,-0.4224946200847626,0.23852555453777313,-0.2317906057026252,0.25762518658600897,0,0,0,0.12,0.01,0.0,0.01,0.1,0.9,-1.2,0.0,0,0,1,0,0.675,0.32
484,7,-1.104111909866333,0.0399935245513916,2.8971874713897705,0.3489078948005899,0.302940182973458,0,0,0,0.12,0.01,0.0,0.01,0.1,0.9,-1.2,0.0,0,0,1,0,0.675,0.32
485,0,0.21102596819400787,0.12991495430469513,0.061869390308856964,0.3179842267844292,0.3260354961541084,0,0,0,0.12,0.01,0.0,0.01,0.1,0.9,-1.2,0.0,0,0,1,0,0.675,0.32
485,1,-0.9217937588691711,-0.41888427734375,3.1301794052124023,0.3016602646158658,0.2963658918096102,0,0,0,0.12,0.01,0.0,0.01,0.1,0.9,-1.2,0.0,0,0,1,0,0.675,0.32
485,2,-0.21114486455917358,0.4230177700519562,-0.025270113721489906,0.1498349284710092,0.15174332503660493,0,0,0,0.12,0.01,0.0,0.01,0.1,0.9,-1.2,0.0,0,0,1,0,0.675,0.32
485,3,0.043808434158563614,-0.41888073086738586,0.03331315144896507,0.29107163994232704,0.29072262199004606,0,0,0,0.12,0.01,0.0,0.01,0.1,0.9,-1.2,0.0,0,0,1,0,0.675,0.32
485,4,-0.3130600154399872,-0.03051343932747841,1.3240123987197876,0.11111684823173096,0.0569197914586682,0,0,0,0.12,0.01,0.0,0.01,0.1,0.9,-1.2,0.0,0,0,1,0,0.675,0.32
485,5,-0.6978932619094849,0.30481287837028503,2.166822671890259,0.30357040563668863,0.2703896006003414,0,0,0,0.12,0.01,0.0,0.01,0.1,0.9,-1.2,0.0,0,0,1,0,0.675,0.32
485,6,-0.47317779064178467,-0.422487735748291,0.2534618675708771,-0.25279717441747185,0.2770390875274896,0,0,0,0.12,0.01,0.0,0.01,0.1,0.9,-1.2,0.0,0,0,1,0,0.675,0.32
485,7,-1.1047459840774536,0.040152180939912796,2.8955531120300293,0.3480627894833447,0.30231531854125243,0,0,0,0.12,0.01,0.0,0.01,0.1,0.9,-1.2,0.0,0,0,1,0,0.675,0.32
486,0,0.21167077124118805,0.129954993724823,0.06216898560523987,0.31714727292984746,0.3251904069331286,0,0,0,0.12,0.01,0.0,0.01,0.1,0.9,-1.2,0.0,0,0,1,0,0.675,0.32
486,1,-0.9223954081535339,-0.41887736320495605,3.1299827098846436,0.3001379531506274,0.29484616101944705,0,0,0,0.12,0.01,0.0,0.01,0.1,0.9,-1.2,0.0,0,0,1,0,0.675,0.32
486,2,-0.2108422964811325,0.4230101704597473,-0.02518947422504425,0.14947275907860957,0.1512172660125617,0,0,0,0.12,0.01,0.0,0.01,0.1,0.9,-1.2,0.0,0,0,1,0,0.675,0.32
486,3,0.04439317807555199,-0.4188612401485443,0.0333319790661335,0.28986178560759596,0.2892139680812163,0,0,0,0.12,0.01,0.0,0.01,0.1,0.9,-1.2,0.0,0,0,1,0,0.675,0.32
486,4,-0.31301844120025635,-0.030349142849445343,1.3220953941345215,0.1104894591389451,0.05636085440532828,0,0,0,0.12,0.01,0.0,0.01,0.1,0.9,-1.2,0.0,0,0,1,0,0.675,0.32
486,5,-0.6982163786888123,0.3052898049354553,2.1656417846679688,0.30264768969964856,0.2695395551924718,0,0,0,0.12,0.01,0.0,0.01,0.1,0.9,-1.2,0.0,0,0,1,0,0.675,0.32
486,6,-0.4731525480747223,-0.4224805235862732,0.27028271555900574,-0.2680815314713751,0.2907520146880184,0,0,0,0.12,0.01,0.0,0.01,0.1,0.9,-1.2,0.0,0,0,1,0,0.675,0.32
486,7,-1.1053783893585205,0.040311552584171295,2.8939266204833984,0.3472161953275619,0.3016941483194412,0,0,0,0.12,0.01,0.0,0.01,0.1,0.9,-1.2,0.0,0,0,1,0,0.675,0.32
487,0,0.21231389045715332,0.12999512255191803,0.0624721422791481,0.3163154481315018,0.32434382453924404,0,0,0,0.12,0.01,0.0,0.01,0.1,0.9,-1.2,0.0,0,0,1,0,0.675,0.32
487,1,-0.9229940176010132,-0.41887035965919495,3.129786968231201,0.2986200340045468,0.2933415286289676,0,0,0,0.12,0.01,0.0,0.01,0.1,0.9,-1.2,0.0,0,0,1,0,0.675,0.32
487,2,-0.21054063737392426,0.42300260066986084,-0.0250573568046093,0.14924060913232395,0.1505685785183566,0,0,0,0.12,0.01,0.0,0.01,0.1,0.9,-1.2,0.0,0,0,1,0,0.675,0.32
487,3,0.044975198805332184,-0.4188418686389923,0.03337044268846512,0.2887118367093861,0.287652382479304,0,0,0,0.12,0.01,0.0,0.01,0.1,0.9,-1.2,0.0,0,0,1,0,0.675,0.32
487,4,-0.31297677755355835,-0.03018609993159771,1.3201818466186523,0.10985978884423019,0.05581558304106949,0,0,0,0.12,0.01,0.0,0.01,0.1,0.9,-1.2,0.0,0,0,1,0,0.675,0.32
487,5,-0.6985378861427307,0.30576568841934204,2.164463758468628,0.3017277263770285,0.2686877108444986,0,0,0,0.12,0.01,0.0,0.01,0.1,0.9,-1.2,0.0,0,0,1,0,0.675,0.32
487,6,-0.47312888503074646,-0.42247310280799866,0.2886083424091339,-0.2813848221164876,0.30250901183604534,0,0,0,0.12,0.01,0.0,0.01,0.1,0.9,-1.2,0.0,0,0,1,0,0.675,0.32
487,7,-1.1060090065002441,0.04047161340713501,2.892307996749878,0.34637139423537094,0.30107386724305313,0,0,0,0.12,0.01,0.0,0.01,0.1,0.9,-1.2,0.0,0,0,1,0,0.675,0.32
488,0,0.2129553109407425,0.13003532588481903,0.06275162845849991,0.3153955935961889,0.3235887885563685,0,0,0,0.12,0.01,0.0,0.01,0.1,0.9,-1.2,0.0,0,0,1,0,0.675,0.32
488,1,-0.9235895276069641,-0.4188632667064667,3.129591464996338,0.2971119092192975,0.291846711805788,0,0,0,0.12,0.01,0.0,0.01,0.1,0.9,-1.2,0.0,0,0,1,0,0.675,0.32
488,2,-0.21023985743522644,0.42299509048461914,-0.02499868907034397,0.14883878972357592,0.15009701106721082,0,0,0,0.12,0.01,0.0,0.01,0.1,0.9,-1.2,0.0,0,0,1,0,0.675,0.32
488,3,0.045554500073194504,-0.41882258653640747,0.033317048102617264,0.2872722396671184,0.28638777639275714,0,0,0,0.12,0.01,0.0,0.01,0.1,0.9,-1.2,0.0,0,0,1,0,0.675,0.32
488,4,-0.31293511390686035,-0.030024291947484016,1.3182694911956787,0.10921371034631243,0.05529466219892986,0,0,0,0.12,0.01,0.0,0.01,0.1,0.9,-1.2,0.0,0,0,1,0,0.675,0.32
488,5,-0.698857843875885,0.3062404990196228,2.163287878036499,0.3008038406480431,0.2678408021818519,0,0,0,0.12,0.01,0.0,0.01,0.1,0.9,-1.2,0.0,0,0,1,0,0.675,0.32
488,6,-0.4731067717075348,-0.4224659204483032,0.3080311119556427,-0.3057063440158243,0.3253339560999746,0,0,0,0.12,0.01,0.0,0.01,0.1,0.9,-1.2,0.0,0,0,1,0,0.675,0.32
488,7,-1.1066380739212036,0.04063233733177185,2.8906970024108887,0.345527822632913,0.3004545620487887,0,0,0,0.12,0.01,0.0,0.01,0.1,0.9,-1.2,0.0,0,0,1,0,0.675,0.32
489,0,0.21359503269195557,0.1300756186246872,0.06302907317876816,4.845334080428652,6.28,1,0,1,0.12,0.01,0.0,0.01,0.1,0.9,-1.2,0.0,0,0,1,0,0.675,0.32
489,1,-0.9241820573806763,-0.41885611414909363,3.1293962001800537,0.2956268350816769,0.29034791782130764,0,0,0,0.12,0.01,0.0,0.01,0.1,0.9,-1.2,0.0,0,0,1,0,0.675,0.32
489,2,-0.20993997156620026,0.42298758029937744,-0.025007521733641624,6.28,5.752101088340923,1,0,1,0.12,0.01,0.0,0.01,0.1,0.9,-1.2,0.0,0,0,1,0,0.675,0.32
489,3,0.04613109305500984,-0.4188034236431122,0.03321652486920357,1.8151540456531496,6.28,1,0,1,0.12,0.01,0.0,0.01,0.1,0.9,-1.2,0.0,0,0,1,0,0.675,0.32
489,4,-0.31289345026016235,-0.029863694682717323,1.3163596391677856,6.28,1.3841702801599756,1,0,1,0.12,0.01,0.0,0.01,0.1,0.9,-1.2,0.0,0,0,1,0,0.675,0.32
489,5,-0.6991762518882751,0.30671417713165283,2.162113904953003,2.7719760247277505,-6.28,1,0,1,0.12,0.01,0.0,0.01,0.1,0.9,-1.2,0.0,0,0,1,0,0.675,0.32
489,6,-0.4730861186981201,-0.4224592447280884,0.32836610078811646,5.0003098558372,6.28,1,0,1,0.12,0.01,0.0,0.01,0.1,0.9,-1.2,0.0,0,0,1,0,0.675,0.32
489,7,-1.1072653532028198,0.04079368710517883,2.8890938758850098,2.5202081518334154,-6.28,1,0,1,0.12,0.01,0.0,0.01,0.1,0.9,-1.2,0.0,0,0,1,0,0.675,0.32
490,0,0.21423308551311493,0.13011598587036133,0.06333606690168381,4.844049492329748,6.28,1,0,1,0.12,0.01,0.0,0.01,0.1,0.9,-1.2,0.0,0,0,1,0,0.675,0.32
490,1,-0.9247715473175049,-0.4188488721847534,3.1292014122009277,0.2941507684616941,0.2888590109915835,0,0,0,0.12,0.01,0.0,0.01,0.1,0.9,-1.2,0.0,0,0,1,0,0.675,0.32
490,2,-0.20964094996452332,0.4229801595211029,-0.02496338076889515,6.28,5.751372503006062,1,0,1,0.12,0.01,0.0,0.01,0.1,0.9,-1.2,0.0,0,0,1,0,0.675,0.32
490,3,0.0467049814760685,-0.41878437995910645,0.03319232538342476,1.8100896949854426,6.28,1,0,1,0.12,0.01,0.0,0.01,0.1,0.9,-1.2,0.0,0,0,1,0,0.675,0.32
490,4,-0.31285184621810913,-0.029704291373491287,1.3144550323486328,6.28,1.3968182817451547,1,0,1,0.12,0.01,0.0,0.01,0.1,0.9,-1.2,0.0,0,0,1,0,0.675,0.32
490,5,-0.6994931697845459,0.3071867525577545,2.160943031311035,2.7729088133330366,-6.28,1,0,1,0.12,0.01,0.0,0.01,0.1,0.9,-1.2,0.0,0,0,1,0,0.675,0.32
490,6,-0.4730668067932129,-0.4224531650543213,0.3502044677734375,5.102699518531358,6.28,1,0,1,0.12,0.01,0.0,0.01,0.1,0.9,-1.2,0.0,0,0,1,0,0.675,0.32
490,7,-1.1078909635543823,0.04095563665032387,2.887498617172241,2.518762345846633,-6.28,1,0,1,0.12,0.01,0.0,0.01,0.1,0.9,-1.2,0.0,0,0,1,0,0.675,0.32
491,0,0.22309942543506622,0.13084463775157928,0.10383041948080063,5.027260868862421,6.28,1,0,1,0.12,0.01,0.0,0.01,0.1,0.9,-1.2,0.0,0,0,1,0,0.675,0.32
491,1,-0.9253581166267395,-0.41884154081344604,3.1290063858032227,0.16513217668076977,0.3706349017188884,0,0,0,0.12,0.01,0.0,0.01,0.1,0.9,-1.2,0.0,0,0,1,0,0.675,0.32
491,2,-0.20036159455776215,0.4226762056350708,-0.039917007088661194,6.28,5.809170881111926,1,0,1,0.12,0.01,0.0,0.01,0.1,0.9,-1.2,0.0,0,0,1,0,0.675,0.32
491,3,0.0531974732875824,-0.4181857109069824,0.16282373666763306,2.749192268993296,6.28,1,0,1,0.12,0.01,0.0,0.01,0.1,0.9,-1.2,0.0,0,0,1,0,0.675,0.32
491,4,-0.3108883798122406,-0.023923411965370178,1.1724560260772705,6.28,2.3724404591495625,1,0,1,0.12,0.01,0.0,0.01,0.1,0.9,-1.2,0.0,0,0,1,0,0.675,0.32
491,5,-0.6982583403587341,0.3047584295272827,1.904672622680664,3.3851718650970453,-6.28,1,0,1,0.12,0.01,0.0,0.01,0.1,0.9,-1.2,0.0,0,0,1,0,0.675,0.32
491,6,-0.4650982618331909,-0.4192364513874054,0.4068354368209839,5.310391799870288,6.28,1,0,1,0.12,0.01,0.0,0.01,0.1,0.9,-1.2,0.0,0,0,1,0,0.675,0.32
491,7,-1.1051757335662842,0.03989556059241295,2.6376099586486816,2.5713732334849566,-6.28,1,0,1,0.12,0.01,0.0,0.01,0.1,0.9,-1.2,0.0,0,0,1,0,0.675,0.32
492,0,0.2341117113828659,0.13224387168884277,0.15438053011894226,5.250459153057748,6.28,1,0,1,0.12,0.01,0.0,0.01,0.1,0.9,-1.2,0.0,0,0,1,0,0.675,0.32
492,1,-0.9259416460990906,-0.4188341200351715,3.1288108825683594,-0.030769148690994563,0.5032700093820652,0,0,0,0.12,0.01,0.0,0.01,0.1,0.9,-1.2,0.0,0,0,1,0,0.675,0.32
492,2,-0.1883537322282791,0.42209354043006897,-0.05879225581884384,6.28,5.882089063608635,1,0,1,0.12,0.01,0.0,0.01,0.1,0.9,-1.2,0.0,0,0,1,0,0.675,0.32
492,3,0.06109849736094475,-0.41627755761146545,0.32102295756340027,3.7986714241128245,6.28,1,0,1,0.12,0.01,0.0,0.01,0.1,0.9,-1.2,0.0,0,0,1,0,0.675,0.32
492,4,-0.3073504567146301,-0.01713888719677925,0.9973289370536804,6.28,3.477810216733484,1,0,1,0.12,0.01,0.0,0.01,0.1,0.9,-1.2,0.0,0,0,1,0,0.675,0.32
492,5,-0.6976892948150635,0.301871120929718,1.5571807622909546,4.42995863214481,-4.564097983691576,1,0,1,0.12,0.01,0.0,0.01,0.1,0.9,-1.2,0.0,0,0,1,0,0.675,0.32
492,6,-0.4547567665576935,-0.4145243763923645,0.4492461681365967,5.42071407585539,6.28,1,0,1,0.12,0.01,0.0,0.01,0.1,0.9,-1.2,0.0,0,0,1,0,0.675,0.32
492,7,-1.1026641130447388,0.03793198615312576,2.299461841583252,3.0684653143289244,-6.28,1,0,1,0.12,0.01,0.0,0.01,0.1,0.9,-1.2,0.0,0,0,1,0,0.675,0.32
493,0,0.24520839750766754,0.13422664999961853,0.1998997926712036,5.443427604845679,6.28,1,0,1,0.12,0.01,0.0,0.01,0.1,0.9,-1.2,0.0,0,0,1,0,0.675,0.32
493,1,-0.9264868497848511,-0.4188283383846283,3.1345460414886475,-0.2690230508612841,0.6761261721419543,0,0,0,0.12,0.01,0.0,0.01,0.1,0.9,-1.2,0.0,0,0,1,0,0.675,0.32
493,2,-0.1763029843568802,0.4212847054004669,-0.075630322098732,6.28,5.94701355530096,1,0,1,0.12,0.01,0.0,0.01,0.1,0.9,-1.2,0.0,0,0,1,0,0.675,0.32
493,3,0.06910937279462814,-0.41296279430389404,0.4587453007698059,4.590973255428735,6.28,1,0,1,0.12,0.01,0.0,0.01,0.1,0.9,-1.2,0.0,0,0,1,0,0.675,0.32
493,4,-0.3023826777935028,-0.01044165063649416,0.8422905802726746,6.28,4.336076882763745,1,0,1,0.12,0.01,0.0,0.01,0.1,0.9,-1.2,0.0,0,0,1,0,0.675,0.32
493,5,-0.6981861591339111,0.29942795634269714,1.1719331741333008,5.599182903914013,-1.176440030483761,1,0,1,0.12,0.01,0.0,0.01,0.1,0.9,-1.2,0.0,0,0,1,0,0.675,0.32
493,6,-0.44444677233695984,-0.4093222916126251,0.4848296642303467,5.51132072747167,6.195777696962992,1,0,1,0.12,0.01,0.0,0.01,0.1,0.9,-1.2,0.0,0,0,1,0,0.675,0.32
493,7,-1.1009578704833984,0.035162728279829025,1.9436746835708618,3.94674886938002,-6.034875051936172,1,0,1,0.12,0.01,0.0,0.01,0.1,0.9,-1.2,0.0,0,0,1,0,0.675,0.32
494,0,0.2564195394515991,0.13671959936618805,0.23758313059806824,5.596884052765834,6.28,1,0,1,0.12,0.01,0.0,0.01,0.1,0.9,-1.2,0.0,0,0,1,0,0.675,0.32
494,1,-0.9269720315933228,-0.41882792115211487,-3.132197141647339,-0.2364332615590806,0.5908159851289505,0,0,0,0.12,0.01,0.0,0.01,0.1,0.9,-1.2,0.0,0,0,1,0,0.675,0.32
494,2,-0.16419717669487,0.42028045654296875,-0.0901140496134758,6.28,6.004555760967013,1,0,1,0.12,0.01,0.0,0.01,0.1,0.9,-1.2,0.0,0,0,1,0,0.675,0.32
494,3,0.07766558229923248,-0.4081718921661377,0.5551583766937256,5.064234274145239,6.28,1,0,1,0.12,0.01,0.0,0.01,0.1,0.9,-1.2,0.0,0,0,1,0,0.675,0.32
494,4,-0.29573261737823486,-0.0036089643836021423,0.7228098511695862,6.28,4.900255789013201,1,0,1,0.12,0.01,0.0,0.01,0.1,0.9,-1.2,0.0,0,0,1,0,0.675,0.32
494,5,-0.6977742910385132,0.3003525733947754,0.8927086591720581,6.266111126142188,1.0743777547305384,1,0,1,0.12,0.01,0.0,0.01,0.1,0.9,-1.2,0.0,0,0,1,0,0.675,0.32
494,6,-0.43419933319091797,-0.40372392535209656,0.5156977772712708,5.592195902548739,6.100954796589901,1,0,1,0.12,0.01,0.0,0.01,0.1,0.9,-1.2,0.0,0,0,1,0,0.675,0.32
494,7,-1.1020091772079468,0.037706855684518814,1.8317548036575317,4.2521593070818,-5.104381988127332,1,0,1,0.12,0.01,0.0,0.01,0.1,0.9,-1.2,0.0,0,0,1,0,0.675,0.32
495,0,0.2677308917045593,0.13964404165744781,0.268180251121521,5.717643194183719,6.28,1,0,1,0.12,0.01,0.0,0.01,0.1,0.9,-1.2,0.0,0,0,1,0,0.675,0.32
495,1,-0.9273921847343445,-0.41883552074432373,-3.1019065380096436,-0.20217015969681934,0.5053600631945153,0,0,0,0.12,0.01,0.0,0.01,0.1,0.9,-1.2,0.0,0,0,1,0,0.675,0.32
495,2,-0.15203966200351715,0.4191087484359741,-0.10218250751495361,6.28,6.051589457681906,1,0,1,0.12,0.01,0.0,0.01,0.1,0.9,-1.2,0.0,0,0,1,0,0.675,0.32
495,3,0.08653045445680618,-0.4022422134876251,0.6207298636436462,5.3506590422191005,6.28,1,0,1,0.12,0.01,0.0,0.01,0.1,0.9,-1.2,0.0,0,0,1,0,0.675,0.32
495,4,-0.2876940071582794,0.0029531987383961678,0.6465573310852051,6.28,5.205123408647747,1,0,1,0.12,0.01,0.0,0.01,0.1,0.9,-1.2,0.0,0,0,1,0,0.675,0.32
495,5,-0.6952341198921204,0.30288931727409363,0.6196993589401245,6.28,2.9836031708497237,1,0,1,0.12,0.01,0.0,0.01,0.1,0.9,-1.2,0.0,0,0,1,0,0.675,0.32
495,6,-0.424090713262558,-0.39782410860061646,0.540848970413208,5.655585117363467,6.028556607938274,1,0,1,0.12,0.01,0.0,0.01,0.1,0.9,-1.2,0.0,0,0,1,0,0.675,0.32
495,7,-1.1022229194641113,0.03936335816979408,1.6030080318450928,4.896266395155816,-3.1698193940562303,1,0,1,0.12,0.01,0.0,0.01,0.1,0.9,-1.2,0.0,0,0,1,0,0.675,0.32
496,0,0.2791123688220978,0.1429247111082077,0.29309868812561035,5.813986037084241,6.28,1,0,1,0.12,0.01,0.0,0.01,0.1,0.9,-1.2,0.0,0,0,1,0,0.675,0.32
496,1,-0.9277567267417908,-0.41885414719581604,-3.0720396041870117,-0.22732539908262103,0.47994979159208145,0,0,0,0.12,0.01,0.0,0.01,0.1,0.9,-1.2,0.0,0,0,1,0,0.675,0.32
496,2,-0.13983720541000366,0.41779568791389465,-0.11223844438791275,6.238663986928499,6.090675990425312,1,0,1,0.12,0.01,0.0,0.01,0.1,0.9,-1.2,0.0,0,0,1,0,0.675,0.32
496,3,0.09551279991865158,-0.395498663187027,0.6664970517158508,5.535421679808022,6.28,1,0,1,0.12,0.01,0.0,0.01,0.1,0.9,-1.2,0.0,0,0,1,0,0.675,0.32
496,4,-0.2787109613418579,0.009364424273371696,0.594108521938324,6.28,5.382128205310857,1,0,1,0.12,0.01,0.0,0.01,0.1,0.9,-1.2,0.0,0,0,1,0,0.675,0.32
496,5,-0.6893064975738525,0.30614322423934937,0.38887324929237366,6.28,4.302225677245247,1,0,1,0.12,0.01,0.0,0.01,0.1,0.9,-1.2,0.0,0,0,1,0,0.675,0.32
496,6,-0.4141237139701843,-0.39170634746551514,0.5598195195198059,5.69933617669677,5.9740335885849065,1,0,1,0.12,0.01,0.0,0.01,0.1,0.9,-1.2,0.0,0,0,1,0,0.675,0.32
496,7,-1.1022851467132568,0.039827860891819,1.283308506011963,5.718597832643158,-0.5400545238933636,1,0,1,0.12,0.01,0.0,0.01,0.1,0.9,-1.2,0.0,0,0,1,0,0.675,0.32
497,0,0.2905385196208954,0.1465006321668625,0.3135649561882019,5.892222553222386,6.28,1,0,1,0.12,0.01,0.0,0.01,0.1,0.9,-1.2,0.0,0,0,1,0,0.675,0.32
497,1,-0.9280691146850586,-0.4188794493675232,-3.0463626384735107,-0.2151514493327994,0.42265865732249214,0,0,0,0.12,0.01,0.0,0.01,0.1,0.9,-1.2,0.0,0,0,1,0,0.675,0.32
497,2,-0.12759843468666077,0.41636523604393005,-0.12051958590745926,6.1908336995416295,6.120241673079787,1,0,1,0.12,0.01,0.0,0.01,0.1,0.9,-1.2,0.0,0,0,1,0,0.675,0.32
497,3,0.10447728633880615,-0.38819485902786255,0.7009230256080627,5.666227470241962,6.28,1,0,1,0.12,0.01,0.0,0.01,0.1,0.9,-1.2,0.0,0,0,1,0,0.675,0.32
497,4,-0.2691366970539093,0.015560737811028957,0.5542392134666443,6.28,5.4982770468117215,1,0,1,0.12,0.01,0.0,0.01,0.1,0.9,-1.2,0.0,0,0,1,0,0.675,0.32
497,5,-0.6816622614860535,0.30877819657325745,0.2741578221321106,6.28,4.840190985511521,1,0,1,0.12,0.01,0.0,0.01,0.1,0.9,-1.2,0.0,0,0,1,0,0.675,0.32
497,6,-0.40426650643348694,-0.38543108105659485,0.5737430453300476,5.727527357005909,5.932797723150418,1,0,1,0.12,0.01,0.0,0.01,0.1,0.9,-1.2,0.0,0,0,1,0,0.675,0.32
497,7,-1.101617455482483,0.04129618778824806,0.944748044013977,6.28,1.9616675390898375,1,0,1,0.12,0.01,0.0,0.01,0.1,0.9,-1.2,0.0,0,0,1,0,0.675,0.32
498,0,0.3019922375679016,0.1503215879201889,0.33050107955932617,5.956720314170093,6.28,1,0,1,0.12,0.01,0.0,0.01,0.1,0.9,-1.2,0.0,0,0,1,0,0.675,0.32
498,1,-0.9283303618431091,-0.41890740394592285,-3.021533727645874,-0.131518991652654,0.3010686058437093,0,0,0,0.12,0.01,0.0,0.01,0.1,0.9,-1.2,0.0,0,0,1,0,0.675,0.32
498,2,-0.11536267399787903,0.41484585404396057,-0.12621118128299713,6.157463944690341,6.14123351947773,1,0,1,0.12,0.01,0.0,0.01,0.1,0.9,-1.2,0.0,0,0,1,0,0.675,0.32
498,3,0.11337181180715561,-0.3804810345172882,0.7281983494758606,5.764500505107576,6.28,1,0,1,0.12,0.01,0.0,0.01,0.1,0.9,-1.2,0.0,0,0,1,0,0.675,0.32
498,4,-0.2591627836227417,0.021515633910894394,0.5214990973472595,6.28,5.5822461070420974,1,0,1,0.12,0.01,0.0,0.01,0.1,0.9,-1.2,0.0,0,0,1,0,0.675,0.32
498,5,-0.6718118786811829,0.31109336018562317,0.1903965026140213,6.28,5.181930764541452,1,0,1,0.12,0.01,0.0,0.01,0.1,0.9,-1.2,0.0,0,0,1,0,0.675,0.32
498,6,-0.3944939076900482,-0.3790432810783386,0.5839688777923584,5.744967517256976,5.901149097084759,1,0,1,0.12,0.01,0.0,0.01,0.1,0.9,-1.2,0.0,0,0,1,0,0.675,0.32
498,7,-1.0986969470977783,0.04427625238895416,0.6800187826156616,6.28,3.610573019092242,1,0,1,0.12,0.01,0.0,0.01,0.1,0.9,-1.2,0.0,0,0,1,0,0.675,0.32
499,0,0.3134627342224121,0.1543470025062561,0.344585120677948,6.010513822844577,6.28,1,0,1,0.12,0.01,0.0,0.01,0.1,0.9,-1.2,0.0,0,0,1,0,0.675,0.32
499,1,-0.9285450577735901,-0.4189356565475464,-2.9986560344696045,-0.020075025640536405,0.1586217755899917,0,0,0,0.12,0.01,0.0,0.01,0.1,0.9,-1.2,0.0,0,0,1,0,0.675,0.32
499,2,-0.10314861685037613,0.41327470541000366,-0.12918440997600555,6.1367682102154655,6.153309405313833,1,0,1,0.12,0.01,0.0,0.01,0.1,0.9,-1.2,0.0,0,0,1,0,0.675,0.32
499,3,0.12217877060174942,-0.37245169281959534,0.7505468726158142,5.841338045627342,6.28,1,0,1,0.12,0.01,0.0,0.01,0.1,0.9,-1.2,0.0,0,0,1,0,0.675,0.32
499,4,-0.2488953173160553,0.02722853422164917,0.4932633340358734,6.28,5.647912706550982,1,0,1,0.12,0.01,0.0,0.01,0.1,0.9,-1.2,0.0,0,0,1,0,0.675,0.32
499,5,-0.6610775589942932,0.3128497004508972,0.13278426229953766,6.28,5.396160053635975,1,0,1,0.12,0.01,0.0,0.01,0.1,0.9,-1.2,0.0,0,0,1,0,0.675,0.32
499,6,-0.38478878140449524,-0.37257564067840576,0.5915799140930176,5.755350639593332,5.876352707374364,1,0,1,0.12,0.01,0.0,0.01,0.1,0.9,-1.2,0.0,0,0,1,0,0.675,0.32
499,7,-1.0924522876739502,0.04834693297743797,0.4903033673763275,6.28,4.581821420276761,1,0,1,0.12,0.01,0.0,0.01,0.1,0.9,-1.2,0.0,0,0,1,0,0.675,0.32
500,0,0.32494357228279114,0.1585433930158615,0.3563227355480194,6.055767323771883,6.28,1,0,1,0.12,0.01,0.0,0.01,0.1,0.9,-1.2,0.0,0,0,1,0,0.675,0.32
500,1,-0.9287201762199402,-0.4189622700214386,-2.9820258617401123,0.01666287760353381,0.09542255421065991,0,0,0,0.12,0.01,0.0,0.01,0.1,0.9,-1.2,0.0,0,0,1,0,0.675,0.32
500,2,-0.09095092862844467,0.4116823077201843,-0.13008801639080048,6.125766636055137,6.15907843672094,1,0,1,0.12,0.01,0.0,0.01,0.1,0.9,-1.2,0.0,0,0,1,0,0.675,0.32
500,3,0.13089574873447418,-0.3641701936721802,0.7692484855651855,5.903033986134193,6.28,1,0,1,0.12,0.01,0.0,0.01,0.1,0.9,-1.2,0.0,0,0,1,0,0.675,0.32
500,4,-0.23839683830738068,0.032708387821912766,0.4681962728500366,6.252347766425735,5.701940105292671,1,0,1,0.12,0.01,0.0,0.01,0.1,0.9,-1.2,0.0,0,0,1,0,0.675,0.32
500,5,-0.6498618125915527,0.31410181522369385,0.0888214185833931,6.267346023440852,5.548351877510055,1,0,1,0.12,0.01,0.0,0.01,0.1,0.9,-1.2,0.0,0,0,1,0,0.675,0.32
500,6,-0.3751385807991028,-0.36605104804039,0.5973513722419739,5.761198398888252,5.856454255759575,1,0,1,0.12,0.01,0.0,0.01,0.1,0.9,-1.2,0.0,0,0,1,0,0.675,0.32
500,7,-1.0840237140655518,0.05221692472696304,0.3769581913948059,6.186074451729079,5.071455134824493,1,0,1,0.12,0.01,0.0,0.01,0.1,0.9,-1.2,0.0,0,0,1,0,0.675,0.32
501,0,0.33643096685409546,0.1628829687833786,0.366107314825058,6.094074488661487,6.28,1,0,1,0.12,0.01,0.0,0.01,0.1,0.9,-1.2,0.0,0,0,1,0,0.675,0.32
501,1,-0.9288630485534668,-0.41898587346076965,-2.9739625453948975,-0.05199369069999057,0.14187221255963642,0,0,0,0.12,0.01,0.0,0.01,0.1,0.9,-1.2,0.0,0,0,1,0,0.675,0.32
501,2,-0.07876281440258026,0.41008877754211426,-0.1296665221452713,6.121416007665109,6.161082910808609,1,0,1,0.12,0.01,0.0,0.01,0.1,0.9,-1.2,0.0,0,0,1,0,0.675,0.32
501,3,0.1395263671875,-0.3556818664073944,0.7851223349571228,5.953498289822885,6.28,1,0,1,0.12,0.01,0.0,0.01,0.1,0.9,-1.2,0.0,0,0,1,0,0.675,0.32
501,4,-0.2277074009180069,0.037967000156641006,0.4455552399158478,6.194044978060346,5.747911303601639,1,0,1,0.12,0.01,0.0,0.01,0.1,0.9,-1.2,0.0,0,0,1,0,0.675,0.32
501,5,-0.6382994651794434,0.3149324953556061,0.05532590672373772,6.186554801099117,5.657246667511645,1,0,1,0.12,0.01,0.0,0.01,0.1,0.9,-1.2,0.0,0,0,1,0,0.675,0.32
501,6,-0.36553364992141724,-0.3594854176044464,0.6018120050430298,5.764154931551191,5.840100595706727,1,0,1,0.12,0.01,0.0,0.01,0.1,0.9,-1.2,0.0,0,0,1,0,0.675,0.32
501,7,-1.0741022825241089,0.055730026215314865,0.3071954846382141,6.059348596363817,5.338082807034695,1,0,1,0.12,0.01,0.0,0.01,0.1,0.9,-1.2,0.0,0,0,1,0,0.675,0.32
502,0,0.34792280197143555,0.16734234988689423,0.3742521107196808,6.1266090117421195,6.28,1,0,1,0.12,0.01,0.0,0.01,0.1,0.9,-1.2,0.0,0,0,1,0,0.675,0.32
502,1,-0.9289787411689758,-0.4190056622028351,-2.970487117767334,-0.22315316693388068,0.29455936001144495,0,0,0,0.12,0.01,0.0,0.01,0.1,0.9,-1.2,0.0,0,0,1,0,0.675,0.32
502,2,-0.06657929718494415,0.40850579738616943,-0.1285664290189743,6.121004320208764,6.161163271877134,1,0,1,0.12,0.01,0.0,0.01,0.1,0.9,-1.2,0.0,0,0,1,0,0.675,0.32
502,3,0.14807651937007904,-0.3470209538936615,0.7987371683120728,5.995346676480943,6.28,1,0,1,0.12,0.01,0.0,0.01,0.1,0.9,-1.2,0.0,0,0,1,0,0.675,0.32
502,4,-0.21687652170658112,0.043010346591472626,0.42566782236099243,6.140285208833831,5.785563066589218,1,0,1,0.12,0.01,0.0,0.01,0.1,0.9,-1.2,0.0,0,0,1,0,0.675,0.32
502,5,-0.626523494720459,0.3154312074184418,0.02920040301978588,6.116805001984304,5.737147882689769,1,0,1,0.12,0.01,0.0,0.01,0.1,0.9,-1.2,0.0,0,0,1,0,0.675,0.32
502,6,-0.3559665381908417,-0.35288968682289124,0.6053157448768616,5.765277540707737,5.826333010172696,1,0,1,0.12,0.01,0.0,0.01,0.1,0.9,-1.2,0.0,0,0,1,0,0.675,0.32
502,7,-1.0634483098983765,0.05884958803653717,0.26268628239631653,5.965628409186721,5.494987613161681,1,0,1,0.12,0.01,0.0,0.01,0.1,0.9,-1.2,0.0,0,0,1,0,0.675,0.32
503,0,0.35941797494888306,0.1719018816947937,0.3810115456581116,6.154256772995073,6.28,1,0,1,0.12,0.01,0.0,0.01,0.1,0.9,-1.2,0.0,0,0,1,0,0.675,0.32
503,1,-0.9290716648101807,-0.4190217852592468,-2.9644813537597656,-0.47906927671236416,0.5354008739809455,0,0,0,0.12,0.01,0.0,0.01,0.1,0.9,-1.2,0.0,0,0,1,0,0.675,0.32
503,2,-0.05439671128988266,0.40693867206573486,-0.127203106880188,6.122615767128683,6.160336912192486,1,0,1,0.12,0.01,0.0,0.01,0.1,0.9,-1.2,0.0,0,0,1,0,0.675,0.32
503,3,0.15655270218849182,-0.33821412920951843,0.8105108737945557,6.03042072005912,6.28,1,0,1,0.12,0.01,0.0,0.01,0.1,0.9,-1.2,0.0,0,0,1,0,0.675,0.32
503,4,-0.20595932006835938,0.0478530190885067,0.40929991006851196,6.093472639171544,5.813155790718135,1,0,1,0.12,0.01,0.0,0.01,0.1,0.9,-1.2,0.0,0,0,1,0,0.675,0.32
503,5,-0.6146880388259888,0.3156571090221405,0.009499040432274342,6.0592171083970285,5.793913142772175,1,0,1,0.12,0.01,0.0,0.01,0.1,0.9,-1.2,0.0,0,0,1,0,0.675,0.32
503,6,-0.34643125534057617,-0.34627172350883484,0.6081045269966125,5.765267971498824,5.814483698861741,1,0,1,0.12,0.01,0.0,0.01,0.1,0.9,-1.2,0.0,0,0,1,0,0.675,0.32
503,7,-1.0524718761444092,0.061628710478544235,0.2337954044342041,5.900011723010336,5.591993505985939,1,0,1,0.12,0.01,0.0,0.01,0.1,0.9,-1.2,0.0,0,0,1,0,0.675,0.32
504,0,0.3709159791469574,0.1765448898077011,0.38659611344337463,6.177723483677049,6.28,1,0,1,0.12,0.01,0.0,0.01,0.1,0.9,-1.2,0.0,0,0,1,0,0.675,0.32
504,1,-0.9291455745697021,-0.4190351665019989,-2.9485766887664795,-0.7761760359857471,0.8206994949136169,0,0,0,0.12,0.01,0.0,0.01,0.1,0.9,-1.2,0.0,0,0,1,0,0.675,0.32
504,2,-0.04221266508102417,0.4053889811038971,-0.1257888674736023,6.125266662026597,6.159219109759823,1,0,1,0.12,0.01,0.0,0.01,0.1,0.9,-1.2,0.0,0,0,1,0,0.675,0.32
504,3,0.1649613082408905,-0.3292827010154724,0.820762038230896,6.060060943185828,6.28,1,0,1,0.12,0.01,0.0,0.01,0.1,0.9,-1.2,0.0,0,0,1,0,0.675,0.32
504,4,-0.1949860006570816,0.052528612315654755,0.3962569236755371,6.053717895664131,5.83166073330506,1,0,1,0.12,0.01,0.0,0.01,0.1,0.9,-1.2,0.0,0,0,1,0,0.675,0.32
504,5,-0.6028364896774292,0.31568190455436707,-0.0048132408410310745,6.013417977295908,5.832610216535534,1,0,1,0.12,0.01,0.0,0.01,0.1,0.9,-1.2,0.0,0,0,1,0,0.675,0.32
504,6,-0.33692309260368347,-0.3396371901035309,0.6103470921516418,5.764583697439411,5.804126659511348,1,0,1,0.12,0.01,0.0,0.01,0.1,0.9,-1.2,0.0,0,0,1,0,0.675,0.32
504,7,-1.0413330793380737,0.06416842341423035,0.21516957879066467,5.856489942233386,5.653100862343487,1,0,1,0.12,0.01,0.0,0.01,0.1,0.9,-1.2,0.0,0,0,1,0,0.675,0.32
505,0,0.38241663575172424,0.1812572032213211,0.39118269085884094,6.197565366467643,6.28,1,0,1,0.12,0.01,0.0,0.01,0.1,0.9,-1.2,0.0,0,0,1,0,0.675,0.32
505,1,-0.9292038679122925,-0.41904720664024353,-2.9164459705352783,-6.28,6.28,0,0,0,0.12,0.01,0.0,0.01,0.1,0.9,-1.2,0.0,0,0,1,0,0.675,0.32
505,2,-0.03002592734992504,0.4038562774658203,-0.1244271844625473,6.128451187239707,6.158155455643562,1,0,1,0.12,0.01,0.0,0.01,0.1,0.9,-1.2,0.0,0,0,1,0,0.675,0.32
505,3,0.1733083873987198,-0.3202440142631531,0.8297403454780579,6.085277880589878,6.28,1,0,1,0.12,0.01,0.0,0.01,0.1,0.9,-1.2,0.0,0,0,1,0,0.675,0.32
505,4,-0.18397580087184906,0.0570688433945179,0.3859451115131378,6.019921940059632,5.843061063199071,1,0,1,0.12,0.01,0.0,0.01,0.1,0.9,-1.2,0.0,0,0,1,0,0.675,0.32
505,5,-0.590984046459198,0.315563440322876,-0.014820098876953125,5.977949180884889,5.857645875529714,1,0,1,0.12,0.01,0.0,0.01,0.1,0.9,-1.2,0.0,0,0,1,0,0.675,0.32
505,6,-0.3274381458759308,-0.3329903185367584,0.6121585965156555,5.734114502591566,5.793956066446825,1,0,1,0.12,0.01,0.0,0.01,0.1,0.9,-1.2,0.0,0,0,1,0,0.675,0.32
505,7,-1.0301069021224976,0.06654800474643707,0.2031368762254715,5.82872921129568,5.692481369768544,1,0,1,0.12,0.01,0.0,0.01,0.1,0.9,-1.2,0.0,0,0,1,0,0.675,0.32
506,0,0.39392003417015076,0.1860267072916031,0.3949219882488251,6.21422518541994,6.28,1,0,1,0.12,0.01,0.0,0.01,0.1,0.9,-1.2,0.0,0,0,1,0,0.675,0.32
506,1,-0.9292504787445068,-0.4190591871738434,-2.8644344806671143,-6.28,6.28,0,0,0,0.12,0.01,0.0,0.01,0.1,0.9,-1.2,0.0,0,0,1,0,0.675,0.32
506,2,-0.017835842445492744,0.4023391902446747,-0.12318851798772812,6.131838610369317,6.157394257400578,1,0,1,0.12,0.01,0.0,0.01,0.1,0.9,-1.2,0.0,0,0,1,0,0.675,0.32
506,3,0.18159949779510498,-0.3111124336719513,0.8376457095146179,6.106851251684345,6.28,1,0,1,0.12,0.01,0.0,0.01,0.1,0.9,-1.2,0.0,0,0,1,0,0.675,0.32
506,4,-0.17294317483901978,0.06149940937757492,0.37778234481811523,5.9908141328049656,5.8491507636355395,1,0,1,0.12,0.01,0.0,0.01,0.1,0.9,-1.2,0.0,0,0,1,0,0.675,0.32
506,5,-0.5791387557983398,0.31534603238105774,-0.021694649010896683,5.950441212444419,5.8731266399334725,1,0,1,0.12,0.01,0.0,0.01,0.1,0.9,-1.2,0.0,0,0,1,0,0.675,0.32
506,6,-0.31797319650650024,-0.3263343870639801,0.6136173605918884,5.7375042164363075,5.786512759920197,1,0,1,0.12,0.01,0.0,0.01,0.1,0.9,-1.2,0.0,0,0,1,0,0.675,0.32
506,7,-1.018831729888916,0.0688219666481018,0.19528990983963013,5.811686937102833,5.718510385265788,1,0,1,0.12,0.01,0.0,0.01,0.1,0.9,-1.2,0.0,0,0,1,0,0.675,0.32
507,0,0.40542617440223694,0.19084307551383972,0.39794450998306274,6.228059340046432,6.28,1,0,1,0.12,0.01,0.0,0.01,0.1,0.9,-1.2,0.0,0,0,1,0,0.675,0.32
507,1,-0.9292638301849365,-0.4190652072429657,-2.495673894882202,-6.28,6.28,0,0,0,0.12,0.01,0.0,0.01,0.1,0.9,-1.2,0.0,0,0,1,0,0.675,0.32
507,2,-0.005642001982778311,0.40083593130111694,-0.12211267650127411,6.135242657330131,6.157100618757062,1,0,1,0.12,0.01,0.0,0.01,0.1,0.9,-1.2,0.0,0,0,1,0,0.675,0.32
507,3,0.18983972072601318,-0.30189982056617737,0.84464031457901,6.125343582543617,6.28,1,0,1,0.12,0.01,0.0,0.01,0.1,0.9,-1.2,0.0,0,0,1,0,0.675,0.32
507,4,-0.16189876198768616,0.06584088504314423,0.37129107117652893,5.965271324152903,5.851255401735348,1,0,1,0.12,0.01,0.0,0.01,0.1,0.9,-1.2,0.0,0,0,1,0,0.675,0.32
507,5,-0.5673045516014099,0.31506165862083435,-0.026261474937200546,5.929055821576902,5.881771344265153,1,0,1,0.12,0.01,0.0,0.01,0.1,0.9,-1.2,0.0,0,0,1,0,0.675,0.32
507,6,-0.3085470497608185,-0.31968358159065247,0.615584671497345,5.74244557064293,5.777694928233641,1,0,1,0.12,0.01,0.0,0.01,0.1,0.9,-1.2,0.0,0,0,1,0,0.675,0.32
507,7,-1.0075269937515259,0.07102609425783157,0.19009019434452057,5.801756967382512,5.736156682891765,1,0,1,0.12,0.01,0.0,0.01,0.1,0.9,-1.2,0.0,0,0,1,0,0.675,0.32
508,0,0.41693511605262756,0.19569753110408783,0.4003644287586212,6.2393542606646735,6.28,1,0,1,0.12,0.01,0.0,0.01,0.1,0.9,-1.2,0.0,0,0,1,0,0.675,0.32
508,1,-0.92928147315979,-0.4190666973590851,-2.1177752017974854,-6.030293015431176,5.990754725079547,0,0,0,0.12,0.01,0.0,0.01,0.1,0.9,-1.2,0.0,0,0,1,0,0.675,0.32
508,2,0.006555887404829264,0.39934471249580383,-0.12118851393461227,6.138672283767868,6.15730975390304,1,0,1,0.12,0.01,0.0,0.01,0.1,0.9,-1.2,0.0,0,0,1,0,0.675,0.32
508,3,0.1980336308479309,-0.29261621832847595,0.8508571982383728,6.141273489579931,6.28,1,0,1,0.12,0.01,0.0,0.01,0.1,0.9,-1.2,0.0,0,0,1,0,0.675,0.32
508,4,-0.15085019171237946,0.07010948657989502,0.3660981357097626,5.942394703975047,5.8505309965702645,1,0,1,0.12,0.01,0.0,0.01,0.1,0.9,-1.2,0.0,0,0,1,0,0.675,0.32
508,5,-0.5554831624031067,0.3147332966327667,-0.02919062413275242,5.912155800518922,5.8856655573273375,1,0,1,0.12,0.01,0.0,0.01,0.1,0.9,-1.2,0.0,0,0,1,0,0.675,0.32
508,6,-0.29914364218711853,-0.3130202889442444,0.617395281791687,5.746993070481249,5.769177729250959,1,0,1,0.12,0.01,0.0,0.01,0.1,0.9,-1.2,0.0,0,0,1,0,0.675,0.32
508,7,-0.9962024688720703,0.07318349182605743,0.18657186627388,5.796539220566495,5.748413261418596,1,0,1,0.12,0.01,0.0,0.01,0.1,0.9,-1.2,0.0,0,0,1,0,0.675,0.32
509,0,0.42844676971435547,0.2005825936794281,0.402282178401947,6.2483397226197965,6.28,1,0,1,0.12,0.01,0.0,0.01,0.1,0.9,-1.2,0.0,0,0,1,0,0.675,0.32
509,1,-0.92928147315979,-0.4190666675567627,-2.117774486541748,-6.140050833038176,6.105365090928162,0,0,0,0.12,0.01,0.0,0.01,0.1,0.9,-1.2,0.0,0,0,1,0,0.675,0.32
509,2,0.018758093938231468,0.3978637158870697,-0.1203824058175087,6.142234207045965,6.158004158261486,1,0,1,0.12,0.01,0.0,0.01,0.1,0.9,-1.2,0.0,0,0,1,0,0.675,0.32
509,3,0.2061852663755417,-0.28327006101608276,0.8564082384109497,6.15505947633013,6.28,1,0,1,0.12,0.01,0.0,0.01,0.1,0.9,-1.2,0.0,0,0,1,0,0.675,0.32
509,4,-0.13980337977409363,0.07431798428297043,0.36191892623901367,5.921456155969501,5.8477845809918625,1,0,1,0.12,0.01,0.0,0.01,0.1,0.9,-1.2,0.0,0,0,1,0,0.675,0.32
509,5,-0.5436751842498779,0.3143770694732666,-0.0310074333101511,5.898379705404493,5.88637843027189,1,0,1,0.12,0.01,0.0,0.01,0.1,0.9,-1.2,0.0,0,0,1,0,0.675,0.32
509,6,-0.2897542417049408,-0.30634409189224243,0.618738055229187,5.750248466137853,5.761794562932048,1,0,1,0.12,0.01,0.0,0.01,0.1,0.9,-1.2,0.0,0,0,1,0,0.675,0.32
509,7,-0.9848635792732239,0.07530894130468369,0.18411241471767426,5.7943953984569445,5.757100183408364,1,0,1,0.12,0.01,0.0,0.01,0.1,0.9,-1.2,0.0,0,0,1,0,0.675,0.32
510,0,0.43996095657348633,0.2054920196533203,0.4037875831127167,6.255200076753474,6.28,1,0,1,0.12,0.01,0.0,0.01,0.1,0.9,-1.2,0.0,0,0,1,0,0.675,0.32
510,1,-0.9292759895324707,-0.41907989978790283,-1.778260588645935,-5.520954274849814,5.502898562045616,0,0,0,0.12,0.01,0.0,0.01,0.1,0.9,-1.2,0.0,0,0,1,0,0.675,0.32
510,2,0.03096492774784565,0.3963913917541504,-0.11968571692705154,6.14595876972643,6.159215547484481,1,0,1,0.12,0.01,0.0,0.01,0.1,0.9,-1.2,0.0,0,0,1,0,0.675,0.32
510,3,0.2142983078956604,-0.2738686203956604,0.8613861203193665,6.1670316995084296,6.28,1,0,1,0.12,0.01,0.0,0.01,0.1,0.9,-1.2,0.0,0,0,1,0,0.675,0.32
510,4,-0.128762885928154,0.07847650349140167,0.35854846239089966,5.901917849783382,5.8435727012114915,1,0,1,0.12,0.01,0.0,0.01,0.1,0.9,-1.2,0.0,0,0,1,0,0.675,0.32
510,5,-0.5318806767463684,0.3140043616294861,-0.03206944838166237,5.886777833016049,5.884954229085315,1,0,1,0.12,0.01,0.0,0.01,0.1,0.9,-1.2,0.0,0,0,1,0,0.675,0.32
510,6,-0.28037554025650024,-0.2996596693992615,0.6196147203445435,5.752228553448079,5.755583410110117,1,0,1,0.12,0.01,0.0,0.01,0.1,0.9,-1.2,0.0,0,0,1,0,0.675,0.32
510,7,-0.9735131859779358,0.07741181552410126,0.18231670558452606,5.79425950134812,5.76333196674766,1,0,1,0.12,0.01,0.0,0.01,0.1,0.9,-1.2,0.0,0,0,1,0,0.675,0.32
511,0,0.4514772891998291,0.21042057871818542,0.404962956905365,6.26008458430628,6.28,1,0,1,0.12,0.01,0.0,0.01,0.1,0.9,-1.2,0.0,0,0,1,0,0.675,0.32
511,1,-0.9294082522392273,-0.4193848669528961,-1.655898094177246,-6.28,6.28,0,0,0,0.12,0.01,0.0,0.01,0.1,0.9,-1.2,0.0,0,0,1,0,0.675,0.32
511,2,0.0431768000125885,0.39492636919021606,-0.11910823732614517,6.149823268851775,6.161015303829174,1,0,1,0.12,0.01,0.0,0.01,0.1,0.9,-1.2,0.0,0,0,1,0,0.675,0.32
511,3,0.2223759889602661,-0.2644180357456207,0.8658676147460938,6.1774632830741565,6.28,1,0,1,0.12,0.01,0.0,0.01,0.1,0.9,-1.2,0.0,0,0,1,0,0.675,0.32
511,4,-0.11773202568292618,0.08259321749210358,0.3558425307273865,5.883395232670792,5.838289670235626,1,0,1,0.12,0.01,0.0,0.01,0.1,0.9,-1.2,0.0,0,0,1,0,0.675,0.32
511,5,-0.5200994610786438,0.31362295150756836,-0.03258606046438217,5.876787482405686,5.881992862915015,1,0,1,0.12,0.01,0.0,0.01,0.1,0.9,-1.2,0.0,0,0,1,0,0.675,0.32
511,6,-0.27100473642349243,-0.29297131299972534,0.6200990080833435,5.7531538581034125,5.750388952575069,1,0,1,0.12,0.01,0.0,0.01,0.1,0.9,-1.2,0.0,0,0,1,0,0.675,0.32
511,7,-0.9621529579162598,0.07949802279472351,0.18093430995941162,5.795742920871452,5.767466553215308,1,0,1,0.12,0.01,0.0,0.01,0.1,0.9,-1.2,0.0,0,0,1,0,0.675,0.32
512,0,0.46299511194229126,0.21536406874656677,0.40588459372520447,6.263114389609961,6.28,1,0,1,0.12,0.01,0.0,0.01,0.1,0.9,-1.2,0.0,0,0,1,0,0.675,0.32
512,1,-0.929416298866272,-0.4194399118423462,-1.3472517728805542,-6.28,6.28,0,0,0,0.12,0.01,0.0,0.01,0.1,0.9,-1.2,0.0,0,0,1,0,0.675,0.32
512,2,0.055394209921360016,0.3934673070907593,-0.11863450706005096,6.153891544679562,6.163411222507793,1,0,1,0.12,0.01,0.0,0.01,0.1,0.9,-1.2,0.0,0,0,1,0,0.675,0.32
512,3,0.230421245098114,-0.25492364168167114,0.8699173331260681,6.186581677224524,6.28,1,0,1,0.12,0.01,0.0,0.01,0.1,0.9,-1.2,0.0,0,0,1,0,0.675,0.32
512,4,-0.10671346634626389,0.08667486906051636,0.35369399189949036,5.865600054985464,5.832240546220362,1,0,1,0.12,0.01,0.0,0.01,0.1,0.9,-1.2,0.0,0,0,1,0,0.675,0.32
512,5,-0.5083314180374146,0.3132382929325104,-0.032701872289180756,5.868014931115653,5.877903163996193,1,0,1,0.12,0.01,0.0,0.01,0.1,0.9,-1.2,0.0,0,0,1,0,0.675,0.32
512,6,-0.2616395652294159,-0.28628236055374146,0.6202750205993652,5.753270619948117,5.746017164151461,1,0,1,0.12,0.01,0.0,0.01,0.1,0.9,-1.2,0.0,0,0,1,0,0.675,0.32
512,7,-0.9507840275764465,0.08157117664813995,0.1798025220632553,5.7976946766725845,5.77057329460465,1,0,1,0.12,0.01,0.0,0.01,0.1,0.9,-1.2,0.0,0,0,1,0,0.675,0.32
513,0,0.4745136797428131,0.22031915187835693,0.40662312507629395,6.264375283356825,6.28,1,0,1,0.12,0.01,0.0,0.01,0.1,0.9,-1.2,0.0,0,0,1,0,0.675,0.32
513,1,-0.9293603897094727,-0.4194967448711395,-1.255444884300232,-6.28,6.28,0,0,0,0.12,0.01,0.0,0.01,0.1,0.9,-1.2,0.0,0,0,1,0,0.675,0.32
513,2,0.06761772930622101,0.3920131325721741,-0.11822394281625748,6.15831657138969,6.1663506402323085,1,0,1,0.12,0.01,0.0,0.01,0.1,0.9,-1.2,0.0,0,0,1,0,0.675,0.32
513,3,0.23843666911125183,-0.24538998305797577,0.8735905289649963,6.194582395474018,6.28,1,0,1,0.12,0.01,0.0,0.01,0.1,0.9,-1.2,0.0,0,0,1,0,0.675,0.32
513,4,-0.0957094356417656,0.09072715789079666,0.35202014446258545,5.848310211297815,5.8256777882606325,1,0,1,0.12,0.01,0.0,0.01,0.1,0.9,-1.2,0.0,0,0,1,0,0.675,0.32
513,5,-0.49657633900642395,0.3128542900085449,-0.032551366835832596,5.860086166336628,5.873062974736598,1,0,1,0.12,0.01,0.0,0.01,0.1,0.9,-1.2,0.0,0,0,1,0,0.675,0.32
513,6,-0.25227826833724976,-0.27959540486335754,0.620210587978363,5.752775924348155,5.742310685969075,1,0,1,0.12,0.01,0.0,0.01,0.1,0.9,-1.2,0.0,0,0,1,0,0.675,0.32
513,7,-0.9394073486328125,0.08363322913646698,0.17878767848014832,5.799979012505496,5.772698838217771,1,0,1,0.12,0.01,0.0,0.01,0.1,0.9,-1.2,0.0,0,0,1,0,0.675,0.32
514,0,0.4860319495201111,0.22528332471847534,0.40724408626556396,6.263918243779925,6.28,1,0,1,0.12,0.01,0.0,0.01,0.1,0.9,-1.2,0.0,0,0,1,0,0.675,0.32
514,1,-0.9293377995491028,-0.4195156693458557,-1.003597617149353,-6.28,6.28,0,0,0,0.12,0.01,0.0,0.01,0.1,0.9,-1.2,0.0,0,0,1,0,0.675,0.32
514,2,0.0798480287194252,0.39056289196014404,-0.11785722523927689,6.163179757201659,6.169825786596548,1,0,1,0.12,0.01,0.0,0.01,0.1,0.9,-1.2,0.0,0,0,1,0,0.675,0.32
514,3,0.2464245706796646,-0.23582105338573456,0.8769347667694092,6.201635521827102,6.28,1,0,1,0.12,0.01,0.0,0.01,0.1,0.9,-1.2,0.0,0,0,1,0,0.675,0.32
514,4,-0.08472183346748352,0.09475504606962204,0.3507632911205292,5.831372891920623,5.818795467359009,1,0,1,0.12,0.01,0.0,0.01,0.1,0.9,-1.2,0.0,0,0,1,0,0.675,0.32
514,5,-0.4848340153694153,0.3124735653400421,-0.03224639967083931,5.85268718135541,5.867786912797041,1,0,1,0.12,0.01,0.0,0.01,0.1,0.9,-1.2,0.0,0,0,1,0,0.675,0.32
514,6,-0.24291938543319702,-0.2729123830795288,0.6199724078178406,5.751860325389256,5.7391081702181195,1,0,1,0.12,0.01,0.0,0.01,0.1,0.9,-1.2,0.0,0,0,1,0,0.675,0.32
514,7,-0.9280234575271606,0.08568492531776428,0.17781761288642883,5.802356628511849,5.77414140310436,1,0,1,0.12,0.01,0.0,0.01,0.1,0.9,-1.2,0.0,0,0,1,0,0.675,0.32
515,0,0.49754878878593445,0.2302549034357071,0.40781015157699585,6.261758473556121,6.28,1,0,1,0.12,0.01,0.0,0.01,0.1,0.9,-1.2,0.0,0,0,1,0,0.675,0.32
515,1,-0.9293221235275269,-0.41952764987945557,-0.7794486880302429,-6.28,6.28,0,0,0,0.12,0.01,0.0,0.01,0.1,0.9,-1.2,0.0,0,0,1,0,0.675,0.32
515,2,0.09208591282367706,0.3891157805919647,-0.11754895001649857,6.168446341518901,6.173900583769538,1,0,1,0.12,0.01,0.0,0.01,0.1,0.9,-1.2,0.0,0,0,1,0,0.675,0.32
515,3,0.2543870508670807,-0.2262202799320221,0.8799908757209778,6.207889987134831,6.28,1,0,1,0.12,0.01,0.0,0.01,0.1,0.9,-1.2,0.0,0,0,1,0,0.675,0.32
515,4,-0.07375233620405197,0.09876298904418945,0.34988933801651,5.814703257257497,5.81173123282715,1,0,1,0.12,0.01,0.0,0.01,0.1,0.9,-1.2,0.0,0,0,1,0,0.675,0.32
515,5,-0.473104327917099,0.3120978772640228,-0.031822822988033295,5.845718136662038,5.86217146492621,1,0,1,0.12,0.01,0.0,0.01,0.1,0.9,-1.2,0.0,0,0,1,0,0.675,0.32
515,6,-0.23356188833713531,-0.2662346065044403,0.6196116805076599,5.750671255455171,5.736286503209913,1,0,1,0.12,0.01,0.0,0.01,0.1,0.9,-1.2,0.0,0,0,1,0,0.675,0.32
515,7,-0.9166331887245178,0.08772645145654678,0.17684584856033325,5.804668137673156,5.774963369723542,1,0,1,0.12,0.01,0.0,0.01,0.1,0.9,-1.2,0.0,0,0,1,0,0.675,0.32
516,0,0.5090627074241638,0.2352329045534134,0.40838247537612915,6.257870904058218,6.28,1,0,1,0.12,0.01,0.0,0.01,0.1,0.9,-1.2,0.0,0,0,1,0,0.675,0.32
516,1,-0.9292801022529602,-0.4195706248283386,-0.6286435127258301,-6.28,6.28,0,0,0,0.12,0.01,0.0,0.01,0.1,0.9,-1.2,0.0,0,0,1,0,0.675,0.32
516,2,0.10433227568864822,0.3876711130142212,-0.11730506271123886,6.174107242289891,6.178612459536681,1,0,1,0.12,0.01,0.0,0.01,0.1,0.9,-1.2,0.0,0,0,1,0,0.675,0.32
516,3,0.2623259127140045,-0.21659064292907715,0.8827939033508301,6.213479084955069,6.28,1,0,1,0.12,0.01,0.0,0.01,0.1,0.9,-1.2,0.0,0,0,1,0,0.675,0.32
516,4,-0.06280241906642914,0.1027550920844078,0.34937605261802673,5.798253551578996,5.804596840881826,1,0,1,0.12,0.01,0.0,0.01,0.1,0.9,-1.2,0.0,0,0,1,0,0.675,0.32
516,5,-0.46138712763786316,0.311728298664093,-0.03128534182906151,5.839165781041204,5.85622401128191,1,0,1,0.12,0.01,0.0,0.01,0.1,0.9,-1.2,0.0,0,0,1,0,0.675,0.32
516,6,-0.22420501708984375,-0.25956305861473083,0.6191620826721191,5.749303881891839,5.733762945166953,1,0,1,0.12,0.01,0.0,0.01,0.1,0.9,-1.2,0.0,0,0,1,0,0.675,0.32
516,7,-0.905237078666687,0.08975754678249359,0.1758488118648529,5.806811810661904,5.775157271693594,1,0,1,0.12,0.01,0.0,0.01,0.1,0.9,-1.2,0.0,0,0,1,0,0.675,0.32
517,0,0.5205719470977783,0.24021705985069275,0.40902137756347656,6.252176518680873,6.28,1,0,1,0.12,0.01,0.0,0.01,0.1,0.9,-1.2,0.0,0,0,1,0,0.675,0.32
517,1,-0.929058849811554,-0.4196217358112335,-0.38183221220970154,-6.227730934707039,6.142921072629804,0,0,0,0.12,0.01,0.0,0.01,0.1,0.9,-1.2,0.0,0,0,1,0,0.675,0.32
517,2,0.11658807098865509,0.38622820377349854,-0.11710056662559509,6.180257425117498,6.18392598588466,1,0,1,0.12,0.01,0.0,0.01,0.1,0.9,-1.2,0.0,0,0,1,0,0.675,0.32
517,3,0.270242840051651,-0.20693469047546387,0.885373592376709,6.218521093990966,6.28,1,0,1,0.12,0.01,0.0,0.01,0.1,0.9,-1.2,0.0,0,0,1,0,0.675,0.32
517,4,-0.051873426884412766,0.1067352443933487,0.34920650720596313,5.781995406972398,5.797490426672468,1,0,1,0.12,0.01,0.0,0.01,0.1,0.9,-1.2,0.0,0,0,1,0,0.675,0.32
517,5,-0.4496823251247406,0.31136560440063477,-0.030677352100610733,5.832907091792253,5.8500657715242825,1,0,1,0.12,0.01,0.0,0.01,0.1,0.9,-1.2,0.0,0,0,1,0,0.675,0.32
517,6,-0.21484819054603577,-0.25289830565452576,0.6186504364013672,5.747834902854964,5.731471675781203,1,0,1,0.12,0.01,0.0,0.01,0.1,0.9,-1.2,0.0,0,0,1,0,0.675,0.32
517,7,-0.8938356637954712,0.09177766740322113,0.1748090535402298,5.808605742501889,5.774788576317157,1,0,1,0.12,0.01,0.0,0.01,0.1,0.9,-1.2,0.0,0,0,1,0,0.675,0.32
518,0,0.532074511051178,0.2452077716588974,0.40978682041168213,6.28,6.28,1,0,1,0.12,0.01,0.0,0.01,0.1,0.9,-1.2,0.0,0,0,1,0,0.675,0.32
518,1,-0.9295759797096252,-0.4188207685947418,-0.23586609959602356,-6.28,6.28,0,0,0,0.12,0.01,0.0,0.01,0.1,0.9,-1.2,0.0,0,0,1,0,0.675,0.32
518,2,0.12885427474975586,0.3847864866256714,-0.1169157475233078,6.18697284133057,6.189814247480828,1,0,1,0.12,0.01,0.0,0.01,0.1,0.9,-1.2,0.0,0,0,1,0,0.675,0.32
518,3,0.2781394124031067,-0.19725468754768372,0.8877547383308411,6.223121607888395,6.28,1,0,1,0.12,0.01,0.0,0.01,0.1,0.9,-1.2,0.0,0,0,1,0,0.675,0.32
518,4,-0.04096659645438194,0.11070723086595535,0.34937784075737,5.765945652255623,5.7904670147804325,1,0,1,0.12,0.01,0.0,0.01,0.1,0.9,-1.2,0.0,0,0,1,0,0.675,0.32
518,5,-0.43798983097076416,0.3110102415084839,-0.030064083635807037,5.8267566478468495,5.8438821071170235,1,0,1,0.12,0.01,0.0,0.01,0.1,0.9,-1.2,0.0,0,0,1,0,0.675,0.32
518,6,-0.20549097657203674,-0.2462407797574997,0.6180980205535889,5.746323612652565,5.729359063185906,1,0,1,0.12,0.01,0.0,0.01,0.1,0.9,-1.2,0.0,0,0,1,0,0.675,0.32
518,7,-0.8824295997619629,0.09378601610660553,0.1737043410539627,5.809930370066893,5.775568022515046,1,0,1,0.12,0.01,0.0,0.01,0.1,0.9,-1.2,0.0,0,0,1,0,0.675,0.32
519,0,0.5435680150985718,0.2502061128616333,0.4107408821582794,6.28,6.28,1,0,1,0.12,0.01,0.0,0.01,0.1,0.9,-1.2,0.0,0,0,1,0,0.675,0.32
519,1,-0.9292054176330566,-0.4190130829811096,-0.024624431505799294,-5.818492245518957,5.765128411942516,0,0,0,0.12,0.01,0.0,0.01,0.1,0.9,-1.2,0.0,0,0,1,0,0.675,0.32
519,2,0.1411319077014923,0.38334542512893677,-0.11676471680402756,6.158616818058075,6.163497835827288,1,0,1,0.12,0.01,0.0,0.01,0.1,0.9,-1.2,0.0,0,0,1,0,0.675,0.32
519,3,0.28601694107055664,-0.1875525712966919,0.8899572491645813,6.176697955339338,6.241516634018036,1,0,1,0.12,0.01,0.0,0.01,0.1,0.9,-1.2,0.0,0,0,1,0,0.675,0.32
519,4,-0.030083073303103447,0.11467478424310684,0.3498772084712982,5.750103608448166,5.783602311532836,1,0,1,0.12,0.01,0.0,0.01,0.1,0.9,-1.2,0.0,0,0,1,0,0.675,0.32
519,5,-0.4263095557689667,0.3106623589992523,-0.02946469932794571,5.77133898608637,5.837185947371003,1,0,1,0.12,0.01,0.0,0.01,0.1,0.9,-1.2,0.0,0,0,1,0,0.675,0.32
519,6,-0.19613303244113922,-0.23959079384803772,0.6175164580345154,5.776642847695197,5.6918387823917005,1,0,1,0.12,0.01,0.0,0.01,0.1,0.9,-1.2,0.0,0,0,1,0,0.675,0.32
519,7,-0.871019721031189,0.09578163176774979,0.17252053320407867,5.810950051412952,5.774150629176722,1,0,1,0.12,0.01,0.0,0.01,0.1,0.9,-1.2,0.0,0,0,1,0,0.675,0.32
520,0,0.5550772547721863,0.2552213966846466,0.41093823313713074,6.28,6.28,1,0,1,0.12,0.01,0.0,0.01,0.1,0.9,-1.2,0.0,0,0,1,0,0.675,0.32
520,1,-0.9287533760070801,-0.41894081234931946,0.22337673604488373,-5.155124746395958,5.124603534250272,0,0,0,0.12,0.01,0.0,0.01,0.1,0.9,-1.2,0.0,0,0,1,0,0.675,0.32
520,2,0.1534220427274704,0.3819045424461365,-0.11666416376829147,6.160962646644794,6.165604012269295,1,0,1,0.12,0.01,0.0,0.01,0.1,0.9,-1.2,0.0,0,0,1,0,0.675,0.32
520,3,0.29387685656547546,-0.17783008515834808,0.8919966220855713,6.1717487690963235,6.223411905952505,1,0,1,0.12,0.01,0.0,0.01,0.1,0.9,-1.2,0.0,0,0,1,0,0.675,0.32
520,4,-0.019223857671022415,0.11864146590232849,0.3506971299648285,5.7345166110854295,5.776960203661425,1,0,1,0.12,0.01,0.0,0.01,0.1,0.9,-1.2,0.0,0,0,1,0,0.675,0.32
520,5,-0.414641410112381,0.31032201647758484,-0.02885396033525467,5.761302433647742,5.831188507638346,1,0,1,0.12,0.01,0.0,0.01,0.1,0.9,-1.2,0.0,0,0,1,0,0.675,0.32
520,6,-0.1867741346359253,-0.23294848203659058,0.6169108748435974,5.778129355529191,5.686893625637648,1,0,1,0.12,0.01,0.0,0.01,0.1,0.9,-1.2,0.0,0,0,1,0,0.675,0.32
520,7,-0.8596054315567017,0.09776383638381958,0.17130503058433533,5.811469631722772,5.772736472555791,1,0,1,0.12,0.01,0.0,0.01,0.1,0.9,-1.2,0.0,0,0,1,0,0.675,0.32
521,0,0.5665916800498962,0.26023879647254944,0.41092735528945923,6.28,6.28,1,0,1,0.12,0.01,0.0,0.01,0.1,0.9,-1.2,0.0,0,0,1,0,0.675,0.32
521,1,-0.9278393983840942,-0.4184693396091461,0.445461630821228,-5.049836787446171,5.028566776825816,0,0,0,0.12,0.01,0.0,0.01,0.1,0.9,-1.2,0.0,0,0,1,0,0.675,0.32
521,2,0.1656714379787445,0.38047000765800476,-0.11649614572525024,6.163859611839175,6.167822530031084,1,0,1,0.12,0.01,0.0,0.01,0.1,0.9,-1.2,0.0,0,0,1,0,0.675,0.32
521,3,0.3016745448112488,-0.16814348101615906,0.8942298889160156,6.166569083729395,6.204160332879415,1,0,1,0.12,0.01,0.0,0.01,0.1,0.9,-1.2,0.0,0,0,1,0,0.675,0.32
521,4,-0.008389857597649097,0.12261077761650085,0.35183191299438477,5.71923370261719,5.770483140153386,1,0,1,0.12,0.01,0.0,0.01,0.1,0.9,-1.2,0.0,0,0,1,0,0.675,0.32
521,5,-0.4030250608921051,0.30999547243118286,-0.026855163276195526,5.755355152974345,5.821295108904621,1,0,1,0.12,0.01,0.0,0.01,0.1,0.9,-1.2,0.0,0,0,1,0,0.675,0.32
521,6,-0.17741233110427856,-0.2263215035200119,0.6143816709518433,5.7742147883715775,5.686897442644581,1,0,1,0.12,0.01,0.0,0.01,0.1,0.9,-1.2,0.0,0,0,1,0,0.675,0.32
521,7,-0.8481886386871338,0.09973187744617462,0.17002059519290924,5.811137590212162,5.7716083790833395,1,0,1,0.12,0.01,0.0,0.01,0.1,0.9,-1.2,0.0,0,0,1,0,0.675,0.32
522,0,0.578106164932251,0.26525595784187317,0.4109211266040802,6.251625957170805,6.28,1,0,1,0.12,0.01,0.0,0.01,0.1,0.9,-1.2,0.0,0,0,1,0,0.675,0.32
522,1,-0.9277416467666626,-0.4182567596435547,0.7471221089363098,-4.335302286271049,4.340124239634766,0,0,0,0.12,0.01,0.0,0.01,0.1,0.9,-1.2,0.0,0,0,1,0,0.675,0.32
522,2,0.17791374027729034,0.379038542509079,-0.11631103605031967,6.167005158941521,6.17012985797666,1,0,1,0.12,0.01,0.0,0.01,0.1,0.9,-1.2,0.0,0,0,1,0,0.675,0.32
522,3,0.3094290792942047,-0.1584676206111908,0.896152138710022,6.15974633698931,6.185267370886896,1,0,1,0.12,0.01,0.0,0.01,0.1,0.9,-1.2,0.0,0,0,1,0,0.675,0.32
522,4,0.0024181129410862923,0.1265862137079239,0.3532758355140686,5.70425422864775,5.764158021632629,1,0,1,0.12,0.01,0.0,0.01,0.1,0.9,-1.2,0.0,0,0,1,0,0.675,0.32
522,5,-0.3914331793785095,0.3096972703933716,-0.02447759546339512,5.750540901983794,5.810289616619531,1,0,1,0.12,0.01,0.0,0.01,0.1,0.9,-1.2,0.0,0,0,1,0,0.675,0.32
522,6,-0.16803359985351562,-0.2197258621454239,0.6111835837364197,5.768425868818453,5.688647193839857,1,0,1,0.12,0.01,0.0,0.01,0.1,0.9,-1.2,0.0,0,0,1,0,0.675,0.32
522,7,-0.8367699980735779,0.10168466717004776,0.1686640977859497,5.810805783727006,5.7697956402517985,1,0,1,0.12,0.01,0.0,0.01,0.1,0.9,-1.2,0.0,0,0,1,0,0.675,0.32
523,0,0.5896205902099609,0.2702730596065521,0.41091856360435486,6.211400334509003,6.28,1,0,1,0.12,0.01,0.0,0.01,0.1,0.9,-1.2,0.0,0,0,1,0,0.675,0.32
523,1,-0.9277002215385437,-0.41817501187324524,1.0801607370376587,-3.278753232009341,3.3262524528276223,0,0,0,0.12,0.01,0.0,0.01,0.1,0.9,-1.2,0.0,0,0,1,0,0.675,0.32
523,2,0.19016121327877045,0.3776085078716278,-0.11616017669439316,6.1701670248820975,6.172586582897643,1,0,1,0.12,0.01,0.0,0.01,0.1,0.9,-1.2,0.0,0,0,1,0,0.675,0.32
523,3,0.31715214252471924,-0.14879749715328217,0.8975753784179688,6.1507463911687195,6.167354985126369,1,0,1,0.12,0.01,0.0,0.01,0.1,0.9,-1.2,0.0,0,0,1,0,0.675,0.32
523,4,0.013199244625866413,0.13057130575180054,0.35502633452415466,5.689689149124852,5.757948379056223,1,0,1,0.12,0.01,0.0,0.01,0.1,0.9,-1.2,0.0,0,0,1,0,0.675,0.32
523,5,-0.37985649704933167,0.309427946805954,-0.022179268300533295,5.7455205352018455,5.799472775964916,1,0,1,0.12,0.01,0.0,0.01,0.1,0.9,-1.2,0.0,0,0,1,0,0.675,0.32
523,6,-0.15863683819770813,-0.21316269040107727,0.6080663800239563,5.762919721041938,5.69020963009713,1,0,1,0.12,0.01,0.0,0.01,0.1,0.9,-1.2,0.0,0,0,1,0,0.675,0.32
523,7,-0.8253500461578369,0.10362143069505692,0.16726619005203247,5.810143260338762,5.767454327961943,1,0,1,0.12,0.01,0.0,0.01,0.1,0.9,-1.2,0.0,0,0,1,0,0.675,0.32
524,0,0.6011129021644592,0.2752841114997864,0.4117303490638733,6.160068791362755,6.28,1,0,1,0.12,0.01,0.0,0.01,0.1,0.9,-1.2,0.0,0,0,1,0,0.675,0.32
524,1,-0.9276517629623413,-0.41813626885414124,1.3929625749588013,-2.2271165106759305,2.3206642199621434,0,0,0,0.12,0.01,0.0,0.01,0.1,0.9,-1.2,0.0,0,0,1,0,0.675,0.32
524,2,0.20241419970989227,0.3761795461177826,-0.11604700237512589,6.173240352788936,6.175110566994179,1,0,1,0.12,0.01,0.0,0.01,0.1,0.9,-1.2,0.0,0,0,1,0,0.675,0.32
524,3,0.32484766840934753,-0.13913798332214355,0.8985544443130493,6.139668261283411,6.150265539413914,1,0,1,0.12,0.01,0.0,0.01,0.1,0.9,-1.2,0.0,0,0,1,0,0.675,0.32
524,4,0.023952722549438477,0.1345694363117218,0.35708412528038025,5.6756857720567435,5.751752621178463,1,0,1,0.12,0.01,0.0,0.01,0.1,0.9,-1.2,0.0,0,0,1,0,0.675,0.32
524,5,-0.3682950735092163,0.30918529629707336,-0.01995217613875866,5.740327306170344,5.78882957242024,1,0,1,0.12,0.01,0.0,0.01,0.1,0.9,-1.2,0.0,0,0,1,0,0.675,0.32
524,6,-0.1492236852645874,-0.2066301703453064,0.6051996350288391,5.758196782151613,5.691160220821943,1,0,1,0.12,0.01,0.0,0.01,0.1,0.9,-1.2,0.0,0,0,1,0,0.675,0.32
524,7,-0.8139293193817139,0.10554169863462448,0.16581875085830688,5.809047543644268,5.764810568452517,1,0,1,0.12,0.01,0.0,0.01,0.1,0.9,-1.2,0.0,0,0,1,0,0.675,0.32
525,0,0.6125635504722595,0.2802959382534027,0.41389262676239014,6.093107309858002,6.28,1,0,1,0.12,0.01,0.0,0.01,0.1,0.9,-1.2,0.0,0,0,1,0,0.675,0.32
525,1,-0.9276188015937805,-0.41792458295822144,1.6800957918167114,-1.458653434048745,1.5756187428341835,0,0,0,0.12,0.01,0.0,0.01,0.1,0.9,-1.2,0.0,0,0,1,0,0.675,0.32
525,2,0.21467284858226776,0.3747512996196747,-0.1159508004784584,6.176206628646682,6.177568812999893,1,0,1,0.12,0.01,0.0,0.01,0.1,0.9,-1.2,0.0,0,0,1,0,0.675,0.32
525,3,0.33251872658729553,-0.1294931173324585,0.899199366569519,6.126791894083134,6.133682668561823,1,0,1,0.12,0.01,0.0,0.01,0.1,0.9,-1.2,0.0,0,0,1,0,0.675,0.32
525,4,0.03467779979109764,0.1385839879512787,0.3594416081905365,5.66239922593752,5.745451426995598,1,0,1,0.12,0.01,0.0,0.01,0.1,0.9,-1.2,0.0,0,0,1,0,0.675,0.32
525,5,-0.3567489683628082,0.30896666646003723,-0.017940513789653778,5.73455996299185,5.778799255843979,1,0,1,0.12,0.01,0.0,0.01,0.1,0.9,-1.2,0.0,0,0,1,0,0.675,0.32
525,6,-0.13979589939117432,-0.20012573897838593,0.6025872230529785,5.7542742464282,5.691496345069221,1,0,1,0.12,0.01,0.0,0.01,0.1,0.9,-1.2,0.0,0,0,1,0,0.675,0.32
525,7,-0.8025085926055908,0.10744473338127136,0.1643185019493103,5.807462385687006,5.762267329898702,1,0,1,0.12,0.01,0.0,0.01,0.1,0.9,-1.2,0.0,0,0,1,0,0.675,0.32
526,0,0.6239544749259949,0.285321444272995,0.4177951216697693,6.000260668862403,6.28,1,0,1,0.12,0.01,0.0,0.01,0.1,0.9,-1.2,0.0,0,0,1,0,0.675,0.32
526,1,-0.9276312589645386,-0.41785165667533875,1.8672868013381958,-0.8008107662670827,0.9412086725704883,0,0,0,0.12,0.01,0.0,0.01,0.1,0.9,-1.2,0.0,0,0,1,0,0.675,0.32
526,2,0.2269371896982193,0.3733234405517578,-0.11586619913578033,6.1789972319750035,6.17986408029516,1,0,1,0.12,0.01,0.0,0.01,0.1,0.9,-1.2,0.0,0,0,1,0,0.675,0.32
526,3,0.340167373418808,-0.11986611783504486,0.8996163606643677,6.1124211916279,6.117315821950517,1,0,1,0.12,0.01,0.0,0.01,0.1,0.9,-1.2,0.0,0,0,1,0,0.675,0.32
526,4,0.0453738234937191,0.1426181197166443,0.3620777130126953,5.649970468592204,5.738920781302892,1,0,1,0.12,0.01,0.0,0.01,0.1,0.9,-1.2,0.0,0,0,1,0,0.675,0.32
526,5,-0.34521833062171936,0.3087696433067322,-0.01622609607875347,5.728001303064549,5.769643076670444,1,0,1,0.12,0.01,0.0,0.01,0.1,0.9,-1.2,0.0,0,0,1,0,0.675,0.32
526,6,-0.13035497069358826,-0.1936471164226532,0.6001853942871094,5.751024864540498,5.691340394391614,1,0,1,0.12,0.01,0.0,0.01,0.1,0.9,-1.2,0.0,0,0,1,0,0.675,0.32
526,7,-0.7910885214805603,0.10932976752519608,0.16276787221431732,5.805459439599736,5.7593723835108435,1,0,1,0.12,0.01,0.0,0.01,0.1,0.9,-1.2,0.0,0,0,1,0,0.675,0.32
527,0,0.6352625489234924,0.2903764843940735,0.42394307255744934,5.859579426003443,6.28,1,0,1,0.12,0.01,0.0,0.01,0.1,0.9,-1.2,0.0,0,0,1,0,0.675,0.32
527,1,-0.9276670813560486,-0.4177464544773102,1.9823477268218994,-0.38350976997998093,0.5375611036458287,0,0,0,0.12,0.01,0.0,0.01,0.1,0.9,-1.2,0.0,0,0,1,0,0.675,0.32
527,2,0.23920705914497375,0.37189576029777527,-0.11580916494131088,6.18144974126889,6.181924290811285,1,0,1,0.12,0.01,0.0,0.01,0.1,0.9,-1.2,0.0,0,0,1,0,0.675,0.32
527,3,0.3477945327758789,-0.11025939881801605,0.8998903036117554,6.096831247021171,6.100949093888786,1,0,1,0.12,0.01,0.0,0.01,0.1,0.9,-1.2,0.0,0,0,1,0,0.675,0.32
527,4,0.05604025721549988,0.1466747224330902,0.3649633526802063,5.6385350752463586,5.732016853631471,1,0,1,0.12,0.01,0.0,0.01,0.1,0.9,-1.2,0.0,0,0,1,0,0.675,0.32
527,5,-0.3337031602859497,0.3085920810699463,-0.014687496237456799,5.721017335433036,5.761018167358368,1,0,1,0.12,0.01,0.0,0.01,0.1,0.9,-1.2,0.0,0,0,1,0,0.675,0.32
527,6,-0.12090196460485458,-0.18719246983528137,0.5979450345039368,5.7482962116117164,5.690828312981636,1,0,1,0.12,0.01,0.0,0.01,0.1,0.9,-1.2,0.0,0,0,1,0,0.675,0.32
527,7,-0.7796695232391357,0.11119617521762848,0.1611776351928711,5.803021671156182,5.756424127240881,1,0,1,0.12,0.01,0.0,0.01,0.1,0.9,-1.2,0.0,0,0,1,0,0.675,0.32
528,0,0.6464526653289795,0.29547980427742004,0.4331843852996826,5.617617346632634,6.28,1,0,1,0.12,0.01,0.0,0.01,0.1,0.9,-1.2,0.0,0,0,1,0,0.675,0.32
528,1,-0.9277260303497314,-0.4176250398159027,2.0514354705810547,-0.10963837772408783,0.27279488712350186,0,0,0,0.12,0.01,0.0,0.01,0.1,0.9,-1.2,0.0,0,0,1,0,0.675,0.32
528,2,0.25148215889930725,0.3704681098461151,-0.11578249931335449,6.183404468380471,6.183604850984553,1,0,1,0.12,0.01,0.0,0.01,0.1,0.9,-1.2,0.0,0,0,1,0,0.675,0.32
528,3,0.35540056228637695,-0.1006748154759407,0.9000856876373291,6.0802616479462905,6.084438562148158,1,0,1,0.12,0.01,0.0,0.01,0.1,0.9,-1.2,0.0,0,0,1,0,0.675,0.32
528,4,0.06667669862508774,0.1507563441991806,0.3680644631385803,5.628226978392682,5.724572049765504,1,0,1,0.12,0.01,0.0,0.01,0.1,0.9,-1.2,0.0,0,0,1,0,0.675,0.32
528,5,-0.32220348715782166,0.30843234062194824,-0.013161726295948029,5.7140900844351625,5.752446377871813,1,0,1,0.12,0.01,0.0,0.01,0.1,0.9,-1.2,0.0,0,0,1,0,0.675,0.32
528,6,-0.11143769323825836,-0.18076041340827942,0.5958204865455627,5.745938722334825,5.69008862570671,1,0,1,0.12,0.01,0.0,0.01,0.1,0.9,-1.2,0.0,0,0,1,0,0.675,0.32
528,7,-0.7682521939277649,0.11304347217082977,0.15955212712287903,5.800165062196838,5.753440971128358,1,0,1,0.12,0.01,0.0,0.01,0.1,0.9,-1.2,0.0,0,0,1,0,0.675,0.32
529,0,0.657466471195221,0.30065247416496277,0.4470539391040802,5.110175904453793,6.28,1,0,1,0.12,0.01,0.0,0.01,0.1,0.9,-1.2,0.0,0,0,1,0,0.675,0.32
529,1,-0.9277997612953186,-0.4174933135509491,2.089017152786255,0.06901919120346582,0.10091193741763556,0,0,0,0.12,0.01,0.0,0.01,0.1,0.9,-1.2,0.0,0,0,1,0,0.675,0.32
529,2,0.2637619078159332,0.36904028058052063,-0.11576448380947113,6.184691880172836,6.18461382734145,1,0,1,0.12,0.01,0.0,0.01,0.1,0.9,-1.2,0.0,0,0,1,0,0.675,0.32
529,3,0.36298519372940063,-0.09111374616622925,0.9002490639686584,6.0629131136312076,6.067695206604998,1,0,1,0.12,0.01,0.0,0.01,0.1,0.9,-1.2,0.0,0,0,1,0,0.675,0.32
529,4,0.07728288322687149,0.154865100979805,0.37133535742759705,5.619142762277595,5.716422462012298,1,0,1,0.12,0.01,0.0,0.01,0.1,0.9,-1.2,0.0,0,0,1,0,0.675,0.32
529,5,-0.31071919202804565,0.30828943848609924,-0.011709867045283318,5.707069873017775,5.744120479422106,1,0,1,0.12,0.01,0.0,0.01,0.1,0.9,-1.2,0.0,0,0,1,0,0.675,0.32
529,6,-0.10196273028850555,-0.17434988915920258,0.5937759876251221,5.743827819250549,5.689228505469833,1,0,1,0.12,0.01,0.0,0.01,0.1,0.9,-1.2,0.0,0,0,1,0,0.675,0.32
529,7,-0.7568370699882507,0.11487127840518951,0.1579085737466812,5.796939344682758,5.750421462974484,1,0,1,0.12,0.01,0.0,0.01,0.1,0.9,-1.2,0.0,0,0,1,0,0.675,0.32
530,0,0.6681916117668152,0.3059150278568268,0.4687438905239105,3.6192504716498437,6.28,1,0,1,0.12,0.01,0.0,0.01,0.1,0.9,-1.2,0.0,0,0,1,0,0.675,0.32
530,1,-0.9278817176818848,-0.417354553937912,2.106022357940674,0.1866749351261334,-0.011264366411991546,0,0,0,0.12,0.01,0.0,0.01,0.1,0.9,-1.2,0.0,0,0,1,0,0.675,0.32
530,2,0.2760455012321472,0.36761221289634705,-0.11574279516935349,6.184853480027087,6.184421963228813,1,0,1,0.12,0.01,0.0,0.01,0.1,0.9,-1.2,0.0,0,0,1,0,0.675,0.32
530,3,0.37054795026779175,-0.08157720416784286,0.9004111289978027,6.044912614469176,6.050643108244294,1,0,1,0.12,0.01,0.0,0.01,0.1,0.9,-1.2,0.0,0,0,1,0,0.675,0.32
530,4,0.08785871416330338,0.15900254249572754,0.3747149407863617,5.611315593360631,5.707428142191201,1,0,1,0.12,0.01,0.0,0.01,0.1,0.9,-1.2,0.0,0,0,1,0,0.675,0.32
530,5,-0.2992502748966217,0.308162659406662,-0.010489613749086857,5.699539639403486,5.736532874057628,1,0,1,0.12,0.01,0.0,0.01,0.1,0.9,-1.2,0.0,0,0,1,0,0.675,0.32
530,6,-0.09247748553752899,-0.16796015202999115,0.5917912721633911,5.7418807422873686,5.688317062878876,1,0,1,0.12,0.01,0.0,0.01,0.1,0.9,-1.2,0.0,0,0,1,0,0.675,0.32
530,7,-0.7454246282577515,0.1166793629527092,0.15626321732997894,5.793396613874574,5.74737242670999,1,0,1,0.12,0.01,0.0,0.01,0.1,0.9,-1.2,0.0,0,0,1,0,0.675,0.32
531,0,0.6783642768859863,0.31126490235328674,0.5064706802368164,-2.5120250097681014,5.126622032301518,1,0,1,0.12,0.01,0.0,0.01,0.1,0.9,-1.2,0.0,0,0,1,0,0.675,0.32
531,1,-0.9279683232307434,-0.41721004247665405,2.109539031982422,0.2643929452164178,-0.08438533847165161,0,0,0,0.12,0.01,0.0,0.01,0.1,0.9,-1.2,0.0,0,0,1,0,0.675,0.32
531,2,0.28833165764808655,0.36618390679359436,-0.11573480069637299,6.182570102471059,6.181807075780682,1,0,1,0.12,0.01,0.0,0.01,0.1,0.9,-1.2,0.0,0,0,1,0,0.675,0.32
531,3,0.3780880272388458,-0.07206594198942184,0.9005894064903259,6.026176083823477,6.033069204548563,1,0,1,0.12,0.01,0.0,0.01,0.1,0.9,-1.2,0.0,0,0,1,0,0.675,0.32
531,4,0.09840425848960876,0.16316962242126465,0.3781338036060333,5.604690936431358,5.69744742192321,1,0,1,0.12,0.01,0.0,0.01,0.1,0.9,-1.2,0.0,0,0,1,0,0.675,0.32
531,5,-0.2877965569496155,0.3080514073371887,-0.00938330963253975,5.6918608217177775,5.729340422278841,1,0,1,0.12,0.01,0.0,0.01,0.1,0.9,-1.2,0.0,0,0,1,0,0.675,0.32
531,6,-0.08298226445913315,-0.16159065067768097,0.5898557305335999,5.740041204648125,5.6873997068833235,1,0,1,0.12,0.01,0.0,0.01,0.1,0.9,-1.2,0.0,0,0,1,0,0.675,0.32
531,7,-0.7340152859687805,0.11846768110990524,0.15462195873260498,5.7895633303813465,5.744329241544771,1,0,1,0.12,0.01,0.0,0.01,0.1,0.9,-1.2,0.0,0,0,1,0,0.675,0.32
532,0,0.6871264576911926,0.316500723361969,0.5898444056510925,-6.28,2.9893993649157,1,0,1,0.12,0.01,0.0,0.01,0.1,0.9,-1.2,0.0,0,0,1,0,0.675,0.32
532,1,-0.9280576109886169,-0.41706034541130066,2.1041760444641113,0.31545300930227455,-0.1315687611648005,0,0,0,0.12,0.01,0.0,0.01,0.1,0.9,-1.2,0.0,0,0,1,0,0.675,0.32
532,2,0.3006182312965393,0.3647554814815521,-0.11575765907764435,6.173526314708169,6.172551604298178,1,0,1,0.12,0.01,0.0,0.01,0.1,0.9,-1.2,0.0,0,0,1,0,0.675,0.32
532,3,0.3856046795845032,-0.06258053332567215,0.9007980823516846,6.005717565283149,6.013879190221459,1,0,1,0.12,0.01,0.0,0.01,0.1,0.9,-1.2,0.0,0,0,1,0,0.675,0.32
532,4,0.10891979187726974,0.16736647486686707,0.38152238726615906,5.598969020498388,5.6862073162669,1,0,1,0.12,0.01,0.0,0.01,0.1,0.9,-1.2,0.0,0,0,1,0,0.675,0.32
532,5,-0.27635785937309265,0.30795523524284363,-0.008041663095355034,5.685045469015891,5.72148038128013,1,0,1,0.12,0.01,0.0,0.01,0.1,0.9,-1.2,0.0,0,0,1,0,0.675,0.32
532,6,-0.07347729057073593,-0.15524093806743622,0.5879594683647156,5.738254565678164,5.686521988429503,1,0,1,0.12,0.01,0.0,0.01,0.1,0.9,-1.2,0.0,0,0,1,0,0.675,0.32
532,7,-0.7226095199584961,0.12023630738258362,0.1529904305934906,5.785467918921024,5.7413255609984075,1,0,1,0.12,0.01,0.0,0.01,0.1,0.9,-1.2,0.0,0,0,1,0,0.675,0.32
533,0,0.6904062032699585,0.3189668655395508,0.8239180445671082,-6.28,3.0470781004492498,1,0,1,0.12,0.01,0.0,0.01,0.1,0.9,-1.2,0.0,0,0,1,0,0.675,0.32
533,1,-0.9281481504440308,-0.41690587997436523,2.0929763317108154,0.348514391799165,-0.1614040720655453,0,0,0,0.12,0.01,0.0,0.01,0.1,0.9,-1.2,0.0,0,0,1,0,0.675,0.32
533,2,0.3129008412361145,0.3633272349834442,-0.11579878628253937,6.137517339920145,6.13640917754035,1,0,1,0.12,0.01,0.0,0.01,0.1,0.9,-1.2,0.0,0,0,1,0,0.675,0.32
533,3,0.39309677481651306,-0.0531216599047184,0.901046097278595,5.9760998416985025,5.985566623107101,1,0,1,0.12,0.01,0.0,0.01,0.1,0.9,-1.2,0.0,0,0,1,0,0.675,0.32
533,4,0.11940572410821915,0.17159241437911987,0.38480934500694275,5.592428305610284,5.672563246027365,1,0,1,0.12,0.01,0.0,0.01,0.1,0.9,-1.2,0.0,0,0,1,0,0.675,0.32
533,5,-0.2649339735507965,0.30787423253059387,-0.006478546187281609,5.679078510863937,5.7129890854524,1,0,1,0.12,0.01,0.0,0.01,0.1,0.9,-1.2,0.0,0,0,1,0,0.675,0.32
533,6,-0.06396273523569107,-0.14891067147254944,0.586093544960022,5.736466512646292,5.685726627145198,1,0,1,0.12,0.01,0.0,0.01,0.1,0.9,-1.2,0.0,0,0,1,0,0.675,0.32
533,7,-0.7112076282501221,0.12198545783758163,0.15138371288776398,5.78116819943988,5.738364272455336,1,0,1,0.12,0.01,0.0,0.01,0.1,0.9,-1.2,0.0,0,0,1,0,0.675,0.32
534,0,0.6893801093101501,0.31728631258010864,1.1469136476516724,-5.938752501358926,4.006801455368937,1,0,1,0.12,0.01,0.0,0.01,0.1,0.9,-1.2,0.0,0,0,1,0,0.675,0.32
534,1,-0.9282388091087341,-0.4167467951774597,2.077965021133423,0.36917707538429845,-0.17946945345226872,0,0,0,0.12,0.01,0.0,0.01,0.1,0.9,-1.2,0.0,0,0,1,0,0.675,0.32
534,2,0.32516786456108093,0.36190035939216614,-0.1158372312784195,6.080339973216064,6.079060132260316,1,0,1,0.12,0.01,0.0,0.01,0.1,0.9,-1.2,0.0,0,0,1,0,0.675,0.32
534,3,0.4005621075630188,-0.04369133710861206,0.9013375639915466,5.940083431070754,5.950856996709399,1,0,1,0.12,0.01,0.0,0.01,0.1,0.9,-1.2,0.0,0,0,1,0,0.675,0.32
534,4,0.12986236810684204,0.17584571242332458,0.3879185914993286,5.585311713952639,5.65693682120361,1,0,1,0.12,0.01,0.0,0.01,0.1,0.9,-1.2,0.0,0,0,1,0,0.675,0.32
534,5,-0.2535247206687927,0.30780839920043945,-0.0051099020056426525,5.672818524909444,5.705155135917239,1,0,1,0.12,0.01,0.0,0.01,0.1,0.9,-1.2,0.0,0,0,1,0,0.675,0.32
534,6,-0.05443873256444931,-0.14259955286979675,0.5842570066452026,5.734648246850726,5.6850377129652525,1,0,1,0.12,0.01,0.0,0.01,0.1,0.9,-1.2,0.0,0,0,1,0,0.675,0.32
534,7,-0.6998099684715271,0.12371545284986496,0.14981797337532043,5.776726482968522,5.73544076218109,1,0,1,0.12,0.01,0.0,0.01,0.1,0.9,-1.2,0.0,0,0,1,0,0.675,0.32
535,0,0.6887462139129639,0.31475818157196045,1.5140243768692017,-1.2586140935556884,5.485679954780816,1,0,1,0.12,0.01,0.0,0.01,0.1,0.9,-1.2,0.0,0,0,1,0,0.675,0.32
535,1,-0.9283284544944763,-0.41658326983451843,2.060499668121338,0.3811759412853232,-0.18948525792045504,0,0,0,0.12,0.01,0.0,0.01,0.1,0.9,-1.2,0.0,0,0,1,0,0.675,0.32
535,2,0.337373822927475,0.3604801297187805,-0.11588054150342941,6.026815688343218,6.025322476296254,1,0,1,0.12,0.01,0.0,0.01,0.1,0.9,-1.2,0.0,0,0,1,0,0.675,0.32
535,3,0.40799081325531006,-0.034301258623600006,0.9016737937927246,5.90935353340968,5.921388229705246,1,0,1,0.12,0.01,0.0,0.01,0.1,0.9,-1.2,0.0,0,0,1,0,0.675,0.32
535,4,0.1402881145477295,0.180122971534729,0.3907875716686249,5.720725740958834,5.2798102836116305,1,0,1,0.12,0.01,0.0,0.01,0.1,0.9,-1.2,0.0,0,0,1,0,0.675,0.32
535,5,-0.24212989211082458,0.30775710940361023,-0.004133706912398338,5.665722243266395,5.698597990197846,1,0,1,0.12,0.01,0.0,0.01,0.1,0.9,-1.2,0.0,0,0,1,0,0.675,0.32
535,6,-0.04490543529391289,-0.1363072544336319,0.5824562311172485,5.732792733933295,5.684458733771478,1,0,1,0.12,0.01,0.0,0.01,0.1,0.9,-1.2,0.0,0,0,1,0,0.675,0.32
535,7,-0.6884167790412903,0.1254267394542694,0.1482985019683838,5.772173731418001,5.732575060038221,1,0,1,0.12,0.01,0.0,0.01,0.1,0.9,-1.2,0.0,0,0,1,0,0.675,0.32
536,0,0.6887710094451904,0.3179289400577545,1.6691726446151733,-1.9952347932247327,5.248015379705826,1,0,1,0.12,0.01,0.0,0.01,0.1,0.9,-1.2,0.0,0,0,1,0,0.675,0.32
536,1,-0.9284159541130066,-0.4164155125617981,2.04150652885437,0.38705000458561256,-0.1939749437411912,0,0,0,0.12,0.01,0.0,0.01,0.1,0.9,-1.2,0.0,0,0,1,0,0.675,0.32
536,2,0.34947437047958374,0.3590715825557709,-0.11593638360500336,5.975997731360269,5.974232211438345,1,0,1,0.12,0.01,0.0,0.01,0.1,0.9,-1.2,0.0,0,0,1,0,0.675,0.32
536,3,0.41537389159202576,-0.02496202476322651,0.9020572304725647,5.889767051452423,5.902946054226135,1,0,1,0.12,0.01,0.0,0.01,0.1,0.9,-1.2,0.0,0,0,1,0,0.675,0.32
536,4,0.15068158507347107,0.18442022800445557,0.39336708188056946,5.716651389880134,5.261685838418052,1,0,1,0.12,0.01,0.0,0.01,0.1,0.9,-1.2,0.0,0,0,1,0,0.675,0.32
536,5,-0.23074916005134583,0.3077193796634674,-0.0031013244297355413,5.659049838522521,5.69191633190766,1,0,1,0.12,0.01,0.0,0.01,0.1,0.9,-1.2,0.0,0,0,1,0,0.675,0.32
536,6,-0.03536302596330643,-0.13003338873386383,0.5806967616081238,5.730892439801411,5.683992038052365,1,0,1,0.12,0.01,0.0,0.01,0.1,0.9,-1.2,0.0,0,0,1,0,0.675,0.32
536,7,-0.6770282983779907,0.12711983919143677,0.1468254178762436,5.7675283704370495,5.72979818243084,1,0,1,0.12,0.01,0.0,0.01,0.1,0.9,-1.2,0.0,0,0,1,0,0.675,0.32
537,0,0.6880099773406982,0.32215458154678345,1.9006315469741821,-3.215778480962207,4.858910005286623,1,0,1,0.12,0.01,0.0,0.01,0.1,0.9,-1.2,0.0,0,0,1,0,0.675,0.32
537,1,-0.9285007119178772,-0.4162440001964569,2.0216243267059326,1.4479678088367096,-1.1630020552814118,0,0,0,0.12,0.01,0.0,0.01,0.1,0.9,-1.2,0.0,0,0,1,0,0.675,0.32
537,2,0.3614668846130371,0.3576749861240387,-0.11598806083202362,5.925830661650535,5.923689067963723,1,0,1,0.12,0.01,0.0,0.01,0.1,0.9,-1.2,0.0,0,0,1,0,0.675,0.32
537,3,0.42271459102630615,-0.015668733045458794,0.9024849534034729,5.874285778666589,5.888517179821874,1,0,1,0.12,0.01,0.0,0.01,0.1,0.9,-1.2,0.0,0,0,1,0,0.675,0.32
537,4,0.16090121865272522,0.1886201947927475,0.3814016878604889,5.682053647248869,5.296458401472443,1,0,1,0.12,0.01,0.0,0.01,0.1,0.9,-1.2,0.0,0,0,1,0,0.675,0.32
537,5,-0.2193821221590042,0.3076947331428528,-0.0016557418275624514,5.653638422867248,5.683915361383966,1,0,1,0.12,0.01,0.0,0.01,0.1,0.9,-1.2,0.0,0,0,1,0,0.675,0.32
537,6,-0.02581171877682209,-0.12377749383449554,0.5789796710014343,5.728995765059293,5.683543210417924,1,0,1,0.12,0.01,0.0,0.01,0.1,0.9,-1.2,0.0,0,0,1,0,0.675,0.32
537,7,-0.6656447649002075,0.12879541516304016,0.1454075127840042,5.763861982385801,5.664468439061953,1,0,1,0.12,0.01,0.0,0.01,0.1,0.9,-1.2,0.0,0,0,1,0,0.675,0.32
538,0,0.6866580247879028,0.32572317123413086,2.168717622756958,-3.8183664898993843,4.668453655731904,1,0,1,0.12,0.01,0.0,0.01,0.1,0.9,-1.2,0.0,0,0,1,0,0.675,0.32
538,1,-0.9285823106765747,-0.4160693287849426,2.0012967586517334,1.385659882124789,-1.1073411193455531,0,0,0,0.12,0.01,0.0,0.01,0.1,0.9,-1.2,0.0,0,0,1,0,0.675,0.32
538,2,0.37335702776908875,0.3562896251678467,-0.11605332791805267,5.880024663992653,5.877527959756126,1,0,1,0.12,0.01,0.0,0.01,0.1,0.9,-1.2,0.0,0,0,1,0,0.675,0.32
538,3,0.43002480268478394,-0.006405505817383528,0.9029519557952881,5.861444612234566,5.876664022714163,1,0,1,0.12,0.01,0.0,0.01,0.1,0.9,-1.2,0.0,0,0,1,0,0.675,0.32
538,4,0.1711251139640808,0.19263306260108948,0.36532220244407654,5.638115298398464,5.346275854460269,1,0,1,0.12,0.01,0.0,0.01,0.1,0.9,-1.2,0.0,0,0,1,0,0.675,0.32
538,5,-0.20802848041057587,0.3076832592487335,-0.0009929317748174071,5.64653500986546,5.678661897058788,1,0,1,0.12,0.01,0.0,0.01,0.1,0.9,-1.2,0.0,0,0,1,0,0.675,0.32
538,6,-0.016251791268587112,-0.11753908544778824,0.5773087739944458,5.727019223757852,5.6831990746773595,1,0,1,0.12,0.01,0.0,0.01,0.1,0.9,-1.2,0.0,0,0,1,0,0.675,0.32
538,7,-0.6542662382125854,0.1304541528224945,0.1440596729516983,5.758408091660119,5.666982688311958,1,0,1,0.12,0.01,0.0,0.01,0.1,0.9,-1.2,0.0,0,0,1,0,0.675,0.32
539,0,0.6854047179222107,0.3273307681083679,2.4787912368774414,-2.5498471071058653,5.050008993321075,1,0,1,0.12,0.01,0.0,0.01,0.1,0.9,-1.2,0.0,0,0,1,0,0.675,0.32
539,1,-0.9286834597587585,-0.4158223271369934,1.9238699674606323,1.1612814052402882,-0.8874029500782399,0,0,0,0.12,0.01,0.0,0.01,0.1,0.9,-1.2,0.0,0,0,1,0,0.675,0.32
539,2,0.3851468563079834,0.35491514205932617,-0.11612813174724579,5.8427213574147245,5.839881972005365,1,0,1,0.12,0.01,0.0,0.01,0.1,0.9,-1.2,0.0,0,0,1,0,0.675,0.32
539,3,0.43731096386909485,0.0028365235775709152,0.9034579992294312,5.850832635881001,5.866976206777995,1,0,1,0.12,0.01,0.0,0.01,0.1,0.9,-1.2,0.0,0,0,1,0,0.675,0.32
539,4,0.1814066618680954,0.19648277759552002,0.3512045741081238,5.598570014550066,5.389051590846203,1,0,1,0.12,0.01,0.0,0.01,0.1,0.9,-1.2,0.0,0,0,1,0,0.675,0.32
539,5,-0.1966882348060608,0.30768465995788574,0.0022553850430995226,5.647066539216744,5.665352219652426,1,0,1,0.12,0.01,0.0,0.01,0.1,0.9,-1.2,0.0,0,0,1,0,0.675,0.32
539,6,-0.0066835698671638966,-0.11131763458251953,0.5756892561912537,5.72495025845615,5.682997222222409,1,0,1,0.12,0.01,0.0,0.01,0.1,0.9,-1.2,0.0,0,0,1,0,0.675,0.32
539,7,-0.6429406404495239,0.1320832073688507,0.1409841924905777,5.748213905976114,5.674657862498464,1,0,1,0.12,0.01,0.0,0.01,0.1,0.9,-1.2,0.0,0,0,1,0,0.675,0.32
540,0,0.6847420930862427,0.32768625020980835,2.8223419189453125,-0.07799291939024934,5.692495945398855,1,0,1,0.12,0.01,0.0,0.01,0.1,0.9,-1.2,0.0,0,0,1,0,0.675,0.32
540,1,-0.928766131401062,-0.4155542850494385,1.8354614973068237,0.9025291678378731,-0.6351041075656564,0,0,0,0.12,0.01,0.0,0.01,0.1,0.9,-1.2,0.0,0,0,1,0,0.675,0.32
540,2,0.39684349298477173,0.353550523519516,-0.11621628701686859,5.814518243392688,5.811365008035916,1,0,1,0.12,0.01,0.0,0.01,0.1,0.9,-1.2,0.0,0,0,1,0,0.675,0.32
540,3,0.44457635283470154,0.01206217147409916,0.9040012955665588,5.842778068098308,5.85978861519408,1,0,1,0.12,0.01,0.0,0.01,0.1,0.9,-1.2,0.0,0,0,1,0,0.675,0.32
540,4,0.19174040853977203,0.20020249485969543,0.34030574560165405,5.5671861715762905,5.420618718102664,1,0,1,0.12,0.01,0.0,0.01,0.1,0.9,-1.2,0.0,0,0,1,0,0.675,0.32
540,5,-0.18536056578159332,0.3076983392238617,0.0031148975249379873,5.641486391867759,5.659906461392281,1,0,1,0.12,0.01,0.0,0.01,0.1,0.9,-1.2,0.0,0,0,1,0,0.675,0.32
540,6,0.0028925947844982147,-0.10511263459920883,0.5741291642189026,5.722813804656381,5.682932089060431,1,0,1,0.12,0.01,0.0,0.01,0.1,0.9,-1.2,0.0,0,0,1,0,0.675,0.32
540,7,-0.6316254734992981,0.1336708664894104,0.13768994808197021,5.737319451154613,5.683040160356617,1,0,1,0.12,0.01,0.0,0.01,0.1,0.9,-1.2,0.0,0,0,1,0,0.675,0.32
541,0,0.6827747821807861,0.32797548174858093,-3.1380765438079834,1.4049996107071712,6.002156856730573,1,0,1,0.12,0.01,0.0,0.01,0.1,0.9,-1.2,0.0,0,0,1,0,0.675,0.32
541,1,-0.9288268685340881,-0.41528570652008057,1.7604163885116577,0.6798913195782705,-0.42155248076258145,0,0,0,0.12,0.01,0.0,0.01,0.1,0.9,-1.2,0.0,0,0,1,0,0.675,0.32
541,2,0.40846219658851624,0.3521938621997833,-0.11632280051708221,5.7895512402804,5.786129224225749,1,0,1,0.12,0.01,0.0,0.01,0.1,0.9,-1.2,0.0,0,0,1,0,0.675,0.32
541,3,0.45182350277900696,0.021275261417031288,0.9045785069465637,5.8367944537080305,5.854634565266272,1,0,1,0.12,0.01,0.0,0.01,0.1,0.9,-1.2,0.0,0,0,1,0,0.675,0.32
541,4,0.20211201906204224,0.20382604002952576,0.33240219950675964,5.5436752561420635,5.441494333377436,1,0,1,0.12,0.01,0.0,0.01,0.1,0.9,-1.2,0.0,0,0,1,0,0.675,0.32
541,5,-0.1740456223487854,0.30772343277931213,0.0031701894477009773,5.634153717073052,5.657271272627265,1,0,1,0.12,0.01,0.0,0.01,0.1,0.9,-1.2,0.0,0,0,1,0,0.675,0.32
541,6,0.01247633621096611,-0.09892351925373077,0.5726337432861328,5.7206321378135865,5.682995526037197,1,0,1,0.12,0.01,0.0,0.01,0.1,0.9,-1.2,0.0,0,0,1,0,0.675,0.32
541,7,-0.6203081011772156,0.13522322475910187,0.13497164845466614,5.727928713561646,5.6898160421832875,1,0,1,0.12,0.01,0.0,0.01,0.1,0.9,-1.2,0.0,0,0,1,0,0.675,0.32
542,0,0.6784518361091614,0.3274463713169098,-2.933629035949707,0.2968422515117957,5.889292384890333,1,0,1,0.12,0.01,0.0,0.01,0.1,0.9,-1.2,0.0,0,0,1,0,0.675,0.32
542,1,-0.9288706183433533,-0.4150204062461853,1.7028898000717163,0.5070817945671005,-0.2593478290510101,0,0,0,0.12,0.01,0.0,0.01,0.1,0.9,-1.2,0.0,0,0,1,0,0.675,0.32
542,2,0.42002078890800476,0.3508428931236267,-0.11643962562084198,5.791415315560909,5.787827509947208,1,0,1,0.12,0.01,0.0,0.01,0.1,0.9,-1.2,0.0,0,0,1,0,0.675,0.32
542,3,0.4590551555156708,0.030479878187179565,0.9051860570907593,5.832278696934943,5.850939841826195,1,0,1,0.12,0.01,0.0,0.01,0.1,0.9,-1.2,0.0,0,0,1,0,0.675,0.32
542,4,0.21250902116298676,0.20738081634044647,0.32684987783432007,5.526611773104941,5.453871282009804,1,0,1,0.12,0.01,0.0,0.01,0.1,0.9,-1.2,0.0,0,0,1,0,0.675,0.32
542,5,-0.16274206340312958,0.30775579810142517,0.0032394661102443933,5.627268604102311,5.654784240660491,1,0,1,0.12,0.01,0.0,0.01,0.1,0.9,-1.2,0.0,0,0,1,0,0.675,0.32
542,6,0.02206725999712944,-0.09274964034557343,0.5712068676948547,5.719019966721598,5.679566872715886,1,0,1,0.12,0.01,0.0,0.01,0.1,0.9,-1.2,0.0,0,0,1,0,0.675,0.32
542,7,-0.6089894771575928,0.1367480456829071,0.13293184340000153,5.7203648125482705,5.694703635041604,1,0,1,0.12,0.01,0.0,0.01,0.1,0.9,-1.2,0.0,0,0,1,0,0.675,0.32
543,0,0.6718105673789978,0.3254261016845703,-2.7619662284851074,-6.28,3.6984488109855196,1,0,1,0.12,0.01,0.0,0.01,0.1,0.9,-1.2,0.0,0,0,1,0,0.675,0.32
543,1,-0.9289011359214783,-0.41476210951805115,1.6612069606781006,0.38026189008986366,-0.14352240363394633,0,0,0,0.12,0.01,0.0,0.01,0.1,0.9,-1.2,0.0,0,0,1,0,0.675,0.32
543,2,0.4315280318260193,0.3494964838027954,-0.11656299233436584,5.774009369448279,5.770122445985222,1,0,1,0.12,0.01,0.0,0.01,0.1,0.9,-1.2,0.0,0,0,1,0,0.675,0.32
543,3,0.4662737250328064,0.03967959061264992,0.9058220386505127,5.829015351410709,5.848510884169734,1,0,1,0.12,0.01,0.0,0.01,0.1,0.9,-1.2,0.0,0,0,1,0,0.675,0.32
543,4,0.22292044758796692,0.21088670194149017,0.3229868412017822,5.514633163709458,5.46021784852046,1,0,1,0.12,0.01,0.0,0.01,0.1,0.9,-1.2,0.0,0,0,1,0,0.675,0.32
543,5,-0.15144872665405273,0.3077959716320038,0.004108506720513105,5.622959454105175,5.649839158608637,1,0,1,0.12,0.01,0.0,0.01,0.1,0.9,-1.2,0.0,0,0,1,0,0.675,0.32
543,6,0.03166494518518448,-0.08659028261899948,0.5698567032814026,5.716690135224783,5.680057513491188,1,0,1,0.12,0.01,0.0,0.01,0.1,0.9,-1.2,0.0,0,0,1,0,0.675,0.32
543,7,-0.5976707935333252,0.13825280964374542,0.1314833015203476,5.714417447296636,5.697959075721245,1,0,1,0.12,0.01,0.0,0.01,0.1,0.9,-1.2,0.0,0,0,1,0,0.675,0.32
544,0,0.6660794615745544,0.3226543068885803,-2.5642805099487305,-6.28,2.121091362526019,1,0,1,0.12,0.01,0.0,0.01,0.1,0.9,-1.2,0.0,0,0,1,0,0.675,0.32
544,1,-0.928921103477478,-0.4145132005214691,1.6319786310195923,0.2899669916389128,-0.06392776081539596,0,0,0,0.12,0.01,0.0,0.01,0.1,0.9,-1.2,0.0,0,0,1,0,0.675,0.32
544,2,0.44302794337272644,0.3481493890285492,-0.11668550968170166,5.767782187604857,5.763520473098802,1,0,1,0.12,0.01,0.0,0.01,0.1,0.9,-1.2,0.0,0,0,1,0,0.675,0.32
544,3,0.47348088026046753,0.048877064138650894,0.9064860343933105,5.826956594860209,5.847314750278339,1,0,1,0.12,0.01,0.0,0.01,0.1,0.9,-1.2,0.0,0,0,1,0,0.675,0.32
544,4,0.2333390712738037,0.2143573760986328,0.3202560842037201,5.50698690397988,5.462937069103617,1,0,1,0.12,0.01,0.0,0.01,0.1,0.9,-1.2,0.0,0,0,1,0,0.675,0.32
544,5,-0.14016491174697876,0.3078458905220032,0.005249388515949249,5.619776288358206,5.6441205643735,1,0,1,0.12,0.01,0.0,0.01,0.1,0.9,-1.2,0.0,0,0,1,0,0.675,0.32
544,6,0.04126716032624245,-0.08044632524251938,0.5684733390808105,5.714006285443773,5.680918683037289,1,0,1,0.12,0.01,0.0,0.01,0.1,0.9,-1.2,0.0,0,0,1,0,0.675,0.32
544,7,-0.5863528847694397,0.13974353671073914,0.13049621880054474,5.70974441106237,5.699950975824226,1,0,1,0.12,0.01,0.0,0.01,0.1,0.9,-1.2,0.0,0,0,1,0,0.675,0.32
545,0,0.6662173867225647,0.3230605125427246,-2.2219271659851074,-6.28,3.136562875386237,1,0,1,0.12,0.01,0.0,0.01,0.1,0.9,-1.2,0.0,0,0,1,0,0.675,0.32
545,1,-0.9289333820343018,-0.414274662733078,1.6119012832641602,0.22667688278269474,-0.010731579342600715,0,0,0,0.12,0.01,0.0,0.01,0.1,0.9,-1.2,0.0,0,0,1,0,0.675,0.32
545,2,0.4545004367828369,0.34680384397506714,-0.11682970821857452,5.77287769378657,5.768282561883978,1,0,1,0.12,0.01,0.0,0.01,0.1,0.9,-1.2,0.0,0,0,1,0,0.675,0.32
545,3,0.4806780219078064,0.05807452276349068,0.9071781039237976,5.82587145331381,5.847136929006593,1,0,1,0.12,0.01,0.0,0.01,0.1,0.9,-1.2,0.0,0,0,1,0,0.675,0.32
545,4,0.2437606006860733,0.21780183911323547,0.318227082490921,5.503195399965404,5.463586335454822,1,0,1,0.12,0.01,0.0,0.01,0.1,0.9,-1.2,0.0,0,0,1,0,0.675,0.32
545,5,-0.12889043986797333,0.3079068064689636,0.00609538983553648,5.616159351265056,5.6394640489462775,1,0,1,0.12,0.01,0.0,0.01,0.1,0.9,-1.2,0.0,0,0,1,0,0.675,0.32
545,6,0.05087567865848541,-0.07431691139936447,0.5671574473381042,5.711313600452708,5.681884383050634,1,0,1,0.12,0.01,0.0,0.01,0.1,0.9,-1.2,0.0,0,0,1,0,0.675,0.32
545,7,-0.5750365257263184,0.14122474193572998,0.12985260784626007,5.706026961766441,5.701010117567817,1,0,1,0.12,0.01,0.0,0.01,0.1,0.9,-1.2,0.0,0,0,1,0,0.675,0.32
546,0,0.6679914593696594,0.3262353837490082,-1.87688410282135,-1.6138755498530721,5.520242553770766,1,0,1,0.12,0.01,0.0,0.01,0.1,0.9,-1.2,0.0,0,0,1,0,0.675,0.32
546,1,-0.9289408326148987,-0.41404664516448975,1.598289132118225,0.1825676945510137,0.02399242543552041,0,0,0,0.12,0.01,0.0,0.01,0.1,0.9,-1.2,0.0,0,0,1,0,0.675,0.32
546,2,0.465955525636673,0.3454585671424866,-0.11699145287275314,5.7840424587280515,5.779126364990973,1,0,1,0.12,0.01,0.0,0.01,0.1,0.9,-1.2,0.0,0,0,1,0,0.675,0.32
546,3,0.4878663718700409,0.06727409362792969,0.9078988432884216,5.825145011035098,5.84737354031454,1,0,1,0.12,0.01,0.0,0.01,0.1,0.9,-1.2,0.0,0,0,1,0,0.675,0.32
546,4,0.25418347120285034,0.22122594714164734,0.31660500168800354,5.501639532630731,5.4624898557016355,1,0,1,0.12,0.01,0.0,0.01,0.1,0.9,-1.2,0.0,0,0,1,0,0.675,0.32
546,5,-0.11762499809265137,0.30797818303108215,0.0067947665229439735,5.61250798032965,5.635384175913673,1,0,1,0.12,0.01,0.0,0.01,0.1,0.9,-1.2,0.0,0,0,1,0,0.675,0.32
546,6,0.06049039214849472,-0.06820067018270493,0.5659598112106323,5.708799586691299,5.68281082709845,1,0,1,0.12,0.01,0.0,0.01,0.1,0.9,-1.2,0.0,0,0,1,0,0.675,0.32
546,7,-0.5637220144271851,0.14269977807998657,0.12945759296417236,5.7030034790835495,5.701398538509833,1,0,1,0.12,0.01,0.0,0.01,0.1,0.9,-1.2,0.0,0,0,1,0,0.675,0.32
547,0,0.6676365733146667,0.3248136043548584,-1.713343858718872,-1.4835895382446052,5.564571150450111,1,0,1,0.12,0.01,0.0,0.01,0.1,0.9,-1.2,0.0,0,0,1,0,0.675,0.32
547,1,-0.9289453625679016,-0.4138287603855133,1.5891352891921997,0.15176555722795457,0.04611566454328565,0,0,0,0.12,0.01,0.0,0.01,0.1,0.9,-1.2,0.0,0,0,1,0,0.675,0.32
547,2,0.47741571068763733,0.34411078691482544,-0.11716265976428986,5.8017909636404355,5.796535272369161,1,0,1,0.12,0.01,0.0,0.01,0.1,0.9,-1.2,0.0,0,0,1,0,0.675,0.32
547,3,0.4950468838214874,0.07647761702537537,0.9086505174636841,5.82441580105457,5.847670378201869,1,0,1,0.12,0.01,0.0,0.01,0.1,0.9,-1.2,0.0,0,0,1,0,0.675,0.32
547,4,0.26460814476013184,0.22463330626487732,0.3151813745498657,5.500841508705744,5.4603565231965705,1,0,1,0.12,0.01,0.0,0.01,0.1,0.9,-1.2,0.0,0,0,1,0,0.675,0.32
547,5,-0.10636802017688751,0.30805909633636475,0.007705661002546549,5.6097871206718555,5.63069023266257,1,0,1,0.12,0.01,0.0,0.01,0.1,0.9,-1.2,0.0,0,0,1,0,0.675,0.32
547,6,0.07011056691408157,-0.06209629029035568,0.5648882389068604,5.706508469678697,5.683661299846831,1,0,1,0.12,0.01,0.0,0.01,0.1,0.9,-1.2,0.0,0,0,1,0,0.675,0.32
547,7,-0.5524097681045532,0.14417104423046112,0.12924058735370636,5.70047833044206,5.701311215570817,1,0,1,0.12,0.01,0.0,0.01,0.1,0.9,-1.2,0.0,0,0,1,0,0.675,0.32
548,0,0.6674124002456665,0.3210832476615906,-1.4883887767791748,-3.198508058654986,4.951616321670733,1,0,1,0.12,0.01,0.0,0.01,0.1,0.9,-1.2,0.0,0,0,1,0,0.675,0.32
548,1,-0.928948163986206,-0.41362035274505615,1.5830090045928955,0.13007172367296296,0.05979009547510069,0,0,0,0.12,0.01,0.0,0.01,0.1,0.9,-1.2,0.0,0,0,1,0,0.675,0.32
548,2,0.48889508843421936,0.34275874495506287,-0.11734161525964737,5.829342822057681,5.823694696205182,1,0,1,0.12,0.01,0.0,0.01,0.1,0.9,-1.2,0.0,0,0,1,0,0.675,0.32
548,3,0.5022199153900146,0.08568613976240158,0.9094367623329163,5.823801430699847,5.848144975664593,1,0,1,0.12,0.01,0.0,0.01,0.1,0.9,-1.2,0.0,0,0,1,0,0.675,0.32
548,4,0.27503496408462524,0.22802528738975525,0.31380388140678406,5.500765808141441,5.457809380972175,1,0,1,0.12,0.01,0.0,0.01,0.1,0.9,-1.2,0.0,0,0,1,0,0.675,0.32
548,5,-0.0951189324259758,0.30814915895462036,0.00871684867888689,5.607682285727398,5.625741155921085,1,0,1,0.12,0.01,0.0,0.01,0.1,0.9,-1.2,0.0,0,0,1,0,0.675,0.32
548,6,0.07973553985357285,-0.05600246787071228,0.5639405846595764,5.7044504873402655,5.684424341475194,1,0,1,0.12,0.01,0.0,0.01,0.1,0.9,-1.2,0.0,0,0,1,0,0.675,0.32
548,7,-0.5410998463630676,0.1456402987241745,0.12915633618831635,5.698325653551579,5.7008715672507275,1,0,1,0.12,0.01,0.0,0.01,0.1,0.9,-1.2,0.0,0,0,1,0,0.675,0.32
549,0,0.6681792736053467,0.31709933280944824,-1.2257661819458008,-4.92907647329922,4.283436327311947,1,0,1,0.12,0.01,0.0,0.01,0.1,0.9,-1.2,0.0,0,0,1,0,0.675,0.32
549,1,-0.9289500117301941,-0.41342076659202576,1.578920602798462,0.11457683246177867,0.06786744196372792,0,0,0,0.12,0.01,0.0,0.01,0.1,0.9,-1.2,0.0,0,0,1,0,0.675,0.32
549,2,0.5004065036773682,0.34140077233314514,-0.11753153800964355,5.868815108532243,5.862719193702405,1,0,1,0.12,0.01,0.0,0.01,0.1,0.9,-1.2,0.0,0,0,1,0,0.675,0.32
549,3,0.5093852877616882,0.09490007162094116,0.9102602601051331,5.823286433142549,5.848790507393948,1,0,1,0.12,0.01,0.0,0.01,0.1,0.9,-1.2,0.0,0,0,1,0,0.675,0.32
549,4,0.28546378016471863,0.23140183091163635,0.3123842179775238,5.501293719242415,5.45507532315413,1,0,1,0.12,0.01,0.0,0.01,0.1,0.9,-1.2,0.0,0,0,1,0,0.675,0.32
549,5,-0.08387739956378937,0.3082480728626251,0.009468832053244114,5.605211698187747,5.6217408099041775,1,0,1,0.12,0.01,0.0,0.01,0.1,0.9,-1.2,0.0,0,0,1,0,0.675,0.32
549,6,0.08936472237110138,-0.049917981028556824,0.5631075501441956,5.702610776033306,5.685106321964359,1,0,1,0.12,0.01,0.0,0.01,0.1,0.9,-1.2,0.0,0,0,1,0,0.675,0.32
549,7,-0.5297925472259521,0.14710883796215057,0.1291729360818863,5.696457946035718,5.700167751577045,1,0,1,0.12,0.01,0.0,0.01,0.1,0.9,-1.2,0.0,0,0,1,0,0.675,0.32
550,0,0.6690940260887146,0.3151640295982361,-0.909031867980957,-3.981835856109951,4.65426438954482,1,0,1,0.12,0.01,0.0,0.01,0.1,0.9,-1.2,0.0,0,0,1,0,0.675,0.32
550,1,-0.9289512634277344,-0.4132292866706848,1.5761970281600952,0.10329609675993245,0.07227169410596568,0,0,0,0.12,0.01,0.0,0.01,0.1,0.9,-1.2,0.0,0,0,1,0,0.675,0.32
550,2,0.511968195438385,0.3400345742702484,-0.11773844808340073,5.547809326423131,6.011746442543544,1,0,1,0.12,0.01,0.0,0.01,0.1,0.9,-1.2,0.0,0,0,1,0,0.675,0.32
550,3,0.5165427327156067,0.10411987453699112,0.9111225008964539,5.822822321871682,5.849576900979115,1,0,1,0.12,0.01,0.0,0.01,0.1,0.9,-1.2,0.0,0,0,1,0,0.675,0.32
550,4,0.29589489102363586,0.23476238548755646,0.31087726354599,5.502312288628631,5.452150954855865,1,0,1,0.12,0.01,0.0,0.01,0.1,0.9,-1.2,0.0,0,0,1,0,0.675,0.32
550,5,-0.07264306396245956,0.3083549439907074,0.009940619580447674,5.602309586305993,5.618769837717636,1,0,1,0.12,0.01,0.0,0.01,0.1,0.9,-1.2,0.0,0,0,1,0,0.675,0.32
550,6,0.0989975854754448,-0.04384173825383186,0.562374472618103,5.700955028979328,5.685728554280255,1,0,1,0.12,0.01,0.0,0.01,0.1,0.9,-1.2,0.0,0,0,1,0,0.675,0.32
550,7,-0.5184878706932068,0.14857766032218933,0.12926127016544342,5.694792924426224,5.6992785949486215,1,0,1,0.12,0.01,0.0,0.01,0.1,0.9,-1.2,0.0,0,0,1,0,0.675,0.32
551,0,0.6689320802688599,0.31520897150039673,-0.5559360384941101,-0.8142400743746155,5.888993299224317,1,0,1,0.12,0.01,0.0,0.01,0.1,0.9,-1.2,0.0,0,0,1,0,0.675,0.32
551,1,-0.928952157497406,-0.41304537653923035,1.5743837356567383,0.09488650265851516,0.07429409917673571,0,0,0,0.12,0.01,0.0,0.01,0.1,0.9,-1.2,0.0,0,0,1,0,0.675,0.32
551,2,0.5236028432846069,0.3386572599411011,-0.11797217279672623,5.6317079388305125,6.088686583121162,1,0,1,0.12,0.01,0.0,0.01,0.1,0.9,-1.2,0.0,0,0,1,0,0.675,0.32
551,3,0.5236921310424805,0.11334605515003204,0.9120255708694458,5.822357884668095,5.850475498415247,1,0,1,0.12,0.01,0.0,0.01,0.1,0.9,-1.2,0.0,0,0,1,0,0.675,0.32
551,4,0.30632904171943665,0.2381061166524887,0.30926424264907837,5.503654555486969,5.449073715997405,1,0,1,0.12,0.01,0.0,0.01,0.1,0.9,-1.2,0.0,0,0,1,0,0.675,0.32
551,5,-0.06141538545489311,0.3084687888622284,0.010446150787174702,5.599809490554391,5.615771971232832,1,0,1,0.12,0.01,0.0,0.01,0.1,0.9,-1.2,0.0,0,0,1,0,0.675,0.32
551,6,0.10863367468118668,-0.037772759795188904,0.5617291927337646,5.699455015769481,5.686305053123951,1,0,1,0.12,0.01,0.0,0.01,0.1,0.9,-1.2,0.0,0,0,1,0,0.675,0.32
551,7,-0.5071858763694763,0.1500474065542221,0.12939593195915222,5.6932587709840465,5.698274305779105,1,0,1,0.12,0.01,0.0,0.01,0.1,0.9,-1.2,0.0,0,0,1,0,0.675,0.32
552,0,0.6692966818809509,0.3150676190853119,-0.19813594222068787,1.6247523522800378,6.28,1,0,1,0.12,0.01,0.0,0.01,0.1,0.9,-1.2,0.0,0,0,1,0,0.675,0.32
552,1,-0.928952693939209,-0.4128684401512146,1.5731751918792725,0.08843921904040178,0.07479330118226211,0,0,0,0.12,0.01,0.0,0.01,0.1,0.9,-1.2,0.0,0,0,1,0,0.675,0.32
552,2,0.5351221561431885,0.3373416066169739,-0.10486704856157303,5.808155079844485,6.176740836811174,1,0,1,0.12,0.01,0.0,0.01,0.1,0.9,-1.2,0.0,0,0,1,0,0.675,0.32
552,3,0.5308331847190857,0.12257907539606094,0.9129725098609924,5.82186387767557,5.851479065515958,1,0,1,0.12,0.01,0.0,0.01,0.1,0.9,-1.2,0.0,0,0,1,0,0.675,0.32
552,4,0.3167668581008911,0.2414318472146988,0.30752432346343994,5.505174624123433,5.446023298106333,1,0,1,0.12,0.01,0.0,0.01,0.1,0.9,-1.2,0.0,0,0,1,0,0.675,0.32
552,5,-0.05019376799464226,0.3085891306400299,0.011126173660159111,5.598047076052049,5.612233074123045,1,0,1,0.12,0.01,0.0,0.01,0.1,0.9,-1.2,0.0,0,0,1,0,0.675,0.32
552,6,0.11827254295349121,-0.03171016648411751,0.5611659288406372,5.698107332279687,5.6868332621550515,1,0,1,0.12,0.01,0.0,0.01,0.1,0.9,-1.2,0.0,0,0,1,0,0.675,0.32
552,7,-0.4958866536617279,0.1515185385942459,0.1295599788427353,5.691807808498943,5.697201488395129,1,0,1,0.12,0.01,0.0,0.01,0.1,0.9,-1.2,0.0,0,0,1,0,0.675,0.32
553,0,0.6732622981071472,0.314916729927063,0.08070860803127289,-0.2917617499312606,6.076190108009263,1,0,1,0.12,0.01,0.0,0.01,0.1,0.9,-1.2,0.0,0,0,1,0,0.675,0.32
553,1,-0.9289530515670776,-0.412697970867157,1.5723685026168823,0.0833466825739847,0.07433366498785154,0,0,0,0.12,0.01,0.0,0.01,0.1,0.9,-1.2,0.0,0,0,1,0,0.675,0.32
553,2,0.5467556715011597,0.3362068235874176,-0.08858496695756912,5.995131692462748,6.252341368621998,1,0,1,0.12,0.01,0.0,0.01,0.1,0.9,-1.2,0.0,0,0,1,0,0.675,0.32
553,3,0.5379655957221985,0.13181933760643005,0.9139668941497803,5.821322156883606,5.852599070571532,1,0,1,0.12,0.01,0.0,0.01,0.1,0.9,-1.2,0.0,0,0,1,0,0.675,0.32
553,4,0.3272090256214142,0.2447381168603897,0.30562859773635864,5.506809149433722,5.443123306582819,1,0,1,0.12,0.01,0.0,0.01,0.1,0.9,-1.2,0.0,0,0,1,0,0.675,0.32
553,5,-0.03897780552506447,0.30871596932411194,0.011763660237193108,5.596459684699657,5.608917745024082,1,0,1,0.12,0.01,0.0,0.01,0.1,0.9,-1.2,0.0,0,0,1,0,0.675,0.32
553,6,0.12791380286216736,-0.025653157383203506,0.5606798529624939,5.69690731005662,5.687314482164449,1,0,1,0.12,0.01,0.0,0.01,0.1,0.9,-1.2,0.0,0,0,1,0,0.675,0.32
553,7,-0.48459020256996155,0.15299133956432343,0.12974461913108826,5.690416967206664,5.696086133188538,1,0,1,0.12,0.01,0.0,0.01,0.1,0.9,-1.2,0.0,0,0,1,0,0.675,0.32
554,0,0.6775054335594177,0.31540554761886597,0.15030087530612946,-6.28,3.623577381709804,1,0,1,0.12,0.01,0.0,0.01,0.1,0.9,-1.2,0.0,0,0,1,0,0.675,0.32
554,1,-0.928953230381012,-0.41253355145454407,1.5718306303024292,0.07920676445712135,0.07328052842865898,0,0,0,0.12,0.01,0.0,0.01,0.1,0.9,-1.2,0.0,0,0,1,0,0.675,0.32
554,2,0.5586480498313904,0.33523353934288025,-0.0750044509768486,6.160418500131203,6.28,1,0,1,0.12,0.01,0.0,0.01,0.1,0.9,-1.2,0.0,0,0,1,0,0.675,0.32
554,3,0.5450888872146606,0.1410672515630722,0.9150119423866272,5.8207443822480895,5.8538706432722325,1,0,1,0.12,0.01,0.0,0.01,0.1,0.9,-1.2,0.0,0,0,1,0,0.675,0.32
554,4,0.337656170129776,0.24802327156066895,0.3035629093647003,5.508450142462182,5.440336473863195,1,0,1,0.12,0.01,0.0,0.01,0.1,0.9,-1.2,0.0,0,0,1,0,0.675,0.32
554,5,-0.027767257764935493,0.30884894728660583,0.012198763899505138,5.587573857198738,5.600955202092147,1,0,1,0.12,0.01,0.0,0.01,0.1,0.9,-1.2,0.0,0,0,1,0,0.675,0.32
554,6,0.13755707442760468,-0.019600998610258102,0.5602614283561707,5.695834603487882,5.6877608035212415,1,0,1,0.12,0.01,0.0,0.01,0.1,0.9,-1.2,0.0,0,0,1,0,0.675,0.32
554,7,-0.47329655289649963,0.15446597337722778,0.12994316220283508,5.68906691429315,5.694946321275849,1,0,1,0.12,0.01,0.0,0.01,0.1,0.9,-1.2,0.0,0,0,1,0,0.675,0.32
555,0,0.6838087439537048,0.31680792570114136,0.371105819940567,-6.28,2.7120924834188638,1,0,1,0.12,0.01,0.0,0.01,0.1,0.9,-1.2,0.0,0,0,1,1,0.675,0.32
555,1,-0.9289534091949463,-0.4123747646808624,1.5714726448059082,0.07574642333005907,0.07187325624013897,0,0,0,0.12,0.01,0.0,0.01,0.1,0.9,-1.2,0.0,0,0,1,0,0.675,0.32
555,2,0.5708132386207581,0.33438393473625183,-0.06519065797328949,6.28,6.28,1,0,1,0.12,0.01,0.0,0.01,0.1,0.9,-1.2,0.0,0,0,1,1,0.675,0.32
555,3,0.5522026419639587,0.15032324194908142,0.9161124229431152,5.820038527328729,5.85526058069968,1,0,1,0.12,0.01,0.0,0.01,0.1,0.9,-1.2,0.0,0,0,1,0,0.675,0.32
555,4,0.34810909628868103,0.2512856423854828,0.3013368546962738,5.5101353281740195,5.437628293633079,1,0,1,0.12,0.01,0.0,0.01,0.1,0.9,-1.2,0.0,0,0,1,0,0.675,0.32
555,5,-0.016561763361096382,0.3089873492717743,0.01258433610200882,5.585956065387519,5.598691554336757,1,0,1,0.12,0.01,0.0,0.01,0.1,0.9,-1.2,0.0,0,0,1,0,0.675,0.32
555,6,0.14720205962657928,-0.013553019613027573,0.5599005818367004,5.6948649295116285,5.6881837836956155,1,0,1,0.12,0.01,0.0,0.01,0.1,0.9,-1.2,0.0,0,0,1,0,0.675,0.32
555,7,-0.4620056748390198,0.15594255924224854,0.13014954328536987,5.687739972355421,5.693798835990373,1,0,1,0.12,0.01,0.0,0.01,0.1,0.9,-1.2,0.0,0,0,1,0,0.675,0.32
556,0,0.6829972267150879,0.31619322299957275,0.719934344291687,-6.28,3.6068254466126244,1,0,1,0.12,0.01,0.0,0.01,0.1,0.9,-1.2,0.0,0,0,1,1,0.675,0.32
556,1,-0.9289534687995911,-0.412221223115921,1.5712335109710693,0.0727750114734323,0.07027245540069033,0,0,0,0.12,0.01,0.0,0.01,0.1,0.9,-1.2,0.0,0,0,1,0,0.675,0.32
556,2,0.5831908583641052,0.33361393213272095,-0.06012429669499397,6.28,6.28,1,0,1,0.12,0.01,0.0,0.01,0.1,0.9,-1.2,0.0,0,0,1,1,0.675,0.32
556,3,0.5593063235282898,0.1595878005027771,0.9172752499580383,5.81921922277202,5.856809148085219,1,0,1,0.12,0.01,0.0,0.01,0.1,0.9,-1.2,0.0,0,0,1,0,0.675,0.32
556,4,0.35856837034225464,0.2545236051082611,0.2989636957645416,5.511705898705666,5.4349537258709,1,0,1,0.12,0.01,0.0,0.01,0.1,0.9,-1.2,0.0,0,0,1,0,0.675,0.32
556,5,-0.005370794329792261,0.3091306686401367,0.01315702497959137,5.585096938370671,5.595865072847399,1,0,1,0.12,0.01,0.0,0.01,0.1,0.9,-1.2,0.0,0,0,1,0,0.675,0.32
556,6,0.1568484753370285,-0.0075086127035319805,0.5595930218696594,5.693993760680077,5.688581542636039,1,0,1,0.12,0.01,0.0,0.01,0.1,0.9,-1.2,0.0,0,0,1,0,0.675,0.32
556,7,-0.450717568397522,0.15742118656635284,0.1303614228963852,5.686414197312795,5.692626461161174,1,0,1,0.12,0.01,0.0,0.01,0.1,0.9,-1.2,0.0,0,0,1,0,0.675,0.32
557,0,0.6811022758483887,0.3139461278915405,1.0870280265808105,-1.0474456456900136,5.566597929358531,1,0,1,0.12,0.01,0.0,0.01,0.1,0.9,-1.2,0.0,0,0,1,1,0.675,0.32
557,1,-0.9289534687995911,-0.41207262873649597,1.5710725784301758,0.07016320564734166,0.06858251950753505,0,0,0,0.12,0.01,0.0,0.01,0.1,0.9,-1.2,0.0,0,0,1,0,0.675,0.32
557,2,0.5957047939300537,0.3328719437122345,-0.05939999595284462,6.28,6.28,1,0,1,0.12,0.01,0.0,0.01,0.1,0.9,-1.2,0.0,0,0,1,1,0.675,0.32
557,3,0.5663992762565613,0.16886137425899506,0.9185099601745605,5.818284846430533,5.858559452409036,1,0,1,0.12,0.01,0.0,0.01,0.1,0.9,-1.2,0.0,0,0,1,0,0.675,0.32
557,4,0.3690345883369446,0.2577355206012726,0.296438992023468,5.513252736784544,5.432363448880586,1,0,1,0.12,0.01,0.0,0.01,0.1,0.9,-1.2,0.0,0,0,1,0,0.675,0.32
557,5,0.005813634023070335,0.309279203414917,0.013752978295087814,5.584533803680042,5.59302348592033,1,0,1,0.12,0.01,0.0,0.01,0.1,0.9,-1.2,0.0,0,0,1,0,0.675,0.32
557,6,0.16649609804153442,-0.0014672286342829466,0.5593374371528625,5.6932251915268814,5.688944084949025,1,0,1,0.12,0.01,0.0,0.01,0.1,0.9,-1.2,0.0,0,0,1,0,0.675,0.32
557,7,-0.4394322633743286,0.15890192985534668,0.13058030605316162,5.685107230408461,5.69144499375078,1,0,1,0.12,0.01,0.0,0.01,0.1,0.9,-1.2,0.0,0,0,1,0,0.675,0.32
558,0,0.6819279789924622,0.3157787024974823,1.2684009075164795,-1.5103606187099077,5.418722351669655,1,0,1,0.12,0.01,0.0,0.01,0.1,0.9,-1.2,0.0,0,0,1,1,0.675,0.32
558,1,-0.9289535284042358,-0.4119286835193634,1.570966362953186,0.06783201377760498,0.06685944814313326,0,0,0,0.12,0.01,0.0,0.01,0.1,0.9,-1.2,0.0,0,0,1,0,0.675,0.32
558,2,0.6082425713539124,0.332126259803772,-0.05945323035120964,6.28,6.28,1,0,1,0.12,0.01,0.0,0.01,0.1,0.9,-1.2,0.0,0,0,1,1,0.675,0.32
558,3,0.5734809041023254,0.17814452946186066,0.9198262691497803,5.817204074597413,5.860546214842741,1,0,1,0.12,0.01,0.0,0.01,0.1,0.9,-1.2,0.0,0,0,1,0,0.675,0.32
558,4,0.3795080780982971,0.26091986894607544,0.2937565743923187,5.514991462489718,5.429670214393978,1,0,1,0.12,0.01,0.0,0.01,0.1,0.9,-1.2,0.0,0,0,1,0,0.675,0.32
558,5,0.016994277015328407,0.30943259596824646,0.014099105261266232,5.583523714622501,5.591111397663112,1,0,1,0.12,0.01,0.0,0.01,0.1,0.9,-1.2,0.0,0,0,1,0,0.675,0.32
558,6,0.17614470422267914,0.004571635276079178,0.5591282248497009,5.692284134302343,5.689028027381691,1,0,1,0.12,0.01,0.0,0.01,0.1,0.9,-1.2,0.0,0,0,1,0,0.675,0.32
558,7,-0.4281497895717621,0.16038484871387482,0.13080668449401855,5.683824461416852,5.690259713216173,1,0,1,0.12,0.01,0.0,0.01,0.1,0.9,-1.2,0.0,0,0,1,0,0.675,0.32
559,0,0.686356246471405,0.31993427872657776,1.4760732650756836,-4.517727384723574,4.448290715373903,1,0,1,0.12,0.01,0.0,0.01,0.1,0.9,-1.2,0.0,0,0,1,1,0.675,0.32
559,1,-0.9289535284042358,-0.41178905963897705,1.5708991289138794,0.06572523451907714,0.0651374336375467,0,0,0,0.12,0.01,0.0,0.01,0.1,0.9,-1.2,0.0,0,0,1,0,0.675,0.32
559,2,0.6146563291549683,0.3313522934913635,-0.06801099330186844,6.28,6.28,1,0,1,0.12,0.01,0.0,0.01,0.1,0.9,-1.2,0.0,0,0,1,1,0.675,0.32
559,3,0.5805503129959106,0.18743792176246643,0.9212350249290466,5.816001747106552,5.862867917562484,1,0,1,0.12,0.01,0.0,0.01,0.1,0.9,-1.2,0.0,0,0,1,0,0.675,0.32
559,4,0.38998928666114807,0.2640751600265503,0.2909250855445862,5.516986092283701,5.426739493653799,1,0,1,0.12,0.01,0.0,0.01,0.1,0.9,-1.2,0.0,0,0,1,0,0.675,0.32
559,5,0.02817140705883503,0.30959004163742065,0.014271979220211506,5.581989902761438,5.589593153688449,1,0,1,0.12,0.01,0.0,0.01,0.1,0.9,-1.2,0.0,0,0,1,0,0.675,0.32
559,6,0.18579412996768951,0.010608438402414322,0.5589576959609985,5.691685832838939,5.689297460217548,1,0,1,0.12,0.01,0.0,0.01,0.1,0.9,-1.2,0.0,0,0,1,0,0.675,0.32
559,7,-0.4168700873851776,0.16187000274658203,0.13103820383548737,5.682558427399465,5.689076771193674,1,0,1,0.12,0.01,0.0,0.01,0.1,0.9,-1.2,0.0,0,0,1,0,0.675,0.32
560,0,0.6898130774497986,0.32093027234077454,1.5854922533035278,-4.1535735619869145,4.564078782280912,1,0,1,0.12,0.01,0.0,0.01,0.1,0.9,-1.2,0.0,0,0,1,1,0.675,0.32
560,1,-0.9289535284042358,-0.4116535782814026,1.5708577632904053,0.06379709854011213,0.06344592855091417,0,0,0,0.12,0.01,0.0,0.01,0.1,0.9,-1.2,0.0,0,0,1,0,0.675,0.32
560,2,0.619771420955658,0.3305773437023163,-0.05919558182358742,6.28,6.28,1,0,1,0.12,0.01,0.0,0.01,0.1,0.9,-1.2,0.0,0,0,1,1,0.675,0.32
560,3,0.5876067280769348,0.19674231112003326,0.9227498769760132,5.814688304841453,5.865656574785773,1,0,1,0.12,0.01,0.0,0.01,0.1,0.9,-1.2,0.0,0,0,1,0,0.675,0.32
560,4,0.40047863125801086,0.26719987392425537,0.28794926404953003,5.518978213728329,5.423785114823916,1,0,1,0.12,0.01,0.0,0.01,0.1,0.9,-1.2,0.0,0,0,1,0,0.675,0.32
560,5,0.039345476776361465,0.3097507655620575,0.014550459571182728,5.580921426747155,5.587769239809203,1,0,1,0.12,0.01,0.0,0.01,0.1,0.9,-1.2,0.0,0,0,1,0,0.675,0.32
560,6,0.19544385373592377,0.016643386334180832,0.5588236451148987,5.6911452462990635,5.689541960684501,1,0,1,0.12,0.01,0.0,0.01,0.1,0.9,-1.2,0.0,0,0,1,0,0.675,0.32
560,7,-0.40559321641921997,0.16335748136043549,0.13127295672893524,5.681304173888649,5.687902314243826,1,0,1,0.12,0.01,0.0,0.01,0.1,0.9,-1.2,0.0,0,0,1,0,0.675,0.32
561,0,0.6974247097969055,0.3209763467311859,1.9212301969528198,-1.5677242745873752,5.37439629633401,1,0,1,0.12,0.01,0.0,0.01,0.1,0.9,-1.2,0.0,0,0,1,1,0.675,0.32
561,1,-0.9289535880088806,-0.41152194142341614,1.570831537246704,0.062007751753262584,0.06180654794938176,0,0,0,0.12,0.01,0.0,0.01,0.1,0.9,-1.2,0.0,0,0,1,0,0.675,0.32
561,2,0.6248493194580078,0.3295031785964966,-0.09842143952846527,6.28,6.28,1,0,1,0.12,0.01,0.0,0.01,0.1,0.9,-1.2,0.0,0,0,1,1,0.675,0.32
561,3,0.5946491956710815,0.20605862140655518,0.9243872165679932,5.813271279646662,5.869092051671239,1,0,1,0.12,0.01,0.0,0.01,0.1,0.9,-1.2,0.0,0,0,1,0,0.675,0.32
561,4,0.4109765291213989,0.27029237151145935,0.28481125831604004,5.520992456371989,5.4208149924919935,1,0,1,0.12,0.01,0.0,0.01,0.1,0.9,-1.2,0.0,0,0,1,0,0.675,0.32
561,5,0.050516482442617416,0.3099144995212555,0.014947612769901752,5.5803881234005575,5.585640972249161,1,0,1,0.12,0.01,0.0,0.01,0.1,0.9,-1.2,0.0,0,0,1,0,0.675,0.32
561,6,0.20509393513202667,0.02267700992524624,0.5587253570556641,5.6906783381501,5.689778288265153,1,0,1,0.12,0.01,0.0,0.01,0.1,0.9,-1.2,0.0,0,0,1,0,0.675,0.32
561,7,-0.3943191170692444,0.16484731435775757,0.13151203095912933,5.680064910600946,5.6867336094872485,1,0,1,0.12,0.01,0.0,0.01,0.1,0.9,-1.2,0.0,0,0,1,0,0.675,0.32
562,0,0.7041594982147217,0.3204937279224396,2.2602756023406982,0.6576779916158383,5.840264575255804,1,0,1,0.12,0.01,0.0,0.01,0.1,0.9,-1.2,0.0,0,0,1,1,0.675,0.32
562,1,-0.9289535880088806,-0.4113939702510834,1.5708152055740356,0.06033524663394133,0.06022739617878755,0,0,0,0.12,0.01,0.0,0.01,0.1,0.9,-1.2,0.0,0,0,1,0,0.675,0.32
562,2,0.6309993267059326,0.32827135920524597,-0.09674792736768723,6.28,6.28,1,0,1,0.12,0.01,0.0,0.01,0.1,0.9,-1.2,0.0,0,0,1,1,0.675,0.32
562,3,0.6016767024993896,0.21538802981376648,0.9261661767959595,5.81189299776148,5.873541880110986,1,0,1,0.12,0.01,0.0,0.01,0.1,0.9,-1.2,0.0,0,0,1,1,0.675,0.32
562,4,0.42148342728614807,0.2733507454395294,0.28149309754371643,5.5230225995459055,5.417809180887749,1,0,1,0.12,0.01,0.0,0.01,0.1,0.9,-1.2,0.0,0,0,1,0,0.675,0.32
562,5,0.06168451905250549,0.3100811839103699,0.01521679013967514,5.579760222230895,5.584101305808082,1,0,1,0.12,0.01,0.0,0.01,0.1,0.9,-1.2,0.0,0,0,1,0,0.675,0.32
562,6,0.21474428474903107,0.028709691017866135,0.5586602091789246,5.690277353162846,5.689998611574092,1,0,1,0.12,0.01,0.0,0.01,0.1,0.9,-1.2,0.0,0,0,1,0,0.675,0.32
562,7,-0.38304778933525085,0.16633956134319305,0.1317564845085144,5.678842213354727,5.685566041268685,1,0,1,0.12,0.01,0.0,0.01,0.1,0.9,-1.2,0.0,0,0,1,0,0.675,0.32
563,0,0.7110996246337891,0.32212620973587036,2.538980722427368,2.4017980580764178,6.0681107754273045,1,0,1,0.12,0.01,0.0,0.01,0.1,0.9,-1.2,0.0,0,0,1,1,0.675,0.32
563,1,-0.9289535880088806,-0.41126948595046997,1.5708063840866089,0.0587663001912803,0.05870885927498632,0,0,0,0.12,0.01,0.0,0.01,0.1,0.9,-1.2,0.0,0,0,1,0,0.675,0.32
563,2,0.637515664100647,0.3270641565322876,-0.09601205587387085,6.28,6.28,1,0,1,0.12,0.01,0.0,0.01,0.1,0.9,-1.2,0.0,0,0,1,1,0.675,0.32
563,3,0.6086880564689636,0.22473198175430298,0.928110659122467,5.810734090422762,5.8795037297257045,1,0,1,0.12,0.01,0.0,0.01,0.1,0.9,-1.2,0.0,0,0,1,1,0.675,0.32
563,4,0.43199974298477173,0.2763730585575104,0.27799108624458313,5.525260279644077,5.414560129177027,1,0,1,0.12,0.01,0.0,0.01,0.1,0.9,-1.2,0.0,0,0,1,0,0.675,0.32
563,5,0.072849802672863,0.3102504014968872,0.01530131883919239,5.578838620230373,5.583308648422542,1,0,1,0.12,0.01,0.0,0.01,0.1,0.9,-1.2,0.0,0,0,1,0,0.675,0.32
563,6,0.2243947833776474,0.034741733223199844,0.5586215257644653,5.689931446852365,5.690209572968801,1,0,1,0.12,0.01,0.0,0.01,0.1,0.9,-1.2,0.0,0,0,1,0,0.675,0.32
563,7,-0.371779203414917,0.16783425211906433,0.1320040076971054,5.677631090652996,5.6844081177591725,1,0,1,0.12,0.01,0.0,0.01,0.1,0.9,-1.2,0.0,0,0,1,0,0.675,0.32
564,0,0.7187913060188293,0.32485508918762207,2.75125789642334,3.445954497568994,6.080764238125891,1,0,1,0.12,0.01,0.0,0.01,0.1,0.9,-1.2,0.0,0,0,1,1,0.675,0.32
564,1,-0.9289535880088806,-0.4111482501029968,1.5708022117614746,0.05728602105888179,0.057252417559301355,0,0,0,0.12,0.01,0.0,0.01,0.1,0.9,-1.2,0.0,0,0,1,0,0.675,0.32
564,2,0.6449753642082214,0.32586371898651123,-0.09575857222080231,6.28,6.28,1,0,1,0.12,0.01,0.0,0.01,0.1,0.9,-1.2,0.0,0,0,1,1,0.675,0.32
564,3,0.615682065486908,0.23409248888492584,0.9302524924278259,5.810124525989836,5.887808969054873,1,0,1,0.12,0.01,0.0,0.01,0.1,0.9,-1.2,0.0,0,0,1,1,0.675,0.32
564,4,0.4425259232521057,0.279357373714447,0.27431604266166687,5.527747880847475,5.410987544624783,1,0,1,0.12,0.01,0.0,0.01,0.1,0.9,-1.2,0.0,0,0,1,0,0.675,0.32
564,5,0.08401279151439667,0.3104216456413269,0.015430105850100517,5.578213551798648,5.582456520041637,1,0,1,0.12,0.01,0.0,0.01,0.1,0.9,-1.2,0.0,0,0,1,0,0.675,0.32
564,6,0.23404526710510254,0.040773406624794006,0.5586047768592834,5.68962528291856,5.690420399273287,1,0,1,0.12,0.01,0.0,0.01,0.1,0.9,-1.2,0.0,0,0,1,0,0.675,0.32
564,7,-0.3605133295059204,0.16933143138885498,0.13225135207176208,5.676422267251799,5.683269173807314,1,0,1,0.12,0.01,0.0,0.01,0.1,0.9,-1.2,0.0,0,0,1,0,0.675,0.32
565,0,0.7263568043708801,0.32729583978652954,2.8958938121795654,4.553316637476631,6.28,1,0,1,0.12,0.01,0.0,0.01,0.1,0.9,-1.2,0.0,0,0,1,1,0.675,0.32
565,1,-0.9289535880088806,-0.4110301733016968,1.5707995891571045,0.055881052137329065,0.055862427829788244,0,0,0,0.12,0.01,0.0,0.01,0.1,0.9,-1.2,0.0,0,0,1,0,0.675,0.32
565,2,0.6525523662567139,0.3246644139289856,-0.09569598734378815,6.28,6.28,1,0,1,0.12,0.01,0.0,0.01,0.1,0.9,-1.2,0.0,0,0,1,1,0.675,0.32
565,3,0.6226576566696167,0.24347232282161713,0.9326351284980774,5.811398217390309,5.900536110688915,1,0,1,0.12,0.01,0.0,0.01,0.1,0.9,-1.2,0.0,0,0,1,1,0.675,0.32
565,4,0.4530622959136963,0.2823016345500946,0.2704600691795349,5.530485581407367,5.407062102308451,1,0,1,0.12,0.01,0.0,0.01,0.1,0.9,-1.2,0.0,0,0,1,0,0.675,0.32
565,5,0.09517393261194229,0.31059467792510986,0.015711849555373192,5.578122945216127,5.581119878503849,1,0,1,0.12,0.01,0.0,0.01,0.1,0.9,-1.2,0.0,0,0,1,0,0.675,0.32
565,6,0.24369563162326813,0.04680495336651802,0.5586105585098267,5.689362524775524,5.690620036097506,1,0,1,0.12,0.01,0.0,0.01,0.1,0.9,-1.2,0.0,0,0,1,0,0.675,0.32
565,7,-0.3492501974105835,0.1708310842514038,0.13249854743480682,5.675215704477013,5.682149784529028,1,0,1,0.12,0.01,0.0,0.01,0.1,0.9,-1.2,0.0,0,0,1,0,0.675,0.32
566,0,0.7338396310806274,0.329058974981308,3.0084969997406006,5.086374158407477,6.28,1,0,1,0.12,0.01,0.0,0.01,0.1,0.9,-1.2,0.0,0,0,1,1,0.675,0.32
566,1,-0.9289535880088806,-0.4109150469303131,1.570797324180603,0.05454242256695672,0.054536729778700624,0,0,0,0.12,0.01,0.0,0.01,0.1,0.9,-1.2,0.0,0,0,1,0,0.675,0.32
566,2,0.6601948738098145,0.3234650790691376,-0.09568469971418381,6.28,6.28,1,0,1,0.12,0.01,0.0,0.01,0.1,0.9,-1.2,0.0,0,0,1,1,0.675,0.32
566,3,0.6296138167381287,0.2528754472732544,0.9353185892105103,5.817526474404734,5.921885058474141,1,0,1,0.12,0.01,0.0,0.01,0.1,0.9,-1.2,0.0,0,0,1,1,0.675,0.32
566,4,0.4636092782020569,0.2852037847042084,0.26639214158058167,5.53345679825714,5.402800325690004,1,0,1,0.12,0.01,0.0,0.01,0.1,0.9,-1.2,0.0,0,0,1,0,0.675,0.32
566,5,0.10633352398872375,0.3107694983482361,0.015943868085741997,5.578023029030215,5.580006184517491,1,0,1,0.12,0.01,0.0,0.01,0.1,0.9,-1.2,0.0,0,0,1,0,0.675,0.32
566,6,0.253345787525177,0.0528365857899189,0.558639407157898,5.689145385714228,5.690801680592839,1,0,1,0.12,0.01,0.0,0.01,0.1,0.9,-1.2,0.0,0,0,1,0,0.675,0.32
566,7,-0.33798977732658386,0.17233321070671082,0.13274803757667542,5.674019611964607,5.681044720520592,1,0,1,0.12,0.01,0.0,0.01,0.1,0.9,-1.2,0.0,0,0,1,0,0.675,0.32
567,0,0.743519127368927,0.33003678917884827,3.0817618370056152,5.46343892917418,6.2636212100050495,1,0,1,0.12,0.01,0.0,0.01,0.1,0.9,-1.2,0.0,0,0,1,1,0.675,0.32
567,1,-0.9289535880088806,-0.4108027517795563,1.570796251296997,0.05326831032916112,0.053268741169728816,0,0,0,0.12,0.01,0.0,0.01,0.1,0.9,-1.2,0.0,0,0,1,0,0.675,0.32
567,2,0.6699457764625549,0.3236650824546814,-0.11351954191923141,6.28,4.567243055920304,1,0,1,0.12,0.01,0.0,0.01,0.1,0.9,-1.2,0.0,0,0,1,1,0.675,0.32
567,3,0.6361868381500244,0.2586791217327118,0.9163661599159241,5.658765071531804,6.0559274614844005,1,0,1,0.12,0.01,0.0,0.01,0.1,0.9,-1.2,0.0,0,0,1,1,0.675,0.32
567,4,0.474167138338089,0.2880615293979645,0.26208335161209106,5.5363170760613105,5.398551259662565,1,0,1,0.12,0.01,0.0,0.01,0.1,0.9,-1.2,0.0,0,0,1,0,0.675,0.32
567,5,0.11749164760112762,0.310945987701416,0.015973640605807304,5.577529177561753,5.579700275763518,1,0,1,0.12,0.01,0.0,0.01,0.1,0.9,-1.2,0.0,0,0,1,0,0.675,0.32
567,6,0.2629956305027008,0.05886850878596306,0.558686375617981,5.688940529638909,5.690998609250403,1,0,1,0.12,0.01,0.0,0.01,0.1,0.9,-1.2,0.0,0,0,1,0,0.675,0.32
567,7,-0.3267320394515991,0.17383785545825958,0.13300034403800964,5.67283501343162,5.679951944786,1,0,1,0.12,0.01,0.0,0.01,0.1,0.9,-1.2,0.0,0,0,1,0,0.675,0.32
568,0,0.7558291554450989,0.33035317063331604,-3.1339402198791504,5.814310002770244,6.09260721162337,1,0,1,0.12,0.01,0.0,0.01,0.1,0.9,-1.2,0.0,0,0,1,1,0.675,0.32
568,1,-0.9289535880088806,-0.41069313883781433,1.5707967281341553,0.052055475662068355,0.052053185751124394,0,0,0,0.12,0.01,0.0,0.01,0.1,0.9,-1.2,0.0,0,0,1,0,0.675,0.32
568,2,0.6824237704277039,0.32227033376693726,-0.11359965801239014,2.8924396701003836,-6.28,1,0,1,0.12,0.01,0.0,0.01,0.1,0.9,-1.2,0.0,0,0,1,1,0.675,0.32
568,3,0.6433202028274536,0.2598330080509186,0.9201103448867798,5.376974236799556,6.2157825113999055,1,0,1,0.12,0.01,0.0,0.01,0.1,0.9,-1.2,0.0,0,0,1,1,0.675,0.32
568,4,0.48473629355430603,0.29087236523628235,0.2575242817401886,5.538697887013771,5.394642543245933,1,0,1,0.12,0.01,0.0,0.01,0.1,0.9,-1.2,0.0,0,0,1,0,0.675,0.32
568,5,0.12864848971366882,0.31112363934516907,0.01596221886575222,5.577049723272272,5.579649457330754,1,0,1,0.12,0.01,0.0,0.01,0.1,0.9,-1.2,0.0,0,0,1,0,0.675,0.32
568,6,0.27264508605003357,0.06490090489387512,0.5587456822395325,5.688976226882071,5.691051275893121,1,0,1,0.12,0.01,0.0,0.01,0.1,0.9,-1.2,0.0,0,0,1,0,0.675,0.32
568,7,-0.3154769837856293,0.1753450185060501,0.1332540214061737,5.616264394579766,5.65018535488999,1,0,1,0.12,0.01,0.0,0.01,0.1,0.9,-1.2,0.0,0,0,1,0,0.675,0.32
569,0,0.7627133131027222,0.32993000745773315,-3.0848774909973145,6.039876408336973,5.939735644103668,1,0,1,0.12,0.01,0.0,0.01,0.1,0.9,-1.2,0.0,0,0,1,1,0.675,0.32
569,1,-0.9289535880088806,-0.41058608889579773,1.5707972049713135,0.0508958265244686,0.05089081674220925,0,0,0,0.12,0.01,0.0,0.01,0.1,0.9,-1.2,0.0,0,0,1,0,0.675,0.32
569,2,0.6934888958930969,0.3208847641944885,-0.16543036699295044,3.154077968611931,-6.28,1,0,1,0.12,0.01,0.0,0.01,0.1,0.9,-1.2,0.0,0,0,1,1,0.675,0.32
569,3,0.6503547430038452,0.261003315448761,0.9334121346473694,5.070046407189261,6.28,1,0,1,0.12,0.01,0.0,0.01,0.1,0.9,-1.2,0.0,0,0,1,1,0.675,0.32
569,4,0.4953170716762543,0.2936335802078247,0.25272631645202637,5.541638015837749,5.3899168380784195,1,0,1,0.12,0.01,0.0,0.01,0.1,0.9,-1.2,0.0,0,0,1,0,0.675,0.32
569,5,0.13980445265769958,0.311302125453949,0.016110846772789955,5.577020636590171,5.579011538235496,1,0,1,0.12,0.01,0.0,0.01,0.1,0.9,-1.2,0.0,0,0,1,0,0.675,0.32
569,6,0.2822941243648529,0.07093393802642822,0.5588189959526062,5.688768327080083,5.691265732206035,1,0,1,0.12,0.01,0.0,0.01,0.1,0.9,-1.2,0.0,0,0,1,0,0.675,0.32
569,7,-0.30422458052635193,0.17685474455356598,0.13350965082645416,5.613879728230957,5.648232233610625,1,0,1,0.12,0.01,0.0,0.01,0.1,0.9,-1.2,0.0,0,0,1,0,0.675,0.32
570,0,0.7649644017219543,0.3295745551586151,-3.108553171157837,5.981425177931989,5.983965563893116,1,0,1,0.12,0.01,0.0,0.01,0.1,0.9,-1.2,0.0,0,0,1,1,0.675,0.32
570,1,-0.9289535880088806,-0.4104814827442169,1.5707963705062866,0.049782181024078914,0.049781931698794774,0,0,0,0.12,0.01,0.0,0.01,0.1,0.9,-1.2,0.0,0,0,1,0,0.675,0.32
570,2,0.6940326690673828,0.323421835899353,-0.30159297585487366,2.8504989746596197,-6.28,1,0,1,0.12,0.01,0.0,0.01,0.1,0.9,-1.2,0.0,0,0,1,1,0.675,0.32
570,3,0.6536982655525208,0.26449140906333923,1.0346683263778687,5.414521071161742,6.233277526650909,1,0,1,0.12,0.01,0.0,0.01,0.1,0.9,-1.2,0.0,0,0,1,1,0.675,0.32
570,4,0.5059098601341248,0.29634255170822144,0.247706338763237,5.545895537681579,5.383510151557923,1,0,1,0.12,0.01,0.0,0.01,0.1,0.9,-1.2,0.0,0,0,1,0,0.675,0.32
570,5,0.1509598195552826,0.3114815950393677,0.016314208507537842,5.577013002871456,5.577987102628764,1,0,1,0.12,0.01,0.0,0.01,0.1,0.9,-1.2,0.0,0,0,1,0,0.675,0.32
570,6,0.2919427454471588,0.07696778327226639,0.5588983297348022,5.688574690549295,5.691440205843526,1,0,1,0.12,0.01,0.0,0.01,0.1,0.9,-1.2,0.0,0,0,1,0,0.675,0.32
570,7,-0.293041855096817,0.17836086452007294,0.13453078269958496,5.613834546226037,5.644335700851905,1,0,1,0.12,0.01,0.0,0.01,0.1,0.9,-1.2,0.0,0,0,1,0,0.675,0.32
571,0,0.7632622718811035,0.329429566860199,-3.1281020641326904,5.9130417438863505,6.030851807940126,1,0,1,0.12,0.01,0.0,0.01,0.1,0.9,-1.2,0.0,0,0,1,1,0.675,0.32
571,1,-0.9289535880088806,-0.41037923097610474,1.5707955360412598,0.04871535566711214,0.04871986540889951,0,0,0,0.12,0.01,0.0,0.01,0.1,0.9,-1.2,0.0,0,0,1,0,0.675,0.32
571,2,0.6911799311637878,0.32505351305007935,-0.647229015827179,3.1314641687038445,-6.28,1,0,1,0.12,0.01,0.0,0.01,0.1,0.9,-1.2,0.0,0,0,1,1,0.675,0.32
571,3,0.6545230746269226,0.26196807622909546,1.0833805799484253,5.512429184158956,6.1857164438165055,1,0,1,0.12,0.01,0.0,0.01,0.1,0.9,-1.2,0.0,0,0,1,1,0.675,0.32
571,4,0.5165147185325623,0.29899659752845764,0.2424159049987793,5.550370061568499,5.376513099499463,1,0,1,0.12,0.01,0.0,0.01,0.1,0.9,-1.2,0.0,0,0,1,0,0.675,0.32
571,5,0.16211453080177307,0.31166210770606995,0.016352079808712006,5.576588322492156,5.577588776974166,1,0,1,0.12,0.01,0.0,0.01,0.1,0.9,-1.2,0.0,0,0,1,0,0.675,0.32
571,6,0.3015909194946289,0.08300245553255081,0.5589919090270996,5.688380361064447,5.6916288728871205,1,0,1,0.12,0.01,0.0,0.01,0.1,0.9,-1.2,0.0,0,0,1,0,0.675,0.32
571,7,-0.28188151121139526,0.17987781763076782,0.1357598602771759,5.614463053128336,5.639885820963765,1,0,1,0.12,0.01,0.0,0.01,0.1,0.9,-1.2,0.0,0,0,1,0,0.675,0.32
572,0,0.7618852853775024,0.3293229937553406,-3.132175922393799,5.896224069832884,6.042064499617496,1,0,1,0.12,0.01,0.0,0.01,0.1,0.9,-1.2,0.0,0,0,1,1,0.675,0.32
572,1,-0.9289535880088806,-0.41027921438217163,1.5707958936691284,0.04769568333404074,0.047698153164219756,0,0,0,0.12,0.01,0.0,0.01,0.1,0.9,-1.2,0.0,0,0,1,0,0.675,0.32
572,2,0.6893339157104492,0.32878977060317993,-0.996166467666626,4.292168649384451,-5.006641949066592,1,0,1,0.12,0.01,0.0,0.01,0.1,0.9,-1.2,0.0,0,0,1,1,0.675,0.32
572,3,0.6597146987915039,0.26136675477027893,1.1184916496276855,5.334052852627334,6.275239654544295,1,0,1,0.12,0.01,0.0,0.01,0.1,0.9,-1.2,0.0,0,0,1,1,0.675,0.32
572,4,0.5271318554878235,0.30159229040145874,0.2367686778306961,5.555940607849473,5.367971619304304,1,0,1,0.12,0.01,0.0,0.01,0.1,0.9,-1.2,0.0,0,0,1,0,0.675,0.32
572,5,0.17326827347278595,0.31184330582618713,0.016276832669973373,5.575820721766046,5.577417351225323,1,0,1,0.12,0.01,0.0,0.01,0.1,0.9,-1.2,0.0,0,0,1,0,0.675,0.32
572,6,0.31123852729797363,0.08903808891773224,0.5590976476669312,5.6882329377500636,5.691826125684537,1,0,1,0.12,0.01,0.0,0.01,0.1,0.9,-1.2,0.0,0,0,1,0,0.675,0.32
572,7,-0.2707269787788391,0.1814076155424118,0.13687147200107574,5.614810298357542,5.635736633862916,1,0,1,0.12,0.01,0.0,0.01,0.1,0.9,-1.2,0.0,0,0,1,0,0.675,0.32
573,0,0.7615156769752502,0.3284730911254883,-3.021594524383545,6.239065674821424,5.7576819381317605,1,0,1,0.12,0.01,0.0,0.01,0.1,0.9,-1.2,0.0,0,0,1,1,0.675,0.32
573,1,-0.9289535880088806,-0.4101813733577728,1.5707967281341553,0.04671884376122076,0.04671655547307412,0,0,0,0.12,0.01,0.0,0.01,0.1,0.9,-1.2,0.0,0,0,1,0,0.675,0.32
573,2,0.6882528066635132,0.33384865522384644,-1.13101327419281,5.261369314341489,-1.8171458508061813,1,0,1,0.12,0.01,0.0,0.01,0.1,0.9,-1.2,0.0,0,0,1,1,0.675,0.32
573,3,0.6646484732627869,0.2639053463935852,1.1456133127212524,5.1576212822835465,6.28,1,0,1,0.12,0.01,0.0,0.01,0.1,0.9,-1.2,0.0,0,0,1,1,0.675,0.32
573,4,0.5377616286277771,0.3041253387928009,0.23073363304138184,5.562860676731017,5.357506087337587,1,0,1,0.12,0.01,0.0,0.01,0.1,0.9,-1.2,0.0,0,0,1,0,0.675,0.32
573,5,0.18442115187644958,0.312024861574173,0.01632728986442089,5.575756542917653,5.577111042502956,1,0,1,0.12,0.01,0.0,0.01,0.1,0.9,-1.2,0.0,0,0,1,0,0.675,0.32
573,6,0.32088547945022583,0.09507482498884201,0.559215784072876,5.688131437032692,5.692005827695853,1,0,1,0.12,0.01,0.0,0.01,0.1,0.9,-1.2,0.0,0,0,1,0,0.675,0.32
573,7,-0.25957784056663513,0.182948499917984,0.13780607283115387,5.614708247900689,5.632057544469154,1,0,1,0.12,0.01,0.0,0.01,0.1,0.9,-1.2,0.0,0,0,1,0,0.675,0.32
574,0,0.7583606243133545,0.32703399658203125,-3.0269343852996826,6.2055554095890715,5.788408189615945,1,0,1,0.12,0.01,0.0,0.01,0.1,0.9,-1.2,0.0,0,0,1,1,0.675,0.32
574,1,-0.9289535880088806,-0.4100855588912964,1.5707964897155762,0.04577737548239732,0.04577644667736983,0,0,0,0.12,0.01,0.0,0.01,0.1,0.9,-1.2,0.0,0,0,1,0,0.675,0.32
574,2,0.6865175366401672,0.3441985547542572,-1.3320146799087524,6.060262576313554,2.257480844287337,1,0,1,0.12,0.01,0.0,0.01,0.1,0.9,-1.2,0.0,0,0,1,1,0.675,0.32
574,3,0.66925048828125,0.27237120270729065,1.1797919273376465,4.720509391850026,5.890106159621683,1,0,1,0.12,0.01,0.0,0.01,0.1,0.9,-1.2,0.0,0,0,1,1,0.675,0.32
574,4,0.5484042763710022,0.3065910339355469,0.22422626614570618,5.572810184667607,5.343279469301203,1,0,1,0.12,0.01,0.0,0.01,0.1,0.9,-1.2,0.0,0,0,1,0,0.675,0.32
574,5,0.195573091506958,0.31220683455467224,0.016506025567650795,5.576143005240426,5.5762944879646446,1,0,1,0.12,0.01,0.0,0.01,0.1,0.9,-1.2,0.0,0,0,1,0,0.675,0.32
574,6,0.3305317163467407,0.10111282020807266,0.5593494772911072,5.6881136125970535,5.692127006585533,1,0,1,0.12,0.01,0.0,0.01,0.1,0.9,-1.2,0.0,0,0,1,0,0.675,0.32
574,7,-0.24843379855155945,0.18449844419956207,0.13858284056186676,5.6142116418228145,5.628802872623444,1,0,1,0.12,0.01,0.0,0.01,0.1,0.9,-1.2,0.0,0,0,1,0,0.675,0.32
575,0,0.7526111602783203,0.32572081685066223,-3.0436694622039795,6.121963686332533,5.874184363498857,1,0,1,0.12,0.01,0.0,0.01,0.1,0.9,-1.2,0.0,0,0,1,1,0.675,0.32
575,1,-0.9289535880088806,-0.4099917411804199,1.5707956552505493,0.044870932439754596,0.04487476046900929,0,0,0,0.12,0.01,0.0,0.01,0.1,0.9,-1.2,0.0,0,0,1,0,0.675,0.32
575,2,0.6848945617675781,0.35378339886665344,-1.637620210647583,5.781842319603235,4.934455545310706,1,0,1,0.12,0.01,0.0,0.01,0.1,0.9,-1.2,0.0,0,0,1,1,0.675,0.32
575,3,0.6733906865119934,0.2829797863960266,1.22092866897583,4.578385267923736,5.964631106187439,1,0,1,0.12,0.01,0.0,0.01,0.1,0.9,-1.2,0.0,0,0,1,1,0.675,0.32
575,4,0.5590600967407227,0.3089836537837982,0.21712011098861694,5.5872050961213215,5.323782400254715,1,0,1,0.12,0.01,0.0,0.01,0.1,0.9,-1.2,0.0,0,0,1,1,0.675,0.32
575,5,0.20672453939914703,0.31238946318626404,0.01657537929713726,5.5763366638142875,5.575846660284298,1,0,1,0.12,0.01,0.0,0.01,0.1,0.9,-1.2,0.0,0,0,1,0,0.675,0.32
575,6,0.34017714858055115,0.10715219378471375,0.5594975352287292,5.688131720428966,5.692230194205738,1,0,1,0.12,0.01,0.0,0.01,0.1,0.9,-1.2,0.0,0,0,1,0,0.675,0.32
575,7,-0.23729459941387177,0.1860557645559311,0.1392308920621872,5.613401880405734,5.625897357322384,1,0,1,0.12,0.01,0.0,0.01,0.1,0.9,-1.2,0.0,0,0,1,0,0.675,0.32
576,0,0.7481533288955688,0.3250749111175537,-3.0446646213531494,6.062775660168184,5.9322505706438875,1,0,1,0.12,0.01,0.0,0.01,0.1,0.9,-1.2,0.0,0,0,1,1,0.675,0.32
576,1,-0.9289535880088806,-0.4098998010158539,1.5707957744598389,0.04400145806323073,0.044004606232538004,0,0,0,0.12,0.01,0.0,0.01,0.1,0.9,-1.2,0.0,0,0,1,0,0.675,0.32
576,2,0.6843824982643127,0.36136358976364136,-1.6556966304779053,5.617572397915886,5.2683063438252935,1,0,1,0.12,0.01,0.0,0.01,0.1,0.9,-1.2,0.0,0,0,1,1,0.675,0.32
576,3,0.67631596326828,0.2896018922328949,1.3036223649978638,4.563357814278544,5.97363092092043,1,0,1,0.12,0.01,0.0,0.01,0.1,0.9,-1.2,0.0,0,0,1,1,0.675,0.32
576,4,0.5697293877601624,0.31129592657089233,0.2092013955116272,5.605343106492734,5.299757000700259,1,0,1,0.12,0.01,0.0,0.01,0.1,0.9,-1.2,0.0,0,0,1,1,0.675,0.32
576,5,0.21787555515766144,0.31257253885269165,0.016470955684781075,5.57612097874284,5.576045343130823,1,0,1,0.12,0.01,0.0,0.01,0.1,0.9,-1.2,0.0,0,0,1,0,0.675,0.32
576,6,0.3498217761516571,0.11319305002689362,0.5596510171890259,5.688120153095929,5.692371193024904,1,0,1,0.12,0.01,0.0,0.01,0.1,0.9,-1.2,0.0,0,0,1,0,0.675,0.32
576,7,-0.22616003453731537,0.1876191347837448,0.13977080583572388,5.612337939344716,5.623289413846657,1,0,1,0.12,0.01,0.0,0.01,0.1,0.9,-1.2,0.0,0,0,1,0,0.675,0.32
577,0,0.743155300617218,0.32411208748817444,-3.039163827896118,6.060696941724265,5.927747803816353,1,0,1,0.12,0.01,0.0,0.01,0.1,0.9,-1.2,0.0,0,0,1,1,0.675,0.32
577,1,-0.9289535880088806,-0.4098097085952759,1.5707967281341553,0.04316711052227567,0.043164823214525486,0,0,0,0.12,0.01,0.0,0.01,0.1,0.9,-1.2,0.0,0,0,1,0,0.675,0.32
577,2,0.6827986240386963,0.3653528690338135,-1.6646653413772583,5.466144182114797,5.498945913882061,1,0,1,0.12,0.01,0.0,0.01,0.1,0.9,-1.2,0.0,0,0,1,1,0.675,0.32
577,3,0.6780971884727478,0.29208698868751526,1.2817914485931396,4.1296099889164966,6.089535487901587,1,0,1,0.12,0.01,0.0,0.01,0.1,0.9,-1.2,0.0,0,0,1,1,0.675,0.32
577,4,0.5804129242897034,0.313517689704895,0.20016466081142426,5.623738108269284,5.275226952441623,1,0,1,0.12,0.01,0.0,0.01,0.1,0.9,-1.2,0.0,0,0,1,1,0.675,0.32
577,5,0.22902628779411316,0.3127555847167969,0.01641089841723442,5.576023354218123,5.5761207798265255,1,0,1,0.12,0.01,0.0,0.01,0.1,0.9,-1.2,0.0,0,0,1,0,0.675,0.32
577,6,0.35946550965309143,0.11923544108867645,0.5598049759864807,5.688063753471944,5.692559587134745,1,0,1,0.12,0.01,0.0,0.01,0.1,0.9,-1.2,0.0,0,0,1,0,0.675,0.32
577,7,-0.21502994000911713,0.18918754160404205,0.14022696018218994,5.6110884126751195,5.620914799299978,1,0,1,0.12,0.01,0.0,0.01,0.1,0.9,-1.2,0.0,0,0,1,0,0.675,0.32
578,0,0.7423286437988281,0.32311177253723145,-3.015406847000122,6.12714501787026,5.831277642957375,1,0,1,0.12,0.01,0.0,0.01,0.1,0.9,-1.2,0.0,0,0,1,1,0.675,0.32
578,1,-0.9289535880088806,-0.40972134470939636,1.5707969665527344,0.04236123087244831,0.04235758510989346,0,0,0,0.12,0.01,0.0,0.01,0.1,0.9,-1.2,0.0,0,0,1,0,0.675,0.32
578,2,0.6818824410438538,0.36350685358047485,-1.6708205938339233,5.413623214746516,5.5670884837855885,1,0,1,0.12,0.01,0.0,0.01,0.1,0.9,-1.2,0.0,0,0,1,1,0.675,0.32
578,3,0.6776260733604431,0.29138892889022827,1.2633967399597168,4.147945790713199,6.099589199597468,1,0,1,0.12,0.01,0.0,0.01,0.1,0.9,-1.2,0.0,0,0,1,1,0.675,0.32
578,4,0.5911117792129517,0.31563517451286316,0.18971183896064758,5.638223561369672,5.25624754754375,1,0,1,0.12,0.01,0.0,0.01,0.1,0.9,-1.2,0.0,0,0,1,1,0.675,0.32
578,5,0.2401769459247589,0.31293851137161255,0.016514841467142105,5.576302592125653,5.5756894606678475,1,0,1,0.12,0.01,0.0,0.01,0.1,0.9,-1.2,0.0,0,0,1,0,0.675,0.32
578,6,0.3691083788871765,0.12527939677238464,0.5599641799926758,5.687969057484671,5.692792536095573,1,0,1,0.12,0.01,0.0,0.01,0.1,0.9,-1.2,0.0,0,0,1,0,0.675,0.32
578,7,-0.2039041817188263,0.19076021015644073,0.14062875509262085,5.609736384158473,5.618694959873814,1,0,1,0.12,0.01,0.0,0.01,0.1,0.9,-1.2,0.0,0,0,1,0,0.675,0.32
579,0,0.7428732514381409,0.322518914937973,-3.0130765438079834,6.162190157045775,5.7835222901206675,1,0,1,0.12,0.01,0.0,0.01,0.1,0.9,-1.2,0.0,0,0,1,1,0.675,0.32
579,1,-0.9289535880088806,-0.40963467955589294,1.570796012878418,0.041581138664835114,0.041582927411443565,0,0,0,0.12,0.01,0.0,0.01,0.1,0.9,-1.2,0.0,0,0,1,0,0.675,0.32
579,2,0.6814619302749634,0.36078545451164246,-1.6658893823623657,5.42777614351826,5.54926915410442,1,0,1,0.12,0.01,0.0,0.01,0.1,0.9,-1.2,0.0,0,0,1,1,0.675,0.32
579,3,0.6784460544586182,0.2903943955898285,1.2616552114486694,4.0051555506156635,6.119650615079526,1,0,1,0.12,0.01,0.0,0.01,0.1,0.9,-1.2,0.0,0,0,1,1,0.675,0.32
579,4,0.6018276214599609,0.3176320493221283,0.17773957550525665,5.659933247158927,5.236264310290413,1,0,1,0.12,0.01,0.0,0.01,0.1,0.9,-1.2,0.0,0,0,1,1,0.675,0.32
579,5,0.2513275742530823,0.3131214380264282,0.016593320295214653,5.57653330427752,5.575354649003882,1,0,1,0.12,0.01,0.0,0.01,0.1,0.9,-1.2,0.0,0,0,1,0,0.675,0.32
579,6,0.3787503242492676,0.13132500648498535,0.5601344108581543,5.6878699491478955,5.6930429806254335,1,0,1,0.12,0.01,0.0,0.01,0.1,0.9,-1.2,0.0,0,0,1,0,0.675,0.32
579,7,-0.19278261065483093,0.19233658909797668,0.14099399745464325,5.608332526359139,5.61658202442211,1,0,1,0.12,0.01,0.0,0.01,0.1,0.9,-1.2,0.0,0,0,1,0,0.675,0.32
580,0,0.7439687252044678,0.32225438952445984,-3.0150043964385986,6.159746417603163,5.782968810000747,1,0,1,0.12,0.01,0.0,0.01,0.1,0.9,-1.2,0.0,0,0,1,1,0.675,0.32
580,1,-0.9289535880088806,-0.40954965353012085,1.5707955360412598,0.040830069356675866,0.040834574825052504,0,0,0,0.12,0.01,0.0,0.01,0.1,0.9,-1.2,0.0,0,0,1,0,0.675,0.32
580,2,0.6814154386520386,0.3626517057418823,-1.6687651872634888,5.399710652589883,5.584573986768636,1,0,1,0.12,0.01,0.0,0.01,0.1,0.9,-1.2,0.0,0,0,1,1,0.675,0.32
580,3,0.6797652840614319,0.2904818058013916,1.25656259059906,3.7200152183407718,6.144472131646257,1,0,1,0.12,0.01,0.0,0.01,0.1,0.9,-1.2,0.0,0,0,1,1,0.675,0.32
580,4,0.6125630736351013,0.3194926977157593,0.16451655328273773,5.706183015548416,5.2114992745287925,1,0,1,0.12,0.01,0.0,0.01,0.1,0.9,-1.2,0.0,0,0,1,1,0.675,0.32
580,5,0.2624781131744385,0.3133043348789215,0.01648803800344467,5.576386117437088,5.575591838857925,1,0,1,0.12,0.01,0.0,0.01,0.1,0.9,-1.2,0.0,0,0,1,0,0.675,0.32
580,6,0.38839131593704224,0.13737235963344574,0.5603160262107849,5.687791752853237,5.69328464265839,1,0,1,0.12,0.01,0.0,0.01,0.1,0.9,-1.2,0.0,0,0,1,0,0.675,0.32
580,7,-0.18166513741016388,0.19391627609729767,0.14132428169250488,5.606882352286528,5.614572744911957,1,0,1,0.12,0.01,0.0,0.01,0.1,0.9,-1.2,0.0,0,0,1,0,0.675,0.32
581,0,0.744692325592041,0.32160046696662903,-3.0180935859680176,6.21264389551054,5.721709634896412,1,0,1,0.12,0.01,0.0,0.01,0.1,0.9,-1.2,0.0,0,0,1,1,0.675,0.32
581,1,-0.9289535880088806,-0.4094661772251129,1.5707963705062866,0.040108700934125725,0.04010845189981287,0,0,0,0.12,0.01,0.0,0.01,0.1,0.9,-1.2,0.0,0,0,1,0,0.675,0.32
581,2,0.6814916133880615,0.3590770959854126,-1.6168988943099976,5.570698200364803,5.345246733526493,1,0,1,0.12,0.01,0.0,0.01,0.1,0.9,-1.2,0.0,0,0,1,1,0.675,0.32
581,3,0.6819408535957336,0.28564101457595825,1.2681838274002075,3.5143999850518193,6.128080686353972,1,0,1,0.12,0.01,0.0,0.01,0.1,0.9,-1.2,0.0,0,0,1,1,0.675,0.32
581,4,0.6179342865943909,0.32095766067504883,0.08739903569221497,5.59933517386597,5.440560181835475,1,0,1,0.12,0.01,0.0,0.01,0.1,0.9,-1.2,0.0,0,0,1,1,0.675,0.32
581,5,0.27362850308418274,0.3134869337081909,0.016351938247680664,5.576035373541969,5.576067439582688,1,0,1,0.12,0.01,0.0,0.01,0.1,0.9,-1.2,0.0,0,0,1,0,0.675,0.32
581,6,0.3980313539505005,0.14342157542705536,0.5605068802833557,5.687676742436811,5.693571225044802,1,0,1,0.12,0.01,0.0,0.01,0.1,0.9,-1.2,0.0,0,0,1,0,0.675,0.32
581,7,-0.17055167257785797,0.1954989731311798,0.1416221410036087,5.605394220713584,5.612660908337624,1,0,1,0.12,0.01,0.0,0.01,0.1,0.9,-1.2,0.0,0,0,1,0,0.675,0.32
582,0,0.7440766096115112,0.3206314742565155,-3.0102005004882812,6.256614141208545,5.646362848537546,1,0,1,0.12,0.01,0.0,0.01,0.1,0.9,-1.2,0.0,0,0,1,1,0.675,0.32
582,1,-0.9289535880088806,-0.40938419103622437,1.5707969665527344,0.039411254851778314,0.039407610268632605,0,0,0,0.12,0.01,0.0,0.01,0.1,0.9,-1.2,0.0,0,0,1,0,0.675,0.32
582,2,0.681494951248169,0.35797348618507385,-1.5479127168655396,5.730173163870917,5.0488267607888115,1,0,1,0.12,0.01,0.0,0.01,0.1,0.9,-1.2,0.0,0,0,1,1,0.675,0.32
582,3,0.682558536529541,0.28448429703712463,1.2260044813156128,3.2341917391834403,6.162276363748536,1,0,1,0.12,0.01,0.0,0.01,0.1,0.9,-1.2,0.0,0,0,1,1,0.675,0.32
582,4,0.618319034576416,0.32072994112968445,-0.014850307255983353,5.311109410228269,5.800902320442659,1,0,1,0.12,0.01,0.0,0.01,0.1,0.9,-1.2,0.0,0,0,1,1,0.675,0.32
582,5,0.28477898240089417,0.3136690855026245,0.016384243965148926,5.576167924666313,5.57589741203794,1,0,1,0.12,0.01,0.0,0.01,0.1,0.9,-1.2,0.0,0,0,1,0,0.675,0.32
582,6,0.40767034888267517,0.14947280287742615,0.5607081651687622,5.687627336738534,5.6938022162933875,1,0,1,0.12,0.01,0.0,0.01,0.1,0.9,-1.2,0.0,0,0,1,0,0.675,0.32
582,7,-0.15944209694862366,0.197084441781044,0.14190137386322021,5.603907368633969,5.610808648612276,1,0,1,0.12,0.01,0.0,0.01,0.1,0.9,-1.2,0.0,0,0,1,0,0.675,0.32
583,0,0.7454714775085449,0.32061704993247986,-3.01821231842041,6.250250060630311,5.664441924023162,1,0,1,0.12,0.01,0.0,0.01,0.1,0.9,-1.2,0.0,0,0,1,1,0.675,0.32
583,1,-0.9289535880088806,-0.4093036949634552,1.570796251296997,0.0387338782748142,0.03873430834208339,0,0,0,0.12,0.01,0.0,0.01,0.1,0.9,-1.2,0.0,0,0,1,0,0.675,0.32
583,2,0.681978166103363,0.35876667499542236,-1.5473142862319946,5.748071427998099,5.009067479911294,1,0,1,0.12,0.01,0.0,0.01,0.1,0.9,-1.2,0.0,0,0,1,1,0.675,0.32
583,3,0.6843494772911072,0.2855609953403473,1.256201148033142,3.0828173893101907,6.166008279978445,1,0,1,0.12,0.01,0.0,0.01,0.1,0.9,-1.2,0.0,0,0,1,1,0.675,0.32
583,4,0.619208812713623,0.32016807794570923,-0.053644005209207535,5.169850364264691,5.949222549858844,1,0,1,0.12,0.01,0.0,0.01,0.1,0.9,-1.2,0.0,0,0,1,1,0.675,0.32
583,5,0.29592961072921753,0.31385093927383423,0.016488036140799522,5.576583947512796,5.575376663830588,1,0,1,0.12,0.01,0.0,0.01,0.1,0.9,-1.2,0.0,0,0,1,0,0.675,0.32
583,6,0.4173082411289215,0.15552616119384766,0.5609258413314819,5.6876129212063296,5.69401407221141,1,0,1,0.12,0.01,0.0,0.01,0.1,0.9,-1.2,0.0,0,0,1,0,0.675,0.32
583,7,-0.14833633601665497,0.19867250323295593,0.14217352867126465,5.602456048911479,5.608985527569386,1,0,1,0.12,0.01,0.0,0.01,0.1,0.9,-1.2,0.0,0,0,1,0,0.675,0.32
584,0,0.7462714910507202,0.3194153308868408,-2.9996602535247803,6.28,5.556575268771109,1,0,1,0.12,0.01,0.0,0.01,0.1,0.9,-1.2,0.0,0,0,1,1,0.675,0.32
584,1,-0.9289535880088806,-0.40922459959983826,1.5707955360412598,0.03807881274179963,0.03808331689877959,0,0,0,0.12,0.01,0.0,0.01,0.1,0.9,-1.2,0.0,0,0,1,0,0.675,0.32
584,2,0.6831395626068115,0.35676470398902893,-1.6146636009216309,5.692773212750821,5.126078079382508,1,0,1,0.12,0.01,0.0,0.01,0.1,0.9,-1.2,0.0,0,0,1,1,0.675,0.32
584,3,0.684691309928894,0.2853231430053711,1.223761796951294,2.9061873018310127,6.203470104975932,1,0,1,0.12,0.01,0.0,0.01,0.1,0.9,-1.2,0.0,0,0,1,1,0.675,0.32
584,4,0.6202351450920105,0.3196429908275604,-0.032563794404268265,5.2374125413207535,5.950687319824265,1,0,1,0.12,0.01,0.0,0.01,0.1,0.9,-1.2,0.0,0,0,1,1,0.675,0.32
584,5,0.3070802092552185,0.31403276324272156,0.01643812470138073,5.576526264192234,5.575482001064646,1,0,1,0.12,0.01,0.0,0.01,0.1,0.9,-1.2,0.0,0,0,1,0,0.675,0.32
584,6,0.4269450008869171,0.16158176958560944,0.5611562132835388,5.68755497052219,5.694282099466061,1,0,1,0.12,0.01,0.0,0.01,0.1,0.9,-1.2,0.0,0,0,1,0,0.675,0.32
584,7,-0.13723431527614594,0.20026302337646484,0.14243488013744354,5.601030514186634,5.607200994545208,1,0,1,0.12,0.01,0.0,0.01,0.1,0.9,-1.2,0.0,0,0,1,0,0.675,0.32
585,0,0.7483664155006409,0.31855860352516174,-2.968576192855835,6.28,5.423391518702989,1,0,1,0.12,0.01,0.0,0.01,0.1,0.9,-1.2,0.0,0,0,1,1,0.675,0.32
585,1,-0.9289535880088806,-0.40914684534072876,1.5707961320877075,0.037448607959835234,0.037449716946990785,0,0,0,0.12,0.01,0.0,0.01,0.1,0.9,-1.2,0.0,0,0,1,0,0.675,0.32
585,2,0.6840772032737732,0.35595446825027466,-1.5848115682601929,5.806218208364106,4.868818996855161,1,0,1,0.12,0.01,0.0,0.01,0.1,0.9,-1.2,0.0,0,0,1,1,0.675,0.32
585,3,0.685738742351532,0.28356900811195374,1.2728322744369507,3.060684677639213,6.170779052696022,1,0,1,0.12,0.01,0.0,0.01,0.1,0.9,-1.2,0.0,0,0,1,1,0.675,0.32
585,4,0.6212692260742188,0.31943923234939575,-0.027375593781471252,5.269490831879617,5.9773384394369105,1,0,1,0.12,0.01,0.0,0.01,0.1,0.9,-1.2,0.0,0,0,1,1,0.675,0.32
585,5,0.3182307183742523,0.3142143487930298,0.016275987029075623,5.576215228093022,5.575953656780367,1,0,1,0.12,0.01,0.0,0.01,0.1,0.9,-1.2,0.0,0,0,1,0,0.675,0.32
585,6,0.43658050894737244,0.16763973236083984,0.5613932013511658,5.68744604720977,5.69460494384858,1,0,1,0.12,0.01,0.0,0.01,0.1,0.9,-1.2,0.0,0,0,1,0,0.675,0.32
585,7,-0.1261359304189682,0.2018558531999588,0.1426772028207779,5.599608369599556,5.605477504004265,1,0,1,0.12,0.01,0.0,0.01,0.1,0.9,-1.2,0.0,0,0,1,0,0.675,0.32
586,0,0.7476695775985718,0.31718483567237854,-2.9972290992736816,6.28,5.423778021945845,1,0,1,0.12,0.01,0.0,0.01,0.1,0.9,-1.2,0.0,0,0,1,1,0.675,0.32
586,1,-0.9289535880088806,-0.4090704321861267,1.5707969665527344,0.036839552369504036,0.03683590874394887,0,0,0,0.12,0.01,0.0,0.01,0.1,0.9,-1.2,0.0,0,0,1,0,0.675,0.32
586,2,0.6839713454246521,0.354308545589447,-1.5937166213989258,5.805223667971606,4.871015464909558,1,0,1,0.12,0.01,0.0,0.01,0.1,0.9,-1.2,0.0,0,0,1,1,0.675,0.32
586,3,0.684801459312439,0.2823505997657776,1.209916114807129,2.980156041622942,6.231430731772597,1,0,1,0.12,0.01,0.0,0.01,0.1,0.9,-1.2,0.0,0,0,1,1,0.675,0.32
586,4,0.6204260587692261,0.31905055046081543,-0.031381264328956604,5.263023825566668,6.037321356852154,1,0,1,0.12,0.01,0.0,0.01,0.1,0.9,-1.2,0.0,0,0,1,1,0.675,0.32
586,5,0.32938122749328613,0.31439539790153503,0.01624361425638199,5.576216367841526,5.575984331011012,1,0,1,0.12,0.01,0.0,0.01,0.1,0.9,-1.2,0.0,0,0,1,0,0.675,0.32
586,6,0.4462147355079651,0.17370013892650604,0.5616389513015747,5.687342780294776,5.694930983123421,1,0,1,0.12,0.01,0.0,0.01,0.1,0.9,-1.2,0.0,0,0,1,0,0.675,0.32
586,7,-0.11504112184047699,0.20345088839530945,0.1429041177034378,5.59820214162364,5.6038069402168755,1,0,1,0.12,0.01,0.0,0.01,0.1,0.9,-1.2,0.0,0,0,1,0,0.675,0.32
587,0,0.7475504279136658,0.315688818693161,-3.030362844467163,6.28,5.411928213631394,1,0,1,0.12,0.01,0.0,0.01,0.1,0.9,-1.2,0.0,0,0,1,1,0.675,0.32
587,1,-0.9289535880088806,-0.40899527072906494,1.5707966089248657,0.036246253741064625,0.03624464701386396,0,0,0,0.12,0.01,0.0,0.01,0.1,0.9,-1.2,0.0,0,0,1,0,0.675,0.32
587,2,0.6837462186813354,0.3527229428291321,-1.5883291959762573,5.823736183059591,4.82191056786738,1,0,1,0.12,0.01,0.0,0.01,0.1,0.9,-1.2,0.0,0,0,1,1,0.675,0.32
587,3,0.6839590668678284,0.2794397473335266,1.179788589477539,3.0674775209408827,6.256727341176885,1,0,1,0.12,0.01,0.0,0.01,0.1,0.9,-1.2,0.0,0,0,1,1,0.675,0.32
587,4,0.6186336874961853,0.3187343180179596,-0.013208569027483463,5.330035927227703,6.0282795406067695,1,0,1,0.12,0.01,0.0,0.01,0.1,0.9,-1.2,0.0,0,0,1,1,0.675,0.32
587,5,0.3405319154262543,0.31457608938217163,0.016352005302906036,5.57653150924882,5.5755620055512525,1,0,1,0.12,0.01,0.0,0.01,0.1,0.9,-1.2,0.0,0,0,1,0,0.675,0.32
587,6,0.4558475911617279,0.17976310849189758,0.5619009733200073,5.68720096599151,5.695309845098959,1,0,1,0.12,0.01,0.0,0.01,0.1,0.9,-1.2,0.0,0,0,1,0,0.675,0.32
587,7,-0.10394978523254395,0.20504795014858246,0.14312516152858734,5.596837655670575,5.602161749236652,1,0,1,0.12,0.01,0.0,0.01,0.1,0.9,-1.2,0.0,0,0,1,0,0.675,0.32
588,0,0.7484421133995056,0.3145875632762909,-3.0633835792541504,6.28,5.405773440016411,1,0,1,0.12,0.01,0.0,0.01,0.1,0.9,-1.2,0.0,0,0,1,1,0.675,0.32
588,1,-0.9289535880088806,-0.40892136096954346,1.5707956552505493,0.03566982493162134,0.03567364915847799,0,0,0,0.12,0.01,0.0,0.01,0.1,0.9,-1.2,0.0,0,0,1,0,0.675,0.32
588,2,0.6837160587310791,0.34999117255210876,-1.5552924871444702,5.9083178072217555,4.561696109270706,1,0,1,0.12,0.01,0.0,0.01,0.1,0.9,-1.2,0.0,0,0,1,1,0.675,0.32
588,3,0.6855555772781372,0.27630019187927246,1.1504051685333252,2.7923590822485354,6.26207736298767,1,0,1,0.12,0.01,0.0,0.01,0.1,0.9,-1.2,0.0,0,0,1,1,0.675,0.32
588,4,0.6169549822807312,0.31875479221343994,0.01914304681122303,5.442325721504919,5.94569086003042,1,0,1,0.12,0.01,0.0,0.01,0.1,0.9,-1.2,0.0,0,0,1,1,0.675,0.32
588,5,0.3516826331615448,0.31475669145584106,0.016364702954888344,5.245847165004662,5.754152834995338,1,0,1,0.12,0.01,0.0,0.01,0.1,0.9,-1.2,0.0,0,0,1,0,0.675,0.32
588,6,0.46547892689704895,0.1858287751674652,0.5621808171272278,5.686976483293468,5.695788571409289,1,0,1,0.12,0.01,0.0,0.01,0.1,0.9,-1.2,0.0,0,0,1,0,0.675,0.32
588,7,-0.0928618460893631,0.20664694905281067,0.14333899319171906,5.595513509003936,5.60054708889264,1,0,1,0.12,0.01,0.0,0.01,0.1,0.9,-1.2,0.0,0,0,1,0,0.675,0.32
589,0,0.7499715685844421,0.31387007236480713,-3.0974392890930176,6.28,5.427383499770051,1,0,1,0.12,0.01,0.0,0.01,0.1,0.9,-1.2,0.0,0,0,1,1,0.675,0.32
589,1,-0.9289535880088806,-0.4088486433029175,1.5707957744598389,0.03511402330560193,0.03511716850834385,0,0,0,0.12,0.01,0.0,0.01,0.1,0.9,-1.2,0.0,0,0,1,0,0.675,0.32
589,2,0.6841756701469421,0.346545547246933,-1.5150970220565796,6.012129508972899,4.093758440493805,1,0,1,0.12,0.01,0.0,0.01,0.1,0.9,-1.2,0.0,0,0,1,1,0.675,0.32
589,3,0.6886635422706604,0.2728179693222046,1.2395304441452026,2.8599898120146503,6.156436274411131,1,0,1,0.12,0.01,0.0,0.01,0.1,0.9,-1.2,0.0,0,0,1,1,0.675,0.32
589,4,0.6156615614891052,0.31911951303482056,0.045871227979660034,5.529188243450979,5.837645383772988,1,0,1,0.12,0.01,0.0,0.01,0.1,0.9,-1.2,0.0,0,0,1,1,0.675,0.32
589,5,0.36283329129219055,0.31493714451789856,0.016216665506362915,5.245440981863544,5.754559018136456,1,0,1,0.12,0.01,0.0,0.01,0.1,0.9,-1.2,0.0,0,0,1,0,0.675,0.32
589,6,0.47510871291160583,0.19189730286598206,0.5624774098396301,5.686598375250963,5.696436330864761,1,0,1,0.12,0.01,0.0,0.01,0.1,0.9,-1.2,0.0,0,0,1,0,0.675,0.32
589,7,-0.08177722990512848,0.20824775099754333,0.1435360163450241,5.59420249953993,5.598988253919999,1,0,1,0.12,0.01,0.0,0.01,0.1,0.9,-1.2,0.0,0,0,1,0,0.675,0.32
590,0,0.7510874271392822,0.314049631357193,-3.1099579334259033,6.28,5.465596061225571,1,0,1,0.12,0.01,0.0,0.01,0.1,0.9,-1.2,0.0,0,0,1,1,0.675,0.32
590,1,-0.9289535880088806,-0.40877705812454224,1.5707967281341553,0.03457720474361853,0.034574919482474764,0,0,0,0.12,0.01,0.0,0.01,0.1,0.9,-1.2,0.0,0,0,1,0,0.675,0.32
590,2,0.684807538986206,0.3447995185852051,-1.5258758068084717,6.039204086459774,3.9105900867808874,1,0,1,0.12,0.01,0.0,0.01,0.1,0.9,-1.2,0.0,0,0,1,1,0.675,0.32
590,3,0.6905462741851807,0.27337151765823364,1.3416000604629517,3.180047306352125,6.117440906233323,1,0,1,0.12,0.01,0.0,0.01,0.1,0.9,-1.2,0.0,0,0,1,1,0.675,0.32
590,4,0.6174885034561157,0.3197481632232666,0.0649879202246666,5.645713546941338,5.777261397173346,1,0,1,0.12,0.01,0.0,0.01,0.1,0.9,-1.2,0.0,0,0,1,1,0.675,0.32
590,5,0.37386152148246765,0.31516650319099426,0.030633244663476944,5.289131981473707,5.709592002290941,1,0,1,0.12,0.01,0.0,0.01,0.1,0.9,-1.2,0.0,0,0,1,0,0.675,0.32
590,6,0.484736829996109,0.19796888530254364,0.5627944469451904,5.686246983869677,5.697076208726759,1,0,1,0.12,0.01,0.0,0.01,0.1,0.9,-1.2,0.0,0,0,1,0,0.675,0.32
590,7,-0.07069585472345352,0.2098502665758133,0.1437162309885025,5.592819385544104,5.597291238292414,1,0,1,0.12,0.01,0.0,0.01,0.1,0.9,-1.2,0.0,0,0,1,0,0.675,0.32
591,0,0.7526202201843262,0.3138856589794159,-3.1065917015075684,6.28,5.461922205626897,1,0,1,0.12,0.01,0.0,0.01,0.1,0.9,-1.2,0.0,0,0,1,1,0.675,0.32
591,1,-0.9289535880088806,-0.4087066054344177,1.5707968473434448,0.03405414450483369,0.034051180597972394,0,0,0,0.12,0.01,0.0,0.01,0.1,0.9,-1.2,0.0,0,0,1,0,0.675,0.32
591,2,0.6868879199028015,0.3463279604911804,-1.4464854001998901,6.090305634586157,3.1500497974473816,1,0,1,0.12,0.01,0.0,0.01,0.1,0.9,-1.2,0.0,0,0,1,1,0.675,0.32
591,3,0.6916958093643188,0.27328816056251526,1.35128653049469,3.0934695894673188,6.110887557749478,1,0,1,0.12,0.01,0.0,0.01,0.1,0.9,-1.2,0.0,0,0,1,1,0.675,0.32
591,4,0.6205803751945496,0.32037997245788574,0.06181979551911354,5.697607949725972,5.779906108625544,1,0,1,0.12,0.01,0.0,0.01,0.1,0.9,-1.2,0.0,0,0,1,1,0.675,0.32
591,5,0.3848537504673004,0.3155941069126129,0.0486443005502224,5.344003038415446,5.649279994955526,1,0,1,0.12,0.01,0.0,0.01,0.1,0.9,-1.2,0.0,0,0,1,0,0.675,0.32
591,6,0.49436312913894653,0.20404382050037384,0.5631452202796936,5.685801658151343,5.697841104748055,1,0,1,0.12,0.01,0.0,0.01,0.1,0.9,-1.2,0.0,0,0,1,0,0.675,0.32
591,7,-0.05961763113737106,0.211454376578331,0.14389105141162872,5.591594933045098,5.595549167620948,1,0,1,0.12,0.01,0.0,0.01,0.1,0.9,-1.2,0.0,0,0,1,0,0.675,0.32
592,0,0.7548802495002747,0.3137854337692261,3.1277499198913574,6.28,5.596040032431714,1,0,1,0.12,0.01,0.0,0.01,0.1,0.9,-1.2,0.0,0,0,1,1,0.675,0.32
592,1,-0.9289535880088806,-0.40863722562789917,1.5707958936691284,0.03354327386559005,0.03354573988973146,0,0,0,0.12,0.01,0.0,0.01,0.1,0.9,-1.2,0.0,0,0,1,0,0.675,0.32
592,2,0.6894096732139587,0.34713566303253174,-1.4114373922348022,6.074079208336857,2.497296519316645,1,0,1,0.12,0.01,0.0,0.01,0.1,0.9,-1.2,0.0,0,0,1,1,0.675,0.32
592,3,0.6932010054588318,0.27355340123176575,1.4526596069335938,3.510689364657191,6.08340115667841,1,0,1,0.12,0.01,0.0,0.01,0.1,0.9,-1.2,0.0,0,0,1,1,0.675,0.32
592,4,0.6211860179901123,0.32064831256866455,-0.005403151735663414,5.434781067126589,5.8906944468085,1,0,1,0.12,0.01,0.0,0.01,0.1,0.9,-1.2,0.0,0,0,1,1,0.675,0.32
592,5,0.3958354592323303,0.3162134885787964,0.06404967606067657,5.391862925907366,5.592847052196272,1,0,1,0.12,0.01,0.0,0.01,0.1,0.9,-1.2,0.0,0,0,1,0,0.675,0.32
592,6,0.5039874911308289,0.21012245118618011,0.5635336637496948,5.685323662206895,5.698675596072905,1,0,1,0.12,0.01,0.0,0.01,0.1,0.9,-1.2,0.0,0,0,1,0,0.675,0.32
592,7,-0.04854269325733185,0.21305996179580688,0.1440625786781311,5.590555391658411,5.593792357097997,1,0,1,0.12,0.01,0.0,0.01,0.1,0.9,-1.2,0.0,0,0,1,0,0.675,0.32
593,0,0.7561847567558289,0.3140956163406372,3.100795030593872,6.28,5.688952451354227,1,0,1,0.12,0.01,0.0,0.01,0.1,0.9,-1.2,0.0,0,0,1,1,0.675,0.32
593,1,-0.9289535880088806,-0.4085689187049866,1.5707955360412598,0.033048915683907804,0.03305341768296308,0,0,0,0.12,0.01,0.0,0.01,0.1,0.9,-1.2,0.0,0,0,1,0,0.675,0.32
593,2,0.6909299492835999,0.3485696315765381,-1.4725996255874634,6.086436420961864,2.771139651254169,1,0,1,0.12,0.01,0.0,0.01,0.1,0.9,-1.2,0.0,0,0,1,1,0.675,0.32
593,3,0.6937525868415833,0.2747778296470642,1.572202205657959,4.078550188311437,6.016473920575282,1,0,1,0.12,0.01,0.0,0.01,0.1,0.9,-1.2,0.0,0,0,1,1,0.675,0.32
593,4,0.6228748559951782,0.32043400406837463,-0.021098140627145767,5.364481847477656,5.936041135596532,1,0,1,0.12,0.01,0.0,0.01,0.1,0.9,-1.2,0.0,0,0,1,1,0.675,0.32
593,5,0.4068026840686798,0.316983699798584,0.07557591050863266,5.429665770811614,5.545512709336702,1,0,1,0.12,0.01,0.0,0.01,0.1,0.9,-1.2,0.0,0,0,1,0,0.675,0.32
593,6,0.5136095881462097,0.2162051647901535,0.5639632940292358,5.684865426761152,5.699530470627305,1,0,1,0.12,0.01,0.0,0.01,0.1,0.9,-1.2,0.0,0,0,1,0,0.675,0.32
593,7,-0.0374709777534008,0.21466690301895142,0.14421682059764862,5.589626411688205,5.5920525390983835,1,0,1,0.12,0.01,0.0,0.01,0.1,0.9,-1.2,0.0,0,0,1,0,0.675,0.32
594,0,0.7561341524124146,0.31513890624046326,3.0557429790496826,6.143915379711283,5.851688837341177,1,0,1,0.12,0.01,0.0,0.01,0.1,0.9,-1.2,0.0,0,0,1,1,0.675,0.32
594,1,-0.9289535880088806,-0.40850162506103516,1.5707964897155762,0.032572274987782486,0.03257134747019863,0,0,0,0.12,0.01,0.0,0.01,0.1,0.9,-1.2,0.0,0,0,1,0,0.675,0.32
594,2,0.6914668083190918,0.34919479489326477,-1.5385701656341553,6.090002797934208,3.166750706342066,1,0,1,0.12,0.01,0.0,0.01,0.1,0.9,-1.2,0.0,0,0,1,1,0.675,0.32
594,3,0.6932926177978516,0.27764323353767395,1.6335880756378174,4.327484134944518,5.968359049049774,1,0,1,0.12,0.01,0.0,0.01,0.1,0.9,-1.2,0.0,0,0,1,1,0.675,0.32
594,4,0.6241772174835205,0.3208141028881073,0.05010169744491577,5.63736542797818,5.733470472328521,1,0,1,0.12,0.01,0.0,0.01,0.1,0.9,-1.2,0.0,0,0,1,1,0.675,0.32
594,5,0.41775399446487427,0.3178589940071106,0.08330364525318146,5.458110155735872,5.508172688807584,1,0,1,0.12,0.01,0.0,0.01,0.1,0.9,-1.2,0.0,0,0,1,0,0.675,0.32
594,6,0.5232293605804443,0.22229239344596863,0.5644356608390808,5.6847776732621895,5.700054887753892,1,0,1,0.12,0.01,0.0,0.01,0.1,0.9,-1.2,0.0,0,0,1,0,0.675,0.32
594,7,-0.026402290910482407,0.21627500653266907,0.14434225857257843,5.588739645620278,5.590361761907646,1,0,1,0.12,0.01,0.0,0.01,0.1,0.9,-1.2,0.0,0,0,1,0,0.675,0.32
595,0,0.7551790475845337,0.3162531852722168,3.0330090522766113,6.026925098618269,5.948187935630084,1,0,1,0.12,0.01,0.0,0.01,0.1,0.9,-1.2,0.0,0,0,1,1,0.675,0.32
595,1,-0.9289535880088806,-0.4084353446960449,1.5707969665527344,0.032107881551901314,0.03210423951752999,0,0,0,0.12,0.01,0.0,0.01,0.1,0.9,-1.2,0.0,0,0,1,0,0.675,0.32
595,2,0.691837728023529,0.3528762459754944,-1.5125373601913452,6.088176646274342,3.2559486841738075,1,0,1,0.12,0.01,0.0,0.01,0.1,0.9,-1.2,0.0,0,0,1,1,0.675,0.32
595,3,0.6925812363624573,0.279756635427475,1.6524399518966675,4.40270633587824,5.950838018560542,1,0,1,0.12,0.01,0.0,0.01,0.1,0.9,-1.2,0.0,0,0,1,1,0.675,0.32
595,4,0.6257721781730652,0.32081183791160583,0.0071837627328932285,5.495328160327664,5.8416142739832475,1,0,1,0.12,0.01,0.0,0.01,0.1,0.9,-1.2,0.0,0,0,1,1,0.675,0.32
595,5,0.42869049310684204,0.31880033016204834,0.08786731213331223,5.4791957004271925,5.479497565487724,1,0,1,0.12,0.01,0.0,0.01,0.1,0.9,-1.2,0.0,0,0,1,0,0.675,0.32
595,6,0.5328464508056641,0.22838462889194489,0.5649534463882446,5.68492637651389,5.700386121101923,1,0,1,0.12,0.01,0.0,0.01,0.1,0.9,-1.2,0.0,0,0,1,0,0.675,0.32
595,7,-0.01533645112067461,0.21788401901721954,0.14444023370742798,5.587870761067976,5.588722542612444,1,0,1,0.12,0.01,0.0,0.01,0.1,0.9,-1.2,0.0,0,0,1,0,0.675,0.32
596,0,0.7542699575424194,0.317413330078125,3.016029119491577,5.917569429071331,6.026319831220722,1,0,1,0.12,0.01,0.0,0.01,0.1,0.9,-1.2,0.0,0,0,1,1,0.675,0.32
596,1,-0.9289535880088806,-0.4083699882030487,1.5707963705062866,0.031653055539974044,0.031652806707969834,0,0,0,0.12,0.01,0.0,0.01,0.1,0.9,-1.2,0.0,0,0,1,0,0.675,0.32
596,2,0.6925757527351379,0.3549824655056,-1.4894983768463135,6.090087752156006,3.159806807227386,1,0,1,0.12,0.01,0.0,0.01,0.1,0.9,-1.2,0.0,0,0,1,1,0.675,0.32
596,3,0.6919078230857849,0.2824883460998535,1.6287609338760376,4.219314185447616,5.990957292251663,1,0,1,0.12,0.01,0.0,0.01,0.1,0.9,-1.2,0.0,0,0,1,1,0.675,0.32
596,4,0.6271732449531555,0.320980042219162,0.024209942668676376,5.554700388526261,5.769882784271895,1,0,1,0.12,0.01,0.0,0.01,0.1,0.9,-1.2,0.0,0,0,1,1,0.675,0.32
596,5,0.4396148920059204,0.31977713108062744,0.09002253413200378,5.495018050613747,5.457406714019431,1,0,1,0.12,0.01,0.0,0.01,0.1,0.9,-1.2,0.0,0,0,1,0,0.675,0.32
596,6,0.5424606800079346,0.2344822734594345,0.5655003190040588,5.685030890721547,5.700787531119121,1,0,1,0.12,0.01,0.0,0.01,0.1,0.9,-1.2,0.0,0,0,1,0,0.675,0.32
596,7,-0.004273311700671911,0.21949361264705658,0.14451482892036438,5.58700977854858,5.587131390045779,1,0,1,0.12,0.01,0.0,0.01,0.1,0.9,-1.2,0.0,0,0,1,0,0.675,0.32
597,0,0.7550235986709595,0.3187088966369629,3.004122018814087,5.8116100089104155,6.092808638378861,1,0,1,0.12,0.01,0.0,0.01,0.1,0.9,-1.2,0.0,0,0,1,1,0.675,0.32
597,1,-0.9289535880088806,-0.4083055853843689,1.5707955360412598,0.031210045693069625,0.031214546980708906,0,0,0,0.12,0.01,0.0,0.01,0.1,0.9,-1.2,0.0,0,0,1,0,0.675,0.32
597,2,0.694175124168396,0.3564433157444,-1.4239205121994019,6.079910303697483,2.60779455746661,1,0,1,0.12,0.01,0.0,0.01,0.1,0.9,-1.2,0.0,0,0,1,1,0.675,0.32
597,3,0.6926669478416443,0.282483845949173,1.465852975845337,3.1788960285981243,6.094341795841878,1,0,1,0.12,0.01,0.0,0.01,0.1,0.9,-1.2,0.0,0,0,1,1,0.675,0.32
597,4,0.632138729095459,0.32158729434013367,0.07496877014636993,5.801455831933655,5.611546837877593,1,0,1,0.12,0.01,0.0,0.01,0.1,0.9,-1.2,0.0,0,0,1,1,0.675,0.32
597,5,0.45053038001060486,0.3207663297653198,0.09036007523536682,5.507145439768423,5.440131629323374,1,0,1,0.12,0.01,0.0,0.01,0.1,0.9,-1.2,0.0,0,0,1,0,0.675,0.32
597,6,0.5520718693733215,0.24058547616004944,0.5660580992698669,5.683764442535625,5.702568456796421,1,0,1,0.12,0.01,0.0,0.01,0.1,0.9,-1.2,0.0,0,0,1,1,0.675,0.32
597,7,0.006787249352782965,0.2211034595966339,0.1445600986480713,5.586126295223078,5.5856147731401125,1,0,1,0.12,0.01,0.0,0.01,0.1,0.9,-1.2,0.0,0,0,1,0,0.675,0.32
598,0,0.7567794322967529,0.31975510716438293,3.006056308746338,5.767510899023328,6.118468395753589,1,0,1,0.12,0.01,0.0,0.01,0.1,0.9,-1.2,0.0,0,0,1,1,0.675,0.32
598,1,-0.9289535880088806,-0.4082421064376831,1.570796012878418,0.030782737470005966,0.030784524345065147,0,0,0,0.12,0.01,0.0,0.01,0.1,0.9,-1.2,0.0,0,0,1,0,0.675,0.32
598,2,0.6946299076080322,0.35754871368408203,-1.3977258205413818,6.070953743389916,2.447371823855568,1,0,1,0.12,0.01,0.0,0.01,0.1,0.9,-1.2,0.0,0,0,1,1,0.675,0.32
598,3,0.6933155059814453,0.284528911113739,1.5000357627868652,3.1616637636874505,6.093155629470508,1,0,1,0.12,0.01,0.0,0.01,0.1,0.9,-1.2,0.0,0,0,1,1,0.675,0.32
598,4,0.6319420337677002,0.32221609354019165,0.08502928912639618,5.779141116486813,5.434176396979068,1,0,1,0.12,0.01,0.0,0.01,0.1,0.9,-1.2,0.0,0,0,1,1,0.675,0.32
598,5,0.46143975853919983,0.3217504620552063,0.0892450138926506,5.516712277159604,5.426364094987003,1,0,1,0.12,0.01,0.0,0.01,0.1,0.9,-1.2,0.0,0,0,1,0,0.675,0.32
598,6,0.5616800785064697,0.24669432640075684,0.5666233897209167,5.683319511275057,5.7035303391411265,1,0,1,0.12,0.01,0.0,0.01,0.1,0.9,-1.2,0.0,0,0,1,1,0.675,0.32
598,7,0.017845334485173225,0.22271326184272766,0.14456909894943237,5.585189475138,5.584199117105194,1,0,1,0.12,0.01,0.0,0.01,0.1,0.9,-1.2,0.0,0,0,1,0,0.675,0.32
599,0,0.7571461200714111,0.3205544650554657,3.001066207885742,5.709191407850509,6.150076899835345,1,0,1,0.12,0.01,0.0,0.01,0.1,0.9,-1.2,0.0,0,0,1,1,0.675,0.32
599,1,-0.9289535880088806,-0.40817952156066895,1.5707969665527344,0.030368243360913566,0.030364601856075944,0,0,0,0.12,0.01,0.0,0.01,0.1,0.9,-1.2,0.0,0,0,1,0,0.675,0.32
599,2,0.6956214308738708,0.35781344771385193,-1.3978363275527954,6.062632948064645,2.3267782629491496,1,0,1,0.12,0.01,0.0,0.01,0.1,0.9,-1.2,0.0,0,0,1,1,0.675,0.32
599,3,0.6934140920639038,0.28419747948646545,1.5544946193695068,3.504802931922909,6.07863236508942,1,0,1,0.12,0.01,0.0,0.01,0.1,0.9,-1.2,0.0,0,0,1,1,0.675,0.32
599,4,0.6311923861503601,0.3223908543586731,0.0733330100774765,5.6892507005221855,5.387593455266237,1,0,1,0.12,0.01,0.0,0.01,0.1,0.9,-1.2,0.0,0,0,1,1,0.675,0.32
599,5,0.47234541177749634,0.32271602749824524,0.08703513443470001,5.524455754685744,5.415070087980882,1,0,1,0.12,0.01,0.0,0.01,0.1,0.9,-1.2,0.0,0,0,1,0,0.675,0.32
599,6,0.5712850689888,0.25280916690826416,0.5672748684883118,5.725490382737261,5.274164863997358,1,0,1,0.12,0.01,0.0,0.01,0.1,0.9,-1.2,0.0,0,0,1,1,0.675,0.32
599,7,0.028901036828756332,0.22432269155979156,0.14454874396324158,5.584210717182195,5.582874274749718,1,0,1,0.12,0.01,0.0,0.01,0.1,0.9,-1.2,0.0,0,0,1,0,0.675,0.32
600,0,0.758613646030426,0.3209070563316345,2.998898506164551,5.683405581372699,6.163657125574628,1,0,1,0.12,0.01,0.0,0.01,0.1,0.9,-1.2,0.0,0,0,1,1,0.675,0.32
600,1,-0.9289535880088806,-0.40811777114868164,1.5707966089248657,0.029960796353188976,0.029959190520676148,0,0,0,0.12,0.01,0.0,0.01,0.1,0.9,-1.2,0.0,0,0,1,0,0.675,0.32
600,2,0.6972221732139587,0.35874292254447937,-1.394871711730957,6.048587843607781,2.155188277531745,1,0,1,0.12,0.01,0.0,0.01,0.1,0.9,-1.2,0.0,0,0,1,1,0.675,0.32
600,3,0.6939882636070251,0.2847345769405365,1.5490697622299194,3.3562578420606823,6.08582021189058,1,0,1,0.12,0.01,0.0,0.01,0.1,0.9,-1.2,0.0,0,0,1,1,0.675,0.32
600,4,0.6326221227645874,0.32313773036003113,0.061568062752485275,5.678640670236544,5.322850757185026,1,0,1,0.12,0.01,0.0,0.01,0.1,0.9,-1.2,0.0,0,0,1,1,0.675,0.32
600,5,0.4832491874694824,0.32365256547927856,0.08399758487939835,5.531403802732567,5.4049441586932145,1,0,1,0.12,0.01,0.0,0.01,0.1,0.9,-1.2,0.0,0,0,1,1,0.675,0.32
600,6,0.58088618516922,0.25893083214759827,0.5679894685745239,5.723032048518824,5.276621112053228,1,0,1,0.12,0.01,0.0,0.01,0.1,0.9,-1.2,0.0,0,0,1,1,0.675,0.32
600,7,0.03995444253087044,0.22593149542808533,0.14451323449611664,5.583221341810473,5.581606601037731,1,0,1,0.12,0.01,0.0,0.01,0.1,0.9,-1.2,0.0,0,0,1,0,0.675,0.32
