step,agent_id,pos_x,pos_y,angle,left_speed,right_speed,role,is_anchored,knows_target,w_target,w_center,w_rand,k_diff,lambda_anchor,lambda_release,base_x,base_y,chain_connected,rescued_count,is_alive,is_colliding,target_0_x,target_0_y
1,0,-0.37155500054359436,-0.03662707284092903,1.0274035930633545,0.4163261044996383,-6.28,0,0,0,0.02,0.08,0.03,0.15,0.9,0.1,-1.2,0.0,0,0,1,1,0.825,0.2
1,1,-0.3754449486732483,0.1975618600845337,2.029611825942993,6.28,6.28,0,0,0,0.02,0.08,0.03,0.15,0.9,0.1,-1.2,0.0,0,0,1,1,0.825,0.2
1,2,-0.37360671162605286,0.0817706435918808,0.8189542293548584,0.41579375030763793,-6.28,0,0,0,0.02,0.08,0.03,0.15,0.9,0.1,-1.2,0.0,0,0,1,1,0.825,0.2
1,3,-0.22897133231163025,0.32333195209503174,2.4210824966430664,3.657457428642957,-6.206080323486948,0,0,0,0.02,0.08,0.03,0.15,0.9,0.1,-1.2,0.0,0,0,1,0,0.825,0.2
1,4,-0.6700230836868286,0.32108205556869507,0.08405628800392151,-6.28,0.4053049802246647,0,0,0,0.02,0.08,0.03,0.15,0.9,0.1,-1.2,0.0,0,0,1,0,0.825,0.2
1,5,-0.22280627489089966,0.07779514044523239,-1.1969168186187744,6.28,6.28,0,0,0,0.02,0.08,0.03,0.15,0.9,0.1,-1.2,0.0,0,0,1,0,0.825,0.2
1,6,-0.523459255695343,0.436880499124527,-1.4287946224212646,6.28,6.28,0,0,0,0.02,0.08,0.03,0.15,0.9,0.1,-1.2,0.0,0,0,1,0,0.825,0.2
1,7,-0.680458128452301,-0.04409310966730118,-2.468410015106201,6.28,6.28,0,0,0,0.02,0.08,0.03,0.15,0.9,0.1,-1.2,0.0,0,0,1,0,0.825,0.2
2,0,-0.37026867270469666,-0.03406284749507904,1.1862261295318604,0.4194624727975202,-6.28,0,0,0,0.02,0.08,0.03,0.15,0.9,0.1,-1.2,0.0,0,0,1,1,0.825,0.2
2,1,-0.37518101930618286,0.19763217866420746,2.3797738552093506,6.28,6.28,0,0,0,0.02,0.08,0.03,0.15,0.9,0.1,-1.2,0.0,0,0,1,1,0.825,0.2
2,2,-0.37251320481300354,0.08311131596565247,0.9590402245521545,0.453088751336126,-6.28,0,0,0,0.02,0.08,0.03,0.15,0.9,0.1,-1.2,0.0,0,0,1,1,0.825,0.2
2,3,-0.23142306506633759,0.32557377219200134,2.378824472427368,5.981558074899595,-1.3057847192991974,0,0,0,0.02,0.08,0.03,0.15,0.9,0.1,-1.2,0.0,0,0,1,0,0.825,0.2
2,4,-0.6665316224098206,0.3210333585739136,-0.11641670018434525,-6.28,0.5133798127742055,0,0,0,0.02,0.08,0.03,0.15,0.9,0.1,-1.2,0.0,0,0,1,0,0.825,0.2
2,5,-0.22231632471084595,0.07601279765367508,-1.4155340194702148,6.28,6.28,0,0,0,0.02,0.08,0.03,0.15,0.9,0.1,-1.2,0.0,0,0,1,0,0.825,0.2
2,6,-0.5233672857284546,0.4352560043334961,-1.5960179567337036,6.28,3.4174048816273923,0,0,0,0.02,0.08,0.03,0.15,0.9,0.1,-1.2,0.0,0,0,1,0,0.825,0.2
2,7,-0.6841546297073364,-0.04670358821749687,-2.588341474533081,6.28,6.28,0,0,0,0.02,0.08,0.03,0.15,0.9,0.1,-1.2,0.0,0,0,1,0,0.825,0.2
3,0,-0.37206771969795227,-0.03782285749912262,1.0271520614624023,0.3977358026262305,-6.28,0,0,0,0.02,0.08,0.03,0.15,0.9,0.1,-1.2,0.0,0,0,1,1,0.825,0.2
3,1,-0.3832908272743225,0.20496876537799835,2.407424211502075,6.28,6.28,0,0,0,0.02,0.08,0.03,0.15,0.9,0.1,-1.2,0.0,0,0,1,0,0.825,0.2
3,2,-0.3752382695674896,0.07967562973499298,0.7967928051948547,0.4384388741036103,-6.28,0,0,0,0.02,0.08,0.03,0.15,0.9,0.1,-1.2,0.0,0,0,1,1,0.825,0.2
3,3,-0.2305871844291687,0.32444676756858826,2.0910630226135254,6.28,6.28,0,0,0,0.02,0.08,0.03,0.15,0.9,0.1,-1.2,0.0,0,0,1,0,0.825,0.2
3,4,-0.6705651879310608,0.32127755880355835,0.03341932222247124,-6.28,0.3841749936625158,0,0,0,0.02,0.08,0.03,0.15,0.9,0.1,-1.2,0.0,0,0,1,0,0.825,0.2
3,5,-0.22114907205104828,0.06564125418663025,-1.4580427408218384,6.28,6.28,0,0,0,0.02,0.08,0.03,0.15,0.9,0.1,-1.2,0.0,0,0,1,0,0.825,0.2
3,6,-0.5239772796630859,0.42488759756088257,-1.6289817094802856,0.25595835286164187,-6.28,0,0,0,0.02,0.08,0.03,0.15,0.9,0.1,-1.2,0.0,0,0,1,0,0.825,0.2
3,7,-0.6936159729957581,-0.05222253501415253,-2.612301826477051,6.28,6.28,0,0,0,0.02,0.08,0.03,0.15,0.9,0.1,-1.2,0.0,0,0,1,0,0.825,0.2
4,0,-0.37569460272789,-0.04247768223285675,0.7891589999198914,0.32880416365155263,-6.28,0,0,0,0.02,0.08,0.03,0.15,0.9,0.1,-1.2,0.0,0,0,1,1,0.825,0.2
4,1,-0.3925662338733673,0.2134009748697281,2.404287815093994,6.28,6.28,0,0,0,0.02,0.08,0.03,0.15,0.9,0.1,-1.2,0.0,0,0,1,0,0.825,0.2
4,2,-0.37980917096138,0.07598042488098145,0.5582695007324219,0.519379324296882,-6.28,0,0,0,0.02,0.08,0.03,0.15,0.9,0.1,-1.2,0.0,0,0,1,1,0.825,0.2
4,3,-0.23164287209510803,0.327394962310791,1.8071386814117432,6.28,6.28,0,0,0,0.02,0.08,0.03,0.15,0.9,0.1,-1.2,0.0,0,0,1,0,0.825,0.2
4,4,-0.6763170957565308,0.3204145133495331,0.27443554997444153,-6.28,0.4145699910471319,0,0,0,0.02,0.08,0.03,0.15,0.9,0.1,-1.2,0.0,0,0,1,0,0.825,0.2
4,5,-0.21971896290779114,0.053185202181339264,-1.457162857055664,6.28,6.28,0,0,0,0.02,0.08,0.03,0.15,0.9,0.1,-1.2,0.0,0,0,1,0,0.825,0.2
4,6,-0.5248427391052246,0.41453060507774353,-1.7140817642211914,0.34779530387431046,-6.28,0,0,0,0.02,0.08,0.03,0.15,0.9,0.1,-1.2,0.0,0,0,1,0,0.825,0.2
4,7,-0.7044501900672913,-0.05856143310666084,-2.6117055416107178,6.28,6.28,0,0,0,0.02,0.08,0.03,0.15,0.9,0.1,-1.2,0.0,0,0,1,0,0.825,0.2
5,0,-0.3802092671394348,-0.0460907518863678,0.5492429733276367,0.4115595870794131,-6.28,0,0,0,0.02,0.08,0.03,0.15,0.9,0.1,-1.2,0.0,0,0,1,1,0.825,0.2
5,1,-0.4018273949623108,0.2218228578567505,2.4032983779907227,6.28,6.28,0,0,0,0.02,0.08,0.03,0.15,0.9,0.1,-1.2,0.0,0,0,1,0,0.825,0.2
5,2,-0.385112464427948,0.07345572113990784,0.3214530944824219,0.8589405562419057,-6.28,0,0,0,0.02,0.08,0.03,0.15,0.9,0.1,-1.2,0.0,0,0,1,1,0.825,0.2
5,3,-0.2337290495634079,0.33782947063446045,1.7721920013427734,6.28,6.28,0,0,0,0.02,0.08,0.03,0.15,0.9,0.1,-1.2,0.0,0,0,1,0,0.825,0.2
5,4,-0.6811424493789673,0.3184680640697479,0.4871685802936554,-6.28,0.41789742778839817,0,0,0,0.02,0.08,0.03,0.15,0.9,0.1,-1.2,0.0,0,0,1,0,0.825,0.2
5,5,-0.2182806432247162,0.04072370007634163,-1.456859827041626,6.28,6.28,0,0,0,0.02,0.08,0.03,0.15,0.9,0.1,-1.2,0.0,0,0,1,0,0.825,0.2
5,6,-0.523820161819458,0.4164467751979828,-1.906338095664978,0.34967932684238573,-6.28,0,0,0,0.02,0.08,0.03,0.15,0.9,0.1,-1.2,0.0,0,0,1,0,0.825,0.2
5,7,-0.7152817845344543,-0.06491247564554214,-2.611361265182495,6.28,6.28,0,0,0,0.02,0.08,0.03,0.15,0.9,0.1,-1.2,0.0,0,0,1,0,0.825,0.2
6,0,-0.3832378089427948,-0.04782240092754364,0.387572318315506,0.3644583960182461,-6.28,0,0,0,0.02,0.08,0.03,0.15,0.9,0.1,-1.2,0.0,0,0,1,0,0.825,0.2
6,1,-0.41110318899154663,0.2302592545747757,2.4030370712280273,6.28,6.28,0,0,0,0.02,0.08,0.03,0.15,0.9,0.1,-1.2,0.0,0,0,1,0,0.825,0.2
6,2,-0.3882647156715393,0.07263161242008209,0.16133329272270203,1.9954815827159516,-6.28,0,0,0,0.02,0.08,0.03,0.15,0.9,0.1,-1.2,0.0,0,0,1,0,0.825,0.2
6,3,-0.2362399697303772,0.3500935137271881,1.7740036249160767,6.28,6.28,0,0,0,0.02,0.08,0.03,0.15,0.9,0.1,-1.2,0.0,0,0,1,0,0.825,0.2
6,4,-0.6844180226325989,0.31625592708587646,0.6622889041900635,-6.28,0.3908245573253692,0,0,0,0.02,0.08,0.03,0.15,0.9,0.1,-1.2,0.0,0,0,1,0,0.825,0.2
6,5,-0.2168462574481964,0.02825104258954525,-1.4567956924438477,6.28,6.28,0,0,0,0.02,0.08,0.03,0.15,0.9,0.1,-1.2,0.0,0,0,1,0,0.825,0.2
6,6,-0.5214190483093262,0.421410471200943,-2.1576130390167236,0.21734710543628924,-6.28,0,0,0,0.02,0.08,0.03,0.15,0.9,0.1,-1.2,0.0,0,0,1,0,0.825,0.2
6,7,-0.7261154651641846,-0.07126551121473312,-2.611271858215332,6.28,6.28,0,0,0,0.02,0.08,0.03,0.15,0.9,0.1,-1.2,0.0,0,0,1,0,0.825,0.2
7,0,-0.3879913091659546,-0.04928099736571312,0.18020032346248627,0.7904414540915526,-6.28,0,0,0,0.02,0.08,0.03,0.15,0.9,0.1,-1.2,0.0,0,0,1,0,0.825,0.2
7,1,-0.42038750648498535,0.23870784044265747,2.402982234954834,6.28,6.28,0,0,0,0.02,0.08,0.03,0.15,0.9,0.1,-1.2,0.0,0,0,1,0,0.825,0.2
7,2,-0.39314091205596924,0.07235640287399292,-0.06538084894418716,5.078232443505276,-3.1008331434890524,0,0,0,0.02,0.08,0.03,0.15,0.9,0.1,-1.2,0.0,0,0,1,0,0.825,0.2
7,3,-0.2387632578611374,0.36236628890037537,1.7745431661605835,6.28,6.28,0,0,0,0.02,0.08,0.03,0.15,0.9,0.1,-1.2,0.0,0,0,1,0,0.825,0.2
7,4,-0.6879312992095947,0.3127802610397339,0.8974459171295166,-6.28,0.4094903330912121,0,0,0,0.02,0.08,0.03,0.15,0.9,0.1,-1.2,0.0,0,0,1,0,0.825,0.2
7,5,-0.21541832387447357,0.015773218125104904,-1.456784725189209,6.28,6.28,0,0,0,0.02,0.08,0.03,0.15,0.9,0.1,-1.2,0.0,0,0,1,0,0.825,0.2
7,6,-0.5178013443946838,0.4255693852901459,-2.420802116394043,0.35772297133448633,-6.28,0,0,0,0.02,0.08,0.03,0.15,0.9,0.1,-1.2,0.0,0,0,1,0,0.825,0.2
7,7,-0.7369503974914551,-0.07761850953102112,-2.6112730503082275,6.28,6.28,0,0,0,0.02,0.08,0.03,0.15,0.9,0.1,-1.2,0.0,0,0,1,0,0.825,0.2
8,0,-0.3926633298397064,-0.049687884747982025,-0.010301066562533379,4.07341496134594,-5.323412875431896,0,0,0,0.02,0.08,0.03,0.15,0.9,0.1,-1.2,0.0,0,0,1,0,0.825,0.2
8,1,-0.42967432737350464,0.24716216325759888,2.402977466583252,6.28,6.28,0,0,0,0.02,0.08,0.03,0.15,0.9,0.1,-1.2,0.0,0,0,1,0,0.825,0.2
8,2,-0.39607781171798706,0.07290802150964737,-0.29967525601387024,6.28,3.947255929584463,0,0,0,0.02,0.08,0.03,0.15,0.9,0.1,-1.2,0.0,0,0,1,0,0.825,0.2
8,3,-0.24129949510097504,0.3746563494205475,1.774648666381836,6.28,6.28,0,0,0,0.02,0.08,0.03,0.15,0.9,0.1,-1.2,0.0,0,0,1,0,0.825,0.2
8,4,-0.6907193064689636,0.3084352910518646,1.1089271306991577,-6.28,0.7439465015371696,0,0,0,0.02,0.08,0.03,0.15,0.9,0.1,-1.2,0.0,0,0,1,0,0.825,0.2
8,5,-0.21398943662643433,0.0032941356766968966,-1.4567766189575195,6.28,6.28,0,0,0,0.02,0.08,0.03,0.15,0.9,0.1,-1.2,0.0,0,0,1,0,0.825,0.2
8,6,-0.5152966380119324,0.4273872971534729,-2.571795701980591,1.7825650248832834,-6.28,0,0,0,0.02,0.08,0.03,0.15,0.9,0.1,-1.2,0.0,0,0,1,0,0.825,0.2
8,7,-0.7477853298187256,-0.08397147804498672,-2.61128306388855,6.28,6.28,0,0,0,0.02,0.08,0.03,0.15,0.9,0.1,-1.2,0.0,0,0,1,0,0.825,0.2
9,0,-0.39713168144226074,-0.049213480204343796,-0.2170274704694748,6.28,5.016048271526471,0,0,0,0.02,0.08,0.03,0.15,0.9,0.1,-1.2,0.0,0,0,1,0,0.825,0.2
9,1,-0.4389615058898926,0.25561827421188354,2.4029812812805176,6.28,6.28,0,0,0,0.02,0.08,0.03,0.15,0.9,0.1,-1.2,0.0,0,0,1,0,0.825,0.2
9,2,-0.3949764668941498,0.07248005270957947,-0.5737476944923401,6.28,6.28,0,0,0,0.02,0.08,0.03,0.15,0.9,0.1,-1.2,0.0,0,0,1,0,0.825,0.2
9,3,-0.24384097754955292,0.38695454597473145,1.7746628522872925,6.28,6.28,0,0,0,0.02,0.08,0.03,0.15,0.9,0.1,-1.2,0.0,0,0,1,0,0.825,0.2
9,4,-0.6924096941947937,0.30403491854667664,1.302321195602417,-6.28,3.601822009674256,0,0,0,0.02,0.08,0.03,0.15,0.9,0.1,-1.2,0.0,0,0,1,0,0.825,0.2
9,5,-0.21256034076213837,-0.009185808710753918,-1.456800103187561,6.28,6.28,0,0,0,0.02,0.08,0.03,0.15,0.9,0.1,-1.2,0.0,0,0,1,0,0.825,0.2
9,6,-0.5109538435935974,0.42988255620002747,-2.804767608642578,6.28,3.700802507991646,0,0,0,0.02,0.08,0.03,0.15,0.9,0.1,-1.2,0.0,0,0,1,0,0.825,0.2
9,7,-0.7586205005645752,-0.09032424539327621,-2.611297845840454,6.28,6.28,0,0,0,0.02,0.08,0.03,0.15,0.9,0.1,-1.2,0.0,0,0,1,0,0.825,0.2
10,0,-0.3992537558078766,-0.048489369451999664,-0.5391162633895874,6.28,6.28,0,0,0,0.02,0.08,0.03,0.15,0.9,0.1,-1.2,0.0,0,0,1,1,0.825,0.2
10,1,-0.4482485353946686,0.2640744745731354,2.4029805660247803,6.28,6.28,0,0,0,0.02,0.08,0.03,0.15,0.9,0.1,-1.2,0.0,0,0,1,0,0.825,0.2
10,2,-0.3888281583786011,0.06778335571289062,-0.6831543445587158,6.28,6.28,0,0,0,0.02,0.08,0.03,0.15,0.9,0.1,-1.2,0.0,0,0,1,1,0.825,0.2
10,3,-0.24638308584690094,0.3992549479007721,1.774671196937561,6.28,6.28,0,0,0,0.02,0.08,0.03,0.15,0.9,0.1,-1.2,0.0,0,0,1,0,0.825,0.2
10,4,-0.6932774186134338,0.2985047996044159,1.5460861921310425,5.837207999632627,6.28,0,0,0,0.02,0.08,0.03,0.15,0.9,0.1,-1.2,0.0,0,0,1,0,0.825,0.2
10,5,-0.21113178133964539,-0.021666482090950012,-1.4568586349487305,6.28,6.28,0,0,0,0.02,0.08,0.03,0.15,0.9,0.1,-1.2,0.0,0,0,1,0,0.825,0.2
10,6,-0.5087786316871643,0.4306770861148834,-3.0197739601135254,6.28,6.258199351882696,0,0,0,0.02,0.08,0.03,0.15,0.9,0.1,-1.2,0.0,0,0,1,0,0.825,0.2
10,7,-0.769456148147583,-0.09667700529098511,-2.6113247871398926,6.28,6.28,0,0,0,0.02,0.08,0.03,0.15,0.9,0.1,-1.2,0.0,0,0,1,0,0.825,0.2
11,0,-0.39192619919776917,-0.05359543859958649,-0.64079749584198,6.28,6.28,0,0,0,0.02,0.08,0.03,0.15,0.9,0.1,-1.2,0.0,0,0,1,1,0.825,0.2
11,1,-0.4575354754924774,0.2725307047367096,2.4029793739318848,6.28,6.128988313011598,0,0,0,0.02,0.08,0.03,0.15,0.9,0.1,-1.2,0.0,0,0,1,0,0.825,0.2
11,2,-0.37961068749427795,0.060033053159713745,-0.7004663348197937,6.28,6.28,0,0,0,0.02,0.08,0.03,0.15,0.9,0.1,-1.2,0.0,0,0,1,1,0.825,0.2
11,3,-0.24892613291740417,0.4115554988384247,1.774682879447937,6.28,6.28,0,0,0,0.02,0.08,0.03,0.15,0.9,0.1,-1.2,0.0,0,0,1,0,0.825,0.2
11,4,-0.6932546496391296,0.298864483833313,1.7463879585266113,6.28,6.28,0,0,0,0.02,0.08,0.03,0.15,0.9,0.1,-1.2,0.0,0,0,1,0,0.825,0.2
11,5,-0.20970416069030762,-0.034147076308727264,-1.4569329023361206,6.28,6.28,0,0,0,0.02,0.08,0.03,0.15,0.9,0.1,-1.2,0.0,0,0,1,0,0.825,0.2
11,6,-0.5167652368545532,0.43017569184303284,-3.126763343811035,6.28,6.28,0,0,0,0.02,0.08,0.03,0.15,0.9,0.1,-1.2,0.0,0,0,1,0,0.825,0.2
11,7,-0.7802919149398804,-0.1030295118689537,-2.6113524436950684,6.28,6.28,0,0,0,0.02,0.08,0.03,0.15,0.9,0.1,-1.2,0.0,0,0,1,0,0.825,0.2
12,0,-0.38213664293289185,-0.06101050600409508,-0.6491482853889465,6.28,6.28,0,0,0,0.02,0.08,0.03,0.15,0.9,0.1,-1.2,0.0,0,0,1,1,0.825,0.2
12,1,-0.4668223559856415,0.2809869050979614,2.4029786586761475,6.28,4.915501345317597,0,0,0,0.02,0.08,0.03,0.15,0.9,0.1,-1.2,0.0,0,0,1,0,0.825,0.2
12,2,-0.37002307176589966,0.05197417736053467,-0.6998708844184875,6.28,6.28,0,0,0,0.02,0.08,0.03,0.15,0.9,0.1,-1.2,0.0,0,0,1,1,0.825,0.2
12,3,-0.25146931409835815,0.4238557517528534,1.774688959121704,6.28,5.642150478918807,0,0,0,0.02,0.08,0.03,0.15,0.9,0.1,-1.2,0.0,0,0,1,0,0.825,0.2
12,4,-0.6953698992729187,0.3089161813259125,1.790516972541809,6.28,6.28,0,0,0,0.02,0.08,0.03,0.15,0.9,0.1,-1.2,0.0,0,0,1,0,0.825,0.2
12,5,-0.20827755331993103,-0.04662669450044632,-1.4569981098175049,6.28,6.28,0,0,0,0.02,0.08,0.03,0.15,0.9,0.1,-1.2,0.0,0,0,1,0,0.825,0.2
12,6,-0.5288631916046143,0.43021509051322937,3.1367990970611572,6.28,6.28,0,0,0,0.02,0.08,0.03,0.15,0.9,0.1,-1.2,0.0,0,0,1,0,0.825,0.2
12,7,-0.7911276817321777,-0.10938166081905365,-2.6113672256469727,6.28,6.28,0,0,0,0.02,0.08,0.03,0.15,0.9,0.1,-1.2,0.0,0,0,1,0,0.825,0.2
13,0,-0.37214595079421997,-0.06857850402593613,-0.6488537788391113,6.28,6.28,0,0,0,0.02,0.08,0.03,0.15,0.9,0.1,-1.2,0.0,0,0,1,1,0.825,0.2
13,1,-0.4760083854198456,0.289374440908432,2.3986926078796387,6.28,2.596977065818917,0,0,0,0.02,0.08,0.03,0.15,0.9,0.1,-1.2,0.0,0,0,1,0,0.825,0.2
13,2,-0.3604220151901245,0.043904706835746765,-0.6997697353363037,6.28,6.2029692242965355,0,0,0,0.02,0.08,0.03,0.15,0.9,0.1,-1.2,0.0,0,0,1,1,0.825,0.2
13,3,-0.25401249527931213,0.43615564703941345,1.7746837139129639,-0.23186907642245014,-6.28,0,0,0,0.02,0.08,0.03,0.15,0.9,0.1,-1.2,0.0,0,0,1,0,0.825,0.2
13,4,-0.6981027126312256,0.32108527421951294,1.79292893409729,6.28,6.28,0,0,0,0.02,0.08,0.03,0.15,0.9,0.1,-1.2,0.0,0,0,1,0,0.825,0.2
13,5,-0.20685157179832458,-0.05910488963127136,-1.4570142030715942,6.28,6.28,0,0,0,0.02,0.08,0.03,0.15,0.9,0.1,-1.2,0.0,0,0,1,0,0.825,0.2
13,6,-0.5414112210273743,0.4302695393562317,3.13733172416687,6.28,6.28,0,0,0,0.02,0.08,0.03,0.15,0.9,0.1,-1.2,0.0,0,0,1,0,0.825,0.2
13,7,-0.8019630312919617,-0.11573358625173569,-2.611360549926758,6.28,6.28,0,0,0,0.02,0.08,0.03,0.15,0.9,0.1,-1.2,0.0,0,0,1,0,0.825,0.2
14,0,-0.36214661598205566,-0.07615076005458832,-0.6489468812942505,6.28,6.28,0,0,0,0.02,0.08,0.03,0.15,0.9,0.1,-1.2,0.0,0,0,1,1,0.825,0.2
14,1,-0.48433125019073486,0.2972233295440674,2.3590149879455566,4.214425172043709,-3.2644756673990205,0,0,0,0.02,0.08,0.03,0.15,0.9,0.1,-1.2,0.0,0,0,1,0,0.825,0.2
14,2,-0.3508152663707733,0.03582192584872246,-0.6997718214988708,4.902787625296334,4.824399069898893,0,0,0,0.02,0.08,0.03,0.15,0.9,0.1,-1.2,0.0,0,0,1,1,0.825,0.2
14,3,-0.25638481974601746,0.4479696750640869,1.7566196918487549,-6.28,0.1642320116575613,0,0,0,0.02,0.08,0.03,0.15,0.9,0.1,-1.2,0.0,0,0,1,0,0.825,0.2
14,4,-0.7008597254753113,0.33332720398902893,1.7926139831542969,6.28,6.28,0,0,0,0.02,0.08,0.03,0.15,0.9,0.1,-1.2,0.0,0,0,1,0,0.825,0.2
14,5,-0.20542572438716888,-0.0715831071138382,-1.4570189714431763,6.28,6.28,0,0,0,0.02,0.08,0.03,0.15,0.9,0.1,-1.2,0.0,0,0,1,0,0.825,0.2
14,6,-0.5539630651473999,0.430315226316452,3.1375975608825684,6.28,6.28,0,0,0,0.02,0.08,0.03,0.15,0.9,0.1,-1.2,0.0,0,0,1,0,0.825,0.2
14,7,-0.8127985596656799,-0.12208571285009384,-2.6113600730895996,6.28,6.28,0,0,0,0.02,0.08,0.03,0.15,0.9,0.1,-1.2,0.0,0,0,1,0,0.825,0.2
15,0,-0.352141797542572,-0.08373710513114929,-0.64903324842453,6.28,5.583880741173594,0,0,0,0.02,0.08,0.03,0.15,0.9,0.1,-1.2,0.0,0,0,1,1,0.825,0.2
15,1,-0.49068766832351685,0.30408814549446106,2.2452945709228516,5.760257665985918,-6.28,0,0,0,0.02,0.08,0.03,0.15,0.9,0.1,-1.2,0.0,0,0,1,0,0.825,0.2
15,2,-0.341259628534317,0.027764227241277695,-0.7019663453102112,-1.2906973141633877,4.137628083678189,0,0,0,0.02,0.08,0.03,0.15,0.9,0.1,-1.2,0.0,0,0,1,1,0.825,0.2
15,3,-0.2562437951564789,0.44551071524620056,1.5892934799194336,-0.4248697627318318,-6.28,0,0,0,0.02,0.08,0.03,0.15,0.9,0.1,-1.2,0.0,0,0,1,0,0.825,0.2
15,4,-0.7036162614822388,0.34557321667671204,1.7925519943237305,6.28,6.28,0,0,0,0.02,0.08,0.03,0.15,0.9,0.1,-1.2,0.0,0,0,1,0,0.825,0.2
15,5,-0.20399995148181915,-0.08406174182891846,-1.4570263624191284,6.28,6.28,0,0,0,0.02,0.08,0.03,0.15,0.9,0.1,-1.2,0.0,0,0,1,0,0.825,0.2
15,6,-0.5665206909179688,0.43036600947380066,3.137619733810425,6.28,6.28,0,0,0,0.02,0.08,0.03,0.15,0.9,0.1,-1.2,0.0,0,0,1,0,0.825,0.2
15,7,-0.823634684085846,-0.12843798100948334,-2.6113839149475098,6.28,6.28,0,0,0,0.02,0.08,0.03,0.15,0.9,0.1,-1.2,0.0,0,0,1,0,0.825,0.2
16,0,-0.3421342670917511,-0.09132906794548035,-0.6490292549133301,6.28,4.806589710799616,0,0,0,0.02,0.08,0.03,0.15,0.9,0.1,-1.2,0.0,0,0,1,1,0.825,0.2
16,1,-0.4921884536743164,0.3061887323856354,2.0078928470611572,4.028777012549284,-6.28,0,0,0,0.02,0.08,0.03,0.15,0.9,0.1,-1.2,0.0,0,0,1,0,0.825,0.2
16,2,-0.33341914415359497,0.021116770803928375,-0.7047422528266907,-6.28,4.111776807980251,0,0,0,0.02,0.08,0.03,0.15,0.9,0.1,-1.2,0.0,0,0,1,1,0.825,0.2
16,3,-0.256036639213562,0.43932604789733887,1.7298229932785034,-0.11640672318533885,-6.28,0,0,0,0.02,0.08,0.03,0.15,0.9,0.1,-1.2,0.0,0,0,1,0,0.825,0.2
16,4,-0.7063770294189453,0.3578225076198578,1.7925176620483398,6.28,6.28,0,0,0,0.02,0.08,0.03,0.15,0.9,0.1,-1.2,0.0,0,0,1,0,0.825,0.2
16,5,-0.20257419347763062,-0.0965406522154808,-1.4570286273956299,6.28,6.28,0,0,0,0.02,0.08,0.03,0.15,0.9,0.1,-1.2,0.0,0,0,1,0,0.825,0.2
16,6,-0.5790815353393555,0.4304165244102478,3.1375677585601807,6.28,6.28,0,0,0,0.02,0.08,0.03,0.15,0.9,0.1,-1.2,0.0,0,0,1,0,0.825,0.2
16,7,-0.8344711661338806,-0.13479003310203552,-2.6114165782928467,6.28,6.28,0,0,0,0.02,0.08,0.03,0.15,0.9,0.1,-1.2,0.0,0,0,1,0,0.825,0.2
17,0,-0.33261534571647644,-0.09864512085914612,-0.6686829328536987,6.28,4.294458995454178,0,0,0,0.02,0.08,0.03,0.15,0.9,0.1,-1.2,0.0,0,0,1,1,0.825,0.2
17,1,-0.4920448958873749,0.30558261275291443,1.598179578781128,2.4963010106286676,-6.28,0,0,0,0.02,0.08,0.03,0.15,0.9,0.1,-1.2,0.0,0,0,1,0,0.825,0.2
17,2,-0.33012205362319946,0.018471211194992065,-0.5524819493293762,-6.28,3.118177788126198,0,0,0,0.02,0.08,0.03,0.15,0.9,0.1,-1.2,0.0,0,0,1,1,0.825,0.2
17,3,-0.25507164001464844,0.4328155517578125,1.6094253063201904,-0.3453996920387642,-6.28,0,0,0,0.02,0.08,0.03,0.15,0.9,0.1,-1.2,0.0,0,0,1,0,0.825,0.2
17,4,-0.709138810634613,0.37007415294647217,1.7924394607543945,6.28,6.28,0,0,0,0.02,0.08,0.03,0.15,0.9,0.1,-1.2,0.0,0,0,1,0,0.825,0.2
17,5,-0.20114824175834656,-0.10902012884616852,-1.4569988250732422,6.28,6.28,0,0,0,0.02,0.08,0.03,0.15,0.9,0.1,-1.2,0.0,0,0,1,0,0.825,0.2
17,6,-0.5916431546211243,0.4304674565792084,3.137515068054199,6.28,6.28,0,0,0,0.02,0.08,0.03,0.15,0.9,0.1,-1.2,0.0,0,0,1,0,0.825,0.2
17,7,-0.8453074097633362,-0.14114153385162354,-2.611433744430542,6.28,6.28,0,0,0,0.02,0.08,0.03,0.15,0.9,0.1,-1.2,0.0,0,0,1,0,0.825,0.2
18,0,-0.3239198625087738,-0.10577650368213654,-0.7152726650238037,6.28,4.8527105668556825,0,0,0,0.02,0.08,0.03,0.15,0.9,0.1,-1.2,0.0,0,0,1,0,0.825,0.2
18,1,-0.4923202693462372,0.3043166697025299,1.193476676940918,2.4901653982291765,-6.28,0,0,0,0.02,0.08,0.03,0.15,0.9,0.1,-1.2,0.0,0,0,1,0,0.825,0.2
18,2,-0.331298291683197,0.01891576498746872,-0.21276387572288513,-6.28,2.5596611369384963,0,0,0,0.02,0.08,0.03,0.15,0.9,0.1,-1.2,0.0,0,0,1,0,0.825,0.2
18,3,-0.2554585337638855,0.42631015181541443,1.3904203176498413,6.28,5.703930221947539,0,0,0,0.02,0.08,0.03,0.15,0.9,0.1,-1.2,0.0,0,0,1,0,0.825,0.2
18,4,-0.7118995785713196,0.3823275566101074,1.79234778881073,6.28,6.28,0,0,0,0.02,0.08,0.03,0.15,0.9,0.1,-1.2,0.0,0,0,1,1,0.825,0.2
18,5,-0.19972148537635803,-0.12150019407272339,-1.4569332599639893,6.28,6.28,0,0,0,0.02,0.08,0.03,0.15,0.9,0.1,-1.2,0.0,0,0,1,0,0.825,0.2
18,6,-0.6042038202285767,0.4305189251899719,3.137485980987549,6.28,6.28,0,0,0,0.02,0.08,0.03,0.15,0.9,0.1,-1.2,0.0,0,0,1,1,0.825,0.2
18,7,-0.8561432361602783,-0.14749278128147125,-2.6114349365234375,6.27866450715061,6.28,0,0,0,0.02,0.08,0.03,0.15,0.9,0.1,-1.2,0.0,0,0,1,0,0.825,0.2
19,0,-0.3160609304904938,-0.11301278322935104,-0.7817705273628235,6.28,5.782562839501809,0,0,0,0.02,0.08,0.03,0.15,0.9,0.1,-1.2,0.0,0,0,1,1,0.825,0.2
19,1,-0.4910646677017212,0.30692753195762634,1.1013915538787842,2.6551151802214843,-6.28,0,0,0,0.02,0.08,0.03,0.15,0.9,0.1,-1.2,0.0,0,0,1,0,0.825,0.2
19,2,-0.3335930109024048,0.018954014405608177,0.16617955267429352,-6.28,2.939913468668298,0,0,0,0.02,0.08,0.03,0.15,0.9,0.1,-1.2,0.0,0,0,1,0,0.825,0.2
19,3,-0.2573218047618866,0.42005234956741333,1.1478873491287231,6.28,6.029384202036006,0,0,0,0.02,0.08,0.03,0.15,0.9,0.1,-1.2,0.0,0,0,1,0,0.825,0.2
19,4,-0.7146592140197754,0.39458179473876953,1.7922853231430054,6.28,6.28,0,0,0,0.02,0.08,0.03,0.15,0.9,0.1,-1.2,0.0,0,0,1,1,0.825,0.2
19,5,-0.19829429686069489,-0.1339801847934723,-1.4569509029388428,6.28,6.28,0,0,0,0.02,0.08,0.03,0.15,0.9,0.1,-1.2,0.0,0,0,1,1,0.825,0.2
19,6,-0.6167637705802917,0.43057045340538025,3.1375012397766113,6.28,6.28,0,0,0,0.02,0.08,0.03,0.15,0.9,0.1,-1.2,0.0,0,0,1,1,0.825,0.2
19,7,-0.8669793009757996,-0.1538439840078354,-2.611448287963867,5.341799447079352,6.28,0,0,0,0.02,0.08,0.03,0.15,0.9,0.1,-1.2,0.0,0,0,1,0,0.825,0.2
20,0,-0.308461457490921,-0.12099652737379074,-0.8360468149185181,6.28,6.079571180312002,0,0,0,0.02,0.08,0.03,0.15,0.9,0.1,-1.2,0.0,0,0,1,1,0.825,0.2
20,1,-0.4912591576576233,0.3071579337120056,0.9088156223297119,2.7290505824680635,-6.28,0,0,0,0.02,0.08,0.03,0.15,0.9,0.1,-1.2,0.0,0,0,1,0,0.825,0.2
20,2,-0.33129021525382996,0.019441330805420876,0.26879212260246277,-6.28,3.395801218579822,0,0,0,0.02,0.08,0.03,0.15,0.9,0.1,-1.2,0.0,0,0,1,0,0.825,0.2
20,3,-0.2535742521286011,0.4275020360946655,1.0926878452301025,6.28,5.849937866146866,0,0,0,0.02,0.08,0.03,0.15,0.9,0.1,-1.2,0.0,0,0,1,0,0.825,0.2
20,4,-0.717418372631073,0.40683621168136597,1.7922879457473755,6.28,6.28,0,0,0,0.02,0.08,0.03,0.15,0.9,0.1,-1.2,0.0,0,0,1,1,0.825,0.2
20,5,-0.19686761498451233,-0.14646099507808685,-1.4570101499557495,6.28,6.28,0,0,0,0.02,0.08,0.03,0.15,0.9,0.1,-1.2,0.0,0,0,1,1,0.825,0.2
20,6,-0.6293246150016785,0.4306216239929199,3.1375391483306885,6.28,6.28,0,0,0,0.02,0.08,0.03,0.15,0.9,0.1,-1.2,0.0,0,0,1,1,0.825,0.2
20,7,-0.8778148293495178,-0.1601947844028473,-2.6114354133605957,4.28159481833772,5.43180208161068,0,0,0,0.02,0.08,0.03,0.15,0.9,0.1,-1.2,0.0,0,0,1,0,0.825,0.2
21,0,-0.30067476630210876,-0.12989957630634308,-0.8614283800125122,6.28,6.1937567542942995,0,0,0,0.02,0.08,0.03,0.15,0.9,0.1,-1.2,0.0,0,0,1,1,0.825,0.2
21,1,-0.4925329089164734,0.30553922057151794,0.6086633205413818,4.70997035173485,-3.853086036686683,0,0,0,0.02,0.08,0.03,0.15,0.9,0.1,-1.2,0.0,0,0,1,0,0.825,0.2
21,2,-0.33098742365837097,0.019143490120768547,0.49287474155426025,-2.970570369917541,5.212767078380311,0,0,0,0.02,0.08,0.03,0.15,0.9,0.1,-1.2,0.0,0,0,1,0,0.825,0.2
21,3,-0.24789804220199585,0.4383707046508789,1.0821810960769653,-0.424945767964012,-6.28,0,0,0,0.02,0.08,0.03,0.15,0.9,0.1,-1.2,0.0,0,0,1,0,0.825,0.2
21,4,-0.7201781272888184,0.4190901219844818,1.7923611402511597,6.28,6.28,0,0,0,0.02,0.08,0.03,0.15,0.9,0.1,-1.2,0.0,0,0,1,1,0.825,0.2
21,5,-0.1954418569803238,-0.15894179046154022,-1.4570856094360352,6.28,6.28,0,0,0,0.02,0.08,0.03,0.15,0.9,0.1,-1.2,0.0,0,0,1,1,0.825,0.2
21,6,-0.641886293888092,0.4306722581386566,3.137580394744873,6.28,6.28,0,0,0,0.02,0.08,0.03,0.15,0.9,0.1,-1.2,0.0,0,0,1,1,0.825,0.2
21,7,-0.8879539370536804,-0.16625170409679413,-2.584908962249756,3.559553506228822,3.6811907203832352,0,0,0,0.02,0.08,0.03,0.15,0.9,0.1,-1.2,0.0,0,0,1,0,0.825,0.2
22,0,-0.29273343086242676,-0.13926033675670624,-0.8708231449127197,6.28,6.06489377005707,0,0,0,0.02,0.08,0.03,0.15,0.9,0.1,-1.2,0.0,0,0,1,1,0.825,0.2
22,1,-0.491656094789505,0.3059094250202179,0.4390794038772583,6.28,0.5691629575896158,0,0,0,0.02,0.08,0.03,0.15,0.9,0.1,-1.2,0.0,0,0,1,0,0.825,0.2
22,2,-0.33051690459251404,0.01872563362121582,0.7496547102928162,1.9744709774727625,6.28,0,0,0,0.02,0.08,0.03,0.15,0.9,0.1,-1.2,0.0,0,0,1,0,0.825,0.2
22,3,-0.24212732911109924,0.4490751624107361,1.0679943561553955,-0.18449313104210996,-6.28,0,0,0,0.02,0.08,0.03,0.15,0.9,0.1,-1.2,0.0,0,0,1,0,0.825,0.2
22,4,-0.7234991788864136,0.42940276861190796,1.8274502754211426,-6.28,2.4688003099152795,0,0,0,0.02,0.08,0.03,0.15,0.9,0.1,-1.2,0.0,0,0,1,1,0.825,0.2
22,5,-0.19401715695858002,-0.17142145335674286,-1.4571435451507568,6.022886884516051,6.28,0,0,0,0.02,0.08,0.03,0.15,0.9,0.1,-1.2,0.0,0,0,1,1,0.825,0.2
22,6,-0.6519759297370911,0.4307229518890381,3.1371781826019287,6.260213151984392,6.28,0,0,0,0.02,0.08,0.03,0.15,0.9,0.1,-1.2,0.0,0,0,1,1,0.825,0.2
22,7,-0.8964359164237976,-0.17173120379447937,-2.5457136631011963,1.1665118859274264,3.2022965311659157,0,0,0,0.02,0.08,0.03,0.15,0.9,0.1,-1.2,0.0,0,0,1,0,0.825,0.2
23,0,-0.28473836183547974,-0.1487940102815628,-0.874572217464447,6.28,6.158343213244501,0,0,0,0.02,0.08,0.03,0.15,0.9,0.1,-1.2,0.0,0,0,1,1,0.825,0.2
23,1,-0.4909868836402893,0.3061259388923645,0.14097867906093597,6.28,4.274449308110607,0,0,0,0.02,0.08,0.03,0.15,0.9,0.1,-1.2,0.0,0,0,1,0,0.825,0.2
23,2,-0.32925155758857727,0.02030131034553051,1.0585100650787354,4.350775938459711,6.28,0,0,0,0.02,0.08,0.03,0.15,0.9,0.1,-1.2,0.0,0,0,1,0,0.825,0.2
23,3,-0.24384146928787231,0.44678422808647156,0.8958677053451538,0.007482174187094237,-6.28,0,0,0,0.02,0.08,0.03,0.15,0.9,0.1,-1.2,0.0,0,0,1,0,0.825,0.2
23,4,-0.72798752784729,0.43486297130584717,1.7809770107269287,-6.28,0.3973747607639383,0,0,0,0.02,0.08,0.03,0.15,0.9,0.1,-1.2,0.0,0,0,1,1,0.825,0.2
23,5,-0.19259297847747803,-0.18389983475208282,-1.4571574926376343,6.28,6.28,0,0,0,0.02,0.08,0.03,0.15,0.9,0.1,-1.2,0.0,0,0,1,1,0.825,0.2
23,6,-0.6557494401931763,0.4312833249568939,3.1148788928985596,6.108363251491151,6.28,0,0,0,0.02,0.08,0.03,0.15,0.9,0.1,-1.2,0.0,0,0,1,1,0.825,0.2
23,7,-0.9027937054634094,-0.1761365383863449,-2.5342776775360107,-1.5415589266388252,3.45539078842383,0,0,0,0.02,0.08,0.03,0.15,0.9,0.1,-1.2,0.0,0,0,1,0,0.825,0.2
24,0,-0.27682939171791077,-0.15830473601818085,-0.8811792135238647,6.28,5.943487891077876,0,0,0,0.02,0.08,0.03,0.15,0.9,0.1,-1.2,0.0,0,0,1,1,0.825,0.2
24,1,-0.4856180250644684,0.3061494529247284,-0.10723628848791122,6.28,5.705156579693826,0,0,0,0.02,0.08,0.03,0.15,0.9,0.1,-1.2,0.0,0,0,1,0,0.825,0.2
24,2,-0.32652708888053894,0.026885611936450005,1.2655919790267944,5.390275262414118,6.28,0,0,0,0.02,0.08,0.03,0.15,0.9,0.1,-1.2,0.0,0,0,1,0,0.825,0.2
24,3,-0.24843353033065796,0.4420818090438843,0.6816348433494568,0.20230886257192188,-6.28,0,0,0,0.02,0.08,0.03,0.15,0.9,0.1,-1.2,0.0,0,0,1,0,0.825,0.2
24,4,-0.7295604348182678,0.4354458749294281,1.9751392602920532,-6.28,0.4181864397685378,0,0,0,0.02,0.08,0.03,0.15,0.9,0.1,-1.2,0.0,0,0,1,1,0.825,0.2
24,5,-0.1911635845899582,-0.19615595042705536,-1.4493608474731445,6.246341824093153,6.28,0,0,0,0.02,0.08,0.03,0.15,0.9,0.1,-1.2,0.0,0,0,1,1,0.825,0.2
24,6,-0.6590633392333984,0.4315975308418274,3.1102168560028076,6.28,6.28,0,0,0,0.02,0.08,0.03,0.15,0.9,0.1,-1.2,0.0,0,0,1,1,0.825,0.2
24,7,-0.906802237033844,-0.17903120815753937,-2.476445436477661,-1.7128270451812664,3.5264670875351074,0,0,0,0.02,0.08,0.03,0.15,0.9,0.1,-1.2,0.0,0,0,1,0,0.825,0.2
25,0,-0.268952876329422,-0.1679075062274933,-0.886151909828186,6.28,5.911089919570384,0,0,0,0.02,0.08,0.03,0.15,0.9,0.1,-1.2,0.0,0,0,1,1,0.825,0.2
25,1,-0.4759557545185089,0.3044099807739258,-0.2189265489578247,6.28,5.885771072237033,0,0,0,0.02,0.08,0.03,0.15,0.9,0.1,-1.2,0.0,0,0,1,0,0.825,0.2
25,2,-0.32400670647621155,0.036615040153265,1.3589311838150024,4.913401395592865,6.28,0,0,0,0.02,0.08,0.03,0.15,0.9,0.1,-1.2,0.0,0,0,1,0,0.825,0.2
25,3,-0.2534903287887573,0.43856877088546753,0.4375496208667755,3.1488299696852815,-6.28,0,0,0,0.02,0.08,0.03,0.15,0.9,0.1,-1.2,0.0,0,0,1,0,0.825,0.2
25,4,-0.7281715869903564,0.4307388961315155,2.210894823074341,2.236327582293352,6.28,0,0,0,0.02,0.08,0.03,0.15,0.9,0.1,-1.2,0.0,0,0,1,1,0.825,0.2
25,5,-0.18962326645851135,-0.20856432616710663,-1.4473267793655396,6.28,6.28,0,0,0,0.02,0.08,0.03,0.15,0.9,0.1,-1.2,0.0,0,0,1,1,0.825,0.2
25,6,-0.6565912365913391,0.432791143655777,3.0623996257781982,6.123520484169285,6.28,0,0,0,0.02,0.08,0.03,0.15,0.9,0.1,-1.2,0.0,0,0,1,1,0.825,0.2
25,7,-0.9086287617683411,-0.18061146140098572,-2.3216030597686768,-1.4791472147087095,3.428879623117715,0,0,0,0.02,0.08,0.03,0.15,0.9,0.1,-1.2,0.0,0,0,1,0,0.825,0.2
26,0,-0.2612324655056,-0.17744101583957672,-0.8964760899543762,6.28,5.917174373698944,0,0,0,0.02,0.08,0.03,0.15,0.9,0.1,-1.2,0.0,0,0,1,1,0.825,0.2
26,1,-0.4646623432636261,0.30164140462875366,-0.24912552535533905,6.28,5.416199052967928,0,0,0,0.02,0.08,0.03,0.15,0.9,0.1,-1.2,0.0,0,0,1,0,0.825,0.2
26,2,-0.32188162207603455,0.047776952385902405,1.4007883071899414,3.931379138633638,6.28,0,0,0,0.02,0.08,0.03,0.15,0.9,0.1,-1.2,0.0,0,0,1,0,0.825,0.2
26,3,-0.25911200046539307,0.4367019832134247,0.17326456308364868,6.28,6.28,0,0,0,0.02,0.08,0.03,0.15,0.9,0.1,-1.2,0.0,0,0,1,0,0.825,0.2
26,4,-0.7267457246780396,0.4273758828639984,2.394430160522461,6.28,6.28,0,0,0,0.02,0.08,0.03,0.15,0.9,0.1,-1.2,0.0,0,0,1,1,0.825,0.2
26,5,-0.18807493150234222,-0.22099950909614563,-1.4463627338409424,6.28,6.28,0,0,0,0.02,0.08,0.03,0.15,0.9,0.1,-1.2,0.0,0,0,1,1,0.825,0.2
26,6,-0.6550883650779724,0.433716356754303,3.0366296768188477,6.28,6.28,0,0,0,0.02,0.08,0.03,0.15,0.9,0.1,-1.2,0.0,0,0,1,1,0.825,0.2
26,7,-0.909777045249939,-0.18205991387367249,-2.1387100219726562,-0.6254979100831445,3.0272544716350724,0,0,0,0.02,0.08,0.03,0.15,0.9,0.1,-1.2,0.0,0,0,1,0,0.825,0.2
27,0,-0.25367093086242676,-0.18701429665088654,-0.9092287421226501,6.28,5.713654127061313,0,0,0,0.02,0.08,0.03,0.15,0.9,0.1,-1.2,0.0,0,0,1,1,0.825,0.2
27,1,-0.4529542624950409,0.2985704243183136,-0.2633059024810791,6.28,4.954727099237402,0,0,0,0.02,0.08,0.03,0.15,0.9,0.1,-1.2,0.0,0,0,1,0,0.825,0.2
27,2,-0.32020336389541626,0.058821018785238266,1.448657512664795,1.486925596126684,4.481706760332735,0,0,0,0.02,0.08,0.03,0.15,0.9,0.1,-1.2,0.0,0,0,1,0,0.825,0.2
27,3,-0.25901976227760315,0.43663662672042847,-0.012548267841339111,6.28,6.28,0,0,0,0.02,0.08,0.03,0.15,0.9,0.1,-1.2,0.0,0,0,1,0,0.825,0.2
27,4,-0.7300203442573547,0.4295595586299896,2.506779909133911,6.28,6.28,0,0,0,0.02,0.08,0.03,0.15,0.9,0.1,-1.2,0.0,0,0,1,1,0.825,0.2
27,5,-0.18651393055915833,-0.2334556132555008,-1.4461174011230469,6.28,6.28,0,0,0,0.02,0.08,0.03,0.15,0.9,0.1,-1.2,0.0,0,0,1,1,0.825,0.2
27,6,-0.6584292650222778,0.4346359968185425,3.076606273651123,6.094765350723201,6.28,0,0,0,0.02,0.08,0.03,0.15,0.9,0.1,-1.2,0.0,0,0,1,1,0.825,0.2
27,7,-0.91068035364151,-0.18376779556274414,-1.96370530128479,-1.407804187017502,3.39815536858441,0,0,0,0.02,0.08,0.03,0.15,0.9,0.1,-1.2,0.0,0,0,1,0,0.825,0.2
28,0,-0.24623560905456543,-0.19668389856815338,-0.9219767451286316,6.28,5.394112339873952,0,0,0,0.02,0.08,0.03,0.15,0.9,0.1,-1.2,0.0,0,0,1,1,0.825,0.2
28,1,-0.44161078333854675,0.29539018869400024,-0.2900521457195282,6.28,3.447120459784159,0,0,0,0.02,0.08,0.03,0.15,0.9,0.1,-1.2,0.0,0,0,1,0,0.825,0.2
28,2,-0.3192676603794098,0.06911104172468185,1.5268757343292236,-6.28,6.28,0,0,0,0.02,0.08,0.03,0.15,0.9,0.1,-1.2,0.0,0,0,1,0,0.825,0.2
28,3,-0.24837864935398102,0.43630513548851013,-0.0353156253695488,6.28,6.247938105623751,0,0,0,0.02,0.08,0.03,0.15,0.9,0.1,-1.2,0.0,0,0,1,0,0.825,0.2
28,4,-0.7397482991218567,0.436314195394516,2.5364956855773926,-6.28,1.0286500447407032,0,0,0,0.02,0.08,0.03,0.15,0.9,0.1,-1.2,0.0,0,0,1,1,0.825,0.2
28,5,-0.18495169281959534,-0.2459193915128708,-1.4460724592208862,6.28,6.28,0,0,0,0.02,0.08,0.03,0.15,0.9,0.1,-1.2,0.0,0,0,1,1,0.825,0.2
28,6,-0.6678682565689087,0.43491700291633606,3.1411798000335693,6.28,6.28,0,0,0,0.02,0.08,0.03,0.15,0.9,0.1,-1.2,0.0,0,0,1,1,0.825,0.2
28,7,-0.911408007144928,-0.18596455454826355,-1.8268423080444336,-1.3849887328932833,3.3882330120386106,0,0,0,0.02,0.08,0.03,0.15,0.9,0.1,-1.2,0.0,0,0,1,0,0.825,0.2
29,0,-0.23903870582580566,-0.20633095502853394,-0.9404053092002869,6.28,5.02302210193455,0,0,0,0.02,0.08,0.03,0.15,0.9,0.1,-1.2,0.0,0,0,1,1,0.825,0.2
29,1,-0.43081673979759216,0.2919560670852661,-0.3334988057613373,6.234297076891565,1.6153667548953563,0,0,0,0.02,0.08,0.03,0.15,0.9,0.1,-1.2,0.0,0,0,1,0,0.825,0.2
29,2,-0.3192651867866516,0.0759771540760994,1.629958987236023,-6.28,5.282196348371053,0,0,0,0.02,0.08,0.03,0.15,0.9,0.1,-1.2,0.0,0,0,1,0,0.825,0.2
29,3,-0.23581311106681824,0.4358977675437927,-0.03408486396074295,6.28,6.173035324189346,0,0,0,0.02,0.08,0.03,0.15,0.9,0.1,-1.2,0.0,0,0,1,0,0.825,0.2
29,4,-0.7505406737327576,0.4427148699760437,2.4647128582000732,-6.28,0.3222372483676725,0,0,0,0.02,0.08,0.03,0.15,0.9,0.1,-1.2,0.0,0,0,1,1,0.825,0.2
29,5,-0.18338918685913086,-0.2583830952644348,-1.44609534740448,6.28,6.28,0,0,0,0.02,0.08,0.03,0.15,0.9,0.1,-1.2,0.0,0,0,1,1,0.825,0.2
29,6,-0.6798481941223145,0.43488648533821106,-3.135969638824463,6.064359755596594,6.28,0,0,0,0.02,0.08,0.03,0.15,0.9,0.1,-1.2,0.0,0,0,1,1,0.825,0.2
29,7,-0.9117927551269531,-0.1880025863647461,-1.6663049459457397,-1.5659173014825993,3.4656471649922365,0,0,0,0.02,0.08,0.03,0.15,0.9,0.1,-1.2,0.0,0,0,1,0,0.825,0.2
30,0,-0.23223476111888885,-0.21589748561382294,-0.9693508744239807,6.28,4.852746448817357,0,0,0,0.02,0.08,0.03,0.15,0.9,0.1,-1.2,0.0,0,0,1,1,0.825,0.2
30,1,-0.4214496910572052,0.2883465588092804,-0.42275625467300415,5.377651844108974,0.3449059101811605,0,0,0,0.02,0.08,0.03,0.15,0.9,0.1,-1.2,0.0,0,0,1,0,0.825,0.2
30,2,-0.3192436993122101,0.07668700069189072,2.025867462158203,-6.28,2.8820812876514674,0,0,0,0.02,0.08,0.03,0.15,0.9,0.1,-1.2,0.0,0,0,1,0,0.825,0.2
30,3,-0.2232946753501892,0.43547531962394714,-0.03500672057271004,6.28,6.160261235979954,0,0,0,0.02,0.08,0.03,0.15,0.9,0.1,-1.2,0.0,0,0,1,0,0.825,0.2
30,4,-0.7549694776535034,0.44354912638664246,2.513592481613159,-6.28,0.245435436149085,0,0,0,0.02,0.08,0.03,0.15,0.9,0.1,-1.2,0.0,0,0,1,1,0.825,0.2
30,5,-0.181827113032341,-0.2708476185798645,-1.4461532831192017,6.28,6.28,0,0,0,0.02,0.08,0.03,0.15,0.9,0.1,-1.2,0.0,0,0,1,1,0.825,0.2
30,6,-0.6844649910926819,0.43478113412857056,-3.135119915008545,6.114197504087775,6.28,0,0,0,0.02,0.08,0.03,0.15,0.9,0.1,-1.2,0.0,0,0,1,1,0.825,0.2
30,7,-0.9118285179138184,-0.19000384211540222,-1.4984720945358276,-1.414054060968102,3.4008651493231326,0,0,0,0.02,0.08,0.03,0.15,0.9,0.1,-1.2,0.0,0,0,1,0,0.825,0.2
31,0,-0.22597938776016235,-0.22537359595298767,-1.0119606256484985,6.28,4.608962582011521,0,0,0,0.02,0.08,0.03,0.15,0.9,0.1,-1.2,0.0,0,0,1,1,0.825,0.2
31,1,-0.41414347290992737,0.2845057547092438,-0.5730748772621155,4.784277650083432,0.13303468828041765,0,0,0,0.02,0.08,0.03,0.15,0.9,0.1,-1.2,0.0,0,0,1,0,0.825,0.2
31,2,-0.31885966658592224,0.07610414922237396,2.4021832942962646,-6.28,2.323583635087985,0,0,0,0.02,0.08,0.03,0.15,0.9,0.1,-1.2,0.0,0,0,1,0,0.825,0.2
31,3,-0.21084065735340118,0.43502554297447205,-0.03835313022136688,6.28,6.142206459665407,0,0,0,0.02,0.08,0.03,0.15,0.9,0.1,-1.2,0.0,0,0,1,0,0.825,0.2
31,4,-0.7547071576118469,0.44290125370025635,2.562044858932495,-6.28,0.16519713869556155,0,0,0,0.02,0.08,0.03,0.15,0.9,0.1,-1.2,0.0,0,0,1,1,0.825,0.2
31,5,-0.18026573956012726,-0.2833125591278076,-1.446338415145874,6.28,6.28,0,0,0,0.02,0.08,0.03,0.15,0.9,0.1,-1.2,0.0,0,0,1,1,0.825,0.2
31,6,-0.6843386888504028,0.4346613585948944,-3.132293462753296,6.138191936756898,6.28,0,0,0,0.02,0.08,0.03,0.15,0.9,0.1,-1.2,0.0,0,0,1,1,0.825,0.2
31,7,-0.9115288853645325,-0.191958948969841,-1.3215950727462769,-1.5725803591473608,3.4684440003111017,0,0,0,0.02,0.08,0.03,0.15,0.9,0.1,-1.2,0.0,0,0,1,0,0.825,0.2
32,0,-0.22036366164684296,-0.23486578464508057,-1.0657374858856201,6.28,3.9658465031184917,0,0,0,0.02,0.08,0.03,0.15,0.9,0.1,-1.2,0.0,0,0,1,1,0.825,0.2
32,1,-0.40917065739631653,0.2807002663612366,-0.7502650022506714,4.199815074598656,-0.19964532059851894,0,0,0,0.02,0.08,0.03,0.15,0.9,0.1,-1.2,0.0,0,0,1,0,0.825,0.2
32,2,-0.3208295702934265,0.07798834890127182,2.4647302627563477,-6.28,1.66023253658217,0,0,0,0.02,0.08,0.03,0.15,0.9,0.1,-1.2,0.0,0,0,1,0,0.825,0.2
32,3,-0.19840990006923676,0.4345255494117737,-0.0425398163497448,6.28,5.971565715895793,0,0,0,0.02,0.08,0.03,0.15,0.9,0.1,-1.2,0.0,0,0,1,0,0.825,0.2
32,4,-0.7557976245880127,0.4429568946361542,2.5746638774871826,-6.28,0.17042718968458895,0,0,0,0.02,0.08,0.03,0.15,0.9,0.1,-1.2,0.0,0,0,1,1,0.825,0.2
32,5,-0.17870540916919708,-0.29577916860580444,-1.446298599243164,6.28,6.28,0,0,0,0.02,0.08,0.03,0.15,0.9,0.1,-1.2,0.0,0,0,1,1,0.825,0.2
32,6,-0.6853569149971008,0.43478697538375854,-3.1380136013031006,5.802668742754731,6.28,0,0,0,0.02,0.08,0.03,0.15,0.9,0.1,-1.2,0.0,0,0,1,1,0.825,0.2
32,7,-0.910884439945221,-0.1938454508781433,-1.1502234935760498,-2.2266590392763277,3.726659039276328,0,0,0,0.02,0.08,0.03,0.15,0.9,0.1,-1.2,0.0,0,0,1,0,0.825,0.2
33,0,-0.21541716158390045,-0.24445371329784393,-1.1283196210861206,6.28,3.317716416962291,0,0,0,0.02,0.08,0.03,0.15,0.9,0.1,-1.2,0.0,0,0,1,1,0.825,0.2
33,1,-0.4057276248931885,0.27691376209259033,-0.9171575903892517,3.767182685800102,-0.05116755673899957,0,0,0,0.02,0.08,0.03,0.15,0.9,0.1,-1.2,0.0,0,0,1,0,0.825,0.2
33,2,-0.3191772699356079,0.07648078352212906,2.7427985668182373,-6.28,2.1358763849029976,0,0,0,0.02,0.08,0.03,0.15,0.9,0.1,-1.2,0.0,0,0,1,0,0.825,0.2
33,3,-0.18599702417850494,0.43397000432014465,-0.04729492962360382,6.28,6.28,0,0,0,0.02,0.08,0.03,0.15,0.9,0.1,-1.2,0.0,0,0,1,0,0.825,0.2
33,4,-0.754315197467804,0.44186559319496155,2.699294328689575,-6.28,0.3208125668427895,0,0,0,0.02,0.08,0.03,0.15,0.9,0.1,-1.2,0.0,0,0,1,1,0.825,0.2
33,5,-0.17714610695838928,-0.30824118852615356,-1.4463120698928833,6.28,6.28,0,0,0,0.02,0.08,0.03,0.15,0.9,0.1,-1.2,0.0,0,0,1,1,0.825,0.2
33,6,-0.684131920337677,0.4349901080131531,3.1378583908081055,5.479781066456209,6.28,0,0,0,0.02,0.08,0.03,0.15,0.9,0.1,-1.2,0.0,0,0,1,1,0.825,0.2
33,7,-0.9099623560905457,-0.1955391764640808,-0.9743537902832031,-2.2266590392763277,3.726659039276328,0,0,0,0.02,0.08,0.03,0.15,0.9,0.1,-1.2,0.0,0,0,1,0,0.825,0.2
34,0,-0.21134398877620697,-0.25397780537605286,-1.2179063558578491,6.196913987975082,2.622237202581625,0,0,0,0.02,0.08,0.03,0.15,0.9,0.1,-1.2,0.0,0,0,1,1,0.825,0.2
34,1,-0.40344709157943726,0.2734084725379944,-1.0730282068252563,3.085321139724959,-0.44698503294061126,0,0,0,0.02,0.08,0.03,0.15,0.9,0.1,-1.2,0.0,0,0,1,0,0.825,0.2
34,2,-0.31822288036346436,0.07602294534444809,2.9345970153808594,-6.28,2.898447606911362,0,0,0,0.02,0.08,0.03,0.15,0.9,0.1,-1.2,0.0,0,0,1,0,0.825,0.2
34,3,-0.1737276017665863,0.43334177136421204,-0.057026129215955734,6.28,5.96782515433312,0,0,0,0.02,0.08,0.03,0.15,0.9,0.1,-1.2,0.0,0,0,1,0,0.825,0.2
34,4,-0.7543278932571411,0.44089099764823914,2.800623893737793,-6.28,0.4148287726534805,0,0,0,0.02,0.08,0.03,0.15,0.9,0.1,-1.2,0.0,0,0,1,1,0.825,0.2
34,5,-0.17558686435222626,-0.32070332765579224,-1.4463165998458862,6.28,6.28,0,0,0,0.02,0.08,0.03,0.15,0.9,0.1,-1.2,0.0,0,0,1,1,0.825,0.2
34,6,-0.6846132278442383,0.43502745032310486,-3.1370320320129395,5.2371963728548305,6.28,0,0,0,0.02,0.08,0.03,0.15,0.9,0.1,-1.2,0.0,0,0,1,1,0.825,0.2
34,7,-0.9089624881744385,-0.1967770755290985,-0.771083414554596,-1.9304467015707854,3.6134879821854633,0,0,0,0.02,0.08,0.03,0.15,0.9,0.1,-1.2,0.0,0,0,1,0,0.825,0.2
35,0,-0.20844949781894684,-0.2633126378059387,-1.3372960090637207,5.218994606428341,2.094976062651045,0,0,0,0.02,0.08,0.03,0.15,0.9,0.1,-1.2,0.0,0,0,1,1,0.825,0.2
35,1,-0.4018842577934265,0.26998016238212585,-1.2108078002929688,2.872350194003516,-0.0521112266662814,0,0,0,0.02,0.08,0.03,0.15,0.9,0.1,-1.2,0.0,0,0,1,0,0.825,0.2
35,2,-0.31737220287323,0.07586884498596191,-3.1399521827697754,-5.399141209386606,4.014712811705107,0,0,0,0.02,0.08,0.03,0.15,0.9,0.1,-1.2,0.0,0,0,1,0,0.825,0.2
35,3,-0.16125164926052094,0.43260106444358826,-0.059223901480436325,6.28,6.200752145312487,0,0,0,0.02,0.08,0.03,0.15,0.9,0.1,-1.2,0.0,0,0,1,0,0.825,0.2
35,4,-0.7533867955207825,0.4401985704898834,2.9088616371154785,-6.28,3.293777746041424,0,0,0,0.02,0.08,0.03,0.15,0.9,0.1,-1.2,0.0,0,0,1,1,0.825,0.2
35,5,-0.17402766644954681,-0.3331659436225891,-1.4463255405426025,6.28,6.28,0,0,0,0.02,0.08,0.03,0.15,0.9,0.1,-1.2,0.0,0,0,1,1,0.825,0.2
35,6,-0.6828686594963074,0.4349799156188965,-3.1364128589630127,4.972746837554054,6.28,0,0,0,0.02,0.08,0.03,0.15,0.9,0.1,-1.2,0.0,0,0,1,1,0.825,0.2
35,7,-0.9077887535095215,-0.19772817194461823,-0.5614160895347595,-0.8022716225062917,3.1171078621872885,0,0,0,0.02,0.08,0.03,0.15,0.9,0.1,-1.2,0.0,0,0,1,0,0.825,0.2
36,0,-0.20694005489349365,-0.2721947431564331,-1.4810541868209839,4.248075575307671,1.00928552066984,0,0,0,0.02,0.08,0.03,0.15,0.9,0.1,-1.2,0.0,0,0,1,1,0.825,0.2
36,1,-0.4010466933250427,0.26725801825523376,-1.3364484310150146,2.550992801972658,-1.6929223092282115,0,0,0,0.02,0.08,0.03,0.15,0.9,0.1,-1.2,0.0,0,0,1,0,0.825,0.2
36,2,-0.317997008562088,0.0759226381778717,-2.9385476112365723,-1.9715580227363967,5.708100731681694,0,0,0,0.02,0.08,0.03,0.15,0.9,0.1,-1.2,0.0,0,0,1,0,0.825,0.2
36,3,-0.1489654779434204,0.431836873292923,-0.06795387715101242,6.28,6.28,0,0,0,0.02,0.08,0.03,0.15,0.9,0.1,-1.2,0.0,0,0,1,0,0.825,0.2
36,4,-0.7563084363937378,0.4401848614215851,2.909066677093506,-6.28,2.53024595626711,0,0,0,0.02,0.08,0.03,0.15,0.9,0.1,-1.2,0.0,0,0,1,1,0.825,0.2
36,5,-0.1724684238433838,-0.34562867879867554,-1.446320652961731,6.28,6.28,0,0,0,0.02,0.08,0.03,0.15,0.9,0.1,-1.2,0.0,0,0,1,1,0.825,0.2
36,6,-0.6857399940490723,0.4348089396953583,-3.112658977508545,5.009961247551447,6.28,0,0,0,0.02,0.08,0.03,0.15,0.9,0.1,-1.2,0.0,0,0,1,1,0.825,0.2
36,7,-0.9063161611557007,-0.1984787881374359,-0.36368370056152344,-0.9441937689149252,3.1865115937859096,0,0,0,0.02,0.08,0.03,0.15,0.9,0.1,-1.2,0.0,0,0,1,0,0.825,0.2
37,0,-0.20674072206020355,-0.27961981296539307,-1.6061720848083496,4.013812747444014,-1.064941067534754,0,0,0,0.02,0.08,0.03,0.15,0.9,0.1,-1.2,0.0,0,0,1,1,0.825,0.2
37,1,-0.40055400133132935,0.2645222842693329,-1.4430516958236694,-0.7706143133500538,1.3683262415388548,0,0,0,0.02,0.08,0.03,0.15,0.9,0.1,-1.2,0.0,0,0,1,0,0.825,0.2
37,2,-0.31840425729751587,0.07604502141475677,-2.6320104598999023,2.9693492821747958,6.28,0,0,0,0.02,0.08,0.03,0.15,0.9,0.1,-1.2,0.0,0,0,1,0,0.825,0.2
37,3,-0.1365627944469452,0.4309554398059845,-0.07242503017187119,6.28,6.11151580552777,0,0,0,0.02,0.08,0.03,0.15,0.9,0.1,-1.2,0.0,0,0,1,0,0.825,0.2
37,4,-0.75444096326828,0.4397483468055725,-3.0731005668640137,6.28,6.28,0,0,0,0.02,0.08,0.03,0.15,0.9,0.1,-1.2,0.0,0,0,1,1,0.825,0.2
37,5,-0.17090894281864166,-0.35809221863746643,-1.4462943077087402,6.28,6.28,0,0,0,0.02,0.08,0.03,0.15,0.9,0.1,-1.2,0.0,0,0,1,1,0.825,0.2
37,6,-0.6829530000686646,0.4346683621406555,-3.1309525966644287,4.111843813493343,6.28,0,0,0,0.02,0.08,0.03,0.15,0.9,0.1,-1.2,0.0,0,0,1,1,0.825,0.2
37,7,-0.9042131304740906,-0.1990920454263687,-0.21516413986682892,-0.7947859792115123,3.1133813059475988,0,0,0,0.02,0.08,0.03,0.15,0.9,0.1,-1.2,0.0,0,0,1,0,0.825,0.2
38,0,-0.20724806189537048,-0.2851772606372833,-1.7235711812973022,4.431026734425721,-3.6203577318281783,0,0,0,0.02,0.08,0.03,0.15,0.9,0.1,-1.2,0.0,0,0,1,1,0.825,0.2
38,1,-0.4004526138305664,0.2632780969142914,-1.5826491117477417,-6.28,6.192004375358316,0,0,0,0.02,0.08,0.03,0.15,0.9,0.1,-1.2,0.0,0,0,1,0,0.825,0.2
38,2,-0.32091498374938965,0.07409995049238205,-2.3091766834259033,5.135688294248318,6.28,0,0,0,0.02,0.08,0.03,0.15,0.9,0.1,-1.2,0.0,0,0,1,0,0.825,0.2
38,3,-0.12405204772949219,0.4300402104854584,-0.07293004542589188,6.28,6.2534874469511115,0,0,0,0.02,0.08,0.03,0.15,0.9,0.1,-1.2,0.0,0,0,1,0,0.825,0.2
38,4,-0.7563541531562805,0.44011521339416504,-2.875678539276123,6.28,6.28,0,0,0,0.02,0.08,0.03,0.15,0.9,0.1,-1.2,0.0,0,0,1,1,0.825,0.2
38,5,-0.16934870183467865,-0.37055620551109314,-1.446225643157959,6.28,6.28,0,0,0,0.02,0.08,0.03,0.15,0.9,0.1,-1.2,0.0,0,0,1,1,0.825,0.2
38,6,-0.6858595609664917,0.4347100853919983,3.1119067668914795,2.1254943123275543,6.28,0,0,0,0.02,0.08,0.03,0.15,0.9,0.1,-1.2,0.0,0,0,1,1,0.825,0.2
38,7,-0.9019818902015686,-0.19942554831504822,-0.07211761921644211,-0.18973766567310021,2.787627534774772,0,0,0,0.02,0.08,0.03,0.15,0.9,0.1,-1.2,0.0,0,0,1,0,0.825,0.2
39,0,-0.20794574916362762,-0.2882925868034363,-1.8963154554367065,4.4326324369671575,-4.944797951629275,0,0,0,0.02,0.08,0.03,0.15,0.9,0.1,-1.2,0.0,0,0,1,1,0.825,0.2
39,1,-0.4004765450954437,0.2626362442970276,-1.551798701286316,-6.28,6.231700199073563,0,0,0,0.02,0.08,0.03,0.15,0.9,0.1,-1.2,0.0,0,0,1,0,0.825,0.2
39,2,-0.3251256048679352,0.06844694167375565,-2.180325508117676,5.6528618742042145,6.28,0,0,0,0.02,0.08,0.03,0.15,0.9,0.1,-1.2,0.0,0,0,1,0,0.825,0.2
39,3,-0.111660897731781,0.42911675572395325,-0.07757095247507095,6.28,6.28,0,0,0,0.02,0.08,0.03,0.15,0.9,0.1,-1.2,0.0,0,0,1,0,0.825,0.2
39,4,-0.767079770565033,0.4372985363006592,-2.85772967338562,6.28,6.28,0,0,0,0.02,0.08,0.03,0.15,0.9,0.1,-1.2,0.0,0,0,1,1,0.825,0.2
39,5,-0.16778793931007385,-0.3830201327800751,-1.4462394714355469,6.28,6.28,0,0,0,0.02,0.08,0.03,0.15,0.9,0.1,-1.2,0.0,0,0,1,1,0.825,0.2
39,6,-0.6908857226371765,0.4351128041744232,3.0981736183166504,-0.6414622612420096,6.28,0,0,0,0.02,0.08,0.03,0.15,0.9,0.1,-1.2,0.0,0,0,1,1,0.825,0.2
39,7,-0.89967942237854,-0.19944244623184204,0.06644872575998306,0.2812958493291216,2.494268642216461,0,0,0,0.02,0.08,0.03,0.15,0.9,0.1,-1.2,0.0,0,0,1,0,0.825,0.2
40,0,-0.20822356641292572,-0.2889273464679718,-2.1786251068115234,4.409834367790537,-5.080825981364087,0,0,0,0.02,0.08,0.03,0.15,0.9,0.1,-1.2,0.0,0,0,1,1,0.825,0.2
40,1,-0.4005154073238373,0.26260948181152344,-1.1797845363616943,-6.28,4.162195605333864,0,0,0,0.02,0.08,0.03,0.15,0.9,0.1,-1.2,0.0,0,0,1,0,0.825,0.2
40,2,-0.3308129906654358,0.06032699719071388,-2.161555528640747,5.582803511627144,6.28,0,0,0,0.02,0.08,0.03,0.15,0.9,0.1,-1.2,0.0,0,0,1,0,0.825,0.2
40,3,-0.09919434785842896,0.42812976241111755,-0.07954443991184235,6.28,6.215320411556542,0,0,0,0.02,0.08,0.03,0.15,0.9,0.1,-1.2,0.0,0,0,1,0,0.825,0.2
40,4,-0.7791516184806824,0.4338110089302063,-2.8590681552886963,6.28,6.28,0,0,0,0.02,0.08,0.03,0.15,0.9,0.1,-1.2,0.0,0,0,1,1,0.825,0.2
40,5,-0.16622762382030487,-0.39548489451408386,-1.4462960958480835,6.28,6.28,0,0,0,0.02,0.08,0.03,0.15,0.9,0.1,-1.2,0.0,0,0,1,1,0.825,0.2
40,6,-0.6999108195304871,0.43503624200820923,-3.0446431636810303,3.9240336648247482,6.28,0,0,0,0.02,0.08,0.03,0.15,0.9,0.1,-1.2,0.0,0,0,1,1,0.825,0.2
40,7,-0.8971430659294128,-0.19912275671958923,0.17778263986110687,-0.43990731578022296,2.928527537682211,0,0,0,0.02,0.08,0.03,0.15,0.9,0.1,-1.2,0.0,0,0,1,0,0.825,0.2
41,0,-0.20745670795440674,-0.2881290316581726,-2.5318734645843506,4.453947603038294,-4.522012556601189,0,0,0,0.02,0.08,0.03,0.15,0.9,0.1,-1.2,0.0,0,0,1,0,0.825,0.2
41,1,-0.4005490243434906,0.262631356716156,-0.7175257802009583,-6.28,3.615754496842599,0,0,0,0.02,0.08,0.03,0.15,0.9,0.1,-1.2,0.0,0,0,1,0,0.825,0.2
41,2,-0.33725351095199585,0.05048377066850662,-2.13515567779541,5.899181842126909,6.28,0,0,0,0.02,0.08,0.03,0.15,0.9,0.1,-1.2,0.0,0,0,1,0,0.825,0.2
41,3,-0.08667916059494019,0.4271300733089447,-0.07964418083429337,6.28,6.28,0,0,0,0.02,0.08,0.03,0.15,0.9,0.1,-1.2,0.0,0,0,1,0,0.825,0.2
41,4,-0.791204571723938,0.4303206503391266,-2.859215259552002,6.28,6.28,0,0,0,0.02,0.08,0.03,0.15,0.9,0.1,-1.2,0.0,0,0,1,1,0.825,0.2
41,5,-0.1646682173013687,-0.4079497158527374,-1.4463711977005005,6.28,6.28,0,0,0,0.02,0.08,0.03,0.15,0.9,0.1,-1.2,0.0,0,0,1,0,0.825,0.2
41,6,-0.7065792083740234,0.43373507261276245,-2.8001065254211426,6.28,6.28,0,0,0,0.02,0.08,0.03,0.15,0.9,0.1,-1.2,0.0,0,0,1,1,0.825,0.2
41,7,-0.8944673538208008,-0.1985141783952713,0.2607717216014862,-0.936070409538765,3.1826017041718346,0,0,0,0.02,0.08,0.03,0.15,0.9,0.1,-1.2,0.0,0,0,1,0,0.825,0.2
42,0,-0.20640867948532104,-0.28760120272636414,-2.8999242782592773,4.768058150398305,-3.366157958718198,0,0,0,0.02,0.08,0.03,0.15,0.9,0.1,-1.2,0.0,0,0,1,0,0.825,0.2
42,1,-0.400560587644577,0.2626110911369324,-0.6277769207954407,-6.28,3.6143462381050915,0,0,0,0.02,0.08,0.03,0.15,0.9,0.1,-1.2,0.0,0,0,1,0,0.825,0.2
42,2,-0.3434872329235077,0.04041287675499916,-2.110584259033203,5.904705634658074,6.28,0,0,0,0.02,0.08,0.03,0.15,0.9,0.1,-1.2,0.0,0,0,1,0,0.825,0.2
42,3,-0.07421090453863144,0.42612791061401367,-0.08143828809261322,6.28,6.28,0,0,0,0.02,0.08,0.03,0.15,0.9,0.1,-1.2,0.0,0,0,1,0,0.825,0.2
42,4,-0.8032611608505249,0.42682600021362305,-2.8591718673706055,6.28,6.28,0,0,0,0.02,0.08,0.03,0.15,0.9,0.1,-1.2,0.0,0,0,1,1,0.825,0.2
42,5,-0.1631099134683609,-0.4204135835170746,-1.4464349746704102,6.28,6.28,0,0,0,0.02,0.08,0.03,0.15,0.9,0.1,-1.2,0.0,0,0,1,0,0.825,0.2
42,6,-0.7151519656181335,0.42985060811042786,-2.6688523292541504,4.903521257126229,6.28,0,0,0,0.02,0.08,0.03,0.15,0.9,0.1,-1.2,0.0,0,0,1,1,0.825,0.2
42,7,-0.8920375108718872,-0.19773980975151062,0.370975136756897,-4.4517772262382325,4.457261192059711,0,0,0,0.02,0.08,0.03,0.15,0.9,0.1,-1.2,0.0,0,0,1,0,0.825,0.2
43,0,-0.20609113574028015,-0.28757935762405396,3.015740156173706,5.405979686258702,-1.2557400945052266,0,0,0,0.02,0.08,0.03,0.15,0.9,0.1,-1.2,0.0,0,0,1,0,0.825,0.2
43,1,-0.3992052376270294,0.2618120312690735,-0.43883901834487915,-5.466876548803456,4.1095440633871,0,0,0,0.02,0.08,0.03,0.15,0.9,0.1,-1.2,0.0,0,0,1,0,0.825,0.2
43,2,-0.3496204614639282,0.029977470636367798,-2.094714641571045,6.28,6.28,0,0,0,0.02,0.08,0.03,0.15,0.9,0.1,-1.2,0.0,0,0,1,0,0.825,0.2
43,3,-0.061705999076366425,0.4251013696193695,-0.08192606270313263,6.28,6.28,0,0,0,0.02,0.08,0.03,0.15,0.9,0.1,-1.2,0.0,0,0,1,0,0.825,0.2
43,4,-0.8153224587440491,0.4233265221118927,-2.8591785430908203,6.28,6.28,0,0,0,0.02,0.08,0.03,0.15,0.9,0.1,-1.2,0.0,0,0,1,1,0.825,0.2
43,5,-0.16155219078063965,-0.43287599086761475,-1.446450114250183,-6.28,0.6681940984764989,0,0,0,0.02,0.08,0.03,0.15,0.9,0.1,-1.2,0.0,0,0,1,0,0.825,0.2
43,6,-0.7257475256919861,0.42417722940444946,-2.651923656463623,-2.274726024713649,4.77687051727785,0,0,0,0.02,0.08,0.03,0.15,0.9,0.1,-1.2,0.0,0,0,1,1,0.825,0.2
43,7,-0.8899428248405457,-0.19677719473838806,0.5106357336044312,-4.600112668432181,4.5564712867273895,0,0,0,0.02,0.08,0.03,0.15,0.9,0.1,-1.2,0.0,0,0,1,0,0.825,0.2
44,0,-0.20696304738521576,-0.28726476430892944,2.672835350036621,6.222185148277866,0.8241945800051702,0,0,0,0.02,0.08,0.03,0.15,0.9,0.1,-1.2,0.0,0,0,1,0,0.825,0.2
44,1,-0.39842674136161804,0.2620351314544678,-0.17718902230262756,-1.5578965664682927,5.555866332049543,0,0,0,0.02,0.08,0.03,0.15,0.9,0.1,-1.2,0.0,0,0,1,0,0.825,0.2
44,2,-0.3556477129459381,0.019392138347029686,-2.081490993499756,6.28,6.28,0,0,0,0.02,0.08,0.03,0.15,0.9,0.1,-1.2,0.0,0,0,1,0,0.825,0.2
44,3,-0.049188461154699326,0.42407354712486267,-0.0819544568657875,6.28,6.28,0,0,0,0.02,0.08,0.03,0.15,0.9,0.1,-1.2,0.0,0,0,1,0,0.825,0.2
44,4,-0.8273858428001404,0.4198266267776489,-2.8591933250427246,6.28,6.28,0,0,0,0.02,0.08,0.03,0.15,0.9,0.1,-1.2,0.0,0,0,1,1,0.825,0.2
44,5,-0.15999463200569153,-0.4453384280204773,-1.446455717086792,-6.28,0.357361967193795,0,0,0,0.02,0.08,0.03,0.15,0.9,0.1,-1.2,0.0,0,0,1,0,0.825,0.2
44,6,-0.7357178330421448,0.41870617866516113,-2.6119797229766846,6.260279009495875,-6.28,0,0,0,0.02,0.08,0.03,0.15,0.9,0.1,-1.2,0.0,0,0,1,1,0.825,0.2
44,7,-0.8895559310913086,-0.196554496884346,0.7920684814453125,-4.874865699363092,4.64102270542568,0,0,0,0.02,0.08,0.03,0.15,0.9,0.1,-1.2,0.0,0,0,1,0,0.825,0.2
45,0,-0.20972007513046265,-0.28530362248420715,2.3904106616973877,6.28,1.983994475941435,0,0,0,0.02,0.08,0.03,0.15,0.9,0.1,-1.2,0.0,0,0,1,0,0.825,0.2
45,1,-0.39759066700935364,0.26194897294044495,0.08386348187923431,2.621988090450781,6.28,0,0,0,0.02,0.08,0.03,0.15,0.9,0.1,-1.2,0.0,0,0,1,0,0.825,0.2
45,2,-0.36172011494636536,0.00848302710801363,-2.0790019035339355,6.28,6.28,0,0,0,0.02,0.08,0.03,0.15,0.9,0.1,-1.2,0.0,0,0,1,0,0.825,0.2
45,3,-0.03667100891470909,0.42304596304893494,-0.08193671703338623,6.28,6.28,0,0,0,0.02,0.08,0.03,0.15,0.9,0.1,-1.2,0.0,0,0,1,0,0.825,0.2
45,4,-0.8394492864608765,0.416326642036438,-2.859179735183716,6.28,6.28,0,0,0,0.02,0.08,0.03,0.15,0.9,0.1,-1.2,0.0,0,0,1,1,0.825,0.2
45,5,-0.16062968969345093,-0.44553476572036743,-1.3143748044967651,-6.28,0.3879750212425599,0,0,0,0.02,0.08,0.03,0.15,0.9,0.1,-1.2,0.0,0,0,1,0,0.825,0.2
45,6,-0.7389764785766602,0.41660916805267334,-2.3909993171691895,-6.28,4.83768960237292,0,0,0,0.02,0.08,0.03,0.15,0.9,0.1,-1.2,0.0,0,0,1,1,0.825,0.2
45,7,-0.8897602558135986,-0.19679374992847443,1.139054536819458,-4.176406855209488,4.385551897445036,0,0,0,0.02,0.08,0.03,0.15,0.9,0.1,-1.2,0.0,0,0,1,0,0.825,0.2
46,0,-0.21324454247951508,-0.28126060962677,2.2008209228515625,5.989168001142979,1.9948247970654798,0,0,0,0.02,0.08,0.03,0.15,0.9,0.1,-1.2,0.0,0,0,1,0,0.825,0.2
46,1,-0.3942248225212097,0.2625940442085266,0.3426784873008728,5.135485983163672,6.28,0,0,0,0.02,0.08,0.03,0.15,0.9,0.1,-1.2,0.0,0,0,1,0,0.825,0.2
46,2,-0.36783236265182495,-0.0024896052200347185,-2.0791916847229004,6.28,5.604638741088343,0,0,0,0.02,0.08,0.03,0.15,0.9,0.1,-1.2,0.0,0,0,1,0,0.825,0.2
46,3,-0.024153495207428932,0.42201822996139526,-0.08192824572324753,6.28,6.28,0,0,0,0.02,0.08,0.03,0.15,0.9,0.1,-1.2,0.0,0,0,1,0,0.825,0.2
46,4,-0.8515127897262573,0.41282591223716736,-2.859126567840576,6.28,6.28,0,0,0,0.02,0.08,0.03,0.15,0.9,0.1,-1.2,0.0,0,0,1,1,0.825,0.2
46,5,-0.1616751253604889,-0.44221314787864685,-1.1722750663757324,-6.28,0.40724907729377535,0,0,0,0.02,0.08,0.03,0.15,0.9,0.1,-1.2,0.0,0,0,1,0,0.825,0.2
46,6,-0.7395407557487488,0.4160670340061188,-2.713042736053467,4.058637738435762,-6.28,0,0,0,0.02,0.08,0.03,0.15,0.9,0.1,-1.2,0.0,0,0,1,1,0.825,0.2
46,7,-0.8898653388023376,-0.19719062745571136,1.5176283121109009,-3.050423770210601,4.296908272222783,0,0,0,0.02,0.08,0.03,0.15,0.9,0.1,-1.2,0.0,0,0,1,0,0.825,0.2
47,0,-0.2171694040298462,-0.2747434079647064,2.028311252593994,5.528786116543792,1.3612553508081073,0,0,0,0.02,0.08,0.03,0.15,0.9,0.1,-1.2,0.0,0,0,1,0,0.825,0.2
47,1,-0.38715705275535583,0.2659524083137512,0.5201176404953003,5.946434433408398,6.28,0,0,0,0.02,0.08,0.03,0.15,0.9,0.1,-1.2,0.0,0,0,1,0,0.825,0.2
47,2,-0.3739475905895233,-0.013461532071232796,-2.0792672634124756,6.28,4.254201804109119,0,0,0,0.02,0.08,0.03,0.15,0.9,0.1,-1.2,0.0,0,0,1,0,0.825,0.2
47,3,-0.01163578499108553,0.42099037766456604,-0.08194927871227264,6.28,6.28,0,0,0,0.02,0.08,0.03,0.15,0.9,0.1,-1.2,0.0,0,0,1,0,0.825,0.2
47,4,-0.8635772466659546,0.40932461619377136,-2.8591272830963135,6.28,6.28,0,0,0,0.02,0.08,0.03,0.15,0.9,0.1,-1.2,0.0,0,0,1,0,0.825,0.2
47,5,-0.16456028819084167,-0.43702152371406555,-0.9371195435523987,-6.28,0.3906311010927463,0,0,0,0.02,0.08,0.03,0.15,0.9,0.1,-1.2,0.0,0,0,1,0,0.825,0.2
47,6,-0.738531231880188,0.4165762662887573,-2.4774723052978516,-6.28,3.2979137152698565,0,0,0,0.02,0.08,0.03,0.15,0.9,0.1,-1.2,0.0,0,0,1,0,0.825,0.2
47,7,-0.8898570537567139,-0.19709868729114532,1.8746591806411743,-1.8137348912834157,4.515951196967813,0,0,0,0.02,0.08,0.03,0.15,0.9,0.1,-1.2,0.0,0,0,1,0,0.825,0.2
48,0,-0.22009293735027313,-0.2673393189907074,1.8603684902191162,5.92484543433518,1.1144411966210324,0,0,0,0.02,0.08,0.03,0.15,0.9,0.1,-1.2,0.0,0,0,1,0,0.825,0.2
48,1,-0.3779718279838562,0.27173545956611633,0.5836567878723145,6.122349644031778,6.28,0,0,0,0.02,0.08,0.03,0.15,0.9,0.1,-1.2,0.0,0,0,1,0,0.825,0.2
48,2,-0.3798626959323883,-0.023924654349684715,-2.098378896713257,6.28,3.147998228955784,0,0,0,0.02,0.08,0.03,0.15,0.9,0.1,-1.2,0.0,0,0,1,0,0.825,0.2
48,3,0.0008821989758871496,0.4199625253677368,-0.08195782452821732,6.28,6.28,0,0,0,0.02,0.08,0.03,0.15,0.9,0.1,-1.2,0.0,0,0,1,0,0.825,0.2
48,4,-0.8756415843963623,0.4058237075805664,-2.859205484390259,6.28,6.28,0,0,0,0.02,0.08,0.03,0.15,0.9,0.1,-1.2,0.0,0,0,1,0,0.825,0.2
48,5,-0.16850486397743225,-0.43276548385620117,-0.697914183139801,-6.28,3.0774581320927212,0,0,0,0.02,0.08,0.03,0.15,0.9,0.1,-1.2,0.0,0,0,1,0,0.825,0.2
48,6,-0.7371436953544617,0.41756317019462585,-2.715363025665283,-6.28,3.4401876674202905,0,0,0,0.02,0.08,0.03,0.15,0.9,0.1,-1.2,0.0,0,0,1,0,0.825,0.2
48,7,-0.890337347984314,-0.1961652785539627,2.1954784393310547,-0.34778185904561254,4.817192463369098,0,0,0,0.02,0.08,0.03,0.15,0.9,0.1,-1.2,0.0,0,0,1,0,0.825,0.2
49,0,-0.22154274582862854,-0.26038670539855957,1.6859188079833984,6.28,1.7243111670272666,0,0,0,0.02,0.08,0.03,0.15,0.9,0.1,-1.2,0.0,0,0,1,0,0.825,0.2
49,1,-0.36800968647003174,0.2784736752510071,0.6002976298332214,5.8642787198228845,6.28,0,0,0,0.02,0.08,0.03,0.15,0.9,0.1,-1.2,0.0,0,0,1,0,0.825,0.2
49,2,-0.38551342487335205,-0.03313765302300453,-2.160447359085083,6.28,1.6684295625500711,0,0,0,0.02,0.08,0.03,0.15,0.9,0.1,-1.2,0.0,0,0,1,0,0.825,0.2
49,3,0.013400423340499401,0.4189348816871643,-0.08192223310470581,6.28,6.28,0,0,0,0.02,0.08,0.03,0.15,0.9,0.1,-1.2,0.0,0,0,1,0,0.825,0.2
49,4,-0.8877053260803223,0.4023241698741913,-2.859274387359619,6.28,6.28,0,0,0,0.02,0.08,0.03,0.15,0.9,0.1,-1.2,0.0,0,0,1,0,0.825,0.2
49,5,-0.17307928204536438,-0.4298308491706848,-0.4469945430755615,5.991227162777138,6.28,0,0,0,0.02,0.08,0.03,0.15,0.9,0.1,-1.2,0.0,0,0,1,0,0.825,0.2
49,6,-0.734640896320343,0.418806791305542,-2.5091185569763184,-6.28,1.7575387591828473,0,0,0,0.02,0.08,0.03,0.15,0.9,0.1,-1.2,0.0,0,0,1,0,0.825,0.2
49,7,-0.892024040222168,-0.19442439079284668,2.470494508743286,-0.7786076298109956,5.175781388281146,0,0,0,0.02,0.08,0.03,0.15,0.9,0.1,-1.2,0.0,0,0,1,0,0.825,0.2
50,0,-0.221730038523674,-0.2537726163864136,1.5045063495635986,6.28,3.1483014316449243,0,0,0,0.02,0.08,0.03,0.15,0.9,0.1,-1.2,0.0,0,0,1,0,0.825,0.2
50,1,-0.3578426241874695,0.2854847311973572,0.606549859046936,5.6131100113435375,6.28,0,0,0,0.02,0.08,0.03,0.15,0.9,0.1,-1.2,0.0,0,0,1,0,0.825,0.2
50,2,-0.39122629165649414,-0.04092981666326523,-2.263252019882202,6.28,2.970331306786478,0,0,0,0.02,0.08,0.03,0.15,0.9,0.1,-1.2,0.0,0,0,1,0,0.825,0.2
50,3,0.025918764993548393,0.4179074466228485,-0.0818808451294899,6.28,6.28,0,0,0,0.02,0.08,0.03,0.15,0.9,0.1,-1.2,0.0,0,0,1,0,0.825,0.2
50,4,-0.8997681736946106,0.3988249897956848,-2.8592448234558105,6.28,6.28,0,0,0,0.02,0.08,0.03,0.15,0.9,0.1,-1.2,0.0,0,0,1,0,0.825,0.2
50,5,-0.17296022176742554,-0.42971479892730713,-0.2569194436073303,6.28,6.28,0,0,0,0.02,0.08,0.03,0.15,0.9,0.1,-1.2,0.0,0,0,1,0,0.825,0.2
50,6,-0.7331849932670593,0.42044132947921753,-2.124770402908325,-6.28,1.2512973017853506,0,0,0,0.02,0.08,0.03,0.15,0.9,0.1,-1.2,0.0,0,0,1,0,0.825,0.2
50,7,-0.8953867554664612,-0.19235695898532867,2.689840793609619,0.7707054228384735,5.451460983867115,0,0,0,0.02,0.08,0.03,0.15,0.9,0.1,-1.2,0.0,0,0,1,0,0.825,0.2
51,0,-0.22056891024112701,-0.24647577106952667,1.327391266822815,6.28,4.435745196906699,0,0,0,0.02,0.08,0.03,0.15,0.9,0.1,-1.2,0.0,0,0,1,0,0.825,0.2
51,1,-0.3478579521179199,0.2924779951572418,0.6191899180412292,5.43219164527906,6.28,0,0,0,0.02,0.08,0.03,0.15,0.9,0.1,-1.2,0.0,0,0,1,0,0.825,0.2
51,2,-0.3969062566757202,-0.046938251703977585,-2.4153289794921875,6.28,4.908105360885301,0,0,0,0.02,0.08,0.03,0.15,0.9,0.1,-1.2,0.0,0,0,1,0,0.825,0.2
51,3,0.03843705728650093,0.4168802499771118,-0.08188052475452423,6.28,6.28,0,0,0,0.02,0.08,0.03,0.15,0.9,0.1,-1.2,0.0,0,0,1,0,0.825,0.2
51,4,-0.9118326306343079,0.39532509446144104,-2.8592169284820557,6.28,6.28,0,0,0,0.02,0.08,0.03,0.15,0.9,0.1,-1.2,0.0,0,0,1,0,0.825,0.2
51,5,-0.16293483972549438,-0.4320574402809143,-0.22215737402439117,4.747687821037554,6.28,0,0,0,0.02,0.08,0.03,0.15,0.9,0.1,-1.2,0.0,0,0,1,0,0.825,0.2
51,6,-0.7344724535942078,0.4185156524181366,-2.060321092605591,-6.28,0.9345416599535472,0,0,0,0.02,0.08,0.03,0.15,0.9,0.1,-1.2,0.0,0,0,1,0,0.825,0.2
51,7,-0.8991811871528625,-0.19100014865398407,2.9183459281921387,1.664328942401201,5.86598349907067,0,0,0,0.02,0.08,0.03,0.15,0.9,0.1,-1.2,0.0,0,0,1,0,0.825,0.2
52,0,-0.21781834959983826,-0.23809075355529785,1.1961753368377686,6.28,5.172375637675402,0,0,0,0.02,0.08,0.03,0.15,0.9,0.1,-1.2,0.0,0,0,1,0,0.825,0.2
52,1,-0.33819425106048584,0.2994953691959381,0.6409596800804138,5.35092721439209,6.28,0,0,0,0.02,0.08,0.03,0.15,0.9,0.1,-1.2,0.0,0,0,1,0,0.825,0.2
52,2,-0.40397995710372925,-0.052403923124074936,-2.543391466140747,6.28,6.015206722394282,0,0,0,0.02,0.08,0.03,0.15,0.9,0.1,-1.2,0.0,0,0,1,0,0.825,0.2
52,3,0.0509551540017128,0.4158531427383423,-0.08190266042947769,6.28,6.28,0,0,0,0.02,0.08,0.03,0.15,0.9,0.1,-1.2,0.0,0,0,1,0,0.825,0.2
52,4,-0.9238980412483215,0.3918246626853943,-2.8592066764831543,6.28,6.28,0,0,0,0.02,0.08,0.03,0.15,0.9,0.1,-1.2,0.0,0,0,1,0,0.825,0.2
52,5,-0.15072940289974213,-0.4348156750202179,-0.22125235199928284,1.1823327211046595,6.28,0,0,0,0.02,0.08,0.03,0.15,0.9,0.1,-1.2,0.0,0,0,1,0,0.825,0.2
52,6,-0.7335126399993896,0.4208630323410034,-1.8782649040222168,-6.28,2.1549730731409387,0,0,0,0.02,0.08,0.03,0.15,0.9,0.1,-1.2,0.0,0,0,1,0,0.825,0.2
52,7,-0.9045594334602356,-0.19035080075263977,3.108121156692505,2.3753753648022378,6.076708756299781,0,0,0,0.02,0.08,0.03,0.15,0.9,0.1,-1.2,0.0,0,0,1,0,0.825,0.2
53,0,-0.21361815929412842,-0.2287382334470749,1.1157575845718384,6.28,5.8994858922102145,0,0,0,0.02,0.08,0.03,0.15,0.9,0.1,-1.2,0.0,0,0,1,0,0.825,0.2
53,1,-0.32886606454849243,0.3066394329071045,0.6696422100067139,4.455960526456656,6.28,0,0,0,0.02,0.08,0.03,0.15,0.9,0.1,-1.2,0.0,0,0,1,0,0.825,0.2
53,2,-0.4131103754043579,-0.058112967759370804,-2.6062309741973877,6.28,6.28,0,0,0,0.02,0.08,0.03,0.15,0.9,0.1,-1.2,0.0,0,0,1,0,0.825,0.2
53,3,0.06347297877073288,0.41482600569725037,-0.08190496265888214,6.28,6.28,0,0,0,0.02,0.08,0.03,0.15,0.9,0.1,-1.2,0.0,0,0,1,0,0.825,0.2
53,4,-0.9359631538391113,0.3883243203163147,-2.8592255115509033,6.28,6.28,0,0,0,0.02,0.08,0.03,0.15,0.9,0.1,-1.2,0.0,0,0,1,0,0.825,0.2
53,5,-0.1395297348499298,-0.4371654689311981,-0.17394839227199554,-2.601720292370868,5.169000473142172,0,0,0,0.02,0.08,0.03,0.15,0.9,0.1,-1.2,0.0,0,0,1,0,0.825,0.2
53,6,-0.7325392961502075,0.4259411096572876,-1.6273515224456787,3.3343217831221077,6.28,0,0,0,0.02,0.08,0.03,0.15,0.9,0.1,-1.2,0.0,0,0,1,0,0.825,0.2
53,7,-0.9114151000976562,-0.19070403277873993,-3.010394811630249,3.010027244561818,6.173911700621103,0,0,0,0.02,0.08,0.03,0.15,0.9,0.1,-1.2,0.0,0,0,1,0,0.825,0.2
54,0,-0.20842470228672028,-0.21881239116191864,1.0690522193908691,6.28,6.28,0,0,0,0.02,0.08,0.03,0.15,0.9,0.1,-1.2,0.0,0,0,1,0,0.825,0.2
54,1,-0.3198411464691162,0.3140038847923279,0.7018406987190247,4.4992050224525695,6.28,0,0,0,0.02,0.08,0.03,0.15,0.9,0.1,-1.2,0.0,0,0,1,0,0.825,0.2
54,2,-0.42358100414276123,-0.0641256645321846,-2.623243808746338,6.28,6.28,0,0,0,0.02,0.08,0.03,0.15,0.9,0.1,-1.2,0.0,0,0,1,0,0.825,0.2
54,3,0.07599056512117386,0.4137986898422241,-0.08189897239208221,6.28,6.28,0,0,0,0.02,0.08,0.03,0.15,0.9,0.1,-1.2,0.0,0,0,1,0,0.825,0.2
54,4,-0.9480271935462952,0.38482463359832764,-2.8592629432678223,6.28,6.28,0,0,0,0.02,0.08,0.03,0.15,0.9,0.1,-1.2,0.0,0,0,1,0,0.825,0.2
54,5,-0.13097617030143738,-0.43815192580223083,-0.004936146084219217,5.353411949467615,6.28,0,0,0,0.02,0.08,0.03,0.15,0.9,0.1,-1.2,0.0,0,0,1,0,0.825,0.2
54,6,-0.732550323009491,0.42727130651474,-1.4471639394760132,6.084577504759343,6.28,0,0,0,0.02,0.08,0.03,0.15,0.9,0.1,-1.2,0.0,0,0,1,0,0.825,0.2
54,7,-0.9191560745239258,-0.1923292875289917,-2.8645496368408203,3.31073055256142,6.143547599908057,0,0,0,0.02,0.08,0.03,0.15,0.9,0.1,-1.2,0.0,0,0,1,0,0.825,0.2
55,0,-0.2025170922279358,-0.2083408385515213,1.0510292053222656,6.28,6.28,0,0,0,0.02,0.08,0.03,0.15,0.9,0.1,-1.2,0.0,0,0,1,0,0.825,0.2
55,1,-0.3116680681705475,0.32124394178390503,0.7597838640213013,4.478869852261135,6.28,0,0,0,0.02,0.08,0.03,0.15,0.9,0.1,-1.2,0.0,0,0,1,0,0.825,0.2
55,2,-0.4344530999660492,-0.07030260562896729,-2.6242871284484863,6.28,6.28,0,0,0,0.02,0.08,0.03,0.15,0.9,0.1,-1.2,0.0,0,0,1,0,0.825,0.2
55,3,0.08850802481174469,0.4127711355686188,-0.08192279934883118,6.28,6.28,0,0,0,0.02,0.08,0.03,0.15,0.9,0.1,-1.2,0.0,0,0,1,0,0.825,0.2
55,4,-0.9600911140441895,0.381325364112854,-2.859246015548706,6.28,6.28,0,0,0,0.02,0.08,0.03,0.15,0.9,0.1,-1.2,0.0,0,0,1,0,0.825,0.2
55,5,-0.12672477960586548,-0.4377329647541046,0.2752620577812195,6.28,6.28,0,0,0,0.02,0.08,0.03,0.15,0.9,0.1,-1.2,0.0,0,0,1,0,0.825,0.2
55,6,-0.7310397624969482,0.4203932583332062,-1.3089383840560913,-0.1428528383534529,6.28,0,0,0,0.02,0.08,0.03,0.15,0.9,0.1,-1.2,0.0,0,0,1,0,0.825,0.2
55,7,-0.9273775219917297,-0.19526320695877075,-2.738938331604004,3.6825384246589596,6.0279484413889275,0,0,0,0.02,0.08,0.03,0.15,0.9,0.1,-1.2,0.0,0,0,1,0,0.825,0.2
56,0,-0.19629110395908356,-0.19752463698387146,1.0488799810409546,6.28,6.28,0,0,0,0.02,0.08,0.03,0.15,0.9,0.1,-1.2,0.0,0,0,1,0,0.825,0.2
56,1,-0.30408161878585815,0.3288959860801697,0.8228976726531982,4.43561371736351,6.28,0,0,0,0.02,0.08,0.03,0.15,0.9,0.1,-1.2,0.0,0,0,1,0,0.825,0.2
56,2,-0.44536516070365906,-0.07652023434638977,-2.623819351196289,6.28,6.28,0,0,0,0.02,0.08,0.03,0.15,0.9,0.1,-1.2,0.0,0,0,1,0,0.825,0.2
56,3,0.1010255292057991,0.4117433726787567,-0.08196118474006653,6.28,6.28,0,0,0,0.02,0.08,0.03,0.15,0.9,0.1,-1.2,0.0,0,0,1,0,0.825,0.2
56,4,-0.9721548557281494,0.3778254985809326,-2.85918927192688,6.28,6.28,0,0,0,0.02,0.08,0.03,0.15,0.9,0.1,-1.2,0.0,0,0,1,0,0.825,0.2
56,5,-0.11734114587306976,-0.4343278110027313,0.36300355195999146,6.28,6.28,0,0,0,0.02,0.08,0.03,0.15,0.9,0.1,-1.2,0.0,0,0,1,0,0.825,0.2
56,6,-0.7277326583862305,0.4090229570865631,-1.2832783460617065,-4.607707115089308,4.4021966700727635,0,0,0,0.02,0.08,0.03,0.15,0.9,0.1,-1.2,0.0,0,0,1,0,0.825,0.2
56,7,-0.93556809425354,-0.19930970668792725,-2.6280248165130615,4.321406777571269,5.914267382040471,0,0,0,0.02,0.08,0.03,0.15,0.9,0.1,-1.2,0.0,0,0,1,0,0.825,0.2
57,0,-0.19003239274024963,-0.18663392961025238,1.0492507219314575,6.28,6.28,0,0,0,0.02,0.08,0.03,0.15,0.9,0.1,-1.2,0.0,0,0,1,0,0.825,0.2
57,1,-0.29700326919555664,0.3370056748390198,0.8861682415008545,4.429516594586931,6.28,0,0,0,0.02,0.08,0.03,0.15,0.9,0.1,-1.2,0.0,0,0,1,0,0.825,0.2
57,2,-0.4562775790691376,-0.08273909986019135,-2.6237049102783203,6.28,6.28,0,0,0,0.02,0.08,0.03,0.15,0.9,0.1,-1.2,0.0,0,0,1,0,0.825,0.2
57,3,0.11354323476552963,0.4107154905796051,-0.0819622278213501,6.28,6.28,0,0,0,0.02,0.08,0.03,0.15,0.9,0.1,-1.2,0.0,0,0,1,0,0.825,0.2
57,4,-0.984219491481781,0.3743249475955963,-2.8591880798339844,6.28,6.28,0,0,0,0.02,0.08,0.03,0.15,0.9,0.1,-1.2,0.0,0,0,1,0,0.825,0.2
57,5,-0.10583985596895218,-0.42987093329429626,0.36850589513778687,6.28,6.28,0,0,0,0.02,0.08,0.03,0.15,0.9,0.1,-1.2,0.0,0,0,1,0,0.825,0.2
57,6,-0.7252761125564575,0.40202152729034424,-1.1001169681549072,-1.2796985765027857,5.857225596714654,0,0,0,0.02,0.08,0.03,0.15,0.9,0.1,-1.2,0.0,0,0,1,0,0.825,0.2
57,7,-0.9436755180358887,-0.20437933504581451,-2.5394015312194824,5.074312299722183,5.774962553677923,0,0,0,0.02,0.08,0.03,0.15,0.9,0.1,-1.2,0.0,0,0,1,0,0.825,0.2
58,0,-0.18377572298049927,-0.17574000358581543,1.0494086742401123,6.28,6.28,0,0,0,0.02,0.08,0.03,0.15,0.9,0.1,-1.2,0.0,0,0,1,0,0.825,0.2
58,1,-0.2904781699180603,0.3455154001712799,0.9507445096969604,4.515205767340227,6.273218860681168,0,0,0,0.02,0.08,0.03,0.15,0.9,0.1,-1.2,0.0,0,0,1,0,0.825,0.2
58,2,-0.46719053387641907,-0.08895741403102875,-2.623703718185425,6.28,6.28,0,0,0,0.02,0.08,0.03,0.15,0.9,0.1,-1.2,0.0,0,0,1,0,0.825,0.2
58,3,0.12606121599674225,0.40968766808509827,-0.08192551881074905,6.28,6.28,0,0,0,0.02,0.08,0.03,0.15,0.9,0.1,-1.2,0.0,0,0,1,0,0.825,0.2
58,4,-0.9962841868400574,0.37082475423812866,-2.8592605590820312,6.28,6.28,0,0,0,0.02,0.08,0.03,0.15,0.9,0.1,-1.2,0.0,0,0,1,0,0.825,0.2
58,5,-0.0941443219780922,-0.4253430962562561,0.3678204119205475,6.28,3.057600599423992,0,0,0,0.02,0.08,0.03,0.15,0.9,0.1,-1.2,0.0,0,0,1,0,0.825,0.2
58,6,-0.724513590335846,0.40075212717056274,-0.782500684261322,3.1035050933803423,6.28,0,0,0,0.02,0.08,0.03,0.15,0.9,0.1,-1.2,0.0,0,0,1,0,0.825,0.2
58,7,-0.9518240690231323,-0.21038852632045746,-2.478386163711548,5.102011608946404,5.615516184968743,0,0,0,0.02,0.08,0.03,0.15,0.9,0.1,-1.2,0.0,0,0,1,0,0.825,0.2
59,0,-0.17751935124397278,-0.16484609246253967,1.0494810342788696,6.28,6.28,0,0,0,0.02,0.08,0.03,0.15,0.9,0.1,-1.2,0.0,0,0,1,0,0.825,0.2
59,1,-0.2845248878002167,0.35441669821739197,1.0157926082611084,4.6615761543030345,6.183724796802056,0,0,0,0.02,0.08,0.03,0.15,0.9,0.1,-1.2,0.0,0,0,1,0,0.825,0.2
59,2,-0.4781039357185364,-0.09517552703619003,-2.6236939430236816,6.28,6.28,0,0,0,0.02,0.08,0.03,0.15,0.9,0.1,-1.2,0.0,0,0,1,0,0.825,0.2
59,3,0.13857942819595337,0.40865999460220337,-0.08190356940031052,6.28,6.28,0,0,0,0.02,0.08,0.03,0.15,0.9,0.1,-1.2,0.0,0,0,1,0,0.825,0.2
59,4,-1.008347988128662,0.36732587218284607,-2.8593294620513916,6.28,6.28,0,0,0,0.02,0.08,0.03,0.15,0.9,0.1,-1.2,0.0,0,0,1,0,0.825,0.2
59,5,-0.08243158459663391,-0.4208267033100128,0.36758288741111755,6.28,0.9313292296068497,0,0,0,0.02,0.08,0.03,0.15,0.9,0.1,-1.2,0.0,0,0,1,0,0.825,0.2
59,6,-0.7212477922439575,0.3985082507133484,-0.4953526556491852,4.863309688075461,6.28,0,0,0,0.02,0.08,0.03,0.15,0.9,0.1,-1.2,0.0,0,0,1,0,0.825,0.2
59,7,-0.9601451754570007,-0.21715542674064636,-2.447805166244507,5.453591590174751,5.531928969531526,0,0,0,0.02,0.08,0.03,0.15,0.9,0.1,-1.2,0.0,0,0,1,0,0.825,0.2
60,0,-0.17126400768756866,-0.15395334362983704,1.0495158433914185,6.28,6.28,0,0,0,0.02,0.08,0.03,0.15,0.9,0.1,-1.2,0.0,0,0,1,0,0.825,0.2
60,1,-0.2791258692741394,0.3637343645095825,1.0783051252365112,4.963785930793516,5.725102718573363,0,0,0,0.02,0.08,0.03,0.15,0.9,0.1,-1.2,0.0,0,0,1,0,0.825,0.2
60,2,-0.48901695013046265,-0.10139370709657669,-2.6236836910247803,6.28,6.28,0,0,0,0.02,0.08,0.03,0.15,0.9,0.1,-1.2,0.0,0,0,1,0,0.825,0.2
60,3,0.15109777450561523,0.40763258934020996,-0.08191201090812683,6.28,6.28,0,0,0,0.02,0.08,0.03,0.15,0.9,0.1,-1.2,0.0,0,0,1,0,0.825,0.2
60,4,-1.0204111337661743,0.36382734775543213,-2.859299898147583,6.28,6.28,0,0,0,0.02,0.08,0.03,0.15,0.9,0.1,-1.2,0.0,0,0,1,0,0.825,0.2
60,5,-0.07282845675945282,-0.4174482226371765,0.2699047327041626,6.28,1.7361475412943657,0,0,0,0.02,0.08,0.03,0.15,0.9,0.1,-1.2,0.0,0,0,1,0,0.825,0.2
60,6,-0.7133125066757202,0.39511838555336,-0.3409503400325775,4.970177956959049,6.28,0,0,0,0.02,0.08,0.03,0.15,0.9,0.1,-1.2,0.0,0,0,1,0,0.825,0.2
60,7,-0.9683324694633484,-0.2241118997335434,-2.4288291931152344,5.511980845860548,5.467462312023218,0,0,0,0.02,0.08,0.03,0.15,0.9,0.1,-1.2,0.0,0,0,1,0,0.825,0.2
61,0,-0.16500964760780334,-0.1430620402097702,1.049527645111084,6.28,6.28,0,0,0,0.02,0.08,0.03,0.15,0.9,0.1,-1.2,0.0,0,0,1,0,0.825,0.2
61,1,-0.27426692843437195,0.3734104037284851,1.1335337162017822,5.513324199021439,5.665691579818234,0,0,0,0.02,0.08,0.03,0.15,0.9,0.1,-1.2,0.0,0,0,1,0,0.825,0.2
61,2,-0.4999295473098755,-0.10761143267154694,-2.6237051486968994,6.28,6.28,0,0,0,0.02,0.08,0.03,0.15,0.9,0.1,-1.2,0.0,0,0,1,0,0.825,0.2
61,3,0.16361607611179352,0.4066053628921509,-0.081908218562603,6.28,6.28,0,0,0,0.02,0.08,0.03,0.15,0.9,0.1,-1.2,0.0,0,0,1,0,0.825,0.2
61,4,-1.0324757099151611,0.3603281080722809,-2.859271764755249,6.28,6.28,0,0,0,0.02,0.08,0.03,0.15,0.9,0.1,-1.2,0.0,0,0,1,0,0.825,0.2
61,5,-0.06497939676046371,-0.4158913493156433,0.08439863473176956,6.28,3.757267726525609,0,0,0,0.02,0.08,0.03,0.15,0.9,0.1,-1.2,0.0,0,0,1,0,0.825,0.2
61,6,-0.7029097080230713,0.3918982446193695,-0.2739344835281372,4.102544675751055,6.28,0,0,0,0.02,0.08,0.03,0.15,0.9,0.1,-1.2,0.0,0,0,1,0,0.825,0.2
61,7,-0.9765702486038208,-0.2312995046377182,-2.423316240310669,5.6986161009443945,5.443588156410673,0,0,0,0.02,0.08,0.03,0.15,0.9,0.1,-1.2,0.0,0,0,1,0,0.825,0.2
62,0,-0.15875563025474548,-0.1321709305047989,1.0495424270629883,6.28,6.28,0,0,0,0.02,0.08,0.03,0.15,0.9,0.1,-1.2,0.0,0,0,1,0,0.825,0.2
62,1,-0.26991045475006104,0.3831975758075714,1.1656360626220703,5.987232810764695,5.674809742548245,0,0,0,0.02,0.08,0.03,0.15,0.9,0.1,-1.2,0.0,0,0,1,0,0.825,0.2
62,2,-0.5108428597450256,-0.11382925510406494,-2.623718023300171,6.28,6.28,0,0,0,0.02,0.08,0.03,0.15,0.9,0.1,-1.2,0.0,0,0,1,0,0.825,0.2
62,3,0.1761341691017151,0.40557825565338135,-0.08187992125749588,6.28,6.28,0,0,0,0.02,0.08,0.03,0.15,0.9,0.1,-1.2,0.0,0,0,1,0,0.825,0.2
62,4,-1.0445412397384644,0.35682836174964905,-2.8592610359191895,6.28,6.256639685392072,0,0,0,0.02,0.08,0.03,0.15,0.9,0.1,-1.2,0.0,0,0,1,0,0.825,0.2
62,5,-0.056885890662670135,-0.4159314036369324,-0.08976460248231888,6.28,4.697778762149793,0,0,0,0.02,0.08,0.03,0.15,0.9,0.1,-1.2,0.0,0,0,1,0,0.825,0.2
62,6,-0.6919636726379395,0.38912469148635864,-0.22503046691417694,2.478391098554809,6.28,0,0,0,0.02,0.08,0.03,0.15,0.9,0.1,-1.2,0.0,0,0,1,0,0.825,0.2
62,7,-0.9848364591598511,-0.238526850938797,-2.42434024810791,5.5549304037809355,5.424915438519015,0,0,0,0.02,0.08,0.03,0.15,0.9,0.1,-1.2,0.0,0,0,1,0,0.825,0.2
63,0,-0.15250173211097717,-0.1212795227766037,1.0495638847351074,6.28,6.28,0,0,0,0.02,0.08,0.03,0.15,0.9,0.1,-1.2,0.0,0,0,1,0,0.825,0.2
63,1,-0.2656188905239105,0.393402099609375,1.175097107887268,6.28,5.130408062807843,0,0,0,0.02,0.08,0.03,0.15,0.9,0.1,-1.2,0.0,0,0,1,0,0.825,0.2
63,2,-0.5217564105987549,-0.12004704028367996,-2.6237223148345947,6.28,5.824567186315536,0,0,0,0.02,0.08,0.03,0.15,0.9,0.1,-1.2,0.0,0,0,1,0,0.825,0.2
63,3,0.18865200877189636,0.40455111861228943,-0.08187820017337799,6.28,6.28,0,0,0,0.02,0.08,0.03,0.15,0.9,0.1,-1.2,0.0,0,0,1,0,0.825,0.2
63,4,-1.056606650352478,0.3533286452293396,-2.8592793941497803,6.28,6.28,0,0,0,0.02,0.08,0.03,0.15,0.9,0.1,-1.2,0.0,0,0,1,0,0.825,0.2
63,5,-0.047421183437108994,-0.4173700511455536,-0.19428317248821259,6.28,4.897304136970056,0,0,0,0.02,0.08,0.03,0.15,0.9,0.1,-1.2,0.0,0,0,1,0,0.825,0.2
63,6,-0.6816225051879883,0.3870810866355896,-0.15301759541034698,0.526380487770264,5.092977985535593,0,0,0,0.02,0.08,0.03,0.15,0.9,0.1,-1.2,0.0,0,0,1,0,0.825,0.2
63,7,-0.9932296276092529,-0.24580590426921844,-2.432037115097046,5.376357203715804,4.335032398624643,0,0,0,0.02,0.08,0.03,0.15,0.9,0.1,-1.2,0.0,0,0,1,0,0.825,0.2
64,0,-0.14624829590320587,-0.11038869619369507,1.0495449304580688,6.28,6.28,0,0,0,0.02,0.08,0.03,0.15,0.9,0.1,-1.2,0.0,0,0,1,0,0.825,0.2
64,1,-0.26114335656166077,0.4040631055831909,1.1669445037841797,6.28,5.098381420214986,0,0,0,0.02,0.08,0.03,0.15,0.9,0.1,-1.2,0.0,0,0,1,0,0.825,0.2
64,2,-0.5326701402664185,-0.12626495957374573,-2.6237072944641113,6.28,5.601545003581991,0,0,0,0.02,0.08,0.03,0.15,0.9,0.1,-1.2,0.0,0,0,1,0,0.825,0.2
64,3,0.20116958022117615,0.4035238027572632,-0.08192425221204758,6.28,6.28,0,0,0,0.02,0.08,0.03,0.15,0.9,0.1,-1.2,0.0,0,0,1,0,0.825,0.2
64,4,-1.0686521530151367,0.3498380780220032,-2.8600358963012695,6.28,6.133215605604737,0,0,0,0.02,0.08,0.03,0.15,0.9,0.1,-1.2,0.0,0,0,1,0,0.825,0.2
64,5,-0.036973729729652405,-0.41980043053627014,-0.25737953186035156,6.28,4.908116230704933,0,0,0,0.02,0.08,0.03,0.15,0.9,0.1,-1.2,0.0,0,0,1,0,0.825,0.2
64,6,-0.6726047396659851,0.3861471116542816,-0.029817963019013405,-1.443249509473382,4.408197119817535,0,0,0,0.02,0.08,0.03,0.15,0.9,0.1,-1.2,0.0,0,0,1,0,0.825,0.2
64,7,-1.0016072988510132,-0.25295382738113403,-2.4375953674316406,5.113291720475616,4.258822603091895,0,0,0,0.02,0.08,0.03,0.15,0.9,0.1,-1.2,0.0,0,0,1,0,0.825,0.2
65,0,-0.13999411463737488,-0.09949783235788345,1.0495060682296753,6.28,6.28,0,0,0,0.02,0.08,0.03,0.15,0.9,0.1,-1.2,0.0,0,0,1,0,0.825,0.2
65,1,-0.2565024793148041,0.4145435094833374,1.131949543952942,5.738014304136475,3.1799805072458485,0,0,0,0.02,0.08,0.03,0.15,0.9,0.1,-1.2,0.0,0,0,1,0,0.825,0.2
65,2,-0.5432921051979065,-0.13225914537906647,-2.636575222015381,6.28,4.91368160473466,0,0,0,0.02,0.08,0.03,0.15,0.9,0.1,-1.2,0.0,0,0,1,0,0.825,0.2
65,3,0.21368704736232758,0.40249624848365784,-0.08195064216852188,6.153928188381058,6.28,0,0,0,0.02,0.08,0.03,0.15,0.9,0.1,-1.2,0.0,0,0,1,0,0.825,0.2
65,4,-1.080714464187622,0.3463517427444458,-2.8602025508880615,6.28,5.805590673214483,0,0,0,0.02,0.08,0.03,0.15,0.9,0.1,-1.2,0.0,0,0,1,0,0.825,0.2
65,5,-0.026328472420573235,-0.42287829518318176,-0.30836912989616394,6.28,4.941500603136459,0,0,0,0.02,0.08,0.03,0.15,0.9,0.1,-1.2,0.0,0,0,1,0,0.825,0.2
65,6,-0.6663503646850586,0.38638395071029663,0.12550869584083557,-2.8846141418994886,4.411942436770295,0,0,0,0.02,0.08,0.03,0.15,0.9,0.1,-1.2,0.0,0,0,1,0,0.825,0.2
65,7,-1.0092848539352417,-0.2593405544757843,-2.4685847759246826,5.611065083832446,4.647912745713192,0,0,0,0.02,0.08,0.03,0.15,0.9,0.1,-1.2,0.0,0,0,1,0,0.825,0.2
66,0,-0.13373872637748718,-0.08860558271408081,1.049489140510559,6.28,6.28,0,0,0,0.02,0.08,0.03,0.15,0.9,0.1,-1.2,0.0,0,0,1,0,0.825,0.2
66,1,-0.25146523118019104,0.42475640773773193,1.0902369022369385,2.6439014915237995,-6.28,0,0,0,0.02,0.08,0.03,0.15,0.9,0.1,-1.2,0.0,0,0,1,0,0.825,0.2
66,2,-0.5537843704223633,-0.13793063163757324,-2.6590304374694824,4.652242696988546,3.910318982648072,0,0,0,0.02,0.08,0.03,0.15,0.9,0.1,-1.2,0.0,0,0,1,0,0.825,0.2
66,3,0.22620455920696259,0.4014684855937958,-0.08193578571081161,5.865845366831295,6.0560228889474494,0,0,0,0.02,0.08,0.03,0.15,0.9,0.1,-1.2,0.0,0,0,1,0,0.825,0.2
66,4,-1.0926743745803833,0.3429151177406311,-2.865140199661255,6.28,5.669712828430895,0,0,0,0.02,0.08,0.03,0.15,0.9,0.1,-1.2,0.0,0,0,1,0,0.825,0.2
66,5,-0.015854880213737488,-0.4264913499355316,-0.3600819706916809,1.9804658881215127,5.746916414032661,0,0,0,0.02,0.08,0.03,0.15,0.9,0.1,-1.2,0.0,0,0,1,0,0.825,0.2
66,6,-0.6629213690757751,0.38711807131767273,0.32205894589424133,-3.3518449087648143,4.488174120838309,0,0,0,0.02,0.08,0.03,0.15,0.9,0.1,-1.2,0.0,0,0,1,0,0.825,0.2
66,7,-1.0168333053588867,-0.26515334844589233,-2.503103494644165,6.052327172448131,4.938327291171146,0,0,0,0.02,0.08,0.03,0.15,0.9,0.1,-1.2,0.0,0,0,1,0,0.825,0.2
67,0,-0.12748266756534576,-0.07771208137273788,1.0495038032531738,6.28,6.28,0,0,0,0.02,0.08,0.03,0.15,0.9,0.1,-1.2,0.0,0,0,1,0,0.825,0.2
67,1,-0.24685725569725037,0.4329691529273987,1.009881854057312,0.31711318064359395,-6.28,0,0,0,0.02,0.08,0.03,0.15,0.9,0.1,-1.2,0.0,0,0,1,0,0.825,0.2
67,2,-0.5639126896858215,-0.1430152952671051,-2.702397346496582,3.2352776448068012,3.3634847104005505,0,0,0,0.02,0.08,0.03,0.15,0.9,0.1,-1.2,0.0,0,0,1,0,0.825,0.2
67,3,0.23862285912036896,0.40046319365501404,-0.07835832238197327,5.745497159655069,5.636025037712473,0,0,0,0.02,0.08,0.03,0.15,0.9,0.1,-1.2,0.0,0,0,1,0,0.825,0.2
67,4,-1.1043884754180908,0.3396732807159424,-2.8826119899749756,6.28,5.617505665841484,0,0,0,0.02,0.08,0.03,0.15,0.9,0.1,-1.2,0.0,0,0,1,0,0.825,0.2
67,5,-0.005561663769185543,-0.43065062165260315,-0.41128063201904297,-6.28,2.8448168367522357,0,0,0,0.02,0.08,0.03,0.15,0.9,0.1,-1.2,0.0,0,0,1,0,0.825,0.2
67,6,-0.6612488627433777,0.3878818452358246,0.5693574547767639,-3.044476984448035,4.575007704021535,0,0,0,0.02,0.08,0.03,0.15,0.9,0.1,-1.2,0.0,0,0,1,0,0.825,0.2
67,7,-1.0250675678253174,-0.271052747964859,-2.5379059314727783,5.814962367819161,5.069899093444677,0,0,0,0.02,0.08,0.03,0.15,0.9,0.1,-1.2,0.0,0,0,1,0,0.825,0.2
68,0,-0.12122658640146255,-0.0668177604675293,1.0495492219924927,6.28,6.28,0,0,0,0.02,0.08,0.03,0.15,0.9,0.1,-1.2,0.0,0,0,1,0,0.825,0.2
68,1,-0.24814140796661377,0.43274828791618347,0.7425039410591125,0.2607125318686197,-6.28,0,0,0,0.02,0.08,0.03,0.15,0.9,0.1,-1.2,0.0,0,0,1,0,0.825,0.2
68,2,-0.5722161531448364,-0.1467456817626953,-2.7333712577819824,2.0701218311556127,3.404425546332952,0,0,0,0.02,0.08,0.03,0.15,0.9,0.1,-1.2,0.0,0,0,1,0,0.825,0.2
68,3,0.2506128251552582,0.3995538353919983,-0.07208407670259476,5.270817934828936,6.28,0,0,0,0.02,0.08,0.03,0.15,0.9,0.1,-1.2,0.0,0,0,1,0,0.825,0.2
68,4,-1.1160515546798706,0.3367086350917816,-2.905322551727295,6.28,5.021859276062049,0,0,0,0.02,0.08,0.03,0.15,0.9,0.1,-1.2,0.0,0,0,1,0,0.825,0.2
68,5,0.0022167148999869823,-0.43385133147239685,-0.31458786129951477,-6.28,1.1844836500409586,0,0,0,0.02,0.08,0.03,0.15,0.9,0.1,-1.2,0.0,0,0,1,0,0.825,0.2
68,6,-0.6602826714515686,0.3886701166629791,0.8429843783378601,-2.8048570467389378,4.751072483758129,0,0,0,0.02,0.08,0.03,0.15,0.9,0.1,-1.2,0.0,0,0,1,0,0.825,0.2
68,7,-1.0341062545776367,-0.27704712748527527,-2.57607102394104,5.955244907573739,5.223670657231204,0,0,0,0.02,0.08,0.03,0.15,0.9,0.1,-1.2,0.0,0,0,1,0,0.825,0.2
69,0,-0.11497123539447784,-0.05592343956232071,1.0496035814285278,6.28,6.28,0,0,0,0.02,0.08,0.03,0.15,0.9,0.1,-1.2,0.0,0,0,1,0,0.825,0.2
69,1,-0.2524626851081848,0.4296034872531891,0.47888439893722534,2.00322373104979,-6.28,0,0,0,0.02,0.08,0.03,0.15,0.9,0.1,-1.2,0.0,0,0,1,0,0.825,0.2
69,2,-0.5786452293395996,-0.1494862139225006,-2.734687328338623,1.0921907750585422,2.961483747807698,0,0,0,0.02,0.08,0.03,0.15,0.9,0.1,-1.2,0.0,0,0,1,0,0.825,0.2
69,3,0.26207321882247925,0.3987322449684143,-0.07383812963962555,4.69491054840223,6.068126947848958,0,0,0,0.02,0.08,0.03,0.15,0.9,0.1,-1.2,0.0,0,0,1,0,0.825,0.2
69,4,-1.1277103424072266,0.3340454697608948,-2.9301319122314453,6.28,4.490571147806875,0,0,0,0.02,0.08,0.03,0.15,0.9,0.1,-1.2,0.0,0,0,1,0,0.825,0.2
69,5,0.0007329629152081907,-0.43397316336631775,-0.11892171949148178,-5.789343049720795,3.9448611721608016,0,0,0,0.02,0.08,0.03,0.15,0.9,0.1,-1.2,0.0,0,0,1,0,0.825,0.2
69,6,-0.659149706363678,0.3903544545173645,1.133182168006897,-2.1989841930325746,5.110129843092269,0,0,0,0.02,0.08,0.03,0.15,0.9,0.1,-1.2,0.0,0,0,1,0,0.825,0.2
69,7,-1.0434017181396484,-0.28274932503700256,-2.6048569679260254,5.619318967204261,5.217633760317873,0,0,0,0.02,0.08,0.03,0.15,0.9,0.1,-1.2,0.0,0,0,1,0,0.825,0.2
70,0,-0.10871713608503342,-0.045030009001493454,1.049640417098999,6.198646713894867,6.14637839826254,0,0,0,0.02,0.08,0.03,0.15,0.9,0.1,-1.2,0.0,0,0,1,0,0.825,0.2
70,1,-0.25769680738449097,0.4276251792907715,0.21959948539733887,6.28,0.12478365478080719,0,0,0,0.02,0.08,0.03,0.15,0.9,0.1,-1.2,0.0,0,0,1,0,0.825,0.2
70,2,-0.58385169506073,-0.15180273354053497,-2.696040630340576,0.4399243248718557,2.6889958367149727,0,0,0,0.02,0.08,0.03,0.15,0.9,0.1,-1.2,0.0,0,0,1,0,0.825,0.2
70,3,0.2735669016838074,0.397981196641922,-0.04612099751830101,4.254005255017955,5.770970561797546,0,0,0,0.02,0.08,0.03,0.15,0.9,0.1,-1.2,0.0,0,0,1,0,0.825,0.2
70,4,-1.1389154195785522,0.33183008432388306,-2.9701638221740723,5.844283306463041,4.171877837316714,0,0,0,0.02,0.08,0.03,0.15,0.9,0.1,-1.2,0.0,0,0,1,0,0.825,0.2
70,5,-0.003230220405384898,-0.43385204672813416,0.09553712606430054,4.168105054271183,6.28,0,0,0,0.02,0.08,0.03,0.15,0.9,0.1,-1.2,0.0,0,0,1,0,0.825,0.2
70,6,-0.6583982706069946,0.39283066987991333,1.4248229265213013,-0.5516594805858293,5.802798688219158,0,0,0,0.02,0.08,0.03,0.15,0.9,0.1,-1.2,0.0,0,0,1,0,0.825,0.2
70,7,-1.053025722503662,-0.28831568360328674,-2.630587100982666,5.39959943248835,5.1738202824395145,0,0,0,0.02,0.08,0.03,0.15,0.9,0.1,-1.2,0.0,0,0,1,0,0.825,0.2
71,0,-0.10246417671442032,-0.03413794934749603,1.0496536493301392,5.801317317819508,4.955389498849529,0,0,0,0.02,0.08,0.03,0.15,0.9,0.1,-1.2,0.0,0,0,1,0,0.825,0.2
71,1,-0.2583376169204712,0.42750853300094604,0.07182241231203079,6.28,2.2146789785772527,0,0,0,0.02,0.08,0.03,0.15,0.9,0.1,-1.2,0.0,0,0,1,0,0.825,0.2
71,2,-0.587780237197876,-0.1538034975528717,-2.631621837615967,0.3175637004513463,3.133564868141588,0,0,0,0.02,0.08,0.03,0.15,0.9,0.1,-1.2,0.0,0,0,1,0,0.825,0.2
71,3,0.28448745608329773,0.3976956009864807,0.004032933618873358,3.7156783629133967,5.681857751500598,0,0,0,0.02,0.08,0.03,0.15,0.9,0.1,-1.2,0.0,0,0,1,0,0.825,0.2
71,4,-1.1496814489364624,0.33024582266807556,-3.0294575691223145,5.361394395242227,3.914255331148611,0,0,0,0.02,0.08,0.03,0.15,0.9,0.1,-1.2,0.0,0,0,1,0,0.825,0.2
71,5,-0.005199766252189875,-0.4342978000640869,0.4437456429004669,6.28,6.28,0,0,0,0.02,0.08,0.03,0.15,0.9,0.1,-1.2,0.0,0,0,1,0,0.825,0.2
71,6,-0.6583675742149353,0.3962610960006714,1.7077089548110962,1.28286021975148,6.28,0,0,0,0.02,0.08,0.03,0.15,0.9,0.1,-1.2,0.0,0,0,1,0,0.825,0.2
71,7,-1.062584400177002,-0.293561190366745,-2.6469666957855225,5.46516508366906,5.048419024213685,0,0,0,0.02,0.08,0.03,0.15,0.9,0.1,-1.2,0.0,0,0,1,0,0.825,0.2
72,0,-0.0962931215763092,-0.023401319980621338,1.0480600595474243,5.24804647218235,3.763854373058578,0,0,0,0.02,0.08,0.03,0.15,0.9,0.1,-1.2,0.0,0,0,1,0,0.825,0.2
72,1,-0.25311416387557983,0.4274337589740753,-0.12836571037769318,6.28,3.681119492796503,0,0,0,0.02,0.08,0.03,0.15,0.9,0.1,-1.2,0.0,0,0,1,0,0.825,0.2
72,2,-0.5907579660415649,-0.15561148524284363,-2.5494680404663086,0.3085936371971163,3.1261428275316208,0,0,0,0.02,0.08,0.03,0.15,0.9,0.1,-1.2,0.0,0,0,1,0,0.825,0.2
72,3,0.2946605980396271,0.39793941378593445,0.05256769433617592,3.693459162711389,5.632176963692374,0,0,0,0.02,0.08,0.03,0.15,0.9,0.1,-1.2,0.0,0,0,1,0,0.825,0.2
72,4,-1.1598190069198608,0.32939550280570984,-3.089141607284546,5.062820773652284,4.206512859990996,0,0,0,0.02,0.08,0.03,0.15,0.9,0.1,-1.2,0.0,0,0,1,0,0.825,0.2
72,5,0.0018727286951616406,-0.4300745129585266,0.5765846371650696,6.28,6.28,0,0,0,0.02,0.08,0.03,0.15,0.9,0.1,-1.2,0.0,0,0,1,0,0.825,0.2
72,6,-0.659785270690918,0.40144068002700806,1.9612151384353638,2.4403931275039863,6.28,0,0,0,0.02,0.08,0.03,0.15,0.9,0.1,-1.2,0.0,0,0,1,0,0.825,0.2
72,7,-1.0719610452651978,-0.2985576093196869,-2.6560277938842773,4.841920390507365,4.900473475189496,0,0,0,0.02,0.08,0.03,0.15,0.9,0.1,-1.2,0.0,0,0,1,0,0.825,0.2
73,0,-0.09071054309606552,-0.013893756084144115,1.0220619440078735,4.733105173418132,3.12400152649836,0,0,0,0.02,0.08,0.03,0.15,0.9,0.1,-1.2,0.0,0,0,1,0,0.825,0.2
73,1,-0.2452491670846939,0.4257156252861023,-0.2903490364551544,6.28,3.7362037367570924,0,0,0,0.02,0.08,0.03,0.15,0.9,0.1,-1.2,0.0,0,0,1,0,0.825,0.2
73,2,-0.5935207605361938,-0.15766024589538574,-2.452874183654785,0.4378705575097565,2.5928437529976667,0,0,0,0.02,0.08,0.03,0.15,0.9,0.1,-1.2,0.0,0,0,1,0,0.825,0.2
73,3,0.30415576696395874,0.3987168073654175,0.11852379888296127,3.8142206265296714,5.587027377289953,0,0,0,0.02,0.08,0.03,0.15,0.9,0.1,-1.2,0.0,0,0,1,0,0.825,0.2
73,4,-1.1692429780960083,0.329142302274704,-3.1414434909820557,4.7439441293423625,4.285278919232779,0,0,0,0.02,0.08,0.03,0.15,0.9,0.1,-1.2,0.0,0,0,1,0,0.825,0.2
73,5,0.01196934562176466,-0.42333972454071045,0.5895363688468933,4.3334588996631025,2.7640348103151267,0,0,0,0.02,0.08,0.03,0.15,0.9,0.1,-1.2,0.0,0,0,1,0,0.825,0.2
73,6,-0.6633647680282593,0.40805450081825256,2.167001247406006,2.6465813392510165,6.28,0,0,0,0.02,0.08,0.03,0.15,0.9,0.1,-1.2,0.0,0,0,1,0,0.825,0.2
73,7,-1.0812965631484985,-0.3034191131591797,-2.6692793369293213,4.051435933623417,4.676628320685165,0,0,0,0.02,0.08,0.03,0.15,0.9,0.1,-1.2,0.0,0,0,1,0,0.825,0.2
74,0,-0.08572182059288025,-0.00608890550211072,0.970626950263977,4.2657900477603325,2.163889602898182,0,0,0,0.02,0.08,0.03,0.15,0.9,0.1,-1.2,0.0,0,0,1,0,0.825,0.2
74,1,-0.23623915016651154,0.422442227602005,-0.3995816707611084,5.107711116876606,3.222733517084117,0,0,0,0.02,0.08,0.03,0.15,0.9,0.1,-1.2,0.0,0,0,1,0,0.825,0.2
74,2,-0.596066415309906,-0.15997746586799622,-2.3539719581604004,0.5739826095188247,2.846773978796379,0,0,0,0.02,0.08,0.03,0.15,0.9,0.1,-1.2,0.0,0,0,1,0,0.825,0.2
74,3,0.3133929669857025,0.40012243390083313,0.1868363618850708,4.462361441836713,5.434643800600288,0,0,0,0.02,0.08,0.03,0.15,0.9,0.1,-1.2,0.0,0,0,1,0,0.825,0.2
74,4,-1.178512692451477,0.32931625843048096,3.107746124267578,4.4321325196581665,3.751773621829086,0,0,0,0.02,0.08,0.03,0.15,0.9,0.1,-1.2,0.0,0,0,1,0,0.825,0.2
74,5,0.022390825673937798,-0.4163600504398346,0.5889683365821838,4.523589042873151,-4.2692764140406885,0,0,0,0.02,0.08,0.03,0.15,0.9,0.1,-1.2,0.0,0,0,1,0,0.825,0.2
74,6,-0.6685740947723389,0.4146270751953125,2.311964988708496,1.503331535949413,6.28,0,0,0,0.02,0.08,0.03,0.15,0.9,0.1,-1.2,0.0,0,0,1,0,0.825,0.2
74,7,-1.0901213884353638,-0.3078991770744324,-2.67050838470459,3.8947594110793378,4.542347503706667,0,0,0,0.02,0.08,0.03,0.15,0.9,0.1,-1.2,0.0,0,0,1,0,0.825,0.2
75,0,-0.08099550008773804,0.00043675495544448495,0.913657546043396,3.989131576386952,1.434641420646102,0,0,0,0.02,0.08,0.03,0.15,0.9,0.1,-1.2,0.0,0,0,1,0,0.825,0.2
75,1,-0.22721140086650848,0.41817137598991394,-0.48889490962028503,-2.056077321278766,4.2750505443987405,0,0,0,0.02,0.08,0.03,0.15,0.9,0.1,-1.2,0.0,0,0,1,0,0.825,0.2
75,2,-0.5981821417808533,-0.1622886061668396,-2.2730486392974854,0.6228469965569062,2.861601710626558,0,0,0,0.02,0.08,0.03,0.15,0.9,0.1,-1.2,0.0,0,0,1,0,0.825,0.2
75,3,0.3225582242012024,0.4021514058113098,0.25022321939468384,4.534456149526503,5.334992813522195,0,0,0,0.02,0.08,0.03,0.15,0.9,0.1,-1.2,0.0,0,0,1,0,0.825,0.2
75,4,-1.1875802278518677,0.3297217786312103,3.089143991470337,4.192460865767611,3.361706434695112,0,0,0,0.02,0.08,0.03,0.15,0.9,0.1,-1.2,0.0,0,0,1,0,0.825,0.2
75,5,0.029285533353686333,-0.41189292073249817,0.5433396697044373,4.28262841059168,-4.968033529311117,0,0,0,0.02,0.08,0.03,0.15,0.9,0.1,-1.2,0.0,0,0,1,0,0.825,0.2
75,6,-0.6749364137649536,0.4207811951637268,2.4406955242156982,-2.6488766955398155,5.108219935204847,0,0,0,0.02,0.08,0.03,0.15,0.9,0.1,-1.2,0.0,0,0,1,0,0.825,0.2
75,7,-1.0980561971664429,-0.3119981586933136,-2.6523540019989014,4.059834581174091,4.386923540170143,0,0,0,0.02,0.08,0.03,0.15,0.9,0.1,-1.2,0.0,0,0,1,0,0.825,0.2
76,0,-0.07673066109418869,0.005628738086670637,0.8434131145477295,4.331538358052546,-0.18065485966898032,0,0,0,0.02,0.08,0.03,0.15,0.9,0.1,-1.2,0.0,0,0,1,0,0.825,0.2
76,1,-0.21969068050384521,0.41382232308387756,-0.5605770349502563,-6.28,4.206585668455209,0,0,0,0.02,0.08,0.03,0.15,0.9,0.1,-1.2,0.0,0,0,1,0,0.825,0.2
76,2,-0.6002393364906311,-0.1649227887392044,-2.1942291259765625,0.8688173809142402,2.1188956354535335,0,0,0,0.02,0.08,0.03,0.15,0.9,0.1,-1.2,0.0,0,0,1,0,0.825,0.2
76,3,0.3319907784461975,0.40478992462158203,0.2898563742637634,4.218512927756622,5.16797187829932,0,0,0,0.02,0.08,0.03,0.15,0.9,0.1,-1.2,0.0,0,0,1,0,0.825,0.2
76,4,-1.1959168910980225,0.330238938331604,3.067060947418213,4.054741413879273,3.3075643465043325,0,0,0,0.02,0.08,0.03,0.15,0.9,0.1,-1.2,0.0,0,0,1,0,0.825,0.2
76,5,0.031226586550474167,-0.4108492136001587,0.2636564075946808,5.3054918506720545,-2.1910821534516676,0,0,0,0.02,0.08,0.03,0.15,0.9,0.1,-1.2,0.0,0,0,1,0,0.825,0.2
76,6,-0.6814015507698059,0.4255021810531616,2.6004881858825684,-6.28,2.995672485689977,0,0,0,0.02,0.08,0.03,0.15,0.9,0.1,-1.2,0.0,0,0,1,0,0.825,0.2
76,7,-1.1055132150650024,-0.3160690665245056,-2.6295900344848633,3.5429957065889686,4.170923016681433,0,0,0,0.02,0.08,0.03,0.15,0.9,0.1,-1.2,0.0,0,0,1,0,0.825,0.2
77,0,-0.07282723486423492,0.009686136618256569,0.7570352554321289,4.480082640795999,-0.47686122980255435,0,0,0,0.02,0.08,0.03,0.15,0.9,0.1,-1.2,0.0,0,0,1,0,0.825,0.2
77,1,-0.21676035225391388,0.4120584726333618,-0.3941054046154022,-6.155530325975762,4.195155925956117,0,0,0,0.02,0.08,0.03,0.15,0.9,0.1,-1.2,0.0,0,0,1,0,0.825,0.2
77,2,-0.6021508574485779,-0.1678217202425003,-2.1154825687408447,1.2549346816168065,0.4205467921843771,0,0,0,0.02,0.08,0.03,0.15,0.9,0.1,-1.2,0.0,0,0,1,0,0.825,0.2
77,3,0.3414071798324585,0.4077507257461548,0.3189060389995575,4.554724428016014,4.747256836306905,0,0,0,0.02,0.08,0.03,0.15,0.9,0.1,-1.2,0.0,0,0,1,0,0.825,0.2
77,4,-1.203631043434143,0.3309166431427002,3.036837577819824,3.9056960041981656,3.2722634429906168,0,0,0,0.02,0.08,0.03,0.15,0.9,0.1,-1.2,0.0,0,0,1,0,0.825,0.2
77,5,0.031588561832904816,-0.41078484058380127,-0.0923445075750351,6.28,1.2439703628378764,0,0,0,0.02,0.08,0.03,0.15,0.9,0.1,-1.2,0.0,0,0,1,0,0.825,0.2
77,6,-0.684590220451355,0.4270414412021637,2.8521316051483154,-6.28,3.4960805191189714,0,0,0,0.02,0.08,0.03,0.15,0.9,0.1,-1.2,0.0,0,0,1,0,0.825,0.2
77,7,-1.1128413677215576,-0.32026562094688416,-2.6157896518707275,3.0577076997207104,3.9714409069163374,0,0,0,0.02,0.08,0.03,0.15,0.9,0.1,-1.2,0.0,0,0,1,0,0.825,0.2
78,0,-0.06944569200277328,0.012535070069134235,0.6122598052024841,4.6781287462631385,-0.8796761149989659,0,0,0,0.02,0.08,0.03,0.15,0.9,0.1,-1.2,0.0,0,0,1,0,0.825,0.2
78,1,-0.2178718000650406,0.4122103154659271,-0.047064103186130524,-1.8796725467020814,4.947125208395178,0,0,0,0.02,0.08,0.03,0.15,0.9,0.1,-1.2,0.0,0,0,1,0,0.825,0.2
78,2,-0.6036713123321533,-0.17050689458847046,-2.06477952003479,2.415636019132152,-1.1558994679964425,0,0,0,0.02,0.08,0.03,0.15,0.9,0.1,-1.2,0.0,0,0,1,0,0.825,0.2
78,3,0.3503667712211609,0.4108537435531616,0.35103344917297363,3.960439377467987,4.152142770271313,0,0,0,0.02,0.08,0.03,0.15,0.9,0.1,-1.2,0.0,0,0,1,0,0.825,0.2
78,4,-1.2109904289245605,0.3318038880825043,3.0048720836639404,3.748855998003552,3.565885450590942,0,0,0,0.02,0.08,0.03,0.15,0.9,0.1,-1.2,0.0,0,0,1,0,0.825,0.2
78,5,0.03445860743522644,-0.41156142950057983,-0.4011249244213104,6.28,3.2052980439680008,0,0,0,0.02,0.08,0.03,0.15,0.9,0.1,-1.2,0.0,0,0,1,0,0.825,0.2
78,6,-0.6825857162475586,0.42685428261756897,-3.1082022190093994,1.2080015953447236,6.28,0,0,0,0.02,0.08,0.03,0.15,0.9,0.1,-1.2,0.0,0,0,1,0,0.825,0.2
78,7,-1.1195869445800781,-0.32425612211227417,-2.595069408416748,3.341650584711103,3.8720355126710277,0,0,0,0.02,0.08,0.03,0.15,0.9,0.1,-1.2,0.0,0,0,1,0,0.825,0.2
79,0,-0.06581029295921326,0.01468749437481165,0.43402156233787537,4.836302499034528,-0.7664994853634782,0,0,0,0.02,0.08,0.03,0.15,0.9,0.1,-1.2,0.0,0,0,1,0,0.825,0.2
79,1,-0.2194267362356186,0.41193923354148865,0.3523617386817932,2.01417050399355,6.049304926018199,0,0,0,0.02,0.08,0.03,0.15,0.9,0.1,-1.2,0.0,0,0,1,0,0.825,0.2
79,2,-0.6045771241188049,-0.1722157597541809,-2.079585552215576,1.8470770702939985,-0.2592417000335571,0,0,0,0.02,0.08,0.03,0.15,0.9,0.1,-1.2,0.0,0,0,1,0,0.825,0.2
79,3,0.35908764600753784,0.4141344726085663,0.36297640204429626,3.583701136158783,3.0352299989381244,0,0,0,0.02,0.08,0.03,0.15,0.9,0.1,-1.2,0.0,0,0,1,0,0.825,0.2
79,4,-1.2181296348571777,0.33288657665252686,2.9772324562072754,3.524307262400538,3.6042282563549874,0,0,0,0.02,0.08,0.03,0.15,0.9,0.1,-1.2,0.0,0,0,1,0,0.825,0.2
79,5,0.04038302227854729,-0.41495373845100403,-0.6200481057167053,6.28,3.986304999382686,0,0,0,0.02,0.08,0.03,0.15,0.9,0.1,-1.2,0.0,0,0,1,0,0.825,0.2
79,6,-0.6813393831253052,0.4270370602607727,-2.77355694770813,4.642662151788852,6.28,0,0,0,0.02,0.08,0.03,0.15,0.9,0.1,-1.2,0.0,0,0,1,0,0.825,0.2
79,7,-1.1256129741668701,-0.3280336558818817,-2.5630481243133545,2.8839274303821463,3.6720795444911505,0,0,0,0.02,0.08,0.03,0.15,0.9,0.1,-1.2,0.0,0,0,1,0,0.825,0.2
80,0,-0.06216215714812279,0.016056980937719345,0.2224908471107483,5.012602540866077,-0.36352808001559356,0,0,0,0.02,0.08,0.03,0.15,0.9,0.1,-1.2,0.0,0,0,1,0,0.825,0.2
80,1,-0.21626660227775574,0.41337844729423523,0.6045466661453247,3.1031136672655135,6.162165745004078,0,0,0,0.02,0.08,0.03,0.15,0.9,0.1,-1.2,0.0,0,0,1,0,0.825,0.2
80,2,-0.60526442527771,-0.1733674556016922,-2.1859023571014404,2.6671546839482123,-1.3606512405085935,0,0,0,0.02,0.08,0.03,0.15,0.9,0.1,-1.2,0.0,0,0,1,0,0.825,0.2
80,3,0.36688321828842163,0.4171253740787506,0.3695277273654938,3.9529065663356175,1.2096087526136357,0,0,0,0.02,0.08,0.03,0.15,0.9,0.1,-1.2,0.0,0,0,1,0,0.825,0.2
80,4,-1.2253139019012451,0.33413732051849365,2.9658679962158203,3.3776738050688455,4.067394362505305,0,0,0,0.02,0.08,0.03,0.15,0.9,0.1,-1.2,0.0,0,0,1,0,0.825,0.2
80,5,0.04755686968564987,-0.4208517372608185,-0.7545956969261169,2.394506712871667,3.7313992477175435,0,0,0,0.02,0.08,0.03,0.15,0.9,0.1,-1.2,0.0,0,0,1,0,0.825,0.2
80,6,-0.6875708699226379,0.4241622984409332,-2.6070470809936523,4.2912587531951845,6.28,0,0,0,0.02,0.08,0.03,0.15,0.9,0.1,-1.2,0.0,0,0,1,0,0.825,0.2
80,7,-1.1315237283706665,-0.3320046067237854,-2.5397274494171143,3.326003858198899,3.528991038515157,0,0,0,0.02,0.08,0.03,0.15,0.9,0.1,-1.2,0.0,0,0,1,0,0.825,0.2
81,0,-0.058555103838443756,0.016497228294610977,0.0016303174197673798,5.133230276487395,0.5613116157195696,0,0,0,0.02,0.08,0.03,0.15,0.9,0.1,-1.2,0.0,0,0,1,0,0.825,0.2
81,1,-0.21095295250415802,0.4179375171661377,0.7914741039276123,3.0944103838503128,4.984925328500629,0,0,0,0.02,0.08,0.03,0.15,0.9,0.1,-1.2,0.0,0,0,1,0,0.825,0.2
81,2,-0.6061998009681702,-0.17456695437431335,-2.270289897918701,0.8377337435338624,2.2606357933979297,0,0,0,0.02,0.08,0.03,0.15,0.9,0.1,-1.2,0.0,0,0,1,0,0.825,0.2
81,3,0.37334251403808594,0.4196029603481293,0.35527628660202026,4.576220214163691,-0.8544497040862141,0,0,0,0.02,0.08,0.03,0.15,0.9,0.1,-1.2,0.0,0,0,1,0,0.825,0.2
81,4,-1.2323700189590454,0.3353983759880066,2.9671525955200195,3.428779126522976,4.213249336827374,0,0,0,0.02,0.08,0.03,0.15,0.9,0.1,-1.2,0.0,0,0,1,0,0.825,0.2
81,5,0.054613154381513596,-0.4281008243560791,-0.8418841361999512,-6.28,1.2485375031384416,0,0,0,0.02,0.08,0.03,0.15,0.9,0.1,-1.2,0.0,0,0,1,0,0.825,0.2
81,6,-0.6962531805038452,0.4183639585971832,-2.5189361572265625,3.015066203055419,4.927294529257882,0,0,0,0.02,0.08,0.03,0.15,0.9,0.1,-1.2,0.0,0,0,1,0,0.825,0.2
81,7,-1.1369822025299072,-0.3358518183231354,-2.513552665710449,3.1217044583813376,3.3965955248927022,0,0,0,0.02,0.08,0.03,0.15,0.9,0.1,-1.2,0.0,0,0,1,0,0.825,0.2
82,0,-0.0545494481921196,0.016067104414105415,-0.20699696242809296,4.936891083436019,1.5116374526155631,0,0,0,0.02,0.08,0.03,0.15,0.9,0.1,-1.2,0.0,0,0,1,0,0.825,0.2
82,1,-0.20514386892318726,0.4246120750904083,0.9193301796913147,3.6221759537255216,-6.28,0,0,0,0.02,0.08,0.03,0.15,0.9,0.1,-1.2,0.0,0,0,1,0,0.825,0.2
82,2,-0.6071361303329468,-0.175557941198349,-2.3983752727508545,0.480588815917915,2.4985201919430375,0,0,0,0.02,0.08,0.03,0.15,0.9,0.1,-1.2,0.0,0,0,1,0,0.825,0.2
82,3,0.3785073161125183,0.421366810798645,0.27417653799057007,4.93911012141421,-1.554679698035265,0,0,0,0.02,0.08,0.03,0.15,0.9,0.1,-1.2,0.0,0,0,1,0,0.825,0.2
82,4,-1.2396491765975952,0.3366185128688812,2.9912352561950684,3.7107734956169787,3.884120892174825,0,0,0,0.02,0.08,0.03,0.15,0.9,0.1,-1.2,0.0,0,0,1,0,0.825,0.2
82,5,0.0591912679374218,-0.43329116702079773,-0.8187329173088074,-6.28,0.414601409317334,0,0,0,0.02,0.08,0.03,0.15,0.9,0.1,-1.2,0.0,0,0,1,0,0.825,0.2
82,6,-0.7048027515411377,0.41178634762763977,-2.446995973587036,2.6673600139787843,1.3505538190855215,0,0,0,0.02,0.08,0.03,0.15,0.9,0.1,-1.2,0.0,0,0,1,0,0.825,0.2
82,7,-1.1424449682235718,-0.33988630771636963,-2.502215623855591,3.2424580159708554,3.2504971629009316,0,0,0,0.02,0.08,0.03,0.15,0.9,0.1,-1.2,0.0,0,0,1,0,0.825,0.2
83,0,-0.049738116562366486,0.014552241191267967,-0.38865500688552856,-1.056329903309393,4.494280344342214,2,1,1,0.02,0.08,0.03,0.15,0.9,0.1,-1.2,0.0,0,0,1,0,0.825,0.2
83,1,-0.20036377012729645,0.4313841760158539,0.9966626167297363,-3.139858041336156,-6.28,2,1,1,0.02,0.08,0.03,0.15,0.9,0.1,-1.2,0.0,0,0,1,0,0.825,0.2
83,2,-0.6091782450675964,-0.17738403379917145,-2.38638973236084,4.451903684415118,-6.28,2,1,1,0.02,0.08,0.03,0.15,0.9,0.1,-1.2,0.0,0,0,1,0,0.825,0.2
83,3,0.38244637846946716,0.4222052991390228,0.10180020332336426,6.28,-0.003269349061800486,2,1,1,0.02,0.08,0.03,0.15,0.9,0.1,-1.2,0.0,0,0,1,0,0.825,0.2
83,4,-1.2471654415130615,0.3376501500606537,3.0197834968566895,3.7563841755705365,4.012308729372025,0,0,0,0.02,0.08,0.03,0.15,0.9,0.1,-1.2,0.0,0,0,1,0,0.825,0.2
83,5,0.05706065148115158,-0.4316086173057556,-0.5911850929260254,-6.28,-1.8514389182180901,2,1,1,0.02,0.08,0.03,0.15,0.9,0.1,-1.2,0.0,0,0,1,0,0.825,0.2
83,6,-0.7112338542938232,0.406036913394928,-2.3739874362945557,0.5754005822328521,5.330171511261851,2,1,1,0.02,0.08,0.03,0.15,0.9,0.1,-1.2,0.0,0,0,1,0,0.825,0.2
83,7,-1.147711992263794,-0.3438386023044586,-2.493131160736084,4.471855414691704,-4.691049342839215,2,1,1,0.02,0.08,0.03,0.15,0.9,0.1,-1.2,0.0,0,0,1,0,0.825,0.2
84,0,-0.04440968856215477,0.011883888393640518,-0.5283075571060181,-2.662159233702244,4.661761752771511,2,1,1,0.02,0.08,0.03,0.15,0.9,0.1,-1.2,0.0,0,0,1,0,0.825,0.2
84,1,-0.20084993541240692,0.43111512064933777,0.7259967923164368,-1.980405435568802,-6.28,2,1,1,0.02,0.08,0.03,0.15,0.9,0.1,-1.2,0.0,0,0,1,0,0.825,0.2
84,2,-0.6113061904907227,-0.1795031726360321,-2.319528579711914,4.490310167161511,-6.28,2,1,1,0.02,0.08,0.03,0.15,0.9,0.1,-1.2,0.0,0,0,1,0,0.825,0.2
84,3,0.3859308958053589,0.4222198724746704,-0.12098504602909088,6.28,2.8749540727292575,2,1,1,0.02,0.08,0.03,0.15,0.9,0.1,-1.2,0.0,0,0,1,0,0.825,0.2
84,4,-1.2547190189361572,0.3385145366191864,3.0301706790924072,3.6069929764687307,4.1103081638416725,0,0,0,0.02,0.08,0.03,0.15,0.9,0.1,-1.2,0.0,0,0,1,0,0.825,0.2
84,5,0.05166207626461983,-0.4289001524448395,-0.32939353585243225,-6.28,1.7213668001101856,2,1,1,0.02,0.08,0.03,0.15,0.9,0.1,-1.2,0.0,0,0,1,0,0.825,0.2
84,6,-0.7146515846252441,0.4026850461959839,-2.3985791206359863,0.852899374973911,5.231294933334381,2,1,1,0.02,0.08,0.03,0.15,0.9,0.1,-1.2,0.0,0,0,1,0,0.825,0.2
84,7,-1.1528817415237427,-0.347774863243103,-2.4910120964050293,4.503040287862691,-5.13727188804582,2,1,1,0.02,0.08,0.03,0.15,0.9,0.1,-1.2,0.0,0,0,1,0,0.825,0.2
85,0,-0.04097452759742737,0.00993464794009924,-0.3960638642311096,-3.6733401236222094,4.475210245439021,2,1,1,0.02,0.08,0.03,0.15,0.9,0.1,-1.2,0.0,0,0,1,0,0.825,0.2
85,1,-0.20725217461585999,0.4267103970050812,0.5489680171012878,0.8338867549889766,-6.28,2,1,1,0.02,0.08,0.03,0.15,0.9,0.1,-1.2,0.0,0,0,1,0,0.825,0.2
85,2,-0.6104804277420044,-0.17891202867031097,-2.6135833263397217,3.812442270594924,-6.28,2,1,1,0.02,0.08,0.03,0.15,0.9,0.1,-1.2,0.0,0,0,1,0,0.825,0.2
85,3,0.3910961449146271,0.4208911061286926,-0.3609660863876343,6.28,5.074595417973905,2,1,1,0.02,0.08,0.03,0.15,0.9,0.1,-1.2,0.0,0,0,1,0,0.825,0.2
85,4,-1.262407898902893,0.33934321999549866,3.0384774208068848,3.2888725635865033,4.297069533953396,0,0,0,0.02,0.08,0.03,0.15,0.9,0.1,-1.2,0.0,0,0,1,0,0.825,0.2
85,5,0.043963897973299026,-0.42714789509773254,-0.12986630201339722,-3.0615378648482507,5.292196218663743,2,1,1,0.02,0.08,0.03,0.15,0.9,0.1,-1.2,0.0,0,0,1,0,0.825,0.2
85,6,-0.7185656428337097,0.39878448843955994,-2.274625301361084,1.3206699961825978,5.184895780328219,2,1,1,0.02,0.08,0.03,0.15,0.9,0.1,-1.2,0.0,0,0,1,0,0.825,0.2
85,7,-1.153733253479004,-0.34850069880485535,-2.749919891357422,4.479603047564554,-2.980032158025303,2,1,1,0.02,0.08,0.03,0.15,0.9,0.1,-1.2,0.0,0,0,1,0,0.825,0.2
86,0,-0.038788825273513794,0.009243936277925968,-0.14938387274742126,-1.5409426475610246,4.833103178914673,2,1,1,0.02,0.08,0.03,0.15,0.9,0.1,-1.2,0.0,0,0,1,0,0.825,0.2
86,1,-0.21480035781860352,0.4227886497974396,0.38258495926856995,5.04787104309664,-3.217256459115665,2,1,1,0.02,0.08,0.03,0.15,0.9,0.1,-1.2,0.0,0,0,1,0,0.825,0.2
86,2,-0.6091476082801819,-0.17857924103736877,-3.0294106006622314,3.9135579756665164,-6.28,2,1,1,0.02,0.08,0.03,0.15,0.9,0.1,-1.2,0.0,0,0,1,0,0.825,0.2
86,3,0.39864206314086914,0.4172247052192688,-0.5200842618942261,6.28,4.532931173252544,2,1,1,0.02,0.08,0.03,0.15,0.9,0.1,-1.2,0.0,0,0,1,0,0.825,0.2
86,4,-1.2701001167297363,0.3400878310203552,3.0543670654296875,3.287860570764898,4.149224866854455,0,0,0,0.02,0.08,0.03,0.15,0.9,0.1,-1.2,0.0,0,0,1,0,0.825,0.2
86,5,0.03954477980732918,-0.4269274175167084,0.0992521122097969,1.1367686145062477,6.28,2,1,1,0.02,0.08,0.03,0.15,0.9,0.1,-1.2,0.0,0,0,1,0,0.825,0.2
86,6,-0.7221298217773438,0.39386916160583496,-2.1176578998565674,1.7103896999581611,5.040275640278694,2,1,1,0.02,0.08,0.03,0.15,0.9,0.1,-1.2,0.0,0,0,1,0,0.825,0.2
86,7,-1.1532769203186035,-0.3483615219593048,-3.0919697284698486,4.447786474471738,-1.0092655363137033,2,1,1,0.02,0.08,0.03,0.15,0.9,0.1,-1.2,0.0,0,0,1,0,0.825,0.2
87,0,-0.037818919867277145,0.00920070055872202,0.13555289804935455,1.5778302532388957,6.060897699114167,2,1,1,0.02,0.08,0.03,0.15,0.9,0.1,-1.2,0.0,0,0,1,0,0.825,0.2
87,1,-0.22070306539535522,0.42108356952667236,0.12043186277151108,5.991415933127336,-0.16002092876589816,2,1,1,0.02,0.08,0.03,0.15,0.9,0.1,-1.2,0.0,0,0,1,0,0.825,0.2
87,2,-0.6093002557754517,-0.17837534844875336,2.952554941177368,4.230215109227594,-5.555258060842191,2,1,1,0.02,0.08,0.03,0.15,0.9,0.1,-1.2,0.0,0,0,1,0,0.825,0.2
87,3,0.4077996611595154,0.41146335005760193,-0.5830878615379333,6.123989250923593,3.4166663173184806,2,1,1,0.02,0.08,0.03,0.15,0.9,0.1,-1.2,0.0,0,0,1,0,0.825,0.2
87,4,-1.2776936292648315,0.34065285325050354,3.0862696170806885,3.287393016244927,3.980529372364794,0,0,0,0.02,0.08,0.03,0.15,0.9,0.1,-1.2,0.0,0,0,1,0,0.825,0.2
87,5,0.041144657880067825,-0.42668408155441284,0.3656519949436188,4.795497747822372,6.28,2,1,1,0.02,0.08,0.03,0.15,0.9,0.1,-1.2,0.0,0,0,1,0,0.825,0.2
87,6,-0.725078284740448,0.38815319538116455,-1.9782549142837524,2.481538696135577,4.809699774554935,2,1,1,0.02,0.08,0.03,0.15,0.9,0.1,-1.2,0.0,0,0,1,0,0.825,0.2
87,7,-1.1537911891937256,-0.34823906421661377,2.8930962085723877,4.556149492851315,1.005866383322658,2,1,1,0.02,0.08,0.03,0.15,0.9,0.1,-1.2,0.0,0,0,1,0,0.825,0.2
88,0,-0.03533948212862015,0.009935806505382061,0.3802698850631714,3.226650597713036,6.28,2,1,1,0.02,0.08,0.03,0.15,0.9,0.1,-1.2,0.0,0,0,1,0,0.825,0.2
88,1,-0.22027049958705902,0.42099452018737793,-0.17445680499076843,6.28,1.2208173187120654,2,1,1,0.02,0.08,0.03,0.15,0.9,0.1,-1.2,0.0,0,0,1,0,0.825,0.2
88,2,-0.6128803491592407,-0.17730620503425598,2.8119046688079834,4.2593144531668194,-5.255940808102351,2,1,1,0.02,0.08,0.03,0.15,0.9,0.1,-1.2,0.0,0,0,1,0,0.825,0.2
88,3,0.4167415201663971,0.40525022149086,-0.6400867700576782,5.568852592432595,3.570360667830609,2,1,1,0.02,0.08,0.03,0.15,0.9,0.1,-1.2,0.0,0,0,1,0,0.825,0.2
88,4,-1.2851574420928955,0.340951144695282,3.1176278591156006,2.7795440599615397,4.062703157463463,0,0,0,0.02,0.08,0.03,0.15,0.9,0.1,-1.2,0.0,0,0,1,0,0.825,0.2
88,5,0.04654671624302864,-0.4237668216228485,0.5981125831604004,5.264895540022945,6.28,2,1,1,0.02,0.08,0.03,0.15,0.9,0.1,-1.2,0.0,0,0,1,0,0.825,0.2
88,6,-0.7273482084274292,0.38185590505599976,-1.857490062713623,2.4300275839595575,4.513642974316672,2,1,1,0.02,0.08,0.03,0.15,0.9,0.1,-1.2,0.0,0,0,1,0,0.825,0.2
88,7,-1.1563992500305176,-0.34718766808509827,2.6797451972961426,4.609605634287435,2.3005209325994667,2,1,1,0.02,0.08,0.03,0.15,0.9,0.1,-1.2,0.0,0,0,1,0,0.825,0.2
89,0,-0.02951798215508461,0.012968834489583969,0.5585269927978516,2.8267122647397587,5.386885017805162,2,1,1,0.02,0.08,0.03,0.15,0.9,0.1,-1.2,0.0,0,0,1,0,0.825,0.2
89,1,-0.21565024554729462,0.4195243716239929,-0.4183289408683777,5.309887881298804,1.8216284130457887,2,1,1,0.02,0.08,0.03,0.15,0.9,0.1,-1.2,0.0,0,0,1,0,0.825,0.2
89,2,-0.6145126223564148,-0.1768130213022232,2.5487399101257324,4.540707792105317,-4.202324206890702,2,1,1,0.02,0.08,0.03,0.15,0.9,0.1,-1.2,0.0,0,0,1,0,0.825,0.2
89,3,0.4243743121623993,0.39912259578704834,-0.7283723950386047,4.813819331383322,4.9382586318198705,2,1,1,0.02,0.08,0.03,0.15,0.9,0.1,-1.2,0.0,0,0,1,0,0.825,0.2
89,4,-1.2924609184265137,0.34103062748908997,-3.140031099319458,2.124733867584893,4.033121434653382,0,0,0,0.02,0.08,0.03,0.15,0.9,0.1,-1.2,0.0,0,0,1,0,0.825,0.2
89,5,0.05470425263047218,-0.4174206852912903,0.6899065971374512,3.6983595864933543,2.6320883165781552,2,1,1,0.02,0.08,0.03,0.15,0.9,0.1,-1.2,0.0,0,0,1,0,0.825,0.2
89,6,-0.7290417551994324,0.374906063079834,-1.7681785821914673,2.332292918282665,4.288855333744033,2,1,1,0.02,0.08,0.03,0.15,0.9,0.1,-1.2,0.0,0,0,1,0,0.825,0.2
89,7,-1.160757303237915,-0.3445814549922943,2.541116237640381,4.616383379477611,2.9742997529324384,2,1,1,0.02,0.08,0.03,0.15,0.9,0.1,-1.2,0.0,0,0,1,0,0.825,0.2
90,0,-0.022194748744368553,0.01822846755385399,0.6792133450508118,3.6764697314882326,5.523048393935853,2,1,1,0.02,0.08,0.03,0.15,0.9,0.1,-1.2,0.0,0,0,1,0,0.825,0.2
90,1,-0.20956099033355713,0.4160478413105011,-0.6264448761940002,2.4173608551775656,1.1434414853299417,2,1,1,0.02,0.08,0.03,0.15,0.9,0.1,-1.2,0.0,0,0,1,0,0.825,0.2
90,2,-0.6141591668128967,-0.17721012234687805,2.1934680938720703,5.1745436699398075,-1.896341772138279,2,1,1,0.02,0.08,0.03,0.15,0.9,0.1,-1.2,0.0,0,0,1,0,0.825,0.2
90,3,0.4310155510902405,0.39272788166999817,-0.8036661148071289,4.865759718787516,5.390172296575812,2,1,1,0.02,0.08,0.03,0.15,0.9,0.1,-1.2,0.0,0,0,1,0,0.825,0.2
90,4,-1.2993897199630737,0.3409023880958557,-3.0991194248199463,1.505887819631811,3.9019281562322843,0,0,0,0.02,0.08,0.03,0.15,0.9,0.1,-1.2,0.0,0,0,1,0,0.825,0.2
90,5,0.06332390010356903,-0.4099409282207489,0.7343963980674744,4.343947634378512,-1.1649364059505236,2,1,1,0.02,0.08,0.03,0.15,0.9,0.1,-1.2,0.0,0,0,1,0,0.825,0.2
90,6,-0.7301541566848755,0.3680262565612793,-1.6923412084579468,2.6713123328669672,4.108568689151549,2,1,1,0.02,0.08,0.03,0.15,0.9,0.1,-1.2,0.0,0,0,1,0,0.825,0.2
90,7,-1.1660059690475464,-0.3405988812446594,2.4508838653564453,4.618682428305504,3.3127326527186667,2,1,1,0.02,0.08,0.03,0.15,0.9,0.1,-1.2,0.0,0,0,1,0,0.825,0.2
91,0,-0.015838542953133583,0.0238877534866333,0.773647665977478,4.0809657255411915,4.626421815400274,2,1,1,0.02,0.08,0.03,0.15,0.9,0.1,-1.2,0.0,0,0,1,0,0.825,0.2
91,1,-0.20419098436832428,0.41149207949638367,-0.777769148349762,-2.465464222425786,3.192816901201574,2,1,1,0.02,0.08,0.03,0.15,0.9,0.1,-1.2,0.0,0,0,1,0,0.825,0.2
91,2,-0.6144133806228638,-0.1764243096113205,1.8517028093338013,5.543400980359812,-0.23408233824897434,2,1,1,0.02,0.08,0.03,0.15,0.9,0.1,-1.2,0.0,0,0,1,0,0.825,0.2
91,3,0.43759042024612427,0.3857073485851288,-0.8136283755302429,4.531749049047513,5.434911010940986,2,1,1,0.02,0.08,0.03,0.15,0.9,0.1,-1.2,0.0,0,0,1,0,0.825,0.2
91,4,-1.305673599243164,0.34046831727027893,-3.0364482402801514,1.8116329479132,3.6878068268554665,0,0,0,0.02,0.08,0.03,0.15,0.9,0.1,-1.2,0.0,0,0,1,0,0.825,0.2
91,5,0.06878543645143509,-0.40500321984291077,0.7109248042106628,4.216209345364895,-1.2771059750192035,2,1,1,0.02,0.08,0.03,0.15,0.9,0.1,-1.2,0.0,0,0,1,0,0.825,0.2
91,6,-0.7307329177856445,0.3614228665828705,-1.6211376190185547,2.135864354592695,3.8671640258897217,2,1,1,0.02,0.08,0.03,0.15,0.9,0.1,-1.2,0.0,0,0,1,0,0.825,0.2
91,7,-1.1715826988220215,-0.33567097783088684,2.388937473297119,4.615714569093159,3.4423103216276854,2,1,1,0.02,0.08,0.03,0.15,0.9,0.1,-1.2,0.0,0,0,1,0,0.825,0.2
92,0,-0.009585421532392502,0.03050141967833042,0.8468730449676514,4.496961163983511,3.9903358919460055,2,1,1,0.02,0.08,0.03,0.15,0.9,0.1,-1.2,0.0,0,0,1,0,0.825,0.2
92,1,-0.20127804577350616,0.40842753648757935,-0.8398208022117615,-5.606464452149585,5.123832113148885,2,1,1,0.02,0.08,0.03,0.15,0.9,0.1,-1.2,0.0,0,0,1,0,0.825,0.2
92,2,-0.61480313539505,-0.17340122163295746,1.554539442062378,5.5934957483613825,0.6118647097454393,2,1,1,0.02,0.08,0.03,0.15,0.9,0.1,-1.2,0.0,0,0,1,0,0.825,0.2
92,3,0.4445963203907013,0.37836891412734985,-0.797159731388092,4.789217400380187,5.626139914663153,2,1,1,0.02,0.08,0.03,0.15,0.9,0.1,-1.2,0.0,0,0,1,0,0.825,0.2
92,4,-1.311182975769043,0.3396863639354706,-2.9556467533111572,2.293532327038381,3.3762717356500422,0,0,0,0.02,0.08,0.03,0.15,0.9,0.1,-1.2,0.0,0,0,1,0,0.825,0.2
92,5,0.07177606225013733,-0.40267112851142883,0.5471255779266357,4.109217975775402,-0.5495288430528451,2,1,1,0.02,0.08,0.03,0.15,0.9,0.1,-1.2,0.0,0,0,1,0,0.825,0.2
92,6,-0.7308676838874817,0.3548026978969574,-1.5628398656845093,2.210547969310892,3.522494080143552,2,1,1,0.02,0.08,0.03,0.15,0.9,0.1,-1.2,0.0,0,0,1,0,0.825,0.2
92,7,-1.177178978919983,-0.33015039563179016,2.3408703804016113,4.614418259860746,3.492440306542642,2,1,1,0.02,0.08,0.03,0.15,0.9,0.1,-1.2,0.0,0,0,1,0,0.825,0.2
93,0,-0.0038619753904640675,0.03726799041032791,0.8770421743392944,4.683225025548709,3.3996018092789564,2,1,1,0.02,0.08,0.03,0.15,0.9,0.1,-1.2,0.0,0,0,1,0,0.825,0.2
93,1,-0.2004322111606598,0.40749046206474304,-0.6881878972053528,-4.883612917148164,4.662232260125433,2,1,1,0.02,0.08,0.03,0.15,0.9,0.1,-1.2,0.0,0,0,1,0,0.825,0.2
93,2,-0.614140510559082,-0.16837771236896515,1.3315080404281616,5.424154203517775,0.7340897208615745,2,1,1,0.02,0.08,0.03,0.15,0.9,0.1,-1.2,0.0,0,0,1,0,0.825,0.2
93,3,0.4516873061656952,0.3712860941886902,-0.7675415277481079,5.284222282568305,5.800926401935096,2,1,1,0.02,0.08,0.03,0.15,0.9,0.1,-1.2,0.0,0,0,1,0,0.825,0.2
93,4,-1.3165448904037476,0.33847591280937195,-2.8856916427612305,2.1932773260475145,3.1885004843483347,0,0,0,0.02,0.08,0.03,0.15,0.9,0.1,-1.2,0.0,0,0,1,0,0.825,0.2
93,5,0.07436883449554443,-0.40139421820640564,0.3493197560310364,4.205149103484193,-0.016975295369210316,2,1,1,0.02,0.08,0.03,0.15,0.9,0.1,-1.2,0.0,0,0,1,0,0.825,0.2
93,6,-0.7306490540504456,0.34872883558273315,-1.5014984607696533,1.6527397066947433,3.0615935678525914,2,1,1,0.02,0.08,0.03,0.15,0.9,0.1,-1.2,0.0,0,0,1,0,0.825,0.2
93,7,-1.1826610565185547,-0.32424429059028625,2.297910451889038,4.619175908586996,3.4944232129835924,2,1,1,0.02,0.08,0.03,0.15,0.9,0.1,-1.2,0.0,0,0,1,0,0.825,0.2
94,0,0.0015715720364823937,0.043814029544591904,0.8654645681381226,4.75840591499287,2.8637761847478522,2,1,1,0.02,0.08,0.03,0.15,0.9,0.1,-1.2,0.0,0,0,1,0,0.825,0.2
94,1,-0.20067480206489563,0.40759941935539246,-0.34270334243774414,-4.586899344946054,4.534667350676372,2,1,1,0.02,0.08,0.03,0.15,0.9,0.1,-1.2,0.0,0,0,1,0,0.825,0.2
94,2,-0.6121835112571716,-0.16268761456012726,1.152224063873291,5.248498849209935,0.8335508037241409,2,1,1,0.02,0.08,0.03,0.15,0.9,0.1,-1.2,0.0,0,0,1,0,0.825,0.2
94,3,0.45922204852104187,0.3642268478870392,-0.737384021282196,5.408059854639495,5.873472068022221,2,1,1,0.02,0.08,0.03,0.15,0.9,0.1,-1.2,0.0,0,0,1,0,0.825,0.2
94,4,-1.3220645189285278,0.33686742186546326,-2.8381996154785156,2.7385362984666948,2.775006190154098,0,0,0,0.02,0.08,0.03,0.15,0.9,0.1,-1.2,0.0,0,0,1,0,0.825,0.2
94,5,0.07727637887001038,-0.40065374970436096,0.16387657821178436,4.206993936914806,0.3087698382475454,2,1,1,0.02,0.08,0.03,0.15,0.9,0.1,-1.2,0.0,0,0,1,0,0.825,0.2
94,6,-0.7300980687141418,0.3431010842323303,-1.4479873180389404,1.5454883794303704,2.507427779156227,2,1,1,0.02,0.08,0.03,0.15,0.9,0.1,-1.2,0.0,0,0,1,0,0.825,0.2
94,7,-1.187978744506836,-0.3179996609687805,2.2545371055603027,4.986123613810604,3.663728798347833,2,1,1,0.02,0.08,0.03,0.15,0.9,0.1,-1.2,0.0,0,0,1,0,0.825,0.2
95,0,0.006906168535351753,0.04988540709018707,0.8224912881851196,4.765264760413363,2.8123210297293224,2,1,1,0.02,0.08,0.03,0.15,0.9,0.1,-1.2,0.0,0,0,1,0,0.825,0.2
95,1,-0.20077194273471832,0.40760183334350586,0.030775858089327812,-1.2008634622058207,2.2978574800912623,2,1,1,0.02,0.08,0.03,0.15,0.9,0.1,-1.2,0.0,0,0,1,0,0.825,0.2
95,2,-0.6090713143348694,-0.15704715251922607,0.9768666625022888,4.313946826376286,0.009292470298442879,2,1,1,0.02,0.08,0.03,0.15,0.9,0.1,-1.2,0.0,0,0,1,0,0.825,0.2
95,3,0.46741053462028503,0.3569573163986206,-0.7169002890586853,5.69829626054734,5.964554775922147,2,1,1,0.02,0.08,0.03,0.15,0.9,0.1,-1.2,0.0,0,0,1,0,0.825,0.2
95,4,-1.3273119926452637,0.3351101279258728,-2.7993879318237305,2.8192883104836923,2.529139147426777,0,0,0,0.02,0.08,0.03,0.15,0.9,0.1,-1.2,0.0,0,0,1,0,0.825,0.2
95,5,0.08092854917049408,-0.40037697553634644,-0.0025546704418957233,4.108209000752429,0.21278956361009646,2,1,1,0.02,0.08,0.03,0.15,0.9,0.1,-1.2,0.0,0,0,1,0,0.825,0.2
95,6,-0.7293910384178162,0.33832746744155884,-1.3961665630340576,2.0853363532350393,1.839804211265566,2,1,1,0.02,0.08,0.03,0.15,0.9,0.1,-1.2,0.0,0,0,1,0,0.825,0.2
95,7,-1.193034052848816,-0.3115196228027344,2.211395502090454,5.466014004101056,2.5504155712860013,2,1,1,0.02,0.08,0.03,0.15,0.9,0.1,-1.2,0.0,0,0,1,0,0.825,0.2
96,0,0.01222237292677164,0.055297572165727615,0.7552552223205566,4.820520847498354,2.3822123363193053,2,1,1,0.02,0.08,0.03,0.15,0.9,0.1,-1.2,0.0,0,0,1,0,0.825,0.2
96,1,-0.20053066313266754,0.4076042175292969,0.3957165777683258,1.2446802303788858,2.573263255161368,2,1,1,0.02,0.08,0.03,0.15,0.9,0.1,-1.2,0.0,0,0,1,0,0.825,0.2
96,2,-0.6052830815315247,-0.15227366983890533,0.8204509615898132,4.238819723253842,0.4929387990689475,2,1,1,0.02,0.08,0.03,0.15,0.9,0.1,-1.2,0.0,0,0,1,0,0.825,0.2
96,3,0.47594547271728516,0.3496423065662384,-0.7002543210983276,5.985445550370126,6.007540806897294,2,1,1,0.02,0.08,0.03,0.15,0.9,0.1,-1.2,0.0,0,0,1,0,0.825,0.2
96,4,-1.3324817419052124,0.33321553468704224,-2.790743112564087,1.6219972292244582,1.3751757566288312,0,0,0,0.02,0.08,0.03,0.15,0.9,0.1,-1.2,0.0,0,0,1,0,0.825,0.2
96,5,0.08499448001384735,-0.40070733428001404,-0.15388044714927673,3.8633592620450323,0.7963469501838893,2,1,1,0.02,0.08,0.03,0.15,0.9,0.1,-1.2,0.0,0,0,1,0,0.825,0.2
96,6,-0.7285874485969543,0.3343032896518707,-1.3552136421203613,3.320550332843285,-0.7747259711998078,2,1,1,0.02,0.08,0.03,0.15,0.9,0.1,-1.2,0.0,0,0,1,0,0.825,0.2
96,7,-1.1979998350143433,-0.3045405447483063,2.165599822998047,5.101276408821621,2.468104501166178,2,1,1,0.02,0.08,0.03,0.15,0.9,0.1,-1.2,0.0,0,0,1,0,0.825,0.2
97,0,0.017799729481339455,0.060187939554452896,0.6807654500007629,4.843998681928225,1.6593704937206264,2,1,1,0.02,0.08,0.03,0.15,0.9,0.1,-1.2,0.0,0,0,1,0,0.825,0.2
97,1,-0.1997421383857727,0.4080250859260559,0.5593839883804321,1.650743009759903,2.7508882253559386,2,1,1,0.02,0.08,0.03,0.15,0.9,0.1,-1.2,0.0,0,0,1,0,0.825,0.2
97,2,-0.6018642783164978,-0.14909614622592926,0.6690340638160706,4.147582726535496,0.9257769474016412,2,1,1,0.02,0.08,0.03,0.15,0.9,0.1,-1.2,0.0,0,0,1,0,0.825,0.2
97,3,0.4848496615886688,0.3422292172908783,-0.6895747780799866,5.809592868093413,6.1440430517636235,2,1,1,0.02,0.08,0.03,0.15,0.9,0.1,-1.2,0.0,0,0,1,0,0.825,0.2
97,4,-1.3375184535980225,0.3313821256160736,-2.7995033264160156,2.3297534543811094,0.5194213967668146,0,0,0,0.02,0.08,0.03,0.15,0.9,0.1,-1.2,0.0,0,0,1,0,0.825,0.2
97,5,0.08890537917613983,-0.4016084671020508,-0.30283620953559875,3.5148922042417903,1.2403603940643149,2,1,1,0.02,0.08,0.03,0.15,0.9,0.1,-1.2,0.0,0,0,1,0,0.825,0.2
97,6,-0.7277174592018127,0.3304550051689148,-1.3553662300109863,3.5001757291529794,-1.000152465749064,2,1,1,0.02,0.08,0.03,0.15,0.9,0.1,-1.2,0.0,0,0,1,0,0.825,0.2
97,7,-1.2023171186447144,-0.2976282835006714,2.074331521987915,5.515438380328712,3.155589205776963,2,1,1,0.02,0.08,0.03,0.15,0.9,0.1,-1.2,0.0,0,0,1,0,0.825,0.2
98,0,0.023626750335097313,0.06455465406179428,0.5984652042388916,4.826415605144548,1.633901989404301,2,1,1,0.02,0.08,0.03,0.15,0.9,0.1,-1.2,0.0,0,0,1,0,0.825,0.2
98,1,-0.19706770777702332,0.40984365344047546,0.6197565197944641,1.509425255711591,2.302273866478884,2,1,1,0.02,0.08,0.03,0.15,0.9,0.1,-1.2,0.0,0,0,1,0,0.825,0.2
98,2,-0.5980316996574402,-0.14647674560546875,0.5338982343673706,4.044739256668932,1.4574638472379484,2,1,1,0.02,0.08,0.03,0.15,0.9,0.1,-1.2,0.0,0,0,1,0,0.825,0.2
98,3,0.49406832456588745,0.3346613645553589,-0.6871973276138306,5.656190678629843,6.2385175689008046,2,1,1,0.02,0.08,0.03,0.15,0.9,0.1,-1.2,0.0,0,0,1,0,0.825,0.2
98,4,-1.3407827615737915,0.3302382230758667,-2.8096959590911865,1.7862055944495219,1.1977364628825946,0,0,0,0.02,0.08,0.03,0.15,0.9,0.1,-1.2,0.0,0,0,1,0,0.825,0.2
98,5,0.09291345626115799,-0.40315675735473633,-0.42653316259384155,3.1370610803782326,1.029092934549702,2,1,1,0.02,0.08,0.03,0.15,0.9,0.1,-1.2,0.0,0,0,1,0,0.825,0.2
98,6,-0.7271868586540222,0.32758578658103943,-1.4754964113235474,3.767655100497309,-0.5585995090516136,2,1,1,0.02,0.08,0.03,0.15,0.9,0.1,-1.2,0.0,0,0,1,0,0.825,0.2
98,7,-1.2057068347930908,-0.2907506227493286,1.9797182083129883,5.757672438681848,3.670132290497223,2,1,1,0.02,0.08,0.03,0.15,0.9,0.1,-1.2,0.0,0,0,1,0,0.825,0.2
99,0,0.029380913823843002,0.06808435916900635,0.48848167061805725,4.753621282320114,1.7297586409117631,2,1,1,0.02,0.08,0.03,0.15,0.9,0.1,-1.2,0.0,0,0,1,0,0.825,0.2
99,1,-0.19363068044185638,0.4123900234699249,0.6587739586830139,1.3669063177471807,2.147923058061228,2,1,1,0.02,0.08,0.03,0.15,0.9,0.1,-1.2,0.0,0,0,1,0,0.825,0.2
99,2,-0.5935842394828796,-0.14419682323932648,0.4172522723674774,4.094162649818811,1.5400489153544419,2,1,1,0.02,0.08,0.03,0.15,0.9,0.1,-1.2,0.0,0,0,1,0,0.825,0.2
99,3,0.503339946269989,0.3271028399467468,-0.6776942014694214,5.694704261999294,6.28,2,1,1,0.02,0.08,0.03,0.15,0.9,0.1,-1.2,0.0,0,0,1,0,0.825,0.2
99,4,-1.3435204029083252,0.329359233379364,-2.870394706726074,1.745060358470677,1.243260539794025,0,0,0,0.02,0.08,0.03,0.15,0.9,0.1,-1.2,0.0,0,0,1,0,0.825,0.2
99,5,0.09692221879959106,-0.40522992610931396,-0.5193686485290527,2.727545845674025,0.6118810592427381,2,1,1,0.02,0.08,0.03,0.15,0.9,0.1,-1.2,0.0,0,0,1,0,0.825,0.2
99,6,-0.7271295785903931,0.3248836100101471,-1.6373279094696045,3.5001875682708863,-0.13166786745488038,2,1,1,0.02,0.08,0.03,0.15,0.9,0.1,-1.2,0.0,0,0,1,0,0.825,0.2
99,7,-1.2087287902832031,-0.2828642427921295,1.8945151567459106,5.828086478400835,4.048337528843528,2,1,1,0.02,0.08,0.03,0.15,0.9,0.1,-1.2,0.0,0,0,1,0,0.825,0.2
100,0,0.0355503223836422,0.07090716809034348,0.3657369315624237,4.667219253061643,2.4100011072515386,2,1,1,0.02,0.08,0.03,0.15,0.9,0.1,-1.2,0.0,0,0,1,0,0.825,0.2
100,1,-0.19056358933448792,0.4148373007774353,0.688355565071106,1.1765104127648902,1.58064314726487,2,1,1,0.02,0.08,0.03,0.15,0.9,0.1,-1.2,0.0,0,0,1,0,0.825,0.2
100,2,-0.588538408279419,-0.14225539565086365,0.3219699561595917,4.207640579717229,1.2314244068642417,2,1,1,0.02,0.08,0.03,0.15,0.9,0.1,-1.2,0.0,0,0,1,0,0.825,0.2
100,3,0.5126734972000122,0.31970861554145813,-0.6588517427444458,5.7941935728792355,6.28,2,1,1,0.02,0.08,0.03,0.15,0.9,0.1,-1.2,0.0,0,0,1,0,0.825,0.2
100,4,-1.3463881015777588,0.32863128185272217,-2.905745029449463,1.3881074269806617,1.6096156069941243,0,0,0,0.02,0.08,0.03,0.15,0.9,0.1,-1.2,0.0,0,0,1,0,0.825,0.2
100,5,0.10051283240318298,-0.40747177600860596,-0.5958796143531799,2.167546211495586,0.5648317944858594,2,1,1,0.02,0.08,0.03,0.15,0.9,0.1,-1.2,0.0,0,0,1,0,0.825,0.2
100,6,-0.7275785207748413,0.32187753915786743,-1.7926833629608154,2.984432017435902,0.31285270246368907,2,1,1,0.02,0.08,0.03,0.15,0.9,0.1,-1.2,0.0,0,0,1,0,0.825,0.2
100,7,-1.211340069770813,-0.27397316694259644,1.8188495635986328,6.050704924546232,4.36720285180896,2,1,1,0.02,0.08,0.03,0.15,0.9,0.1,-1.2,0.0,0,0,1,0,0.825,0.2
101,0,0.04188700020313263,0.07292378693819046,0.2527042329311371,5.956900964807836,0.013607273682056387,2,1,1,0.02,0.08,0.03,0.15,0.9,0.1,-1.2,0.0,0,0,1,0,0.825,0.2
101,1,-0.18783502280712128,0.41714081168174744,0.715695321559906,0.9883565337941025,0.7040229015333638,2,1,1,0.02,0.08,0.03,0.15,0.9,0.1,-1.2,0.0,0,0,1,0,0.825,0.2
101,2,-0.5831552743911743,-0.14072223007678986,0.2319461852312088,4.239709281390909,1.6332506510178313,2,1,1,0.02,0.08,0.03,0.15,0.9,0.1,-1.2,0.0,0,0,1,0,0.825,0.2
101,3,0.5222004055976868,0.3124788701534271,-0.6381582617759705,5.9508491667088235,6.28,2,1,1,0.02,0.08,0.03,0.15,0.9,0.1,-1.2,0.0,0,0,1,0,0.825,0.2
101,4,-1.3493013381958008,0.32796743512153625,-2.9277305603027344,2.215393030829368,0.6751771982951166,0,0,0,0.02,0.08,0.03,0.15,0.9,0.1,-1.2,0.0,0,0,1,0,0.825,0.2
101,5,0.1033402532339096,-0.40953773260116577,-0.6698145866394043,1.436953246517718,0.6151179672045113,2,1,1,0.02,0.08,0.03,0.15,0.9,0.1,-1.2,0.0,0,0,1,0,0.825,0.2
101,6,-0.7285325527191162,0.3187207877635956,-1.926374912261963,2.6682013710836054,0.7912720322723872,2,1,1,0.02,0.08,0.03,0.15,0.9,0.1,-1.2,0.0,0,0,1,0,0.825,0.2
101,7,-1.2134270668029785,-0.26443105936050415,1.7535570859909058,6.0486864819153014,4.6103359899030565,2,1,1,0.02,0.08,0.03,0.15,0.9,0.1,-1.2,0.0,0,0,1,0,0.825,0.2
102,0,0.04870668053627014,0.07435789704322815,0.16766442358493805,6.069440359341688,0.4164403660212618,2,1,1,0.02,0.08,0.03,0.15,0.9,0.1,-1.2,0.0,0,0,1,0,0.825,0.2
102,1,-0.18565982580184937,0.4190693497657776,0.7324662804603577,4.716158611103624,-4.79360591024109,2,1,1,0.02,0.08,0.03,0.15,0.9,0.1,-1.2,0.0,0,0,1,0,0.825,0.2
102,2,-0.5777758359909058,-0.13971717655658722,0.13027448952198029,4.254632777790502,1.7340425925360086,2,1,1,0.02,0.08,0.03,0.15,0.9,0.1,-1.2,0.0,0,0,1,0,0.825,0.2
102,3,0.5319458842277527,0.30538472533226013,-0.6203572154045105,5.996816940419469,6.28,2,1,1,0.02,0.08,0.03,0.15,0.9,0.1,-1.2,0.0,0,0,1,0,0.825,0.2
102,4,-1.3522289991378784,0.32734015583992004,-2.924539566040039,3.8378421096883852,-0.8774643898762501,0,0,0,0.02,0.08,0.03,0.15,0.9,0.1,-1.2,0.0,0,0,1,0,0.825,0.2
102,5,0.10551916807889938,-0.41137710213661194,-0.7294449210166931,0.25417914277619064,1.1116930276037347,2,1,1,0.02,0.08,0.03,0.15,0.9,0.1,-1.2,0.0,0,0,1,0,0.825,0.2
102,6,-0.7298398017883301,0.3157188594341278,-2.0277962684631348,2.5415017365679504,1.1949589137909125,2,1,1,0.02,0.08,0.03,0.15,0.9,0.1,-1.2,0.0,0,0,1,0,0.825,0.2
102,7,-1.2149964570999146,-0.2542666494846344,1.6929547786712646,5.153227574177949,3.2591825356677324,2,1,1,0.02,0.08,0.03,0.15,0.9,0.1,-1.2,0.0,0,0,1,0,0.825,0.2
103,0,0.05489145591855049,0.07496249675750732,-0.015666307881474495,6.28,1.9519362573690828,2,1,1,0.02,0.08,0.03,0.15,0.9,0.1,-1.2,0.0,0,0,1,0,0.825,0.2
103,1,-0.18424656987190247,0.4203457236289978,0.7272526621818542,5.437102910665832,-6.28,2,1,1,0.02,0.08,0.03,0.15,0.9,0.1,-1.2,0.0,0,0,1,0,0.825,0.2
103,2,-0.5720183849334717,-0.13924188911914825,0.03588752821087837,4.236893577063534,2.09342257263494,2,1,1,0.02,0.08,0.03,0.15,0.9,0.1,-1.2,0.0,0,0,1,0,0.825,0.2
103,3,0.5419187545776367,0.2983604073524475,-0.6077415347099304,5.914607233032974,6.28,2,1,1,0.02,0.08,0.03,0.15,0.9,0.1,-1.2,0.0,0,0,1,0,0.825,0.2
103,4,-1.3551104068756104,0.32674741744995117,-2.973686933517456,4.24143623476278,-1.397077320447187,0,0,0,0.02,0.08,0.03,0.15,0.9,0.1,-1.2,0.0,0,0,1,0,0.825,0.2
103,5,0.10711780935525894,-0.4128669500350952,-0.7636011242866516,-1.4424452942721815,2.573295416114574,2,1,1,0.02,0.08,0.03,0.15,0.9,0.1,-1.2,0.0,0,0,1,0,0.825,0.2
103,6,-0.7314535975456238,0.31274038553237915,-2.100166082382202,2.4425991252932837,1.5097422365211919,2,1,1,0.02,0.08,0.03,0.15,0.9,0.1,-1.2,0.0,0,0,1,0,0.825,0.2
103,7,-1.2160072326660156,-0.2436964064836502,1.639634609222412,4.904940671168178,3.2294247702540195,2,1,1,0.02,0.08,0.03,0.15,0.9,0.1,-1.2,0.0,0,0,1,0,0.825,0.2
104,0,0.06121567636728287,0.07422947883605957,-0.21841448545455933,2.9302241805062614,4.144069322992818,2,1,1,0.02,0.08,0.03,0.15,0.9,0.1,-1.2,0.0,0,0,1,0,0.825,0.2
104,1,-0.18406561017036438,0.42056477069854736,0.45621708035469055,4.847977519245375,-6.28,2,1,1,0.02,0.08,0.03,0.15,0.9,0.1,-1.2,0.0,0,0,1,0,0.825,0.2
104,2,-0.5660514235496521,-0.13929469883441925,-0.053183428943157196,4.167240861488667,2.2164222007211554,2,1,1,0.02,0.08,0.03,0.15,0.9,0.1,-1.2,0.0,0,0,1,0,0.825,0.2
104,3,0.5520237684249878,0.2914069592952728,-0.5975612998008728,5.649455781152474,6.223403786203408,2,1,1,0.02,0.08,0.03,0.15,0.9,0.1,-1.2,0.0,0,0,1,0,0.825,0.2
104,4,-1.35805082321167,0.3264312446117401,-3.140005350112915,4.436835495136281,-1.2494537257948692,0,0,0,0.02,0.08,0.03,0.15,0.9,0.1,-1.2,0.0,0,0,1,0,0.825,0.2
104,5,0.10819945484399796,-0.4139074683189392,-0.745195209980011,-2.2898657284139894,3.2990670519353915,2,1,1,0.02,0.08,0.03,0.15,0.9,0.1,-1.2,0.0,0,0,1,0,0.825,0.2
104,6,-0.7333889007568359,0.3096427321434021,-2.1518311500549316,2.971990973216586,1.7104912355345183,2,1,1,0.02,0.08,0.03,0.15,0.9,0.1,-1.2,0.0,0,0,1,0,0.825,0.2
104,7,-1.2163639068603516,-0.23476114869117737,1.573835849761963,5.149292871498301,3.083503929952257,2,1,1,0.02,0.08,0.03,0.15,0.9,0.1,-1.2,0.0,0,0,1,0,0.825,0.2
105,0,0.06862196326255798,0.07187578827142715,-0.384288489818573,1.6296285963913038,3.910193726343286,2,1,1,0.02,0.08,0.03,0.15,0.9,0.1,-1.2,0.0,0,0,1,0,0.825,0.2
105,1,-0.18439708650112152,0.42050862312316895,0.04069476202130318,4.477150156302026,-4.196465510573907,2,1,1,0.02,0.08,0.03,0.15,0.9,0.1,-1.2,0.0,0,0,1,0,0.825,0.2
105,2,-0.5598286390304565,-0.13987910747528076,-0.13134239614009857,4.036271253761448,2.253332396808469,2,1,1,0.02,0.08,0.03,0.15,0.9,0.1,-1.2,0.0,0,0,1,0,0.825,0.2
105,3,0.5621548891067505,0.28459155559539795,-0.585348904132843,5.54843056152187,6.129888494153214,2,1,1,0.02,0.08,0.03,0.15,0.9,0.1,-1.2,0.0,0,0,1,0,0.825,0.2
105,4,-1.3609566688537598,0.32673144340515137,2.912705183029175,4.580435080592503,-0.7478264873165809,0,0,0,0.02,0.08,0.03,0.15,0.9,0.1,-1.2,0.0,0,0,1,0,0.825,0.2
105,5,0.10909276455640793,-0.4146769940853119,-0.6263684034347534,-1.9872685097124463,3.493349679221906,2,1,1,0.02,0.08,0.03,0.15,0.9,0.1,-1.2,0.0,0,0,1,0,0.825,0.2
105,6,-0.7355907559394836,0.3064362704753876,-2.1879806518554688,3.5209506990497546,1.7699286181677243,2,1,1,0.02,0.08,0.03,0.15,0.9,0.1,-1.2,0.0,0,0,1,0,0.825,0.2
105,7,-1.2161251306533813,-0.2264440506696701,1.509090542793274,5.214789651607119,2.9345224991679375,2,1,1,0.02,0.08,0.03,0.15,0.9,0.1,-1.2,0.0,0,0,1,0,0.825,0.2
106,0,0.07528086006641388,0.06899987161159515,-0.37782689929008484,0.9160659667951914,4.055379360864985,2,1,1,0.02,0.08,0.03,0.15,0.9,0.1,-1.2,0.0,0,0,1,0,0.825,0.2
106,1,-0.18420861661434174,0.4199083149433136,-0.2589541971683502,4.632988377051614,-2.484839532102562,2,1,1,0.02,0.08,0.03,0.15,0.9,0.1,-1.2,0.0,0,0,1,0,0.825,0.2
106,2,-0.5535452961921692,-0.1409357488155365,-0.2009970098733902,3.8861002365946895,2.437744196236121,2,1,1,0.02,0.08,0.03,0.15,0.9,0.1,-1.2,0.0,0,0,1,0,0.825,0.2
106,3,0.5721562504768372,0.27807462215423584,-0.5666048526763916,5.409682015243561,5.960211088594405,2,1,1,0.02,0.08,0.03,0.15,0.9,0.1,-1.2,0.0,0,0,1,0,0.825,0.2
106,4,-1.3638824224472046,0.3278007507324219,2.6720235347747803,4.6751906757477295,-0.23616603728868027,0,0,0,0.02,0.08,0.03,0.15,0.9,0.1,-1.2,0.0,0,0,1,0,0.825,0.2
106,5,0.10997577011585236,-0.4152296185493469,-0.44073599576950073,-1.305336840791539,3.641022414560653,2,1,1,0.02,0.08,0.03,0.15,0.9,0.1,-1.2,0.0,0,0,1,0,0.825,0.2
106,6,-0.7382383942604065,0.30286988615989685,-2.233267068862915,3.7922140800664206,1.8844879976008455,2,1,1,0.02,0.08,0.03,0.15,0.9,0.1,-1.2,0.0,0,0,1,0,0.825,0.2
106,7,-1.2153245210647583,-0.21810416877269745,1.433676838874817,4.90385453979007,3.2142970663337085,2,1,1,0.02,0.08,0.03,0.15,0.9,0.1,-1.2,0.0,0,0,1,0,0.825,0.2
107,0,0.08073414117097855,0.06699363142251968,-0.30273711681365967,0.8496810852604307,4.175700125047553,2,1,1,0.02,0.08,0.03,0.15,0.9,0.1,-1.2,0.0,0,0,1,0,0.825,0.2
107,1,-0.18269427120685577,0.41914671659469604,-0.45812273025512695,4.451901118412678,-1.3915331059210772,2,1,1,0.02,0.08,0.03,0.15,0.9,0.1,-1.2,0.0,0,0,1,0,0.825,0.2
107,2,-0.5474644303321838,-0.14237917959690094,-0.2666120231151581,3.687661331780756,2.591784316412603,2,1,1,0.02,0.08,0.03,0.15,0.9,0.1,-1.2,0.0,0,0,1,0,0.825,0.2
107,3,0.582102358341217,0.27187931537628174,-0.5461372137069702,5.952660090474844,6.049720737919842,2,1,1,0.02,0.08,0.03,0.15,0.9,0.1,-1.2,0.0,0,0,1,0,0.825,0.2
107,4,-1.366686463356018,0.3296554386615753,2.4579765796661377,4.6865523476131985,0.5251894974176459,0,0,0,0.02,0.08,0.03,0.15,0.9,0.1,-1.2,0.0,0,0,1,0,0.825,0.2
107,5,0.11130683869123459,-0.4157142639160156,-0.24703437089920044,-0.7160141657230985,3.7464813035969384,2,1,1,0.02,0.08,0.03,0.15,0.9,0.1,-1.2,0.0,0,0,1,0,0.825,0.2
107,6,-0.7414395809173584,0.29900801181793213,-2.296875238418579,4.052478327730531,1.913058742696299,2,1,1,0.02,0.08,0.03,0.15,0.9,0.1,-1.2,0.0,0,0,1,0,0.825,0.2
107,7,-1.2138473987579346,-0.20985041558742523,1.3475595712661743,4.974515347545911,3.1866435953718617,2,1,1,0.02,0.08,0.03,0.15,0.9,0.1,-1.2,0.0,0,0,1,0,0.825,0.2
108,0,0.08564255386590958,0.06569761037826538,-0.19736427068710327,1.318368039915534,4.6199857138728735,2,1,1,0.02,0.08,0.03,0.15,0.9,0.1,-1.2,0.0,0,0,1,0,0.825,0.2
108,1,-0.18123003840446472,0.41808629035949707,-0.7727479338645935,4.5066229796433115,-0.7553021085852762,2,1,1,0.02,0.08,0.03,0.15,0.9,0.1,-1.2,0.0,0,0,1,0,0.825,0.2
108,2,-0.5415515899658203,-0.1441824734210968,-0.3243425786495209,3.4394745425953186,2.7204713030086243,2,1,1,0.02,0.08,0.03,0.15,0.9,0.1,-1.2,0.0,0,0,1,0,0.825,0.2
108,3,0.5919268131256104,0.2660331130027771,-0.5265383720397949,5.948914904546309,5.912082766533552,2,1,1,0.02,0.08,0.03,0.15,0.9,0.1,-1.2,0.0,0,0,1,0,0.825,0.2
108,4,-1.3694161176681519,0.33238041400909424,2.266521692276001,4.611705029489469,1.4096557863779766,0,0,0,0.02,0.08,0.03,0.15,0.9,0.1,-1.2,0.0,0,0,1,0,0.825,0.2
108,5,0.11346016079187393,-0.41605326533317566,-0.06953687965869904,-0.20323377505641163,3.4200968073690774,2,1,1,0.02,0.08,0.03,0.15,0.9,0.1,-1.2,0.0,0,0,1,0,0.825,0.2
108,6,-0.745183527469635,0.2950792908668518,-2.3691303730010986,3.929168871057441,2.347719959507129,2,1,1,0.02,0.08,0.03,0.15,0.9,0.1,-1.2,0.0,0,0,1,0,0.825,0.2
108,7,-1.2117420434951782,-0.2019079625606537,1.2809590101242065,5.106229040821764,2.87760124745698,2,1,1,0.02,0.08,0.03,0.15,0.9,0.1,-1.2,0.0,0,0,1,0,0.825,0.2
109,0,0.09061435610055923,0.06498368084430695,-0.08148317039012909,1.8184789750563466,4.639720435901438,2,1,1,0.02,0.08,0.03,0.15,0.9,0.1,-1.2,0.0,0,0,1,0,0.825,0.2
109,1,-0.17955368757247925,0.4160326421260834,-1.0141245126724243,4.116967220255568,-0.8754482644786107,2,1,1,0.02,0.08,0.03,0.15,0.9,0.1,-1.2,0.0,0,0,1,0,0.825,0.2
109,2,-0.5357407331466675,-0.14629006385803223,-0.36883193254470825,3.245911755096313,3.3555608996218704,2,1,1,0.02,0.08,0.03,0.15,0.9,0.1,-1.2,0.0,0,0,1,0,0.825,0.2
109,3,0.6022244095802307,0.26011693477630615,-0.5199890732765198,6.28,5.901922171630591,2,1,1,0.02,0.08,0.03,0.15,0.9,0.1,-1.2,0.0,0,0,1,0,0.825,0.2
109,4,-1.3720821142196655,0.33620181679725647,2.1015610694885254,4.468853382511781,1.403537232759833,0,0,0,0.02,0.08,0.03,0.15,0.9,0.1,-1.2,0.0,0,0,1,0,0.825,0.2
109,5,0.11635792255401611,-0.4160166382789612,0.09033506363630295,0.5282170235321988,3.5009613509565294,2,1,1,0.02,0.08,0.03,0.15,0.9,0.1,-1.2,0.0,0,0,1,0,0.825,0.2
109,6,-0.7494295239448547,0.2912534773349762,-2.449702501296997,3.925717079503138,2.5968222544589423,2,1,1,0.02,0.08,0.03,0.15,0.9,0.1,-1.2,0.0,0,0,1,0,0.825,0.2
109,7,-1.2091788053512573,-0.19416972994804382,1.2190779447555542,4.9841914849937465,3.100719059436763,2,1,1,0.02,0.08,0.03,0.15,0.9,0.1,-1.2,0.0,0,0,1,0,0.825,0.2
110,0,0.09637804329395294,0.06485220044851303,0.035091523081064224,2.612423689620696,5.283281821185088,2,1,1,0.02,0.08,0.03,0.15,0.9,0.1,-1.2,0.0,0,0,1,0,0.825,0.2
110,1,-0.17795266211032867,0.4129442274570465,-1.2079269886016846,3.5731280310871067,-1.047162336308609,2,1,1,0.02,0.08,0.03,0.15,0.9,0.1,-1.2,0.0,0,0,1,0,0.825,0.2
110,2,-0.5300741791725159,-0.14859020709991455,-0.39889129996299744,2.933187904560479,3.266195309517994,2,1,1,0.02,0.08,0.03,0.15,0.9,0.1,-1.2,0.0,0,0,1,0,0.825,0.2
110,3,0.6125450134277344,0.25421398878097534,-0.5205462574958801,6.28,5.858749776489536,2,1,1,0.02,0.08,0.03,0.15,0.9,0.1,-1.2,0.0,0,0,1,0,0.825,0.2
110,4,-1.3745548725128174,0.34116387367248535,1.9718399047851562,4.283178385877971,2.290155747417257,0,0,0,0.02,0.08,0.03,0.15,0.9,0.1,-1.2,0.0,0,0,1,0,0.825,0.2
110,5,0.11948011070489883,-0.4155108630657196,0.22367317974567413,1.1398678451966013,2.696852382570551,2,1,1,0.02,0.08,0.03,0.15,0.9,0.1,-1.2,0.0,0,0,1,0,0.825,0.2
110,6,-0.7542275190353394,0.2875545024871826,-2.51477313041687,3.8362639099800186,2.838772064036017,2,1,1,0.02,0.08,0.03,0.15,0.9,0.1,-1.2,0.0,0,0,1,0,0.825,0.2
110,7,-1.2061625719070435,-0.18673783540725708,1.1440064907073975,4.917111495190613,3.176511511314236,2,1,1,0.02,0.08,0.03,0.15,0.9,0.1,-1.2,0.0,0,0,1,0,0.825,0.2
111,0,0.10271310061216354,0.06541255116462708,0.1374107301235199,3.1718430789058547,5.33721268237924,2,1,1,0.02,0.08,0.03,0.15,0.9,0.1,-1.2,0.0,0,0,1,0,0.825,0.2
111,1,-0.17703364789485931,0.4097301661968231,-1.384040355682373,3.3146119862690644,-1.3091937987036117,2,1,1,0.02,0.08,0.03,0.15,0.9,0.1,-1.2,0.0,0,0,1,0,0.825,0.2
111,2,-0.5240848660469055,-0.1511489748954773,-0.4006403088569641,2.723038898154938,3.63205273180741,2,1,1,0.02,0.08,0.03,0.15,0.9,0.1,-1.2,0.0,0,0,1,0,0.825,0.2
111,3,0.6230347752571106,0.248146653175354,-0.531656801700592,6.28,5.878419790796999,2,1,1,0.02,0.08,0.03,0.15,0.9,0.1,-1.2,0.0,0,0,1,0,0.825,0.2
111,4,-1.37644624710083,0.34644806385040283,1.8535501956939697,4.013288404186245,2.943297249491841,0,0,0,0.02,0.08,0.03,0.15,0.9,0.1,-1.2,0.0,0,0,1,0,0.825,0.2
111,5,0.12318821996450424,-0.41443559527397156,0.33243364095687866,1.8190506919490839,2.000669620955335,2,1,1,0.02,0.08,0.03,0.15,0.9,0.1,-1.2,0.0,0,0,1,0,0.825,0.2
111,6,-0.759524405002594,0.28393447399139404,-2.565126657485962,3.416839098537545,3.399183550404956,2,1,1,0.02,0.08,0.03,0.15,0.9,0.1,-1.2,0.0,0,0,1,0,0.825,0.2
111,7,-1.202574610710144,-0.1795128434896469,1.075439691543579,4.840913691521356,3.11171235832903,2,1,1,0.02,0.08,0.03,0.15,0.9,0.1,-1.2,0.0,0,0,1,0,0.825,0.2
112,0,0.11020500212907791,0.06682322174310684,0.2327481508255005,3.5881710468676338,5.292926927959306,2,1,1,0.02,0.08,0.03,0.15,0.9,0.1,-1.2,0.0,0,0,1,0,0.825,0.2
112,1,-0.17674507200717926,0.40708106756210327,-1.5481390953063965,4.36305628881927,-1.8602908587132763,2,1,1,0.02,0.08,0.03,0.15,0.9,0.1,-1.2,0.0,0,0,1,0,0.825,0.2
112,2,-0.5182934403419495,-0.15357808768749237,-0.3902997374534607,2.5118448496352626,3.75625032946046,2,1,1,0.02,0.08,0.03,0.15,0.9,0.1,-1.2,0.0,0,0,1,0,0.825,0.2
112,3,0.6334638595581055,0.24191737174987793,-0.5463697910308838,6.28,5.93474605589754,2,1,1,0.02,0.08,0.03,0.15,0.9,0.1,-1.2,0.0,0,0,1,0,0.825,0.2
112,4,-1.377903938293457,0.3524990379810333,1.7691545486450195,3.868658622063073,2.622301107960842,0,0,0,0.02,0.08,0.03,0.15,0.9,0.1,-1.2,0.0,0,0,1,0,0.825,0.2
112,5,0.12679573893547058,-0.4130343198776245,0.39666953682899475,2.0724363599103106,2.112864056282612,2,1,1,0.02,0.08,0.03,0.15,0.9,0.1,-1.2,0.0,0,0,1,0,0.825,0.2
112,6,-0.7651657462120056,0.28042805194854736,-2.6024129390716553,1.1524837285277625,3.27014769171173,2,1,1,0.02,0.08,0.03,0.15,0.9,0.1,-1.2,0.0,0,0,1,0,0.825,0.2
112,7,-1.1985117197036743,-0.1725144237279892,1.0133521556854248,4.651385172825194,3.4245532240520786,2,1,1,0.02,0.08,0.03,0.15,0.9,0.1,-1.2,0.0,0,0,1,0,0.825,0.2
113,0,0.11847691982984543,0.06917387247085571,0.3198578953742981,4.1128275112662624,5.809633333226789,2,1,1,0.02,0.08,0.03,0.15,0.9,0.1,-1.2,0.0,0,0,1,0,0.825,0.2
113,1,-0.17685802280902863,0.40497463941574097,-1.710583209991455,4.066202856420223,-1.1763061807143906,2,1,1,0.02,0.08,0.03,0.15,0.9,0.1,-1.2,0.0,0,0,1,0,0.825,0.2
113,2,-0.5124193429946899,-0.15592153370380402,-0.36227476596832275,2.368067836198905,4.023573303939582,2,1,1,0.02,0.08,0.03,0.15,0.9,0.1,-1.2,0.0,0,0,1,0,0.825,0.2
113,3,0.6438044905662537,0.23552988469600677,-0.5607206225395203,6.28,6.023991967289804,2,1,1,0.02,0.08,0.03,0.15,0.9,0.1,-1.2,0.0,0,0,1,0,0.825,0.2
113,4,-1.3790525197982788,0.35917142033576965,1.7218389511108398,3.6558270753575517,3.1274025029701673,0,0,0,0.02,0.08,0.03,0.15,0.9,0.1,-1.2,0.0,0,0,1,0,0.825,0.2
113,5,0.13029304146766663,-0.4115089476108551,0.4124160706996918,2.2013307659769463,1.7399926634817964,2,1,1,0.02,0.08,0.03,0.15,0.9,0.1,-1.2,0.0,0,0,1,0,0.825,0.2
113,6,-0.7710185647010803,0.27699366211891174,-2.6098134517669678,1.5645967890163155,3.1651227614787816,2,1,1,0.02,0.08,0.03,0.15,0.9,0.1,-1.2,0.0,0,0,1,0,0.825,0.2
113,7,-1.194092869758606,-0.1658678948879242,0.9525887966156006,4.481941003821499,3.4606148749278502,2,1,1,0.02,0.08,0.03,0.15,0.9,0.1,-1.2,0.0,0,0,1,0,0.825,0.2
114,0,0.12689128518104553,0.07229313254356384,0.3889067471027374,4.4614058714899825,5.9082502914934265,2,1,1,0.02,0.08,0.03,0.15,0.9,0.1,-1.2,0.0,0,0,1,0,0.825,0.2
114,1,-0.17742817103862762,0.40263572335243225,-1.9193215370178223,3.5152183025547608,-0.02100657362546464,2,1,1,0.02,0.08,0.03,0.15,0.9,0.1,-1.2,0.0,0,0,1,0,0.825,0.2
114,2,-0.5065001845359802,-0.15803982317447662,-0.32084256410598755,2.2812264415306003,4.24470391812683,2,1,1,0.02,0.08,0.03,0.15,0.9,0.1,-1.2,0.0,0,0,1,0,0.825,0.2
114,3,0.6540980339050293,0.22897589206695557,-0.5732648968696594,1.768231134660221,5.610327962985702,2,1,1,0.02,0.08,0.03,0.15,0.9,0.1,-1.2,0.0,0,0,1,0,0.825,0.2
114,4,-1.3799068927764893,0.3656657338142395,1.6786258220672607,3.4183081122421957,3.425866430042685,0,0,0,0.02,0.08,0.03,0.15,0.9,0.1,-1.2,0.0,0,0,1,0,0.825,0.2
114,5,0.13405165076255798,-0.40985211730003357,0.414678156375885,2.449695785896931,1.0419194573237294,2,1,1,0.02,0.08,0.03,0.15,0.9,0.1,-1.2,0.0,0,0,1,0,0.825,0.2
114,6,-0.7752017378807068,0.2744409143924713,-2.5502851009368896,-0.4075108641602284,2.832232726247235,2,1,1,0.02,0.08,0.03,0.15,0.9,0.1,-1.2,0.0,0,0,1,0,0.825,0.2
114,7,-1.1892688274383545,-0.159423366189003,0.9060260057449341,3.227652080237009,1.9446885719285978,2,1,1,0.02,0.08,0.03,0.15,0.9,0.1,-1.2,0.0,0,0,1,0,0.825,0.2
115,0,0.13587389886379242,0.07631846517324448,0.45544275641441345,4.774655352777731,5.940547505449921,2,1,1,0.02,0.08,0.03,0.15,0.9,0.1,-1.2,0.0,0,0,1,0,0.825,0.2
115,1,-0.1786562204360962,0.4000825583934784,-2.1112782955169678,3.0242901673752374,1.3334237572369252,2,1,1,0.02,0.08,0.03,0.15,0.9,0.1,-1.2,0.0,0,0,1,0,0.825,0.2
115,2,-0.5004063248634338,-0.15989407896995544,-0.26549777388572693,2.275739971272593,4.411088086039378,2,1,1,0.02,0.08,0.03,0.15,0.9,0.1,-1.2,0.0,0,0,1,0,0.825,0.2
115,3,0.6643862128257751,0.22226133942604065,-0.582854151725769,1.4118615452172691,5.646021786752519,2,1,1,0.02,0.08,0.03,0.15,0.9,0.1,-1.2,0.0,0,0,1,0,0.825,0.2
115,4,-1.3805286884307861,0.3723866045475006,1.6542576551437378,3.3911736655615683,3.1200891446241954,0,0,0,0.02,0.08,0.03,0.15,0.9,0.1,-1.2,0.0,0,0,1,0,0.825,0.2
115,5,0.13770854473114014,-0.40825849771499634,0.40187177062034607,2.2164004626145513,1.3724242781045954,2,1,1,0.02,0.08,0.03,0.15,0.9,0.1,-1.2,0.0,0,0,1,0,0.825,0.2
115,6,-0.778856098651886,0.2717994153499603,-2.484575033187866,-0.259349894623561,2.5179455634420798,2,1,1,0.02,0.08,0.03,0.15,0.9,0.1,-1.2,0.0,0,0,1,0,0.825,0.2
115,7,-1.1842372417449951,-0.1532464176416397,0.8688229918479919,2.784559130344127,1.9085959281856968,2,1,1,0.02,0.08,0.03,0.15,0.9,0.1,-1.2,0.0,0,0,1,0,0.825,0.2
116,0,0.14497880637645721,0.08110552281141281,0.5122377276420593,4.95366337695103,5.899477047601924,2,1,1,0.02,0.08,0.03,0.15,0.9,0.1,-1.2,0.0,0,0,1,0,0.825,0.2
116,1,-0.18058565258979797,0.39736881852149963,-2.2487077713012695,3.013231815256514,2.3713176591590437,2,1,1,0.02,0.08,0.03,0.15,0.9,0.1,-1.2,0.0,0,0,1,0,0.825,0.2
116,2,-0.4940800368785858,-0.1614014059305191,-0.19860415160655975,2.343335858270462,4.1132278111371985,2,1,1,0.02,0.08,0.03,0.15,0.9,0.1,-1.2,0.0,0,0,1,0,0.825,0.2
116,3,0.6715005040168762,0.21785256266593933,-0.47635653614997864,2.100456352804937,5.769637763729174,2,1,1,0.02,0.08,0.03,0.15,0.9,0.1,-1.2,0.0,0,0,1,0,0.825,0.2
116,4,-1.3810665607452393,0.37919944524765015,1.6507937908172607,3.2510351755127966,3.212483792731255,0,0,0,0.02,0.08,0.03,0.15,0.9,0.1,-1.2,0.0,0,0,1,0,0.825,0.2
116,5,0.14102542400360107,-0.4069086015224457,0.3590623438358307,1.9879654841658587,1.5561507802573649,2,1,1,0.02,0.08,0.03,0.15,0.9,0.1,-1.2,0.0,0,0,1,0,0.825,0.2
116,6,-0.7809951901435852,0.270011305809021,-2.3787972927093506,-0.6299294019798691,2.8258918382003264,2,1,1,0.02,0.08,0.03,0.15,0.9,0.1,-1.2,0.0,0,0,1,0,0.825,0.2
116,7,-1.1804604530334473,-0.14894311130046844,0.8258329629898071,2.506670858088701,1.9235609138922602,2,1,1,0.02,0.08,0.03,0.15,0.9,0.1,-1.2,0.0,0,0,1,0,0.825,0.2
117,0,0.15410049259662628,0.08650773763656616,0.5563693642616272,5.48523970794565,2.3358797679192524,2,1,1,0.02,0.08,0.03,0.15,0.9,0.1,-1.2,0.0,0,0,1,0,0.825,0.2
117,1,-0.18332891166210175,0.39426106214523315,-2.3215208053588867,2.9407872102325356,2.9482913304949605,2,1,1,0.02,0.08,0.03,0.15,0.9,0.1,-1.2,0.0,0,0,1,0,0.825,0.2
117,2,-0.4875083267688751,-0.16248121857643127,-0.1247216984629631,2.4389062473768313,4.021727508681652,2,1,1,0.02,0.08,0.03,0.15,0.9,0.1,-1.2,0.0,0,0,1,0,0.825,0.2
117,3,0.6780034899711609,0.2150619477033615,-0.32669907808303833,2.9372817505448654,5.855425645153008,2,1,1,0.02,0.08,0.03,0.15,0.9,0.1,-1.2,0.0,0,0,1,0,0.825,0.2
117,4,-1.3815734386444092,0.38577786087989807,1.6426515579223633,3.1328299731514475,3.1694040421601497,0,0,0,0.02,0.08,0.03,0.15,0.9,0.1,-1.2,0.0,0,0,1,0,0.825,0.2
117,5,0.14445799589157104,-0.40569525957107544,0.32295331358909607,2.126010819679628,0.9456125232596458,2,1,1,0.02,0.08,0.03,0.15,0.9,0.1,-1.2,0.0,0,0,1,0,0.825,0.2
117,6,-0.7823693156242371,0.26852622628211975,-2.268472194671631,-0.4539757342311393,2.710072707667755,2,1,1,0.02,0.08,0.03,0.15,0.9,0.1,-1.2,0.0,0,0,1,0,0.825,0.2
117,7,-1.1771495342254639,-0.1454838216304779,0.792353093624115,2.365637287126748,1.488826213715591,2,1,1,0.02,0.08,0.03,0.15,0.9,0.1,-1.2,0.0,0,0,1,0,0.825,0.2
118,0,0.1631893813610077,0.09238248318433762,0.5909613370895386,5.473422427959868,1.9454789449914616,2,1,1,0.02,0.08,0.03,0.15,0.9,0.1,-1.2,0.0,0,0,1,0,0.825,0.2
118,1,-0.1869274377822876,0.3905526101589203,-2.351081371307373,3.0576614906852364,3.352660832756269,2,1,1,0.02,0.08,0.03,0.15,0.9,0.1,-1.2,0.0,0,0,1,0,0.825,0.2
118,2,-0.481029748916626,-0.16307607293128967,-0.06006546691060066,2.526825870884366,3.950085288764233,2,1,1,0.02,0.08,0.03,0.15,0.9,0.1,-1.2,0.0,0,0,1,0,0.825,0.2
118,3,0.6854417324066162,0.21309560537338257,-0.19233006238937378,3.8109919254483615,5.8300377623055155,2,1,1,0.02,0.08,0.03,0.15,0.9,0.1,-1.2,0.0,0,0,1,0,0.825,0.2
118,4,-1.3820216655731201,0.3922441601753235,1.639423131942749,2.809292021561323,3.456585974588257,0,0,0,0.02,0.08,0.03,0.15,0.9,0.1,-1.2,0.0,0,0,1,0,0.825,0.2
118,5,0.1478872299194336,-0.4045947194099426,0.3031984865665436,1.5496454334743908,1.917787337283387,2,1,1,0.02,0.08,0.03,0.15,0.9,0.1,-1.2,0.0,0,0,1,0,0.825,0.2
118,6,-0.7835929989814758,0.26688915491104126,-2.1460111141204834,-1.0223308737375951,3.392475343727767,2,1,1,0.02,0.08,0.03,0.15,0.9,0.1,-1.2,0.0,0,0,1,0,0.825,0.2
118,7,-1.1739617586135864,-0.14233267307281494,0.7699264287948608,2.1685112068747574,1.2965623128418327,2,1,1,0.02,0.08,0.03,0.15,0.9,0.1,-1.2,0.0,0,0,1,0,0.825,0.2
119,0,0.17027877271175385,0.09694259613752365,0.5084508061408997,5.441181604542872,1.8376375799348081,2,1,1,0.02,0.08,0.03,0.15,0.9,0.1,-1.2,0.0,0,0,1,0,0.825,0.2
119,1,-0.19101598858833313,0.38646548986434937,-2.355120897293091,3.621281190606598,3.7074362464051416,2,1,1,0.02,0.08,0.03,0.15,0.9,0.1,-1.2,0.0,0,0,1,0,0.825,0.2
119,2,-0.4745722711086273,-0.16328032314777374,-0.003776801750063896,2.5541173509026254,3.754869824954425,2,1,1,0.02,0.08,0.03,0.15,0.9,0.1,-1.2,0.0,0,0,1,0,0.825,0.2
119,3,0.6938850283622742,0.21194007992744446,-0.08136072009801865,4.383515795905833,5.630989884432355,2,1,1,0.02,0.08,0.03,0.15,0.9,0.1,-1.2,0.0,0,0,1,0,0.825,0.2
119,4,-1.3824554681777954,0.39856353402137756,1.6402788162231445,2.3625343057134067,3.6413000300546963,0,0,0,0.02,0.08,0.03,0.15,0.9,0.1,-1.2,0.0,0,0,1,0,0.825,0.2
119,5,0.15101760625839233,-0.403669536113739,0.26362302899360657,0.8831319132234752,2.847988381718081,2,1,1,0.02,0.08,0.03,0.15,0.9,0.1,-1.2,0.0,0,0,1,0,0.825,0.2
119,6,-0.784546434879303,0.2651972770690918,-2.022165060043335,-1.3780137157703298,3.8133358305728096,2,1,1,0.02,0.08,0.03,0.15,0.9,0.1,-1.2,0.0,0,0,1,0,0.825,0.2
119,7,-1.1710772514343262,-0.13960601389408112,0.7412949204444885,1.7999323359155286,1.733714749209126,2,1,1,0.02,0.08,0.03,0.15,0.9,0.1,-1.2,0.0,0,0,1,0,0.825,0.2
120,0,0.17703863978385925,0.10023029148578644,0.3861857056617737,5.331315253338298,2.522729692526221,2,1,1,0.02,0.08,0.03,0.15,0.9,0.1,-1.2,0.0,0,0,1,0,0.825,0.2
120,1,-0.19545656442642212,0.3819946050643921,-2.3465425968170166,3.317377752993303,3.8448708073293534,2,1,1,0.02,0.08,0.03,0.15,0.9,0.1,-1.2,0.0,0,0,1,0,0.825,0.2
120,2,-0.468099981546402,-0.1631353199481964,0.047834936529397964,2.8140514135540022,4.27824328092994,2,1,1,0.02,0.08,0.03,0.15,0.9,0.1,-1.2,0.0,0,0,1,0,0.825,0.2
120,3,0.7032396793365479,0.2115813046693802,-0.0018203945364803076,4.486710379100468,5.483183926200445,2,1,1,0.02,0.08,0.03,0.15,0.9,0.1,-1.2,0.0,0,0,1,0,0.825,0.2
120,4,-1.3829286098480225,0.4047715961933136,1.6605050563812256,2.4383787828140586,3.0970430336855834,0,0,0,0.02,0.08,0.03,0.15,0.9,0.1,-1.2,0.0,0,0,1,0,0.825,0.2
120,5,0.15429571270942688,-0.4028069078922272,0.2656247913837433,1.0933975971889185,2.4584051827727578,2,1,1,0.02,0.08,0.03,0.15,0.9,0.1,-1.2,0.0,0,0,1,0,0.825,0.2
120,6,-0.7853924632072449,0.2630647122859955,-1.873779058456421,-1.2700044769816516,3.968940163189794,2,1,1,0.02,0.08,0.03,0.15,0.9,0.1,-1.2,0.0,0,0,1,0,0.825,0.2
120,7,-1.1684296131134033,-0.1372520625591278,0.7107104063034058,1.5859042402506538,1.4524544551637353,2,1,1,0.02,0.08,0.03,0.15,0.9,0.1,-1.2,0.0,0,0,1,0,0.825,0.2
121,0,0.18397167325019836,0.10257887840270996,0.2597319483757019,5.057783192456909,3.529376514817361,2,1,1,0.02,0.08,0.03,0.15,0.9,0.1,-1.2,0.0,0,0,1,0,0.825,0.2
121,1,-0.20044349133968353,0.3768807053565979,-2.341904401779175,-0.13283362615501662,2.8302842030639392,2,1,1,0.02,0.08,0.03,0.15,0.9,0.1,-1.2,0.0,0,0,1,0,0.825,0.2
121,2,-0.4617733061313629,-0.1626897156238556,0.09146004170179367,2.9887371612686717,3.1939815904959397,2,1,1,0.02,0.08,0.03,0.15,0.9,0.1,-1.2,0.0,0,0,1,0,0.825,0.2
121,3,0.7131661772727966,0.21184071898460388,0.04806257039308548,4.87322288648936,5.1064482126862885,2,1,1,0.02,0.08,0.03,0.15,0.9,0.1,-1.2,0.0,0,0,1,0,0.825,0.2
121,4,-1.3835660219192505,0.41068851947784424,1.704899787902832,1.7205110189100876,2.5679318531930133,0,0,0,0.02,0.08,0.03,0.15,0.9,0.1,-1.2,0.0,0,0,1,0,0.825,0.2
121,5,0.15770986676216125,-0.40179765224456787,0.32760870456695557,1.2120002981813507,2.3689287547403683,2,1,1,0.02,0.08,0.03,0.15,0.9,0.1,-1.2,0.0,0,0,1,0,0.825,0.2
121,6,-0.7859103083610535,0.2606859803199768,-1.6967253684997559,0.49650224400445436,3.088849322388075,2,1,1,0.02,0.08,0.03,0.15,0.9,0.1,-1.2,0.0,0,0,1,0,0.825,0.2
121,7,-1.1657435894012451,-0.13497623801231384,0.7027097940444946,1.3890513498722437,1.2450689024727786,2,1,1,0.02,0.08,0.03,0.15,0.9,0.1,-1.2,0.0,0,0,1,0,0.825,0.2
122,0,0.1915537416934967,0.1041550412774086,0.1551828235387802,4.5194959559212595,4.345456517855948,2,1,1,0.02,0.08,0.03,0.15,0.9,0.1,-1.2,0.0,0,0,1,0,0.825,0.2
122,1,-0.20542900264263153,0.3716927766799927,-2.326406478881836,-0.8213092370928615,3.1605661048592415,2,1,1,0.02,0.08,0.03,0.15,0.9,0.1,-1.2,0.0,0,0,1,0,0.825,0.2
122,2,-0.45488303899765015,-0.16189266741275787,0.14098688960075378,3.0515233064514495,3.192999864890076,2,1,1,0.02,0.08,0.03,0.15,0.9,0.1,-1.2,0.0,0,0,1,0,0.825,0.2
122,3,0.7231162190437317,0.21250292658805847,0.08439350873231888,4.643985802730233,5.149062699835354,2,1,1,0.02,0.08,0.03,0.15,0.9,0.1,-1.2,0.0,0,0,1,0,0.825,0.2
122,4,-1.3844035863876343,0.41618314385414124,1.7350294589996338,-2.841126354659028,3.7350994370819013,0,0,0,0.02,0.08,0.03,0.15,0.9,0.1,-1.2,0.0,0,0,1,0,0.825,0.2
122,5,0.1609411984682083,-0.40059301257133484,0.38476061820983887,1.5075094572559327,1.8302509352793639,2,1,1,0.02,0.08,0.03,0.15,0.9,0.1,-1.2,0.0,0,0,1,0,0.825,0.2
122,6,-0.7859974503517151,0.25802797079086304,-1.512940764427185,0.05971498866006557,3.2665086062013526,2,1,1,0.02,0.08,0.03,0.15,0.9,0.1,-1.2,0.0,0,0,1,0,0.825,0.2
122,7,-1.1633425951004028,-0.1329534947872162,0.6984467506408691,1.2404979294859606,0.8688753419793414,2,1,1,0.02,0.08,0.03,0.15,0.9,0.1,-1.2,0.0,0,0,1,0,0.825,0.2
123,0,0.19992391765117645,0.10515361279249191,0.09235630184412003,4.089336973125249,4.488572055260283,2,1,1,0.02,0.08,0.03,0.15,0.9,0.1,-1.2,0.0,0,0,1,0,0.825,0.2
123,1,-0.20783205330371857,0.36902084946632385,-2.2394192218780518,-0.40979666498202444,3.0485741342818127,2,1,1,0.02,0.08,0.03,0.15,0.9,0.1,-1.2,0.0,0,0,1,0,0.825,0.2
123,2,-0.4485919773578644,-0.1609126329421997,0.15708665549755096,3.0699191819605387,3.219311829306203,2,1,1,0.02,0.08,0.03,0.15,0.9,0.1,-1.2,0.0,0,0,1,0,0.825,0.2
123,3,0.7330459952354431,0.21343792974948883,0.09757241606712341,4.664216408963774,5.0520608504136275,2,1,1,0.02,0.08,0.03,0.15,0.9,0.1,-1.2,0.0,0,0,1,0,0.825,0.2
123,4,-1.385197401046753,0.4205924868583679,1.7654480934143066,-6.28,4.733650029463346,0,0,0,0.02,0.08,0.03,0.15,0.9,0.1,-1.2,0.0,0,0,1,0,0.825,0.2
123,5,0.16411808133125305,-0.39921778440475464,0.43079128861427307,1.4364734275244213,2.0806065132596654,2,1,1,0.02,0.08,0.03,0.15,0.9,0.1,-1.2,0.0,0,0,1,0,0.825,0.2
123,6,-0.7855710387229919,0.2547394335269928,-1.4004160165786743,-0.21531382285746337,3.3609232674736655,2,1,1,0.02,0.08,0.03,0.15,0.9,0.1,-1.2,0.0,0,0,1,0,0.825,0.2
123,7,-1.1612507104873657,-0.1312064677476883,0.6930961012840271,0.9890867838020687,0.8937608829383483,2,1,1,0.02,0.08,0.03,0.15,0.9,0.1,-1.2,0.0,0,0,1,0,0.825,0.2
124,0,0.20869594812393188,0.10584785044193268,0.07733823359012604,3.564469136472485,4.801219652159097,2,1,1,0.02,0.08,0.03,0.15,0.9,0.1,-1.2,0.0,0,0,1,0,0.825,0.2
124,1,-0.20922498404979706,0.36704322695732117,-2.1065118312835693,-0.9026178740610086,3.3175824462264996,2,1,1,0.02,0.08,0.03,0.15,0.9,0.1,-1.2,0.0,0,0,1,0,0.825,0.2
124,2,-0.44244226813316345,-0.1599145233631134,0.16226327419281006,3.1219997299460926,3.1155168394903705,2,1,1,0.02,0.08,0.03,0.15,0.9,0.1,-1.2,0.0,0,0,1,0,0.825,0.2
124,3,0.7428216338157654,0.21445859968662262,0.11310403794050217,4.250480648910835,5.068566173424196,2,1,1,0.02,0.08,0.03,0.15,0.9,0.1,-1.2,0.0,0,0,1,0,0.825,0.2
124,4,-1.3854669332504272,0.4218786954879761,1.965762972831726,-6.28,3.7340699148567786,0,0,0,0.02,0.08,0.03,0.15,0.9,0.1,-1.2,0.0,0,0,1,0,0.825,0.2
124,5,0.1671331375837326,-0.3977806270122528,0.44952380657196045,1.402710945953578,2.076308560485298,2,1,1,0.02,0.08,0.03,0.15,0.9,0.1,-1.2,0.0,0,0,1,0,0.825,0.2
124,6,-0.784830629825592,0.25144943594932556,-1.2925163507461548,-0.6501578916778251,3.5094137962555885,2,1,1,0.02,0.08,0.03,0.15,0.9,0.1,-1.2,0.0,0,0,1,0,0.825,0.2
124,7,-1.1595189571380615,-0.12978167831897736,0.680665135383606,0.8437862400269039,0.79392597038989,2,1,1,0.02,0.08,0.03,0.15,0.9,0.1,-1.2,0.0,0,0,1,0,0.825,0.2
125,0,0.21729899942874908,0.10653100907802582,0.08795592188835144,3.3788252560819587,4.747943971080075,2,1,1,0.02,0.08,0.03,0.15,0.9,0.1,-1.2,0.0,0,0,1,0,0.825,0.2
125,1,-0.2104024738073349,0.36474117636680603,-1.9812090396881104,-1.840927468145701,3.773506101128764,2,1,1,0.02,0.08,0.03,0.15,0.9,0.1,-1.2,0.0,0,0,1,0,0.825,0.2
125,2,-0.4362485408782959,-0.1588830202817917,0.16735586524009705,3.264801559191751,2.680532180387981,2,1,1,0.02,0.08,0.03,0.15,0.9,0.1,-1.2,0.0,0,0,1,0,0.825,0.2
125,3,0.7524824738502502,0.21562643349170685,0.12744571268558502,4.26241191840881,4.9761148375340944,2,1,1,0.02,0.08,0.03,0.15,0.9,0.1,-1.2,0.0,0,0,1,0,0.825,0.2
125,4,-1.3845609426498413,0.42055511474609375,2.361020088195801,-6.28,4.207159712527186,0,0,0,0.02,0.08,0.03,0.15,0.9,0.1,-1.2,0.0,0,0,1,0,0.825,0.2
125,5,0.17020422220230103,-0.3962599039077759,0.47169920802116394,1.25175355903815,2.313807286362112,2,1,1,0.02,0.08,0.03,0.15,0.9,0.1,-1.2,0.0,0,0,1,0,0.825,0.2
125,6,-0.7837840914726257,0.2484423965215683,-1.169734239578247,-1.0900252202732221,3.6367711166126386,2,1,1,0.02,0.08,0.03,0.15,0.9,0.1,-1.2,0.0,0,0,1,0,0.825,0.2
125,7,-1.1580045223236084,-0.12856553494930267,0.674877405166626,0.5205264795207055,1.4551901756567396,2,1,1,0.02,0.08,0.03,0.15,0.9,0.1,-1.2,0.0,0,0,1,0,0.825,0.2
126,0,0.22566336393356323,0.10738955438137054,0.12595109641551971,3.289364151843698,4.694304695817897,2,1,1,0.02,0.08,0.03,0.15,0.9,0.1,-1.2,0.0,0,0,1,0,0.825,0.2
126,1,-0.21123239398002625,0.3624189496040344,-1.8382253646850586,-1.9924259772725175,3.949416457695491,2,1,1,0.02,0.08,0.03,0.15,0.9,0.1,-1.2,0.0,0,0,1,0,0.825,0.2
126,2,-0.43008923530578613,-0.15783542394638062,0.16812165081501007,3.2127919277202093,2.8586042306511663,2,1,1,0.02,0.08,0.03,0.15,0.9,0.1,-1.2,0.0,0,0,1,0,0.825,0.2
126,3,0.7617922425270081,0.2169163078069687,0.15314015746116638,4.479224480902435,4.8216606860346,2,1,1,0.02,0.08,0.03,0.15,0.9,0.1,-1.2,0.0,0,0,1,0,0.825,0.2
126,4,-1.3831604719161987,0.4197041094303131,2.763815402984619,-3.6131292243635245,4.6090882793528065,0,0,0,0.02,0.08,0.03,0.15,0.9,0.1,-1.2,0.0,0,0,1,0,0.825,0.2
126,5,0.17327949404716492,-0.39464348554611206,0.4955384135246277,0.8911437142730658,2.8247157553429285,2,1,1,0.02,0.08,0.03,0.15,0.9,0.1,-1.2,0.0,0,0,1,0,0.825,0.2
126,6,-0.7824702858924866,0.24582357704639435,-1.0276461839675903,-0.654263872765986,3.50391063859189,2,1,1,0.02,0.08,0.03,0.15,0.9,0.1,-1.2,0.0,0,0,1,0,0.825,0.2
126,7,-1.156681776046753,-0.12751051783561707,0.6726133823394775,0.3159158005594093,1.7208193999085863,2,1,1,0.02,0.08,0.03,0.15,0.9,0.1,-1.2,0.0,0,0,1,0,0.825,0.2
127,0,0.2337510734796524,0.10859256237745285,0.1733749359846115,3.1298779081157546,4.868941287554842,2,1,1,0.02,0.08,0.03,0.15,0.9,0.1,-1.2,0.0,0,0,1,0,0.825,0.2
127,1,-0.21161839365959167,0.36041831970214844,-1.6504720449447632,-1.6971843225280314,4.038560042943736,2,1,1,0.02,0.08,0.03,0.15,0.9,0.1,-1.2,0.0,0,0,1,0,0.825,0.2
127,2,-0.4241769313812256,-0.15686370432376862,0.15121188759803772,3.0175117893753707,3.1854019206737556,2,1,1,0.02,0.08,0.03,0.15,0.9,0.1,-1.2,0.0,0,0,1,0,0.825,0.2
127,3,0.7709205746650696,0.21844296157360077,0.17897558212280273,4.319257134363517,4.692018630517399,2,1,1,0.02,0.08,0.03,0.15,0.9,0.1,-1.2,0.0,0,0,1,0,0.825,0.2
127,4,-1.3847520351409912,0.4200116693973541,3.0235273838043213,-2.3671757425545663,4.944913854050619,0,0,0,0.02,0.08,0.03,0.15,0.9,0.1,-1.2,0.0,0,0,1,0,0.825,0.2
127,5,0.17637433111667633,-0.3929070234298706,0.5300686955451965,1.1805201093621347,2.411119346743159,2,1,1,0.02,0.08,0.03,0.15,0.9,0.1,-1.2,0.0,0,0,1,0,0.825,0.2
127,6,-0.7807814478874207,0.2434592992067337,-0.8555451035499573,-0.492283859699439,3.4035285301355085,2,1,1,0.02,0.08,0.03,0.15,0.9,0.1,-1.2,0.0,0,0,1,0,0.825,0.2
127,7,-1.155233383178711,-0.126336470246315,0.7000337243080139,0.2983780242295194,1.6199879513735866,2,1,1,0.02,0.08,0.03,0.15,0.9,0.1,-1.2,0.0,0,0,1,0,0.825,0.2
128,0,0.2417113035917282,0.1101885735988617,0.22620144486427307,2.997335303346934,5.023905640374878,2,1,1,0.02,0.08,0.03,0.15,0.9,0.1,-1.2,0.0,0,0,1,0,0.825,0.2
128,1,-0.2115936279296875,0.3584538400173187,-1.4426312446594238,-1.5964212584715445,4.184394048474369,2,1,1,0.02,0.08,0.03,0.15,0.9,0.1,-1.2,0.0,0,0,1,0,0.825,0.2
128,2,-0.41820061206817627,-0.15600015223026276,0.1368234008550644,3.266868784259269,2.6309462933369274,2,1,1,0.02,0.08,0.03,0.15,0.9,0.1,-1.2,0.0,0,0,1,0,0.825,0.2
128,3,0.7800455689430237,0.2201758623123169,0.19357335567474365,4.493381322166044,4.500366643572535,2,1,1,0.02,0.08,0.03,0.15,0.9,0.1,-1.2,0.0,0,0,1,0,0.825,0.2
128,4,-1.3879977464675903,0.4201674163341522,-3.0223171710968018,-0.930566281550637,5.3576416406262,0,0,0,0.02,0.08,0.03,0.15,0.9,0.1,-1.2,0.0,0,0,1,0,0.825,0.2
128,5,0.17950521409511566,-0.390957236289978,0.5918197631835938,1.0319253632152474,2.7547531279330335,2,1,1,0.02,0.08,0.03,0.15,0.9,0.1,-1.2,0.0,0,0,1,0,0.825,0.2
128,6,-0.7784874439239502,0.24122342467308044,-0.6913357973098755,-1.0620106084740966,3.4970928819995764,2,1,1,0.02,0.08,0.03,0.15,0.9,0.1,-1.2,0.0,0,0,1,0,0.825,0.2
128,7,-1.1537690162658691,-0.1250470131635666,0.7486369013786316,0.2637147522436405,1.707524134081592,2,1,1,0.02,0.08,0.03,0.15,0.9,0.1,-1.2,0.0,0,0,1,0,0.825,0.2
129,0,0.24960464239120483,0.11225054413080215,0.2905522882938385,3.3081684117109877,4.787797491882433,2,1,1,0.02,0.08,0.03,0.15,0.9,0.1,-1.2,0.0,0,0,1,0,0.825,0.2
129,1,-0.21107280254364014,0.35624679923057556,-1.2373565435409546,-0.9764146965703806,4.234255205823631,2,1,1,0.02,0.08,0.03,0.15,0.9,0.1,-1.2,0.0,0,0,1,0,0.825,0.2
129,2,-0.4120815694332123,-0.15516628324985504,0.13907578587532043,3.4060266897164437,2.182662494850449,2,1,1,0.02,0.08,0.03,0.15,0.9,0.1,-1.2,0.0,0,0,1,0,0.825,0.2
129,3,0.7889339923858643,0.221975639462471,0.20635941624641418,4.197538821917008,4.333308862556699,2,1,1,0.02,0.08,0.03,0.15,0.9,0.1,-1.2,0.0,0,0,1,0,0.825,0.2
129,4,-1.3906370401382446,0.4194185733795166,-2.7243690490722656,0.8734611241007952,5.427985139430922,0,0,0,0.02,0.08,0.03,0.15,0.9,0.1,-1.2,0.0,0,0,1,0,0.825,0.2
129,5,0.1824718713760376,-0.38884446024894714,0.640772819519043,1.120868661328406,2.733717317143703,2,1,1,0.02,0.08,0.03,0.15,0.9,0.1,-1.2,0.0,0,0,1,0,0.825,0.2
129,6,-0.7758080363273621,0.23933245241641998,-0.5397624373435974,-1.2161465896872847,3.440144629648148,2,1,1,0.02,0.08,0.03,0.15,0.9,0.1,-1.2,0.0,0,0,1,0,0.825,0.2
129,7,-1.1524678468704224,-0.12377636879682541,0.7999662756919861,-0.021751307086062717,2.593771516405463,2,1,1,0.02,0.08,0.03,0.15,0.9,0.1,-1.2,0.0,0,0,1,0,0.825,0.2
130,0,0.2573815882205963,0.11487801373004913,0.3663291931152344,3.1686193081136342,5.060600068181296,2,1,1,0.02,0.08,0.03,0.15,0.9,0.1,-1.2,0.0,0,0,1,0,0.825,0.2
130,1,-0.20999406278133392,0.35393840074539185,-1.0336743593215942,-1.061883877755226,4.319848667622629,2,1,1,0.02,0.08,0.03,0.15,0.9,0.1,-1.2,0.0,0,0,1,0,0.825,0.2
130,2,-0.4061768352985382,-0.15436846017837524,0.1224561333656311,3.3267694167365005,2.3819341600388637,2,1,1,0.02,0.08,0.03,0.15,0.9,0.1,-1.2,0.0,0,0,1,0,0.825,0.2
130,3,0.7977346777915955,0.22384491562843323,0.209109827876091,3.8600683158919282,4.091433645717716,2,1,1,0.02,0.08,0.03,0.15,0.9,0.1,-1.2,0.0,0,0,1,0,0.825,0.2
130,4,-1.3945516347885132,0.4170353412628174,-2.4708516597747803,1.0206112012151074,4.286498317144247,0,0,0,0.02,0.08,0.03,0.15,0.9,0.1,-1.2,0.0,0,0,1,0,0.825,0.2
130,5,0.18541806936264038,-0.38652580976486206,0.6977490782737732,0.8264151203094693,3.223495721179068,2,1,1,0.02,0.08,0.03,0.15,0.9,0.1,-1.2,0.0,0,0,1,0,0.825,0.2
130,6,-0.7731761932373047,0.23801679909229279,-0.37023603916168213,-1.2007246030367327,3.304382236102912,2,1,1,0.02,0.08,0.03,0.15,0.9,0.1,-1.2,0.0,0,0,1,0,0.825,0.2
130,7,-1.151227593421936,-0.12243316322565079,0.8544373512268066,0.12404086409299325,2.5275727458889548,2,1,1,0.02,0.08,0.03,0.15,0.9,0.1,-1.2,0.0,0,0,1,0,0.825,0.2
131,0,0.2648957669734955,0.11802679300308228,0.4267013967037201,3.3823156566781933,4.990203020317319,2,1,1,0.02,0.08,0.03,0.15,0.9,0.1,-1.2,0.0,0,0,1,0,0.825,0.2
131,1,-0.20813818275928497,0.35141339898109436,-0.8463889360427856,-0.6989540420035179,4.286508120582799,2,1,1,0.02,0.08,0.03,0.15,0.9,0.1,-1.2,0.0,0,0,1,0,0.825,0.2
131,2,-0.4005579352378845,-0.1537645012140274,0.08359123766422272,3.20297315506606,2.526346598050827,2,1,1,0.02,0.08,0.03,0.15,0.9,0.1,-1.2,0.0,0,0,1,0,0.825,0.2
131,3,0.8061677813529968,0.22564652562141418,0.2129025161266327,3.4114455465643734,3.7514264719972488,2,1,1,0.02,0.08,0.03,0.15,0.9,0.1,-1.2,0.0,0,0,1,0,0.825,0.2
131,4,-1.3988628387451172,0.4128623306751251,-2.2874386310577393,0.10105045153123073,2.569552263361619,0,0,0,0.02,0.08,0.03,0.15,0.9,0.1,-1.2,0.0,0,0,1,0,0.825,0.2
131,5,0.18829171359539032,-0.38397467136383057,0.755100667476654,0.9816234048429324,3.2292804738688203,2,1,1,0.02,0.08,0.03,0.15,0.9,0.1,-1.2,0.0,0,0,1,0,0.825,0.2
131,6,-0.7708656787872314,0.2373190075159073,-0.20255762338638306,-0.7392506346271102,3.015873219722446,2,1,1,0.02,0.08,0.03,0.15,0.9,0.1,-1.2,0.0,0,0,1,0,0.825,0.2
131,7,-1.1497732400894165,-0.12062108516693115,0.9426301121711731,-0.040618868125207735,3.1873562588310316,2,1,1,0.02,0.08,0.03,0.15,0.9,0.1,-1.2,0.0,0,0,1,0,0.825,0.2
132,0,0.272260844707489,0.12163519859313965,0.49005332589149475,3.7076482376943143,4.776278213295783,2,1,1,0.02,0.08,0.03,0.15,0.9,0.1,-1.2,0.0,0,0,1,0,0.825,0.2
132,1,-0.20576298236846924,0.34916380047798157,-0.6585431098937988,0.12418795855965829,4.1359161642222055,2,1,1,0.02,0.08,0.03,0.15,0.9,0.1,-1.2,0.0,0,0,1,0,0.825,0.2
132,2,-0.39488449692726135,-0.15339192748069763,0.048408325761556625,3.0050740647675216,2.7300089509038523,2,1,1,0.02,0.08,0.03,0.15,0.9,0.1,-1.2,0.0,0,0,1,0,0.825,0.2
132,3,0.8140481114387512,0.2273748815059662,0.22035858035087585,3.6206802852109634,3.4646244833586977,2,1,1,0.02,0.08,0.03,0.15,0.9,0.1,-1.2,0.0,0,0,1,0,0.825,0.2
132,4,-1.4022018909454346,0.4085139036178589,-2.164918899536133,0.29387400039020284,1.0439632671851964,0,0,0,0.02,0.08,0.03,0.15,0.9,0.1,-1.2,0.0,0,0,1,0,0.825,0.2
132,5,0.1911126673221588,-0.3811209201812744,0.8337231874465942,1.3566421343362958,3.0556219905531554,2,1,1,0.02,0.08,0.03,0.15,0.9,0.1,-1.2,0.0,0,0,1,0,0.825,0.2
132,6,-0.7687548398971558,0.23704804480075836,-0.04363523796200752,0.29212127501253277,2.4880497238872845,2,1,1,0.02,0.08,0.03,0.15,0.9,0.1,-1.2,0.0,0,0,1,0,0.825,0.2
132,7,-1.1484562158584595,-0.1186070516705513,1.0367070436477661,0.08956287217965486,3.259627937483145,2,1,1,0.02,0.08,0.03,0.15,0.9,0.1,-1.2,0.0,0,0,1,0,0.825,0.2
133,0,0.27949318289756775,0.12577013671398163,0.5488849878311157,3.904234370718987,4.601404993622974,2,1,1,0.02,0.08,0.03,0.15,0.9,0.1,-1.2,0.0,0,0,1,0,0.825,0.2
133,1,-0.20279327034950256,0.34725797176361084,-0.4807785749435425,0.5558545166492475,3.9723629330055616,2,1,1,0.02,0.08,0.03,0.15,0.9,0.1,-1.2,0.0,0,0,1,0,0.825,0.2
133,2,-0.38916265964508057,-0.15319596230983734,0.02290492318570614,3.1334660210655962,2.3023384201440953,2,1,1,0.02,0.08,0.03,0.15,0.9,0.1,-1.2,0.0,0,0,1,0,0.825,0.2
133,3,0.8211844563484192,0.22900857031345367,0.23156847059726715,3.0840246395062283,3.155116547192971,2,1,1,0.02,0.08,0.03,0.15,0.9,0.1,-1.2,0.0,0,0,1,0,0.825,0.2
133,4,-1.4038578271865845,0.4058102071285248,-2.0734505653381348,1.2022537441034815,-0.302165373442368,0,0,0,0.02,0.08,0.03,0.15,0.9,0.1,-1.2,0.0,0,0,1,0,0.825,0.2
133,5,0.19379399716854095,-0.3779127597808838,0.9136832356452942,1.665616425271702,2.942976142098137,2,1,1,0.02,0.08,0.03,0.15,0.9,0.1,-1.2,0.0,0,0,1,0,0.825,0.2
133,6,-0.7665148377418518,0.23710434138774872,0.09314648061990738,1.0793150413533121,2.075708317975767,2,1,1,0.02,0.08,0.03,0.15,0.9,0.1,-1.2,0.0,0,0,1,0,0.825,0.2
133,7,-1.1471648216247559,-0.1161196231842041,1.1530852317810059,0.35414972335650574,3.182215257488906,2,1,1,0.02,0.08,0.03,0.15,0.9,0.1,-1.2,0.0,0,0,1,0,0.825,0.2
134,0,0.28661012649536133,0.1303444802761078,0.5901086330413818,4.019715519298044,4.4886326478949945,2,1,1,0.02,0.08,0.03,0.15,0.9,0.1,-1.2,0.0,0,0,1,0,0.825,0.2
134,1,-0.19901348650455475,0.34565043449401855,-0.3326530456542969,0.8080129370345768,3.8102368549641907,2,1,1,0.02,0.08,0.03,0.15,0.9,0.1,-1.2,0.0,0,0,1,0,0.825,0.2
134,2,-0.3834298253059387,-0.15311299264431,0.010379120707511902,2.7482542552049125,2.80543054592828,2,1,1,0.02,0.08,0.03,0.15,0.9,0.1,-1.2,0.0,0,0,1,0,0.825,0.2
134,3,0.8280938863754272,0.23064659535884857,0.22953912615776062,2.423598262348973,2.94133308263699,2,1,1,0.02,0.08,0.03,0.15,0.9,0.1,-1.2,0.0,0,0,1,0,0.825,0.2
134,4,-1.4045805931091309,0.4043992757797241,-2.035461664199829,1.0678881731677967,-0.588223429491321,0,0,0,0.02,0.08,0.03,0.15,0.9,0.1,-1.2,0.0,0,0,1,0,0.825,0.2
134,5,0.19634366035461426,-0.37436047196388245,0.9771202206611633,2.0971165580393616,2.4132867984650876,2,1,1,0.02,0.08,0.03,0.15,0.9,0.1,-1.2,0.0,0,0,1,0,0.825,0.2
134,6,-0.7638745307922363,0.23749084770679474,0.18099896609783173,1.0630386540891892,2.060725584116665,2,1,1,0.02,0.08,0.03,0.15,0.9,0.1,-1.2,0.0,0,0,1,0,0.825,0.2
134,7,-1.1461200714111328,-0.11329510062932968,1.2755225896835327,0.8685268437701624,2.642105372624921,2,1,1,0.02,0.08,0.03,0.15,0.9,0.1,-1.2,0.0,0,0,1,0,0.825,0.2
135,0,0.2936009466648102,0.1351785808801651,0.6170710325241089,3.959393131615277,4.5538165470881795,2,1,1,0.02,0.08,0.03,0.15,0.9,0.1,-1.2,0.0,0,0,1,0,0.825,0.2
135,1,-0.19470201432704926,0.3444625735282898,-0.2089235633611679,1.220750996076518,3.6097303473575675,2,1,1,0.02,0.08,0.03,0.15,0.9,0.1,-1.2,0.0,0,0,1,0,0.825,0.2
135,2,-0.37793397903442383,-0.15311086177825928,-0.015101277269423008,2.3475637349141105,3.1205766560698067,2,1,1,0.02,0.08,0.03,0.15,0.9,0.1,-1.2,0.0,0,0,1,0,0.825,0.2
135,3,0.8343347311019897,0.2321026474237442,0.23041339218616486,2.2133824387711787,2.884579225428651,2,1,1,0.02,0.08,0.03,0.15,0.9,0.1,-1.2,0.0,0,0,1,0,0.825,0.2
135,4,-1.4050194025039673,0.40352416038513184,-2.0727345943450928,2.2709991721329694,-1.7559195000390277,0,0,0,0.02,0.08,0.03,0.15,0.9,0.1,-1.2,0.0,0,0,1,0,0.825,0.2
135,5,0.1987985074520111,-0.3705078363418579,1.0248219966888428,2.2093215516784652,2.4545195984289943,2,1,1,0.02,0.08,0.03,0.15,0.9,0.1,-1.2,0.0,0,0,1,0,0.825,0.2
135,6,-0.7608671188354492,0.23812901973724365,0.2240636944770813,1.065005731548448,2.039007627815584,2,1,1,0.02,0.08,0.03,0.15,0.9,0.1,-1.2,0.0,0,0,1,0,0.825,0.2
135,7,-1.145363450050354,-0.11015814542770386,1.3868707418441772,1.2349460724545356,2.153992577669158,2,1,1,0.02,0.08,0.03,0.15,0.9,0.1,-1.2,0.0,0,0,1,0,0.825,0.2
136,0,0.30049067735671997,0.14016860723495483,0.6350367069244385,3.644908095696331,4.6891061384381985,2,1,1,0.02,0.08,0.03,0.15,0.9,0.1,-1.2,0.0,0,0,1,0,0.825,0.2
136,1,-0.1901656836271286,0.3437582850456238,-0.10072439908981323,1.5060417303346894,3.41420879941009,2,1,1,0.02,0.08,0.03,0.15,0.9,0.1,-1.2,0.0,0,0,1,0,0.825,0.2
136,2,-0.37240490317344666,-0.15322543680667877,-0.019071247428655624,2.593135891868564,2.7646226571662975,2,1,1,0.02,0.08,0.03,0.15,0.9,0.1,-1.2,0.0,0,0,1,0,0.825,0.2
136,3,0.8397220969200134,0.2333938330411911,0.24548205733299255,2.1026650425608744,2.853509450275124,2,1,1,0.02,0.08,0.03,0.15,0.9,0.1,-1.2,0.0,0,0,1,0,0.825,0.2
136,4,-1.405295729637146,0.4030361473560333,-2.12988018989563,3.044452129114934,-2.214499139663375,0,0,0,0.02,0.08,0.03,0.15,0.9,0.1,-1.2,0.0,0,0,1,0,0.825,0.2
136,5,0.20109611749649048,-0.3666074872016907,1.0425856113433838,2.3631127962974996,2.024279485773318,2,1,1,0.02,0.08,0.03,0.15,0.9,0.1,-1.2,0.0,0,0,1,0,0.825,0.2
136,6,-0.7578319907188416,0.23887909948825836,0.25887027382850647,1.133371050921778,1.9766748382396961,2,1,1,0.02,0.08,0.03,0.15,0.9,0.1,-1.2,0.0,0,0,1,0,0.825,0.2
136,7,-1.1448990106582642,-0.10686414688825607,1.4629768133163452,1.2704267964360818,2.380360832487079,2,1,1,0.02,0.08,0.03,0.15,0.9,0.1,-1.2,0.0,0,0,1,0,0.825,0.2
137,0,0.3072982430458069,0.14528009295463562,0.6549917459487915,3.567641107758183,4.618495496177479,2,1,1,0.02,0.08,0.03,0.15,0.9,0.1,-1.2,0.0,0,0,1,0,0.825,0.2
137,1,-0.1853945553302765,0.3434959053993225,-0.012624390423297882,1.3628481677081443,3.2900970982457767,2,1,1,0.02,0.08,0.03,0.15,0.9,0.1,-1.2,0.0,0,0,1,0,0.825,0.2
137,2,-0.366919606924057,-0.15329121053218842,0.003610855434089899,2.838464525790181,2.246644373177371,2,1,1,0.02,0.08,0.03,0.15,0.9,0.1,-1.2,0.0,0,0,1,0,0.825,0.2
137,3,0.8447070717811584,0.23469430208206177,0.2679983675479889,2.092368406828584,2.83289470400582,2,1,1,0.02,0.08,0.03,0.15,0.9,0.1,-1.2,0.0,0,0,1,0,0.825,0.2
137,4,-1.405582308769226,0.4026157855987549,-2.2547245025634766,3.3069673224485547,-2.1257512739762077,0,0,0,0.02,0.08,0.03,0.15,0.9,0.1,-1.2,0.0,0,0,1,0,0.825,0.2
137,5,0.2034081071615219,-0.36259523034095764,1.0516083240509033,2.2147843692850544,2.8154170060361685,2,1,1,0.02,0.08,0.03,0.15,0.9,0.1,-1.2,0.0,0,0,1,0,0.825,0.2
137,6,-0.7548428177833557,0.23972468078136444,0.29314136505126953,2.142024012628542,1.5369011897318028,2,1,1,0.02,0.08,0.03,0.15,0.9,0.1,-1.2,0.0,0,0,1,0,0.825,0.2
137,7,-1.1446253061294556,-0.10354715585708618,1.503883957862854,1.4753861195690374,1.9820894189817861,2,1,1,0.02,0.08,0.03,0.15,0.9,0.1,-1.2,0.0,0,0,1,0,0.825,0.2
138,0,0.3138660788536072,0.15047189593315125,0.6885567903518677,3.11835931400837,4.600942625859674,2,1,1,0.02,0.08,0.03,0.15,0.9,0.1,-1.2,0.0,0,0,1,0,0.825,0.2
138,1,-0.18049730360507965,0.3436134457588196,0.05755621939897537,0.810509900161863,3.2074972618651985,2,1,1,0.02,0.08,0.03,0.15,0.9,0.1,-1.2,0.0,0,0,1,0,0.825,0.2
138,2,-0.3615393340587616,-0.15323500335216522,0.013502491638064384,2.522260480278218,2.6385617673048176,2,1,1,0.02,0.08,0.03,0.15,0.9,0.1,-1.2,0.0,0,0,1,0,0.825,0.2
138,3,0.8494982719421387,0.23607143759727478,0.29384180903434753,2.691856987973649,2.823391138844414,2,1,1,0.02,0.08,0.03,0.15,0.9,0.1,-1.2,0.0,0,0,1,0,0.825,0.2
138,4,-1.4063130617141724,0.401873379945755,-2.4405975341796875,3.3097171012783067,-1.7398466355835056,0,0,0,0.02,0.08,0.03,0.15,0.9,0.1,-1.2,0.0,0,0,1,0,0.825,0.2
138,5,0.20561477541923523,-0.3587401509284973,1.0437160730361938,2.247047553365929,2.7883323937538407,2,1,1,0.02,0.08,0.03,0.15,0.9,0.1,-1.2,0.0,0,0,1,0,0.825,0.2
138,6,-0.7518812417984009,0.24066852033138275,0.3236038088798523,1.7849448849509002,1.6529426601369612,2,1,1,0.02,0.08,0.03,0.15,0.9,0.1,-1.2,0.0,0,0,1,0,0.825,0.2
138,7,-1.144452691078186,-0.09997617453336716,1.5421000719070435,1.8098345434073615,1.0466444546665188,2,1,1,0.02,0.08,0.03,0.15,0.9,0.1,-1.2,0.0,0,0,1,0,0.825,0.2
139,0,0.3201196789741516,0.15580330789089203,0.7255107760429382,3.456727473312704,4.412603760990444,2,1,1,0.02,0.08,0.03,0.15,0.9,0.1,-1.2,0.0,0,0,1,0,0.825,0.2
139,1,-0.1758122444152832,0.34403738379478455,0.12495528906583786,0.8696743125265421,3.0539376841571992,2,1,1,0.02,0.08,0.03,0.15,0.9,0.1,-1.2,0.0,0,0,1,0,0.825,0.2
139,2,-0.35639968514442444,-0.15318360924720764,-0.0040906453505158424,1.0454478591713552,1.5117763389664052,2,1,1,0.02,0.08,0.03,0.15,0.9,0.1,-1.2,0.0,0,0,1,0,0.825,0.2
139,3,0.854200541973114,0.2375590056180954,0.31992992758750916,2.436016778510517,2.7961557001702184,2,1,1,0.02,0.08,0.03,0.15,0.9,0.1,-1.2,0.0,0,0,1,0,0.825,0.2
139,4,-1.4076564311981201,0.4009559154510498,-2.648505449295044,3.0294793026600515,-1.258630774275715,0,0,0,0.02,0.08,0.03,0.15,0.9,0.1,-1.2,0.0,0,0,1,0,0.825,0.2
139,5,0.20806561410427094,-0.3544950485229492,1.0581468343734741,3.589250389004904,2.1198688100321235,2,1,1,0.02,0.08,0.03,0.15,0.9,0.1,-1.2,0.0,0,0,1,0,0.825,0.2
139,6,-0.7485032081604004,0.2418050616979599,0.3125060498714447,2.023171360307292,1.5444271038269122,2,1,1,0.02,0.08,0.03,0.15,0.9,0.1,-1.2,0.0,0,0,1,0,0.825,0.2
139,7,-1.144402027130127,-0.09649429470300674,1.5644813776016235,1.704531066212679,1.6618360978515008,2,1,1,0.02,0.08,0.03,0.15,0.9,0.1,-1.2,0.0,0,0,1,0,0.825,0.2
140,0,0.32585379481315613,0.1611119657754898,0.7745765447616577,3.8447460359931926,4.133158590084102,2,1,1,0.02,0.08,0.03,0.15,0.9,0.1,-1.2,0.0,0,0,1,0,0.825,0.2
140,1,-0.1717205047607422,0.3447031080722809,0.20569027960300446,1.349136583182958,2.829336100178579,2,1,1,0.02,0.08,0.03,0.15,0.9,0.1,-1.2,0.0,0,0,1,0,0.825,0.2
140,2,-0.35125356912612915,-0.15320944786071777,-0.0029141316190361977,0.8339326017630532,1.5291919986434068,2,1,1,0.02,0.08,0.03,0.15,0.9,0.1,-1.2,0.0,0,0,1,0,0.825,0.2
140,3,0.8593111634254456,0.23929306864738464,0.3288206458091736,4.640547570163065,-5.793418476389822,2,1,1,0.02,0.08,0.03,0.15,0.9,0.1,-1.2,0.0,0,0,1,0,0.825,0.2
140,4,-1.4094901084899902,0.400195837020874,-2.8455891609191895,3.4333764929718154,-0.9455550736428224,0,0,0,0.02,0.08,0.03,0.15,0.9,0.1,-1.2,0.0,0,0,1,0,0.825,0.2
140,5,0.21049365401268005,-0.350084125995636,1.0775725841522217,3.740535463799102,2.0034438107106802,2,1,1,0.02,0.08,0.03,0.15,0.9,0.1,-1.2,0.0,0,0,1,0,0.825,0.2
140,6,-0.74517822265625,0.24286015331745148,0.3043975830078125,1.352632687424787,1.6496841493708732,2,1,1,0.02,0.08,0.03,0.15,0.9,0.1,-1.2,0.0,0,0,1,0,0.825,0.2
140,7,-1.144378900527954,-0.09351946413516998,1.546555757522583,1.4860901072503385,2.2675268971991027,2,1,1,0.02,0.08,0.03,0.15,0.9,0.1,-1.2,0.0,0,0,1,0,0.825,0.2
141,0,0.3313902020454407,0.16676414012908936,0.8143953680992126,3.9090764498991297,4.011386342395207,2,1,1,0.02,0.08,0.03,0.15,0.9,0.1,-1.2,0.0,0,0,1,0,0.825,0.2
141,1,-0.16789361834526062,0.3456566631793976,0.2838086485862732,2.001659410897681,2.504708675348858,2,1,1,0.02,0.08,0.03,0.15,0.9,0.1,-1.2,0.0,0,0,1,0,0.825,0.2
141,2,-0.34817537665367126,-0.15320682525634766,0.011997770518064499,1.2523746886829503,0.7701384794279601,2,1,1,0.02,0.08,0.03,0.15,0.9,0.1,-1.2,0.0,0,0,1,0,0.825,0.2
141,3,0.8643080592155457,0.24102462828159332,0.33981871604919434,4.691130718192149,-5.9483352871649435,2,1,1,0.02,0.08,0.03,0.15,0.9,0.1,-1.2,0.0,0,0,1,0,0.825,0.2
141,4,-1.4115835428237915,0.39975211024284363,-3.016505002975464,3.7156687257280807,-1.0723224733004897,0,0,0,0.02,0.08,0.03,0.15,0.9,0.1,-1.2,0.0,0,0,1,0,0.825,0.2
141,5,0.2131822258234024,-0.34519922733306885,1.0400012731552124,3.8608111208998097,1.5338970487775505,2,1,1,0.02,0.08,0.03,0.15,0.9,0.1,-1.2,0.0,0,0,1,0,0.825,0.2
141,6,-0.7417675256729126,0.24391047656536102,0.28904691338539124,1.082715852269359,1.6564970153503995,2,1,1,0.02,0.08,0.03,0.15,0.9,0.1,-1.2,0.0,0,0,1,0,0.825,0.2
141,7,-1.1442824602127075,-0.09025707840919495,1.5399506092071533,1.4909168139234352,2.316717121424245,2,1,1,0.02,0.08,0.03,0.15,0.9,0.1,-1.2,0.0,0,0,1,0,0.825,0.2
142,0,0.3368084132671356,0.17264080047607422,0.8304733037948608,3.865368658668156,3.778578698673512,2,1,1,0.02,0.08,0.03,0.15,0.9,0.1,-1.2,0.0,0,0,1,0,0.825,0.2
142,1,-0.1639699637889862,0.34693601727485657,0.34063366055488586,1.5532690194757102,2.396988036834647,2,1,1,0.02,0.08,0.03,0.15,0.9,0.1,-1.2,0.0,0,0,1,0,0.825,0.2
142,2,-0.3457735478878021,-0.1531558334827423,0.033873919397592545,0.6815026664173252,1.5905238096533327,2,1,1,0.02,0.08,0.03,0.15,0.9,0.1,-1.2,0.0,0,0,1,0,0.825,0.2
142,3,0.8643777370452881,0.24117723107337952,0.04688740149140358,4.40175807212447,-3.54282630094037,2,1,1,0.02,0.08,0.03,0.15,0.9,0.1,-1.2,0.0,0,0,1,0,0.825,0.2
142,4,-1.4143450260162354,0.3996369242668152,3.0995564460754395,4.10791210765697,-2.1784671261086603,0,0,0,0.02,0.08,0.03,0.15,0.9,0.1,-1.2,0.0,0,0,1,0,0.825,0.2
142,5,0.21622143685817719,-0.340328186750412,0.9806221127510071,3.6567800150732728,2.283828285796666,2,1,1,0.02,0.08,0.03,0.15,0.9,0.1,-1.2,0.0,0,0,1,0,0.825,0.2
142,6,-0.7387872934341431,0.24479204416275024,0.2942958176136017,1.0938048380830347,1.6149265301010551,2,1,1,0.02,0.08,0.03,0.15,0.9,0.1,-1.2,0.0,0,0,1,0,0.825,0.2
142,7,-1.1441951990127563,-0.08658201992511749,1.5615832805633545,1.7647257473886857,1.8382405195951526,2,1,1,0.02,0.08,0.03,0.15,0.9,0.1,-1.2,0.0,0,0,1,0,0.825,0.2
143,0,0.342142254114151,0.1785256564617157,0.835616409778595,3.5149890717152883,3.7583307519724927,2,1,1,0.02,0.08,0.03,0.15,0.9,0.1,-1.2,0.0,0,0,1,0,0.825,0.2
143,1,-0.15981310606002808,0.3484908640384674,0.36506417393684387,1.6897961896947837,2.1733926388551135,2,1,1,0.02,0.08,0.03,0.15,0.9,0.1,-1.2,0.0,0,0,1,0,0.825,0.2
143,2,-0.34368419647216797,-0.1530815064907074,0.02540627494454384,0.3645405553070618,1.9978166175799952,2,1,1,0.02,0.08,0.03,0.15,0.9,0.1,-1.2,0.0,0,0,1,0,0.825,0.2
143,3,0.8636489510536194,0.24137189984321594,-0.3565046489238739,4.539568041454064,-0.45068312262717647,2,1,1,0.02,0.08,0.03,0.15,0.9,0.1,-1.2,0.0,0,0,1,0,0.825,0.2
143,4,-1.4173672199249268,0.40002569556236267,2.9180827140808105,4.458467533597054,-4.404257141739815,0,0,0,0.02,0.08,0.03,0.15,0.9,0.1,-1.2,0.0,0,0,1,0,0.825,0.2
143,5,0.2194206416606903,-0.3358912467956543,0.9028386473655701,3.429934754983356,2.778195628027428,2,1,1,0.02,0.08,0.03,0.15,0.9,0.1,-1.2,0.0,0,0,1,0,0.825,0.2
143,6,-0.7361573576927185,0.24560922384262085,0.3138524293899536,1.1942917624622886,1.5530271163075864,2,1,1,0.02,0.08,0.03,0.15,0.9,0.1,-1.2,0.0,0,0,1,0,0.825,0.2
143,7,-1.1442116498947144,-0.0827847346663475,1.590279221534729,2.1331382153251846,0.9931875112790471,2,1,1,0.02,0.08,0.03,0.15,0.9,0.1,-1.2,0.0,0,0,1,0,0.825,0.2
144,0,0.34730198979377747,0.18423393368721008,0.833609938621521,3.5695866705555432,3.358945690720969,2,1,1,0.02,0.08,0.03,0.15,0.9,0.1,-1.2,0.0,0,0,1,0,0.825,0.2
144,1,-0.15603919327259064,0.3499870300292969,0.39220377802848816,2.012535057467282,1.8975757825252837,2,1,1,0.02,0.08,0.03,0.15,0.9,0.1,-1.2,0.0,0,0,1,0,0.825,0.2
144,2,-0.3414628505706787,-0.15301276743412018,0.047485917806625366,0.40855484711373585,1.9540213770201715,2,1,1,0.02,0.08,0.03,0.15,0.9,0.1,-1.2,0.0,0,0,1,0,0.825,0.2
144,3,0.8642221093177795,0.24108053743839264,-0.6970164775848389,4.9277107658610255,1.6704381008716551,2,1,1,0.02,0.08,0.03,0.15,0.9,0.1,-1.2,0.0,0,0,1,0,0.825,0.2
144,4,-1.419297456741333,0.40061354637145996,2.688063383102417,4.441715572644219,-5.576120551378333,0,0,0,0.02,0.08,0.03,0.15,0.9,0.1,-1.2,0.0,0,0,1,0,0.825,0.2
144,5,0.22317487001419067,-0.3314257860183716,0.8478459119796753,3.471971548207479,2.5651992576467957,2,1,1,0.02,0.08,0.03,0.15,0.9,0.1,-1.2,0.0,0,0,1,0,0.825,0.2
144,6,-0.7336305975914001,0.2464565485715866,0.3342874348163605,1.2898840306401316,1.472253330230707,2,1,1,0.02,0.08,0.03,0.15,0.9,0.1,-1.2,0.0,0,0,1,0,0.825,0.2
144,7,-1.1443090438842773,-0.07914227247238159,1.5981513261795044,1.9808739444424752,1.4723909391664332,2,1,1,0.02,0.08,0.03,0.15,0.9,0.1,-1.2,0.0,0,0,1,0,0.825,0.2
145,0,0.3522312045097351,0.18967923521995544,0.8396821022033691,3.5990684814929623,2.956812154945748,2,1,1,0.02,0.08,0.03,0.15,0.9,0.1,-1.2,0.0,0,0,1,0,0.825,0.2
145,1,-0.15247075259685516,0.35150960087776184,0.4116601049900055,1.75912746913747,1.7998032366224905,2,1,1,0.02,0.08,0.03,0.15,0.9,0.1,-1.2,0.0,0,0,1,0,0.825,0.2
145,2,-0.33912333846092224,-0.1528474986553192,0.09962517768144608,-0.19046019659691402,2.8475972995151606,2,1,1,0.02,0.08,0.03,0.15,0.9,0.1,-1.2,0.0,0,0,1,0,0.825,0.2
145,3,0.8666275143623352,0.23857271671295166,-0.9279587268829346,5.095049939257118,2.4207133165417267,2,1,1,0.02,0.08,0.03,0.15,0.9,0.1,-1.2,0.0,0,0,1,0,0.825,0.2
145,4,-1.4191627502441406,0.4004749655723572,2.3710567951202393,4.486124730213902,-3.3471740691306007,0,0,0,0.02,0.08,0.03,0.15,0.9,0.1,-1.2,0.0,0,0,1,0,0.825,0.2
145,5,0.2273276299238205,-0.3268851637840271,0.8199514746665955,3.379454896780708,2.798109334735212,2,1,1,0.02,0.08,0.03,0.15,0.9,0.1,-1.2,0.0,0,0,1,0,0.825,0.2
145,6,-0.7310845851898193,0.24736450612545013,0.34931680560112,1.3708806864798324,1.3830268897235138,2,1,1,0.02,0.08,0.03,0.15,0.9,0.1,-1.2,0.0,0,0,1,0,0.825,0.2
145,7,-1.144370436668396,-0.07592131942510605,1.5666303634643555,2.3607266128127122,0.4116995300155024,2,1,1,0.02,0.08,0.03,0.15,0.9,0.1,-1.2,0.0,0,0,1,0,0.825,0.2
146,0,0.3569037914276123,0.19488711655139923,0.8354222178459167,3.3768729936612623,3.283759114229153,2,1,1,0.02,0.08,0.03,0.15,0.9,0.1,-1.2,0.0,0,0,1,0,0.825,0.2
146,1,-0.14890184998512268,0.35308146476745605,0.41175904870033264,1.7963000902382824,1.6554079169228142,2,1,1,0.02,0.08,0.03,0.15,0.9,0.1,-1.2,0.0,0,0,1,0,0.825,0.2
146,2,-0.33677685260772705,-0.15254801511764526,0.15453317761421204,-0.40557574735264246,3.1904025570867085,2,1,1,0.02,0.08,0.03,0.15,0.9,0.1,-1.2,0.0,0,0,1,0,0.825,0.2
146,3,0.8698938488960266,0.23357410728931427,-1.0607963800430298,4.592291751845857,2.453719126361193,2,1,1,0.02,0.08,0.03,0.15,0.9,0.1,-1.2,0.0,0,0,1,0,0.825,0.2
146,4,-1.4181790351867676,0.3991561233997345,1.9982954263687134,4.614573385778491,0.12845339005304843,0,0,0,0.02,0.08,0.03,0.15,0.9,0.1,-1.2,0.0,0,0,1,0,0.825,0.2
146,5,0.23153184354305267,-0.32250627875328064,0.7900177240371704,3.3927043051545307,2.5905710715151105,2,1,1,0.02,0.08,0.03,0.15,0.9,0.1,-1.2,0.0,0,0,1,0,0.825,0.2
146,6,-0.7285160422325134,0.24831582605838776,0.35767918825149536,2.0507870037894564,1.255740821347076,2,1,1,0.02,0.08,0.03,0.15,0.9,0.1,-1.2,0.0,0,0,1,0,0.825,0.2
146,7,-1.1443127393722534,-0.07253346592187881,1.5443077087402344,2.6481821512829566,-0.3410666560780312,2,1,1,0.02,0.08,0.03,0.15,0.9,0.1,-1.2,0.0,0,0,1,0,0.825,0.2
147,0,0.36138683557510376,0.19977247714996338,0.8158200979232788,3.016592352340432,3.728236175235034,2,1,1,0.02,0.08,0.03,0.15,0.9,0.1,-1.2,0.0,0,0,1,0,0.825,0.2
147,1,-0.14557640254497528,0.354533851146698,0.41206660866737366,2.4263650728028026,1.3380780217180568,2,1,1,0.02,0.08,0.03,0.15,0.9,0.1,-1.2,0.0,0,0,1,0,0.825,0.2
147,2,-0.33421939611434937,-0.1520417332649231,0.2509564459323883,-0.0645837557041862,3.054173035181201,2,1,1,0.02,0.08,0.03,0.15,0.9,0.1,-1.2,0.0,0,0,1,0,0.825,0.2
147,3,0.8731210231781006,0.22707627713680267,-1.1597330570220947,4.38272898864149,2.0246417809021096,2,1,1,0.02,0.08,0.03,0.15,0.9,0.1,-1.2,0.0,0,0,1,0,0.825,0.2
147,4,-1.4181183576583862,0.39909130334854126,1.6800638437271118,4.4990192670310165,1.8084511293334475,0,0,0,0.02,0.08,0.03,0.15,0.9,0.1,-1.2,0.0,0,0,1,0,0.825,0.2
147,5,0.23591406643390656,-0.3181929886341095,0.7673940658569336,3.3429301974611443,2.6295959099020676,2,1,1,0.02,0.08,0.03,0.15,0.9,0.1,-1.2,0.0,0,0,1,0,0.825,0.2
147,6,-0.725940465927124,0.2492845505475998,0.35943636298179626,1.5109356791895499,1.247238546498431,2,1,1,0.02,0.08,0.03,0.15,0.9,0.1,-1.2,0.0,0,0,1,0,0.825,0.2
147,7,-1.1441744565963745,-0.06962639838457108,1.4859933853149414,2.5176978332415394,0.07143599568368922,2,1,1,0.02,0.08,0.03,0.15,0.9,0.1,-1.2,0.0,0,0,1,0,0.825,0.2
148,0,0.36596444249153137,0.20458237826824188,0.8086231350898743,2.5799930283357915,4.068680308617948,2,1,1,0.02,0.08,0.03,0.15,0.9,0.1,-1.2,0.0,0,0,1,0,0.825,0.2
148,1,-0.14239290356636047,0.35592201352119446,0.408366322517395,3.01697895759692,0.9872250754364561,2,1,1,0.02,0.08,0.03,0.15,0.9,0.1,-1.2,0.0,0,0,1,0,0.825,0.2
148,2,-0.3315770924091339,-0.151197150349617,0.3737272620201111,0.5188850607666646,2.689741444875752,2,1,1,0.02,0.08,0.03,0.15,0.9,0.1,-1.2,0.0,0,0,1,0,0.825,0.2
148,3,0.875707745552063,0.2204340547323227,-1.238710880279541,4.329854837825334,1.3579478530108797,2,1,1,0.02,0.08,0.03,0.15,0.9,0.1,-1.2,0.0,0,0,1,0,0.825,0.2
148,4,-1.4180893898010254,0.40266668796539307,1.4849374294281006,4.478537119299124,2.484675682305436,0,0,0,0.02,0.08,0.03,0.15,0.9,0.1,-1.2,0.0,0,0,1,0,0.825,0.2
148,5,0.24033410847187042,-0.3140363395214081,0.7392616868019104,3.2070468892056643,2.9833560273903084,2,1,1,0.02,0.08,0.03,0.15,0.9,0.1,-1.2,0.0,0,0,1,0,0.825,0.2
148,6,-0.7229119539260864,0.25039541721343994,0.3361548185348511,2.072695161812741,1.1717249172165531,2,1,1,0.02,0.08,0.03,0.15,0.9,0.1,-1.2,0.0,0,0,1,0,0.825,0.2
148,7,-1.1438779830932617,-0.06724558025598526,1.3880974054336548,2.743569054552765,-0.5009828590838622,2,1,1,0.02,0.08,0.03,0.15,0.9,0.1,-1.2,0.0,0,0,1,0,0.825,0.2
149,0,0.37058302760124207,0.2094755470752716,0.8280295133590698,4.187495544235268,-2.9704365950913707,2,1,1,0.02,0.08,0.03,0.15,0.9,0.1,-1.2,0.0,0,0,1,0,0.825,0.2
149,1,-0.1389787495136261,0.3573538064956665,0.3767934739589691,3.3477401954441515,0.7421052290216532,2,1,1,0.02,0.08,0.03,0.15,0.9,0.1,-1.2,0.0,0,0,1,0,0.825,0.2
149,2,-0.3288896679878235,-0.14995722472667694,0.48683759570121765,0.8258185986395659,2.6278052588503673,2,1,1,0.02,0.08,0.03,0.15,0.9,0.1,-1.2,0.0,0,0,1,0,0.825,0.2
149,3,0.8775995373725891,0.21416284143924713,-1.3202654123306274,4.332859127003536,0.5218800117560308,2,1,1,0.02,0.08,0.03,0.15,0.9,0.1,-1.2,0.0,0,0,1,0,0.825,0.2
149,4,-1.4172402620315552,0.4083171784877777,1.3702012300491333,3.58937592031759,2.69350900144799,0,0,0,0.02,0.08,0.03,0.15,0.9,0.1,-1.2,0.0,0,0,1,0,0.825,0.2
149,5,0.24485816061496735,-0.310028076171875,0.7112016677856445,3.1166849018530574,3.112628969698491,2,1,1,0.02,0.08,0.03,0.15,0.9,0.1,-1.2,0.0,0,0,1,0,0.825,0.2
149,6,-0.7201628088951111,0.25132834911346436,0.32193511724472046,1.857380644302563,1.1826992382446733,2,1,1,0.02,0.08,0.03,0.15,0.9,0.1,-1.2,0.0,0,0,1,0,0.825,0.2
149,7,-1.143301248550415,-0.06478378921747208,1.298050045967102,2.6470501247420253,-0.38243676457547554,2,1,1,0.02,0.08,0.03,0.15,0.9,0.1,-1.2,0.0,0,0,1,0,0.825,0.2
150,0,0.37500134110450745,0.21447448432445526,0.875014066696167,4.239570009261648,-3.2324989682175245,2,1,1,0.02,0.08,0.03,0.15,0.9,0.1,-1.2,0.0,0,0,1,0,0.825,0.2
150,1,-0.13525843620300293,0.3587067127227783,0.31204813718795776,2.9851320360197096,1.059195401959345,2,1,1,0.02,0.08,0.03,0.15,0.9,0.1,-1.2,0.0,0,0,1,0,0.825,0.2
150,2,-0.3261156976222992,-0.14831650257110596,0.5716077089309692,0.8116905530284186,2.8751575822014304,2,1,1,0.02,0.08,0.03,0.15,0.9,0.1,-1.2,0.0,0,0,1,0,0.825,0.2
150,3,0.8787891864776611,0.20843738317489624,-1.420607328414917,4.048172976632207,0.22465339912166038,2,1,1,0.02,0.08,0.03,0.15,0.9,0.1,-1.2,0.0,0,0,1,0,0.825,0.2
150,4,-1.4156361818313599,0.4147455394268036,1.2894349098205566,1.5229137799386778,1.7743722985721355,0,0,0,0.02,0.08,0.03,0.15,0.9,0.1,-1.2,0.0,0,0,1,0,0.825,0.2
150,5,0.249569371342659,-0.30603963136672974,0.6987019777297974,3.1723514469140843,2.6568809090721683,2,1,1,0.02,0.08,0.03,0.15,0.9,0.1,-1.2,0.0,0,0,1,0,0.825,0.2
150,6,-0.7171286940574646,0.25230106711387634,0.2934221029281616,1.5527877370833945,1.2158379879773076,2,1,1,0.02,0.08,0.03,0.15,0.9,0.1,-1.2,0.0,0,0,1,0,0.825,0.2
150,7,-1.1425654888153076,-0.06259319186210632,1.1894878149032593,2.264918917125311,0.4025548559885281,2,1,1,0.02,0.08,0.03,0.15,0.9,0.1,-1.2,0.0,0,0,1,0,0.825,0.2
151,0,0.3764832317829132,0.2162276953458786,0.6836217641830444,4.107049558809615,-2.060396074430574,2,1,1,0.02,0.08,0.03,0.15,0.9,0.1,-1.2,0.0,0,0,1,0,0.825,0.2
151,1,-0.13133028149604797,0.35980165004730225,0.22446590662002563,2.261464375602594,1.466695300881262,2,1,1,0.02,0.08,0.03,0.15,0.9,0.1,-1.2,0.0,0,0,1,0,0.825,0.2
151,2,-0.32319217920303345,-0.14627456665039062,0.6430200338363647,1.3941856824973353,2.331704090474193,2,1,1,0.02,0.08,0.03,0.15,0.9,0.1,-1.2,0.0,0,0,1,0,0.825,0.2
151,3,0.8792569041252136,0.20342664420604706,-1.5486106872558594,3.7579292941204363,0.02252779633414026,2,1,1,0.02,0.08,0.03,0.15,0.9,0.1,-1.2,0.0,0,0,1,0,0.825,0.2
151,4,-1.4137216806411743,0.42075446248054504,1.2472349405288696,6.167024734755574,-6.28,0,0,0,0.02,0.08,0.03,0.15,0.9,0.1,-1.2,0.0,0,0,1,0,0.825,0.2
151,5,0.25434577465057373,-0.302046537399292,0.6969465017318726,3.1641058538659776,2.2671507954528107,2,1,1,0.02,0.08,0.03,0.15,0.9,0.1,-1.2,0.0,0,0,1,0,0.825,0.2
151,6,-0.7141548991203308,0.25315484404563904,0.2676882743835449,2.3226934898602147,1.1781565955271842,2,1,1,0.02,0.08,0.03,0.15,0.9,0.1,-1.2,0.0,0,0,1,0,0.825,0.2
151,7,-1.1416150331497192,-0.06054375320672989,1.081399917602539,1.894152102396742,1.0172043474077956,2,1,1,0.02,0.08,0.03,0.15,0.9,0.1,-1.2,0.0,0,0,1,0,0.825,0.2
152,0,0.3773714303970337,0.216823548078537,0.4212799072265625,4.399559030486338,-0.9647052597391271,2,1,1,0.02,0.08,0.03,0.15,0.9,0.1,-1.2,0.0,0,0,1,0,0.825,0.2
152,1,-0.12734398245811462,0.3605536222457886,0.15203358232975006,1.4113052794640808,1.8239568262223071,2,1,1,0.02,0.08,0.03,0.15,0.9,0.1,-1.2,0.0,0,0,1,0,0.825,0.2
152,2,-0.32023462653160095,-0.14388027787208557,0.7193283438682556,2.0303403044684356,1.4767599684203625,2,1,1,0.02,0.08,0.03,0.15,0.9,0.1,-1.2,0.0,0,0,1,0,0.825,0.2
152,3,0.8790727853775024,0.19903434813022614,-1.6827964782714844,3.5189120493012522,-0.1959769016052718,2,1,1,0.02,0.08,0.03,0.15,0.9,0.1,-1.2,0.0,0,0,1,0,0.825,0.2
152,4,-1.4124619960784912,0.4244319200515747,1.248573660850525,2.793769771265845,-6.28,0,0,0,0.02,0.08,0.03,0.15,0.9,0.1,-1.2,0.0,0,0,1,0,0.825,0.2
152,5,0.2588948905467987,-0.29827597737312317,0.6825352311134338,3.129118341640279,1.6409774199276497,2,1,1,0.02,0.08,0.03,0.15,0.9,0.1,-1.2,0.0,0,0,1,0,0.825,0.2
152,6,-0.7114199995994568,0.2538793683052063,0.2532961964607239,1.6783394529102762,1.2871230314335262,2,1,1,0.02,0.08,0.03,0.15,0.9,0.1,-1.2,0.0,0,0,1,0,0.825,0.2
152,7,-1.1403026580810547,-0.05831659957766533,1.007810354232788,1.5490136540671275,1.5445291904479266,2,1,1,0.02,0.08,0.03,0.15,0.9,0.1,-1.2,0.0,0,0,1,0,0.825,0.2
153,0,0.37906143069267273,0.21739034354686737,0.19208034873008728,4.481526742786729,-0.14334412605316316,2,1,1,0.02,0.08,0.03,0.15,0.9,0.1,-1.2,0.0,0,0,1,0,0.825,0.2
153,1,-0.12358598411083221,0.36104127764701843,0.11629815399646759,1.6674252632550093,1.792114775043196,2,1,1,0.02,0.08,0.03,0.15,0.9,0.1,-1.2,0.0,0,0,1,0,0.825,0.2
153,2,-0.3174316883087158,-0.14128299057483673,0.7637139558792114,3.5269743458510514,1.3218852555956258,2,1,1,0.02,0.08,0.03,0.15,0.9,0.1,-1.2,0.0,0,0,1,0,0.825,0.2
153,3,0.8783925771713257,0.19521428644657135,-1.8146758079528809,3.028536626570423,-0.1992528827590198,2,1,1,0.02,0.08,0.03,0.15,0.9,0.1,-1.2,0.0,0,0,1,0,0.825,0.2
153,4,-1.4125429391860962,0.424633651971817,0.8711853623390198,2.1347224074455204,-6.28,0,0,0,0.02,0.08,0.03,0.15,0.9,0.1,-1.2,0.0,0,0,1,0,0.825,0.2
153,5,0.26321110129356384,-0.2948501408100128,0.6537628173828125,1.1626791470388822,2.1982382778709098,2,1,1,0.02,0.08,0.03,0.15,0.9,0.1,-1.2,0.0,0,0,1,0,0.825,0.2
153,6,-0.7081609964370728,0.2546731233596802,0.21884098649024963,2.0719073270289208,1.3280354576593403,2,1,1,0.02,0.08,0.03,0.15,0.9,0.1,-1.2,0.0,0,0,1,0,0.825,0.2
153,7,-1.1387165784835815,-0.05593622103333473,0.9702044129371643,1.2061000496924448,2.1287456673883196,2,1,1,0.02,0.08,0.03,0.15,0.9,0.1,-1.2,0.0,0,0,1,0,0.825,0.2
154,0,0.38208580017089844,0.21763816475868225,-0.006437653675675392,4.20994016189733,0.625608372264468,2,1,1,0.02,0.08,0.03,0.15,0.9,0.1,-1.2,0.0,0,0,1,0,0.825,0.2
154,1,-0.12027618288993835,0.36141306161880493,0.12246216088533401,1.5998563963790908,1.8714288976251596,2,1,1,0.02,0.08,0.03,0.15,0.9,0.1,-1.2,0.0,0,0,1,0,0.825,0.2
154,2,-0.31488752365112305,-0.13882584869861603,0.7542477250099182,3.533527969630352,1.2454136463470635,2,1,1,0.02,0.08,0.03,0.15,0.9,0.1,-1.2,0.0,0,0,1,0,0.825,0.2
154,3,0.877359926700592,0.19196026027202606,-1.9452496767044067,2.792486100654895,-0.39842583988787866,2,1,1,0.02,0.08,0.03,0.15,0.9,0.1,-1.2,0.0,0,0,1,0,0.825,0.2
154,4,-1.4146373271942139,0.4230596125125885,0.4979745149612427,3.8875736873908107,-6.28,0,0,0,0.02,0.08,0.03,0.15,0.9,0.1,-1.2,0.0,0,0,1,0,0.825,0.2
154,5,0.26716122031211853,-0.29194480180740356,0.6057149767875671,0.9927445766911572,2.419453732421906,2,1,1,0.02,0.08,0.03,0.15,0.9,0.1,-1.2,0.0,0,0,1,0,0.825,0.2
154,6,-0.7051535844802856,0.25530263781547546,0.19984221458435059,1.4209237837122706,1.4539218334664066,2,1,1,0.02,0.08,0.03,0.15,0.9,0.1,-1.2,0.0,0,0,1,0,0.825,0.2
154,7,-1.136970043182373,-0.053430017083883286,0.9640156030654907,1.2536972334832426,2.0765370203213096,2,1,1,0.02,0.08,0.03,0.15,0.9,0.1,-1.2,0.0,0,0,1,0,0.825,0.2
155,0,0.3861108124256134,0.21724891662597656,-0.17734967172145844,3.907017064243373,0.949949521098439,2,1,1,0.02,0.08,0.03,0.15,0.9,0.1,-1.2,0.0,0,0,1,0,0.825,0.2
155,1,-0.11688976734876633,0.36184027791023254,0.12895815074443817,0.9232531568345862,2.2215202011011206,2,1,1,0.02,0.08,0.03,0.15,0.9,0.1,-1.2,0.0,0,0,1,0,0.825,0.2
155,2,-0.311500608921051,-0.1358046680688858,0.6867893934249878,3.6542224916216246,0.8388154580582922,2,1,1,0.02,0.08,0.03,0.15,0.9,0.1,-1.2,0.0,0,0,1,0,0.825,0.2
155,3,0.8761318325996399,0.18930462002754211,-2.061882257461548,2.7351172929827574,-0.7419009314558224,2,1,1,0.02,0.08,0.03,0.15,0.9,0.1,-1.2,0.0,0,0,1,0,0.825,0.2
155,4,-1.4136868715286255,0.4235924482345581,0.3679348826408386,3.846793164756968,-6.28,0,0,0,0.02,0.08,0.03,0.15,0.9,0.1,-1.2,0.0,0,0,1,0,0.825,0.2
155,5,0.2701623737812042,-0.2898823320865631,0.6243887543678284,0.920576895287311,2.902433349801891,2,1,1,0.02,0.08,0.03,0.15,0.9,0.1,-1.2,0.0,0,0,1,0,0.825,0.2
155,6,-0.7018998265266418,0.2559254765510559,0.17622306942939758,2.179711964838867,1.4144400232624843,2,1,1,0.02,0.08,0.03,0.15,0.9,0.1,-1.2,0.0,0,0,1,0,0.825,0.2
155,7,-1.1351189613342285,-0.05071592703461647,0.9899735450744629,1.6213586441032324,1.5154165028820668,2,1,1,0.02,0.08,0.03,0.15,0.9,0.1,-1.2,0.0,0,0,1,0,0.825,0.2
156,0,0.39065611362457275,0.2160937488079071,-0.31140321493148804,3.8911816433507593,0.6575120075561263,2,1,1,0.02,0.08,0.03,0.15,0.9,0.1,-1.2,0.0,0,0,1,0,0.825,0.2
156,1,-0.1134517714381218,0.36229825019836426,0.13749854266643524,1.3145262918888099,2.22743320279964,2,1,1,0.02,0.08,0.03,0.15,0.9,0.1,-1.2,0.0,0,0,1,0,0.825,0.2
156,2,-0.30767738819122314,-0.13290637731552124,0.6068738102912903,3.7058573271816817,0.5134700212435787,2,1,1,0.02,0.08,0.03,0.15,0.9,0.1,-1.2,0.0,0,0,1,0,0.825,0.2
156,3,0.8748452663421631,0.18718615174293518,-2.1740424633026123,2.445923218114695,-0.927743740372923,2,1,1,0.02,0.08,0.03,0.15,0.9,0.1,-1.2,0.0,0,0,1,0,0.825,0.2
156,4,-1.4112963676452637,0.42421913146972656,0.1900085061788559,3.966250593271413,-6.28,0,0,0,0.02,0.08,0.03,0.15,0.9,0.1,-1.2,0.0,0,0,1,0,0.825,0.2
156,5,0.27288517355918884,-0.2878420948982239,0.6718041300773621,0.9575105241992923,2.975384312745374,2,1,1,0.02,0.08,0.03,0.15,0.9,0.1,-1.2,0.0,0,0,1,0,0.825,0.2
156,6,-0.6989632844924927,0.2564305067062378,0.17196109890937805,2.55953159551593,1.3457926099643347,2,1,1,0.02,0.08,0.03,0.15,0.9,0.1,-1.2,0.0,0,0,1,0,0.825,0.2
156,7,-1.1333317756652832,-0.04790506884455681,1.0196077823638916,1.303722918508875,2.110799782603055,2,1,1,0.02,0.08,0.03,0.15,0.9,0.1,-1.2,0.0,0,0,1,0,0.825,0.2
157,0,0.39518168568611145,0.21435798704624176,-0.41903555393218994,3.5787653398614627,0.6319753351735017,2,1,1,0.02,0.08,0.03,0.15,0.9,0.1,-1.2,0.0,0,0,1,0,0.825,0.2
157,1,-0.11027792096138,0.3627813756465912,0.17592674493789673,1.9084378690352468,2.137147692153571,2,1,1,0.02,0.08,0.03,0.15,0.9,0.1,-1.2,0.0,0,0,1,0,0.825,0.2
157,2,-0.30382654070854187,-0.130473330616951,0.5116926431655884,2.6211985690109256,-0.22391856054517126,2,1,1,0.02,0.08,0.03,0.15,0.9,0.1,-1.2,0.0,0,0,1,0,0.825,0.2
157,3,0.8735756278038025,0.18554897606372833,-2.2940831184387207,1.4940454482280703,-0.5505257494887856,2,1,1,0.02,0.08,0.03,0.15,0.9,0.1,-1.2,0.0,0,0,1,0,0.825,0.2
157,4,-1.410252571105957,0.4241854250431061,-0.0933486670255661,4.891658392735203,-2.8688428821045946,0,0,0,0.02,0.08,0.03,0.15,0.9,0.1,-1.2,0.0,0,0,1,0,0.825,0.2
157,5,0.2757437825202942,-0.2854256331920624,0.7375600934028625,2.8651594858718883,2.3123706938015913,2,1,1,0.02,0.08,0.03,0.15,0.9,0.1,-1.2,0.0,0,0,1,0,0.825,0.2
157,6,-0.6955592632293701,0.2569943368434906,0.1507180780172348,3.0218936858110825,1.1781878721530126,2,1,1,0.02,0.08,0.03,0.15,0.9,0.1,-1.2,0.0,0,0,1,0,0.825,0.2
157,7,-1.1316845417022705,-0.0451907180249691,1.022408366203308,1.0078989689750202,2.514439708217519,2,1,1,0.02,0.08,0.03,0.15,0.9,0.1,-1.2,0.0,0,0,1,0,0.825,0.2
158,0,0.39928683638572693,0.21226713061332703,-0.5302501320838928,3.5892730394294476,0.2569548068777322,2,1,1,0.02,0.08,0.03,0.15,0.9,0.1,-1.2,0.0,0,0,1,0,0.825,0.2
158,1,-0.10687994956970215,0.36344894766807556,0.2107163667678833,1.5277962476761335,2.3354049986099112,2,1,1,0.02,0.08,0.03,0.15,0.9,0.1,-1.2,0.0,0,0,1,0,0.825,0.2
158,2,-0.2999941110610962,-0.12856727838516235,0.402283638715744,2.4005901332799344,0.005068303099889371,2,1,1,0.02,0.08,0.03,0.15,0.9,0.1,-1.2,0.0,0,0,1,0,0.825,0.2
158,3,0.872441828250885,0.18440353870391846,-2.4132678508758545,-6.28,4.217869195220543,2,1,1,0.02,0.08,0.03,0.15,0.9,0.1,-1.2,0.0,0,0,1,0,0.825,0.2
158,4,-1.4071269035339355,0.4237992465496063,-0.29286009073257446,5.47340529881414,-0.8541425946691099,0,0,0,0.02,0.08,0.03,0.15,0.9,0.1,-1.2,0.0,0,0,1,0,0.825,0.2
158,5,0.2785476744174957,-0.28269392251968384,0.8082005381584167,3.1959319766284193,1.4427120713087611,2,1,1,0.02,0.08,0.03,0.15,0.9,0.1,-1.2,0.0,0,0,1,0,0.825,0.2
158,6,-0.6917486786842346,0.25750401616096497,0.11126116663217545,3.30770166718512,1.0475225728343143,2,1,1,0.02,0.08,0.03,0.15,0.9,0.1,-1.2,0.0,0,0,1,0,0.825,0.2
158,7,-1.1299546957015991,-0.042311739176511765,1.0443050861358643,4.623392801643292,-6.28,2,1,1,0.02,0.08,0.03,0.15,0.9,0.1,-1.2,0.0,0,0,1,0,0.825,0.2
159,0,0.40286046266555786,0.20991618931293488,-0.6354734301567078,3.317772300124981,0.32641128885002485,2,1,1,0.02,0.08,0.03,0.15,0.9,0.1,-1.2,0.0,0,0,1,0,0.825,0.2
159,1,-0.10303128510713577,0.36431169509887695,0.2235630750656128,1.4062020655349705,2.375074002803321,2,1,1,0.02,0.08,0.03,0.15,0.9,0.1,-1.2,0.0,0,0,1,0,0.825,0.2
159,2,-0.29735028743743896,-0.12759245932102203,0.29827022552490234,2.2451533946095483,0.20562627835933184,2,1,1,0.02,0.08,0.03,0.15,0.9,0.1,-1.2,0.0,0,0,1,0,0.825,0.2
159,3,0.8716244697570801,0.1837364286184311,-2.4942402839660645,-6.28,4.098277879057458,2,1,1,0.02,0.08,0.03,0.15,0.9,0.1,-1.2,0.0,0,0,1,0,0.825,0.2
159,4,-1.4045608043670654,0.42283424735069275,-0.5741890668869019,5.495650021523931,0.563217045574687,0,0,0,0.02,0.08,0.03,0.15,0.9,0.1,-1.2,0.0,0,0,1,0,0.825,0.2
159,5,0.2819145619869232,-0.2790963351726532,0.8067926168441772,2.8999439936454463,1.736164161403625,2,1,1,0.02,0.08,0.03,0.15,0.9,0.1,-1.2,0.0,0,0,1,0,0.825,0.2
159,6,-0.6876183748245239,0.25785115361213684,0.05095774307847023,3.549360286794095,0.9176686358913572,2,1,1,0.02,0.08,0.03,0.15,0.9,0.1,-1.2,0.0,0,0,1,0,0.825,0.2
159,7,-1.1282587051391602,-0.039248526096343994,1.0922887325286865,4.69952146627286,-6.28,2,1,1,0.02,0.08,0.03,0.15,0.9,0.1,-1.2,0.0,0,0,1,0,0.825,0.2
160,0,0.405887633562088,0.20742455124855042,-0.74958336353302,-6.28,5.360156730160926,2,1,1,0.02,0.08,0.03,0.15,0.9,0.1,-1.2,0.0,0,0,1,0,0.825,0.2
160,1,-0.09923733025789261,0.36521321535110474,0.24784062802791595,2.0928214893340478,2.1492148262854984,2,1,1,0.02,0.08,0.03,0.15,0.9,0.1,-1.2,0.0,0,0,1,0,0.825,0.2
160,2,-0.29502391815185547,-0.12699289619922638,0.21128474175930023,2.0088729582207923,0.6154845171951595,2,1,1,0.02,0.08,0.03,0.15,0.9,0.1,-1.2,0.0,0,0,1,0,0.825,0.2
160,3,0.8726927638053894,0.18479152023792267,-2.2102580070495605,-4.741996569620341,4.728679597483987,2,1,1,0.02,0.08,0.03,0.15,0.9,0.1,-1.2,0.0,0,0,1,0,0.825,0.2
160,4,-1.4009493589401245,0.4197867214679718,-0.828424870967865,3.4505711476213463,-0.2575737814313899,0,0,0,0.02,0.08,0.03,0.15,0.9,0.1,-1.2,0.0,0,0,1,0,0.825,0.2
160,5,0.285259872674942,-0.27572986483573914,0.7534720301628113,2.8629208905170724,1.3240663163150752,2,1,1,0.02,0.08,0.03,0.15,0.9,0.1,-1.2,0.0,0,0,1,0,0.825,0.2
160,6,-0.6832885146141052,0.2579144835472107,-0.025722388178110123,3.824322523843486,0.43496209015315423,2,1,1,0.02,0.08,0.03,0.15,0.9,0.1,-1.2,0.0,0,0,1,0,0.825,0.2
160,7,-1.1287314891815186,-0.03971083089709282,0.7933046817779541,4.448037967606867,-6.28,2,1,1,0.02,0.08,0.03,0.15,0.9,0.1,-1.2,0.0,0,0,1,0,0.825,0.2
161,0,0.40844953060150146,0.20477353036403656,-0.8568636178970337,-6.28,5.979029163941924,2,1,1,0.02,0.08,0.03,0.15,0.9,0.1,-1.2,0.0,0,0,1,0,0.825,0.2
161,1,-0.09556914865970612,0.36619871854782104,0.2807363271713257,2.586631338433925,1.9003600685674005,2,1,1,0.02,0.08,0.03,0.15,0.9,0.1,-1.2,0.0,0,0,1,0,0.825,0.2
161,2,-0.2926202416419983,-0.12657314538955688,0.13740821182727814,2.321748328865349,0.1272104568394678,2,1,1,0.02,0.08,0.03,0.15,0.9,0.1,-1.2,0.0,0,0,1,0,0.825,0.2
161,3,0.8731960654258728,0.18600590527057648,-1.8078927993774414,-5.491468896731489,5.0227303847424745,2,1,1,0.02,0.08,0.03,0.15,0.9,0.1,-1.2,0.0,0,0,1,0,0.825,0.2
161,4,-1.3974230289459229,0.4151318371295929,-1.0117768049240112,-6.28,6.28,0,0,0,0.02,0.08,0.03,0.15,0.9,0.1,-1.2,0.0,0,0,1,0,0.825,0.2
161,5,0.2887156307697296,-0.27263566851615906,0.7083147168159485,2.824722289627065,0.9703314925670806,2,1,1,0.02,0.08,0.03,0.15,0.9,0.1,-1.2,0.0,0,0,1,0,0.825,0.2
161,6,-0.6788670420646667,0.2576071321964264,-0.11619744449853897,3.555684256791779,0.6571140856380757,2,1,1,0.02,0.08,0.03,0.15,0.9,0.1,-1.2,0.0,0,0,1,0,0.825,0.2
161,7,-1.1296346187591553,-0.04017987102270126,0.3655959367752075,4.548604253329387,-3.6567978357221267,2,1,1,0.02,0.08,0.03,0.15,0.9,0.1,-1.2,0.0,0,0,1,0,0.825,0.2
162,0,0.4083244502544403,0.20471076667308807,-0.5463752150535583,-6.28,4.736710493893445,2,1,1,0.02,0.08,0.03,0.15,0.9,0.1,-1.2,0.0,0,0,1,0,0.825,0.2
162,1,-0.09159161895513535,0.36738091707229614,0.28915485739707947,2.465663684838895,1.7838488862493347,2,1,1,0.02,0.08,0.03,0.15,0.9,0.1,-1.2,0.0,0,0,1,0,0.825,0.2
162,2,-0.2900550365447998,-0.12629742920398712,0.08387742191553116,1.6764235927599485,1.292433832267739,2,1,1,0.02,0.08,0.03,0.15,0.9,0.1,-1.2,0.0,0,0,1,0,0.825,0.2
162,3,0.8726627230644226,0.18253947794437408,-1.5925425291061401,-6.10003147718329,5.012186882000167,2,1,1,0.02,0.08,0.03,0.15,0.9,0.1,-1.2,0.0,0,0,1,0,0.825,0.2
162,4,-1.395653247833252,0.41182973980903625,-1.1492177248001099,-6.28,6.28,0,0,0,0.02,0.08,0.03,0.15,0.9,0.1,-1.2,0.0,0,0,1,0,0.825,0.2
162,5,0.2920285761356354,-0.2699277997016907,0.6568711400032043,2.945371786649219,0.5463328883820929,2,1,1,0.02,0.08,0.03,0.15,0.9,0.1,-1.2,0.0,0,0,1,0,0.825,0.2
162,6,-0.6747044324874878,0.25689733028411865,-0.23313292860984802,3.0152753338048064,1.2584643967686167,2,1,1,0.02,0.08,0.03,0.15,0.9,0.1,-1.2,0.0,0,0,1,0,0.825,0.2
162,7,-1.1275092363357544,-0.03977379575371742,0.09570726752281189,4.795064224189917,-1.7656691370248674,2,1,1,0.02,0.08,0.03,0.15,0.9,0.1,-1.2,0.0,0,0,1,0,0.825,0.2
163,0,0.40824830532073975,0.2044426053762436,-0.18232405185699463,-4.200919039724933,4.469529154921043,2,1,1,0.02,0.08,0.03,0.15,0.9,0.1,-1.2,0.0,0,0,1,0,0.825,0.2
163,1,-0.08733121305704117,0.36862242221832275,0.2702060341835022,1.8765323069951325,1.893896291056765,2,1,1,0.02,0.08,0.03,0.15,0.9,0.1,-1.2,0.0,0,0,1,0,0.825,0.2
163,2,-0.28757426142692566,-0.12617255747318268,0.012755332514643669,1.5896447034553953,1.5125754441303663,2,1,1,0.02,0.08,0.03,0.15,0.9,0.1,-1.2,0.0,0,0,1,0,0.825,0.2
163,3,0.8729353547096252,0.17907065153121948,-1.3461244106292725,-5.1034208685652125,4.62608545600766,2,1,1,0.02,0.08,0.03,0.15,0.9,0.1,-1.2,0.0,0,0,1,0,0.825,0.2
163,4,-1.3954615592956543,0.41125109791755676,-0.8163602948188782,-6.28,5.552023449938904,0,0,0,0.02,0.08,0.03,0.15,0.9,0.1,-1.2,0.0,0,0,1,0,0.825,0.2
163,5,0.29516416788101196,-0.26764845848083496,0.5939487814903259,2.893194238724882,0.46838310174220493,2,1,1,0.02,0.08,0.03,0.15,0.9,0.1,-1.2,0.0,0,0,1,0,0.825,0.2
163,6,-0.6708919405937195,0.2557632029056549,-0.347238153219223,3.4511707239839193,1.0793847345780907,2,1,1,0.02,0.08,0.03,0.15,0.9,0.1,-1.2,0.0,0,0,1,0,0.825,0.2
163,7,-1.1242157220840454,-0.03967179358005524,-0.13252755999565125,5.086227861254425,-0.2685316207128259,2,1,1,0.02,0.08,0.03,0.15,0.9,0.1,-1.2,0.0,0,0,1,0,0.825,0.2
164,0,0.40987807512283325,0.203225776553154,-0.11347507685422897,-3.5481516610783324,4.542959461183459,2,1,1,0.02,0.08,0.03,0.15,0.9,0.1,-1.2,0.0,0,0,1,0,0.825,0.2
164,1,-0.08317743241786957,0.36972352862358093,0.24618221819400787,2.323691165696837,1.5631487287946375,2,1,1,0.02,0.08,0.03,0.15,0.9,0.1,-1.2,0.0,0,0,1,0,0.825,0.2
164,2,-0.2847142815589905,-0.12619870901107788,-0.014184393920004368,2.1450572122464426,0.6801177756383048,2,1,1,0.02,0.08,0.03,0.15,0.9,0.1,-1.2,0.0,0,0,1,0,0.825,0.2
164,3,0.874170184135437,0.1756991744041443,-1.0992939472198486,-5.03870337964335,4.490927407595816,2,1,1,0.02,0.08,0.03,0.15,0.9,0.1,-1.2,0.0,0,0,1,0,0.825,0.2
164,4,-1.395647644996643,0.4113829433917999,-0.35834550857543945,-6.28,4.684828853741548,0,0,0,0.02,0.08,0.03,0.15,0.9,0.1,-1.2,0.0,0,0,1,0,0.825,0.2
164,5,0.2981812059879303,-0.26576510071754456,0.5134884715080261,3.2203167677214624,-0.3410068369456901,2,1,1,0.02,0.08,0.03,0.15,0.9,0.1,-1.2,0.0,0,0,1,0,0.825,0.2
164,6,-0.6671226024627686,0.2542104721069336,-0.42328065633773804,3.0675375596633074,1.5228089668121072,2,1,1,0.02,0.08,0.03,0.15,0.9,0.1,-1.2,0.0,0,0,1,0,0.825,0.2
164,7,-1.1216347217559814,-0.04043298587203026,-0.421511709690094,5.313752091250841,1.4620155111780888,2,1,1,0.02,0.08,0.03,0.15,0.9,0.1,-1.2,0.0,0,0,1,0,0.825,0.2
165,0,0.4111013412475586,0.2031284123659134,0.16811345517635345,-1.5814537867711265,4.771329367048486,2,1,1,0.02,0.08,0.03,0.15,0.9,0.1,-1.2,0.0,0,0,1,0,0.825,0.2
165,1,-0.07942302525043488,0.3706458806991577,0.24186746776103973,2.414510694737753,1.365043962701707,2,1,1,0.02,0.08,0.03,0.15,0.9,0.1,-1.2,0.0,0,0,1,0,0.825,0.2
165,2,-0.2816410958766937,-0.12625695765018463,-0.018870733678340912,2.555746738491678,-0.0563760063290078,2,1,1,0.02,0.08,0.03,0.15,0.9,0.1,-1.2,0.0,0,0,1,0,0.825,0.2
165,3,0.8742636442184448,0.17483742535114288,-0.7724413871765137,-4.506108777444324,4.461528615872822,2,1,1,0.02,0.08,0.03,0.15,0.9,0.1,-1.2,0.0,0,0,1,0,0.825,0.2
165,4,-1.395647644996643,0.41138291358947754,-0.3583435118198395,-6.28,4.720815827384993,0,0,0,0.02,0.08,0.03,0.15,0.9,0.1,-1.2,0.0,0,0,1,0,0.825,0.2
165,5,0.301200807094574,-0.26422035694122314,0.42847833037376404,3.1485758340441428,-0.248667753197929,2,1,1,0.02,0.08,0.03,0.15,0.9,0.1,-1.2,0.0,0,0,1,0,0.825,0.2
165,6,-0.6632887125015259,0.25229158997535706,-0.5088300704956055,2.490920398636608,1.989554555829258,2,1,1,0.02,0.08,0.03,0.15,0.9,0.1,-1.2,0.0,0,0,1,0,0.825,0.2
165,7,-1.1177626848220825,-0.04280776157975197,-0.6487431526184082,0.6934657260303743,1.8416413898637494,2,1,1,0.02,0.08,0.03,0.15,0.9,0.1,-1.2,0.0,0,0,1,0,0.825,0.2
166,0,0.4112870395183563,0.2032543420791626,0.486001580953598,0.7010203176357394,4.948250932282937,2,1,1,0.02,0.08,0.03,0.15,0.9,0.1,-1.2,0.0,0,0,1,0,0.825,0.2
166,1,-0.07566514611244202,0.37154340744018555,0.22063326835632324,2.7588385512509883,0.8708781898951681,2,1,1,0.02,0.08,0.03,0.15,0.9,0.1,-1.2,0.0,0,0,1,0,0.825,0.2
166,2,-0.2787623405456543,-0.12635214626789093,-0.06042574346065521,2.9317671618124095,-0.8726149474901699,2,1,1,0.02,0.08,0.03,0.15,0.9,0.1,-1.2,0.0,0,0,1,0,0.825,0.2
166,3,0.8746839761734009,0.17502683401107788,-0.43617987632751465,-3.701015558724357,4.550960150246572,2,1,1,0.02,0.08,0.03,0.15,0.9,0.1,-1.2,0.0,0,0,1,0,0.825,0.2
166,4,-1.3942025899887085,0.4112655818462372,-0.11612214148044586,-5.9522492365845,4.543628504755862,0,0,0,0.02,0.08,0.03,0.15,0.9,0.1,-1.2,0.0,0,0,1,0,0.825,0.2
166,5,0.3039713203907013,-0.26311713457107544,0.311333566904068,3.3639409669858127,-0.7411001188884785,2,1,1,0.02,0.08,0.03,0.15,0.9,0.1,-1.2,0.0,0,0,1,0,0.825,0.2
166,6,-0.6595122218132019,0.24999786913394928,-0.5743542909622192,2.852496091821021,1.7803442647035184,2,1,1,0.02,0.08,0.03,0.15,0.9,0.1,-1.2,0.0,0,0,1,0,0.825,0.2
166,7,-1.112874150276184,-0.04710262268781662,-0.8076354265213013,1.3375363110551968,0.6625332492099058,2,1,1,0.02,0.08,0.03,0.15,0.9,0.1,-1.2,0.0,0,0,1,0,0.825,0.2
167,0,0.4133898913860321,0.20481234788894653,0.7632858753204346,2.3587319318356483,5.5583081399675125,2,1,1,0.02,0.08,0.03,0.15,0.9,0.1,-1.2,0.0,0,0,1,0,0.825,0.2
167,1,-0.07194295525550842,0.37231653928756714,0.18581223487854004,2.416651885891552,1.013807091875498,2,1,1,0.02,0.08,0.03,0.15,0.9,0.1,-1.2,0.0,0,0,1,0,0.825,0.2
167,2,-0.2762112021446228,-0.12659072875976562,-0.14416822791099548,2.7964750702011467,-0.4754496134147388,2,1,1,0.02,0.08,0.03,0.15,0.9,0.1,-1.2,0.0,0,0,1,0,0.825,0.2
167,3,0.8754867315292358,0.1748800426721573,-0.10615994036197662,-2.3285410623786267,4.633288981132935,2,1,1,0.02,0.08,0.03,0.15,0.9,0.1,-1.2,0.0,0,0,1,0,0.825,0.2
167,4,-1.3909622430801392,0.4113992154598236,0.1382114440202713,-5.036814255213194,4.475546362629153,0,0,0,0.02,0.08,0.03,0.15,0.9,0.1,-1.2,0.0,0,0,1,0,0.825,0.2
167,5,0.3067808747291565,-0.2623883783817291,0.19080103933811188,3.5544499860422394,-1.3572333772917005,2,1,1,0.02,0.08,0.03,0.15,0.9,0.1,-1.2,0.0,0,0,1,0,0.825,0.2
167,6,-0.6558360457420349,0.24751685559749603,-0.6013575792312622,2.1213316338559887,2.151846740979728,2,1,1,0.02,0.08,0.03,0.15,0.9,0.1,-1.2,0.0,0,0,1,0,0.825,0.2
167,7,-1.1106250286102295,-0.04957444220781326,-0.800118625164032,0.5811079660450518,1.4339452353801838,2,1,1,0.02,0.08,0.03,0.15,0.9,0.1,-1.2,0.0,0,0,1,0,0.825,0.2
168,0,0.41676393151283264,0.20880620181560516,0.9506357908248901,3.04017658378304,5.6714457960216915,2,1,1,0.02,0.08,0.03,0.15,0.9,0.1,-1.2,0.0,0,0,1,0,0.825,0.2
168,1,-0.06832806766033173,0.37289959192276,0.12536126375198364,2.2447125180793934,1.025008502935351,2,1,1,0.02,0.08,0.03,0.15,0.9,0.1,-1.2,0.0,0,0,1,0,0.825,0.2
168,2,-0.27411097288131714,-0.1270078867673874,-0.26983168721199036,2.7470058219742044,-0.29069454701969294,2,1,1,0.02,0.08,0.03,0.15,0.9,0.1,-1.2,0.0,0,0,1,0,0.825,0.2
168,3,0.8763386011123657,0.17492027580738068,0.2405463308095932,-0.37151513838251904,4.526313112556078,2,1,1,0.02,0.08,0.03,0.15,0.9,0.1,-1.2,0.0,0,0,1,0,0.825,0.2
168,4,-1.387455701828003,0.4120320677757263,0.36082470417022705,-3.956998264224644,4.4468338280689235,0,0,0,0.02,0.08,0.03,0.15,0.9,0.1,-1.2,0.0,0,0,1,0,0.825,0.2
168,5,0.3094429075717926,-0.2620447278022766,0.05165949463844299,3.252233201437941,-0.7114165843912813,2,1,1,0.02,0.08,0.03,0.15,0.9,0.1,-1.2,0.0,0,0,1,0,0.825,0.2
168,6,-0.6520898342132568,0.24486322700977325,-0.635138988494873,2.6842269962384306,1.7514437208225195,2,1,1,0.02,0.08,0.03,0.15,0.9,0.1,-1.2,0.0,0,0,1,0,0.825,0.2
168,7,-1.1091753244400024,-0.05107962340116501,-0.8102867603302002,1.5518967825781416,0.1817540880288169,2,1,1,0.02,0.08,0.03,0.15,0.9,0.1,-1.2,0.0,0,0,1,0,0.825,0.2
169,0,0.42079946398735046,0.21535848081111908,1.084198236465454,1.9680989529579667,0.24833609138936158,2,1,1,0.02,0.08,0.03,0.15,0.9,0.1,-1.2,0.0,0,0,1,0,0.825,0.2
169,1,-0.06487300992012024,0.37324121594429016,0.07272851467132568,1.4482901662818286,1.4076106320977815,2,1,1,0.02,0.08,0.03,0.15,0.9,0.1,-1.2,0.0,0,0,1,0,0.825,0.2
169,2,-0.2719716429710388,-0.12774522602558136,-0.38886383175849915,2.349375658380542,0.7575862969659142,2,1,1,0.02,0.08,0.03,0.15,0.9,0.1,-1.2,0.0,0,0,1,0,0.825,0.2
169,3,0.8780074715614319,0.1756414920091629,0.5367370843887329,1.5577509057161212,4.206037038635967,2,1,1,0.02,0.08,0.03,0.15,0.9,0.1,-1.2,0.0,0,0,1,0,0.825,0.2
169,4,-1.3862913846969604,0.4121752381324768,0.6877394914627075,-2.356029771929439,4.364415402493886,0,0,0,0.02,0.08,0.03,0.15,0.9,0.1,-1.2,0.0,0,0,1,0,0.825,0.2
169,5,0.31177279353141785,-0.26209717988967896,-0.11681924760341644,2.7736079019659523,0.09087827834176436,2,1,1,0.02,0.08,0.03,0.15,0.9,0.1,-1.2,0.0,0,0,1,0,0.825,0.2
169,6,-0.648615837097168,0.24225766956806183,-0.6416812539100647,2.163264774250362,1.9763830106483513,2,1,1,0.02,0.08,0.03,0.15,0.9,0.1,-1.2,0.0,0,0,1,0,0.825,0.2
169,7,-1.1077886819839478,-0.05253005772829056,-0.7907259464263916,0.20687203631832476,1.6800392861284925,2,1,1,0.02,0.08,0.03,0.15,0.9,0.1,-1.2,0.0,0,0,1,0,0.825,0.2
170,0,0.4244862198829651,0.22333386540412903,1.189385175704956,0.9482635534467798,0.8090151964812881,2,1,1,0.02,0.08,0.03,0.15,0.9,0.1,-1.2,0.0,0,0,1,0,0.825,0.2
170,1,-0.06157517805695534,0.3734075129032135,0.02870967984199524,1.0269542906754285,1.4708296449754785,2,1,1,0.02,0.08,0.03,0.15,0.9,0.1,-1.2,0.0,0,0,1,0,0.825,0.2
170,2,-0.26978448033332825,-0.12879590690135956,-0.49730661511421204,2.5582176334770703,0.16278672645497258,2,1,1,0.02,0.08,0.03,0.15,0.9,0.1,-1.2,0.0,0,0,1,0,0.825,0.2
170,3,0.8808830976486206,0.17784400284290314,0.7445938587188721,2.4155883632361035,3.683361514756784,2,1,1,0.02,0.08,0.03,0.15,0.9,0.1,-1.2,0.0,0,0,1,0,0.825,0.2
170,4,-1.3855642080307007,0.41295939683914185,1.0190236568450928,-0.9689490188196186,4.079632136509763,0,0,0,0.02,0.08,0.03,0.15,0.9,0.1,-1.2,0.0,0,0,1,0,0.825,0.2
170,5,0.31442791223526,-0.2626241147518158,-0.27069929242134094,2.1352154101095713,0.8257550552171736,2,1,1,0.02,0.08,0.03,0.15,0.9,0.1,-1.2,0.0,0,0,1,0,0.825,0.2
170,6,-0.645072340965271,0.23955675959587097,-0.6694186925888062,2.791468781327767,1.5039720843192401,2,1,1,0.02,0.08,0.03,0.15,0.9,0.1,-1.2,0.0,0,0,1,0,0.825,0.2
170,7,-1.10653817653656,-0.05380752310156822,-0.8231126070022583,-0.5661393415366416,2.321244327336943,2,1,1,0.02,0.08,0.03,0.15,0.9,0.1,-1.2,0.0,0,0,1,0,0.825,0.2
171,0,0.42571914196014404,0.22659432888031006,1.158188819885254,1.0191526105934507,0.5227096301742413,2,1,1,0.02,0.08,0.03,0.15,0.9,0.1,-1.2,0.0,0,0,1,0,0.825,0.2
171,1,-0.05863826349377632,0.37345990538597107,0.019162165001034737,1.892085672033118,0.7065072843070959,2,1,1,0.02,0.08,0.03,0.15,0.9,0.1,-1.2,0.0,0,0,1,0,0.825,0.2
171,2,-0.26725736260414124,-0.13030807673931122,-0.5642962455749512,2.1563023781484483,1.1041475542520365,2,1,1,0.02,0.08,0.03,0.15,0.9,0.1,-1.2,0.0,0,0,1,0,0.825,0.2
171,3,0.8846055269241333,0.18173184990882874,0.8533052802085876,2.122802948326522,3.295473253079585,2,1,1,0.02,0.08,0.03,0.15,0.9,0.1,-1.2,0.0,0,0,1,0,0.825,0.2
171,4,-1.3846043348312378,0.41513803601264954,1.2886219024658203,-1.8803124145767638,4.091048209383464,0,0,0,0.02,0.08,0.03,0.15,0.9,0.1,-1.2,0.0,0,0,1,0,0.825,0.2
171,5,0.3173380494117737,-0.2636299729347229,-0.3833254277706146,1.532374752180328,1.7716747217289386,2,1,1,0.02,0.08,0.03,0.15,0.9,0.1,-1.2,0.0,0,0,1,0,0.825,0.2
171,6,-0.64178067445755,0.23689961433410645,-0.6823194622993469,3.147038438522766,1.1099075664594318,2,1,1,0.02,0.08,0.03,0.15,0.9,0.1,-1.2,0.0,0,0,1,0,0.825,0.2
171,7,-1.1052714586257935,-0.05516313761472702,-0.7913183569908142,-0.6319118273024154,2.2364097465149846,2,1,1,0.02,0.08,0.03,0.15,0.9,0.1,-1.2,0.0,0,0,1,0,0.825,0.2
172,0,0.4264744818210602,0.2282571643590927,1.140810251235962,2.8064740892818767,-1.3593878159283361,2,1,1,0.02,0.08,0.03,0.15,0.9,0.1,-1.2,0.0,0,0,1,0,0.825,0.2
172,1,-0.056070465594530106,0.37351346015930176,0.03130803257226944,1.2161635885996835,0.9520183176097058,2,1,1,0.02,0.08,0.03,0.15,0.9,0.1,-1.2,0.0,0,0,1,0,0.825,0.2
172,2,-0.2649475634098053,-0.13188637793064117,-0.6426474452018738,2.3848277886070317,2.76064314122689,2,1,1,0.02,0.08,0.03,0.15,0.9,0.1,-1.2,0.0,0,0,1,0,0.825,0.2
172,3,0.8884122967720032,0.18636804819107056,0.9067664742469788,1.0880444326324716,3.2358985239401683,2,1,1,0.02,0.08,0.03,0.15,0.9,0.1,-1.2,0.0,0,0,1,0,0.825,0.2
172,4,-1.384037971496582,0.41823437809944153,1.483947992324829,-5.158581297126317,4.680095583518469,0,0,0,0.02,0.08,0.03,0.15,0.9,0.1,-1.2,0.0,0,0,1,0,0.825,0.2
172,5,0.32015421986579895,-0.26488807797431946,-0.4437304735183716,0.02104240415490696,0.9993844246453512,2,1,1,0.02,0.08,0.03,0.15,0.9,0.1,-1.2,0.0,0,0,1,0,0.825,0.2
172,6,-0.638452410697937,0.23411157727241516,-0.7224430441856384,2.5502068494651766,1.6260938112559657,2,1,1,0.02,0.08,0.03,0.15,0.9,0.1,-1.2,0.0,0,0,1,0,0.825,0.2
172,7,-1.103971004486084,-0.0563831627368927,-0.6998105645179749,-1.4676734301368077,2.952778257433494,2,1,1,0.02,0.08,0.03,0.15,0.9,0.1,-1.2,0.0,0,0,1,0,0.825,0.2
173,0,0.4271251857280731,0.2296670377254486,1.1246675252914429,3.826931050099061,-2.6588396152698532,2,1,1,0.02,0.08,0.03,0.15,0.9,0.1,-1.2,0.0,0,0,1,0,0.825,0.2
173,1,-0.053492892533540726,0.373573362827301,0.001265525701455772,0.9290987970298851,0.9679268080421269,2,1,1,0.02,0.08,0.03,0.15,0.9,0.1,-1.2,0.0,0,0,1,0,0.825,0.2
173,2,-0.26248785853385925,-0.13384222984313965,-0.6892447471618652,2.2469285192239346,2.3803545644546324,2,1,1,0.02,0.08,0.03,0.15,0.9,0.1,-1.2,0.0,0,0,1,0,0.825,0.2
173,3,0.8917372226715088,0.19079497456550598,0.9482822418212891,1.4234601783001941,2.4913935142617762,2,1,1,0.02,0.08,0.03,0.15,0.9,0.1,-1.2,0.0,0,0,1,0,0.825,0.2
173,4,-1.3840357065200806,0.42062050104141235,1.6857157945632935,-6.28,4.859200400680649,0,0,0,0.02,0.08,0.03,0.15,0.9,0.1,-1.2,0.0,0,0,1,0,0.825,0.2
173,5,0.32306572794914246,-0.2663094699382782,-0.44628122448921204,0.5200964983354179,0.2411446020687091,2,1,1,0.02,0.08,0.03,0.15,0.9,0.1,-1.2,0.0,0,0,1,0,0.825,0.2
173,6,-0.6352283358573914,0.23108497262001038,-0.7941109538078308,2.1280741357426662,1.947452747484192,2,1,1,0.02,0.08,0.03,0.15,0.9,0.1,-1.2,0.0,0,0,1,0,0.825,0.2
173,7,-1.1026674509048462,-0.057375967502593994,-0.5988669991493225,-1.59287529836164,3.0225585989272767,2,1,1,0.02,0.08,0.03,0.15,0.9,0.1,-1.2,0.0,0,0,1,0,0.825,0.2
174,0,0.42768779397010803,0.23075076937675476,0.9953742623329163,3.783529367288411,-2.2934915996979695,2,1,1,0.02,0.08,0.03,0.15,0.9,0.1,-1.2,0.0,0,0,1,0,0.825,0.2
174,1,-0.051238685846328735,0.3735506236553192,-0.014833210967481136,2.172998717648372,-0.12565216250541472,2,1,1,0.02,0.08,0.03,0.15,0.9,0.1,-1.2,0.0,0,0,1,0,0.825,0.2
174,2,-0.2588244080543518,-0.13689148426055908,-0.6859807968139648,2.4257534170478103,-0.18743717912132715,2,1,1,0.02,0.08,0.03,0.15,0.9,0.1,-1.2,0.0,0,0,1,0,0.825,0.2
174,3,0.8942802548408508,0.19455163180828094,1.0167170763015747,1.8846314368546453,1.5326157408540186,2,1,1,0.02,0.08,0.03,0.15,0.9,0.1,-1.2,0.0,0,0,1,0,0.825,0.2
174,4,-1.384000301361084,0.4207574427127838,2.0083978176116943,-6.28,4.466955625251467,0,0,0,0.02,0.08,0.03,0.15,0.9,0.1,-1.2,0.0,0,0,1,0,0.825,0.2
174,5,0.324358731508255,-0.2669242024421692,-0.4155346155166626,1.2202613059223009,1.856089445822514,2,1,1,0.02,0.08,0.03,0.15,0.9,0.1,-1.2,0.0,0,0,1,0,0.825,0.2
174,6,-0.6322982311248779,0.22793984413146973,-0.83803790807724,2.000962063732603,2.1150430912345946,2,1,1,0.02,0.08,0.03,0.15,0.9,0.1,-1.2,0.0,0,0,1,0,0.825,0.2
174,7,-1.1013692617416382,-0.05815612152218819,-0.4543652832508087,-2.3579968456766975,3.7995061817334097,2,1,1,0.02,0.08,0.03,0.15,0.9,0.1,-1.2,0.0,0,0,1,0,0.825,0.2
175,0,0.42816492915153503,0.23137597739696503,0.7673935890197754,4.02159279734185,-2.0144866017277026,2,1,1,0.02,0.08,0.03,0.15,0.9,0.1,-1.2,0.0,0,0,1,0,0.825,0.2
175,1,-0.049288008362054825,0.3735169470310211,-0.01563543826341629,3.054155242098382,-1.1077756697467491,2,1,1,0.02,0.08,0.03,0.15,0.9,0.1,-1.2,0.0,0,0,1,0,0.825,0.2
175,2,-0.25515446066856384,-0.13987509906291962,-0.6794862151145935,2.3644246012053562,-0.25990651548720123,2,1,1,0.02,0.08,0.03,0.15,0.9,0.1,-1.2,0.0,0,0,1,0,0.825,0.2
175,3,0.8962931632995605,0.19800114631652832,1.0617412328720093,1.021929391908284,1.919702988819057,2,1,1,0.02,0.08,0.03,0.15,0.9,0.1,-1.2,0.0,0,0,1,0,0.825,0.2
175,4,-1.383378267288208,0.41989538073539734,2.400787591934204,-3.983939288100384,4.485107817018467,0,0,0,0.02,0.08,0.03,0.15,0.9,0.1,-1.2,0.0,0,0,1,0,0.825,0.2
175,5,0.325099915266037,-0.26724761724472046,-0.41632604598999023,1.0638140095186555,2.43967746140443,2,1,1,0.02,0.08,0.03,0.15,0.9,0.1,-1.2,0.0,0,0,1,0,0.825,0.2
175,6,-0.6295888423919678,0.22486619651317596,-0.8496400117874146,2.586976153765219,1.861428032779401,2,1,1,0.02,0.08,0.03,0.15,0.9,0.1,-1.2,0.0,0,0,1,0,0.825,0.2
175,7,-1.1000285148620605,-0.05870170518755913,-0.2934035360813141,-1.671334799300702,3.4680514580210855,2,1,1,0.02,0.08,0.03,0.15,0.9,0.1,-1.2,0.0,0,0,1,0,0.825,0.2
176,0,0.42886120080947876,0.23187850415706635,0.5299652814865112,4.314415755776379,-1.9146903098652344,2,1,1,0.02,0.08,0.03,0.15,0.9,0.1,-1.2,0.0,0,0,1,0,0.825,0.2
176,1,-0.04727133363485336,0.37344294786453247,-0.07975471764802933,2.486086825646612,-0.6277850145354126,2,1,1,0.02,0.08,0.03,0.15,0.9,0.1,-1.2,0.0,0,0,1,0,0.825,0.2
176,2,-0.2530706226825714,-0.141617551445961,-0.7519194483757019,2.287057906910691,-0.2612376516311498,2,1,1,0.02,0.08,0.03,0.15,0.9,0.1,-1.2,0.0,0,0,1,0,0.825,0.2
176,3,0.8979858756065369,0.20108012855052948,1.0591928958892822,0.6139457247399943,1.9187159547333104,2,1,1,0.02,0.08,0.03,0.15,0.9,0.1,-1.2,0.0,0,0,1,0,0.825,0.2
176,4,-1.3860247135162354,0.42256125807762146,2.5849859714508057,-5.8038792103124,4.070551749017839,0,0,0,0.02,0.08,0.03,0.15,0.9,0.1,-1.2,0.0,0,0,1,0,0.825,0.2
176,5,0.32745644450187683,-0.2682734727859497,-0.3989427387714386,1.01112681199286,2.577902459341513,2,1,1,0.02,0.08,0.03,0.15,0.9,0.1,-1.2,0.0,0,0,1,0,0.825,0.2
176,6,-0.6268821954727173,0.22177860140800476,-0.8475949168205261,2.948560190074257,1.5295460278647774,2,1,1,0.02,0.08,0.03,0.15,0.9,0.1,-1.2,0.0,0,0,1,0,0.825,0.2
176,7,-1.0986131429672241,-0.05899158865213394,-0.08753038197755814,-1.7475332251464835,3.7503160141860237,2,1,1,0.02,0.08,0.03,0.15,0.9,0.1,-1.2,0.0,0,0,1,0,0.825,0.2
177,0,0.4301012456417084,0.23239962756633759,0.29723355174064636,4.498116981905054,-1.9743252826657813,2,1,1,0.02,0.08,0.03,0.15,0.9,0.1,-1.2,0.0,0,0,1,0,0.825,0.2
177,1,-0.045326344668865204,0.37317121028900146,-0.21336400508880615,1.435065903321188,0.2990555251748466,2,1,1,0.02,0.08,0.03,0.15,0.9,0.1,-1.2,0.0,0,0,1,0,0.825,0.2
177,2,-0.25157466530799866,-0.14313827455043793,-0.8440755605697632,2.172683980552472,-0.20589512237719382,2,1,1,0.02,0.08,0.03,0.15,0.9,0.1,-1.2,0.0,0,0,1,0,0.825,0.2
177,3,0.8994554877281189,0.20373594760894775,1.081844449043274,1.6073341281923146,0.7297937200336074,2,1,1,0.02,0.08,0.03,0.15,0.9,0.1,-1.2,0.0,0,0,1,0,0.825,0.2
177,4,-1.3869788646697998,0.4232346713542938,2.8592605590820312,-3.798040981399417,4.690612970038875,0,0,0,0.02,0.08,0.03,0.15,0.9,0.1,-1.2,0.0,0,0,1,0,0.825,0.2
177,5,0.3305230140686035,-0.26949870586395264,-0.3517054319381714,0.8298100992065283,3.0952859679860523,2,1,1,0.02,0.08,0.03,0.15,0.9,0.1,-1.2,0.0,0,0,1,0,0.825,0.2
177,6,-0.6240041851997375,0.21847540140151978,-0.86711186170578,3.1766621093120935,1.221675400740588,2,1,1,0.02,0.08,0.03,0.15,0.9,0.1,-1.2,0.0,0,0,1,0,0.825,0.2
177,7,-1.0970304012298584,-0.05896999314427376,0.10548949986696243,-1.3644079487657312,3.762687751045155,2,1,1,0.02,0.08,0.03,0.15,0.9,0.1,-1.2,0.0,0,0,1,0,0.825,0.2
178,0,0.4318186044692993,0.23270200192928314,0.059077583253383636,4.55901900232382,-1.9601976975852988,2,1,1,0.02,0.08,0.03,0.15,0.9,0.1,-1.2,0.0,0,0,1,0,0.825,0.2
178,1,-0.043507564812898636,0.3726573586463928,-0.3307000398635864,2.492981688151072,-0.22749496612402448,2,1,1,0.02,0.08,0.03,0.15,0.9,0.1,-1.2,0.0,0,0,1,0,0.825,0.2
178,2,-0.25028377771377563,-0.14472196996212006,-0.9341238737106323,1.8838476472884362,0.19218976280983135,2,1,1,0.02,0.08,0.03,0.15,0.9,0.1,-1.2,0.0,0,0,1,0,0.825,0.2
178,3,0.900642991065979,0.2060651034116745,1.124764084815979,2.337964752011557,-0.3059439117546183,2,1,1,0.02,0.08,0.03,0.15,0.9,0.1,-1.2,0.0,0,0,1,0,0.825,0.2
178,4,-1.3855340480804443,0.42303743958473206,-3.0802154541015625,-0.19098363142857308,6.0549768314630965,0,0,0,0.02,0.08,0.03,0.15,0.9,0.1,-1.2,0.0,0,0,1,0,0.825,0.2
178,5,0.3337740898132324,-0.2705879509449005,-0.2929031252861023,0.6781925559013255,3.4679440871519542,2,1,1,0.02,0.08,0.03,0.15,0.9,0.1,-1.2,0.0,0,0,1,0,0.825,0.2
178,6,-0.6211749911308289,0.21501117944717407,-0.9120564460754395,2.725050220745165,1.6317042260074632,2,1,1,0.02,0.08,0.03,0.15,0.9,0.1,-1.2,0.0,0,0,1,0,0.825,0.2
178,7,-1.095184087753296,-0.058576010167598724,0.29870331287384033,-0.5181187202484998,3.3850900466901956,2,1,1,0.02,0.08,0.03,0.15,0.9,0.1,-1.2,0.0,0,0,1,0,0.825,0.2
179,0,0.43376314640045166,0.23256413638591766,-0.19022908806800842,4.548537486568,-1.3744876620917568,2,1,1,0.02,0.08,0.03,0.15,0.9,0.1,-1.2,0.0,0,0,1,0,0.825,0.2
179,1,-0.041862644255161285,0.3720279037952423,-0.3844970166683197,1.6564323999522912,0.4473931359215675,2,1,1,0.02,0.08,0.03,0.15,0.9,0.1,-1.2,0.0,0,0,1,0,0.825,0.2
179,2,-0.24917031824588776,-0.14636047184467316,-1.0188032388687134,1.3770551764056596,1.0310384864062139,2,1,1,0.02,0.08,0.03,0.15,0.9,0.1,-1.2,0.0,0,0,1,0,0.825,0.2
179,3,0.9016615748405457,0.20821115374565125,1.1092482805252075,3.273752132961174,-1.6191767916827589,2,1,1,0.02,0.08,0.03,0.15,0.9,0.1,-1.2,0.0,0,0,1,0,0.825,0.2
179,4,-1.386867880821228,0.4228883683681488,-2.7669992446899414,2.3406398376954995,6.28,0,0,0,0.02,0.08,0.03,0.15,0.9,0.1,-1.2,0.0,0,0,1,0,0.825,0.2
179,5,0.33731508255004883,-0.27151069045066833,-0.2111363261938095,0.42042268710613323,3.875280471112682,2,1,1,0.02,0.08,0.03,0.15,0.9,0.1,-1.2,0.0,0,0,1,0,0.825,0.2
179,6,-0.6185728311538696,0.2114420086145401,-0.9769757986068726,2.7372754508763344,1.6183385819828702,2,1,1,0.02,0.08,0.03,0.15,0.9,0.1,-1.2,0.0,0,0,1,0,0.825,0.2
179,7,-1.0934412479400635,-0.05783546715974808,0.49637913703918457,-0.3624843629862956,3.7396265839089446,2,1,1,0.02,0.08,0.03,0.15,0.9,0.1,-1.2,0.0,0,0,1,0,0.825,0.2
180,0,0.43618184328079224,0.2317468225955963,-0.4647991955280304,4.479111962909473,-0.7700430089185368,2,1,1,0.02,0.08,0.03,0.15,0.9,0.1,-1.2,0.0,0,0,1,0,0.825,0.2
180,1,-0.03989283740520477,0.3711434602737427,-0.4688960909843445,2.5379969338295414,0.09263637351410656,2,1,1,0.02,0.08,0.03,0.15,0.9,0.1,-1.2,0.0,0,0,1,0,0.825,0.2
180,2,-0.24815258383750916,-0.1481453776359558,-1.0829365253448486,0.16855243215710883,2.7946448034798537,2,1,1,0.02,0.08,0.03,0.15,0.9,0.1,-1.2,0.0,0,0,1,0,0.825,0.2
180,3,0.9026437997817993,0.21006152033805847,1.0287377834320068,4.000427569476507,-2.817693147659343,2,1,1,0.02,0.08,0.03,0.15,0.9,0.1,-1.2,0.0,0,0,1,0,0.825,0.2
180,4,-1.3908127546310425,0.42050808668136597,-2.499964952468872,3.1026992751307865,5.839918922853612,0,0,0,0.02,0.08,0.03,0.15,0.9,0.1,-1.2,0.0,0,0,1,0,0.825,0.2
180,5,0.34111738204956055,-0.27213039994239807,-0.10781694203615189,-2.2260518282211676,4.0956564758921425,2,1,1,0.02,0.08,0.03,0.15,0.9,0.1,-1.2,0.0,0,0,1,0,0.825,0.2
180,6,-0.6162203550338745,0.20776328444480896,-1.0214340686798096,2.449139936090007,1.8368761532939857,2,1,1,0.02,0.08,0.03,0.15,0.9,0.1,-1.2,0.0,0,0,1,0,0.825,0.2
180,7,-1.0914555788040161,-0.05652092024683952,0.6554235219955444,-0.2380102665822243,3.9401617559187083,2,1,1,0.02,0.08,0.03,0.15,0.9,0.1,-1.2,0.0,0,0,1,0,0.825,0.2
181,0,0.438742995262146,0.23002389073371887,-0.7207871675491333,4.345294342609286,-0.10653967006493854,2,1,1,0.02,0.08,0.03,0.15,0.9,0.1,-1.2,0.0,0,0,1,0,0.825,0.2
181,1,-0.038018327206373215,0.3701150119304657,-0.5219497084617615,2.773513741383069,0.1013866798915167,2,1,1,0.02,0.08,0.03,0.15,0.9,0.1,-1.2,0.0,0,0,1,0,0.825,0.2
181,2,-0.24709205329418182,-0.1502314805984497,-1.1044460535049438,0.001748063055397736,2.8871533494316313,2,1,1,0.02,0.08,0.03,0.15,0.9,0.1,-1.2,0.0,0,0,1,0,0.825,0.2
181,3,0.9036241173744202,0.21149982511997223,0.8722830414772034,3.819376498214097,-2.0058382341069243,2,1,1,0.02,0.08,0.03,0.15,0.9,0.1,-1.2,0.0,0,0,1,0,0.825,0.2
181,4,-1.396507978439331,0.41536515951156616,-2.333467721939087,3.1208263343401867,1.8620498530077478,0,0,0,0.02,0.08,0.03,0.15,0.9,0.1,-1.2,0.0,0,0,1,0,0.825,0.2
181,5,0.34507131576538086,-0.27231574058532715,0.020106717944145203,-1.8933751532025274,4.050190152611672,2,1,1,0.02,0.08,0.03,0.15,0.9,0.1,-1.2,0.0,0,0,1,0,0.825,0.2
181,6,-0.6140183210372925,0.20400480926036835,-1.0605010986328125,1.5685489762053875,2.387854118119645,2,1,1,0.02,0.08,0.03,0.15,0.9,0.1,-1.2,0.0,0,0,1,0,0.825,0.2
181,7,-1.0893133878707886,-0.05457966402173042,0.8112404346466064,0.2800720532048748,3.836485491505294,2,1,1,0.02,0.08,0.03,0.15,0.9,0.1,-1.2,0.0,0,0,1,0,0.825,0.2
182,0,0.44117799401283264,0.22734127938747406,-0.9484009146690369,4.124633803423238,0.7975587370886439,2,1,1,0.02,0.08,0.03,0.15,0.9,0.1,-1.2,0.0,0,0,1,0,0.825,0.2
182,1,-0.0358712375164032,0.36878302693367004,-0.5991370677947998,3.7303267613210966,-2.0152044350710643,2,1,1,0.02,0.08,0.03,0.15,0.9,0.1,-1.2,0.0,0,0,1,0,0.825,0.2
182,2,-0.24575234949588776,-0.15274877846240997,-1.0330251455307007,0.3842869688311866,2.8578880141934104,2,1,1,0.02,0.08,0.03,0.15,0.9,0.1,-1.2,0.0,0,0,1,0,0.825,0.2
182,3,0.9045350551605225,0.21241892874240875,0.6450792551040649,4.231158939227588,-2.6367155368494717,2,1,1,0.02,0.08,0.03,0.15,0.9,0.1,-1.2,0.0,0,0,1,0,0.825,0.2
182,4,-1.402164101600647,0.4086407423019409,-2.2126822471618652,3.418961260992296,-1.2596637042588459,0,0,0,0.02,0.08,0.03,0.15,0.9,0.1,-1.2,0.0,0,0,1,0,0.825,0.2
182,5,0.3471188545227051,-0.27212443947792053,0.23325207829475403,-1.3110608693759909,3.922120369773678,2,1,1,0.02,0.08,0.03,0.15,0.9,0.1,-1.2,0.0,0,0,1,0,0.825,0.2
182,6,-0.6119740009307861,0.20022210478782654,-1.085525393486023,1.0241583150708975,3.617734900754535,2,1,1,0.02,0.08,0.03,0.15,0.9,0.1,-1.2,0.0,0,0,1,0,0.825,0.2
182,7,-1.087276577949524,-0.05205183103680611,0.9711278080940247,0.6475314847761617,3.7822322248489537,2,1,1,0.02,0.08,0.03,0.15,0.9,0.1,-1.2,0.0,0,0,1,0,0.825,0.2
183,0,0.44330471754074097,0.22367529571056366,-1.1391406059265137,3.870972009845047,1.2208732215450848,2,1,1,0.02,0.08,0.03,0.15,0.9,0.1,-1.2,0.0,0,0,1,0,0.825,0.2
183,1,-0.033610112965106964,0.3670823276042938,-0.6914770603179932,3.534537100123045,-1.6480103707797444,2,1,1,0.02,0.08,0.03,0.15,0.9,0.1,-1.2,0.0,0,0,1,0,0.825,0.2
183,2,-0.2441486120223999,-0.15517330169677734,-0.9333362579345703,1.0895076315021783,3.288216316312952,2,1,1,0.02,0.08,0.03,0.15,0.9,0.1,-1.2,0.0,0,0,1,0,0.825,0.2
183,3,0.9059972763061523,0.2132834494113922,0.4325920045375824,4.064247505484714,-1.8486362832283751,2,1,1,0.02,0.08,0.03,0.15,0.9,0.1,-1.2,0.0,0,0,1,0,0.825,0.2
183,4,-1.4055372476577759,0.40403151512145996,-2.230571985244751,3.4903359433225907,-2.285508534817438,0,0,0,0.02,0.08,0.03,0.15,0.9,0.1,-1.2,0.0,0,0,1,0,0.825,0.2
183,5,0.34855934977531433,-0.2715670168399811,0.46554118394851685,-0.1853869841031818,3.3184175159176266,2,1,1,0.02,0.08,0.03,0.15,0.9,0.1,-1.2,0.0,0,0,1,0,0.825,0.2
183,6,-0.6100924611091614,0.19666793942451477,-1.0667434930801392,0.7161038760120128,3.8429964593891985,2,1,1,0.02,0.08,0.03,0.15,0.9,0.1,-1.2,0.0,0,0,1,0,0.825,0.2
183,7,-1.0854295492172241,-0.04885917529463768,1.1124244928359985,1.185356260277849,3.4843941470873507,2,1,1,0.02,0.08,0.03,0.15,0.9,0.1,-1.2,0.0,0,0,1,0,0.825,0.2
184,0,0.4450479745864868,0.2191801518201828,-1.2787636518478394,3.716688777717148,0.7346519080269058,2,1,1,0.02,0.08,0.03,0.15,0.9,0.1,-1.2,0.0,0,0,1,0,0.825,0.2
184,1,-0.03218758851289749,0.3657369315624237,-0.8721858263015747,3.2784958003112736,-0.9472960031641153,2,1,1,0.02,0.08,0.03,0.15,0.9,0.1,-1.2,0.0,0,0,1,0,0.825,0.2
184,2,-0.24214386940002441,-0.15763422846794128,-0.8434728384017944,1.5205050727851104,3.2041110069030667,2,1,1,0.02,0.08,0.03,0.15,0.9,0.1,-1.2,0.0,0,0,1,0,0.825,0.2
184,3,0.9075588583946228,0.21382416784763336,0.19810320436954498,3.6409044255465206,-0.9216536597845981,2,1,1,0.02,0.08,0.03,0.15,0.9,0.1,-1.2,0.0,0,0,1,0,0.825,0.2
184,4,-1.407094955444336,0.40216389298439026,-2.381906270980835,3.7960842699498785,-1.88840513375407,0,0,0,0.02,0.08,0.03,0.15,0.9,0.1,-1.2,0.0,0,0,1,0,0.825,0.2
184,5,0.35043931007385254,-0.27032265067100525,0.6823023557662964,-0.10447561586987113,3.3958641445852766,2,1,1,0.02,0.08,0.03,0.15,0.9,0.1,-1.2,0.0,0,0,1,0,0.825,0.2
184,6,-0.6077970862388611,0.19278861582279205,-0.9879518747329712,1.203038191838802,3.580730292019454,2,1,1,0.02,0.08,0.03,0.15,0.9,0.1,-1.2,0.0,0,0,1,0,0.825,0.2
184,7,-1.0838658809661865,-0.045096419751644135,1.2354804277420044,1.6363946429741483,3.104218706520591,2,1,1,0.02,0.08,0.03,0.15,0.9,0.1,-1.2,0.0,0,0,1,0,0.825,0.2
185,0,0.44622254371643066,0.21442873775959015,-1.3812496662139893,3.4224973776872614,0.6142277687752774,2,1,1,0.02,0.08,0.03,0.15,0.9,0.1,-1.2,0.0,0,0,1,0,0.825,0.2
185,1,-0.03111783042550087,0.36420801281929016,-1.058867335319519,3.3428039686674014,-0.1382076236432373,2,1,1,0.02,0.08,0.03,0.15,0.9,0.1,-1.2,0.0,0,0,1,0,0.825,0.2
185,2,-0.2392531931400299,-0.16061639785766602,-0.7642910480499268,1.8789629134125068,3.1959957467240514,2,1,1,0.02,0.08,0.03,0.15,0.9,0.1,-1.2,0.0,0,0,1,0,0.825,0.2
185,3,0.9095978140830994,0.21400904655456543,-0.01822749152779579,2.7884282661583546,0.25802238144056067,2,1,1,0.02,0.08,0.03,0.15,0.9,0.1,-1.2,0.0,0,0,1,0,0.825,0.2
185,4,-1.407811164855957,0.40157923102378845,-2.5944724082946777,3.6915679503328467,-1.1080324697481305,0,0,0,0.02,0.08,0.03,0.15,0.9,0.1,-1.2,0.0,0,0,1,0,0.825,0.2
185,5,0.35260066390037537,-0.26820483803749084,0.8448729515075684,0.42428176571133197,2.8818429101324745,2,1,1,0.02,0.08,0.03,0.15,0.9,0.1,-1.2,0.0,0,0,1,0,0.825,0.2
185,6,-0.6050894856452942,0.18908709287643433,-0.881553053855896,1.6986746836406639,3.2657315762755266,2,1,1,0.02,0.08,0.03,0.15,0.9,0.1,-1.2,0.0,0,0,1,0,0.825,0.2
185,7,-1.08259117603302,-0.04075224697589874,1.3249841928482056,1.798169779761688,2.9712136860072125,2,1,1,0.02,0.08,0.03,0.15,0.9,0.1,-1.2,0.0,0,0,1,0,0.825,0.2
186,0,0.44686320424079895,0.20994961261749268,-1.484802484512329,5.584329354074168,-6.28,2,1,1,0.02,0.08,0.03,0.15,0.9,0.1,-1.2,0.0,0,0,1,0,0.825,0.2
186,1,-0.03018389642238617,0.362163782119751,-1.2140389680862427,1.4439285226596095,2.2567660765756496,2,1,1,0.02,0.08,0.03,0.15,0.9,0.1,-1.2,0.0,0,0,1,0,0.825,0.2
186,2,-0.23578402400016785,-0.16372285783290863,-0.7015694379806519,2.0394604849603737,1.3008721635152507,2,1,1,0.02,0.08,0.03,0.15,0.9,0.1,-1.2,0.0,0,0,1,0,0.825,0.2
186,3,0.9120951890945435,0.21372215449810028,-0.19096550345420837,1.9916314312654608,1.1660316491530078,2,1,1,0.02,0.08,0.03,0.15,0.9,0.1,-1.2,0.0,0,0,1,0,0.825,0.2
186,4,-1.408941626548767,0.4010711908340454,-2.814171314239502,4.052569432124217,-0.5144761410586303,0,0,0,0.02,0.08,0.03,0.15,0.9,0.1,-1.2,0.0,0,0,1,0,0.825,0.2
186,5,0.35457155108451843,-0.26561519503593445,0.9927080869674683,2.487536817764156,1.4048830507973067,2,1,1,0.02,0.08,0.03,0.15,0.9,0.1,-1.2,0.0,0,0,1,0,0.825,0.2
186,6,-0.6019049882888794,0.18556874990463257,-0.7926455140113831,2.5058307592241134,1.6839475575109009,2,1,1,0.02,0.08,0.03,0.15,0.9,0.1,-1.2,0.0,0,0,1,0,0.825,0.2
186,7,-1.0815962553024292,-0.03615644574165344,1.3827052116394043,5.832081037215208,-6.28,2,1,1,0.02,0.08,0.03,0.15,0.9,0.1,-1.2,0.0,0,0,1,0,0.825,0.2
187,0,0.4470140039920807,0.2059081494808197,-1.5868653059005737,5.643367107783197,-6.28,2,1,1,0.02,0.08,0.03,0.15,0.9,0.1,-1.2,0.0,0,0,1,0,0.825,0.2
187,1,-0.029323643073439598,0.3592560291290283,-1.3412350416183472,1.1056824726778272,2.5026416158984386,2,1,1,0.02,0.08,0.03,0.15,0.9,0.1,-1.2,0.0,0,0,1,0,0.825,0.2
187,2,-0.23187752068042755,-0.1668505072593689,-0.6527908444404602,2.1453973682709306,1.493653744157658,2,1,1,0.02,0.08,0.03,0.15,0.9,0.1,-1.2,0.0,0,0,1,0,0.825,0.2
187,3,0.9149227738380432,0.21298852562904358,-0.2950284481048584,1.7412013676007552,1.3991152966747904,2,1,1,0.02,0.08,0.03,0.15,0.9,0.1,-1.2,0.0,0,0,1,0,0.825,0.2
187,4,-1.4108823537826538,0.40063977241516113,-3.0054569244384766,3.6858356636687293,-0.004744751922658441,0,0,0,0.02,0.08,0.03,0.15,0.9,0.1,-1.2,0.0,0,0,1,0,0.825,0.2
187,5,0.35619932413101196,-0.26274698972702026,1.1052480936050415,2.3404515067717218,1.0422911868260918,2,1,1,0.02,0.08,0.03,0.15,0.9,0.1,-1.2,0.0,0,0,1,0,0.825,0.2
187,6,-0.5983283519744873,0.18217921257019043,-0.7320240139961243,2.7283943520110276,1.4395648019355032,2,1,1,0.02,0.08,0.03,0.15,0.9,0.1,-1.2,0.0,0,0,1,0,0.825,0.2
187,7,-1.0808156728744507,-0.031474076211452484,1.4261634349822998,5.67431271195402,-6.28,2,1,1,0.02,0.08,0.03,0.15,0.9,0.1,-1.2,0.0,0,0,1,0,0.825,0.2
188,0,0.4471244513988495,0.20590323209762573,-1.952153205871582,4.235165146150864,-6.28,2,1,1,0.02,0.08,0.03,0.15,0.9,0.1,-1.2,0.0,0,0,1,0,0.825,0.2
188,1,-0.028572577983140945,0.355741411447525,-1.3422099351882935,1.655249651185964,2.280284471105098,2,1,1,0.02,0.08,0.03,0.15,0.9,0.1,-1.2,0.0,0,0,1,0,0.825,0.2
188,2,-0.22893856465816498,-0.16907137632369995,-0.6644584536552429,2.022327806426813,2.233030736434596,2,1,1,0.02,0.08,0.03,0.15,0.9,0.1,-1.2,0.0,0,0,1,0,0.825,0.2
188,3,0.91788649559021,0.21199584007263184,-0.3352661430835724,1.7902542227113016,1.2242836216212956,2,1,1,0.02,0.08,0.03,0.15,0.9,0.1,-1.2,0.0,0,0,1,0,0.825,0.2
188,4,-1.4138007164001465,0.4005190134048462,3.1006336212158203,3.1095205613132766,-0.48487654041365275,0,0,0,0.02,0.08,0.03,0.15,0.9,0.1,-1.2,0.0,0,0,1,0,0.825,0.2
188,5,0.3578573167324066,-0.2593272924423218,1.092682957649231,2.8992820275470432,0.3475729598420357,2,1,1,0.02,0.08,0.03,0.15,0.9,0.1,-1.2,0.0,0,0,1,0,0.825,0.2
188,6,-0.5950812101364136,0.17930184304714203,-0.7444034218788147,2.89962977511784,1.178948114468306,2,1,1,0.02,0.08,0.03,0.15,0.9,0.1,-1.2,0.0,0,0,1,0,0.825,0.2
188,7,-1.080792784690857,-0.03084273636341095,1.0868511199951172,5.034441129432588,-6.28,2,1,1,0.02,0.08,0.03,0.15,0.9,0.1,-1.2,0.0,0,0,1,0,0.825,0.2
189,0,0.44733673334121704,0.20626796782016754,-2.3837192058563232,3.6859780905511736,-6.28,2,1,1,0.02,0.08,0.03,0.15,0.9,0.1,-1.2,0.0,0,0,1,0,0.825,0.2
189,1,-0.027693010866642,0.352229505777359,-1.2968889474868774,1.461105595850153,2.222337608263244,2,1,1,0.02,0.08,0.03,0.15,0.9,0.1,-1.2,0.0,0,0,1,0,0.825,0.2
189,2,-0.22614435851573944,-0.17130571603775024,-0.6880884766578674,1.802425041030051,2.7630900210737326,2,1,1,0.02,0.08,0.03,0.15,0.9,0.1,-1.2,0.0,0,0,1,0,0.825,0.2
189,3,0.9208372831344604,0.21093305945396423,-0.35034021735191345,0.7054374938038023,1.855415975305473,2,1,1,0.02,0.08,0.03,0.15,0.9,0.1,-1.2,0.0,0,0,1,0,0.825,0.2
189,4,-1.417069911956787,0.40091362595558167,2.9524426460266113,4.519242647997877,-4.567372705448645,0,0,0,0.02,0.08,0.03,0.15,0.9,0.1,-1.2,0.0,0,0,1,0,0.825,0.2
189,5,0.3595642149448395,-0.25617897510528564,1.0446890592575073,2.439699023226073,0.5491069707404981,2,1,1,0.02,0.08,0.03,0.15,0.9,0.1,-1.2,0.0,0,0,1,0,0.825,0.2
189,6,-0.592058539390564,0.17642837762832642,-0.786634087562561,2.8229354862946567,1.2607501812281838,2,1,1,0.02,0.08,0.03,0.15,0.9,0.1,-1.2,0.0,0,0,1,0,0.825,0.2
189,7,-1.0809992551803589,-0.031123658642172813,0.6511638164520264,4.454564064705894,-5.448128784372162,2,1,1,0.02,0.08,0.03,0.15,0.9,0.1,-1.2,0.0,0,0,1,0,0.825,0.2
190,0,0.4462543725967407,0.2053215503692627,-2.595798969268799,3.696364546881567,-6.28,2,1,1,0.02,0.08,0.03,0.15,0.9,0.1,-1.2,0.0,0,0,1,0,0.825,0.2
190,1,-0.026588117703795433,0.34852343797683716,-1.269378900527954,0.48996428879188764,2.3333259380404643,2,1,1,0.02,0.08,0.03,0.15,0.9,0.1,-1.2,0.0,0,0,1,0,0.825,0.2
190,2,-0.22296050190925598,-0.17393837869167328,-0.6867848038673401,1.8424646599708903,2.721555474636275,2,1,1,0.02,0.08,0.03,0.15,0.9,0.1,-1.2,0.0,0,0,1,0,0.825,0.2
190,3,0.9236805438995361,0.20986813306808472,-0.3685125708580017,1.112255302400425,1.3313410790224134,2,1,1,0.02,0.08,0.03,0.15,0.9,0.1,-1.2,0.0,0,0,1,0,0.825,0.2
190,4,-1.4194880723953247,0.40154626965522766,2.814218521118164,5.309504334967994,-6.28,0,0,0,0.02,0.08,0.03,0.15,0.9,0.1,-1.2,0.0,0,0,1,0,0.825,0.2
190,5,0.36134347319602966,-0.2533382475376129,0.961134135723114,2.2294698851385752,0.4241838993057443,2,1,1,0.02,0.08,0.03,0.15,0.9,0.1,-1.2,0.0,0,0,1,0,0.825,0.2
190,6,-0.5892377495765686,0.17345501482486725,-0.8441510200500488,3.2170956630721737,0.8382950473538388,2,1,1,0.02,0.08,0.03,0.15,0.9,0.1,-1.2,0.0,0,0,1,0,0.825,0.2
190,7,-1.08090078830719,-0.03102215752005577,0.647988498210907,4.491824795377851,-5.212379194149058,2,1,1,0.02,0.08,0.03,0.15,0.9,0.1,-1.2,0.0,0,0,1,0,0.825,0.2
191,0,0.44305193424224854,0.2031935602426529,-2.712001323699951,3.5852504350811976,-6.28,2,1,1,0.02,0.08,0.03,0.15,0.9,0.1,-1.2,0.0,0,0,1,0,0.825,0.2
191,1,-0.02543669380247593,0.34497320652008057,-1.2435795068740845,0.37167322505623956,2.07763475309699,2,1,1,0.02,0.08,0.03,0.15,0.9,0.1,-1.2,0.0,0,0,1,0,0.825,0.2
191,2,-0.21944808959960938,-0.17675729095935822,-0.6582971215248108,2.070002191014583,2.376279451231841,2,1,1,0.02,0.08,0.03,0.15,0.9,0.1,-1.2,0.0,0,0,1,0,0.825,0.2
191,3,0.9261572360992432,0.20892538130283356,-0.34010982513427734,1.8465398707116807,0.2394385818542819,2,1,1,0.02,0.08,0.03,0.15,0.9,0.1,-1.2,0.0,0,0,1,0,0.825,0.2
191,4,-1.4197301864624023,0.4016229510307312,2.524049997329712,4.800508692484323,-6.28,0,0,0,0.02,0.08,0.03,0.15,0.9,0.1,-1.2,0.0,0,0,1,0,0.825,0.2
191,5,0.36319705843925476,-0.2508816421031952,0.8889157176017761,2.310520418982021,0.01054129610370616,2,1,1,0.02,0.08,0.03,0.15,0.9,0.1,-1.2,0.0,0,0,1,0,0.825,0.2
191,6,-0.5866100192070007,0.1703275740146637,-0.9001683592796326,3.4414809515200253,0.6224924686901828,2,1,1,0.02,0.08,0.03,0.15,0.9,0.1,-1.2,0.0,0,0,1,0,0.825,0.2
191,7,-1.0809850692749023,-0.030934615060687065,0.3243095278739929,4.502573053979067,-3.8686371052251576,2,1,1,0.02,0.08,0.03,0.15,0.9,0.1,-1.2,0.0,0,0,1,0,0.825,0.2
192,0,0.44273641705513,0.20340587198734283,-3.001793384552002,3.761770992175922,-6.28,2,1,1,0.02,0.08,0.03,0.15,0.9,0.1,-1.2,0.0,0,0,1,0,0.825,0.2
192,1,-0.024413123726844788,0.34215760231018066,-1.1864546537399292,0.3796249319305485,1.8970753453546734,2,1,1,0.02,0.08,0.03,0.15,0.9,0.1,-1.2,0.0,0,0,1,0,0.825,0.2
192,2,-0.21579410135746002,-0.1794939488172531,-0.6268097758293152,1.739069481947282,2.9362379995811643,2,1,1,0.02,0.08,0.03,0.15,0.9,0.1,-1.2,0.0,0,0,1,0,0.825,0.2
192,3,0.928490400314331,0.20812508463859558,-0.32582879066467285,1.0839074668024309,0.6946918169575735,2,1,1,0.02,0.08,0.03,0.15,0.9,0.1,-1.2,0.0,0,0,1,0,0.825,0.2
192,4,-1.4192328453063965,0.40119436383247375,2.1110966205596924,4.1215517354303595,-2.5239429572702936,0,0,0,0.02,0.08,0.03,0.15,0.9,0.1,-1.2,0.0,0,0,1,0,0.825,0.2
192,5,0.36497625708580017,-0.248824343085289,0.8250815868377686,2.399179941732179,-0.12152302576957703,2,1,1,0.02,0.08,0.03,0.15,0.9,0.1,-1.2,0.0,0,0,1,0,0.825,0.2
192,6,-0.5841963291168213,0.16705800592899323,-0.9779567718505859,3.492123733172224,0.7406462062734747,2,1,1,0.02,0.08,0.03,0.15,0.9,0.1,-1.2,0.0,0,0,1,0,0.825,0.2
192,7,-1.0812023878097534,-0.031055998057127,-0.001090805628336966,4.705485895044337,-2.5884577409959664,2,1,1,0.02,0.08,0.03,0.15,0.9,0.1,-1.2,0.0,0,0,1,0,0.825,0.2
193,0,0.4400620758533478,0.20327764749526978,3.1150262355804443,3.9911079105815204,-5.9773367747441535,2,1,1,0.02,0.08,0.03,0.15,0.9,0.1,-1.2,0.0,0,0,1,0,0.825,0.2
193,1,-0.02339988574385643,0.3398436903953552,-1.125551700592041,0.6602054892873158,1.4295631622747027,2,1,1,0.02,0.08,0.03,0.15,0.9,0.1,-1.2,0.0,0,0,1,0,0.825,0.2
193,2,-0.21214847266674042,-0.18207982182502747,-0.6120327115058899,1.4941151935012567,3.152115570157886,2,1,1,0.02,0.08,0.03,0.15,0.9,0.1,-1.2,0.0,0,0,1,0,0.825,0.2
193,3,0.930526614189148,0.20741234719753265,-0.36943358182907104,1.5070062851203891,0.050348484539778235,2,1,1,0.02,0.08,0.03,0.15,0.9,0.1,-1.2,0.0,0,0,1,0,0.825,0.2
193,4,-1.4197845458984375,0.40162914991378784,1.8254690170288086,4.433327267902691,-0.659628621111839,0,0,0,0.02,0.08,0.03,0.15,0.9,0.1,-1.2,0.0,0,0,1,0,0.825,0.2
193,5,0.366655558347702,-0.24712719023227692,0.7479563355445862,3.0006878551286746,-0.5149955923612038,2,1,1,0.02,0.08,0.03,0.15,0.9,0.1,-1.2,0.0,0,0,1,0,0.825,0.2
193,6,-0.5820751190185547,0.16358697414398193,-1.073849081993103,3.256569987686026,1.3064438578834154,2,1,1,0.02,0.08,0.03,0.15,0.9,0.1,-1.2,0.0,0,0,1,0,0.825,0.2
193,7,-1.0808199644088745,-0.031122487038373947,-0.34151628613471985,4.94105493687346,-1.3148316455021032,2,1,1,0.02,0.08,0.03,0.15,0.9,0.1,-1.2,0.0,0,0,1,0,0.825,0.2
194,0,0.43852299451828003,0.2034488022327423,2.888608932495117,4.325964776109541,-4.860658759347888,2,1,1,0.02,0.08,0.03,0.15,0.9,0.1,-1.2,0.0,0,0,1,0,0.825,0.2
194,1,-0.022348521277308464,0.33778366446495056,-1.0709335803985596,0.5309688750343518,1.143313437358838,2,1,1,0.02,0.08,0.03,0.15,0.9,0.1,-1.2,0.0,0,0,1,0,0.825,0.2
194,2,-0.20832271873950958,-0.18468715250492096,-0.5762829184532166,1.326350943927041,3.2671136272150494,2,1,1,0.02,0.08,0.03,0.15,0.9,0.1,-1.2,0.0,0,0,1,0,0.825,0.2
194,3,0.9322327971458435,0.20672324299812317,-0.391691118478775,2.722537508437528,-1.3139178940730634,2,1,1,0.02,0.08,0.03,0.15,0.9,0.1,-1.2,0.0,0,0,1,0,0.825,0.2
194,4,-1.4203190803527832,0.4035084843635559,1.620992660522461,4.996255483890756,0.33507132090860037,0,0,0,0.02,0.08,0.03,0.15,0.9,0.1,-1.2,0.0,0,0,1,0,0.825,0.2
194,5,0.3683941066265106,-0.24564076960086823,0.6611101627349854,3.2928304542726425,-0.615773769946815,2,1,1,0.02,0.08,0.03,0.15,0.9,0.1,-1.2,0.0,0,0,1,0,0.825,0.2
194,6,-0.580234169960022,0.1597672998905182,-1.1721528768539429,3.148498397274689,1.6196167640817605,2,1,1,0.02,0.08,0.03,0.15,0.9,0.1,-1.2,0.0,0,0,1,0,0.825,0.2
194,7,-1.0794029235839844,-0.031925976276397705,-0.6504361033439636,5.0606613796947375,0.1838415085646399,2,1,1,0.02,0.08,0.03,0.15,0.9,0.1,-1.2,0.0,0,0,1,0,0.825,0.2
195,0,0.4371165931224823,0.20372477173805237,2.633857250213623,4.917372977199875,-3.2711117768910754,2,1,1,0.02,0.08,0.03,0.15,0.9,0.1,-1.2,0.0,0,0,1,0,0.825,0.2
195,1,-0.02129354514181614,0.3359367549419403,-1.0386872291564941,0.7501967573499513,0.6849286532068437,2,1,1,0.02,0.08,0.03,0.15,0.9,0.1,-1.2,0.0,0,0,1,0,0.825,0.2
195,2,-0.20435838401317596,-0.18712478876113892,-0.5213128328323364,1.7961659389671536,2.818316707839275,2,1,1,0.02,0.08,0.03,0.15,0.9,0.1,-1.2,0.0,0,0,1,0,0.825,0.2
195,3,0.9337033629417419,0.20608870685100555,-0.43534666299819946,3.4428937889946303,-2.2416355609675045,2,1,1,0.02,0.08,0.03,0.15,0.9,0.1,-1.2,0.0,0,0,1,0,0.825,0.2
195,4,-1.420106053352356,0.40729573369026184,1.4127076864242554,4.687713561100335,0.9133853382988953,0,0,0,0.02,0.08,0.03,0.15,0.9,0.1,-1.2,0.0,0,0,1,0,0.825,0.2
195,5,0.3704041540622711,-0.24424399435520172,0.5446854829788208,3.6233591711960598,-0.6735255760355052,2,1,1,0.02,0.08,0.03,0.15,0.9,0.1,-1.2,0.0,0,0,1,0,0.825,0.2
195,6,-0.578616201877594,0.15538431704044342,-1.2543919086456299,2.6641535492605457,2.2056627120846777,2,1,1,0.02,0.08,0.03,0.15,0.9,0.1,-1.2,0.0,0,0,1,0,0.825,0.2
195,7,-1.0770519971847534,-0.03431255742907524,-0.9233130216598511,5.016893499220558,1.1649723069802778,2,1,1,0.02,0.08,0.03,0.15,0.9,0.1,-1.2,0.0,0,0,1,0,0.825,0.2
196,0,0.43697696924209595,0.20337621867656708,2.284923553466797,5.979656526481346,-0.6526461035363234,2,1,1,0.02,0.08,0.03,0.15,0.9,0.1,-1.2,0.0,0,0,1,0,0.825,0.2
196,1,-0.020383890718221664,0.334433913230896,-1.0161194801330566,0.9209215285458705,0.38894555321370156,2,1,1,0.02,0.08,0.03,0.15,0.9,0.1,-1.2,0.0,0,0,1,0,0.825,0.2
196,2,-0.20028531551361084,-0.18929791450500488,-0.4548100531101227,1.8279762512577746,2.822811703645653,2,1,1,0.02,0.08,0.03,0.15,0.9,0.1,-1.2,0.0,0,0,1,0,0.825,0.2
196,3,0.9349810481071472,0.20542433857917786,-0.5591622591018677,2.7821398762359832,-1.3655967461889857,2,1,1,0.02,0.08,0.03,0.15,0.9,0.1,-1.2,0.0,0,0,1,0,0.825,0.2
196,4,-1.4187644720077515,0.4126124680042267,1.2316761016845703,3.806173266721157,0.7314910580323075,0,0,0,0.02,0.08,0.03,0.15,0.9,0.1,-1.2,0.0,0,0,1,0,0.825,0.2
196,5,0.3727551996707916,-0.2430301159620285,0.4101133942604065,3.6087165015533036,-0.22759816671602678,2,1,1,0.02,0.08,0.03,0.15,0.9,0.1,-1.2,0.0,0,0,1,0,0.825,0.2
196,6,-0.577257513999939,0.15070465207099915,-1.3165470361709595,3.0236234521288816,1.9464965624978157,2,1,1,0.02,0.08,0.03,0.15,0.9,0.1,-1.2,0.0,0,0,1,0,0.825,0.2
196,7,-1.0745165348052979,-0.03855929523706436,-1.1401206254959106,5.59213719669198,-6.28,2,1,1,0.02,0.08,0.03,0.15,0.9,0.1,-1.2,0.0,0,0,1,0,0.825,0.2
197,0,0.43627437949180603,0.20449164509773254,1.9389469623565674,6.28,1.4491983854307149,2,1,1,0.02,0.08,0.03,0.15,0.9,0.1,-1.2,0.0,0,0,1,0,0.825,0.2
197,1,-0.019596537575125694,0.33317798376083374,-1.013685941696167,2.0998023831144055,-0.3015730074991568,2,1,1,0.02,0.08,0.03,0.15,0.9,0.1,-1.2,0.0,0,0,1,0,0.825,0.2
197,2,-0.195998415350914,-0.19125618040561676,-0.40892449021339417,1.2750281856176717,3.320206876664099,2,1,1,0.02,0.08,0.03,0.15,0.9,0.1,-1.2,0.0,0,0,1,0,0.825,0.2
197,3,0.9359913468360901,0.20468395948410034,-0.7480291128158569,3.369446575204952,-1.6805587890328488,2,1,1,0.02,0.08,0.03,0.15,0.9,0.1,-1.2,0.0,0,0,1,0,0.825,0.2
197,4,-1.416385531425476,0.41803717613220215,1.080549716949463,4.359251079405939,-4.155782508058548,0,0,0,0.02,0.08,0.03,0.15,0.9,0.1,-1.2,0.0,0,0,1,0,0.825,0.2
197,5,0.3754958510398865,-0.24207541346549988,0.2617340683937073,3.3857920737320315,0.7997401212527678,2,1,1,0.02,0.08,0.03,0.15,0.9,0.1,-1.2,0.0,0,0,1,0,0.825,0.2
197,6,-0.5761144161224365,0.14594204723834991,-1.3427878618240356,2.6627486379425886,2.3576933700577687,2,1,1,0.02,0.08,0.03,0.15,0.9,0.1,-1.2,0.0,0,0,1,0,0.825,0.2
197,7,-1.072483777999878,-0.044206950813531876,-1.3107802867889404,5.035806055839516,-6.28,2,1,1,0.02,0.08,0.03,0.15,0.9,0.1,-1.2,0.0,0,0,1,0,0.825,0.2
198,0,0.4353506565093994,0.2087608128786087,1.6574426889419556,6.28,2.7069673724574996,2,1,1,0.02,0.08,0.03,0.15,0.9,0.1,-1.2,0.0,0,0,1,0,0.825,0.2
198,1,-0.01889507658779621,0.3320425748825073,-1.029106616973877,3.0331126400495467,-0.8788012615063009,2,1,1,0.02,0.08,0.03,0.15,0.9,0.1,-1.2,0.0,0,0,1,0,0.825,0.2
198,2,-0.19161492586135864,-0.19305524230003357,-0.3705379366874695,1.7992982771952135,2.844984528194791,2,1,1,0.02,0.08,0.03,0.15,0.9,0.1,-1.2,0.0,0,0,1,0,0.825,0.2
198,3,0.9369276762008667,0.20366640388965607,-0.9049454927444458,3.3346102280897933,-1.3676630263655465,2,1,1,0.02,0.08,0.03,0.15,0.9,0.1,-1.2,0.0,0,0,1,0,0.825,0.2
198,4,-1.4137450456619263,0.4223286807537079,0.9580316543579102,3.7090427761803686,-6.28,0,0,0,0.02,0.08,0.03,0.15,0.9,0.1,-1.2,0.0,0,0,1,0,0.825,0.2
198,5,0.3784610629081726,-0.2415219098329544,0.11358973383903503,3.261833120656785,1.871704718427146,2,1,1,0.02,0.08,0.03,0.15,0.9,0.1,-1.2,0.0,0,0,1,0,0.825,0.2
198,6,-0.5750565528869629,0.14103879034519196,-1.3787798881530762,2.6350445161818157,2.48828579452582,2,1,1,0.02,0.08,0.03,0.15,0.9,0.1,-1.2,0.0,0,0,1,0,0.825,0.2
198,7,-1.0721969604492188,-0.04484214633703232,-1.7118223905563354,4.57802621475295,-5.282393671320141,2,1,1,0.02,0.08,0.03,0.15,0.9,0.1,-1.2,0.0,0,0,1,0,0.825,0.2
199,0,0.43551400303840637,0.21576963365077972,1.4502278566360474,5.0230131121763595,-2.3341622392175867,2,1,1,0.02,0.08,0.03,0.15,0.9,0.1,-1.2,0.0,0,0,1,0,0.825,0.2
199,1,-0.018058709800243378,0.3305610418319702,-1.1003190279006958,2.985684789660021,-1.2039207994169556,2,1,1,0.02,0.08,0.03,0.15,0.9,0.1,-1.2,0.0,0,0,1,0,0.825,0.2
199,2,-0.18725886940956116,-0.19461341202259064,-0.3055269122123718,1.8674384263165176,2.8168382858500918,2,1,1,0.02,0.08,0.03,0.15,0.9,0.1,-1.2,0.0,0,0,1,0,0.825,0.2
199,3,0.9378240704536438,0.20229317247867584,-1.0761786699295044,3.111683486864132,-0.8152545215487266,2,1,1,0.02,0.08,0.03,0.15,0.9,0.1,-1.2,0.0,0,0,1,0,0.825,0.2
199,4,-1.4130666255950928,0.4232034981250763,0.6954227685928345,3.2644707235832064,-6.28,0,0,0,0.02,0.08,0.03,0.15,0.9,0.1,-1.2,0.0,0,0,1,0,0.825,0.2
199,5,0.3822176158428192,-0.24133004248142242,0.005385938100516796,3.2998934801315585,2.4905480351414178,2,1,1,0.02,0.08,0.03,0.15,0.9,0.1,-1.2,0.0,0,0,1,0,0.825,0.2
199,6,-0.5741608738899231,0.13610289990901947,-1.396796464920044,2.1757049856361403,2.9009236769283246,2,1,1,0.02,0.08,0.03,0.15,0.9,0.1,-1.2,0.0,0,0,1,0,0.825,0.2
199,7,-1.0719096660614014,-0.04414999857544899,-2.1497700214385986,4.474269134150651,-4.173297932958741,2,1,1,0.02,0.08,0.03,0.15,0.9,0.1,-1.2,0.0,0,0,1,0,0.825,0.2
200,0,0.4370616376399994,0.2235642820596695,1.323226809501648,5.112561465164048,-1.9177710632229064,2,1,1,0.02,0.08,0.03,0.15,0.9,0.1,-1.2,0.0,0,0,1,0,0.825,0.2
200,1,-0.017221247777342796,0.32864758372306824,-1.2272658348083496,3.0733434669184705,-1.2679476423130338,2,1,1,0.02,0.08,0.03,0.15,0.9,0.1,-1.2,0.0,0,0,1,0,0.825,0.2
200,2,-0.18278472125530243,-0.1958991140127182,-0.26111286878585815,1.6679590540985154,3.0842053430693017,2,1,1,0.02,0.08,0.03,0.15,0.9,0.1,-1.2,0.0,0,0,1,0,0.825,0.2
200,3,0.9385906457901001,0.2005327343940735,-1.2438757419586182,3.0782002626511527,-0.4210456638734844,2,1,1,0.02,0.08,0.03,0.15,0.9,0.1,-1.2,0.0,0,0,1,0,0.825,0.2
200,4,-1.4146153926849365,0.42233720421791077,0.34151995182037354,4.42373201503769,-4.661857109631268,0,0,0,0.02,0.08,0.03,0.15,0.9,0.1,-1.2,0.0,0,0,1,0,0.825,0.2
200,5,0.38707461953163147,-0.24148963391780853,-0.055218350142240524,3.3461907676594196,2.6991905524017934,2,1,1,0.02,0.08,0.03,0.15,0.9,0.1,-1.2,0.0,0,0,1,0,0.825,0.2
200,6,-0.5733032822608948,0.13109029829502106,-1.4035166501998901,1.612608161563621,3.219251511476869,2,1,1,0.02,0.08,0.03,0.15,0.9,0.1,-1.2,0.0,0,0,1,0,0.825,0.2
200,7,-1.0721373558044434,-0.04431956261396408,-2.245389938354492,4.494960155138676,-3.98820523915768,2,1,1,0.02,0.08,0.03,0.15,0.9,0.1,-1.2,0.0,0,0,1,0,0.825,0.2
201,0,0.4381408095359802,0.22697553038597107,1.0703767538070679,5.380613454670854,-0.3460278912143785,2,1,1,0.02,0.08,0.03,0.15,0.9,0.1,-1.2,0.0,0,0,1,0,0.825,0.2
201,1,-0.016708072274923325,0.32685527205467224,-1.3727177381515503,3.454413736499389,-0.6546016203591014,2,1,1,0.02,0.08,0.03,0.15,0.9,0.1,-1.2,0.0,0,0,1,0,0.825,0.2
201,2,-0.17824578285217285,-0.19702474772930145,-0.2271573394536972,2.0346450705868655,2.8025549929147897,2,1,1,0.02,0.08,0.03,0.15,0.9,0.1,-1.2,0.0,0,0,1,0,0.825,0.2
201,3,0.939149796962738,0.19836893677711487,-1.3870353698730469,3.307868428997976,-0.3831438718832668,2,1,1,0.02,0.08,0.03,0.15,0.9,0.1,-1.2,0.0,0,0,1,0,0.825,0.2
201,4,-1.4148592948913574,0.4221947491168976,0.0657670795917511,5.047830325245306,-1.7551479637598812,0,0,0,0.02,0.08,0.03,0.15,0.9,0.1,-1.2,0.0,0,0,1,0,0.825,0.2
201,5,0.3926985561847687,-0.24191106855869293,-0.08798233419656754,3.3860515788829986,2.700971047288711,2,1,1,0.02,0.08,0.03,0.15,0.9,0.1,-1.2,0.0,0,0,1,0,0.825,0.2
201,6,-0.5724306106567383,0.12608155608177185,-1.3841463327407837,2.3368096588972374,2.9728292261479723,2,1,1,0.02,0.08,0.03,0.15,0.9,0.1,-1.2,0.0,0,0,1,0,0.825,0.2
201,7,-1.0725969076156616,-0.04485366865992546,-2.577007293701172,4.6166975080014065,-3.1243526724984703,2,1,1,0.02,0.08,0.03,0.15,0.9,0.1,-1.2,0.0,0,0,1,0,0.825,0.2
202,0,0.43961361050605774,0.22891345620155334,0.7970988154411316,5.4564076991266806,0.6842499999732465,2,1,1,0.02,0.08,0.03,0.15,0.9,0.1,-1.2,0.0,0,0,1,0,0.825,0.2
202,1,-0.016472263261675835,0.3250648081302643,-1.5242701768875122,3.6821378990778855,-0.1861325362885781,2,1,1,0.02,0.08,0.03,0.15,0.9,0.1,-1.2,0.0,0,0,1,0,0.825,0.2
202,2,-0.17360687255859375,-0.19799233973026276,-0.18078091740608215,2.395126463979549,2.433677913641809,2,1,1,0.02,0.08,0.03,0.15,0.9,0.1,-1.2,0.0,0,0,1,0,0.825,0.2
202,3,0.9394568800926208,0.19580087065696716,-1.5126264095306396,2.950588774253498,-0.018634249564358947,2,1,1,0.02,0.08,0.03,0.15,0.9,0.1,-1.2,0.0,0,0,1,0,0.825,0.2
202,4,-1.4131174087524414,0.422244668006897,-0.16650377213954926,5.46802925364864,-0.3363959763257346,0,0,0,0.02,0.08,0.03,0.15,0.9,0.1,-1.2,0.0,0,0,1,0,0.825,0.2
202,5,0.3986597955226898,-0.2425134778022766,-0.11171169579029083,3.376636750848393,2.7133219478689985,2,1,1,0.02,0.08,0.03,0.15,0.9,0.1,-1.2,0.0,0,0,1,0,0.825,0.2
202,6,-0.5714312195777893,0.12130170315504074,-1.3338338136672974,1.7969564938618956,3.2338799137374066,2,1,1,0.02,0.08,0.03,0.15,0.9,0.1,-1.2,0.0,0,0,1,0,0.825,0.2
202,7,-1.0725188255310059,-0.04482657462358475,-2.9153897762298584,4.792823815127445,-1.7114887175760995,2,1,1,0.02,0.08,0.03,0.15,0.9,0.1,-1.2,0.0,0,0,1,0,0.825,0.2
203,0,0.4428413212299347,0.23146674036979675,0.5670890212059021,5.3820566580945295,2.103990309918042,2,1,1,0.02,0.08,0.03,0.15,0.9,0.1,-1.2,0.0,0,0,1,0,0.825,0.2
203,1,-0.016545981168746948,0.3224591910839081,-1.6702449321746826,3.6954211826974848,0.2960079800409351,2,1,1,0.02,0.08,0.03,0.15,0.9,0.1,-1.2,0.0,0,0,1,0,0.825,0.2
203,2,-0.16884998977184296,-0.1987706571817398,-0.14929333329200745,2.59229255731381,2.2839011921552514,2,1,1,0.02,0.08,0.03,0.15,0.9,0.1,-1.2,0.0,0,0,1,0,0.825,0.2
203,3,0.9394412040710449,0.1929280310869217,-1.6407026052474976,2.9639950758019453,0.10128801493119802,2,1,1,0.02,0.08,0.03,0.15,0.9,0.1,-1.2,0.0,0,0,1,0,0.825,0.2
203,4,-1.4112224578857422,0.4215599596500397,-0.44270846247673035,5.578898525197568,1.0514277284213835,0,0,0,0.02,0.08,0.03,0.15,0.9,0.1,-1.2,0.0,0,0,1,0,0.825,0.2
203,5,0.40469127893447876,-0.24326126277446747,-0.13539646565914154,3.2075250706317484,2.9253001215215786,2,1,1,0.02,0.08,0.03,0.15,0.9,0.1,-1.2,0.0,0,0,1,0,0.825,0.2
203,6,-0.5701157450675964,0.11625432968139648,-1.30459463596344,2.293565759296149,3.0661744501275643,2,1,1,0.02,0.08,0.03,0.15,0.9,0.1,-1.2,0.0,0,0,1,0,0.825,0.2
203,7,-1.0730794668197632,-0.044839683920145035,3.064908266067505,4.89688012219691,-0.16123461581184528,2,1,1,0.02,0.08,0.03,0.15,0.9,0.1,-1.2,0.0,0,0,1,0,0.825,0.2
204,0,0.4477219581604004,0.2339266836643219,0.37673816084861755,5.020015568397577,2.421459807938369,2,1,1,0.02,0.08,0.03,0.15,0.9,0.1,-1.2,0.0,0,0,1,0,0.825,0.2
204,1,-0.01711970567703247,0.31916552782058716,-1.808870792388916,3.864052915017602,0.49761026255989227,2,1,1,0.02,0.08,0.03,0.15,0.9,0.1,-1.2,0.0,0,0,1,0,0.825,0.2
204,2,-0.1640690267086029,-0.1994551718235016,-0.14286084473133087,2.6399654494770473,2.3816397433738254,2,1,1,0.02,0.08,0.03,0.15,0.9,0.1,-1.2,0.0,0,0,1,0,0.825,0.2
204,3,0.9390674233436584,0.19000735878944397,-1.7503061294555664,2.2320461282022768,0.6324833841982619,2,1,1,0.02,0.08,0.03,0.15,0.9,0.1,-1.2,0.0,0,0,1,0,0.825,0.2
204,4,-1.4076389074325562,0.41929128766059875,-0.672494649887085,4.385290674488361,0.8372233278156619,0,0,0,0.02,0.08,0.03,0.15,0.9,0.1,-1.2,0.0,0,0,1,0,0.825,0.2
204,5,0.41071465611457825,-0.24415323138237,-0.15879149734973907,3.2726074688441207,2.453716974101951,2,1,1,0.02,0.08,0.03,0.15,0.9,0.1,-1.2,0.0,0,0,1,0,0.825,0.2
204,6,-0.5686855316162109,0.11137206852436066,-1.2597965002059937,-6.28,5.410523618457781,2,1,1,0.02,0.08,0.03,0.15,0.9,0.1,-1.2,0.0,0,0,1,0,0.825,0.2
204,7,-1.0752391815185547,-0.04432959854602814,2.809298276901245,4.764732137998577,1.1208182465899572,2,1,1,0.02,0.08,0.03,0.15,0.9,0.1,-1.2,0.0,0,0,1,0,0.825,0.2
205,0,0.45437300205230713,0.2359744757413864,0.23662054538726807,4.421017978127404,1.5454957644262801,2,1,1,0.02,0.08,0.03,0.15,0.9,0.1,-1.2,0.0,0,0,1,0,0.825,0.2
205,1,-0.018279703333973885,0.3154463768005371,-1.931792974472046,2.9571527530824806,1.3064142919302564,2,1,1,0.02,0.08,0.03,0.15,0.9,0.1,-1.2,0.0,0,0,1,0,0.825,0.2
205,2,-0.15925376117229462,-0.20015670359134674,-0.151346817612648,2.8700101259484887,2.1766224055752676,2,1,1,0.02,0.08,0.03,0.15,0.9,0.1,-1.2,0.0,0,0,1,0,0.825,0.2
205,3,0.938374936580658,0.1870453655719757,-1.8516203165054321,0.7139132149802543,1.5618888721830189,2,1,1,0.02,0.08,0.03,0.15,0.9,0.1,-1.2,0.0,0,0,1,0,0.825,0.2
205,4,-1.4033910036087036,0.41517359018325806,-0.8545883893966675,1.3100592841843945,0.28390716643852165,0,0,0,0.02,0.08,0.03,0.15,0.9,0.1,-1.2,0.0,0,0,1,0,0.825,0.2
205,5,0.41675326228141785,-0.24516910314559937,-0.17134320735931396,2.9334175588756826,3.001672879629939,2,1,1,0.02,0.08,0.03,0.15,0.9,0.1,-1.2,0.0,0,0,1,0,0.825,0.2
205,6,-0.566974937915802,0.1063617542386055,-1.2280213832855225,-6.28,5.309273978699184,2,1,1,0.02,0.08,0.03,0.15,0.9,0.1,-1.2,0.0,0,0,1,0,0.825,0.2
205,7,-1.0790634155273438,-0.04253263399004936,2.6163480281829834,4.6107689093587405,0.6327967772219014,2,1,1,0.02,0.08,0.03,0.15,0.9,0.1,-1.2,0.0,0,0,1,0,0.825,0.2
206,0,0.46166735887527466,0.23727229237556458,0.12263798713684082,3.798956101887955,0.47194872970031315,2,1,1,0.02,0.08,0.03,0.15,0.9,0.1,-1.2,0.0,0,0,1,0,0.825,0.2
206,1,-0.020032307133078575,0.3115297853946686,-2.0502560138702393,2.264404840671302,1.7498788127591751,2,1,1,0.02,0.08,0.03,0.15,0.9,0.1,-1.2,0.0,0,0,1,0,0.825,0.2
206,2,-0.1543215960264206,-0.20093148946762085,-0.16083666682243347,3.047339325141491,1.448392684139512,2,1,1,0.02,0.08,0.03,0.15,0.9,0.1,-1.2,0.0,0,0,1,0,0.825,0.2
206,3,0.9374685883522034,0.1842871606349945,-1.9164994955062866,-0.026560397082749793,2.068789571597534,2,1,1,0.02,0.08,0.03,0.15,0.9,0.1,-1.2,0.0,0,0,1,0,0.825,0.2
206,4,-1.400040864944458,0.4107498526573181,-0.9886273741722107,-6.28,5.947643177665056,0,0,0,0.02,0.08,0.03,0.15,0.9,0.1,-1.2,0.0,0,0,1,0,0.825,0.2
206,5,0.42250165343284607,-0.2462228685617447,-0.19755153357982635,2.8741006449579802,2.803227272117431,2,1,1,0.02,0.08,0.03,0.15,0.9,0.1,-1.2,0.0,0,0,1,0,0.825,0.2
206,6,-0.5671534538269043,0.10621912032365799,-0.8803513646125793,-6.28,4.72420587499299,2,1,1,0.02,0.08,0.03,0.15,0.9,0.1,-1.2,0.0,0,0,1,0,0.825,0.2
206,7,-1.0836751461029053,-0.03938233107328415,2.4774343967437744,4.378301298176627,0.28722050897331264,2,1,1,0.02,0.08,0.03,0.15,0.9,0.1,-1.2,0.0,0,0,1,0,0.825,0.2
207,0,0.46795785427093506,0.2376890331506729,0.0057118539698421955,3.334883325658658,-0.3441423243607026,2,1,1,0.02,0.08,0.03,0.15,0.9,0.1,-1.2,0.0,0,0,1,0,0.825,0.2
207,1,-0.022164035588502884,0.3078185021877289,-2.1200332641601562,2.0862831881888613,1.6057268941522946,2,1,1,0.02,0.08,0.03,0.15,0.9,0.1,-1.2,0.0,0,0,1,0,0.825,0.2
207,2,-0.14935152232646942,-0.20178154110908508,-0.18218956887722015,3.125043897399987,0.8278875307601837,2,1,1,0.02,0.08,0.03,0.15,0.9,0.1,-1.2,0.0,0,0,1,0,0.825,0.2
207,3,0.9366424083709717,0.18204720318317413,-1.9036558866500854,-1.9577895095903395,3.2448136715284654,2,1,1,0.02,0.08,0.03,0.15,0.9,0.1,-1.2,0.0,0,0,1,0,0.825,0.2
207,4,-1.398820161819458,0.40870237350463867,-1.0440304279327393,-6.28,5.9489429469382635,0,0,0,0.02,0.08,0.03,0.15,0.9,0.1,-1.2,0.0,0,0,1,0,0.825,0.2
207,5,0.4282839894294739,-0.24741743505001068,-0.20177362859249115,2.619239479470067,3.1704258115347006,2,1,1,0.02,0.08,0.03,0.15,0.9,0.1,-1.2,0.0,0,0,1,0,0.825,0.2
207,6,-0.5678867101669312,0.10682293772697449,-0.45050048828125,-5.573392753688029,4.4373865486315385,2,1,1,0.02,0.08,0.03,0.15,0.9,0.1,-1.2,0.0,0,0,1,0,0.825,0.2
207,7,-1.0876842737197876,-0.03581421449780464,2.3408501148223877,-6.28,6.28,2,1,1,0.02,0.08,0.03,0.15,0.9,0.1,-1.2,0.0,0,0,1,0,0.825,0.2
208,0,0.4725780487060547,0.23744255304336548,-0.1249520480632782,2.9968044150996573,-0.8843289414785037,2,1,1,0.02,0.08,0.03,0.15,0.9,0.1,-1.2,0.0,0,0,1,0,0.825,0.2
208,1,-0.024345720186829567,0.3043990731239319,-2.1458053588867188,1.6736295018440899,1.4951272264250484,2,1,1,0.02,0.08,0.03,0.15,0.9,0.1,-1.2,0.0,0,0,1,0,0.825,0.2
208,2,-0.14483720064163208,-0.20270518958568573,-0.23205246031284332,3.392401852939085,0.10170965444589834,2,1,1,0.02,0.08,0.03,0.15,0.9,0.1,-1.2,0.0,0,0,1,0,0.825,0.2
208,3,0.9360023140907288,0.18006093800067902,-1.838710069656372,-2.101857508831131,3.3794925982635027,2,1,1,0.02,0.08,0.03,0.15,0.9,0.1,-1.2,0.0,0,0,1,0,0.825,0.2
208,4,-1.3988603353500366,0.40863412618637085,-0.7034662961959839,-6.28,5.226461265808479,0,0,0,0.02,0.08,0.03,0.15,0.9,0.1,-1.2,0.0,0,0,1,0,0.825,0.2
208,5,0.4338993430137634,-0.24856989085674286,-0.20335982739925385,2.625996358718646,3.0555015973101716,2,1,1,0.02,0.08,0.03,0.15,0.9,0.1,-1.2,0.0,0,0,1,0,0.825,0.2
208,6,-0.5647396445274353,0.10449521988630295,-0.33913490176200867,-5.246362042112834,4.469421215959816,2,1,1,0.02,0.08,0.03,0.15,0.9,0.1,-1.2,0.0,0,0,1,0,0.825,0.2
208,7,-1.090867280960083,-0.03203969448804855,2.192974805831909,-6.28,6.28,2,1,1,0.02,0.08,0.03,0.15,0.9,0.1,-1.2,0.0,0,0,1,0,0.825,0.2
209,0,0.4756764769554138,0.23687297105789185,-0.2639163136482239,3.4403348798746234,-2.345289320485286,2,1,1,0.02,0.08,0.03,0.15,0.9,0.1,-1.2,0.0,0,0,1,0,0.825,0.2
209,1,-0.026415426284074783,0.30127018690109253,-2.162750720977783,0.7352317708444863,1.9488904903868474,2,1,1,0.02,0.08,0.03,0.15,0.9,0.1,-1.2,0.0,0,0,1,0,0.825,0.2
209,2,-0.1409105360507965,-0.20376501977443695,-0.30792221426963806,3.425979857996802,0.1626389871914595,2,1,1,0.02,0.08,0.03,0.15,0.9,0.1,-1.2,0.0,0,0,1,0,0.825,0.2
209,3,0.9356881380081177,0.1786530315876007,-1.6775095462799072,-3.0474275786170453,3.9372734611594766,2,1,1,0.02,0.08,0.03,0.15,0.9,0.1,-1.2,0.0,0,0,1,0,0.825,0.2
209,4,-1.398199200630188,0.40836331248283386,-0.387523353099823,-6.28,4.800899570494026,0,0,0,0.02,0.08,0.03,0.15,0.9,0.1,-1.2,0.0,0,0,1,0,0.825,0.2
209,5,0.4395137429237366,-0.24969884753227234,-0.18690472841262817,2.4992758616061628,3.2588478744413014,2,1,1,0.02,0.08,0.03,0.15,0.9,0.1,-1.2,0.0,0,0,1,0,0.825,0.2
209,6,-0.5626142621040344,0.10357237607240677,-0.12953633069992065,-4.957175991183448,4.448332992944988,2,1,1,0.02,0.08,0.03,0.15,0.9,0.1,-1.2,0.0,0,0,1,0,0.825,0.2
209,7,-1.0914193391799927,-0.031125379726290703,2.52268648147583,-6.179094276340799,5.143352678646328,2,1,1,0.02,0.08,0.03,0.15,0.9,0.1,-1.2,0.0,0,0,1,0,0.825,0.2
210,0,0.4776545763015747,0.23622356355190277,-0.4131622314453125,4.0403098086441895,-3.5891431979147708,2,1,1,0.02,0.08,0.03,0.15,0.9,0.1,-1.2,0.0,0,0,1,0,0.825,0.2
210,1,-0.028256289660930634,0.2985662817955017,-2.1710596084594727,0.7681314211340127,1.6593170069276193,2,1,1,0.02,0.08,0.03,0.15,0.9,0.1,-1.2,0.0,0,0,1,0,0.825,0.2
210,2,-0.13753703236579895,-0.20501117408275604,-0.4167543053627014,3.4204554288343063,-0.029058340068208177,2,1,1,0.02,0.08,0.03,0.15,0.9,0.1,-1.2,0.0,0,0,1,0,0.825,0.2
210,3,0.9356537461280823,0.17736704647541046,-1.4863808155059814,-2.1492372249852396,3.7056474472009535,2,1,1,0.02,0.08,0.03,0.15,0.9,0.1,-1.2,0.0,0,0,1,0,0.825,0.2
210,4,-1.3974473476409912,0.407889187335968,-0.32493236660957336,-6.247610922272436,4.7030735425457655,0,0,0,0.02,0.08,0.03,0.15,0.9,0.1,-1.2,0.0,0,0,1,0,0.825,0.2
210,5,0.4450846314430237,-0.25070270895957947,-0.16943161189556122,2.237932655166611,3.573664030936927,2,1,1,0.02,0.08,0.03,0.15,0.9,0.1,-1.2,0.0,0,0,1,0,0.825,0.2
210,6,-0.563305139541626,0.10358463227748871,0.21449477970600128,-3.2956654014427884,4.514244193598254,2,1,1,0.02,0.08,0.03,0.15,0.9,0.1,-1.2,0.0,0,0,1,0,0.825,0.2
210,7,-1.0915515422821045,-0.030988214537501335,2.9799604415893555,-3.3541113016806356,4.1236435858710205,2,1,1,0.02,0.08,0.03,0.15,0.9,0.1,-1.2,0.0,0,0,1,0,0.825,0.2
211,0,0.4784739315509796,0.2357877790927887,-0.616141676902771,4.278219858552928,-4.035451332475658,2,1,1,0.02,0.08,0.03,0.15,0.9,0.1,-1.2,0.0,0,0,1,0,0.825,0.2
211,1,-0.029808346182107925,0.29625967144966125,-2.1381595134735107,1.4093146218442945,0.7599727023694756,2,1,1,0.02,0.08,0.03,0.15,0.9,0.1,-1.2,0.0,0,0,1,0,0.825,0.2
211,2,-0.13434730470180511,-0.2066379338502884,-0.5318021178245544,3.207069104050765,0.7626510854882304,2,1,1,0.02,0.08,0.03,0.15,0.9,0.1,-1.2,0.0,0,0,1,0,0.825,0.2
211,3,0.9358332753181458,0.1764485388994217,-1.2481569051742554,-2.4938882309674333,3.999307932305247,2,1,1,0.02,0.08,0.03,0.15,0.9,0.1,-1.2,0.0,0,0,1,0,0.825,0.2
211,4,-1.3942886590957642,0.40739572048187256,-0.07075078040361404,-5.266408448552151,4.51546036641563,0,0,0,0.02,0.08,0.03,0.15,0.9,0.1,-1.2,0.0,0,0,1,0,0.825,0.2
211,5,0.4506914019584656,-0.25159722566604614,-0.14272813498973846,2.4573566451809294,3.327619340211764,2,1,1,0.02,0.08,0.03,0.15,0.9,0.1,-1.2,0.0,0,0,1,0,0.825,0.2
211,6,-0.5625946521759033,0.10349840670824051,0.544335126876831,-2.6912048192328686,4.592254157514024,2,1,1,0.02,0.08,0.03,0.15,0.9,0.1,-1.2,0.0,0,0,1,0,0.825,0.2
211,7,-1.091551423072815,-0.030988220125436783,2.979964017868042,-4.270891789860114,4.394234903669939,2,1,1,0.02,0.08,0.03,0.15,0.9,0.1,-1.2,0.0,0,0,1,0,0.825,0.2
212,0,0.47854921221733093,0.23574137687683105,-0.8898910880088806,4.096125395723947,-3.441135602565566,2,1,1,0.02,0.08,0.03,0.15,0.9,0.1,-1.2,0.0,0,0,1,0,0.825,0.2
212,1,-0.031107107177376747,0.2941480576992035,-2.1045615673065186,0.2411051515460583,1.8903092377973878,2,1,1,0.02,0.08,0.03,0.15,0.9,0.1,-1.2,0.0,0,0,1,0,0.825,0.2
212,2,-0.13148829340934753,-0.2085486650466919,-0.6517770290374756,3.140090342827157,0.7247654774412268,2,1,1,0.02,0.08,0.03,0.15,0.9,0.1,-1.2,0.0,0,0,1,0,0.825,0.2
212,3,0.936421275138855,0.17524398863315582,-1.0311412811279297,-1.5376162894072738,3.806585145611719,2,1,1,0.02,0.08,0.03,0.15,0.9,0.1,-1.2,0.0,0,0,1,0,0.825,0.2
212,4,-1.3912333250045776,0.40746068954467773,0.1599290370941162,-4.157527107765817,4.453432089777573,0,0,0,0.02,0.08,0.03,0.15,0.9,0.1,-1.2,0.0,0,0,1,0,0.825,0.2
212,5,0.45643511414527893,-0.2523123025894165,-0.09935018420219421,2.1307074606612373,3.696699746489707,2,1,1,0.02,0.08,0.03,0.15,0.9,0.1,-1.2,0.0,0,0,1,0,0.825,0.2
212,6,-0.5613113641738892,0.10437759757041931,0.8561370968818665,-1.0328077390176618,4.605236012406604,2,1,1,0.02,0.08,0.03,0.15,0.9,0.1,-1.2,0.0,0,0,1,0,0.825,0.2
212,7,-1.0925949811935425,-0.03093595989048481,-3.0818262100219727,-2.790611821919584,3.974994759768153,2,1,1,0.02,0.08,0.03,0.15,0.9,0.1,-1.2,0.0,0,0,1,0,0.825,0.2
213,0,0.4783029854297638,0.23615975677967072,-1.206200361251831,3.9339613279303487,-2.5605026749553623,2,1,1,0.02,0.08,0.03,0.15,0.9,0.1,-1.2,0.0,0,0,1,0,0.825,0.2
213,1,-0.03223307803273201,0.29223427176475525,-2.1165452003479004,-0.7886240671814828,2.7198982402805645,2,1,1,0.02,0.08,0.03,0.15,0.9,0.1,-1.2,0.0,0,0,1,0,0.825,0.2
213,2,-0.12854498624801636,-0.21104022860527039,-0.7446260452270508,3.065697790034536,0.5609982241996584,2,1,1,0.02,0.08,0.03,0.15,0.9,0.1,-1.2,0.0,0,0,1,0,0.825,0.2
213,3,0.9373398423194885,0.17405609786510468,-0.8067814707756042,-1.307422421854583,3.738300945172082,2,1,1,0.02,0.08,0.03,0.15,0.9,0.1,-1.2,0.0,0,0,1,0,0.825,0.2
213,4,-1.3897422552108765,0.4074610471725464,0.47134193778038025,-2.7887393981685444,4.539655251813478,0,0,0,0.02,0.08,0.03,0.15,0.9,0.1,-1.2,0.0,0,0,1,0,0.825,0.2
213,5,0.4622074067592621,-0.2527788579463959,-0.0654677301645279,2.35982053308997,3.5059602214662964,2,1,1,0.02,0.08,0.03,0.15,0.9,0.1,-1.2,0.0,0,0,1,0,0.825,0.2
213,6,-0.5599841475486755,0.10642378032207489,1.140930414199829,0.055287075547756984,4.532091329922254,2,1,1,0.02,0.08,0.03,0.15,0.9,0.1,-1.2,0.0,0,0,1,0,0.825,0.2
213,7,-1.093618392944336,-0.0311187244951725,-2.7581865787506104,-0.5516720079656087,3.8873148264601642,2,1,1,0.02,0.08,0.03,0.15,0.9,0.1,-1.2,0.0,0,0,1,0,0.825,0.2
214,0,0.47826477885246277,0.23626241087913513,-1.5048189163208008,4.265980122411559,-3.303437428138931,2,1,1,0.02,0.08,0.03,0.15,0.9,0.1,-1.2,0.0,0,0,1,0,0.825,0.2
214,1,-0.03332450985908508,0.2903943657875061,-2.0747897624969482,0.1490727730460401,1.84856314186671,2,1,1,0.02,0.08,0.03,0.15,0.9,0.1,-1.2,0.0,0,0,1,0,0.825,0.2
214,2,-0.1258043497800827,-0.21379297971725464,-0.8294803500175476,3.084921274453968,0.03964495284690273,2,1,1,0.02,0.08,0.03,0.15,0.9,0.1,-1.2,0.0,0,0,1,0,0.825,0.2
214,3,0.9389122128486633,0.17274586856365204,-0.6086827516555786,-1.5428345145913205,3.7813417022013587,2,1,1,0.02,0.08,0.03,0.15,0.9,0.1,-1.2,0.0,0,0,1,0,0.825,0.2
214,4,-1.3892436027526855,0.40757837891578674,0.8266596794128418,-1.3033906259531487,4.800668955999809,0,0,0,0.02,0.08,0.03,0.15,0.9,0.1,-1.2,0.0,0,0,1,0,0.825,0.2
214,5,0.4680224061012268,-0.2530330419540405,-0.015373907051980495,2.147901766054679,3.7153556307468083,2,1,1,0.02,0.08,0.03,0.15,0.9,0.1,-1.2,0.0,0,0,1,0,0.825,0.2
214,6,-0.5588594079017639,0.10996964573860168,1.3728712797164917,0.31192183540572455,4.507455091815104,2,1,1,0.02,0.08,0.03,0.15,0.9,0.1,-1.2,0.0,0,0,1,0,0.825,0.2
214,7,-1.0948773622512817,-0.031849607825279236,-2.4820146560668945,0.7932047007368898,4.022509983537227,2,1,1,0.02,0.08,0.03,0.15,0.9,0.1,-1.2,0.0,0,0,1,0,0.825,0.2
215,0,0.478177547454834,0.2355177253484726,-1.756312608718872,4.2222201248843385,-3.0454373412561124,2,1,1,0.02,0.08,0.03,0.15,0.9,0.1,-1.2,0.0,0,0,1,0,0.825,0.2
215,1,-0.03420634940266609,0.28862708806991577,-1.9645459651947021,0.49093871473527134,1.610935242462215,2,1,1,0.02,0.08,0.03,0.15,0.9,0.1,-1.2,0.0,0,0,1,0,0.825,0.2
215,2,-0.12343832850456238,-0.21660247445106506,-0.9166552424430847,3.121392305101961,-0.5029198885980055,2,1,1,0.02,0.08,0.03,0.15,0.9,0.1,-1.2,0.0,0,0,1,0,0.825,0.2
215,3,0.9410002827644348,0.17155468463897705,-0.4297437071800232,-1.9173988184841746,3.86214720484761,2,1,1,0.02,0.08,0.03,0.15,0.9,0.1,-1.2,0.0,0,0,1,0,0.825,0.2
215,4,-1.3884367942810059,0.4088190793991089,1.1475595235824585,0.37784523989357227,4.773295056521184,0,0,0,0.02,0.08,0.03,0.15,0.9,0.1,-1.2,0.0,0,0,1,0,0.825,0.2
215,5,0.47388172149658203,-0.2529902160167694,0.027824832126498222,2.399133867637792,3.492149706803085,2,1,1,0.02,0.08,0.03,0.15,0.9,0.1,-1.2,0.0,0,0,1,0,0.825,0.2
215,6,-0.5583482384681702,0.1147737056016922,1.5524715185165405,-6.28,5.222601084762483,2,1,1,0.02,0.08,0.03,0.15,0.9,0.1,-1.2,0.0,0,0,1,0,0.825,0.2
215,7,-1.0970851182937622,-0.03395272046327591,-2.30069899559021,1.5203018432207795,4.050160403077023,2,1,1,0.02,0.08,0.03,0.15,0.9,0.1,-1.2,0.0,0,0,1,0,0.825,0.2
216,0,0.47786909341812134,0.2345726042985916,-2.0158183574676514,4.2140373045113195,-3.1032085704725167,2,1,1,0.02,0.08,0.03,0.15,0.9,0.1,-1.2,0.0,0,0,1,0,0.825,0.2
216,1,-0.0348951518535614,0.2867629826068878,-1.89212965965271,-0.02198720169042795,2.326284800336076,2,1,1,0.02,0.08,0.03,0.15,0.9,0.1,-1.2,0.0,0,0,1,0,0.825,0.2
216,2,-0.12159625440835953,-0.21925005316734314,-1.0196884870529175,1.684358111457347,1.5288691735466822,2,1,1,0.02,0.08,0.03,0.15,0.9,0.1,-1.2,0.0,0,0,1,0,0.825,0.2
216,3,0.9431474208831787,0.17077913880348206,-0.24495293200016022,-2.7609932897256018,4.099523671475543,2,1,1,0.02,0.08,0.03,0.15,0.9,0.1,-1.2,0.0,0,0,1,0,0.825,0.2
216,4,-1.3875668048858643,0.41187015175819397,1.4147379398345947,0.8463611915276464,4.3930190281429775,0,0,0,0.02,0.08,0.03,0.15,0.9,0.1,-1.2,0.0,0,0,1,0,0.825,0.2
216,5,0.4797389507293701,-0.25268879532814026,0.07984776794910431,0.7594881474045516,2.7139026246636693,2,1,1,0.02,0.08,0.03,0.15,0.9,0.1,-1.2,0.0,0,0,1,0,0.825,0.2
216,6,-0.5586531162261963,0.11994176357984543,1.714898705482483,-6.28,5.1370456020765785,2,1,1,0.02,0.08,0.03,0.15,0.9,0.1,-1.2,0.0,0,0,1,0,0.825,0.2
216,7,-1.0998772382736206,-0.03750941529870033,-2.180353879928589,1.8993189467295453,3.762280464766869,2,1,1,0.02,0.08,0.03,0.15,0.9,0.1,-1.2,0.0,0,0,1,0,0.825,0.2
217,0,0.477252721786499,0.23365427553653717,-2.2741312980651855,3.8877388699729853,-2.205799348476661,2,1,1,0.02,0.08,0.03,0.15,0.9,0.1,-1.2,0.0,0,0,1,0,0.825,0.2
217,1,-0.03550409898161888,0.2847738564014435,-1.8488144874572754,0.27380866015584876,2.080795192848779,2,1,1,0.02,0.08,0.03,0.15,0.9,0.1,-1.2,0.0,0,0,1,0,0.825,0.2
217,2,-0.12029828131198883,-0.2216423898935318,-1.14286470413208,1.2427155942393528,1.3027017387824071,2,1,1,0.02,0.08,0.03,0.15,0.9,0.1,-1.2,0.0,0,0,1,0,0.825,0.2
217,3,0.9451307058334351,0.1704622060060501,-0.045198410749435425,-2.743285416055652,4.060431452714533,2,1,1,0.02,0.08,0.03,0.15,0.9,0.1,-1.2,0.0,0,0,1,0,0.825,0.2
217,4,-1.3873298168182373,0.4167005121707916,1.6133884191513062,-1.1805602770155075,3.4281639523668908,0,0,0,0.02,0.08,0.03,0.15,0.9,0.1,-1.2,0.0,0,0,1,0,0.825,0.2
217,5,0.48559534549713135,-0.25208863615989685,0.1215297132730484,0.8840388838411638,2.6919971065636252,2,1,1,0.02,0.08,0.03,0.15,0.9,0.1,-1.2,0.0,0,0,1,0,0.825,0.2
217,6,-0.55870521068573,0.12056371569633484,2.0879883766174316,-5.735779396651168,4.574667929807907,2,1,1,0.02,0.08,0.03,0.15,0.9,0.1,-1.2,0.0,0,0,1,0,0.825,0.2
217,7,-1.1027573347091675,-0.04210010915994644,-2.0873019695281982,4.749852390855858,-5.665386814917301,2,1,1,0.02,0.08,0.03,0.15,0.9,0.1,-1.2,0.0,0,0,1,0,0.825,0.2
218,0,0.4764222800731659,0.2328624725341797,-2.5312986373901367,3.447519200291624,-1.1825458506340991,2,1,1,0.02,0.08,0.03,0.15,0.9,0.1,-1.2,0.0,0,0,1,0,0.825,0.2
218,1,-0.03605283424258232,0.28257715702056885,-1.7750214338302612,0.07666043303144447,2.493258605378272,2,1,1,0.02,0.08,0.03,0.15,0.9,0.1,-1.2,0.0,0,0,1,0,0.825,0.2
218,2,-0.11909905821084976,-0.2244943082332611,-1.1725517511367798,1.1200702803861151,1.2442986351717449,2,1,1,0.02,0.08,0.03,0.15,0.9,0.1,-1.2,0.0,0,0,1,0,0.825,0.2
218,3,0.9465756416320801,0.17053940892219543,0.19059105217456818,-2.5632567018141246,4.01006501544172,2,1,1,0.02,0.08,0.03,0.15,0.9,0.1,-1.2,0.0,0,0,1,0,0.825,0.2
218,4,-1.38795006275177,0.421806275844574,1.7660901546478271,-6.28,4.350807283824385,0,0,0,0.02,0.08,0.03,0.15,0.9,0.1,-1.2,0.0,0,0,1,0,0.825,0.2
218,5,0.4895481467247009,-0.25150492787361145,0.18529005348682404,0.6762914715834092,2.911258653072174,2,1,1,0.02,0.08,0.03,0.15,0.9,0.1,-1.2,0.0,0,0,1,0,0.825,0.2
218,6,-0.5585304498672485,0.12040280550718307,2.4378974437713623,-3.9137751993635628,4.452960825218807,2,1,1,0.02,0.08,0.03,0.15,0.9,0.1,-1.2,0.0,0,0,1,0,0.825,0.2
218,7,-1.1053575277328491,-0.04710913076996803,-2.0174295902252197,4.820991577593096,-6.28,2,1,1,0.02,0.08,0.03,0.15,0.9,0.1,-1.2,0.0,0,0,1,0,0.825,0.2
219,0,0.47503915429115295,0.23210062086582184,-2.7535223960876465,3.5075415787648616,-1.1194369993108637,2,1,1,0.02,0.08,0.03,0.15,0.9,0.1,-1.2,0.0,0,0,1,0,0.825,0.2
219,1,-0.036445215344429016,0.28026440739631653,-1.707780361175537,0.7577243262797756,1.8948951825057774,2,1,1,0.02,0.08,0.03,0.15,0.9,0.1,-1.2,0.0,0,0,1,0,0.825,0.2
219,2,-0.1180708184838295,-0.22696301341056824,-1.1717480421066284,1.1969197228862603,1.0273722015009554,2,1,1,0.02,0.08,0.03,0.15,0.9,0.1,-1.2,0.0,0,0,1,0,0.825,0.2
219,3,0.9477856755256653,0.1709379404783249,0.4326329827308655,-1.4776259214416998,3.724376562971937,2,1,1,0.02,0.08,0.03,0.15,0.9,0.1,-1.2,0.0,0,0,1,0,0.825,0.2
219,4,-1.388638973236084,0.4244503676891327,1.9398808479309082,-6.28,2.2297649194766582,0,0,0,0.02,0.08,0.03,0.15,0.9,0.1,-1.2,0.0,0,0,1,0,0.825,0.2
219,5,0.4930219054222107,-0.25073209404945374,0.2497500777244568,0.766711133181428,2.8576388735750338,2,1,1,0.02,0.08,0.03,0.15,0.9,0.1,-1.2,0.0,0,0,1,0,0.825,0.2
219,6,-0.5606260895729065,0.12213067710399628,2.5493078231811523,-3.5439471421350466,4.433389838101721,2,1,1,0.02,0.08,0.03,0.15,0.9,0.1,-1.2,0.0,0,0,1,0,0.825,0.2
219,7,-1.1053682565689087,-0.04750239476561546,-2.300463914871216,4.570332270631064,-5.428480089672504,2,1,1,0.02,0.08,0.03,0.15,0.9,0.1,-1.2,0.0,0,0,1,0,0.825,0.2
220,0,0.47298339009284973,0.2314641773700714,-2.9253036975860596,3.2547309229920627,-0.5653652335612396,2,1,1,0.02,0.08,0.03,0.15,0.9,0.1,-1.2,0.0,0,0,1,0,0.825,0.2
220,1,-0.03669426590204239,0.27774831652641296,-1.6272155046463013,1.1200605737209435,1.5917231105645093,2,1,1,0.02,0.08,0.03,0.15,0.9,0.1,-1.2,0.0,0,0,1,0,0.825,0.2
220,2,-0.11713823676109314,-0.22917240858078003,-1.1677228212356567,1.2776206583486647,0.9149500205410867,2,1,1,0.02,0.08,0.03,0.15,0.9,0.1,-1.2,0.0,0,0,1,0,0.825,0.2
220,3,0.9490047097206116,0.1716780662536621,0.666296124458313,-0.46850529851955003,3.4633227575803214,2,1,1,0.02,0.08,0.03,0.15,0.9,0.1,-1.2,0.0,0,0,1,0,0.825,0.2
220,4,-1.3876773118972778,0.4229324460029602,2.2975881099700928,-6.28,3.4022861081940974,0,0,0,0.02,0.08,0.03,0.15,0.9,0.1,-1.2,0.0,0,0,1,0,0.825,0.2
220,5,0.4964658319950104,-0.24972103536128998,0.3252347409725189,1.176721639831049,2.547010527705901,2,1,1,0.02,0.08,0.03,0.15,0.9,0.1,-1.2,0.0,0,0,1,0,0.825,0.2
220,6,-0.5609798431396484,0.12212642282247543,2.8762049674987793,-1.860734088896258,4.506377392289741,2,1,1,0.02,0.08,0.03,0.15,0.9,0.1,-1.2,0.0,0,0,1,0,0.825,0.2
220,7,-1.1042314767837524,-0.04669686779379845,-2.7075371742248535,4.460775596932382,-4.317617125905919,2,1,1,0.02,0.08,0.03,0.15,0.9,0.1,-1.2,0.0,0,0,1,0,0.825,0.2
221,0,0.47064438462257385,0.23113426566123962,-3.0869908332824707,3.1702090124001687,-0.4212200549789713,2,1,1,0.02,0.08,0.03,0.15,0.9,0.1,-1.2,0.0,0,0,1,0,0.825,0.2
221,1,-0.03676227852702141,0.2751130163669586,-1.5783456563949585,1.1607711663010234,1.6560996164767268,2,1,1,0.02,0.08,0.03,0.15,0.9,0.1,-1.2,0.0,0,0,1,0,0.825,0.2
221,2,-0.11625684052705765,-0.23124438524246216,-1.1715821027755737,1.3465794946462946,0.8105169844417739,2,1,1,0.02,0.08,0.03,0.15,0.9,0.1,-1.2,0.0,0,0,1,0,0.825,0.2
221,3,0.950457751750946,0.17309552431106567,0.860774040222168,0.2248147879231782,3.152252760902099,2,1,1,0.02,0.08,0.03,0.15,0.9,0.1,-1.2,0.0,0,0,1,0,0.825,0.2
221,4,-1.3846989870071411,0.4205673635005951,2.6486544609069824,-2.901685356266457,4.72271296508154,0,0,0,0.02,0.08,0.03,0.15,0.9,0.1,-1.2,0.0,0,0,1,0,0.825,0.2
221,5,0.49985188245773315,-0.24843890964984894,0.3996883034706116,0.7520934230425997,2.83568712699215,2,1,1,0.02,0.08,0.03,0.15,0.9,0.1,-1.2,0.0,0,0,1,0,0.825,0.2
221,6,-0.561046838760376,0.12212482839822769,-3.097130060195923,-0.26290451090048955,4.871143811479032,2,1,1,0.02,0.08,0.03,0.15,0.9,0.1,-1.2,0.0,0,0,1,0,0.825,0.2
221,7,-1.1070313453674316,-0.04762277007102966,-2.930100202560425,4.3720062678055465,-3.046079461452688,2,1,1,0.02,0.08,0.03,0.15,0.9,0.1,-1.2,0.0,0,0,1,0,0.825,0.2
222,0,0.46800872683525085,0.23117782175540924,3.0566577911376953,3.657995256579575,-1.3966741398464175,2,1,1,0.02,0.08,0.03,0.15,0.9,0.1,-1.2,0.0,0,0,1,0,0.825,0.2
222,1,-0.03674253821372986,0.2724147140979767,-1.5571796894073486,1.8427929587108791,0.7894839437710809,2,1,1,0.02,0.08,0.03,0.15,0.9,0.1,-1.2,0.0,0,0,1,0,0.825,0.2
222,2,-0.11541116237640381,-0.2332739681005478,-1.1829524040222168,1.3829958843121049,0.7559147323508819,2,1,1,0.02,0.08,0.03,0.15,0.9,0.1,-1.2,0.0,0,0,1,0,0.825,0.2
222,3,0.9521336555480957,0.17539110779762268,1.0071992874145508,0.3299815643998482,3.0080078355324384,2,1,1,0.02,0.08,0.03,0.15,0.9,0.1,-1.2,0.0,0,0,1,0,0.825,0.2
222,4,-1.3874071836471558,0.42199257016181946,2.762821912765503,-3.2540533051247307,4.7600644981638505,0,0,0,0.02,0.08,0.03,0.15,0.9,0.1,-1.2,0.0,0,0,1,0,0.825,0.2
222,5,0.5032206773757935,-0.24689871072769165,0.452799528837204,1.0955389671813542,2.607723861242522,2,1,1,0.02,0.08,0.03,0.15,0.9,0.1,-1.2,0.0,0,0,1,0,0.825,0.2
222,6,-0.5626911520957947,0.12177037447690964,-2.8410911560058594,0.9749878397214227,4.935016696187625,2,1,1,0.02,0.08,0.03,0.15,0.9,0.1,-1.2,0.0,0,0,1,0,0.825,0.2
222,7,-1.1087403297424316,-0.04787945747375488,3.067870616912842,4.460473812851828,-2.583804025958806,2,1,1,0.02,0.08,0.03,0.15,0.9,0.1,-1.2,0.0,0,0,1,0,0.825,0.2
223,0,0.4652833640575409,0.2315887212753296,2.928598165512085,3.3474992473975367,-0.9203588021874624,2,1,1,0.02,0.08,0.03,0.15,0.9,0.1,-1.2,0.0,0,0,1,0,0.825,0.2
223,1,-0.0366782546043396,0.26962074637413025,-1.5400007963180542,2.607930769323746,-0.2200089690481851,2,1,1,0.02,0.08,0.03,0.15,0.9,0.1,-1.2,0.0,0,0,1,0,0.825,0.2
223,2,-0.11460795998573303,-0.23528343439102173,-1.2005493640899658,1.4769746220466087,0.4865055375937042,2,1,1,0.02,0.08,0.03,0.15,0.9,0.1,-1.2,0.0,0,0,1,0,0.825,0.2
223,3,0.953729510307312,0.1782776117324829,1.1163156032562256,0.4587175426492174,2.648501648550181,2,1,1,0.02,0.08,0.03,0.15,0.9,0.1,-1.2,0.0,0,0,1,0,0.825,0.2
223,4,-1.389230728149414,0.4225322902202606,3.009218692779541,-1.6023252637721674,5.399628036435025,0,0,0,0.02,0.08,0.03,0.15,0.9,0.1,-1.2,0.0,0,0,1,0,0.825,0.2
223,5,0.5064226984977722,-0.2452203333377838,0.5208759307861328,0.9100086909500082,2.6909508589172284,2,1,1,0.02,0.08,0.03,0.15,0.9,0.1,-1.2,0.0,0,0,1,0,0.825,0.2
223,6,-0.5661051869392395,0.1202789694070816,-2.6357693672180176,1.7216786838418343,4.728902669840323,2,1,1,0.02,0.08,0.03,0.15,0.9,0.1,-1.2,0.0,0,0,1,0,0.825,0.2
223,7,-1.1098183393478394,-0.04761665686964989,2.7412846088409424,4.51347151484668,-1.9909653448718756,2,1,1,0.02,0.08,0.03,0.15,0.9,0.1,-1.2,0.0,0,0,1,0,0.825,0.2
224,0,0.46300530433654785,0.23225635290145874,2.760904312133789,3.3034030792368774,-0.80862735867979,2,1,1,0.02,0.08,0.03,0.15,0.9,0.1,-1.2,0.0,0,0,1,0,0.825,0.2
224,1,-0.03660963475704193,0.26695317029953003,-1.5661413669586182,3.263794491794389,-1.1633267431957905,2,1,1,0.02,0.08,0.03,0.15,0.9,0.1,-1.2,0.0,0,0,1,0,0.825,0.2
224,2,-0.11385290324687958,-0.23728832602500916,-1.221916675567627,1.0875595378500693,1.4607820541343308,2,1,1,0.02,0.08,0.03,0.15,0.9,0.1,-1.2,0.0,0,0,1,0,0.825,0.2
224,3,0.9550504684448242,0.18134762346744537,1.2116349935531616,0.12950913322654303,2.8541053475548,2,1,1,0.02,0.08,0.03,0.15,0.9,0.1,-1.2,0.0,0,0,1,0,0.825,0.2
224,4,-1.390838861465454,0.42254605889320374,-2.9951846599578857,0.8650526601862176,6.2287617360048,0,0,0,0.02,0.08,0.03,0.15,0.9,0.1,-1.2,0.0,0,0,1,0,0.825,0.2
224,5,0.5095590353012085,-0.24329395592212677,0.5779286623001099,0.39571974107405133,2.8845589192946135,2,1,1,0.02,0.08,0.03,0.15,0.9,0.1,-1.2,0.0,0,0,1,0,0.825,0.2
224,6,-0.5704920291900635,0.11733920127153397,-2.476527214050293,2.0587570621162037,4.570568648704612,2,1,1,0.02,0.08,0.03,0.15,0.9,0.1,-1.2,0.0,0,0,1,0,0.825,0.2
224,7,-1.1113461256027222,-0.04668440669775009,2.4398915767669678,4.445839876595613,-1.0615570790206161,2,1,1,0.02,0.08,0.03,0.15,0.9,0.1,-1.2,0.0,0,0,1,0,0.825,0.2
225,0,0.4607745409011841,0.2333572953939438,2.602269411087036,3.7135317525812277,-1.3057531202254669,2,1,1,0.02,0.08,0.03,0.15,0.9,0.1,-1.2,0.0,0,0,1,0,0.825,0.2
225,1,-0.03667348250746727,0.26451531052589417,-1.6530418395996094,3.2889486511508093,-0.8729785102143682,2,1,1,0.02,0.08,0.03,0.15,0.9,0.1,-1.2,0.0,0,0,1,0,0.825,0.2
225,2,-0.11319645494222641,-0.23917581140995026,-1.254120945930481,1.350230212580053,0.6021861076754164,2,1,1,0.02,0.08,0.03,0.15,0.9,0.1,-1.2,0.0,0,0,1,0,0.825,0.2
225,3,0.9560372829437256,0.184339240193367,1.291656255722046,-0.014085190670103456,2.821903091530993,2,1,1,0.02,0.08,0.03,0.15,0.9,0.1,-1.2,0.0,0,0,1,0,0.825,0.2
225,4,-1.3939517736434937,0.42161789536476135,-2.7361018657684326,2.529706155251725,6.100109711028762,0,0,0,0.02,0.08,0.03,0.15,0.9,0.1,-1.2,0.0,0,0,1,0,0.825,0.2
225,5,0.5125338435173035,-0.24122852087020874,0.6385067701339722,-0.12056045242333502,3.0119320328419787,2,1,1,0.02,0.08,0.03,0.15,0.9,0.1,-1.2,0.0,0,0,1,0,0.825,0.2
225,6,-0.5751715898513794,0.11318310350179672,-2.362278699874878,2.146012529298033,4.414213707891514,2,1,1,0.02,0.08,0.03,0.15,0.9,0.1,-1.2,0.0,0,0,1,0,0.825,0.2
225,7,-1.1129601001739502,-0.044887006282806396,2.1603024005889893,4.255163830846835,-0.2870437476339825,2,1,1,0.02,0.08,0.03,0.15,0.9,0.1,-1.2,0.0,0,0,1,0,0.825,0.2
226,0,0.45873886346817017,0.23478826880455017,2.45668888092041,3.8110691647627615,-1.3441617921702362,2,1,1,0.02,0.08,0.03,0.15,0.9,0.1,-1.2,0.0,0,0,1,0,0.825,0.2
226,1,-0.03697577118873596,0.26237040758132935,-1.7979751825332642,3.299109083873649,-0.6217374835643587,2,1,1,0.02,0.08,0.03,0.15,0.9,0.1,-1.2,0.0,0,0,1,0,0.825,0.2
226,2,-0.11244839429855347,-0.24148915708065033,-1.2505829334259033,1.0409371867267365,1.2910491573223968,2,1,1,0.02,0.08,0.03,0.15,0.9,0.1,-1.2,0.0,0,0,1,0,0.825,0.2
226,3,0.9567443132400513,0.18726256489753723,1.3834134340286255,-0.08571024488026047,2.736783937321169,2,1,1,0.02,0.08,0.03,0.15,0.9,0.1,-1.2,0.0,0,0,1,0,0.825,0.2
226,4,-1.39948570728302,0.4184797704219818,-2.5328855514526367,3.0210316399783332,3.8200506505849163,0,0,0,0.02,0.08,0.03,0.15,0.9,0.1,-1.2,0.0,0,0,1,0,0.825,0.2
226,5,0.5151469111442566,-0.23913797736167908,0.7209162712097168,0.15925019374056407,2.8159312113947337,2,1,1,0.02,0.08,0.03,0.15,0.9,0.1,-1.2,0.0,0,0,1,0,0.825,0.2
226,6,-0.5797183513641357,0.1082221120595932,-2.266218662261963,4.309624718410903,-3.8016604883389093,2,1,1,0.02,0.08,0.03,0.15,0.9,0.1,-1.2,0.0,0,0,1,0,0.825,0.2
226,7,-1.1144195795059204,-0.04200495779514313,1.9194931983947754,3.9127258394455438,0.8169990115531681,2,1,1,0.02,0.08,0.03,0.15,0.9,0.1,-1.2,0.0,0,0,1,0,0.825,0.2
227,0,0.4569832980632782,0.23647065460681915,2.2866225242614746,3.90407425110276,-1.2787903449872646,2,1,1,0.02,0.08,0.03,0.15,0.9,0.1,-1.2,0.0,0,0,1,0,0.825,0.2
227,1,-0.037676870822906494,0.2601068913936615,-1.9469002485275269,3.2811400720691464,-0.4138528030996645,2,1,1,0.02,0.08,0.03,0.15,0.9,0.1,-1.2,0.0,0,0,1,0,0.825,0.2
227,2,-0.11180433630943298,-0.2434578388929367,-1.2689473628997803,0.5823239550772068,2.1514862369855265,2,1,1,0.02,0.08,0.03,0.15,0.9,0.1,-1.2,0.0,0,0,1,0,0.825,0.2
227,3,0.9571452736854553,0.1900785118341446,1.4821463823318481,-0.2635882632695031,2.9371175185990253,2,1,1,0.02,0.08,0.03,0.15,0.9,0.1,-1.2,0.0,0,0,1,0,0.825,0.2
227,4,-1.4058834314346313,0.4132672846317291,-2.393033742904663,4.168219553152224,-0.8881865081430753,0,0,0,0.02,0.08,0.03,0.15,0.9,0.1,-1.2,0.0,0,0,1,0,0.825,0.2
227,5,0.517288088798523,-0.23707474768161774,0.8264498114585876,-0.30245614647636565,2.838406121728518,2,1,1,0.02,0.08,0.03,0.15,0.9,0.1,-1.2,0.0,0,0,1,0,0.825,0.2
227,6,-0.5838261246681213,0.10282179713249207,-2.17769718170166,4.551008484202731,-4.771699486729677,2,1,1,0.02,0.08,0.03,0.15,0.9,0.1,-1.2,0.0,0,0,1,0,0.825,0.2
227,7,-1.1154193878173828,-0.038075294345617294,1.7282322645187378,5.882693786232038,-6.28,2,1,1,0.02,0.08,0.03,0.15,0.9,0.1,-1.2,0.0,0,0,1,0,0.825,0.2
228,0,0.4555245339870453,0.23845523595809937,2.106267213821411,4.154347564672019,-1.4373160250708765,2,1,1,0.02,0.08,0.03,0.15,0.9,0.1,-1.2,0.0,0,0,1,0,0.825,0.2
228,1,-0.03882014378905296,0.2577363848686218,-2.0867273807525635,3.403387752945369,-0.6485368821100086,2,1,1,0.02,0.08,0.03,0.15,0.9,0.1,-1.2,0.0,0,0,1,0,0.825,0.2
228,2,-0.11113985627889633,-0.24561379849910736,-1.2671642303466797,0.428166780095824,2.442170491402814,2,1,1,0.02,0.08,0.03,0.15,0.9,0.1,-1.2,0.0,0,0,1,0,0.825,0.2
228,3,0.9572572708129883,0.19275997579097748,1.5812878608703613,-0.2756200713145597,2.9234677835996634,2,1,1,0.02,0.08,0.03,0.15,0.9,0.1,-1.2,0.0,0,0,1,0,0.825,0.2
228,4,-1.4110475778579712,0.408133327960968,-2.3416645526885986,4.343611766565233,-3.195712725136889,0,0,0,0.02,0.08,0.03,0.15,0.9,0.1,-1.2,0.0,0,0,1,0,0.825,0.2
228,5,0.5191872715950012,-0.23480182886123657,0.9231106638908386,-0.08300589230830664,2.64214299825008,2,1,1,0.02,0.08,0.03,0.15,0.9,0.1,-1.2,0.0,0,0,1,0,0.825,0.2
228,6,-0.5848022699356079,0.101385697722435,-2.390045166015625,4.561612229739913,-4.899366781380665,2,1,1,0.02,0.08,0.03,0.15,0.9,0.1,-1.2,0.0,0,0,1,0,0.825,0.2
228,7,-1.115827202796936,-0.033259183168411255,1.596771240234375,5.401583880256768,-6.28,2,1,1,0.02,0.08,0.03,0.15,0.9,0.1,-1.2,0.0,0,0,1,0,0.825,0.2
229,0,0.45439109206199646,0.24079492688179016,1.924303412437439,3.949788728509306,-0.7802639273810204,2,1,1,0.02,0.08,0.03,0.15,0.9,0.1,-1.2,0.0,0,0,1,0,0.825,0.2
229,1,-0.040380433201789856,0.2553679049015045,-2.2182106971740723,3.0193694200181627,-0.02644306786330885,2,1,1,0.02,0.08,0.03,0.15,0.9,0.1,-1.2,0.0,0,0,1,0,0.825,0.2
229,2,-0.11030211299657822,-0.24813182651996613,-1.2213035821914673,0.5243989656755438,2.4626861983621966,2,1,1,0.02,0.08,0.03,0.15,0.9,0.1,-1.2,0.0,0,0,1,0,0.825,0.2
229,3,0.9570934176445007,0.19542932510375977,1.6911027431488037,-0.1919131084625646,2.8145271353345236,2,1,1,0.02,0.08,0.03,0.15,0.9,0.1,-1.2,0.0,0,0,1,0,0.825,0.2
229,4,-1.4139065742492676,0.40535783767700195,-2.479013681411743,4.419625719165567,-4.051225537052423,0,0,0,0.02,0.08,0.03,0.15,0.9,0.1,-1.2,0.0,0,0,1,0,0.825,0.2
229,5,0.5206681489944458,-0.23263294994831085,1.0299999713897705,0.2838061925216524,2.411964727951065,2,1,1,0.02,0.08,0.03,0.15,0.9,0.1,-1.2,0.0,0,0,1,0,0.825,0.2
229,6,-0.5847112536430359,0.10142280161380768,-2.7129321098327637,4.441164584073473,-4.315635488542963,2,1,1,0.02,0.08,0.03,0.15,0.9,0.1,-1.2,0.0,0,0,1,0,0.825,0.2
229,7,-1.1159480810165405,-0.03277113661170006,1.2190182209014893,4.661778274332684,-6.28,2,1,1,0.02,0.08,0.03,0.15,0.9,0.1,-1.2,0.0,0,0,1,0,0.825,0.2
230,0,0.45369020104408264,0.2434072345495224,1.730677604675293,4.064021557120069,-0.7216530261860955,2,1,1,0.02,0.08,0.03,0.15,0.9,0.1,-1.2,0.0,0,0,1,0,0.825,0.2
230,1,-0.0422012023627758,0.2532605528831482,-2.3580849170684814,2.161569393372692,1.0788211611163303,2,1,1,0.02,0.08,0.03,0.15,0.9,0.1,-1.2,0.0,0,0,1,0,0.825,0.2
230,2,-0.10924480110406876,-0.2507714629173279,-1.1536214351654053,0.40225991114880183,2.855681864197974,2,1,1,0.02,0.08,0.03,0.15,0.9,0.1,-1.2,0.0,0,0,1,0,0.825,0.2
230,3,0.9566314220428467,0.1980578750371933,1.8038960695266724,-0.014808610957116157,2.533806415680453,2,1,1,0.02,0.08,0.03,0.15,0.9,0.1,-1.2,0.0,0,0,1,0,0.825,0.2
230,4,-1.4157336950302124,0.40417560935020447,-2.748708724975586,4.470753960749156,-4.700227069429361,0,0,0,0.02,0.08,0.03,0.15,0.9,0.1,-1.2,0.0,0,0,1,0,0.825,0.2
230,5,0.5218761563301086,-0.2303803712129593,1.1285762786865234,0.2907655917467094,2.3195874608694105,2,1,1,0.02,0.08,0.03,0.15,0.9,0.1,-1.2,0.0,0,0,1,0,0.825,0.2
230,6,-0.5839400887489319,0.10165874660015106,-3.069084405899048,4.26414403309648,-2.9947665373128873,2,1,1,0.02,0.08,0.03,0.15,0.9,0.1,-1.2,0.0,0,0,1,0,0.825,0.2
230,7,-1.11626398563385,-0.033267125487327576,0.7752907276153564,4.46387339532696,-5.024974589321259,2,1,1,0.02,0.08,0.03,0.15,0.9,0.1,-1.2,0.0,0,0,1,0,0.825,0.2
231,0,0.4534681737422943,0.24648252129554749,1.558696985244751,3.9954025810222737,-0.4997858149174861,2,1,1,0.02,0.08,0.03,0.15,0.9,0.1,-1.2,0.0,0,0,1,0,0.825,0.2
231,1,-0.04440869018435478,0.25130948424339294,-2.472018003463745,2.4925973152271905,0.467090664538675,2,1,1,0.02,0.08,0.03,0.15,0.9,0.1,-1.2,0.0,0,0,1,0,0.825,0.2
231,2,-0.10795022547245026,-0.2534427344799042,-1.0849518775939941,0.06714225604330104,3.3498579066906244,2,1,1,0.02,0.08,0.03,0.15,0.9,0.1,-1.2,0.0,0,0,1,0,0.825,0.2
231,3,0.9558897018432617,0.20058861374855042,1.9110352993011475,0.19199439852949501,2.1208056713504395,2,1,1,0.02,0.08,0.03,0.15,0.9,0.1,-1.2,0.0,0,0,1,0,0.825,0.2
231,4,-1.4170016050338745,0.40383055806159973,-3.069539785385132,4.464513512021181,-4.412791201795989,0,0,0,0.02,0.08,0.03,0.15,0.9,0.1,-1.2,0.0,0,0,1,0,0.825,0.2
231,5,0.5229172110557556,-0.22792378067970276,1.2073893547058105,1.3139245452837864,1.9724426145197975,2,1,1,0.02,0.08,0.03,0.15,0.9,0.1,-1.2,0.0,0,0,1,0,0.825,0.2
231,6,-0.5836026668548584,0.10164486616849899,2.8816921710968018,4.082852258301345,-1.7508528037043398,2,1,1,0.02,0.08,0.03,0.15,0.9,0.1,-1.2,0.0,0,0,1,0,0.825,0.2
231,7,-1.1164013147354126,-0.033392712473869324,0.6918843984603882,4.43273208104398,-4.916279708177476,2,1,1,0.02,0.08,0.03,0.15,0.9,0.1,-1.2,0.0,0,0,1,0,0.825,0.2
232,0,0.4537745416164398,0.24977628886699677,1.3910701274871826,3.581413665367332,0.45086244750105164,2,1,1,0.02,0.08,0.03,0.15,0.9,0.1,-1.2,0.0,0,0,1,0,0.825,0.2
232,1,-0.0469757616519928,0.2494218498468399,-2.523510217666626,2.229135665770822,0.6167775120261981,2,1,1,0.02,0.08,0.03,0.15,0.9,0.1,-1.2,0.0,0,0,1,0,0.825,0.2
232,2,-0.10634136199951172,-0.2562187612056732,-1.0023671388626099,-0.40822629866812815,3.746769975512025,2,1,1,0.02,0.08,0.03,0.15,0.9,0.1,-1.2,0.0,0,0,1,0,0.825,0.2
232,3,0.9549315571784973,0.20294524729251862,2.0037717819213867,0.5133417028667231,1.1601387154746448,2,1,1,0.02,0.08,0.03,0.15,0.9,0.1,-1.2,0.0,0,0,1,0,0.825,0.2
232,4,-1.4177381992340088,0.4038538634777069,2.8645308017730713,4.513437651497435,-3.881974053924824,0,0,0,0.02,0.08,0.03,0.15,0.9,0.1,-1.2,0.0,0,0,1,0,0.825,0.2
232,5,0.5237591862678528,-0.22543591260910034,1.2792150974273682,2.1276897188164194,1.6576499897217754,2,1,1,0.02,0.08,0.03,0.15,0.9,0.1,-1.2,0.0,0,0,1,0,0.825,0.2
232,6,-0.5848985910415649,0.1022043377161026,2.60170578956604,3.8135224336581963,-0.7095831205810456,2,1,1,0.02,0.08,0.03,0.15,0.9,0.1,-1.2,0.0,0,0,1,0,0.825,0.2
232,7,-1.1158697605133057,-0.03281640633940697,0.4435751140117645,4.532335062732123,-3.779151245518454,2,1,1,0.02,0.08,0.03,0.15,0.9,0.1,-1.2,0.0,0,0,1,0,0.825,0.2
233,0,0.4546597898006439,0.2531072497367859,1.2307225465774536,3.2242962923692593,1.128468496552229,2,1,1,0.02,0.08,0.03,0.15,0.9,0.1,-1.2,0.0,0,0,1,0,0.825,0.2
233,1,-0.049479421228170395,0.24774670600891113,-2.587815523147583,2.532990809533205,-0.17867805940382178,2,1,1,0.02,0.08,0.03,0.15,0.9,0.1,-1.2,0.0,0,0,1,0,0.825,0.2
233,2,-0.1043715626001358,-0.2589808404445648,-0.8928173780441284,-2.021808105202213,3.5972090187010726,2,1,1,0.02,0.08,0.03,0.15,0.9,0.1,-1.2,0.0,0,0,1,0,0.825,0.2
233,3,0.9538654088973999,0.20504379272460938,2.075760841369629,0.6632884232620492,0.8816390247722384,2,1,1,0.02,0.08,0.03,0.15,0.9,0.1,-1.2,0.0,0,0,1,0,0.825,0.2
233,4,-1.4184592962265015,0.40418198704719543,2.5189545154571533,4.660724724659326,-3.2201604134529576,0,0,0,0.02,0.08,0.03,0.15,0.9,0.1,-1.2,0.0,0,0,1,0,0.825,0.2
233,5,0.5245941877365112,-0.22239913046360016,1.3118501901626587,1.6712519897988136,1.8259455504461675,2,1,1,0.02,0.08,0.03,0.15,0.9,0.1,-1.2,0.0,0,0,1,0,0.825,0.2
233,6,-0.5867089033126831,0.10356880724430084,2.384470224380493,4.361235641977273,-3.8744046303508632,2,1,1,0.02,0.08,0.03,0.15,0.9,0.1,-1.2,0.0,0,0,1,0,0.825,0.2
233,7,-1.116562843322754,-0.033037178218364716,0.1052786186337471,4.747452420657738,-2.0487701688675015,2,1,1,0.02,0.08,0.03,0.15,0.9,0.1,-1.2,0.0,0,0,1,0,0.825,0.2
234,0,0.4562063217163086,0.25670692324638367,1.1114658117294312,2.635312321410693,2.0342660167318343,2,1,1,0.02,0.08,0.03,0.15,0.9,0.1,-1.2,0.0,0,0,1,0,0.825,0.2
234,1,-0.05196240544319153,0.2463124394416809,-2.647225856781006,1.6099542521391645,0.8771275952322843,2,1,1,0.02,0.08,0.03,0.15,0.9,0.1,-1.2,0.0,0,0,1,0,0.825,0.2
234,2,-0.1019851490855217,-0.2615683972835541,-0.7474093437194824,-2.2696780219736175,3.9055134491649928,2,1,1,0.02,0.08,0.03,0.15,0.9,0.1,-1.2,0.0,0,0,1,0,0.825,0.2
234,3,0.9529611468315125,0.2065984606742859,2.1073269844055176,0.730709502056899,0.6646710843288286,2,1,1,0.02,0.08,0.03,0.15,0.9,0.1,-1.2,0.0,0,0,1,0,0.825,0.2
234,4,-1.4193775653839111,0.40509548783302307,2.1924173831939697,4.907396402142461,-2.353507861986487,0,0,0,0.02,0.08,0.03,0.15,0.9,0.1,-1.2,0.0,0,0,1,0,0.825,0.2
234,5,0.5255322456359863,-0.2188367396593094,1.3031493425369263,2.2680946253346894,1.5840217982487896,2,1,1,0.02,0.08,0.03,0.15,0.9,0.1,-1.2,0.0,0,0,1,0,0.825,0.2
234,6,-0.5888842344284058,0.10602758079767227,2.2068302631378174,4.43178435996502,-4.106863249161622,2,1,1,0.02,0.08,0.03,0.15,0.9,0.1,-1.2,0.0,0,0,1,0,0.825,0.2
234,7,-1.1166086196899414,-0.0330614410340786,-0.21391867101192474,4.94492095611143,-0.45062863351419435,2,1,1,0.02,0.08,0.03,0.15,0.9,0.1,-1.2,0.0,0,0,1,0,0.825,0.2
235,0,0.4582773745059967,0.2604553699493408,1.03105890750885,1.9596415876381557,2.7296759140163447,2,1,1,0.02,0.08,0.03,0.15,0.9,0.1,-1.2,0.0,0,0,1,0,0.825,0.2
235,1,-0.054162319749593735,0.24522550404071808,-2.734679698944092,2.216777541786015,-0.4562430077702932,2,1,1,0.02,0.08,0.03,0.15,0.9,0.1,-1.2,0.0,0,0,1,0,0.825,0.2
235,2,-0.10006304830312729,-0.2630777657032013,-0.5422964692115784,-1.2734913765444618,3.6136388762874816,2,1,1,0.02,0.08,0.03,0.15,0.9,0.1,-1.2,0.0,0,0,1,0,0.825,0.2
235,3,0.9521470665931702,0.2079389989376068,2.117910623550415,0.7192500696808147,0.5596545118740355,2,1,1,0.02,0.08,0.03,0.15,0.9,0.1,-1.2,0.0,0,0,1,0,0.825,0.2
235,4,-1.4202980995178223,0.40691038966178894,1.8862601518630981,5.202476436556224,-1.8493420344086442,0,0,0,0.02,0.08,0.03,0.15,0.9,0.1,-1.2,0.0,0,0,1,0,0.825,0.2
235,5,0.5264772176742554,-0.21541039645671844,1.3041099309921265,2.0725023415696935,1.6830638198422838,2,1,1,0.02,0.08,0.03,0.15,0.9,0.1,-1.2,0.0,0,0,1,0,0.825,0.2
235,6,-0.5896239876747131,0.10720442980527878,1.9300405979156494,4.41174570442245,-3.496362631939795,2,1,1,0.02,0.08,0.03,0.15,0.9,0.1,-1.2,0.0,0,0,1,0,0.825,0.2
235,7,-1.1148104667663574,-0.03378118574619293,-0.47672972083091736,5.113737462317269,0.14502802563324638,2,1,1,0.02,0.08,0.03,0.15,0.9,0.1,-1.2,0.0,0,0,1,0,0.825,0.2
236,0,0.46073290705680847,0.2643447816371918,0.9997945427894592,1.5500455343737176,2.96852293049128,2,1,1,0.02,0.08,0.03,0.15,0.9,0.1,-1.2,0.0,0,0,1,0,0.825,0.2
236,1,-0.05644763261079788,0.24431483447551727,-2.7742438316345215,1.1721999673534915,0.49262860365629524,2,1,1,0.02,0.08,0.03,0.15,0.9,0.1,-1.2,0.0,0,0,1,0,0.825,0.2
236,2,-0.09806134551763535,-0.26400989294052124,-0.30851003527641296,-1.147875332551613,3.829705401251451,2,1,1,0.02,0.08,0.03,0.15,0.9,0.1,-1.2,0.0,0,0,1,0,0.825,0.2
236,3,0.9514031410217285,0.20915347337722778,2.117539167404175,2.9576059558630168,-0.9341530112836203,2,1,1,0.02,0.08,0.03,0.15,0.9,0.1,-1.2,0.0,0,0,1,0,0.825,0.2
236,4,-1.4207854270935059,0.40939897298812866,1.6218035221099854,5.49043375781647,-1.2431801428772642,0,0,0,0.02,0.08,0.03,0.15,0.9,0.1,-1.2,0.0,0,0,1,0,0.825,0.2
236,5,0.5274932980537415,-0.21176786720752716,1.2859278917312622,-1.0389752568143145,2.9008080681912936,2,1,1,0.02,0.08,0.03,0.15,0.9,0.1,-1.2,0.0,0,0,1,0,0.825,0.2
236,6,-0.5898486375808716,0.10834026336669922,1.6020194292068481,4.39985985885662,-2.6144570738012796,2,1,1,0.02,0.08,0.03,0.15,0.9,0.1,-1.2,0.0,0,0,1,0,0.825,0.2
236,7,-1.1115443706512451,-0.03591093420982361,-0.6934980154037476,5.032193931557889,1.1047051771096401,2,1,1,0.02,0.08,0.03,0.15,0.9,0.1,-1.2,0.0,0,0,1,0,0.825,0.2
237,0,0.4632573127746582,0.2682826519012451,1.0175914764404297,1.2480631186695221,3.102265458232916,2,1,1,0.02,0.08,0.03,0.15,0.9,0.1,-1.2,0.0,0,0,1,0,0.825,0.2
237,1,-0.05824607238173485,0.2436830997467041,-2.8544299602508545,1.9717764871487748,-0.9206163256891603,2,1,1,0.02,0.08,0.03,0.15,0.9,0.1,-1.2,0.0,0,0,1,0,0.825,0.2
237,2,-0.09559346735477448,-0.26451626420021057,-0.10870298743247986,-0.43539884183200345,3.6355519350021583,2,1,1,0.02,0.08,0.03,0.15,0.9,0.1,-1.2,0.0,0,0,1,0,0.825,0.2
237,3,0.9507275223731995,0.21026620268821716,2.1125643253326416,3.0340443724267208,-1.1691706149282763,2,1,1,0.02,0.08,0.03,0.15,0.9,0.1,-1.2,0.0,0,0,1,0,0.825,0.2
237,4,-1.4205678701400757,0.41255682706832886,1.3725106716156006,5.547009852436607,-0.8984107344422975,0,0,0,0.02,0.08,0.03,0.15,0.9,0.1,-1.2,0.0,0,0,1,0,0.825,0.2
237,5,0.528586208820343,-0.20815376937389374,1.2701252698898315,-2.4444324041963306,3.609198896425761,2,1,1,0.02,0.08,0.03,0.15,0.9,0.1,-1.2,0.0,0,0,1,0,0.825,0.2
237,6,-0.5896703600883484,0.10975080728530884,1.2865338325500488,4.363772675922882,-1.7581816544447058,2,1,1,0.02,0.08,0.03,0.15,0.9,0.1,-1.2,0.0,0,0,1,0,0.825,0.2
237,7,-1.1076804399490356,-0.0398046039044857,-0.8911449313163757,4.9912714891473895,1.302068655657293,2,1,1,0.02,0.08,0.03,0.15,0.9,0.1,-1.2,0.0,0,0,1,0,0.825,0.2
238,0,0.4655800461769104,0.27219638228416443,1.0631437301635742,1.186090024085089,2.9078931831367845,2,1,1,0.02,0.08,0.03,0.15,0.9,0.1,-1.2,0.0,0,0,1,0,0.825,0.2
238,1,-0.05987238511443138,0.2432478666305542,-2.8922338485717773,4.388733407676484,-4.342905608160896,2,1,1,0.02,0.08,0.03,0.15,0.9,0.1,-1.2,0.0,0,0,1,0,0.825,0.2
238,2,-0.09284869581460953,-0.2645737826824188,0.06989232450723648,-0.3480911644604685,3.751353662131869,2,1,1,0.02,0.08,0.03,0.15,0.9,0.1,-1.2,0.0,0,0,1,0,0.825,0.2
238,3,0.9498276710510254,0.21191327273845673,2.0020129680633545,2.9735456305988963,-1.2746434999075948,2,1,1,0.02,0.08,0.03,0.15,0.9,0.1,-1.2,0.0,0,0,1,0,0.825,0.2
238,4,-1.4192973375320435,0.41636183857917786,1.1318758726119995,5.053016519236155,-1.7123550749217515,0,0,0,0.02,0.08,0.03,0.15,0.9,0.1,-1.2,0.0,0,0,1,0,0.825,0.2
238,5,0.529205322265625,-0.20600062608718872,1.3781458139419556,-1.206247167997038,3.150790450869942,2,1,1,0.02,0.08,0.03,0.15,0.9,0.1,-1.2,0.0,0,0,1,0,0.825,0.2
238,6,-0.5889351963996887,0.11134817451238632,0.9874488711357117,4.022715611821173,-6.28,2,1,1,0.02,0.08,0.03,0.15,0.9,0.1,-1.2,0.0,0,0,1,0,0.825,0.2
238,7,-1.1041550636291504,-0.04498324543237686,-1.0532788038253784,5.871935393385394,-6.28,2,1,1,0.02,0.08,0.03,0.15,0.9,0.1,-1.2,0.0,0,0,1,0,0.825,0.2
239,0,0.4676083028316498,0.2760866582393646,1.1253622770309448,0.4747853299166421,3.469646849290195,2,1,1,0.02,0.08,0.03,0.15,0.9,0.1,-1.2,0.0,0,0,1,0,0.825,0.2
239,1,-0.061017561703920364,0.24298855662345886,-2.9782299995422363,5.2593428913653355,-6.073270124584483,2,1,1,0.02,0.08,0.03,0.15,0.9,0.1,-1.2,0.0,0,0,1,0,0.825,0.2
239,2,-0.08987229317426682,-0.2641219198703766,0.22169633209705353,-0.3929123747685774,3.8406704704282832,2,1,1,0.02,0.08,0.03,0.15,0.9,0.1,-1.2,0.0,0,0,1,0,0.825,0.2
239,3,0.9491491913795471,0.21369388699531555,1.8562651872634888,2.8989674821837017,-1.2829984542503812,2,1,1,0.02,0.08,0.03,0.15,0.9,0.1,-1.2,0.0,0,0,1,0,0.825,0.2
239,4,-1.4169663190841675,0.42014893889427185,0.8991977572441101,4.155684387746329,-5.7693153766493825,0,0,0,0.02,0.08,0.03,0.15,0.9,0.1,-1.2,0.0,0,0,1,0,0.825,0.2
239,5,0.529370903968811,-0.2047022581100464,1.5765212774276733,-0.39224263436343637,2.9580786838871345,2,1,1,0.02,0.08,0.03,0.15,0.9,0.1,-1.2,0.0,0,0,1,0,0.825,0.2
239,6,-0.587261974811554,0.11325762420892715,0.7248091101646423,4.354173098289526,-4.912323445105854,2,1,1,0.02,0.08,0.03,0.15,0.9,0.1,-1.2,0.0,0,0,1,0,0.825,0.2
239,7,-1.1012942790985107,-0.05092838034033775,-1.1970221996307373,5.3439153267823185,-6.28,2,1,1,0.02,0.08,0.03,0.15,0.9,0.1,-1.2,0.0,0,0,1,0,0.825,0.2
240,0,0.4692838191986084,0.27988201379776,1.1868364810943604,0.3057520710806536,3.555283643316946,2,1,1,0.02,0.08,0.03,0.15,0.9,0.1,-1.2,0.0,0,0,1,0,0.825,0.2
240,1,-0.061264198273420334,0.24293109774589539,3.037872314453125,4.881864096758298,-5.5076477781052,2,1,1,0.02,0.08,0.03,0.15,0.9,0.1,-1.2,0.0,0,0,1,0,0.825,0.2
240,2,-0.08666209876537323,-0.2631460428237915,0.36527305841445923,-0.4733150192558686,3.8658936533870216,2,1,1,0.02,0.08,0.03,0.15,0.9,0.1,-1.2,0.0,0,0,1,0,0.825,0.2
240,3,0.9487695693969727,0.2153903841972351,1.7071949243545532,2.0135148945561103,0.005865390185078381,2,1,1,0.02,0.08,0.03,0.15,0.9,0.1,-1.2,0.0,0,0,1,0,0.825,0.2
240,4,-1.414571762084961,0.4225022792816162,0.6553711295127869,3.153520021841498,-6.28,0,0,0,0.02,0.08,0.03,0.15,0.9,0.1,-1.2,0.0,0,0,1,0,0.825,0.2
240,5,0.5291886329650879,-0.202823668718338,1.745042324066162,-0.21859756362469818,2.9758670927315825,2,1,1,0.02,0.08,0.03,0.15,0.9,0.1,-1.2,0.0,0,0,1,0,0.825,0.2
240,6,-0.5881955027580261,0.1130058690905571,0.35118183493614197,4.973378442645516,-2.7084366018904937,2,1,1,0.02,0.08,0.03,0.15,0.9,0.1,-1.2,0.0,0,0,1,0,0.825,0.2
240,7,-1.1008440256118774,-0.05184663459658623,-1.5987176895141602,4.725313521741303,-6.083580825053509,2,1,1,0.02,0.08,0.03,0.15,0.9,0.1,-1.2,0.0,0,0,1,0,0.825,0.2
241,0,0.4706236720085144,0.2836298644542694,1.2831367254257202,-0.2717466280993286,3.9709567516696533,2,1,1,0.02,0.08,0.03,0.15,0.9,0.1,-1.2,0.0,0,0,1,0,0.825,0.2
241,1,-0.0609239786863327,0.24281936883926392,2.6382107734680176,4.28302771772508,-3.8857083202379266,2,1,1,0.02,0.08,0.03,0.15,0.9,0.1,-1.2,0.0,0,0,1,0,0.825,0.2
241,2,-0.08354959636926651,-0.2616877853870392,0.5129339098930359,-1.0040011563119278,3.929750714092897,2,1,1,0.02,0.08,0.03,0.15,0.9,0.1,-1.2,0.0,0,0,1,0,0.825,0.2
241,3,0.9486535787582397,0.21702203154563904,1.5598431825637817,1.4082958915362584,0.8244509230346024,2,1,1,0.02,0.08,0.03,0.15,0.9,0.1,-1.2,0.0,0,0,1,0,0.825,0.2
241,4,-1.4155951738357544,0.42203888297080994,0.3041832149028778,4.693217436221528,-3.8138740037579346,0,0,0,0.02,0.08,0.03,0.15,0.9,0.1,-1.2,0.0,0,0,1,0,0.825,0.2
241,5,0.5285966396331787,-0.20041798055171967,1.870643973350525,-0.1019294236669967,2.933337706228163,2,1,1,0.02,0.08,0.03,0.15,0.9,0.1,-1.2,0.0,0,0,1,0,0.825,0.2
241,6,-0.5889762043952942,0.11282311379909515,-0.016653679311275482,5.707219915310558,0.06200297877919335,2,1,1,0.02,0.08,0.03,0.15,0.9,0.1,-1.2,0.0,0,0,1,0,0.825,0.2
241,7,-1.1007370948791504,-0.05136359855532646,-1.8742530345916748,4.521265941697498,-4.9539105267414385,2,1,1,0.02,0.08,0.03,0.15,0.9,0.1,-1.2,0.0,0,0,1,0,0.825,0.2
242,0,0.47153180837631226,0.2874084413051605,1.3955662250518799,0.11931351208244317,3.7571454474152355,2,1,1,0.02,0.08,0.03,0.15,0.9,0.1,-1.2,0.0,0,0,1,0,0.825,0.2
242,1,-0.06105930358171463,0.24315892159938812,2.2833187580108643,4.444499387097902,-4.284345166160879,2,1,1,0.02,0.08,0.03,0.15,0.9,0.1,-1.2,0.0,0,0,1,0,0.825,0.2
242,2,-0.08071190863847733,-0.25980618596076965,0.6645751595497131,-0.16705187509030925,3.6154188410129584,2,1,1,0.02,0.08,0.03,0.15,0.9,0.1,-1.2,0.0,0,0,1,0,0.825,0.2
242,3,0.9487752914428711,0.2189287692308426,1.4725844860076904,0.9345273469150468,1.26458497631046,2,1,1,0.02,0.08,0.03,0.15,0.9,0.1,-1.2,0.0,0,0,1,0,0.825,0.2
242,4,-1.41805899143219,0.4217022657394409,-0.0714515745639801,6.28,1.2074211823736956,0,0,0,0.02,0.08,0.03,0.15,0.9,0.1,-1.2,0.0,0,0,1,0,0.825,0.2
242,5,0.5276475548744202,-0.1978621482849121,1.9838894605636597,0.344667081884603,2.58158602695638,2,1,1,0.02,0.08,0.03,0.15,0.9,0.1,-1.2,0.0,0,0,1,0,0.825,0.2
242,6,-0.5878321528434753,0.11259343475103378,-0.31681957840919495,6.050396616527625,1.8031116847404471,2,1,1,0.02,0.08,0.03,0.15,0.9,0.1,-1.2,0.0,0,0,1,0,0.825,0.2
242,7,-1.1011805534362793,-0.05232292413711548,-2.017589807510376,4.480845078894148,-5.035818112545218,2,1,1,0.02,0.08,0.03,0.15,0.9,0.1,-1.2,0.0,0,0,1,0,0.825,0.2
243,0,0.4719521105289459,0.29112619161605835,1.5376893281936646,-0.23341695356762227,3.980355105014048,2,1,1,0.02,0.08,0.03,0.15,0.9,0.1,-1.2,0.0,0,0,1,0,0.825,0.2
243,1,-0.0622226856648922,0.2444658726453781,2.0229599475860596,4.391324749366034,-3.4176253435490986,2,1,1,0.02,0.08,0.03,0.15,0.9,0.1,-1.2,0.0,0,0,1,0,0.825,0.2
243,2,-0.0784868597984314,-0.25776031613349915,0.8337783813476562,-0.7033057282912879,3.642108059977309,2,1,1,0.02,0.08,0.03,0.15,0.9,0.1,-1.2,0.0,0,0,1,0,0.825,0.2
243,3,0.9490406513214111,0.22109422087669373,1.442231297492981,1.8444263121002948,0.1617131516028915,2,1,1,0.02,0.08,0.03,0.15,0.9,0.1,-1.2,0.0,0,0,1,0,0.825,0.2
243,4,-1.4178224802017212,0.4216119349002838,-0.43330997228622437,6.28,3.3892280900496887,0,0,0,0.02,0.08,0.03,0.15,0.9,0.1,-1.2,0.0,0,0,1,0,0.825,0.2
243,5,0.5263562798500061,-0.19529852271080017,2.093301296234131,0.646377627727935,2.290988568580498,2,1,1,0.02,0.08,0.03,0.15,0.9,0.1,-1.2,0.0,0,0,1,0,0.825,0.2
243,6,-0.5837259888648987,0.11062893271446228,-0.5474188327789307,2.05996877260955,1.9188765409961623,2,1,1,0.02,0.08,0.03,0.15,0.9,0.1,-1.2,0.0,0,0,1,0,0.825,0.2
243,7,-1.1010915040969849,-0.05283663794398308,-2.368537425994873,4.477089130133763,-3.9952450781138347,2,1,1,0.02,0.08,0.03,0.15,0.9,0.1,-1.2,0.0,0,0,1,0,0.825,0.2
244,0,0.47181814908981323,0.29505378007888794,1.6725502014160156,-0.27477855432556203,3.945603054388701,2,1,1,0.02,0.08,0.03,0.15,0.9,0.1,-1.2,0.0,0,0,1,0,0.825,0.2
244,1,-0.0622626356780529,0.24453939497470856,1.6652088165283203,4.265855978993473,-1.7380894266160116,2,1,1,0.02,0.08,0.03,0.15,0.9,0.1,-1.2,0.0,0,0,1,0,0.825,0.2
244,2,-0.07648832350969315,-0.25517553091049194,0.9773919582366943,-0.5324498443151218,3.4351946739698156,2,1,1,0.02,0.08,0.03,0.15,0.9,0.1,-1.2,0.0,0,0,1,0,0.825,0.2
244,3,0.9493294954299927,0.22327762842178345,1.4475758075714111,0.5751991167543442,1.211241881688049,2,1,1,0.02,0.08,0.03,0.15,0.9,0.1,-1.2,0.0,0,0,1,0,0.825,0.2
244,4,-1.4126391410827637,0.4183061718940735,-0.6698172092437744,4.6381653779673755,0.5140185919207612,0,0,0,0.02,0.08,0.03,0.15,0.9,0.1,-1.2,0.0,0,0,1,0,0.825,0.2
244,5,0.5247559547424316,-0.19279466569423676,2.179570436477661,0.9363521459509794,2.0275287442609753,2,1,1,0.02,0.08,0.03,0.15,0.9,0.1,-1.2,0.0,0,0,1,0,0.825,0.2
244,6,-0.578069806098938,0.10644906759262085,-0.7191148996353149,2.0973070771906928,1.473274174128322,2,1,1,0.02,0.08,0.03,0.15,0.9,0.1,-1.2,0.0,0,0,1,0,0.825,0.2
244,7,-1.1012041568756104,-0.05243512615561485,-2.7077064514160156,4.5319089669595956,-3.163252940544145,2,1,1,0.02,0.08,0.03,0.15,0.9,0.1,-1.2,0.0,0,0,1,0,0.825,0.2
245,0,0.4710995852947235,0.299098402261734,1.827967643737793,-0.8064427509042522,3.995636135798878,2,1,1,0.02,0.08,0.03,0.15,0.9,0.1,-1.2,0.0,0,0,1,0,0.825,0.2
245,1,-0.06219091638922691,0.24534089863300323,1.326669454574585,4.089786624618006,-0.20941810924634782,2,1,1,0.02,0.08,0.03,0.15,0.9,0.1,-1.2,0.0,0,0,1,0,0.825,0.2
245,2,-0.07496912032365799,-0.25253748893737793,1.1258621215820312,-0.3567262539071636,3.2459495037303583,2,1,1,0.02,0.08,0.03,0.15,0.9,0.1,-1.2,0.0,0,0,1,0,0.825,0.2
245,3,0.9496055841445923,0.22530247271060944,1.4027029275894165,-0.27980206370681326,1.8349617015059172,2,1,1,0.02,0.08,0.03,0.15,0.9,0.1,-1.2,0.0,0,0,1,0,0.825,0.2
245,4,-1.4060231447219849,0.41225335001945496,-0.7961774468421936,4.288372344487114,-4.1100015883248835,0,0,0,0.02,0.08,0.03,0.15,0.9,0.1,-1.2,0.0,0,0,1,0,0.825,0.2
245,5,0.5229873061180115,-0.19043540954589844,2.241849660873413,1.8680922172237757,0.979339307060181,2,1,1,0.02,0.08,0.03,0.15,0.9,0.1,-1.2,0.0,0,0,1,0,0.825,0.2
245,6,-0.5746891498565674,0.1032513901591301,-0.7539586424827576,2.2052432605509034,1.3008699403026167,2,1,1,0.02,0.08,0.03,0.15,0.9,0.1,-1.2,0.0,0,0,1,0,0.825,0.2
245,7,-1.1011626720428467,-0.05233452841639519,-3.033879041671753,4.545517859162183,-2.008739336013564,2,1,1,0.02,0.08,0.03,0.15,0.9,0.1,-1.2,0.0,0,0,1,0,0.825,0.2
246,0,0.4697541892528534,0.30296650528907776,1.9902124404907227,-1.4282322469554576,3.9216342898867382,2,1,1,0.02,0.08,0.03,0.15,0.9,0.1,-1.2,0.0,0,0,1,0,0.825,0.2
246,1,-0.061288341879844666,0.2471407949924469,1.0706833600997925,4.20979333214578,0.1303078468501837,2,1,1,0.02,0.08,0.03,0.15,0.9,0.1,-1.2,0.0,0,0,1,0,0.825,0.2
246,2,-0.07390224188566208,-0.24982725083827972,1.2676528692245483,-2.138380533301637,4.224383925620691,2,1,1,0.02,0.08,0.03,0.15,0.9,0.1,-1.2,0.0,0,0,1,0,0.825,0.2
246,3,0.9499242305755615,0.22710435092449188,1.4087797403335571,0.8246002377061471,0.6308144547517558,2,1,1,0.02,0.08,0.03,0.15,0.9,0.1,-1.2,0.0,0,0,1,0,0.825,0.2
246,4,-1.4020146131515503,0.40763014554977417,-0.9550758600234985,5.471417901316522,-6.28,0,0,0,0.02,0.08,0.03,0.15,0.9,0.1,-1.2,0.0,0,0,1,0,0.825,0.2
246,5,0.5210942625999451,-0.18816567957401276,2.2838847637176514,3.3494168881443547,-1.4760728473819442,2,1,1,0.02,0.08,0.03,0.15,0.9,0.1,-1.2,0.0,0,0,1,0,0.825,0.2
246,6,-0.5720697641372681,0.10074671357870102,-0.771702766418457,2.606254560569632,0.6407424594970296,2,1,1,0.02,0.08,0.03,0.15,0.9,0.1,-1.2,0.0,0,0,1,0,0.825,0.2
246,7,-1.1016241312026978,-0.05228874087333679,2.948451519012451,4.4692752125883,-0.9627747273279963,2,1,1,0.02,0.08,0.03,0.15,0.9,0.1,-1.2,0.0,0,0,1,0,0.825,0.2
247,0,0.4679598808288574,0.3062454164028168,2.170397996902466,-1.068860786722432,3.5351877319626452,2,1,1,0.02,0.08,0.03,0.15,0.9,0.1,-1.2,0.0,0,0,1,0,0.825,0.2
247,1,-0.059320978820323944,0.2500269114971161,0.901260495185852,4.158983229294125,0.16902297226659146,2,1,1,0.02,0.08,0.03,0.15,0.9,0.1,-1.2,0.0,0,0,1,0,0.825,0.2
247,2,-0.07321802526712418,-0.24701572954654694,1.3964613676071167,-1.9758243147979482,4.25647228826637,2,1,1,0.02,0.08,0.03,0.15,0.9,0.1,-1.2,0.0,0,0,1,0,0.825,0.2
247,3,0.9501503705978394,0.2286897450685501,1.4726736545562744,2.2281499345104954,-1.1578590216312385,2,1,1,0.02,0.08,0.03,0.15,0.9,0.1,-1.2,0.0,0,0,1,0,0.825,0.2
247,4,-1.401314377784729,0.40649425983428955,-1.268604040145874,5.035709447738905,-6.28,0,0,0,0.02,0.08,0.03,0.15,0.9,0.1,-1.2,0.0,0,0,1,0,0.825,0.2
247,5,0.5192134976387024,-0.18599973618984222,2.2664475440979004,3.9283352322072194,-2.3769264100524543,2,1,1,0.02,0.08,0.03,0.15,0.9,0.1,-1.2,0.0,0,0,1,0,0.825,0.2
247,6,-0.5695868730545044,0.09827087074518204,-0.8012083172798157,3.141900653763346,-0.49225225518278265,2,1,1,0.02,0.08,0.03,0.15,0.9,0.1,-1.2,0.0,0,0,1,0,0.825,0.2
247,7,-1.1032030582427979,-0.05170908570289612,2.689296007156372,4.391758213386675,-0.3106416856769257,2,1,1,0.02,0.08,0.03,0.15,0.9,0.1,-1.2,0.0,0,0,1,0,0.825,0.2
248,0,0.46596240997314453,0.3086642622947693,2.3719515800476074,-0.722131372930402,3.1130355610865292,2,1,1,0.02,0.08,0.03,0.15,0.9,0.1,-1.2,0.0,0,0,1,0,0.825,0.2
248,1,-0.056461263447999954,0.25316178798675537,0.7578762173652649,3.8462746939498205,0.8799579362512461,2,1,1,0.02,0.08,0.03,0.15,0.9,0.1,-1.2,0.0,0,0,1,0,0.825,0.2
248,2,-0.07301586121320724,-0.2447693943977356,1.6007344722747803,-1.2327983805586678,4.208306338354229,2,1,1,0.02,0.08,0.03,0.15,0.9,0.1,-1.2,0.0,0,0,1,0,0.825,0.2
248,3,0.9502747058868408,0.23015975952148438,1.4820674657821655,3.2133501206394937,-2.4975289626072734,2,1,1,0.02,0.08,0.03,0.15,0.9,0.1,-1.2,0.0,0,0,1,0,0.825,0.2
248,4,-1.4014729261398315,0.4076402187347412,-1.7015000581741333,4.5187275407980625,-4.8553972503464875,0,0,0,0.02,0.08,0.03,0.15,0.9,0.1,-1.2,0.0,0,0,1,0,0.825,0.2
248,5,0.517953634262085,-0.18435291945934296,2.124380588531494,3.6809659533304298,-1.429828354146664,2,1,1,0.02,0.08,0.03,0.15,0.9,0.1,-1.2,0.0,0,0,1,0,0.825,0.2
248,6,-0.5673497915267944,0.09584927558898926,-0.8626425266265869,3.273667742993209,-0.7906741242091343,2,1,1,0.02,0.08,0.03,0.15,0.9,0.1,-1.2,0.0,0,0,1,0,0.825,0.2
248,7,-1.1057465076446533,-0.050079651176929474,2.481638193130493,4.358017168074429,-0.04544835152254546,2,1,1,0.02,0.08,0.03,0.15,0.9,0.1,-1.2,0.0,0,0,1,0,0.825,0.2
249,0,0.4636876583099365,0.3105052411556244,2.5545296669006348,0.26253778785725584,2.464948511146049,2,1,1,0.02,0.08,0.03,0.15,0.9,0.1,-1.2,0.0,0,0,1,0,0.825,0.2
249,1,-0.05312461405992508,0.2559185326099396,0.6178172826766968,3.7805932951341963,0.23937113009865096,2,1,1,0.02,0.08,0.03,0.15,0.9,0.1,-1.2,0.0,0,0,1,0,0.825,0.2
249,2,-0.07329321652650833,-0.24283716082572937,1.8333275318145752,-1.9420473956555633,3.6331883019658573,2,1,1,0.02,0.08,0.03,0.15,0.9,0.1,-1.2,0.0,0,0,1,0,0.825,0.2
249,3,0.950402557849884,0.23130542039871216,1.3853425979614258,4.159866928099038,-3.8570531439814917,2,1,1,0.02,0.08,0.03,0.15,0.9,0.1,-1.2,0.0,0,0,1,0,0.825,0.2
249,4,-1.4018733501434326,0.40839892625808716,-2.060445547103882,4.4647958440367805,-3.8942588415323534,0,0,0,0.02,0.08,0.03,0.15,0.9,0.1,-1.2,0.0,0,0,1,0,0.825,0.2
249,5,0.5172358751296997,-0.18291859328746796,1.9116003513336182,3.977823393277531,-1.3580080988832552,2,1,1,0.02,0.08,0.03,0.15,0.9,0.1,-1.2,0.0,0,0,1,0,0.825,0.2
249,6,-0.5656418800354004,0.09366312623023987,-0.9785144925117493,4.454404292139455,-4.429431379476384,2,1,1,0.02,0.08,0.03,0.15,0.9,0.1,-1.2,0.0,0,0,1,0,0.825,0.2
249,7,-1.1086382865905762,-0.04740007966756821,2.3118252754211426,4.38160134026669,-0.5356934986279167,2,1,1,0.02,0.08,0.03,0.15,0.9,0.1,-1.2,0.0,0,0,1,0,0.825,0.2
250,0,0.4614478051662445,0.31177064776420593,2.700005531311035,-0.0009176308277758852,2.2724940541483045,2,1,1,0.02,0.08,0.03,0.15,0.9,0.1,-1.2,0.0,0,0,1,0,0.825,0.2
250,1,-0.049189817160367966,0.25838154554367065,0.5068672299385071,3.3055349223493327,0.681856665398356,2,1,1,0.02,0.08,0.03,0.15,0.9,0.1,-1.2,0.0,0,0,1,0,0.825,0.2
250,2,-0.07435929775238037,-0.24028891324996948,2.0652012825012207,-1.168137660816522,3.187656368120406,2,1,1,0.02,0.08,0.03,0.15,0.9,0.1,-1.2,0.0,0,0,1,0,0.825,0.2
250,3,0.9505945444107056,0.23209165036678314,1.19999098777771,4.0123373571846885,-3.463007106160656,2,1,1,0.02,0.08,0.03,0.15,0.9,0.1,-1.2,0.0,0,0,1,0,0.825,0.2
250,4,-1.4022599458694458,0.40799015760421753,-2.19874906539917,4.465338170555109,-3.184575673896215,0,0,0,0.02,0.08,0.03,0.15,0.9,0.1,-1.2,0.0,0,0,1,0,0.825,0.2
250,5,0.5168470144271851,-0.1812618523836136,1.708421230316162,4.152796841343343,-1.285239741614707,2,1,1,0.02,0.08,0.03,0.15,0.9,0.1,-1.2,0.0,0,0,1,0,0.825,0.2
250,6,-0.5643712878227234,0.09148377180099487,-1.1183195114135742,4.483972139509059,-4.538134820611812,2,1,1,0.02,0.08,0.03,0.15,0.9,0.1,-1.2,0.0,0,0,1,0,0.825,0.2
250,7,-1.1113166809082031,-0.043970637023448944,2.1530139446258545,4.317212323892328,-0.6322773799779132,2,1,1,0.02,0.08,0.03,0.15,0.9,0.1,-1.2,0.0,0,0,1,0,0.825,0.2
251,0,0.458992063999176,0.3127792477607727,2.7881882190704346,-1.004644815991258,2.480493843599787,2,1,1,0.02,0.08,0.03,0.15,0.9,0.1,-1.2,0.0,0,0,1,0,0.825,0.2
251,1,-0.04544774815440178,0.2601974606513977,0.3868078589439392,3.032668519929979,0.32306363852815584,2,1,1,0.02,0.08,0.03,0.15,0.9,0.1,-1.2,0.0,0,0,1,0,0.825,0.2
251,2,-0.07564016431570053,-0.23837007582187653,2.2852895259857178,-0.7579107369221783,2.7988953366191565,2,1,1,0.02,0.08,0.03,0.15,0.9,0.1,-1.2,0.0,0,0,1,0,0.825,0.2
251,3,0.9507606625556946,0.23245137929916382,0.9319747090339661,3.8024611935403385,-2.8566002564492714,2,1,1,0.02,0.08,0.03,0.15,0.9,0.1,-1.2,0.0,0,0,1,0,0.825,0.2
251,4,-1.4022289514541626,0.4080342948436737,-2.51446533203125,4.560010288357566,-1.6951589973720194,0,0,0,0.02,0.08,0.03,0.15,0.9,0.1,-1.2,0.0,0,0,1,0,0.825,0.2
251,5,0.5167833566665649,-0.17921219766139984,1.504889726638794,4.274954623246536,-1.3928186758825112,2,1,1,0.02,0.08,0.03,0.15,0.9,0.1,-1.2,0.0,0,0,1,0,0.825,0.2
251,6,-0.5642179250717163,0.09109961986541748,-1.4200176000595093,4.272712839707055,-3.69905569872395,2,1,1,0.02,0.08,0.03,0.15,0.9,0.1,-1.2,0.0,0,0,1,0,0.825,0.2
251,7,-1.1134159564971924,-0.04010043665766716,1.968203067779541,5.836704827276138,-6.28,2,1,1,0.02,0.08,0.03,0.15,0.9,0.1,-1.2,0.0,0,0,1,0,0.825,0.2
252,0,0.45674872398376465,0.31350797414779663,2.8671278953552246,-2.951598759284549,3.4963609196230845,2,1,1,0.02,0.08,0.03,0.15,0.9,0.1,-1.2,0.0,0,0,1,0,0.825,0.2
252,1,-0.041679564863443375,0.2615121603012085,0.2884230315685272,3.3603884503639305,-1.1329649967927977,2,1,1,0.02,0.08,0.03,0.15,0.9,0.1,-1.2,0.0,0,0,1,0,0.825,0.2
252,2,-0.07722603529691696,-0.236857071518898,2.4698965549468994,-1.3678371529210882,3.0820648189094726,2,1,1,0.02,0.08,0.03,0.15,0.9,0.1,-1.2,0.0,0,0,1,0,0.825,0.2
252,3,0.9511131644248962,0.23277805745601654,0.663268506526947,4.201874898396857,-3.4877360356413822,2,1,1,0.02,0.08,0.03,0.15,0.9,0.1,-1.2,0.0,0,0,1,0,0.825,0.2
252,4,-1.4028509855270386,0.4077751636505127,-2.804583787918091,4.750165049874068,-0.4302288878952835,0,0,0,0.02,0.08,0.03,0.15,0.9,0.1,-1.2,0.0,0,0,1,0,0.825,0.2
252,5,0.5172513127326965,-0.1766243427991867,1.2831364870071411,4.34085942019773,-1.8032598874166954,2,1,1,0.02,0.08,0.03,0.15,0.9,0.1,-1.2,0.0,0,0,1,0,0.825,0.2
252,6,-0.5642301440238953,0.09115734696388245,-1.805628776550293,4.075370866915237,-2.803471203497825,2,1,1,0.02,0.08,0.03,0.15,0.9,0.1,-1.2,0.0,0,0,1,0,0.825,0.2
252,7,-1.1146855354309082,-0.036101650446653366,1.7782549858093262,5.163147691246334,-6.28,2,1,1,0.02,0.08,0.03,0.15,0.9,0.1,-1.2,0.0,0,0,1,0,0.825,0.2
253,0,0.4551578760147095,0.3138794004917145,2.9807968139648438,-3.3787445496156905,3.678199672615154,2,1,1,0.02,0.08,0.03,0.15,0.9,0.1,-1.2,0.0,0,0,1,0,0.825,0.2
253,1,-0.038302596658468246,0.26235029101371765,0.1940731257200241,3.8625485775386275,-2.690672502696765,2,1,1,0.02,0.08,0.03,0.15,0.9,0.1,-1.2,0.0,0,0,1,0,0.825,0.2
253,2,-0.07917720824480057,-0.23553094267845154,2.6131043434143066,2.3257204622837526,-2.0954528978908407,2,1,1,0.02,0.08,0.03,0.15,0.9,0.1,-1.2,0.0,0,0,1,0,0.825,0.2
253,3,0.9518138766288757,0.2331489473581314,0.42080873250961304,4.072996672395541,-3.0493453009319627,2,1,1,0.02,0.08,0.03,0.15,0.9,0.1,-1.2,0.0,0,0,1,0,0.825,0.2
253,4,-1.4052612781524658,0.407273530960083,-3.0363941192626953,4.58422426465805,0.7270418622725132,0,0,0,0.02,0.08,0.03,0.15,0.9,0.1,-1.2,0.0,0,0,1,0,0.825,0.2
253,5,0.5183860659599304,-0.17394806444644928,1.044758915901184,3.5181334060066543,-1.5846204629788334,2,1,1,0.02,0.08,0.03,0.15,0.9,0.1,-1.2,0.0,0,0,1,0,0.825,0.2
253,6,-0.5643860697746277,0.09091982990503311,-2.1466317176818848,3.7965454724923076,-1.7683507961645801,2,1,1,0.02,0.08,0.03,0.15,0.9,0.1,-1.2,0.0,0,0,1,0,0.825,0.2
253,7,-1.1148418188095093,-0.035624198615550995,1.3791781663894653,4.436785313513489,-6.28,2,1,1,0.02,0.08,0.03,0.15,0.9,0.1,-1.2,0.0,0,0,1,0,0.825,0.2
254,0,0.4544273614883423,0.313959002494812,-3.0962774753570557,-4.962528409295542,4.846596078276331,2,1,1,0.02,0.08,0.03,0.15,0.9,0.1,-1.2,0.0,0,0,1,0,0.825,0.2
254,1,-0.03586886078119278,0.2626824975013733,0.04887956753373146,4.011798178793757,-3.196835377901422,2,1,1,0.02,0.08,0.03,0.15,0.9,0.1,-1.2,0.0,0,0,1,0,0.825,0.2
254,2,-0.08087795972824097,-0.2346874624490738,2.7667486667633057,-5.8170795305707665,5.441461008295828,2,1,1,0.02,0.08,0.03,0.15,0.9,0.1,-1.2,0.0,0,0,1,0,0.825,0.2
254,3,0.9525437951087952,0.23337386548519135,0.15764324367046356,3.889448469073176,-2.4622655466325005,2,1,1,0.02,0.08,0.03,0.15,0.9,0.1,-1.2,0.0,0,0,1,0,0.825,0.2
254,4,-1.4092929363250732,0.40724292397499084,3.0571529865264893,4.485613708786643,0.8692699329956799,0,0,0,0.02,0.08,0.03,0.15,0.9,0.1,-1.2,0.0,0,0,1,0,0.825,0.2
254,5,0.5199589729309082,-0.17184294760227203,0.7881017923355103,4.000878841529403,-2.9631521412234636,2,1,1,0.02,0.08,0.03,0.15,0.9,0.1,-1.2,0.0,0,0,1,0,0.825,0.2
254,6,-0.5651490092277527,0.09006901830434799,-2.4464025497436523,4.041103244396986,-2.0820185398316307,2,1,1,0.02,0.08,0.03,0.15,0.9,0.1,-1.2,0.0,0,0,1,0,0.825,0.2
254,7,-1.1150431632995605,-0.03614018112421036,1.0232179164886475,4.2760949617110295,-6.28,2,1,1,0.02,0.08,0.03,0.15,0.9,0.1,-1.2,0.0,0,0,1,0,0.825,0.2
255,0,0.4541154205799103,0.31392213702201843,-2.850311040878296,-6.28,5.585867913477137,2,1,1,0.02,0.08,0.03,0.15,0.9,0.1,-1.2,0.0,0,0,1,0,0.825,0.2
255,1,-0.03447877988219261,0.26263710856437683,-0.16814659535884857,4.355068559407016,-4.112882281302234,2,1,1,0.02,0.08,0.03,0.15,0.9,0.1,-1.2,0.0,0,0,1,0,0.825,0.2
255,2,-0.08136063814163208,-0.23451653122901917,2.672579050064087,-6.188523303265024,5.533430789517865,2,1,1,0.02,0.08,0.03,0.15,0.9,0.1,-1.2,0.0,0,0,1,0,0.825,0.2
255,3,0.953400194644928,0.23338845372200012,-0.10302048921585083,3.2558489577264234,-1.172514681993925,2,1,1,0.02,0.08,0.03,0.15,0.9,0.1,-1.2,0.0,0,0,1,0,0.825,0.2
255,4,-1.4145349264144897,0.4081074595451355,2.9055142402648926,3.7864225721897022,-0.2871385289677987,0,0,0,0.02,0.08,0.03,0.15,0.9,0.1,-1.2,0.0,0,0,1,0,0.825,0.2
255,5,0.521561324596405,-0.17054195702075958,0.5633400678634644,3.6219465035282976,-2.1883068146701175,2,1,1,0.02,0.08,0.03,0.15,0.9,0.1,-1.2,0.0,0,0,1,0,0.825,0.2
255,6,-0.5667402148246765,0.08905822038650513,-2.6913681030273438,4.248021597233039,-2.9042129893945665,2,1,1,0.02,0.08,0.03,0.15,0.9,0.1,-1.2,0.0,0,0,1,0,0.825,0.2
255,7,-1.1138869524002075,-0.034514639526605606,0.9565871953964233,4.42305041072458,-5.730814365996921,2,1,1,0.02,0.08,0.03,0.15,0.9,0.1,-1.2,0.0,0,0,1,0,0.825,0.2
256,0,0.45433416962623596,0.3140287399291992,-2.5149760246276855,-6.28,5.268081666920771,2,1,1,0.02,0.08,0.03,0.15,0.9,0.1,-1.2,0.0,0,0,1,0,0.825,0.2
256,1,-0.03356948494911194,0.2623920738697052,-0.42004528641700745,3.9810086235547293,-3.0151281848982197,2,1,1,0.02,0.08,0.03,0.15,0.9,0.1,-1.2,0.0,0,0,1,0,0.825,0.2
256,2,-0.08121805638074875,-0.23452074825763702,2.9689245223999023,-5.570132879221376,5.155453664653566,2,1,1,0.02,0.08,0.03,0.15,0.9,0.1,-1.2,0.0,0,0,1,0,0.825,0.2
256,3,0.9544873237609863,0.23310211300849915,-0.3390970826148987,3.2223086168678803,-0.5926249307001845,2,1,1,0.02,0.08,0.03,0.15,0.9,0.1,-1.2,0.0,0,0,1,0,0.825,0.2
256,4,-1.419967532157898,0.4098036289215088,2.7653305530548096,4.451678931520798,-6.28,0,0,0,0.02,0.08,0.03,0.15,0.9,0.1,-1.2,0.0,0,0,1,0,0.825,0.2
256,5,0.5230006575584412,-0.16984067857265472,0.29972657561302185,4.009030972072624,-3.1674957316608645,2,1,1,0.02,0.08,0.03,0.15,0.9,0.1,-1.2,0.0,0,0,1,0,0.825,0.2
256,6,-0.5685613751411438,0.0883934497833252,-2.9432027339935303,4.016247072948277,-1.8710922484121424,2,1,1,0.02,0.08,0.03,0.15,0.9,0.1,-1.2,0.0,0,0,1,0,0.825,0.2
256,7,-1.114200472831726,-0.03446338698267937,0.6298224329948425,4.479702341035277,-4.0877099969250414,2,1,1,0.02,0.08,0.03,0.15,0.9,0.1,-1.2,0.0,0,0,1,0,0.825,0.2
257,0,0.45389682054519653,0.3141191601753235,-2.1394126415252686,-5.005447964357683,4.621760069802669,2,1,1,0.02,0.08,0.03,0.15,0.9,0.1,-1.2,0.0,0,0,1,0,0.825,0.2
257,1,-0.03320801630616188,0.26221466064453125,-0.7117089033126831,3.9299744863434403,-2.5030680391619513,2,1,1,0.02,0.08,0.03,0.15,0.9,0.1,-1.2,0.0,0,0,1,0,0.825,0.2
257,2,-0.08083048462867737,-0.23453079164028168,-2.873652219772339,-4.755598173661749,4.572443304924943,2,1,1,0.02,0.08,0.03,0.15,0.9,0.1,-1.2,0.0,0,0,1,0,0.825,0.2
257,3,0.9561686515808105,0.23230932652950287,-0.5105859637260437,3.4001841598768574,-0.5123528025029196,2,1,1,0.02,0.08,0.03,0.15,0.9,0.1,-1.2,0.0,0,0,1,0,0.825,0.2
257,4,-1.423803687095642,0.4116201102733612,2.6127266883850098,2.584649520905476,-6.28,0,0,0,0.02,0.08,0.03,0.15,0.9,0.1,-1.2,0.0,0,0,1,0,0.825,0.2
257,5,0.5244710445404053,-0.16958029568195343,0.050143446773290634,3.8288964476949396,-2.686688311076802,2,1,1,0.02,0.08,0.03,0.15,0.9,0.1,-1.2,0.0,0,0,1,0,0.825,0.2
257,6,-0.569968581199646,0.08827982097864151,3.090200901031494,3.930167585651271,-1.5352915371810472,2,1,1,0.02,0.08,0.03,0.15,0.9,0.1,-1.2,0.0,0,0,1,0,0.825,0.2
257,7,-1.1121245622634888,-0.033467479050159454,0.3993493914604187,4.447716589497455,-2.8306291456098664,2,1,1,0.02,0.08,0.03,0.15,0.9,0.1,-1.2,0.0,0,0,1,0,0.825,0.2
258,0,0.4534773826599121,0.3135629892349243,-2.071110486984253,-4.765824054724115,4.538281519139313,2,1,1,0.02,0.08,0.03,0.15,0.9,0.1,-1.2,0.0,0,0,1,0,0.825,0.2
258,1,-0.032827626913785934,0.2618330717086792,-0.9890897870063782,4.063483323523133,-2.3076497799792905,2,1,1,0.02,0.08,0.03,0.15,0.9,0.1,-1.2,0.0,0,0,1,0,0.825,0.2
258,2,-0.08102718740701675,-0.23482286930084229,-2.858126640319824,-5.450539040598824,4.748035089597413,2,1,1,0.02,0.08,0.03,0.15,0.9,0.1,-1.2,0.0,0,0,1,0,0.825,0.2
258,3,0.9582653045654297,0.23092201352119446,-0.6480026841163635,2.947531088396007,0.13521505969843958,2,1,1,0.02,0.08,0.03,0.15,0.9,0.1,-1.2,0.0,0,0,1,0,0.825,0.2
258,4,-1.4239569902420044,0.41159573197364807,2.248966693878174,3.081632552907782,-6.28,0,0,0,0.02,0.08,0.03,0.15,0.9,0.1,-1.2,0.0,0,0,1,0,0.825,0.2
258,5,0.5254160761833191,-0.16963282227516174,-0.19700589776039124,3.6516619770045056,-2.0164383783129294,2,1,1,0.02,0.08,0.03,0.15,0.9,0.1,-1.2,0.0,0,0,1,0,0.825,0.2
258,6,-0.5717126727104187,0.08860857784748077,2.8677656650543213,4.033229486377729,-1.7302816544325739,2,1,1,0.02,0.08,0.03,0.15,0.9,0.1,-1.2,0.0,0,0,1,0,0.825,0.2
258,7,-1.111424446105957,-0.03309520334005356,0.11225242912769318,4.610439639551528,-1.9209970480985188,2,1,1,0.02,0.08,0.03,0.15,0.9,0.1,-1.2,0.0,0,0,1,0,0.825,0.2
259,0,0.45346736907958984,0.3131785988807678,-1.6894170045852661,-2.7831838077808366,4.223575814074808,2,1,1,0.02,0.08,0.03,0.15,0.9,0.1,-1.2,0.0,0,0,1,0,0.825,0.2
259,1,-0.03238020837306976,0.2608490586280823,-1.2274954319000244,4.027717067881807,-1.664023864302145,2,1,1,0.02,0.08,0.03,0.15,0.9,0.1,-1.2,0.0,0,0,1,0,0.825,0.2
259,2,-0.08170760422945023,-0.23492397367954254,-2.524170398712158,-3.998890839311292,4.36833130497904,2,1,1,0.02,0.08,0.03,0.15,0.9,0.1,-1.2,0.0,0,0,1,0,0.825,0.2
259,3,0.9604064226150513,0.2290601283311844,-0.7842687964439392,2.8633607474773015,0.29580987095816724,2,1,1,0.02,0.08,0.03,0.15,0.9,0.1,-1.2,0.0,0,0,1,0,0.825,0.2
259,4,-1.4230719804763794,0.4101381003856659,1.929651141166687,4.443088831749154,-4.551832277942652,0,0,0,0.02,0.08,0.03,0.15,0.9,0.1,-1.2,0.0,0,0,1,0,0.825,0.2
259,5,0.5263890027999878,-0.1699705421924591,-0.43190526962280273,3.2719437593450946,-0.7033632773526172,2,1,1,0.02,0.08,0.03,0.15,0.9,0.1,-1.2,0.0,0,0,1,0,0.825,0.2
259,6,-0.5738741755485535,0.08946610242128372,2.672889471054077,4.241983932789989,-2.4953985934822036,2,1,1,0.02,0.08,0.03,0.15,0.9,0.1,-1.2,0.0,0,0,1,0,0.825,0.2
259,7,-1.1107468605041504,-0.033157218247652054,-0.1773630976676941,4.806008333047622,-0.944357634984511,2,1,1,0.02,0.08,0.03,0.15,0.9,0.1,-1.2,0.0,0,0,1,0,0.825,0.2
260,0,0.45347902178764343,0.3130359649658203,-1.3245488405227661,-2.165669179356864,4.527726118950783,2,1,1,0.02,0.08,0.03,0.15,0.9,0.1,-1.2,0.0,0,0,1,0,0.825,0.2
260,1,-0.03198184445500374,0.25919780135154724,-1.4509966373443604,4.057981489489699,-1.4975429665982514,2,1,1,0.02,0.08,0.03,0.15,0.9,0.1,-1.2,0.0,0,0,1,0,0.825,0.2
260,2,-0.0812998116016388,-0.23462292551994324,-2.170602798461914,-3.8774559442176475,4.422445589698756,2,1,1,0.02,0.08,0.03,0.15,0.9,0.1,-1.2,0.0,0,0,1,0,0.825,0.2
260,3,0.9624333381652832,0.22678884863853455,-0.8904076814651489,2.371161154310136,0.615485292096192,2,1,1,0.02,0.08,0.03,0.15,0.9,0.1,-1.2,0.0,0,0,1,0,0.825,0.2
260,4,-1.4241840839385986,0.4129146933555603,1.8260242938995361,4.281104045223984,-5.045783027845251,0,0,0,0.02,0.08,0.03,0.15,0.9,0.1,-1.2,0.0,0,0,1,0,0.825,0.2
260,5,0.5276815891265869,-0.17076490819454193,-0.6370190978050232,3.507349185174661,-1.0808500377871733,2,1,1,0.02,0.08,0.03,0.15,0.9,0.1,-1.2,0.0,0,0,1,0,0.825,0.2
260,6,-0.5758252143859863,0.09070754051208496,2.4725611209869385,4.2672648674395335,-2.391137058153416,2,1,1,0.02,0.08,0.03,0.15,0.9,0.1,-1.2,0.0,0,0,1,0,0.825,0.2
260,7,-1.1089783906936646,-0.033753979951143265,-0.4332965016365051,4.813465313461648,0.01727397419288637,2,1,1,0.02,0.08,0.03,0.15,0.9,0.1,-1.2,0.0,0,0,1,0,0.825,0.2
261,0,0.4539608359336853,0.3119121193885803,-1.027387022972107,-1.2460141627038568,4.576190673391073,2,1,1,0.02,0.08,0.03,0.15,0.9,0.1,-1.2,0.0,0,0,1,0,0.825,0.2
261,1,-0.03193533793091774,0.25698310136795044,-1.656277060508728,3.8486465560380667,-0.9544002205317901,2,1,1,0.02,0.08,0.03,0.15,0.9,0.1,-1.2,0.0,0,0,1,0,0.825,0.2
261,2,-0.08139824867248535,-0.23474398255348206,-1.8597898483276367,-3.348524801117901,4.421866349560741,2,1,1,0.02,0.08,0.03,0.15,0.9,0.1,-1.2,0.0,0,0,1,0,0.825,0.2
261,3,0.9642918705940247,0.22425495088100433,-0.982001543045044,2.7347667403562084,0.2974104346460513,2,1,1,0.02,0.08,0.03,0.15,0.9,0.1,-1.2,0.0,0,0,1,0,0.825,0.2
261,4,-1.4243239164352417,0.4139990210533142,1.5182892084121704,5.320471865861702,-1.7505609352596363,0,0,0,0.02,0.08,0.03,0.15,0.9,0.1,-1.2,0.0,0,0,1,0,0.825,0.2
261,5,0.5294615030288696,-0.1723412424325943,-0.7877799868583679,3.486414432123068,-0.9700906963426164,2,1,1,0.02,0.08,0.03,0.15,0.9,0.1,-1.2,0.0,0,0,1,0,0.825,0.2
261,6,-0.5771451592445374,0.09200698137283325,2.242213726043701,4.162095750758899,-1.3972007352825142,2,1,1,0.02,0.08,0.03,0.15,0.9,0.1,-1.2,0.0,0,0,1,0,0.825,0.2
261,7,-1.1063581705093384,-0.035382069647312164,-0.6593825221061707,4.90125393748441,0.15660933639513006,2,1,1,0.02,0.08,0.03,0.15,0.9,0.1,-1.2,0.0,0,0,1,0,0.825,0.2
262,0,0.4553527534008026,0.3102143108844757,-0.742504358291626,-0.18482967508395182,4.378210285383618,2,1,1,0.02,0.08,0.03,0.15,0.9,0.1,-1.2,0.0,0,0,1,0,0.825,0.2
262,1,-0.03239693492650986,0.254520058631897,-1.8543163537979126,3.8393853078324756,-1.2419026507220998,2,1,1,0.02,0.08,0.03,0.15,0.9,0.1,-1.2,0.0,0,0,1,0,0.825,0.2
262,2,-0.08135750889778137,-0.23450304567813873,-1.5414146184921265,-2.262061257720476,4.317114543454072,2,1,1,0.02,0.08,0.03,0.15,0.9,0.1,-1.2,0.0,0,0,1,0,0.825,0.2
262,3,0.9658750295639038,0.22168493270874023,-1.0491251945495605,3.1622492919955683,-0.14021942096223428,2,1,1,0.02,0.08,0.03,0.15,0.9,0.1,-1.2,0.0,0,0,1,0,0.825,0.2
262,4,-1.4243544340133667,0.4140266478061676,1.1508833169937134,6.28,2.248078034785223,0,0,0,0.02,0.08,0.03,0.15,0.9,0.1,-1.2,0.0,0,0,1,0,0.825,0.2
262,5,0.5310595631599426,-0.17420443892478943,-0.9441483020782471,3.6392440196345355,-1.347154874123085,2,1,1,0.02,0.08,0.03,0.15,0.9,0.1,-1.2,0.0,0,0,1,0,0.825,0.2
262,6,-0.578108012676239,0.09358461946249008,2.0071637630462646,3.9575090599495875,-0.22797443213275204,2,1,1,0.02,0.08,0.03,0.15,0.9,0.1,-1.2,0.0,0,0,1,0,0.825,0.2
262,7,-1.103331446647644,-0.038260702043771744,-0.8500150442123413,4.872699087049112,0.6971954470625749,2,1,1,0.02,0.08,0.03,0.15,0.9,0.1,-1.2,0.0,0,0,1,0,0.825,0.2
263,0,0.4579271376132965,0.30838364362716675,-0.48976659774780273,0.8954771227016268,3.863411181668161,2,1,1,0.02,0.08,0.03,0.15,0.9,0.1,-1.2,0.0,0,0,1,0,0.825,0.2
263,1,-0.033430155366659164,0.2518792450428009,-2.0284762382507324,3.622321514644364,-1.2152262150845434,2,1,1,0.02,0.08,0.03,0.15,0.9,0.1,-1.2,0.0,0,0,1,0,0.825,0.2
263,2,-0.08126679062843323,-0.23484791815280914,-1.2338221073150635,-1.6551263583999438,4.17777658535059,2,1,1,0.02,0.08,0.03,0.15,0.9,0.1,-1.2,0.0,0,0,1,0,0.825,0.2
263,3,0.9672848582267761,0.21901167929172516,-1.1297893524169922,3.0444468029269087,-0.029271451973107536,2,1,1,0.02,0.08,0.03,0.15,0.9,0.1,-1.2,0.0,0,0,1,0,0.825,0.2
263,4,-1.423114538192749,0.4161292016506195,0.8657451272010803,6.28,3.184660189906388,0,0,0,0.02,0.08,0.03,0.15,0.9,0.1,-1.2,0.0,0,0,1,0,0.825,0.2
263,5,0.5323659777641296,-0.17633679509162903,-1.1014238595962524,3.295940867139894,-0.6520604536556347,2,1,1,0.02,0.08,0.03,0.15,0.9,0.1,-1.2,0.0,0,0,1,0,0.825,0.2
263,6,-0.5789397358894348,0.09604204446077347,1.8043509721755981,4.075394794491271,-0.22841480588069313,2,1,1,0.02,0.08,0.03,0.15,0.9,0.1,-1.2,0.0,0,0,1,0,0.825,0.2
263,7,-1.1003785133361816,-0.04205594211816788,-1.0313142538070679,6.28,-6.28,2,1,1,0.02,0.08,0.03,0.15,0.9,0.1,-1.2,0.0,0,0,1,0,0.825,0.2
264,0,0.4616614580154419,0.30686601996421814,-0.28712236881256104,1.3206661679286613,3.529607040071063,2,1,1,0.02,0.08,0.03,0.15,0.9,0.1,-1.2,0.0,0,0,1,0,0.825,0.2
264,1,-0.03480125963687897,0.2495933175086975,-2.204975128173828,3.5856354152506373,-1.652816567676083,2,1,1,0.02,0.08,0.03,0.15,0.9,0.1,-1.2,0.0,0,0,1,0,0.825,0.2
264,2,-0.08041653037071228,-0.2364613264799118,-0.9498780369758606,-1.8098305843327636,3.6159984037035326,2,1,1,0.02,0.08,0.03,0.15,0.9,0.1,-1.2,0.0,0,0,1,0,0.825,0.2
264,3,0.9684408903121948,0.21621334552764893,-1.2396981716156006,2.3376253456539886,0.6000439161753027,2,1,1,0.02,0.08,0.03,0.15,0.9,0.1,-1.2,0.0,0,0,1,0,0.825,0.2
264,4,-1.417959213256836,0.4210818111896515,0.689949631690979,4.438316682926841,-5.008743411024894,0,0,0,0.02,0.08,0.03,0.15,0.9,0.1,-1.2,0.0,0,0,1,0,0.825,0.2
264,5,0.5332517027854919,-0.17850446701049805,-1.2728676795959473,3.301631753307973,-0.7975763720568873,2,1,1,0.02,0.08,0.03,0.15,0.9,0.1,-1.2,0.0,0,0,1,0,0.825,0.2
264,6,-0.5794727802276611,0.0995432659983635,1.6485035419464111,4.514381901447198,-2.2064571376352062,2,1,1,0.02,0.08,0.03,0.15,0.9,0.1,-1.2,0.0,0,0,1,0,0.825,0.2
264,7,-1.0978662967681885,-0.04712831228971481,-1.2026265859603882,5.447261464653042,-6.28,2,1,1,0.02,0.08,0.03,0.15,0.9,0.1,-1.2,0.0,0,0,1,0,0.825,0.2
265,0,0.4661828279495239,0.30589762330055237,-0.14989310503005981,1.7691026268482324,2.7977410398539937,2,1,1,0.02,0.08,0.03,0.15,0.9,0.1,-1.2,0.0,0,0,1,0,0.825,0.2
265,1,-0.03640866279602051,0.24773938953876495,-2.376561403274536,3.423048980306871,-1.8219357373255374,2,1,1,0.02,0.08,0.03,0.15,0.9,0.1,-1.2,0.0,0,0,1,0,0.825,0.2
265,2,-0.07858477532863617,-0.23844967782497406,-0.708367645740509,-1.1606292728542782,3.4998157911790035,2,1,1,0.02,0.08,0.03,0.15,0.9,0.1,-1.2,0.0,0,0,1,0,0.825,0.2
265,3,0.9692664742469788,0.2133072018623352,-1.349280834197998,2.930327916763184,0.1836613228362465,2,1,1,0.02,0.08,0.03,0.15,0.9,0.1,-1.2,0.0,0,0,1,0,0.825,0.2
265,4,-1.4106594324111938,0.42638084292411804,0.5676911473274231,1.5230540387641884,-6.28,0,0,0,0.02,0.08,0.03,0.15,0.9,0.1,-1.2,0.0,0,0,1,0,0.825,0.2
265,5,0.5338119268417358,-0.18101947009563446,-1.4186607599258423,2.9823563652816927,-0.4127425259911183,2,1,1,0.02,0.08,0.03,0.15,0.9,0.1,-1.2,0.0,0,0,1,0,0.825,0.2
265,6,-0.5794951915740967,0.10337983816862106,1.4983727931976318,4.398190098983042,-1.0984608660465598,2,1,1,0.02,0.08,0.03,0.15,0.9,0.1,-1.2,0.0,0,0,1,0,0.825,0.2
265,7,-1.0974866151809692,-0.04781882464885712,-1.6063929796218872,4.747848867566985,-6.156965705426989,2,1,1,0.02,0.08,0.03,0.15,0.9,0.1,-1.2,0.0,0,0,1,0,0.825,0.2
266,0,0.4707563519477844,0.3054203689098358,-0.060361359268426895,1.4494687617763138,2.7314437804628526,2,1,1,0.02,0.08,0.03,0.15,0.9,0.1,-1.2,0.0,0,0,1,0,0.825,0.2
266,1,-0.03798394277691841,0.24645230174064636,-2.5577759742736816,3.6704097959837507,-2.6413704307764365,2,1,1,0.02,0.08,0.03,0.15,0.9,0.1,-1.2,0.0,0,0,1,0,0.825,0.2
266,2,-0.0765651986002922,-0.2398718148469925,-0.4979665279388428,-1.066308105167789,3.5686688340863735,2,1,1,0.02,0.08,0.03,0.15,0.9,0.1,-1.2,0.0,0,0,1,0,0.825,0.2
266,3,0.9697976112365723,0.2104026973247528,-1.4195492267608643,2.451378362897818,0.610112708341223,2,1,1,0.02,0.08,0.03,0.15,0.9,0.1,-1.2,0.0,0,0,1,0,0.825,0.2
266,4,-1.4099444150924683,0.42693227529525757,0.2616459131240845,2.653886947516701,-6.28,0,0,0,0.02,0.08,0.03,0.15,0.9,0.1,-1.2,0.0,0,0,1,0,0.825,0.2
266,5,0.5340195894241333,-0.18354584276676178,-1.5613211393356323,3.046902786418772,-0.620043434028313,2,1,1,0.02,0.08,0.03,0.15,0.9,0.1,-1.2,0.0,0,0,1,0,0.825,0.2
266,6,-0.579001784324646,0.1063043549656868,1.2670209407806396,4.302444594477201,-0.35318157926282134,2,1,1,0.02,0.08,0.03,0.15,0.9,0.1,-1.2,0.0,0,0,1,0,0.825,0.2
266,7,-1.0975059270858765,-0.04769231751561165,-1.8713120222091675,4.548284722534817,-4.959767440976682,2,1,1,0.02,0.08,0.03,0.15,0.9,0.1,-1.2,0.0,0,0,1,0,0.825,0.2
267,0,0.47526994347572327,0.3052801489830017,-0.012191775254905224,1.046377454160349,2.6237447575871364,2,1,1,0.02,0.08,0.03,0.15,0.9,0.1,-1.2,0.0,0,0,1,0,0.825,0.2
267,1,-0.039449915289878845,0.24564707279205322,-2.7420237064361572,3.69874649871761,-2.9027715840876973,2,1,1,0.02,0.08,0.03,0.15,0.9,0.1,-1.2,0.0,0,0,1,0,0.825,0.2
267,2,-0.0741019994020462,-0.24092799425125122,-0.313630610704422,-1.6437517388060052,3.8082649533232105,2,1,1,0.02,0.08,0.03,0.15,0.9,0.1,-1.2,0.0,0,0,1,0,0.825,0.2
267,3,0.9701411724090576,0.2073431760072708,-1.5088086128234863,2.876835526333558,0.163598411344143,2,1,1,0.02,0.08,0.03,0.15,0.9,0.1,-1.2,0.0,0,0,1,0,0.825,0.2
267,4,-1.4146645069122314,0.42645063996315,-0.052325498312711716,5.679718739592962,-1.1695674278377821,0,0,0,0.02,0.08,0.03,0.15,0.9,0.1,-1.2,0.0,0,0,1,0,0.825,0.2
267,5,0.5338860154151917,-0.18610501289367676,-1.6853997707366943,2.318340849270089,0.2879689223185882,2,1,1,0.02,0.08,0.03,0.15,0.9,0.1,-1.2,0.0,0,0,1,0,0.825,0.2
267,6,-0.5775184035301208,0.10965031385421753,1.045908808708191,4.1624007655854385,-0.051594865018751365,2,1,1,0.02,0.08,0.03,0.15,0.9,0.1,-1.2,0.0,0,0,1,0,0.825,0.2
267,7,-1.0977524518966675,-0.048427388072013855,-2.0039455890655518,4.506001821309584,-4.891679840167861,2,1,1,0.02,0.08,0.03,0.15,0.9,0.1,-1.2,0.0,0,0,1,0,0.825,0.2
268,0,0.4795165956020355,0.30531904101371765,0.031179342418909073,0.6355910795000608,2.555389717457213,2,1,1,0.02,0.08,0.03,0.15,0.9,0.1,-1.2,0.0,0,0,1,0,0.825,0.2
268,1,-0.04054009169340134,0.24528895318508148,-2.956566572189331,4.387897129909884,-4.272933394625555,2,1,1,0.02,0.08,0.03,0.15,0.9,0.1,-1.2,0.0,0,0,1,0,0.825,0.2
268,2,-0.07126253098249435,-0.24158112704753876,-0.13590969145298004,-1.7468339542750266,3.843725270879001,2,1,1,0.02,0.08,0.03,0.15,0.9,0.1,-1.2,0.0,0,0,1,0,0.825,0.2
268,3,0.9702152013778687,0.20427195727825165,-1.5797383785247803,3.1803453597129825,-0.3505651751369573,2,1,1,0.02,0.08,0.03,0.15,0.9,0.1,-1.2,0.0,0,0,1,0,0.825,0.2
268,4,-1.4175933599472046,0.42689022421836853,-0.34273386001586914,6.28,4.291260536238528,0,0,0,0.02,0.08,0.03,0.15,0.9,0.1,-1.2,0.0,0,0,1,0,0.825,0.2
268,5,0.5334603190422058,-0.18854345381259918,-1.8127174377441406,2.1413762087884263,0.4999329711256113,2,1,1,0.02,0.08,0.03,0.15,0.9,0.1,-1.2,0.0,0,0,1,0,0.825,0.2
268,6,-0.5750374794006348,0.11314085870981216,0.8607910871505737,4.1772499233347,-5.706738545732362,2,1,1,0.02,0.08,0.03,0.15,0.9,0.1,-1.2,0.0,0,0,1,0,0.825,0.2
268,7,-1.0978071689605713,-0.048869747668504715,-2.371330738067627,4.461984573908449,-3.875722258333722,2,1,1,0.02,0.08,0.03,0.15,0.9,0.1,-1.2,0.0,0,0,1,0,0.825,0.2
269,0,0.4832823872566223,0.30552494525909424,0.08420663326978683,0.8937323513387477,1.9605668507991363,2,1,1,0.02,0.08,0.03,0.15,0.9,0.1,-1.2,0.0,0,0,1,0,0.825,0.2
269,1,-0.04138002544641495,0.2452045977115631,3.0963237285614014,4.586329208510375,-4.886068938384697,2,1,1,0.02,0.08,0.03,0.15,0.9,0.1,-1.2,0.0,0,0,1,0,0.825,0.2
269,2,-0.0685235932469368,-0.24170783162117004,0.06731242686510086,-1.721592597033883,3.7950481928526707,2,1,1,0.02,0.08,0.03,0.15,0.9,0.1,-1.2,0.0,0,0,1,0,0.825,0.2
269,3,0.9700678586959839,0.20122985541820526,-1.6688271760940552,3.358745197381256,-0.8258048043325854,2,1,1,0.02,0.08,0.03,0.15,0.9,0.1,-1.2,0.0,0,0,1,0,0.825,0.2
269,4,-1.4141933917999268,0.4253765642642975,-0.5718787908554077,6.28,4.207437327264364,0,0,0,0.02,0.08,0.03,0.15,0.9,0.1,-1.2,0.0,0,0,1,0,0.825,0.2
269,5,0.5327145457267761,-0.19104675948619843,-1.8967411518096924,1.8188909795896255,0.8196633608179544,2,1,1,0.02,0.08,0.03,0.15,0.9,0.1,-1.2,0.0,0,0,1,0,0.825,0.2
269,6,-0.5718464255332947,0.11629027128219604,0.6960351467132568,4.248018104763019,-5.3001601858829135,2,1,1,0.02,0.08,0.03,0.15,0.9,0.1,-1.2,0.0,0,0,1,0,0.825,0.2
269,7,-1.097812294960022,-0.04875970259308815,-2.7150943279266357,4.536517448290393,-3.262854777493432,2,1,1,0.02,0.08,0.03,0.15,0.9,0.1,-1.2,0.0,0,0,1,0,0.825,0.2
270,0,0.4865504503250122,0.30589529871940613,0.14910030364990234,1.743254581001604,0.684433598505682,2,1,1,0.02,0.08,0.03,0.15,0.9,0.1,-1.2,0.0,0,0,1,0,0.825,0.2
270,1,-0.04163309186697006,0.245226189494133,2.802299976348877,4.4144964910003015,-4.198814175173091,2,1,1,0.02,0.08,0.03,0.15,0.9,0.1,-1.2,0.0,0,0,1,0,0.825,0.2
270,2,-0.06591090559959412,-0.24127726256847382,0.281200647354126,-4.182179841573717,4.368896442591266,2,1,1,0.02,0.08,0.03,0.15,0.9,0.1,-1.2,0.0,0,0,1,0,0.825,0.2
270,3,0.969637930393219,0.19837747514247894,-1.7874782085418701,3.7579545896873072,-1.9026684798604176,2,1,1,0.02,0.08,0.03,0.15,0.9,0.1,-1.2,0.0,0,0,1,0,0.825,0.2
270,4,-1.40671968460083,0.4196641147136688,-0.694774866104126,3.852535087271942,0.45453087812648874,0,0,0,0.02,0.08,0.03,0.15,0.9,0.1,-1.2,0.0,0,0,1,0,0.825,0.2
270,5,0.5317894816398621,-0.1935105323791504,-1.9568768739700317,-1.927272995384532,3.5702018253659373,2,1,1,0.02,0.08,0.03,0.15,0.9,0.1,-1.2,0.0,0,0,1,0,0.825,0.2
270,6,-0.5715578198432922,0.11659272760152817,0.3578411936759949,4.841848362025602,-3.109851552403499,2,1,1,0.02,0.08,0.03,0.15,0.9,0.1,-1.2,0.0,0,0,1,0,0.825,0.2
270,7,-1.0985159873962402,-0.0488857626914978,-3.046703815460205,4.533344212963589,-1.6536663404413197,2,1,1,0.02,0.08,0.03,0.15,0.9,0.1,-1.2,0.0,0,0,1,0,0.825,0.2
271,0,0.48942920565605164,0.3064003586769104,0.19245903193950653,2.4519056090615687,-0.5725932818827455,2,1,1,0.02,0.08,0.03,0.15,0.9,0.1,-1.2,0.0,0,0,1,0,0.825,0.2
271,1,-0.041487209498882294,0.24512675404548645,2.451146364212036,4.437241060377508,-3.9603035279525822,2,1,1,0.02,0.08,0.03,0.15,0.9,0.1,-1.2,0.0,0,0,1,0,0.825,0.2
271,2,-0.06362579017877579,-0.24039049446582794,0.4882845878601074,-2.872880205437535,3.7899323261023214,2,1,1,0.02,0.08,0.03,0.15,0.9,0.1,-1.2,0.0,0,0,1,0,0.825,0.2
271,3,0.9689188599586487,0.19587403535842896,-1.9303951263427734,3.161976793088818,-0.9576857191625324,2,1,1,0.02,0.08,0.03,0.15,0.9,0.1,-1.2,0.0,0,0,1,0,0.825,0.2
271,4,-1.398900032043457,0.412634938955307,-0.7798396944999695,-6.148476676424595,5.359868720738959,0,0,0,0.02,0.08,0.03,0.15,0.9,0.1,-1.2,0.0,0,0,1,0,0.825,0.2
271,5,0.5307064056396484,-0.19599685072898865,-1.9989583492279053,-2.0213660329135252,3.5218992386232273,2,1,1,0.02,0.08,0.03,0.15,0.9,0.1,-1.2,0.0,0,0,1,0,0.825,0.2
271,6,-0.5719345211982727,0.11652668565511703,-0.018126564100384712,5.506330962056796,-0.9197978747471993,2,1,1,0.02,0.08,0.03,0.15,0.9,0.1,-1.2,0.0,0,0,1,0,0.825,0.2
271,7,-1.0989124774932861,-0.04883406311273575,2.9335689544677734,4.372138005058135,-0.5856680926091966,2,1,1,0.02,0.08,0.03,0.15,0.9,0.1,-1.2,0.0,0,0,1,0,0.825,0.2
272,0,0.4918929934501648,0.30688366293907166,0.17014747858047485,2.998607276904342,-1.7025731749094997,2,1,1,0.02,0.08,0.03,0.15,0.9,0.1,-1.2,0.0,0,0,1,0,0.825,0.2
272,1,-0.041543539613485336,0.24522347748279572,2.089521884918213,4.471973495261446,-3.3793826029227447,2,1,1,0.02,0.08,0.03,0.15,0.9,0.1,-1.2,0.0,0,0,1,0,0.825,0.2
272,2,-0.06340475380420685,-0.2402796447277069,0.7794668674468994,-3.2316346052009335,4.137478907235574,2,1,1,0.02,0.08,0.03,0.15,0.9,0.1,-1.2,0.0,0,0,1,0,0.825,0.2
272,3,0.9680716395378113,0.19406525790691376,-2.119680643081665,3.033832729822961,-0.9805779382863197,2,1,1,0.02,0.08,0.03,0.15,0.9,0.1,-1.2,0.0,0,0,1,0,0.825,0.2
272,4,-1.395089030265808,0.40852150321006775,-0.9086586236953735,-6.28,5.619885136725112,0,0,0,0.02,0.08,0.03,0.15,0.9,0.1,-1.2,0.0,0,0,1,0,0.825,0.2
272,5,0.529988169670105,-0.19771362841129303,-1.8519008159637451,-2.1678592246425294,3.606642613617528,2,1,1,0.02,0.08,0.03,0.15,0.9,0.1,-1.2,0.0,0,0,1,0,0.825,0.2
272,6,-0.5705459117889404,0.11627896875143051,-0.3446572721004486,5.989137340569604,1.0888787418034303,2,1,1,0.02,0.08,0.03,0.15,0.9,0.1,-1.2,0.0,0,0,1,0,0.825,0.2
272,7,-1.1009529829025269,-0.0480630099773407,2.69291090965271,4.327393114432428,-0.6282804826489182,2,1,1,0.02,0.08,0.03,0.15,0.9,0.1,-1.2,0.0,0,0,1,0,0.825,0.2
273,0,0.4938611388206482,0.3071635067462921,0.07772201299667358,4.067909907017551,-3.6695367850489546,2,1,1,0.02,0.08,0.03,0.15,0.9,0.1,-1.2,0.0,0,0,1,0,0.825,0.2
273,1,-0.041687339544296265,0.24560484290122986,1.7312839031219482,4.484112778928956,-2.222479012514267,2,1,1,0.02,0.08,0.03,0.15,0.9,0.1,-1.2,0.0,0,0,1,0,0.825,0.2
273,2,-0.06333550065755844,-0.24014383554458618,1.052984356880188,-2.409105349344851,4.0468833447400465,2,1,1,0.02,0.08,0.03,0.15,0.9,0.1,-1.2,0.0,0,0,1,0,0.825,0.2
273,3,0.9668061137199402,0.19235315918922424,-2.275592565536499,2.0626882624354086,0.20988501557498793,2,1,1,0.02,0.08,0.03,0.15,0.9,0.1,-1.2,0.0,0,0,1,0,0.825,0.2
273,4,-1.395140528678894,0.40838173031806946,-0.5936357378959656,-6.28,4.874717210939644,0,0,0,0.02,0.08,0.03,0.15,0.9,0.1,-1.2,0.0,0,0,1,0,0.825,0.2
273,5,0.5296931862831116,-0.19922395050525665,-1.6569629907608032,-2.251531534477241,3.6986132988815212,2,1,1,0.02,0.08,0.03,0.15,0.9,0.1,-1.2,0.0,0,0,1,0,0.825,0.2
273,6,-0.5674750804901123,0.11466076225042343,-0.6037745475769043,6.148808531401071,1.6994334305798302,2,1,1,0.02,0.08,0.03,0.15,0.9,0.1,-1.2,0.0,0,0,1,0,0.825,0.2
273,7,-1.103954792022705,-0.04622913524508476,2.508654832839966,4.1829297576700215,-0.12637293601628177,2,1,1,0.02,0.08,0.03,0.15,0.9,0.1,-1.2,0.0,0,0,1,0,0.825,0.2
274,0,0.4952752888202667,0.3071948289871216,-0.07593964785337448,4.150782457255529,-3.8812080116460907,2,1,1,0.02,0.08,0.03,0.15,0.9,0.1,-1.2,0.0,0,0,1,0,0.825,0.2
274,1,-0.04167493060231209,0.24629956483840942,1.4058376550674438,4.4456681222054355,-0.9831807282162816,2,1,1,0.02,0.08,0.03,0.15,0.9,0.1,-1.2,0.0,0,0,1,0,0.825,0.2
274,2,-0.06325335800647736,-0.23992761969566345,1.3309288024902344,-1.523250955962645,3.996502341772734,2,1,1,0.02,0.08,0.03,0.15,0.9,0.1,-1.2,0.0,0,0,1,0,0.825,0.2
274,3,0.9653430581092834,0.19087275862693787,-2.4172427654266357,0.8553038287200835,1.4844809767768845,2,1,1,0.02,0.08,0.03,0.15,0.9,0.1,-1.2,0.0,0,0,1,0,0.825,0.2
274,4,-1.3957316875457764,0.4085857570171356,-0.15463970601558685,-5.872877570928525,4.494410160868187,0,0,0,0.02,0.08,0.03,0.15,0.9,0.1,-1.2,0.0,0,0,1,0,0.825,0.2
274,5,0.5296934247016907,-0.2007197141647339,-1.454270362854004,-1.390291755080707,3.189371436888194,2,1,1,0.02,0.08,0.03,0.15,0.9,0.1,-1.2,0.0,0,0,1,0,0.825,0.2
274,6,-0.562827467918396,0.11068522930145264,-0.8017957806587219,2.6935811717949445,0.32759809606823387,2,1,1,0.02,0.08,0.03,0.15,0.9,0.1,-1.2,0.0,0,0,1,0,0.825,0.2
274,7,-1.1067594289779663,-0.043790508061647415,2.3357136249542236,4.021913431982137,0.36453088337662676,2,1,1,0.02,0.08,0.03,0.15,0.9,0.1,-1.2,0.0,0,0,1,0,0.825,0.2
275,0,0.49589306116104126,0.30710580945014954,-0.3290088474750519,4.35387567667498,-4.236988036985069,2,1,1,0.02,0.08,0.03,0.15,0.9,0.1,-1.2,0.0,0,0,1,0,0.825,0.2
275,1,-0.04099193587899208,0.2480533868074417,1.1208199262619019,4.232149901083336,0.6939216186069949,2,1,1,0.02,0.08,0.03,0.15,0.9,0.1,-1.2,0.0,0,0,1,0,0.825,0.2
275,2,-0.06317193806171417,-0.23906415700912476,1.5858664512634277,-0.5651868211436668,3.8114466216038365,2,1,1,0.02,0.08,0.03,0.15,0.9,0.1,-1.2,0.0,0,0,1,0,0.825,0.2
275,3,0.9636078476905823,0.18948306143283844,-2.4970788955688477,1.647784265252463,0.543571546475708,2,1,1,0.02,0.08,0.03,0.15,0.9,0.1,-1.2,0.0,0,0,1,0,0.825,0.2
275,4,-1.3952080011367798,0.40805134177207947,-0.13234540820121765,-6.182393241106004,4.401331653344516,0,0,0,0.02,0.08,0.03,0.15,0.9,0.1,-1.2,0.0,0,0,1,0,0.825,0.2
275,5,0.5300179123878479,-0.20224516093730927,-1.2426375150680542,-0.4173817981831293,2.5638148973108246,2,1,1,0.02,0.08,0.03,0.15,0.9,0.1,-1.2,0.0,0,0,1,0,0.825,0.2
275,6,-0.5581811666488647,0.10499347001314163,-0.9723103642463684,2.416785954711579,0.9081728296162084,2,1,1,0.02,0.08,0.03,0.15,0.9,0.1,-1.2,0.0,0,0,1,0,0.825,0.2
275,7,-1.1092828512191772,-0.04070620611310005,2.180513858795166,-6.28,6.267714782586607,2,1,1,0.02,0.08,0.03,0.15,0.9,0.1,-1.2,0.0,0,0,1,0,0.825,0.2
276,0,0.49608540534973145,0.3069888949394226,-0.6132175922393799,4.318640794590083,-4.078950109295657,2,1,1,0.02,0.08,0.03,0.15,0.9,0.1,-1.2,0.0,0,0,1,0,0.825,0.2
276,1,-0.03933614119887352,0.250884085893631,0.891376793384552,3.9062969995130183,1.8593206354943332,2,1,1,0.02,0.08,0.03,0.15,0.9,0.1,-1.2,0.0,0,0,1,0,0.825,0.2
276,2,-0.0634254738688469,-0.23730863630771637,1.804395079612732,0.4747158657432465,1.9380371201780773,2,1,1,0.02,0.08,0.03,0.15,0.9,0.1,-1.2,0.0,0,0,1,0,0.825,0.2
276,3,0.9617394208908081,0.18810833990573883,-2.491992235183716,1.4569126763715476,0.5745886784097243,2,1,1,0.02,0.08,0.03,0.15,0.9,0.1,-1.2,0.0,0,0,1,0,0.825,0.2
276,4,-1.3923283815383911,0.4077945351600647,0.07153434306383133,-5.746865133393866,4.315516228426558,0,0,0,0.02,0.08,0.03,0.15,0.9,0.1,-1.2,0.0,0,0,1,0,0.825,0.2
276,5,0.5308552980422974,-0.20411615073680878,-1.0614216327667236,-0.6955769987827845,3.1004391923139343,2,1,1,0.02,0.08,0.03,0.15,0.9,0.1,-1.2,0.0,0,0,1,0,0.825,0.2
276,6,-0.5561098456382751,0.10158821940422058,-1.0704760551452637,3.7621754928876845,-2.701766139064125,2,1,1,0.02,0.08,0.03,0.15,0.9,0.1,-1.2,0.0,0,0,1,0,0.825,0.2
276,7,-1.1115078926086426,-0.03700296953320503,2.0480384826660156,6.28,-6.28,2,1,1,0.02,0.08,0.03,0.15,0.9,0.1,-1.2,0.0,0,0,1,0,0.825,0.2
277,0,0.4956872761249542,0.30736416578292847,-0.9377262592315674,4.236458019474319,-3.5703578750880274,2,1,1,0.02,0.08,0.03,0.15,0.9,0.1,-1.2,0.0,0,0,1,0,0.825,0.2
277,1,-0.03623497113585472,0.25422143936157227,0.7498398423194885,3.701598206110783,2.1070697625139596,2,1,1,0.02,0.08,0.03,0.15,0.9,0.1,-1.2,0.0,0,0,1,0,0.825,0.2
277,2,-0.06431899219751358,-0.23471485078334808,1.9774792194366455,0.04509608501445366,2.1736706405779334,2,1,1,0.02,0.08,0.03,0.15,0.9,0.1,-1.2,0.0,0,0,1,0,0.825,0.2
277,3,0.9599642753601074,0.18677875399589539,-2.518437385559082,2.5782967678447646,-0.9457283242384078,2,1,1,0.02,0.08,0.03,0.15,0.9,0.1,-1.2,0.0,0,0,1,0,0.825,0.2
277,4,-1.3930554389953613,0.407784104347229,0.4080085754394531,-4.152204042862667,4.511744970931604,0,0,0,0.02,0.08,0.03,0.15,0.9,0.1,-1.2,0.0,0,0,1,0,0.825,0.2
277,5,0.532162606716156,-0.20611728727817535,-0.9352744817733765,-1.1056201656369553,3.497473090279943,2,1,1,0.02,0.08,0.03,0.15,0.9,0.1,-1.2,0.0,0,0,1,0,0.825,0.2
277,6,-0.5546610951423645,0.09870529919862747,-1.1290541887283325,3.833830218794354,-2.793935229671208,2,1,1,0.02,0.08,0.03,0.15,0.9,0.1,-1.2,0.0,0,0,1,0,0.825,0.2
277,7,-1.1118080615997314,-0.03620748594403267,2.3810577392578125,-6.28,6.28,2,1,1,0.02,0.08,0.03,0.15,0.9,0.1,-1.2,0.0,0,0,1,0,0.825,0.2
278,0,0.49541527032852173,0.30786633491516113,-1.263187050819397,3.9526431442332006,-2.091572931871875,2,1,1,0.02,0.08,0.03,0.15,0.9,0.1,-1.2,0.0,0,0,1,0,0.825,0.2
278,1,-0.03201128914952278,0.2578083872795105,0.6672298908233643,3.5992480872707393,1.7231934850198423,2,1,1,0.02,0.08,0.03,0.15,0.9,0.1,-1.2,0.0,0,0,1,0,0.825,0.2
278,2,-0.06543057411909103,-0.23244278132915497,2.0494635105133057,-0.6190240837129268,2.6708908156789404,2,1,1,0.02,0.08,0.03,0.15,0.9,0.1,-1.2,0.0,0,0,1,0,0.825,0.2
278,3,0.9582711458206177,0.18560124933719635,-2.55092453956604,3.2757081220388353,-2.047980529859564,2,1,1,0.02,0.08,0.03,0.15,0.9,0.1,-1.2,0.0,0,0,1,0,0.825,0.2
278,4,-1.3914179801940918,0.4086771607398987,0.6465156674385071,-2.9969007734391067,4.689592383461956,0,0,0,0.02,0.08,0.03,0.15,0.9,0.1,-1.2,0.0,0,0,1,0,0.825,0.2
278,5,0.5337550044059753,-0.20801766216754913,-0.8037383556365967,-0.9488788769693199,3.5062645744162233,2,1,1,0.02,0.08,0.03,0.15,0.9,0.1,-1.2,0.0,0,0,1,0,0.825,0.2
278,6,-0.554095983505249,0.09730569273233414,-1.3213248252868652,3.791601896921294,-2.558452521001658,2,1,1,0.02,0.08,0.03,0.15,0.9,0.1,-1.2,0.0,0,0,1,0,0.825,0.2
278,7,-1.1118940114974976,-0.0362020768225193,2.101278305053711,6.28,-6.28,2,1,1,0.02,0.08,0.03,0.15,0.9,0.1,-1.2,0.0,0,0,1,0,0.825,0.2
279,0,0.4953772723674774,0.3080255389213562,-1.5676947832107544,4.136983003086539,-2.450286314341489,2,1,1,0.02,0.08,0.03,0.15,0.9,0.1,-1.2,0.0,0,0,1,0,0.825,0.2
279,1,-0.027367781847715378,0.261247843503952,0.6084410548210144,3.3394114929908403,1.4895723521803002,2,1,1,0.02,0.08,0.03,0.15,0.9,0.1,-1.2,0.0,0,0,1,0,0.825,0.2
279,2,-0.06652889400720596,-0.23048044741153717,2.1188671588897705,2.052481087384985,-0.8360168701616505,2,1,1,0.02,0.08,0.03,0.15,0.9,0.1,-1.2,0.0,0,0,1,0,0.825,0.2
279,3,0.9568151235580444,0.18469686806201935,-2.6561622619628906,3.7816266230261637,-2.882362332294807,2,1,1,0.02,0.08,0.03,0.15,0.9,0.1,-1.2,0.0,0,0,1,0,0.825,0.2
279,4,-1.3910382986068726,0.4089576005935669,0.9524994492530823,-1.8784839736939574,4.890979737293829,0,0,0,0.02,0.08,0.03,0.15,0.9,0.1,-1.2,0.0,0,0,1,0,0.825,0.2
279,5,0.5355613827705383,-0.20964790880680084,-0.6466569304466248,-3.115263134797501,3.850764717159004,2,1,1,0.02,0.08,0.03,0.15,0.9,0.1,-1.2,0.0,0,0,1,0,0.825,0.2
279,6,-0.5539625287055969,0.09626206010580063,-1.553795576095581,3.2530999996084815,-1.571633691591716,2,1,1,0.02,0.08,0.03,0.15,0.9,0.1,-1.2,0.0,0,0,1,0,0.825,0.2
279,7,-1.1119015216827393,-0.03620712459087372,2.3818211555480957,-6.28,6.118424366714487,2,1,1,0.02,0.08,0.03,0.15,0.9,0.1,-1.2,0.0,0,0,1,0,0.825,0.2
280,0,0.4952099621295929,0.30698153376579285,-1.813080072402954,4.176578785632464,-2.780325840566964,2,1,1,0.02,0.08,0.03,0.15,0.9,0.1,-1.2,0.0,0,0,1,0,0.825,0.2
280,1,-0.02284039556980133,0.26421013474464417,0.5446723699569702,3.031276665318243,1.2805068215818365,2,1,1,0.02,0.08,0.03,0.15,0.9,0.1,-1.2,0.0,0,0,1,0,0.825,0.2
280,2,-0.06769464910030365,-0.2287522256374359,2.225985527038574,0.22484419943094858,0.5032445496570614,2,1,1,0.02,0.08,0.03,0.15,0.9,0.1,-1.2,0.0,0,0,1,0,0.825,0.2
280,3,0.9556139707565308,0.1841626912355423,-2.8309378623962402,4.110731786554226,-3.436259692972071,2,1,1,0.02,0.08,0.03,0.15,0.9,0.1,-1.2,0.0,0,0,1,0,0.825,0.2
280,4,-1.3903900384902954,0.410108745098114,1.2731528282165527,-0.7624293706956785,4.987174918313101,0,0,0,0.02,0.08,0.03,0.15,0.9,0.1,-1.2,0.0,0,0,1,0,0.825,0.2
280,5,0.537688672542572,-0.21101751923561096,-0.48915717005729675,-3.0353000419891734,3.872236368154838,2,1,1,0.02,0.08,0.03,0.15,0.9,0.1,-1.2,0.0,0,0,1,0,0.825,0.2
280,6,-0.55409175157547,0.09485074877738953,-1.7867445945739746,3.6028054801492293,-1.87640402460549,2,1,1,0.02,0.08,0.03,0.15,0.9,0.1,-1.2,0.0,0,0,1,0,0.825,0.2
280,7,-1.1119056940078735,-0.036239493638277054,2.0983495712280273,6.28,-6.28,2,1,1,0.02,0.08,0.03,0.15,0.9,0.1,-1.2,0.0,0,0,1,0,0.825,0.2
281,0,0.4948093891143799,0.30593425035476685,-2.0610897541046143,3.7571461080970603,-1.7672406240047673,2,1,1,0.02,0.08,0.03,0.15,0.9,0.1,-1.2,0.0,0,0,1,0,0.825,0.2
281,1,-0.01855151727795601,0.2666298449039459,0.47957587242126465,2.5435327146851203,1.2405477384093102,2,1,1,0.02,0.08,0.03,0.15,0.9,0.1,-1.2,0.0,0,0,1,0,0.825,0.2
281,2,-0.06854356825351715,-0.22766779363155365,2.1675961017608643,1.7286557800640368,-0.5924946646042651,2,1,1,0.02,0.08,0.03,0.15,0.9,0.1,-1.2,0.0,0,0,1,0,0.825,0.2
281,3,0.954664945602417,0.18394260108470917,-3.0565507411956787,4.0626182532653266,-2.9254942052241746,2,1,1,0.02,0.08,0.03,0.15,0.9,0.1,-1.2,0.0,0,0,1,0,0.825,0.2
281,4,-1.3899846076965332,0.41281887888908386,1.5656529664993286,-0.21437794785504963,4.766524523666556,0,0,0,0.02,0.08,0.03,0.15,0.9,0.1,-1.2,0.0,0,0,1,0,0.825,0.2
281,5,0.5386938452720642,-0.21147355437278748,-0.2616228461265564,-3.374760207675693,4.114898067701177,2,1,1,0.02,0.08,0.03,0.15,0.9,0.1,-1.2,0.0,0,0,1,0,0.825,0.2
281,6,-0.5547190308570862,0.0929703563451767,-1.9878884553909302,3.0389490460312114,-1.0313233964084163,2,1,1,0.02,0.08,0.03,0.15,0.9,0.1,-1.2,0.0,0,0,1,0,0.825,0.2
281,7,-1.1118099689483643,-0.0363183468580246,2.3753960132598877,-6.28,6.213253074320825,2,1,1,0.02,0.08,0.03,0.15,0.9,0.1,-1.2,0.0,0,0,1,0,0.825,0.2
282,0,0.49433907866477966,0.3052688539028168,-2.3257358074188232,3.291898900499751,-1.1223090831792997,2,1,1,0.02,0.08,0.03,0.15,0.9,0.1,-1.2,0.0,0,0,1,0,0.825,0.2
282,1,-0.014576200395822525,0.26854804158210754,0.4174599349498749,2.383875968476009,0.7193258492943555,2,1,1,0.02,0.08,0.03,0.15,0.9,0.1,-1.2,0.0,0,0,1,0,0.825,0.2
282,2,-0.06899870932102203,-0.22698307037353516,2.155179023742676,1.7773981790156337,-0.5335336755519255,2,1,1,0.02,0.08,0.03,0.15,0.9,0.1,-1.2,0.0,0,0,1,0,0.825,0.2
282,3,0.9539363384246826,0.18394926190376282,2.962935447692871,4.110417079403917,-2.4714433239524465,2,1,1,0.02,0.08,0.03,0.15,0.9,0.1,-1.2,0.0,0,0,1,0,0.825,0.2
282,4,-1.3904722929000854,0.41684985160827637,1.8145288228988647,-2.7973292245905133,4.480478181448135,0,0,0,0.02,0.08,0.03,0.15,0.9,0.1,-1.2,0.0,0,0,1,0,0.825,0.2
282,5,0.5394976139068604,-0.2116064429283142,-0.017761923372745514,-3.6395705236794695,4.262347176471572,2,1,1,0.02,0.08,0.03,0.15,0.9,0.1,-1.2,0.0,0,0,1,0,0.825,0.2
282,6,-0.5558128952980042,0.09102878719568253,-2.1931376457214355,2.1184669551937736,-0.08223724914424996,2,1,1,0.02,0.08,0.03,0.15,0.9,0.1,-1.2,0.0,0,0,1,0,0.825,0.2
282,7,-1.111718773841858,-0.036322783678770065,2.0904979705810547,-6.28,6.28,2,1,1,0.02,0.08,0.03,0.15,0.9,0.1,-1.2,0.0,0,0,1,0,0.825,0.2
283,0,0.493219792842865,0.3043520450592041,-2.55359148979187,2.669749285583053,-0.3340208602670671,2,1,1,0.02,0.08,0.03,0.15,0.9,0.1,-1.2,0.0,0,0,1,0,0.825,0.2
283,1,-0.010982765816152096,0.27003249526023865,0.3686283528804779,1.5562412296959987,0.9748694875210779,2,1,1,0.02,0.08,0.03,0.15,0.9,0.1,-1.2,0.0,0,0,1,0,0.825,0.2
283,2,-0.06956027448177338,-0.22609232366085052,2.091946840286255,2.4664110003548427,-0.8376824378825642,2,1,1,0.02,0.08,0.03,0.15,0.9,0.1,-1.2,0.0,0,0,1,0,0.825,0.2
283,3,0.9529663324356079,0.18427182734012604,2.709942579269409,4.2587085793127395,-2.6906897380009007,2,1,1,0.02,0.08,0.03,0.15,0.9,0.1,-1.2,0.0,0,0,1,0,0.825,0.2
283,4,-1.3920165300369263,0.4211195111274719,2.0289578437805176,-6.28,3.769587148054368,0,0,0,0.02,0.08,0.03,0.15,0.9,0.1,-1.2,0.0,0,0,1,0,0.825,0.2
283,5,0.5403280258178711,-0.21150726079940796,0.24467535316944122,-3.2882039496714124,4.192933837612889,2,1,1,0.02,0.08,0.03,0.15,0.9,0.1,-1.2,0.0,0,0,1,0,0.825,0.2
283,6,-0.5572903752326965,0.08930802345275879,-2.3640973567962646,1.2135385413525004,0.6061746319290253,2,1,1,0.02,0.08,0.03,0.15,0.9,0.1,-1.2,0.0,0,0,1,0,0.825,0.2
283,7,-1.1116245985031128,-0.03634798154234886,2.37046480178833,-6.28,6.28,2,1,1,0.02,0.08,0.03,0.15,0.9,0.1,-1.2,0.0,0,0,1,0,0.825,0.2
284,0,0.49161314964294434,0.3035033345222473,-2.7358336448669434,3.0137281586013134,-1.0527802210759898,2,1,1,0.02,0.08,0.03,0.15,0.9,0.1,-1.2,0.0,0,0,1,0,0.825,0.2
284,1,-0.00793328508734703,0.271123468875885,0.3128160238265991,0.1983217010257613,1.6410026425373143,2,1,1,0.02,0.08,0.03,0.15,0.9,0.1,-1.2,0.0,0,0,1,0,0.825,0.2
284,2,-0.07012452930212021,-0.22500784695148468,2.01073956489563,3.2570395151446196,-1.2484247750209307,2,1,1,0.02,0.08,0.03,0.15,0.9,0.1,-1.2,0.0,0,0,1,0,0.825,0.2
284,3,0.9516492486000061,0.18508513271808624,2.4745547771453857,4.3451944997020515,-3.194686334342553,2,1,1,0.02,0.08,0.03,0.15,0.9,0.1,-1.2,0.0,0,0,1,0,0.825,0.2
284,4,-1.3932925462722778,0.4231603443622589,2.311629056930542,-6.28,2.9185093868213543,0,0,0,0.02,0.08,0.03,0.15,0.9,0.1,-1.2,0.0,0,0,1,0,0.825,0.2
284,5,0.5410071611404419,-0.2112712860107422,0.5226773023605347,-3.175447707573112,4.221414900014084,2,1,1,0.02,0.08,0.03,0.15,0.9,0.1,-1.2,0.0,0,0,1,0,0.825,0.2
284,6,-0.5589626431465149,0.08783525973558426,-2.4639203548431396,0.9415343858307832,0.7067481013017117,2,1,1,0.02,0.08,0.03,0.15,0.9,0.1,-1.2,0.0,0,0,1,0,0.825,0.2
284,7,-1.1116095781326294,-0.036383166909217834,2.6445820331573486,-5.176932927775115,4.686174923197613,2,1,1,0.02,0.08,0.03,0.15,0.9,0.1,-1.2,0.0,0,0,1,0,0.825,0.2
285,0,0.48966169357299805,0.3028305768966675,-2.8642048835754395,3.461106416809516,-2.028233059942504,2,1,1,0.02,0.08,0.03,0.15,0.9,0.1,-1.2,0.0,0,0,1,0,0.825,0.2
285,1,-0.005401940550655127,0.271889865398407,0.28486090898513794,-1.8250091780084194,2.9055147569898305,2,1,1,0.02,0.08,0.03,0.15,0.9,0.1,-1.2,0.0,0,0,1,0,0.825,0.2
285,2,-0.07071086764335632,-0.22357000410556793,1.9016780853271484,3.5673882842788385,-1.2901488702375343,2,1,1,0.02,0.08,0.03,0.15,0.9,0.1,-1.2,0.0,0,0,1,0,0.825,0.2
285,3,0.9504927396774292,0.18620271980762482,2.232529401779175,4.288348881590202,-3.0959958714125873,2,1,1,0.02,0.08,0.03,0.15,0.9,0.1,-1.2,0.0,0,0,1,0,0.825,0.2
285,4,-1.3922010660171509,0.4224010705947876,2.7010107040405273,-4.7674744212039455,4.357685906451601,0,0,0,0.02,0.08,0.03,0.15,0.9,0.1,-1.2,0.0,0,0,1,0,0.825,0.2
285,5,0.5417085289955139,-0.21075262129306793,0.7899147272109985,-1.6365343838754685,3.81699692873385,2,1,1,0.02,0.08,0.03,0.15,0.9,0.1,-1.2,0.0,0,0,1,0,0.825,0.2
285,6,-0.56050044298172,0.08666416257619858,-2.499251365661621,1.1930524552856085,0.36710822442543944,2,1,1,0.02,0.08,0.03,0.15,0.9,0.1,-1.2,0.0,0,0,1,0,0.825,0.2
285,7,-1.1116095781326294,-0.036383163183927536,2.6445822715759277,-5.3356966875588006,4.756906016904928,2,1,1,0.02,0.08,0.03,0.15,0.9,0.1,-1.2,0.0,0,0,1,0,0.825,0.2
286,0,0.487735778093338,0.3024126887321472,-3.0010292530059814,4.033762000626492,-3.293637449823734,2,1,1,0.02,0.08,0.03,0.15,0.9,0.1,-1.2,0.0,0,0,1,0,0.825,0.2
286,1,-0.003507903777062893,0.2724530100822449,0.3213830292224884,-3.768464774591229,4.12080162323364,2,1,1,0.02,0.08,0.03,0.15,0.9,0.1,-1.2,0.0,0,0,1,0,0.825,0.2
286,2,-0.07120780646800995,-0.22169813513755798,1.7517200708389282,3.7612367155882382,-1.1833913186572553,2,1,1,0.02,0.08,0.03,0.15,0.9,0.1,-1.2,0.0,0,0,1,0,0.825,0.2
286,3,0.949824333190918,0.18725833296775818,1.9711697101593018,3.82535794119268,-1.5817030470703117,2,1,1,0.02,0.08,0.03,0.15,0.9,0.1,-1.2,0.0,0,0,1,0,0.825,0.2
286,4,-1.3893747329711914,0.4216839671134949,3.0854828357696533,-1.5637539474519169,5.411838844254819,0,0,0,0.02,0.08,0.03,0.15,0.9,0.1,-1.2,0.0,0,0,1,0,0.825,0.2
286,5,0.5422894954681396,-0.20993934571743011,1.05080246925354,-0.47870780178890376,3.526658184807051,2,1,1,0.02,0.08,0.03,0.15,0.9,0.1,-1.2,0.0,0,0,1,0,0.825,0.2
286,6,-0.5618770122528076,0.08565587550401688,-2.510822057723999,1.0734744916920458,0.3335968647396449,2,1,1,0.02,0.08,0.03,0.15,0.9,0.1,-1.2,0.0,0,0,1,0,0.825,0.2
286,7,-1.111785888671875,-0.036347895860672,2.9398796558380127,-3.4619677973507477,4.280101766991561,2,1,1,0.02,0.08,0.03,0.15,0.9,0.1,-1.2,0.0,0,0,1,0,0.825,0.2
287,0,0.4861970543861389,0.3023097515106201,3.0995960235595703,3.7903575887015317,-2.6133022162249233,2,1,1,0.02,0.08,0.03,0.15,0.9,0.1,-1.2,0.0,0,0,1,0,0.825,0.2
287,1,-0.002349568298086524,0.27289095520973206,0.4647589325904846,-4.806421505266579,4.583095536739064,2,1,1,0.02,0.08,0.03,0.15,0.9,0.1,-1.2,0.0,0,0,1,0,0.825,0.2
287,2,-0.07142801582813263,-0.2194792926311493,1.58334219455719,3.755901656710818,-0.8393910134029309,2,1,1,0.02,0.08,0.03,0.15,0.9,0.1,-1.2,0.0,0,0,1,0,0.825,0.2
287,3,0.9494758248329163,0.18839877843856812,1.7103095054626465,3.848297275880451,-1.6362759925287844,2,1,1,0.02,0.08,0.03,0.15,0.9,0.1,-1.2,0.0,0,0,1,0,0.825,0.2
287,4,-1.392352819442749,0.4217427968978882,-3.016958475112915,-0.4130881350228217,5.815119889384356,0,0,0,0.02,0.08,0.03,0.15,0.9,0.1,-1.2,0.0,0,0,1,0,0.825,0.2
287,5,0.5430059432983398,-0.20820997655391693,1.2579607963562012,-0.8142358856775729,3.844700631368148,2,1,1,0.02,0.08,0.03,0.15,0.9,0.1,-1.2,0.0,0,0,1,0,0.825,0.2
287,6,-0.5632129907608032,0.08470269292593002,-2.5378243923187256,0.1182859281859714,1.0219990819597191,2,1,1,0.02,0.08,0.03,0.15,0.9,0.1,-1.2,0.0,0,0,1,0,0.825,0.2
287,7,-1.1119332313537598,-0.03634091094136238,-2.980222702026367,-1.4247457800613035,4.395738484362838,2,1,1,0.02,0.08,0.03,0.15,0.9,0.1,-1.2,0.0,0,0,1,0,0.825,0.2
288,0,0.4851435124874115,0.3024452328681946,2.848304033279419,3.7827555200152685,-2.158674416704878,2,1,1,0.02,0.08,0.03,0.15,0.9,0.1,-1.2,0.0,0,0,1,0,0.825,0.2
288,1,-0.001911172759719193,0.27314186096191406,0.7216554880142212,-3.2037886593107716,4.053491332307618,2,1,1,0.02,0.08,0.03,0.15,0.9,0.1,-1.2,0.0,0,0,1,0,0.825,0.2
288,2,-0.07123525440692902,-0.21693460643291473,1.4091602563858032,3.395947100889659,-0.27930104818955703,2,1,1,0.02,0.08,0.03,0.15,0.9,0.1,-1.2,0.0,0,0,1,0,0.825,0.2
288,3,0.9494247436523438,0.19035214185714722,1.500016212463379,3.4778916907264352,-0.116256374514263,2,1,1,0.02,0.08,0.03,0.15,0.9,0.1,-1.2,0.0,0,0,1,0,0.825,0.2
288,4,-1.39486825466156,0.4210270643234253,-2.7376296520233154,1.4129504782212146,5.989993755134459,0,0,0,0.02,0.08,0.03,0.15,0.9,0.1,-1.2,0.0,0,0,1,0,0.825,0.2
288,5,0.5436620712280273,-0.2054096907377243,1.4073960781097412,-0.09108908731870237,3.578918059646208,2,1,1,0.02,0.08,0.03,0.15,0.9,0.1,-1.2,0.0,0,0,1,0,0.825,0.2
288,6,-0.5644670128822327,0.08386343717575073,-2.5668582916259766,0.002088150597564023,1.0999176117754246,2,1,1,0.02,0.08,0.03,0.15,0.9,0.1,-1.2,0.0,0,0,1,0,0.825,0.2
288,7,-1.113275408744812,-0.036620937287807465,-2.667069673538208,-0.12202232720745741,4.692254526431457,2,1,1,0.02,0.08,0.03,0.15,0.9,0.1,-1.2,0.0,0,0,1,0,0.825,0.2
289,0,0.4838792383670807,0.30299466848373413,2.60595703125,4.06025854808735,-2.4278500609327547,2,1,1,0.02,0.08,0.03,0.15,0.9,0.1,-1.2,0.0,0,0,1,0,0.825,0.2
289,1,-0.0019496541935950518,0.27304646372795105,1.0471872091293335,-1.8298017062893395,3.8337910716183616,2,1,1,0.02,0.08,0.03,0.15,0.9,0.1,-1.2,0.0,0,0,1,0,0.825,0.2
289,2,-0.07053766399621964,-0.2141363024711609,1.2442797422409058,3.446482445993558,-0.23446271629077342,2,1,1,0.02,0.08,0.03,0.15,0.9,0.1,-1.2,0.0,0,0,1,0,0.825,0.2
289,3,0.9497897028923035,0.19260826706886292,1.3061304092407227,3.548577645149657,-0.09380562702329676,2,1,1,0.02,0.08,0.03,0.15,0.9,0.1,-1.2,0.0,0,0,1,0,0.825,0.2
289,4,-1.3987821340560913,0.4187207520008087,-2.4936773777008057,1.9615928900142683,4.396037813359191,0,0,0,0.02,0.08,0.03,0.15,0.9,0.1,-1.2,0.0,0,0,1,0,0.825,0.2
289,5,0.5439402461051941,-0.2023870348930359,1.565639615058899,-0.28581848873398435,3.711706593949092,2,1,1,0.02,0.08,0.03,0.15,0.9,0.1,-1.2,0.0,0,0,1,0,0.825,0.2
289,6,-0.5654493570327759,0.08322803676128387,-2.5458648204803467,-2.1357267785571334,2.814377827373082,2,1,1,0.02,0.08,0.03,0.15,0.9,0.1,-1.2,0.0,0,0,1,0,0.825,0.2
289,7,-1.1152641773223877,-0.03816799819469452,-2.410802125930786,0.8385020225843687,4.82266748569972,2,1,1,0.02,0.08,0.03,0.15,0.9,0.1,-1.2,0.0,0,0,1,0,0.825,0.2
290,0,0.48261314630508423,0.30393508076667786,2.3931756019592285,4.099259041614261,-2.1737067324643307,2,1,1,0.02,0.08,0.03,0.15,0.9,0.1,-1.2,0.0,0,0,1,0,0.825,0.2
290,1,-0.0017610775539651513,0.2735499441623688,1.3454313278198242,-1.670664869497129,4.1457096263648,2,1,1,0.02,0.08,0.03,0.15,0.9,0.1,-1.2,0.0,0,0,1,0,0.825,0.2
290,2,-0.06934364140033722,-0.21128876507282257,1.1086757183074951,3.3998160025884805,-0.14131681123602247,2,1,1,0.02,0.08,0.03,0.15,0.9,0.1,-1.2,0.0,0,0,1,0,0.825,0.2
290,3,0.9508253931999207,0.19549618661403656,1.1647945642471313,3.631293375984583,-0.5116880907913031,2,1,1,0.02,0.08,0.03,0.15,0.9,0.1,-1.2,0.0,0,0,1,0,0.825,0.2
290,4,-1.4035913944244385,0.41425463557243347,-2.3063368797302246,2.44600537197373,0.7121929369826188,0,0,0,0.02,0.08,0.03,0.15,0.9,0.1,-1.2,0.0,0,0,1,0,0.825,0.2
290,5,0.543719470500946,-0.19898705184459686,1.7012847661972046,-0.008186292989569022,3.555892057242267,2,1,1,0.02,0.08,0.03,0.15,0.9,0.1,-1.2,0.0,0,0,1,0,0.825,0.2
290,6,-0.5662757754325867,0.0826491266489029,-2.5051870346069336,-4.233543456785071,4.320961505133457,2,1,1,0.02,0.08,0.03,0.15,0.9,0.1,-1.2,0.0,0,0,1,0,0.825,0.2
290,7,-1.1179225444793701,-0.04110017046332359,-2.213261127471924,1.2244997752125903,5.00007479155196,2,1,1,0.02,0.08,0.03,0.15,0.9,0.1,-1.2,0.0,0,0,1,0,0.825,0.2
291,0,0.4815201461315155,0.30516716837882996,2.1690287590026855,4.172864626741989,-2.0507029983667926,2,1,1,0.02,0.08,0.03,0.15,0.9,0.1,-1.2,0.0,0,0,1,0,0.825,0.2
291,1,-0.0015818479005247355,0.2752387225627899,1.5787478685379028,-1.9968166678469754,4.389397938349906,2,1,1,0.02,0.08,0.03,0.15,0.9,0.1,-1.2,0.0,0,0,1,0,0.825,0.2
291,2,-0.06774070858955383,-0.20852379500865936,0.9796019792556763,2.882528952548809,0.2833617606627977,2,1,1,0.02,0.08,0.03,0.15,0.9,0.1,-1.2,0.0,0,0,1,0,0.825,0.2
291,3,0.9523772597312927,0.1985621303319931,1.0377540588378906,3.4028187936851277,0.08415742479188464,2,1,1,0.02,0.08,0.03,0.15,0.9,0.1,-1.2,0.0,0,0,1,0,0.825,0.2
291,4,-1.407527208328247,0.40933623909950256,-2.198244094848633,3.7241100660891022,-2.5582023530524403,0,0,0,0.02,0.08,0.03,0.15,0.9,0.1,-1.2,0.0,0,0,1,0,0.825,0.2
291,5,0.5430434346199036,-0.1955988109111786,1.8395580053329468,-0.3656007388639245,3.686892764714336,2,1,1,0.02,0.08,0.03,0.15,0.9,0.1,-1.2,0.0,0,0,1,0,0.825,0.2
291,6,-0.5666672587394714,0.08234526962041855,-2.348869562149048,-4.5392441673548705,4.507853392709028,2,1,1,0.02,0.08,0.03,0.15,0.9,0.1,-1.2,0.0,0,0,1,0,0.825,0.2
291,7,-1.1206539869308472,-0.04545631259679794,-2.0580971240997314,-5.612134189540208,5.453233132063291,2,1,1,0.02,0.08,0.03,0.15,0.9,0.1,-1.2,0.0,0,0,1,0,0.825,0.2
292,0,0.48062607645988464,0.3068191111087799,1.9471322298049927,4.316147607263519,-2.2367877616766036,2,1,1,0.02,0.08,0.03,0.15,0.9,0.1,-1.2,0.0,0,0,1,0,0.825,0.2
292,1,-0.0018389098113402724,0.2775523364543915,1.7827645540237427,-1.9822205539595426,4.436255927458941,2,1,1,0.02,0.08,0.03,0.15,0.9,0.1,-1.2,0.0,0,0,1,0,0.825,0.2
292,2,-0.06576825678348541,-0.20593848824501038,0.8543813228607178,2.90918712321349,0.5227244835577652,2,1,1,0.02,0.08,0.03,0.15,0.9,0.1,-1.2,0.0,0,0,1,0,0.825,0.2
292,3,0.9541722536087036,0.2011987417936325,0.8959519267082214,3.1427752139982745,0.36884619777445193,2,1,1,0.02,0.08,0.03,0.15,0.9,0.1,-1.2,0.0,0,0,1,0,0.825,0.2
292,4,-1.4097648859024048,0.40622198581695557,-2.233834981918335,4.1525510974541895,-3.8706272393360988,0,0,0,0.02,0.08,0.03,0.15,0.9,0.1,-1.2,0.0,0,0,1,0,0.825,0.2
292,5,0.541894257068634,-0.19225873053073883,1.9677531719207764,0.09195053340587504,3.3764962493707946,2,1,1,0.02,0.08,0.03,0.15,0.9,0.1,-1.2,0.0,0,0,1,0,0.825,0.2
292,6,-0.566484272480011,0.08262081444263458,-2.053074598312378,-3.74506770446733,4.055516687615322,2,1,1,0.02,0.08,0.03,0.15,0.9,0.1,-1.2,0.0,0,0,1,0,0.825,0.2
292,7,-1.1231356859207153,-0.05099916458129883,-1.9236109256744385,-6.111623441597824,5.503364377387418,2,1,1,0.02,0.08,0.03,0.15,0.9,0.1,-1.2,0.0,0,0,1,0,0.825,0.2
293,0,0.48006388545036316,0.30883359909057617,1.7282836437225342,4.292996816505994,-1.7844967159611882,2,1,1,0.02,0.08,0.03,0.15,0.9,0.1,-1.2,0.0,0,0,1,0,0.825,0.2
293,1,-0.0025900406762957573,0.279876172542572,2.00376558303833,-1.602839406343059,4.366352275181047,2,1,1,0.02,0.08,0.03,0.15,0.9,0.1,-1.2,0.0,0,0,1,0,0.825,0.2
293,2,-0.06355835497379303,-0.20364688336849213,0.7567064762115479,2.447880945225777,0.9638197861029192,2,1,1,0.02,0.08,0.03,0.15,0.9,0.1,-1.2,0.0,0,0,1,0,0.825,0.2
293,3,0.95647132396698,0.2037253975868225,0.7737473845481873,2.7327808725899683,0.6266183953029519,2,1,1,0.02,0.08,0.03,0.15,0.9,0.1,-1.2,0.0,0,0,1,0,0.825,0.2
293,4,-1.4111144542694092,0.4046948254108429,-2.440842390060425,3.8912825780458724,-2.992846421273079,0,0,0,0.02,0.08,0.03,0.15,0.9,0.1,-1.2,0.0,0,0,1,0,0.825,0.2
293,5,0.540381908416748,-0.18921123445034027,2.107606887817383,0.07389599437549223,3.30485513125367,2,1,1,0.02,0.08,0.03,0.15,0.9,0.1,-1.2,0.0,0,0,1,0,0.825,0.2
293,6,-0.5662233829498291,0.08341586589813232,-1.70626699924469,-4.905364439385856,4.637604073184456,2,1,1,0.02,0.08,0.03,0.15,0.9,0.1,-1.2,0.0,0,0,1,0,0.825,0.2
293,7,-1.1234989166259766,-0.05165454000234604,-1.570312738418579,-6.023631101282771,4.959484370155539,2,1,1,0.02,0.08,0.03,0.15,0.9,0.1,-1.2,0.0,0,0,1,0,0.825,0.2
294,0,0.47994446754455566,0.3109227120876312,1.50047767162323,4.299056832834758,-1.51290342061122,2,1,1,0.02,0.08,0.03,0.15,0.9,0.1,-1.2,0.0,0,0,1,0,0.825,0.2
294,1,-0.003850355511531234,0.28200364112854004,2.2296581268310547,-0.26484171017922203,4.0294106371726555,2,1,1,0.02,0.08,0.03,0.15,0.9,0.1,-1.2,0.0,0,0,1,0,0.825,0.2
294,2,-0.06100495532155037,-0.2014375478029251,0.671617329120636,1.1902353422928156,0.9536492433723398,2,1,1,0.02,0.08,0.03,0.15,0.9,0.1,-1.2,0.0,0,0,1,0,0.825,0.2
294,3,0.9591072797775269,0.20603559911251068,0.6727254986763,2.020513112012064,1.062072299616147,2,1,1,0.02,0.08,0.03,0.15,0.9,0.1,-1.2,0.0,0,0,1,0,0.825,0.2
294,4,-1.4120839834213257,0.4040253162384033,-2.737971305847168,3.7228463604422743,-1.947888505569236,0,0,0,0.02,0.08,0.03,0.15,0.9,0.1,-1.2,0.0,0,0,1,0,0.825,0.2
294,5,0.5382787585258484,-0.18615812063217163,2.2374985218048096,0.967929894295725,1.2602238568660198,2,1,1,0.02,0.08,0.03,0.15,0.9,0.1,-1.2,0.0,0,0,1,0,0.825,0.2
294,6,-0.5662050843238831,0.0839366614818573,-1.3960058689117432,-3.547180412331372,4.1058689165014215,2,1,1,0.02,0.08,0.03,0.15,0.9,0.1,-1.2,0.0,0,0,1,0,0.825,0.2
294,7,-1.123805046081543,-0.05058503895998001,-1.2053909301757812,-4.472929375853441,4.467198290927138,2,1,1,0.02,0.08,0.03,0.15,0.9,0.1,-1.2,0.0,0,0,1,0,0.825,0.2
295,0,0.48037734627723694,0.31333407759666443,1.2816016674041748,4.1336956217364635,-0.5087297043396378,2,1,1,0.02,0.08,0.03,0.15,0.9,0.1,-1.2,0.0,0,0,1,0,0.825,0.2
295,1,-0.005726986564695835,0.28396686911582947,2.4426987171173096,0.30680243154331577,3.773187504797568,2,1,1,0.02,0.08,0.03,0.15,0.9,0.1,-1.2,0.0,0,0,1,0,0.825,0.2
295,2,-0.05826227366924286,-0.19940581917762756,0.6133432984352112,0.7961726933565677,1.1891636849308214,2,1,1,0.02,0.08,0.03,0.15,0.9,0.1,-1.2,0.0,0,0,1,0,0.825,0.2
295,3,0.9618421196937561,0.20803368091583252,0.5943276286125183,2.6243968050153867,0.006813221955698744,2,1,1,0.02,0.08,0.03,0.15,0.9,0.1,-1.2,0.0,0,0,1,0,0.825,0.2
295,4,-1.413468837738037,0.40364646911621094,-3.012186050415039,3.7362318296594283,-1.4016256497398245,0,0,0,0.02,0.08,0.03,0.15,0.9,0.1,-1.2,0.0,0,0,1,0,0.825,0.2
295,5,0.5358164310455322,-0.18340006470680237,2.3616151809692383,-0.051236219447667146,1.6878587840549921,2,1,1,0.02,0.08,0.03,0.15,0.9,0.1,-1.2,0.0,0,0,1,0,0.825,0.2
295,6,-0.566489040851593,0.0848095640540123,-1.0444340705871582,-2.525417138231856,3.7761554811209317,2,1,1,0.02,0.08,0.03,0.15,0.9,0.1,-1.2,0.0,0,0,1,0,0.825,0.2
295,7,-1.1232497692108154,-0.05122476443648338,-1.1215848922729492,-4.8929050342244675,4.540551684770041,2,1,1,0.02,0.08,0.03,0.15,0.9,0.1,-1.2,0.0,0,0,1,0,0.825,0.2
296,0,0.4814261794090271,0.31589192152023315,1.0748692750930786,4.1064055180631005,-0.5355186085960022,2,1,1,0.02,0.08,0.03,0.15,0.9,0.1,-1.2,0.0,0,0,1,0,0.825,0.2
296,1,-0.008590702898800373,0.28595954179763794,2.607614755630493,1.2820148101241473,3.3371290231799673,2,1,1,0.02,0.08,0.03,0.15,0.9,0.1,-1.2,0.0,0,0,1,0,0.825,0.2
296,2,-0.056282833218574524,-0.19805952906608582,0.5964313745498657,0.762740815997485,1.2084302906178737,2,1,1,0.02,0.08,0.03,0.15,0.9,0.1,-1.2,0.0,0,0,1,0,0.825,0.2
296,3,0.964482307434082,0.20972047746181488,0.5528125762939453,1.8415136930645906,0.6239768774835339,2,1,1,0.02,0.08,0.03,0.15,0.9,0.1,-1.2,0.0,0,0,1,0,0.825,0.2
296,4,-1.4154783487319946,0.40360933542251587,3.0499513149261475,3.939815770737974,-2.0139142233801777,0,0,0,0.02,0.08,0.03,0.15,0.9,0.1,-1.2,0.0,0,0,1,0,0.825,0.2
296,5,0.5339707732200623,-0.1816876083612442,2.3944854736328125,-0.45954812905619513,1.840280396214496,2,1,1,0.02,0.08,0.03,0.15,0.9,0.1,-1.2,0.0,0,0,1,0,0.825,0.2
296,6,-0.5664141178131104,0.08475331217050552,-0.7397311329841614,-2.327093511235609,3.8612359300885744,2,1,1,0.02,0.08,0.03,0.15,0.9,0.1,-1.2,0.0,0,0,1,0,0.825,0.2
296,7,-1.1232712268829346,-0.0512968935072422,-0.7436487078666687,-3.4010951552745903,4.325833970720512,2,1,1,0.02,0.08,0.03,0.15,0.9,0.1,-1.2,0.0,0,0,1,0,0.825,0.2
297,0,0.48334360122680664,0.31878504157066345,0.9038153886795044,3.976368394569016,-0.43909617967948894,2,1,1,0.02,0.08,0.03,0.15,0.9,0.1,-1.2,0.0,0,0,1,0,0.825,0.2
297,1,-0.012172543443739414,0.28776976466178894,2.7343764305114746,0.7221564901426425,3.292661338949903,2,1,1,0.02,0.08,0.03,0.15,0.9,0.1,-1.2,0.0,0,0,1,0,0.825,0.2
297,2,-0.054614774882793427,-0.1969296932220459,0.605924129486084,1.6137816462700851,0.5421961830501946,2,1,1,0.02,0.08,0.03,0.15,0.9,0.1,-1.2,0.0,0,0,1,0,0.825,0.2
297,3,0.966840386390686,0.21107707917690277,0.47266075015068054,1.4919859527085009,0.7269648776079369,2,1,1,0.02,0.08,0.03,0.15,0.9,0.1,-1.2,0.0,0,0,1,0,0.825,0.2
297,4,-1.4177086353302002,0.40401771664619446,2.8654794692993164,4.419810760859994,-4.310113755490058,0,0,0,0.02,0.08,0.03,0.15,0.9,0.1,-1.2,0.0,0,0,1,0,0.825,0.2
297,5,0.5326612591743469,-0.18052589893341064,2.4451327323913574,1.1842299706620567,0.4392271995920573,2,1,1,0.02,0.08,0.03,0.15,0.9,0.1,-1.2,0.0,0,0,1,0,0.825,0.2
297,6,-0.5655372142791748,0.0841207504272461,-0.5090775489807129,-1.8824387958328213,3.737072831550895,2,1,1,0.02,0.08,0.03,0.15,0.9,0.1,-1.2,0.0,0,0,1,0,0.825,0.2
297,7,-1.1233800649642944,-0.051201265305280685,-0.38088226318359375,-2.055391746828041,4.243144274752568,2,1,1,0.02,0.08,0.03,0.15,0.9,0.1,-1.2,0.0,0,0,1,0,0.825,0.2
298,0,0.485772043466568,0.3214220106601715,0.7411866188049316,3.813826180148143,-0.38572371666433203,2,1,1,0.02,0.08,0.03,0.15,0.9,0.1,-1.2,0.0,0,0,1,0,0.825,0.2
298,1,-0.016381381079554558,0.2893577814102173,2.8160016536712646,1.332694035740182,2.7892840694656256,2,1,1,0.02,0.08,0.03,0.15,0.9,0.1,-1.2,0.0,0,0,1,0,0.825,0.2
298,2,-0.05299926921725273,-0.19579654932022095,0.6212587952613831,1.2810996903260456,0.8138780438373613,2,1,1,0.02,0.08,0.03,0.15,0.9,0.1,-1.2,0.0,0,0,1,0,0.825,0.2
298,3,0.9690988063812256,0.21214532852172852,0.4201405346393585,0.9595399342774992,1.02329005052378,2,1,1,0.02,0.08,0.03,0.15,0.9,0.1,-1.2,0.0,0,0,1,0,0.825,0.2
298,4,-1.419580101966858,0.4047396779060364,2.661860227584839,4.701833826424077,-6.28,0,0,0,0.02,0.08,0.03,0.15,0.9,0.1,-1.2,0.0,0,0,1,0,0.825,0.2
298,5,0.5315351486206055,-0.17964468896389008,2.521791696548462,-0.3266111656620564,1.413873894242884,2,1,1,0.02,0.08,0.03,0.15,0.9,0.1,-1.2,0.0,0,0,1,0,0.825,0.2
298,6,-0.5641731023788452,0.0835275873541832,-0.29250672459602356,-1.0612126077515345,3.3305344057735407,2,1,1,0.02,0.08,0.03,0.15,0.9,0.1,-1.2,0.0,0,0,1,0,0.825,0.2
298,7,-1.122267723083496,-0.05140162259340286,-0.06073221564292908,-0.9942167493444415,4.22527443336559,2,1,1,0.02,0.08,0.03,0.15,0.9,0.1,-1.2,0.0,0,0,1,0,0.825,0.2
299,0,0.48855897784233093,0.32361268997192383,0.5848481059074402,3.6708604893413628,-0.5852254233089528,2,1,1,0.02,0.08,0.03,0.15,0.9,0.1,-1.2,0.0,0,0,1,0,0.825,0.2
299,1,-0.0203403253108263,0.29052239656448364,2.9024910926818848,1.6676141844320216,2.2308454313872605,2,1,1,0.02,0.08,0.03,0.15,0.9,0.1,-1.2,0.0,0,0,1,0,0.825,0.2
299,2,-0.051267754286527634,-0.19457530975341797,0.5943151712417603,2.164600640152096,0.047957945956267865,2,1,1,0.02,0.08,0.03,0.15,0.9,0.1,-1.2,0.0,0,0,1,0,0.825,0.2
299,3,0.971184253692627,0.2130335122346878,0.39018896222114563,1.161318830964733,0.754984338758502,2,1,1,0.02,0.08,0.03,0.15,0.9,0.1,-1.2,0.0,0,0,1,0,0.825,0.2
299,4,-1.4199607372283936,0.4049813747406006,2.372586727142334,4.526015529837519,-5.2250434334399625,0,0,0,0.02,0.08,0.03,0.15,0.9,0.1,-1.2,0.0,0,0,1,0,0.825,0.2
299,5,0.5302447080612183,-0.17874476313591003,2.5169036388397217,-2.6611160470829365,3.1514836340779264,2,1,1,0.02,0.08,0.03,0.15,0.9,0.1,-1.2,0.0,0,0,1,0,0.825,0.2
299,6,-0.5623360872268677,0.08316696435213089,-0.08949336409568787,-0.3241723697539483,2.8098226564674813,2,1,1,0.02,0.08,0.03,0.15,0.9,0.1,-1.2,0.0,0,0,1,0,0.825,0.2
299,7,-1.120317816734314,-0.05120452493429184,0.19924767315387726,-0.6107431094983805,4.415495873956772,2,1,1,0.02,0.08,0.03,0.15,0.9,0.1,-1.2,0.0,0,0,1,0,0.825,0.2
300,0,0.49156421422958374,0.32530611753463745,0.4361410439014435,3.3734365102821084,-0.3716172483226034,2,1,1,0.02,0.08,0.03,0.15,0.9,0.1,-1.2,0.0,0,0,1,0,0.825,0.2
300,1,-0.02434401959180832,0.29135861992836,2.9614596366882324,1.7052245804987956,1.6897293903558877,2,1,1,0.02,0.08,0.03,0.15,0.9,0.1,-1.2,0.0,0,0,1,0,0.825,0.2
300,2,-0.04950714483857155,-0.19341710209846497,0.5736554265022278,2.937350429083642,-0.7618228362161777,2,1,1,0.02,0.08,0.03,0.15,0.9,0.1,-1.2,0.0,0,0,1,0,0.825,0.2
300,3,0.9730656147003174,0.21379250288009644,0.38667821884155273,-0.27641031236861435,1.7714208892169145,2,1,1,0.02,0.08,0.03,0.15,0.9,0.1,-1.2,0.0,0,0,1,0,0.825,0.2
300,4,-1.4189341068267822,0.4036138355731964,1.9826105833053589,4.02502965614344,-1.0029091697268282,0,0,0,0.02,0.08,0.03,0.15,0.9,0.1,-1.2,0.0,0,0,1,0,0.825,0.2
300,5,0.5292688608169556,-0.17805778980255127,2.560497999191284,-4.329399209693624,4.367280166820242,2,1,1,0.02,0.08,0.03,0.15,0.9,0.1,-1.2,0.0,0,0,1,0,0.825,0.2
300,6,-0.5597420930862427,0.08316860347986221,0.08673475682735443,-0.30677481214725405,2.7931837055826754,2,1,1,0.02,0.08,0.03,0.15,0.9,0.1,-1.2,0.0,0,0,1,0,0.825,0.2
300,7,-1.1170377731323242,-0.05016421899199486,0.40900149941444397,0.17436134954724006,4.353770187018716,2,1,1,0.02,0.08,0.03,0.15,0.9,0.1,-1.2,0.0,0,0,1,0,0.825,0.2
301,0,0.49450865387916565,0.32643452286720276,0.28731080889701843,3.5608754659787625,-1.6477861849306739,2,1,1,0.02,0.08,0.03,0.15,0.9,0.1,-1.2,0.0,0,0,1,0,0.825,0.2
301,1,-0.028229424729943275,0.291995108127594,2.987588405609131,0.4949343373088605,1.9037453345634197,2,1,1,0.02,0.08,0.03,0.15,0.9,0.1,-1.2,0.0,0,0,1,0,0.825,0.2
301,2,-0.047639623284339905,-0.1922731250524521,0.5109142661094666,3.3075024371089445,-1.214466833695188,2,1,1,0.02,0.08,0.03,0.15,0.9,0.1,-1.2,0.0,0,0,1,0,0.825,0.2
301,3,0.9748551249504089,0.2145126909017563,0.37574324011802673,1.4901403279260834,0.3848773313582085,2,1,1,0.02,0.08,0.03,0.15,0.9,0.1,-1.2,0.0,0,0,1,0,0.825,0.2
301,4,-1.4186979532241821,0.4032205045223236,1.634811520576477,3.9065443811010883,1.2265327575357858,0,0,0,0.02,0.08,0.03,0.15,0.9,0.1,-1.2,0.0,0,0,1,0,0.825,0.2
301,5,0.5287492275238037,-0.17773497104644775,2.736302375793457,-5.213228707864524,5.020992903436445,2,1,1,0.02,0.08,0.03,0.15,0.9,0.1,-1.2,0.0,0,0,1,0,0.825,0.2
301,6,-0.5570182800292969,0.08359168469905853,0.21585644781589508,-0.0038475766399733227,2.3977516754906723,2,1,1,0.02,0.08,0.03,0.15,0.9,0.1,-1.2,0.0,0,0,1,0,0.825,0.2
301,7,-1.1137067079544067,-0.048360034823417664,0.5886703729629517,0.5320571199168875,4.376827651096683,2,1,1,0.02,0.08,0.03,0.15,0.9,0.1,-1.2,0.0,0,0,1,0,0.825,0.2
302,0,0.49760329723358154,0.3271215260028839,0.147074893116951,3.85151173729945,-2.79812708307553,2,1,1,0.02,0.08,0.03,0.15,0.9,0.1,-1.2,0.0,0,0,1,0,0.825,0.2
302,1,-0.03168231248855591,0.292511522769928,2.990999698638916,0.6059617804347504,1.3631233387613624,2,1,1,0.02,0.08,0.03,0.15,0.9,0.1,-1.2,0.0,0,0,1,0,0.825,0.2
302,2,-0.04568055272102356,-0.19129937887191772,0.39200401306152344,3.775537306357588,-1.95952983220581,2,1,1,0.02,0.08,0.03,0.15,0.9,0.1,-1.2,0.0,0,0,1,0,0.825,0.2
302,3,0.976317286491394,0.21511046588420868,0.43044164776802063,1.393721376721806,0.46016682360314165,2,1,1,0.02,0.08,0.03,0.15,0.9,0.1,-1.2,0.0,0,0,1,0,0.825,0.2
302,4,-1.4186789989471436,0.4060015082359314,1.4455760717391968,4.174622334809463,2.0259195342850798,0,0,0,0.02,0.08,0.03,0.15,0.9,0.1,-1.2,0.0,0,0,1,0,0.825,0.2
302,5,0.5286835432052612,-0.17770399153232574,3.025275707244873,-5.415033205340322,5.189690210848457,2,1,1,0.02,0.08,0.03,0.15,0.9,0.1,-1.2,0.0,0,0,1,0,0.825,0.2
302,6,-0.5543493032455444,0.08433765172958374,0.33452755212783813,-0.4921358539672325,2.8131368680925157,2,1,1,0.02,0.08,0.03,0.15,0.9,0.1,-1.2,0.0,0,0,1,0,0.825,0.2
302,7,-1.110261082649231,-0.04564861208200455,0.740429162979126,1.1349176167709345,4.292570347479223,2,1,1,0.02,0.08,0.03,0.15,0.9,0.1,-1.2,0.0,0,0,1,0,0.825,0.2
303,0,0.4997486174106598,0.327290803194046,-0.026592079550027847,4.126331387985366,-3.600639580715316,2,1,1,0.02,0.08,0.03,0.15,0.9,0.1,-1.2,0.0,0,0,1,0,0.825,0.2
303,1,-0.03425484895706177,0.2928699851036072,3.0303962230682373,0.05902709893992417,1.3318640266117043,2,1,1,0.02,0.08,0.03,0.15,0.9,0.1,-1.2,0.0,0,0,1,0,0.825,0.2
303,2,-0.04367413744330406,-0.19062203168869019,0.2387009561061859,3.910055533632289,-2.1657408090224073,2,1,1,0.02,0.08,0.03,0.15,0.9,0.1,-1.2,0.0,0,0,1,0,0.825,0.2
303,3,0.9779500961303711,0.21586643159389496,0.41376835107803345,2.0910947567981584,-0.12213243481859672,2,1,1,0.02,0.08,0.03,0.15,0.9,0.1,-1.2,0.0,0,0,1,0,0.825,0.2
303,4,-1.41782546043396,0.4103531539440155,1.3278062343597412,3.213776840631635,2.1397107881918225,0,0,0,0.02,0.08,0.03,0.15,0.9,0.1,-1.2,0.0,0,0,1,0,0.825,0.2
303,5,0.5292906761169434,-0.17771892249584198,-2.874011278152466,-5.810081389065216,5.141560844098579,2,1,1,0.02,0.08,0.03,0.15,0.9,0.1,-1.2,0.0,0,0,1,0,0.825,0.2
303,6,-0.5518949627876282,0.08532840758562088,0.43172404170036316,-0.9971444830014229,3.2067443998144984,2,1,1,0.02,0.08,0.03,0.15,0.9,0.1,-1.2,0.0,0,0,1,0,0.825,0.2
303,7,-1.1069279909133911,-0.042149946093559265,0.8771930932998657,1.4628531906491888,4.280691913771993,2,1,1,0.02,0.08,0.03,0.15,0.9,0.1,-1.2,0.0,0,0,1,0,0.825,0.2
304,0,0.5010852217674255,0.3271424174308777,-0.2545231580734253,4.257473556614599,-3.9494737967021076,2,1,1,0.02,0.08,0.03,0.15,0.9,0.1,-1.2,0.0,0,0,1,0,0.825,0.2
304,1,-0.03630063310265541,0.2930639088153839,3.061526298522949,-2.0532877696743523,2.6869289210534997,2,1,1,0.02,0.08,0.03,0.15,0.9,0.1,-1.2,0.0,0,0,1,0,0.825,0.2
304,2,-0.04181860387325287,-0.19032356142997742,0.04537370428442955,3.9866166955761213,-2.2382919334487195,2,1,1,0.02,0.08,0.03,0.15,0.9,0.1,-1.2,0.0,0,0,1,0,0.825,0.2
304,3,0.9796637296676636,0.2165849357843399,0.37976160645484924,2.835495193485325,-0.8369045490854956,2,1,1,0.02,0.08,0.03,0.15,0.9,0.1,-1.2,0.0,0,0,1,0,0.825,0.2
304,4,-1.416188359260559,0.4158889651298523,1.2427059412002563,0.7926714492963607,1.0600015131115308,0,0,0,0.02,0.08,0.03,0.15,0.9,0.1,-1.2,0.0,0,0,1,0,0.825,0.2
304,5,0.5297009944915771,-0.1775863915681839,-2.556762218475342,-5.074058682255831,4.684500652719495,2,1,1,0.02,0.08,0.03,0.15,0.9,0.1,-1.2,0.0,0,0,1,0,0.825,0.2
304,6,-0.5497084856033325,0.08647261559963226,0.5459346175193787,-1.383056683699984,3.5005367233117917,2,1,1,0.02,0.08,0.03,0.15,0.9,0.1,-1.2,0.0,0,0,1,0,0.825,0.2
304,7,-1.1037794351577759,-0.03785904869437218,0.992556631565094,4.546015858934208,-4.676610916971668,2,1,1,0.02,0.08,0.03,0.15,0.9,0.1,-1.2,0.0,0,0,1,0,0.825,0.2
305,0,0.5017808079719543,0.3268944025039673,-0.5233754515647888,4.1422689433440265,-3.6411036129340224,2,1,1,0.02,0.08,0.03,0.15,0.9,0.1,-1.2,0.0,0,0,1,0,0.825,0.2
305,1,-0.03780410438776016,0.2931601107120514,3.1025631427764893,-5.3759562821329725,5.054114952956507,2,1,1,0.02,0.08,0.03,0.15,0.9,0.1,-1.2,0.0,0,0,1,0,0.825,0.2
305,2,-0.039951007813215256,-0.1904192715883255,-0.16991887986660004,3.927259426403207,-1.7979536513115846,2,1,1,0.02,0.08,0.03,0.15,0.9,0.1,-1.2,0.0,0,0,1,0,0.825,0.2
305,3,0.9814919233322144,0.21725483238697052,0.31101566553115845,4.258359731890109,-3.9790925286214804,2,1,1,0.02,0.08,0.03,0.15,0.9,0.1,-1.2,0.0,0,0,1,0,0.825,0.2
305,4,-1.414263367652893,0.42106226086616516,1.1936440467834473,5.543878899177253,-6.28,0,0,0,0.02,0.08,0.03,0.15,0.9,0.1,-1.2,0.0,0,0,1,0,0.825,0.2
305,5,0.5296196937561035,-0.17783735692501068,-2.381460189819336,-6.28,5.213756193978766,2,1,1,0.02,0.08,0.03,0.15,0.9,0.1,-1.2,0.0,0,0,1,0,0.825,0.2
305,6,-0.5478236675262451,0.08779153972864151,0.6896093487739563,-0.5356993865759906,2.9190423268373293,2,1,1,0.02,0.08,0.03,0.15,0.9,0.1,-1.2,0.0,0,0,1,0,0.825,0.2
305,7,-1.1009268760681152,-0.0329539030790329,1.0937250852584839,4.776627265489484,-5.187211186050831,2,1,1,0.02,0.08,0.03,0.15,0.9,0.1,-1.2,0.0,0,0,1,0,0.825,0.2
306,0,0.5023733377456665,0.32646554708480835,-0.8230834603309631,3.396936026771379,-1.7750934170711892,2,1,1,0.02,0.08,0.03,0.15,0.9,0.1,-1.2,0.0,0,0,1,0,0.825,0.2
306,1,-0.03859136998653412,0.2931658625602722,-3.0383787155151367,-6.28,5.55127884284383,2,1,1,0.02,0.08,0.03,0.15,0.9,0.1,-1.2,0.0,0,0,1,0,0.825,0.2
306,2,-0.03797224909067154,-0.19098396599292755,-0.39867621660232544,3.8305403016238873,-1.0879805040753385,2,1,1,0.02,0.08,0.03,0.15,0.9,0.1,-1.2,0.0,0,0,1,0,0.825,0.2
306,3,0.9834219813346863,0.21776770055294037,0.19217529892921448,4.153858943527704,-3.844368899313276,2,1,1,0.02,0.08,0.03,0.15,0.9,0.1,-1.2,0.0,0,0,1,0,0.825,0.2
306,4,-1.4132956266403198,0.42343536019325256,1.1937623023986816,3.499502078687206,-6.28,0,0,0,0.02,0.08,0.03,0.15,0.9,0.1,-1.2,0.0,0,0,1,0,0.825,0.2
306,5,0.5298993587493896,-0.17766855657100677,-2.0328457355499268,-6.015198232496536,4.615962921358218,2,1,1,0.02,0.08,0.03,0.15,0.9,0.1,-1.2,0.0,0,0,1,0,0.825,0.2
306,6,-0.5462755560874939,0.08927309513092041,0.85662442445755,-0.04562391238904541,2.490895401256044,2,1,1,0.02,0.08,0.03,0.15,0.9,0.1,-1.2,0.0,0,0,1,0,0.825,0.2
306,7,-1.1005349159240723,-0.03201693668961525,0.8517718315124512,4.300369734974551,-4.002732278182926,2,1,1,0.02,0.08,0.03,0.15,0.9,0.1,-1.2,0.0,0,0,1,0,0.825,0.2
307,0,0.5026369094848633,0.3261987864971161,-1.140744686126709,3.8581912254011237,-2.1949069225221187,2,1,1,0.02,0.08,0.03,0.15,0.9,0.1,-1.2,0.0,0,0,1,0,0.825,0.2
307,1,-0.03847165405750275,0.29322633147239685,-2.7068819999694824,-6.28,5.434702085450479,2,1,1,0.02,0.08,0.03,0.15,0.9,0.1,-1.2,0.0,0,0,1,0,0.825,0.2
307,2,-0.035705745220184326,-0.19224710762500763,-0.6221369504928589,3.685306365349328,-0.4381180571044835,2,1,1,0.02,0.08,0.03,0.15,0.9,0.1,-1.2,0.0,0,0,1,0,0.825,0.2
307,3,0.9840455055236816,0.21787185966968536,-0.06651929765939713,4.048032698874992,-3.0419773404806287,2,1,1,0.02,0.08,0.03,0.15,0.9,0.1,-1.2,0.0,0,0,1,0,0.825,0.2
307,4,-1.4135104417800903,0.42318347096443176,0.822377622127533,3.3506684652864935,-6.28,0,0,0,0.02,0.08,0.03,0.15,0.9,0.1,-1.2,0.0,0,0,1,0,0.825,0.2
307,5,0.5289303064346313,-0.18007592856884003,-1.8193414211273193,-5.2077580296364525,4.505302646210316,2,1,1,0.02,0.08,0.03,0.15,0.9,0.1,-1.2,0.0,0,0,1,0,0.825,0.2
307,6,-0.544865071773529,0.0911446139216423,0.9882978200912476,-0.09377715274055207,2.6605190475250637,2,1,1,0.02,0.08,0.03,0.15,0.9,0.1,-1.2,0.0,0,0,1,0,0.825,0.2
307,7,-1.100488305091858,-0.032054416835308075,0.4730418920516968,4.121603539625554,-2.238047557794364,2,1,1,0.02,0.08,0.03,0.15,0.9,0.1,-1.2,0.0,0,0,1,0,0.825,0.2
308,0,0.50291907787323,0.3252476453781128,-1.3637467622756958,3.940671631112387,-1.9807751258295383,2,1,1,0.02,0.08,0.03,0.15,0.9,0.1,-1.2,0.0,0,0,1,0,0.825,0.2
308,1,-0.03812430799007416,0.2934533357620239,-2.267836809158325,-5.815542486118055,4.903345410968455,2,1,1,0.02,0.08,0.03,0.15,0.9,0.1,-1.2,0.0,0,0,1,0,0.825,0.2
308,2,-0.03340501710772514,-0.1942596733570099,-0.815310001373291,3.700704841172886,-0.6632630969735129,2,1,1,0.02,0.08,0.03,0.15,0.9,0.1,-1.2,0.0,0,0,1,0,0.825,0.2
308,3,0.9844735264778137,0.21780848503112793,-0.3568284511566162,4.028624653574418,-2.0970280158155608,2,1,1,0.02,0.08,0.03,0.15,0.9,0.1,-1.2,0.0,0,0,1,0,0.825,0.2
308,4,-1.415041208267212,0.4220949113368988,0.42728036642074585,4.338750507678132,-5.633818698116708,0,0,0,0.02,0.08,0.03,0.15,0.9,0.1,-1.2,0.0,0,0,1,0,0.825,0.2
308,5,0.5283020734786987,-0.1840624213218689,-1.6196082830429077,-4.664285240072526,4.462299338279351,2,1,1,0.02,0.08,0.03,0.15,0.9,0.1,-1.2,0.0,0,0,1,0,0.825,0.2
308,6,-0.5436373353004456,0.09324187785387039,1.0834840536117554,-0.36162842347309837,3.045988865697813,2,1,1,0.02,0.08,0.03,0.15,0.9,0.1,-1.2,0.0,0,0,1,0,0.825,0.2
308,7,-1.1001182794570923,-0.03196285665035248,0.11485887318849564,4.003818287925224,-0.5753921569935511,2,1,1,0.02,0.08,0.03,0.15,0.9,0.1,-1.2,0.0,0,0,1,0,0.825,0.2
309,0,0.5030342936515808,0.32411518692970276,-1.5871304273605347,3.9919717794480434,-2.0200606830734773,2,1,1,0.02,0.08,0.03,0.15,0.9,0.1,-1.2,0.0,0,0,1,0,0.825,0.2
309,1,-0.03809027746319771,0.29331982135772705,-2.1749210357666016,-4.921455105402965,4.620884299739156,2,1,1,0.02,0.08,0.03,0.15,0.9,0.1,-1.2,0.0,0,0,1,0,0.825,0.2
309,2,-0.031371936202049255,-0.19679555296897888,-0.9686523675918579,3.717015971122297,-0.9374530311692907,2,1,1,0.02,0.08,0.03,0.15,0.9,0.1,-1.2,0.0,0,0,1,0,0.825,0.2
309,3,0.9849517345428467,0.21748442947864532,-0.6234115362167358,3.8305225680027357,-0.8778093180427312,2,1,1,0.02,0.08,0.03,0.15,0.9,0.1,-1.2,0.0,0,0,1,0,0.825,0.2
309,4,-1.4141061305999756,0.4223400354385376,0.198274627327919,4.521191253845227,-4.0900905644081975,0,0,0,0.02,0.08,0.03,0.15,0.9,0.1,-1.2,0.0,0,0,1,0,0.825,0.2
309,5,0.528264045715332,-0.18497538566589355,-1.281001091003418,-3.0005185821335987,4.503279954019529,2,1,1,0.02,0.08,0.03,0.15,0.9,0.1,-1.2,0.0,0,0,1,0,0.825,0.2
309,6,-0.5425561666488647,0.09553998708724976,1.1784191131591797,0.39849077812746103,2.290115966604251,2,1,1,0.02,0.08,0.03,0.15,0.9,0.1,-1.2,0.0,0,0,1,0,0.825,0.2
309,7,-1.098496675491333,-0.03202466294169426,-0.16838668286800385,4.178968444716827,0.49601615230064483,2,1,1,0.02,0.08,0.03,0.15,0.9,0.1,-1.2,0.0,0,0,1,0,0.825,0.2
310,0,0.5028470158576965,0.3227882385253906,-1.8152661323547363,4.0654969695862,-2.4540962163265414,2,1,1,0.02,0.08,0.03,0.15,0.9,0.1,-1.2,0.0,0,0,1,0,0.825,0.2
310,1,-0.03843575343489647,0.29212644696235657,-1.9244242906570435,-4.719383556100488,4.509205660845881,2,1,1,0.02,0.08,0.03,0.15,0.9,0.1,-1.2,0.0,0,0,1,0,0.825,0.2
310,2,-0.029813304543495178,-0.1994493305683136,-1.1197069883346558,3.9587553514104394,-1.8473937750585006,2,1,1,0.02,0.08,0.03,0.15,0.9,0.1,-1.2,0.0,0,0,1,0,0.825,0.2
310,3,0.9861215353012085,0.21638868749141693,-0.8505932092666626,3.939103799994548,-0.20773852965978792,2,1,1,0.02,0.08,0.03,0.15,0.9,0.1,-1.2,0.0,0,0,1,0,0.825,0.2
310,4,-1.4104851484298706,0.4229319393634796,0.03546050935983658,4.519428041933665,-4.182455428009113,0,0,0,0.02,0.08,0.03,0.15,0.9,0.1,-1.2,0.0,0,0,1,0,0.825,0.2
310,5,0.5284550189971924,-0.18550485372543335,-0.9247193932533264,-1.4874744289756328,4.7559115571722375,2,1,1,0.02,0.08,0.03,0.15,0.9,0.1,-1.2,0.0,0,0,1,0,0.825,0.2
310,6,-0.541672945022583,0.0980505421757698,1.2934154272079468,0.5849338085380302,2.2712493034206296,2,1,1,0.02,0.08,0.03,0.15,0.9,0.1,-1.2,0.0,0,0,1,0,0.825,0.2
310,7,-1.0954710245132446,-0.032931577414274216,-0.36635392904281616,4.4228886202450175,0.9531857980332028,2,1,1,0.02,0.08,0.03,0.15,0.9,0.1,-1.2,0.0,0,0,1,0,0.825,0.2
311,0,0.5023374557495117,0.3214758336544037,-2.0454115867614746,3.97021207712091,-2.4472695787946086,2,1,1,0.02,0.08,0.03,0.15,0.9,0.1,-1.2,0.0,0,0,1,0,0.825,0.2
311,1,-0.038519907742738724,0.2912205755710602,-1.5653208494186401,-3.412597836472944,4.393960458806075,2,1,1,0.02,0.08,0.03,0.15,0.9,0.1,-1.2,0.0,0,0,1,0,0.825,0.2
311,2,-0.028770191594958305,-0.20208220183849335,-1.280899167060852,4.0491179392086005,-2.3530224270279136,2,1,1,0.02,0.08,0.03,0.15,0.9,0.1,-1.2,0.0,0,0,1,0,0.825,0.2
311,3,0.9876827597618103,0.2142222672700882,-1.0280821323394775,4.0959551131242815,0.04800641375886407,2,1,1,0.02,0.08,0.03,0.15,0.9,0.1,-1.2,0.0,0,0,1,0,0.825,0.2
311,4,-1.4095323085784912,0.42279866337776184,-0.30528366565704346,5.512472066979047,-0.37068915747461745,0,0,0,0.02,0.08,0.03,0.15,0.9,0.1,-1.2,0.0,0,0,1,0,0.825,0.2
311,5,0.5298094153404236,-0.18684439361095428,-0.6247599720954895,-0.44384228783364116,5.013355563474367,2,1,1,0.02,0.08,0.03,0.15,0.9,0.1,-1.2,0.0,0,0,1,0,0.825,0.2
311,6,-0.541051983833313,0.10066504776477814,1.3703505992889404,1.3272797388085773,1.3116828162296823,2,1,1,0.02,0.08,0.03,0.15,0.9,0.1,-1.2,0.0,0,0,1,0,0.825,0.2
311,7,-1.0912474393844604,-0.034941405057907104,-0.5152673125267029,4.40678646441634,1.2612075106932452,2,1,1,0.02,0.08,0.03,0.15,0.9,0.1,-1.2,0.0,0,0,1,0,0.825,0.2
312,0,0.5017249584197998,0.3205839693546295,-2.2920706272125244,3.3316222515737963,-1.157414890843167,2,1,1,0.02,0.08,0.03,0.15,0.9,0.1,-1.2,0.0,0,0,1,0,0.825,0.2
312,1,-0.03853916749358177,0.2901451587677002,-1.2361078262329102,-2.9040034387911793,4.482241346747032,2,1,1,0.02,0.08,0.03,0.15,0.9,0.1,-1.2,0.0,0,0,1,0,0.825,0.2
312,2,-0.028308581560850143,-0.20428340137004852,-1.4768668413162231,4.019396654746745,-2.4878404060818893,2,1,1,0.02,0.08,0.03,0.15,0.9,0.1,-1.2,0.0,0,0,1,0,0.825,0.2
312,3,0.989291250705719,0.21102535724639893,-1.1767563819885254,4.338466575135756,-0.13632973014432134,2,1,1,0.02,0.08,0.03,0.15,0.9,0.1,-1.2,0.0,0,0,1,0,0.825,0.2
312,4,-1.4084686040878296,0.4223080277442932,-0.6399672627449036,5.79511437419113,1.6912881027183566,0,0,0,0.02,0.08,0.03,0.15,0.9,0.1,-1.2,0.0,0,0,1,0,0.825,0.2
312,5,0.5328893661499023,-0.1885206550359726,-0.37502405047416687,1.146212847785049,5.040203597640683,2,1,1,0.02,0.08,0.03,0.15,0.9,0.1,-1.2,0.0,0,0,1,0,0.825,0.2
312,6,-0.5405781269073486,0.10344532877206802,1.4308418035507202,1.2722598192777208,1.6850103351006605,2,1,1,0.02,0.08,0.03,0.15,0.9,0.1,-1.2,0.0,0,0,1,0,0.825,0.2
312,7,-1.0868589878082275,-0.03778909891843796,-0.6376500129699707,4.056671199703166,1.7601425566151574,2,1,1,0.02,0.08,0.03,0.15,0.9,0.1,-1.2,0.0,0,0,1,0,0.825,0.2
313,0,0.5010210275650024,0.31996434926986694,-2.5397250652313232,3.6180530873994274,-2.1648305023656875,2,1,1,0.02,0.08,0.03,0.15,0.9,0.1,-1.2,0.0,0,0,1,0,0.825,0.2
313,1,-0.03811226040124893,0.28917908668518066,-0.9068664908409119,-2.324107485090928,4.505196379696564,2,1,1,0.02,0.08,0.03,0.15,0.9,0.1,-1.2,0.0,0,0,1,0,0.825,0.2
313,2,-0.028311729431152344,-0.20606668293476105,-1.6979355812072754,3.439381842134926,-1.2298615673876196,2,1,1,0.02,0.08,0.03,0.15,0.9,0.1,-1.2,0.0,0,0,1,0,0.825,0.2
313,3,0.9905839562416077,0.20717225968837738,-1.319096565246582,4.292872511324736,0.1461384045111841,2,1,1,0.02,0.08,0.03,0.15,0.9,0.1,-1.2,0.0,0,0,1,0,0.825,0.2
313,4,-1.4055856466293335,0.41945943236351013,-0.8823309540748596,3.857546778046286,1.259758467893063,0,0,0,0.02,0.08,0.03,0.15,0.9,0.1,-1.2,0.0,0,0,1,0,0.825,0.2
313,5,0.5375601053237915,-0.1898065209388733,-0.16132035851478577,1.4980533968366214,5.1752299075970685,2,1,1,0.02,0.08,0.03,0.15,0.9,0.1,-1.2,0.0,0,0,1,0,0.825,0.2
313,6,-0.5402418375015259,0.10610371828079224,1.4420936107635498,1.3277280773761921,1.7630603627705559,2,1,1,0.02,0.08,0.03,0.15,0.9,0.1,-1.2,0.0,0,0,1,0,0.825,0.2
313,7,-1.0825494527816772,-0.041372522711753845,-0.7499474287033081,-4.539308505108702,4.482703643447044,2,1,1,0.02,0.08,0.03,0.15,0.9,0.1,-1.2,0.0,0,0,1,0,0.825,0.2
314,0,0.4996242821216583,0.3192170262336731,-2.7262637615203857,3.4374241645152606,-1.9694616723074654,2,1,1,0.02,0.08,0.03,0.15,0.9,0.1,-1.2,0.0,0,0,1,0,0.825,0.2
314,1,-0.037032872438430786,0.28817588090896606,-0.590283989906311,-0.8548856719600931,4.300851964800138,2,1,1,0.02,0.08,0.03,0.15,0.9,0.1,-1.2,0.0,0,0,1,0,0.825,0.2
314,2,-0.028678055852651596,-0.20751486718654633,-1.9287190437316895,4.327806006883624,-2.80832146050819,2,1,1,0.02,0.08,0.03,0.15,0.9,0.1,-1.2,0.0,0,0,1,0,0.825,0.2
314,3,0.9913302659988403,0.20304304361343384,-1.4730679988861084,3.77719035899856,-1.0221275822617553,2,1,1,0.02,0.08,0.03,0.15,0.9,0.1,-1.2,0.0,0,0,1,0,0.825,0.2
314,4,-1.4016780853271484,0.4138038158416748,-1.0425115823745728,-0.01462741403436699,1.0020831063786089,0,0,0,0.02,0.08,0.03,0.15,0.9,0.1,-1.2,0.0,0,0,1,0,0.825,0.2
314,5,0.5437914133071899,-0.19028110802173615,-0.0011573870433494449,1.6022807706486786,3.8782248249715336,2,1,1,0.02,0.08,0.03,0.15,0.9,0.1,-1.2,0.0,0,0,1,0,0.825,0.2
314,6,-0.5398855805397034,0.10897374153137207,1.453484058380127,3.2995993611957206,-1.2060371220100121,2,1,1,0.02,0.08,0.03,0.15,0.9,0.1,-1.2,0.0,0,0,1,0,0.825,0.2
314,7,-1.0785036087036133,-0.04550086334347725,-0.8363203406333923,-4.614339290432512,4.522143365038948,2,1,1,0.02,0.08,0.03,0.15,0.9,0.1,-1.2,0.0,0,0,1,0,0.825,0.2
315,0,0.4985656440258026,0.31885966658592224,-2.936539888381958,2.966692587523247,-1.0907436989041421,2,1,1,0.02,0.08,0.03,0.15,0.9,0.1,-1.2,0.0,0,0,1,0,0.825,0.2
315,1,-0.03516542911529541,0.2872927486896515,-0.2968437671661377,-0.47139111109462567,4.113561948223363,2,1,1,0.02,0.08,0.03,0.15,0.9,0.1,-1.2,0.0,0,0,1,0,0.825,0.2
315,2,-0.029579170048236847,-0.20931537449359894,-2.107307195663452,4.209487475609655,-2.2997019774386245,2,1,1,0.02,0.08,0.03,0.15,0.9,0.1,-1.2,0.0,0,0,1,0,0.825,0.2
315,3,0.9914419651031494,0.19864687323570251,-1.6208902597427368,3.79150837629896,-1.430126738937818,2,1,1,0.02,0.08,0.03,0.15,0.9,0.1,-1.2,0.0,0,0,1,0,0.825,0.2
315,4,-1.3991243839263916,0.4088650643825531,-1.143314242362976,-6.28,6.28,0,0,0,0.02,0.08,0.03,0.15,0.9,0.1,-1.2,0.0,0,0,1,0,0.825,0.2
315,5,0.5504106283187866,-0.18984369933605194,0.13188418745994568,1.533491250316236,3.5684574597432768,2,1,1,0.02,0.08,0.03,0.15,0.9,0.1,-1.2,0.0,0,0,1,0,0.825,0.2
315,6,-0.5395507216453552,0.11201903969049454,1.4685726165771484,3.0576448609161724,-0.8079289452279831,2,1,1,0.02,0.08,0.03,0.15,0.9,0.1,-1.2,0.0,0,0,1,0,0.825,0.2
315,7,-1.0778378248214722,-0.04636485502123833,-0.596607506275177,-3.594377193975183,4.286039983291801,2,1,1,0.02,0.08,0.03,0.15,0.9,0.1,-1.2,0.0,0,0,1,0,0.825,0.2
316,0,0.4976254403591156,0.3187674880027771,3.1361377239227295,3.7356624637961513,-2.6034292808517177,2,1,1,0.02,0.08,0.03,0.15,0.9,0.1,-1.2,0.0,0,0,1,0,0.825,0.2
316,1,-0.03217140957713127,0.28674471378326416,-0.08256951719522476,-0.39886612565948437,3.9037167407955127,2,1,1,0.02,0.08,0.03,0.15,0.9,0.1,-1.2,0.0,0,0,1,0,0.825,0.2
316,2,-0.030559832230210304,-0.21063587069511414,-2.3413233757019043,3.986559229745358,-1.2947736379996302,2,1,1,0.02,0.08,0.03,0.15,0.9,0.1,-1.2,0.0,0,0,1,0,0.825,0.2
316,3,0.9910619854927063,0.19558170437812805,-1.7853548526763916,3.749480115258577,-1.6216970111242643,2,1,1,0.02,0.08,0.03,0.15,0.9,0.1,-1.2,0.0,0,0,1,0,0.825,0.2
316,4,-1.3984112739562988,0.407229483127594,-1.1316224336624146,6.28,-6.28,0,0,0,0.02,0.08,0.03,0.15,0.9,0.1,-1.2,0.0,0,0,1,0,0.825,0.2
316,5,0.5560646057128906,-0.18880243599414825,0.22230854630470276,1.332535457871995,3.3322592678570473,2,1,1,0.02,0.08,0.03,0.15,0.9,0.1,-1.2,0.0,0,0,1,0,0.825,0.2
316,6,-0.5392486453056335,0.11429814994335175,1.3447725772857666,3.093408590614766,-0.6896124715183706,2,1,1,0.02,0.08,0.03,0.15,0.9,0.1,-1.2,0.0,0,0,1,0,0.825,0.2
316,7,-1.0780435800552368,-0.04628178849816322,-0.2630794942378998,-2.3373299501296,4.210295724067021,2,1,1,0.02,0.08,0.03,0.15,0.9,0.1,-1.2,0.0,0,0,1,0,0.825,0.2
317,0,0.4961732029914856,0.31891921162605286,2.9671573638916016,4.006921208735881,-3.1665841557945584,2,1,1,0.02,0.08,0.03,0.15,0.9,0.1,-1.2,0.0,0,0,1,0,0.825,0.2
317,1,-0.02861134521663189,0.2867491841316223,0.08222620189189911,0.4643397913113068,3.518027733324086,2,1,1,0.02,0.08,0.03,0.15,0.9,0.1,-1.2,0.0,0,0,1,0,0.825,0.2
317,2,-0.03192015737295151,-0.2117149829864502,-2.5782508850097656,4.082691604357847,-1.3922488911242863,2,1,1,0.02,0.08,0.03,0.15,0.9,0.1,-1.2,0.0,0,0,1,0,0.825,0.2
317,3,0.9903398752212524,0.1932586133480072,-1.966404914855957,4.0635721297353955,-2.5618086429494085,2,1,1,0.02,0.08,0.03,0.15,0.9,0.1,-1.2,0.0,0,0,1,0,0.825,0.2
317,4,-1.3982077836990356,0.406867116689682,-0.7585480213165283,-6.28,6.032707473828252,0,0,0,0.02,0.08,0.03,0.15,0.9,0.1,-1.2,0.0,0,0,1,0,0.825,0.2
317,5,0.5610583424568176,-0.1874697059392929,0.29486703872680664,1.4808975616527054,2.8504232548268003,2,1,1,0.02,0.08,0.03,0.15,0.9,0.1,-1.2,0.0,0,0,1,0,0.825,0.2
317,6,-0.5386046171188354,0.11644712090492249,1.2036335468292236,3.9917676576760805,-6.28,2,1,1,0.02,0.08,0.03,0.15,0.9,0.1,-1.2,0.0,0,0,1,0,0.825,0.2
317,7,-1.0776679515838623,-0.046351391822099686,0.06301213055849075,-0.9402823107073636,4.067682903170717,2,1,1,0.02,0.08,0.03,0.15,0.9,0.1,-1.2,0.0,0,0,1,0,0.825,0.2
318,0,0.4951346218585968,0.31919097900390625,2.751734733581543,3.9895139629285135,-2.9257633000542325,2,1,1,0.02,0.08,0.03,0.15,0.9,0.1,-1.2,0.0,0,0,1,0,0.825,0.2
318,1,-0.02512606792151928,0.28729793429374695,0.23426878452301025,-0.10317457649550374,3.4268254182599907,2,1,1,0.02,0.08,0.03,0.15,0.9,0.1,-1.2,0.0,0,0,1,0,0.825,0.2
318,2,-0.03387505188584328,-0.21264870464801788,-2.785273313522339,4.302786175138209,-3.805230830916221,2,1,1,0.02,0.08,0.03,0.15,0.9,0.1,-1.2,0.0,0,0,1,0,0.825,0.2
318,3,0.9893246293067932,0.19134178757667542,-2.1545872688293457,4.167223937610945,-2.9681052567982507,2,1,1,0.02,0.08,0.03,0.15,0.9,0.1,-1.2,0.0,0,0,1,0,0.825,0.2
318,4,-1.3980807065963745,0.40667009353637695,-1.029325246810913,-6.28,6.28,0,0,0,0.02,0.08,0.03,0.15,0.9,0.1,-1.2,0.0,0,0,1,0,0.825,0.2
318,5,0.5655504465103149,-0.18593096733093262,0.3650000989437103,-1.3898776322842084,3.0636458402209628,2,1,1,0.02,0.08,0.03,0.15,0.9,0.1,-1.2,0.0,0,0,1,0,0.825,0.2
318,6,-0.5375993847846985,0.11861532926559448,1.0697516202926636,3.8415073856981037,-6.28,2,1,1,0.02,0.08,0.03,0.15,0.9,0.1,-1.2,0.0,0,0,1,0,0.825,0.2
318,7,-1.0760596990585327,-0.04599563777446747,0.3513979911804199,-0.15309070184632775,4.2330931505509755,2,1,1,0.02,0.08,0.03,0.15,0.9,0.1,-1.2,0.0,0,0,1,0,0.825,0.2
319,0,0.49400508403778076,0.31983017921447754,2.484713315963745,4.286451130812334,-3.5965290505554304,2,1,1,0.02,0.08,0.03,0.15,0.9,0.1,-1.2,0.0,0,0,1,0,0.825,0.2
319,1,-0.021413529291749,0.2884329855442047,0.3495751619338989,-0.6333496908042111,3.324728872844902,2,1,1,0.02,0.08,0.03,0.15,0.9,0.1,-1.2,0.0,0,0,1,0,0.825,0.2
319,2,-0.03619037941098213,-0.21324974298477173,-2.9862961769104004,4.016414631670997,-2.6402182850432596,2,1,1,0.02,0.08,0.03,0.15,0.9,0.1,-1.2,0.0,0,0,1,0,0.825,0.2
319,3,0.9882965087890625,0.19008329510688782,-2.379382610321045,4.221067831535448,-3.090953993933315,2,1,1,0.02,0.08,0.03,0.15,0.9,0.1,-1.2,0.0,0,0,1,0,0.825,0.2
319,4,-1.3982598781585693,0.40680012106895447,-0.7560259103775024,-6.28,5.315013649430387,0,0,0,0.02,0.08,0.03,0.15,0.9,0.1,-1.2,0.0,0,0,1,0,0.825,0.2
319,5,0.5696097612380981,-0.1842440515756607,0.41730350255966187,-1.0608772094143606,2.671987493394892,2,1,1,0.02,0.08,0.03,0.15,0.9,0.1,-1.2,0.0,0,0,1,0,0.825,0.2
319,6,-0.5383835434913635,0.11781840026378632,0.7409089803695679,4.13382698642792,-5.818611916274893,2,1,1,0.02,0.08,0.03,0.15,0.9,0.1,-1.2,0.0,0,0,1,0,0.825,0.2
319,7,-1.0737940073013306,-0.044850319623947144,0.5602744221687317,0.43476733219575714,4.2098165561332666,2,1,1,0.02,0.08,0.03,0.15,0.9,0.1,-1.2,0.0,0,0,1,0,0.825,0.2
320,0,0.49284395575523376,0.3210158944129944,2.2148308753967285,4.257924182552678,-3.2250873076798774,2,1,1,0.02,0.08,0.03,0.15,0.9,0.1,-1.2,0.0,0,0,1,0,0.825,0.2
320,1,-0.018240807577967644,0.2897944152355194,0.4697716534137726,-0.13740912103275116,2.942521797485882,2,1,1,0.02,0.08,0.03,0.15,0.9,0.1,-1.2,0.0,0,0,1,0,0.825,0.2
320,2,-0.03668580576777458,-0.2133040577173233,3.0113515853881836,3.982619329254796,-2.1696012878211044,2,1,1,0.02,0.08,0.03,0.15,0.9,0.1,-1.2,0.0,0,0,1,0,0.825,0.2
320,3,0.98729008436203,0.18930503726005554,-2.627582550048828,4.0411882688090275,-1.9997928726514898,2,1,1,0.02,0.08,0.03,0.15,0.9,0.1,-1.2,0.0,0,0,1,0,0.825,0.2
320,4,-1.3981651067733765,0.40670621395111084,-0.47763675451278687,-5.904202856307914,4.844759693807694,0,0,0,0.02,0.08,0.03,0.15,0.9,0.1,-1.2,0.0,0,0,1,0,0.825,0.2
320,5,0.571591854095459,-0.18327178061008453,0.5519952774047852,0.011828725626641771,1.6927346540139248,2,1,1,0.02,0.08,0.03,0.15,0.9,0.1,-1.2,0.0,0,0,1,0,0.825,0.2
320,6,-0.5397403240203857,0.11705594509840012,0.3482368588447571,4.856935565413871,-3.189192169579368,2,1,1,0.02,0.08,0.03,0.15,0.9,0.1,-1.2,0.0,0,0,1,0,0.825,0.2
320,7,-1.0710316896438599,-0.042746979743242264,0.7319983839988708,0.6216176973025292,4.298982376551054,2,1,1,0.02,0.08,0.03,0.15,0.9,0.1,-1.2,0.0,0,0,1,0,0.825,0.2
321,0,0.4921036958694458,0.3223106265068054,1.918662190437317,4.110323222093377,-2.4008954240462477,2,1,1,0.02,0.08,0.03,0.15,0.9,0.1,-1.2,0.0,0,0,1,0,0.825,0.2
321,1,-0.0158084724098444,0.2912227213382721,0.605645477771759,-0.28440551229027383,2.8856822826724167,2,1,1,0.02,0.08,0.03,0.15,0.9,0.1,-1.2,0.0,0,0,1,0,0.825,0.2
321,2,-0.03761269897222519,-0.21293817460536957,2.7249298095703125,3.920445953228323,-1.624479918429195,2,1,1,0.02,0.08,0.03,0.15,0.9,0.1,-1.2,0.0,0,0,1,0,0.825,0.2
321,3,0.9862313866615295,0.18883995711803436,-2.884033203125,4.184590328640092,-2.0223391072486097,2,1,1,0.02,0.08,0.03,0.15,0.9,0.1,-1.2,0.0,0,0,1,0,0.825,0.2
321,4,-1.3981651067733765,0.40670618414878845,-0.4776352643966675,-5.880549133646971,4.869371050020097,0,0,0,0.02,0.08,0.03,0.15,0.9,0.1,-1.2,0.0,0,0,1,0,0.825,0.2
321,5,0.5729131102561951,-0.18231777846813202,0.6884201765060425,0.5112114526041338,1.3401697070003782,2,1,1,0.02,0.08,0.03,0.15,0.9,0.1,-1.2,0.0,0,0,1,0,0.825,0.2
321,6,-0.5391675233840942,0.11701992899179459,0.039805278182029724,5.586597659155905,-0.847838932719121,2,1,1,0.02,0.08,0.03,0.15,0.9,0.1,-1.2,0.0,0,0,1,0,0.825,0.2
321,7,-1.068154215812683,-0.03973176330327988,0.8807641267776489,0.38329563767360264,4.480046795400057,2,1,1,0.02,0.08,0.03,0.15,0.9,0.1,-1.2,0.0,0,0,1,0,0.825,0.2
322,0,0.4917588531970978,0.3239467144012451,1.627929449081421,3.858487785208603,-1.3918720701929053,2,1,1,0.02,0.08,0.03,0.15,0.9,0.1,-1.2,0.0,0,0,1,0,0.825,0.2
322,1,-0.013617211021482944,0.2929399013519287,0.7198711633682251,0.2050818348788312,2.5794726037917437,2,1,1,0.02,0.08,0.03,0.15,0.9,0.1,-1.2,0.0,0,0,1,0,0.825,0.2
322,2,-0.03907792270183563,-0.2120225876569748,2.459775447845459,4.247390849875197,-3.607254659726247,2,1,1,0.02,0.08,0.03,0.15,0.9,0.1,-1.2,0.0,0,0,1,0,0.825,0.2
322,3,0.984541118144989,0.18858541548252106,-3.1105613708496094,4.249189046210638,-1.858199146575322,2,1,1,0.02,0.08,0.03,0.15,0.9,0.1,-1.2,0.0,0,0,1,0,0.825,0.2
322,4,-1.3974189758300781,0.4065568745136261,-0.10811581462621689,-4.677971362336644,4.505015417659413,0,0,0,0.02,0.08,0.03,0.15,0.9,0.1,-1.2,0.0,0,0,1,0,0.825,0.2
322,5,0.5741657614707947,-0.18118830025196075,0.7617202401161194,1.245324887178912,0.4618064604829503,2,1,1,0.02,0.08,0.03,0.15,0.9,0.1,-1.2,0.0,0,0,1,0,0.825,0.2
322,6,-0.5364254713058472,0.11695331335067749,-0.23415112495422363,5.2626098614146315,-1.0223233297031842,2,1,1,0.02,0.08,0.03,0.15,0.9,0.1,-1.2,0.0,0,0,1,0,0.825,0.2
322,7,-1.0655286312103271,-0.03605419024825096,1.0222398042678833,6.28,-6.28,2,1,1,0.02,0.08,0.03,0.15,0.9,0.1,-1.2,0.0,0,0,1,0,0.825,0.2
323,0,0.49188822507858276,0.3260100781917572,1.3758327960968018,3.74931290556625,-0.676130454485626,2,1,1,0.02,0.08,0.03,0.15,0.9,0.1,-1.2,0.0,0,0,1,0,0.825,0.2
323,1,-0.011724667623639107,0.29478520154953003,0.8304367661476135,-0.955334918723287,3.182905703732719,2,1,1,0.02,0.08,0.03,0.15,0.9,0.1,-1.2,0.0,0,0,1,0,0.825,0.2
323,2,-0.04059687629342079,-0.2104342132806778,2.22019100189209,4.309343014078874,-3.406825195989717,2,1,1,0.02,0.08,0.03,0.15,0.9,0.1,-1.2,0.0,0,0,1,0,0.825,0.2
323,3,0.982344388961792,0.18874463438987732,2.9528422355651855,4.286926324504344,-1.7917555524286897,2,1,1,0.02,0.08,0.03,0.15,0.9,0.1,-1.2,0.0,0,0,1,0,0.825,0.2
323,4,-1.3938263654708862,0.4066147208213806,0.14741353690624237,-3.8526963723987873,4.388391112729064,0,0,0,0.02,0.08,0.03,0.15,0.9,0.1,-1.2,0.0,0,0,1,0,0.825,0.2
323,5,0.5754541754722595,-0.1799040138721466,0.7965938448905945,1.8223431656023588,-0.39051185971150837,2,1,1,0.02,0.08,0.03,0.15,0.9,0.1,-1.2,0.0,0,0,1,0,0.825,0.2
323,6,-0.5325484871864319,0.11538878828287125,-0.5194549560546875,1.5188494221073834,0.1367393140593018,2,1,1,0.02,0.08,0.03,0.15,0.9,0.1,-1.2,0.0,0,0,1,0,0.825,0.2
323,7,-1.063459038734436,-0.032041214406490326,1.1757171154022217,6.28,-6.28,2,1,1,0.02,0.08,0.03,0.15,0.9,0.1,-1.2,0.0,0,0,1,0,0.825,0.2
324,0,0.4925667643547058,0.3282471299171448,1.183099389076233,3.2367019545405507,0.5249426734987601,2,1,1,0.02,0.08,0.03,0.15,0.9,0.1,-1.2,0.0,0,0,1,0,0.825,0.2
324,1,-0.009968550875782967,0.2968979775905609,0.9192498326301575,-0.889981365697072,3.1295774998058286,2,1,1,0.02,0.08,0.03,0.15,0.9,0.1,-1.2,0.0,0,0,1,0,0.825,0.2
324,2,-0.041246138513088226,-0.20959226787090302,1.9213435649871826,4.406663341996884,-2.9963271017792454,2,1,1,0.02,0.08,0.03,0.15,0.9,0.1,-1.2,0.0,0,0,1,0,0.825,0.2
324,3,0.9800634980201721,0.1894305944442749,2.7363169193267822,4.278367333821052,-1.8360322050368727,2,1,1,0.02,0.08,0.03,0.15,0.9,0.1,-1.2,0.0,0,0,1,0,0.825,0.2
324,4,-1.3922709226608276,0.4067181348800659,0.4687965512275696,-3.021302492226944,4.469453411086987,0,0,0,0.02,0.08,0.03,0.15,0.9,0.1,-1.2,0.0,0,0,1,0,0.825,0.2
324,5,0.576664924621582,-0.178662970662117,0.7802642583847046,3.308002451509308,-2.6341963727615663,2,1,1,0.02,0.08,0.03,0.15,0.9,0.1,-1.2,0.0,0,0,1,0,0.825,0.2
324,6,-0.5292932391166687,0.1129591315984726,-0.7731634378433228,0.8364903146143514,0.7262094432062279,2,1,1,0.02,0.08,0.03,0.15,0.9,0.1,-1.2,0.0,0,0,1,0,0.825,0.2
324,7,-1.0630260705947876,-0.030962593853473663,0.8377013206481934,5.005983272211852,-5.5820307559905595,2,1,1,0.02,0.08,0.03,0.15,0.9,0.1,-1.2,0.0,0,0,1,0,0.825,0.2
325,0,0.49390774965286255,0.33088332414627075,1.0228036642074585,3.380462908000328,0.6179858769990226,2,1,1,0.02,0.08,0.03,0.15,0.9,0.1,-1.2,0.0,0,0,1,0,0.825,0.2
325,1,-0.00865176972001791,0.29883554577827454,1.0522143840789795,-1.442895052542795,3.3724222511829494,2,1,1,0.02,0.08,0.03,0.15,0.9,0.1,-1.2,0.0,0,0,1,0,0.825,0.2
325,2,-0.041393399238586426,-0.20875421166419983,1.5910468101501465,4.51503465953045,-2.4680005747335443,2,1,1,0.02,0.08,0.03,0.15,0.9,0.1,-1.2,0.0,0,0,1,0,0.825,0.2
325,3,0.9778703451156616,0.19063866138458252,2.522081136703491,4.2152208877645645,-1.9300146294675964,2,1,1,0.02,0.08,0.03,0.15,0.9,0.1,-1.2,0.0,0,0,1,0,0.825,0.2
325,4,-1.3921294212341309,0.4067525565624237,0.7998561263084412,-2.1406581453837017,4.627386596753248,0,0,0,0.02,0.08,0.03,0.15,0.9,0.1,-1.2,0.0,0,0,1,0,0.825,0.2
325,5,0.57774418592453,-0.17763981223106384,0.7125202417373657,3.8961726893128525,-3.5735421877955886,2,1,1,0.02,0.08,0.03,0.15,0.9,0.1,-1.2,0.0,0,0,1,0,0.825,0.2
325,6,-0.5279765725135803,0.11149555444717407,-0.8615000247955322,1.026239885419069,0.4348476296732592,2,1,1,0.02,0.08,0.03,0.15,0.9,0.1,-1.2,0.0,0,0,1,0,0.825,0.2
325,7,-1.0630226135253906,-0.030970556661486626,0.5665481686592102,4.170244128761285,-3.4026729394039923,2,1,1,0.02,0.08,0.03,0.15,0.9,0.1,-1.2,0.0,0,0,1,0,0.825,0.2
326,0,0.4959753751754761,0.3338552415370941,0.9164976477622986,3.6048817465267806,0.12489137855013245,2,1,1,0.02,0.08,0.03,0.15,0.9,0.1,-1.2,0.0,0,0,1,0,0.825,0.2
326,1,-0.00766998203471303,0.3008531332015991,1.1943646669387817,-1.3176529376921327,3.29127409045075,2,1,1,0.02,0.08,0.03,0.15,0.9,0.1,-1.2,0.0,0,0,1,0,0.825,0.2
326,2,-0.04120101034641266,-0.20748910307884216,1.2751457691192627,4.555030239424797,-1.7544549159346112,2,1,1,0.02,0.08,0.03,0.15,0.9,0.1,-1.2,0.0,0,0,1,0,0.825,0.2
326,3,0.9760065674781799,0.1922627091407776,2.3072972297668457,3.98469058140013,-1.4681665902888135,2,1,1,0.02,0.08,0.03,0.15,0.9,0.1,-1.2,0.0,0,0,1,0,0.825,0.2
326,4,-1.3918147087097168,0.4072272777557373,1.0926200151443481,-1.079961333697972,4.721616068161272,0,0,0,0.02,0.08,0.03,0.15,0.9,0.1,-1.2,0.0,0,0,1,0,0.825,0.2
326,5,0.5783970952033997,-0.17712149024009705,0.5294934511184692,3.783949017939059,-3.5048401900137303,2,1,1,0.02,0.08,0.03,0.15,0.9,0.1,-1.2,0.0,0,0,1,0,0.825,0.2
326,6,-0.5270017981529236,0.11030811816453934,-0.8737697601318359,2.3882747282716488,-1.2081253101705696,2,1,1,0.02,0.08,0.03,0.15,0.9,0.1,-1.2,0.0,0,0,1,0,0.825,0.2
326,7,-1.0629138946533203,-0.03089258447289467,0.4322567880153656,4.222934551533955,-2.6673529658239947,2,1,1,0.02,0.08,0.03,0.15,0.9,0.1,-1.2,0.0,0,0,1,0,0.825,0.2
327,0,0.49852338433265686,0.3368675410747528,0.8204092383384705,3.701174972430593,-0.4543321957465533,2,1,1,0.02,0.08,0.03,0.15,0.9,0.1,-1.2,0.0,0,0,1,0,0.825,0.2
327,1,-0.007066386751830578,0.3027578294277191,1.3580803871154785,-2.1707808206286656,3.6508959945044737,2,1,1,0.02,0.08,0.03,0.15,0.9,0.1,-1.2,0.0,0,0,1,0,0.825,0.2
327,2,-0.04051309451460838,-0.2060353308916092,0.9891985654830933,4.463536357512384,-0.6917844605785771,2,1,1,0.02,0.08,0.03,0.15,0.9,0.1,-1.2,0.0,0,0,1,0,0.825,0.2
327,3,0.9746169447898865,0.19413259625434875,2.0915331840515137,3.954956433160732,-1.9529798239306908,2,1,1,0.02,0.08,0.03,0.15,0.9,0.1,-1.2,0.0,0,0,1,0,0.825,0.2
327,4,-1.3912749290466309,0.4088061451911926,1.3560279607772827,0.21136912132736876,4.573196747521218,0,0,0,0.02,0.08,0.03,0.15,0.9,0.1,-1.2,0.0,0,0,1,0,0.825,0.2
327,5,0.5787551999092102,-0.1769312173128128,0.27626553177833557,4.2436527510586215,-4.174476530432672,2,1,1,0.02,0.08,0.03,0.15,0.9,0.1,-1.2,0.0,0,0,1,0,0.825,0.2
327,6,-0.5260677933692932,0.10917585343122482,-0.8907450437545776,1.2601963897144368,0.11819317369265325,2,1,1,0.02,0.08,0.03,0.15,0.9,0.1,-1.2,0.0,0,0,1,0,0.825,0.2
327,7,-1.0625672340393066,-0.030858196318149567,0.13375848531723022,4.056444913974526,-1.2537088126272684,2,1,1,0.02,0.08,0.03,0.15,0.9,0.1,-1.2,0.0,0,0,1,0,0.825,0.2
328,0,0.5012481808662415,0.3394926190376282,0.7034683227539062,3.780081824563027,-1.1547584318293156,2,1,1,0.02,0.08,0.03,0.15,0.9,0.1,-1.2,0.0,0,0,1,0,0.825,0.2
328,1,-0.00679642241448164,0.30470913648605347,1.5215040445327759,-2.5251795455206554,3.7542915344756755,2,1,1,0.02,0.08,0.03,0.15,0.9,0.1,-1.2,0.0,0,0,1,0,0.825,0.2
328,2,-0.039168212562799454,-0.20449241995811462,0.7427083849906921,4.246340778291625,0.3662130303161738,2,1,1,0.02,0.08,0.03,0.15,0.9,0.1,-1.2,0.0,0,0,1,0,0.825,0.2
328,3,0.973593533039093,0.19638879597187042,1.895377278327942,3.8181801881721045,-1.8306118842294234,2,1,1,0.02,0.08,0.03,0.15,0.9,0.1,-1.2,0.0,0,0,1,0,0.825,0.2
328,4,-1.3910040855407715,0.4118163585662842,1.5793341398239136,0.08903537163919735,4.314632325087965,0,0,0,0.02,0.08,0.03,0.15,0.9,0.1,-1.2,0.0,0,0,1,0,0.825,0.2
328,5,0.5790778398513794,-0.17685240507125854,0.016440462321043015,5.090345473766548,-5.441959574817438,2,1,1,0.02,0.08,0.03,0.15,0.9,0.1,-1.2,0.0,0,0,1,0,0.825,0.2
328,6,-0.5253238677978516,0.10819433629512787,-0.9957721829414368,2.4776212506092286,-1.2921383791126393,2,1,1,0.02,0.08,0.03,0.15,0.9,0.1,-1.2,0.0,0,0,1,0,0.825,0.2
328,7,-1.0618242025375366,-0.03088509477674961,-0.13573259115219116,3.6303360739129014,-0.06228184115867723,2,1,1,0.02,0.08,0.03,0.15,0.9,0.1,-1.2,0.0,0,0,1,0,0.825,0.2
329,0,0.5039340853691101,0.34149304032325745,0.5622735023498535,3.4428071691345443,-0.5860013286453096,2,1,1,0.02,0.08,0.03,0.15,0.9,0.1,-1.2,0.0,0,0,1,0,0.825,0.2
329,1,-0.006845378316938877,0.30629342794418335,1.7183703184127808,-2.423006205748203,3.6429892380614977,2,1,1,0.02,0.08,0.03,0.15,0.9,0.1,-1.2,0.0,0,0,1,0,0.825,0.2
329,2,-0.036577727645635605,-0.20260460674762726,0.5416508913040161,4.146471386029744,0.3506658727851639,2,1,1,0.02,0.08,0.03,0.15,0.9,0.1,-1.2,0.0,0,0,1,0,0.825,0.2
329,3,0.9731022715568542,0.19843944907188416,1.691279649734497,3.5422739999661172,-1.023432707145281,2,1,1,0.02,0.08,0.03,0.15,0.9,0.1,-1.2,0.0,0,0,1,0,0.825,0.2
329,4,-1.3914408683776855,0.41623836755752563,1.7454026937484741,-2.153976543363752,4.05308819609069,0,0,0,0.02,0.08,0.03,0.15,0.9,0.1,-1.2,0.0,0,0,1,0,0.825,0.2
329,5,0.5798634886741638,-0.17694129049777985,-0.29658937454223633,5.053988396926689,-5.793067234518531,2,1,1,0.02,0.08,0.03,0.15,0.9,0.1,-1.2,0.0,0,0,1,0,0.825,0.2
329,6,-0.5246597528457642,0.10707919299602509,-1.0544086694717407,2.811271732072569,-1.6826103739690672,2,1,1,0.02,0.08,0.03,0.15,0.9,0.1,-1.2,0.0,0,0,1,0,0.825,0.2
329,7,-1.0596177577972412,-0.0314713791012764,-0.3419772982597351,3.476105005055173,0.6282733838501319,2,1,1,0.02,0.08,0.03,0.15,0.9,0.1,-1.2,0.0,0,0,1,0,0.825,0.2
330,0,0.5063700079917908,0.34278571605682373,0.3942504823207855,3.7780076818083894,-1.896853839642451,2,1,1,0.02,0.08,0.03,0.15,0.9,0.1,-1.2,0.0,0,0,1,0,0.825,0.2
330,1,-0.007158275227993727,0.30758562684059143,1.9381169080734253,-2.5601841843993283,3.638592215182678,2,1,1,0.02,0.08,0.03,0.15,0.9,0.1,-1.2,0.0,0,0,1,0,0.825,0.2
330,2,-0.032681141048669815,-0.20066145062446594,0.3945957124233246,4.017969357032818,0.49123532865520053,2,1,1,0.02,0.08,0.03,0.15,0.9,0.1,-1.2,0.0,0,0,1,0,0.825,0.2
330,3,0.9730427861213684,0.20043061673641205,1.4912691116333008,3.2375588203153423,0.03747132411663773,2,1,1,0.02,0.08,0.03,0.15,0.9,0.1,-1.2,0.0,0,0,1,0,0.825,0.2
330,4,-1.3925299644470215,0.4205828011035919,1.8936525583267212,-6.28,4.094007075816134,0,0,0,0.02,0.08,0.03,0.15,0.9,0.1,-1.2,0.0,0,0,1,0,0.825,0.2
330,5,0.5801185965538025,-0.17701569199562073,-0.6885595917701721,4.47809769933253,-4.504959228436693,2,1,1,0.02,0.08,0.03,0.15,0.9,0.1,-1.2,0.0,0,0,1,0,0.825,0.2
330,6,-0.5241345167160034,0.10604145377874374,-1.170460820198059,2.896242624903283,-1.7354429475308608,2,1,1,0.02,0.08,0.03,0.15,0.9,0.1,-1.2,0.0,0,0,1,0,0.825,0.2
330,7,-1.0565621852874756,-0.03283726051449776,-0.48397842049598694,3.6022537102312056,0.8689059799695333,2,1,1,0.02,0.08,0.03,0.15,0.9,0.1,-1.2,0.0,0,0,1,0,0.825,0.2
331,0,0.5090426802635193,0.3436684012413025,0.24640241265296936,3.642464337026584,-1.945206546890859,2,1,1,0.02,0.08,0.03,0.15,0.9,0.1,-1.2,0.0,0,0,1,0,0.825,0.2
331,1,-0.00771171972155571,0.30871209502220154,2.1539533138275146,-2.9064124246676752,3.7537032981952025,2,1,1,0.02,0.08,0.03,0.15,0.9,0.1,-1.2,0.0,0,0,1,0,0.825,0.2
331,2,-0.02841700240969658,-0.19919873774051666,0.26127931475639343,3.8656370342221384,0.8491571372862633,2,1,1,0.02,0.08,0.03,0.15,0.9,0.1,-1.2,0.0,0,0,1,0,0.825,0.2
331,3,0.9734488129615784,0.20274178683757782,1.3208723068237305,3.3738999005537673,-0.034742103383162554,2,1,1,0.02,0.08,0.03,0.15,0.9,0.1,-1.2,0.0,0,0,1,0,0.825,0.2
331,4,-1.3934723138809204,0.4227988123893738,2.0974647998809814,-6.28,2.906907927428784,0,0,0,0.02,0.08,0.03,0.15,0.9,0.1,-1.2,0.0,0,0,1,0,0.825,0.2
331,5,0.5799669623374939,-0.17677482962608337,-1.1127828359603882,4.454261760945776,-4.394597704192274,2,1,1,0.02,0.08,0.03,0.15,0.9,0.1,-1.2,0.0,0,0,1,0,0.825,0.2
331,6,-0.5238337516784668,0.10515710711479187,-1.330783486366272,3.1250041775706032,-2.0004235461094195,2,1,1,0.02,0.08,0.03,0.15,0.9,0.1,-1.2,0.0,0,0,1,0,0.825,0.2
331,7,-1.0531363487243652,-0.03488793969154358,-0.5888862013816833,2.991434077440532,1.0475370715535934,2,1,1,0.02,0.08,0.03,0.15,0.9,0.1,-1.2,0.0,0,0,1,0,0.825,0.2
332,0,0.5110918283462524,0.34401652216911316,0.05857784301042557,4.05476335844319,-3.15122547296719,2,1,1,0.02,0.08,0.03,0.15,0.9,0.1,-1.2,0.0,0,0,1,0,0.825,0.2
332,1,-0.008410356007516384,0.309596449136734,2.371424913406372,-2.83118004239423,3.711166533148327,2,1,1,0.02,0.08,0.03,0.15,0.9,0.1,-1.2,0.0,0,0,1,0,0.825,0.2
332,2,-0.02401065081357956,-0.19830529391765594,0.13572454452514648,3.6565001075667887,1.8527061332571204,2,1,1,0.02,0.08,0.03,0.15,0.9,0.1,-1.2,0.0,0,0,1,0,0.825,0.2
332,3,0.9744173884391785,0.20565567910671234,1.1977076530456543,3.499876154595958,-0.27747689013778926,2,1,1,0.02,0.08,0.03,0.15,0.9,0.1,-1.2,0.0,0,0,1,0,0.825,0.2
332,4,-1.3928908109664917,0.4221622049808502,2.453989267349243,-6.28,3.58152520900136,0,0,0,0.02,0.08,0.03,0.15,0.9,0.1,-1.2,0.0,0,0,1,0,0.825,0.2
332,5,0.5803719758987427,-0.17775417864322662,-1.3760027885437012,4.468094838304758,-4.496274424238443,2,1,1,0.02,0.08,0.03,0.15,0.9,0.1,-1.2,0.0,0,0,1,0,0.825,0.2
332,6,-0.5237154364585876,0.10441431403160095,-1.5070163011550903,1.9321721935021783,-0.4313273444837081,2,1,1,0.02,0.08,0.03,0.15,0.9,0.1,-1.2,0.0,0,0,1,0,0.825,0.2
332,7,-1.049605131149292,-0.03750337287783623,-0.6851512789726257,-5.879996137807288,4.719416425706053,2,1,1,0.02,0.08,0.03,0.15,0.9,0.1,-1.2,0.0,0,0,1,0,0.825,0.2
333,0,0.5128759145736694,0.34395647048950195,-0.14031970500946045,3.633014146082853,-2.33771971005549,2,1,1,0.02,0.08,0.03,0.15,0.9,0.1,-1.2,0.0,0,0,1,0,0.825,0.2
333,1,-0.009111949242651463,0.3101721704006195,2.6027140617370605,-1.8900700379251656,3.276380362525402,2,1,1,0.02,0.08,0.03,0.15,0.9,0.1,-1.2,0.0,0,0,1,0,0.825,0.2
333,2,-0.019370583817362785,-0.19793270528316498,0.02594214305281639,3.495051159510751,1.9696561734389562,2,1,1,0.02,0.08,0.03,0.15,0.9,0.1,-1.2,0.0,0,0,1,0,0.825,0.2
333,3,0.9758053421974182,0.2086738646030426,1.0798064470291138,3.7516630390558996,-0.9058708583275856,2,1,1,0.02,0.08,0.03,0.15,0.9,0.1,-1.2,0.0,0,0,1,0,0.825,0.2
333,4,-1.3907854557037354,0.42107751965522766,2.817643165588379,-3.4735124484375817,4.756102497670629,0,0,0,0.02,0.08,0.03,0.15,0.9,0.1,-1.2,0.0,0,0,1,0,0.825,0.2
333,5,0.5804064869880676,-0.17782950401306152,-1.720854640007019,4.428538502404101,-4.043361009308703,2,1,1,0.02,0.08,0.03,0.15,0.9,0.1,-1.2,0.0,0,0,1,0,0.825,0.2
333,6,-0.5237353444099426,0.10371269285678864,-1.6990993022918701,0.49876757989078063,1.1139862518310906,2,1,1,0.02,0.08,0.03,0.15,0.9,0.1,-1.2,0.0,0,0,1,0,0.825,0.2
333,7,-1.0465182065963745,-0.0402359664440155,-0.7586309313774109,-6.230458589547054,4.93844593375566,2,1,1,0.02,0.08,0.03,0.15,0.9,0.1,-1.2,0.0,0,0,1,0,0.825,0.2
334,0,0.5140625238418579,0.3436760902404785,-0.388317734003067,3.406412452847636,-1.8220282319233463,2,1,1,0.02,0.08,0.03,0.15,0.9,0.1,-1.2,0.0,0,0,1,0,0.825,0.2
334,1,-0.009906090795993805,0.3105584681034088,2.83370041847229,-1.1234878785831066,2.950998568777109,2,1,1,0.02,0.08,0.03,0.15,0.9,0.1,-1.2,0.0,0,0,1,0,0.825,0.2
334,2,-0.01405897457152605,-0.19801874458789825,-0.046865399926900864,2.37231120513745,0.8012406965274563,2,1,1,0.02,0.08,0.03,0.15,0.9,0.1,-1.2,0.0,0,0,1,0,0.825,0.2
334,3,0.9775062799453735,0.2114383429288864,0.9498316645622253,3.845430315243896,-1.0993310030550787,2,1,1,0.02,0.08,0.03,0.15,0.9,0.1,-1.2,0.0,0,0,1,0,0.825,0.2
334,4,-1.3937872648239136,0.42211589217185974,2.947460174560547,-3.5141497029663014,4.826232040542719,0,0,0,0.02,0.08,0.03,0.15,0.9,0.1,-1.2,0.0,0,0,1,0,0.825,0.2
334,5,0.580424964427948,-0.17782150208950043,-2.0871660709381104,4.382193297007333,-4.25732606635357,2,1,1,0.02,0.08,0.03,0.15,0.9,0.1,-1.2,0.0,0,0,1,0,0.825,0.2
334,6,-0.5239692330360413,0.10258649289608002,-1.810778021812439,1.458436638280143,0.1700191829608448,2,1,1,0.02,0.08,0.03,0.15,0.9,0.1,-1.2,0.0,0,0,1,0,0.825,0.2
334,7,-1.0467191934585571,-0.04025190323591232,-0.4713050127029419,-5.232124410236055,4.599079602673165,2,1,1,0.02,0.08,0.03,0.15,0.9,0.1,-1.2,0.0,0,0,1,0,0.825,0.2
335,0,0.5155858397483826,0.3428337275981903,-0.6254875063896179,3.128857269829181,-1.0833513813184705,2,1,1,0.02,0.08,0.03,0.15,0.9,0.1,-1.2,0.0,0,0,1,0,0.825,0.2
335,1,-0.011118522845208645,0.3108166754245758,3.026085376739502,-1.9254421155378385,3.45294875884366,2,1,1,0.02,0.08,0.03,0.15,0.9,0.1,-1.2,0.0,0,0,1,0,0.825,0.2
335,2,-0.008606025949120522,-0.19843076169490814,-0.10206843167543411,1.8825166917299045,1.3117508354873222,2,1,1,0.02,0.08,0.03,0.15,0.9,0.1,-1.2,0.0,0,0,1,0,0.825,0.2
335,3,0.979372501373291,0.2136947512626648,0.792261004447937,4.155359412636425,-2.18042632481065,2,1,1,0.02,0.08,0.03,0.15,0.9,0.1,-1.2,0.0,0,0,1,0,0.825,0.2
335,4,-1.396048665046692,0.42238757014274597,-3.059514045715332,-1.2244378770344948,5.779508542440254,0,0,0,0.02,0.08,0.03,0.15,0.9,0.1,-1.2,0.0,0,0,1,0,0.825,0.2
335,5,0.5804770588874817,-0.17772889137268066,-2.432966470718384,3.9234562992669084,-3.0604517533041715,2,1,1,0.02,0.08,0.03,0.15,0.9,0.1,-1.2,0.0,0,0,1,0,0.825,0.2
335,6,-0.5243640542030334,0.10107270628213882,-1.810230016708374,2.299678671198048,-0.8088545163694649,2,1,1,0.02,0.08,0.03,0.15,0.9,0.1,-1.2,0.0,0,0,1,0,0.825,0.2
335,7,-1.0472848415374756,-0.04017651453614235,-0.05063410475850105,-3.3491877233450698,4.327480402328084,2,1,1,0.02,0.08,0.03,0.15,0.9,0.1,-1.2,0.0,0,0,1,0,0.825,0.2
336,0,0.5171074867248535,0.3414824903011322,-0.8316841125488281,3.0526505935561596,-0.6071556362675686,2,1,1,0.02,0.08,0.03,0.15,0.9,0.1,-1.2,0.0,0,0,1,0,0.825,0.2
336,1,-0.012851680628955364,0.3108821511268616,-3.1069679260253906,-1.8835846267512701,3.407223615511589,2,1,1,0.02,0.08,0.03,0.15,0.9,0.1,-1.2,0.0,0,0,1,0,0.825,0.2
336,2,-0.004977164324373007,-0.19888971745967865,-0.15766002237796783,1.5509668060045372,1.6114792971242342,2,1,1,0.02,0.08,0.03,0.15,0.9,0.1,-1.2,0.0,0,0,1,0,0.825,0.2
336,3,0.9814732074737549,0.21551352739334106,0.6202901005744934,4.203352202227435,-2.3095102453828327,2,1,1,0.02,0.08,0.03,0.15,0.9,0.1,-1.2,0.0,0,0,1,0,0.825,0.2
336,4,-1.3980438709259033,0.42193806171417236,-2.7361369132995605,0.9420085129067428,6.28,0,0,0,0.02,0.08,0.03,0.15,0.9,0.1,-1.2,0.0,0,0,1,0,0.825,0.2
336,5,0.5809186697006226,-0.17748621106147766,-2.7686142921447754,3.7233387875060084,-2.4042356738284734,2,1,1,0.02,0.08,0.03,0.15,0.9,0.1,-1.2,0.0,0,0,1,0,0.825,0.2
336,6,-0.5247594714164734,0.09951476752758026,-1.842463493347168,1.3387976936036154,0.19092311988030658,2,1,1,0.02,0.08,0.03,0.15,0.9,0.1,-1.2,0.0,0,0,1,0,0.825,0.2
336,7,-1.0433712005615234,-0.04004765301942825,0.13865773379802704,-2.7477926535688177,4.256389355108962,2,1,1,0.02,0.08,0.03,0.15,0.9,0.1,-1.2,0.0,0,0,1,0,0.825,0.2
337,0,0.5185293555259705,0.3396274149417877,-0.9994544982910156,3.570030949097881,-1.0624456005691534,2,1,1,0.02,0.08,0.03,0.15,0.9,0.1,-1.2,0.0,0,0,1,0,0.825,0.2
337,1,-0.01442680973559618,0.31070488691329956,-2.9263527393341064,-3.23407224371208,4.065094650156456,2,1,1,0.02,0.08,0.03,0.15,0.9,0.1,-1.2,0.0,0,0,1,0,0.825,0.2
337,2,-0.0018500132719054818,-0.1994471251964569,-0.1848977953195572,-1.955573465412519,2.723609373877123,2,1,1,0.02,0.08,0.03,0.15,0.9,0.1,-1.2,0.0,0,0,1,0,0.825,0.2
337,3,0.9833199977874756,0.21660006046295166,0.4069249629974365,4.088010689801341,-1.8802000583420173,2,1,1,0.02,0.08,0.03,0.15,0.9,0.1,-1.2,0.0,0,0,1,0,0.825,0.2
337,4,-1.4013051986694336,0.4197227358818054,-2.435539960861206,1.4740209102795017,5.742668126280284,0,0,0,0.02,0.08,0.03,0.15,0.9,0.1,-1.2,0.0,0,0,1,0,0.825,0.2
337,5,0.5808761119842529,-0.1774664968252182,-3.0478851795196533,4.227104548654412,-3.4710386560356525,2,1,1,0.02,0.08,0.03,0.15,0.9,0.1,-1.2,0.0,0,0,1,0,0.825,0.2
337,6,-0.5252145528793335,0.09808366745710373,-1.939465880393982,-1.5769549887259071,3.247428910893782,2,1,1,0.02,0.08,0.03,0.15,0.9,0.1,-1.2,0.0,0,0,1,0,0.825,0.2
337,7,-1.0412101745605469,-0.039612192660570145,0.40791770815849304,-1.5712256706365029,4.114367439400111,2,1,1,0.02,0.08,0.03,0.15,0.9,0.1,-1.2,0.0,0,0,1,0,0.825,0.2
338,0,0.5197062492370605,0.337481290102005,-1.134068250656128,3.464045895844481,-0.671638979174155,2,1,1,0.02,0.08,0.03,0.15,0.9,0.1,-1.2,0.0,0,0,1,0,0.825,0.2
338,1,-0.015899837017059326,0.31025055050849915,-2.7388384342193604,-3.9361973565488158,4.321246626337671,2,1,1,0.02,0.08,0.03,0.15,0.9,0.1,-1.2,0.0,0,0,1,0,0.825,0.2
338,2,0.001262716599740088,-0.2000451534986496,-0.18697303533554077,-0.632974081743084,1.008505695662601,2,1,1,0.02,0.08,0.03,0.15,0.9,0.1,-1.2,0.0,0,0,1,0,0.825,0.2
338,3,0.9851527810096741,0.2171788513660431,0.17873148620128632,3.903098160843761,-1.5562215037330056,2,1,1,0.02,0.08,0.03,0.15,0.9,0.1,-1.2,0.0,0,0,1,0,0.825,0.2
338,4,-1.4045665264129639,0.41631969809532166,-2.2804462909698486,0.45431678857010027,3.933544120534248,0,0,0,0.02,0.08,0.03,0.15,0.9,0.1,-1.2,0.0,0,0,1,0,0.825,0.2
338,5,0.5801663398742676,-0.17742392420768738,2.9976308345794678,4.167993083577756,-3.270248752327681,2,1,1,0.02,0.08,0.03,0.15,0.9,0.1,-1.2,0.0,0,0,1,0,0.825,0.2
338,6,-0.5257819890975952,0.09675327688455582,-1.996191382408142,-1.9930426127842438,3.4154708366096957,2,1,1,0.02,0.08,0.03,0.15,0.9,0.1,-1.2,0.0,0,0,1,0,0.825,0.2
338,7,-1.0394206047058105,-0.0385783351957798,0.6801872253417969,-0.38444359993302507,4.056572617055414,2,1,1,0.02,0.08,0.03,0.15,0.9,0.1,-1.2,0.0,0,0,1,0,0.825,0.2
339,0,0.5205978751182556,0.3351503312587738,-1.2896150350570679,3.1755260055601897,-0.17347261854741905,2,1,1,0.02,0.08,0.03,0.15,0.9,0.1,-1.2,0.0,0,0,1,0,0.825,0.2
339,1,-0.016766421496868134,0.30978670716285706,-2.495011568069458,-3.7334525995276904,4.272725849824108,2,1,1,0.02,0.08,0.03,0.15,0.9,0.1,-1.2,0.0,0,0,1,0,0.825,0.2
339,2,0.0024918962735682726,-0.20025426149368286,-0.05518423393368721,-2.1421043938909223,2.899626238709771,2,1,1,0.02,0.08,0.03,0.15,0.9,0.1,-1.2,0.0,0,0,1,0,0.825,0.2
339,3,0.9872973561286926,0.21734216809272766,-0.03487309068441391,3.430409788123693,-0.6548110264662655,2,1,1,0.02,0.08,0.03,0.15,0.9,0.1,-1.2,0.0,0,0,1,0,0.825,0.2
339,4,-1.4083311557769775,0.4113982915878296,-2.1527044773101807,-1.2353753524730522,2.8040550884688815,0,0,0,0.02,0.08,0.03,0.15,0.9,0.1,-1.2,0.0,0,0,1,0,0.825,0.2
339,5,0.5793766975402832,-0.17720435559749603,2.7370142936706543,3.7313212305892614,-2.231828429161105,2,1,1,0.02,0.08,0.03,0.15,0.9,0.1,-1.2,0.0,0,0,1,0,0.825,0.2
339,6,-0.5264458656311035,0.09512342512607574,-1.8641899824142456,-1.8018209870473472,3.717680176262428,2,1,1,0.02,0.08,0.03,0.15,0.9,0.1,-1.2,0.0,0,0,1,0,0.825,0.2
339,7,-1.0376265048980713,-0.03678237274289131,0.8943644762039185,0.3903111735197362,3.7158518466206645,2,1,1,0.02,0.08,0.03,0.15,0.9,0.1,-1.2,0.0,0,0,1,0,0.825,0.2
340,0,0.5211635231971741,0.3324713706970215,-1.4381800889968872,3.5550047413389803,-0.5196923988904485,2,1,1,0.02,0.08,0.03,0.15,0.9,0.1,-1.2,0.0,0,0,1,0,0.825,0.2
340,1,-0.017151299864053726,0.3094634711742401,-2.209362745285034,-2.3362828526431305,3.7974999170960415,2,1,1,0.02,0.08,0.03,0.15,0.9,0.1,-1.2,0.0,0,0,1,0,0.825,0.2
340,2,0.0030055621173232794,-0.20025299489498138,0.02852090448141098,-1.5746421880192043,2.2024151387100894,2,1,1,0.02,0.08,0.03,0.15,0.9,0.1,-1.2,0.0,0,0,1,0,0.825,0.2
340,3,0.9896218776702881,0.2170269638299942,-0.23243851959705353,3.5286184884061496,-1.117257475864001,2,1,1,0.02,0.08,0.03,0.15,0.9,0.1,-1.2,0.0,0,0,1,0,0.825,0.2
340,4,-1.410792589187622,0.4071320593357086,-2.0254650115966797,-4.10809422716979,4.244915921841899,0,0,0,0.02,0.08,0.03,0.15,0.9,0.1,-1.2,0.0,0,0,1,0,0.825,0.2
340,5,0.5786718130111694,-0.17675788700580597,2.4724977016448975,4.027456524730803,-2.5526011173955023,2,1,1,0.02,0.08,0.03,0.15,0.9,0.1,-1.2,0.0,0,0,1,0,0.825,0.2
340,6,-0.5267761945724487,0.09351225197315216,-1.6718782186508179,-1.2345160521970306,3.794563587096589,2,1,1,0.02,0.08,0.03,0.15,0.9,0.1,-1.2,0.0,0,0,1,0,0.825,0.2
340,7,-1.0357035398483276,-0.03391241282224655,1.0577445030212402,5.881329140695873,-6.28,2,1,1,0.02,0.08,0.03,0.15,0.9,0.1,-1.2,0.0,0,0,1,0,0.825,0.2
341,0,0.5213654637336731,0.32951855659484863,-1.5610053539276123,3.248169237137903,-0.22035639862699705,2,1,1,0.02,0.08,0.03,0.15,0.9,0.1,-1.2,0.0,0,0,1,0,0.825,0.2
341,1,-0.017433762550354004,0.309124618768692,-1.916588544845581,-2.66390950501108,4.054847354526282,2,1,1,0.02,0.08,0.03,0.15,0.9,0.1,-1.2,0.0,0,0,1,0,0.825,0.2
341,2,0.0037471710238605738,-0.20018501579761505,0.1838228553533554,-0.7287330878009705,1.3242206844141766,2,1,1,0.02,0.08,0.03,0.15,0.9,0.1,-1.2,0.0,0,0,1,0,0.825,0.2
341,3,0.9921784400939941,0.2161945253610611,-0.3860575258731842,3.328659463042964,-0.7489706772952731,2,1,1,0.02,0.08,0.03,0.15,0.9,0.1,-1.2,0.0,0,0,1,0,0.825,0.2
341,4,-1.4116102457046509,0.40518009662628174,-1.8879506587982178,-4.703413566872788,4.606398946317014,0,0,0,0.02,0.08,0.03,0.15,0.9,0.1,-1.2,0.0,0,0,1,0,0.825,0.2
341,5,0.5777078866958618,-0.1757715940475464,2.2528140544891357,3.9647862671825247,-2.129148764941046,2,1,1,0.02,0.08,0.03,0.15,0.9,0.1,-1.2,0.0,0,0,1,0,0.825,0.2
341,6,-0.5267822742462158,0.09142140299081802,-1.4689549207687378,-0.5365114043223453,3.960869443642556,2,1,1,0.02,0.08,0.03,0.15,0.9,0.1,-1.2,0.0,0,0,1,0,0.825,0.2
341,7,-1.0339642763137817,-0.03029169887304306,1.181305170059204,6.010151330440958,-6.28,2,1,1,0.02,0.08,0.03,0.15,0.9,0.1,-1.2,0.0,0,0,1,0,0.825,0.2
342,0,0.5211972594261169,0.326494038105011,-1.6988046169281006,3.479552022397904,-0.6081689232826301,2,1,1,0.02,0.08,0.03,0.15,0.9,0.1,-1.2,0.0,0,0,1,0,0.825,0.2
342,1,-0.01768156699836254,0.30809736251831055,-1.6674549579620361,-2.672473782962722,4.13323434735269,2,1,1,0.02,0.08,0.03,0.15,0.9,0.1,-1.2,0.0,0,0,1,0,0.825,0.2
342,2,0.004627576097846031,-0.19994868338108063,0.33430394530296326,-0.9836205088900072,2.156645370292134,2,1,1,0.02,0.08,0.03,0.15,0.9,0.1,-1.2,0.0,0,0,1,0,0.825,0.2
342,3,0.9944133162498474,0.2150922417640686,-0.5451110005378723,3.164593428159838,-0.364374422876676,2,1,1,0.02,0.08,0.03,0.15,0.9,0.1,-1.2,0.0,0,0,1,0,0.825,0.2
342,4,-1.4117058515548706,0.4047764539718628,-1.6237820386886597,-4.481965662741822,4.474107142000543,0,0,0,0.02,0.08,0.03,0.15,0.9,0.1,-1.2,0.0,0,0,1,0,0.825,0.2
342,5,0.5768798589706421,-0.17452538013458252,2.026301383972168,4.022077627850011,-1.9147829244555603,2,1,1,0.02,0.08,0.03,0.15,0.9,0.1,-1.2,0.0,0,0,1,0,0.825,0.2
342,6,-0.5263035893440247,0.08898110687732697,-1.2871428728103638,0.3144386723327935,3.6341393589481283,2,1,1,0.02,0.08,0.03,0.15,0.9,0.1,-1.2,0.0,0,0,1,0,0.825,0.2
342,7,-1.03389573097229,-0.02983001247048378,0.8575935363769531,5.311712373684903,-6.28,2,1,1,0.02,0.08,0.03,0.15,0.9,0.1,-1.2,0.0,0,0,1,0,0.825,0.2
343,0,0.520619809627533,0.32350099086761475,-1.8253203630447388,2.9213872152122886,-0.21781670033252237,2,1,1,0.02,0.08,0.03,0.15,0.9,0.1,-1.2,0.0,0,0,1,0,0.825,0.2
343,1,-0.017665380612015724,0.3066808581352234,-1.4333056211471558,-1.5566341217453028,3.91174200222619,2,1,1,0.02,0.08,0.03,0.15,0.9,0.1,-1.2,0.0,0,0,1,0,0.825,0.2
343,2,0.005255203228443861,-0.19969895482063293,0.42082294821739197,-0.015860772774957052,0.988392887731995,2,1,1,0.02,0.08,0.03,0.15,0.9,0.1,-1.2,0.0,0,0,1,0,0.825,0.2
343,3,0.9964947700500488,0.21361562609672546,-0.6921848058700562,3.0718103334508218,-0.12838702749305117,2,1,1,0.02,0.08,0.03,0.15,0.9,0.1,-1.2,0.0,0,0,1,0,0.825,0.2
343,4,-1.411775827407837,0.4055316150188446,-1.2758445739746094,-3.7108228801008556,4.1213700245235145,0,0,0,0.02,0.08,0.03,0.15,0.9,0.1,-1.2,0.0,0,0,1,0,0.825,0.2
343,5,0.5762305855751038,-0.1727631539106369,1.805431604385376,3.8070568400860316,-0.978641516158539,2,1,1,0.02,0.08,0.03,0.15,0.9,0.1,-1.2,0.0,0,0,1,0,0.825,0.2
343,6,-0.5251301527023315,0.08592527359724045,-1.1251310110092163,0.9433301199571076,3.87036550627991,2,1,1,0.02,0.08,0.03,0.15,0.9,0.1,-1.2,0.0,0,0,1,0,0.825,0.2
343,7,-1.0339640378952026,-0.029909081757068634,0.4105297029018402,4.583340053877422,-5.404267990378391,2,1,1,0.02,0.08,0.03,0.15,0.9,0.1,-1.2,0.0,0,0,1,0,0.825,0.2
344,0,0.5197106003761292,0.32074496150016785,-1.9647632837295532,3.446239778013267,-1.1145510088641675,2,1,1,0.02,0.08,0.03,0.15,0.9,0.1,-1.2,0.0,0,0,1,0,0.825,0.2
344,1,-0.01730688288807869,0.3052659332752228,-1.1926406621932983,-2.0555403142411177,4.118547840968764,2,1,1,0.02,0.08,0.03,0.15,0.9,0.1,-1.2,0.0,0,0,1,0,0.825,0.2
344,2,0.00620078481733799,-0.1992199867963791,0.5232858657836914,3.016483860039217,-0.818113527448315,2,1,1,0.02,0.08,0.03,0.15,0.9,0.1,-1.2,0.0,0,0,1,0,0.825,0.2
344,3,0.9984949231147766,0.21171902120113373,-0.8197621703147888,2.957996475371925,0.07057173741252636,2,1,1,0.02,0.08,0.03,0.15,0.9,0.1,-1.2,0.0,0,0,1,0,0.825,0.2
344,4,-1.4121214151382446,0.40631261467933655,-0.9261695146560669,-2.7929125029779813,3.853791688206845,0,0,0,0.02,0.08,0.03,0.15,0.9,0.1,-1.2,0.0,0,0,1,0,0.825,0.2
344,5,0.5759087204933167,-0.17016685009002686,1.5765219926834106,4.145838843787171,-1.5392398533982776,2,1,1,0.02,0.08,0.03,0.15,0.9,0.1,-1.2,0.0,0,0,1,0,0.825,0.2
344,6,-0.5232439041137695,0.08257059007883072,-1.0005717277526855,0.4018449047563729,2.78837744690328,2,1,1,0.02,0.08,0.03,0.15,0.9,0.1,-1.2,0.0,0,0,1,0,0.825,0.2
344,7,-1.033963918685913,-0.029909085482358932,0.410523384809494,4.5805517191208205,-5.391740029387437,2,1,1,0.02,0.08,0.03,0.15,0.9,0.1,-1.2,0.0,0,0,1,0,0.825,0.2
345,0,0.5185104012489319,0.3182888627052307,-2.081695079803467,3.7071255748478444,-1.8947738020541172,2,1,1,0.02,0.08,0.03,0.15,0.9,0.1,-1.2,0.0,0,0,1,0,0.825,0.2
345,1,-0.016321849077939987,0.3034311532974243,-0.9875395894050598,-1.4479468141394347,3.9682644024509783,2,1,1,0.02,0.08,0.03,0.15,0.9,0.1,-1.2,0.0,0,0,1,0,0.825,0.2
345,2,0.0070763276889920235,-0.19867275655269623,0.5740649104118347,3.124898854279812,-0.8369424042272287,2,1,1,0.02,0.08,0.03,0.15,0.9,0.1,-1.2,0.0,0,0,1,0,0.825,0.2
345,3,1.0003551244735718,0.2094736397266388,-0.9342368245124817,2.7472706676816987,0.3176578665401084,2,1,1,0.02,0.08,0.03,0.15,0.9,0.1,-1.2,0.0,0,0,1,0,0.825,0.2
345,4,-1.4119393825531006,0.4061497747898102,-0.588081419467926,-2.0961880714862287,3.6844004274753024,0,0,0,0.02,0.08,0.03,0.15,0.9,0.1,-1.2,0.0,0,0,1,0,0.825,0.2
345,5,0.5761994123458862,-0.167013481259346,1.3842642307281494,4.109275428729769,-1.3380980972652268,2,1,1,0.02,0.08,0.03,0.15,0.9,0.1,-1.2,0.0,0,0,1,0,0.825,0.2
345,6,-0.5205289125442505,0.0788096934556961,-0.8954002857208252,1.0330464436821147,2.0686604750053244,2,1,1,0.02,0.08,0.03,0.15,0.9,0.1,-1.2,0.0,0,0,1,0,0.825,0.2
345,7,-1.0339770317077637,-0.029879838228225708,0.10806448757648468,4.466658168691585,-4.528832888159701,2,1,1,0.02,0.08,0.03,0.15,0.9,0.1,-1.2,0.0,0,0,1,0,0.825,0.2
346,0,0.5171988606452942,0.31627383828163147,-2.2320127487182617,3.4366371072170816,-1.7963931419939485,2,1,1,0.02,0.08,0.03,0.15,0.9,0.1,-1.2,0.0,0,0,1,0,0.825,0.2
346,1,-0.014982196502387524,0.30176880955696106,-0.7756037712097168,-1.8766381499175107,4.058332510801092,2,1,1,0.02,0.08,0.03,0.15,0.9,0.1,-1.2,0.0,0,0,1,0,0.825,0.2
346,2,0.008752155117690563,-0.19766846299171448,0.47320517897605896,3.4729836252489155,-1.588290987277404,2,1,1,0.02,0.08,0.03,0.15,0.9,0.1,-1.2,0.0,0,0,1,0,0.825,0.2
346,3,1.0020136833190918,0.20695962011814117,-1.0376421213150024,3.2128485751525258,-0.8482462658040001,2,1,1,0.02,0.08,0.03,0.15,0.9,0.1,-1.2,0.0,0,0,1,0,0.825,0.2
346,4,-1.4110804796218872,0.40575990080833435,-0.2977467477321625,-1.2916552113689954,3.2160357949614915,0,0,0,0.02,0.08,0.03,0.15,0.9,0.1,-1.2,0.0,0,0,1,0,0.825,0.2
346,5,0.577080488204956,-0.163959339261055,1.1729145050048828,3.963773300326679,-1.0678956950908807,2,1,1,0.02,0.08,0.03,0.15,0.9,0.1,-1.2,0.0,0,0,1,0,0.825,0.2
346,6,-0.5182183384895325,0.07616720348596573,-0.8081669807434082,1.643130336707398,1.1354119622018795,2,1,1,0.02,0.08,0.03,0.15,0.9,0.1,-1.2,0.0,0,0,1,0,0.825,0.2
346,7,-1.0325603485107422,-0.029968921095132828,-0.2215181291103363,4.491080685712603,-3.969174273269026,2,1,1,0.02,0.08,0.03,0.15,0.9,0.1,-1.2,0.0,0,0,1,0,0.825,0.2
347,0,0.5158970355987549,0.31486669182777405,-2.4219820499420166,3.7546494312383563,-2.4694925048778607,2,1,1,0.02,0.08,0.03,0.15,0.9,0.1,-1.2,0.0,0,0,1,0,0.825,0.2
347,1,-0.01308348122984171,0.3002443015575409,-0.580140233039856,-1.910039362152699,3.999917947448503,2,1,1,0.02,0.08,0.03,0.15,0.9,0.1,-1.2,0.0,0,0,1,0,0.825,0.2
347,2,0.01084518525749445,-0.19677495956420898,0.3347588777542114,3.16831213633475,-0.9284915842422292,2,1,1,0.02,0.08,0.03,0.15,0.9,0.1,-1.2,0.0,0,0,1,0,0.825,0.2
347,3,1.003445029258728,0.20425836741924286,-1.1260018348693848,3.5923383134892473,-1.912361515460625,2,1,1,0.02,0.08,0.03,0.15,0.9,0.1,-1.2,0.0,0,0,1,0,0.825,0.2
347,4,-1.4096059799194336,0.405519962310791,-0.04722004383802414,-1.5151441908004708,3.430186408704465,0,0,0,0.02,0.08,0.03,0.15,0.9,0.1,-1.2,0.0,0,0,1,0,0.825,0.2
347,5,0.5786398649215698,-0.16108949482440948,0.9617973566055298,4.1905366753821465,-1.7290884779788862,2,1,1,0.02,0.08,0.03,0.15,0.9,0.1,-1.2,0.0,0,0,1,0,0.825,0.2
347,6,-0.5160008668899536,0.07398026436567307,-0.7626010179519653,1.8135299343577729,0.9290121054693031,2,1,1,0.02,0.08,0.03,0.15,0.9,0.1,-1.2,0.0,0,0,1,0,0.825,0.2
347,7,-1.0318909883499146,-0.03009486012160778,-0.5730308890342712,4.58783730303206,-2.7303874883548223,2,1,1,0.02,0.08,0.03,0.15,0.9,0.1,-1.2,0.0,0,0,1,0,0.825,0.2
348,0,0.5145407915115356,0.31388941407203674,-2.6087536811828613,4.017231230362059,-2.985414374280441,2,1,1,0.02,0.08,0.03,0.15,0.9,0.1,-1.2,0.0,0,0,1,0,0.825,0.2
348,1,-0.011089696548879147,0.2991825342178345,-0.37537699937820435,-1.6908717927383976,3.8379912033689068,2,1,1,0.02,0.08,0.03,0.15,0.9,0.1,-1.2,0.0,0,0,1,0,0.825,0.2
348,2,0.012743623927235603,-0.19627393782138824,0.16425590217113495,2.8062049395939557,-0.13992381477193894,2,1,1,0.02,0.08,0.03,0.15,0.9,0.1,-1.2,0.0,0,0,1,0,0.825,0.2
348,3,1.0044044256210327,0.20194143056869507,-1.2571523189544678,3.5121624548460155,-1.8833468032081877,2,1,1,0.02,0.08,0.03,0.15,0.9,0.1,-1.2,0.0,0,0,1,0,0.825,0.2
348,4,-1.4077633619308472,0.40562835335731506,0.15219739079475403,-1.5443691890969162,3.4760432040744056,0,0,0,0.02,0.08,0.03,0.15,0.9,0.1,-1.2,0.0,0,0,1,0,0.825,0.2
348,5,0.5808165073394775,-0.1585291475057602,0.7654798030853271,4.288227993314048,-2.303059291577531,2,1,1,0.02,0.08,0.03,0.15,0.9,0.1,-1.2,0.0,0,0,1,0,0.825,0.2
348,6,-0.51393723487854,0.07203244417905807,-0.7698529362678528,2.127210274868589,0.25125898170604893,2,1,1,0.02,0.08,0.03,0.15,0.9,0.1,-1.2,0.0,0,0,1,0,0.825,0.2
348,7,-1.0314444303512573,-0.030480632558465004,-0.9291757941246033,4.664392979415563,-1.392764312736356,2,1,1,0.02,0.08,0.03,0.15,0.9,0.1,-1.2,0.0,0,0,1,0,0.825,0.2
349,0,0.5133106112480164,0.313323974609375,-2.8207521438598633,3.546127889563197,-1.8404530565845396,2,1,1,0.02,0.08,0.03,0.15,0.9,0.1,-1.2,0.0,0,0,1,0,0.825,0.2
349,1,-0.00905854906886816,0.29859331250190735,-0.1676163226366043,-2.5921921816381492,4.061852175193689,2,1,1,0.02,0.08,0.03,0.15,0.9,0.1,-1.2,0.0,0,0,1,0,0.825,0.2
349,2,0.014585587196052074,-0.19611918926239014,0.0014494656352326274,2.6157061614510395,0.4198781115436388,2,1,1,0.02,0.08,0.03,0.15,0.9,0.1,-1.2,0.0,0,0,1,0,0.825,0.2
349,3,1.0048390626907349,0.20016904175281525,-1.4407185316085815,3.961138779790029,-2.998387954048686,2,1,1,0.02,0.08,0.03,0.15,0.9,0.1,-1.2,0.0,0,0,1,0,0.825,0.2
349,4,-1.4059412479400635,0.40609773993492126,0.3555747866630554,-1.6146709620905932,3.7294756372823117,0,0,0,0.02,0.08,0.03,0.15,0.9,0.1,-1.2,0.0,0,0,1,0,0.825,0.2
349,5,0.5831679701805115,-0.15666945278644562,0.5483324527740479,4.243864407263064,-2.2393123781055313,2,1,1,0.02,0.08,0.03,0.15,0.9,0.1,-1.2,0.0,0,0,1,0,0.825,0.2
349,6,-0.5119832158088684,0.0701005607843399,-0.7984168529510498,2.0155861593571243,0.4433768635284319,2,1,1,0.02,0.08,0.03,0.15,0.9,0.1,-1.2,0.0,0,0,1,0,0.825,0.2
349,7,-1.0307077169418335,-0.03191292658448219,-1.2484749555587769,4.637823080801256,-0.40075220742154977,2,1,1,0.02,0.08,0.03,0.15,0.9,0.1,-1.2,0.0,0,0,1,0,0.825,0.2
350,0,0.5124032497406006,0.31313368678092957,-3.0672950744628906,3.7622290963305964,-1.5965669907683113,2,1,1,0.02,0.08,0.03,0.15,0.9,0.1,-1.2,0.0,0,0,1,0,0.825,0.2
350,1,-0.006925878114998341,0.29843074083328247,0.029097585007548332,-1.5257413562291127,3.646389029101037,2,1,1,0.02,0.08,0.03,0.15,0.9,0.1,-1.2,0.0,0,0,1,0,0.825,0.2
350,2,0.01689724810421467,-0.19628094136714935,-0.12230689078569412,2.699427362970988,0.430990173479894,2,1,1,0.02,0.08,0.03,0.15,0.9,0.1,-1.2,0.0,0,0,1,0,0.825,0.2
350,3,1.004913568496704,0.19852526485919952,-1.631372094154358,4.081064222518463,-3.374750234592985,2,1,1,0.02,0.08,0.03,0.15,0.9,0.1,-1.2,0.0,0,0,1,0,0.825,0.2
350,4,-1.4041869640350342,0.4069461226463318,0.5667871236801147,-1.6210272941845758,3.9444992476409064,0,0,0,0.02,0.08,0.03,0.15,0.9,0.1,-1.2,0.0,0,0,1,0,0.825,0.2
350,5,0.5850569605827332,-0.1557634025812149,0.3211078345775604,3.958164009694191,-0.8878372220690782,2,1,1,0.02,0.08,0.03,0.15,0.9,0.1,-1.2,0.0,0,0,1,0,0.825,0.2
350,6,-0.5103107690811157,0.06830711662769318,-0.8574025630950928,1.3924454505196644,1.4850767280035613,2,1,1,0.02,0.08,0.03,0.15,0.9,0.1,-1.2,0.0,0,0,1,0,0.825,0.2
350,7,-1.0301551818847656,-0.0348430834710598,-1.5131981372833252,4.548335033927612,-6.28,2,1,1,0.02,0.08,0.03,0.15,0.9,0.1,-1.2,0.0,0,0,1,0,0.825,0.2
351,0,0.5113474726676941,0.31321173906326294,2.9951934814453125,3.8653770477811107,-1.1792877178744485,2,1,1,0.02,0.08,0.03,0.15,0.9,0.1,-1.2,0.0,0,0,1,0,0.825,0.2
351,1,-0.005318763665854931,0.2986313998699188,0.2568715512752533,-1.2877322712857535,3.5620734298282164,2,1,1,0.02,0.08,0.03,0.15,0.9,0.1,-1.2,0.0,0,0,1,0,0.825,0.2
351,2,0.019626809284090996,-0.19675955176353455,-0.2108156830072403,2.2981852449206475,1.1052679954808202,2,1,1,0.02,0.08,0.03,0.15,0.9,0.1,-1.2,0.0,0,0,1,0,0.825,0.2
351,3,1.0047458410263062,0.19747960567474365,-1.8671789169311523,4.409754391717333,-4.28091861185975,2,1,1,0.02,0.08,0.03,0.15,0.9,0.1,-1.2,0.0,0,0,1,0,0.825,0.2
351,4,-1.4025437831878662,0.40824440121650696,0.7902826070785522,-0.6608109821278575,3.4801053425441872,0,0,0,0.02,0.08,0.03,0.15,0.9,0.1,-1.2,0.0,0,0,1,0,0.825,0.2
351,5,0.5870161652565002,-0.15534213185310364,0.092562735080719,3.957759851823918,-0.2560180354727645,2,1,1,0.02,0.08,0.03,0.15,0.9,0.1,-1.2,0.0,0,0,1,0,0.825,0.2
351,6,-0.5087634921073914,0.06641414016485214,-0.9147923588752747,0.7404430409712062,2.290641172223375,2,1,1,0.02,0.08,0.03,0.15,0.9,0.1,-1.2,0.0,0,0,1,0,0.825,0.2
351,7,-1.0303595066070557,-0.03899850323796272,-1.7247333526611328,4.495493631285061,-6.28,2,1,1,0.02,0.08,0.03,0.15,0.9,0.1,-1.2,0.0,0,0,1,0,0.825,0.2
352,0,0.509776771068573,0.3136341869831085,2.7869694232940674,4.053928809021363,-1.243796443177768,2,1,1,0.02,0.08,0.03,0.15,0.9,0.1,-1.2,0.0,0,0,1,0,0.825,0.2
352,1,-0.0035222158767282963,0.2993202805519104,0.45213019847869873,-2.092716226122088,3.8602888197279417,2,1,1,0.02,0.08,0.03,0.15,0.9,0.1,-1.2,0.0,0,0,1,0,0.825,0.2
352,2,0.02262505330145359,-0.19753068685531616,-0.2900991141796112,2.7768995683467343,0.29771739673317804,2,1,1,0.02,0.08,0.03,0.15,0.9,0.1,-1.2,0.0,0,0,1,0,0.825,0.2
352,3,1.004442572593689,0.1967892199754715,-2.1283183097839355,4.483055156584255,-4.534383084786798,2,1,1,0.02,0.08,0.03,0.15,0.9,0.1,-1.2,0.0,0,0,1,0,0.825,0.2
352,4,-1.4011213779449463,0.4100465178489685,1.0243988037109375,-0.7109817667554172,3.6056368245828487,0,0,0,0.02,0.08,0.03,0.15,0.9,0.1,-1.2,0.0,0,0,1,0,0.825,0.2
352,5,0.589810311794281,-0.1553707867860794,-0.09097189456224442,4.021245246184499,-0.12330698732616573,2,1,1,0.02,0.08,0.03,0.15,0.9,0.1,-1.2,0.0,0,0,1,0,0.825,0.2
352,6,-0.5070858597755432,0.06418058276176453,-0.9232110381126404,1.1739268371444902,1.7742327102918443,2,1,1,0.02,0.08,0.03,0.15,0.9,0.1,-1.2,0.0,0,0,1,0,0.825,0.2
352,7,-1.0299514532089233,-0.03811056539416313,-2.081881284713745,4.45004601169002,-4.975539671381564,2,1,1,0.02,0.08,0.03,0.15,0.9,0.1,-1.2,0.0,0,0,1,0,0.825,0.2
353,0,0.5075186491012573,0.31476980447769165,2.5728862285614014,4.0936781464652015,-1.2545411236678368,2,1,1,0.02,0.08,0.03,0.15,0.9,0.1,-1.2,0.0,0,0,1,0,0.825,0.2
353,1,-0.0015901235165074468,0.30047816038131714,0.6246671676635742,-2.573724087984424,4.015516918809276,2,1,1,0.02,0.08,0.03,0.15,0.9,0.1,-1.2,0.0,0,0,1,0,0.825,0.2
353,2,0.02577924355864525,-0.1985785961151123,-0.34011489152908325,3.0440203103933423,-0.42976615740756025,2,1,1,0.02,0.08,0.03,0.15,0.9,0.1,-1.2,0.0,0,0,1,0,0.825,0.2
353,3,1.004302978515625,0.19659408926963806,-2.4286599159240723,4.312046144411711,-3.7762445549227266,2,1,1,0.02,0.08,0.03,0.15,0.9,0.1,-1.2,0.0,0,0,1,0,0.825,0.2
353,4,-1.3999733924865723,0.4124740958213806,1.2099283933639526,-0.7484570532312721,3.209096986915344,0,0,0,0.02,0.08,0.03,0.15,0.9,0.1,-1.2,0.0,0,0,1,0,0.825,0.2
353,5,0.5933098196983337,-0.1559770256280899,-0.24355457723140717,3.8979868095542978,0.8403755797993777,2,1,1,0.02,0.08,0.03,0.15,0.9,0.1,-1.2,0.0,0,0,1,0,0.825,0.2
353,6,-0.5052409768104553,0.06181478872895241,-0.8789674043655396,1.521541595994558,1.3880665451839223,2,1,1,0.02,0.08,0.03,0.15,0.9,0.1,-1.2,0.0,0,0,1,0,0.825,0.2
353,7,-1.028992772102356,-0.037030696868896484,-2.4937808513641357,4.597889302856617,-3.315803122311761,2,1,1,0.02,0.08,0.03,0.15,0.9,0.1,-1.2,0.0,0,0,1,0,0.825,0.2
354,0,0.5053508281707764,0.31652069091796875,2.3504207134246826,4.315078544642273,-2.0800685991556294,2,1,1,0.02,0.08,0.03,0.15,0.9,0.1,-1.2,0.0,0,0,1,0,0.825,0.2
354,1,-0.00016813100955914706,0.3017040193080902,0.826246440410614,-2.744866984110139,4.1119956245234235,2,1,1,0.02,0.08,0.03,0.15,0.9,0.1,-1.2,0.0,0,0,1,0,0.825,0.2
354,2,0.028703277930617332,-0.19972273707389832,-0.41798827052116394,3.204949420051275,-1.0028472595040125,2,1,1,0.02,0.08,0.03,0.15,0.9,0.1,-1.2,0.0,0,0,1,0,0.825,0.2
354,3,1.004470705986023,0.1966746598482132,-2.7869348526000977,4.2302833817260135,-2.7364697478072513,2,1,1,0.02,0.08,0.03,0.15,0.9,0.1,-1.2,0.0,0,0,1,0,0.825,0.2
354,4,-1.3992875814437866,0.41485661268234253,1.373876929283142,-1.855217893770561,3.221000714795038,0,0,0,0.02,0.08,0.03,0.15,0.9,0.1,-1.2,0.0,0,0,1,0,0.825,0.2
354,5,0.5969744324684143,-0.15717394649982452,-0.38937821984291077,3.832915470537193,0.7745157015611833,2,1,1,0.02,0.08,0.03,0.15,0.9,0.1,-1.2,0.0,0,0,1,0,0.825,0.2
354,6,-0.5033105611801147,0.059564054012298584,-0.8511683940887451,2.101053707447278,0.4403001904268311,2,1,1,0.02,0.08,0.03,0.15,0.9,0.1,-1.2,0.0,0,0,1,0,0.825,0.2
354,7,-1.0313502550125122,-0.03833666071295738,-2.724687337875366,4.715247068973981,-2.867472560737623,2,1,1,0.02,0.08,0.03,0.15,0.9,0.1,-1.2,0.0,0,0,1,0,0.825,0.2
355,0,0.5035936236381531,0.3187476694583893,2.1239726543426514,4.172547398477425,-1.6825423298860283,2,1,1,0.02,0.08,0.03,0.15,0.9,0.1,-1.2,0.0,0,0,1,0,0.825,0.2
355,1,0.0007533144671469927,0.3029138743877411,1.0538965463638306,-2.0001495502960283,3.982232644142526,2,1,1,0.02,0.08,0.03,0.15,0.9,0.1,-1.2,0.0,0,0,1,0,0.825,0.2
355,2,0.031121589243412018,-0.20094111561775208,-0.532993495464325,3.2631227747713183,-1.3279950992380232,2,1,1,0.02,0.08,0.03,0.15,0.9,0.1,-1.2,0.0,0,0,1,0,0.825,0.2
355,3,1.0038517713546753,0.19654473662376404,-3.1293766498565674,4.324310686690452,-2.161879565817953,2,1,1,0.02,0.08,0.03,0.15,0.9,0.1,-1.2,0.0,0,0,1,0,0.825,0.2
355,4,-1.399023175239563,0.4170289635658264,1.5271904468536377,-5.268537100597999,4.754587948443237,0,0,0,0.02,0.08,0.03,0.15,0.9,0.1,-1.2,0.0,0,0,1,0,0.825,0.2
355,5,0.6010875105857849,-0.15916801989078522,-0.5040872693061829,3.770723131897011,0.03790323674484376,2,1,1,0.02,0.08,0.03,0.15,0.9,0.1,-1.2,0.0,0,0,1,0,0.825,0.2
355,6,-0.5013788938522339,0.05737845599651337,-0.8507230281829834,1.8227847131313584,1.0269365755996251,2,1,1,0.02,0.08,0.03,0.15,0.9,0.1,-1.2,0.0,0,0,1,0,0.825,0.2
355,7,-1.032310128211975,-0.03871574625372887,-3.0085949897766113,4.942902252364107,-1.1630171395756173,2,1,1,0.02,0.08,0.03,0.15,0.9,0.1,-1.2,0.0,0,0,1,0,0.825,0.2
356,0,0.5026098489761353,0.320882648229599,1.8625431060791016,4.190623345522579,-1.7909140937642911,2,1,1,0.02,0.08,0.03,0.15,0.9,0.1,-1.2,0.0,0,0,1,0,0.825,0.2
356,1,0.0013192062033340335,0.30418744683265686,1.293541431427002,-1.775355131098378,3.9857772259757573,2,1,1,0.02,0.08,0.03,0.15,0.9,0.1,-1.2,0.0,0,0,1,0,0.825,0.2
356,2,0.03300413116812706,-0.20221911370754242,-0.6761894822120667,3.015725515555283,-0.9535460914066398,2,1,1,0.02,0.08,0.03,0.15,0.9,0.1,-1.2,0.0,0,0,1,0,0.825,0.2
356,3,1.0029035806655884,0.19676180183887482,2.8642091751098633,4.312874541716936,-1.5291806962424068,2,1,1,0.02,0.08,0.03,0.15,0.9,0.1,-1.2,0.0,0,0,1,0,0.825,0.2
356,4,-1.399068832397461,0.41857069730758667,1.6986457109451294,-6.28,4.829634437717346,0,0,0,0.02,0.08,0.03,0.15,0.9,0.1,-1.2,0.0,0,0,1,0,0.825,0.2
356,5,0.6050216555595398,-0.1616165041923523,-0.6112160086631775,3.520421115850271,0.4218846481161083,2,1,1,0.02,0.08,0.03,0.15,0.9,0.1,-1.2,0.0,0,0,1,0,0.825,0.2
356,6,-0.49968233704566956,0.055388517677783966,-0.8983269929885864,2.220926892109433,0.3194347588479118,2,1,1,0.02,0.08,0.03,0.15,0.9,0.1,-1.2,0.0,0,0,1,0,0.825,0.2
356,7,-1.0333420038223267,-0.03868599608540535,2.9812028408050537,5.104540104304811,0.2368250215688903,2,1,1,0.02,0.08,0.03,0.15,0.9,0.1,-1.2,0.0,0,0,1,0,0.825,0.2
357,0,0.5022304654121399,0.32318779826164246,1.6139496564865112,4.24664795816142,-2.0725451746781425,2,1,1,0.02,0.08,0.03,0.15,0.9,0.1,-1.2,0.0,0,0,1,0,0.825,0.2
357,1,0.001624388969503343,0.3059881925582886,1.5111651420593262,-1.9210686342335275,4.068270625291441,2,1,1,0.02,0.08,0.03,0.15,0.9,0.1,-1.2,0.0,0,0,1,0,0.825,0.2
357,2,0.03432416543364525,-0.20344823598861694,-0.8415447473526001,2.8379124263075903,-0.9037367843876241,2,1,1,0.02,0.08,0.03,0.15,0.9,0.1,-1.2,0.0,0,0,1,0,0.825,0.2
357,3,1.0010300874710083,0.1975931078195572,2.586233139038086,4.26334027440149,-1.702106992312256,2,1,1,0.02,0.08,0.03,0.15,0.9,0.1,-1.2,0.0,0,0,1,0,0.825,0.2
357,4,-1.39899742603302,0.4183903634548187,2.0196762084960938,-5.261136539205622,4.557339148887414,0,0,0,0.02,0.08,0.03,0.15,0.9,0.1,-1.2,0.0,0,0,1,0,0.825,0.2
357,5,0.6081395745277405,-0.16407690942287445,-0.7373974323272705,3.5170989473225305,-0.47744324144699707,2,1,1,0.02,0.08,0.03,0.15,0.9,0.1,-1.2,0.0,0,0,1,0,0.825,0.2
357,6,-0.49798783659935,0.05317359417676926,-0.9323747158050537,2.5208649887542482,-0.16617526071169042,2,1,1,0.02,0.08,0.03,0.15,0.9,0.1,-1.2,0.0,0,0,1,0,0.825,0.2
357,7,-1.0360294580459595,-0.03785455971956253,2.736196279525757,5.036720897198292,1.3865220485416188,2,1,1,0.02,0.08,0.03,0.15,0.9,0.1,-1.2,0.0,0,0,1,0,0.825,0.2
358,0,0.5023624897003174,0.32504644989967346,1.3851044178009033,4.114643248860017,-1.6122211961105792,2,1,1,0.02,0.08,0.03,0.15,0.9,0.1,-1.2,0.0,0,0,1,0,0.825,0.2
358,1,0.0015353242633864284,0.3081563413143158,1.7168052196502686,-2.387560790202048,4.20400791388595,2,1,1,0.02,0.08,0.03,0.15,0.9,0.1,-1.2,0.0,0,0,1,0,0.825,0.2
358,2,0.03531867265701294,-0.20476984977722168,-0.9988637566566467,3.379975413094085,-2.280972053418677,2,1,1,0.02,0.08,0.03,0.15,0.9,0.1,-1.2,0.0,0,0,1,0,0.825,0.2
358,3,0.9989013671875,0.19924578070640564,2.350390911102295,4.086645602711459,-1.4985997672164648,2,1,1,0.02,0.08,0.03,0.15,0.9,0.1,-1.2,0.0,0,0,1,0,0.825,0.2
358,4,-1.398320198059082,0.41746005415916443,2.411658525466919,-2.097035990324076,4.1827884686063195,0,0,0,0.02,0.08,0.03,0.15,0.9,0.1,-1.2,0.0,0,0,1,0,0.825,0.2
358,5,0.610883355140686,-0.16687485575675964,-0.8505223989486694,3.4444122834008217,-0.8828626198571197,2,1,1,0.02,0.08,0.03,0.15,0.9,0.1,-1.2,0.0,0,0,1,0,0.825,0.2
358,6,-0.4964878559112549,0.051046427339315414,-0.991348385810852,2.695396998620938,-0.3858361691931241,2,1,1,0.02,0.08,0.03,0.15,0.9,0.1,-1.2,0.0,0,0,1,0,0.825,0.2
358,7,-1.0400974750518799,-0.03562255948781967,2.541025161743164,4.760686400577149,2.085502880537458,2,1,1,0.02,0.08,0.03,0.15,0.9,0.1,-1.2,0.0,0,0,1,0,0.825,0.2
359,0,0.5028538107872009,0.32659912109375,1.1450715065002441,4.038566506157854,-1.27664581406055,2,1,1,0.02,0.08,0.03,0.15,0.9,0.1,-1.2,0.0,0,0,1,0,0.825,0.2
359,1,0.0010059691267088056,0.3102946877479553,1.9271697998046875,-2.319499991851294,4.177655283492655,2,1,1,0.02,0.08,0.03,0.15,0.9,0.1,-1.2,0.0,0,0,1,0,0.825,0.2
359,2,0.03607876971364021,-0.2061804085969925,-1.144287109375,3.6692435097171527,-2.986932168550657,2,1,1,0.02,0.08,0.03,0.15,0.9,0.1,-1.2,0.0,0,0,1,0,0.825,0.2
359,3,0.9972566366195679,0.20127196609973907,2.1428561210632324,3.8606190459923058,-1.2088632958130143,2,1,1,0.02,0.08,0.03,0.15,0.9,0.1,-1.2,0.0,0,0,1,0,0.825,0.2
359,4,-1.4005073308944702,0.4187691807746887,2.6595840454101562,-2.0185626805140666,4.342297441656793,0,0,0,0.02,0.08,0.03,0.15,0.9,0.1,-1.2,0.0,0,0,1,0,0.825,0.2
359,5,0.6128638982772827,-0.16941793262958527,-0.9843629598617554,3.2004796222020966,-0.7811914600751341,2,1,1,0.02,0.08,0.03,0.15,0.9,0.1,-1.2,0.0,0,0,1,0,0.825,0.2
359,6,-0.49525129795074463,0.0489969439804554,-1.0801631212234497,2.9672111098120824,-0.7461894626192671,2,1,1,0.02,0.08,0.03,0.15,0.9,0.1,-1.2,0.0,0,0,1,0,0.825,0.2
359,7,-1.0450972318649292,-0.031649310141801834,2.3866190910339355,-2.5929317243396808,3.483884274721747,2,1,1,0.02,0.08,0.03,0.15,0.9,0.1,-1.2,0.0,0,0,1,0,0.825,0.2
360,0,0.5038400292396545,0.3282078206539154,0.9208022356033325,3.9327383970522254,-0.8181196506251802,2,1,1,0.02,0.08,0.03,0.15,0.9,0.1,-1.2,0.0,0,0,1,0,0.825,0.2
360,1,0.00016712435171939433,0.31201663613319397,2.155522346496582,-2.0970464574614778,4.106338735362389,2,1,1,0.02,0.08,0.03,0.15,0.9,0.1,-1.2,0.0,0,0,1,0,0.825,0.2
360,2,0.03643960878252983,-0.20717082917690277,-1.3373095989227295,4.158459015704855,-3.912156470634207,2,1,1,0.02,0.08,0.03,0.15,0.9,0.1,-1.2,0.0,0,0,1,0,0.825,0.2
360,3,0.9960660934448242,0.20356878638267517,1.9446920156478882,3.542224353206632,-0.5786158979462337,2,1,1,0.02,0.08,0.03,0.15,0.9,0.1,-1.2,0.0,0,0,1,0,0.825,0.2
360,4,-1.4030234813690186,0.419925332069397,2.8660736083984375,-1.7438507569548227,4.780144590238692,0,0,0,0.02,0.08,0.03,0.15,0.9,0.1,-1.2,0.0,0,0,1,0,0.825,0.2
360,5,0.6142866611480713,-0.17193569242954254,-1.1420254707336426,3.342903053859292,-1.7383617521319967,2,1,1,0.02,0.08,0.03,0.15,0.9,0.1,-1.2,0.0,0,0,1,0,0.825,0.2
360,6,-0.49420130252838135,0.046768855303525925,-1.190571904182434,2.9471741580049,-0.5420121893364216,2,1,1,0.02,0.08,0.03,0.15,0.9,0.1,-1.2,0.0,0,0,1,0,0.825,0.2
360,7,-1.0498911142349243,-0.026592224836349487,2.274604082107544,-3.6582148944938844,3.8231060843608833,2,1,1,0.02,0.08,0.03,0.15,0.9,0.1,-1.2,0.0,0,0,1,0,0.825,0.2
361,0,0.5053611397743225,0.3298013508319855,0.7138933539390564,3.7532235874240856,-0.3372526553669524,2,1,1,0.02,0.08,0.03,0.15,0.9,0.1,-1.2,0.0,0,0,1,0,0.825,0.2
361,1,-0.0010202438570559025,0.31346645951271057,2.385166645050049,-2.3024604317806805,4.128898381914958,2,1,1,0.02,0.08,0.03,0.15,0.9,0.1,-1.2,0.0,0,0,1,0,0.825,0.2
361,2,0.036486364901065826,-0.20751339197158813,-1.579712152481079,4.61851018151654,-4.751586700290572,2,1,1,0.02,0.08,0.03,0.15,0.9,0.1,-1.2,0.0,0,0,1,0,0.825,0.2
361,3,0.9953176379203796,0.20610174536705017,1.763601541519165,3.4242593911841492,-0.6482513794109209,2,1,1,0.02,0.08,0.03,0.15,0.9,0.1,-1.2,0.0,0,0,1,0,0.825,0.2
361,4,-1.4052839279174805,0.4203379452228546,3.08722186088562,-0.668455400503689,5.073675685425485,0,0,0,0.02,0.08,0.03,0.15,0.9,0.1,-1.2,0.0,0,0,1,0,0.825,0.2
361,5,0.615262508392334,-0.17459949851036072,-1.297720193862915,3.3905168089502555,-2.2691339168184497,2,1,1,0.02,0.08,0.03,0.15,0.9,0.1,-1.2,0.0,0,0,1,0,0.825,0.2
361,6,-0.493417888879776,0.0443623885512352,-1.3266929388046265,3.6045057626027845,-1.7793610017509456,2,1,1,0.02,0.08,0.03,0.15,0.9,0.1,-1.2,0.0,0,0,1,0,0.825,0.2
361,7,-1.0512161254882812,-0.024974649772047997,2.426619052886963,-2.9678241426229883,3.50816416250715,2,1,1,0.02,0.08,0.03,0.15,0.9,0.1,-1.2,0.0,0,0,1,0,0.825,0.2
362,0,0.5074714422225952,0.3312945067882538,0.5275320410728455,3.9704493449466054,-1.3928772927668014,2,1,1,0.02,0.08,0.03,0.15,0.9,0.1,-1.2,0.0,0,0,1,0,0.825,0.2
362,1,-0.0026005094405263662,0.31468191742897034,2.605368137359619,-1.3290316182749335,3.8695469612059608,2,1,1,0.02,0.08,0.03,0.15,0.9,0.1,-1.2,0.0,0,0,1,0,0.825,0.2
362,2,0.036516815423965454,-0.20726941525936127,-1.8750404119491577,4.468519113255204,-4.471688496366605,2,1,1,0.02,0.08,0.03,0.15,0.9,0.1,-1.2,0.0,0,0,1,0,0.825,0.2
362,3,0.994981586933136,0.20898248255252838,1.612857699394226,3.2367190549120934,-0.28993238903926455,2,1,1,0.02,0.08,0.03,0.15,0.9,0.1,-1.2,0.0,0,0,1,0,0.825,0.2
362,4,-1.4083631038665771,0.4201498329639435,-2.962411880493164,0.44987754073581365,5.007008265103276,0,0,0,0.02,0.08,0.03,0.15,0.9,0.1,-1.2,0.0,0,0,1,0,0.825,0.2
362,5,0.6156929135322571,-0.17679129540920258,-1.484673261642456,3.1886215074872353,-2.263207772326983,2,1,1,0.02,0.08,0.03,0.15,0.9,0.1,-1.2,0.0,0,0,1,0,0.825,0.2
362,6,-0.49294567108154297,0.04169544577598572,-1.4626067876815796,3.1793977217716325,-0.7529727101640633,2,1,1,0.02,0.08,0.03,0.15,0.9,0.1,-1.2,0.0,0,0,1,0,0.825,0.2
362,7,-1.0514625310897827,-0.024795325472950935,2.6815011501312256,-1.8410223278672873,2.707343210720275,2,1,1,0.02,0.08,0.03,0.15,0.9,0.1,-1.2,0.0,0,0,1,0,0.825,0.2
363,0,0.5101439952850342,0.33255866169929504,0.3658472001552582,4.0162686720711145,-2.0028226717434365,2,1,1,0.02,0.08,0.03,0.15,0.9,0.1,-1.2,0.0,0,0,1,0,0.825,0.2
363,1,-0.004296428989619017,0.3154773712158203,2.8297462463378906,-1.5536484728803728,3.9137500728418075,2,1,1,0.02,0.08,0.03,0.15,0.9,0.1,-1.2,0.0,0,0,1,0,0.825,0.2
363,2,0.036827605217695236,-0.2066137194633484,-2.229792356491089,4.23238626604701,-3.944804974799111,2,1,1,0.02,0.08,0.03,0.15,0.9,0.1,-1.2,0.0,0,0,1,0,0.825,0.2
363,3,0.9950597882270813,0.21178966760635376,1.4698405265808105,3.3617825835103385,-0.8235067009086001,2,1,1,0.02,0.08,0.03,0.15,0.9,0.1,-1.2,0.0,0,0,1,0,0.825,0.2
363,4,-1.412874460220337,0.41879960894584656,-2.7359089851379395,0.45574072705091595,3.9670632218105335,0,0,0,0.02,0.08,0.03,0.15,0.9,0.1,-1.2,0.0,0,0,1,0,0.825,0.2
363,5,0.6156869530677795,-0.17853979766368866,-1.6980805397033691,2.520238234117355,-1.544666265206756,2,1,1,0.02,0.08,0.03,0.15,0.9,0.1,-1.2,0.0,0,0,1,0,0.825,0.2
363,6,-0.49288055300712585,0.039341628551483154,-1.6529111862182617,2.6327680590043436,0.2734410477108125,2,1,1,0.02,0.08,0.03,0.15,0.9,0.1,-1.2,0.0,0,0,1,0,0.825,0.2
363,7,-1.051909327507019,-0.024630846455693245,2.916980743408203,-1.1254695774070078,2.9322045666804883,2,1,1,0.02,0.08,0.03,0.15,0.9,0.1,-1.2,0.0,0,0,1,0,0.825,0.2
364,0,0.5126563906669617,0.33328625559806824,0.18212208151817322,3.7417095514203567,-1.5892717859496055,2,1,1,0.02,0.08,0.03,0.15,0.9,0.1,-1.2,0.0,0,0,1,0,0.825,0.2
364,1,-0.006576464045792818,0.3159703016281128,3.023066282272339,-1.7262414632392002,3.9358302889418684,2,1,1,0.02,0.08,0.03,0.15,0.9,0.1,-1.2,0.0,0,0,1,0,0.825,0.2
364,2,0.0368027538061142,-0.20658880472183228,-2.600548028945923,3.8194502517277873,-2.8163950239553004,2,1,1,0.02,0.08,0.03,0.15,0.9,0.1,-1.2,0.0,0,0,1,0,0.825,0.2
364,3,0.995539665222168,0.21464456617832184,1.3419348001480103,3.3163970635742737,-0.671181238689587,2,1,1,0.02,0.08,0.03,0.15,0.9,0.1,-1.2,0.0,0,0,1,0,0.825,0.2
364,4,-1.4178882837295532,0.4160711467266083,-2.552178382873535,-4.058669182172409,4.3477360052211935,0,0,0,0.02,0.08,0.03,0.15,0.9,0.1,-1.2,0.0,0,0,1,0,0.825,0.2
364,5,0.615365207195282,-0.17999275028705597,-1.9093477725982666,4.076384714600521,-3.828568498221384,2,1,1,0.02,0.08,0.03,0.15,0.9,0.1,-1.2,0.0,0,0,1,0,0.825,0.2
364,6,-0.4933274984359741,0.03667271509766579,-1.8150964975357056,2.1946356368915847,0.9422108714028522,2,1,1,0.02,0.08,0.03,0.15,0.9,0.1,-1.2,0.0,0,0,1,0,0.825,0.2
364,7,-1.0527724027633667,-0.02450740337371826,3.092072010040283,-0.4556978351695041,2.4756787582583826,2,1,1,0.02,0.08,0.03,0.15,0.9,0.1,-1.2,0.0,0,0,1,0,0.825,0.2
365,0,0.5147420763969421,0.33345675468444824,-0.026125891134142876,4.1398718274488395,-2.9675625878922993,2,1,1,0.02,0.08,0.03,0.15,0.9,0.1,-1.2,0.0,0,0,1,0,0.825,0.2
365,1,-0.008974219672381878,0.3160458505153656,-3.0704567432403564,-1.9018858222106843,3.9605618564227965,2,1,1,0.02,0.08,0.03,0.15,0.9,0.1,-1.2,0.0,0,0,1,0,0.825,0.2
365,2,0.03642823547124863,-0.20676638185977936,-2.946291923522949,4.112723596211606,-3.035283002413176,2,1,1,0.02,0.08,0.03,0.15,0.9,0.1,-1.2,0.0,0,0,1,0,0.825,0.2
365,3,0.9962995648384094,0.2171473503112793,1.1994197368621826,3.5981512443633656,-1.4405939952941516,2,1,1,0.02,0.08,0.03,0.15,0.9,0.1,-1.2,0.0,0,0,1,0,0.825,0.2
365,4,-1.4218108654022217,0.41302865743637085,-2.4103291034698486,-6.28,3.7165290765385444,0,0,0,0.02,0.08,0.03,0.15,0.9,0.1,-1.2,0.0,0,0,1,0,0.825,0.2
365,5,0.614814817905426,-0.18123219907283783,-2.076653242111206,3.9677975115303554,-3.628531543372788,2,1,1,0.02,0.08,0.03,0.15,0.9,0.1,-1.2,0.0,0,0,1,0,0.825,0.2
365,6,-0.4942355453968048,0.033767204731702805,-1.9167877435684204,1.555249096496834,1.6534556459642813,2,1,1,0.02,0.08,0.03,0.15,0.9,0.1,-1.2,0.0,0,0,1,0,0.825,0.2
365,7,-1.054409384727478,-0.024557365104556084,-3.045539617538452,-0.37251313741092984,3.1766084439658226,2,1,1,0.02,0.08,0.03,0.15,0.9,0.1,-1.2,0.0,0,0,1,0,0.825,0.2
366,0,0.5167807936668396,0.33319592475891113,-0.22057068347930908,4.241383516601449,-3.4122382123501436,2,1,1,0.02,0.08,0.03,0.15,0.9,0.1,-1.2,0.0,0,0,1,0,0.825,0.2
366,1,-0.011234636418521404,0.3156796097755432,-2.8707215785980225,-1.6345634914394767,3.8453648829372202,2,1,1,0.02,0.08,0.03,0.15,0.9,0.1,-1.2,0.0,0,0,1,0,0.825,0.2
366,2,0.03522530943155289,-0.20680609345436096,3.0582664012908936,4.304110668046016,-3.4277332136576946,2,1,1,0.02,0.08,0.03,0.15,0.9,0.1,-1.2,0.0,0,0,1,0,0.825,0.2
366,3,0.9974187612533569,0.21951445937156677,1.0577887296676636,3.7519668713782957,-1.7533904598097494,2,1,1,0.02,0.08,0.03,0.15,0.9,0.1,-1.2,0.0,0,0,1,0,0.825,0.2
366,4,-1.42305588722229,0.4117167592048645,-2.124342679977417,-6.28,3.26097355773328,0,0,0,0.02,0.08,0.03,0.15,0.9,0.1,-1.2,0.0,0,0,1,0,0.825,0.2
366,5,0.6146194338798523,-0.18156182765960693,-2.3334336280822754,4.2304013629882995,-3.963522122926867,2,1,1,0.02,0.08,0.03,0.15,0.9,0.1,-1.2,0.0,0,0,1,0,0.825,0.2
366,6,-0.49538326263427734,0.030879486352205276,-1.968881607055664,1.803717246377929,1.4830860077982349,2,1,1,0.02,0.08,0.03,0.15,0.9,0.1,-1.2,0.0,0,0,1,0,0.825,0.2
366,7,-1.0563918352127075,-0.024867085739970207,-2.934396982192993,0.040887894371761414,2.780831518834364,2,1,1,0.02,0.08,0.03,0.15,0.9,0.1,-1.2,0.0,0,0,1,0,0.825,0.2
367,0,0.518139123916626,0.3327626883983612,-0.45979979634284973,4.230561445779406,-3.2928461836047993,2,1,1,0.02,0.08,0.03,0.15,0.9,0.1,-1.2,0.0,0,0,1,0,0.825,0.2
367,1,-0.013218519277870655,0.31492847204208374,-2.6652660369873047,-0.9704804378050171,3.510725666244435,2,1,1,0.02,0.08,0.03,0.15,0.9,0.1,-1.2,0.0,0,0,1,0,0.825,0.2
367,2,0.03352371230721474,-0.2064589560031891,2.7890377044677734,4.113579300229427,-2.5533378410678473,2,1,1,0.02,0.08,0.03,0.15,0.9,0.1,-1.2,0.0,0,0,1,0,0.825,0.2
367,3,0.9986726641654968,0.2213890105485916,0.8878652453422546,3.9110985891124406,-2.1289075509807263,2,1,1,0.02,0.08,0.03,0.15,0.9,0.1,-1.2,0.0,0,0,1,0,0.825,0.2
367,4,-1.4226770401000977,0.41282713413238525,-1.7477144002914429,-4.3424285538312954,4.503473753102376,0,0,0,0.02,0.08,0.03,0.15,0.9,0.1,-1.2,0.0,0,0,1,0,0.825,0.2
367,5,0.6149311661720276,-0.18131549656391144,-2.629384756088257,4.495944646545727,-4.568996441909154,2,1,1,0.02,0.08,0.03,0.15,0.9,0.1,-1.2,0.0,0,0,1,0,0.825,0.2
367,6,-0.49664875864982605,0.027955878525972366,-1.9745315313339233,1.4112459349853348,1.8389919791912372,2,1,1,0.02,0.08,0.03,0.15,0.9,0.1,-1.2,0.0,0,0,1,0,0.825,0.2
367,7,-1.0589545965194702,-0.02556602470576763,-2.8141183853149414,0.396381256651231,2.541226747841965,2,1,1,0.02,0.08,0.03,0.15,0.9,0.1,-1.2,0.0,0,0,1,0,0.825,0.2
368,0,0.5193947553634644,0.33193421363830566,-0.7469781041145325,4.187866732806774,-2.8014318201251935,2,1,1,0.02,0.08,0.03,0.15,0.9,0.1,-1.2,0.0,0,0,1,0,0.825,0.2
368,1,-0.015065382234752178,0.3137451708316803,-2.4696710109710693,-1.1640282069966454,3.480439152568955,2,1,1,0.02,0.08,0.03,0.15,0.9,0.1,-1.2,0.0,0,0,1,0,0.825,0.2
368,2,0.03206327185034752,-0.20571623742580414,2.4966962337493896,3.7573068377770524,-1.42764860436542,2,1,1,0.02,0.08,0.03,0.15,0.9,0.1,-1.2,0.0,0,0,1,0,0.825,0.2
368,3,1.0000908374786377,0.2228441685438156,0.6972396969795227,3.7442309155046773,-1.5795793533220428,2,1,1,0.02,0.08,0.03,0.15,0.9,0.1,-1.2,0.0,0,0,1,0,0.825,0.2
368,4,-1.4226009845733643,0.4121735095977783,-1.5088392496109009,-2.130419478094159,5.183133552450964,0,0,0,0.02,0.08,0.03,0.15,0.9,0.1,-1.2,0.0,0,0,1,0,0.825,0.2
368,5,0.6153814792633057,-0.18113857507705688,-2.9411842823028564,4.374045107511209,-4.082182202866852,2,1,1,0.02,0.08,0.03,0.15,0.9,0.1,-1.2,0.0,0,0,1,0,0.825,0.2
368,6,-0.49794307351112366,0.02495531737804413,-1.9826924800872803,2.2844335243291454,1.0939243109351053,2,1,1,0.02,0.08,0.03,0.15,0.9,0.1,-1.2,0.0,0,0,1,0,0.825,0.2
368,7,-1.0615774393081665,-0.02661522664129734,-2.712247133255005,0.6655423161097522,2.034591309006386,2,1,1,0.02,0.08,0.03,0.15,0.9,0.1,-1.2,0.0,0,0,1,0,0.825,0.2
369,0,0.5204297304153442,0.33068326115608215,-1.037731647491455,4.220561467342482,-2.3597304450799084,2,1,1,0.02,0.08,0.03,0.15,0.9,0.1,-1.2,0.0,0,0,1,0,0.825,0.2
369,1,-0.016864562407135963,0.31204208731651306,-2.3054518699645996,-0.6714647597267448,3.079535300358629,2,1,1,0.02,0.08,0.03,0.15,0.9,0.1,-1.2,0.0,0,0,1,0,0.825,0.2
369,2,0.030574506148695946,-0.20427347719669342,2.2328813076019287,3.4311971630866203,-0.5560401518490354,2,1,1,0.02,0.08,0.03,0.15,0.9,0.1,-1.2,0.0,0,0,1,0,0.825,0.2
369,3,1.0016010999679565,0.22388961911201477,0.4882572591304779,3.384738881939464,-0.9412750746292889,2,1,1,0.02,0.08,0.03,0.15,0.9,0.1,-1.2,0.0,0,0,1,0,0.825,0.2
369,4,-1.4225788116455078,0.4115527272224426,-1.2006163597106934,0.5663161654589102,5.989951107914094,0,0,0,0.02,0.08,0.03,0.15,0.9,0.1,-1.2,0.0,0,0,1,0,0.825,0.2
369,5,0.6162343621253967,-0.18110287189483643,2.9987149238586426,4.444268526762352,-4.337853195398674,2,1,1,0.02,0.08,0.03,0.15,0.9,0.1,-1.2,0.0,0,0,1,0,0.825,0.2
369,6,-0.49924278259277344,0.021970082074403763,-1.9728556871414185,2.4750625493891567,0.940989995735991,2,1,1,0.02,0.08,0.03,0.15,0.9,0.1,-1.2,0.0,0,0,1,0,0.825,0.2
369,7,-1.0641757249832153,-0.027936309576034546,-2.6329123973846436,0.7909349485805874,2.1781833992476307,2,1,1,0.02,0.08,0.03,0.15,0.9,0.1,-1.2,0.0,0,0,1,0,0.825,0.2
370,0,0.5211925506591797,0.3288644850254059,-1.3107460737228394,4.129081608296353,-1.3086963545870967,2,1,1,0.02,0.08,0.03,0.15,0.9,0.1,-1.2,0.0,0,0,1,0,0.825,0.2
370,1,-0.01831355132162571,0.31017178297042847,-2.1437368392944336,-1.6049444169172686,3.4564209592356945,2,1,1,0.02,0.08,0.03,0.15,0.9,0.1,-1.2,0.0,0,0,1,0,0.825,0.2
370,2,0.029244882985949516,-0.2021539956331253,2.0304951667785645,3.308642528226269,-0.14871067856235645,2,1,1,0.02,0.08,0.03,0.15,0.9,0.1,-1.2,0.0,0,0,1,0,0.825,0.2
370,3,1.0035377740859985,0.22468678653240204,0.2960829734802246,3.5603727871668056,-1.5290010991133123,2,1,1,0.02,0.08,0.03,0.15,0.9,0.1,-1.2,0.0,0,0,1,0,0.825,0.2
370,4,-1.4215728044509888,0.409857839345932,-0.9012110233306885,1.8949698232321925,6.207862972172906,0,0,0,0.02,0.08,0.03,0.15,0.9,0.1,-1.2,0.0,0,0,1,0,0.825,0.2
370,5,0.6168123483657837,-0.18121768534183502,2.668668508529663,4.3694711124571946,-3.8557056358131545,2,1,1,0.02,0.08,0.03,0.15,0.9,0.1,-1.2,0.0,0,0,1,0,0.825,0.2
370,6,-0.500580906867981,0.01889638788998127,-2.003247022628784,1.8443383147968204,1.5867460278493002,2,1,1,0.02,0.08,0.03,0.15,0.9,0.1,-1.2,0.0,0,0,1,0,0.825,0.2
370,7,-1.066532850265503,-0.02934323623776436,-2.5795857906341553,0.8195263287752484,1.7286323168546343,2,1,1,0.02,0.08,0.03,0.15,0.9,0.1,-1.2,0.0,0,0,1,0,0.825,0.2
371,0,0.5215135812759399,0.32648152112960815,-1.566438913345337,4.082975979913866,-0.9830430274252601,2,1,1,0.02,0.08,0.03,0.15,0.9,0.1,-1.2,0.0,0,0,1,0,0.825,0.2
371,1,-0.019470075145363808,0.3080790638923645,-2.0060575008392334,-0.6272106184416294,2.7858753898280733,2,1,1,0.02,0.08,0.03,0.15,0.9,0.1,-1.2,0.0,0,0,1,0,0.825,0.2
371,2,0.028211668133735657,-0.19959041476249695,1.8835430145263672,3.4677831588769608,-0.24226968627854178,2,1,1,0.02,0.08,0.03,0.15,0.9,0.1,-1.2,0.0,0,0,1,0,0.825,0.2
371,3,1.005874752998352,0.2251911759376526,0.1375490427017212,3.2771142003477483,-1.1927170545123753,2,1,1,0.02,0.08,0.03,0.15,0.9,0.1,-1.2,0.0,0,0,1,0,0.825,0.2
371,4,-1.417756199836731,0.40609684586524963,-0.6799129843711853,0.05093023428674702,4.256071915631137,0,0,0,0.02,0.08,0.03,0.15,0.9,0.1,-1.2,0.0,0,0,1,0,0.825,0.2
371,5,0.6173635721206665,-0.1815803498029709,2.333595037460327,4.110241600010529,-2.472575711061176,2,1,1,0.02,0.08,0.03,0.15,0.9,0.1,-1.2,0.0,0,0,1,0,0.825,0.2
371,6,-0.5020819306373596,0.01583470031619072,-2.054711103439331,4.640121548957342,-6.28,2,1,1,0.02,0.08,0.03,0.15,0.9,0.1,-1.2,0.0,0,0,1,0,0.825,0.2
371,7,-1.0689588785171509,-0.030956139788031578,-2.5311360359191895,0.6581320591726416,2.0014977030000574,2,1,1,0.02,0.08,0.03,0.15,0.9,0.1,-1.2,0.0,0,0,1,0,0.825,0.2
372,0,0.5212239027023315,0.3236079812049866,-1.7732534408569336,3.7442604674188513,-0.18619855231657537,2,1,1,0.02,0.08,0.03,0.15,0.9,0.1,-1.2,0.0,0,0,1,0,0.825,0.2
372,1,-0.02017306350171566,0.3062433898448944,-1.8375604152679443,-1.3751391577760226,3.159595244620339,2,1,1,0.02,0.08,0.03,0.15,0.9,0.1,-1.2,0.0,0,0,1,0,0.825,0.2
372,2,0.027448922395706177,-0.19658735394477844,1.7593717575073242,3.8357619910301053,-0.749406269148209,2,1,1,0.02,0.08,0.03,0.15,0.9,0.1,-1.2,0.0,0,0,1,0,0.825,0.2
372,3,1.007986068725586,0.22532187402248383,-0.035676103085279465,2.5942369912061407,-0.2467616762136582,2,1,1,0.02,0.08,0.03,0.15,0.9,0.1,-1.2,0.0,0,0,1,0,0.825,0.2
372,4,-1.4116272926330566,0.40198177099227905,-0.5074458122253418,-3.653277203085607,4.200699334145829,0,0,0,0.02,0.08,0.03,0.15,0.9,0.1,-1.2,0.0,0,0,1,0,0.825,0.2
372,5,0.6175720691680908,-0.18184104561805725,2.013118267059326,3.982912151329183,-1.4684896215269831,2,1,1,0.02,0.08,0.03,0.15,0.9,0.1,-1.2,0.0,0,0,1,0,0.825,0.2
372,6,-0.5037210583686829,0.012823651544749737,-2.0727365016937256,4.50203263748133,-6.28,2,1,1,0.02,0.08,0.03,0.15,0.9,0.1,-1.2,0.0,0,0,1,0,0.825,0.2
372,7,-1.0710835456848145,-0.03250804543495178,-2.4959421157836914,0.4819205000006762,2.468018069115881,2,1,1,0.02,0.08,0.03,0.15,0.9,0.1,-1.2,0.0,0,0,1,0,0.825,0.2
373,0,0.5203492045402527,0.320674329996109,-1.9533336162567139,3.659230490442034,-0.36849650385328625,2,1,1,0.02,0.08,0.03,0.15,0.9,0.1,-1.2,0.0,0,0,1,0,0.825,0.2
373,1,-0.020584989339113235,0.3041858375072479,-1.7063319683074951,-2.137143862411858,3.513683475543512,2,1,1,0.02,0.08,0.03,0.15,0.9,0.1,-1.2,0.0,0,0,1,0,0.825,0.2
373,2,0.027043282985687256,-0.193402498960495,1.6313279867172241,3.8827652440667486,-0.8066275734575252,2,1,1,0.02,0.08,0.03,0.15,0.9,0.1,-1.2,0.0,0,0,1,0,0.825,0.2
373,3,1.0100752115249634,0.22508426010608673,-0.1982641965150833,1.6249021781212065,0.936798400780223,2,1,1,0.02,0.08,0.03,0.15,0.9,0.1,-1.2,0.0,0,0,1,0,0.825,0.2
373,4,-1.4073995351791382,0.4000075161457062,-0.34692853689193726,-4.8738870090489455,4.574162683425458,0,0,0,0.02,0.08,0.03,0.15,0.9,0.1,-1.2,0.0,0,0,1,0,0.825,0.2
373,5,0.6173329949378967,-0.18096065521240234,1.7538574934005737,4.146289321098669,-1.6902949134828444,2,1,1,0.02,0.08,0.03,0.15,0.9,0.1,-1.2,0.0,0,0,1,0,0.825,0.2
373,6,-0.503240704536438,0.013290641829371452,-2.3844447135925293,4.410351375403232,-5.3876403231764325,2,1,1,0.02,0.08,0.03,0.15,0.9,0.1,-1.2,0.0,0,0,1,0,0.825,0.2
373,7,-1.0731573104858398,-0.03413696214556694,-2.4518837928771973,0.3123362674481343,2.5730533883803415,2,1,1,0.02,0.08,0.03,0.15,0.9,0.1,-1.2,0.0,0,0,1,0,0.825,0.2
374,0,0.5188156366348267,0.3175627887248993,-2.0986597537994385,3.648031035310796,-0.8877738315755764,2,1,1,0.02,0.08,0.03,0.15,0.9,0.1,-1.2,0.0,0,0,1,0,0.825,0.2
374,1,-0.020705493167042732,0.30232954025268555,-1.5550915002822876,-2.155542713223777,3.530234380340822,2,1,1,0.02,0.08,0.03,0.15,0.9,0.1,-1.2,0.0,0,0,1,0,0.825,0.2
374,2,0.027069473639130592,-0.19028492271900177,1.4765379428863525,4.248084333024413,-1.5889013035448751,2,1,1,0.02,0.08,0.03,0.15,0.9,0.1,-1.2,0.0,0,0,1,0,0.825,0.2
374,3,1.0122981071472168,0.22449176013469696,-0.3095223009586334,0.494387294487506,1.9879773361940813,2,1,1,0.02,0.08,0.03,0.15,0.9,0.1,-1.2,0.0,0,0,1,0,0.825,0.2
374,4,-1.4066554307937622,0.3997829556465149,-0.07851554453372955,-4.003657752634656,4.391889807242545,0,0,0,0.02,0.08,0.03,0.15,0.9,0.1,-1.2,0.0,0,0,1,0,0.825,0.2
374,5,0.6171598434448242,-0.1787141114473343,1.553184986114502,4.096327444566749,-1.216928575223821,2,1,1,0.02,0.08,0.03,0.15,0.9,0.1,-1.2,0.0,0,0,1,0,0.825,0.2
374,6,-0.5025975108146667,0.013792487792670727,-2.749922275543213,4.7767874496568385,-2.6192696677108303,2,1,1,0.02,0.08,0.03,0.15,0.9,0.1,-1.2,0.0,0,0,1,0,0.825,0.2
374,7,-1.0753344297409058,-0.03604194521903992,-2.386678457260132,0.5617576293528668,2.8833197322863,2,1,1,0.02,0.08,0.03,0.15,0.9,0.1,-1.2,0.0,0,0,1,0,0.825,0.2
375,0,0.5169423222541809,0.31479454040527344,-2.2389206886291504,3.4475821938133984,-0.9165335889284886,2,1,1,0.02,0.08,0.03,0.15,0.9,0.1,-1.2,0.0,0,0,1,0,0.825,0.2
375,1,-0.020567353814840317,0.30086442828178406,-1.363387942314148,-2.1273307616802053,3.5472975561435103,2,1,1,0.02,0.08,0.03,0.15,0.9,0.1,-1.2,0.0,0,0,1,0,0.825,0.2
375,2,0.027594996616244316,-0.18723011016845703,1.311972975730896,4.028339058068401,-0.9113801174520937,2,1,1,0.02,0.08,0.03,0.15,0.9,0.1,-1.2,0.0,0,0,1,0,0.825,0.2
375,3,1.0146609544754028,0.22365497052669525,-0.3484838306903839,0.2997003990792439,2.014956737536548,2,1,1,0.02,0.08,0.03,0.15,0.9,0.1,-1.2,0.0,0,0,1,0,0.825,0.2
375,4,-1.4074692726135254,0.3997461199760437,0.2831067740917206,-2.5140565862373014,4.37707004764636,0,0,0,0.02,0.08,0.03,0.15,0.9,0.1,-1.2,0.0,0,0,1,0,0.825,0.2
375,5,0.6174452900886536,-0.17614059150218964,1.3481007814407349,4.283491051871462,-2.0894368059226696,2,1,1,0.02,0.08,0.03,0.15,0.9,0.1,-1.2,0.0,0,0,1,0,0.825,0.2
375,6,-0.5067769885063171,0.012372986413538456,-2.9047553539276123,4.9827682732030585,-1.8794524496300757,2,1,1,0.02,0.08,0.03,0.15,0.9,0.1,-1.2,0.0,0,0,1,0,0.825,0.2
375,7,-1.0773696899414062,-0.03810815140604973,-2.3092057704925537,1.0465236617301412,3.266903990937961,2,1,1,0.02,0.08,0.03,0.15,0.9,0.1,-1.2,0.0,0,0,1,0,0.825,0.2
376,0,0.5150114893913269,0.31267401576042175,-2.3944921493530273,3.036944307574875,-0.5326081194779841,2,1,1,0.02,0.08,0.03,0.15,0.9,0.1,-1.2,0.0,0,0,1,0,0.825,0.2
376,1,-0.020157156512141228,0.299508273601532,-1.1622940301895142,-2.612539667063459,3.8443466830828283,2,1,1,0.02,0.08,0.03,0.15,0.9,0.1,-1.2,0.0,0,0,1,0,0.825,0.2
376,2,0.028531551361083984,-0.18462087213993073,1.114001750946045,3.7404761979793877,-0.40443560807073875,2,1,1,0.02,0.08,0.03,0.15,0.9,0.1,-1.2,0.0,0,0,1,0,0.825,0.2
376,3,1.0170085430145264,0.22281943261623383,-0.3110097348690033,-0.031014427025820128,2.105250651589033,2,1,1,0.02,0.08,0.03,0.15,0.9,0.1,-1.2,0.0,0,0,1,0,0.825,0.2
376,4,-1.407427430152893,0.3998255729675293,0.642452597618103,-1.135587905434994,4.49564251388855,0,0,0,0.02,0.08,0.03,0.15,0.9,0.1,-1.2,0.0,0,0,1,0,0.825,0.2
376,5,0.6184918880462646,-0.17300917208194733,1.1408952474594116,4.3010144501905465,-2.2558928996305476,2,1,1,0.02,0.08,0.03,0.15,0.9,0.1,-1.2,0.0,0,0,1,0,0.825,0.2
376,6,-0.5091880559921265,0.011978792026638985,3.1340906620025635,5.300327505559708,-0.39304503236460353,2,1,1,0.02,0.08,0.03,0.15,0.9,0.1,-1.2,0.0,0,0,1,0,0.825,0.2
376,7,-1.0795092582702637,-0.04066697880625725,-2.228078842163086,4.6862547429331585,-6.115413467278226,2,1,1,0.02,0.08,0.03,0.15,0.9,0.1,-1.2,0.0,0,0,1,0,0.825,0.2
377,0,0.5129956603050232,0.3110637664794922,-2.548941135406494,3.078677030579471,-0.9421903199759921,2,1,1,0.02,0.08,0.03,0.15,0.9,0.1,-1.2,0.0,0,0,1,0,0.825,0.2
377,1,-0.019471431151032448,0.29824528098106384,-0.9619902968406677,-4.040161927737117,4.373136697809037,2,1,1,0.02,0.08,0.03,0.15,0.9,0.1,-1.2,0.0,0,0,1,0,0.825,0.2
377,2,0.03011828102171421,-0.18203207850456238,0.9336267113685608,3.9883374642676506,-0.7741227990335772,2,1,1,0.02,0.08,0.03,0.15,0.9,0.1,-1.2,0.0,0,0,1,0,0.825,0.2
377,3,1.0192593336105347,0.22215554118156433,-0.25222375988960266,0.6052395797176584,1.2561544484453588,2,1,1,0.02,0.08,0.03,0.15,0.9,0.1,-1.2,0.0,0,0,1,0,0.825,0.2
377,4,-1.4064273834228516,0.40088117122650146,0.940808892250061,0.3056051489049888,4.330562750899347,0,0,0,0.02,0.08,0.03,0.15,0.9,0.1,-1.2,0.0,0,0,1,0,0.825,0.2
377,5,0.6199741363525391,-0.17048978805541992,0.904077410697937,4.2628327790830065,-2.2741245512101584,2,1,1,0.02,0.08,0.03,0.15,0.9,0.1,-1.2,0.0,0,0,1,0,0.825,0.2
377,6,-0.5120333433151245,0.01236535795032978,2.881575107574463,5.662688140863133,0.960956320528725,2,1,1,0.02,0.08,0.03,0.15,0.9,0.1,-1.2,0.0,0,0,1,0,0.825,0.2
377,7,-1.0819029808044434,-0.04404778033494949,-2.1493618488311768,4.666284399961812,-6.28,2,1,1,0.02,0.08,0.03,0.15,0.9,0.1,-1.2,0.0,0,0,1,0,0.825,0.2
378,0,0.5108270645141602,0.30980074405670166,-2.6796884536743164,2.9640252629194546,-1.0077006229547447,2,1,1,0.02,0.08,0.03,0.15,0.9,0.1,-1.2,0.0,0,0,1,0,0.825,0.2
378,1,-0.018642472103238106,0.29725974798202515,-0.7398627996444702,-4.634098363195301,4.492783833383642,2,1,1,0.02,0.08,0.03,0.15,0.9,0.1,-1.2,0.0,0,0,1,0,0.825,0.2
378,2,0.032282959669828415,-0.17954055964946747,0.7826025485992432,3.685701848683218,-0.3591775619055149,2,1,1,0.02,0.08,0.03,0.15,0.9,0.1,-1.2,0.0,0,0,1,0,0.825,0.2
378,3,1.0213303565979004,0.22168950736522675,-0.18013480305671692,-1.1362893995828829,2.7062215383522927,2,1,1,0.02,0.08,0.03,0.15,0.9,0.1,-1.2,0.0,0,0,1,0,0.825,0.2
378,4,-1.4049381017684937,0.40357908606529236,1.1880172491073608,0.8754638640690457,4.3804950962189375,0,0,0,0.02,0.08,0.03,0.15,0.9,0.1,-1.2,0.0,0,0,1,0,0.825,0.2
378,5,0.6218722462654114,-0.1685725450515747,0.6531462073326111,4.143573599611186,-1.9829232569083193,2,1,1,0.02,0.08,0.03,0.15,0.9,0.1,-1.2,0.0,0,0,1,0,0.825,0.2
378,6,-0.5166702270507812,0.014216423034667969,2.6510355472564697,5.963581112586027,1.6347052994393527,2,1,1,0.02,0.08,0.03,0.15,0.9,0.1,-1.2,0.0,0,0,1,0,0.825,0.2
378,7,-1.0815622806549072,-0.044031962752342224,-2.4458889961242676,4.487251176706669,-5.2781848082975715,2,1,1,0.02,0.08,0.03,0.15,0.9,0.1,-1.2,0.0,0,0,1,0,0.825,0.2
379,0,0.508791983127594,0.3089410960674286,-2.8175737857818604,2.697168709113239,-0.7403686592785542,2,1,1,0.02,0.08,0.03,0.15,0.9,0.1,-1.2,0.0,0,0,1,0,0.825,0.2
379,1,-0.01823410764336586,0.296921968460083,-0.45630717277526855,-4.4009968863532825,4.453176060926283,2,1,1,0.02,0.08,0.03,0.15,0.9,0.1,-1.2,0.0,0,0,1,0,0.825,0.2
379,2,0.034747421741485596,-0.177431121468544,0.6198151707649231,3.7229069319803423,-0.43688782645543295,2,1,1,0.02,0.08,0.03,0.15,0.9,0.1,-1.2,0.0,0,0,1,0,0.825,0.2
379,3,1.0232099294662476,0.221390500664711,-0.146881103515625,-2.131467743624342,3.3858389431692766,2,1,1,0.02,0.08,0.03,0.15,0.9,0.1,-1.2,0.0,0,0,1,0,0.825,0.2
379,4,-1.4036868810653687,0.40779003500938416,1.3701298236846924,1.003868297032834,4.200610458914801,0,0,0,0.02,0.08,0.03,0.15,0.9,0.1,-1.2,0.0,0,0,1,0,0.825,0.2
379,5,0.6241278052330017,-0.16723264753818512,0.4014776349067688,3.909507951471202,-1.1372712451742772,2,1,1,0.02,0.08,0.03,0.15,0.9,0.1,-1.2,0.0,0,0,1,0,0.825,0.2
379,6,-0.5221966505050659,0.017905211076140404,2.4584381580352783,2.7704712026640905,-0.2977435123422913,2,1,1,0.02,0.08,0.03,0.15,0.9,0.1,-1.2,0.0,0,0,1,0,0.825,0.2
379,7,-1.0818538665771484,-0.04414357244968414,-2.820866107940674,4.508126269540578,-3.4681325440040536,2,1,1,0.02,0.08,0.03,0.15,0.9,0.1,-1.2,0.0,0,0,1,0,0.825,0.2
380,0,0.5068663954734802,0.30842986702919006,-2.957322359085083,2.19089580459001,-0.11480086674871912,2,1,1,0.02,0.08,0.03,0.15,0.9,0.1,-1.2,0.0,0,0,1,0,0.825,0.2
380,1,-0.018270162865519524,0.2968958914279938,-0.1164516732096672,-4.959087740924309,4.531413447406243,2,1,1,0.02,0.08,0.03,0.15,0.9,0.1,-1.2,0.0,0,0,1,0,0.825,0.2
380,2,0.037572380155324936,-0.17571043968200684,0.47290533781051636,3.3161916281152113,0.18338232993406303,2,1,1,0.02,0.08,0.03,0.15,0.9,0.1,-1.2,0.0,0,0,1,0,0.825,0.2
380,3,1.0248301029205322,0.221211776137352,-0.03441096469759941,-2.644750358757148,3.70327313697388,2,1,1,0.02,0.08,0.03,0.15,0.9,0.1,-1.2,0.0,0,0,1,0,0.825,0.2
380,4,-1.4030380249023438,0.4128819704055786,1.5218253135681152,-0.012279601546908575,3.8378617331304716,0,0,0,0.02,0.08,0.03,0.15,0.9,0.1,-1.2,0.0,0,0,1,0,0.825,0.2
380,5,0.6267346143722534,-0.1664622724056244,0.16300497949123383,3.7332294112282796,-0.3614603826478404,2,1,1,0.02,0.08,0.03,0.15,0.9,0.1,-1.2,0.0,0,0,1,0,0.825,0.2
380,6,-0.5278352499008179,0.0233157891780138,2.28928279876709,3.420770055490352,-1.4220418289008405,2,1,1,0.02,0.08,0.03,0.15,0.9,0.1,-1.2,0.0,0,0,1,0,0.825,0.2
380,7,-1.0859242677688599,-0.045341361314058304,-2.997317314147949,4.5390727205293535,-2.1842589398182706,2,1,1,0.02,0.08,0.03,0.15,0.9,0.1,-1.2,0.0,0,0,1,0,0.825,0.2
381,0,0.5049258470535278,0.30818697810173035,-3.0816338062286377,2.1517073878990245,-0.1585813812447115,2,1,1,0.02,0.08,0.03,0.15,0.9,0.1,-1.2,0.0,0,0,1,0,0.825,0.2
381,1,-0.018352646380662918,0.2969311475753784,0.23761066794395447,-3.9810551066995368,4.4007273350954765,2,1,1,0.02,0.08,0.03,0.15,0.9,0.1,-1.2,0.0,0,0,1,0,0.825,0.2
381,2,0.04060325026512146,-0.17441555857658386,0.32785966992378235,1.018159535996061,1.0460171577189739,2,1,1,0.02,0.08,0.03,0.15,0.9,0.1,-1.2,0.0,0,0,1,0,0.825,0.2
381,3,1.0261465311050415,0.22125740349292755,0.14862485229969025,-3.6950016293776136,4.251599441560109,2,1,1,0.02,0.08,0.03,0.15,0.9,0.1,-1.2,0.0,0,0,1,0,0.825,0.2
381,4,-1.4031285047531128,0.4180331826210022,1.656702995300293,-5.065555585398861,4.61928944312076,0,0,0,0.02,0.08,0.03,0.15,0.9,0.1,-1.2,0.0,0,0,1,0,0.825,0.2
381,5,0.6298674941062927,-0.16627082228660583,-0.03811299055814743,3.6468276540065223,0.06111548745389682,2,1,1,0.02,0.08,0.03,0.15,0.9,0.1,-1.2,0.0,0,0,1,0,0.825,0.2
381,6,-0.5301464796066284,0.026310104876756668,2.162937879562378,4.471147050237479,-4.501213311312203,2,1,1,0.02,0.08,0.03,0.15,0.9,0.1,-1.2,0.0,0,0,1,0,0.825,0.2
381,7,-1.0877573490142822,-0.04542284458875656,2.984301805496216,4.552604699366068,-0.483287702607553,2,1,1,0.02,0.08,0.03,0.15,0.9,0.1,-1.2,0.0,0,0,1,0,0.825,0.2
382,0,0.5028767585754395,0.3081614077091217,3.1129205226898193,2.6246746640465792,-0.9539104400540087,2,1,1,0.02,0.08,0.03,0.15,0.9,0.1,-1.2,0.0,0,0,1,0,0.825,0.2
382,1,-0.018586503341794014,0.296781450510025,0.6174487471580505,-2.4769681426241004,4.310405853624544,2,1,1,0.02,0.08,0.03,0.15,0.9,0.1,-1.2,0.0,0,0,1,0,0.825,0.2
382,2,0.04393614083528519,-0.17350302636623383,0.21096549928188324,2.0499412407650968,0.17896161166109334,2,1,1,0.02,0.08,0.03,0.15,0.9,0.1,-1.2,0.0,0,0,1,0,0.825,0.2
382,3,1.0272412300109863,0.2215217649936676,0.36820274591445923,-3.5937319278824917,4.266737705329966,2,1,1,0.02,0.08,0.03,0.15,0.9,0.1,-1.2,0.0,0,0,1,0,0.825,0.2
382,4,-1.4037142992019653,0.4219369888305664,1.801621675491333,-6.28,3.8270179539795204,0,0,0,0.02,0.08,0.03,0.15,0.9,0.1,-1.2,0.0,0,0,1,0,0.825,0.2
382,5,0.6332315802574158,-0.166672483086586,-0.19239351153373718,3.5574667228137193,0.3302068637932601,2,1,1,0.02,0.08,0.03,0.15,0.9,0.1,-1.2,0.0,0,0,1,0,0.825,0.2
382,6,-0.5313664674758911,0.02848493494093418,1.9917278289794922,4.239684014194089,-3.404205839239421,2,1,1,0.02,0.08,0.03,0.15,0.9,0.1,-1.2,0.0,0,0,1,0,0.825,0.2
382,7,-1.0897136926651,-0.044744811952114105,2.6910204887390137,4.5912876677936785,0.7247044266434188,2,1,1,0.02,0.08,0.03,0.15,0.9,0.1,-1.2,0.0,0,0,1,0,0.825,0.2
383,0,0.5008747577667236,0.30830109119415283,3.032053232192993,3.2796273560485636,-2.100570623304474,2,1,1,0.02,0.08,0.03,0.15,0.9,0.1,-1.2,0.0,0,0,1,0,0.825,0.2
383,1,-0.018405573442578316,0.296963095664978,0.9559269547462463,-1.4907169634514552,4.413429824675395,2,1,1,0.02,0.08,0.03,0.15,0.9,0.1,-1.2,0.0,0,0,1,0,0.825,0.2
383,2,0.04623707756400108,-0.1730741411447525,0.19035877287387848,1.5828296116850333,0.782485557195839,2,1,1,0.02,0.08,0.03,0.15,0.9,0.1,-1.2,0.0,0,0,1,0,0.825,0.2
383,3,1.0278741121292114,0.22182218730449677,0.6387631893157959,-2.6198945929979365,4.0790354369629185,2,1,1,0.02,0.08,0.03,0.15,0.9,0.1,-1.2,0.0,0,0,1,0,0.825,0.2
383,4,-1.4037795066833496,0.4222516417503357,2.104858875274658,-6.28,3.2648650020271446,0,0,0,0.02,0.08,0.03,0.15,0.9,0.1,-1.2,0.0,0,0,1,0,0.825,0.2
383,5,0.6367472410202026,-0.1676023155450821,-0.32109689712524414,3.4448921626969717,0.376120751483784,2,1,1,0.02,0.08,0.03,0.15,0.9,0.1,-1.2,0.0,0,0,1,0,0.825,0.2
383,6,-0.5315812230110168,0.029011094942688942,1.6974821090698242,4.277870797397463,-2.8571488881234335,2,1,1,0.02,0.08,0.03,0.15,0.9,0.1,-1.2,0.0,0,0,1,0,0.825,0.2
383,7,-1.0929341316223145,-0.04276680201292038,2.468928337097168,4.694461154999682,0.9566489626316194,2,1,1,0.02,0.08,0.03,0.15,0.9,0.1,-1.2,0.0,0,0,1,0,0.825,0.2
384,0,0.499152272939682,0.3085756003856659,2.9150209426879883,4.163626884387098,-3.758355993326885,2,1,1,0.02,0.08,0.03,0.15,0.9,0.1,-1.2,0.0,0,0,1,0,0.825,0.2
384,1,-0.01771208830177784,0.29836761951446533,1.2559431791305542,-0.9995630687324706,4.482890566271361,2,1,1,0.02,0.08,0.03,0.15,0.9,0.1,-1.2,0.0,0,0,1,0,0.825,0.2
384,2,0.04839780926704407,-0.17270563542842865,0.1382209211587906,0.35924207815837306,1.995248053539942,2,1,1,0.02,0.08,0.03,0.15,0.9,0.1,-1.2,0.0,0,0,1,0,0.825,0.2
384,3,1.0283777713775635,0.22227677702903748,0.9176652431488037,-1.2324064870894387,3.801600454726484,2,1,1,0.02,0.08,0.03,0.15,0.9,0.1,-1.2,0.0,0,0,1,0,0.825,0.2
384,4,-1.4026013612747192,0.4208626449108124,2.477428436279297,-4.787544583741672,4.404169091307557,0,0,0,0.02,0.08,0.03,0.15,0.9,0.1,-1.2,0.0,0,0,1,0,0.825,0.2
384,5,0.6403213739395142,-0.1690317541360855,-0.43647027015686035,3.305868025699788,0.3043254131282027,2,1,1,0.02,0.08,0.03,0.15,0.9,0.1,-1.2,0.0,0,0,1,0,0.825,0.2
384,6,-0.5315480828285217,0.029302729293704033,1.3883312940597534,4.208663951957242,-1.820730832475444,2,1,1,0.02,0.08,0.03,0.15,0.9,0.1,-1.2,0.0,0,0,1,0,0.825,0.2
384,7,-1.0965702533721924,-0.039434950798749924,2.319365978240967,-5.837689248245613,5.29424670473302,2,1,1,0.02,0.08,0.03,0.15,0.9,0.1,-1.2,0.0,0,0,1,0,0.825,0.2
385,0,0.4979104995727539,0.3089473843574524,2.73783802986145,4.0947154880204755,-3.6229645827696957,2,1,1,0.02,0.08,0.03,0.15,0.9,0.1,-1.2,0.0,0,0,1,0,0.825,0.2
385,1,-0.01721051149070263,0.3007219433784485,1.497272253036499,-0.275618340842973,4.334038484703534,2,1,1,0.02,0.08,0.03,0.15,0.9,0.1,-1.2,0.0,0,0,1,0,0.825,0.2
385,2,0.05071939527988434,-0.17243777215480804,0.10267262905836105,-0.10127299556903449,2.458572648118501,2,1,1,0.02,0.08,0.03,0.15,0.9,0.1,-1.2,0.0,0,0,1,0,0.825,0.2
385,3,1.0289089679718018,0.22322197258472443,1.1696242094039917,-0.8693080127183154,3.986149715674063,2,1,1,0.02,0.08,0.03,0.15,0.9,0.1,-1.2,0.0,0,0,1,0,0.825,0.2
385,4,-1.4027725458145142,0.42088496685028076,2.745072364807129,-2.875201618590383,4.808975278416586,0,0,0,0.02,0.08,0.03,0.15,0.9,0.1,-1.2,0.0,0,0,1,0,0.825,0.2
385,5,0.643703281879425,-0.17083826661109924,-0.5450788736343384,3.140722367801103,0.17601668473300036,2,1,1,0.02,0.08,0.03,0.15,0.9,0.1,-1.2,0.0,0,0,1,0,0.825,0.2
385,6,-0.5313204526901245,0.029899483546614647,1.10947847366333,4.021325394821706,-0.6909885892670088,2,1,1,0.02,0.08,0.03,0.15,0.9,0.1,-1.2,0.0,0,0,1,0,0.825,0.2
385,7,-1.1000950336456299,-0.03512013331055641,2.187947988510132,-6.28,6.28,2,1,1,0.02,0.08,0.03,0.15,0.9,0.1,-1.2,0.0,0,0,1,0,0.825,0.2
386,0,0.4973503053188324,0.3092253506183624,2.473907470703125,4.488701664035992,-4.544414688394552,2,1,1,0.02,0.08,0.03,0.15,0.9,0.1,-1.2,0.0,0,0,1,0,0.825,0.2
386,1,-0.01730237528681755,0.30382633209228516,1.7006168365478516,0.06565420215126835,4.108089588530633,2,1,1,0.02,0.08,0.03,0.15,0.9,0.1,-1.2,0.0,0,0,1,0,0.825,0.2
386,2,0.053060755133628845,-0.17217791080474854,0.14304611086845398,-0.13085197783487162,2.5543601356497705,2,1,1,0.02,0.08,0.03,0.15,0.9,0.1,-1.2,0.0,0,0,1,0,0.825,0.2
386,3,1.0295720100402832,0.22538501024246216,1.3604035377502441,-0.20326001797278148,3.86354496373823,2,1,1,0.02,0.08,0.03,0.15,0.9,0.1,-1.2,0.0,0,0,1,0,0.825,0.2
386,4,-1.4049880504608154,0.42176714539527893,2.9535863399505615,-2.204444934576668,5.146148296055051,0,0,0,0.02,0.08,0.03,0.15,0.9,0.1,-1.2,0.0,0,0,1,0,0.825,0.2
386,5,0.6467272639274597,-0.1728886365890503,-0.6507881879806519,2.7282461651447565,0.8293154217679821,2,1,1,0.02,0.08,0.03,0.15,0.9,0.1,-1.2,0.0,0,0,1,0,0.825,0.2
386,6,-0.5303995013237,0.031226815655827522,0.87032550573349,3.931541396125413,0.04303274581656247,2,1,1,0.02,0.08,0.03,0.15,0.9,0.1,-1.2,0.0,0,0,1,0,0.825,0.2
386,7,-1.1004424095153809,-0.034418974071741104,2.4841747283935547,-6.005129079734464,5.367716169536003,2,1,1,0.02,0.08,0.03,0.15,0.9,0.1,-1.2,0.0,0,0,1,0,0.825,0.2
387,0,0.4965585470199585,0.310060977935791,2.174691915512085,4.39797443221972,-4.22037624899524,2,1,1,0.02,0.08,0.03,0.15,0.9,0.1,-1.2,0.0,0,0,1,0,0.825,0.2
387,1,-0.018141919746994972,0.3076176047325134,1.869651436805725,-0.12726147395526674,4.037672927725111,2,1,1,0.02,0.08,0.03,0.15,0.9,0.1,-1.2,0.0,0,0,1,0,0.825,0.2
387,2,0.05538126453757286,-0.1717633157968521,0.22661472856998444,-0.0027355427621958417,2.548155296461454,2,1,1,0.02,0.08,0.03,0.15,0.9,0.1,-1.2,0.0,0,0,1,0,0.825,0.2
387,3,1.0299509763717651,0.22837327420711517,1.5311827659606934,-0.21224252204610564,3.983047715472874,2,1,1,0.02,0.08,0.03,0.15,0.9,0.1,-1.2,0.0,0,0,1,0,0.825,0.2
387,4,-1.4064974784851074,0.4218524396419525,-3.049675464630127,-0.4923777840269136,5.792925959474123,0,0,0,0.02,0.08,0.03,0.15,0.9,0.1,-1.2,0.0,0,0,1,0,0.825,0.2
387,5,0.6493082046508789,-0.17506682872772217,-0.7550569176673889,2.582854941696411,0.19164208690384388,2,1,1,0.02,0.08,0.03,0.15,0.9,0.1,-1.2,0.0,0,0,1,0,0.825,0.2
387,6,-0.5284649133682251,0.03308011218905449,0.6804222464561462,3.9561400961267545,0.2898728494850386,2,1,1,0.02,0.08,0.03,0.15,0.9,0.1,-1.2,0.0,0,0,1,0,0.825,0.2
387,7,-1.1001099348068237,-0.034523215144872665,2.9331979751586914,-3.637201037728254,4.0532415220584,2,1,1,0.02,0.08,0.03,0.15,0.9,0.1,-1.2,0.0,0,0,1,0,0.825,0.2
388,0,0.4963621497154236,0.3103802502155304,1.8133172988891602,4.101267068138256,-3.3006224703715334,2,1,1,0.02,0.08,0.03,0.15,0.9,0.1,-1.2,0.0,0,0,1,0,0.825,0.2
388,1,-0.019648229703307152,0.311483234167099,2.0147435665130615,0.7337210845017965,3.4976776010999493,2,1,1,0.02,0.08,0.03,0.15,0.9,0.1,-1.2,0.0,0,0,1,0,0.825,0.2
388,2,0.057703323662281036,-0.1711205095052719,0.32026407122612,0.578830101815794,2.2050492765244374,2,1,1,0.02,0.08,0.03,0.15,0.9,0.1,-1.2,0.0,0,0,1,0,0.825,0.2
388,3,1.0298213958740234,0.23193112015724182,1.6790567636489868,-0.13400454612920615,3.9718975651050368,2,1,1,0.02,0.08,0.03,0.15,0.9,0.1,-1.2,0.0,0,0,1,0,0.825,0.2
388,4,-1.409186840057373,0.4212477505207062,-2.786059856414795,0.3353849316625107,5.931308866568323,0,0,0,0.02,0.08,0.03,0.15,0.9,0.1,-1.2,0.0,0,0,1,0,0.825,0.2
388,5,0.6517618298530579,-0.1775754690170288,-0.8290887475013733,2.413819463796981,-0.1958325820640398,2,1,1,0.02,0.08,0.03,0.15,0.9,0.1,-1.2,0.0,0,0,1,0,0.825,0.2
388,6,-0.5256015658378601,0.03503364324569702,0.5257537961006165,3.639295216275772,0.8086870060701403,2,1,1,0.02,0.08,0.03,0.15,0.9,0.1,-1.2,0.0,0,0,1,0,0.825,0.2
388,7,-1.100199580192566,-0.03455181419849396,3.1114838123321533,-2.5928651776344602,3.761186775030793,2,1,1,0.02,0.08,0.03,0.15,0.9,0.1,-1.2,0.0,0,0,1,0,0.825,0.2
389,0,0.4963490068912506,0.31048667430877686,1.4564005136489868,3.8938461376309386,-2.5071135581340602,2,1,1,0.02,0.08,0.03,0.15,0.9,0.1,-1.2,0.0,0,0,1,0,0.825,0.2
389,1,-0.021591855213046074,0.31493571400642395,2.159646987915039,0.5656372405141932,3.425576001049442,2,1,1,0.02,0.08,0.03,0.15,0.9,0.1,-1.2,0.0,0,0,1,0,0.825,0.2
389,2,0.06005639582872391,-0.17021730542182922,0.41095295548439026,1.3802854409854732,1.5113882595796688,2,1,1,0.02,0.08,0.03,0.15,0.9,0.1,-1.2,0.0,0,0,1,0,0.825,0.2
389,3,1.029150366783142,0.23563043773174286,1.8256447315216064,-0.7024612098735602,4.17722406190294,2,1,1,0.02,0.08,0.03,0.15,0.9,0.1,-1.2,0.0,0,0,1,0,0.825,0.2
389,4,-1.4136545658111572,0.4189392328262329,-2.551504373550415,-1.095520878063309,4.813435936199295,0,0,0,0.02,0.08,0.03,0.15,0.9,0.1,-1.2,0.0,0,0,1,0,0.825,0.2
389,5,0.6536604762077332,-0.17980846762657166,-0.909475564956665,1.6337077663291368,0.8868902164248192,2,1,1,0.02,0.08,0.03,0.15,0.9,0.1,-1.2,0.0,0,0,1,0,0.825,0.2
389,6,-0.522129237651825,0.036729469895362854,0.3845464885234833,3.210901617026496,1.1929780855729355,2,1,1,0.02,0.08,0.03,0.15,0.9,0.1,-1.2,0.0,0,0,1,0,0.825,0.2
389,7,-1.1009012460708618,-0.03453719988465309,-2.9661192893981934,-1.8266978671084537,3.8980316708105507,2,1,1,0.02,0.08,0.03,0.15,0.9,0.1,-1.2,0.0,0,0,1,0,0.825,0.2
390,0,0.4965497851371765,0.3111385703086853,1.132581353187561,4.045609271213814,-2.269676636694082,2,1,1,0.02,0.08,0.03,0.15,0.9,0.1,-1.2,0.0,0,0,1,0,0.825,0.2
390,1,-0.024102194234728813,0.3182574212551117,2.2661242485046387,1.1333763968750634,2.9783017753478616,2,1,1,0.02,0.08,0.03,0.15,0.9,0.1,-1.2,0.0,0,0,1,0,0.825,0.2
390,2,0.06249269098043442,-0.16904184222221375,0.4756316542625427,1.5924068741935824,1.3788898676062082,2,1,1,0.02,0.08,0.03,0.15,0.9,0.1,-1.2,0.0,0,0,1,0,0.825,0.2
390,3,1.027928352355957,0.23926611244678497,1.9705216884613037,-0.10907054733819838,3.9096173139702843,2,1,1,0.02,0.08,0.03,0.15,0.9,0.1,-1.2,0.0,0,0,1,0,0.825,0.2
390,4,-1.4187427759170532,0.41468459367752075,-2.3316822052001953,-6.28,4.342315989513829,0,0,0,0.02,0.08,0.03,0.15,0.9,0.1,-1.2,0.0,0,0,1,0,0.825,0.2
390,5,0.6550151109695435,-0.18170534074306488,-0.9995141625404358,1.6880926683080488,-0.0791098228320259,2,1,1,0.02,0.08,0.03,0.15,0.9,0.1,-1.2,0.0,0,0,1,0,0.825,0.2
390,6,-0.5180521011352539,0.0381050631403923,0.27612045407295227,3.534176978841355,0.5766517075492084,2,1,1,0.02,0.08,0.03,0.15,0.9,0.1,-1.2,0.0,0,0,1,0,0.825,0.2
390,7,-1.1015563011169434,-0.0347621887922287,-2.701171875,-1.0864647581148281,4.129225671548799,2,1,1,0.02,0.08,0.03,0.15,0.9,0.1,-1.2,0.0,0,0,1,0,0.825,0.2
391,0,0.49725544452667236,0.31219395995140076,0.8547025322914124,3.745578879297751,-1.3230034111335511,2,1,1,0.02,0.08,0.03,0.15,0.9,0.1,-1.2,0.0,0,0,1,0,0.825,0.2
391,1,-0.026836970821022987,0.32122376561164856,2.3655636310577393,0.9185298732532188,2.876094809165375,2,1,1,0.02,0.08,0.03,0.15,0.9,0.1,-1.2,0.0,0,0,1,0,0.825,0.2
391,2,0.06501948088407516,-0.16769051551818848,0.49072298407554626,1.0506446363769966,2.185162829967366,2,1,1,0.02,0.08,0.03,0.15,0.9,0.1,-1.2,0.0,0,0,1,0,0.825,0.2
391,3,1.0263018608093262,0.24243299663066864,2.1366708278656006,-0.14802496908212365,3.8755207221726775,2,1,1,0.02,0.08,0.03,0.15,0.9,0.1,-1.2,0.0,0,0,1,0,0.825,0.2
391,4,-1.421635627746582,0.41095951199531555,-2.110041856765747,-6.28,3.161925322355218,0,0,0,0.02,0.08,0.03,0.15,0.9,0.1,-1.2,0.0,0,0,1,0,0.825,0.2
391,5,0.6562862396240234,-0.1838102638721466,-1.0387146472930908,1.3534277610483196,-0.004011210904892367,2,1,1,0.02,0.08,0.03,0.15,0.9,0.1,-1.2,0.0,0,0,1,0,0.825,0.2
391,6,-0.5137762427330017,0.0391274020075798,0.19954949617385864,2.948613552811742,0.9353057196810276,2,1,1,0.02,0.08,0.03,0.15,0.9,0.1,-1.2,0.0,0,0,1,0,0.825,0.2
391,7,-1.1026915311813354,-0.03549148142337799,-2.4774484634399414,-0.2976966780266425,3.926488309747886,2,1,1,0.02,0.08,0.03,0.15,0.9,0.1,-1.2,0.0,0,0,1,0,0.825,0.2
392,0,0.4982536733150482,0.3130868971347809,0.6030988693237305,3.4638885888078037,-0.8015962400136061,2,1,1,0.02,0.08,0.03,0.15,0.9,0.1,-1.2,0.0,0,0,1,0,0.825,0.2
392,1,-0.02986111119389534,0.32396644353866577,2.4372591972351074,0.7723953818382489,2.7062927718332097,2,1,1,0.02,0.08,0.03,0.15,0.9,0.1,-1.2,0.0,0,0,1,0,0.825,0.2
392,2,0.06762410700321198,-0.16629770398139954,0.4855577349662781,0.8465896106596864,2.4876934780854647,2,1,1,0.02,0.08,0.03,0.15,0.9,0.1,-1.2,0.0,0,0,1,0,0.825,0.2
392,3,1.0240620374679565,0.2454313188791275,2.2839138507843018,-0.42972414605259196,3.8980359065748633,2,1,1,0.02,0.08,0.03,0.15,0.9,0.1,-1.2,0.0,0,0,1,0,0.825,0.2
392,4,-1.4217475652694702,0.4109254777431488,-1.7355916500091553,-6.2657941917755835,3.8271074931004287,0,0,0,0.02,0.08,0.03,0.15,0.9,0.1,-1.2,0.0,0,0,1,0,0.825,0.2
392,5,0.6571592092514038,-0.18537338078022003,-1.0935088396072388,0.3707720711985771,1.2605907825542373,2,1,1,0.02,0.08,0.03,0.15,0.9,0.1,-1.2,0.0,0,0,1,0,0.825,0.2
392,6,-0.5096643567085266,0.039777133613824844,0.10236895084381104,3.295482952286245,0.297842586193019,2,1,1,0.02,0.08,0.03,0.15,0.9,0.1,-1.2,0.0,0,0,1,0,0.825,0.2
392,7,-1.1043719053268433,-0.037141136825084686,-2.273899793624878,0.39995774357696395,3.704617429700023,2,1,1,0.02,0.08,0.03,0.15,0.9,0.1,-1.2,0.0,0,0,1,0,0.825,0.2
393,0,0.49983805418014526,0.31393155455589294,0.40027663111686707,3.902216885896765,-1.5042932703496383,2,1,1,0.02,0.08,0.03,0.15,0.9,0.1,-1.2,0.0,0,0,1,0,0.825,0.2
393,1,-0.032877977937459946,0.3263654410839081,2.50504469871521,1.544490742722517,2.095484937635436,2,1,1,0.02,0.08,0.03,0.15,0.9,0.1,-1.2,0.0,0,0,1,0,0.825,0.2
393,2,0.07042426615953445,-0.16478440165519714,0.5158856511116028,1.1266662147634412,2.257058539752189,2,1,1,0.02,0.08,0.03,0.15,0.9,0.1,-1.2,0.0,0,0,1,0,0.825,0.2
393,3,1.021417498588562,0.24808481335639954,2.4250526428222656,-0.7709350124384017,3.89636656811294,2,1,1,0.02,0.08,0.03,0.15,0.9,0.1,-1.2,0.0,0,0,1,0,0.825,0.2
393,4,-1.4218199253082275,0.413142591714859,-1.3527129888534546,-2.3579091280118405,5.250532381306128,0,0,0,0.02,0.08,0.03,0.15,0.9,0.1,-1.2,0.0,0,0,1,0,0.825,0.2
393,5,0.6577718257904053,-0.18663330376148224,-1.1439851522445679,-0.28409702245512664,2.0302548873417425,2,1,1,0.02,0.08,0.03,0.15,0.9,0.1,-1.2,0.0,0,0,1,0,0.825,0.2
393,6,-0.5057434439659119,0.04001746326684952,0.025300193578004837,3.826884779767259,-2.7247393016290835,2,1,1,0.02,0.08,0.03,0.15,0.9,0.1,-1.2,0.0,0,0,1,0,0.825,0.2
393,7,-1.1061508655548096,-0.03967791050672531,-2.1047027111053467,-0.9228714245039571,4.2254226871203,2,1,1,0.02,0.08,0.03,0.15,0.9,0.1,-1.2,0.0,0,0,1,0,0.825,0.2
394,0,0.5019295811653137,0.31460118293762207,0.23146553337574005,4.166028183280035,-2.3693673681187803,2,1,1,0.02,0.08,0.03,0.15,0.9,0.1,-1.2,0.0,0,0,1,0,0.825,0.2
394,1,-0.03579232841730118,0.32837605476379395,2.573009967803955,1.0614663942434908,2.0729040587406304,2,1,1,0.02,0.08,0.03,0.15,0.9,0.1,-1.2,0.0,0,0,1,0,0.825,0.2
394,2,0.07326769828796387,-0.1630784571170807,0.5699668526649475,0.8678404130348798,2.740063365963608,2,1,1,0.02,0.08,0.03,0.15,0.9,0.1,-1.2,0.0,0,0,1,0,0.825,0.2
394,3,1.018603801727295,0.2502071261405945,2.5748236179351807,-0.376984279671607,3.6361780288048275,2,1,1,0.02,0.08,0.03,0.15,0.9,0.1,-1.2,0.0,0,0,1,0,0.825,0.2
394,4,-1.4211128950119019,0.4121057391166687,-1.109048843383789,-0.9781764869978039,5.6366923860168985,0,0,0,0.02,0.08,0.03,0.15,0.9,0.1,-1.2,0.0,0,0,1,0,0.825,0.2
394,5,0.6584196090698242,-0.18806767463684082,-1.1284805536270142,-0.13315907990598258,1.5516945225355363,2,1,1,0.02,0.08,0.03,0.15,0.9,0.1,-1.2,0.0,0,0,1,0,0.825,0.2
394,6,-0.5020891427993774,0.03995153680443764,-0.07304928451776505,3.686523167671697,-2.528830584411987,2,1,1,0.02,0.08,0.03,0.15,0.9,0.1,-1.2,0.0,0,0,1,0,0.825,0.2
394,7,-1.1077911853790283,-0.04297187179327011,-1.97134530544281,-6.28,6.28,2,1,1,0.02,0.08,0.03,0.15,0.9,0.1,-1.2,0.0,0,0,1,0,0.825,0.2
395,0,0.5038806200027466,0.3148767352104187,0.03323054313659668,4.14478321892707,-2.4287233246562945,2,1,1,0.02,0.08,0.03,0.15,0.9,0.1,-1.2,0.0,0,0,1,0,0.825,0.2
395,1,-0.03886929899454117,0.33025380969047546,2.601983070373535,1.5731116791004265,1.5677315066229949,2,1,1,0.02,0.08,0.03,0.15,0.9,0.1,-1.2,0.0,0,0,1,0,0.825,0.2
395,2,0.07606442272663116,-0.1611901819705963,0.6132615804672241,1.2987227261738898,2.352907403495293,2,1,1,0.02,0.08,0.03,0.15,0.9,0.1,-1.2,0.0,0,0,1,0,0.825,0.2
395,3,1.0157846212387085,0.2517205476760864,2.7363576889038086,0.5044397956865853,3.0965743076289494,2,1,1,0.02,0.08,0.03,0.15,0.9,0.1,-1.2,0.0,0,0,1,0,0.825,0.2
395,4,-1.41938054561615,0.4092830419540405,-0.8354320526123047,-0.616498388720349,5.282674292713516,0,0,0,0.02,0.08,0.03,0.15,0.9,0.1,-1.2,0.0,0,0,1,0,0.825,0.2
395,5,0.6592031121253967,-0.18960261344909668,-1.0571926832199097,0.3201325507603912,0.8483135791398876,2,1,1,0.02,0.08,0.03,0.15,0.9,0.1,-1.2,0.0,0,0,1,0,0.825,0.2
395,6,-0.5003571510314941,0.03971514478325844,-0.2833121418952942,4.040953680929178,-2.505227623682617,2,1,1,0.02,0.08,0.03,0.15,0.9,0.1,-1.2,0.0,0,0,1,0,0.825,0.2
395,7,-1.1088556051254272,-0.04608719423413277,-1.7976042032241821,-6.28,5.934590432883456,2,1,1,0.02,0.08,0.03,0.15,0.9,0.1,-1.2,0.0,0,0,1,0,0.825,0.2
396,0,0.5052835941314697,0.3147721588611603,-0.20683695375919342,4.2406561966572305,-2.5267143587411844,2,1,1,0.02,0.08,0.03,0.15,0.9,0.1,-1.2,0.0,0,0,1,0,0.825,0.2
396,1,-0.04166755452752113,0.3318740129470825,2.634190797805786,1.6746301381604347,1.3203502062872021,2,1,1,0.02,0.08,0.03,0.15,0.9,0.1,-1.2,0.0,0,0,1,0,0.825,0.2
396,2,0.07892122119665146,-0.15905910730361938,0.6737783551216125,1.3059771120177417,2.556830803591721,2,1,1,0.02,0.08,0.03,0.15,0.9,0.1,-1.2,0.0,0,0,1,0,0.825,0.2
396,3,1.0127261877059937,0.2527771592140198,2.88177227973938,0.3133452875228556,3.1544020390781338,2,1,1,0.02,0.08,0.03,0.15,0.9,0.1,-1.2,0.0,0,0,1,0,0.825,0.2
396,4,-1.416144847869873,0.4066142737865448,-0.5545024871826172,-2.331991502307327,4.546639987267099,0,0,0,0.02,0.08,0.03,0.15,0.9,0.1,-1.2,0.0,0,0,1,0,0.825,0.2
396,5,0.6599739789962769,-0.19087061285972595,-0.993575930595398,0.5519564082204631,0.6873846123636442,2,1,1,0.02,0.08,0.03,0.15,0.9,0.1,-1.2,0.0,0,0,1,0,0.825,0.2
396,6,-0.49924930930137634,0.03919750079512596,-0.5381060242652893,3.8447008047481344,-1.5253815287681494,2,1,1,0.02,0.08,0.03,0.15,0.9,0.1,-1.2,0.0,0,0,1,0,0.825,0.2
396,7,-1.1089723110198975,-0.046425554901361465,-1.392903447151184,-5.109561020543719,4.542449814558553,2,1,1,0.02,0.08,0.03,0.15,0.9,0.1,-1.2,0.0,0,0,1,0,0.825,0.2
397,0,0.5063348412513733,0.31439489126205444,-0.459704726934433,4.351445698915079,-2.4537291963773056,2,1,1,0.02,0.08,0.03,0.15,0.9,0.1,-1.2,0.0,0,0,1,0,0.825,0.2
397,1,-0.04442278668284416,0.3333764374256134,2.641078233718872,2.5674744377927565,0.5180778112228569,2,1,1,0.02,0.08,0.03,0.15,0.9,0.1,-1.2,0.0,0,0,1,0,0.825,0.2
397,2,0.0817098319530487,-0.15671496093273163,0.7165176272392273,0.9485762931286598,3.1071442876249313,2,1,1,0.02,0.08,0.03,0.15,0.9,0.1,-1.2,0.0,0,0,1,0,0.825,0.2
397,3,1.009269118309021,0.25348877906799316,2.9823975563049316,-0.5454554695968176,3.4842535675866215,2,1,1,0.02,0.08,0.03,0.15,0.9,0.1,-1.2,0.0,0,0,1,0,0.825,0.2
397,4,-1.4122885465621948,0.40482059121131897,-0.318290114402771,-3.4553623544240373,4.369229908622799,0,0,0,0.02,0.08,0.03,0.15,0.9,0.1,-1.2,0.0,0,0,1,0,0.825,0.2
397,5,0.6606569886207581,-0.1918780356645584,-0.9669269919395447,0.6391484567369726,0.7401445081983286,2,1,1,0.02,0.08,0.03,0.15,0.9,0.1,-1.2,0.0,0,0,1,0,0.825,0.2
397,6,-0.4980924129486084,0.03828844055533409,-0.8141352534294128,3.6156000630882477,-0.4192464911035615,2,1,1,0.02,0.08,0.03,0.15,0.9,0.1,-1.2,0.0,0,0,1,0,0.825,0.2
397,7,-1.10902738571167,-0.046137746423482895,-0.9392583966255188,-2.4770468992453205,4.400579591381027,2,1,1,0.02,0.08,0.03,0.15,0.9,0.1,-1.2,0.0,0,0,1,0,0.825,0.2
398,0,0.5072289109230042,0.3137802481651306,-0.7185289263725281,4.317398808644144,-1.4179223361052369,2,1,1,0.02,0.08,0.03,0.15,0.9,0.1,-1.2,0.0,0,0,1,0,0.825,0.2
398,1,-0.04707208275794983,0.33483314514160156,2.631028652191162,3.039277027176789,-0.036556087415299914,2,1,1,0.02,0.08,0.03,0.15,0.9,0.1,-1.2,0.0,0,0,1,0,0.825,0.2
398,2,0.08453697711229324,-0.15414535999298096,0.7589915990829468,0.5877424066118178,3.4885161590214238,2,1,1,0.02,0.08,0.03,0.15,0.9,0.1,-1.2,0.0,0,0,1,0,0.825,0.2
398,3,1.005799412727356,0.253875195980072,3.0801076889038086,0.1506331185773509,3.086061367366824,2,1,1,0.02,0.08,0.03,0.15,0.9,0.1,-1.2,0.0,0,0,1,0,0.825,0.2
398,4,-1.410258173942566,0.40439727902412415,-0.06270778179168701,-3.1484164993450325,4.340753384372102,0,0,0,0.02,0.08,0.03,0.15,0.9,0.1,-1.2,0.0,0,0,1,0,0.825,0.2
398,5,0.6613591909408569,-0.19288092851638794,-0.9594319462776184,0.3549299239296135,1.8078445570796586,2,1,1,0.02,0.08,0.03,0.15,0.9,0.1,-1.2,0.0,0,0,1,0,0.825,0.2
398,6,-0.49681320786476135,0.03653427213430405,-1.0517430305480957,3.920834627452377,0.20278518249631922,2,1,1,0.02,0.08,0.03,0.15,0.9,0.1,-1.2,0.0,0,0,1,0,0.825,0.2
398,7,-1.1087594032287598,-0.04618202522397041,-0.9072348475456238,-2.2867800400181153,4.262778730702581,2,1,1,0.02,0.08,0.03,0.15,0.9,0.1,-1.2,0.0,0,0,1,0,0.825,0.2
399,0,0.508102297782898,0.3127446472644806,-0.9752058386802673,4.343661630041584,-0.5782964827551269,2,1,1,0.02,0.08,0.03,0.15,0.9,0.1,-1.2,0.0,0,0,1,0,0.825,0.2
399,1,-0.049717918038368225,0.33638718724250793,2.5709145069122314,3.5605671346833496,-0.706125550880168,2,1,1,0.02,0.08,0.03,0.15,0.9,0.1,-1.2,0.0,0,0,1,0,0.825,0.2
399,2,0.08736590296030045,-0.15129050612449646,0.828359067440033,1.2543259131596662,3.106448257725471,2,1,1,0.02,0.08,0.03,0.15,0.9,0.1,-1.2,0.0,0,0,1,0,0.825,0.2
399,3,1.0027530193328857,0.253888875246048,-3.0700008869171143,0.34127116089552373,2.960745005663668,2,1,1,0.02,0.08,0.03,0.15,0.9,0.1,-1.2,0.0,0,0,1,0,0.825,0.2
399,4,-1.4098129272460938,0.40444546937942505,0.23078006505966187,-2.2279413583896184,4.4041719346548485,0,0,0,0.02,0.08,0.03,0.15,0.9,0.1,-1.2,0.0,0,0,1,0,0.825,0.2
399,5,0.6621378660202026,-0.19398492574691772,-0.9556547999382019,0.31662246236399316,2.1834582145674317,2,1,1,0.02,0.08,0.03,0.15,0.9,0.1,-1.2,0.0,0,0,1,0,0.825,0.2
399,6,-0.49557575583457947,0.03377141058444977,-1.233200192451477,3.6093165598474632,1.0736691665350775,2,1,1,0.02,0.08,0.03,0.15,0.9,0.1,-1.2,0.0,0,0,1,0,0.825,0.2
399,7,-1.107405424118042,-0.04741737246513367,-0.6256771087646484,-0.7974529706949476,4.339168639787993,2,1,1,0.02,0.08,0.03,0.15,0.9,0.1,-1.2,0.0,0,0,1,0,0.825,0.2
400,0,0.5093125700950623,0.31046587228775024,-1.1907835006713867,4.58607384974577,-0.38330619699947743,2,1,1,0.02,0.08,0.03,0.15,0.9,0.1,-1.2,0.0,0,0,1,0,0.825,0.2
400,1,-0.05219117924571037,0.33813005685806274,2.469935894012451,3.7646827027132166,-0.9544123889874748,2,1,1,0.02,0.08,0.03,0.15,0.9,0.1,-1.2,0.0,0,0,1,0,0.825,0.2
400,2,0.09005388617515564,-0.1480794996023178,0.9288657903671265,1.085895497625017,3.433141375220404,2,1,1,0.02,0.08,0.03,0.15,0.9,0.1,-1.2,0.0,0,0,1,0,0.825,0.2
400,3,0.9995991587638855,0.25347471237182617,-2.9589080810546875,-0.28269203976646373,3.299795755621594,2,1,1,0.02,0.08,0.03,0.15,0.9,0.1,-1.2,0.0,0,0,1,0,0.825,0.2
400,4,-1.4094318151474,0.40464141964912415,0.5212525129318237,-1.6766092227836287,4.572058430505212,0,0,0,0.02,0.08,0.03,0.15,0.9,0.1,-1.2,0.0,0,0,1,0,0.825,0.2
400,5,0.6633224487304688,-0.19560430943965912,-0.9141587615013123,0.2773588900679216,2.8601907783138594,2,1,1,0.02,0.08,0.03,0.15,0.9,0.1,-1.2,0.0,0,0,1,0,0.825,0.2
400,6,-0.49462535977363586,0.030194973573088646,-1.3826408386230469,3.80028967491441,1.4552680719566495,2,1,1,0.02,0.08,0.03,0.15,0.9,0.1,-1.2,0.0,0,0,1,0,0.825,0.2
400,7,-1.1053968667984009,-0.04856261610984802,-0.38318419456481934,0.3657891154195861,4.471838847743085,2,1,1,0.02,0.08,0.03,0.15,0.9,0.1,-1.2,0.0,0,0,1,0,0.825,0.2
401,0,0.5104268193244934,0.306751549243927,-1.3842781782150269,4.6751841419749764,0.024465879663833,2,1,1,0.02,0.08,0.03,0.15,0.9,0.1,-1.2,0.0,0,0,1,0,0.825,0.2
401,1,-0.05434186011552811,0.3400701582431793,2.3281009197235107,4.031571062007378,-1.4083054720202877,2,1,1,0.02,0.08,0.03,0.15,0.9,0.1,-1.2,0.0,0,0,1,0,0.825,0.2
401,2,0.09258951246738434,-0.14435671269893646,1.008150339126587,1.811094850585412,2.9634750288709486,2,1,1,0.02,0.08,0.03,0.15,0.9,0.1,-1.2,0.0,0,0,1,0,0.825,0.2
401,3,0.9963967204093933,0.2527163624763489,-2.864699602127075,-1.2626542153256342,3.729951494903509,2,1,1,0.02,0.08,0.03,0.15,0.9,0.1,-1.2,0.0,0,0,1,0,0.825,0.2
401,4,-1.4083772897720337,0.4054940938949585,0.7821977734565735,-1.0133395225043849,4.604952326886865,0,0,0,0.02,0.08,0.03,0.15,0.9,0.1,-1.2,0.0,0,0,1,0,0.825,0.2
401,5,0.6648654937744141,-0.19748687744140625,-0.8515204787254333,0.6336779278165833,2.8948257160233206,2,1,1,0.02,0.08,0.03,0.15,0.9,0.1,-1.2,0.0,0,0,1,0,0.825,0.2
401,6,-0.4940653145313263,0.025926392525434494,-1.4884010553359985,3.6886188454513587,1.8361897349726028,2,1,1,0.02,0.08,0.03,0.15,0.9,0.1,-1.2,0.0,0,0,1,0,0.825,0.2
401,7,-1.1022844314575195,-0.04946216568350792,-0.19415144622325897,1.1143656606900358,4.751928372038297,2,1,1,0.02,0.08,0.03,0.15,0.9,0.1,-1.2,0.0,0,0,1,0,0.825,0.2
402,0,0.5108583569526672,0.3021758794784546,-1.5744496583938599,4.895052658150597,0.16057328256329564,2,1,1,0.02,0.08,0.03,0.15,0.9,0.1,-1.2,0.0,0,0,1,0,0.825,0.2
402,1,-0.05613316595554352,0.34226635098457336,2.165086269378662,3.9177816883222625,-1.0347494690322305,2,1,1,0.02,0.08,0.03,0.15,0.9,0.1,-1.2,0.0,0,0,1,0,0.825,0.2
402,2,0.09486830234527588,-0.14040884375572205,1.089419960975647,2.0608500054618646,2.8757047921306134,2,1,1,0.02,0.08,0.03,0.15,0.9,0.1,-1.2,0.0,0,0,1,0,0.825,0.2
402,3,0.99348384141922,0.2517179548740387,-2.745579957962036,-2.317882944513441,4.0886681452903115,2,1,1,0.02,0.08,0.03,0.15,0.9,0.1,-1.2,0.0,0,0,1,0,0.825,0.2
402,4,-1.4070428609848022,0.40720653533935547,1.0246915817260742,-0.5573861268717374,4.54784239554164,0,0,0,0.02,0.08,0.03,0.15,0.9,0.1,-1.2,0.0,0,0,1,0,0.825,0.2
402,5,0.6669424772262573,-0.1996704787015915,-0.765822172164917,0.6902590221275315,3.3694119599569583,2,1,1,0.02,0.08,0.03,0.15,0.9,0.1,-1.2,0.0,0,0,1,0,0.825,0.2
402,6,-0.49388816952705383,0.021018648520112038,-1.579537272453308,3.7100603702545754,2.0097202835984063,2,1,1,0.02,0.08,0.03,0.15,0.9,0.1,-1.2,0.0,0,0,1,0,0.825,0.2
402,7,-1.097731351852417,-0.04998764023184776,-0.04378053918480873,1.426775689164613,5.102627925994068,2,1,1,0.02,0.08,0.03,0.15,0.9,0.1,-1.2,0.0,0,0,1,0,0.825,0.2
403,0,0.5103940963745117,0.2971389591693878,-1.7554028034210205,4.034916717226884,0.1017532185767011,2,1,1,0.02,0.08,0.03,0.15,0.9,0.1,-1.2,0.0,0,0,1,0,0.825,0.2
403,1,-0.0574442483484745,0.34459811449050903,1.9786138534545898,3.672720207608926,-0.5332311497264801,2,1,1,0.02,0.08,0.03,0.15,0.9,0.1,-1.2,0.0,0,0,1,0,0.825,0.2
403,2,0.09693780541419983,-0.13613875210285187,1.1389766931533813,0.6880607167042113,2.4838319953710357,2,1,1,0.02,0.08,0.03,0.15,0.9,0.1,-1.2,0.0,0,0,1,0,0.825,0.2
403,3,0.9911665320396423,0.2505561113357544,-2.579679250717163,-2.3178635799578156,4.106483278916818,2,1,1,0.02,0.08,0.03,0.15,0.9,0.1,-1.2,0.0,0,0,1,0,0.825,0.2
403,4,-1.4058109521865845,0.4098894000053406,1.2460005283355713,-0.8888213954199257,4.41339571757626,0,0,0,0.02,0.08,0.03,0.15,0.9,0.1,-1.2,0.0,0,0,1,0,0.825,0.2
403,5,0.669532060623169,-0.20195719599723816,-0.6841291785240173,1.0129283798125779,3.4031766716207654,2,1,1,0.02,0.08,0.03,0.15,0.9,0.1,-1.2,0.0,0,0,1,0,0.825,0.2
403,6,-0.49414241313934326,0.015620545484125614,-1.6500288248062134,5.160576950454512,-6.28,2,1,1,0.02,0.08,0.03,0.15,0.9,0.1,-1.2,0.0,0,0,1,0,0.825,0.2
403,7,-1.0920720100402832,-0.04985703527927399,0.0867113396525383,1.7408849026364337,5.229708205482984,2,1,1,0.02,0.08,0.03,0.15,0.9,0.1,-1.2,0.0,0,0,1,0,0.825,0.2
404,0,0.5089351534843445,0.29189565777778625,-1.936658501625061,3.6580709530502658,0.6988406702253083,2,1,1,0.02,0.08,0.03,0.15,0.9,0.1,-1.2,0.0,0,0,1,0,0.825,0.2
404,1,-0.058342095464468,0.347293883562088,1.801044225692749,3.6946221117891738,-0.9086087345890503,2,1,1,0.02,0.08,0.03,0.15,0.9,0.1,-1.2,0.0,0,0,1,0,0.825,0.2
404,2,0.098909392952919,-0.13164910674095154,1.1698882579803467,1.1142912662607056,1.7083878221834867,2,1,1,0.02,0.08,0.03,0.15,0.9,0.1,-1.2,0.0,0,0,1,0,0.825,0.2
404,3,0.9896277189254761,0.24938741326332092,-2.363532304763794,-1.8000184339485945,3.883723449824411,2,1,1,0.02,0.08,0.03,0.15,0.9,0.1,-1.2,0.0,0,0,1,0,0.825,0.2
404,4,-1.4049725532531738,0.4137048125267029,1.4657950401306152,-1.4946015382206743,4.046953891191504,0,0,0,0.02,0.08,0.03,0.15,0.9,0.1,-1.2,0.0,0,0,1,0,0.825,0.2
404,5,0.6727076768875122,-0.20431888103485107,-0.59299236536026,1.446177692490536,3.299073135962126,2,1,1,0.02,0.08,0.03,0.15,0.9,0.1,-1.2,0.0,0,0,1,0,0.825,0.2
404,6,-0.4947664737701416,0.009975369088351727,-1.7106183767318726,-6.28,6.28,2,1,1,0.02,0.08,0.03,0.15,0.9,0.1,-1.2,0.0,0,0,1,0,0.825,0.2
404,7,-1.0857456922531128,-0.048899419605731964,0.21527177095413208,0.18737194373798816,4.577704932006676,2,1,1,0.02,0.08,0.03,0.15,0.9,0.1,-1.2,0.0,0,0,1,0,0.825,0.2
405,0,0.5070264935493469,0.28783684968948364,-2.0857226848602295,3.822069862662951,0.5155289644080997,2,1,1,0.02,0.08,0.03,0.15,0.9,0.1,-1.2,0.0,0,0,1,0,0.825,0.2
405,1,-0.05880482867360115,0.35035085678100586,1.6483054161071777,3.465829240970011,-0.5628896136750349,2,1,1,0.02,0.08,0.03,0.15,0.9,0.1,-1.2,0.0,0,0,1,0,0.825,0.2
405,2,0.10021375864744186,-0.12837465107440948,1.2259187698364258,0.4107608721785909,2.635393841301634,2,1,1,0.02,0.08,0.03,0.15,0.9,0.1,-1.2,0.0,0,0,1,0,0.825,0.2
405,3,0.9884738922119141,0.2479982227087021,-2.136928081512451,-1.6845564937116912,3.6805829692298,2,1,1,0.02,0.08,0.03,0.15,0.9,0.1,-1.2,0.0,0,0,1,0,0.825,0.2
405,4,-1.404964804649353,0.41736340522766113,1.6873483657836914,-5.59029917974501,4.583185632196415,0,0,0,0.02,0.08,0.03,0.15,0.9,0.1,-1.2,0.0,0,0,1,0,0.825,0.2
405,5,0.6764179468154907,-0.2065861076116562,-0.5070648789405823,2.01905188736369,2.8111734570941214,2,1,1,0.02,0.08,0.03,0.15,0.9,0.1,-1.2,0.0,0,0,1,0,0.825,0.2
405,6,-0.494507759809494,0.010091236792504787,-2.061426877975464,5.615981406198886,-6.28,2,1,1,0.02,0.08,0.03,0.15,0.9,0.1,-1.2,0.0,0,0,1,0,0.825,0.2
405,7,-1.079122543334961,-0.04701497033238411,0.3390211760997772,0.2054903274110731,4.751381798941118,2,1,1,0.02,0.08,0.03,0.15,0.9,0.1,-1.2,0.0,0,0,1,0,0.825,0.2
406,0,0.5046918988227844,0.28422221541404724,-2.1958417892456055,3.5915381113601508,0.7608055241160027,2,1,1,0.02,0.08,0.03,0.15,0.9,0.1,-1.2,0.0,0,0,1,0,0.825,0.2
406,1,-0.05881722643971443,0.35320916771888733,1.4896717071533203,2.97911592111904,0.39943176083566156,2,1,1,0.02,0.08,0.03,0.15,0.9,0.1,-1.2,0.0,0,0,1,0,0.825,0.2
406,2,0.10113838315010071,-0.1256343275308609,1.2551323175430298,-0.17397553544566055,3.1479523971005388,2,1,1,0.02,0.08,0.03,0.15,0.9,0.1,-1.2,0.0,0,0,1,0,0.825,0.2
406,3,0.9875541925430298,0.24618107080459595,-1.9318366050720215,-1.1975979653358046,3.1865298424955557,2,1,1,0.02,0.08,0.03,0.15,0.9,0.1,-1.2,0.0,0,0,1,0,0.825,0.2
406,4,-1.4056426286697388,0.42047232389450073,1.9017618894577026,-6.28,3.78214622095986,0,0,0,0.02,0.08,0.03,0.15,0.9,0.1,-1.2,0.0,0,0,1,0,0.825,0.2
406,5,0.6806042790412903,-0.20870965719223022,-0.43783503770828247,2.0428562028736814,2.875705038602838,2,1,1,0.02,0.08,0.03,0.15,0.9,0.1,-1.2,0.0,0,0,1,0,0.825,0.2
406,6,-0.49439388513565063,0.010279109701514244,-1.7763266563415527,-6.28,6.28,2,1,1,0.02,0.08,0.03,0.15,0.9,0.1,-1.2,0.0,0,0,1,0,0.825,0.2
406,7,-1.074331521987915,-0.04496766999363899,0.4866200387477875,0.6484230362520219,4.7981349981329,2,1,1,0.02,0.08,0.03,0.15,0.9,0.1,-1.2,0.0,0,0,1,0,0.825,0.2
407,0,0.501966118812561,0.2808510363101959,-2.3091022968292236,3.608836733574863,0.24444736535829195,2,1,1,0.02,0.08,0.03,0.15,0.9,0.1,-1.2,0.0,0,0,1,0,0.825,0.2
407,1,-0.05837487801909447,0.35605037212371826,1.3433306217193604,2.6727868405889943,0.9179115955777479,2,1,1,0.02,0.08,0.03,0.15,0.9,0.1,-1.2,0.0,0,0,1,0,0.825,0.2
407,2,0.10199464112520218,-0.12275677174329758,1.321711540222168,-0.9723890137076027,3.675323541386058,2,1,1,0.02,0.08,0.03,0.15,0.9,0.1,-1.2,0.0,0,0,1,0,0.825,0.2
407,3,0.9870151281356812,0.24423553049564362,-1.7414134740829468,0.1557438940905948,1.8886172157561938,2,1,1,0.02,0.08,0.03,0.15,0.9,0.1,-1.2,0.0,0,0,1,0,0.825,0.2
407,4,-1.4058408737182617,0.42100080847740173,2.2595198154449463,-6.28,3.6868342010360067,0,0,0,0.02,0.08,0.03,0.15,0.9,0.1,-1.2,0.0,0,0,1,0,0.825,0.2
407,5,0.6850179433822632,-0.21065044403076172,-0.40184929966926575,2.2143021610633773,2.5539305415540365,2,1,1,0.02,0.08,0.03,0.15,0.9,0.1,-1.2,0.0,0,0,1,0,0.825,0.2
407,6,-0.49429142475128174,0.010692154988646507,-2.0342626571655273,6.28,-6.28,2,1,1,0.02,0.08,0.03,0.15,0.9,0.1,-1.2,0.0,0,0,1,0,0.825,0.2
407,7,-1.0701738595962524,-0.04232407361268997,0.6451042294502258,1.2841502631169188,4.753854333781283,2,1,1,0.02,0.08,0.03,0.15,0.9,0.1,-1.2,0.0,0,0,1,0,0.825,0.2
408,0,0.4988757073879242,0.2777937948703766,-2.4115872383117676,3.4667258486644883,-0.20702630443018044,2,1,1,0.02,0.08,0.03,0.15,0.9,0.1,-1.2,0.0,0,0,1,0,0.825,0.2
408,1,-0.057452719658613205,0.35920092463493347,1.2427226305007935,2.3396761964531594,1.4201420735931094,2,1,1,0.02,0.08,0.03,0.15,0.9,0.1,-1.2,0.0,0,0,1,0,0.825,0.2
408,2,0.10258675366640091,-0.11982247233390808,1.4306881427764893,-0.39729115401859577,3.3168356063966966,2,1,1,0.02,0.08,0.03,0.15,0.9,0.1,-1.2,0.0,0,0,1,0,0.825,0.2
408,3,0.9868279695510864,0.24225491285324097,-1.5811200141906738,1.3635898312511692,0.572437206367883,2,1,1,0.02,0.08,0.03,0.15,0.9,0.1,-1.2,0.0,0,0,1,0,0.825,0.2
408,4,-1.4052107334136963,0.42045509815216064,2.619539260864258,-4.848903253595867,4.370811413134475,0,0,0,0.02,0.08,0.03,0.15,0.9,0.1,-1.2,0.0,0,0,1,0,0.825,0.2
408,5,0.6895548105239868,-0.21249815821647644,-0.3729363977909088,2.3046999879608623,2.2514764585469274,2,1,1,0.02,0.08,0.03,0.15,0.9,0.1,-1.2,0.0,0,0,1,0,0.825,0.2
408,6,-0.49418288469314575,0.010789496824145317,-1.7467900514602661,-6.28,6.28,2,1,1,0.02,0.08,0.03,0.15,0.9,0.1,-1.2,0.0,0,0,1,0,0.825,0.2
408,7,-1.0661492347717285,-0.03879208117723465,0.7935264706611633,1.9771509761328645,4.489264225303467,2,1,1,0.02,0.08,0.03,0.15,0.9,0.1,-1.2,0.0,0,0,1,0,0.825,0.2
409,0,0.4957962930202484,0.27531343698501587,-2.525757074356079,3.2631974900109397,-0.5652942744743412,2,1,1,0.02,0.08,0.03,0.15,0.9,0.1,-1.2,0.0,0,0,1,0,0.825,0.2
409,1,-0.05618342012166977,0.36250922083854675,1.1756551265716553,1.8662079776421847,2.0526943993874784,2,1,1,0.02,0.08,0.03,0.15,0.9,0.1,-1.2,0.0,0,0,1,0,0.825,0.2
409,2,0.10278257727622986,-0.1170615404844284,1.5848097801208496,-0.395705380734105,3.357226680658654,2,1,1,0.02,0.08,0.03,0.15,0.9,0.1,-1.2,0.0,0,0,1,0,0.825,0.2
409,3,0.9869097471237183,0.2402297705411911,-1.4999456405639648,1.346477383384005,0.4469759147761407,2,1,1,0.02,0.08,0.03,0.15,0.9,0.1,-1.2,0.0,0,0,1,0,0.825,0.2
409,4,-1.4086929559707642,0.4225367605686188,2.7388100624084473,-5.648945846901448,4.037994662786227,0,0,0,0.02,0.08,0.03,0.15,0.9,0.1,-1.2,0.0,0,0,1,0,0.825,0.2
409,5,0.694015383720398,-0.21419131755828857,-0.35673418641090393,2.5446167546689975,1.434229814388238,2,1,1,0.02,0.08,0.03,0.15,0.9,0.1,-1.2,0.0,0,0,1,0,0.825,0.2
409,6,-0.49411413073539734,0.010777735151350498,-2.0218844413757324,-6.28,6.28,2,1,1,0.02,0.08,0.03,0.15,0.9,0.1,-1.2,0.0,0,0,1,0,0.825,0.2
409,7,-1.0622844696044922,-0.03430410847067833,0.9199889898300171,4.051526416840301,-3.1168705107784116,2,1,1,0.02,0.08,0.03,0.15,0.9,0.1,-1.2,0.0,0,0,1,0,0.825,0.2
410,0,0.4929252564907074,0.27352550625801086,-2.652428150177002,3.1605575283275495,-1.122968886259097,2,1,1,0.02,0.08,0.03,0.15,0.9,0.1,-1.2,0.0,0,0,1,0,0.825,0.2
410,1,-0.054671674966812134,0.3659089207649231,1.137730598449707,1.2584035968235496,2.696561483873117,2,1,1,0.02,0.08,0.03,0.15,0.9,0.1,-1.2,0.0,0,0,1,0,0.825,0.2
410,2,0.1025398001074791,-0.11423385143280029,1.7235199213027954,0.36008858823119405,2.0421273893136043,2,1,1,0.02,0.08,0.03,0.15,0.9,0.1,-1.2,0.0,0,0,1,0,0.825,0.2
410,3,0.9870645403862,0.23828648030757904,-1.510618805885315,0.6425650021307128,0.8670338633370813,2,1,1,0.02,0.08,0.03,0.15,0.9,0.1,-1.2,0.0,0,0,1,0,0.825,0.2
410,4,-1.4100525379180908,0.4229927659034729,3.0233404636383057,-3.5153100957669623,4.845885041259815,0,0,0,0.02,0.08,0.03,0.15,0.9,0.1,-1.2,0.0,0,0,1,0,0.825,0.2
410,5,0.6983254551887512,-0.2157830446958542,-0.3558312952518463,3.345639473983627,-2.261909692795358,2,1,1,0.02,0.08,0.03,0.15,0.9,0.1,-1.2,0.0,0,0,1,0,0.825,0.2
410,6,-0.4940410256385803,0.010780609212815762,-1.7371472120285034,-6.28,4.968305559087157,2,1,1,0.02,0.08,0.03,0.15,0.9,0.1,-1.2,0.0,0,0,1,0,0.825,0.2
410,7,-1.0586873292922974,-0.029032688587903976,1.0147894620895386,3.6935473025373975,-2.8834842511221184,2,1,1,0.02,0.08,0.03,0.15,0.9,0.1,-1.2,0.0,0,0,1,0,0.825,0.2
411,0,0.4903627932071686,0.2723635137081146,-2.785651445388794,3.273453343052726,-1.9236428582559633,2,1,1,0.02,0.08,0.03,0.15,0.9,0.1,-1.2,0.0,0,0,1,0,0.825,0.2
411,1,-0.05302000790834427,0.36942124366760254,1.1367377042770386,0.6823618583506849,3.153744409153055,2,1,1,0.02,0.08,0.03,0.15,0.9,0.1,-1.2,0.0,0,0,1,0,0.825,0.2
411,2,0.10189668834209442,-0.11136460304260254,1.8555662631988525,-0.0687543496649982,2.308281742373909,2,1,1,0.02,0.08,0.03,0.15,0.9,0.1,-1.2,0.0,0,0,1,0,0.825,0.2
411,3,0.9871534705162048,0.23647058010101318,-1.5416704416275024,-0.050257804662174034,1.2378611747635475,2,1,1,0.02,0.08,0.03,0.15,0.9,0.1,-1.2,0.0,0,0,1,0,0.825,0.2
411,4,-1.4097827672958374,0.4229632616043091,-2.94216251373291,0.02169991142204064,6.28,0,0,0,0.02,0.08,0.03,0.15,0.9,0.1,-1.2,0.0,0,0,1,0,0.825,0.2
411,5,0.7022171020507812,-0.21727405488491058,-0.390015184879303,3.3720525210968244,-2.3300510648704447,2,1,1,0.02,0.08,0.03,0.15,0.9,0.1,-1.2,0.0,0,0,1,0,0.825,0.2
411,6,-0.4939952492713928,0.01078205555677414,-1.5549752712249756,-6.28,4.75307949890837,2,1,1,0.02,0.08,0.03,0.15,0.9,0.1,-1.2,0.0,0,0,1,0,0.825,0.2
411,7,-1.0576385259628296,-0.027317773550748825,0.8294323086738586,3.6511209820411294,-2.5074176117443305,2,1,1,0.02,0.08,0.03,0.15,0.9,0.1,-1.2,0.0,0,0,1,0,0.825,0.2
412,0,0.4882793426513672,0.2717483937740326,-2.9327847957611084,3.508682537445149,-2.6117689382222506,2,1,1,0.02,0.08,0.03,0.15,0.9,0.1,-1.2,0.0,0,0,1,0,0.825,0.2
412,1,-0.05141179636120796,0.3730235993862152,1.1786174774169922,0.5575625019080797,3.181742954713301,2,1,1,0.02,0.08,0.03,0.15,0.9,0.1,-1.2,0.0,0,0,1,0,0.825,0.2
412,2,0.10108108818531036,-0.10899410396814346,1.9290003776550293,-0.7826991457052617,2.8798598719806145,2,1,1,0.02,0.08,0.03,0.15,0.9,0.1,-1.2,0.0,0,0,1,0,0.825,0.2
412,3,0.9871917366981506,0.2349064201116562,-1.5417423248291016,-1.8816846116885766,2.7022954725488515,2,1,1,0.02,0.08,0.03,0.15,0.9,0.1,-1.2,0.0,0,0,1,0,0.825,0.2
412,4,-1.4110249280929565,0.42262697219848633,-2.6548850536346436,2.168039109716905,6.28,0,0,0,0.02,0.08,0.03,0.15,0.9,0.1,-1.2,0.0,0,0,1,0,0.825,0.2
412,5,0.7039133310317993,-0.21805119514465332,-0.562527060508728,2.9410090890358496,-1.4756833208167806,2,1,1,0.02,0.08,0.03,0.15,0.9,0.1,-1.2,0.0,0,0,1,0,0.825,0.2
412,6,-0.4939836263656616,0.01046531181782484,-1.5394436120986938,-6.28,4.726198295549945,2,1,1,0.02,0.08,0.03,0.15,0.9,0.1,-1.2,0.0,0,0,1,0,0.825,0.2
412,7,-1.057010531425476,-0.026744697242975235,0.5922620892524719,3.2406665424586834,-1.6336029690261809,2,1,1,0.02,0.08,0.03,0.15,0.9,0.1,-1.2,0.0,0,0,1,0,0.825,0.2
413,0,0.486801415681839,0.27155786752700806,-3.108952045440674,3.8784661289434292,-3.3358352800895523,2,1,1,0.02,0.08,0.03,0.15,0.9,0.1,-1.2,0.0,0,0,1,0,0.825,0.2
413,1,-0.0500556081533432,0.3766404390335083,1.2582823038101196,-0.08280333971187916,3.5959582332732496,2,1,1,0.02,0.08,0.03,0.15,0.9,0.1,-1.2,0.0,0,0,1,0,0.825,0.2
413,2,0.10021025687456131,-0.10689939558506012,2.0073602199554443,-1.3038829493105333,3.280072121260881,2,1,1,0.02,0.08,0.03,0.15,0.9,0.1,-1.2,0.0,0,0,1,0,0.825,0.2
413,3,0.9872409701347351,0.233656108379364,-1.5040042400360107,-2.033155515847786,2.7579712574924917,2,1,1,0.02,0.08,0.03,0.15,0.9,0.1,-1.2,0.0,0,0,1,0,0.825,0.2
413,4,-1.4139665365219116,0.4205206632614136,-2.4474546909332275,1.5738298083791988,5.880325513603296,0,0,0,0.02,0.08,0.03,0.15,0.9,0.1,-1.2,0.0,0,0,1,0,0.825,0.2
413,5,0.7049810290336609,-0.21898594498634338,-0.7786912322044373,2.49474891219367,-0.7730577628422649,2,1,1,0.02,0.08,0.03,0.15,0.9,0.1,-1.2,0.0,0,0,1,0,0.825,0.2
413,6,-0.4939385652542114,0.010818547569215298,-1.1894359588623047,-6.28,4.211325302782308,2,1,1,0.02,0.08,0.03,0.15,0.9,0.1,-1.2,0.0,0,0,1,0,0.825,0.2
413,7,-1.0558512210845947,-0.02611970715224743,0.36446666717529297,3.375246856996612,-1.1728758096801886,2,1,1,0.02,0.08,0.03,0.15,0.9,0.1,-1.2,0.0,0,0,1,0,0.825,0.2
414,0,0.4857965409755707,0.2716113328933716,2.964843273162842,4.270070861150589,-4.051310057808722,2,1,1,0.02,0.08,0.03,0.15,0.9,0.1,-1.2,0.0,0,0,1,0,0.825,0.2
414,1,-0.04904943332076073,0.38026726245880127,1.3494852781295776,-0.6467364253714954,3.854296889463947,2,1,1,0.02,0.08,0.03,0.15,0.9,0.1,-1.2,0.0,0,0,1,0,0.825,0.2
414,2,0.09921389818191528,-0.10502175986766815,2.127002477645874,-2.3414015652186837,3.8785699645320895,2,1,1,0.02,0.08,0.03,0.15,0.9,0.1,-1.2,0.0,0,0,1,0,0.825,0.2
414,3,0.9873355031013489,0.23275728523731232,-1.365753412246704,-0.9056990885812308,1.837597779716462,2,1,1,0.02,0.08,0.03,0.15,0.9,0.1,-1.2,0.0,0,0,1,0,0.825,0.2
414,4,-1.4176970720291138,0.41725459694862366,-2.369807004928589,-2.687590392756703,4.59119756289862,0,0,0,0.02,0.08,0.03,0.15,0.9,0.1,-1.2,0.0,0,0,1,0,0.825,0.2
414,5,0.7059577107429504,-0.22004833817481995,-0.9703606367111206,3.584603876108783,-2.3574983081221244,2,1,1,0.02,0.08,0.03,0.15,0.9,0.1,-1.2,0.0,0,0,1,0,0.825,0.2
414,6,-0.4922912120819092,0.007526117376983166,-0.9787197709083557,-6.28,4.102025746720494,2,1,1,0.02,0.08,0.03,0.15,0.9,0.1,-1.2,0.0,0,0,1,0,0.825,0.2
414,7,-1.0539751052856445,-0.025628816336393356,0.16450996696949005,3.047962496502942,-0.40335977723336447,2,1,1,0.02,0.08,0.03,0.15,0.9,0.1,-1.2,0.0,0,0,1,0,0.825,0.2
415,0,0.48514702916145325,0.27177876234054565,2.7163469791412354,4.488015588028631,-4.5244107205702875,2,1,1,0.02,0.08,0.03,0.15,0.9,0.1,-1.2,0.0,0,0,1,0,0.825,0.2
415,1,-0.0484500452876091,0.3837820291519165,1.47139310836792,-0.41308729634175756,3.7153099817899777,2,1,1,0.02,0.08,0.03,0.15,0.9,0.1,-1.2,0.0,0,0,1,0,0.825,0.2
415,2,0.0980410948395729,-0.10339910537004471,2.281867265701294,-4.5499813215905505,4.507000794360459,2,1,1,0.02,0.08,0.03,0.15,0.9,0.1,-1.2,0.0,0,0,1,0,0.825,0.2
415,3,0.9875383377075195,0.23201508820056915,-1.1977874040603638,-1.3317017219017409,2.432247042814205,2,1,1,0.02,0.08,0.03,0.15,0.9,0.1,-1.2,0.0,0,0,1,0,0.825,0.2
415,4,-1.4228235483169556,0.41157057881355286,-2.220099925994873,-6.28,2.798634437329713,0,0,0,0.02,0.08,0.03,0.15,0.9,0.1,-1.2,0.0,0,0,1,0,0.825,0.2
415,5,0.706734299659729,-0.22127895057201385,-1.1051833629608154,3.3923194589717847,-2.080479173037336,2,1,1,0.02,0.08,0.03,0.15,0.9,0.1,-1.2,0.0,0,0,1,0,0.825,0.2
415,6,-0.49099019169807434,0.0059211174957454205,-0.7491240501403809,-6.28,4.025974675572599,2,1,1,0.02,0.08,0.03,0.15,0.9,0.1,-1.2,0.0,0,0,1,0,0.825,0.2
415,7,-1.0514581203460693,-0.025438958778977394,-0.012302872724831104,2.400179949429584,0.3542184101070787,2,1,1,0.02,0.08,0.03,0.15,0.9,0.1,-1.2,0.0,0,0,1,0,0.825,0.2
416,0,0.4847785234451294,0.2719755172729492,2.425602912902832,4.494886520096753,-4.562936572354801,2,1,1,0.02,0.08,0.03,0.15,0.9,0.1,-1.2,0.0,0,0,1,0,0.825,0.2
416,1,-0.04834474250674248,0.38705897331237793,1.6239042282104492,-0.9546305801566307,3.8978951263169344,2,1,1,0.02,0.08,0.03,0.15,0.9,0.1,-1.2,0.0,0,0,1,0,0.825,0.2
416,2,0.09686987847089767,-0.10226977616548538,2.489619255065918,-5.718478259207595,4.930698374072103,2,1,1,0.02,0.08,0.03,0.15,0.9,0.1,-1.2,0.0,0,0,1,0,0.825,0.2
416,3,0.9879150986671448,0.23119962215423584,-1.0867270231246948,-2.656822738999308,3.5626053426413957,2,1,1,0.02,0.08,0.03,0.15,0.9,0.1,-1.2,0.0,0,0,1,0,0.825,0.2
416,4,-1.424516201019287,0.408937931060791,-1.9817982912063599,-6.28,2.6940218154434485,0,0,0,0.02,0.08,0.03,0.15,0.9,0.1,-1.2,0.0,0,0,1,0,0.825,0.2
416,5,0.7071752548217773,-0.22238881886005402,-1.2995599508285522,3.4923286288117557,-2.2357143436399207,2,1,1,0.02,0.08,0.03,0.15,0.9,0.1,-1.2,0.0,0,0,1,0,0.825,0.2
416,6,-0.48879432678222656,0.0044134496711194515,-0.5534362196922302,-5.889473069307674,4.164063494640639,2,1,1,0.02,0.08,0.03,0.15,0.9,0.1,-1.2,0.0,0,0,1,0,0.825,0.2
416,7,-1.0485879182815552,-0.025687502697110176,-0.15377220511436462,2.373488998244248,0.7035215378197485,2,1,1,0.02,0.08,0.03,0.15,0.9,0.1,-1.2,0.0,0,0,1,0,0.825,0.2
417,0,0.4842299222946167,0.2725907862186432,2.0828216075897217,4.509806235147319,-4.678174530934874,2,1,1,0.02,0.08,0.03,0.15,0.9,0.1,-1.2,0.0,0,0,1,0,0.825,0.2
417,1,-0.048758380115032196,0.39030444622039795,1.7726025581359863,-1.5715199715057095,4.002329300667115,2,1,1,0.02,0.08,0.03,0.15,0.9,0.1,-1.2,0.0,0,0,1,0,0.825,0.2
417,2,0.096839040517807,-0.10221437364816666,2.8018901348114014,-5.22270459793869,4.756528102503183,2,1,1,0.02,0.08,0.03,0.15,0.9,0.1,-1.2,0.0,0,0,1,0,0.825,0.2
417,3,0.988471508026123,0.23028375208377838,-0.9616115689277649,-2.4859768421265054,3.5663481754655044,2,1,1,0.02,0.08,0.03,0.15,0.9,0.1,-1.2,0.0,0,0,1,0,0.825,0.2
417,4,-1.4239704608917236,0.41117167472839355,-1.6362158060073853,-3.8051279523920165,4.7323537974143335,0,0,0,0.02,0.08,0.03,0.15,0.9,0.1,-1.2,0.0,0,0,1,0,0.825,0.2
417,5,0.7073063850402832,-0.22320620715618134,-1.5117772817611694,3.89719201844595,-2.8354878483453354,2,1,1,0.02,0.08,0.03,0.15,0.9,0.1,-1.2,0.0,0,0,1,0,0.825,0.2
417,6,-0.4872836172580719,0.0037458392325788736,-0.3280875086784363,-4.737887532744483,4.3989177283979215,2,1,1,0.02,0.08,0.03,0.15,0.9,0.1,-1.2,0.0,0,0,1,0,0.825,0.2
417,7,-1.0457040071487427,-0.02628326043486595,-0.24237875640392303,2.850430109873378,0.5582986395009547,2,1,1,0.02,0.08,0.03,0.15,0.9,0.1,-1.2,0.0,0,0,1,0,0.825,0.2
418,0,0.48395949602127075,0.27331486344337463,1.73335599899292,4.455309626832262,-4.401731071248308,2,1,1,0.02,0.08,0.03,0.15,0.9,0.1,-1.2,0.0,0,0,1,0,0.825,0.2
418,1,-0.04958736523985863,0.39322221279144287,1.9386296272277832,-1.565176190942021,3.903890178973762,2,1,1,0.02,0.08,0.03,0.15,0.9,0.1,-1.2,0.0,0,0,1,0,0.825,0.2
418,2,0.09746795147657394,-0.10230067372322083,-3.073362350463867,-3.099329505204857,3.8959696779485,2,1,1,0.02,0.08,0.03,0.15,0.9,0.1,-1.2,0.0,0,0,1,0,0.825,0.2
418,3,0.9890803098678589,0.2295442521572113,-0.7596657276153564,-1.608506883528225,3.2154434289962923,2,1,1,0.02,0.08,0.03,0.15,0.9,0.1,-1.2,0.0,0,0,1,0,0.825,0.2
418,4,-1.4243104457855225,0.4142618775367737,-1.2732298374176025,1.6402249137476432,6.28,0,0,0,0.02,0.08,0.03,0.15,0.9,0.1,-1.2,0.0,0,0,1,0,0.825,0.2
418,5,0.7072700262069702,-0.22396861016750336,-1.7290701866149902,3.4857125795116466,-2.0054049747029032,2,1,1,0.02,0.08,0.03,0.15,0.9,0.1,-1.2,0.0,0,0,1,0,0.825,0.2
418,6,-0.48574352264404297,0.003485140623524785,-0.056454334408044815,-3.0024753749559325,4.834879943694198,2,1,1,0.02,0.08,0.03,0.15,0.9,0.1,-1.2,0.0,0,0,1,0,0.825,0.2
418,7,-1.042730450630188,-0.027128146961331367,-0.30614960193634033,2.954823222775448,0.4375210434775905,2,1,1,0.02,0.08,0.03,0.15,0.9,0.1,-1.2,0.0,0,0,1,0,0.825,0.2
419,0,0.48393359780311584,0.27375170588493347,1.3681979179382324,4.186409773922316,-2.8668918928719322,2,1,1,0.02,0.08,0.03,0.15,0.9,0.1,-1.2,0.0,0,0,1,0,0.825,0.2
419,1,-0.050703685730695724,0.395520955324173,2.130056142807007,-0.40524380862935955,3.3502073485299912,2,1,1,0.02,0.08,0.03,0.15,0.9,0.1,-1.2,0.0,0,0,1,0,0.825,0.2
419,2,0.09623777121305466,-0.10293647646903992,-2.7725212574005127,-2.6738766978741046,3.913010810938172,2,1,1,0.02,0.08,0.03,0.15,0.9,0.1,-1.2,0.0,0,0,1,0,0.825,0.2
419,3,0.9899078011512756,0.2288794368505478,-0.5449153780937195,-1.9670423860411024,3.6505098128286435,2,1,1,0.02,0.08,0.03,0.15,0.9,0.1,-1.2,0.0,0,0,1,0,0.825,0.2
419,4,-1.4242432117462158,0.41420647501945496,-0.9184704422950745,4.084001914589544,6.28,0,0,0,0.02,0.08,0.03,0.15,0.9,0.1,-1.2,0.0,0,0,1,0,0.825,0.2
419,5,0.7070246934890747,-0.2248048484325409,-1.9670422077178955,2.7626121372783,-0.7888292000216082,2,1,1,0.02,0.08,0.03,0.15,0.9,0.1,-1.2,0.0,0,0,1,0,0.825,0.2
419,6,-0.48446744680404663,0.0034731810446828604,0.2608490288257599,-1.0820759660175248,5.318160619047246,2,1,1,0.02,0.08,0.03,0.15,0.9,0.1,-1.2,0.0,0,0,1,0,0.825,0.2
419,7,-1.0395828485488892,-0.02824614942073822,-0.38201844692230225,2.997854726014129,0.4136776377670362,2,1,1,0.02,0.08,0.03,0.15,0.9,0.1,-1.2,0.0,0,0,1,0,0.825,0.2
420,0,0.4840317964553833,0.27390435338020325,1.0098702907562256,4.056683695009601,-1.733882604453537,2,1,1,0.02,0.08,0.03,0.15,0.9,0.1,-1.2,0.0,0,0,1,0,0.825,0.2
420,1,-0.05213826894760132,0.39741384983062744,2.3234477043151855,-1.064027219798885,3.5553184377917892,2,1,1,0.02,0.08,0.03,0.15,0.9,0.1,-1.2,0.0,0,0,1,0,0.825,0.2
420,2,0.0950411856174469,-0.10352446138858795,-2.495889663696289,-3.190815424155527,4.244830290338815,2,1,1,0.02,0.08,0.03,0.15,0.9,0.1,-1.2,0.0,0,0,1,0,0.825,0.2
420,3,0.9912634491920471,0.22822162508964539,-0.366791307926178,-2.4014019727317093,3.961060594754204,2,1,1,0.02,0.08,0.03,0.15,0.9,0.1,-1.2,0.0,0,0,1,0,0.825,0.2
420,4,-1.4195879697799683,0.4095183312892914,-0.6921094059944153,0.8565579485775413,5.728520140565979,0,0,0,0.02,0.08,0.03,0.15,0.9,0.1,-1.2,0.0,0,0,1,0,0.825,0.2
420,5,0.7064898610115051,-0.22570550441741943,-2.1810171604156494,3.4092814677531944,-1.1158586804526522,2,1,1,0.02,0.08,0.03,0.15,0.9,0.1,-1.2,0.0,0,0,1,0,0.825,0.2
420,6,-0.4824666678905487,0.004326647147536278,0.5723515152931213,0.5773502387420224,5.656597674100726,2,1,1,0.02,0.08,0.03,0.15,0.9,0.1,-1.2,0.0,0,0,1,0,0.825,0.2
420,7,-1.036487340927124,-0.02964574657380581,-0.46873190999031067,3.600221684072491,0.12348549756323324,2,1,1,0.02,0.08,0.03,0.15,0.9,0.1,-1.2,0.0,0,0,1,0,0.825,0.2
421,0,0.4847559630870819,0.2747063934803009,0.696743905544281,4.20790154041465,-1.7517302688557175,2,1,1,0.02,0.08,0.03,0.15,0.9,0.1,-1.2,0.0,0,0,1,0,0.825,0.2
421,1,-0.05420929938554764,0.3992936611175537,2.4681079387664795,-1.2791531363218873,3.5394610362289294,2,1,1,0.02,0.08,0.03,0.15,0.9,0.1,-1.2,0.0,0,0,1,0,0.825,0.2
421,2,0.09421856701374054,-0.10434888303279877,-2.2145419120788574,-3.6811317712166702,4.397723576436321,2,1,1,0.02,0.08,0.03,0.15,0.9,0.1,-1.2,0.0,0,0,1,0,0.825,0.2
421,3,0.9928741455078125,0.22776097059249878,-0.17510583996772766,-2.673711477525969,4.116346249001594,2,1,1,0.02,0.08,0.03,0.15,0.9,0.1,-1.2,0.0,0,0,1,0,0.825,0.2
421,4,-1.4117066860198975,0.4037790298461914,-0.5871437788009644,-4.257140896626402,4.4337216444033825,0,0,0,0.02,0.08,0.03,0.15,0.9,0.1,-1.2,0.0,0,0,1,0,0.825,0.2
421,5,0.7053306698799133,-0.22709326446056366,-2.3208649158477783,3.855587963645532,-1.6121157057280444,2,1,1,0.02,0.08,0.03,0.15,0.9,0.1,-1.2,0.0,0,0,1,0,0.825,0.2
421,6,-0.47920355200767517,0.0071234386414289474,0.8335946798324585,1.353287853385688,5.732455942988628,2,1,1,0.02,0.08,0.03,0.15,0.9,0.1,-1.2,0.0,0,0,1,0,0.825,0.2
421,7,-1.0335184335708618,-0.03132103011012077,-0.5589632391929626,3.72655490786086,0.4814619787752803,2,1,1,0.02,0.08,0.03,0.15,0.9,0.1,-1.2,0.0,0,0,1,0,0.825,0.2
422,0,0.4864538311958313,0.27577218413352966,0.4482564330101013,4.130782095739254,-1.3300045935409013,2,1,1,0.02,0.08,0.03,0.15,0.9,0.1,-1.2,0.0,0,0,1,0,0.825,0.2
422,1,-0.05633784458041191,0.40076056122779846,2.624046564102173,-0.950670319740602,3.3048862429713672,2,1,1,0.02,0.08,0.03,0.15,0.9,0.1,-1.2,0.0,0,0,1,0,0.825,0.2
422,2,0.0934779942035675,-0.10569483786821365,-1.9250417947769165,-3.615419752232117,4.4243264862218314,2,1,1,0.02,0.08,0.03,0.15,0.9,0.1,-1.2,0.0,0,0,1,0,0.825,0.2
422,3,0.9944604635238647,0.22763167321681976,0.043451715260744095,-2.4283888834104252,4.049557817787262,2,1,1,0.02,0.08,0.03,0.15,0.9,0.1,-1.2,0.0,0,0,1,0,0.825,0.2
422,4,-1.4052729606628418,0.40009936690330505,-0.40897631645202637,-5.774560692336439,4.65255577591242,0,0,0,0.02,0.08,0.03,0.15,0.9,0.1,-1.2,0.0,0,0,1,0,0.825,0.2
422,5,0.7036914229393005,-0.22860610485076904,-2.4724884033203125,4.132552850617419,-2.017989655217569,2,1,1,0.02,0.08,0.03,0.15,0.9,0.1,-1.2,0.0,0,0,1,0,0.825,0.2
422,6,-0.47546476125717163,0.012226050719618797,1.0388503074645996,2.0403100793248576,5.727133947008294,2,1,1,0.02,0.08,0.03,0.15,0.9,0.1,-1.2,0.0,0,0,1,0,0.825,0.2
422,7,-1.0305211544036865,-0.0334293395280838,-0.6748510003089905,3.8675203444644835,0.7861376707063723,2,1,1,0.02,0.08,0.03,0.15,0.9,0.1,-1.2,0.0,0,0,1,0,0.825,0.2
423,0,0.4882998764514923,0.27641817927360535,0.218775674700737,3.9643294421640007,-0.8881597737277057,2,1,1,0.02,0.08,0.03,0.15,0.9,0.1,-1.2,0.0,0,0,1,0,0.825,0.2
423,1,-0.05842562019824982,0.4017512798309326,2.791858673095703,-1.7686288565250614,3.5471432912083722,2,1,1,0.02,0.08,0.03,0.15,0.9,0.1,-1.2,0.0,0,0,1,0,0.825,0.2
423,2,0.09314385801553726,-0.10720327496528625,-1.6190983057022095,-3.2979688807072707,4.422695951038843,2,1,1,0.02,0.08,0.03,0.15,0.9,0.1,-1.2,0.0,0,0,1,0,0.825,0.2
423,3,0.9959535598754883,0.22785158455371857,0.28258514404296875,-2.2889761535161965,4.019927322495796,2,1,1,0.02,0.08,0.03,0.15,0.9,0.1,-1.2,0.0,0,0,1,0,0.825,0.2
423,4,-1.4041152000427246,0.3996443748474121,-0.095759816467762,-4.734919568662757,4.492741550993505,0,0,0,0.02,0.08,0.03,0.15,0.9,0.1,-1.2,0.0,0,0,1,0,0.825,0.2
423,5,0.7018000483512878,-0.2298431694507599,-2.6580374240875244,4.046757947170238,-1.2669022859701478,2,1,1,0.02,0.08,0.03,0.15,0.9,0.1,-1.2,0.0,0,0,1,0,0.825,0.2
423,6,-0.47230029106140137,0.018846677616238594,1.2113816738128662,2.4200400262826562,5.652937223176423,2,1,1,0.02,0.08,0.03,0.15,0.9,0.1,-1.2,0.0,0,0,1,0,0.825,0.2
423,7,-1.027466893196106,-0.036189015954732895,-0.7905687689781189,-6.28,5.629773542912719,2,1,1,0.02,0.08,0.03,0.15,0.9,0.1,-1.2,0.0,0,0,1,0,0.825,0.2
424,0,0.49049413204193115,0.2766548991203308,0.0062285964377224445,3.7052911775400417,-0.5012792101994831,2,1,1,0.02,0.08,0.03,0.15,0.9,0.1,-1.2,0.0,0,0,1,0,0.825,0.2
424,1,-0.06067588925361633,0.4023880958557129,2.9451496601104736,-1.4673601354718262,3.2848643170023757,2,1,1,0.02,0.08,0.03,0.15,0.9,0.1,-1.2,0.0,0,0,1,0,0.825,0.2
424,2,0.09326799213886261,-0.10874742269515991,-1.3097457885742188,-2.1237563064243736,4.306439279005479,2,1,1,0.02,0.08,0.03,0.15,0.9,0.1,-1.2,0.0,0,0,1,0,0.825,0.2
424,3,0.9973804950714111,0.2284650057554245,0.5140520930290222,-2.21117664028537,4.014277645727746,2,1,1,0.02,0.08,0.03,0.15,0.9,0.1,-1.2,0.0,0,0,1,0,0.825,0.2
424,4,-1.405930995941162,0.39952078461647034,0.29594308137893677,-3.7323063868713398,4.4339454207253475,0,0,0,0.02,0.08,0.03,0.15,0.9,0.1,-1.2,0.0,0,0,1,0,0.825,0.2
424,5,0.6998064517974854,-0.23064455389976501,-2.869710683822632,3.9342517792016696,-0.5479907089528131,2,1,1,0.02,0.08,0.03,0.15,0.9,0.1,-1.2,0.0,0,0,1,0,0.825,0.2
424,6,-0.47009041905403137,0.02637169323861599,1.3524800539016724,-2.7118144985141113,3.5991117803867954,2,1,1,0.02,0.08,0.03,0.15,0.9,0.1,-1.2,0.0,0,0,1,0,0.825,0.2
424,7,-1.0244399309158325,-0.0396123044192791,-0.8999655246734619,-6.28,5.618768915631242,2,1,1,0.02,0.08,0.03,0.15,0.9,0.1,-1.2,0.0,0,0,1,0,0.825,0.2
425,0,0.4930335283279419,0.27641043066978455,-0.18427272140979767,3.3867667404231248,-0.1536161112208216,2,1,1,0.02,0.08,0.03,0.15,0.9,0.1,-1.2,0.0,0,0,1,0,0.825,0.2
425,1,-0.06255877017974854,0.40261712670326233,3.1244184970855713,-3.2598067453400574,4.03636753599422,2,1,1,0.02,0.08,0.03,0.15,0.9,0.1,-1.2,0.0,0,0,1,0,0.825,0.2
425,2,0.09369964897632599,-0.10987865179777145,-1.0306260585784912,-1.7485456867747926,4.29501724395854,2,1,1,0.02,0.08,0.03,0.15,0.9,0.1,-1.2,0.0,0,0,1,0,0.825,0.2
425,3,0.9987383484840393,0.22947071492671967,0.7374944090843201,-1.7533345830759426,3.890703445649081,2,1,1,0.02,0.08,0.03,0.15,0.9,0.1,-1.2,0.0,0,0,1,0,0.825,0.2
425,4,-1.4069061279296875,0.39903900027275085,0.6556974649429321,-1.9632007878071642,4.336013886597178,0,0,0,0.02,0.08,0.03,0.15,0.9,0.1,-1.2,0.0,0,0,1,0,0.825,0.2
425,5,0.6971883773803711,-0.23109401762485504,-3.0622308254241943,3.8033891063192784,-0.057207685794371035,2,1,1,0.02,0.08,0.03,0.15,0.9,0.1,-1.2,0.0,0,0,1,0,0.825,0.2
425,6,-0.4688259959220886,0.03435419499874115,1.4712783098220825,-3.7958307637572504,4.213831802971779,2,1,1,0.02,0.08,0.03,0.15,0.9,0.1,-1.2,0.0,0,0,1,0,0.825,0.2
425,7,-1.0241565704345703,-0.040133167058229446,-0.5748670101165771,-5.499121910717841,4.756369487238865,2,1,1,0.02,0.08,0.03,0.15,0.9,0.1,-1.2,0.0,0,0,1,0,0.825,0.2
426,0,0.4957038462162018,0.27566686272621155,-0.35004571080207825,2.9922294844979263,0.1998160092510583,2,1,1,0.02,0.08,0.03,0.15,0.9,0.1,-1.2,0.0,0,0,1,0,0.825,0.2
426,1,-0.06437262147665024,0.40250101685523987,-2.9869449138641357,-4.082058033357919,4.3474722523912535,2,1,1,0.02,0.08,0.03,0.15,0.9,0.1,-1.2,0.0,0,0,1,0,0.825,0.2
426,2,0.094878189265728,-0.11133500933647156,-0.7932536602020264,-1.276059062721115,4.273284727030538,2,1,1,0.02,0.08,0.03,0.15,0.9,0.1,-1.2,0.0,0,0,1,0,0.825,0.2
426,3,0.9999029040336609,0.23081624507904053,0.9569722414016724,-0.95931304799419,3.679217753321784,2,1,1,0.02,0.08,0.03,0.15,0.9,0.1,-1.2,0.0,0,0,1,0,0.825,0.2
426,4,-1.4070894718170166,0.3988797068595886,0.9770538806915283,-0.5132783571681405,4.169330671441378,0,0,0,0.02,0.08,0.03,0.15,0.9,0.1,-1.2,0.0,0,0,1,0,0.825,0.2
426,5,0.6938234567642212,-0.23107202351093292,3.0546019077301025,3.9625051954110075,-0.2672142787553948,2,1,1,0.02,0.08,0.03,0.15,0.9,0.1,-1.2,0.0,0,0,1,0,0.825,0.2
426,6,-0.4687134325504303,0.03679394721984863,1.6747981309890747,-4.417522327056393,4.452251757700535,2,1,1,0.02,0.08,0.03,0.15,0.9,0.1,-1.2,0.0,0,0,1,0,0.825,0.2
426,7,-1.024099349975586,-0.040426261723041534,-0.204721137881279,-3.461971433028699,4.265419775131734,2,1,1,0.02,0.08,0.03,0.15,0.9,0.1,-1.2,0.0,0,0,1,0,0.825,0.2
427,0,0.4983326196670532,0.27448514103889465,-0.4904428720474243,3.444560160923132,-0.704610405524472,2,1,1,0.02,0.08,0.03,0.15,0.9,0.1,-1.2,0.0,0,0,1,0,0.825,0.2
427,1,-0.06533589959144592,0.40227070450782776,-2.7462010383605957,-4.715775583208049,4.521152753651584,2,1,1,0.02,0.08,0.03,0.15,0.9,0.1,-1.2,0.0,0,0,1,0,0.825,0.2
427,2,0.09679686278104782,-0.11289072036743164,-0.5790917277336121,-0.36188498746773484,4.187825073526316,2,1,1,0.02,0.08,0.03,0.15,0.9,0.1,-1.2,0.0,0,0,1,0,0.825,0.2
427,3,1.0009013414382935,0.23262673616409302,1.1591299772262573,-0.984083287003975,3.735128370935762,2,1,1,0.02,0.08,0.03,0.15,0.9,0.1,-1.2,0.0,0,0,1,0,0.825,0.2
427,4,-1.4064639806747437,0.4001787006855011,1.230954647064209,-0.6669519179582913,4.244668569195986,0,0,0,0.02,0.08,0.03,0.15,0.9,0.1,-1.2,0.0,0,0,1,0,0.825,0.2
427,5,0.6898209452629089,-0.23041057586669922,2.901838779449463,3.8042489687252075,0.007992191432958443,2,1,1,0.02,0.08,0.03,0.15,0.9,0.1,-1.2,0.0,0,0,1,0,0.825,0.2
427,6,-0.4688343107700348,0.03731890022754669,1.9463305473327637,-4.398608466503457,4.450726991412477,2,1,1,0.02,0.08,0.03,0.15,0.9,0.1,-1.2,0.0,0,0,1,0,0.825,0.2
427,7,-1.022107481956482,-0.04172034561634064,-0.10831955820322037,-2.9587516015459983,4.355707223536814,2,1,1,0.02,0.08,0.03,0.15,0.9,0.1,-1.2,0.0,0,0,1,0,0.825,0.2
428,0,0.5008265972137451,0.2729606628417969,-0.602789044380188,2.9762900687853535,-0.14593057984195779,2,1,1,0.02,0.08,0.03,0.15,0.9,0.1,-1.2,0.0,0,0,1,0,0.825,0.2
428,1,-0.06570824980735779,0.402095764875412,-2.4548676013946533,-4.442354641756956,4.460998169979994,2,1,1,0.02,0.08,0.03,0.15,0.9,0.1,-1.2,0.0,0,0,1,0,0.825,0.2
428,2,0.09938199073076248,-0.11422336101531982,-0.3813902735710144,-2.1032297097107806,3.914858408088309,2,1,1,0.02,0.08,0.03,0.15,0.9,0.1,-1.2,0.0,0,0,1,0,0.825,0.2
428,3,1.0017096996307373,0.2350725531578064,1.329607605934143,-0.914620228386297,3.7022579030547966,2,1,1,0.02,0.08,0.03,0.15,0.9,0.1,-1.2,0.0,0,0,1,0,0.825,0.2
428,4,-1.405779480934143,0.40304040908813477,1.4208598136901855,-1.0277261361240897,4.225743347625226,0,0,0,0.02,0.08,0.03,0.15,0.9,0.1,-1.2,0.0,0,0,1,0,0.825,0.2
428,5,0.6859164834022522,-0.22914576530456543,2.742335557937622,3.605818754560365,-1.9477994305888753,2,1,1,0.02,0.08,0.03,0.15,0.9,0.1,-1.2,0.0,0,0,1,0,0.825,0.2
428,6,-0.4688800275325775,0.03738829866051674,2.2556662559509277,-4.051736209120987,4.39176697241926,2,1,1,0.02,0.08,0.03,0.15,0.9,0.1,-1.2,0.0,0,0,1,0,0.825,0.2
428,7,-1.0209826231002808,-0.04170925170183182,0.21397188305854797,-1.4317588115677464,4.495550119712887,2,1,1,0.02,0.08,0.03,0.15,0.9,0.1,-1.2,0.0,0,0,1,0,0.825,0.2
429,0,0.5028851628303528,0.271351158618927,-0.7463583946228027,2.9602299216902934,-0.21956493323095314,2,1,1,0.02,0.08,0.03,0.15,0.9,0.1,-1.2,0.0,0,0,1,0,0.825,0.2
429,1,-0.0656021237373352,0.4022929072380066,-2.1106414794921875,-3.185240847917572,4.272569387189852,2,1,1,0.02,0.08,0.03,0.15,0.9,0.1,-1.2,0.0,0,0,1,0,0.825,0.2
429,2,0.10288982093334198,-0.11528117209672928,-0.21527905762195587,-1.6602606565800655,3.6114078751623104,2,1,1,0.02,0.08,0.03,0.15,0.9,0.1,-1.2,0.0,0,0,1,0,0.825,0.2
429,3,1.0021559000015259,0.2377840131521225,1.4943139553070068,-1.596487631298682,3.858037715625557,2,1,1,0.02,0.08,0.03,0.15,0.9,0.1,-1.2,0.0,0,0,1,0,0.825,0.2
429,4,-1.4055856466293335,0.4061790108680725,1.6062504053115845,-0.5799560887992133,4.02954325075933,0,0,0,0.02,0.08,0.03,0.15,0.9,0.1,-1.2,0.0,0,0,1,0,0.825,0.2
429,5,0.6822089552879333,-0.2272580862045288,2.5932633876800537,3.80147631346466,-2.228116274873181,2,1,1,0.02,0.08,0.03,0.15,0.9,0.1,-1.2,0.0,0,0,1,0,0.825,0.2
429,6,-0.4685181677341461,0.03696685656905174,2.589043378829956,-3.6410008383344583,4.345483058447735,2,1,1,0.02,0.08,0.03,0.15,0.9,0.1,-1.2,0.0,0,0,1,0,0.825,0.2
429,7,-1.0199191570281982,-0.04129678010940552,0.521397054195404,0.09469569119282296,4.405813401735586,2,1,1,0.02,0.08,0.03,0.15,0.9,0.1,-1.2,0.0,0,0,1,0,0.825,0.2
430,0,0.5045990943908691,0.269533634185791,-0.8741171956062317,2.3923249555459196,0.40123517420362526,2,1,1,0.02,0.08,0.03,0.15,0.9,0.1,-1.2,0.0,0,0,1,0,0.825,0.2
430,1,-0.06562688201665878,0.40230441093444824,-1.749266266822815,-1.3187346723147964,4.011936817745587,2,1,1,0.02,0.08,0.03,0.15,0.9,0.1,-1.2,0.0,0,0,1,0,0.825,0.2
430,2,0.1050829365849495,-0.11558372527360916,-0.01512108277529478,-2.726391538551332,4.07850189528366,2,1,1,0.02,0.08,0.03,0.15,0.9,0.1,-1.2,0.0,0,0,1,0,0.825,0.2
430,3,1.0021573305130005,0.2405669391155243,1.656866192817688,-1.74755574396587,3.8403502965444924,2,1,1,0.02,0.08,0.03,0.15,0.9,0.1,-1.2,0.0,0,0,1,0,0.825,0.2
430,4,-1.4059855937957764,0.40934762358665466,1.7905564308166504,-0.1693106571988949,3.6786054567929307,0,0,0,0.02,0.08,0.03,0.15,0.9,0.1,-1.2,0.0,0,0,1,0,0.825,0.2
430,5,0.6801522970199585,-0.22578415274620056,2.3952927589416504,3.6258040058331,-1.652437299756894,2,1,1,0.02,0.08,0.03,0.15,0.9,0.1,-1.2,0.0,0,0,1,0,0.825,0.2
430,6,-0.46835392713546753,0.03686860576272011,2.9311470985412598,-3.1805714665621516,4.311599232134222,2,1,1,0.02,0.08,0.03,0.15,0.9,0.1,-1.2,0.0,0,0,1,0,0.825,0.2
430,7,-1.018120527267456,-0.0399104468524456,0.7633008360862732,1.1464966734306543,4.493625450063314,2,1,1,0.02,0.08,0.03,0.15,0.9,0.1,-1.2,0.0,0,0,1,0,0.825,0.2
431,0,0.5060575604438782,0.26755446195602417,-0.9956909418106079,2.201057632414485,0.4937791386813068,2,1,1,0.02,0.08,0.03,0.15,0.9,0.1,-1.2,0.0,0,0,1,0,0.825,0.2
431,1,-0.06566557288169861,0.4012134373188019,-1.443377137184143,-1.5667089366033116,4.260700351221725,2,1,1,0.02,0.08,0.03,0.15,0.9,0.1,-1.2,0.0,0,0,1,0,0.825,0.2
431,2,0.10702957957983017,-0.11540942639112473,0.17675191164016724,-2.30918768166554,3.9131859372549753,2,1,1,0.02,0.08,0.03,0.15,0.9,0.1,-1.2,0.0,0,0,1,0,0.825,0.2
431,3,1.0017563104629517,0.2428864687681198,1.8440526723861694,-2.4078369439930363,3.957031618931954,2,1,1,0.02,0.08,0.03,0.15,0.9,0.1,-1.2,0.0,0,0,1,0,0.825,0.2
431,4,-1.4070419073104858,0.4127010405063629,1.9602104425430298,-0.9214707568521519,3.5295637023215956,0,0,0,0.02,0.08,0.03,0.15,0.9,0.1,-1.2,0.0,0,0,1,0,0.825,0.2
431,5,0.6787387132644653,-0.22415514290332794,2.166818380355835,3.7642751962794208,-1.2880186845020152,2,1,1,0.02,0.08,0.03,0.15,0.9,0.1,-1.2,0.0,0,0,1,0,0.825,0.2
431,6,-0.468732625246048,0.036856137216091156,-3.02005672454834,-2.365088212643882,4.219563000916224,2,1,1,0.02,0.08,0.03,0.15,0.9,0.1,-1.2,0.0,0,0,1,0,0.825,0.2
431,7,-1.0156532526016235,-0.03703596815466881,0.9397961497306824,1.8049439804995553,4.547998381756897,2,1,1,0.02,0.08,0.03,0.15,0.9,0.1,-1.2,0.0,0,0,1,0,0.825,0.2
432,0,0.5073944330215454,0.2652522325515747,-1.0778322219848633,3.1248659696520815,-0.6458103138305974,2,1,1,0.02,0.08,0.03,0.15,0.9,0.1,-1.2,0.0,0,0,1,0,0.825,0.2
432,1,-0.06504184752702713,0.3990754187107086,-1.218973159790039,-0.9798450565695619,4.20563564099744,2,1,1,0.02,0.08,0.03,0.15,0.9,0.1,-1.2,0.0,0,0,1,0,0.825,0.2
432,2,0.10849438607692719,-0.11500677466392517,0.4068243205547333,-2.0186066467241126,3.829099605432788,2,1,1,0.02,0.08,0.03,0.15,0.9,0.1,-1.2,0.0,0,0,1,0,0.825,0.2
432,3,1.0009933710098267,0.24486640095710754,2.040358543395996,-2.76486728064092,3.978566427746137,2,1,1,0.02,0.08,0.03,0.15,0.9,0.1,-1.2,0.0,0,0,1,0,0.825,0.2
432,4,-1.4087886810302734,0.41616594791412354,2.1134774684906006,-4.059094385742791,4.382645855078229,0,0,0,0.02,0.08,0.03,0.15,0.9,0.1,-1.2,0.0,0,0,1,0,0.825,0.2
432,5,0.6776122450828552,-0.22205078601837158,1.959071397781372,3.8385239431978815,-0.9281939222927305,2,1,1,0.02,0.08,0.03,0.15,0.9,0.1,-1.2,0.0,0,0,1,0,0.825,0.2
432,6,-0.46973761916160583,0.03655971214175224,-2.698673963546753,-1.6650794027306108,4.133822918168728,2,1,1,0.02,0.08,0.03,0.15,0.9,0.1,-1.2,0.0,0,0,1,0,0.825,0.2
432,7,-1.012955665588379,-0.032728880643844604,1.074583649635315,2.1423731425204933,4.979551614989061,2,1,1,0.02,0.08,0.03,0.15,0.9,0.1,-1.2,0.0,0,0,1,0,0.825,0.2
433,0,0.5085957050323486,0.26282235980033875,-1.1395444869995117,3.369914143153885,-1.15001253808351,2,1,1,0.02,0.08,0.03,0.15,0.9,0.1,-1.2,0.0,0,0,1,0,0.825,0.2
433,1,-0.06387541443109512,0.39663270115852356,-1.0194071531295776,-0.37420687868481883,4.036050074524122,2,1,1,0.02,0.08,0.03,0.15,0.9,0.1,-1.2,0.0,0,0,1,0,0.825,0.2
433,2,0.11023826897144318,-0.11400500684976578,0.6457075476646423,-3.581330982590932,4.402694773782046,2,1,1,0.02,0.08,0.03,0.15,0.9,0.1,-1.2,0.0,0,0,1,0,0.825,0.2
433,3,1.0000998973846436,0.2462744414806366,2.259380578994751,-3.029180351456199,3.9746123289666513,2,1,1,0.02,0.08,0.03,0.15,0.9,0.1,-1.2,0.0,0,0,1,0,0.825,0.2
433,4,-1.4106332063674927,0.41878050565719604,2.2795307636260986,-6.119933578003152,4.563348524022246,0,0,0,0.02,0.08,0.03,0.15,0.9,0.1,-1.2,0.0,0,0,1,0,0.825,0.2
433,5,0.6768972873687744,-0.219755619764328,1.7796329259872437,4.143104321429479,-1.0807072955494046,2,1,1,0.02,0.08,0.03,0.15,0.9,0.1,-1.2,0.0,0,0,1,0,0.825,0.2
433,6,-0.4711509943008423,0.03560011833906174,-2.413325309753418,-3.661770318608795,4.52202721063895,2,1,1,0.02,0.08,0.03,0.15,0.9,0.1,-1.2,0.0,0,0,1,0,0.825,0.2
433,7,-1.0104241371154785,-0.02735728584229946,1.1837979555130005,0.48477387165259955,-0.05004702501816001,2,1,1,0.02,0.08,0.03,0.15,0.9,0.1,-1.2,0.0,0,0,1,0,0.825,0.2
434,0,0.5095375776290894,0.260479599237442,-1.2573202848434448,3.6375464493777683,-1.6298569539083967,2,1,1,0.02,0.08,0.03,0.15,0.9,0.1,-1.2,0.0,0,0,1,0,0.825,0.2
434,1,-0.06199875846505165,0.3941289484500885,-0.8335196375846863,-1.0431879844841716,4.101820050916236,2,1,1,0.02,0.08,0.03,0.15,0.9,0.1,-1.2,0.0,0,0,1,0,0.825,0.2
434,2,0.11193795502185822,-0.11240729689598083,0.8731487989425659,-2.462895563370377,4.293611022367105,2,1,1,0.02,0.08,0.03,0.15,0.9,0.1,-1.2,0.0,0,0,1,0,0.825,0.2
434,3,0.9991828799247742,0.24719393253326416,2.4945125579833984,-3.0232067135063447,3.877829524585372,2,1,1,0.02,0.08,0.03,0.15,0.9,0.1,-1.2,0.0,0,0,1,0,0.825,0.2
434,4,-1.4117182493209839,0.41982728242874146,2.57450532913208,-5.680247710427294,4.35434666505881,0,0,0,0.02,0.08,0.03,0.15,0.9,0.1,-1.2,0.0,0,0,1,0,0.825,0.2
434,5,0.6765419840812683,-0.21695227921009064,1.6106940507888794,4.439307696963525,-1.583216692195605,2,1,1,0.02,0.08,0.03,0.15,0.9,0.1,-1.2,0.0,0,0,1,0,0.825,0.2
434,6,-0.4726904034614563,0.033819299191236496,-2.162438154220581,-2.566680299239163,4.624918227391203,2,1,1,0.02,0.08,0.03,0.15,0.9,0.1,-1.2,0.0,0,0,1,0,0.825,0.2
434,7,-1.0082231760025024,-0.021027659997344017,1.2917417287826538,-2.5282811930738265,2.9942465810689844,2,1,1,0.02,0.08,0.03,0.15,0.9,0.1,-1.2,0.0,0,0,1,0,0.825,0.2
435,0,0.5100827217102051,0.2583032250404358,-1.4120736122131348,4.152295779723032,-2.6907258836067247,2,1,1,0.02,0.08,0.03,0.15,0.9,0.1,-1.2,0.0,0,0,1,0,0.825,0.2
435,1,-0.05938390642404556,0.39168447256088257,-0.6737960577011108,-1.2770055084717373,4.043452387877526,2,1,1,0.02,0.08,0.03,0.15,0.9,0.1,-1.2,0.0,0,0,1,0,0.825,0.2
435,2,0.11289703845977783,-0.1109633520245552,1.1644257307052612,-2.1862573536328602,4.534111767897911,2,1,1,0.02,0.08,0.03,0.15,0.9,0.1,-1.2,0.0,0,0,1,0,0.825,0.2
435,3,0.9983237385749817,0.2477261871099472,2.73942494392395,-2.692201828099487,3.6520111909878237,2,1,1,0.02,0.08,0.03,0.15,0.9,0.1,-1.2,0.0,0,0,1,0,0.825,0.2
435,4,-1.4114383459091187,0.41977953910827637,2.9712166786193848,-3.0415692762826274,4.656900611338984,0,0,0,0.02,0.08,0.03,0.15,0.9,0.1,-1.2,0.0,0,0,1,0,0.825,0.2
435,5,0.6766847372055054,-0.21391768753528595,1.4306542873382568,4.569358072394842,-2.056873639675415,2,1,1,0.02,0.08,0.03,0.15,0.9,0.1,-1.2,0.0,0,0,1,0,0.825,0.2
435,6,-0.47328880429267883,0.03269035741686821,-1.83878755569458,-1.3737837864127969,4.772437380465334,2,1,1,0.02,0.08,0.03,0.15,0.9,0.1,-1.2,0.0,0,0,1,0,0.825,0.2
435,7,-1.0078071355819702,-0.019366273656487465,1.2972829341888428,-2.358046820789005,2.7835725599499135,2,1,1,0.02,0.08,0.03,0.15,0.9,0.1,-1.2,0.0,0,0,1,0,0.825,0.2
436,0,0.5102217793464661,0.2565076947212219,-1.601028561592102,3.9690679429566678,-2.2272190924043183,2,1,1,0.02,0.08,0.03,0.15,0.9,0.1,-1.2,0.0,0,0,1,0,0.825,0.2
436,1,-0.05674830451607704,0.3898996412754059,-0.4985474944114685,-1.6829801993259847,4.009425808657116,2,1,1,0.02,0.08,0.03,0.15,0.9,0.1,-1.2,0.0,0,0,1,0,0.825,0.2
436,2,0.11337590962648392,-0.10918634384870529,1.4538859128952026,-1.470946537914095,4.60490914870139,2,1,1,0.02,0.08,0.03,0.15,0.9,0.1,-1.2,0.0,0,0,1,0,0.825,0.2
436,3,0.9974880814552307,0.2479967474937439,2.9828567504882812,-1.2144112953480624,2.8906587258998453,2,1,1,0.02,0.08,0.03,0.15,0.9,0.1,-1.2,0.0,0,0,1,0,0.825,0.2
436,4,-1.4135034084320068,0.41967999935150146,-3.041160821914673,-2.362986140228165,4.8672528016273775,0,0,0,0.02,0.08,0.03,0.15,0.9,0.1,-1.2,0.0,0,0,1,0,0.825,0.2
436,5,0.6773627996444702,-0.21112681925296783,1.2232669591903687,4.520696089030747,-1.5599133417044373,2,1,1,0.02,0.08,0.03,0.15,0.9,0.1,-1.2,0.0,0,0,1,0,0.825,0.2
436,6,-0.4734625220298767,0.03087013028562069,-1.5245492458343506,-0.3172114819272931,4.878181501675539,2,1,1,0.02,0.08,0.03,0.15,0.9,0.1,-1.2,0.0,0,0,1,0,0.825,0.2
436,7,-1.0077258348464966,-0.018973058089613914,1.4505900144577026,-2.205049110428115,2.7931239377400137,2,1,1,0.02,0.08,0.03,0.15,0.9,0.1,-1.2,0.0,0,0,1,0,0.825,0.2
437,0,0.5100423693656921,0.25521042943000793,-1.857094168663025,4.060326308969349,-2.400964279276173,2,1,1,0.02,0.08,0.03,0.15,0.9,0.1,-1.2,0.0,0,0,1,0,0.825,0.2
437,1,-0.05415515974164009,0.3887619972229004,-0.31292811036109924,-1.7818339445474256,3.919726220596086,2,1,1,0.02,0.08,0.03,0.15,0.9,0.1,-1.2,0.0,0,0,1,0,0.825,0.2
437,2,0.11331716924905777,-0.1069001704454422,1.738424301147461,-0.5959867864396861,4.49859250236246,2,1,1,0.02,0.08,0.03,0.15,0.9,0.1,-1.2,0.0,0,0,1,0,0.825,0.2
437,3,0.996550977230072,0.24805927276611328,-3.0738861560821533,-2.1545471270822354,3.4760159168550664,2,1,1,0.02,0.08,0.03,0.15,0.9,0.1,-1.2,0.0,0,0,1,0,0.825,0.2
437,4,-1.4161163568496704,0.41921040415763855,-2.772920846939087,-2.149071094468999,4.768572530993799,0,0,0,0.02,0.08,0.03,0.15,0.9,0.1,-1.2,0.0,0,0,1,0,0.825,0.2
437,5,0.6784980893135071,-0.20882339775562286,0.9933945536613464,4.2726005036184445,-0.7630918940913285,2,1,1,0.02,0.08,0.03,0.15,0.9,0.1,-1.2,0.0,0,0,1,0,0.825,0.2
437,6,-0.47288402915000916,0.027854856103658676,-1.2589632272720337,0.5219232256990274,4.898440762355752,2,1,1,0.02,0.08,0.03,0.15,0.9,0.1,-1.2,0.0,0,0,1,0,0.825,0.2
437,7,-1.0077208280563354,-0.019000332802534103,1.6503888368606567,-1.471200812395122,2.2899720174214937,2,1,1,0.02,0.08,0.03,0.15,0.9,0.1,-1.2,0.0,0,0,1,0,0.825,0.2
438,0,0.5093395113945007,0.25367972254753113,-2.126215934753418,4.266855972190285,-2.9351583000779944,2,1,1,0.02,0.08,0.03,0.15,0.9,0.1,-1.2,0.0,0,0,1,0,0.825,0.2
438,1,-0.05179553106427193,0.3882236182689667,-0.1155390813946724,-1.8354348798100217,3.8548428227011433,2,1,1,0.02,0.08,0.03,0.15,0.9,0.1,-1.2,0.0,0,0,1,0,0.825,0.2
438,2,0.11242546886205673,-0.10408347100019455,1.9992998838424683,-0.1869198608264698,3.343480732949742,2,1,1,0.02,0.08,0.03,0.15,0.9,0.1,-1.2,0.0,0,0,1,0,0.825,0.2
438,3,0.9950478672981262,0.24781106412410736,-2.907013416290283,-2.515073169113577,3.6995485314144494,2,1,1,0.02,0.08,0.03,0.15,0.9,0.1,-1.2,0.0,0,0,1,0,0.825,0.2
438,4,-1.4186396598815918,0.4178752303123474,-2.4994957447052,-3.476141401921065,4.553531234929442,0,0,0,0.02,0.08,0.03,0.15,0.9,0.1,-1.2,0.0,0,0,1,0,0.825,0.2
438,5,0.6803297400474548,-0.20661954581737518,0.7752158045768738,4.303806371352974,-0.8563411735295879,2,1,1,0.02,0.08,0.03,0.15,0.9,0.1,-1.2,0.0,0,0,1,0,0.825,0.2
438,6,-0.4711461663246155,0.024050084874033928,-1.0384572744369507,0.5794634567420419,3.6954637529756846,2,1,1,0.02,0.08,0.03,0.15,0.9,0.1,-1.2,0.0,0,0,1,0,0.825,0.2
438,7,-1.0077478885650635,-0.01892743445932865,1.8438347578048706,-1.1718344167410604,2.4789270876677314,2,1,1,0.02,0.08,0.03,0.15,0.9,0.1,-1.2,0.0,0,0,1,0,0.825,0.2
439,0,0.5082693099975586,0.25238579511642456,-2.398472785949707,4.161020074789583,-2.35534849903099,2,1,1,0.02,0.08,0.03,0.15,0.9,0.1,-1.2,0.0,0,0,1,0,0.825,0.2
439,1,-0.049617182463407516,0.38817089796066284,0.0846996158361435,-1.667103965107549,3.791288826199704,2,1,1,0.02,0.08,0.03,0.15,0.9,0.1,-1.2,0.0,0,0,1,0,0.825,0.2
439,2,0.11065839976072311,-0.10113950818777084,2.2087883949279785,-0.4338961239818105,3.261978047368832,2,1,1,0.02,0.08,0.03,0.15,0.9,0.1,-1.2,0.0,0,0,1,0,0.825,0.2
439,3,0.9937020540237427,0.24737849831581116,-2.7196898460388184,-2.922634207704516,3.930311464765521,2,1,1,0.02,0.08,0.03,0.15,0.9,0.1,-1.2,0.0,0,0,1,0,0.825,0.2
439,4,-1.4205518960952759,0.4160774052143097,-2.2550132274627686,-5.153583018350788,4.380402135901537,0,0,0,0.02,0.08,0.03,0.15,0.9,0.1,-1.2,0.0,0,0,1,0,0.825,0.2
439,5,0.6829825043678284,-0.20448720455169678,0.5911848545074463,4.270388554802305,-0.8586246200089249,2,1,1,0.02,0.08,0.03,0.15,0.9,0.1,-1.2,0.0,0,0,1,0,0.825,0.2
439,6,-0.4683190584182739,0.020137952640652657,-0.8650627732276917,-6.28,4.367501612183901,2,1,1,0.02,0.08,0.03,0.15,0.9,0.1,-1.2,0.0,0,0,1,0,0.825,0.2
439,7,-1.0079026222229004,-0.018566366285085678,1.9975941181182861,-1.00504441081097,2.744208865866208,2,1,1,0.02,0.08,0.03,0.15,0.9,0.1,-1.2,0.0,0,0,1,0,0.825,0.2
440,0,0.5071427226066589,0.2516113519668579,-2.6970605850219727,3.9937751517138658,-1.1218409337361206,2,1,1,0.02,0.08,0.03,0.15,0.9,0.1,-1.2,0.0,0,0,1,0,0.825,0.2
440,1,-0.04755723848938942,0.3885400891304016,0.2870558500289917,-1.2768520568611652,3.7307541408019285,2,1,1,0.02,0.08,0.03,0.15,0.9,0.1,-1.2,0.0,0,0,1,0,0.825,0.2
440,2,0.10860684514045715,-0.09877254068851471,2.3481006622314453,-1.147340013666131,3.488995174900367,2,1,1,0.02,0.08,0.03,0.15,0.9,0.1,-1.2,0.0,0,0,1,0,0.825,0.2
440,3,0.9926212430000305,0.2467803657054901,-2.504682779312134,-3.086975711210007,4.030410055786975,2,1,1,0.02,0.08,0.03,0.15,0.9,0.1,-1.2,0.0,0,0,1,0,0.825,0.2
440,4,-1.4212642908096313,0.4150081276893616,-1.9772191047668457,-4.135811277976561,4.530559808097789,0,0,0,0.02,0.08,0.03,0.15,0.9,0.1,-1.2,0.0,0,0,1,0,0.825,0.2
440,5,0.6860132217407227,-0.20280562341213226,0.4112071096897125,4.249247700576132,-1.0215431497409562,2,1,1,0.02,0.08,0.03,0.15,0.9,0.1,-1.2,0.0,0,0,1,0,0.825,0.2
440,6,-0.46539443731307983,0.017142876982688904,-0.7370186448097229,-6.224689706558086,4.286853441846791,2,1,1,0.02,0.08,0.03,0.15,0.9,0.1,-1.2,0.0,0,0,1,0,0.825,0.2
440,7,-1.0083256959915161,-0.017816348001360893,2.1383919715881348,-0.9410939205309813,2.9712002871743324,2,1,1,0.02,0.08,0.03,0.15,0.9,0.1,-1.2,0.0,0,0,1,0,0.825,0.2
441,0,0.5057885646820068,0.2511875033378601,-2.9668047428131104,3.818843791942845,0.2590968879058034,2,1,1,0.02,0.08,0.03,0.15,0.9,0.1,-1.2,0.0,0,0,1,0,0.825,0.2
441,1,-0.045590680092573166,0.38932403922080994,0.48116928339004517,-1.2996209480654388,3.8087666251551298,2,1,1,0.02,0.08,0.03,0.15,0.9,0.1,-1.2,0.0,0,0,1,0,0.825,0.2
441,2,0.10646730661392212,-0.09684345871210098,2.4758362770080566,-1.7430767043669995,3.717985608136974,2,1,1,0.02,0.08,0.03,0.15,0.9,0.1,-1.2,0.0,0,0,1,0,0.825,0.2
441,3,0.9918246865272522,0.24607430398464203,-2.267383337020874,-4.202219434188745,4.395325310634515,2,1,1,0.02,0.08,0.03,0.15,0.9,0.1,-1.2,0.0,0,0,1,0,0.825,0.2
441,4,-1.4210647344589233,0.4159446954727173,-1.6324530839920044,-0.4879743509974829,5.3617034083504045,0,0,0,0.02,0.08,0.03,0.15,0.9,0.1,-1.2,0.0,0,0,1,0,0.825,0.2
441,5,0.6892561316490173,-0.20170821249485016,0.2311430722475052,4.148483809185608,-0.43758382053060707,2,1,1,0.02,0.08,0.03,0.15,0.9,0.1,-1.2,0.0,0,0,1,0,0.825,0.2
441,6,-0.46647557616233826,0.017745742574334145,-0.3955373167991638,-5.060269758382139,4.344282401069862,2,1,1,0.02,0.08,0.03,0.15,0.9,0.1,-1.2,0.0,0,0,1,0,0.825,0.2
441,7,-1.0091617107391357,-0.016712579876184464,2.27856183052063,-1.2266906780137627,3.5403012315487965,2,1,1,0.02,0.08,0.03,0.15,0.9,0.1,-1.2,0.0,0,0,1,0,0.825,0.2
442,0,0.5036407113075256,0.25106281042099,3.110281467437744,3.779936505046205,0.5872269617061064,2,1,1,0.02,0.08,0.03,0.15,0.9,0.1,-1.2,0.0,0,0,1,0,0.825,0.2
442,1,-0.04357137158513069,0.39061790704727173,0.6603953242301941,-0.9854253740611669,3.7993255661554874,2,1,1,0.02,0.08,0.03,0.15,0.9,0.1,-1.2,0.0,0,0,1,0,0.825,0.2
442,2,0.10444961488246918,-0.09547419846057892,2.6316840648651123,-2.366330039285082,3.9689557803357642,2,1,1,0.02,0.08,0.03,0.15,0.9,0.1,-1.2,0.0,0,0,1,0,0.825,0.2
442,3,0.9912706613540649,0.2452741414308548,-2.018265724182129,-4.4563783505810735,4.462442790469343,2,1,1,0.02,0.08,0.03,0.15,0.9,0.1,-1.2,0.0,0,0,1,0,0.825,0.2
442,4,-1.4210467338562012,0.4163724184036255,-1.2989709377288818,2.061261635858359,5.958242933491641,0,0,0,0.02,0.08,0.03,0.15,0.9,0.1,-1.2,0.0,0,0,1,0,0.825,0.2
442,5,0.6929036378860474,-0.2012038230895996,0.03269250690937042,4.0511856349527156,0.3720954306892305,2,1,1,0.02,0.08,0.03,0.15,0.9,0.1,-1.2,0.0,0,0,1,0,0.825,0.2
442,6,-0.4683689475059509,0.018203407526016235,0.008415617980062962,-2.2989338966093933,4.930750709797707,2,1,1,0.02,0.08,0.03,0.15,0.9,0.1,-1.2,0.0,0,0,1,0,0.825,0.2
442,7,-1.0105323791503906,-0.015329182147979736,2.415574073791504,-0.824597074413642,3.4450845302393462,2,1,1,0.02,0.08,0.03,0.15,0.9,0.1,-1.2,0.0,0,0,1,0,0.825,0.2
443,0,0.5001935958862305,0.2514655888080597,2.9628889560699463,3.4168446714486036,0.8193436539152179,2,1,1,0.02,0.08,0.03,0.15,0.9,0.1,-1.2,0.0,0,0,1,0,0.825,0.2
443,1,-0.04173637926578522,0.39232364296913147,0.8391425609588623,-0.5684398663577491,3.794198034428453,2,1,1,0.02,0.08,0.03,0.15,0.9,0.1,-1.2,0.0,0,0,1,0,0.825,0.2
443,2,0.10257801413536072,-0.09462975710630417,2.817823648452759,-5.89560761877385,4.799342183555039,2,1,1,0.02,0.08,0.03,0.15,0.9,0.1,-1.2,0.0,0,0,1,0,0.825,0.2
443,3,0.9911214113235474,0.24495460093021393,-1.7252191305160522,-5.1366335814714,4.668607569289165,2,1,1,0.02,0.08,0.03,0.15,0.9,0.1,-1.2,0.0,0,0,1,0,0.825,0.2
443,4,-1.4195598363876343,0.4132371246814728,-1.0534144639968872,1.7175485476157843,5.107620210349266,0,0,0,0.02,0.08,0.03,0.15,0.9,0.1,-1.2,0.0,0,0,1,0,0.825,0.2
443,5,0.6969664692878723,-0.20144237577915192,-0.14876247942447662,3.3940201868308137,-0.3780707875913,2,1,1,0.02,0.08,0.03,0.15,0.9,0.1,-1.2,0.0,0,0,1,0,0.825,0.2
443,6,-0.4657629728317261,0.018586572259664536,0.2331273853778839,-1.4773816015707513,5.130093913062562,2,1,1,0.02,0.08,0.03,0.15,0.9,0.1,-1.2,0.0,0,0,1,0,0.825,0.2
443,7,-1.0123392343521118,-0.01397071871906519,2.5770232677459717,-0.8891619737130213,3.4839841690932967,2,1,1,0.02,0.08,0.03,0.15,0.9,0.1,-1.2,0.0,0,0,1,0,0.825,0.2
444,0,0.49630671739578247,0.2524278163909912,2.8385164737701416,2.8552856491270053,0.8994785674136335,2,1,1,0.02,0.08,0.03,0.15,0.9,0.1,-1.2,0.0,0,0,1,0,0.825,0.2
444,1,-0.04007399454712868,0.39452657103538513,1.009413719177246,-0.6481792512160252,3.869190609621261,2,1,1,0.02,0.08,0.03,0.15,0.9,0.1,-1.2,0.0,0,0,1,0,0.825,0.2
444,2,0.1009337529540062,-0.0942613035440445,3.034651041030884,-5.13921394271429,4.614088450172541,2,1,1,0.02,0.08,0.03,0.15,0.9,0.1,-1.2,0.0,0,0,1,0,0.825,0.2
444,3,0.9911027550697327,0.2447352260351181,-1.3865503072738647,-4.669907780070814,4.532997714062247,2,1,1,0.02,0.08,0.03,0.15,0.9,0.1,-1.2,0.0,0,0,1,0,0.825,0.2
444,4,-1.4154385328292847,0.4073249399662018,-0.882758378982544,-0.017123132469558378,2.920948494191176,0,0,0,0.02,0.08,0.03,0.15,0.9,0.1,-1.2,0.0,0,0,1,0,0.825,0.2
444,5,0.7014978528022766,-0.20247782766819,-0.29679223895072937,3.1340923947356254,0.2537235640848503,2,1,1,0.02,0.08,0.03,0.15,0.9,0.1,-1.2,0.0,0,0,1,0,0.825,0.2
444,6,-0.46302399039268494,0.01947668567299843,0.4769613444805145,-0.7587861304732285,5.324351806806026,2,1,1,0.02,0.08,0.03,0.15,0.9,0.1,-1.2,0.0,0,0,1,0,0.825,0.2
444,7,-1.0145705938339233,-0.01280821580439806,2.7321274280548096,-1.4941702144237816,3.7697159719557956,2,1,1,0.02,0.08,0.03,0.15,0.9,0.1,-1.2,0.0,0,0,1,0,0.825,0.2
445,0,0.49254608154296875,0.253824383020401,2.735048770904541,2.4914438776842247,0.6042196730588393,2,1,1,0.02,0.08,0.03,0.15,0.9,0.1,-1.2,0.0,0,0,1,0,0.825,0.2
445,1,-0.038618266582489014,0.39731696248054504,1.1654174327850342,-0.781832252503788,3.8896055770430316,2,1,1,0.02,0.08,0.03,0.15,0.9,0.1,-1.2,0.0,0,0,1,0,0.825,0.2
445,2,0.10201266407966614,-0.09414826333522797,-2.8821938037872314,-2.835544861156477,4.161735161577964,2,1,1,0.02,0.08,0.03,0.15,0.9,0.1,-1.2,0.0,0,0,1,0,0.825,0.2
445,3,0.9909589290618896,0.24504902958869934,-1.01383638381958,-3.5417125504419187,4.201830280940232,2,1,1,0.02,0.08,0.03,0.15,0.9,0.1,-1.2,0.0,0,0,1,0,0.825,0.2
445,4,-1.4105703830718994,0.40215688943862915,-0.7377653121948242,3.45311309699972,-3.2415504530722656,0,0,0,0.02,0.08,0.03,0.15,0.9,0.1,-1.2,0.0,0,0,1,0,0.825,0.2
445,5,0.7049092054367065,-0.20376762747764587,-0.4405660033226013,2.543415339999248,1.086537387241289,2,1,1,0.02,0.08,0.03,0.15,0.9,0.1,-1.2,0.0,0,0,1,0,0.825,0.2
445,6,-0.4598604142665863,0.021610276773571968,0.7236229777336121,-0.26182870839642697,5.445999855977945,2,1,1,0.02,0.08,0.03,0.15,0.9,0.1,-1.2,0.0,0,0,1,0,0.825,0.2
445,7,-1.0170328617095947,-0.011961930431425571,2.884831190109253,-2.1122596045207382,4.013514352306494,2,1,1,0.02,0.08,0.03,0.15,0.9,0.1,-1.2,0.0,0,0,1,0,0.825,0.2
446,0,0.4892488121986389,0.2554073631763458,2.6556954383850098,1.5079371079383554,0.8078082646955262,2,1,1,0.02,0.08,0.03,0.15,0.9,0.1,-1.2,0.0,0,0,1,0,0.825,0.2
446,1,-0.037571992725133896,0.40036967396736145,1.3228274583816528,-1.1379123733812806,3.9290309815721645,2,1,1,0.02,0.08,0.03,0.15,0.9,0.1,-1.2,0.0,0,0,1,0,0.825,0.2
446,2,0.10268890112638474,-0.09382758289575577,-2.492067813873291,-1.1544251860319945,4.052897771680563,2,1,1,0.02,0.08,0.03,0.15,0.9,0.1,-1.2,0.0,0,0,1,0,0.825,0.2
446,3,0.9907044172286987,0.2449597716331482,-0.6680985689163208,-3.0920422774026313,4.199372540063611,2,1,1,0.02,0.08,0.03,0.15,0.9,0.1,-1.2,0.0,0,0,1,0,0.825,0.2
446,4,-1.4076074361801147,0.39965540170669556,-0.622427761554718,6.1710212339969965,-6.28,0,0,0,0.02,0.08,0.03,0.15,0.9,0.1,-1.2,0.0,0,0,1,0,0.825,0.2
446,5,0.70805823802948,-0.2054988294839859,-0.5575188994407654,2.606219551111178,0.7342102543038039,2,1,1,0.02,0.08,0.03,0.15,0.9,0.1,-1.2,0.0,0,0,1,0,0.825,0.2
446,6,-0.4565211534500122,0.02532023936510086,0.9606295824050903,-4.294292309882583,4.390566981459902,2,1,1,0.02,0.08,0.03,0.15,0.9,0.1,-1.2,0.0,0,0,1,0,0.825,0.2
446,7,-1.0193421840667725,-0.01155309658497572,3.0634114742279053,-2.598305738916864,4.247010627741322,2,1,1,0.02,0.08,0.03,0.15,0.9,0.1,-1.2,0.0,0,0,1,0,0.825,0.2
447,0,0.48659268021583557,0.2569311559200287,2.5835890769958496,1.3770874764760512,0.41436770946026036,2,1,1,0.02,0.08,0.03,0.15,0.9,0.1,-1.2,0.0,0,0,1,0,0.825,0.2
447,1,-0.03703414276242256,0.4034583568572998,1.485711693763733,-1.243320537377825,3.825995744428405,2,1,1,0.02,0.08,0.03,0.15,0.9,0.1,-1.2,0.0,0,0,1,0,0.825,0.2
447,2,0.10187676548957825,-0.0946301594376564,-2.1809659004211426,-0.686417074423901,4.044790182375185,2,1,1,0.02,0.08,0.03,0.15,0.9,0.1,-1.2,0.0,0,0,1,0,0.825,0.2
447,3,0.9911314845085144,0.24471724033355713,-0.3429625630378723,-3.214702716938983,4.307350567452442,2,1,1,0.02,0.08,0.03,0.15,0.9,0.1,-1.2,0.0,0,0,1,0,0.825,0.2
447,4,-1.4070183038711548,0.3992488384246826,-0.7914407849311829,5.674289695106677,-6.28,0,0,0,0.02,0.08,0.03,0.15,0.9,0.1,-1.2,0.0,0,0,1,0,0.825,0.2
447,5,0.7111445665359497,-0.20760463178157806,-0.6239365339279175,2.7769887122052137,0.1135622796503314,2,1,1,0.02,0.08,0.03,0.15,0.9,0.1,-1.2,0.0,0,0,1,0,0.825,0.2
447,6,-0.453815221786499,0.030248168855905533,1.1823419332504272,-4.760644894857842,4.556405094285448,2,1,1,0.02,0.08,0.03,0.15,0.9,0.1,-1.2,0.0,0,0,1,0,0.825,0.2
447,7,-1.0212993621826172,-0.011582965031266212,-3.009535074234009,-2.1175611988189353,4.223744623103615,2,1,1,0.02,0.08,0.03,0.15,0.9,0.1,-1.2,0.0,0,0,1,0,0.825,0.2
448,0,0.4846021234989166,0.2582404613494873,2.547900915145874,2.4751076607765867,-0.9436419615998698,2,1,1,0.02,0.08,0.03,0.15,0.9,0.1,-1.2,0.0,0,0,1,0,0.825,0.2
448,1,-0.03701908513903618,0.4063176214694977,1.6608641147613525,-1.289644281811313,3.6419374650950895,2,1,1,0.02,0.08,0.03,0.15,0.9,0.1,-1.2,0.0,0,0,1,0,0.825,0.2
448,2,0.10064990073442459,-0.09693081676959991,-1.9478847980499268,-0.8153881632084334,4.0552579669269075,2,1,1,0.02,0.08,0.03,0.15,0.9,0.1,-1.2,0.0,0,0,1,0,0.825,0.2
448,3,0.9921358227729797,0.2445240616798401,-0.030716516077518463,-3.4066564430420323,4.357841907901041,2,1,1,0.02,0.08,0.03,0.15,0.9,0.1,-1.2,0.0,0,0,1,0,0.825,0.2
448,4,-1.4070508480072021,0.39929306507110596,-1.1944561004638672,4.951267111902332,-5.764095351192502,0,0,0,0.02,0.08,0.03,0.15,0.9,0.1,-1.2,0.0,0,0,1,0,0.825,0.2
448,5,0.7138574123382568,-0.2096882313489914,-0.6874178051948547,2.3120672129436697,0.44135448451511833,2,1,1,0.02,0.08,0.03,0.15,0.9,0.1,-1.2,0.0,0,0,1,0,0.825,0.2
448,6,-0.45327210426330566,0.03204258158802986,1.4939862489700317,-4.289531674845755,4.424096035203257,2,1,1,0.02,0.08,0.03,0.15,0.9,0.1,-1.2,0.0,0,0,1,0,0.825,0.2
448,7,-1.0229051113128662,-0.011990356259047985,-2.7713546752929688,-1.2876014498758752,4.163649842730954,2,1,1,0.02,0.08,0.03,0.15,0.9,0.1,-1.2,0.0,0,0,1,0,0.825,0.2
449,0,0.48310402035713196,0.25928670167922974,2.5137457847595215,3.288054537839331,-2.1085891669532137,2,1,1,0.02,0.08,0.03,0.15,0.9,0.1,-1.2,0.0,0,0,1,0,0.825,0.2
449,1,-0.03747917711734772,0.4089377224445343,1.8404059410095215,-2.1890894030790853,3.8093768122572147,2,1,1,0.02,0.08,0.03,0.15,0.9,0.1,-1.2,0.0,0,0,1,0,0.825,0.2
449,2,0.09971561282873154,-0.10017778724431992,-1.7495023012161255,-0.7631666926602512,3.9157600858873938,2,1,1,0.02,0.08,0.03,0.15,0.9,0.1,-1.2,0.0,0,0,1,0,0.825,0.2
449,3,0.9932027459144592,0.24465185403823853,0.2845766246318817,-3.319970497744444,4.328655967371825,2,1,1,0.02,0.08,0.03,0.15,0.9,0.1,-1.2,0.0,0,0,1,0,0.825,0.2
449,4,-1.4070543050765991,0.3994351327419281,-1.3694874048233032,4.750218170417439,-5.6965140851979275,0,0,0,0.02,0.08,0.03,0.15,0.9,0.1,-1.2,0.0,0,0,1,0,0.825,0.2
449,5,0.7160860300064087,-0.21166491508483887,-0.7751958966255188,2.5405201122355168,-0.18334816260859743,2,1,1,0.02,0.08,0.03,0.15,0.9,0.1,-1.2,0.0,0,0,1,0,0.825,0.2
449,6,-0.4533137083053589,0.032746024429798126,1.8496822118759155,-3.27822645587356,4.233473708799954,2,1,1,0.02,0.08,0.03,0.15,0.9,0.1,-1.2,0.0,0,0,1,0,0.825,0.2
449,7,-1.0246831178665161,-0.012937142513692379,-2.5437583923339844,-1.0415768239338374,4.348302617097123,2,1,1,0.02,0.08,0.03,0.15,0.9,0.1,-1.2,0.0,0,0,1,0,0.825,0.2
450,0,0.4819706678390503,0.2601724863052368,2.405865430831909,3.9086192622179396,-3.08190403060814,2,1,1,0.02,0.08,0.03,0.15,0.9,0.1,-1.2,0.0,0,0,1,0,0.825,0.2
450,1,-0.038310837000608444,0.4112105965614319,2.015141725540161,-3.3153772913960453,4.159217100089304,2,1,1,0.02,0.08,0.03,0.15,0.9,0.1,-1.2,0.0,0,0,1,0,0.825,0.2
450,2,0.09938230365514755,-0.10388057678937912,-1.5641361474990845,0.022640896686033224,3.33855992100086,2,1,1,0.02,0.08,0.03,0.15,0.9,0.1,-1.2,0.0,0,0,1,0,0.825,0.2
450,3,0.9940863847732544,0.2450684905052185,0.6121146082878113,-2.7858793624890907,4.203855026627884,2,1,1,0.02,0.08,0.03,0.15,0.9,0.1,-1.2,0.0,0,0,1,0,0.825,0.2
450,4,-1.4066694974899292,0.3989524245262146,-1.582521915435791,4.582471413534514,-5.853011454180352,0,0,0,0.02,0.08,0.03,0.15,0.9,0.1,-1.2,0.0,0,0,1,0,0.825,0.2
450,5,0.7179978489875793,-0.21368326246738434,-0.8463237285614014,3.0686554401381385,-1.2690693424456778,2,1,1,0.02,0.08,0.03,0.15,0.9,0.1,-1.2,0.0,0,0,1,0,0.825,0.2
450,6,-0.4536106288433075,0.033215995877981186,2.189887762069702,-1.917685204701533,3.9604545087145904,2,1,1,0.02,0.08,0.03,0.15,0.9,0.1,-1.2,0.0,0,0,1,0,0.825,0.2
450,7,-1.0267679691314697,-0.014703079126775265,-2.3459432125091553,-0.3230979094728678,4.319736440520353,2,1,1,0.02,0.08,0.03,0.15,0.9,0.1,-1.2,0.0,0,0,1,0,0.825,0.2
451,0,0.48115065693855286,0.26103684306144714,2.2276830673217773,4.163721629431449,-3.531322905367354,2,1,1,0.02,0.08,0.03,0.15,0.9,0.1,-1.2,0.0,0,0,1,0,0.825,0.2
451,1,-0.03921092301607132,0.412750780582428,2.2189667224884033,-4.320704993227672,4.43949922583456,2,1,1,0.02,0.08,0.03,0.15,0.9,0.1,-1.2,0.0,0,0,1,0,0.825,0.2
451,2,0.09970889985561371,-0.10748845338821411,-1.383436679840088,0.6497878576804241,2.7855750062518676,2,1,1,0.02,0.08,0.03,0.15,0.9,0.1,-1.2,0.0,0,0,1,0,0.825,0.2
451,3,0.9946240782737732,0.24561165273189545,0.9280446171760559,-1.1651657743237331,3.847449864870683,2,1,1,0.02,0.08,0.03,0.15,0.9,0.1,-1.2,0.0,0,0,1,0,0.825,0.2
451,4,-1.407052755355835,0.3967664837837219,-1.8410969972610474,4.489691656460766,-5.061634085819238,0,0,0,0.02,0.08,0.03,0.15,0.9,0.1,-1.2,0.0,0,0,1,0,0.825,0.2
451,5,0.7195419669151306,-0.21556828916072845,-0.9358803629875183,2.83036920678459,-1.1368672043464727,2,1,1,0.02,0.08,0.03,0.15,0.9,0.1,-1.2,0.0,0,0,1,0,0.825,0.2
451,6,-0.4546341598033905,0.034266505390405655,2.4893734455108643,-1.0466056597467226,3.7758139794846852,2,1,1,0.02,0.08,0.03,0.15,0.9,0.1,-1.2,0.0,0,0,1,0,0.825,0.2
451,7,-1.0288090705871582,-0.01721104606986046,-2.1564531326293945,0.07050563497964964,4.389761603999161,2,1,1,0.02,0.08,0.03,0.15,0.9,0.1,-1.2,0.0,0,0,1,0,0.825,0.2
452,0,0.48067453503608704,0.2618030309677124,1.9923923015594482,4.012277778674378,-3.1039491647813535,2,1,1,0.02,0.08,0.03,0.15,0.9,0.1,-1.2,0.0,0,0,1,0,0.825,0.2
452,1,-0.03989548236131668,0.413504034280777,2.4725260734558105,-3.94721575950967,4.406668957556136,2,1,1,0.02,0.08,0.03,0.15,0.9,0.1,-1.2,0.0,0,0,1,0,0.825,0.2
452,2,0.10063626617193222,-0.1109851822257042,-1.2445720434188843,0.7824939938309067,2.665021043604924,2,1,1,0.02,0.08,0.03,0.15,0.9,0.1,-1.2,0.0,0,0,1,0,0.825,0.2
452,3,0.9952554702758789,0.24679727852344513,1.2301629781723022,0.023137133271652205,3.639870146265747,2,1,1,0.02,0.08,0.03,0.15,0.9,0.1,-1.2,0.0,0,0,1,0,0.825,0.2
452,4,-1.4076608419418335,0.3947705924510956,-2.102041721343994,4.4643294448687065,-4.564607427520894,0,0,0,0.02,0.08,0.03,0.15,0.9,0.1,-1.2,0.0,0,0,1,0,0.825,0.2
452,5,0.7205927968025208,-0.21717078983783722,-1.0769819021224976,1.8600715252766902,-0.20233823502677303,2,1,1,0.02,0.08,0.03,0.15,0.9,0.1,-1.2,0.0,0,0,1,0,0.825,0.2
452,6,-0.45631688833236694,0.03528813645243645,2.719794750213623,-0.40611442593611985,3.5457315734560875,2,1,1,0.02,0.08,0.03,0.15,0.9,0.1,-1.2,0.0,0,0,1,0,0.825,0.2
452,7,-1.0306631326675415,-0.020603947341442108,-1.9885294437408447,0.8186059487082081,4.2668897295120365,2,1,1,0.02,0.08,0.03,0.15,0.9,0.1,-1.2,0.0,0,0,1,0,0.825,0.2
453,0,0.48040416836738586,0.2626363933086395,1.7189967632293701,3.594857254917363,-2.2650808265856894,2,1,1,0.02,0.08,0.03,0.15,0.9,0.1,-1.2,0.0,0,0,1,0,0.825,0.2
453,1,-0.04011286795139313,0.4136817753314972,2.7739784717559814,-3.528913907040957,4.434804550637606,2,1,1,0.02,0.08,0.03,0.15,0.9,0.1,-1.2,0.0,0,0,1,0,0.825,0.2
453,2,0.1019304022192955,-0.11426694691181183,-1.1579616069793701,0.6864091909377529,2.6872537226355164,2,1,1,0.02,0.08,0.03,0.15,0.9,0.1,-1.2,0.0,0,0,1,0,0.825,0.2
453,3,0.9957621097564697,0.24905474483966827,1.4401713609695435,-0.24269900336258074,3.801777653039185,2,1,1,0.02,0.08,0.03,0.15,0.9,0.1,-1.2,0.0,0,0,1,0,0.825,0.2
453,4,-1.4074296951293945,0.3944131135940552,-2.4403269290924072,4.493500483032787,-3.116024390224386,0,0,0,0.02,0.08,0.03,0.15,0.9,0.1,-1.2,0.0,0,0,1,0,0.825,0.2
453,5,0.7213038206100464,-0.21873615682125092,-1.2190829515457153,1.0316358091377418,0.35663346191185225,2,1,1,0.02,0.08,0.03,0.15,0.9,0.1,-1.2,0.0,0,0,1,0,0.825,0.2
453,6,-0.4587724506855011,0.03612662851810455,2.894439697265625,0.3846466234645929,2.97651902570376,2,1,1,0.02,0.08,0.03,0.15,0.9,0.1,-1.2,0.0,0,0,1,0,0.825,0.2
453,7,-1.0321228504180908,-0.024723725393414497,-1.8349817991256714,1.37440469317506,4.127922497175423,2,1,1,0.02,0.08,0.03,0.15,0.9,0.1,-1.2,0.0,0,0,1,0,0.825,0.2
454,0,0.4803943634033203,0.2641701400279999,1.4407190084457397,3.769812081482031,-2.0043758843687933,2,1,1,0.02,0.08,0.03,0.15,0.9,0.1,-1.2,0.0,0,0,1,0,0.825,0.2
454,1,-0.0402132123708725,0.4137517511844635,3.1114797592163086,-1.870956761839493,4.446196839237104,2,1,1,0.02,0.08,0.03,0.15,0.9,0.1,-1.2,0.0,0,0,1,0,0.825,0.2
454,2,0.10342081636190414,-0.11736659705638885,-1.090529441833496,0.7446232633292182,2.5194532565707712,2,1,1,0.02,0.08,0.03,0.15,0.9,0.1,-1.2,0.0,0,0,1,0,0.825,0.2
454,3,0.9959487318992615,0.25241169333457947,1.578686237335205,-0.6455394254170885,3.8717602691008643,2,1,1,0.02,0.08,0.03,0.15,0.9,0.1,-1.2,0.0,0,0,1,0,0.825,0.2
454,4,-1.407763123512268,0.3942086696624756,-2.791887044906616,4.538258913366258,-2.3887788759750723,0,0,0,0.02,0.08,0.03,0.15,0.9,0.1,-1.2,0.0,0,0,1,0,0.825,0.2
454,5,0.7217963337898254,-0.22032533586025238,-1.3046936988830566,1.7480292215137787,-0.6704960864093886,2,1,1,0.02,0.08,0.03,0.15,0.9,0.1,-1.2,0.0,0,0,1,0,0.825,0.2
454,6,-0.4617845118045807,0.0366506390273571,3.037935972213745,0.18126342741055892,3.018276646069452,2,1,1,0.02,0.08,0.03,0.15,0.9,0.1,-1.2,0.0,0,0,1,0,0.825,0.2
454,7,-1.0330939292907715,-0.029589734971523285,-1.7081271409988403,1.6515671769601281,4.013807283813982,2,1,1,0.02,0.08,0.03,0.15,0.9,0.1,-1.2,0.0,0,0,1,0,0.825,0.2
455,0,0.4808350205421448,0.2659396827220917,1.2060171365737915,3.357399239164649,-1.1187854496686491,2,1,1,0.02,0.08,0.03,0.15,0.9,0.1,-1.2,0.0,0,0,1,0,0.825,0.2
455,1,-0.04075373709201813,0.4136272966861725,-2.840613842010498,-1.390988657737676,4.568499706701739,2,1,1,0.02,0.08,0.03,0.15,0.9,0.1,-1.2,0.0,0,0,1,0,0.825,0.2
455,2,0.10508318245410919,-0.12031558156013489,-1.0213637351989746,-0.1339845090658185,3.144568921355964,2,1,1,0.02,0.08,0.03,0.15,0.9,0.1,-1.2,0.0,0,0,1,0,0.825,0.2
455,3,0.9956905245780945,0.2559793293476105,1.7167071104049683,-1.0910880313974316,3.923610313384015,2,1,1,0.02,0.08,0.03,0.15,0.9,0.1,-1.2,0.0,0,0,1,0,0.825,0.2
455,4,-1.4088622331619263,0.39402294158935547,-3.1248488426208496,4.470489284911363,-1.3430776952255634,0,0,0,0.02,0.08,0.03,0.15,0.9,0.1,-1.2,0.0,0,0,1,0,0.825,0.2
455,5,0.7221410274505615,-0.22172202169895172,-1.33787202835083,-0.4576090970434238,1.2928654952265626,2,1,1,0.02,0.08,0.03,0.15,0.9,0.1,-1.2,0.0,0,0,1,0,0.825,0.2
455,6,-0.4650936722755432,0.03681128844618797,3.137566566467285,-0.5495958086436644,3.3280887175174154,2,1,1,0.02,0.08,0.03,0.15,0.9,0.1,-1.2,0.0,0,0,1,0,0.825,0.2
455,7,-1.033545970916748,-0.03501099348068237,-1.6060806512832642,-6.28,6.28,2,1,1,0.02,0.08,0.03,0.15,0.9,0.1,-1.2,0.0,0,0,1,0,0.825,0.2
456,0,0.48184826970100403,0.2679291069507599,0.9841707348823547,3.2922654926742454,-0.6618032001107811,2,1,1,0.02,0.08,0.03,0.15,0.9,0.1,-1.2,0.0,0,0,1,0,0.825,0.2
456,1,-0.04279107227921486,0.412640243768692,-2.559511184692383,-0.4772705083196105,4.426154360686448,2,1,1,0.02,0.08,0.03,0.15,0.9,0.1,-1.2,0.0,0,0,1,0,0.825,0.2
456,2,0.1068858951330185,-0.12306144088506699,-0.9576197862625122,-0.974493125547397,3.592657185655773,2,1,1,0.02,0.08,0.03,0.15,0.9,0.1,-1.2,0.0,0,0,1,0,0.825,0.2
456,3,0.9949824810028076,0.25919288396835327,1.8718323707580566,-1.929673202809825,4.0555834922529925,2,1,1,0.02,0.08,0.03,0.15,0.9,0.1,-1.2,0.0,0,0,1,0,0.825,0.2
456,4,-1.4108636379241943,0.3942936062812805,2.860656976699829,4.253752225933084,-0.6813866334153383,0,0,0,0.02,0.08,0.03,0.15,0.9,0.1,-1.2,0.0,0,0,1,0,0.825,0.2
456,5,0.7223753333091736,-0.2228367179632187,-1.410447120666504,2.0928012754633047,-1.4742062647318892,2,1,1,0.02,0.08,0.03,0.15,0.9,0.1,-1.2,0.0,0,0,1,0,0.825,0.2
456,6,-0.4683196246623993,0.03667296841740608,-3.0482277870178223,-0.41447649251122387,3.1131864409282843,2,1,1,0.02,0.08,0.03,0.15,0.9,0.1,-1.2,0.0,0,0,1,0,0.825,0.2
456,7,-1.0334962606430054,-0.040638938546180725,-1.520721673965454,-6.28,6.28,2,1,1,0.02,0.08,0.03,0.15,0.9,0.1,-1.2,0.0,0,0,1,0,0.825,0.2
457,0,0.48346832394599915,0.2699369490146637,0.8036239743232727,2.752097259009166,-0.11216179849724682,2,1,1,0.02,0.08,0.03,0.15,0.9,0.1,-1.2,0.0,0,0,1,0,0.825,0.2
457,1,-0.045118771493434906,0.41081273555755615,-2.3166561126708984,-0.9191824053728748,4.231245726844089,2,1,1,0.02,0.08,0.03,0.15,0.9,0.1,-1.2,0.0,0,0,1,0,0.825,0.2
457,2,0.10875473916530609,-0.12548936903476715,-0.8531191349029541,-2.1009903764536006,3.1428131938831085,2,1,1,0.02,0.08,0.03,0.15,0.9,0.1,-1.2,0.0,0,0,1,0,0.825,0.2
457,3,0.9938990473747253,0.2618940472602844,2.0447871685028076,-2.4175423252375317,4.092913756051798,2,1,1,0.02,0.08,0.03,0.15,0.9,0.1,-1.2,0.0,0,0,1,0,0.825,0.2
457,4,-1.413581132888794,0.3954697251319885,2.607823610305786,4.370134435440325,-2.0690511217364476,0,0,0,0.02,0.08,0.03,0.15,0.9,0.1,-1.2,0.0,0,0,1,0,0.825,0.2
457,5,0.7225099802017212,-0.2237083911895752,-1.3781250715255737,2.6123958866717407,-2.153285896630497,2,1,1,0.02,0.08,0.03,0.15,0.9,0.1,-1.2,0.0,0,0,1,0,0.825,0.2
457,6,-0.47114700078964233,0.03624724969267845,-2.9193358421325684,-3.818123032102611,4.2810629579659,2,1,1,0.02,0.08,0.03,0.15,0.9,0.1,-1.2,0.0,0,0,1,0,0.825,0.2
457,7,-1.0334594249725342,-0.04174663871526718,-1.1470048427581787,-6.28,4.992006027307791,2,1,1,0.02,0.08,0.03,0.15,0.9,0.1,-1.2,0.0,0,0,1,0,0.825,0.2
458,0,0.4854002296924591,0.27167123556137085,0.6604207754135132,1.9428750919151276,0.3297471879795398,2,1,1,0.02,0.08,0.03,0.15,0.9,0.1,-1.2,0.0,0,0,1,0,0.825,0.2
458,1,-0.047426287084817886,0.407924085855484,-2.1322391033172607,-0.7328315590602211,3.9359195880742255,2,1,1,0.02,0.08,0.03,0.15,0.9,0.1,-1.2,0.0,0,0,1,0,0.825,0.2
458,2,0.11066233366727829,-0.12740501761436462,-0.701556921005249,-2.4413054929700255,3.542792876044915,2,1,1,0.02,0.08,0.03,0.15,0.9,0.1,-1.2,0.0,0,0,1,0,0.825,0.2
458,3,0.9926814436912537,0.2638223469257355,2.2488720417022705,-2.6969283403475877,4.082667130382836,2,1,1,0.02,0.08,0.03,0.15,0.9,0.1,-1.2,0.0,0,0,1,0,0.825,0.2
458,4,-1.41637122631073,0.3975599706172943,2.393598794937134,4.504787762461462,-3.6216401800496953,0,0,0,0.02,0.08,0.03,0.15,0.9,0.1,-1.2,0.0,0,0,1,0,0.825,0.2
458,5,0.7226265668869019,-0.22436128556728363,-1.4661359786987305,-1.5337442473661054,1.8970364939460187,2,1,1,0.02,0.08,0.03,0.15,0.9,0.1,-1.2,0.0,0,0,1,0,0.825,0.2
458,6,-0.4737464189529419,0.035486090928316116,-2.7927091121673584,-3.9494502514243606,4.3836046410941085,2,1,1,0.02,0.08,0.03,0.15,0.9,0.1,-1.2,0.0,0,0,1,0,0.825,0.2
458,7,-1.033387541770935,-0.041953977197408676,-0.7803579568862915,-6.09474214945092,4.590935056554412,2,1,1,0.02,0.08,0.03,0.15,0.9,0.1,-1.2,0.0,0,0,1,0,0.825,0.2
459,0,0.4875662624835968,0.2731687128543854,0.5529114603996277,1.7683770038929094,0.2992582583941577,2,1,1,0.02,0.08,0.03,0.15,0.9,0.1,-1.2,0.0,0,0,1,0,0.825,0.2
459,1,-0.049009837210178375,0.4048735797405243,-1.9540985822677612,-0.2810490993951604,3.619898685302043,2,1,1,0.02,0.08,0.03,0.15,0.9,0.1,-1.2,0.0,0,0,1,0,0.825,0.2
459,2,0.11176571995019913,-0.12820319831371307,-0.5217717885971069,-2.4168386079408606,3.713169056376981,2,1,1,0.02,0.08,0.03,0.15,0.9,0.1,-1.2,0.0,0,0,1,0,0.825,0.2
459,3,0.9914332628250122,0.265097439289093,2.474759340286255,-2.821679764744973,4.039036625382638,2,1,1,0.02,0.08,0.03,0.15,0.9,0.1,-1.2,0.0,0,0,1,0,0.825,0.2
459,4,-1.4180331230163574,0.3994850516319275,2.134603977203369,4.5548456702525995,-3.8759118709857834,0,0,0,0.02,0.08,0.03,0.15,0.9,0.1,-1.2,0.0,0,0,1,0,0.825,0.2
459,5,0.7226508259773254,-0.22485560178756714,-1.6254030466079712,-3.5668914297292407,3.744552112705514,2,1,1,0.02,0.08,0.03,0.15,0.9,0.1,-1.2,0.0,0,0,1,0,0.825,0.2
459,6,-0.4745689332485199,0.03511720150709152,-2.5387179851531982,-3.2118109669041024,4.365370017093982,2,1,1,0.02,0.08,0.03,0.15,0.9,0.1,-1.2,0.0,0,0,1,0,0.825,0.2
459,7,-1.0332950353622437,-0.04205533117055893,-0.752953290939331,-6.28,4.443144295878774,2,1,1,0.02,0.08,0.03,0.15,0.9,0.1,-1.2,0.0,0,0,1,0,0.825,0.2
460,0,0.48960185050964355,0.2743227481842041,0.48800984025001526,2.5895320993061928,-0.42385466486828915,2,1,1,0.02,0.08,0.03,0.15,0.9,0.1,-1.2,0.0,0,0,1,0,0.825,0.2
460,1,-0.0499691516160965,0.4017956554889679,-1.7873774766921997,-0.9727211392661208,3.708476533940069,2,1,1,0.02,0.08,0.03,0.15,0.9,0.1,-1.2,0.0,0,0,1,0,0.825,0.2
460,2,0.11276352405548096,-0.12864412367343903,-0.3162456154823303,-2.72523673294062,4.030555506754556,2,1,1,0.02,0.08,0.03,0.15,0.9,0.1,-1.2,0.0,0,0,1,0,0.825,0.2
460,3,0.9902046918869019,0.26588141918182373,2.711782455444336,-1.794010902969294,3.5965933062257065,2,1,1,0.02,0.08,0.03,0.15,0.9,0.1,-1.2,0.0,0,0,1,0,0.825,0.2
460,4,-1.418257236480713,0.3999477028846741,1.8312067985534668,4.799754084892861,-2.599057210482947,0,0,0,0.02,0.08,0.03,0.15,0.9,0.1,-1.2,0.0,0,0,1,0,0.825,0.2
460,5,0.7226219773292542,-0.22523504495620728,-1.5617914199829102,-5.012613888820748,4.799498189986997,2,1,1,0.02,0.08,0.03,0.15,0.9,0.1,-1.2,0.0,0,0,1,0,0.825,0.2
460,6,-0.4744716286659241,0.03521202877163887,-2.224093198776245,-2.0963572249712947,4.396257563849688,2,1,1,0.02,0.08,0.03,0.15,0.9,0.1,-1.2,0.0,0,0,1,0,0.825,0.2
460,7,-1.0329099893569946,-0.041521236300468445,-0.39014801383018494,-4.908216696643961,4.428227837226292,2,1,1,0.02,0.08,0.03,0.15,0.9,0.1,-1.2,0.0,0,0,1,0,0.825,0.2
461,0,0.49148669838905334,0.2752589285373688,0.43570175766944885,1.637326132666473,-0.003190275808325968,2,1,1,0.02,0.08,0.03,0.15,0.9,0.1,-1.2,0.0,0,0,1,0,0.825,0.2
461,1,-0.05044645071029663,0.39852070808410645,-1.645533561706543,-0.14525744367237386,3.4160554852727327,2,1,1,0.02,0.08,0.03,0.15,0.9,0.1,-1.2,0.0,0,0,1,0,0.825,0.2
461,2,0.11400006711483002,-0.12889337539672852,-0.10149750858545303,-2.3309814908095383,3.995001541604643,2,1,1,0.02,0.08,0.03,0.15,0.9,0.1,-1.2,0.0,0,0,1,0,0.825,0.2
461,3,0.9890148639678955,0.26629191637039185,2.9526524543762207,-1.8730908456677395,3.6405653103966817,2,1,1,0.02,0.08,0.03,0.15,0.9,0.1,-1.2,0.0,0,0,1,0,0.825,0.2
461,4,-1.418239712715149,0.39987272024154663,1.5084905624389648,5.068019995832558,-1.0584092693523623,0,0,0,0.02,0.08,0.03,0.15,0.9,0.1,-1.2,0.0,0,0,1,0,0.825,0.2
461,5,0.7226260304450989,-0.22546400129795074,-1.3304845094680786,-4.373919064644589,4.410933882301996,2,1,1,0.02,0.08,0.03,0.15,0.9,0.1,-1.2,0.0,0,0,1,0,0.825,0.2
461,6,-0.47482359409332275,0.03450034186244011,-1.9038240909576416,-1.2126133176894291,4.490113548168694,2,1,1,0.02,0.08,0.03,0.15,0.9,0.1,-1.2,0.0,0,0,1,0,0.825,0.2
461,7,-1.0292367935180664,-0.04265950992703438,-0.21247680485248566,-4.593614500896075,4.448113362729139,2,1,1,0.02,0.08,0.03,0.15,0.9,0.1,-1.2,0.0,0,0,1,0,0.825,0.2
462,0,0.49346548318862915,0.27608728408813477,0.34084686636924744,1.2946178705290887,0.03405337983985474,2,1,1,0.02,0.08,0.03,0.15,0.9,0.1,-1.2,0.0,0,0,1,0,0.825,0.2
462,1,-0.050458263605833054,0.39566442370414734,-1.4869071245193481,-0.4355627786096713,3.495937688433209,2,1,1,0.02,0.08,0.03,0.15,0.9,0.1,-1.2,0.0,0,0,1,0,0.825,0.2
462,2,0.115302175283432,-0.12887169420719147,0.1321716010570526,-1.4790405056168539,3.746945360548659,2,1,1,0.02,0.08,0.03,0.15,0.9,0.1,-1.2,0.0,0,0,1,0,0.825,0.2
462,3,0.9874260425567627,0.26644039154052734,-3.1280677318573,-2.3081143634064434,3.8475645916207086,2,1,1,0.02,0.08,0.03,0.15,0.9,0.1,-1.2,0.0,0,0,1,0,0.825,0.2
462,4,-1.4179208278656006,0.4010240435600281,1.2164146900177002,5.089966480702956,-0.03346543010010264,0,0,0,0.02,0.08,0.03,0.15,0.9,0.1,-1.2,0.0,0,0,1,0,0.825,0.2
462,5,0.7225537300109863,-0.22531987726688385,-0.9974774122238159,-4.620072141812662,4.514669674299933,2,1,1,0.02,0.08,0.03,0.15,0.9,0.1,-1.2,0.0,0,0,1,0,0.825,0.2
462,6,-0.47519853711128235,0.0324486568570137,-1.6193832159042358,0.24138214131101607,4.352281184797532,2,1,1,0.02,0.08,0.03,0.15,0.9,0.1,-1.2,0.0,0,0,1,0,0.825,0.2
462,7,-1.0279910564422607,-0.04283642768859863,0.08272282034158707,-3.1751560507921894,4.665695620715998,2,1,1,0.02,0.08,0.03,0.15,0.9,0.1,-1.2,0.0,0,0,1,0,0.825,0.2
463,0,0.49512577056884766,0.27660834789276123,0.2737026512622833,2.116534811909228,-0.7187632063521937,2,1,1,0.02,0.08,0.03,0.15,0.9,0.1,-1.2,0.0,0,0,1,0,0.825,0.2
463,1,-0.04996811971068382,0.3925454616546631,-1.3534151315689087,-0.5531703453336558,3.487361099143703,2,1,1,0.02,0.08,0.03,0.15,0.9,0.1,-1.2,0.0,0,0,1,0,0.825,0.2
463,2,0.11676565557718277,-0.12847599387168884,0.3605014979839325,-0.5511647462939396,3.3594311694063546,2,1,1,0.02,0.08,0.03,0.15,0.9,0.1,-1.2,0.0,0,0,1,0,0.825,0.2
463,3,0.9856188297271729,0.2662493884563446,-2.934058904647827,-2.3573495782219545,3.9473415649735104,2,1,1,0.02,0.08,0.03,0.15,0.9,0.1,-1.2,0.0,0,0,1,0,0.825,0.2
463,4,-1.4164754152297974,0.403735488653183,0.9724846482276917,4.44631964609572,0.9623073160132809,0,0,0,0.02,0.08,0.03,0.15,0.9,0.1,-1.2,0.0,0,0,1,0,0.825,0.2
463,5,0.7221763730049133,-0.22493982315063477,-0.6495465040206909,-3.26876794585491,4.153099220372659,2,1,1,0.02,0.08,0.03,0.15,0.9,0.1,-1.2,0.0,0,0,1,0,0.825,0.2
463,6,-0.4749596416950226,0.029426181688904762,-1.3745087385177612,1.3213704281276426,4.117117643839149,2,1,1,0.02,0.08,0.03,0.15,0.9,0.1,-1.2,0.0,0,0,1,0,0.825,0.2
463,7,-1.0282036066055298,-0.04294244945049286,0.45543140172958374,-1.9080805537986432,4.96074818736512,2,1,1,0.02,0.08,0.03,0.15,0.9,0.1,-1.2,0.0,0,0,1,0,0.825,0.2
464,0,0.49647101759910583,0.27695009112358093,0.22688688337802887,2.3903778306908365,-1.0297116773347739,2,1,1,0.02,0.08,0.03,0.15,0.9,0.1,-1.2,0.0,0,0,1,0,0.825,0.2
464,1,-0.04910087212920189,0.3895569443702698,-1.2178514003753662,-0.4855080724133258,3.3945297314908327,2,1,1,0.02,0.08,0.03,0.15,0.9,0.1,-1.2,0.0,0,0,1,0,0.825,0.2
464,2,0.11870977282524109,-0.12751369178295135,0.5522472262382507,0.34395173055341216,2.823089929043243,2,1,1,0.02,0.08,0.03,0.15,0.9,0.1,-1.2,0.0,0,0,1,0,0.825,0.2
464,3,0.9840625524520874,0.26577749848365784,-2.7211217880249023,-2.3363442882483376,4.051789257396379,2,1,1,0.02,0.08,0.03,0.15,0.9,0.1,-1.2,0.0,0,0,1,0,0.825,0.2
464,4,-1.4136484861373901,0.4070548713207245,0.769268810749054,3.347112642879048,0.16622780820717206,0,0,0,0.02,0.08,0.03,0.15,0.9,0.1,-1.2,0.0,0,0,1,0,0.825,0.2
464,5,0.7218722701072693,-0.22480958700180054,-0.28713104128837585,-2.867288726209844,4.23843487339634,2,1,1,0.02,0.08,0.03,0.15,0.9,0.1,-1.2,0.0,0,0,1,0,0.825,0.2
464,6,-0.47369831800460815,0.025288593024015427,-1.190092921257019,1.8337096639899386,4.066235283734095,2,1,1,0.02,0.08,0.03,0.15,0.9,0.1,-1.2,0.0,0,0,1,0,0.825,0.2
464,7,-1.0272759199142456,-0.042329076677560806,0.7807410955429077,-0.5804463903811778,5.201096979847273,2,1,1,0.02,0.08,0.03,0.15,0.9,0.1,-1.2,0.0,0,0,1,0,0.825,0.2
465,0,0.4978293776512146,0.27721261978149414,0.13842689990997314,2.7752498889978057,-1.3513693146511578,2,1,1,0.02,0.08,0.03,0.15,0.9,0.1,-1.2,0.0,0,0,1,0,0.825,0.2
465,1,-0.04789435490965843,0.38684773445129395,-1.076600432395935,-0.6727970023944423,3.371382694694882,2,1,1,0.02,0.08,0.03,0.15,0.9,0.1,-1.2,0.0,0,0,1,0,0.825,0.2
465,2,0.12090197205543518,-0.12591971457004547,0.6982665061950684,1.0499030790115493,2.247429505274734,2,1,1,0.02,0.08,0.03,0.15,0.9,0.1,-1.2,0.0,0,0,1,0,0.825,0.2
465,3,0.9826622605323792,0.2649857997894287,-2.499755859375,-2.7460985922625536,4.214663996677685,2,1,1,0.02,0.08,0.03,0.15,0.9,0.1,-1.2,0.0,0,0,1,0,0.825,0.2
465,4,-1.4098094701766968,0.41023290157318115,0.6243078112602234,2.9114244608181177,-1.112567577209163,0,0,0,0.02,0.08,0.03,0.15,0.9,0.1,-1.2,0.0,0,0,1,0,0.825,0.2
465,5,0.7226660847663879,-0.22491542994976044,0.03421218693256378,-1.855233123510413,4.083310838318595,2,1,1,0.02,0.08,0.03,0.15,0.9,0.1,-1.2,0.0,0,0,1,0,0.825,0.2
465,6,-0.47140756249427795,0.020566042512655258,-1.0628467798233032,-5.676097973528043,4.553089807206445,2,1,1,0.02,0.08,0.03,0.15,0.9,0.1,-1.2,0.0,0,0,1,0,0.825,0.2
465,7,-1.025650143623352,-0.0401398241519928,1.0776540040969849,1.1876059701141586,5.358845701446726,2,1,1,0.02,0.08,0.03,0.15,0.9,0.1,-1.2,0.0,0,0,1,0,0.825,0.2
466,0,0.49919381737709045,0.27732840180397034,0.0224138293415308,3.4679636311779305,-1.9550961112025638,2,1,1,0.02,0.08,0.03,0.15,0.9,0.1,-1.2,0.0,0,0,1,0,0.825,0.2
466,1,-0.04634328931570053,0.38437166810035706,-0.9391390681266785,-1.0319082751935884,3.41122144503128,2,1,1,0.02,0.08,0.03,0.15,0.9,0.1,-1.2,0.0,0,0,1,0,0.825,0.2
466,2,0.12315928936004639,-0.12380658090114594,0.7946008443832397,1.5182213679258234,1.7238738684576465,2,1,1,0.02,0.08,0.03,0.15,0.9,0.1,-1.2,0.0,0,0,1,0,0.825,0.2
466,3,0.9813991785049438,0.26383060216903687,-2.2752983570098877,-3.067103213139568,4.285136288472209,2,1,1,0.02,0.08,0.03,0.15,0.9,0.1,-1.2,0.0,0,0,1,0,0.825,0.2
466,4,-1.40678071975708,0.4121600389480591,0.5015395879745483,4.029141362053431,-3.5490249649110206,0,0,0,0.02,0.08,0.03,0.15,0.9,0.1,-1.2,0.0,0,0,1,0,0.825,0.2
466,5,0.7239108085632324,-0.22467947006225586,0.33628416061401367,-1.7737530162165802,4.174840692526486,2,1,1,0.02,0.08,0.03,0.15,0.9,0.1,-1.2,0.0,0,0,1,0,0.825,0.2
466,6,-0.4683624804019928,0.01572144590318203,-0.9674230217933655,-5.134168763997781,4.518725556975951,2,1,1,0.02,0.08,0.03,0.15,0.9,0.1,-1.2,0.0,0,0,1,0,0.825,0.2
466,7,-1.0241978168487549,-0.03635118156671524,1.318961262702942,2.3894966568679434,5.273400997462108,2,1,1,0.02,0.08,0.03,0.15,0.9,0.1,-1.2,0.0,0,0,1,0,0.825,0.2
467,0,0.5006055235862732,0.2772645652294159,-0.11772070825099945,2.6231788280201913,-0.9647864402162001,2,1,1,0.02,0.08,0.03,0.15,0.9,0.1,-1.2,0.0,0,0,1,0,0.825,0.2
467,1,-0.04458000138401985,0.38226523995399475,-0.7982265949249268,-2.1397467762435918,3.7574708372558607,2,1,1,0.02,0.08,0.03,0.15,0.9,0.1,-1.2,0.0,0,0,1,0,0.825,0.2
467,2,0.12537707388401031,-0.12139735370874405,0.8454530239105225,1.4571394216633229,1.6840767521645508,2,1,1,0.02,0.08,0.03,0.15,0.9,0.1,-1.2,0.0,0,0,1,0,0.825,0.2
467,3,0.9805264472961426,0.2625688910484314,-2.0341875553131104,-3.3707917176170805,4.309338017551468,2,1,1,0.02,0.08,0.03,0.15,0.9,0.1,-1.2,0.0,0,0,1,0,0.825,0.2
467,4,-1.4050761461257935,0.41296330094337463,0.35800445079803467,3.6795076702120553,-2.963391901711262,0,0,0,0.02,0.08,0.03,0.15,0.9,0.1,-1.2,0.0,0,0,1,0,0.825,0.2
467,5,0.7257295250892639,-0.22373470664024353,0.5956827402114868,-1.4025336233454646,4.098104361317301,2,1,1,0.02,0.08,0.03,0.15,0.9,0.1,-1.2,0.0,0,0,1,0,0.825,0.2
467,6,-0.4687355160713196,0.015529450960457325,-0.6401568651199341,-3.2464817894957574,4.398642506741536,2,1,1,0.02,0.08,0.03,0.15,0.9,0.1,-1.2,0.0,0,0,1,0,0.825,0.2
467,7,-1.023281216621399,-0.03024798259139061,1.5081366300582886,-3.2736397550070584,3.7009225507681807,2,1,1,0.02,0.08,0.03,0.15,0.9,0.1,-1.2,0.0,0,0,1,0,0.825,0.2
468,0,0.5020921230316162,0.27695703506469727,-0.30010688304901123,2.1473660586321275,-0.27381223848402575,2,1,1,0.02,0.08,0.03,0.15,0.9,0.1,-1.2,0.0,0,0,1,0,0.825,0.2
468,1,-0.04275275394320488,0.38063323497772217,-0.644891619682312,-2.569014224521709,3.8736717433853878,2,1,1,0.02,0.08,0.03,0.15,0.9,0.1,-1.2,0.0,0,0,1,0,0.825,0.2
468,2,0.12750253081321716,-0.11893626302480698,0.8594974875450134,1.0983753757604304,1.8565184051352996,2,1,1,0.02,0.08,0.03,0.15,0.9,0.1,-1.2,0.0,0,0,1,0,0.825,0.2
468,3,0.9800722599029541,0.26137441396713257,-1.7780470848083496,-2.63711632221204,4.068287558960833,2,1,1,0.02,0.08,0.03,0.15,0.9,0.1,-1.2,0.0,0,0,1,0,0.825,0.2
468,4,-1.4041308164596558,0.4131939113140106,0.10322695225477219,3.2056823066966826,-2.3081122009182407,0,0,0,0.02,0.08,0.03,0.15,0.9,0.1,-1.2,0.0,0,0,1,0,0.825,0.2
468,5,0.727506160736084,-0.22217392921447754,0.8464246988296509,-0.9512250625553754,3.9627386092123675,2,1,1,0.02,0.08,0.03,0.15,0.9,0.1,-1.2,0.0,0,0,1,0,0.825,0.2
468,6,-0.46967175602912903,0.016060536727309227,-0.25005480647087097,-0.8226382604176457,4.6342791581923715,2,1,1,0.02,0.08,0.03,0.15,0.9,0.1,-1.2,0.0,0,0,1,0,0.825,0.2
468,7,-1.0233324766159058,-0.022979198023676872,1.6332449913024902,-2.1047354230573934,2.6027536538848888,2,1,1,0.02,0.08,0.03,0.15,0.9,0.1,-1.2,0.0,0,0,1,0,0.825,0.2
469,0,0.5036278963088989,0.2763521075248718,-0.4396495819091797,0.7950052254295678,0.9031966438908693,2,1,1,0.02,0.08,0.03,0.15,0.9,0.1,-1.2,0.0,0,0,1,0,0.825,0.2
469,1,-0.04125000536441803,0.37968018651008606,-0.44754281640052795,-2.97894616859825,3.9941670491066734,2,1,1,0.02,0.08,0.03,0.15,0.9,0.1,-1.2,0.0,0,0,1,0,0.825,0.2
469,2,0.12955300509929657,-0.11653301864862442,0.8672065138816833,1.0130905621014934,1.755325501380987,2,1,1,0.02,0.08,0.03,0.15,0.9,0.1,-1.2,0.0,0,0,1,0,0.825,0.2
469,3,0.9799624085426331,0.26038381457328796,-1.5101031064987183,-2.983850055307071,4.157728456824939,2,1,1,0.02,0.08,0.03,0.15,0.9,0.1,-1.2,0.0,0,0,1,0,0.825,0.2
469,4,-1.402825951576233,0.41315117478370667,-0.16106587648391724,2.618999235850936,-1.576176581483244,0,0,0,0.02,0.08,0.03,0.15,0.9,0.1,-1.2,0.0,0,0,1,0,0.825,0.2
469,5,0.729001522064209,-0.22000156342983246,1.0826205015182495,-0.01731028486305318,3.637914412794388,2,1,1,0.02,0.08,0.03,0.15,0.9,0.1,-1.2,0.0,0,0,1,0,0.825,0.2
469,6,-0.469093918800354,0.01601676642894745,0.06745336204767227,0.7456093711931104,5.103890767585684,2,1,1,0.02,0.08,0.03,0.15,0.9,0.1,-1.2,0.0,0,0,1,0,0.825,0.2
469,7,-1.0234612226486206,-0.021330397576093674,1.869286060333252,-3.244214983407992,3.7635892002978317,2,1,1,0.02,0.08,0.03,0.15,0.9,0.1,-1.2,0.0,0,0,1,0,0.825,0.2
470,0,0.5052452683448792,0.2754865884780884,-0.5327005982398987,1.9404591125757233,0.14162133516827274,2,1,1,0.02,0.08,0.03,0.15,0.9,0.1,-1.2,0.0,0,0,1,0,0.825,0.2
470,1,-0.039959486573934555,0.3792007267475128,-0.22436408698558807,-2.487197052084439,3.791466790285039,2,1,1,0.02,0.08,0.03,0.15,0.9,0.1,-1.2,0.0,0,0,1,0,0.825,0.2
470,2,0.1314680278301239,-0.11423532664775848,0.8900295495986938,1.2275341403906677,1.4158242617312138,2,1,1,0.02,0.08,0.03,0.15,0.9,0.1,-1.2,0.0,0,0,1,0,0.825,0.2
470,3,0.9801971912384033,0.2592152953147888,-1.2519804239273071,-2.1484216934402216,4.009079943723672,2,1,1,0.02,0.08,0.03,0.15,0.9,0.1,-1.2,0.0,0,0,1,0,0.825,0.2
470,4,-1.4014726877212524,0.41278260946273804,-0.3813270032405853,2.390428206260311,-1.3545344916248756,0,0,0,0.02,0.08,0.03,0.15,0.9,0.1,-1.2,0.0,0,0,1,0,0.825,0.2
470,5,0.730082631111145,-0.2172551304101944,1.2953011989593506,0.678334896237445,3.29700232520955,2,1,1,0.02,0.08,0.03,0.15,0.9,0.1,-1.2,0.0,0,0,1,0,0.825,0.2
470,6,-0.4663560092449188,0.016563652083277702,0.2929602563381195,1.4592169211188961,5.325221207366992,2,1,1,0.02,0.08,0.03,0.15,0.9,0.1,-1.2,0.0,0,0,1,0,0.825,0.2
470,7,-1.0235177278518677,-0.02128014899790287,2.0711510181427,-3.738783618840906,4.1755674035764345,2,1,1,0.02,0.08,0.03,0.15,0.9,0.1,-1.2,0.0,0,0,1,0,0.825,0.2
471,0,0.5067173838615417,0.2745796740055084,-0.5462539792060852,1.2914252481491297,0.5387450825694606,2,1,1,0.02,0.08,0.03,0.15,0.9,0.1,-1.2,0.0,0,0,1,0,0.825,0.2
471,1,-0.038891006261110306,0.3790585696697235,0.017609858885407448,-2.827346390934165,3.9709778492166357,2,1,1,0.02,0.08,0.03,0.15,0.9,0.1,-1.2,0.0,0,0,1,0,0.825,0.2
471,2,0.13320845365524292,-0.11203160136938095,0.9162651896476746,0.5282345151987109,1.8860118528452905,2,1,1,0.02,0.08,0.03,0.15,0.9,0.1,-1.2,0.0,0,0,1,0,0.825,0.2
471,3,0.9807150363922119,0.2580697536468506,-1.003088116645813,-0.8492549777419638,3.9005733837303884,2,1,1,0.02,0.08,0.03,0.15,0.9,0.1,-1.2,0.0,0,0,1,0,0.825,0.2
471,4,-1.4001884460449219,0.41214314103126526,-0.551552414894104,1.4063706347754652,-0.5134912091370983,0,0,0,0.02,0.08,0.03,0.15,0.9,0.1,-1.2,0.0,0,0,1,0,0.825,0.2
471,5,0.7307050824165344,-0.21395856142044067,1.4540046453475952,-0.13643256727471215,3.564800905912918,2,1,1,0.02,0.08,0.03,0.15,0.9,0.1,-1.2,0.0,0,0,1,0,0.825,0.2
471,6,-0.46170127391815186,0.01845909282565117,0.4668104648590088,2.123200234198589,5.075688703339775,2,1,1,0.02,0.08,0.03,0.15,0.9,0.1,-1.2,0.0,0,0,1,0,0.825,0.2
471,7,-1.023579478263855,-0.021221956238150597,2.3162195682525635,-4.326239572749641,4.432401202723417,2,1,1,0.02,0.08,0.03,0.15,0.9,0.1,-1.2,0.0,0,0,1,0,0.825,0.2
472,0,0.5084099173545837,0.27350878715515137,-0.5958682298660278,2.266970575850891,-0.37996581828538906,2,1,1,0.02,0.08,0.03,0.15,0.9,0.1,-1.2,0.0,0,0,1,0,0.825,0.2
472,1,-0.03777771443128586,0.3792189061641693,0.2475644201040268,-2.0872441110521813,3.8252144352853565,2,1,1,0.02,0.08,0.03,0.15,0.9,0.1,-1.2,0.0,0,0,1,0,0.825,0.2
472,2,0.1348184049129486,-0.10989966243505478,0.9268730282783508,-0.21913440958072142,2.3234313471863004,2,1,1,0.02,0.08,0.03,0.15,0.9,0.1,-1.2,0.0,0,0,1,0,0.825,0.2
472,3,0.9817678332328796,0.2567952573299408,-0.7772562503814697,-1.0449250898685252,4.157131936344126,2,1,1,0.02,0.08,0.03,0.15,0.9,0.1,-1.2,0.0,0,0,1,0,0.825,0.2
472,4,-1.399048089981079,0.4113348126411438,-0.6980023384094238,0.05128820819522662,0.5926640968547653,0,0,0,0.02,0.08,0.03,0.15,0.9,0.1,-1.2,0.0,0,0,1,0,0.825,0.2
472,5,0.7309140563011169,-0.21031993627548218,1.5622241497039795,-0.41937574665737304,3.5740550058692766,2,1,1,0.02,0.08,0.03,0.15,0.9,0.1,-1.2,0.0,0,0,1,0,0.825,0.2
472,6,-0.45637205243110657,0.021686511114239693,0.618216335773468,2.2774239529715516,5.024176021038256,2,1,1,0.02,0.08,0.03,0.15,0.9,0.1,-1.2,0.0,0,0,1,0,0.825,0.2
472,7,-1.0233789682388306,-0.021374642848968506,2.6143076419830322,-4.301667038046507,4.441290671103446,2,1,1,0.02,0.08,0.03,0.15,0.9,0.1,-1.2,0.0,0,0,1,0,0.825,0.2
473,0,0.509943425655365,0.2724217176437378,-0.6295785307884216,1.976418850550226,-0.16397419824603857,2,1,1,0.02,0.08,0.03,0.15,0.9,0.1,-1.2,0.0,0,0,1,0,0.825,0.2
473,1,-0.03664802387356758,0.3796384632587433,0.48447534441947937,-1.2554807983673892,3.754138710383304,2,1,1,0.02,0.08,0.03,0.15,0.9,0.1,-1.2,0.0,0,0,1,0,0.825,0.2
473,2,0.13626840710639954,-0.1079128086566925,0.9662740230560303,-1.2876848013562345,2.9617606117142663,2,1,1,0.02,0.08,0.03,0.15,0.9,0.1,-1.2,0.0,0,0,1,0,0.825,0.2
473,3,0.9838961362838745,0.2550767660140991,-0.5982545614242554,-0.7596881179116093,4.249033625435122,2,1,1,0.02,0.08,0.03,0.15,0.9,0.1,-1.2,0.0,0,0,1,0,0.825,0.2
473,4,-1.3982137441635132,0.41056835651397705,-0.7850013375282288,-0.3015861296998354,0.7664060829654434,0,0,0,0.02,0.08,0.03,0.15,0.9,0.1,-1.2,0.0,0,0,1,0,0.825,0.2
473,5,0.7307532429695129,-0.20704908668994904,1.6931862831115723,0.18471633937317752,3.21838935700186,2,1,1,0.02,0.08,0.03,0.15,0.9,0.1,-1.2,0.0,0,0,1,0,0.825,0.2
473,6,-0.45107802748680115,0.025991734117269516,0.7383080720901489,3.5496488001699045,-1.1489732112164537,2,1,1,0.02,0.08,0.03,0.15,0.9,0.1,-1.2,0.0,0,0,1,0,0.825,0.2
473,7,-1.0231603384017944,-0.02147849276661873,2.9605515003204346,-3.2484222957359443,4.311189525267971,2,1,1,0.02,0.08,0.03,0.15,0.9,0.1,-1.2,0.0,0,0,1,0,0.825,0.2
474,0,0.5114251971244812,0.271271288394928,-0.709212601184845,1.7861150321693653,0.07968436699839591,2,1,1,0.02,0.08,0.03,0.15,0.9,0.1,-1.2,0.0,0,0,1,0,0.825,0.2
474,1,-0.0353165864944458,0.3805491030216217,0.6994600296020508,-0.11038183098882326,3.6494140644539015,2,1,1,0.02,0.08,0.03,0.15,0.9,0.1,-1.2,0.0,0,0,1,0,0.825,0.2
474,2,0.1374446600675583,-0.10609245300292969,1.0471692085266113,2.6138723484840156,-0.035228498205197405,2,1,1,0.02,0.08,0.03,0.15,0.9,0.1,-1.2,0.0,0,0,1,0,0.825,0.2
474,3,0.9866002798080444,0.2535442113876343,-0.419251948595047,-0.9203596803991367,4.335540361503645,2,1,1,0.02,0.08,0.03,0.15,0.9,0.1,-1.2,0.0,0,0,1,0,0.825,0.2
474,4,-1.3977296352386475,0.4100680947303772,-0.7829855680465698,-0.29741720927233684,0.6565019005966473,0,0,0,0.02,0.08,0.03,0.15,0.9,0.1,-1.2,0.0,0,0,1,0,0.825,0.2
474,5,0.7302049398422241,-0.20426364243030548,1.8443069458007812,-0.009134942572073396,3.2222448735271603,2,1,1,0.02,0.08,0.03,0.15,0.9,0.1,-1.2,0.0,0,0,1,0,0.825,0.2
474,6,-0.4461528956890106,0.030996279790997505,0.845313549041748,2.787603568307586,-2.2617610154099466,2,1,1,0.02,0.08,0.03,0.15,0.9,0.1,-1.2,0.0,0,0,1,0,0.825,0.2
474,7,-1.0231280326843262,-0.02151586301624775,-2.970532178878784,-3.243303203973571,4.432402230724247,2,1,1,0.02,0.08,0.03,0.15,0.9,0.1,-1.2,0.0,0,0,1,0,0.825,0.2
475,0,0.51276695728302,0.2700278162956238,-0.7879757285118103,2.6979910810243344,-0.901580084865539,2,1,1,0.02,0.08,0.03,0.15,0.9,0.1,-1.2,0.0,0,0,1,0,0.825,0.2
475,1,-0.03367142379283905,0.38223057985305786,0.8814894556999207,-0.5484147555359503,3.7593823856838835,2,1,1,0.02,0.08,0.03,0.15,0.9,0.1,-1.2,0.0,0,0,1,0,0.825,0.2
475,2,0.13824687898159027,-0.10452120006084442,1.1844604015350342,-1.004432207292667,2.8591113228173572,2,1,1,0.02,0.08,0.03,0.15,0.9,0.1,-1.2,0.0,0,0,1,0,0.825,0.2
475,3,0.9898327589035034,0.2524202764034271,-0.24222137033939362,-0.6182937541548296,4.274514703755335,2,1,1,0.02,0.08,0.03,0.15,0.9,0.1,-1.2,0.0,0,0,1,0,0.825,0.2
475,4,-1.397438883781433,0.40978094935417175,-0.7458616495132446,-1.5595977817325426,1.815986213485999,0,0,0,0.02,0.08,0.03,0.15,0.9,0.1,-1.2,0.0,0,0,1,0,0.825,0.2
475,5,0.7291839718818665,-0.20138923823833466,1.968064308166504,-0.6323222641504141,2.3304344202935154,2,1,1,0.02,0.08,0.03,0.15,0.9,0.1,-1.2,0.0,0,0,1,0,0.825,0.2
475,6,-0.44387680292129517,0.03355151787400246,0.7290835380554199,2.7579022371903243,-2.3306720316828704,2,1,1,0.02,0.08,0.03,0.15,0.9,0.1,-1.2,0.0,0,0,1,0,0.825,0.2
475,7,-1.0241923332214355,-0.02189374715089798,-2.6499452590942383,-1.8821643515025583,4.393581704156788,2,1,1,0.02,0.08,0.03,0.15,0.9,0.1,-1.2,0.0,0,0,1,0,0.825,0.2
476,0,0.5140334963798523,0.26867175102233887,-0.8509196639060974,2.5235831510942135,-0.7424415749007554,2,1,1,0.02,0.08,0.03,0.15,0.9,0.1,-1.2,0.0,0,0,1,0,0.825,0.2
476,1,-0.03177403658628464,0.3849342465400696,1.0227686166763306,-0.6182493916602367,3.7255109930145114,2,1,1,0.02,0.08,0.03,0.15,0.9,0.1,-1.2,0.0,0,0,1,0,0.825,0.2
476,2,0.13914257287979126,-0.10230259597301483,1.139387845993042,-2.0619505394562716,3.4543175651308764,2,1,1,0.02,0.08,0.03,0.15,0.9,0.1,-1.2,0.0,0,0,1,0,0.825,0.2
476,3,0.9932287335395813,0.2518838942050934,-0.05950967222452164,-1.4703220070770606,4.326006450429964,2,1,1,0.02,0.08,0.03,0.15,0.9,0.1,-1.2,0.0,0,0,1,0,0.825,0.2
476,4,-1.3972254991531372,0.4095880091190338,-0.7083196640014648,3.1278267683501038,-2.8700204094373647,0,0,0,0.02,0.08,0.03,0.15,0.9,0.1,-1.2,0.0,0,0,1,0,0.825,0.2
476,5,0.7278778553009033,-0.19874083995819092,2.0903971195220947,-0.9991190962717257,2.422829803126452,2,1,1,0.02,0.08,0.03,0.15,0.9,0.1,-1.2,0.0,0,0,1,0,0.825,0.2
476,6,-0.4430626928806305,0.03419816121459007,0.5483505129814148,3.499299752755075,-2.858702053425799,2,1,1,0.02,0.08,0.03,0.15,0.9,0.1,-1.2,0.0,0,0,1,0,0.825,0.2
476,7,-1.02573561668396,-0.022993894293904305,-2.356977701187134,-1.8902385653945162,4.512162694287273,2,1,1,0.02,0.08,0.03,0.15,0.9,0.1,-1.2,0.0,0,0,1,0,0.825,0.2
477,0,0.5151658654212952,0.26725736260414124,-0.9640842080116272,2.285606865474536,-0.3770853952039714,2,1,1,0.02,0.08,0.03,0.15,0.9,0.1,-1.2,0.0,0,0,1,0,0.825,0.2
477,1,-0.03025566041469574,0.38784077763557434,1.1697949171066284,-0.8722052086357377,3.6890383172992953,2,1,1,0.02,0.08,0.03,0.15,0.9,0.1,-1.2,0.0,0,0,1,0,0.825,0.2
477,2,0.13995550572872162,-0.10047868639230728,1.2294379472732544,-2.046910011302864,3.5691509220125353,2,1,1,0.02,0.08,0.03,0.15,0.9,0.1,-1.2,0.0,0,0,1,0,0.825,0.2
477,3,0.996838390827179,0.2519776225090027,0.11518226563930511,-1.7380467108850675,4.226659779942532,2,1,1,0.02,0.08,0.03,0.15,0.9,0.1,-1.2,0.0,0,0,1,0,0.825,0.2
477,4,-1.3972272872924805,0.40957963466644287,-0.5972251892089844,3.471725140505532,-3.2536624275379644,0,0,0,0.02,0.08,0.03,0.15,0.9,0.1,-1.2,0.0,0,0,1,0,0.825,0.2
477,5,0.7269386053085327,-0.1972879022359848,2.205474853515625,-3.3623106605323736,3.9021758004157467,2,1,1,0.02,0.08,0.03,0.15,0.9,0.1,-1.2,0.0,0,0,1,0,0.825,0.2
477,6,-0.4423392415046692,0.03454437106847763,0.35707730054855347,3.570475456777543,-2.6516935077414368,2,1,1,0.02,0.08,0.03,0.15,0.9,0.1,-1.2,0.0,0,0,1,0,0.825,0.2
477,7,-1.0272849798202515,-0.024935277178883553,-2.118180990219116,-1.3779836455113517,4.514424742174827,2,1,1,0.02,0.08,0.03,0.15,0.9,0.1,-1.2,0.0,0,0,1,0,0.825,0.2
478,0,0.5161020755767822,0.2657349705696106,-1.0812348127365112,2.830138206087838,-1.0340192987428771,2,1,1,0.02,0.08,0.03,0.15,0.9,0.1,-1.2,0.0,0,0,1,0,0.825,0.2
478,1,-0.029240062460303307,0.3908034861087799,1.321916937828064,-1.0805795700029037,3.6096522123292574,2,1,1,0.02,0.08,0.03,0.15,0.9,0.1,-1.2,0.0,0,0,1,0,0.825,0.2
478,2,0.14036250114440918,-0.09904599189758301,1.4119476079940796,-1.9456537799562617,3.7342254143471574,2,1,1,0.02,0.08,0.03,0.15,0.9,0.1,-1.2,0.0,0,0,1,0,0.825,0.2
478,3,0.9997804760932922,0.252594918012619,0.3136543333530426,-0.6498526521246581,3.7698623345214357,2,1,1,0.02,0.08,0.03,0.15,0.9,0.1,-1.2,0.0,0,0,1,0,0.825,0.2
478,4,-1.396809458732605,0.4092506766319275,-0.7522887587547302,4.064051772071037,-3.879734325320624,0,0,0,0.02,0.08,0.03,0.15,0.9,0.1,-1.2,0.0,0,0,1,0,0.825,0.2
478,5,0.7261928915977478,-0.1963958591222763,2.3332839012145996,-4.368504800647304,4.419378137711265,2,1,1,0.02,0.08,0.03,0.15,0.9,0.1,-1.2,0.0,0,0,1,0,0.825,0.2
478,6,-0.44169244170188904,0.034725867211818695,0.13978606462478638,3.9169207777735426,-2.7452808254033285,2,1,1,0.02,0.08,0.03,0.15,0.9,0.1,-1.2,0.0,0,0,1,0,0.825,0.2
478,7,-1.0284112691879272,-0.02728995867073536,-1.8953701257705688,-0.2944530082400223,4.44155042396001,2,1,1,0.02,0.08,0.03,0.15,0.9,0.1,-1.2,0.0,0,0,1,0,0.825,0.2
479,0,0.516903281211853,0.2640302777290344,-1.1789339780807495,2.9801440515890687,-1.2106413323632117,2,1,1,0.02,0.08,0.03,0.15,0.9,0.1,-1.2,0.0,0,0,1,0,0.825,0.2
479,1,-0.028736280277371407,0.39363813400268555,1.480493187904358,-0.88395145556261,3.3758301796741335,2,1,1,0.02,0.08,0.03,0.15,0.9,0.1,-1.2,0.0,0,0,1,0,0.825,0.2
479,2,0.14047135412693024,-0.09754739701747894,1.6088906526565552,-1.9048639407437444,3.8836393782024725,2,1,1,0.02,0.08,0.03,0.15,0.9,0.1,-1.2,0.0,0,0,1,0,0.825,0.2
479,3,1.0021461248397827,0.2536254823207855,0.5228625535964966,-0.06674682163104774,3.330293371197103,2,1,1,0.02,0.08,0.03,0.15,0.9,0.1,-1.2,0.0,0,0,1,0,0.825,0.2
479,4,-1.3962656259536743,0.40860500931739807,-1.0061330795288086,4.42948060378191,-4.382020271534075,0,0,0,0.02,0.08,0.03,0.15,0.9,0.1,-1.2,0.0,0,0,1,0,0.825,0.2
479,5,0.7259972095489502,-0.19620120525360107,2.577817678451538,-4.758002445163178,4.61560139409557,2,1,1,0.02,0.08,0.03,0.15,0.9,0.1,-1.2,0.0,0,0,1,0,0.825,0.2
479,6,-0.4408305287361145,0.03476107493042946,-0.07998427003622055,3.5687002680626105,-1.8680759309155033,2,1,1,0.02,0.08,0.03,0.15,0.9,0.1,-1.2,0.0,0,0,1,0,0.825,0.2
479,7,-1.0290815830230713,-0.030255401507019997,-1.6855919361114502,0.7098087826395024,4.274080795279765,2,1,1,0.02,0.08,0.03,0.15,0.9,0.1,-1.2,0.0,0,0,1,0,0.825,0.2
480,0,0.5174980759620667,0.26231130957603455,-1.3062015771865845,2.853147417591668,-0.9557708118226295,2,1,1,0.02,0.08,0.03,0.15,0.9,0.1,-1.2,0.0,0,0,1,0,0.825,0.2
480,1,-0.028698282316327095,0.3962278366088867,1.644241213798523,-0.7450706008817719,3.1077224084730117,2,1,1,0.02,0.08,0.03,0.15,0.9,0.1,-1.2,0.0,0,0,1,0,0.825,0.2
480,2,0.1402309238910675,-0.09586885571479797,1.8096965551376343,-2.7563588061751574,4.2329017924433625,2,1,1,0.02,0.08,0.03,0.15,0.9,0.1,-1.2,0.0,0,0,1,0,0.825,0.2
480,3,1.0045305490493774,0.2553144097328186,0.6914497017860413,1.1515158518871302,2.671718701387475,2,1,1,0.02,0.08,0.03,0.15,0.9,0.1,-1.2,0.0,0,0,1,0,0.825,0.2
480,4,-1.3958688974380493,0.40780577063560486,-1.302649736404419,4.068764983416742,-3.496141671652501,0,0,0,0.02,0.08,0.03,0.15,0.9,0.1,-1.2,0.0,0,0,1,0,0.825,0.2
480,5,0.7264938354492188,-0.19641053676605225,2.9026033878326416,-5.2260900831282955,4.832447309520833,2,1,1,0.02,0.08,0.03,0.15,0.9,0.1,-1.2,0.0,0,0,1,0,0.825,0.2
480,6,-0.4396609365940094,0.03453291580080986,-0.3133445382118225,4.006026235755682,-2.0802011365360107,2,1,1,0.02,0.08,0.03,0.15,0.9,0.1,-1.2,0.0,0,0,1,0,0.825,0.2
480,7,-1.0291811227798462,-0.03420320525765419,-1.5119491815567017,-6.28,5.48939862241069,2,1,1,0.02,0.08,0.03,0.15,0.9,0.1,-1.2,0.0,0,0,1,0,0.825,0.2
481,0,0.5178438425064087,0.2605689465999603,-1.451176643371582,3.1959591919301977,-1.40944761861682,2,1,1,0.02,0.08,0.03,0.15,0.9,0.1,-1.2,0.0,0,0,1,0,0.825,0.2
481,1,-0.02906857430934906,0.39872974157333374,1.7976940870285034,-0.23425556581878562,2.655853023513265,2,1,1,0.02,0.08,0.03,0.15,0.9,0.1,-1.2,0.0,0,0,1,0,0.825,0.2
481,2,0.13957563042640686,-0.09407321363687515,2.013603448867798,-2.465227219920691,4.172746529663958,2,1,1,0.02,0.08,0.03,0.15,0.9,0.1,-1.2,0.0,0,0,1,0,0.825,0.2
481,3,1.006874680519104,0.2575397193431854,0.8173235654830933,0.5494711321820288,2.876472424139347,2,1,1,0.02,0.08,0.03,0.15,0.9,0.1,-1.2,0.0,0,0,1,0,0.825,0.2
481,4,-1.3957518339157104,0.40695881843566895,-1.6354992389678955,4.0650974657231425,-2.969428006799848,0,0,0,0.02,0.08,0.03,0.15,0.9,0.1,-1.2,0.0,0,0,1,0,0.825,0.2
481,5,0.7271427512168884,-0.1964961290359497,-3.023872137069702,-4.015140472543619,4.264810285380548,2,1,1,0.02,0.08,0.03,0.15,0.9,0.1,-1.2,0.0,0,0,1,0,0.825,0.2
481,6,-0.43818801641464233,0.033877890557050705,-0.513828694820404,3.8205578107512626,-1.3530862722630523,2,1,1,0.02,0.08,0.03,0.15,0.9,0.1,-1.2,0.0,0,0,1,0,0.825,0.2
481,7,-1.028558611869812,-0.0389908105134964,-1.3788511753082275,-6.28,4.968068332825749,2,1,1,0.02,0.08,0.03,0.15,0.9,0.1,-1.2,0.0,0,0,1,0,0.825,0.2
482,0,0.5179444551467896,0.25869986414909363,-1.5875874757766724,3.8482260152535654,-2.5751847066655635,2,1,1,0.02,0.08,0.03,0.15,0.9,0.1,-1.2,0.0,0,0,1,0,0.825,0.2
482,1,-0.029762988910079002,0.4010298252105713,1.9361013174057007,-0.7532721102315534,2.7062366476151047,2,1,1,0.02,0.08,0.03,0.15,0.9,0.1,-1.2,0.0,0,0,1,0,0.825,0.2
482,2,0.1387513279914856,-0.09274681657552719,2.251970052719116,-2.2085926319618685,4.091354402162686,2,1,1,0.02,0.08,0.03,0.15,0.9,0.1,-1.2,0.0,0,0,1,0,0.825,0.2
482,3,1.0092791318893433,0.2603279650211334,0.883991003036499,1.1758172832660565,2.5246731898993358,2,1,1,0.02,0.08,0.03,0.15,0.9,0.1,-1.2,0.0,0,0,1,0,0.825,0.2
482,4,-1.3958816528320312,0.40613889694213867,-1.9226016998291016,4.198859001484848,-2.705973774286912,0,0,0,0.02,0.08,0.03,0.15,0.9,0.1,-1.2,0.0,0,0,1,0,0.825,0.2
482,5,0.7272117137908936,-0.19648204743862152,-2.6343345642089844,-1.7975905040280682,3.4778186232474995,2,1,1,0.02,0.08,0.03,0.15,0.9,0.1,-1.2,0.0,0,0,1,0,0.825,0.2
482,6,-0.4366619288921356,0.03278562054038048,-0.7234365940093994,3.9506981604703526,-1.1004292104360165,2,1,1,0.02,0.08,0.03,0.15,0.9,0.1,-1.2,0.0,0,0,1,0,0.825,0.2
482,7,-1.0285897254943848,-0.039397042244672775,-1.0192490816116333,-6.116633252297808,4.5610360405342565,2,1,1,0.02,0.08,0.03,0.15,0.9,0.1,-1.2,0.0,0,0,1,0,0.825,0.2
483,0,0.5177844166755676,0.2568560540676117,-1.7452118396759033,4.063701913904576,-3.0991522864664782,2,1,1,0.02,0.08,0.03,0.15,0.9,0.1,-1.2,0.0,0,0,1,0,0.825,0.2
483,1,-0.030748946592211723,0.40323007106781006,2.0442185401916504,-1.1039421940603484,2.7672065535907056,2,1,1,0.02,0.08,0.03,0.15,0.9,0.1,-1.2,0.0,0,0,1,0,0.825,0.2
483,2,0.13755790889263153,-0.09160858392715454,2.48858642578125,-2.2079981220189704,4.074456312720304,2,1,1,0.02,0.08,0.03,0.15,0.9,0.1,-1.2,0.0,0,0,1,0,0.825,0.2
483,3,1.0114052295684814,0.2631067633628845,0.9597335457801819,0.8761480325972725,2.602045383426617,2,1,1,0.02,0.08,0.03,0.15,0.9,0.1,-1.2,0.0,0,0,1,0,0.825,0.2
483,4,-1.3963446617126465,0.4052809178829193,-2.1737091541290283,4.132848393963602,-1.9023174100296012,0,0,0,0.02,0.08,0.03,0.15,0.9,0.1,-1.2,0.0,0,0,1,0,0.825,0.2
483,5,0.7269436120986938,-0.19673793017864227,-2.2908079624176025,-2.0194457254546707,4.099114851533641,2,1,1,0.02,0.08,0.03,0.15,0.9,0.1,-1.2,0.0,0,0,1,0,0.825,0.2
483,6,-0.4350677728652954,0.0310500655323267,-0.9116190671920776,3.6842130426887025,-0.2745217715642959,2,1,1,0.02,0.08,0.03,0.15,0.9,0.1,-1.2,0.0,0,0,1,0,0.825,0.2
483,7,-1.0289785861968994,-0.038989875465631485,-0.6806090474128723,-4.933151855054037,4.426547543506382,2,1,1,0.02,0.08,0.03,0.15,0.9,0.1,-1.2,0.0,0,0,1,0,0.825,0.2
484,0,0.5174286365509033,0.2554880678653717,-1.9598077535629272,4.364917367191156,-4.051105932820818,2,1,1,0.02,0.08,0.03,0.15,0.9,0.1,-1.2,0.0,0,0,1,0,0.825,0.2
484,1,-0.03177527338266373,0.40500158071517944,2.1616039276123047,-0.5111232654166705,2.3899656012363746,2,1,1,0.02,0.08,0.03,0.15,0.9,0.1,-1.2,0.0,0,0,1,0,0.825,0.2
484,2,0.1359647959470749,-0.09067986160516739,2.71250319480896,-1.6473645691767032,3.9110884344045624,2,1,1,0.02,0.08,0.03,0.15,0.9,0.1,-1.2,0.0,0,0,1,0,0.825,0.2
484,3,1.0134028196334839,0.26615121960639954,1.013810634613037,0.914339286630712,2.449559685319538,2,1,1,0.02,0.08,0.03,0.15,0.9,0.1,-1.2,0.0,0,0,1,0,0.825,0.2
484,4,-1.3972892761230469,0.4042493402957916,-2.4169726371765137,4.300588682840865,-1.7296724773963899,0,0,0,0.02,0.08,0.03,0.15,0.9,0.1,-1.2,0.0,0,0,1,0,0.825,0.2
484,5,0.7259336709976196,-0.1982364058494568,-2.0619571208953857,-1.774564802263753,4.134630826950489,2,1,1,0.02,0.08,0.03,0.15,0.9,0.1,-1.2,0.0,0,0,1,0,0.825,0.2
484,6,-0.43357938528060913,0.02870779298245907,-1.0897250175476074,3.1902591483259113,0.5886829998247604,2,1,1,0.02,0.08,0.03,0.15,0.9,0.1,-1.2,0.0,0,0,1,0,0.825,0.2
484,7,-1.0264270305633545,-0.041035108268260956,-0.5672878623008728,-4.396828418107133,4.470964247245411,2,1,1,0.02,0.08,0.03,0.15,0.9,0.1,-1.2,0.0,0,0,1,0,0.825,0.2
485,0,0.5169398784637451,0.2545476257801056,-2.208237648010254,4.421269807735334,-4.292165300856402,2,1,1,0.02,0.08,0.03,0.15,0.9,0.1,-1.2,0.0,0,0,1,0,0.825,0.2
485,1,-0.03281845524907112,0.40637674927711487,2.2947323322296143,0.6334623122938998,1.6887452442733957,2,1,1,0.02,0.08,0.03,0.15,0.9,0.1,-1.2,0.0,0,0,1,0,0.825,0.2
485,2,0.1341877430677414,-0.09008771926164627,2.9332220554351807,-4.628317450564597,4.508823593277081,2,1,1,0.02,0.08,0.03,0.15,0.9,0.1,-1.2,0.0,0,0,1,0,0.825,0.2
485,3,1.01517915725708,0.26919054985046387,1.071669578552246,0.7930312162823265,2.365440429767184,2,1,1,0.02,0.08,0.03,0.15,0.9,0.1,-1.2,0.0,0,0,1,0,0.825,0.2
485,4,-1.3990066051483154,0.4030693769454956,-2.6345419883728027,4.423795526609245,-1.789230830538114,0,0,0,0.02,0.08,0.03,0.15,0.9,0.1,-1.2,0.0,0,0,1,0,0.825,0.2
485,5,0.7249618768692017,-0.20061704516410828,-1.8354600667953491,-1.6696162231642935,3.717179508508165,2,1,1,0.02,0.08,0.03,0.15,0.9,0.1,-1.2,0.0,0,0,1,0,0.825,0.2
485,6,-0.4322873055934906,0.025670159608125687,-1.2360472679138184,2.864558538844519,1.0781697067536105,2,1,1,0.02,0.08,0.03,0.15,0.9,0.1,-1.2,0.0,0,0,1,0,0.825,0.2
485,7,-1.0257853269577026,-0.041423115879297256,-0.23188048601150513,-3.1352751321500603,4.668441669910162,2,1,1,0.02,0.08,0.03,0.15,0.9,0.1,-1.2,0.0,0,0,1,0,0.825,0.2
486,0,0.5166435837745667,0.254196435213089,-2.497328758239746,3.8955573717664773,-2.8555710710625926,2,1,1,0.02,0.08,0.03,0.15,0.9,0.1,-1.2,0.0,0,0,1,0,0.825,0.2
486,1,-0.03411145880818367,0.4076826870441437,2.4034037590026855,0.49037341777443755,1.7774148941281889,2,1,1,0.02,0.08,0.03,0.15,0.9,0.1,-1.2,0.0,0,0,1,0,0.825,0.2
486,2,0.13201287388801575,-0.08984331786632538,3.13309645652771,-4.241976518641232,4.409185624207377,2,1,1,0.02,0.08,0.03,0.15,0.9,0.1,-1.2,0.0,0,0,1,0,0.825,0.2
486,3,1.0167155265808105,0.2722083628177643,1.1268521547317505,1.0699351488576105,1.9857683164278113,2,1,1,0.02,0.08,0.03,0.15,0.9,0.1,-1.2,0.0,0,0,1,0,0.825,0.2
486,4,-1.4013209342956543,0.40209922194480896,-2.84588623046875,4.362883668928374,-0.97543241052188,0,0,0,0.02,0.08,0.03,0.15,0.9,0.1,-1.2,0.0,0,0,1,0,0.825,0.2
486,5,0.7245150804519653,-0.20345951616764069,-1.6075619459152222,-0.9182068610419585,3.127600472430841,2,1,1,0.02,0.08,0.03,0.15,0.9,0.1,-1.2,0.0,0,0,1,0,0.825,0.2
486,6,-0.43126869201660156,0.022110389545559883,-1.3363794088363647,6.28,-6.28,2,1,1,0.02,0.08,0.03,0.15,0.9,0.1,-1.2,0.0,0,0,1,0,0.825,0.2
486,7,-1.025824785232544,-0.041450243443250656,0.1324634850025177,-1.351943046395174,4.988576576723074,2,1,1,0.02,0.08,0.03,0.15,0.9,0.1,-1.2,0.0,0,0,1,0,0.825,0.2
487,0,0.5170159339904785,0.2543827295303345,-2.823521375656128,4.081693329981749,-3.1305268743938366,2,1,1,0.02,0.08,0.03,0.15,0.9,0.1,-1.2,0.0,0,0,1,0,0.825,0.2
487,1,-0.0358128622174263,0.4091263711452484,2.453209638595581,-0.05235094420868863,2.100421712194679,2,1,1,0.02,0.08,0.03,0.15,0.9,0.1,-1.2,0.0,0,0,1,0,0.825,0.2
487,2,0.13165591657161713,-0.08984971791505814,-2.850992202758789,-3.4563073747661113,4.266930454304456,2,1,1,0.02,0.08,0.03,0.15,0.9,0.1,-1.2,0.0,0,0,1,0,0.825,0.2
487,3,1.0180134773254395,0.2751327455043793,1.181743860244751,0.5664873543814791,2.1997590416292065,2,1,1,0.02,0.08,0.03,0.15,0.9,0.1,-1.2,0.0,0,0,1,0,0.825,0.2
487,4,-1.4039076566696167,0.40161287784576416,-3.062525510787964,4.382109715339277,-1.2056697094153999,0,0,0,0.02,0.08,0.03,0.15,0.9,0.1,-1.2,0.0,0,0,1,0,0.825,0.2
487,5,0.7246710658073425,-0.2060655653476715,-1.3979238271713257,-0.2879492250794662,2.5383889597978144,2,1,1,0.02,0.08,0.03,0.15,0.9,0.1,-1.2,0.0,0,0,1,0,0.825,0.2
487,6,-0.4305082857608795,0.01827828586101532,-1.4044841527938843,6.28,-6.28,2,1,1,0.02,0.08,0.03,0.15,0.9,0.1,-1.2,0.0,0,0,1,0,0.825,0.2
487,7,-1.024622917175293,-0.04106449335813522,0.472832053899765,-0.09849717910865897,5.217452055219708,2,1,1,0.02,0.08,0.03,0.15,0.9,0.1,-1.2,0.0,0,0,1,0,0.825,0.2
488,0,0.5168315172195435,0.25437232851982117,-3.097947835922241,3.987724355143766,-2.6539945217792784,2,1,1,0.02,0.08,0.03,0.15,0.9,0.1,-1.2,0.0,0,0,1,0,0.825,0.2
488,1,-0.037602074444293976,0.41053375601768494,2.4966213703155518,-0.9429164959186935,2.661568352239573,2,1,1,0.02,0.08,0.03,0.15,0.9,0.1,-1.2,0.0,0,0,1,0,0.825,0.2
488,2,0.131524920463562,-0.08991038054227829,-2.4993109703063965,-2.8765047074216588,4.2702328742402775,2,1,1,0.02,0.08,0.03,0.15,0.9,0.1,-1.2,0.0,0,0,1,0,0.825,0.2
488,3,1.0191203355789185,0.27800223231315613,1.218456745147705,1.1893572116743312,1.479808254368284,2,1,1,0.02,0.08,0.03,0.15,0.9,0.1,-1.2,0.0,0,0,1,0,0.825,0.2
488,4,-1.4069803953170776,0.4016875922679901,3.0214643478393555,4.290002694782396,-1.226478152547556,0,0,0,0.02,0.08,0.03,0.15,0.9,0.1,-1.2,0.0,0,0,1,0,0.825,0.2
488,5,0.7252665758132935,-0.20837931334972382,-1.2397613525390625,0.008285904515575176,2.2513089714885615,2,1,1,0.02,0.08,0.03,0.15,0.9,0.1,-1.2,0.0,0,0,1,0,0.825,0.2
488,6,-0.4303860366344452,0.01735643669962883,-1.7786062955856323,5.4602319468878795,-6.28,2,1,1,0.02,0.08,0.03,0.15,0.9,0.1,-1.2,0.0,0,0,1,0,0.825,0.2
488,7,-1.0223238468170166,-0.03942162171006203,0.7346604466438293,1.2815217641788568,5.31907621558991,2,1,1,0.02,0.08,0.03,0.15,0.9,0.1,-1.2,0.0,0,0,1,0,0.825,0.2
489,0,0.5165369510650635,0.2544105350971222,2.9123594760894775,3.9852692004864716,-2.4113880809968014,2,1,1,0.02,0.08,0.03,0.15,0.9,0.1,-1.2,0.0,0,0,1,0,0.825,0.2
489,1,-0.03930853307247162,0.4117436408996582,2.5660717487335205,-2.7798279776605956,3.8096893396177958,2,1,1,0.02,0.08,0.03,0.15,0.9,0.1,-1.2,0.0,0,0,1,0,0.825,0.2
489,2,0.1310591995716095,-0.09041756391525269,-2.1627368927001953,-2.4100436249841817,4.261218210363357,2,1,1,0.02,0.08,0.03,0.15,0.9,0.1,-1.2,0.0,0,0,1,0,0.825,0.2
489,3,1.0200366973876953,0.280673623085022,1.2707172632217407,0.8422749630456867,1.6339059159240596,2,1,1,0.02,0.08,0.03,0.15,0.9,0.1,-1.2,0.0,0,0,1,0,0.825,0.2
489,4,-1.410286784172058,0.4024137854576111,2.821063280105591,4.213365747834929,-1.5988032959954817,0,0,0,0.02,0.08,0.03,0.15,0.9,0.1,-1.2,0.0,0,0,1,0,0.825,0.2
489,5,0.7261117100715637,-0.2104472666978836,-1.1328791379928589,-1.1593281139402274,3.197853758497375,2,1,1,0.02,0.08,0.03,0.15,0.9,0.1,-1.2,0.0,0,0,1,0,0.825,0.2
489,6,-0.4303760230541229,0.017359659075737,-2.245169162750244,4.646310028807757,-5.504762431371959,2,1,1,0.02,0.08,0.03,0.15,0.9,0.1,-1.2,0.0,0,0,1,0,0.825,0.2
489,7,-1.0191651582717896,-0.03579450398683548,0.9658844470977783,1.8819525649304059,5.320393111900463,2,1,1,0.02,0.08,0.03,0.15,0.9,0.1,-1.2,0.0,0,0,1,0,0.825,0.2
490,0,0.5159637331962585,0.25465941429138184,2.6535050868988037,4.039956443893191,-2.515966677057025,2,1,1,0.02,0.08,0.03,0.15,0.9,0.1,-1.2,0.0,0,0,1,0,0.825,0.2
490,1,-0.040850766003131866,0.4126487374305725,2.6825296878814697,-2.364440507532422,3.6402234363162878,2,1,1,0.02,0.08,0.03,0.15,0.9,0.1,-1.2,0.0,0,0,1,0,0.825,0.2
490,2,0.13051827251911163,-0.09158482402563095,-1.8550976514816284,-2.3874210795324293,4.241829620210485,2,1,1,0.02,0.08,0.03,0.15,0.9,0.1,-1.2,0.0,0,0,1,0,0.825,0.2
490,3,1.0207914113998413,0.2832534909248352,1.2903106212615967,1.0679215421202564,1.197803495799197,2,1,1,0.02,0.08,0.03,0.15,0.9,0.1,-1.2,0.0,0,0,1,0,0.825,0.2
490,4,-1.4134469032287598,0.403826504945755,2.6018872261047363,4.2627289617130515,-2.3483609050261025,0,0,0,0.02,0.08,0.03,0.15,0.9,0.1,-1.2,0.0,0,0,1,0,0.825,0.2
490,5,0.7271519899368286,-0.21244309842586517,-1.050620675086975,-1.5385391318416424,3.45455719878554,2,1,1,0.02,0.08,0.03,0.15,0.9,0.1,-1.2,0.0,0,0,1,0,0.825,0.2
490,6,-0.43037599325180054,0.017359692603349686,-2.245170831680298,4.869525007582905,-6.225873156563589,2,1,1,0.02,0.08,0.03,0.15,0.9,0.1,-1.2,0.0,0,0,1,0,0.825,0.2
490,7,-1.0162150859832764,-0.03055121749639511,1.1340051889419556,0.9160740151433165,0.09288212492247787,2,1,1,0.02,0.08,0.03,0.15,0.9,0.1,-1.2,0.0,0,0,1,0,0.825,0.2
491,0,0.515217661857605,0.25520941615104675,2.4064602851867676,4.053322511379764,-2.6248568310745712,2,1,1,0.02,0.08,0.03,0.15,0.9,0.1,-1.2,0.0,0,0,1,0,0.825,0.2
491,1,-0.041938621550798416,0.41310009360313416,2.8937506675720215,-2.941729655694911,4.101328860264772,2,1,1,0.02,0.08,0.03,0.15,0.9,0.1,-1.2,0.0,0,0,1,0,0.825,0.2
491,2,0.13026434183120728,-0.09333532303571701,-1.5688949823379517,-2.074245544528967,4.119338119029198,2,1,1,0.02,0.08,0.03,0.15,0.9,0.1,-1.2,0.0,0,0,1,0,0.825,0.2
491,3,1.0214625597000122,0.2856764793395996,1.3145496845245361,-0.011492166923962599,2.0816214952133154,2,1,1,0.02,0.08,0.03,0.15,0.9,0.1,-1.2,0.0,0,0,1,0,0.825,0.2
491,4,-1.415614128112793,0.4054749011993408,2.358041524887085,4.440390474440943,-3.433768797012459,0,0,0,0.02,0.08,0.03,0.15,0.9,0.1,-1.2,0.0,0,0,1,0,0.825,0.2
491,5,0.7282837629318237,-0.21419203281402588,-0.9125182628631592,-2.004826380489614,3.8037874853581024,2,1,1,0.02,0.08,0.03,0.15,0.9,0.1,-1.2,0.0,0,0,1,0,0.825,0.2
491,6,-0.4301798641681671,0.017589466646313667,-2.5559897422790527,4.431143855074185,-4.30031300089671,2,1,1,0.02,0.08,0.03,0.15,0.9,0.1,-1.2,0.0,0,0,1,0,0.825,0.2
491,7,-1.0137873888015747,-0.024247726425528526,1.2700668573379517,0.8278320566726601,0.11597672127283899,2,1,1,0.02,0.08,0.03,0.15,0.9,0.1,-1.2,0.0,0,0,1,0,0.825,0.2
492,0,0.5146121978759766,0.25590917468070984,2.1558542251586914,4.137166676534215,-3.0407726740966243,2,1,1,0.02,0.08,0.03,0.15,0.9,0.1,-1.2,0.0,0,0,1,0,0.825,0.2
492,1,-0.043160080909729004,0.41328567266464233,3.109605550765991,-2.0599721490107714,3.9228964305200895,2,1,1,0.02,0.08,0.03,0.15,0.9,0.1,-1.2,0.0,0,0,1,0,0.825,0.2
492,2,0.13051369786262512,-0.09523888677358627,-1.29037606716156,-1.8560609947221562,3.9789752642886915,2,1,1,0.02,0.08,0.03,0.15,0.9,0.1,-1.2,0.0,0,0,1,0,0.825,0.2
492,3,1.0220304727554321,0.28791290521621704,1.3237426280975342,-0.4077829492551645,2.3003341099263297,2,1,1,0.02,0.08,0.03,0.15,0.9,0.1,-1.2,0.0,0,0,1,0,0.825,0.2
492,4,-1.4168943166732788,0.4070976972579956,2.084164619445801,4.515081127666897,-3.5705183348888814,0,0,0,0.02,0.08,0.03,0.15,0.9,0.1,-1.2,0.0,0,0,1,0,0.825,0.2
492,5,0.7295864820480347,-0.21564267575740814,-0.7411941289901733,-2.3265653383304317,4.064717754160727,2,1,1,0.02,0.08,0.03,0.15,0.9,0.1,-1.2,0.0,0,0,1,0,0.825,0.2
492,6,-0.4325729012489319,0.016790512949228287,-2.8369953632354736,4.119557285020751,-2.452645891616744,2,1,1,0.02,0.08,0.03,0.15,0.9,0.1,-1.2,0.0,0,0,1,0,0.825,0.2
492,7,-1.013205885887146,-0.022158723324537277,1.2711513042449951,-2.3956641254582314,2.886103921894931,2,1,1,0.02,0.08,0.03,0.15,0.9,0.1,-1.2,0.0,0,0,1,0,0.825,0.2
493,0,0.5142459869384766,0.25664591789245605,1.9001240730285645,4.095315064698214,-3.0096916592611613,2,1,1,0.02,0.08,0.03,0.15,0.9,0.1,-1.2,0.0,0,0,1,0,0.825,0.2
493,1,-0.04434656351804733,0.41318249702453613,-2.9297614097595215,-1.5745604629364485,3.9596619346872615,2,1,1,0.02,0.08,0.03,0.15,0.9,0.1,-1.2,0.0,0,0,1,0,0.825,0.2
493,2,0.13131669163703918,-0.09706944972276688,-1.0253593921661377,-1.3527607828192099,3.8162997275404327,2,1,1,0.02,0.08,0.03,0.15,0.9,0.1,-1.2,0.0,0,0,1,0,0.825,0.2
493,3,1.0225074291229248,0.289968341588974,1.383439540863037,-0.4655591833932389,2.2873590482193236,2,1,1,0.02,0.08,0.03,0.15,0.9,0.1,-1.2,0.0,0,0,1,0,0.825,0.2
493,4,-1.417336344718933,0.40820515155792236,1.7597519159317017,4.637354793327068,-2.518766786913783,0,0,0,0.02,0.08,0.03,0.15,0.9,0.1,-1.2,0.0,0,0,1,0,0.825,0.2
493,5,0.7310388684272766,-0.21676285564899445,-0.5422458648681641,-2.255586817328892,4.1871678391606455,2,1,1,0.02,0.08,0.03,0.15,0.9,0.1,-1.2,0.0,0,0,1,0,0.825,0.2
493,6,-0.434286504983902,0.01643671840429306,-3.134446859359741,4.017737701258126,-0.4726058505148723,2,1,1,0.02,0.08,0.03,0.15,0.9,0.1,-1.2,0.0,0,0,1,0,0.825,0.2
493,7,-1.0129292011260986,-0.02125544287264347,1.244663119316101,0.25372675592406363,0.7072881575879597,2,1,1,0.02,0.08,0.03,0.15,0.9,0.1,-1.2,0.0,0,0,1,0,0.825,0.2
494,0,0.514145016670227,0.2571382522583008,1.6274694204330444,4.046552389846158,-2.915152788148237,2,1,1,0.02,0.08,0.03,0.15,0.9,0.1,-1.2,0.0,0,0,1,0,0.825,0.2
494,1,-0.045915089547634125,0.41263917088508606,-2.7082715034484863,-1.0999524901506612,3.8688504446121055,2,1,1,0.02,0.08,0.03,0.15,0.9,0.1,-1.2,0.0,0,0,1,0,0.825,0.2
494,2,0.1324397176504135,-0.09850648790597916,-0.787700891494751,-0.9744963874762893,3.7339290675361303,2,1,1,0.02,0.08,0.03,0.15,0.9,0.1,-1.2,0.0,0,0,1,0,0.825,0.2
494,3,1.0227956771850586,0.2918775677680969,1.47426176071167,-1.4900220255901664,3.1528972160235758,2,1,1,0.02,0.08,0.03,0.15,0.9,0.1,-1.2,0.0,0,0,1,0,0.825,0.2
494,4,-1.4173637628555298,0.40916189551353455,1.4173002243041992,4.739813547473467,-1.5732161400697993,0,0,0,0.02,0.08,0.03,0.15,0.9,0.1,-1.2,0.0,0,0,1,0,0.825,0.2
494,5,0.7326268553733826,-0.21752704679965973,-0.3210909068584442,-1.5292531955345996,4.161744684810108,2,1,1,0.02,0.08,0.03,0.15,0.9,0.1,-1.2,0.0,0,0,1,0,0.825,0.2
494,6,-0.43549203872680664,0.01660160906612873,2.859290599822998,4.007568550399636,1.1239207567479097,2,1,1,0.02,0.08,0.03,0.15,0.9,0.1,-1.2,0.0,0,0,1,0,0.825,0.2
494,7,-1.012770652770996,-0.020745275542140007,1.3896293640136719,0.6202847977999937,0.35462346885774104,2,1,1,0.02,0.08,0.03,0.15,0.9,0.1,-1.2,0.0,0,0,1,0,0.825,0.2
495,0,0.5142404437065125,0.25802844762802124,1.3329328298568726,3.934011840665915,-2.528399930739978,2,1,1,0.02,0.08,0.03,0.15,0.9,0.1,-1.2,0.0,0,0,1,0,0.825,0.2
495,1,-0.04788225144147873,0.41146987676620483,-2.5104024410247803,-0.3601656066969758,3.3369769226862145,2,1,1,0.02,0.08,0.03,0.15,0.9,0.1,-1.2,0.0,0,0,1,0,0.825,0.2
495,2,0.13391347229480743,-0.0996958389878273,-0.5849956274032593,-0.5148735158085227,3.6220548657310556,2,1,1,0.02,0.08,0.03,0.15,0.9,0.1,-1.2,0.0,0,0,1,0,0.825,0.2
495,3,1.0228933095932007,0.2937138080596924,1.5706582069396973,-0.6519827721255436,2.4204057129921535,2,1,1,0.02,0.08,0.03,0.15,0.9,0.1,-1.2,0.0,0,0,1,0,0.825,0.2
495,4,-1.4167646169662476,0.4109352231025696,1.1070764064788818,4.590193837047137,-1.1773205987220174,0,0,0,0.02,0.08,0.03,0.15,0.9,0.1,-1.2,0.0,0,0,1,0,0.825,0.2
495,5,0.7344834208488464,-0.2179136723279953,-0.09465181827545166,-1.6659799727247881,4.318728485675057,2,1,1,0.02,0.08,0.03,0.15,0.9,0.1,-1.2,0.0,0,0,1,0,0.825,0.2
495,6,-0.4380139708518982,0.017641520127654076,2.673241138458252,4.201962735474125,2.000096003278598,2,1,1,0.02,0.08,0.03,0.15,0.9,0.1,-1.2,0.0,0,0,1,0,0.825,0.2
495,7,-1.0126653909683228,-0.019953295588493347,1.442041039466858,1.8788980657854213,-0.8299921121525324,2,1,1,0.02,0.08,0.03,0.15,0.9,0.1,-1.2,0.0,0,0,1,0,0.825,0.2
496,0,0.514668881893158,0.2590840458869934,1.0361500978469849,3.526671869995748,-1.1800374836189966,2,1,1,0.02,0.08,0.03,0.15,0.9,0.1,-1.2,0.0,0,0,1,0,0.825,0.2
496,1,-0.04991237819194794,0.40968629717826843,-2.3321194648742676,-0.3503500014872072,3.2571794111199037,2,1,1,0.02,0.08,0.03,0.15,0.9,0.1,-1.2,0.0,0,0,1,0,0.825,0.2
496,2,0.13589809834957123,-0.1007462590932846,-0.4012599587440491,0.23000894931003574,3.3237625098660706,2,1,1,0.02,0.08,0.03,0.15,0.9,0.1,-1.2,0.0,0,0,1,0,0.825,0.2
496,3,1.0227928161621094,0.2954108715057373,1.7209112644195557,0.01828241720513782,1.648564316584067,2,1,1,0.02,0.08,0.03,0.15,0.9,0.1,-1.2,0.0,0,0,1,0,0.825,0.2
496,4,-1.4152727127075195,0.4131099283695221,0.8477903008460999,4.249494747741996,-1.579139086974052,0,0,0,0.02,0.08,0.03,0.15,0.9,0.1,-1.2,0.0,0,0,1,0,0.825,0.2
496,5,0.7369828820228577,-0.21787706017494202,0.1103723868727684,-1.4231699511392104,4.339484516894822,2,1,1,0.02,0.08,0.03,0.15,0.9,0.1,-1.2,0.0,0,0,1,0,0.825,0.2
496,6,-0.44190704822540283,0.01995009370148182,2.552173376083374,4.544348818333319,2.3601527713826496,2,1,1,0.02,0.08,0.03,0.15,0.9,0.1,-1.2,0.0,0,0,1,0,0.825,0.2
496,7,-1.0125433206558228,-0.018987417221069336,1.437444806098938,2.5861038316538747,-1.5910603664536844,2,1,1,0.02,0.08,0.03,0.15,0.9,0.1,-1.2,0.0,0,0,1,0,0.825,0.2
497,0,0.5156130194664001,0.2602655291557312,0.7644917368888855,3.159963058842276,-0.2581060396702278,2,1,1,0.02,0.08,0.03,0.15,0.9,0.1,-1.2,0.0,0,0,1,0,0.825,0.2
497,1,-0.051776573061943054,0.40741708874702454,-2.1939141750335693,-0.4277456730917301,3.1972377031037666,2,1,1,0.02,0.08,0.03,0.15,0.9,0.1,-1.2,0.0,0,0,1,0,0.825,0.2
497,2,0.13843195140361786,-0.10156969726085663,-0.2394622266292572,0.12690291635502077,3.2198187020602673,2,1,1,0.02,0.08,0.03,0.15,0.9,0.1,-1.2,0.0,0,0,1,0,0.825,0.2
497,3,1.022421956062317,0.2971045672893524,1.8407443761825562,0.4554404715370434,1.0339732794870375,2,1,1,0.02,0.08,0.03,0.15,0.9,0.1,-1.2,0.0,0,0,1,0,0.825,0.2
497,4,-1.4131771326065063,0.41499266028404236,0.6236273646354675,4.320669702811625,-3.257186675070312,0,0,0,0.02,0.08,0.03,0.15,0.9,0.1,-1.2,0.0,0,0,1,0,0.825,0.2
497,5,0.7395167350769043,-0.2173234075307846,0.32067668437957764,-0.9034176219047063,4.273117249321991,2,1,1,0.02,0.08,0.03,0.15,0.9,0.1,-1.2,0.0,0,0,1,0,0.825,0.2
497,6,-0.44655388593673706,0.023376477882266045,2.4636149406433105,4.057264202038315,2.3971777574415425,2,1,1,0.02,0.08,0.03,0.15,0.9,0.1,-1.2,0.0,0,0,1,0,0.825,0.2
497,7,-1.0123767852783203,-0.01796490140259266,1.3593217134475708,3.6522324090957556,-2.8996753415629573,2,1,1,0.02,0.08,0.03,0.15,0.9,0.1,-1.2,0.0,0,0,1,0,0.825,0.2
498,0,0.5176317095756531,0.26182684302330017,0.5677904486656189,2.5061032193581534,0.46301749286413035,2,1,1,0.02,0.08,0.03,0.15,0.9,0.1,-1.2,0.0,0,0,1,0,0.825,0.2
498,1,-0.053330134600400925,0.4049449861049652,-2.067077159881592,0.004833013695016222,2.7647905401415604,2,1,1,0.02,0.08,0.03,0.15,0.9,0.1,-1.2,0.0,0,0,1,0,0.825,0.2
498,2,0.14168670773506165,-0.10213275998830795,-0.11844516545534134,-2.8278191426574506,3.7247321396423865,2,1,1,0.02,0.08,0.03,0.15,0.9,0.1,-1.2,0.0,0,0,1,0,0.825,0.2
498,3,1.0219066143035889,0.2987118065357208,1.9081436395645142,2.138525799900931,-1.1798783318494217,2,1,1,0.02,0.08,0.03,0.15,0.9,0.1,-1.2,0.0,0,0,1,0,0.825,0.2
498,4,-1.4112012386322021,0.41611340641975403,0.40122756361961365,4.429319600178319,-4.016285970131853,0,0,0,0.02,0.08,0.03,0.15,0.9,0.1,-1.2,0.0,0,0,1,0,0.825,0.2
498,5,0.7421591877937317,-0.21614862978458405,0.5252984166145325,-0.494013845361773,4.16377568344037,2,1,1,0.02,0.08,0.03,0.15,0.9,0.1,-1.2,0.0,0,0,1,0,0.825,0.2
498,6,-0.45149293541908264,0.02769683487713337,2.3801381587982178,-6.28,5.329684250697111,2,1,1,0.02,0.08,0.03,0.15,0.9,0.1,-1.2,0.0,0,0,1,0,0.825,0.2
498,7,-1.012107491493225,-0.016985833644866943,1.2225450277328491,3.6762317153114954,-2.9338677566423677,2,1,1,0.02,0.08,0.03,0.15,0.9,0.1,-1.2,0.0,0,0,1,0,0.825,0.2
499,0,0.5203613638877869,0.26329511404037476,0.42868876457214355,2.5498838387682303,-0.0456641410084337,2,1,1,0.02,0.08,0.03,0.15,0.9,0.1,-1.2,0.0,0,0,1,0,0.825,0.2
499,1,-0.054513078182935715,0.40241050720214844,-1.940176248550415,-0.320037611827316,3.1615002704972612,2,1,1,0.02,0.08,0.03,0.15,0.9,0.1,-1.2,0.0,0,0,1,0,0.825,0.2
499,2,0.1450517624616623,-0.10235100984573364,-0.010140384547412395,-1.5907196838655275,2.899660617669434,2,1,1,0.02,0.08,0.03,0.15,0.9,0.1,-1.2,0.0,0,0,1,0,0.825,0.2
499,3,1.021374225616455,0.3001388907432556,1.9356964826583862,2.403177092187174,-1.4712856537608308,2,1,1,0.02,0.08,0.03,0.15,0.9,0.1,-1.2,0.0,0,0,1,0,0.825,0.2
499,4,-1.4103758335113525,0.4163634479045868,0.12891387939453125,4.445797798618519,-3.8198730549065703,0,0,0,0.02,0.08,0.03,0.15,0.9,0.1,-1.2,0.0,0,0,1,0,0.825,0.2
499,5,0.744846522808075,-0.21423758566379547,0.7112084031105042,-0.019514212429999622,3.973953071006394,2,1,1,0.02,0.08,0.03,0.15,0.9,0.1,-1.2,0.0,0,0,1,0,0.825,0.2
499,6,-0.4559580981731415,0.032255955040454865,2.312703847885132,-6.28,5.425529302110682,2,1,1,0.02,0.08,0.03,0.15,0.9,0.1,-1.2,0.0,0,0,1,0,0.825,0.2
499,7,-1.011773943901062,-0.016235388815402985,1.0079153776168823,4.190440072992231,-3.7136041679233873,2,1,1,0.02,0.08,0.03,0.15,0.9,0.1,-1.2,0.0,0,0,1,0,0.825,0.2
500,0,0.5231621265411377,0.26441651582717896,0.34601137042045593,1.4910998115333312,0.5948481754631701,2,1,1,0.02,0.08,0.03,0.15,0.9,0.1,-1.2,0.0,0,0,1,0,0.825,0.2
500,1,-0.05537552759051323,0.3997795581817627,-1.8374360799789429,-0.9158335075863805,3.6361303526041193,2,1,1,0.02,0.08,0.03,0.15,0.9,0.1,-1.2,0.0,0,0,1,0,0.825,0.2
500,2,0.1464029848575592,-0.10227671265602112,0.19767390191555023,-1.2270002018492807,2.753334296379779,2,1,1,0.02,0.08,0.03,0.15,0.9,0.1,-1.2,0.0,0,0,1,0,0.825,0.2
500,3,1.0210083723068237,0.30113664269447327,1.8463687896728516,4.192725628980759,-3.9538847779154604,2,1,1,0.02,0.08,0.03,0.15,0.9,0.1,-1.2,0.0,0,0,1,0,0.825,0.2
500,4,-1.4105690717697144,0.41635143756866455,-0.18869374692440033,4.408782375377732,-2.37569644190278,0,0,0,0.02,0.08,0.03,0.15,0.9,0.1,-1.2,0.0,0,0,1,0,0.825,0.2
500,5,0.7475696206092834,-0.21144185960292816,0.888083815574646,-0.374404869206579,3.873786512876126,2,1,1,0.02,0.08,0.03,0.15,0.9,0.1,-1.2,0.0,0,0,1,0,0.825,0.2
500,6,-0.4565117061138153,0.032950397580862045,2.645399570465088,-6.28,4.890159738556426,2,1,1,0.02,0.08,0.03,0.15,0.9,0.1,-1.2,0.0,0,0,1,0,0.825,0.2
500,7,-1.0113136768341064,-0.015635821968317032,0.7745926976203918,3.781025554338131,-2.71709861355092,2,1,1,0.02,0.08,0.03,0.15,0.9,0.1,-1.2,0.0,0,0,1,0,0.825,0.2
501,0,0.5256388783454895,0.26519978046417236,0.2591412365436554,-0.19717563976114974,1.6986308358376865,2,1,1,0.02,0.08,0.03,0.15,0.9,0.1,-1.2,0.0,0,0,1,0,0.825,0.2
501,1,-0.055974531918764114,0.3970157504081726,-1.7203763723373413,-0.8431500625577685,3.676566228621167,2,1,1,0.02,0.08,0.03,0.15,0.9,0.1,-1.2,0.0,0,0,1,0,0.825,0.2
501,2,0.14743982255458832,-0.10194441676139832,0.3749220073223114,-1.5863704695230445,3.199356315808882,2,1,1,0.02,0.08,0.03,0.15,0.9,0.1,-1.2,0.0,0,0,1,0,0.825,0.2
501,3,1.0208022594451904,0.3020523190498352,1.7139841318130493,4.237048963614812,-3.940347457834592,2,1,1,0.02,0.08,0.03,0.15,0.9,0.1,-1.2,0.0,0,0,1,0,0.825,0.2
501,4,-1.410768985748291,0.4163627624511719,-0.5084317326545715,4.401624949218506,-1.3095746583054788,0,0,0,0.02,0.08,0.03,0.15,0.9,0.1,-1.2,0.0,0,0,1,0,0.825,0.2
501,5,0.7500026226043701,-0.207905113697052,1.0462886095046997,0.20347008848013645,3.556221834773047,2,1,1,0.02,0.08,0.03,0.15,0.9,0.1,-1.2,0.0,0,0,1,0,0.825,0.2
501,6,-0.45621049404144287,0.03296031430363655,3.0855414867401123,-4.652748820465333,4.487578397914928,2,1,1,0.02,0.08,0.03,0.15,0.9,0.1,-1.2,0.0,0,0,1,0,0.825,0.2
501,7,-1.0108972787857056,-0.015332235023379326,0.5043970346450806,3.542348712663008,-1.941037820125037,2,1,1,0.02,0.08,0.03,0.15,0.9,0.1,-1.2,0.0,0,0,1,0,0.825,0.2
502,0,0.5277663469314575,0.26569780707359314,0.21539075672626495,1.2510198902416505,0.02869814433991884,2,1,1,0.02,0.08,0.03,0.15,0.9,0.1,-1.2,0.0,0,0,1,0,0.825,0.2
502,1,-0.0562015064060688,0.39427438378334045,-1.5679295063018799,-0.8050219764661644,3.812722404474516,2,1,1,0.02,0.08,0.03,0.15,0.9,0.1,-1.2,0.0,0,0,1,0,0.825,0.2
502,2,0.14875642955303192,-0.10129251331090927,0.5183941721916199,-2.0866582682413584,3.580426743582028,2,1,1,0.02,0.08,0.03,0.15,0.9,0.1,-1.2,0.0,0,0,1,0,0.825,0.2
502,3,1.020763635635376,0.30243241786956787,1.4565215110778809,4.188875471542472,-3.563415532301062,2,1,1,0.02,0.08,0.03,0.15,0.9,0.1,-1.2,0.0,0,0,1,0,0.825,0.2
502,4,-1.40961492061615,0.4154336750507355,-0.7663585543632507,4.236930937280378,-1.6120579334993765,0,0,0,0.02,0.08,0.03,0.15,0.9,0.1,-1.2,0.0,0,0,1,0,0.825,0.2
502,5,0.7517362236976624,-0.2043095976114273,1.2072824239730835,0.21451133795389096,3.3207041103062016,2,1,1,0.02,0.08,0.03,0.15,0.9,0.1,-1.2,0.0,0,0,1,0,0.825,0.2
502,6,-0.45722684264183044,0.03309182450175285,3.1380951404571533,-4.21506086816109,4.427933938084119,2,1,1,0.02,0.08,0.03,0.15,0.9,0.1,-1.2,0.0,0,0,1,0,0.825,0.2
502,7,-1.0100911855697632,-0.015050231479108334,0.26268434524536133,3.193087842779541,-1.1636039323849254,2,1,1,0.02,0.08,0.03,0.15,0.9,0.1,-1.2,0.0,0,0,1,0,0.825,0.2
503,0,0.5293424129486084,0.2660491466522217,0.2624780833721161,1.3012512800042342,-0.19419923086243907,2,1,1,0.02,0.08,0.03,0.15,0.9,0.1,-1.2,0.0,0,0,1,0,0.825,0.2
503,1,-0.05598035454750061,0.39145785570144653,-1.408167839050293,-0.8254054386047569,3.9447420388569534,2,1,1,0.02,0.08,0.03,0.15,0.9,0.1,-1.2,0.0,0,0,1,0,0.825,0.2
503,2,0.15006844699382782,-0.10039354860782623,0.6808567047119141,-1.0763968241026445,3.036393261034417,2,1,1,0.02,0.08,0.03,0.15,0.9,0.1,-1.2,0.0,0,0,1,0,0.825,0.2
503,3,1.0208251476287842,0.3026061952114105,1.1627414226531982,4.24950000065798,-3.367471569957678,2,1,1,0.02,0.08,0.03,0.15,0.9,0.1,-1.2,0.0,0,0,1,0,0.825,0.2
503,4,-1.4076446294784546,0.41308608651161194,-0.9788967370986938,4.223589090923753,-3.1285645983321326,0,0,0,0.02,0.08,0.03,0.15,0.9,0.1,-1.2,0.0,0,0,1,0,0.825,0.2
503,5,0.7529072761535645,-0.20043843984603882,1.3426862955093384,1.1207604678634666,2.839713103000801,2,1,1,0.02,0.08,0.03,0.15,0.9,0.1,-1.2,0.0,0,0,1,0,0.825,0.2
503,6,-0.4570251703262329,0.033153075724840164,-2.866685152053833,-3.184003820043182,4.365394750429846,2,1,1,0.02,0.08,0.03,0.15,0.9,0.1,-1.2,0.0,0,0,1,0,0.825,0.2
503,7,-1.0086512565612793,-0.01484733261168003,0.06211851164698601,3.171485969718407,-0.7321195676081889,2,1,1,0.02,0.08,0.03,0.15,0.9,0.1,-1.2,0.0,0,0,1,0,0.825,0.2
504,0,0.5306195616722107,0.26639464497566223,0.24151967465877533,2.9798979267142034,-2.2365334138278326,2,1,1,0.02,0.08,0.03,0.15,0.9,0.1,-1.2,0.0,0,0,1,0,0.825,0.2
504,1,-0.05526277422904968,0.38855794072151184,-1.2457232475280762,-0.23599384243326546,3.6943159097930236,2,1,1,0.02,0.08,0.03,0.15,0.9,0.1,-1.2,0.0,0,0,1,0,0.825,0.2
504,2,0.15115919709205627,-0.09933685511350632,0.8740671873092651,-0.6910314972951209,2.8845192625910445,2,1,1,0.02,0.08,0.03,0.15,0.9,0.1,-1.2,0.0,0,0,1,0,0.825,0.2
504,3,1.0210267305374146,0.30285289883613586,0.8777726292610168,4.167214334269505,-2.705446213515972,2,1,1,0.02,0.08,0.03,0.15,0.9,0.1,-1.2,0.0,0,0,1,0,0.825,0.2
504,4,-1.40609610080719,0.4102015793323517,-1.2015329599380493,4.365834156371182,-4.018234295459997,0,0,0,0.02,0.08,0.03,0.15,0.9,0.1,-1.2,0.0,0,0,1,0,0.825,0.2
504,5,0.7535406351089478,-0.19673703610897064,1.4592714309692383,1.776566526987081,2.3383776833825487,2,1,1,0.02,0.08,0.03,0.15,0.9,0.1,-1.2,0.0,0,0,1,0,0.825,0.2
504,6,-0.4567602574825287,0.033287469297647476,-2.5269839763641357,-2.4456290570402603,4.5142900301405815,2,1,1,0.02,0.08,0.03,0.15,0.9,0.1,-1.2,0.0,0,0,1,0,0.825,0.2
504,7,-1.0067178010940552,-0.014893325045704842,-0.09829232841730118,2.6542484036691847,-0.055443871003907005,2,1,1,0.02,0.08,0.03,0.15,0.9,0.1,-1.2,0.0,0,0,1,0,0.825,0.2
505,0,0.5317329168319702,0.26664575934410095,0.19100622832775116,3.602204350116193,-3.1481483961005923,2,1,1,0.02,0.08,0.03,0.15,0.9,0.1,-1.2,0.0,0,0,1,0,0.825,0.2
505,1,-0.05402793362736702,0.385701447725296,-1.0787317752838135,-0.34601657371664607,3.806238847069427,2,1,1,0.02,0.08,0.03,0.15,0.9,0.1,-1.2,0.0,0,0,1,0,0.825,0.2
505,2,0.15221263468265533,-0.09786517173051834,1.0319727659225464,-0.5071902737122654,2.798405648111719,2,1,1,0.02,0.08,0.03,0.15,0.9,0.1,-1.2,0.0,0,0,1,0,0.825,0.2
505,3,1.0212149620056152,0.3030407130718231,0.5874766111373901,3.8360353358794743,-1.6461605735940128,2,1,1,0.02,0.08,0.03,0.15,0.9,0.1,-1.2,0.0,0,0,1,0,0.825,0.2
505,4,-1.4055613279342651,0.40820321440696716,-1.4726941585540771,4.414838223437601,-4.1866991408180665,0,0,0,0.02,0.08,0.03,0.15,0.9,0.1,-1.2,0.0,0,0,1,0,0.825,0.2
505,5,0.7538108229637146,-0.19282834231853485,1.5306297540664673,0.8416661411908167,2.546898774509518,2,1,1,0.02,0.08,0.03,0.15,0.9,0.1,-1.2,0.0,0,0,1,0,0.825,0.2
505,6,-0.4569280445575714,0.033066388219594955,-2.2286906242370605,-1.0749986532410538,4.534858327636161,2,1,1,0.02,0.08,0.03,0.15,0.9,0.1,-1.2,0.0,0,0,1,0,0.825,0.2
505,7,-1.004427433013916,-0.015295760706067085,-0.23902569711208344,2.9175919710770444,-0.0054361525373166145,2,1,1,0.02,0.08,0.03,0.15,0.9,0.1,-1.2,0.0,0,0,1,0,0.825,0.2
506,0,0.5325429439544678,0.26676374673843384,0.03398234024643898,2.6160777598886504,-2.0937483618831956,2,1,1,0.02,0.08,0.03,0.15,0.9,0.1,-1.2,0.0,0,0,1,0,0.825,0.2
506,1,-0.05220123380422592,0.38283613324165344,-0.9347245693206787,-0.7532901249389687,3.9649008383037336,2,1,1,0.02,0.08,0.03,0.15,0.9,0.1,-1.2,0.0,0,0,1,0,0.825,0.2
506,2,0.1531885713338852,-0.09594984352588654,1.160848617553711,-1.0735762181501,3.1097909307348384,2,1,1,0.02,0.08,0.03,0.15,0.9,0.1,-1.2,0.0,0,0,1,0,0.825,0.2
506,3,1.0219405889511108,0.30340251326560974,0.31697043776512146,3.1868351823975174,-0.37700863919458355,2,1,1,0.02,0.08,0.03,0.15,0.9,0.1,-1.2,0.0,0,0,1,0,0.825,0.2
506,4,-1.4055900573730469,0.40693962574005127,-1.788224697113037,4.303786863048203,-3.423279683226431,0,0,0,0.02,0.08,0.03,0.15,0.9,0.1,-1.2,0.0,0,0,1,0,0.825,0.2
506,5,0.7538924813270569,-0.1887408047914505,1.5585423707962036,0.4043643127627569,2.54485518252354,2,1,1,0.02,0.08,0.03,0.15,0.9,0.1,-1.2,0.0,0,0,1,0,0.825,0.2
506,6,-0.4575352668762207,0.03198172524571419,-1.957522988319397,-0.25117578708952965,4.591162430853932,2,1,1,0.02,0.08,0.03,0.15,0.9,0.1,-1.2,0.0,0,0,1,0,0.825,0.2
506,7,-1.0019817352294922,-0.01604483649134636,-0.342291921377182,2.9763308328222227,0.006220748654567863,2,1,1,0.02,0.08,0.03,0.15,0.9,0.1,-1.2,0.0,0,0,1,0,0.825,0.2
507,0,0.5330777764320374,0.26674696803092957,-0.19390560686588287,2.826859428494213,-2.3061668288579873,2,1,1,0.02,0.08,0.03,0.15,0.9,0.1,-1.2,0.0,0,0,1,0,0.825,0.2
507,1,-0.04995166137814522,0.3801997900009155,-0.790533721446991,-1.0093654150619458,3.962740239191241,2,1,1,0.02,0.08,0.03,0.15,0.9,0.1,-1.2,0.0,0,0,1,0,0.825,0.2
507,2,0.15398570895195007,-0.09376884996891022,1.2801674604415894,-1.0236672146693653,3.0219355079853094,2,1,1,0.02,0.08,0.03,0.15,0.9,0.1,-1.2,0.0,0,0,1,0,0.825,0.2
507,3,1.0237382650375366,0.3037737309932709,0.10754667222499847,3.2608692618693547,-0.4527263156846265,2,1,1,0.02,0.08,0.03,0.15,0.9,0.1,-1.2,0.0,0,0,1,0,0.825,0.2
507,4,-1.405934453010559,0.40596163272857666,-2.118522882461548,4.374205960821784,-3.443904082220471,0,0,0,0.02,0.08,0.03,0.15,0.9,0.1,-1.2,0.0,0,0,1,0,0.825,0.2
507,5,0.7538654804229736,-0.18521031737327576,1.610169768333435,-0.8072943601675483,2.9075661215849378,2,1,1,0.02,0.08,0.03,0.15,0.9,0.1,-1.2,0.0,0,0,1,0,0.825,0.2
507,6,-0.4582197666168213,0.02942977286875248,-1.7329468727111816,0.7776316287988849,4.439454542389616,2,1,1,0.02,0.08,0.03,0.15,0.9,0.1,-1.2,0.0,0,0,1,0,0.825,0.2
507,7,-0.9993536472320557,-0.017136787995696068,-0.44322988390922546,3.4632280712967476,-0.3854096620060289,2,1,1,0.02,0.08,0.03,0.15,0.9,0.1,-1.2,0.0,0,0,1,0,0.825,0.2
508,0,0.5336171388626099,0.2666015625,-0.37546804547309875,2.4022576792616688,-1.7113832089715317,2,1,1,0.02,0.08,0.03,0.15,0.9,0.1,-1.2,0.0,0,0,1,0,0.825,0.2
508,1,-0.0474870502948761,0.3780536651611328,-0.6287465691566467,-0.7411045541815111,3.683556980294228,2,1,1,0.02,0.08,0.03,0.15,0.9,0.1,-1.2,0.0,0,0,1,0,0.825,0.2
508,2,0.15449419617652893,-0.09155949205160141,1.426936149597168,-1.1533310250071074,3.0787650852006334,2,1,1,0.02,0.08,0.03,0.15,0.9,0.1,-1.2,0.0,0,0,1,0,0.825,0.2
508,3,1.0263751745224,0.3038561940193176,-0.03274599835276604,3.4525133685138805,-0.9504594231841104,2,1,1,0.02,0.08,0.03,0.15,0.9,0.1,-1.2,0.0,0,0,1,0,0.825,0.2
508,4,-1.4068870544433594,0.40483829379081726,-2.422980308532715,4.337117514815918,-2.922401074562958,0,0,0,0.02,0.08,0.03,0.15,0.9,0.1,-1.2,0.0,0,0,1,0,0.825,0.2
508,5,0.7536514401435852,-0.18218083679676056,1.6821547746658325,-1.099498601132521,2.9754537059604034,2,1,1,0.02,0.08,0.03,0.15,0.9,0.1,-1.2,0.0,0,0,1,0,0.825,0.2
508,6,-0.45845040678977966,0.025737019255757332,-1.542230248451233,0.9399288340843751,4.62733159025202,2,1,1,0.02,0.08,0.03,0.15,0.9,0.1,-1.2,0.0,0,0,1,0,0.825,0.2
508,7,-0.9967434406280518,-0.018548181280493736,-0.5471320748329163,3.8386269553856307,-0.8407637917219744,2,1,1,0.02,0.08,0.03,0.15,0.9,0.1,-1.2,0.0,0,0,1,0,0.825,0.2
509,0,0.5341029167175293,0.26636388897895813,-0.5532130002975464,1.034778485013888,0.03244344535463881,2,1,1,0.02,0.08,0.03,0.15,0.9,0.1,-1.2,0.0,0,0,1,0,0.825,0.2
509,1,-0.04491617903113365,0.37647995352745056,-0.4557558596134186,-1.009168657721449,3.6664545388519683,2,1,1,0.02,0.08,0.03,0.15,0.9,0.1,-1.2,0.0,0,0,1,0,0.825,0.2
509,2,0.15465907752513885,-0.08916649222373962,1.583541750907898,-2.1470255525421766,3.6582908014813937,2,1,1,0.02,0.08,0.03,0.15,0.9,0.1,-1.2,0.0,0,0,1,0,0.825,0.2
509,3,1.0291725397109985,0.3035910129547119,-0.16127710044384003,3.398644476481954,-0.8303331593669145,2,1,1,0.02,0.08,0.03,0.15,0.9,0.1,-1.2,0.0,0,0,1,0,0.825,0.2
509,4,-1.4082709550857544,0.4039398729801178,-2.7225489616394043,4.278676518007831,-2.531637384324984,0,0,0,0.02,0.08,0.03,0.15,0.9,0.1,-1.2,0.0,0,0,1,0,0.825,0.2
509,5,0.7532960772514343,-0.17993082106113434,1.8016960620880127,-1.5652321611176745,3.1823429499398492,2,1,1,0.02,0.08,0.03,0.15,0.9,0.1,-1.2,0.0,0,0,1,0,0.825,0.2
509,6,-0.4579364061355591,0.021091194823384285,-1.3934565782546997,-6.28,4.653493697323603,2,1,1,0.02,0.08,0.03,0.15,0.9,0.1,-1.2,0.0,0,0,1,0,0.825,0.2
509,7,-0.9942256212234497,-0.020295681431889534,-0.6762112975120544,4.039099950424971,-1.1230313581636677,2,1,1,0.02,0.08,0.03,0.15,0.9,0.1,-1.2,0.0,0,0,1,0,0.825,0.2
510,0,0.5346416234970093,0.2659699022769928,-0.7048110961914062,1.222493842554444,-0.018868665352059482,2,1,1,0.02,0.08,0.03,0.15,0.9,0.1,-1.2,0.0,0,0,1,0,0.825,0.2
510,1,-0.04217475280165672,0.3753899335861206,-0.2965669333934784,-1.5780235575472457,3.8189286622741347,2,1,1,0.02,0.08,0.03,0.15,0.9,0.1,-1.2,0.0,0,0,1,0,0.825,0.2
510,2,0.15444746613502502,-0.08683159947395325,1.7448070049285889,-2.621312161693549,3.901321013252015,2,1,1,0.02,0.08,0.03,0.15,0.9,0.1,-1.2,0.0,0,0,1,0,0.825,0.2
510,3,1.0316823720932007,0.30301153659820557,-0.3111147880554199,3.532973396742009,-1.1325306225298353,2,1,1,0.02,0.08,0.03,0.15,0.9,0.1,-1.2,0.0,0,0,1,0,0.825,0.2
510,4,-1.410142421722412,0.40338191390037537,-3.0026674270629883,4.079450622700683,-1.8581059932345614,0,0,0,0.02,0.08,0.03,0.15,0.9,0.1,-1.2,0.0,0,0,1,0,0.825,0.2
510,5,0.752737820148468,-0.17809699475765228,1.9428348541259766,-2.2186811822646364,3.5011346596472968,2,1,1,0.02,0.08,0.03,0.15,0.9,0.1,-1.2,0.0,0,0,1,0,0.825,0.2
510,6,-0.4566684067249298,0.016096612438559532,-1.2523239850997925,-5.891492007944936,4.501152148228127,2,1,1,0.02,0.08,0.03,0.15,0.9,0.1,-1.2,0.0,0,0,1,0,0.825,0.2
510,7,-0.9920043349266052,-0.022352468222379684,-0.8349994421005249,4.105313621938317,-1.0946330461612122,2,1,1,0.02,0.08,0.03,0.15,0.9,0.1,-1.2,0.0,0,0,1,0,0.825,0.2
511,0,0.5353686213493347,0.2652960419654846,-0.7612394690513611,0.46469290723077006,0.8482671460646735,2,1,1,0.02,0.08,0.03,0.15,0.9,0.1,-1.2,0.0,0,0,1,0,0.825,0.2
511,1,-0.03952408209443092,0.37479251623153687,-0.13426107168197632,-0.6698469404167486,3.3337745555140796,2,1,1,0.02,0.08,0.03,0.15,0.9,0.1,-1.2,0.0,0,0,1,0,0.825,0.2
511,2,0.15402211248874664,-0.08519507199525833,1.940990686416626,-3.407213414677846,4.229788583684598,2,1,1,0.02,0.08,0.03,0.15,0.9,0.1,-1.2,0.0,0,0,1,0,0.825,0.2
511,3,1.034066915512085,0.30205458402633667,-0.4611011743545532,3.3479365515105504,-0.46380104398144534,2,1,1,0.02,0.08,0.03,0.15,0.9,0.1,-1.2,0.0,0,0,1,0,0.825,0.2
511,4,-1.4117671251296997,0.4033339023590088,3.0374763011932373,4.55414888877682,-4.671566580775489,0,0,0,0.02,0.08,0.03,0.15,0.9,0.1,-1.2,0.0,0,0,1,0,0.825,0.2
511,5,0.7520198822021484,-0.17659980058670044,2.1054275035858154,-2.074822554460058,3.4212535470049112,2,1,1,0.02,0.08,0.03,0.15,0.9,0.1,-1.2,0.0,0,0,1,0,0.825,0.2
511,6,-0.45698556303977966,0.016315633431077003,-0.8850880265235901,-3.8355535815905646,4.475014349236549,2,1,1,0.02,0.08,0.03,0.15,0.9,0.1,-1.2,0.0,0,0,1,0,0.825,0.2
511,7,-0.9901028275489807,-0.024846050888299942,-1.0198941230773926,4.296292461012781,-3.258569596999826,2,1,1,0.02,0.08,0.03,0.15,0.9,0.1,-1.2,0.0,0,0,1,0,0.825,0.2
512,0,0.5362015962600708,0.26446735858917236,-0.8027925491333008,1.0611421673991788,0.08235781345131846,2,1,1,0.02,0.08,0.03,0.15,0.9,0.1,-1.2,0.0,0,0,1,0,0.825,0.2
512,1,-0.0371992290019989,0.3746696710586548,0.05030977725982666,-0.22292844811270823,3.2078582071662316,2,1,1,0.02,0.08,0.03,0.15,0.9,0.1,-1.2,0.0,0,0,1,0,0.825,0.2
512,2,0.15341977775096893,-0.08398420363664627,2.166229486465454,-3.4603976805116607,4.25173521378878,2,1,1,0.02,0.08,0.03,0.15,0.9,0.1,-1.2,0.0,0,0,1,0,0.825,0.2
512,3,1.0361738204956055,0.30081045627593994,-0.6221591830253601,3.6383706927064594,-1.2121798113154676,2,1,1,0.02,0.08,0.03,0.15,0.9,0.1,-1.2,0.0,0,0,1,0,0.825,0.2
512,4,-1.4135931730270386,0.40376144647598267,2.8150742053985596,4.8662672681379116,-5.787704148020093,0,0,0,0.02,0.08,0.03,0.15,0.9,0.1,-1.2,0.0,0,0,1,0,0.825,0.2
512,5,0.751234233379364,-0.17551206052303314,2.30022931098938,-2.9191949078211348,3.8057491077600742,2,1,1,0.02,0.08,0.03,0.15,0.9,0.1,-1.2,0.0,0,0,1,0,0.825,0.2
512,6,-0.45793431997299194,0.017119210213422775,-0.4749566316604614,-1.4460324594907612,4.829345545973559,2,1,1,0.02,0.08,0.03,0.15,0.9,0.1,-1.2,0.0,0,0,1,0,0.825,0.2
512,7,-0.9885712265968323,-0.02798856794834137,-1.2197880744934082,4.38459295111704,-2.917690403845853,2,1,1,0.02,0.08,0.03,0.15,0.9,0.1,-1.2,0.0,0,0,1,0,0.825,0.2
513,0,0.5370919108390808,0.26353415846824646,-0.8005490303039551,1.9060154563753948,-1.0940931163066736,2,1,1,0.02,0.08,0.03,0.15,0.9,0.1,-1.2,0.0,0,0,1,0,0.825,0.2
513,1,-0.034679535776376724,0.37500715255737305,0.20180779695510864,-0.39884260368189883,3.5002755949174422,2,1,1,0.02,0.08,0.03,0.15,0.9,0.1,-1.2,0.0,0,0,1,0,0.825,0.2
513,2,0.15282613039016724,-0.08325789123773575,2.428218126296997,-3.655774384176801,4.32101352397694,2,1,1,0.02,0.08,0.03,0.15,0.9,0.1,-1.2,0.0,0,0,1,0,0.825,0.2
513,3,1.0383175611495972,0.2990224063396454,-0.7620749473571777,3.5045673332642577,-0.7821375470945099,2,1,1,0.02,0.08,0.03,0.15,0.9,0.1,-1.2,0.0,0,0,1,0,0.825,0.2
513,4,-1.4135092496871948,0.40367117524147034,2.4971959590911865,4.646036178724389,-5.576674998657325,0,0,0,0.02,0.08,0.03,0.15,0.9,0.1,-1.2,0.0,0,0,1,0,0.825,0.2
513,5,0.750252902507782,-0.1746169775724411,2.4953761100769043,-3.023178769802225,3.7902349185058783,2,1,1,0.02,0.08,0.03,0.15,0.9,0.1,-1.2,0.0,0,0,1,0,0.825,0.2
513,6,-0.4572519063949585,0.016892343759536743,-0.1272491067647934,0.44634489468752986,5.246576818789999,2,1,1,0.02,0.08,0.03,0.15,0.9,0.1,-1.2,0.0,0,0,1,0,0.825,0.2
513,7,-0.9880539774894714,-0.03000032901763916,-1.4917830228805542,4.254344269785201,-6.28,2,1,1,0.02,0.08,0.03,0.15,0.9,0.1,-1.2,0.0,0,0,1,0,0.825,0.2
514,0,0.5379052758216858,0.2626839280128479,-0.8252756595611572,-0.021127631055923874,1.181504852065114,2,1,1,0.02,0.08,0.03,0.15,0.9,0.1,-1.2,0.0,0,0,1,0,0.825,0.2
514,1,-0.031868912279605865,0.3757818639278412,0.3263668417930603,-0.6468271602265336,3.7659426717937623,2,1,1,0.02,0.08,0.03,0.15,0.9,0.1,-1.2,0.0,0,0,1,0,0.825,0.2
514,2,0.15216243267059326,-0.08278324455022812,2.699927806854248,-2.1147971634295035,3.8695881300212625,2,1,1,0.02,0.08,0.03,0.15,0.9,0.1,-1.2,0.0,0,0,1,0,0.825,0.2
514,3,1.0400117635726929,0.2971510887145996,-0.925238311290741,3.29137767257712,-0.36015288017906666,2,1,1,0.02,0.08,0.03,0.15,0.9,0.1,-1.2,0.0,0,0,1,0,0.825,0.2
514,4,-1.4124298095703125,0.40257763862609863,2.102215528488159,4.309338386134905,-3.572902479037135,0,0,0,0.02,0.08,0.03,0.15,0.9,0.1,-1.2,0.0,0,0,1,0,0.825,0.2
514,5,0.7495992183685303,-0.17421534657478333,2.7309086322784424,-2.3145760244848477,3.210136772202182,2,1,1,0.02,0.08,0.03,0.15,0.9,0.1,-1.2,0.0,0,0,1,0,0.825,0.2
514,6,-0.4543473720550537,0.016950495541095734,0.15196047723293304,1.7550772061137903,5.38934133400828,2,1,1,0.02,0.08,0.03,0.15,0.9,0.1,-1.2,0.0,0,0,1,0,0.825,0.2
514,7,-0.9881839752197266,-0.031986527144908905,-1.779771327972412,4.057371391688419,-6.28,2,1,1,0.02,0.08,0.03,0.15,0.9,0.1,-1.2,0.0,0,0,1,0,0.825,0.2
515,0,0.5384847521781921,0.2620236277580261,-0.916434109210968,1.3681923971773946,-0.37807354708610186,2,1,1,0.02,0.08,0.03,0.15,0.9,0.1,-1.2,0.0,0,0,1,0,0.825,0.2
515,1,-0.029017992317676544,0.3769553005695343,0.46000605821609497,-0.2300524561487459,3.827201457101078,2,1,1,0.02,0.08,0.03,0.15,0.9,0.1,-1.2,0.0,0,0,1,0,0.825,0.2
515,2,0.15150634944438934,-0.0825750082731247,2.9790596961975098,-1.5634867602438756,3.9789739449529056,2,1,1,0.02,0.08,0.03,0.15,0.9,0.1,-1.2,0.0,0,0,1,0,0.825,0.2
515,3,1.041449785232544,0.2949029207229614,-1.079798936843872,2.9124490414312816,0.07389265442050846,2,1,1,0.02,0.08,0.03,0.15,0.9,0.1,-1.2,0.0,0,0,1,0,0.825,0.2
515,4,-1.4126286506652832,0.4035694897174835,1.8074896335601807,4.081158681819918,-2.342899520228231,0,0,0,0.02,0.08,0.03,0.15,0.9,0.1,-1.2,0.0,0,0,1,0,0.825,0.2
515,5,0.7494503855705261,-0.17417028546333313,2.992833137512207,-1.9580230311549287,3.0597147399980065,2,1,1,0.02,0.08,0.03,0.15,0.9,0.1,-1.2,0.0,0,0,1,0,0.825,0.2
515,6,-0.44925743341445923,0.01830652542412281,0.36317765712738037,2.493536275256307,5.301515014095713,2,1,1,0.02,0.08,0.03,0.15,0.9,0.1,-1.2,0.0,0,0,1,0,0.825,0.2
515,7,-0.9876955151557922,-0.031048782169818878,-2.1594419479370117,4.259475589952104,-5.578355505820887,2,1,1,0.02,0.08,0.03,0.15,0.9,0.1,-1.2,0.0,0,0,1,0,0.825,0.2
516,0,0.539141058921814,0.26115208864212036,-0.9035900831222534,1.5797502312314262,-0.7002021687750712,2,1,1,0.02,0.08,0.03,0.15,0.9,0.1,-1.2,0.0,0,0,1,0,0.825,0.2
516,1,-0.02631920389831066,0.3785346448421478,0.6115813851356506,0.9513164430468973,3.6778918130464326,2,1,1,0.02,0.08,0.03,0.15,0.9,0.1,-1.2,0.0,0,0,1,0,0.825,0.2
516,2,0.1500779390335083,-0.08253990858793259,-3.07667875289917,-1.045010233072589,4.080190694646838,2,1,1,0.02,0.08,0.03,0.15,0.9,0.1,-1.2,0.0,0,0,1,0,0.825,0.2
516,3,1.0426315069198608,0.29226309061050415,-1.212325096130371,3.1536140526244183,-0.6382109714177832,2,1,1,0.02,0.08,0.03,0.15,0.9,0.1,-1.2,0.0,0,0,1,0,0.825,0.2
516,4,-1.4128735065460205,0.4046444594860077,1.5361981391906738,4.3111351613706566,-2.5567358425481164,0,0,0,0.02,0.08,0.03,0.15,0.9,0.1,-1.2,0.0,0,0,1,0,0.825,0.2
516,5,0.749129593372345,-0.1741694211959839,-3.0683248043060303,-0.06050471972507323,1.879586136402521,2,1,1,0.02,0.08,0.03,0.15,0.9,0.1,-1.2,0.0,0,0,1,0,0.825,0.2
516,6,-0.4432728588581085,0.021180082112550735,0.5162041187286377,2.4552938830456,5.349901230651805,2,1,1,0.02,0.08,0.03,0.15,0.9,0.1,-1.2,0.0,0,0,1,0,0.825,0.2
516,7,-0.9881215691566467,-0.031363897025585175,-2.470999240875244,4.608819940360906,-3.881851857098155,2,1,1,0.02,0.08,0.03,0.15,0.9,0.1,-1.2,0.0,0,0,1,0,0.825,0.2
517,0,0.5397679209709167,0.26034197211265564,-0.9441936016082764,2.1984721775325213,-1.376285193345867,2,1,1,0.02,0.08,0.03,0.15,0.9,0.1,-1.2,0.0,0,0,1,0,0.825,0.2
517,1,-0.023601822555065155,0.38075366616249084,0.7567314505577087,0.6413656819357395,3.984621766911847,2,1,1,0.02,0.08,0.03,0.15,0.9,0.1,-1.2,0.0,0,0,1,0,0.825,0.2
517,2,0.1478838175535202,-0.08291863650083542,-2.8777878284454346,-2.887116775133968,4.291520950767661,2,1,1,0.02,0.08,0.03,0.15,0.9,0.1,-1.2,0.0,0,0,1,0,0.825,0.2
517,3,1.0435199737548828,0.28942450881004333,-1.3174091577529907,3.629119798912492,-1.8517537159826645,2,1,1,0.02,0.08,0.03,0.15,0.9,0.1,-1.2,0.0,0,0,1,0,0.825,0.2
517,4,-1.412637710571289,0.4059162139892578,1.2644362449645996,4.267262807802044,-1.9313573500847712,0,0,0,0.02,0.08,0.03,0.15,0.9,0.1,-1.2,0.0,0,0,1,0,0.825,0.2
517,5,0.7485662698745728,-0.17429104447364807,-2.8723466396331787,1.0082913939726859,1.403435801557168,2,1,1,0.02,0.08,0.03,0.15,0.9,0.1,-1.2,0.0,0,0,1,0,0.825,0.2
517,6,-0.4370882511138916,0.02521130070090294,0.629639208316803,3.0536272754070213,-1.321481843371836,2,1,1,0.02,0.08,0.03,0.15,0.9,0.1,-1.2,0.0,0,0,1,0,0.825,0.2
517,7,-0.9913893342018127,-0.03389563784003258,-2.627216100692749,4.774323726629957,-3.036417693253459,2,1,1,0.02,0.08,0.03,0.15,0.9,0.1,-1.2,0.0,0,0,1,0,0.825,0.2
518,0,0.540276050567627,0.25959670543670654,-1.0205215215682983,3.481132165439979,-2.889307745189569,2,1,1,0.02,0.08,0.03,0.15,0.9,0.1,-1.2,0.0,0,0,1,0,0.825,0.2
518,1,-0.02059425413608551,0.38395607471466064,0.862799882888794,0.5783952841917298,4.0170701849073165,2,1,1,0.02,0.08,0.03,0.15,0.9,0.1,-1.2,0.0,0,0,1,0,0.825,0.2
518,2,0.14517685770988464,-0.08393959701061249,-2.6947436332702637,-2.484353486382941,4.33207171803429,2,1,1,0.02,0.08,0.03,0.15,0.9,0.1,-1.2,0.0,0,0,1,0,0.825,0.2
518,3,1.0440351963043213,0.2868659794330597,-1.4436988830566406,3.9371276981940304,-2.7714841668552603,2,1,1,0.02,0.08,0.03,0.15,0.9,0.1,-1.2,0.0,0,0,1,0,0.825,0.2
518,4,-1.4118835926055908,0.40751394629478455,0.977758526802063,4.1784110197416435,-1.5313166640638691,0,0,0,0.02,0.08,0.03,0.15,0.9,0.1,-1.2,0.0,0,0,1,0,0.825,0.2
518,5,0.7471824884414673,-0.174782857298851,-2.7738969326019287,1.6837618399946488,0.8093158695196045,2,1,1,0.02,0.08,0.03,0.15,0.9,0.1,-1.2,0.0,0,0,1,0,0.825,0.2
518,6,-0.4312269985675812,0.029956411570310593,0.7389283776283264,3.1678029679914688,-2.179017419450481,2,1,1,0.02,0.08,0.03,0.15,0.9,0.1,-1.2,0.0,0,0,1,0,0.825,0.2
518,7,-0.9918685555458069,-0.034051235765218735,-2.9394712448120117,5.223029729928612,-1.2235307904534471,2,1,1,0.02,0.08,0.03,0.15,0.9,0.1,-1.2,0.0,0,0,1,0,0.825,0.2
519,0,0.5406817197799683,0.25886696577072144,-1.1370526552200317,4.254802111421036,-4.0234797297274065,2,1,1,0.02,0.08,0.03,0.15,0.9,0.1,-1.2,0.0,0,0,1,0,0.825,0.2
519,1,-0.01777588203549385,0.3876260221004486,0.975707471370697,0.2706160144656612,3.936729446953331,2,1,1,0.02,0.08,0.03,0.15,0.9,0.1,-1.2,0.0,0,0,1,0,0.825,0.2
519,2,0.14369526505470276,-0.08482544869184494,-2.456204891204834,-1.3437287824735145,4.269921475965344,2,1,1,0.02,0.08,0.03,0.15,0.9,0.1,-1.2,0.0,0,0,1,0,0.825,0.2
519,3,1.0441410541534424,0.28493815660476685,-1.6245378255844116,3.946959265180523,-2.9158693971096414,2,1,1,0.02,0.08,0.03,0.15,0.9,0.1,-1.2,0.0,0,0,1,0,0.825,0.2
519,4,-1.4103965759277344,0.40919360518455505,0.7101609110832214,3.9732224825584606,-1.1649377657223166,0,0,0,0.02,0.08,0.03,0.15,0.9,0.1,-1.2,0.0,0,0,1,0,0.825,0.2
519,5,0.7451232075691223,-0.1756286770105362,-2.7477526664733887,1.7312835050255093,0.8044206533445074,2,1,1,0.02,0.08,0.03,0.15,0.9,0.1,-1.2,0.0,0,0,1,0,0.825,0.2
519,6,-0.428943008184433,0.03202354162931442,0.6293328404426575,2.1954742374247616,-1.1843230268604652,2,1,1,0.02,0.08,0.03,0.15,0.9,0.1,-1.2,0.0,0,0,1,0,0.825,0.2
519,7,-0.9926734566688538,-0.03406704589724541,3.0377414226531982,5.6485333489174785,0.6373780258733638,2,1,1,0.02,0.08,0.03,0.15,0.9,0.1,-1.2,0.0,0,0,1,0,0.825,0.2
520,0,0.5409151315689087,0.25826939940452576,-1.341854214668274,3.8628774230457825,-3.008759333026982,2,1,1,0.02,0.08,0.03,0.15,0.9,0.1,-1.2,0.0,0,0,1,0,0.825,0.2
520,1,-0.01541573740541935,0.39158058166503906,1.0957331657409668,0.49391343765548373,3.6838130951237003,2,1,1,0.02,0.08,0.03,0.15,0.9,0.1,-1.2,0.0,0,0,1,0,0.825,0.2
520,2,0.14247314631938934,-0.0861026719212532,-2.213202714920044,-1.8061231161244715,4.448206726170368,2,1,1,0.02,0.08,0.03,0.15,0.9,0.1,-1.2,0.0,0,0,1,0,0.825,0.2
520,3,1.0439502000808716,0.28369948267936707,-1.8538055419921875,3.6919816672920573,-2.3989134380271966,2,1,1,0.02,0.08,0.03,0.15,0.9,0.1,-1.2,0.0,0,0,1,0,0.825,0.2
520,4,-1.4082392454147339,0.41064339876174927,0.46492400765419006,3.8002937470161533,-0.9955068863061428,0,0,0,0.02,0.08,0.03,0.15,0.9,0.1,-1.2,0.0,0,0,1,0,0.825,0.2
520,5,0.7427961826324463,-0.1765805184841156,-2.771315336227417,1.1071056477393386,1.65537802833629,2,1,1,0.02,0.08,0.03,0.15,0.9,0.1,-1.2,0.0,0,0,1,0,0.825,0.2
520,6,-0.42756855487823486,0.03288550302386284,0.4301968812942505,2.3458699210615346,-1.1969374925769798,2,1,1,0.02,0.08,0.03,0.15,0.9,0.1,-1.2,0.0,0,0,1,0,0.825,0.2
520,7,-0.9955240488052368,-0.03333615884184837,2.7801461219787598,5.779099233739511,2.110405275199492,2,1,1,0.02,0.08,0.03,0.15,0.9,0.1,-1.2,0.0,0,0,1,0,0.825,0.2
521,0,0.5409772396087646,0.2579710781574249,-1.6210968494415283,4.157856875926056,-3.320504674670966,2,1,1,0.02,0.08,0.03,0.15,0.9,0.1,-1.2,0.0,0,0,1,0,0.825,0.2
521,1,-0.013684679754078388,0.39550548791885376,1.2228275537490845,0.1255241270168614,3.4734973091864294,2,1,1,0.02,0.08,0.03,0.15,0.9,0.1,-1.2,0.0,0,0,1,0,0.825,0.2
521,2,0.14106696844100952,-0.08844146877527237,-2.0067367553710938,-1.7088225053801176,4.395384714458929,2,1,1,0.02,0.08,0.03,0.15,0.9,0.1,-1.2,0.0,0,0,1,0,0.825,0.2
521,3,1.0435415506362915,0.28275638818740845,-2.0961248874664307,3.745636706253312,-2.5218452261889195,2,1,1,0.02,0.08,0.03,0.15,0.9,0.1,-1.2,0.0,0,0,1,0,0.825,0.2
521,4,-1.4056198596954346,0.4116208851337433,0.24371874332427979,3.836013555285651,-1.076188229163574,0,0,0,0.02,0.08,0.03,0.15,0.9,0.1,-1.2,0.0,0,0,1,0,0.825,0.2
521,5,0.7404212355613708,-0.17746037244796753,-2.803834915161133,0.2956629310003334,2.47400290282023,2,1,1,0.02,0.08,0.03,0.15,0.9,0.1,-1.2,0.0,0,0,1,0,0.825,0.2
521,6,-0.4262946546077728,0.03337334096431732,0.2851221561431885,1.633147287221049,-0.5769946634312706,2,1,1,0.02,0.08,0.03,0.15,0.9,0.1,-1.2,0.0,0,0,1,0,0.825,0.2
521,7,-1.0002920627593994,-0.030905762687325478,2.577728033065796,5.75169643835422,3.0490448879606182,2,1,1,0.02,0.08,0.03,0.15,0.9,0.1,-1.2,0.0,0,0,1,0,0.825,0.2
522,0,0.5408136248588562,0.2569863200187683,-1.8826857805252075,4.1988697246488575,-3.285471008453184,2,1,1,0.02,0.08,0.03,0.15,0.9,0.1,-1.2,0.0,0,0,1,0,0.825,0.2
522,1,-0.01248699240386486,0.3995167315006256,1.338072657585144,0.20243411476398193,3.080701662954226,2,1,1,0.02,0.08,0.03,0.15,0.9,0.1,-1.2,0.0,0,0,1,0,0.825,0.2
522,2,0.1400413066148758,-0.09142666310071945,-1.7759767770767212,-1.1048798817527974,4.153302171746516,2,1,1,0.02,0.08,0.03,0.15,0.9,0.1,-1.2,0.0,0,0,1,0,0.825,0.2
522,3,1.042800784111023,0.28178927302360535,-2.316387176513672,3.6044811434095534,-2.0772620863264213,2,1,1,0.02,0.08,0.03,0.15,0.9,0.1,-1.2,0.0,0,0,1,0,0.825,0.2
522,4,-1.4025083780288696,0.4120798408985138,0.052735332399606705,3.939928215615393,-3.358936672827832,0,0,0,0.02,0.08,0.03,0.15,0.9,0.1,-1.2,0.0,0,0,1,0,0.825,0.2
522,5,0.7378566861152649,-0.1783551275730133,-2.7949798107147217,-0.03275978040197056,2.7938450033974798,2,1,1,0.02,0.08,0.03,0.15,0.9,0.1,-1.2,0.0,0,0,1,0,0.825,0.2
522,6,-0.4248792827129364,0.03369559720158577,0.1505574733018875,0.5902187802394497,0.22009052680239918,2,1,1,0.02,0.08,0.03,0.15,0.9,0.1,-1.2,0.0,0,0,1,0,0.825,0.2
522,7,-1.0060592889785767,-0.026578936725854874,2.4278664588928223,-2.5252834856460327,3.452444962963349,2,1,1,0.02,0.08,0.03,0.15,0.9,0.1,-1.2,0.0,0,0,1,0,0.825,0.2
523,0,0.5402261018753052,0.2557132840156555,-2.1610705852508545,4.363531514604176,-3.7798936935842358,2,1,1,0.02,0.08,0.03,0.15,0.9,0.1,-1.2,0.0,0,0,1,0,0.825,0.2
523,1,-0.011830825358629227,0.4031739830970764,1.4543538093566895,0.2870191474665294,2.594511334869317,2,1,1,0.02,0.08,0.03,0.15,0.9,0.1,-1.2,0.0,0,0,1,0,0.825,0.2
523,2,0.13973116874694824,-0.09468267112970352,-1.5400981903076172,-0.5027983605627673,3.8006925962978486,2,1,1,0.02,0.08,0.03,0.15,0.9,0.1,-1.2,0.0,0,0,1,0,0.825,0.2
523,3,1.041864037513733,0.2809946537017822,-2.5355567932128906,3.598842438577241,-1.8097417319999385,2,1,1,0.02,0.08,0.03,0.15,0.9,0.1,-1.2,0.0,0,0,1,0,0.825,0.2
523,4,-1.399275779724121,0.41195937991142273,-0.1344444304704666,4.596879424680292,-4.771341171758447,0,0,0,0.02,0.08,0.03,0.15,0.9,0.1,-1.2,0.0,0,0,1,0,0.825,0.2
523,5,0.7352773547172546,-0.17935946583747864,-2.729954481124878,0.27033137421491293,2.6953310938780053,2,1,1,0.02,0.08,0.03,0.15,0.9,0.1,-1.2,0.0,0,0,1,0,0.825,0.2
523,6,-0.42358434200286865,0.03382258117198944,0.05601071938872337,-2.4785649234007936,2.797795461687438,2,1,1,0.02,0.08,0.03,0.15,0.9,0.1,-1.2,0.0,0,0,1,0,0.825,0.2
523,7,-1.0122058391571045,-0.020614074543118477,2.3135032653808594,-3.365445443779888,3.669659134513459,2,1,1,0.02,0.08,0.03,0.15,0.9,0.1,-1.2,0.0,0,0,1,0,0.825,0.2
524,0,0.5391718745231628,0.254507839679718,-2.4492135047912598,4.0814565678560015,-2.530269348803064,2,1,1,0.02,0.08,0.03,0.15,0.9,0.1,-1.2,0.0,0,0,1,0,0.825,0.2
524,1,-0.011616797186434269,0.4065130949020386,1.5585274696350098,-0.5066050036052212,2.538871028622009,2,1,1,0.02,0.08,0.03,0.15,0.9,0.1,-1.2,0.0,0,0,1,0,0.825,0.2
524,2,0.14019431173801422,-0.0981312170624733,-1.3310545682907104,1.4055585768018275,1.4735725484980498,2,1,1,0.02,0.08,0.03,0.15,0.9,0.1,-1.2,0.0,0,0,1,0,0.825,0.2
524,3,1.0405772924423218,0.28028374910354614,-2.7391204833984375,3.422180242343503,-1.0102029430776354,2,1,1,0.02,0.08,0.03,0.15,0.9,0.1,-1.2,0.0,0,0,1,0,0.825,0.2
524,4,-1.397653579711914,0.4115857183933258,-0.3969121277332306,4.609395040952677,-4.833731735805505,0,0,0,0.02,0.08,0.03,0.15,0.9,0.1,-1.2,0.0,0,0,1,0,0.825,0.2
524,5,0.7327890396118164,-0.1805751472711563,-2.635174512863159,-1.8719936446651007,3.053396798643308,2,1,1,0.02,0.08,0.03,0.15,0.9,0.1,-1.2,0.0,0,0,1,0,0.825,0.2
524,6,-0.42269521951675415,0.03385084122419357,0.029403196647763252,1.1986530652690772,-0.34415631007952713,2,1,1,0.02,0.08,0.03,0.15,0.9,0.1,-1.2,0.0,0,0,1,0,0.825,0.2
524,7,-1.0138767957687378,-0.018744783475995064,2.462632417678833,-4.168059496179315,4.305179907631981,2,1,1,0.02,0.08,0.03,0.15,0.9,0.1,-1.2,0.0,0,0,1,0,0.825,0.2
525,0,0.5380765795707703,0.2538171112537384,-2.76303768157959,3.9352999851811243,-1.2353487827738585,2,1,1,0.02,0.08,0.03,0.15,0.9,0.1,-1.2,0.0,0,0,1,0,0.825,0.2
525,1,-0.011710301041603088,0.4094710946083069,1.6433302164077759,-1.2762181286682348,2.5670317624949113,2,1,1,0.02,0.08,0.03,0.15,0.9,0.1,-1.2,0.0,0,0,1,0,0.825,0.2
525,2,0.14137284457683563,-0.10161314159631729,-1.1589854955673218,2.1031370176718296,0.5904094977111013,2,1,1,0.02,0.08,0.03,0.15,0.9,0.1,-1.2,0.0,0,0,1,0,0.825,0.2
525,3,1.0389175415039062,0.27975815534591675,-2.930675983428955,3.7703362081507157,-1.8516994092920713,2,1,1,0.02,0.08,0.03,0.15,0.9,0.1,-1.2,0.0,0,0,1,0,0.825,0.2
525,4,-1.397526741027832,0.4115650951862335,-0.7186112999916077,4.297678204361172,-3.980227732392108,0,0,0,0.02,0.08,0.03,0.15,0.9,0.1,-1.2,0.0,0,0,1,0,0.825,0.2
525,5,0.7302907109260559,-0.18210971355438232,-2.547152280807495,-2.0139882736776484,3.562310227096252,2,1,1,0.02,0.08,0.03,0.15,0.9,0.1,-1.2,0.0,0,0,1,0,0.825,0.2
525,6,-0.42250335216522217,0.03384263068437576,0.18317468464374542,-0.3424995828678097,1.0627676083262931,2,1,1,0.02,0.08,0.03,0.15,0.9,0.1,-1.2,0.0,0,0,1,0,0.825,0.2
525,7,-1.0142158269882202,-0.018484516069293022,2.704206943511963,-3.5226318599418764,4.0115504392836865,2,1,1,0.02,0.08,0.03,0.15,0.9,0.1,-1.2,0.0,0,0,1,0,0.825,0.2
526,0,0.5367416143417358,0.2535223960876465,-3.0564281940460205,3.740230346515351,0.5150271094822276,2,1,1,0.02,0.08,0.03,0.15,0.9,0.1,-1.2,0.0,0,0,1,0,0.825,0.2
526,1,-0.01196780614554882,0.41165682673454285,1.7450186014175415,-3.8186692998026253,4.075201061482573,2,1,1,0.02,0.08,0.03,0.15,0.9,0.1,-1.2,0.0,0,0,1,0,0.825,0.2
526,2,0.14268586039543152,-0.10434316843748093,-1.1251370906829834,1.4469380706259276,0.8408218077962085,2,1,1,0.02,0.08,0.03,0.15,0.9,0.1,-1.2,0.0,0,0,1,0,0.825,0.2
526,3,1.0366439819335938,0.2794721722602844,-3.0926666259765625,3.8550536012608148,-2.088883397575052,2,1,1,0.02,0.08,0.03,0.15,0.9,0.1,-1.2,0.0,0,0,1,0,0.825,0.2
526,4,-1.3974742889404297,0.41154584288597107,-1.0620157718658447,4.256105358793422,-3.5798097959971416,0,0,0,0.02,0.08,0.03,0.15,0.9,0.1,-1.2,0.0,0,0,1,0,0.825,0.2
526,5,0.7290842533111572,-0.1830163151025772,-2.390475034713745,-1.931816986496359,4.005197359998175,2,1,1,0.02,0.08,0.03,0.15,0.9,0.1,-1.2,0.0,0,0,1,0,0.825,0.2
526,6,-0.42185354232788086,0.03397729620337486,0.17955371737480164,0.7565763676834659,0.1705187535259461,2,1,1,0.02,0.08,0.03,0.15,0.9,0.1,-1.2,0.0,0,0,1,0,0.825,0.2
526,7,-1.0144046545028687,-0.018412912264466286,2.9948275089263916,-3.1195839240843672,4.0710827053066385,2,1,1,0.02,0.08,0.03,0.15,0.9,0.1,-1.2,0.0,0,0,1,0,0.825,0.2
527,0,0.5343990325927734,0.2536165416240692,3.0054433345794678,3.7152757296346093,1.0387071726249402,2,1,1,0.02,0.08,0.03,0.15,0.9,0.1,-1.2,0.0,0,0,1,0,0.825,0.2
527,1,-0.012291774153709412,0.4130633473396301,1.8747014999389648,-4.722216608020979,4.625100741167192,2,1,1,0.02,0.08,0.03,0.15,0.9,0.1,-1.2,0.0,0,0,1,0,0.825,0.2
527,2,0.1438354253768921,-0.10679738968610764,-1.168075442314148,0.8269694175672702,1.0747486542228684,2,1,1,0.02,0.08,0.03,0.15,0.9,0.1,-1.2,0.0,0,0,1,0,0.825,0.2
527,3,1.0346068143844604,0.27953392267227173,3.0009987354278564,3.90650563369503,-2.323796738488579,2,1,1,0.02,0.08,0.03,0.15,0.9,0.1,-1.2,0.0,0,0,1,0,0.825,0.2
527,4,-1.3974344730377197,0.41134634613990784,-1.3612960577011108,4.102159491136828,-2.751717502536218,0,0,0,0.02,0.08,0.03,0.15,0.9,0.1,-1.2,0.0,0,0,1,0,0.825,0.2
527,5,0.7284044027328491,-0.18378661572933197,-2.182769536972046,-2.0921678456846835,4.4123954604942535,2,1,1,0.02,0.08,0.03,0.15,0.9,0.1,-1.2,0.0,0,0,1,0,0.825,0.2
527,6,-0.42119571566581726,0.034097712486982346,0.2108878344297409,-2.6681956001253475,3.092102473156237,2,1,1,0.02,0.08,0.03,0.15,0.9,0.1,-1.2,0.0,0,0,1,0,0.825,0.2
527,7,-1.015437364578247,-0.01841066963970661,-2.9945521354675293,-2.7855209447692784,4.215336297042398,2,1,1,0.02,0.08,0.03,0.15,0.9,0.1,-1.2,0.0,0,0,1,0,0.825,0.2
528,0,0.5305439829826355,0.25446730852127075,2.869173288345337,3.604754188101388,0.9289399268787484,2,1,1,0.02,0.08,0.03,0.15,0.9,0.1,-1.2,0.0,0,0,1,0,0.825,0.2
528,1,-0.012457326985895634,0.4135228097438812,2.125373125076294,-5.128467366419565,4.726863784635237,2,1,1,0.02,0.08,0.03,0.15,0.9,0.1,-1.2,0.0,0,0,1,0,0.825,0.2
528,2,0.14472101628780365,-0.10896231979131699,-1.1968213319778442,0.2725797762210949,1.3224126567357144,2,1,1,0.02,0.08,0.03,0.15,0.9,0.1,-1.2,0.0,0,0,1,0,0.825,0.2
528,3,1.0328048467636108,0.2799552381038666,2.7926149368286133,3.85311829174449,-2.402321926006574,2,1,1,0.02,0.08,0.03,0.15,0.9,0.1,-1.2,0.0,0,0,1,0,0.825,0.2
528,4,-1.3974136114120483,0.4107370972633362,-1.6385774612426758,4.308898713725442,-3.0782765522075524,0,0,0,0.02,0.08,0.03,0.15,0.9,0.1,-1.2,0.0,0,0,1,0,0.825,0.2
528,5,0.7277368903160095,-0.18504135310649872,-1.9566268920898438,-2.029058549827529,4.5452316249711195,2,1,1,0.02,0.08,0.03,0.15,0.9,0.1,-1.2,0.0,0,0,1,0,0.825,0.2
528,6,-0.420308381319046,0.034291017800569534,0.20341376960277557,0.8549105636266985,-0.0035428099046907503,2,1,1,0.02,0.08,0.03,0.15,0.9,0.1,-1.2,0.0,0,0,1,0,0.825,0.2
528,7,-1.016923427581787,-0.01881866715848446,-2.7158682346343994,-2.6439316508416533,4.3878951972916385,2,1,1,0.02,0.08,0.03,0.15,0.9,0.1,-1.2,0.0,0,0,1,0,0.825,0.2
529,0,0.5261361598968506,0.25593340396881104,2.7725045680999756,3.481509164856245,0.5652780666618389,2,1,1,0.02,0.08,0.03,0.15,0.9,0.1,-1.2,0.0,0,0,1,0,0.825,0.2
529,1,-0.012428482063114643,0.4135589897632599,2.44944167137146,-3.9231405857356356,4.301024422489644,2,1,1,0.02,0.08,0.03,0.15,0.9,0.1,-1.2,0.0,0,0,1,0,0.825,0.2
529,2,0.14543725550174713,-0.11080381274223328,-1.1941862106323242,0.7859725190295664,0.8736771051216523,2,1,1,0.02,0.08,0.03,0.15,0.9,0.1,-1.2,0.0,0,0,1,0,0.825,0.2
529,3,1.0313115119934082,0.28066104650497437,2.57460355758667,3.268204371436488,-1.3466285442464525,2,1,1,0.02,0.08,0.03,0.15,0.9,0.1,-1.2,0.0,0,0,1,0,0.825,0.2
529,4,-1.3976515531539917,0.40964385867118835,-1.8885982036590576,4.165354468597344,-2.189567236755436,0,0,0,0.02,0.08,0.03,0.15,0.9,0.1,-1.2,0.0,0,0,1,0,0.825,0.2
529,5,0.7273067235946655,-0.18666107952594757,-1.710329294204712,-1.4658645205127923,4.460641767303697,2,1,1,0.02,0.08,0.03,0.15,0.9,0.1,-1.2,0.0,0,0,1,0,0.825,0.2
529,6,-0.42007142305374146,0.03433822840452194,0.3714553117752075,-6.28,6.151040784116153,2,1,1,0.02,0.08,0.03,0.15,0.9,0.1,-1.2,0.0,0,0,1,0,0.825,0.2
529,7,-1.0186325311660767,-0.019859373569488525,-2.445910692214966,-4.069626159024051,4.495286570857749,2,1,1,0.02,0.08,0.03,0.15,0.9,0.1,-1.2,0.0,0,0,1,0,0.825,0.2
530,0,0.5219505429267883,0.2577703893184662,2.6791305541992188,3.297983349695087,0.249724196068833,2,1,1,0.02,0.08,0.03,0.15,0.9,0.1,-1.2,0.0,0,0,1,0,0.825,0.2
530,1,-0.012333645485341549,0.41351214051246643,2.8347737789154053,-3.122128889710958,4.292650728431564,2,1,1,0.02,0.08,0.03,0.15,0.9,0.1,-1.2,0.0,0,0,1,0,0.825,0.2
530,2,0.14605997502803802,-0.11233706027269363,-1.1629940271377563,1.610976039478236,0.25101858017888007,2,1,1,0.02,0.08,0.03,0.15,0.9,0.1,-1.2,0.0,0,0,1,0,0.825,0.2
530,3,1.030127763748169,0.28158026933670044,2.354301929473877,2.833050035240999,-0.8626737964651771,2,1,1,0.02,0.08,0.03,0.15,0.9,0.1,-1.2,0.0,0,0,1,0,0.825,0.2
530,4,-1.3981863260269165,0.4085542559623718,-2.145376443862915,4.286704489082931,-2.0506902350707827,0,0,0,0.02,0.08,0.03,0.15,0.9,0.1,-1.2,0.0,0,0,1,0,0.825,0.2
530,5,0.7272883653640747,-0.18852591514587402,-1.4577884674072266,-0.7716784972168662,4.155453244957626,2,1,1,0.02,0.08,0.03,0.15,0.9,0.1,-1.2,0.0,0,0,1,0,0.825,0.2
530,6,-0.4194383919239044,0.034610237926244736,0.3901110291481018,-6.28,6.28,2,1,1,0.02,0.08,0.03,0.15,0.9,0.1,-1.2,0.0,0,0,1,0,0.825,0.2
530,7,-1.0200022459030151,-0.02128302864730358,-2.1895534992218018,-2.5361987207910435,4.608659487112985,2,1,1,0.02,0.08,0.03,0.15,0.9,0.1,-1.2,0.0,0,0,1,0,0.825,0.2
531,0,0.5183330178260803,0.259788453578949,2.5787484645843506,3.108643655246375,-0.028416831986207217,2,1,1,0.02,0.08,0.03,0.15,0.9,0.1,-1.2,0.0,0,0,1,0,0.825,0.2
531,1,-0.012581142596900463,0.41352176666259766,-3.1001224517822266,-1.4911620645336539,4.147918942203381,2,1,1,0.02,0.08,0.03,0.15,0.9,0.1,-1.2,0.0,0,0,1,0,0.825,0.2
531,2,0.14672574400901794,-0.11384420096874237,-1.153110146522522,1.4348247188175056,0.321886384227103,2,1,1,0.02,0.08,0.03,0.15,0.9,0.1,-1.2,0.0,0,0,1,0,0.825,0.2
531,3,1.028980016708374,0.28297165036201477,2.1800014972686768,2.3279927828291362,-0.2377735350990791,2,1,1,0.02,0.08,0.03,0.15,0.9,0.1,-1.2,0.0,0,0,1,0,0.825,0.2
531,4,-1.399362564086914,0.4071759879589081,-2.3759143352508545,4.1471557159111585,-1.0884320375091587,0,0,0,0.02,0.08,0.03,0.15,0.9,0.1,-1.2,0.0,0,0,1,0,0.825,0.2
531,5,0.7278450727462769,-0.19079233705997467,-1.2252681255340576,-0.34165210830779635,4.05684105154019,2,1,1,0.02,0.08,0.03,0.15,0.9,0.1,-1.2,0.0,0,0,1,0,0.825,0.2
531,6,-0.41973862051963806,0.03438124805688858,0.7527248859405518,-6.28,5.002095118121075,2,1,1,0.02,0.08,0.03,0.15,0.9,0.1,-1.2,0.0,0,0,1,0,0.825,0.2
531,7,-1.0203670263290405,-0.02187683805823326,-1.8987185955047607,-0.8340632258076144,4.656590508958491,2,1,1,0.02,0.08,0.03,0.15,0.9,0.1,-1.2,0.0,0,0,1,0,0.825,0.2
532,0,0.5153484344482422,0.261886864900589,2.472841262817383,2.805395401303885,-0.140026042524226,2,1,1,0.02,0.08,0.03,0.15,0.9,0.1,-1.2,0.0,0,0,1,0,0.825,0.2
532,1,-0.01356801949441433,0.41330718994140625,-2.779951572418213,-0.0474791470770123,3.8336173214209914,2,1,1,0.02,0.08,0.03,0.15,0.9,0.1,-1.2,0.0,0,0,1,0,0.825,0.2
532,2,0.1474435180425644,-0.11551883071660995,-1.1906733512878418,0.77095329108604,0.7461442792974357,2,1,1,0.02,0.08,0.03,0.15,0.9,0.1,-1.2,0.0,0,0,1,0,0.825,0.2
532,3,1.0279734134674072,0.28465530276298523,2.0444345474243164,2.238655469300697,-0.3536721975123249,2,1,1,0.02,0.08,0.03,0.15,0.9,0.1,-1.2,0.0,0,0,1,0,0.825,0.2
532,4,-1.4011003971099854,0.405839741230011,-2.5982494354248047,4.103162905292979,-0.48245528787073144,0,0,0,0.02,0.08,0.03,0.15,0.9,0.1,-1.2,0.0,0,0,1,0,0.825,0.2
532,5,0.7290807962417603,-0.19333186745643616,-1.0289852619171143,0.32801623623926157,3.7626428758559594,2,1,1,0.02,0.08,0.03,0.15,0.9,0.1,-1.2,0.0,0,0,1,0,0.825,0.2
532,6,-0.41996490955352783,0.03422171622514725,1.0306566953659058,-5.578901198544566,4.700083959526291,2,1,1,0.02,0.08,0.03,0.15,0.9,0.1,-1.2,0.0,0,0,1,0,0.825,0.2
532,7,-1.0206600427627563,-0.0233775582164526,-1.6295802593231201,0.06562557791262476,4.850878537902763,2,1,1,0.02,0.08,0.03,0.15,0.9,0.1,-1.2,0.0,0,0,1,0,0.825,0.2
533,0,0.512964129447937,0.263982355594635,2.363433837890625,2.0560695394588735,0.15886320769418952,2,1,1,0.02,0.08,0.03,0.15,0.9,0.1,-1.2,0.0,0,0,1,0,0.825,0.2
533,1,-0.01572466269135475,0.41221433877944946,-2.5319161415100098,0.7822800934394312,3.2168803045216623,2,1,1,0.02,0.08,0.03,0.15,0.9,0.1,-1.2,0.0,0,0,1,0,0.825,0.2
533,2,0.14806905388832092,-0.11718404293060303,-1.2314698696136475,-1.0819897482491736,2.0851643405020885,2,1,1,0.02,0.08,0.03,0.15,0.9,0.1,-1.2,0.0,0,0,1,0,0.825,0.2
533,3,1.0271291732788086,0.28653788566589355,1.9470243453979492,2.775310504720126,-1.5349765284960608,2,1,1,0.02,0.08,0.03,0.15,0.9,0.1,-1.2,0.0,0,0,1,0,0.825,0.2
533,4,-1.4039154052734375,0.40448012948036194,-2.8014824390411377,3.8710754882636507,0.16400495193572562,0,0,0,0.02,0.08,0.03,0.15,0.9,0.1,-1.2,0.0,0,0,1,0,0.825,0.2
533,5,0.7309849858283997,-0.19593454897403717,-0.856739342212677,0.220605570857179,4.060285727979312,2,1,1,0.02,0.08,0.03,0.15,0.9,0.1,-1.2,0.0,0,0,1,0,0.825,0.2
533,6,-0.41956138610839844,0.0343734435737133,1.1371057033538818,-5.195172361368021,4.6483574658901485,2,1,1,0.02,0.08,0.03,0.15,0.9,0.1,-1.2,0.0,0,0,1,0,0.825,0.2
533,7,-1.020479440689087,-0.026644550263881683,-1.4185776710510254,0.867365345973246,4.8340398834955804,2,1,1,0.02,0.08,0.03,0.15,0.9,0.1,-1.2,0.0,0,0,1,0,0.825,0.2
534,0,0.5111089944839478,0.2660096287727356,2.2587873935699463,2.4009318517019413,-0.4320139827830348,2,1,1,0.02,0.08,0.03,0.15,0.9,0.1,-1.2,0.0,0,0,1,0,0.825,0.2
534,1,-0.018483540043234825,0.4100128710269928,-2.379218101501465,1.0381416936295647,2.4931422872380318,2,1,1,0.02,0.08,0.03,0.15,0.9,0.1,-1.2,0.0,0,0,1,0,0.825,0.2
534,2,0.14857609570026398,-0.11866448074579239,-1.2399834394454956,-2.5558943598768895,3.192602975171653,2,1,1,0.02,0.08,0.03,0.15,0.9,0.1,-1.2,0.0,0,0,1,0,0.825,0.2
534,3,1.026498556137085,0.28835463523864746,1.8565586805343628,2.384957596301923,-1.0212477769749608,2,1,1,0.02,0.08,0.03,0.15,0.9,0.1,-1.2,0.0,0,0,1,0,0.825,0.2
534,4,-1.4077411890029907,0.4035063683986664,-2.982583522796631,3.1572432017256444,0.7344469936677154,0,0,0,0.02,0.08,0.03,0.15,0.9,0.1,-1.2,0.0,0,0,1,0,0.825,0.2
534,5,0.7335913181304932,-0.1985243409872055,-0.7181388735771179,0.7484607530356804,3.845255130953147,2,1,1,0.02,0.08,0.03,0.15,0.9,0.1,-1.2,0.0,0,0,1,0,0.825,0.2
534,6,-0.4196465015411377,0.03573548048734665,1.481285810470581,-4.067011484760479,4.417232904334442,2,1,1,0.02,0.08,0.03,0.15,0.9,0.1,-1.2,0.0,0,0,1,0,0.825,0.2
534,7,-1.0193661451339722,-0.031173616647720337,-1.2443839311599731,1.3953040617387578,4.719475572241444,2,1,1,0.02,0.08,0.03,0.15,0.9,0.1,-1.2,0.0,0,0,1,0,0.825,0.2
535,0,0.5097211599349976,0.26784664392471313,2.1850173473358154,1.345664007915286,0.1403689493612967,2,1,1,0.02,0.08,0.03,0.15,0.9,0.1,-1.2,0.0,0,0,1,0,0.825,0.2
535,1,-0.021194107830524445,0.4071514904499054,-2.284989595413208,1.7305804498811472,0.9165612625930906,2,1,1,0.02,0.08,0.03,0.15,0.9,0.1,-1.2,0.0,0,0,1,0,0.825,0.2
535,2,0.1489546298980713,-0.11970403790473938,-1.1511603593826294,-3.100698187145192,3.6424048199679446,2,1,1,0.02,0.08,0.03,0.15,0.9,0.1,-1.2,0.0,0,0,1,0,0.825,0.2
535,3,1.0261815786361694,0.28968754410743713,1.7172975540161133,2.5787237077657785,-1.4010963989302343,2,1,1,0.02,0.08,0.03,0.15,0.9,0.1,-1.2,0.0,0,0,1,0,0.825,0.2
535,4,-1.4120383262634277,0.40315133333206177,-3.13146710395813,2.5055243374769622,0.21554120638141144,0,0,0,0.02,0.08,0.03,0.15,0.9,0.1,-1.2,0.0,0,0,1,0,0.825,0.2
535,5,0.7366908192634583,-0.20087473094463348,-0.5741821527481079,1.0558646450795544,3.7695526908346344,2,1,1,0.02,0.08,0.03,0.15,0.9,0.1,-1.2,0.0,0,0,1,0,0.825,0.2
535,6,-0.41956984996795654,0.038477975875139236,1.7606819868087769,-3.3318561053111004,4.479192043903557,2,1,1,0.02,0.08,0.03,0.15,0.9,0.1,-1.2,0.0,0,0,1,0,0.825,0.2
535,7,-1.0172042846679688,-0.036280788481235504,-1.1001739501953125,-5.625174144330926,4.38058913603157,2,1,1,0.02,0.08,0.03,0.15,0.9,0.1,-1.2,0.0,0,0,1,0,0.825,0.2
536,0,0.5086269378662109,0.26954105496406555,2.092258930206299,0.8559537800550401,0.2707680507420979,2,1,1,0.02,0.08,0.03,0.15,0.9,0.1,-1.2,0.0,0,0,1,0,0.825,0.2
536,1,-0.023472463712096214,0.40435004234313965,-2.2277143001556396,1.5974811233783435,0.7939215365989349,2,1,1,0.02,0.08,0.03,0.15,0.9,0.1,-1.2,0.0,0,0,1,0,0.825,0.2
536,2,0.14928017556667328,-0.12034588307142258,-0.966766893863678,-2.745926324315602,3.555783515806572,2,1,1,0.02,0.08,0.03,0.15,0.9,0.1,-1.2,0.0,0,0,1,0,0.825,0.2
536,3,1.0260670185089111,0.2910231649875641,1.5913352966308594,3.255560568971282,-2.475400499505645,2,1,1,0.02,0.08,0.03,0.15,0.9,0.1,-1.2,0.0,0,0,1,0,0.825,0.2
536,4,-1.4162039756774902,0.4033351540565491,3.0494608879089355,5.2532431197567355,-5.462725479704786,0,0,0,0.02,0.08,0.03,0.15,0.9,0.1,-1.2,0.0,0,0,1,0,0.825,0.2
536,5,0.7403808236122131,-0.2029362916946411,-0.4498138725757599,1.2969429117803024,3.628504182248622,2,1,1,0.02,0.08,0.03,0.15,0.9,0.1,-1.2,0.0,0,0,1,0,0.825,0.2
536,6,-0.41985321044921875,0.039535876363515854,2.092772960662842,-2.8757770628684036,4.343217489640404,2,1,1,0.02,0.08,0.03,0.15,0.9,0.1,-1.2,0.0,0,0,1,0,0.825,0.2
536,7,-1.014140248298645,-0.04147421196103096,-0.9794763326644897,-6.28,4.573993162426729,2,1,1,0.02,0.08,0.03,0.15,0.9,0.1,-1.2,0.0,0,0,1,0,0.825,0.2
537,0,0.5078850388526917,0.2709366977214813,2.038649797439575,1.591606297200512,-0.5511015323388195,2,1,1,0.02,0.08,0.03,0.15,0.9,0.1,-1.2,0.0,0,0,1,0,0.825,0.2
537,1,-0.02517670765519142,0.4021117389202118,-2.240889072418213,1.4068180012792724,0.776056791092196,2,1,1,0.02,0.08,0.03,0.15,0.9,0.1,-1.2,0.0,0,0,1,0,0.825,0.2
537,2,0.1496397852897644,-0.12077447772026062,-0.7354668974876404,-1.4684642016931988,3.894020116333626,2,1,1,0.02,0.08,0.03,0.15,0.9,0.1,-1.2,0.0,0,0,1,0,0.825,0.2
537,3,1.0261164903640747,0.29223790764808655,1.4556388854980469,3.0818077912694144,-2.1732619926625656,2,1,1,0.02,0.08,0.03,0.15,0.9,0.1,-1.2,0.0,0,0,1,0,0.825,0.2
537,4,-1.4193438291549683,0.40375545620918274,2.960996627807617,-6.28,5.9632782890694225,0,0,0,0.02,0.08,0.03,0.15,0.9,0.1,-1.2,0.0,0,0,1,0,0.825,0.2
537,5,0.7445497512817383,-0.20467092096805573,-0.34292739629745483,0.12839937084311565,2.519324754631269,2,1,1,0.02,0.08,0.03,0.15,0.9,0.1,-1.2,0.0,0,0,1,0,0.825,0.2
537,6,-0.4209265112876892,0.040894802659749985,2.3982317447662354,-2.6892571834680195,4.474695918667916,2,1,1,0.02,0.08,0.03,0.15,0.9,0.1,-1.2,0.0,0,0,1,0,0.825,0.2
537,7,-1.0143158435821533,-0.0418756864964962,-0.6636438369750977,-6.28,4.201692701897661,2,1,1,0.02,0.08,0.03,0.15,0.9,0.1,-1.2,0.0,0,0,1,0,0.825,0.2
538,0,0.5073637962341309,0.27201351523399353,2.01387095451355,-0.5498402321982321,1.0610222951949526,2,1,1,0.02,0.08,0.03,0.15,0.9,0.1,-1.2,0.0,0,0,1,0,0.825,0.2
538,1,-0.02671111933887005,0.4002166986465454,-2.2694270610809326,2.017634573042944,-0.22864928307192114,2,1,1,0.02,0.08,0.03,0.15,0.9,0.1,-1.2,0.0,0,0,1,0,0.825,0.2
538,2,0.15025684237480164,-0.12119670957326889,-0.5100275874137878,-0.28585056169852274,3.6325834036193037,2,1,1,0.02,0.08,0.03,0.15,0.9,0.1,-1.2,0.0,0,0,1,0,0.825,0.2
538,3,1.0262781381607056,0.29305499792099,1.2652966976165771,3.4762816247034354,-2.71981555670893,2,1,1,0.02,0.08,0.03,0.15,0.9,0.1,-1.2,0.0,0,0,1,0,0.825,0.2
538,4,-1.4199918508529663,0.40390443801879883,2.6030113697052,4.719185598950787,-6.28,0,0,0,0.02,0.08,0.03,0.15,0.9,0.1,-1.2,0.0,0,0,1,0,0.825,0.2
538,5,0.749023973941803,-0.20603187382221222,-0.2506852149963379,-0.5282600998189817,3.3682567688045837,2,1,1,0.02,0.08,0.03,0.15,0.9,0.1,-1.2,0.0,0,0,1,0,0.825,0.2
538,6,-0.42265158891677856,0.04209410771727562,2.679459810256958,-1.267198815121145,4.455648070181915,2,1,1,0.02,0.08,0.03,0.15,0.9,0.1,-1.2,0.0,0,0,1,0,0.825,0.2
538,7,-1.0157175064086914,-0.04124303534626961,-0.2648792862892151,-4.743720293464471,4.427839706898673,2,1,1,0.02,0.08,0.03,0.15,0.9,0.1,-1.2,0.0,0,0,1,0,0.825,0.2
539,0,0.5069332718849182,0.2729792296886444,1.9496525526046753,2.4164654614438765,-1.5294028605966223,2,1,1,0.02,0.08,0.03,0.15,0.9,0.1,-1.2,0.0,0,0,1,0,0.825,0.2
539,1,-0.028159689158201218,0.3985302746295929,-2.292874813079834,2.67227910047231,-1.2592059676051772,2,1,1,0.02,0.08,0.03,0.15,0.9,0.1,-1.2,0.0,0,0,1,0,0.825,0.2
539,2,0.1521218866109848,-0.12196160852909088,-0.31174609065055847,-3.3288811681525807,4.082161324682132,2,1,1,0.02,0.08,0.03,0.15,0.9,0.1,-1.2,0.0,0,0,1,0,0.825,0.2
539,3,1.0266202688217163,0.2938424050807953,1.0761191844940186,3.96528261399985,-3.4940001576536717,2,1,1,0.02,0.08,0.03,0.15,0.9,0.1,-1.2,0.0,0,0,1,0,0.825,0.2
539,4,-1.4195351600646973,0.40370574593544006,2.8738248348236084,5.797077276880184,-6.28,0,0,0,0.02,0.08,0.03,0.15,0.9,0.1,-1.2,0.0,0,0,1,0,0.825,0.2
539,5,0.7519657611846924,-0.20664407312870026,-0.16119909286499023,-0.16718046074206683,2.975579211206783,2,1,1,0.02,0.08,0.03,0.15,0.9,0.1,-1.2,0.0,0,0,1,0,0.825,0.2
539,6,-0.42492884397506714,0.04287441447377205,2.954535722732544,-2.67208412452939,4.297563984550153,2,1,1,0.02,0.08,0.03,0.15,0.9,0.1,-1.2,0.0,0,0,1,0,0.825,0.2
539,7,-1.0133098363876343,-0.04158337786793709,-0.03752828761935234,-3.373050940329831,4.6104089367921635,2,1,1,0.02,0.08,0.03,0.15,0.9,0.1,-1.2,0.0,0,0,1,0,0.825,0.2
540,0,0.506711483001709,0.27355456352233887,1.9799269437789917,1.7500889628341547,-1.1318230833967646,2,1,1,0.02,0.08,0.03,0.15,0.9,0.1,-1.2,0.0,0,0,1,0,0.825,0.2
540,1,-0.02942626364529133,0.39715665578842163,-2.3604331016540527,1.935416380266,-0.2571638041010238,2,1,1,0.02,0.08,0.03,0.15,0.9,0.1,-1.2,0.0,0,0,1,0,0.825,0.2
540,2,0.15514472126960754,-0.12266037613153458,-0.16225335001945496,-4.047273417694016,4.351877394961847,2,1,1,0.02,0.08,0.03,0.15,0.9,0.1,-1.2,0.0,0,0,1,0,0.825,0.2
540,3,1.0270659923553467,0.29447999596595764,0.8640842437744141,3.474237084778828,-2.7047710477593703,2,1,1,0.02,0.08,0.03,0.15,0.9,0.1,-1.2,0.0,0,0,1,0,0.825,0.2
540,4,-1.4186543226242065,0.4033811688423157,2.627387285232544,5.768288925306139,-6.28,0,0,0,0.02,0.08,0.03,0.15,0.9,0.1,-1.2,0.0,0,0,1,0,0.825,0.2
540,5,0.7544864416122437,-0.2069014608860016,-0.025691913440823555,-0.031004752380275023,3.069560081961313,2,1,1,0.02,0.08,0.03,0.15,0.9,0.1,-1.2,0.0,0,0,1,0,0.825,0.2
540,6,-0.42804569005966187,0.04309983178973198,-3.108703136444092,-2.0653174432057644,4.2675938654682755,2,1,1,0.02,0.08,0.03,0.15,0.9,0.1,-1.2,0.0,0,0,1,0,0.825,0.2
540,7,-1.0110282897949219,-0.041620466858148575,0.21360570192337036,-1.947147818633914,4.993438991042,2,1,1,0.02,0.08,0.03,0.15,0.9,0.1,-1.2,0.0,0,0,1,0,0.825,0.2
541,0,0.5064152479171753,0.2743111252784729,1.8803067207336426,1.8542125825364741,-1.2598240123028903,2,1,1,0.02,0.08,0.03,0.15,0.9,0.1,-1.2,0.0,0,0,1,0,0.825,0.2
541,1,-0.03053371049463749,0.39615583419799805,-2.486835241317749,2.469104992860309,-1.0810110271499085,2,1,1,0.02,0.08,0.03,0.15,0.9,0.1,-1.2,0.0,0,0,1,0,0.825,0.2
541,2,0.15641333162784576,-0.12277630716562271,0.07398806512355804,-4.136868219830841,4.386973397690958,2,1,1,0.02,0.08,0.03,0.15,0.9,0.1,-1.2,0.0,0,0,1,0,0.825,0.2
541,3,1.0274512767791748,0.2948429584503174,0.6094677448272705,2.683482939869701,-1.7331643578280251,2,1,1,0.02,0.08,0.03,0.15,0.9,0.1,-1.2,0.0,0,0,1,0,0.825,0.2
541,4,-1.418461799621582,0.40315452218055725,2.1740775108337402,5.000491107037017,-6.28,0,0,0,0.02,0.08,0.03,0.15,0.9,0.1,-1.2,0.0,0,0,1,0,0.825,0.2
541,5,0.7570021748542786,-0.2067883312702179,0.10151289403438568,0.28348627755774863,2.827136740332581,2,1,1,0.02,0.08,0.03,0.15,0.9,0.1,-1.2,0.0,0,0,1,0,0.825,0.2
541,6,-0.4300314784049988,0.042859576642513275,-2.8712382316589355,-2.1025564509691708,4.434981449034626,2,1,1,0.02,0.08,0.03,0.15,0.9,0.1,-1.2,0.0,0,0,1,0,0.825,0.2
541,7,-1.0099765062332153,-0.041237350553274155,0.5553975105285645,-0.22635766191140064,5.589216553158624,2,1,1,0.02,0.08,0.03,0.15,0.9,0.1,-1.2,0.0,0,0,1,0,0.825,0.2
542,0,0.5062510967254639,0.27496424317359924,1.7715916633605957,2.688971228196894,-1.7264970759714122,2,1,1,0.02,0.08,0.03,0.15,0.9,0.1,-1.2,0.0,0,0,1,0,0.825,0.2
542,1,-0.03187304735183716,0.3952297568321228,-2.576122999191284,1.435660262311314,0.2698855443443011,2,1,1,0.02,0.08,0.03,0.15,0.9,0.1,-1.2,0.0,0,0,1,0,0.825,0.2
542,2,0.15634049475193024,-0.1227702796459198,0.38003310561180115,-3.8358359986817794,4.327774023441073,2,1,1,0.02,0.08,0.03,0.15,0.9,0.1,-1.2,0.0,0,0,1,0,0.825,0.2
542,3,1.0280590057373047,0.2951516807079315,0.38214388489723206,3.9026056245735505,-3.3021974721020295,2,1,1,0.02,0.08,0.03,0.15,0.9,0.1,-1.2,0.0,0,0,1,0,0.825,0.2
542,4,-1.4184616804122925,0.40315455198287964,2.1740729808807373,5.089297163010394,-6.28,0,0,0,0.02,0.08,0.03,0.15,0.9,0.1,-1.2,0.0,0,0,1,0,0.825,0.2
542,5,0.7596855759620667,-0.2063438445329666,0.22177578508853912,0.5959977863217072,2.5556550993123364,2,1,1,0.02,0.08,0.03,0.15,0.9,0.1,-1.2,0.0,0,0,1,0,0.825,0.2
542,6,-0.4319263696670532,0.042068660259246826,-2.643450975418091,-1.8639085213835143,4.4882010830090175,2,1,1,0.02,0.08,0.03,0.15,0.9,0.1,-1.2,0.0,0,0,1,0,0.825,0.2
542,7,-1.0080631971359253,-0.03960070759057999,0.8498860001564026,0.9317078162950954,5.974147388670149,2,1,1,0.02,0.08,0.03,0.15,0.9,0.1,-1.2,0.0,0,0,1,0,0.825,0.2
543,0,0.5061593055725098,0.2755568027496338,1.6639735698699951,2.704318222456732,-1.5882575855698675,2,1,1,0.02,0.08,0.03,0.15,0.9,0.1,-1.2,0.0,0,0,1,0,0.825,0.2
543,1,-0.033134106546640396,0.3945166766643524,-2.6912968158721924,1.6876217905923856,-0.036314657309860325,2,1,1,0.02,0.08,0.03,0.15,0.9,0.1,-1.2,0.0,0,0,1,0,0.825,0.2
543,2,0.1559152752161026,-0.12301122397184372,0.7110981941223145,-3.063777201242347,4.181061916417978,2,1,1,0.02,0.08,0.03,0.15,0.9,0.1,-1.2,0.0,0,0,1,0,0.825,0.2
543,3,1.0289087295532227,0.29538580775260925,0.21439027786254883,2.949552875986075,-1.904203706377519,2,1,1,0.02,0.08,0.03,0.15,0.9,0.1,-1.2,0.0,0,0,1,0,0.825,0.2
543,4,-1.4187672138214111,0.40390247106552124,1.9330558776855469,4.528365576703735,-5.335774630643783,0,0,0,0.02,0.08,0.03,0.15,0.9,0.1,-1.2,0.0,0,0,1,0,0.825,0.2
543,5,0.7625752091407776,-0.2055107206106186,0.3305746614933014,0.558429960231456,3.1077643193625852,2,1,1,0.02,0.08,0.03,0.15,0.9,0.1,-1.2,0.0,0,0,1,0,0.825,0.2
543,6,-0.4337937533855438,0.04074331372976303,-2.4148435592651367,-0.8060216365654442,4.412607948623882,2,1,1,0.02,0.08,0.03,0.15,0.9,0.1,-1.2,0.0,0,0,1,0,0.825,0.2
543,7,-1.0053595304489136,-0.03554953262209892,1.1026562452316284,2.2642176319468486,6.2096135974172215,2,1,1,0.02,0.08,0.03,0.15,0.9,0.1,-1.2,0.0,0,0,1,0,0.825,0.2
544,0,0.5061429738998413,0.27644816040992737,1.5180763006210327,2.1505640427750383,-0.9657420217192474,2,1,1,0.02,0.08,0.03,0.15,0.9,0.1,-1.2,0.0,0,0,1,0,0.825,0.2
544,1,-0.0346243716776371,0.39386412501335144,-2.7493896484375,0.9743021467667631,0.8900540053122293,2,1,1,0.02,0.08,0.03,0.15,0.9,0.1,-1.2,0.0,0,0,1,0,0.825,0.2
544,2,0.156065434217453,-0.12281351536512375,1.0534390211105347,-2.2820899629375635,4.083501532056064,2,1,1,0.02,0.08,0.03,0.15,0.9,0.1,-1.2,0.0,0,0,1,0,0.825,0.2
544,3,1.0295755863189697,0.2954806387424469,-0.019443705677986145,3.7599439225401703,-2.76932428405029,2,1,1,0.02,0.08,0.03,0.15,0.9,0.1,-1.2,0.0,0,0,1,0,0.825,0.2
544,4,-1.4192851781845093,0.40703365206718445,1.6750195026397705,4.533724380230805,-3.4689674085039366,0,0,0,0.02,0.08,0.03,0.15,0.9,0.1,-1.2,0.0,0,0,1,0,0.825,0.2
544,5,0.7653534412384033,-0.20440886914730072,0.41200020909309387,0.3500729077965111,3.559403445422417,2,1,1,0.02,0.08,0.03,0.15,0.9,0.1,-1.2,0.0,0,0,1,0,0.825,0.2
544,6,-0.43549844622612,0.038836877793073654,-2.1901462078094482,0.16096731193153863,4.26497361562527,2,1,1,0.02,0.08,0.03,0.15,0.9,0.1,-1.2,0.0,0,0,1,0,0.825,0.2
544,7,-1.0030937194824219,-0.029448507353663445,1.3177181482315063,-1.1556475712446732,3.43389985754591,2,1,1,0.02,0.08,0.03,0.15,0.9,0.1,-1.2,0.0,0,0,1,0,0.825,0.2
545,0,0.5062906742095947,0.27746403217315674,1.364230751991272,1.3462626264307442,-0.16008299058600942,2,1,1,0.02,0.08,0.03,0.15,0.9,0.1,-1.2,0.0,0,0,1,0,0.825,0.2
545,1,-0.036175258457660675,0.39326906204223633,-2.8058927059173584,0.6895675268756695,1.2953583525598313,2,1,1,0.02,0.08,0.03,0.15,0.9,0.1,-1.2,0.0,0,0,1,0,0.825,0.2
545,2,0.15641126036643982,-0.12187662720680237,1.368496060371399,-1.5324255470743455,4.001963384654654,2,1,1,0.02,0.08,0.03,0.15,0.9,0.1,-1.2,0.0,0,0,1,0,0.825,0.2
545,3,1.03044593334198,0.2953711748123169,-0.2134554088115692,4.057256324318514,-3.151989617162079,2,1,1,0.02,0.08,0.03,0.15,0.9,0.1,-1.2,0.0,0,0,1,0,0.825,0.2
545,4,-1.419370412826538,0.40925830602645874,1.427930235862732,4.602244926097965,-2.193075065761082,0,0,0,0.02,0.08,0.03,0.15,0.9,0.1,-1.2,0.0,0,0,1,0,0.825,0.2
545,5,0.7683425545692444,-0.20293420553207397,0.5052942633628845,-0.008203643418506698,3.9191160645397503,2,1,1,0.02,0.08,0.03,0.15,0.9,0.1,-1.2,0.0,0,0,1,0,0.825,0.2
545,6,-0.43704017996788025,0.03608487918972969,-1.9901807308197021,1.0062492456850851,4.011732870571151,2,1,1,0.02,0.08,0.03,0.15,0.9,0.1,-1.2,0.0,0,0,1,0,0.825,0.2
545,7,-1.0017857551574707,-0.02161712758243084,1.4839177131652832,-1.0846998459168722,3.6031186338359986,2,1,1,0.02,0.08,0.03,0.15,0.9,0.1,-1.2,0.0,0,0,1,0,0.825,0.2
546,0,0.5065938234329224,0.2785111665725708,1.2438884973526,1.931317146552642,-0.09247082953919589,2,1,1,0.02,0.08,0.03,0.15,0.9,0.1,-1.2,0.0,0,0,1,0,0.825,0.2
546,1,-0.03790272772312164,0.39269500970840454,-2.8202900886535645,-0.004277269700304204,2.112225096617091,2,1,1,0.02,0.08,0.03,0.15,0.9,0.1,-1.2,0.0,0,0,1,0,0.825,0.2
546,2,0.15651577711105347,-0.12020464986562729,1.6449191570281982,-1.0755936565224586,3.9121143453303393,2,1,1,0.02,0.08,0.03,0.15,0.9,0.1,-1.2,0.0,0,0,1,0,0.825,0.2
546,3,1.0314241647720337,0.29505088925361633,-0.43238478899002075,3.8380908823612114,-2.346591847019053,2,1,1,0.02,0.08,0.03,0.15,0.9,0.1,-1.2,0.0,0,0,1,0,0.825,0.2
546,4,-1.419106125831604,0.409912109375,1.1335747241973877,4.382632531266959,1.0977692350860917,0,0,0,0.02,0.08,0.03,0.15,0.9,0.1,-1.2,0.0,0,0,1,0,0.825,0.2
546,5,0.7713645696640015,-0.20102865993976593,0.6235606074333191,0.1805657727951531,3.869354882055892,2,1,1,0.02,0.08,0.03,0.15,0.9,0.1,-1.2,0.0,0,0,1,0,0.825,0.2
546,6,-0.4384077191352844,0.0321534089744091,-1.8354064226150513,0.9452927245970174,4.264923899973718,2,1,1,0.02,0.08,0.03,0.15,0.9,0.1,-1.2,0.0,0,0,1,0,0.825,0.2
546,7,-1.001718521118164,-0.01835915446281433,1.6539018154144287,-2.183421753792769,3.0975704077765216,2,1,1,0.02,0.08,0.03,0.15,0.9,0.1,-1.2,0.0,0,0,1,0,0.825,0.2
547,0,0.507018506526947,0.2796061038970947,1.1779307126998901,1.0854823069392978,0.5208002475349969,2,1,1,0.02,0.08,0.03,0.15,0.9,0.1,-1.2,0.0,0,0,1,0,0.825,0.2
547,1,-0.039759524166584015,0.39206835627555847,-2.8038179874420166,0.4053729324285384,1.7782892743633858,2,1,1,0.02,0.08,0.03,0.15,0.9,0.1,-1.2,0.0,0,0,1,0,0.825,0.2
547,2,0.15606090426445007,-0.1178591176867485,1.8823593854904175,-0.44779203477592655,3.6467456721476164,2,1,1,0.02,0.08,0.03,0.15,0.9,0.1,-1.2,0.0,0,0,1,0,0.825,0.2
547,3,1.032253623008728,0.29456827044487,-0.6824749708175659,3.92234263293043,-2.1838431218717296,2,1,1,0.02,0.08,0.03,0.15,0.9,0.1,-1.2,0.0,0,0,1,0,0.825,0.2
547,4,-1.4179445505142212,0.41171759366989136,0.8857756853103638,3.5854320418065613,1.7012458908115278,0,0,0,0.02,0.08,0.03,0.15,0.9,0.1,-1.2,0.0,0,0,1,0,0.825,0.2
547,5,0.774103581905365,-0.19875609874725342,0.7691067457199097,0.5183649333040697,3.738449325444569,2,1,1,0.02,0.08,0.03,0.15,0.9,0.1,-1.2,0.0,0,0,1,0,0.825,0.2
547,6,-0.43938717246055603,0.02740197442471981,-1.721389889717102,0.7947223020686528,4.421449168418133,2,1,1,0.02,0.08,0.03,0.15,0.9,0.1,-1.2,0.0,0,0,1,0,0.825,0.2
547,7,-1.002092957496643,-0.016371071338653564,1.8325315713882446,-2.5267339149976706,3.4845868169100234,2,1,1,0.02,0.08,0.03,0.15,0.9,0.1,-1.2,0.0,0,0,1,0,0.825,0.2
548,0,0.5077267289161682,0.2811570465564728,1.11067533493042,0.08292737008345694,1.2307961046575249,2,1,1,0.02,0.08,0.03,0.15,0.9,0.1,-1.2,0.0,0,0,1,0,0.825,0.2
548,1,-0.04170766472816467,0.391328364610672,-2.740055561065674,0.44874587265404525,1.7755973700026093,2,1,1,0.02,0.08,0.03,0.15,0.9,0.1,-1.2,0.0,0,0,1,0,0.825,0.2
548,2,0.15493087470531464,-0.11529500782489777,2.096165657043457,0.08586175750722493,3.266130580456111,2,1,1,0.02,0.08,0.03,0.15,0.9,0.1,-1.2,0.0,0,0,1,0,0.825,0.2
548,3,1.0331813097000122,0.2936026155948639,-0.9088989496231079,4.1827112508533135,-2.816183518474849,2,1,1,0.02,0.08,0.03,0.15,0.9,0.1,-1.2,0.0,0,0,1,0,0.825,0.2
548,4,-1.4145833253860474,0.4151860773563385,0.7455247044563293,1.063412397716155,0.49119756808102144,0,0,0,0.02,0.08,0.03,0.15,0.9,0.1,-1.2,0.0,0,0,1,0,0.825,0.2
548,5,0.7765560150146484,-0.19601887464523315,0.9127687811851501,1.3261476741931235,3.207797224062582,2,1,1,0.02,0.08,0.03,0.15,0.9,0.1,-1.2,0.0,0,0,1,0,0.825,0.2
548,6,-0.4398793876171112,0.022249680012464523,-1.6068172454833984,-6.28,5.770605332835592,2,1,1,0.02,0.08,0.03,0.15,0.9,0.1,-1.2,0.0,0,0,1,0,0.825,0.2
548,7,-1.002480149269104,-0.015293370932340622,2.0164356231689453,-1.502168299926746,2.8086831667812784,2,1,1,0.02,0.08,0.03,0.15,0.9,0.1,-1.2,0.0,0,0,1,0,0.825,0.2
549,0,0.5084930658340454,0.2826191186904907,1.0798791646957397,0.12131176159978323,1.3685854200456513,2,1,1,0.02,0.08,0.03,0.15,0.9,0.1,-1.2,0.0,0,0,1,0,0.825,0.2
549,1,-0.043679479509592056,0.3904210925102234,-2.6865391731262207,0.4805861621115129,1.7446756513877553,2,1,1,0.02,0.08,0.03,0.15,0.9,0.1,-1.2,0.0,0,0,1,0,0.825,0.2
549,2,0.15300104022026062,-0.11255896091461182,2.2672812938690186,0.9587728132827495,2.5317357516008534,2,1,1,0.02,0.08,0.03,0.15,0.9,0.1,-1.2,0.0,0,0,1,0,0.825,0.2
549,3,1.0340858697891235,0.29215767979621887,-1.1238662004470825,4.186987102754454,-2.8515202918239426,2,1,1,0.02,0.08,0.03,0.15,0.9,0.1,-1.2,0.0,0,0,1,0,0.825,0.2
549,4,-1.410521149635315,0.4186391830444336,0.6705313324928284,5.753291505410576,-6.28,0,0,0,0.02,0.08,0.03,0.15,0.9,0.1,-1.2,0.0,0,0,1,0,0.825,0.2
549,5,0.778737485408783,-0.19277946650981903,1.0399590730667114,1.183396869475173,3.326296700924489,2,1,1,0.02,0.08,0.03,0.15,0.9,0.1,-1.2,0.0,0,0,1,0,0.825,0.2
549,6,-0.43975505232810974,0.017020441591739655,-1.481411337852478,-6.28,5.0627747147723285,2,1,1,0.02,0.08,0.03,0.15,0.9,0.1,-1.2,0.0,0,0,1,0,0.825,0.2
549,7,-1.002969741821289,-0.01449491735547781,2.2228219509124756,-1.8489725106103316,3.31799689058206,2,1,1,0.02,0.08,0.03,0.15,0.9,0.1,-1.2,0.0,0,0,1,0,0.825,0.2
550,0,0.5091359615325928,0.2838292121887207,1.1081796884536743,-0.25899324839505894,1.6756113167087292,2,1,1,0.02,0.08,0.03,0.15,0.9,0.1,-1.2,0.0,0,0,1,0,0.825,0.2
550,1,-0.045646488666534424,0.38939812779426575,-2.639601230621338,1.1964424056355494,0.7771532667874698,2,1,1,0.02,0.08,0.03,0.15,0.9,0.1,-1.2,0.0,0,0,1,0,0.825,0.2
550,2,0.15056678652763367,-0.11001647263765335,2.3943402767181396,0.3664720962526234,2.7931802512683683,2,1,1,0.02,0.08,0.03,0.15,0.9,0.1,-1.2,0.0,0,0,1,0,0.825,0.2
550,3,1.0345864295959473,0.2907952666282654,-1.3636531829833984,4.258507353074744,-3.262719778207146,2,1,1,0.02,0.08,0.03,0.15,0.9,0.1,-1.2,0.0,0,0,1,0,0.825,0.2
550,4,-1.4086873531341553,0.4200263023376465,0.6416968107223511,4.956427893056352,-6.28,0,0,0,0.02,0.08,0.03,0.15,0.9,0.1,-1.2,0.0,0,0,1,0,0.825,0.2
550,5,0.7807207107543945,-0.18899336457252502,1.1221787929534912,0.6137428393638196,3.5307470920381916,2,1,1,0.02,0.08,0.03,0.15,0.9,0.1,-1.2,0.0,0,0,1,0,0.825,0.2
550,6,-0.4398203194141388,0.016509220004081726,-1.0914620161056519,-6.04100528550973,4.462745923166626,2,1,1,0.02,0.08,0.03,0.15,0.9,0.1,-1.2,0.0,0,0,1,0,0.825,0.2
550,7,-1.0037569999694824,-0.013657611794769764,2.3888583183288574,-2.4641547217827773,3.8508224677770797,2,1,1,0.02,0.08,0.03,0.15,0.9,0.1,-1.2,0.0,0,0,1,0,0.825,0.2
551,0,0.5097604393959045,0.2851424515247345,1.1512413024902344,-1.3292207381946968,2.4190701804382724,2,1,1,0.02,0.08,0.03,0.15,0.9,0.1,-1.2,0.0,0,0,1,0,0.825,0.2
551,1,-0.047572750598192215,0.3882826566696167,-2.5947697162628174,0.22291085043444026,1.5770175940151436,2,1,1,0.02,0.08,0.03,0.15,0.9,0.1,-1.2,0.0,0,0,1,0,0.825,0.2
551,2,0.1479407250881195,-0.10777407139539719,2.4625046253204346,-0.10161566874924144,2.944931768599204,2,1,1,0.02,0.08,0.03,0.15,0.9,0.1,-1.2,0.0,0,0,1,0,0.825,0.2
551,3,1.034726858139038,0.2894555330276489,-1.6108595132827759,4.286337927006259,-3.5129669755921493,2,1,1,0.02,0.08,0.03,0.15,0.9,0.1,-1.2,0.0,0,0,1,0,0.825,0.2
551,4,-1.4082151651382446,0.42029231786727905,0.2726486921310425,4.596258203575236,-6.28,0,0,0,0.02,0.08,0.03,0.15,0.9,0.1,-1.2,0.0,0,0,1,0,0.825,0.2
551,5,0.7824406027793884,-0.18503619730472565,1.2022076845169067,-0.062400537373081405,3.6759944489672756,2,1,1,0.02,0.08,0.03,0.15,0.9,0.1,-1.2,0.0,0,0,1,0,0.825,0.2
551,6,-0.4403923451900482,0.017193766310811043,-0.6585309505462646,-3.9666025935798634,4.490587841545775,2,1,1,0.02,0.08,0.03,0.15,0.9,0.1,-1.2,0.0,0,0,1,0,0.825,0.2
551,7,-1.0048913955688477,-0.012781239114701748,2.5641753673553467,-2.2654841422925696,3.8664959664826206,2,1,1,0.02,0.08,0.03,0.15,0.9,0.1,-1.2,0.0,0,0,1,0,0.825,0.2
552,0,0.5103048086166382,0.2864665985107422,1.2142739295959473,-0.32294211810349854,1.8583355837723632,2,1,1,0.02,0.08,0.03,0.15,0.9,0.1,-1.2,0.0,0,0,1,0,0.825,0.2
552,1,-0.049293238669633865,0.38721826672554016,-2.597707509994507,-1.1713677607538608,2.6208850893280524,2,1,1,0.02,0.08,0.03,0.15,0.9,0.1,-1.2,0.0,0,0,1,0,0.825,0.2
552,2,0.14536716043949127,-0.10584060847759247,2.541372537612915,-2.8217678176846994,3.330912296309356,2,1,1,0.02,0.08,0.03,0.15,0.9,0.1,-1.2,0.0,0,0,1,0,0.825,0.2
552,3,1.0345584154129028,0.2882777750492096,-1.8782299757003784,4.205072063192224,-3.241574215873575,2,1,1,0.02,0.08,0.03,0.15,0.9,0.1,-1.2,0.0,0,0,1,0,0.825,0.2
552,4,-1.4087772369384766,0.4202699363231659,-0.1568063348531723,4.460456731044294,-2.177739648611813,0,0,0,0.02,0.08,0.03,0.15,0.9,0.1,-1.2,0.0,0,0,1,0,0.825,0.2
552,5,0.7837127447128296,-0.1812397539615631,1.3066157102584839,-1.0340781771286573,3.864861415136615,2,1,1,0.02,0.08,0.03,0.15,0.9,0.1,-1.2,0.0,0,0,1,0,0.825,0.2
552,6,-0.438777893781662,0.015734519809484482,-0.6064491271972656,-6.28,4.481732727885917,2,1,1,0.02,0.08,0.03,0.15,0.9,0.1,-1.2,0.0,0,0,1,0,0.825,0.2
552,7,-1.006142258644104,-0.01211949996650219,2.778277635574341,-1.908188618649992,3.81003611964451,2,1,1,0.02,0.08,0.03,0.15,0.9,0.1,-1.2,0.0,0,0,1,0,0.825,0.2
553,0,0.5106562972068787,0.2875696122646332,1.3331292867660522,-1.1537314488775139,2.4260976415909776,2,1,1,0.02,0.08,0.03,0.15,0.9,0.1,-1.2,0.0,0,0,1,0,0.825,0.2
553,1,-0.05085409805178642,0.38625410199165344,-2.56264066696167,0.08864949697007465,1.2987942334083609,2,1,1,0.02,0.08,0.03,0.15,0.9,0.1,-1.2,0.0,0,0,1,0,0.825,0.2
553,2,0.14289644360542297,-0.10430936515331268,2.643794536590576,-1.3331738878757322,1.8214650768391978,2,1,1,0.02,0.08,0.03,0.15,0.9,0.1,-1.2,0.0,0,0,1,0,0.825,0.2
553,3,1.0342154502868652,0.2874721884727478,-2.1526896953582764,4.050504559580019,-2.543441059603155,2,1,1,0.02,0.08,0.03,0.15,0.9,0.1,-1.2,0.0,0,0,1,0,0.825,0.2
553,4,-1.4048728942871094,0.41899967193603516,-0.3134264349937439,3.998729785611642,-1.829249636830781,0,0,0,0.02,0.08,0.03,0.15,0.9,0.1,-1.2,0.0,0,0,1,0,0.825,0.2
553,5,0.7844175100326538,-0.1778549700975418,1.4415756464004517,-0.8005426006568027,3.79293221944152,2,1,1,0.02,0.08,0.03,0.15,0.9,0.1,-1.2,0.0,0,0,1,0,0.825,0.2
553,6,-0.4375489056110382,0.014963967725634575,-0.2963047921657562,-5.378865138911093,4.407926194014148,2,1,1,0.02,0.08,0.03,0.15,0.9,0.1,-1.2,0.0,0,0,1,0,0.825,0.2
553,7,-1.007653832435608,-0.011705058626830578,2.995272636413574,-1.2086710059062822,3.4855999679962557,2,1,1,0.02,0.08,0.03,0.15,0.9,0.1,-1.2,0.0,0,0,1,0,0.825,0.2
554,0,0.5109182000160217,0.28895142674446106,1.4221409559249878,-3.4487733672487364,3.922803683124744,2,1,1,0.02,0.08,0.03,0.15,0.9,0.1,-1.2,0.0,0,0,1,0,0.825,0.2
554,1,-0.05209657549858093,0.3853718042373657,-2.4464662075042725,0.7919834767832692,0.4138790843796031,2,1,1,0.02,0.08,0.03,0.15,0.9,0.1,-1.2,0.0,0,0,1,0,0.825,0.2
554,2,0.14201590418815613,-0.10387939214706421,2.8382983207702637,2.0688965877396694,-1.7053023989440002,2,1,1,0.02,0.08,0.03,0.15,0.9,0.1,-1.2,0.0,0,0,1,0,0.825,0.2
554,3,1.0337260961532593,0.28688186407089233,-2.4242007732391357,4.092033346705085,-2.3082300029321963,2,1,1,0.02,0.08,0.03,0.15,0.9,0.1,-1.2,0.0,0,0,1,0,0.825,0.2
554,4,-1.402126669883728,0.4176742136478424,-0.5373110175132751,3.4836907289440244,-0.664923179954824,0,0,0,0.02,0.08,0.03,0.15,0.9,0.1,-1.2,0.0,0,0,1,0,0.825,0.2
554,5,0.7845595479011536,-0.17520388960838318,1.6176691055297852,-0.2392363535880189,3.6560691673985173,2,1,1,0.02,0.08,0.03,0.15,0.9,0.1,-1.2,0.0,0,0,1,0,0.825,0.2
554,6,-0.43630528450012207,0.01496038306504488,0.025067713111639023,-4.099184158270682,4.501659832161895,2,1,1,0.02,0.08,0.03,0.15,0.9,0.1,-1.2,0.0,0,0,1,0,0.825,0.2
554,7,-1.0094987154006958,-0.011623780243098736,-3.08430814743042,-1.4336615670343742,3.813151967497081,2,1,1,0.02,0.08,0.03,0.15,0.9,0.1,-1.2,0.0,0,0,1,0,0.825,0.2
555,0,0.5110439658164978,0.2902734577655792,1.5379558801651,-3.0367146145100885,3.7307967906407113,2,1,1,0.02,0.08,0.03,0.15,0.9,0.1,-1.2,0.0,0,0,1,0,0.825,0.2
555,1,-0.0531410276889801,0.38443392515182495,-2.385768175125122,1.0578923815855117,-0.04670785131891735,2,1,1,0.02,0.08,0.03,0.15,0.9,0.1,-1.2,0.0,0,0,1,0,0.825,0.2
555,2,0.14159007370471954,-0.1038065105676651,2.97221040725708,-4.088846156824647,4.171515424704839,2,1,1,0.02,0.08,0.03,0.15,0.9,0.1,-1.2,0.0,0,0,1,0,0.825,0.2
555,3,1.0327874422073364,0.2862849235534668,-2.671618700027466,4.162582644001633,-2.1448763690153645,2,1,1,0.02,0.08,0.03,0.15,0.9,0.1,-1.2,0.0,0,0,1,0,0.825,0.2
555,4,-1.3999125957489014,0.41601046919822693,-0.7659177780151367,1.9981676780170483,-0.03029204447335121,0,0,0,0.02,0.08,0.03,0.15,0.9,0.1,-1.2,0.0,0,0,1,0,0.825,0.2
555,5,0.7842088937759399,-0.17270174622535706,1.796804428100586,0.21425378472516401,3.467895969180876,2,1,1,0.02,0.08,0.03,0.15,0.9,0.1,-1.2,0.0,0,0,1,0,0.825,0.2
555,6,-0.4338502585887909,0.015124881640076637,0.2623816132545471,-3.024339171310275,4.597267681688696,2,1,1,0.02,0.08,0.03,0.15,0.9,0.1,-1.2,0.0,0,0,1,0,0.825,0.2
555,7,-1.0117789506912231,-0.011955914087593555,-2.9092700481414795,-1.3345780286803184,3.8740853242001076,2,1,1,0.02,0.08,0.03,0.15,0.9,0.1,-1.2,0.0,0,0,1,0,0.825,0.2
556,0,0.5110242366790771,0.29087430238723755,1.7724192142486572,-2.533350352294055,3.5143786210582437,2,1,1,0.02,0.08,0.03,0.15,0.9,0.1,-1.2,0.0,0,0,1,0,0.825,0.2
556,1,-0.05403644219040871,0.38357481360435486,-2.388017177581787,-1.1722189470927415,2.0228185331839295,2,1,1,0.02,0.08,0.03,0.15,0.9,0.1,-1.2,0.0,0,0,1,0,0.825,0.2
556,2,0.1412038952112198,-0.10374506562948227,2.8871407508850098,3.590822282372763,-3.4973688734480324,2,1,1,0.02,0.08,0.03,0.15,0.9,0.1,-1.2,0.0,0,0,1,0,0.825,0.2
556,3,1.031160831451416,0.2856854498386383,-2.897167682647705,4.2097344348125745,-2.024940743674875,2,1,1,0.02,0.08,0.03,0.15,0.9,0.1,-1.2,0.0,0,0,1,0,0.825,0.2
556,4,-1.397966980934143,0.4137851297855377,-0.9313492178916931,-0.8715887678198003,1.638026981869446,0,0,0,0.02,0.08,0.03,0.15,0.9,0.1,-1.2,0.0,0,0,1,0,0.825,0.2
556,5,0.7833049297332764,-0.16989001631736755,1.951762080192566,0.65619134894505,3.0888286485315675,2,1,1,0.02,0.08,0.03,0.15,0.9,0.1,-1.2,0.0,0,0,1,0,0.825,0.2
556,6,-0.4328352212905884,0.015366699546575546,0.5838353037834167,-1.9256177017820004,4.839884340729045,2,1,1,0.02,0.08,0.03,0.15,0.9,0.1,-1.2,0.0,0,0,1,0,0.825,0.2
556,7,-1.0140469074249268,-0.012691287323832512,-2.7284226417541504,-1.098912529584492,3.9453797011925515,2,1,1,0.02,0.08,0.03,0.15,0.9,0.1,-1.2,0.0,0,0,1,0,0.825,0.2
557,0,0.5108148455619812,0.29143303632736206,2.0176680088043213,-3.067190280583502,3.9047937550969505,2,1,1,0.02,0.08,0.03,0.15,0.9,0.1,-1.2,0.0,0,0,1,0,0.825,0.2
557,1,-0.054807621985673904,0.3828633725643158,-2.4217562675476074,-2.8942135817718837,3.430437896068587,2,1,1,0.02,0.08,0.03,0.15,0.9,0.1,-1.2,0.0,0,0,1,0,0.825,0.2
557,2,0.14106662571430206,-0.10371160507202148,3.0942165851593018,2.9040768550824962,-2.7665043704129846,2,1,1,0.02,0.08,0.03,0.15,0.9,0.1,-1.2,0.0,0,0,1,0,0.825,0.2
557,3,1.0292023420333862,0.28540661931037903,-3.118858814239502,4.252031430030441,-2.2061030643369324,2,1,1,0.02,0.08,0.03,0.15,0.9,0.1,-1.2,0.0,0,0,1,0,0.825,0.2
557,4,-1.3967639207839966,0.4119781255722046,-1.0174263715744019,-2.296576331606491,2.6622397507289377,0,0,0,0.02,0.08,0.03,0.15,0.9,0.1,-1.2,0.0,0,0,1,0,0.825,0.2
557,5,0.7818593978881836,-0.16691334545612335,2.081425905227661,0.8357983109081286,2.726581914247249,2,1,1,0.02,0.08,0.03,0.15,0.9,0.1,-1.2,0.0,0,0,1,0,0.825,0.2
557,6,-0.4318768382072449,0.016238536685705185,0.8610419034957886,-0.36913049328772785,4.974484200926561,2,1,1,0.02,0.08,0.03,0.15,0.9,0.1,-1.2,0.0,0,0,1,0,0.825,0.2
557,7,-1.0162644386291504,-0.013898671604692936,-2.5448880195617676,-1.3670167909559239,4.278733636520089,2,1,1,0.02,0.08,0.03,0.15,0.9,0.1,-1.2,0.0,0,0,1,0,0.825,0.2
558,0,0.5103101134300232,0.292181134223938,2.2363202571868896,-2.49494010795873,3.7410020176599623,2,1,1,0.02,0.08,0.03,0.15,0.9,0.1,-1.2,0.0,0,0,1,0,0.825,0.2
558,1,-0.05546329915523529,0.3822709918022156,-2.3397042751312256,-0.8965690210631363,1.4691916796349616,2,1,1,0.02,0.08,0.03,0.15,0.9,0.1,-1.2,0.0,0,0,1,0,0.825,0.2
558,2,0.14091475307941437,-0.10371123254299164,2.9474148750305176,4.887855796820406,-5.163995484299975,2,1,1,0.02,0.08,0.03,0.15,0.9,0.1,-1.2,0.0,0,0,1,0,0.825,0.2
558,3,1.0271028280258179,0.285584032535553,2.9421896934509277,4.253860583339942,-2.4822243357050526,2,1,1,0.02,0.08,0.03,0.15,0.9,0.1,-1.2,0.0,0,0,1,0,0.825,0.2
558,4,-1.3962507247924805,0.4111268222332001,-0.9602847099304199,0.293658621323534,0.18487812545044432,0,0,0,0.02,0.08,0.03,0.15,0.9,0.1,-1.2,0.0,0,0,1,0,0.825,0.2
558,5,0.7799840569496155,-0.16396871209144592,2.181154489517212,0.8014359398365749,2.5343322574816742,2,1,1,0.02,0.08,0.03,0.15,0.9,0.1,-1.2,0.0,0,0,1,0,0.825,0.2
558,6,-0.4303876459598541,0.018463600426912308,1.1038289070129395,0.7337009110281703,4.955587549380002,2,1,1,0.02,0.08,0.03,0.15,0.9,0.1,-1.2,0.0,0,0,1,0,0.825,0.2
558,7,-1.0184317827224731,-0.015667634084820747,-2.366417407989502,-0.4154900796840142,4.087938468045844,2,1,1,0.02,0.08,0.03,0.15,0.9,0.1,-1.2,0.0,0,0,1,0,0.825,0.2
559,0,0.5096989870071411,0.2927796542644501,2.4755184650421143,-2.366193759187983,3.809902201232796,2,1,1,0.02,0.08,0.03,0.15,0.9,0.1,-1.2,0.0,0,0,1,0,0.825,0.2
559,1,-0.05586398020386696,0.3818148672580719,-2.1388185024261475,-3.2279385327955588,3.702376510400085,2,1,1,0.02,0.08,0.03,0.15,0.9,0.1,-1.2,0.0,0,0,1,0,0.825,0.2
559,2,0.14063067734241486,-0.10363997519016266,2.7314863204956055,4.811391619613323,-5.163593998260015,2,1,1,0.02,0.08,0.03,0.15,0.9,0.1,-1.2,0.0,0,0,1,0,0.825,0.2
559,3,1.0251051187515259,0.28620976209640503,2.715364694595337,4.013240957039364,-1.7792007995194554,2,1,1,0.02,0.08,0.03,0.15,0.9,0.1,-1.2,0.0,0,0,1,0,0.825,0.2
559,4,-1.3960363864898682,0.4108246862888336,-0.80037921667099,2.141983409141242,-1.6443933658819831,0,0,0,0.02,0.08,0.03,0.15,0.9,0.1,-1.2,0.0,0,0,1,0,0.825,0.2
559,5,0.7779027819633484,-0.16124829649925232,2.258444309234619,0.21456240662421458,2.9064811787385394,2,1,1,0.02,0.08,0.03,0.15,0.9,0.1,-1.2,0.0,0,0,1,0,0.825,0.2
559,6,-0.4288647174835205,0.02246857061982155,1.3002070188522339,1.458904876082576,4.78097589381459,2,1,1,0.02,0.08,0.03,0.15,0.9,0.1,-1.2,0.0,0,0,1,0,0.825,0.2
559,7,-1.020316481590271,-0.017885848879814148,-2.1721127033233643,-0.3452120668580541,4.30893009435433,2,1,1,0.02,0.08,0.03,0.15,0.9,0.1,-1.2,0.0,0,0,1,0,0.825,0.2
560,0,0.5087008476257324,0.29336947202682495,2.7000300884246826,-2.2928352151330067,3.866090068620022,2,1,1,0.02,0.08,0.03,0.15,0.9,0.1,-1.2,0.0,0,0,1,0,0.825,0.2
560,1,-0.05614349618554115,0.3813222646713257,-2.024507522583008,-3.9606516647776577,4.233970049465604,2,1,1,0.02,0.08,0.03,0.15,0.9,0.1,-1.2,0.0,0,0,1,0,0.825,0.2
560,2,0.140712708234787,-0.10371222347021103,2.3685085773468018,4.00260281504794,-3.512186180043565,2,1,1,0.02,0.08,0.03,0.15,0.9,0.1,-1.2,0.0,0,0,1,0,0.825,0.2
560,3,1.0234997272491455,0.2871447503566742,2.479731321334839,3.7644295173873257,-1.24379751978424,2,1,1,0.02,0.08,0.03,0.15,0.9,0.1,-1.2,0.0,0,0,1,0,0.825,0.2
560,4,-1.3957724571228027,0.4105762541294098,-0.7656013369560242,2.913403675817449,-2.422732348599275,0,0,0,0.02,0.08,0.03,0.15,0.9,0.1,-1.2,0.0,0,0,1,0,0.825,0.2
560,5,0.7757802605628967,-0.15883497893810272,2.32596755027771,-0.13613080481041476,3.067162919318275,2,1,1,0.02,0.08,0.03,0.15,0.9,0.1,-1.2,0.0,0,0,1,0,0.825,0.2
560,6,-0.427827924489975,0.02784770540893078,1.4552111625671387,-6.28,5.336377462869252,2,1,1,0.02,0.08,0.03,0.15,0.9,0.1,-1.2,0.0,0,0,1,0,0.825,0.2
560,7,-1.0220550298690796,-0.0209560114890337,-2.006012201309204,0.640393812581529,4.033823587949197,2,1,1,0.02,0.08,0.03,0.15,0.9,0.1,-1.2,0.0,0,0,1,0,0.825,0.2
561,0,0.5073649883270264,0.293843150138855,2.9172487258911133,-1.9746192545717567,3.821809765786481,2,1,1,0.02,0.08,0.03,0.15,0.9,0.1,-1.2,0.0,0,0,1,0,0.825,0.2
561,1,-0.056331735104322433,0.3808600902557373,-1.8125543594360352,-3.7936430608227365,4.268487731860171,2,1,1,0.02,0.08,0.03,0.15,0.9,0.1,-1.2,0.0,0,0,1,0,0.825,0.2
561,2,0.14079508185386658,-0.10385266691446304,1.9787356853485107,4.140669262523436,-2.9365125506668464,2,1,1,0.02,0.08,0.03,0.15,0.9,0.1,-1.2,0.0,0,0,1,0,0.825,0.2
561,3,1.0219653844833374,0.28863325715065,2.2691102027893066,3.460007486066896,-0.42041678455393294,2,1,1,0.02,0.08,0.03,0.15,0.9,0.1,-1.2,0.0,0,0,1,0,0.825,0.2
561,4,-1.3954319953918457,0.4102203845977783,-0.872960090637207,2.5568491931303083,-2.0197096090368323,0,0,0,0.02,0.08,0.03,0.15,0.9,0.1,-1.2,0.0,0,0,1,0,0.825,0.2
561,5,0.7735891342163086,-0.1566799283027649,2.4168031215667725,0.4055465560146784,2.487943293033691,2,1,1,0.02,0.08,0.03,0.15,0.9,0.1,-1.2,0.0,0,0,1,0,0.825,0.2
561,6,-0.4275110065937042,0.03402192145586014,1.5793559551239014,-5.955700882454718,4.972702307548936,2,1,1,0.02,0.08,0.03,0.15,0.9,0.1,-1.2,0.0,0,0,1,0,0.825,0.2
561,7,-1.023416519165039,-0.02462066523730755,-1.8438360691070557,0.5433443481885032,4.2821177938916195,2,1,1,0.02,0.08,0.03,0.15,0.9,0.1,-1.2,0.0,0,0,1,0,0.825,0.2
562,0,0.5058232545852661,0.29404136538505554,3.133437395095825,-2.022150611235159,3.851421972466963,2,1,1,0.02,0.08,0.03,0.15,0.9,0.1,-1.2,0.0,0,0,1,0,0.825,0.2
562,1,-0.056391164660453796,0.38054579496383667,-1.5318255424499512,-2.956748817112319,4.196811373479589,2,1,1,0.02,0.08,0.03,0.15,0.9,0.1,-1.2,0.0,0,0,1,0,0.825,0.2
562,2,0.1407284140586853,-0.10357902944087982,1.641288161277771,4.289472240988309,-2.418316125458629,2,1,1,0.02,0.08,0.03,0.15,0.9,0.1,-1.2,0.0,0,0,1,0,0.825,0.2
562,3,1.0205538272857666,0.2906619906425476,2.0881643295288086,3.5617287192842917,-0.7123735273454928,2,1,1,0.02,0.08,0.03,0.15,0.9,0.1,-1.2,0.0,0,0,1,0,0.825,0.2
562,4,-1.3951497077941895,0.40981921553611755,-1.0498510599136353,3.7354756761453944,-3.0354397798481187,0,0,0,0.02,0.08,0.03,0.15,0.9,0.1,-1.2,0.0,0,0,1,0,0.825,0.2
562,5,0.7713896632194519,-0.15492260456085205,2.5310819149017334,0.8736322511969868,1.932881741912345,2,1,1,0.02,0.08,0.03,0.15,0.9,0.1,-1.2,0.0,0,0,1,0,0.825,0.2
562,6,-0.4274051785469055,0.03464770317077637,1.9358636140823364,-3.14509814074308,4.542255818370787,2,1,1,0.02,0.08,0.03,0.15,0.9,0.1,-1.2,0.0,0,0,1,0,0.825,0.2
562,7,-1.0243346691131592,-0.029058964923024178,-1.7161657810211182,-0.8997469078708378,4.896476280475413,2,1,1,0.02,0.08,0.03,0.15,0.9,0.1,-1.2,0.0,0,0,1,0,0.825,0.2
563,0,0.5037233233451843,0.29383888840675354,-2.932950735092163,-2.370203399613423,3.9098320841341447,2,1,1,0.02,0.08,0.03,0.15,0.9,0.1,-1.2,0.0,0,0,1,0,0.825,0.2
563,1,-0.056328803300857544,0.3802616000175476,-1.2396739721298218,-2.332680827790132,4.231120874611244,2,1,1,0.02,0.08,0.03,0.15,0.9,0.1,-1.2,0.0,0,0,1,0,0.825,0.2
563,2,0.14081507921218872,-0.10251951217651367,1.3396704196929932,4.4540989803051465,-2.563908596424258,2,1,1,0.02,0.08,0.03,0.15,0.9,0.1,-1.2,0.0,0,0,1,0,0.825,0.2
563,3,1.0193018913269043,0.29331663250923157,1.9446666240692139,3.4152437971814873,-0.2567052028896805,2,1,1,0.02,0.08,0.03,0.15,0.9,0.1,-1.2,0.0,0,0,1,0,0.825,0.2
563,4,-1.3949294090270996,0.40934115648269653,-1.216124176979065,3.509650945550849,-2.551690635496891,0,0,0,0.02,0.08,0.03,0.15,0.9,0.1,-1.2,0.0,0,0,1,0,0.825,0.2
563,5,0.7690842747688293,-0.15347424149513245,2.6213269233703613,1.186763636830794,1.5578370509670745,2,1,1,0.02,0.08,0.03,0.15,0.9,0.1,-1.2,0.0,0,0,1,0,0.825,0.2
563,6,-0.4271599054336548,0.034316305071115494,2.3506736755371094,-0.4752884690795142,5.067499800801598,2,1,1,0.02,0.08,0.03,0.15,0.9,0.1,-1.2,0.0,0,0,1,0,0.825,0.2
563,7,-1.024733543395996,-0.03383674472570419,-1.5875760316848755,-6.28,4.269490105331012,2,1,1,0.02,0.08,0.03,0.15,0.9,0.1,-1.2,0.0,0,0,1,0,0.825,0.2
564,0,0.501444935798645,0.29310235381126404,-2.707873582839966,-3.0047133454313415,4.039758052789225,2,1,1,0.02,0.08,0.03,0.15,0.9,0.1,-1.2,0.0,0,0,1,0,0.825,0.2
564,1,-0.05591108649969101,0.37974029779434204,-0.9597128033638,-2.0563358590797267,4.282964280564123,2,1,1,0.02,0.08,0.03,0.15,0.9,0.1,-1.2,0.0,0,0,1,0,0.825,0.2
564,2,0.1413748562335968,-0.10109270364046097,1.0626884698867798,4.383476979425807,-1.8675862596146175,2,1,1,0.02,0.08,0.03,0.15,0.9,0.1,-1.2,0.0,0,0,1,0,0.825,0.2
564,3,1.018432378768921,0.2960700988769531,1.797776222229004,3.4857449746256686,-0.6494013136750078,2,1,1,0.02,0.08,0.03,0.15,0.9,0.1,-1.2,0.0,0,0,1,0,0.825,0.2
564,4,-1.394771695137024,0.40873417258262634,-1.4405708312988281,3.2763953712945826,-1.981932378518243,0,0,0,0.02,0.08,0.03,0.15,0.9,0.1,-1.2,0.0,0,0,1,0,0.825,0.2
564,5,0.7666409611701965,-0.15217219293117523,2.6689019203186035,1.7630459198658208,0.7765242357973432,2,1,1,0.02,0.08,0.03,0.15,0.9,0.1,-1.2,0.0,0,0,1,0,0.825,0.2
564,6,-0.42827874422073364,0.035145003348588943,2.6817877292633057,1.3521023047753915,5.372750190261323,2,1,1,0.02,0.08,0.03,0.15,0.9,0.1,-1.2,0.0,0,0,1,0,0.825,0.2
564,7,-1.024474859237671,-0.0380169078707695,-1.397740364074707,-6.28,4.328566382641656,2,1,1,0.02,0.08,0.03,0.15,0.9,0.1,-1.2,0.0,0,0,1,0,0.825,0.2
565,0,0.499563068151474,0.29198509454727173,-2.4695827960968018,-2.819679891389709,3.89021116397118,2,1,1,0.02,0.08,0.03,0.15,0.9,0.1,-1.2,0.0,0,0,1,0,0.825,0.2
565,1,-0.05493229627609253,0.378745436668396,-0.711444616317749,-2.439847361984608,4.392377697737215,2,1,1,0.02,0.08,0.03,0.15,0.9,0.1,-1.2,0.0,0,0,1,0,0.825,0.2
565,2,0.1421147882938385,-0.10010083764791489,0.7962665557861328,4.3110275980916715,-1.739818173987746,2,1,1,0.02,0.08,0.03,0.15,0.9,0.1,-1.2,0.0,0,0,1,0,0.825,0.2
565,3,1.0179377794265747,0.2991274893283844,1.6649017333984375,3.19871961420685,0.14635589972874283,2,1,1,0.02,0.08,0.03,0.15,0.9,0.1,-1.2,0.0,0,0,1,0,0.825,0.2
565,4,-1.3947694301605225,0.4083850383758545,-1.6788928508758545,3.7553040898048393,-2.13681817915669,0,0,0,0.02,0.08,0.03,0.15,0.9,0.1,-1.2,0.0,0,0,1,0,0.825,0.2
565,5,0.7641797661781311,-0.15095536410808563,2.6869022846221924,2.367766647565106,-0.19253144162178354,2,1,1,0.02,0.08,0.03,0.15,0.9,0.1,-1.2,0.0,0,0,1,0,0.825,0.2
565,6,-0.4320979714393616,0.036592043936252594,2.9060146808624268,0.9929434768366968,4.616553823113062,2,1,1,0.02,0.08,0.03,0.15,0.9,0.1,-1.2,0.0,0,0,1,0,0.825,0.2
565,7,-1.0248265266418457,-0.037366218864917755,-1.0544391870498657,-6.28,4.582697101534086,2,1,1,0.02,0.08,0.03,0.15,0.9,0.1,-1.2,0.0,0,0,1,0,0.825,0.2
566,0,0.49829810857772827,0.2907225787639618,-2.204129219055176,-3.4748571287685657,4.130399779542612,2,1,1,0.02,0.08,0.03,0.15,0.9,0.1,-1.2,0.0,0,0,1,0,0.825,0.2
566,1,-0.0531415157020092,0.37751200795173645,-0.48782044649124146,-2.036905107076041,4.237900992652245,2,1,1,0.02,0.08,0.03,0.15,0.9,0.1,-1.2,0.0,0,0,1,0,0.825,0.2
566,2,0.14352859556674957,-0.0989961102604866,0.5507605671882629,4.012512740964974,-0.9637333692416785,2,1,1,0.02,0.08,0.03,0.15,0.9,0.1,-1.2,0.0,0,0,1,0,0.825,0.2
566,3,1.0178630352020264,0.30202892422676086,1.5231143236160278,3.2407103698740434,-0.2237576557582676,2,1,1,0.02,0.08,0.03,0.15,0.9,0.1,-1.2,0.0,0,0,1,0,0.825,0.2
566,4,-1.3949435949325562,0.40768471360206604,-1.8870291709899902,3.7656036662686216,-1.8060620446947506,0,0,0,0.02,0.08,0.03,0.15,0.9,0.1,-1.2,0.0,0,0,1,0,0.825,0.2
566,5,0.7618690729141235,-0.14981220662593842,2.6617650985717773,2.739103609236858,-0.9194864400650246,2,1,1,0.02,0.08,0.03,0.15,0.9,0.1,-1.2,0.0,0,0,1,0,0.825,0.2
566,6,-0.4386396110057831,0.037589069455862045,3.0715465545654297,1.1439965425332648,4.510130825456288,2,1,1,0.02,0.08,0.03,0.15,0.9,0.1,-1.2,0.0,0,0,1,0,0.825,0.2
566,7,-1.0256348848342896,-0.03643185645341873,-0.6503629684448242,-4.775495701478084,4.447783592006143,2,1,1,0.02,0.08,0.03,0.15,0.9,0.1,-1.2,0.0,0,0,1,0,0.825,0.2
567,0,0.4974621534347534,0.289236843585968,-1.943248987197876,-3.1474370307991246,4.045960740989679,2,1,1,0.02,0.08,0.03,0.15,0.9,0.1,-1.2,0.0,0,0,1,0,0.825,0.2
567,1,-0.05127207189798355,0.37675079703330994,-0.2515203654766083,-1.2648841013821175,3.9027494525516584,2,1,1,0.02,0.08,0.03,0.15,0.9,0.1,-1.2,0.0,0,0,1,0,0.825,0.2
567,2,0.14533346891403198,-0.09816045314073563,0.31725776195526123,3.5378777373111028,-1.99046941484722,2,1,1,0.02,0.08,0.03,0.15,0.9,0.1,-1.2,0.0,0,0,1,0,0.825,0.2
567,3,1.0182194709777832,0.30525344610214233,1.407989740371704,2.8438878345269294,0.3788092520702129,2,1,1,0.02,0.08,0.03,0.15,0.9,0.1,-1.2,0.0,0,0,1,0,0.825,0.2
567,4,-1.3953850269317627,0.4067653715610504,-2.10851788520813,4.013485778191331,-1.6998509994055881,0,0,0,0.02,0.08,0.03,0.15,0.9,0.1,-1.2,0.0,0,0,1,0,0.825,0.2
567,5,0.7599037885665894,-0.1487206071615219,2.582954168319702,2.1698306570795154,-0.2331113715266028,2,1,1,0.02,0.08,0.03,0.15,0.9,0.1,-1.2,0.0,0,0,1,0,0.825,0.2
567,6,-0.4446771740913391,0.03761115297675133,-3.075751304626465,-0.9483419846238517,4.102201839129388,2,1,1,0.02,0.08,0.03,0.15,0.9,0.1,-1.2,0.0,0,0,1,0,0.825,0.2
567,7,-1.0214333534240723,-0.039613232016563416,-0.5128763914108276,-4.624605606414462,4.453435013293205,2,1,1,0.02,0.08,0.03,0.15,0.9,0.1,-1.2,0.0,0,0,1,0,0.825,0.2
568,0,0.4971073865890503,0.2878389358520508,-1.6572673320770264,-3.4611715096519933,4.258649500040865,2,1,1,0.02,0.08,0.03,0.15,0.9,0.1,-1.2,0.0,0,0,1,0,0.825,0.2
568,1,-0.04914239048957825,0.3764348030090332,-0.0273542832583189,-1.0295920656267405,3.7357922556595953,2,1,1,0.02,0.08,0.03,0.15,0.9,0.1,-1.2,0.0,0,0,1,0,0.825,0.2
568,2,0.14774321019649506,-0.09765038639307022,0.11855605244636536,3.0416428008750795,-1.0915981855640267,2,1,1,0.02,0.08,0.03,0.15,0.9,0.1,-1.2,0.0,0,0,1,0,0.825,0.2
568,3,1.01889169216156,0.30826669931411743,1.289145827293396,2.8256008022053862,0.07141377755325168,2,1,1,0.02,0.08,0.03,0.15,0.9,0.1,-1.2,0.0,0,0,1,0,0.825,0.2
568,4,-1.396228551864624,0.4056837260723114,-2.324960470199585,4.171866731981677,-1.587118645613814,0,0,0,0.02,0.08,0.03,0.15,0.9,0.1,-1.2,0.0,0,0,1,0,0.825,0.2
568,5,0.758350133895874,-0.14763960242271423,2.4621362686157227,1.702332125381741,0.28778704540826755,2,1,1,0.02,0.08,0.03,0.15,0.9,0.1,-1.2,0.0,0,0,1,0,0.825,0.2
568,6,-0.45026901364326477,0.03690091520547867,-2.9566850662231445,-1.482300312225447,4.245615055215096,2,1,1,0.02,0.08,0.03,0.15,0.9,0.1,-1.2,0.0,0,0,1,0,0.825,0.2
568,7,-1.0198098421096802,-0.040546998381614685,-0.22846779227256775,-4.023886234123711,4.526212553375239,2,1,1,0.02,0.08,0.03,0.15,0.9,0.1,-1.2,0.0,0,0,1,0,0.825,0.2
569,0,0.49716511368751526,0.2864931523799896,-1.3689053058624268,-2.605130484472387,4.207468965569549,2,1,1,0.02,0.08,0.03,0.15,0.9,0.1,-1.2,0.0,0,0,1,0,0.825,0.2
569,1,-0.04674220457673073,0.3766239881515503,0.16731438040733337,-0.3686186568774605,3.417356882684016,2,1,1,0.02,0.08,0.03,0.15,0.9,0.1,-1.2,0.0,0,0,1,0,0.825,0.2
569,2,0.1494782716035843,-0.09760108590126038,-0.07485892623662949,3.008797396643214,-0.6649682641809356,2,1,1,0.02,0.08,0.03,0.15,0.9,0.1,-1.2,0.0,0,0,1,0,0.825,0.2
569,3,1.0199267864227295,0.3112731873989105,1.1956372261047363,2.7477508060375007,-0.09790329746592677,2,1,1,0.02,0.08,0.03,0.15,0.9,0.1,-1.2,0.0,0,0,1,0,0.825,0.2
569,4,-1.3975467681884766,0.40458032488822937,-2.543307304382324,4.316695012483324,-1.5620426736711182,0,0,0,0.02,0.08,0.03,0.15,0.9,0.1,-1.2,0.0,0,0,1,0,0.825,0.2
569,5,0.7569594383239746,-0.14639118313789368,2.367356061935425,2.369070941685139,-0.6218962895561981,2,1,1,0.02,0.08,0.03,0.15,0.9,0.1,-1.2,0.0,0,0,1,0,0.825,0.2
569,6,-0.45380592346191406,0.03598593547940254,-2.7916197776794434,-1.7016648858385663,4.323815674007616,2,1,1,0.02,0.08,0.03,0.15,0.9,0.1,-1.2,0.0,0,0,1,0,0.825,0.2
569,7,-1.019705057144165,-0.04057987034320831,0.1418641060590744,-2.7769242023208296,4.760634346864441,2,1,1,0.02,0.08,0.03,0.15,0.9,0.1,-1.2,0.0,0,0,1,0,0.825,0.2
570,0,0.49725595116615295,0.2859002947807312,-1.0682530403137207,-2.9517280574571294,4.39368898828141,2,1,1,0.02,0.08,0.03,0.15,0.9,0.1,-1.2,0.0,0,0,1,0,0.825,0.2
570,1,-0.04413992539048195,0.37730032205581665,0.33769717812538147,-1.0519691960101454,3.6752330345678983,2,1,1,0.02,0.08,0.03,0.15,0.9,0.1,-1.2,0.0,0,0,1,0,0.825,0.2
570,2,0.15121784806251526,-0.09789231419563293,-0.23257997632026672,3.2938168560399044,-0.6776559268912409,2,1,1,0.02,0.08,0.03,0.15,0.9,0.1,-1.2,0.0,0,0,1,0,0.825,0.2
570,3,1.0211373567581177,0.3139774203300476,1.101065993309021,2.2077013052299206,0.3946685967409909,2,1,1,0.02,0.08,0.03,0.15,0.9,0.1,-1.2,0.0,0,0,1,0,0.825,0.2
570,4,-1.3993148803710938,0.40365058183670044,-2.7642319202423096,4.252867582332521,-0.7924029580271982,0,0,0,0.02,0.08,0.03,0.15,0.9,0.1,-1.2,0.0,0,0,1,0,0.825,0.2
570,5,0.755596935749054,-0.14496339857578278,2.310732364654541,1.4104104570040636,0.6042666755369291,2,1,1,0.02,0.08,0.03,0.15,0.9,0.1,-1.2,0.0,0,0,1,0,0.825,0.2
570,6,-0.45637550950050354,0.03476864472031593,-2.594794988632202,-1.2263625301532468,4.2087426919635025,2,1,1,0.02,0.08,0.03,0.15,0.9,0.1,-1.2,0.0,0,0,1,0,0.825,0.2
570,7,-1.0195194482803345,-0.04048105701804161,0.5028671026229858,-0.9398288265971326,5.057296891001437,2,1,1,0.02,0.08,0.03,0.15,0.9,0.1,-1.2,0.0,0,0,1,0,0.825,0.2
571,0,0.4977551996707916,0.28528934717178345,-0.7999173402786255,-2.7464282067307186,4.411275640297766,2,1,1,0.02,0.08,0.03,0.15,0.9,0.1,-1.2,0.0,0,0,1,0,0.825,0.2
571,1,-0.04140618070960045,0.37849241495132446,0.4771711230278015,-2.0001229464523544,3.9213128986990067,2,1,1,0.02,0.08,0.03,0.15,0.9,0.1,-1.2,0.0,0,0,1,0,0.825,0.2
571,2,0.1533680409193039,-0.09856916964054108,-0.3644755780696869,2.97040768405576,0.09096695710671797,2,1,1,0.02,0.08,0.03,0.15,0.9,0.1,-1.2,0.0,0,0,1,0,0.825,0.2
571,3,1.0224705934524536,0.3163258731365204,1.001822829246521,1.772234891084216,0.6508580733934791,2,1,1,0.02,0.08,0.03,0.15,0.9,0.1,-1.2,0.0,0,0,1,0,0.825,0.2
571,4,-1.4017701148986816,0.40300998091697693,-3.0045409202575684,4.23991470078358,-0.43971177492963426,0,0,0,0.02,0.08,0.03,0.15,0.9,0.1,-1.2,0.0,0,0,1,0,0.825,0.2
571,5,0.7544407248497009,-0.14358747005462646,2.2168781757354736,1.049880989778212,1.0667779311039576,2,1,1,0.02,0.08,0.03,0.15,0.9,0.1,-1.2,0.0,0,0,1,0,0.825,0.2
571,6,-0.45848166942596436,0.03316659852862358,-2.3845365047454834,-1.4564146448895448,4.356454491939924,2,1,1,0.02,0.08,0.03,0.15,0.9,0.1,-1.2,0.0,0,0,1,0,0.825,0.2
571,7,-1.0183244943618774,-0.03949466347694397,0.8236264586448669,-0.06809115413855815,5.185119784000266,2,1,1,0.02,0.08,0.03,0.15,0.9,0.1,-1.2,0.0,0,0,1,0,0.825,0.2
572,0,0.4983973801136017,0.2848038077354431,-0.5223151445388794,-2.3693449207661863,4.358019531619381,2,1,1,0.02,0.08,0.03,0.15,0.9,0.1,-1.2,0.0,0,0,1,0,0.825,0.2
572,1,-0.03909282386302948,0.3799082934856415,0.6364678740501404,-1.1012325271763894,3.61431200186694,2,1,1,0.02,0.08,0.03,0.15,0.9,0.1,-1.2,0.0,0,0,1,0,0.825,0.2
572,2,0.15568764507770538,-0.0996437668800354,-0.5017012357711792,3.650822793856592,-2.559097557609041,2,1,1,0.02,0.08,0.03,0.15,0.9,0.1,-1.2,0.0,0,0,1,0,0.825,0.2
572,3,1.0239615440368652,0.3184686601161957,0.9309978485107422,1.8027548046135349,0.4220292615851329,2,1,1,0.02,0.08,0.03,0.15,0.9,0.1,-1.2,0.0,0,0,1,0,0.825,0.2
572,4,-1.4051015377044678,0.4029412567615509,3.0576605796813965,3.8864971306918967,0.5470448242241681,0,0,0,0.02,0.08,0.03,0.15,0.9,0.1,-1.2,0.0,0,0,1,0,0.825,0.2
572,5,0.753317654132843,-0.14199791848659515,2.17279314994812,3.3224206828658245,-2.139303105161627,2,1,1,0.02,0.08,0.03,0.15,0.9,0.1,-1.2,0.0,0,0,1,0,0.825,0.2
572,6,-0.4603782892227173,0.030962223187088966,-2.189215898513794,-1.496772515650655,4.438601286870907,2,1,1,0.02,0.08,0.03,0.15,0.9,0.1,-1.2,0.0,0,0,1,0,0.825,0.2
572,7,-1.0162712335586548,-0.03654441609978676,1.0839893817901611,0.7285215924083855,5.225586124271189,2,1,1,0.02,0.08,0.03,0.15,0.9,0.1,-1.2,0.0,0,0,1,0,0.825,0.2
573,0,0.49928170442581177,0.28445616364479065,-0.24573302268981934,-1.0110700088400921,4.10276169721456,2,1,1,0.02,0.08,0.03,0.15,0.9,0.1,-1.2,0.0,0,0,1,0,0.825,0.2
573,1,-0.0375329814851284,0.3812761604785919,0.836518406867981,-0.7569674106404227,3.4696302533097563,2,1,1,0.02,0.08,0.03,0.15,0.9,0.1,-1.2,0.0,0,0,1,0,0.825,0.2
573,2,0.1582045704126358,-0.10122811049222946,-0.6102973818778992,3.551092916167378,-2.30574615220982,2,1,1,0.02,0.08,0.03,0.15,0.9,0.1,-1.2,0.0,0,0,1,0,0.825,0.2
573,3,1.025477409362793,0.3204016089439392,0.8869044184684753,2.2250549515699416,-0.20020403269421974,2,1,1,0.02,0.08,0.03,0.15,0.9,0.1,-1.2,0.0,0,0,1,0,0.825,0.2
573,4,-1.4088143110275269,0.4036233425140381,2.858031749725342,3.801315382438253,0.2455373001090371,0,0,0,0.02,0.08,0.03,0.15,0.9,0.1,-1.2,0.0,0,0,1,0,0.825,0.2
573,5,0.7521446943283081,-0.14026227593421936,2.1677041053771973,2.9514078344435104,-1.986484892589521,2,1,1,0.02,0.08,0.03,0.15,0.9,0.1,-1.2,0.0,0,0,1,0,0.825,0.2
573,6,-0.4618222415447235,0.02842685952782631,-1.9876313209533691,-1.331239894232494,4.527271091610381,2,1,1,0.02,0.08,0.03,0.15,0.9,0.1,-1.2,0.0,0,0,1,0,0.825,0.2
573,7,-1.0146057605743408,-0.032348956912755966,1.2937116622924805,1.9078124649138626,5.258418582257013,2,1,1,0.02,0.08,0.03,0.15,0.9,0.1,-1.2,0.0,0,0,1,0,0.825,0.2
574,0,0.5005621314048767,0.284323126077652,0.01600499078631401,0.1028798991704119,3.8682900433928658,2,1,1,0.02,0.08,0.03,0.15,0.9,0.1,-1.2,0.0,0,0,1,0,0.825,0.2
574,1,-0.03609584644436836,0.38319912552833557,1.0108177661895752,-0.18650157018489585,3.1125901189139182,2,1,1,0.02,0.08,0.03,0.15,0.9,0.1,-1.2,0.0,0,0,1,0,0.825,0.2
574,2,0.1593661606311798,-0.1021624356508255,-0.8052948117256165,3.6000840963513023,-1.8557976838908763,2,1,1,0.02,0.08,0.03,0.15,0.9,0.1,-1.2,0.0,0,0,1,0,0.825,0.2
574,3,1.0269449949264526,0.32212427258491516,0.840338408946991,2.944476268101142,-1.2471199047406365,2,1,1,0.02,0.08,0.03,0.15,0.9,0.1,-1.2,0.0,0,0,1,0,0.825,0.2
574,4,-1.4128763675689697,0.4051626920700073,2.707298994064331,3.484689145014147,-0.33636287042243285,0,0,0,0.02,0.08,0.03,0.15,0.9,0.1,-1.2,0.0,0,0,1,0,0.825,0.2
574,5,0.7514204978942871,-0.1390935480594635,2.0141961574554443,3.250914318129898,-1.8931380442629653,2,1,1,0.02,0.08,0.03,0.15,0.9,0.1,-1.2,0.0,0,0,1,0,0.825,0.2
574,6,-0.46275219321250916,0.02563426084816456,-1.7800025939941406,-0.34999288883148794,4.48043787631642,2,1,1,0.02,0.08,0.03,0.15,0.9,0.1,-1.2,0.0,0,0,1,0,0.825,0.2
574,7,-1.0136125087738037,-0.027002036571502686,1.4747217893600464,-4.439529817184122,4.4535471541493825,2,1,1,0.02,0.08,0.03,0.15,0.9,0.1,-1.2,0.0,0,0,1,0,0.825,0.2
575,0,0.5029045343399048,0.2846463918685913,0.2239597886800766,0.3188318182245322,3.8236112371917774,2,1,1,0.02,0.08,0.03,0.15,0.9,0.1,-1.2,0.0,0,0,1,0,0.825,0.2
575,1,-0.034852270036935806,0.38557037711143494,1.16245436668396,-0.1399508053535555,2.9435226642399055,2,1,1,0.02,0.08,0.03,0.15,0.9,0.1,-1.2,0.0,0,0,1,0,0.825,0.2
575,2,0.16010688245296478,-0.1031377837061882,-1.0141866207122803,3.7528698891173495,-1.5988387825113175,2,1,1,0.02,0.08,0.03,0.15,0.9,0.1,-1.2,0.0,0,0,1,0,0.825,0.2
575,3,1.0283710956573486,0.3236180543899536,0.7625288367271423,2.217322371409819,-0.347975838397541,2,1,1,0.02,0.08,0.03,0.15,0.9,0.1,-1.2,0.0,0,0,1,0,0.825,0.2
575,4,-1.4165090322494507,0.40715572237968445,2.5597684383392334,4.25799337192424,-3.2767022958822465,0,0,0,0.02,0.08,0.03,0.15,0.9,0.1,-1.2,0.0,0,0,1,0,0.825,0.2
575,5,0.7510619759559631,-0.1381426602602005,1.8365861177444458,3.730876785779312,-1.8210400360946284,2,1,1,0.02,0.08,0.03,0.15,0.9,0.1,-1.2,0.0,0,0,1,0,0.825,0.2
575,6,-0.4631025195121765,0.022500434890389442,-1.5738462209701538,-6.28,4.643579791523,2,1,1,0.02,0.08,0.03,0.15,0.9,0.1,-1.2,0.0,0,0,1,0,0.825,0.2
575,7,-1.0134527683258057,-0.020423386245965958,1.6113313436508179,-3.8830507385376034,4.212127321543467,2,1,1,0.02,0.08,0.03,0.15,0.9,0.1,-1.2,0.0,0,0,1,0,0.825,0.2
576,0,0.5061639547348022,0.2856874465942383,0.37759658694267273,0.9813228588506133,3.5333213750286285,2,1,1,0.02,0.08,0.03,0.15,0.9,0.1,-1.2,0.0,0,0,1,0,0.825,0.2
576,1,-0.03388022631406784,0.3882847726345062,1.2844197750091553,0.20418609880829447,2.4100938576908812,2,1,1,0.02,0.08,0.03,0.15,0.9,0.1,-1.2,0.0,0,0,1,0,0.825,0.2
576,2,0.160842627286911,-0.10462138056755066,-1.208878517150879,3.486945126183272,-1.3216971343181054,2,1,1,0.02,0.08,0.03,0.15,0.9,0.1,-1.2,0.0,0,0,1,0,0.825,0.2
576,3,1.029711127281189,0.3247678279876709,0.6275380849838257,1.2559248841660058,0.6715427202724831,2,1,1,0.02,0.08,0.03,0.15,0.9,0.1,-1.2,0.0,0,0,1,0,0.825,0.2
576,4,-1.419152855873108,0.4091855585575104,2.4007961750030518,4.356163311287088,-5.9163731909717585,0,0,0,0.02,0.08,0.03,0.15,0.9,0.1,-1.2,0.0,0,0,1,0,0.825,0.2
576,5,0.7508645057678223,-0.1370009332895279,1.6526002883911133,3.914135091510136,-1.6207247720769824,2,1,1,0.02,0.08,0.03,0.15,0.9,0.1,-1.2,0.0,0,0,1,0,0.825,0.2
576,6,-0.46270614862442017,0.018417952582240105,-1.385555624961853,-6.28,4.519180452826929,2,1,1,0.02,0.08,0.03,0.15,0.9,0.1,-1.2,0.0,0,0,1,0,0.825,0.2
576,7,-1.0134152173995972,-0.019359493628144264,1.898305892944336,-3.714852160156728,4.247771479709935,2,1,1,0.02,0.08,0.03,0.15,0.9,0.1,-1.2,0.0,0,0,1,0,0.825,0.2
577,0,0.5095735788345337,0.2873140275478363,0.5131585597991943,1.2732742801442216,3.2445597273657727,2,1,1,0.02,0.08,0.03,0.15,0.9,0.1,-1.2,0.0,0,0,1,0,0.825,0.2
577,1,-0.033230848610401154,0.3910353481769562,1.3938674926757812,1.0306534425696456,1.24618381271335,2,1,1,0.02,0.08,0.03,0.15,0.9,0.1,-1.2,0.0,0,0,1,0,0.825,0.2
577,2,0.16139858961105347,-0.10663897544145584,-1.3979334831237793,3.2663431439415067,-1.2937208792372579,2,1,1,0.02,0.08,0.03,0.15,0.9,0.1,-1.2,0.0,0,0,1,0,0.825,0.2
577,3,1.0312564373016357,0.3257581889629364,0.5259265899658203,1.820762878692935,0.19376922526930726,2,1,1,0.02,0.08,0.03,0.15,0.9,0.1,-1.2,0.0,0,0,1,0,0.825,0.2
577,4,-1.4199724197387695,0.4100681245326996,2.132404327392578,4.18702111527081,-5.729744520875029,0,0,0,0.02,0.08,0.03,0.15,0.9,0.1,-1.2,0.0,0,0,1,0,0.825,0.2
577,5,0.7509102821350098,-0.1356559842824936,1.4437851905822754,3.798500848821798,-1.3274981713679717,2,1,1,0.02,0.08,0.03,0.15,0.9,0.1,-1.2,0.0,0,0,1,0,0.825,0.2
577,6,-0.46305572986602783,0.018857818096876144,-1.0125088691711426,-5.418969937666273,4.342654429322165,2,1,1,0.02,0.08,0.03,0.15,0.9,0.1,-1.2,0.0,0,0,1,0,0.825,0.2
577,7,-1.0132688283920288,-0.019675103947520256,2.2122514247894287,-3.4248846421831645,4.2762037081576425,2,1,1,0.02,0.08,0.03,0.15,0.9,0.1,-1.2,0.0,0,0,1,0,0.825,0.2
578,0,0.5131070613861084,0.2895767092704773,0.6173169612884521,0.3389830394718796,3.534350773370121,2,1,1,0.02,0.08,0.03,0.15,0.9,0.1,-1.2,0.0,0,0,1,0,0.825,0.2
578,1,-0.03287891298532486,0.3936608135700226,1.477185845375061,1.13508283872041,0.8541755410943078,2,1,1,0.02,0.08,0.03,0.15,0.9,0.1,-1.2,0.0,0,0,1,0,0.825,0.2
578,2,0.16159522533416748,-0.10886635631322861,-1.572752594947815,3.5882239729861647,-1.2976144456082008,2,1,1,0.02,0.08,0.03,0.15,0.9,0.1,-1.2,0.0,0,0,1,0,0.825,0.2
578,3,1.0329375267028809,0.3266710340976715,0.49167972803115845,2.80768714049003,-0.8389689434511921,2,1,1,0.02,0.08,0.03,0.15,0.9,0.1,-1.2,0.0,0,0,1,0,0.825,0.2
578,4,-1.419344425201416,0.408427894115448,1.7626413106918335,4.7659897239200655,-3.126776414468826,0,0,0,0.02,0.08,0.03,0.15,0.9,0.1,-1.2,0.0,0,0,1,0,0.825,0.2
578,5,0.7513273358345032,-0.13400518894195557,1.230513572692871,4.044713290350957,-0.9975379158204074,2,1,1,0.02,0.08,0.03,0.15,0.9,0.1,-1.2,0.0,0,0,1,0,0.825,0.2
578,6,-0.46390771865844727,0.019673040136694908,-0.5929298996925354,-3.1262343213129733,4.735625506449602,2,1,1,0.02,0.08,0.03,0.15,0.9,0.1,-1.2,0.0,0,0,1,0,0.825,0.2
578,7,-1.0131171941757202,-0.01984170265495777,2.5222678184509277,-1.998418850686683,3.987365856589388,2,1,1,0.02,0.08,0.03,0.15,0.9,0.1,-1.2,0.0,0,0,1,0,0.825,0.2
579,0,0.5166199803352356,0.2922959625720978,0.6925598382949829,0.03856858556237769,3.5093931099492934,2,1,1,0.02,0.08,0.03,0.15,0.9,0.1,-1.2,0.0,0,0,1,0,0.825,0.2
579,1,-0.0327083058655262,0.39599764347076416,1.4985986948013306,2.2374514364135125,-0.6699059304093413,2,1,1,0.02,0.08,0.03,0.15,0.9,0.1,-1.2,0.0,0,0,1,0,0.825,0.2
579,2,0.16143254935741425,-0.11093861609697342,-1.736633062362671,3.640552418190964,-1.2395501217855778,2,1,1,0.02,0.08,0.03,0.15,0.9,0.1,-1.2,0.0,0,0,1,0,0.825,0.2
579,3,1.0347176790237427,0.3275727331638336,0.441974937915802,2.5086816112503394,-0.3385923923218766,2,1,1,0.02,0.08,0.03,0.15,0.9,0.1,-1.2,0.0,0,0,1,0,0.825,0.2
579,4,-1.4192825555801392,0.4068138897418976,1.388166069984436,5.283690298777708,-1.0127395146281102,0,0,0,0.02,0.08,0.03,0.15,0.9,0.1,-1.2,0.0,0,0,1,0,0.825,0.2
579,5,0.7521784901618958,-0.13225071132183075,1.030374526977539,3.9969353756722557,-0.5517274258768763,2,1,1,0.02,0.08,0.03,0.15,0.9,0.1,-1.2,0.0,0,0,1,0,0.825,0.2
579,6,-0.4617898166179657,0.01862419955432415,-0.3401159644126892,-2.3241053711683057,4.989132000063191,2,1,1,0.02,0.08,0.03,0.15,0.9,0.1,-1.2,0.0,0,0,1,0,0.825,0.2
579,7,-1.0136609077453613,-0.01959056407213211,2.843857526779175,-1.8089462846556579,4.1107017638085095,2,1,1,0.02,0.08,0.03,0.15,0.9,0.1,-1.2,0.0,0,0,1,0,0.825,0.2
580,0,0.5196241140365601,0.29502612352371216,0.7978683710098267,-0.32518514403792576,3.5879168807438813,2,1,1,0.02,0.08,0.03,0.15,0.9,0.1,-1.2,0.0,0,0,1,0,0.825,0.2
580,1,-0.03256481885910034,0.3980357348918915,1.492064356803894,2.3937285455188926,-0.9558694846857115,2,1,1,0.02,0.08,0.03,0.15,0.9,0.1,-1.2,0.0,0,0,1,0,0.825,0.2
580,2,0.16088421642780304,-0.11312288790941238,-1.9065686464309692,3.4270527887193967,-0.9659411914231191,2,1,1,0.02,0.08,0.03,0.15,0.9,0.1,-1.2,0.0,0,0,1,0,0.825,0.2
580,3,1.0365458726882935,0.32833465933799744,0.3280385434627533,3.191088340156916,-1.1393799683336112,2,1,1,0.02,0.08,0.03,0.15,0.9,0.1,-1.2,0.0,0,0,1,0,0.825,0.2
580,4,-1.4190117120742798,0.4074510335922241,1.0816240310668945,5.410766729337091,0.15937682129729436,0,0,0,0.02,0.08,0.03,0.15,0.9,0.1,-1.2,0.0,0,0,1,0,0.825,0.2
580,5,0.7536563873291016,-0.13028575479984283,0.8361119627952576,3.610199376063006,0.2379517868598205,2,1,1,0.02,0.08,0.03,0.15,0.9,0.1,-1.2,0.0,0,0,1,0,0.825,0.2
580,6,-0.45956945419311523,0.01796683669090271,-0.05537332594394684,-0.7615145737617534,5.339035810652095,2,1,1,0.02,0.08,0.03,0.15,0.9,0.1,-1.2,0.0,0,0,1,0,0.825,0.2
580,7,-1.015170693397522,-0.019328642636537552,3.0933585166931152,-0.792091833210915,3.8123571626423125,2,1,1,0.02,0.08,0.03,0.15,0.9,0.1,-1.2,0.0,0,0,1,0,0.825,0.2
581,0,0.5222023129463196,0.29801034927368164,0.929130494594574,-0.29880548282000924,3.5150099285268976,2,1,1,0.02,0.08,0.03,0.15,0.9,0.1,-1.2,0.0,0,0,1,0,0.825,0.2
581,1,-0.03239702433347702,0.3996792435646057,1.4083067178726196,3.5753031654852414,-2.5662231242370126,2,1,1,0.02,0.08,0.03,0.15,0.9,0.1,-1.2,0.0,0,0,1,0,0.825,0.2
581,2,0.15990671515464783,-0.11531122773885727,-2.0784096717834473,2.7940007543205794,-0.4846685421753361,2,1,1,0.02,0.08,0.03,0.15,0.9,0.1,-1.2,0.0,0,0,1,0,0.825,0.2
581,3,1.0386000871658325,0.3289125859737396,0.22234712541103363,3.4450752888393943,-1.5073639075673428,2,1,1,0.02,0.08,0.03,0.15,0.9,0.1,-1.2,0.0,0,0,1,0,0.825,0.2
581,4,-1.4170156717300415,0.4102292060852051,0.8388365507125854,4.567209616546035,-0.09806749248921949,0,0,0,0.02,0.08,0.03,0.15,0.9,0.1,-1.2,0.0,0,0,1,0,0.825,0.2
581,5,0.7559697031974792,-0.12818047404289246,0.6493114233016968,3.1816135784868527,1.1236421957612397,2,1,1,0.02,0.08,0.03,0.15,0.9,0.1,-1.2,0.0,0,0,1,0,0.825,0.2
581,6,-0.4570963680744171,0.01821131259202957,0.2586246728897095,0.5497022638224776,5.559303340201621,2,1,1,0.02,0.08,0.03,0.15,0.9,0.1,-1.2,0.0,0,0,1,0,0.825,0.2
581,7,-1.0174601078033447,-0.019455352798104286,-2.9815433025360107,-0.695012409882614,3.8706812626636276,2,1,1,0.02,0.08,0.03,0.15,0.9,0.1,-1.2,0.0,0,0,1,0,0.825,0.2
582,0,0.5242070555686951,0.30110883712768555,1.076186180114746,-0.49680974386248145,3.558385713410403,2,1,1,0.02,0.08,0.03,0.15,0.9,0.1,-1.2,0.0,0,0,1,0,0.825,0.2
582,1,-0.03209046274423599,0.40112265944480896,1.293344259262085,3.805291310617122,-2.792822145972532,2,1,1,0.02,0.08,0.03,0.15,0.9,0.1,-1.2,0.0,0,0,1,0,0.825,0.2
582,2,0.1585482656955719,-0.11736167967319489,-2.2362141609191895,-1.7175464382786363,2.7072916216580563,2,1,1,0.02,0.08,0.03,0.15,0.9,0.1,-1.2,0.0,0,0,1,0,0.825,0.2
582,3,1.0406535863876343,0.3292470872402191,0.08055764436721802,3.5901219053132594,-1.761017227587054,2,1,1,0.02,0.08,0.03,0.15,0.9,0.1,-1.2,0.0,0,0,1,0,0.825,0.2
582,4,-1.4131627082824707,0.4137352406978607,0.644703209400177,4.060497248032107,-2.511882506496249,0,0,0,0.02,0.08,0.03,0.15,0.9,0.1,-1.2,0.0,0,0,1,0,0.825,0.2
582,5,0.7591492533683777,-0.12614580988883972,0.49671459197998047,0.6820347745161808,1.6531461986417677,2,1,1,0.02,0.08,0.03,0.15,0.9,0.1,-1.2,0.0,0,0,1,0,0.825,0.2
582,6,-0.4536256790161133,0.019658049568533897,0.5067955255508423,1.6930618698247166,5.5771457253047485,2,1,1,0.02,0.08,0.03,0.15,0.9,0.1,-1.2,0.0,0,0,1,0,0.825,0.2
582,7,-1.0202394723892212,-0.02017996273934841,-2.8097732067108154,-0.361810565699339,3.743923338354088,2,1,1,0.02,0.08,0.03,0.15,0.9,0.1,-1.2,0.0,0,0,1,0,0.825,0.2
583,0,0.5256890654563904,0.30438366532325745,1.2236075401306152,-0.3360910728740393,3.32379821704286,2,1,1,0.02,0.08,0.03,0.15,0.9,0.1,-1.2,0.0,0,0,1,0,0.825,0.2
583,1,-0.031715478748083115,0.4021648168563843,1.0961607694625854,4.254951272053312,-3.5748530797359956,2,1,1,0.02,0.08,0.03,0.15,0.9,0.1,-1.2,0.0,0,0,1,0,0.825,0.2
583,2,0.15699203312397003,-0.11911024898290634,-2.358896017074585,-0.2765151498375003,1.472487527654281,2,1,1,0.02,0.08,0.03,0.15,0.9,0.1,-1.2,0.0,0,0,1,0,0.825,0.2
583,3,1.0426210165023804,0.3292614221572876,-0.08933497220277786,3.719540159705368,-2.0436742711097877,2,1,1,0.02,0.08,0.03,0.15,0.9,0.1,-1.2,0.0,0,0,1,0,0.825,0.2
583,4,-1.4092034101486206,0.4162423014640808,0.47821682691574097,4.530167169443024,-5.0042479704531555,0,0,0,0.02,0.08,0.03,0.15,0.9,0.1,-1.2,0.0,0,0,1,0,0.825,0.2
583,5,0.7629567980766296,-0.12434054911136627,0.39895087480545044,0.8111221995672778,1.7373107178591574,2,1,1,0.02,0.08,0.03,0.15,0.9,0.1,-1.2,0.0,0,0,1,0,0.825,0.2
583,6,-0.44927188754081726,0.022724254056811333,0.70635986328125,2.5647667832381518,5.371487769071908,2,1,1,0.02,0.08,0.03,0.15,0.9,0.1,-1.2,0.0,0,0,1,0,0.825,0.2
583,7,-1.0231313705444336,-0.02143661119043827,-2.649759292602539,-0.6940982840647081,3.9897695842220635,2,1,1,0.02,0.08,0.03,0.15,0.9,0.1,-1.2,0.0,0,0,1,0,0.825,0.2
584,0,0.5266343951225281,0.30772843956947327,1.3774776458740234,-0.9644822233746446,3.652841276419913,2,1,1,0.02,0.08,0.03,0.15,0.9,0.1,-1.2,0.0,0,0,1,0,0.825,0.2
584,1,-0.03115774504840374,0.4030437171459198,0.8658828735351562,4.259719203218703,-3.1918309476622824,2,1,1,0.02,0.08,0.03,0.15,0.9,0.1,-1.2,0.0,0,0,1,0,0.825,0.2
584,2,0.1561117172241211,-0.11998496949672699,-2.256542205810547,-3.8872778878834753,4.08326187309549,2,1,1,0.02,0.08,0.03,0.15,0.9,0.1,-1.2,0.0,0,0,1,0,0.825,0.2
584,3,1.0445022583007812,0.3289377987384796,-0.27666473388671875,3.5301182331036767,-1.3260625900121528,2,1,1,0.02,0.08,0.03,0.15,0.9,0.1,-1.2,0.0,0,0,1,0,0.825,0.2
584,4,-1.4072387218475342,0.4170588254928589,0.2614378333091736,4.4763221769040875,-4.722877006117154,0,0,0,0.02,0.08,0.03,0.15,0.9,0.1,-1.2,0.0,0,0,1,0,0.825,0.2
584,5,0.765424370765686,-0.12333802878856659,0.4114171266555786,1.3335120518120975,1.281004567766919,2,1,1,0.02,0.08,0.03,0.15,0.9,0.1,-1.2,0.0,0,0,1,0,0.825,0.2
584,6,-0.4445800185203552,0.02745179831981659,0.8631972074508667,2.786202200845491,-0.674584306060929,2,1,1,0.02,0.08,0.03,0.15,0.9,0.1,-1.2,0.0,0,0,1,0,0.825,0.2
584,7,-1.0259575843811035,-0.023227088153362274,-2.5027503967285156,-1.3127424804238186,4.266299574240736,2,1,1,0.02,0.08,0.03,0.15,0.9,0.1,-1.2,0.0,0,0,1,0,0.825,0.2
585,0,0.5270295739173889,0.3108358085155487,1.5139857530593872,-0.7027954843529932,3.3672169469483313,2,1,1,0.02,0.08,0.03,0.15,0.9,0.1,-1.2,0.0,0,0,1,0,0.825,0.2
585,1,-0.03060881979763508,0.40358826518058777,0.5975899696350098,4.166705062160046,-2.1258874082900765,2,1,1,0.02,0.08,0.03,0.15,0.9,0.1,-1.2,0.0,0,0,1,0,0.825,0.2
585,2,0.15542325377464294,-0.12090645730495453,-2.176069498062134,-5.51451194002686,5.065067795062641,2,1,1,0.02,0.08,0.03,0.15,0.9,0.1,-1.2,0.0,0,0,1,0,0.825,0.2
585,3,1.0461299419403076,0.3283207416534424,-0.47748368978500366,3.7068893848107742,-1.6436885235951832,2,1,1,0.02,0.08,0.03,0.15,0.9,0.1,-1.2,0.0,0,0,1,0,0.825,0.2
585,4,-1.4069772958755493,0.4170907437801361,-0.0668400451540947,4.471772269897554,-3.7482265372110946,0,0,0,0.02,0.08,0.03,0.15,0.9,0.1,-1.2,0.0,0,0,1,0,0.825,0.2
585,5,0.7676208019256592,-0.12234080582857132,0.4476689100265503,2.047146838734368,0.4901163538846367,2,1,1,0.02,0.08,0.03,0.15,0.9,0.1,-1.2,0.0,0,0,1,0,0.825,0.2
585,6,-0.4400428831577301,0.033450882881879807,0.978190004825592,3.0750849010461474,-1.541076944658102,2,1,1,0.02,0.08,0.03,0.15,0.9,0.1,-1.2,0.0,0,0,1,0,0.825,0.2
585,7,-1.0284699201583862,-0.025395799428224564,-2.3424766063690186,-0.5156510229188851,4.110267284089742,2,1,1,0.02,0.08,0.03,0.15,0.9,0.1,-1.2,0.0,0,0,1,0,0.825,0.2
586,0,0.5269925594329834,0.31356263160705566,1.6699612140655518,-0.7891054949976322,3.3364251115560077,2,1,1,0.02,0.08,0.03,0.15,0.9,0.1,-1.2,0.0,0,0,1,0,0.825,0.2
586,1,-0.029721681028604507,0.40403375029563904,0.33183225989341736,4.101602108930398,-1.4766434853202632,2,1,1,0.02,0.08,0.03,0.15,0.9,0.1,-1.2,0.0,0,0,1,0,0.825,0.2
586,2,0.155208021402359,-0.12123953551054001,-1.9386639595031738,-6.015481886205796,5.180978920993928,2,1,1,0.02,0.08,0.03,0.15,0.9,0.1,-1.2,0.0,0,0,1,0,0.825,0.2
586,3,1.0479031801223755,0.3271843492984772,-0.6549047231674194,3.7422308089454743,-1.6859707739344074,2,1,1,0.02,0.08,0.03,0.15,0.9,0.1,-1.2,0.0,0,0,1,0,0.825,0.2
586,4,-1.4064210653305054,0.41698649525642395,-0.42558997869491577,4.530135568774944,-2.976905671026265,0,0,0,0.02,0.08,0.03,0.15,0.9,0.1,-1.2,0.0,0,0,1,0,0.825,0.2
586,5,0.7699434161186218,-0.12120678275823593,0.45329806208610535,2.7456607755361917,-0.4515165702290425,2,1,1,0.02,0.08,0.03,0.15,0.9,0.1,-1.2,0.0,0,0,1,0,0.825,0.2
586,6,-0.43812617659568787,0.036289017647504807,0.8927288055419922,2.4320708822263057,-1.203284557407808,2,1,1,0.02,0.08,0.03,0.15,0.9,0.1,-1.2,0.0,0,0,1,0,0.825,0.2
586,7,-1.0303949117660522,-0.02773946151137352,-2.152616500854492,-0.10466568814274449,4.116871015220829,2,1,1,0.02,0.08,0.03,0.15,0.9,0.1,-1.2,0.0,0,0,1,0,0.825,0.2
587,0,0.5265411138534546,0.31611478328704834,1.819358229637146,-1.0877813068693027,3.425850657137375,2,1,1,0.02,0.08,0.03,0.15,0.9,0.1,-1.2,0.0,0,0,1,0,0.825,0.2
587,1,-0.028109630569815636,0.4043910503387451,0.09539120644330978,4.1824916421839395,-1.964667874149362,2,1,1,0.02,0.08,0.03,0.15,0.9,0.1,-1.2,0.0,0,0,1,0,0.825,0.2
587,2,0.15530191361904144,-0.12076810002326965,-1.5687283277511597,-5.8523414715642526,4.923473674905042,2,1,1,0.02,0.08,0.03,0.15,0.9,0.1,-1.2,0.0,0,0,1,0,0.825,0.2
587,3,1.04945707321167,0.3257639706134796,-0.8395648002624512,3.861487727209538,-2.1281156498636893,2,1,1,0.02,0.08,0.03,0.15,0.9,0.1,-1.2,0.0,0,0,1,0,0.825,0.2
587,4,-1.4053478240966797,0.41626691818237305,-0.7504112124443054,4.46507913504848,-2.3856256518245647,0,0,0,0.02,0.08,0.03,0.15,0.9,0.1,-1.2,0.0,0,0,1,0,0.825,0.2
587,5,0.7723364233970642,-0.12008687853813171,0.4061138331890106,2.0986407874168087,0.21861103944643237,2,1,1,0.02,0.08,0.03,0.15,0.9,0.1,-1.2,0.0,0,0,1,0,0.825,0.2
587,6,-0.4367426335811615,0.037804774940013885,0.7233607172966003,2.3990878750348594,-0.8693939870047297,2,1,1,0.02,0.08,0.03,0.15,0.9,0.1,-1.2,0.0,0,0,1,0,0.825,0.2
587,7,-1.0320453643798828,-0.03079807013273239,-1.9834262132644653,0.4686030069753877,4.021591582403867,2,1,1,0.02,0.08,0.03,0.15,0.9,0.1,-1.2,0.0,0,0,1,0,0.825,0.2
588,0,0.5257365703582764,0.3185495138168335,1.9639339447021484,-1.5945484499952662,3.570243333394395,2,1,1,0.02,0.08,0.03,0.15,0.9,0.1,-1.2,0.0,0,0,1,0,0.825,0.2
588,1,-0.025652257725596428,0.4043799340724945,-0.10790128260850906,4.103086899432534,-1.8553567933171933,2,1,1,0.02,0.08,0.03,0.15,0.9,0.1,-1.2,0.0,0,0,1,0,0.825,0.2
588,2,0.15566416084766388,-0.12082896381616592,-1.1863443851470947,-4.24412294505778,4.39661863167214,2,1,1,0.02,0.08,0.03,0.15,0.9,0.1,-1.2,0.0,0,0,1,0,0.825,0.2
588,3,1.050702452659607,0.32411277294158936,-1.029869794845581,3.5952302108867724,-1.592407170539327,2,1,1,0.02,0.08,0.03,0.15,0.9,0.1,-1.2,0.0,0,0,1,0,0.825,0.2
588,4,-1.4040369987487793,0.41462868452072144,-1.0439680814743042,4.305098683135376,-2.672263483078942,0,0,0,0.02,0.08,0.03,0.15,0.9,0.1,-1.2,0.0,0,0,1,0,0.825,0.2
588,5,0.7746530175209045,-0.11920018494129181,0.30073750019073486,1.1615093038675388,1.1631714755397609,2,1,1,0.02,0.08,0.03,0.15,0.9,0.1,-1.2,0.0,0,0,1,0,0.825,0.2
588,6,-0.4354349672794342,0.03881841152906418,0.5757518410682678,-6.28,6.28,2,1,1,0.02,0.08,0.03,0.15,0.9,0.1,-1.2,0.0,0,0,1,0,0.825,0.2
588,7,-1.033340334892273,-0.034510813653469086,-1.8325951099395752,-6.28,5.817589697037172,2,1,1,0.02,0.08,0.03,0.15,0.9,0.1,-1.2,0.0,0,0,1,0,0.825,0.2
589,0,0.5246666073799133,0.32067248225212097,2.119847297668457,-1.5061772772206117,3.412017059986236,2,1,1,0.02,0.08,0.03,0.15,0.9,0.1,-1.2,0.0,0,0,1,0,0.825,0.2
589,1,-0.023356812074780464,0.4039080739021301,-0.3214220404624939,4.019001723166378,-1.6322477170189933,2,1,1,0.02,0.08,0.03,0.15,0.9,0.1,-1.2,0.0,0,0,1,0,0.825,0.2
589,2,0.15808962285518646,-0.123776875436306,-1.065138816833496,-3.9023238134812086,4.302631252279626,2,1,1,0.02,0.08,0.03,0.15,0.9,0.1,-1.2,0.0,0,0,1,0,0.825,0.2
589,3,1.051493525505066,0.32248854637145996,-1.2365785837173462,3.42348747596826,-1.5614760153869949,2,1,1,0.02,0.08,0.03,0.15,0.9,0.1,-1.2,0.0,0,0,1,0,0.825,0.2
589,4,-1.4030170440673828,0.41219407320022583,-1.3107843399047852,4.326847346150524,-3.5351848840948406,0,0,0,0.02,0.08,0.03,0.15,0.9,0.1,-1.2,0.0,0,0,1,0,0.825,0.2
589,5,0.7769898176193237,-0.11858540773391724,0.2191406935453415,1.8819934463926413,0.4084377998646367,2,1,1,0.02,0.08,0.03,0.15,0.9,0.1,-1.2,0.0,0,0,1,0,0.825,0.2
589,6,-0.43389710783958435,0.03968576714396477,0.4481266736984253,-6.28,6.28,2,1,1,0.02,0.08,0.03,0.15,0.9,0.1,-1.2,0.0,0,0,1,0,0.825,0.2
589,7,-1.0341897010803223,-0.03882230445742607,-1.7034871578216553,-6.28,5.335439786449329,2,1,1,0.02,0.08,0.03,0.15,0.9,0.1,-1.2,0.0,0,0,1,0,0.825,0.2
590,0,0.5234569907188416,0.3223254680633545,2.296973705291748,-1.885344946082817,3.5530407614370403,2,1,1,0.02,0.08,0.03,0.15,0.9,0.1,-1.2,0.0,0,0,1,0,0.825,0.2
590,1,-0.021279461681842804,0.40298542380332947,-0.532711386680603,3.7832621904231174,-0.9319520985818858,2,1,1,0.02,0.08,0.03,0.15,0.9,0.1,-1.2,0.0,0,0,1,0,0.825,0.2
590,2,0.15841959416866302,-0.12449389696121216,-0.7210584282875061,-3.426362054047654,4.303145466720404,2,1,1,0.02,0.08,0.03,0.15,0.9,0.1,-1.2,0.0,0,0,1,0,0.825,0.2
590,3,1.051965355873108,0.32059237360954285,-1.4243566989898682,2.937096000033513,-1.0710653030579647,2,1,1,0.02,0.08,0.03,0.15,0.9,0.1,-1.2,0.0,0,0,1,0,0.825,0.2
590,4,-1.4026821851730347,0.40983495116233826,-1.5768561363220215,4.414734979736474,-4.0782315410849135,0,0,0,0.02,0.08,0.03,0.15,0.9,0.1,-1.2,0.0,0,0,1,0,0.825,0.2
590,5,0.779263436794281,-0.1181173250079155,0.20614604651927948,1.6366422049436529,0.5001322761559803,2,1,1,0.02,0.08,0.03,0.15,0.9,0.1,-1.2,0.0,0,0,1,0,0.825,0.2
590,6,-0.4338899254798889,0.03960687667131424,0.7943766117095947,-6.28,5.790697317952718,2,1,1,0.02,0.08,0.03,0.15,0.9,0.1,-1.2,0.0,0,0,1,0,0.825,0.2
590,7,-1.0343241691589355,-0.03928511217236519,-1.333536982536316,-6.28,4.425754192947758,2,1,1,0.02,0.08,0.03,0.15,0.9,0.1,-1.2,0.0,0,0,1,0,0.825,0.2
591,0,0.522060751914978,0.3236447870731354,2.4716873168945312,-1.8254097482793816,3.497418519919994,2,1,1,0.02,0.08,0.03,0.15,0.9,0.1,-1.2,0.0,0,0,1,0,0.825,0.2
591,1,-0.019361330196261406,0.4015914797782898,-0.7335772514343262,3.392208203198961,0.07558417586310505,2,1,1,0.02,0.08,0.03,0.15,0.9,0.1,-1.2,0.0,0,0,1,0,0.825,0.2
591,2,0.15874230861663818,-0.12467952817678452,-0.3688674867153168,-3.0379337940041524,4.364841191458685,2,1,1,0.02,0.08,0.03,0.15,0.9,0.1,-1.2,0.0,0,0,1,0,0.825,0.2
591,3,1.052079439163208,0.3187043070793152,-1.6005351543426514,2.4586316467043194,-0.6204602964939748,2,1,1,0.02,0.08,0.03,0.15,0.9,0.1,-1.2,0.0,0,0,1,0,0.825,0.2
591,4,-1.402836799621582,0.4084501266479492,-1.8846911191940308,4.411480235123637,-3.831014743262532,0,0,0,0.02,0.08,0.03,0.15,0.9,0.1,-1.2,0.0,0,0,1,0,0.825,0.2
591,5,0.7815163135528564,-0.11768022179603577,0.1648804396390915,1.719930647689006,0.29029289206897396,2,1,1,0.02,0.08,0.03,0.15,0.9,0.1,-1.2,0.0,0,0,1,0,0.825,0.2
591,6,-0.4341663122177124,0.039248235523700714,1.2615903615951538,-5.66844553582176,4.91797894302187,2,1,1,0.02,0.08,0.03,0.15,0.9,0.1,-1.2,0.0,0,0,1,0,0.825,0.2
591,7,-1.0344510078430176,-0.03890756890177727,-0.9995441436767578,-4.633103816060128,4.451959642238312,2,1,1,0.02,0.08,0.03,0.15,0.9,0.1,-1.2,0.0,0,0,1,0,0.825,0.2
592,0,0.5206234455108643,0.3245854675769806,2.659255027770996,-2.927836291553371,4.016011223619486,2,1,1,0.02,0.08,0.03,0.15,0.9,0.1,-1.2,0.0,0,0,1,0,0.825,0.2
592,1,-0.01748325116932392,0.39956629276275635,-0.9054909944534302,3.0953493922465465,0.6195428493217202,2,1,1,0.02,0.08,0.03,0.15,0.9,0.1,-1.2,0.0,0,0,1,0,0.825,0.2
592,2,0.15951696038246155,-0.12483607977628708,-0.036799438297748566,-2.622567842729614,4.380405365504548,2,1,1,0.02,0.08,0.03,0.15,0.9,0.1,-1.2,0.0,0,0,1,0,0.825,0.2
592,3,1.0518832206726074,0.31687211990356445,-1.7493752241134644,2.5607015378316307,-0.797484844586245,2,1,1,0.02,0.08,0.03,0.15,0.9,0.1,-1.2,0.0,0,0,1,0,0.825,0.2
592,4,-1.4029077291488647,0.4082566797733307,-2.231950521469116,4.3703636818500895,-2.9988396915542617,0,0,0,0.02,0.08,0.03,0.15,0.9,0.1,-1.2,0.0,0,0,1,0,0.825,0.2
592,5,0.7836605906486511,-0.11736937612295151,0.12271762639284134,1.2286413926670372,0.7027440034425176,2,1,1,0.02,0.08,0.03,0.15,0.9,0.1,-1.2,0.0,0,0,1,0,0.825,0.2
592,6,-0.4341358542442322,0.03924662992358208,1.3510478734970093,-5.3155857430242754,4.776673628786627,2,1,1,0.02,0.08,0.03,0.15,0.9,0.1,-1.2,0.0,0,0,1,0,0.825,0.2
592,7,-1.0327173471450806,-0.041120581328868866,-0.9271619915962219,-4.574487313979668,4.450028733219891,2,1,1,0.02,0.08,0.03,0.15,0.9,0.1,-1.2,0.0,0,0,1,0,0.825,0.2
593,0,0.5190725326538086,0.325218141078949,2.8471384048461914,-3.8040052889173483,4.313340846663303,2,1,1,0.02,0.08,0.03,0.15,0.9,0.1,-1.2,0.0,0,0,1,0,0.825,0.2
593,1,-0.015607580542564392,0.396798700094223,-1.0311667919158936,3.390995411961184,-0.12160346680251087,2,1,1,0.02,0.08,0.03,0.15,0.9,0.1,-1.2,0.0,0,0,1,0,0.825,0.2
593,2,0.160779669880867,-0.12468266487121582,0.27856749296188354,-1.9460497173350404,4.2858404192011905,2,1,1,0.02,0.08,0.03,0.15,0.9,0.1,-1.2,0.0,0,0,1,0,0.825,0.2
593,3,1.0514510869979858,0.31509843468666077,-1.864051103591919,2.1624114611278102,-0.30370851660824827,2,1,1,0.02,0.08,0.03,0.15,0.9,0.1,-1.2,0.0,0,0,1,0,0.825,0.2
593,4,-1.4027479887008667,0.40844616293907166,-2.5508265495300293,4.322309456418666,-2.088808118483973,0,0,0,0.02,0.08,0.03,0.15,0.9,0.1,-1.2,0.0,0,0,1,0,0.825,0.2
593,5,0.7856857180595398,-0.11716341972351074,0.07468883693218231,1.2127929270217381,0.6440341897324726,2,1,1,0.02,0.08,0.03,0.15,0.9,0.1,-1.2,0.0,0,0,1,0,0.825,0.2
593,6,-0.4339753985404968,0.039956849068403244,1.5583935976028442,-4.578048500585354,4.503480682782047,2,1,1,0.02,0.08,0.03,0.15,0.9,0.1,-1.2,0.0,0,0,1,0,0.825,0.2
593,7,-1.0329155921936035,-0.04111766815185547,-0.5840650796890259,-2.499902310882612,4.774219882384299,2,1,1,0.02,0.08,0.03,0.15,0.9,0.1,-1.2,0.0,0,0,1,0,0.825,0.2
594,0,0.5178832411766052,0.32544195652008057,3.080127716064453,-4.011437221246099,4.381912364440297,2,1,1,0.02,0.08,0.03,0.15,0.9,0.1,-1.2,0.0,0,0,1,0,0.825,0.2
594,1,-0.013885739259421825,0.3935689330101013,-1.1234478950500488,3.76565959834471,-1.2913218200637153,2,1,1,0.02,0.08,0.03,0.15,0.9,0.1,-1.2,0.0,0,0,1,0,0.825,0.2
594,2,0.16236571967601776,-0.12398861348628998,0.5645157694816589,-1.3679809634692046,4.091358489275631,2,1,1,0.02,0.08,0.03,0.15,0.9,0.1,-1.2,0.0,0,0,1,0,0.825,0.2
594,3,1.0508474111557007,0.3134324550628662,-1.9799541234970093,2.196423536661904,-0.2651773362242652,2,1,1,0.02,0.08,0.03,0.15,0.9,0.1,-1.2,0.0,0,0,1,0,0.825,0.2
594,4,-1.4032236337661743,0.4082459509372711,-2.8400089740753174,4.139915253964566,-0.7276646455765853,0,0,0,0.02,0.08,0.03,0.15,0.9,0.1,-1.2,0.0,0,0,1,0,0.825,0.2
594,5,0.7876192927360535,-0.11705012619495392,0.04961089789867401,-0.3342977730368044,1.9459907599809887,2,1,1,0.02,0.08,0.03,0.15,0.9,0.1,-1.2,0.0,0,0,1,0,0.825,0.2
594,6,-0.4339528977870941,0.04021735116839409,1.9417279958724976,-3.811371981034734,4.3535624223606595,2,1,1,0.02,0.08,0.03,0.15,0.9,0.1,-1.2,0.0,0,0,1,0,0.825,0.2
594,7,-1.0328915119171143,-0.04118683189153671,-0.2217327207326889,-0.4667278176232453,5.172480772051384,2,1,1,0.02,0.08,0.03,0.15,0.9,0.1,-1.2,0.0,0,0,1,0,0.825,0.2
595,0,0.5172216892242432,0.3254103362560272,-2.9214744567871094,-3.9819151675779345,4.396012273202646,2,1,1,0.02,0.08,0.03,0.15,0.9,0.1,-1.2,0.0,0,0,1,0,0.825,0.2
595,1,-0.012588412500917912,0.3904727101325989,-1.2392586469650269,3.9226502493288917,-1.8619828537371552,2,1,1,0.02,0.08,0.03,0.15,0.9,0.1,-1.2,0.0,0,0,1,0,0.825,0.2
595,2,0.1640647053718567,-0.12260612100362778,0.7884038090705872,-0.20264295044448224,3.671422551285027,2,1,1,0.02,0.08,0.03,0.15,0.9,0.1,-1.2,0.0,0,0,1,0,0.825,0.2
595,3,1.0500353574752808,0.3117883503437042,-2.072739839553833,2.1478996551766647,-0.1610610846668985,2,1,1,0.02,0.08,0.03,0.15,0.9,0.1,-1.2,0.0,0,0,1,0,0.825,0.2
595,4,-1.4046663045883179,0.4080091714859009,-3.092029094696045,3.8744441102995895,0.16612514958878505,0,0,0,0.02,0.08,0.03,0.15,0.9,0.1,-1.2,0.0,0,0,1,0,0.825,0.2
595,5,0.789489209651947,-0.11697588860988617,0.03004814125597477,0.5119343230564347,1.107489300598274,2,1,1,0.02,0.08,0.03,0.15,0.9,0.1,-1.2,0.0,0,0,1,0,0.825,0.2
595,6,-0.43414604663848877,0.040854066610336304,2.284656524658203,-2.6536640921563968,4.281104810927973,2,1,1,0.02,0.08,0.03,0.15,0.9,0.1,-1.2,0.0,0,0,1,0,0.825,0.2
595,7,-1.0309542417526245,-0.041293393820524216,0.09417358040809631,1.0441406478979045,5.493040724823821,2,1,1,0.02,0.08,0.03,0.15,0.9,0.1,-1.2,0.0,0,0,1,0,0.825,0.2
596,0,0.5162253379821777,0.32502439618110657,-2.6021177768707275,-3.8619164855007533,4.396157878709259,2,1,1,0.02,0.08,0.03,0.15,0.9,0.1,-1.2,0.0,0,0,1,0,0.825,0.2
596,1,-0.01190159097313881,0.3879234492778778,-1.406136155128479,4.003008605705156,-2.067789019809616,2,1,1,0.02,0.08,0.03,0.15,0.9,0.1,-1.2,0.0,0,0,1,0,0.825,0.2
596,2,0.16572603583335876,-0.12054916471242905,0.984318733215332,0.5361719085619004,3.225825047042568,2,1,1,0.02,0.08,0.03,0.15,0.9,0.1,-1.2,0.0,0,0,1,0,0.825,0.2
596,3,1.0490407943725586,0.3101538419723511,-2.1591341495513916,1.35612188128958,0.6645354386981308,2,1,1,0.02,0.08,0.03,0.15,0.9,0.1,-1.2,0.0,0,0,1,0,0.825,0.2
596,4,-1.4073619842529297,0.4081731140613556,2.9939115047454834,3.904421706904271,-0.567350936442149,0,0,0,0.02,0.08,0.03,0.15,0.9,0.1,-1.2,0.0,0,0,1,0,0.825,0.2
596,5,0.7911500930786133,-0.11690495163202286,0.09005869179964066,-0.3023068826149885,1.573582967445536,2,1,1,0.02,0.08,0.03,0.15,0.9,0.1,-1.2,0.0,0,0,1,0,0.825,0.2
596,6,-0.4350474774837494,0.041638657450675964,2.6045026779174805,-3.70596438919122,4.274620345059356,2,1,1,0.02,0.08,0.03,0.15,0.9,0.1,-1.2,0.0,0,0,1,0,0.825,0.2
596,7,-1.026948094367981,-0.040325187146663666,0.33975210785865784,0.2652684806966433,5.027970704600631,2,1,1,0.02,0.08,0.03,0.15,0.9,0.1,-1.2,0.0,0,0,1,0,0.825,0.2
597,0,0.5153204202651978,0.324268102645874,-2.2777817249298096,-3.30295006370851,4.342188418909053,2,1,1,0.02,0.08,0.03,0.15,0.9,0.1,-1.2,0.0,0,0,1,0,0.825,0.2
597,1,-0.01173340529203415,0.38577723503112793,-1.6046236753463745,3.8872025912021413,-1.566053179635849,2,1,1,0.02,0.08,0.03,0.15,0.9,0.1,-1.2,0.0,0,0,1,0,0.825,0.2
597,2,0.1673341691493988,-0.11764701455831528,1.1303365230560303,1.198908169903691,2.6843809051819876,2,1,1,0.02,0.08,0.03,0.15,0.9,0.1,-1.2,0.0,0,0,1,0,0.825,0.2
597,3,1.047873616218567,0.30856218934059143,-2.241248369216919,2.2916809382126946,-0.2145444115561798,2,1,1,0.02,0.08,0.03,0.15,0.9,0.1,-1.2,0.0,0,0,1,0,0.825,0.2
597,4,-1.4108161926269531,0.4089813828468323,2.843883514404297,3.775873436960289,-1.2439380772344395,0,0,0,0.02,0.08,0.03,0.15,0.9,0.1,-1.2,0.0,0,0,1,0,0.825,0.2
597,5,0.7927752137184143,-0.11672450602054596,0.12332777678966522,0.025807460637123757,1.0713699167006552,2,1,1,0.02,0.08,0.03,0.15,0.9,0.1,-1.2,0.0,0,0,1,0,0.825,0.2
597,6,-0.43695658445358276,0.0424412339925766,2.880004644393921,-3.4581252656246284,4.277662935256711,2,1,1,0.02,0.08,0.03,0.15,0.9,0.1,-1.2,0.0,0,0,1,0,0.825,0.2
597,7,-1.0214474201202393,-0.03772254288196564,0.5323104858398438,0.4754111414590291,5.233643793450259,2,1,1,0.02,0.08,0.03,0.15,0.9,0.1,-1.2,0.0,0,0,1,0,0.825,0.2
598,0,0.5146433711051941,0.32317525148391724,-1.9587405920028687,-2.6723860454126953,4.300228879632031,2,1,1,0.02,0.08,0.03,0.15,0.9,0.1,-1.2,0.0,0,0,1,0,0.825,0.2
598,1,-0.011991715990006924,0.38379961252212524,-1.8180848360061646,4.087239743600613,-2.3526149308621833,2,1,1,0.02,0.08,0.03,0.15,0.9,0.1,-1.2,0.0,0,0,1,0,0.825,0.2
598,2,0.16872267425060272,-0.11422073841094971,1.2322322130203247,1.4944367110948638,2.2299615319648263,2,1,1,0.02,0.08,0.03,0.15,0.9,0.1,-1.2,0.0,0,0,1,0,0.825,0.2
598,3,1.046582579612732,0.30701974034309387,-2.2768025398254395,3.0671500651315977,-1.1538400282401133,2,1,1,0.02,0.08,0.03,0.15,0.9,0.1,-1.2,0.0,0,0,1,0,0.825,0.2
598,4,-1.4136784076690674,0.41010206937789917,2.678685426712036,3.655113719090418,-1.8753435431414809,0,0,0,0.02,0.08,0.03,0.15,0.9,0.1,-1.2,0.0,0,0,1,0,0.825,0.2
598,5,0.7941065430641174,-0.11653134226799011,0.1803012192249298,0.6137458506573397,0.262974108276846,2,1,1,0.02,0.08,0.03,0.15,0.9,0.1,-1.2,0.0,0,0,1,0,0.825,0.2
598,6,-0.4384394586086273,0.04266161099076271,-3.1057798862457275,-2.8936760486423654,4.24281428736328,2,1,1,0.02,0.08,0.03,0.15,0.9,0.1,-1.2,0.0,0,0,1,0,0.825,0.2
598,7,-1.016961693763733,-0.03457757830619812,0.7216864228248596,0.7438141879472195,5.3452563349791005,2,1,1,0.02,0.08,0.03,0.15,0.9,0.1,-1.2,0.0,0,0,1,0,0.825,0.2
599,0,0.5142626166343689,0.32159626483917236,-1.6584174633026123,-2.08332351420255,4.279688393810705,2,1,1,0.02,0.08,0.03,0.15,0.9,0.1,-1.2,0.0,0,0,1,0,0.825,0.2
599,1,-0.012759055942296982,0.38167351484298706,-2.0152292251586914,4.1488496922426235,-2.7288163863592145,2,1,1,0.02,0.08,0.03,0.15,0.9,0.1,-1.2,0.0,0,0,1,0,0.825,0.2
599,2,0.16987210512161255,-0.11055085808038712,1.2924734354019165,1.5032271759294817,1.9138199965732574,2,1,1,0.02,0.08,0.03,0.15,0.9,0.1,-1.2,0.0,0,0,1,0,0.825,0.2
599,3,1.04519522190094,0.30548983812332153,-2.3520359992980957,3.08073046564327,-1.1078701754067106,2,1,1,0.02,0.08,0.03,0.15,0.9,0.1,-1.2,0.0,0,0,1,0,0.825,0.2
599,4,-1.4155815839767456,0.41127002239227295,2.49027156829834,4.080564955561379,-3.264307273886907,0,0,0,0.02,0.08,0.03,0.15,0.9,0.1,-1.2,0.0,0,0,1,0,0.825,0.2
599,5,0.7952200770378113,-0.11630360037088394,0.2229367196559906,-0.19230952427555825,0.8147387151500426,2,1,1,0.02,0.08,0.03,0.15,0.9,0.1,-1.2,0.0,0,0,1,0,0.825,0.2
599,6,-0.4396234452724457,0.04249202460050583,-2.8177313804626465,-1.7992383476185014,4.065600495007669,2,1,1,0.02,0.08,0.03,0.15,0.9,0.1,-1.2,0.0,0,0,1,0,0.825,0.2
599,7,-1.0132826566696167,-0.03066888079047203,0.9114564061164856,0.5343451210177921,0.634572779464763,2,1,1,0.02,0.08,0.03,0.15,0.9,0.1,-1.2,0.0,0,0,1,0,0.825,0.2
600,0,0.5143548250198364,0.31943339109420776,-1.3853038549423218,-1.7484553983241984,4.2681326797039,2,1,1,0.02,0.08,0.03,0.15,0.9,0.1,-1.2,0.0,0,0,1,0,0.825,0.2
600,1,-0.013721264898777008,0.3800818622112274,-2.235340118408203,3.8824455482518276,-1.9273872399160632,2,1,1,0.02,0.08,0.03,0.15,0.9,0.1,-1.2,0.0,0,0,1,0,0.825,0.2
600,2,0.1708323359489441,-0.10693357139825821,1.3234901428222656,2.172726146028302,1.0152747405703695,2,1,1,0.02,0.08,0.03,0.15,0.9,0.1,-1.2,0.0,0,0,1,0,0.825,0.2
600,3,1.043746829032898,0.30418506264686584,-2.4884448051452637,3.869600433422135,-2.0206419462480434,2,1,1,0.02,0.08,0.03,0.15,0.9,0.1,-1.2,0.0,0,0,1,0,0.825,0.2
600,4,-1.4166525602340698,0.41227275133132935,2.2796549797058105,4.353992547503073,-4.014381240952732,0,0,0,0.02,0.08,0.03,0.15,0.9,0.1,-1.2,0.0,0,0,1,0,0.825,0.2
600,5,0.7961166501045227,-0.11609399318695068,0.22041653096675873,-0.024988914188850495,0.5509755180729777,2,1,1,0.02,0.08,0.03,0.15,0.9,0.1,-1.2,0.0,0,0,1,0,0.825,0.2
600,6,-0.4407080113887787,0.041943177580833435,-2.5621883869171143,-0.8825761456653897,3.8776800238901696,2,1,1,0.02,0.08,0.03,0.15,0.9,0.1,-1.2,0.0,0,0,1,0,0.825,0.2
600,7,-1.0102077722549438,-0.02597408927977085,1.0889263153076172,-1.3321774116806284,2.1144524834985257,2,1,1,0.02,0.08,0.03,0.15,0.9,0.1,-1.2,0.0,0,0,1,0,0.825,0.2
