step,agent_id,pos_x,pos_y,angle,left_speed,right_speed,role,is_anchored,knows_target,w_target,w_center,w_rand,k_diff,lambda_anchor,lambda_release,base_x,base_y,chain_connected,rescued_count,is_alive,is_colliding,target_0_x,target_0_y
1,0,-0.3749673664569855,-0.0400567427277565,-0.41957610845565796,0.4916453574437843,0.4900670434694543,0,0,0,0.12,0.01,0.0,0.01,0.1,0.9,-1.2,0.0,0,0,1,1,0.675,0.2
1,1,-0.6750785112380981,-0.3998904228210449,2.7142934799194336,-2.32655375460548,3.048222057618328,0,0,0,0.12,0.01,0.0,0.01,0.1,0.9,-1.2,0.0,0,0,1,0,0.675,0.2
1,2,-0.22422723472118378,-0.03979790583252907,0.4232271611690521,2.7322205450692705,-1.7322205450692703,0,0,0,0.12,0.01,0.0,0.01,0.1,0.9,-1.2,0.0,0,0,1,0,0.675,0.2
1,3,-0.3746979534626007,-0.1606006920337677,-0.9617219567298889,2.7307808269215355,-1.73078088652618,0,0,0,0.12,0.01,0.0,0.01,0.1,0.9,-1.2,0.0,0,0,1,0,0.675,0.2
1,4,-0.6748883724212646,0.3200913965702057,1.533278226852417,-1.72097337766643,2.7209481649016896,0,0,0,0.12,0.01,0.0,0.01,0.1,0.9,-1.2,0.0,0,0,1,0,0.675,0.2
1,5,-0.3750399649143219,0.07978300005197525,-1.3537284135818481,-6.28,6.197633765988869,0,0,0,0.12,0.01,0.0,0.01,0.1,0.9,-1.2,0.0,0,0,1,1,0.675,0.2
1,6,-0.5250474214553833,-0.039476897567510605,1.9566537141799927,-2.478694351017139,3.1379106953736757,0,0,0,0.12,0.01,0.0,0.01,0.1,0.9,-1.2,0.0,0,0,1,0,0.675,0.2
1,7,-0.6749081611633301,0.19998250901699066,-0.34654006361961365,-6.28,6.28,0,0,0,0.12,0.01,0.0,0.01,0.1,0.9,-1.2,0.0,0,0,1,0,0.675,0.2
2,0,-0.37480631470680237,-0.040128398686647415,-0.4179215729236603,0.5226624213887551,0.4591227567957542,0,0,0,0.12,0.01,0.0,0.01,0.1,0.9,-1.2,0.0,0,0,1,1,0.675,0.2
2,1,-0.6752578020095825,-0.39980876445770264,2.714433193206787,-2.3236976549445596,3.0465681836425276,0,0,0,0.12,0.01,0.0,0.01,0.1,0.9,-1.2,0.0,0,0,1,0,0.675,0.2
2,2,-0.2238130122423172,-0.039611294865608215,0.42329689860343933,2.732212241562131,-1.7322122415621306,0,0,0,0.12,0.01,0.0,0.01,0.1,0.9,-1.2,0.0,0,0,1,0,0.675,0.2
2,3,-0.3743797838687897,-0.1610555499792099,-0.9593936204910278,2.7308535965318628,-1.7308536561365075,0,0,0,0.12,0.01,0.0,0.01,0.1,0.9,-1.2,0.0,0,0,1,0,0.675,0.2
2,4,-0.6748866438865662,0.3201390206813812,1.5282466411590576,-1.721637806568256,2.721611938152423,0,0,0,0.12,0.01,0.0,0.01,0.1,0.9,-1.2,0.0,0,0,1,0,0.675,0.2
2,5,-0.375014990568161,0.0796697661280632,-1.3539327383041382,-6.28,6.197637184694395,0,0,0,0.12,0.01,0.0,0.01,0.1,0.9,-1.2,0.0,0,0,1,1,0.675,0.2
2,6,-0.525192379951477,-0.03912070393562317,1.9577826261520386,-2.4555095733646066,3.1241014303210886,0,0,0,0.12,0.01,0.0,0.01,0.1,0.9,-1.2,0.0,0,0,1,0,0.675,0.2
2,7,-0.6747468113899231,0.19992434978485107,-0.34563228487968445,-6.28,6.28,0,0,0,0.12,0.01,0.0,0.01,0.1,0.9,-1.2,0.0,0,0,1,0,0.675,0.2
3,0,-0.3740561902523041,-0.04046120122075081,-0.4176378846168518,0.5546427989679604,0.4279512738507956,0,0,0,0.12,0.01,0.0,0.01,0.1,0.9,-1.2,0.0,0,0,1,0,0.675,0.2
3,1,-0.6758369207382202,-0.3995899558067322,2.8657069206237793,-1.9102840528903309,2.8202592835841482,0,0,0,0.12,0.01,0.0,0.01,0.1,0.9,-1.2,0.0,0,0,1,0,0.675,0.2
3,2,-0.22298328578472137,-0.03928188979625702,0.29776886105537415,2.7287789980175625,-1.7287789980175625,0,0,0,0.12,0.01,0.0,0.01,0.1,0.9,-1.2,0.0,0,0,1,0,0.675,0.2
3,3,-0.37389302253723145,-0.16182835400104523,-1.0843992233276367,2.718354204238443,-1.7183542638430878,0,0,0,0.12,0.01,0.0,0.01,0.1,0.9,-1.2,0.0,0,0,1,0,0.675,0.2
3,4,-0.6748948097229004,0.3209500014781952,1.6521270275115967,-1.685186673899923,2.685172309180532,0,0,0,0.12,0.01,0.0,0.01,0.1,0.9,-1.2,0.0,0,0,1,0,0.675,0.2
3,5,-0.37504810094833374,0.07969645410776138,-0.9960945248603821,-6.28,6.197296161667557,0,0,0,0.12,0.01,0.0,0.01,0.1,0.9,-1.2,0.0,0,0,1,0,0.675,0.2
3,6,-0.5254588723182678,-0.0385715626180172,2.116224765777588,-1.7971540302812037,2.763911804634231,0,0,0,0.12,0.01,0.0,0.01,0.1,0.9,-1.2,0.0,0,0,1,0,0.675,0.2
3,7,-0.6747123599052429,0.19991645216941833,0.013570087030529976,-6.28,6.2167810756961925,0,0,0,0.12,0.01,0.0,0.01,0.1,0.9,-1.2,0.0,0,0,1,0,0.675,0.2
4,0,-0.3731590807437897,-0.040859997272491455,-0.4194389283657074,0.5578914683171385,0.42566742488659687,0,0,0,0.12,0.01,0.0,0.01,0.1,0.9,-1.2,0.0,0,0,1,0,0.675,0.2
4,1,-0.6765530705451965,-0.3994544446468353,3.0549981594085693,-1.7738415060546706,2.751286631634505,0,0,0,0.12,0.01,0.0,0.01,0.1,0.9,-1.2,0.0,0,0,1,0,0.675,0.2
4,2,-0.22200261056423187,-0.039059512317180634,0.14063408970832825,2.627007431283773,-1.6270074312837726,0,0,0,0.12,0.01,0.0,0.01,0.1,0.9,-1.2,0.0,0,0,1,0,0.675,0.2
4,3,-0.37349072098731995,-0.16275125741958618,-1.2414889335632324,2.496526672693786,-1.4965266726937858,0,0,0,0.12,0.01,0.0,0.01,0.1,0.9,-1.2,0.0,0,0,1,0,0.675,0.2
4,4,-0.675056517124176,0.321944922208786,1.8094308376312256,-1.40273438989724,2.402725449200524,0,0,0,0.12,0.01,0.0,0.01,0.1,0.9,-1.2,0.0,0,0,1,0,0.675,0.2
4,5,-0.3751008212566376,0.07972594350576401,-0.5832560658454895,-6.28,6.093582985977631,0,0,0,0.12,0.01,0.0,0.01,0.1,0.9,-1.2,0.0,0,0,1,0,0.675,0.2
4,6,-0.5258662104606628,-0.038021981716156006,2.3135833740234375,-1.7360578198584597,2.7342029233130494,0,0,0,0.12,0.01,0.0,0.01,0.1,0.9,-1.2,0.0,0,0,1,0,0.675,0.2
4,7,-0.6747539639472961,0.1997748762369156,0.33937254548072815,-6.28,6.19799220799263,0,0,0,0.12,0.01,0.0,0.01,0.1,0.9,-1.2,0.0,0,0,1,0,0.675,0.2
5,0,-0.37226247787475586,-0.041261617094278336,-0.4234508275985718,0.5378839115271548,0.4466008802285216,0,0,0,0.12,0.01,0.0,0.01,0.1,0.9,-1.2,0.0,0,0,1,0,0.675,0.2
5,1,-0.6774289011955261,-0.39945217967033386,-3.0573995113372803,-1.7408968506187166,2.7335082588523587,0,0,0,0.12,0.01,0.0,0.01,0.1,0.9,-1.2,0.0,0,0,1,0,0.675,0.2
5,2,-0.22100086510181427,-0.03899504989385605,-0.01619996875524521,0.35552641879867247,0.6444735812013276,0,0,0,0.12,0.01,0.0,0.01,0.1,0.9,-1.2,0.0,0,0,1,0,0.675,0.2
5,3,-0.3732343316078186,-0.1637231707572937,-1.3976984024047852,-0.007115828100591557,1.0071158281005916,0,0,0,0.12,0.01,0.0,0.01,0.1,0.9,-1.2,0.0,0,0,1,0,0.675,0.2
5,4,-0.675371527671814,0.3229183852672577,1.9643374681472778,0.2235760050484522,0.7764163059523717,0,0,0,0.12,0.01,0.0,0.01,0.1,0.9,-1.2,0.0,0,0,1,0,0.675,0.2
5,5,-0.3751008212566376,0.0797259509563446,-0.5832555890083313,-6.28,6.0966351158150545,0,0,0,0.12,0.01,0.0,0.01,0.1,0.9,-1.2,0.0,0,0,1,0,0.675,0.2
5,6,-0.526543140411377,-0.03741054981946945,2.4813523292541504,-1.732857012317068,2.732662581965811,0,0,0,0.12,0.01,0.0,0.01,0.1,0.9,-1.2,0.0,0,0,1,0,0.675,0.2
5,7,-0.6747539639472961,0.1997748762369156,0.33937501907348633,-6.28,6.198024574562061,0,0,0,0.12,0.01,0.0,0.01,0.1,0.9,-1.2,0.0,0,0,1,0,0.675,0.2
6,0,-0.37136682868003845,-0.041667599231004715,-0.42806699872016907,0.5034964315238638,0.48183182556002896,0,0,0,0.12,0.01,0.0,0.01,0.1,0.9,-1.2,0.0,0,0,1,0,0.675,0.2
6,1,-0.678341805934906,-0.39961686730384827,-2.895134210586548,-1.7219788079009437,2.718956733201542,0,0,0,0.12,0.01,0.0,0.01,0.1,0.9,-1.2,0.0,0,0,1,0,0.675,0.2
6,2,-0.2199990600347519,-0.039084307849407196,-0.16769862174987793,-1.6329050632042905,2.6329050632042907,0,0,0,0.12,0.01,0.0,0.01,0.1,0.9,-1.2,0.0,0,0,1,0,0.675,0.2
6,3,-0.3731226325035095,-0.16471916437149048,-1.5410085916519165,-1.5852039648859804,2.585203964885981,0,0,0,0.12,0.01,0.0,0.01,0.1,0.9,-1.2,0.0,0,0,1,0,0.675,0.2
6,4,-0.6758188605308533,0.32382866740226746,2.102309226989746,2.1282096157510697,-1.1282183776338517,0,0,0,0.12,0.01,0.0,0.01,0.1,0.9,-1.2,0.0,0,0,1,0,0.675,0.2
6,5,-0.3749975562095642,0.07971616834402084,-0.2636500597000122,-2.113755777584355,2.928743317829411,0,0,0,0.12,0.01,0.0,0.01,0.1,0.9,-1.2,0.0,0,0,1,0,0.675,0.2
6,6,-0.5273760557174683,-0.036858756095170975,2.6389715671539307,-1.7324951726699054,2.7324654299521627,0,0,0,0.12,0.01,0.0,0.01,0.1,0.9,-1.2,0.0,0,0,1,0,0.675,0.2
6,7,-0.6746599078178406,0.19986584782600403,0.7103986144065857,-6.28,6.18700780284939,0,0,0,0.12,0.01,0.0,0.01,0.1,0.9,-1.2,0.0,0,0,1,0,0.675,0.2
7,0,-0.3704720735549927,-0.04207778722047806,-0.4315735995769501,0.49681977760557877,0.48800935018296493,0,0,0,0.12,0.01,0.0,0.01,0.1,0.9,-1.2,0.0,0,0,1,0,0.675,0.2
7,1,-0.6792683601379395,-0.3999367654323578,-2.736995220184326,-1.684865557825243,2.6833460566159837,0,0,0,0.12,0.01,0.0,0.01,0.1,0.9,-1.2,0.0,0,0,1,0,0.675,0.2
7,2,-0.21901676058769226,-0.039281509816646576,-0.1891292780637741,-1.6679904494825253,2.6679904494825255,0,0,0,0.12,0.01,0.0,0.01,0.1,0.9,-1.2,0.0,0,0,1,0,0.675,0.2
7,3,-0.3731149137020111,-0.1657157987356186,-1.5399436950683594,-1.5637338049092793,2.5637338049092793,0,0,0,0.12,0.01,0.0,0.01,0.1,0.9,-1.2,0.0,0,0,1,0,0.675,0.2
7,4,-0.6763532757759094,0.3246748149394989,2.145021677017212,2.3758555111926287,-1.375865822796175,0,0,0,0.12,0.01,0.0,0.01,0.1,0.9,-1.2,0.0,0,0,1,0,0.675,0.2
7,5,-0.37272632122039795,0.07905254513025284,-0.09529641270637512,-1.7568412621757499,2.744227667643737,0,0,0,0.12,0.01,0.0,0.01,0.1,0.9,-1.2,0.0,0,0,1,0,0.675,0.2
7,6,-0.528287947177887,-0.036438338458538055,2.7957613468170166,-1.7321156835635876,2.7321098423083994,0,0,0,0.12,0.01,0.0,0.01,0.1,0.9,-1.2,0.0,0,0,1,0,0.675,0.2
7,7,-0.674566388130188,0.20004208385944366,0.8793234825134277,-6.28,6.125454819345844,0,0,0,0.12,0.01,0.0,0.01,0.1,0.9,-1.2,0.0,0,0,1,0,0.675,0.2
8,0,-0.36957764625549316,-0.04249071702361107,-0.4328337013721466,0.4897057235305215,0.4955871283943747,0,0,0,0.12,0.01,0.0,0.01,0.1,0.9,-1.2,0.0,0,0,1,0,0.675,0.2
8,1,-0.6801676154136658,-0.4003991484642029,-2.580461263656616,-1.5129001014278682,2.51178364682658,0,0,0,0.12,0.01,0.0,0.01,0.1,0.9,-1.2,0.0,0,0,1,0,0.675,0.2
8,2,-0.218031108379364,-0.03943867236375809,-0.06677887588739395,-0.9030507575254156,1.9030507575254154,0,0,0,0.12,0.01,0.0,0.01,0.1,0.9,-1.2,0.0,0,0,1,0,0.675,0.2
8,3,-0.3730461299419403,-0.1667129397392273,-1.4148815870285034,-0.10153608588043157,1.1015360858804315,0,0,0,0.12,0.01,0.0,0.01,0.1,0.9,-1.2,0.0,0,0,1,0,0.675,0.2
8,4,-0.6768794655799866,0.3255230784416199,2.057053565979004,1.7244867086204048,-0.7244962453635688,0,0,0,0.12,0.01,0.0,0.01,0.1,0.9,-1.2,0.0,0,0,1,0,0.675,0.2
8,5,-0.3720683753490448,0.07903269678354263,0.04365600273013115,-1.7354462620541098,2.733910071544314,0,0,0,0.12,0.01,0.0,0.01,0.1,0.9,-1.2,0.0,0,0,1,0,0.675,0.2
8,6,-0.5292513966560364,-0.03615925833582878,2.952500343322754,-1.7292159840846952,2.7292143151546413,0,0,0,0.12,0.01,0.0,0.01,0.1,0.9,-1.2,0.0,0,0,1,0,0.675,0.2
8,7,-0.6742395758628845,0.20030736923217773,1.0487226247787476,-6.28,5.787332428052838,0,0,0,0.12,0.01,0.0,0.01,0.1,0.9,-1.2,0.0,0,0,1,0,0.675,0.2
9,0,-0.36868369579315186,-0.04290413111448288,-0.4332423806190491,0.5109576495125435,0.47446734590981976,0,0,0,0.12,0.01,0.0,0.01,0.1,0.9,-1.2,0.0,0,0,1,0,0.675,0.2
9,1,-0.6809855103492737,-0.4009894132614136,-2.4263501167297363,-1.0117144507348865,2.010836712735924,0,0,0,0.12,0.01,0.0,0.01,0.1,0.9,-1.2,0.0,0,0,1,0,0.675,0.2
9,2,-0.21702860295772552,-0.03944223001599312,0.08537644892930984,2.350777794167523,-1.350777794167523,0,0,0,0.12,0.01,0.0,0.01,0.1,0.9,-1.2,0.0,0,0,1,0,0.675,0.2
9,3,-0.3728242814540863,-0.1677074134349823,-1.268518090248108,2.460298055606357,-1.4602980556063567,0,0,0,0.12,0.01,0.0,0.01,0.1,0.9,-1.2,0.0,0,0,1,0,0.675,0.2
9,4,-0.677301287651062,0.3264327049255371,1.9285087585449219,-0.2943624643035441,1.2943525103278666,0,0,0,0.12,0.01,0.0,0.01,0.1,0.9,-1.2,0.0,0,0,1,0,0.675,0.2
9,5,-0.3711757957935333,0.07915040850639343,0.20591013133525848,-1.7327901762506468,2.732634012081335,0,0,0,0.12,0.01,0.0,0.01,0.1,0.9,-1.2,0.0,0,0,1,0,0.675,0.2
9,6,-0.5302454233169556,-0.036033954471349716,3.1092028617858887,-1.6999969524214529,2.699996296770361,0,0,0,0.12,0.01,0.0,0.01,0.1,0.9,-1.2,0.0,0,0,1,0,0.675,0.2
9,7,-0.6736572980880737,0.2013997584581375,1.2728180885314941,-2.948641547952463,3.4301530216081635,0,0,0,0.12,0.01,0.0,0.01,0.1,0.9,-1.2,0.0,0,0,1,0,0.675,0.2
10,0,-0.36778953671455383,-0.043317779898643494,-0.4331360161304474,0.5498367330854025,0.43557526852439976,0,0,0,0.12,0.01,0.0,0.01,0.1,0.9,-1.2,0.0,0,0,1,0,0.675,0.2
10,1,-0.6817039251327515,-0.40169307589530945,-2.2825562953948975,0.19300900738800866,0.8061528320971598,0,0,0,0.12,0.01,0.0,0.01,0.1,0.9,-1.2,0.0,0,0,1,0,0.675,0.2
10,2,-0.21603260934352875,-0.03929755836725235,0.1955231875181198,2.6924448856384373,-1.692444885638437,0,0,0,0.12,0.01,0.0,0.01,0.1,0.9,-1.2,0.0,0,0,1,0,0.675,0.2
10,3,-0.3724842965602875,-0.16864962875843048,-1.2039039134979248,2.6532696884515787,-1.6532696884515785,0,0,0,0.12,0.01,0.0,0.01,0.1,0.9,-1.2,0.0,0,0,1,0,0.675,0.2
10,4,-0.6776056885719299,0.3273873031139374,1.8333512544631958,-1.2418703507183,2.2418583105800556,0,0,0,0.12,0.01,0.0,0.01,0.1,0.9,-1.2,0.0,0,0,1,0,0.675,0.2
10,5,-0.37023231387138367,0.07943283766508102,0.36291009187698364,-1.7325145057211329,2.7324926904211453,0,0,0,0.12,0.01,0.0,0.01,0.1,0.9,-1.2,0.0,0,0,1,0,0.675,0.2
10,6,-0.5312478542327881,-0.03606944903731346,-3.016981840133667,-1.3727040329339044,2.3727036753060355,0,0,0,0.12,0.01,0.0,0.01,0.1,0.9,-1.2,0.0,0,0,1,0,0.675,0.2
10,7,-0.6730325222015381,0.20290020108222961,1.4601240158081055,-1.8921383310362665,2.8114852596327635,0,0,0,0.12,0.01,0.0,0.01,0.1,0.9,-1.2,0.0,0,0,1,0,0.675,0.2
11,0,-0.36689528822898865,-0.043731678277254105,-0.4341292083263397,0.5726338645614901,0.41265582831723296,0,0,0,0.12,0.01,0.0,0.01,0.1,0.9,-1.2,0.0,0,0,1,0,0.675,0.2
11,1,-0.6823180317878723,-0.40248480439186096,-2.1695587635040283,1.3778391869006623,-0.37875715803484816,0,0,0,0.12,0.01,0.0,0.01,0.1,0.9,-1.2,0.0,0,0,1,0,0.675,0.2
11,2,-0.21505025029182434,-0.039114587008953094,0.11074746400117874,2.487415291420291,-1.487415291420291,0,0,0,0.12,0.01,0.0,0.01,0.1,0.9,-1.2,0.0,0,0,1,0,0.675,0.2
11,3,-0.37214910984039307,-0.1695888638496399,-1.3060011863708496,2.2461172482092264,-1.2461172482092264,0,0,0,0.12,0.01,0.0,0.01,0.1,0.9,-1.2,0.0,0,0,1,0,0.675,0.2
11,4,-0.6778601408004761,0.32835471630096436,1.8611341714859009,-1.038863763941293,2.0388512469658897,0,0,0,0.12,0.01,0.0,0.01,0.1,0.9,-1.2,0.0,0,0,1,0,0.675,0.2
11,5,-0.3693149983882904,0.07986302673816681,0.5198023915290833,-1.7323549122430482,2.7323508591272034,0,0,0,0.12,0.01,0.0,0.01,0.1,0.9,-1.2,0.0,0,0,1,0,0.675,0.2
11,6,-0.5322586297988892,-0.03626861050724983,-2.860835552215576,1.0519768882308214,-0.05197718625404518,0,0,0,0.12,0.01,0.0,0.01,0.1,0.9,-1.2,0.0,0,0,1,0,0.675,0.2
11,7,-0.6729601621627808,0.20438726246356964,1.716483473777771,-1.7444091323107451,2.738112855264542,0,0,0,0.12,0.01,0.0,0.01,0.1,0.9,-1.2,0.0,0,0,1,0,0.675,0.2
12,0,-0.3660019040107727,-0.04414748027920723,-0.4376051127910614,0.5575327286105377,0.4277486196179169,0,0,0,0.12,0.01,0.0,0.01,0.1,0.9,-1.2,0.0,0,0,1,0,0.675,0.2
12,1,-0.682857096195221,-0.4033244550228119,-2.1314666271209717,1.6851093610181056,-0.6861152490033352,0,0,0,0.12,0.01,0.0,0.01,0.1,0.9,-1.2,0.0,0,0,1,0,0.675,0.2
12,2,-0.2140495479106903,-0.039066873490810394,-0.03883596509695053,-0.4415448383602197,1.4415448383602196,0,0,0,0.12,0.01,0.0,0.01,0.1,0.9,-1.2,0.0,0,0,1,0,0.675,0.2
12,3,-0.3719482421875,-0.17057187855243683,-1.45488703250885,-0.676449829922648,1.676449829922648,0,0,0,0.12,0.01,0.0,0.01,0.1,0.9,-1.2,0.0,0,0,1,0,0.675,0.2
12,4,-0.6781879663467407,0.32930442690849304,1.9704893827438354,0.4285274623624087,0.5714600802668333,0,0,0,0.12,0.01,0.0,0.01,0.1,0.9,-1.2,0.0,0,0,1,0,0.675,0.2
12,5,-0.3684750199317932,0.08042576909065247,0.6767513751983643,-1.7312467520578068,2.7312457387788456,0,0,0,0.12,0.01,0.0,0.01,0.1,0.9,-1.2,0.0,0,0,1,0,0.675,0.2
12,6,-0.5332161784172058,-0.036612894386053085,-2.724318742752075,2.510337799222999,-1.510338156850868,0,0,0,0.12,0.01,0.0,0.01,0.1,0.9,-1.2,0.0,0,0,1,0,0.675,0.2
12,7,-0.6731544137001038,0.20522642135620117,1.9059514999389648,-1.734135259745457,2.7328643695095565,0,0,0,0.12,0.01,0.0,0.01,0.1,0.9,-1.2,0.0,0,0,1,0,0.675,0.2
13,0,-0.36511048674583435,-0.044567275792360306,-0.44290709495544434,0.5145354489020619,0.47074995244223733,0,0,0,0.12,0.01,0.0,0.01,0.1,0.9,-1.2,0.0,0,0,1,0,0.675,0.2
13,1,-0.6833946704864502,-0.4041644036769867,-2.1767425537109375,1.3162592598027334,-0.3172876187390431,0,0,0,0.12,0.01,0.0,0.01,0.1,0.9,-1.2,0.0,0,0,1,0,0.675,0.2
13,2,-0.21304160356521606,-0.03917393088340759,-0.18239711225032806,-1.6626089881161188,2.6626089881161192,0,0,0,0.12,0.01,0.0,0.01,0.1,0.9,-1.2,0.0,0,0,1,0,0.675,0.2
13,3,-0.3718915581703186,-0.1715725213289261,-1.5832868814468384,-1.6200369675338295,2.6200369675338298,0,0,0,0.12,0.01,0.0,0.01,0.1,0.9,-1.2,0.0,0,0,1,0,0.675,0.2
13,4,-0.6786279678344727,0.3302117586135864,2.081742286682129,1.9726026431366932,-0.9726171866700186,0,0,0,0.12,0.01,0.0,0.01,0.1,0.9,-1.2,0.0,0,0,1,0,0.675,0.2
13,5,-0.3677317798137665,0.08110659569501877,0.8336827158927917,-1.7198171825580355,2.7198168249301666,0,0,0,0.12,0.01,0.0,0.01,0.1,0.9,-1.2,0.0,0,0,1,0,0.675,0.2
13,6,-0.5341211557388306,-0.03703586384654045,-2.7296013832092285,2.4952801778505975,-1.4952805354784662,0,0,0,0.12,0.01,0.0,0.01,0.1,0.9,-1.2,0.0,0,0,1,0,0.675,0.2
13,7,-0.6735520958900452,0.20612652599811554,2.063932180404663,-1.730293025980114,2.729863932142376,0,0,0,0.12,0.01,0.0,0.01,0.1,0.9,-1.2,0.0,0,0,1,0,0.675,0.2
14,0,-0.36422133445739746,-0.04499175772070885,-0.4476851224899292,0.4712785526802392,0.514096315235868,0,0,0,0.12,0.01,0.0,0.01,0.1,0.9,-1.2,0.0,0,0,1,0,0.675,0.2
14,1,-0.6839910745620728,-0.40496721863746643,-2.2558157444000244,0.5234034211995628,0.47553370877480233,0,0,0,0.12,0.01,0.0,0.01,0.1,0.9,-1.2,0.0,0,0,1,0,0.675,0.2
14,2,-0.21205754578113556,-0.039370983839035034,-0.15704432129859924,-1.613609036194144,2.6136090361941444,0,0,0,0.12,0.01,0.0,0.01,0.1,0.9,-1.2,0.0,0,0,1,0,0.675,0.2
14,3,-0.37191206216812134,-0.17256948351860046,-1.5411723852157593,-1.4724594723422013,2.4724594723422015,0,0,0,0.12,0.01,0.0,0.01,0.1,0.9,-1.2,0.0,0,0,1,0,0.675,0.2
14,4,-0.6791385412216187,0.3310733735561371,2.1074931621551514,2.1729155912356046,-1.1729319825129179,0,0,0,0.12,0.01,0.0,0.01,0.1,0.9,-1.2,0.0,0,0,1,0,0.675,0.2
14,5,-0.3671042323112488,0.08189363032579422,0.9905070066452026,-1.5863056372606348,2.5863054584467005,0,0,0,0.12,0.01,0.0,0.01,0.1,0.9,-1.2,0.0,0,0,1,0,0.675,0.2
14,6,-0.5350508689880371,-0.03740203380584717,-2.850722312927246,1.3040294945726492,-0.3040297925958728,0,0,0,0.12,0.01,0.0,0.01,0.1,0.9,-1.2,0.0,0,0,1,0,0.675,0.2
14,7,-0.6740938425064087,0.20697543025016785,2.2205123901367188,-1.7200350567474927,2.7198510572090715,0,0,0,0.12,0.01,0.0,0.01,0.1,0.9,-1.2,0.0,0,0,1,0,0.675,0.2
15,0,-0.3633337914943695,-0.04541955515742302,-0.4498414099216461,0.4574931116675708,0.5280333308602001,0,0,0,0.12,0.01,0.0,0.01,0.1,0.9,-1.2,0.0,0,0,1,0,0.675,0.2
15,1,-0.6846493482589722,-0.4057210087776184,-2.3184092044830322,-0.1086962668708365,1.1075507252028982,0,0,0,0.12,0.01,0.0,0.01,0.1,0.9,-1.2,0.0,0,0,1,0,0.675,0.2
15,2,-0.21106436848640442,-0.03948657959699631,-0.022032389417290688,-0.03470040885521133,1.0347004088552114,0,0,0,0.12,0.01,0.0,0.01,0.1,0.9,-1.2,0.0,0,0,1,0,0.675,0.2
15,3,-0.3718368113040924,-0.17356905341148376,-1.404733657836914,0.7442716089016903,0.2557283910983097,0,0,0,0.12,0.01,0.0,0.01,0.1,0.9,-1.2,0.0,0,0,1,0,0.675,0.2
15,4,-0.6796326041221619,0.33194226026535034,2.025608539581299,1.3920291888663332,-0.39204528212042267,0,0,0,0.12,0.01,0.0,0.01,0.1,0.9,-1.2,0.0,0,0,1,0,0.675,0.2
15,5,-0.36660897731781006,0.08276813477277756,1.1466225385665894,-0.13259031974537658,1.132590200536087,0,0,0,0.12,0.01,0.0,0.01,0.1,0.9,-1.2,0.0,0,0,1,0,0.675,0.2
15,6,-0.536026656627655,-0.03763546049594879,-2.991363763809204,-1.1675959937332958,2.1675956957100717,0,0,0,0.12,0.01,0.0,0.01,0.1,0.9,-1.2,0.0,0,0,1,0,0.675,0.2
15,7,-0.6747574210166931,0.20773352682590485,2.377101182937622,-1.6737512859678338,2.6736514481878353,0,0,0,0.12,0.01,0.0,0.01,0.1,0.9,-1.2,0.0,0,0,1,0,0.675,0.2
16,0,-0.36244648694992065,-0.045848093926906586,-0.4489435851573944,0.47981409077738085,0.5059153651704951,0,0,0,0.12,0.01,0.0,0.01,0.1,0.9,-1.2,0.0,0,0,1,0,0.675,0.2
16,1,-0.68533855676651,-0.40644335746765137,-2.331209182739258,-0.2724433830916206,1.2707348755537786,0,0,0,0.12,0.01,0.0,0.01,0.1,0.9,-1.2,0.0,0,0,1,0,0.675,0.2
16,2,-0.21006155014038086,-0.03944709151983261,0.12791375815868378,2.5677078222490266,-1.5677078222490262,0,0,0,0.12,0.01,0.0,0.01,0.1,0.9,-1.2,0.0,0,0,1,0,0.675,0.2
16,3,-0.3716086745262146,-0.17456591129302979,-1.2630871534347534,2.559854662068601,-1.5598546620686007,0,0,0,0.12,0.01,0.0,0.01,0.1,0.9,-1.2,0.0,0,0,1,0,0.675,0.2
16,4,-0.6800327301025391,0.33286142349243164,1.9107712507247925,-0.3466395031247756,1.3466223965917252,0,0,0,0.12,0.01,0.0,0.01,0.1,0.9,-1.2,0.0,0,0,1,0,0.675,0.2
16,5,-0.36625561118125916,0.08370709419250488,1.29497492313385,2.321173967056405,-1.3211741458703394,0,0,0,0.12,0.01,0.0,0.01,0.1,0.9,-1.2,0.0,0,0,1,0,0.675,0.2
16,6,-0.5370197296142578,-0.037746116518974304,-3.0656578540802,-1.5515007959199478,2.551500438292079,0,0,0,0.12,0.01,0.0,0.01,0.1,0.9,-1.2,0.0,0,0,1,0,0.675,0.2
16,7,-0.6755262017250061,0.20838280022144318,2.5331711769104004,-1.4517895680683168,2.4517209631221806,0,0,0,0.12,0.01,0.0,0.01,0.1,0.9,-1.2,0.0,0,0,1,0,0.675,0.2
17,0,-0.36155831813812256,-0.04627508670091629,-0.446647971868515,0.5198979843962782,0.4660856853615648,0,0,0,0.12,0.01,0.0,0.01,0.1,0.9,-1.2,0.0,0,0,1,0,0.675,0.2
17,1,-0.6860200762748718,-0.40717294812202454,-2.2973573207855225,0.057562405323862816,0.9406459386588336,0,0,0,0.12,0.01,0.0,0.01,0.1,0.9,-1.2,0.0,0,0,1,0,0.675,0.2
17,2,-0.20907403528690338,-0.03927747160196304,0.18955880403518677,2.6676706375466237,-1.6676706375466237,0,0,0,0.12,0.01,0.0,0.01,0.1,0.9,-1.2,0.0,0,0,1,0,0.675,0.2
17,3,-0.3712804317474365,-0.17551250755786896,-1.2494007349014282,2.601045218802962,-1.6010452188029618,0,0,0,0.12,0.01,0.0,0.01,0.1,0.9,-1.2,0.0,0,0,1,0,0.675,0.2
17,4,-0.6803306937217712,0.33381733298301697,1.8371844291687012,-0.9341186947188767,1.9340933031402021,0,0,0,0.12,0.01,0.0,0.01,0.1,0.9,-1.2,0.0,0,0,1,0,0.675,0.2
17,5,-0.3660247325897217,0.08467646688222885,1.361081838607788,2.582802570433618,-1.5828027492475527,0,0,0,0.12,0.01,0.0,0.01,0.1,0.9,-1.2,0.0,0,0,1,0,0.675,0.2
17,6,-0.5380182862281799,-0.03783595189452171,-2.9827089309692383,-1.081289267930155,2.081288969906931,0,0,0,0.12,0.01,0.0,0.01,0.1,0.9,-1.2,0.0,0,0,1,0,0.675,0.2
17,7,-0.6763852834701538,0.20890386402606964,2.686491012573242,-0.49405344986641864,1.4939939644309328,0,0,0,0.12,0.01,0.0,0.01,0.1,0.9,-1.2,0.0,0,0,1,0,0.675,0.2
18,0,-0.36066901683807373,-0.04670017957687378,-0.44540470838546753,0.5438194274855631,0.4424092769669515,0,0,0,0.12,0.01,0.0,0.01,0.1,0.9,-1.2,0.0,0,0,1,0,0.675,0.2
18,1,-0.686667263507843,-0.4079338014125824,-2.245452642440796,0.5887352977397354,0.4093705262539474,0,0,0,0.12,0.01,0.0,0.01,0.1,0.9,-1.2,0.0,0,0,1,0,0.675,0.2
18,2,-0.208089679479599,-0.03911538049578667,0.0804763063788414,2.150648227446975,-1.1506482274469747,0,0,0,0.12,0.01,0.0,0.01,0.1,0.9,-1.2,0.0,0,0,1,0,0.675,0.2
18,3,-0.3710005283355713,-0.17647171020507812,-1.3689358234405518,1.6658844646397448,-0.6658844646397449,0,0,0,0.12,0.01,0.0,0.01,0.1,0.9,-1.2,0.0,0,0,1,0,0.675,0.2
18,4,-0.680593729019165,0.3347824811935425,1.8724561929702759,-0.5236254771328308,1.5235998471355774,0,0,0,0.12,0.01,0.0,0.01,0.1,0.9,-1.2,0.0,0,0,1,0,0.675,0.2
18,5,-0.36579814553260803,0.08565046638250351,1.267022728919983,2.0069762934349304,-1.00697641264422,0,0,0,0.12,0.01,0.0,0.01,0.1,0.9,-1.2,0.0,0,0,1,0,0.675,0.2
18,6,-0.5390126705169678,-0.038053762167692184,-2.843168258666992,1.4613596530108994,-0.46135995103412314,0,0,0,0.12,0.01,0.0,0.01,0.1,0.9,-1.2,0.0,0,0,1,0,0.675,0.2
18,7,-0.6773114800453186,0.2092883437871933,2.8265788555145264,1.3393535700188732,-0.3394174661980725,0,0,0,0.12,0.01,0.0,0.01,0.1,0.9,-1.2,0.0,0,0,1,0,0.675,0.2
19,0,-0.35977938771247864,-0.047125186771154404,-0.4467392861843109,0.5337629858877811,0.4526353533837642,0,0,0,0.12,0.01,0.0,0.01,0.1,0.9,-1.2,0.0,0,0,1,0,0.675,0.2
19,1,-0.6872760653495789,-0.40872544050216675,-2.2098047733306885,0.9535920290494923,0.04438147263278935,0,0,0,0.12,0.01,0.0,0.01,0.1,0.9,-1.2,0.0,0,0,1,0,0.675,0.2
19,2,-0.2070872038602829,-0.03910156711935997,-0.07072658836841583,-1.0859977387492055,2.0859977387492057,0,0,0,0.12,0.01,0.0,0.01,0.1,0.9,-1.2,0.0,0,0,1,0,0.675,0.2
19,3,-0.37086451053619385,-0.17746581137180328,-1.5162361860275269,-1.2218376732265965,2.221837673226597,0,0,0,0.12,0.01,0.0,0.01,0.1,0.9,-1.2,0.0,0,0,1,0,0.675,0.2
19,4,-0.6809273958206177,0.3357292115688324,1.9651386737823486,0.9225937361835187,0.07737985895884597,0,0,0,0.12,0.01,0.0,0.01,0.1,0.9,-1.2,0.0,0,0,1,0,0.675,0.2
19,5,-0.36544010043144226,0.08659715950489044,1.1237146854400635,-0.798118540488197,1.7981184212789074,0,0,0,0.12,0.01,0.0,0.01,0.1,0.9,-1.2,0.0,0,0,1,0,0.675,0.2
19,6,-0.5399634838104248,-0.038408130407333374,-2.7250139713287354,2.517251530011839,-1.5172518876397079,0,0,0,0.12,0.01,0.0,0.01,0.1,0.9,-1.2,0.0,0,0,1,0,0.675,0.2
19,7,-0.6782747507095337,0.20955456793308258,2.9094691276550293,2.0470589931246033,-1.0471339161630862,0,0,0,0.12,0.01,0.0,0.01,0.1,0.9,-1.2,0.0,0,0,1,0,0.675,0.2
20,0,-0.3588905930519104,-0.04755251109600067,-0.44997870922088623,0.4989290031382939,0.4875732866337397,0,0,0,0.12,0.01,0.0,0.01,0.1,0.9,-1.2,0.0,0,0,1,0,0.675,0.2
20,1,-0.6878663897514343,-0.40952977538108826,-2.2086658477783203,0.9860868768634047,0.011759070879057473,0,0,0,0.12,0.01,0.0,0.01,0.1,0.9,-1.2,0.0,0,0,1,0,0.675,0.2
20,2,-0.2060786485671997,-0.039237603545188904,-0.19500792026519775,-1.6754123851764957,2.6754123851764957,0,0,0,0.12,0.01,0.0,0.01,0.1,0.9,-1.2,0.0,0,0,1,0,0.675,0.2
20,3,-0.37086230516433716,-0.17846651375293732,-1.611126184463501,-1.6134399704259166,2.613439910821272,0,0,0,0.12,0.01,0.0,0.01,0.1,0.9,-1.2,0.0,0,0,1,0,0.675,0.2
20,4,-0.6813510656356812,0.3366406559944153,2.042952299118042,1.9297052577114469,-0.9297464445209868,0,0,0,0.12,0.01,0.0,0.01,0.1,0.9,-1.2,0.0,0,0,1,0,0.675,0.2
20,5,-0.3649540841579437,0.08748270571231842,1.0094748735427856,-1.5909433000524904,2.590943121238556,0,0,0,0.12,0.01,0.0,0.01,0.1,0.9,-1.2,0.0,0,0,1,0,0.675,0.2
20,6,-0.5408745408058167,-0.03881965950131416,-2.757180690765381,2.379541713313488,-1.3795420709413568,0,0,0,0.12,0.01,0.0,0.01,0.1,0.9,-1.2,0.0,0,0,1,0,0.675,0.2
20,7,-0.6792462468147278,0.20978198945522308,2.8758206367492676,1.7137059169119588,-0.7137838201826803,0,0,0,0.12,0.01,0.0,0.01,0.1,0.9,-1.2,0.0,0,0,1,0,0.675,0.2
21,0,-0.3580031394958496,-0.047982990741729736,-0.4529791474342346,0.46685472996480165,0.5197244497989922,0,0,0,0.12,0.01,0.0,0.01,0.1,0.9,-1.2,0.0,0,0,1,0,0.675,0.2
21,1,-0.6884673237800598,-0.410326212644577,-2.2354750633239746,0.7626526148810975,0.23506673259586172,0,0,0,0.12,0.01,0.0,0.01,0.1,0.9,-1.2,0.0,0,0,1,0,0.675,0.2
21,2,-0.2050957977771759,-0.03943050280213356,-0.1286107897758484,-1.5222504214047363,2.5222504214047365,0,0,0,0.12,0.01,0.0,0.01,0.1,0.9,-1.2,0.0,0,0,1,0,0.675,0.2
21,3,-0.37089255452156067,-0.17946335673332214,-1.5302722454071045,-1.2104821227138387,2.210482063109194,0,0,0,0.12,0.01,0.0,0.01,0.1,0.9,-1.2,0.0,0,0,1,0,0.675,0.2
21,4,-0.6818137168884277,0.3375268578529358,2.0334911346435547,1.8783168610746803,-0.8783597764189185,0,0,0,0.12,0.01,0.0,0.01,0.1,0.9,-1.2,0.0,0,0,1,0,0.675,0.2
21,5,-0.364421010017395,0.08832770586013794,1.0616917610168457,-1.4172138126321623,2.417213633818228,0,0,0,0.12,0.01,0.0,0.01,0.1,0.9,-1.2,0.0,0,0,1,0,0.675,0.2
21,6,-0.5418186783790588,-0.039151888340711594,-2.884328603744507,0.6433956851605342,0.356604016816242,0,0,0,0.12,0.01,0.0,0.01,0.1,0.9,-1.2,0.0,0,0,1,0,0.675,0.2
21,7,-0.6802039742469788,0.21008113026618958,2.7767906188964844,0.3728812129425321,0.6270374267173495,0,0,0,0.12,0.01,0.0,0.01,0.1,0.9,-1.2,0.0,0,0,1,0,0.675,0.2
22,0,-0.3571164906024933,-0.04841544106602669,-0.453876793384552,0.4648222287809485,0.5218457619035608,0,0,0,0.12,0.01,0.0,0.01,0.1,0.9,-1.2,0.0,0,0,1,0,0.675,0.2
22,1,-0.6890950202941895,-0.4111017882823944,-2.2692360877990723,0.4751298612387868,0.5224285536972788,0,0,0,0.12,0.01,0.0,0.01,0.1,0.9,-1.2,0.0,0,0,1,0,0.675,0.2
22,2,-0.2040974497795105,-0.03950711339712143,0.016449179500341415,0.8424592304586215,0.15754076954137838,0,0,0,0.12,0.01,0.0,0.01,0.1,0.9,-1.2,0.0,0,0,1,0,0.675,0.2
22,3,-0.3707959055900574,-0.18046222627162933,-1.3863552808761597,1.6551663639876277,-0.6551664235922725,0,0,0,0.12,0.01,0.0,0.01,0.1,0.9,-1.2,0.0,0,0,1,0,0.675,0.2
22,4,-0.6822332143783569,0.3384349048137665,1.947148323059082,0.8927595016711642,0.10719817903104513,0,0,0,0.12,0.01,0.0,0.01,0.1,0.9,-1.2,0.0,0,0,1,0,0.675,0.2
22,5,-0.3639771044254303,0.08922617137432098,1.1977673768997192,0.49972609213031116,0.5002737886603993,0,0,0,0.12,0.01,0.0,0.01,0.1,0.9,-1.2,0.0,0,0,1,0,0.675,0.2
22,6,-0.5428019762039185,-0.03935130685567856,-3.01847505569458,-1.3444782159343356,2.3444778583064667,0,0,0,0.12,0.01,0.0,0.01,0.1,0.9,-1.2,0.0,0,0,1,0,0.675,0.2
22,7,-0.6811277270317078,0.21048025786876678,2.6866261959075928,-0.775475892294876,1.7753820745839997,0,0,0,0.12,0.01,0.0,0.01,0.1,0.9,-1.2,0.0,0,0,1,0,0.675,0.2
23,0,-0.356229692697525,-0.04884772375226021,-0.45246803760528564,0.49410178929204335,0.4926928612626137,0,0,0,0.12,0.01,0.0,0.01,0.1,0.9,-1.2,0.0,0,0,1,0,0.675,0.2
23,1,-0.6897463798522949,-0.41185736656188965,-2.290904998779297,0.3127308922048963,0.6846254629853809,0,0,0,0.12,0.01,0.0,0.01,0.1,0.9,-1.2,0.0,0,0,1,0,0.675,0.2
23,2,-0.20309370756149292,-0.03943047299981117,0.16131962835788727,2.597362441893943,-1.597362441893943,0,0,0,0.12,0.01,0.0,0.01,0.1,0.9,-1.2,0.0,0,0,1,0,0.675,0.2
23,3,-0.3705540895462036,-0.18145333230495453,-1.2597345113754272,2.614501408326487,-1.6145014679311318,0,0,0,0.12,0.01,0.0,0.01,0.1,0.9,-1.2,0.0,0,0,1,0,0.675,0.2
23,4,-0.6825615763664246,0.3393815755844116,1.849548101425171,-0.4510573165782665,1.4510123150714611,0,0,0,0.12,0.01,0.0,0.01,0.1,0.9,-1.2,0.0,0,0,1,0,0.675,0.2
23,5,-0.36366745829582214,0.09018126130104065,1.3350790739059448,2.4219043470036987,-1.421904525817633,0,0,0,0.12,0.01,0.0,0.01,0.1,0.9,-1.2,0.0,0,0,1,0,0.675,0.2
23,6,-0.5437952876091003,-0.03944280371069908,-3.052830696105957,-1.5018990280925657,2.501898610860052,0,0,0,0.12,0.01,0.0,0.01,0.1,0.9,-1.2,0.0,0,0,1,0,0.675,0.2
23,7,-0.6820181608200073,0.21093520522117615,2.6768295764923096,-0.8976974879509588,1.897594014287629,0,0,0,0.12,0.01,0.0,0.01,0.1,0.9,-1.2,0.0,0,0,1,0,0.675,0.2
24,0,-0.35534197092056274,-0.04927833750844002,-0.4504878520965576,0.5323826051186384,0.4545742296744524,0,0,0,0.12,0.01,0.0,0.01,0.1,0.9,-1.2,0.0,0,0,1,0,0.675,0.2
24,1,-0.690407395362854,-0.41260430216789246,-2.2932708263397217,0.4072830553123775,0.5887353544166264,0,0,0,0.12,0.01,0.0,0.01,0.1,0.9,-1.2,0.0,0,0,1,0,0.675,0.2
24,2,-0.20210835337638855,-0.039244480431079865,0.17023977637290955,2.6131428514333943,-1.6131428514333943,0,0,0,0.12,0.01,0.0,0.01,0.1,0.9,-1.2,0.0,0,0,1,0,0.675,0.2
24,3,-0.37024036049842834,-0.1824033260345459,-1.3010283708572388,2.4949934035425008,-1.4949934631471455,0,0,0,0.12,0.01,0.0,0.01,0.1,0.9,-1.2,0.0,0,0,1,0,0.675,0.2
24,4,-0.6828113198280334,0.3403500020503998,1.8081873655319214,-0.8345851031905487,1.8345367638236356,0,0,0,0.12,0.01,0.0,0.01,0.1,0.9,-1.2,0.0,0,0,1,0,0.675,0.2
24,5,-0.3634628355503082,0.091158926486969,1.3616939783096313,2.491853824078044,-1.4918540624966228,0,0,0,0.12,0.01,0.0,0.01,0.1,0.9,-1.2,0.0,0,0,1,0,0.675,0.2
24,6,-0.5447936654090881,-0.039555203169584274,-2.9507014751434326,-0.6598119698140726,1.659811612186204,0,0,0,0.12,0.01,0.0,0.01,0.1,0.9,-1.2,0.0,0,0,1,0,0.675,0.2
24,7,-0.682921290397644,0.21136341989040375,2.7503626346588135,-0.21390269263599604,1.2137976096472571,0,0,0,0.12,0.01,0.0,0.01,0.1,0.9,-1.2,0.0,0,0,1,0,0.675,0.2
25,0,-0.3544534742832184,-0.049707602709531784,-0.4501262307167053,0.5481508983983645,0.43894904714683214,0,0,0,0.12,0.01,0.0,0.01,0.1,0.9,-1.2,0.0,0,0,1,0,0.675,0.2
25,1,-0.6910644173622131,-0.41335463523864746,-2.282482624053955,0.55548541972201,0.44022256901700374,0,0,0,0.12,0.01,0.0,0.01,0.1,0.9,-1.2,0.0,0,0,1,0,0.675,0.2
25,2,-0.2011183649301529,-0.03911122307181358,0.04718875139951706,1.4707376099325913,-0.4707376099325914,0,0,0,0.12,0.01,0.0,0.01,0.1,0.9,-1.2,0.0,0,0,1,0,0.675,0.2
25,3,-0.3700188398361206,-0.1833793967962265,-1.4364111423492432,0.6748158876153499,0.32518405278000523,0,0,0,0.12,0.01,0.0,0.01,0.1,0.9,-1.2,0.0,0,0,1,0,0.675,0.2
25,4,-0.6830536723136902,0.34132036566734314,1.8562326431274414,-0.2526889324207977,1.2526408910771087,0,0,0,0.12,0.01,0.0,0.01,0.1,0.9,-1.2,0.0,0,0,1,0,0.675,0.2
25,5,-0.3632272183895111,0.09213453531265259,1.253209114074707,1.3796984168256463,-0.3796985956395807,0,0,0,0.12,0.01,0.0,0.01,0.1,0.9,-1.2,0.0,0,0,1,0,0.675,0.2
25,6,-0.5457807183265686,-0.039803776890039444,-2.8115122318267822,1.9298228401610027,-0.9298231977888711,0,0,0,0.12,0.01,0.0,0.01,0.1,0.9,-1.2,0.0,0,0,1,0,0.675,0.2
25,7,-0.6838622689247131,0.21170657873153687,2.8468823432922363,0.9993138437693404,0.0005740398938369924,0,0,0,0.12,0.01,0.0,0.01,0.1,0.9,-1.2,0.0,0,0,1,0,0.675,0.2
26,0,-0.3535650968551636,-0.05013753101229668,-0.452326238155365,0.5314329003257666,0.4557481075363244,0,0,0,0.12,0.01,0.0,0.01,0.1,0.9,-1.2,0.0,0,0,1,0,0.675,0.2
26,1,-0.6917118430137634,-0.414111852645874,-2.2747631072998047,0.6823086895064856,0.3130525790138696,0,0,0,0.12,0.01,0.0,0.01,0.1,0.9,-1.2,0.0,0,0,1,0,0.675,0.2
26,2,-0.20011594891548157,-0.03912936523556709,-0.10130549967288971,-1.4041082049547375,2.404108204954738,0,0,0,0.12,0.01,0.0,0.01,0.1,0.9,-1.2,0.0,0,0,1,0,0.675,0.2
26,3,-0.3699464201927185,-0.1843796819448471,-1.578417420387268,-1.4565502775079793,2.4565502179033345,0,0,0,0.12,0.01,0.0,0.01,0.1,0.9,-1.2,0.0,0,0,1,0,0.675,0.2
26,4,-0.6833691000938416,0.34227362275123596,1.9447461366653442,1.0956556449927435,-0.09570553408042053,0,0,0,0.12,0.01,0.0,0.01,0.1,0.9,-1.2,0.0,0,0,1,0,0.675,0.2
26,5,-0.36285659670829773,0.09307775646448135,1.113649845123291,-1.1912636077129404,2.1912634288990063,0,0,0,0.12,0.01,0.0,0.01,0.1,0.9,-1.2,0.0,0,0,1,0,0.675,0.2
26,6,-0.5467202663421631,-0.04017803072929382,-2.717937469482422,2.5372351260230683,-1.5372356028602265,0,0,0,0.12,0.01,0.0,0.01,0.1,0.9,-1.2,0.0,0,0,1,0,0.675,0.2
26,7,-0.6848288178443909,0.2119654417037964,2.9065890312194824,1.6019294301699432,-0.6020543019007478,0,0,0,0.12,0.01,0.0,0.01,0.1,0.9,-1.2,0.0,0,0,1,0,0.675,0.2
27,0,-0.35267797112464905,-0.05057031288743019,-0.4559493958950043,0.4962795670125523,0.4909346406366786,0,0,0,0.12,0.01,0.0,0.01,0.1,0.9,-1.2,0.0,0,0,1,0,0.675,0.2
27,1,-0.6923559308052063,-0.4148712158203125,-2.2767298221588135,0.7334744744717687,0.26149244971875246,0,0,0,0.12,0.01,0.0,0.01,0.1,0.9,-1.2,0.0,0,0,1,0,0.675,0.2
27,2,-0.19910931587219238,-0.03928135335445404,-0.18719260394573212,-1.6683464925827631,2.668346492582763,0,0,0,0.12,0.01,0.0,0.01,0.1,0.9,-1.2,0.0,0,0,1,0,0.675,0.2
27,3,-0.36998945474624634,-0.18537761270999908,-1.6164451837539673,-1.5812282835468576,2.581228223942213,0,0,0,0.12,0.01,0.0,0.01,0.1,0.9,-1.2,0.0,0,0,1,0,0.675,0.2
27,4,-0.6837664842605591,0.3431958556175232,2.0058934688568115,1.8350367105597107,-0.8350916064375489,0,0,0,0.12,0.01,0.0,0.01,0.1,0.9,-1.2,0.0,0,0,1,0,0.675,0.2
27,5,-0.3623736500740051,0.09396178275346756,1.036133885383606,-1.5818881286328634,2.581887890214284,0,0,0,0.12,0.01,0.0,0.01,0.1,0.9,-1.2,0.0,0,0,1,0,0.675,0.2
27,6,-0.5476340651512146,-0.04058200865983963,-2.7823352813720703,2.2127992556842613,-1.212799672916775,0,0,0,0.12,0.01,0.0,0.01,0.1,0.9,-1.2,0.0,0,0,1,0,0.675,0.2
27,7,-0.6858000159263611,0.21219460666179657,2.888429880142212,1.3281806313719822,-0.3283133113112521,0,0,0,0.12,0.01,0.0,0.01,0.1,0.9,-1.2,0.0,0,0,1,0,0.675,0.2
28,0,-0.3517923653125763,-0.051006413996219635,-0.45885685086250305,0.47121935857414066,0.5160065315854662,0,0,0,0.12,0.01,0.0,0.01,0.1,0.9,-1.2,0.0,0,0,1,0,0.675,0.2
28,1,-0.6930046677589417,-0.4156262278556824,-2.287917375564575,0.7179278158893253,0.276567516351733,0,0,0,0.12,0.01,0.0,0.01,0.1,0.9,-1.2,0.0,0,0,1,0,0.675,0.2
28,2,-0.19812355935573578,-0.039449356496334076,-0.09342322498559952,-1.3486527772393606,2.348652777239361,0,0,0,0.12,0.01,0.0,0.01,0.1,0.9,-1.2,0.0,0,0,1,0,0.675,0.2
28,3,-0.3700050711631775,-0.18637563288211823,-1.508610486984253,-0.7297283964189841,1.7297283368143395,0,0,0,0.12,0.01,0.0,0.01,0.1,0.9,-1.2,0.0,0,0,1,0,0.675,0.2
28,4,-0.6841891407966614,0.3441016972064972,1.982932448387146,1.6511065277068497,-0.6511627944915179,0,0,0,0.12,0.01,0.0,0.01,0.1,0.9,-1.2,0.0,0,0,1,0,0.675,0.2
28,5,-0.3618769943714142,0.09482864290475845,1.1191720962524414,-1.1919003973600986,2.1919002185461642,0,0,0,0.12,0.01,0.0,0.01,0.1,0.9,-1.2,0.0,0,0,1,0,0.675,0.2
28,6,-0.5485903024673462,-0.040881723165512085,-2.917182683944702,-0.040114811050977625,1.0401143938184643,0,0,0,0.12,0.01,0.0,0.01,0.1,0.9,-1.2,0.0,0,0,1,0,0.675,0.2
28,7,-0.6867623925209045,0.21246957778930664,2.8193953037261963,0.3451142761265119,0.6547447588885943,0,0,0,0.12,0.01,0.0,0.01,0.1,0.9,-1.2,0.0,0,0,1,0,0.675,0.2
29,0,-0.3509075939655304,-0.051444314420223236,-0.4595525860786438,0.47708742734213266,0.5101682651398619,0,0,0,0.12,0.01,0.0,0.01,0.1,0.9,-1.2,0.0,0,0,1,0,0.675,0.2
29,1,-0.6936637163162231,-0.41637173295021057,-2.303772449493408,0.6777336317366008,0.3161759656602498,0,0,0,0.12,0.01,0.0,0.01,0.1,0.9,-1.2,0.0,0,0,1,0,0.675,0.2
29,2,-0.19712184369564056,-0.03948080539703369,0.055519141256809235,1.5830980596717528,-0.5830980596717528,0,0,0,0.12,0.01,0.0,0.01,0.1,0.9,-1.2,0.0,0,0,1,0,0.675,0.2
29,3,-0.3698779344558716,-0.18736980855464935,-1.3631988763809204,2.1551081320345795,-1.155108191639224,0,0,0,0.12,0.01,0.0,0.01,0.1,0.9,-1.2,0.0,0,0,1,0,0.675,0.2
29,4,-0.6845588088035583,0.3450313210487366,1.899503469467163,0.6172818368880605,0.38266189632727154,0,0,0,0.12,0.01,0.0,0.01,0.1,0.9,-1.2,0.0,0,0,1,0,0.675,0.2
29,5,-0.3614915609359741,0.0957549586892128,1.2602415084838867,1.2959557491202018,-0.2959559279341361,0,0,0,0.12,0.01,0.0,0.01,0.1,0.9,-1.2,0.0,0,0,1,0,0.675,0.2
29,6,-0.5495793223381042,-0.04104737937450409,-3.0421512126922607,-1.449135065604108,2.44913458876695,0,0,0,0.12,0.01,0.0,0.01,0.1,0.9,-1.2,0.0,0,0,1,0,0.675,0.2
29,7,-0.6877041459083557,0.21281611919403076,2.7572710514068604,-0.48677411481472843,1.4866175334129035,0,0,0,0.12,0.01,0.0,0.01,0.1,0.9,-1.2,0.0,0,0,1,0,0.675,0.2
30,0,-0.35002264380455017,-0.05188188701868057,-0.4583248794078827,0.508878079981335,0.47844299879597807,0,0,0,0.12,0.01,0.0,0.01,0.1,0.9,-1.2,0.0,0,0,1,0,0.675,0.2
30,1,-0.6943349242210388,-0.4171057939529419,-2.319488763809204,0.6549392102081476,0.3382432105224433,0,0,0,0.12,0.01,0.0,0.01,0.1,0.9,-1.2,0.0,0,0,1,0,0.675,0.2
30,2,-0.19611778855323792,-0.039362113922834396,0.19119051098823547,2.636757099871179,-1.6367570998711791,0,0,0,0.12,0.01,0.0,0.01,0.1,0.9,-1.2,0.0,0,0,1,0,0.675,0.2
30,3,-0.3696185052394867,-0.18834887444972992,-1.2643271684646606,2.628761679510198,-1.6287617391148423,0,0,0,0.12,0.01,0.0,0.01,0.1,0.9,-1.2,0.0,0,0,1,0,0.675,0.2
30,4,-0.684842586517334,0.34599173069000244,1.816038727760315,-0.47224417554946035,1.4721843324861057,0,0,0,0.12,0.01,0.0,0.01,0.1,0.9,-1.2,0.0,0,0,1,0,0.675,0.2
30,5,-0.3612409830093384,0.09672633558511734,1.3846474885940552,2.5103082230571907,-1.5103084614757698,0,0,0,0.12,0.01,0.0,0.01,0.1,0.9,-1.2,0.0,0,0,1,0,0.675,0.2
30,6,-0.5505757331848145,-0.04112905263900757,-3.035449504852295,-1.4173384957244781,2.41733801888732,0,0,0,0.12,0.01,0.0,0.01,0.1,0.9,-1.2,0.0,0,0,1,0,0.675,0.2
30,7,-0.6886270046234131,0.21320095658302307,2.7543721199035645,-0.574045334831217,1.5738764748725684,0,0,0,0.12,0.01,0.0,0.01,0.1,0.9,-1.2,0.0,0,0,1,0,0.675,0.2
31,0,-0.34913700819015503,-0.05231812968850136,-0.45706725120544434,0.5419314111216519,0.44547955145998264,0,0,0,0.12,0.01,0.0,0.01,0.1,0.9,-1.2,0.0,0,0,1,0,0.675,0.2
31,1,-0.6950166821479797,-0.4178292155265808,-2.332749366760254,0.668637587854666,0.3236684657837923,0,0,0,0.12,0.01,0.0,0.01,0.1,0.9,-1.2,0.0,0,0,1,0,0.675,0.2
31,2,-0.19513578712940216,-0.03916021063923836,0.1559235155582428,2.5376002635215102,-1.5376002635215098,0,0,0,0.12,0.01,0.0,0.01,0.1,0.9,-1.2,0.0,0,0,1,0,0.675,0.2
31,3,-0.3693234622478485,-0.18930397927761078,-1.340466022491455,2.3575694980925923,-1.357569557697237,0,0,0,0.12,0.01,0.0,0.01,0.1,0.9,-1.2,0.0,0,0,1,0,0.675,0.2
31,4,-0.6850650310516357,0.3469662070274353,1.7933398485183716,-0.665694759709886,1.6656319364142926,0,0,0,0.12,0.01,0.0,0.01,0.1,0.9,-1.2,0.0,0,0,1,0,0.675,0.2
31,5,-0.3610682189464569,0.09771417081356049,1.363102674484253,2.4013331247644225,-1.4013333631830018,0,0,0,0.12,0.01,0.0,0.01,0.1,0.9,-1.2,0.0,0,0,1,0,0.675,0.2
31,6,-0.5515751242637634,-0.04127051681280136,-2.917733907699585,-0.05124605879776693,1.0512456415652534,0,0,0,0.12,0.01,0.0,0.01,0.1,0.9,-1.2,0.0,0,0,1,0,0.675,0.2
31,7,-0.6895596385002136,0.21356099843978882,2.812004327774048,0.0009729096091690148,0.9988526872002181,0,0,0,0.12,0.01,0.0,0.01,0.1,0.9,-1.2,0.0,0,0,1,0,0.675,0.2
32,0,-0.3482510447502136,-0.05275384336709976,-0.4576966166496277,0.5497771236085225,0.4376900461531352,0,0,0,0.12,0.01,0.0,0.01,0.1,0.9,-1.2,0.0,0,0,1,0,0.675,0.2
32,1,-0.6957067847251892,-0.41854360699653625,-2.3441898822784424,0.7146058814156682,0.27667455510013994,0,0,0,0.12,0.01,0.0,0.01,0.1,0.9,-1.2,0.0,0,0,1,0,0.675,0.2
32,2,-0.19414184987545013,-0.03904819115996361,0.020336665213108063,0.6109642474784471,0.38903575252155287,0,0,0,0.12,0.01,0.0,0.01,0.1,0.9,-1.2,0.0,0,0,1,0,0.675,0.2
32,3,-0.36914581060409546,-0.19029030203819275,-1.4836682081222534,-0.09425318067538122,1.0942531210707362,0,0,0,0.12,0.01,0.0,0.01,0.1,0.9,-1.2,0.0,0,0,1,0,0.675,0.2
32,4,-0.6852976083755493,0.34793901443481445,1.8463977575302124,0.03792412689905778,0.9620130498053489,0,0,0,0.12,0.01,0.0,0.01,0.1,0.9,-1.2,0.0,0,0,1,0,0.675,0.2
32,5,-0.3608200252056122,0.09869081526994705,1.2384040355682373,0.6143856425121209,0.3856141786739448,0,0,0,0.12,0.01,0.0,0.01,0.1,0.9,-1.2,0.0,0,0,1,0,0.675,0.2
32,6,-0.5525538921356201,-0.04154966026544571,-2.781879186630249,2.2046434150612666,-1.2046438918984244,0,0,0,0.12,0.01,0.0,0.01,0.1,0.9,-1.2,0.0,0,0,1,0,0.675,0.2
32,7,-0.6905168890953064,0.213853120803833,2.886223316192627,0.876348512180874,0.12346611737387449,0,0,0,0.12,0.01,0.0,0.01,0.1,0.9,-1.2,0.0,0,0,1,0,0.675,0.2
33,0,-0.34736570715904236,-0.053191013634204865,-0.4606327712535858,0.5287222811990464,0.45874840523665306,0,0,0,0.12,0.01,0.0,0.01,0.1,0.9,-1.2,0.0,0,0,1,0,0.675,0.2
33,1,-0.6964044570922852,-0.419249564409256,-2.356109142303467,0.7763009946969427,0.21376916950670105,0,0,0,0.12,0.01,0.0,0.01,0.1,0.9,-1.2,0.0,0,0,1,0,0.675,0.2
33,2,-0.19313785433769226,-0.039090633392333984,-0.12484383583068848,-1.5356978432907575,2.5356978432907575,0,0,0,0.12,0.01,0.0,0.01,0.1,0.9,-1.2,0.0,0,0,1,0,0.675,0.2
33,3,-0.36911651492118835,-0.19129222631454468,-1.6180511713027954,-1.5414486211884098,2.541448561583765,0,0,0,0.12,0.01,0.0,0.01,0.1,0.9,-1.2,0.0,0,0,1,0,0.675,0.2
33,4,-0.6856003999710083,0.3488961160182953,1.9256855249404907,1.228187301158828,-0.22825328350059448,0,0,0,0.12,0.01,0.0,0.01,0.1,0.9,-1.2,0.0,0,0,1,0,0.675,0.2
33,5,-0.36043500900268555,0.09962864965200424,1.10274076461792,-1.4042245277600605,2.404224289341481,0,0,0,0.12,0.01,0.0,0.01,0.1,0.9,-1.2,0.0,0,0,1,0,0.675,0.2
33,6,-0.5534884929656982,-0.041934672743082047,-2.7229576110839844,2.5124871142611136,-1.5124877103075614,0,0,0,0.12,0.01,0.0,0.01,0.1,0.9,-1.2,0.0,0,0,1,0,0.675,0.2
33,7,-0.6914907097816467,0.21408112347126007,2.929318428039551,1.3010305093443255,-0.3012319134390217,0,0,0,0.12,0.01,0.0,0.01,0.1,0.9,-1.2,0.0,0,0,1,0,0.675,0.2
34,0,-0.3464818596839905,-0.05363135784864426,-0.4644676446914673,0.49552542047344517,0.4919146291748398,0,0,0,0.12,0.01,0.0,0.01,0.1,0.9,-1.2,0.0,0,0,1,0,0.675,0.2
34,1,-0.6971103549003601,-0.41994577646255493,-2.3708367347717285,0.8385251925399138,0.1500837637970614,0,0,0,0.12,0.01,0.0,0.01,0.1,0.9,-1.2,0.0,0,0,1,0,0.675,0.2
34,2,-0.1921413391828537,-0.039249081164598465,-0.16026219725608826,-1.629740566202682,2.629740566202682,0,0,0,0.12,0.01,0.0,0.01,0.1,0.9,-1.2,0.0,0,0,1,0,0.675,0.2
34,3,-0.3691822588443756,-0.19228774309158325,-1.6103023290634155,-1.5020282272978924,2.502028167693248,0,0,0,0.12,0.01,0.0,0.01,0.1,0.9,-1.2,0.0,0,0,1,0,0.675,0.2
34,4,-0.6859714388847351,0.34982800483703613,1.968095302581787,1.7436102387753223,-0.7436815855351185,0,0,0,0.12,0.01,0.0,0.01,0.1,0.9,-1.2,0.0,0,0,1,0,0.675,0.2
34,5,-0.35995689034461975,0.10051024705171585,1.069408655166626,-1.5471758230875834,2.547175584669004,0,0,0,0.12,0.01,0.0,0.01,0.1,0.9,-1.2,0.0,0,0,1,0,0.675,0.2
34,6,-0.554408848285675,-0.042323432862758636,-2.811291456222534,1.919500013367753,-0.9195005498095562,0,0,0,0.12,0.01,0.0,0.01,0.1,0.9,-1.2,0.0,0,0,1,0,0.675,0.2
34,7,-0.6924675703048706,0.21428944170475006,2.9151272773742676,1.0489392029614537,-0.04915306442690786,0,0,0,0.12,0.01,0.0,0.01,0.1,0.9,-1.2,0.0,0,0,1,0,0.675,0.2
35,0,-0.3455996513366699,-0.05407498776912689,-0.4672284424304962,0.47808131650288266,0.5093156389872296,0,0,0,0.12,0.01,0.0,0.01,0.1,0.9,-1.2,0.0,0,0,1,0,0.675,0.2
35,1,-0.6978267431259155,-0.4206295609474182,-2.3897151947021484,0.8954067884601175,0.09138321293224709,0,0,0,0.12,0.01,0.0,0.01,0.1,0.9,-1.2,0.0,0,0,1,0,0.675,0.2
35,2,-0.19114950299263,-0.03937520086765289,-0.04711437597870827,-0.908737871599265,1.9087378715992653,0,0,0,0.12,0.01,0.0,0.01,0.1,0.9,-1.2,0.0,0,0,1,0,0.675,0.2
35,3,-0.3691812753677368,-0.19328691065311432,-1.4869301319122314,0.014136964062358166,0.9858629763329969,0,0,0,0.12,0.01,0.0,0.01,0.1,0.9,-1.2,0.0,0,0,1,0,0.675,0.2
35,4,-0.6863541603088379,0.35075142979621887,1.9336351156234741,1.424366842094656,-0.42443914252876846,0,0,0,0.12,0.01,0.0,0.01,0.1,0.9,-1.2,0.0,0,0,1,0,0.675,0.2
35,5,-0.35950079560279846,0.10139963775873184,1.17509925365448,-0.7966054275693647,1.7966052487554305,0,0,0,0.12,0.01,0.0,0.01,0.1,0.9,-1.2,0.0,0,0,1,0,0.675,0.2
35,6,-0.5553746819496155,-0.04259316995739937,-2.948594331741333,-0.5846714564508623,1.5846709200090594,0,0,0,0.12,0.01,0.0,0.01,0.1,0.9,-1.2,0.0,0,0,1,0,0.675,0.2
35,7,-0.6934366226196289,0.21453191339969635,2.8647866249084473,0.32037953427810195,0.6793929547927903,0,0,0,0.12,0.01,0.0,0.01,0.1,0.9,-1.2,0.0,0,0,1,0,0.675,0.2
36,0,-0.344718337059021,-0.054520316421985626,-0.46783310174942017,0.4902167349379333,0.49715900129863905,0,0,0,0.12,0.01,0.0,0.01,0.1,0.9,-1.2,0.0,0,0,1,0,0.675,0.2
36,1,-0.6985561847686768,-0.42129743099212646,-2.4130032062530518,0.9493437177628249,0.03516610794365698,0,0,0,0.12,0.01,0.0,0.01,0.1,0.9,-1.2,0.0,0,0,1,0,0.675,0.2
36,2,-0.19014713168144226,-0.03935600444674492,0.10146770626306534,2.13521218122204,-1.1352121812220402,0,0,0,0.12,0.01,0.0,0.01,0.1,0.9,-1.2,0.0,0,0,1,0,0.675,0.2
36,3,-0.36903083324432373,-0.19427917897701263,-1.344642996788025,2.3918930977400876,-1.3918931573447324,0,0,0,0.12,0.01,0.0,0.01,0.1,0.9,-1.2,0.0,0,0,1,0,0.675,0.2
36,4,-0.686678409576416,0.35169804096221924,1.8535003662109375,0.3931211355683901,0.6068057891371152,0,0,0,0.12,0.01,0.0,0.01,0.1,0.9,-1.2,0.0,0,0,1,0,0.675,0.2
36,5,-0.3591691851615906,0.10234709084033966,1.317187786102295,1.8805459254407624,-0.8805461042546966,0,0,0,0.12,0.01,0.0,0.01,0.1,0.9,-1.2,0.0,0,0,1,0,0.675,0.2
36,6,-0.5563671588897705,-0.04273116961121559,-3.0566303730010986,-1.4912191481765966,2.4912184329208595,0,0,0,0.12,0.01,0.0,0.01,0.1,0.9,-1.2,0.0,0,0,1,0,0.675,0.2
36,7,-0.6943907737731934,0.21482595801353455,2.8226256370544434,-0.26576451291590447,1.2655179881051135,0,0,0,0.12,0.01,0.0,0.01,0.1,0.9,-1.2,0.0,0,0,1,0,0.675,0.2
37,0,-0.3438369333744049,-0.05496540293097496,-0.46697965264320374,0.5222383243517424,0.46515320711569524,0,0,0,0.12,0.01,0.0,0.01,0.1,0.9,-1.2,0.0,0,0,1,0,0.675,0.2
37,1,-0.6993008852005005,-0.4219455420970917,-2.440420389175415,1.004920772328334,-0.02321814657683871,0,0,0,0.12,0.01,0.0,0.01,0.1,0.9,-1.2,0.0,0,0,1,0,0.675,0.2
37,2,-0.18915338814258575,-0.03919503837823868,0.21166369318962097,2.649635043681202,-1.649635043681202,0,0,0,0.12,0.01,0.0,0.01,0.1,0.9,-1.2,0.0,0,0,1,0,0.675,0.2
37,3,-0.36876651644706726,-0.19524170458316803,-1.2876747846603394,2.604284728837669,-1.6042848480469585,0,0,0,0.12,0.01,0.0,0.01,0.1,0.9,-1.2,0.0,0,0,1,0,0.675,0.2
37,4,-0.686922013759613,0.3526689410209656,1.7840875387191772,-0.46319090386941475,1.4631134774358514,0,0,0,0.12,0.01,0.0,0.01,0.1,0.9,-1.2,0.0,0,0,1,0,0.675,0.2
37,5,-0.3589679002761841,0.10332856327295303,1.4187592267990112,2.5506959684117323,-1.5506962068303116,0,0,0,0.12,0.01,0.0,0.01,0.1,0.9,-1.2,0.0,0,0,1,0,0.675,0.2
37,6,-0.5573632121086121,-0.04281271621584892,-3.0151805877685547,-1.2864024645199756,2.2864018088688836,0,0,0,0.12,0.01,0.0,0.01,0.1,0.9,-1.2,0.0,0,0,1,0,0.675,0.2
37,7,-0.69533771276474,0.21514500677585602,2.825009822845459,-0.30907212714786625,1.3088106415712366,0,0,0,0.12,0.01,0.0,0.01,0.1,0.9,-1.2,0.0,0,0,1,0,0.675,0.2
38,0,-0.3429551422595978,-0.05540965124964714,-0.4665536880493164,0.5483377608297961,0.4390826192857128,0,0,0,0.12,0.01,0.0,0.01,0.1,0.9,-1.2,0.0,0,0,1,0,0.675,0.2
38,1,-0.7000626921653748,-0.42256996035575867,-2.471742868423462,1.0642221587605707,-0.08582550463154251,0,0,0,0.12,0.01,0.0,0.01,0.1,0.9,-1.2,0.0,0,0,1,0,0.675,0.2
38,2,-0.1881745457649231,-0.03898842632770538,0.13915513455867767,2.4061785408098304,-1.4061785408098302,0,0,0,0.12,0.01,0.0,0.01,0.1,0.9,-1.2,0.0,0,0,1,0,0.675,0.2
38,3,-0.3685101866722107,-0.19620539247989655,-1.3874902725219727,2.0656513030573427,-1.0656513626619872,0,0,0,0.12,0.01,0.0,0.01,0.1,0.9,-1.2,0.0,0,0,1,0,0.675,0.2
38,4,-0.6871203780174255,0.35364830493927,1.7772166728973389,-0.485990876795688,1.4859109469670442,0,0,0,0.12,0.01,0.0,0.01,0.1,0.9,-1.2,0.0,0,0,1,0,0.675,0.2
38,5,-0.35881298780441284,0.10431940108537674,1.358803153038025,2.237556510984759,-1.2375567494033382,0,0,0,0.12,0.01,0.0,0.01,0.1,0.9,-1.2,0.0,0,0,1,0,0.675,0.2
38,6,-0.5583597421646118,-0.042986925691366196,-2.8874049186706543,0.5882924404668893,0.41170690388201825,0,0,0,0.12,0.01,0.0,0.01,0.1,0.9,-1.2,0.0,0,0,1,0,0.675,0.2
38,7,-0.696292519569397,0.21544130146503448,2.8705475330352783,0.14016393864844848,0.8595648602178235,0,0,0,0.12,0.01,0.0,0.01,0.1,0.9,-1.2,0.0,0,0,1,0,0.675,0.2
39,0,-0.3420735001564026,-0.05585423484444618,-0.46810898184776306,0.548693951370415,0.4387111699560315,0,0,0,0.12,0.01,0.0,0.01,0.1,0.9,-1.2,0.0,0,0,1,0,0.675,0.2
39,1,-0.7008429169654846,-0.42316675186157227,-2.5070390701293945,1.126912190907592,-0.1522400522166436,0,0,0,0.12,0.01,0.0,0.01,0.1,0.9,-1.2,0.0,0,0,1,0,0.675,0.2
39,2,-0.18717685341835022,-0.03889954090118408,-0.005587074439972639,-0.22736399386789913,1.227363993867899,0,0,0,0.12,0.01,0.0,0.01,0.1,0.9,-1.2,0.0,0,0,1,0,0.675,0.2
39,3,-0.36838608980178833,-0.19720053672790527,-1.5326166152954102,-0.7308143688112161,1.7308143092065713,0,0,0,0.12,0.01,0.0,0.01,0.1,0.9,-1.2,0.0,0,0,1,0,0.675,0.2
39,4,-0.6873429417610168,0.3546242117881775,1.8329137563705444,0.2958171988220712,0.7041023349074821,0,0,0,0.12,0.01,0.0,0.01,0.1,0.9,-1.2,0.0,0,0,1,0,0.675,0.2
39,5,-0.35854893922805786,0.10529670864343643,1.223508596420288,-0.16022327326670766,1.1602230348481286,0,0,0,0.12,0.01,0.0,0.01,0.1,0.9,-1.2,0.0,0,0,1,0,0.675,0.2
39,6,-0.5593279600143433,-0.043296825140714645,-2.75842022895813,2.3400808679890766,-1.3400816428494582,0,0,0,0.12,0.01,0.0,0.01,0.1,0.9,-1.2,0.0,0,0,1,0,0.675,0.2
39,7,-0.6972629427909851,0.21568378806114197,2.9267497062683105,0.7529247505969332,0.24678896829421057,0,0,0,0.12,0.01,0.0,0.01,0.1,0.9,-1.2,0.0,0,0,1,0,0.675,0.2
40,0,-0.34119296073913574,-0.05630102753639221,-0.4715874493122101,0.5248079104559449,0.46253677176069946,0,0,0,0.12,0.01,0.0,0.01,0.1,0.9,-1.2,0.0,0,0,1,0,0.675,0.2
40,1,-0.701642632484436,-0.4237317442893982,-2.5465595722198486,1.190696748199077,-0.22008857339820415,0,0,0,0.12,0.01,0.0,0.01,0.1,0.9,-1.2,0.0,0,0,1,0,0.675,0.2
40,2,-0.18617384135723114,-0.03896266967058182,-0.14270463585853577,-1.5975778052273775,2.5975778052273775,0,0,0,0.12,0.01,0.0,0.01,0.1,0.9,-1.2,0.0,0,0,1,0,0.675,0.2
40,3,-0.3684033453464508,-0.1982019692659378,-1.650138020515442,-1.5806012445578432,2.580601125348554,0,0,0,0.12,0.01,0.0,0.01,0.1,0.9,-1.2,0.0,0,0,1,0,0.675,0.2
40,4,-0.6876322031021118,0.35558533668518066,1.9019604921340942,1.3041973666760374,-0.3042823628994873,0,0,0,0.12,0.01,0.0,0.01,0.1,0.9,-1.2,0.0,0,0,1,0,0.675,0.2
40,5,-0.358149915933609,0.106228306889534,1.0965726375579834,-1.5112491368046495,2.51124889838607,0,0,0,0.12,0.01,0.0,0.01,0.1,0.9,-1.2,0.0,0,0,1,0,0.675,0.2
40,6,-0.5602462887763977,-0.043692801147699356,-2.7385313510894775,2.43709738040598,-1.437098214871007,0,0,0,0.12,0.01,0.0,0.01,0.1,0.9,-1.2,0.0,0,0,1,0,0.675,0.2
40,7,-0.6982437968254089,0.21587784588336945,2.958307981491089,1.0402795656528576,-0.040585635503779215,0,0,0,0.12,0.01,0.0,0.01,0.1,0.9,-1.2,0.0,0,0,1,0,0.675,0.2
41,0,-0.340314120054245,-0.05675116553902626,-0.47545769810676575,0.49512232870236184,0.49213515191897605,0,0,0,0.12,0.01,0.0,0.01,0.1,0.9,-1.2,0.0,0,0,1,0,0.675,0.2
41,1,-0.7024622559547424,-0.424260675907135,-2.590561866760254,1.2522367880621563,-0.2859436915197978,0,0,0,0.12,0.01,0.0,0.01,0.1,0.9,-1.2,0.0,0,0,1,0,0.675,0.2
41,2,-0.18518294394016266,-0.039122357964515686,-0.12836124002933502,-1.5561332992066124,2.5561332992066124,0,0,0,0.12,0.01,0.0,0.01,0.1,0.9,-1.2,0.0,0,0,1,0,0.675,0.2
41,3,-0.3684873580932617,-0.1991957575082779,-1.6024943590164185,-1.3792158071810174,2.379215687971728,0,0,0,0.12,0.01,0.0,0.01,0.1,0.9,-1.2,0.0,0,0,1,0,0.675,0.2
41,4,-0.6879749298095703,0.356527179479599,1.927339792251587,1.630404017296438,-0.6304943779379176,0,0,0,0.12,0.01,0.0,0.01,0.1,0.9,-1.2,0.0,0,0,1,0,0.675,0.2
41,5,-0.35767924785614014,0.10711051523685455,1.1096111536026,-1.4706880769901103,2.470687838571531,0,0,0,0.12,0.01,0.0,0.01,0.1,0.9,-1.2,0.0,0,0,1,0,0.675,0.2
41,6,-0.5611757040023804,-0.044059328734874725,-2.843437910079956,1.4422819928649615,-0.44228276772534353,0,0,0,0.12,0.01,0.0,0.01,0.1,0.9,-1.2,0.0,0,0,1,0,0.675,0.2
41,7,-0.6992267370223999,0.21605803072452545,2.949125051498413,0.8420807017751597,0.1575954065851308,0,0,0,0.12,0.01,0.0,0.01,0.1,0.9,-1.2,0.0,0,0,1,0,0.675,0.2
42,0,-0.3394368886947632,-0.05720432102680206,-0.47799259424209595,0.484608421534459,0.5025589368639786,0,0,0,0.12,0.01,0.0,0.01,0.1,0.9,-1.2,0.0,0,0,1,0,0.675,0.2
42,1,-0.7033020853996277,-0.4247496724128723,-2.6391680240631104,1.3088549310771143,-0.3470273549166833,0,0,0,0.12,0.01,0.0,0.01,0.1,0.9,-1.2,0.0,0,0,1,0,0.675,0.2
42,2,-0.18418699502944946,-0.0392066091299057,0.0003304017009213567,-0.11214108371373019,1.1121410837137302,0,0,0,0.12,0.01,0.0,0.01,0.1,0.9,-1.2,0.0,0,0,1,0,0.675,0.2
42,3,-0.36847272515296936,-0.2001960426568985,-1.4679980278015137,0.8081392015121612,0.19186067927854925,0,0,0,0.12,0.01,0.0,0.01,0.1,0.9,-1.2,0.0,0,0,1,0,0.675,0.2
42,4,-0.6883159279823303,0.3574669063091278,1.8850077390670776,1.1994733887952924,-0.19956446469250902,0,0,0,0.12,0.01,0.0,0.01,0.1,0.9,-1.2,0.0,0,0,1,0,0.675,0.2
42,5,-0.35726892948150635,0.10802291333675385,1.2322025299072266,-0.1397691522295008,1.1397689138109217,0,0,0,0.12,0.01,0.0,0.01,0.1,0.9,-1.2,0.0,0,0,1,0,0.675,0.2
42,6,-0.5621492266654968,-0.044301241636276245,-2.9783737659454346,-0.9482039118070834,1.948203017737412,0,0,0,0.12,0.01,0.0,0.01,0.1,0.9,-1.2,0.0,0,0,1,0,0.675,0.2
42,7,-0.7002052664756775,0.2162616103887558,2.915201187133789,0.33788313766091166,0.6617743144455641,0,0,0,0.12,0.01,0.0,0.01,0.1,0.9,-1.2,0.0,0,0,1,0,0.675,0.2
43,0,-0.3385605216026306,-0.05765895918011665,-0.47852104902267456,0.5007289976841387,0.48637130548892654,0,0,0,0.12,0.01,0.0,0.01,0.1,0.9,-1.2,0.0,0,0,1,0,0.675,0.2
43,1,-0.7041616439819336,-0.4251940846443176,-2.6922764778137207,1.3557984781244055,-0.3983279418924107,0,0,0,0.12,0.01,0.0,0.01,0.1,0.9,-1.2,0.0,0,0,1,0,0.675,0.2
43,2,-0.18318673968315125,-0.039138924330472946,0.1456315964460373,2.4071409944386537,-1.4071410540432985,0,0,0,0.12,0.01,0.0,0.01,0.1,0.9,-1.2,0.0,0,0,1,0,0.675,0.2
43,3,-0.36830687522888184,-0.20119796693325043,-1.3319103717803955,2.5030935423778176,-1.503093661587107,0,0,0,0.12,0.01,0.0,0.01,0.1,0.9,-1.2,0.0,0,0,1,0,0.675,0.2
43,4,-0.6885972619056702,0.3584272265434265,1.810178279876709,0.23021088741114484,0.7696962485522951,0,0,0,0.12,0.01,0.0,0.01,0.1,0.9,-1.2,0.0,0,0,1,0,0.675,0.2
43,5,-0.35699063539505005,0.10898734629154205,1.3714447021484375,2.224931957226533,-1.224932195645112,0,0,0,0.12,0.01,0.0,0.01,0.1,0.9,-1.2,0.0,0,0,1,0,0.675,0.2
43,6,-0.5631428360939026,-0.04442062973976135,-3.058424949645996,-1.4797476152972346,2.4797465424136287,0,0,0,0.12,0.01,0.0,0.01,0.1,0.9,-1.2,0.0,0,0,1,0,0.675,0.2
43,7,-0.701175332069397,0.2164997011423111,2.8883543014526367,-0.06059673347957664,1.0602327279139332,0,0,0,0.12,0.01,0.0,0.01,0.1,0.9,-1.2,0.0,0,0,1,0,0.675,0.2
44,0,-0.33768418431282043,-0.058113470673561096,-0.4780295789241791,0.5302649226964117,0.456803670805633,0,0,0,0.12,0.01,0.0,0.01,0.1,0.9,-1.2,0.0,0,0,1,0,0.675,0.2
44,1,-0.7050400972366333,-0.42558935284614563,-2.749584913253784,1.3848438286631566,-0.43120754002027323,0,0,0,0.12,0.01,0.0,0.01,0.1,0.9,-1.2,0.0,0,0,1,0,0.675,0.2
44,2,-0.1822075992822647,-0.03894899785518646,0.21102282404899597,2.626440574179768,-1.6264406337844126,0,0,0,0.12,0.01,0.0,0.01,0.1,0.9,-1.2,0.0,0,0,1,0,0.675,0.2
44,3,-0.3680465519428253,-0.20216600596904755,-1.323072075843811,2.53708646965242,-1.5370865888617093,0,0,0,0.12,0.01,0.0,0.01,0.1,0.9,-1.2,0.0,0,0,1,0,0.675,0.2
44,4,-0.6888059973716736,0.3594057559967041,1.7550075054168701,-0.41544347371242046,1.4153459009089233,0,0,0,0.12,0.01,0.0,0.01,0.1,0.9,-1.2,0.0,0,0,1,0,0.675,0.2
44,5,-0.35683220624923706,0.10997255891561508,1.4365640878677368,2.5397312675824883,-1.5397315656057122,0,0,0,0.12,0.01,0.0,0.01,0.1,0.9,-1.2,0.0,0,0,1,0,0.675,0.2
44,6,-0.5641400814056396,-0.044514287263154984,-2.9898200035095215,-1.0598812561831041,2.0598802429041427,0,0,0,0.12,0.01,0.0,0.01,0.1,0.9,-1.2,0.0,0,0,1,0,0.675,0.2
44,7,-0.7021421194076538,0.21675294637680054,2.892648220062256,-0.08745384169106711,1.0870723719645048,0,0,0,0.12,0.01,0.0,0.01,0.1,0.9,-1.2,0.0,0,0,1,0,0.675,0.2
45,0,-0.3368077278137207,-0.0585675984621048,-0.4783146381378174,0.5484937330362034,0.4385437468412685,0,0,0,0.12,0.01,0.0,0.01,0.1,0.9,-1.2,0.0,0,0,1,0,0.675,0.2
45,1,-0.705936074256897,-0.42593103647232056,-2.8104779720306396,1.3851187141355392,-0.43427222089136797,0,0,0,0.12,0.01,0.0,0.01,0.1,0.9,-1.2,0.0,0,0,1,0,0.675,0.2
45,2,-0.1812291145324707,-0.03876083344221115,0.1120993122458458,2.0967055734573194,-1.0967056330619642,0,0,0,0.12,0.01,0.0,0.01,0.1,0.9,-1.2,0.0,0,0,1,0,0.675,0.2
45,3,-0.36783790588378906,-0.20314323902130127,-1.4402716159820557,1.4828022118124267,-0.48280233102171616,0,0,0,0.12,0.01,0.0,0.01,0.1,0.9,-1.2,0.0,0,0,1,0,0.675,0.2
45,4,-0.688982367515564,0.3603898882865906,1.7604018449783325,-0.29641356072570324,1.296313842154994,0,0,0,0.12,0.01,0.0,0.01,0.1,0.9,-1.2,0.0,0,0,1,0,0.675,0.2
45,5,-0.35668033361434937,0.11096379905939102,1.3481131792068481,1.9331012604062878,-0.9331014988248667,0,0,0,0.12,0.01,0.0,0.01,0.1,0.9,-1.2,0.0,0,0,1,0,0.675,0.2
45,6,-0.5651338696479797,-0.04472283646464348,-2.857510805130005,1.1718935661579513,-0.17189463904155722,0,0,0,0.12,0.01,0.0,0.01,0.1,0.9,-1.2,0.0,0,0,1,0,0.675,0.2
45,7,-0.7031137943267822,0.21698783338069916,2.926403760910034,0.22304752353898255,0.7765568804336432,0,0,0,0.12,0.01,0.0,0.01,0.1,0.9,-1.2,0.0,0,0,1,0,0.675,0.2
46,0,-0.33593183755874634,-0.0590226948261261,-0.48049280047416687,0.5422499935458659,0.44470916582837106,0,0,0,0.12,0.01,0.0,0.01,0.1,0.9,-1.2,0.0,0,0,1,0,0.675,0.2
46,1,-0.7068477272987366,-0.4262153208255768,-2.8737971782684326,1.3477203742664061,-0.3983929649989808,0,0,0,0.12,0.01,0.0,0.01,0.1,0.9,-1.2,0.0,0,0,1,0,0.675,0.2
46,2,-0.1802280694246292,-0.03870667517185211,-0.03453807160258293,-0.8749779444624548,1.8749778848578098,0,0,0,0.12,0.01,0.0,0.01,0.1,0.9,-1.2,0.0,0,0,1,0,0.675,0.2
46,3,-0.3677702844142914,-0.20414386689662933,-1.583135962486267,-1.1557019998441658,2.155701880634876,0,0,0,0.12,0.01,0.0,0.01,0.1,0.9,-1.2,0.0,0,0,1,0,0.675,0.2
46,4,-0.6891915202140808,0.361368864774704,1.8156803846359253,0.5038203292856906,0.4960784620274806,0,0,0,0.12,0.01,0.0,0.01,0.1,0.9,-1.2,0.0,0,0,1,0,0.675,0.2
46,5,-0.3563995659351349,0.11193903535604477,1.208552360534668,-0.7449787170057192,1.7449784785871398,0,0,0,0.12,0.01,0.0,0.01,0.1,0.9,-1.2,0.0,0,0,1,0,0.675,0.2
46,6,-0.566089928150177,-0.04506177082657814,-2.7415659427642822,2.402984384797298,-1.402985696099483,0,0,0,0.12,0.01,0.0,0.01,0.1,0.9,-1.2,0.0,0,0,1,0,0.675,0.2
46,7,-0.7040945291519165,0.2171826958656311,2.9672625064849854,0.6266583920525162,0.372927057643071,0,0,0,0.12,0.01,0.0,0.01,0.1,0.9,-1.2,0.0,0,0,1,0,0.675,0.2
47,0,-0.3350573182106018,-0.05948042869567871,-0.48410657048225403,0.5172614252410386,0.46957691551823877,0,0,0,0.12,0.01,0.0,0.01,0.1,0.9,-1.2,0.0,0,0,1,0,0.675,0.2
47,1,-0.7077727913856506,-0.42643967270851135,-2.9376399517059326,1.2675303136336167,-0.318631223343547,0,0,0,0.12,0.01,0.0,0.01,0.1,0.9,-1.2,0.0,0,0,1,0,0.675,0.2
47,2,-0.17921330034732819,-0.03879813477396965,-0.15525223314762115,-1.6279974311944871,2.6279973715898426,0,0,0,0.12,0.01,0.0,0.01,0.1,0.9,-1.2,0.0,0,0,1,0,0.675,0.2
47,3,-0.3678309917449951,-0.20514385402202606,-1.6677026748657227,-1.5793002380690382,2.579300059255104,0,0,0,0.12,0.01,0.0,0.01,0.1,0.9,-1.2,0.0,0,0,1,0,0.675,0.2
47,4,-0.6894627213478088,0.3623347282409668,1.8733806610107422,1.3255578608399388,-0.32566479157266565,0,0,0,0.12,0.01,0.0,0.01,0.1,0.9,-1.2,0.0,0,0,1,0,0.675,0.2
47,5,-0.3559899926185608,0.11286419630050659,1.0990242958068848,-1.5553765987024626,2.555376241074594,0,0,0,0.12,0.01,0.0,0.01,0.1,0.9,-1.2,0.0,0,0,1,0,0.675,0.2
47,6,-0.5670056939125061,-0.045463405549526215,-2.757692337036133,2.3178550236011897,-1.3178563945080193,0,0,0,0.12,0.01,0.0,0.01,0.1,0.9,-1.2,0.0,0,0,1,0,0.675,0.2
47,7,-0.7050814628601074,0.21734166145324707,2.991053581237793,0.8189249162328188,0.18063698962808208,0,0,0,0.12,0.01,0.0,0.01,0.1,0.9,-1.2,0.0,0,0,1,0,0.675,0.2
48,0,-0.3341846168041229,-0.05994141101837158,-0.48762640357017517,0.4926875364934376,0.49400727628122065,0,0,0,0.12,0.01,0.0,0.01,0.1,0.9,-1.2,0.0,0,0,1,0,0.675,0.2
48,1,-0.7087084650993347,-0.42660394310951233,-2.999440908432007,1.1459051705562198,-0.19681319963565716,0,0,0,0.12,0.01,0.0,0.01,0.1,0.9,-1.2,0.0,0,0,1,0,0.675,0.2
48,2,-0.17822347581386566,-0.038956418633461,-0.10008032619953156,-1.4554503207819198,2.4554502611772753,0,0,0,0.12,0.01,0.0,0.01,0.1,0.9,-1.2,0.0,0,0,1,0,0.675,0.2
48,3,-0.3679172694683075,-0.20613913238048553,-1.5881954431533813,-1.1527634436330658,2.1527632648191313,0,0,0,0.12,0.01,0.0,0.01,0.1,0.9,-1.2,0.0,0,0,1,0,0.675,0.2
48,4,-0.6897730827331543,0.36328554153442383,1.8843342065811157,1.4956491814493926,-0.49576111897228076,0,0,0,0.12,0.01,0.0,0.01,0.1,0.9,-1.2,0.0,0,0,1,0,0.675,0.2
48,5,-0.3555348813533783,0.11375386267900467,1.1492300033569336,-1.358747550453754,2.35874725243053,0,0,0,0.12,0.01,0.0,0.01,0.1,0.9,-1.2,0.0,0,0,1,0,0.675,0.2
48,6,-0.5679463744163513,-0.04580364376306534,-2.8743016719818115,0.8706609635721365,0.12933772512567848,0,0,0,0.12,0.01,0.0,0.01,0.1,0.9,-1.2,0.0,0,0,1,0,0.675,0.2
48,7,-0.7060699462890625,0.2174888402223587,2.9878034591674805,0.6936347796368453,0.3059041188311724,0,0,0,0.12,0.01,0.0,0.01,0.1,0.9,-1.2,0.0,0,0,1,0,0.675,0.2
49,0,-0.33331334590911865,-0.060404881834983826,-0.48966333270072937,0.48863709927441523,0.49791764258502086,0,0,0,0.12,0.01,0.0,0.01,0.1,0.9,-1.2,0.0,0,0,1,0,0.675,0.2
49,1,-0.7096515893936157,-0.4267110824584961,-3.056227445602417,0.9930163352099435,-0.043605300625898166,0,0,0,0.12,0.01,0.0,0.01,0.1,0.9,-1.2,0.0,0,0,1,0,0.675,0.2
49,2,-0.17722398042678833,-0.039007771760225296,0.039187293499708176,0.6796856313413911,0.32031430905396396,0,0,0,0.12,0.01,0.0,0.01,0.1,0.9,-1.2,0.0,0,0,1,0,0.675,0.2
49,3,-0.36788105964660645,-0.2071409374475479,-1.447553277015686,1.4913682859970334,-0.4913684648109677,0,0,0,0.12,0.01,0.0,0.01,0.1,0.9,-1.2,0.0,0,0,1,0,0.675,0.2
49,4,-0.690069317817688,0.3642403185367584,1.8378818035125732,0.9914832164416822,0.008404011570402586,0,0,0,0.12,0.01,0.0,0.01,0.1,0.9,-1.2,0.0,0,0,1,0,0.675,0.2
49,5,-0.3551701307296753,0.11468686163425446,1.2825195789337158,0.5537749662022272,0.446224735774549,0,0,0,0.12,0.01,0.0,0.01,0.1,0.9,-1.2,0.0,0,0,1,0,0.675,0.2
49,6,-0.568926215171814,-0.04601796343922615,-3.0033648014068604,-1.1403942075453206,2.1403926578245565,0,0,0,0.12,0.01,0.0,0.01,0.1,0.9,-1.2,0.0,0,0,1,0,0.675,0.2
49,7,-0.7070565223693848,0.21764905750751495,2.9680891036987305,0.3760023408730781,0.6235140270392143,0,0,0,0.12,0.01,0.0,0.01,0.1,0.9,-1.2,0.0,0,0,1,0,0.675,0.2
50,0,-0.3324427604675293,-0.06086933985352516,-0.48996588587760925,0.5072631765139582,0.47917581312532403,0,0,0,0.12,0.01,0.0,0.01,0.1,0.9,-1.2,0.0,0,0,1,0,0.675,0.2
50,1,-0.7105989456176758,-0.4267674684524536,-3.105048656463623,0.8260036296841164,0.12356803941759856,0,0,0,0.12,0.01,0.0,0.01,0.1,0.9,-1.2,0.0,0,0,1,0,0.675,0.2
50,2,-0.17622171342372894,-0.0389045849442482,0.17997528612613678,2.5150296459804005,-1.5150297055850448,0,0,0,0.12,0.01,0.0,0.01,0.1,0.9,-1.2,0.0,0,0,1,0,0.675,0.2
50,3,-0.3676995635032654,-0.2081460952758789,-1.324439287185669,2.556055261519075,-1.5560554999376544,0,0,0,0.12,0.01,0.0,0.01,0.1,0.9,-1.2,0.0,0,0,1,0,0.675,0.2
50,4,-0.6903071403503418,0.36521226167678833,1.7703336477279663,0.12904267218238108,0.870841873620689,0,0,0,0.12,0.01,0.0,0.01,0.1,0.9,-1.2,0.0,0,0,1,0,0.675,0.2
50,5,-0.35494011640548706,0.11566358804702759,1.416013240814209,2.382200317909003,-1.382200675536872,0,0,0,0.12,0.01,0.0,0.01,0.1,0.9,-1.2,0.0,0,0,1,0,0.675,0.2
50,6,-0.5699194073677063,-0.046123214066028595,-3.05037260055542,-1.4186218837297353,2.418620035985747,0,0,0,0.12,0.01,0.0,0.01,0.1,0.9,-1.2,0.0,0,0,1,0,0.675,0.2
50,7,-0.7080395817756653,0.21782973408699036,2.952711343765259,0.11818022630248454,0.881313551449438,0,0,0,0.12,0.01,0.0,0.01,0.1,0.9,-1.2,0.0,0,0,1,0,0.675,0.2
51,0,-0.3315722346305847,-0.06133359670639038,-0.4896868169307709,0.533679619886252,0.45267401590171186,0,0,0,0.12,0.01,0.0,0.01,0.1,0.9,-1.2,0.0,0,0,1,0,0.675,0.2
51,1,-0.7115480899810791,-0.4267820715904236,3.1396210193634033,0.6634777387189105,0.286029855389671,0,0,0,0.12,0.01,0.0,0.01,0.1,0.9,-1.2,0.0,0,0,1,0,0.675,0.2
51,2,-0.17524094879627228,-0.038697950541973114,0.19714072346687317,2.5635253991957243,-1.563525458800369,0,0,0,0.12,0.01,0.0,0.01,0.1,0.9,-1.2,0.0,0,0,1,0,0.675,0.2
51,3,-0.3674464225769043,-0.20911461114883423,-1.357256531715393,2.4370026735324886,-1.4370028523464229,0,0,0,0.12,0.01,0.0,0.01,0.1,0.9,-1.2,0.0,0,0,1,0,0.675,0.2
51,4,-0.6904832124710083,0.3661968410015106,1.7287472486495972,-0.33397151956848165,1.333851237395325,0,0,0,0.12,0.01,0.0,0.01,0.1,0.9,-1.2,0.0,0,0,1,0,0.675,0.2
51,5,-0.3548124134540558,0.11665894836187363,1.4385284185409546,2.4722983824874674,-1.472298740115336,0,0,0,0.12,0.01,0.0,0.01,0.1,0.9,-1.2,0.0,0,0,1,0,0.675,0.2
51,6,-0.5709164142608643,-0.04623383283615112,-2.9629924297332764,-0.7096779967857895,1.709676208646446,0,0,0,0.12,0.01,0.0,0.01,0.1,0.9,-1.2,0.0,0,0,1,0,0.675,0.2
51,7,-0.7090210914611816,0.21801841259002686,2.9569432735443115,0.08973174500150122,0.9097428400548037,0,0,0,0.12,0.01,0.0,0.01,0.1,0.9,-1.2,0.0,0,0,1,0,0.675,0.2
52,0,-0.3307017982006073,-0.06179773807525635,-0.49041232466697693,0.5455748651241537,0.4406791116977457,0,0,0,0.12,0.01,0.0,0.01,0.1,0.9,-1.2,0.0,0,0,1,0,0.675,0.2
52,1,-0.7124972343444824,-0.4267655313014984,3.1126341819763184,0.5208098514687,0.42856857937465326,0,0,0,0.12,0.01,0.0,0.01,0.1,0.9,-1.2,0.0,0,0,1,0,0.675,0.2
52,2,-0.17425505816936493,-0.03853758051991463,0.08104343712329865,1.4982226651973007,-0.4982227248019457,0,0,0,0.12,0.01,0.0,0.01,0.1,0.9,-1.2,0.0,0,0,1,0,0.675,0.2
52,3,-0.3672787845134735,-0.210100919008255,-1.4870126247406006,0.7527575773239481,0.24724224386211763,0,0,0,0.12,0.01,0.0,0.01,0.1,0.9,-1.2,0.0,0,0,1,0,0.675,0.2
52,4,-0.6906383037567139,0.3671841025352478,1.7427095174789429,-0.10782724020215627,1.1077049314710774,0,0,0,0.12,0.01,0.0,0.01,0.1,0.9,-1.2,0.0,0,0,1,0,0.675,0.2
52,5,-0.35465189814567566,0.11765238642692566,1.33145272731781,1.3937020351238814,-0.3937023927517499,0,0,0,0.12,0.01,0.0,0.01,0.1,0.9,-1.2,0.0,0,0,1,0,0.675,0.2
52,6,-0.5719042420387268,-0.0464690700173378,-2.8314616680145264,1.585621753042236,-0.585623660390869,0,0,0,0.12,0.01,0.0,0.01,0.1,0.9,-1.2,0.0,0,0,1,0,0.675,0.2
52,7,-0.7100051045417786,0.2181938737630844,2.980116128921509,0.27501033126836333,0.7244462531852194,0,0,0,0.12,0.01,0.0,0.01,0.1,0.9,-1.2,0.0,0,0,1,0,0.675,0.2
53,0,-0.3298321068286896,-0.0622631274163723,-0.4928945004940033,0.5351623815105,0.4509441334202251,0,0,0,0.12,0.01,0.0,0.01,0.1,0.9,-1.2,0.0,0,0,1,0,0.675,0.2
53,1,-0.7134458422660828,-0.4267289638519287,3.0971107482910156,0.411820051313737,0.5374634889351338,0,0,0,0.12,0.01,0.0,0.01,0.1,0.9,-1.2,0.0,0,0,1,0,0.675,0.2
53,2,-0.17325255274772644,-0.03852009028196335,-0.06348703056573868,-1.2465963393615407,2.246596279756896,0,0,0,0.12,0.01,0.0,0.01,0.1,0.9,-1.2,0.0,0,0,1,0,0.675,0.2
53,3,-0.36725637316703796,-0.21110324561595917,-1.6249220371246338,-1.3552619612462384,2.355261722827659,0,0,0,0.12,0.01,0.0,0.01,0.1,0.9,-1.2,0.0,0,0,1,0,0.675,0.2
53,4,-0.6908289194107056,0.36816662549972534,1.7948096990585327,0.655486508763887,0.3443885599006638,0,0,0,0.12,0.01,0.0,0.01,0.1,0.9,-1.2,0.0,0,0,1,0,0.675,0.2
53,5,-0.354355126619339,0.11862403899431229,1.1934740543365479,-1.116317412063381,2.116317054435512,0,0,0,0.12,0.01,0.0,0.01,0.1,0.9,-1.2,0.0,0,0,1,0,0.675,0.2
53,6,-0.5728504061698914,-0.046826235949993134,-2.7362217903137207,2.404918513748299,-1.4049209575387345,0,0,0,0.12,0.01,0.0,0.01,0.1,0.9,-1.2,0.0,0,0,1,0,0.675,0.2
53,7,-0.7109937071800232,0.21834179759025574,3.0085058212280273,0.5205833184866403,0.4788509738297964,0,0,0,0.12,0.01,0.0,0.01,0.1,0.9,-1.2,0.0,0,0,1,0,0.675,0.2
54,0,-0.3289639949798584,-0.06273126602172852,-0.49642372131347656,0.5114490479074959,0.47447185815939874,0,0,0,0.12,0.01,0.0,0.01,0.1,0.9,-1.2,0.0,0,0,1,0,0.675,0.2
54,1,-0.7143939733505249,-0.42668262124061584,3.091869592666626,0.3454054584796251,0.6038325438206372,0,0,0,0.12,0.01,0.0,0.01,0.1,0.9,-1.2,0.0,0,0,1,0,0.675,0.2
54,2,-0.17224742472171783,-0.038633354008197784,-0.149348184466362,-1.6192503969235181,2.6192503373188734,0,0,0,0.12,0.01,0.0,0.01,0.1,0.9,-1.2,0.0,0,0,1,0,0.675,0.2
54,3,-0.3673456311225891,-0.21209827065467834,-1.6667892932891846,-1.5295585703567596,2.5295583319381807,0,0,0,0.12,0.01,0.0,0.01,0.1,0.9,-1.2,0.0,0,0,1,0,0.675,0.2
54,4,-0.6910752654075623,0.3691384792327881,1.840748906135559,1.3017109358005228,-0.3018424236468974,0,0,0,0.12,0.01,0.0,0.01,0.1,0.9,-1.2,0.0,0,0,1,0,0.675,0.2
54,5,-0.3539425730705261,0.11954473704099655,1.115384578704834,-1.5505815568843269,2.5505810800471687,0,0,0,0.12,0.01,0.0,0.01,0.1,0.9,-1.2,0.0,0,0,1,0,0.675,0.2
54,6,-0.5737689733505249,-0.047219883650541306,-2.780498504638672,2.1398969956142597,-1.1398994394046953,0,0,0,0.12,0.01,0.0,0.01,0.1,0.9,-1.2,0.0,0,0,1,0,0.675,0.2
54,7,-0.71198570728302,0.21846388280391693,3.026888132095337,0.6481337618846406,0.3512739467602264,0,0,0,0.12,0.01,0.0,0.01,0.1,0.9,-1.2,0.0,0,0,1,0,0.675,0.2
55,0,-0.32809773087501526,-0.06320246309041977,-0.49953916668891907,0.49369885314021955,0.4920098007866298,0,0,0,0.12,0.01,0.0,0.01,0.1,0.9,-1.2,0.0,0,0,1,0,0.675,0.2
55,1,-0.7153419852256775,-0.42663535475730896,3.094757080078125,0.324648587943924,0.6245174715500946,0,0,0,0.12,0.01,0.0,0.01,0.1,0.9,-1.2,0.0,0,0,1,0,0.675,0.2
55,2,-0.17125622928142548,-0.03877045959234238,-0.06491293758153915,-1.2556284127705843,2.25562835316594,0,0,0,0.12,0.01,0.0,0.01,0.1,0.9,-1.2,0.0,0,0,1,0,0.675,0.2
55,3,-0.36741551756858826,-0.2130943089723587,-1.5658347606658936,-0.7211305263841573,1.7211302879655783,0,0,0,0.12,0.01,0.0,0.01,0.1,0.9,-1.2,0.0,0,0,1,0,0.675,0.2
55,4,-0.6913489103317261,0.37010031938552856,1.8405356407165527,1.3484390542176201,-0.34857519122628716,0,0,0,0.12,0.01,0.0,0.01,0.1,0.9,-1.2,0.0,0,0,1,0,0.675,0.2
55,5,-0.3535156846046448,0.12044800817966461,1.1939842700958252,-1.1499013007927552,2.1499008835602416,0,0,0,0.12,0.01,0.0,0.01,0.1,0.9,-1.2,0.0,0,0,1,0,0.675,0.2
55,6,-0.5747213959693909,-0.04752875491976738,-2.9030063152313232,0.34606314707001656,0.6539343495349028,0,0,0,0.12,0.01,0.0,0.01,0.1,0.9,-1.2,0.0,0,0,1,0,0.675,0.2
55,7,-0.7129788994789124,0.2185746431350708,3.0288639068603516,0.5887862329619947,0.4105948324066576,0,0,0,0.12,0.01,0.0,0.01,0.1,0.9,-1.2,0.0,0,0,1,0,0.675,0.2
56,0,-0.3272327780723572,-0.06367573142051697,-0.5011789798736572,0.4964073666616717,0.48909445914780697,0,0,0,0.12,0.01,0.0,0.01,0.1,0.9,-1.2,0.0,0,0,1,0,0.675,0.2
56,1,-0.716290295124054,-0.4265938103199005,3.1029045581817627,0.34435509040556184,0.6046334068516708,0,0,0,0.12,0.01,0.0,0.01,0.1,0.9,-1.2,0.0,0,0,1,0,0.675,0.2
56,2,-0.17025445401668549,-0.03878123685717583,0.07905218005180359,1.2042558848013916,-0.20425600401068109,0,0,0,0.12,0.01,0.0,0.01,0.1,0.9,-1.2,0.0,0,0,1,0,0.675,0.2
56,3,-0.3673509359359741,-0.214095339179039,-1.4252017736434937,1.9615455034826046,-0.9615457419011836,0,0,0,0.12,0.01,0.0,0.01,0.1,0.9,-1.2,0.0,0,0,1,0,0.675,0.2
56,4,-0.6915991306304932,0.3710682988166809,1.7933019399642944,0.8157006669527336,0.18416194434105926,0,0,0,0.12,0.01,0.0,0.01,0.1,0.9,-1.2,0.0,0,0,1,0,0.675,0.2
56,5,-0.35320019721984863,0.12139985710382462,1.332209825515747,1.2187114521265463,-0.2187118693590598,0,0,0,0.12,0.01,0.0,0.01,0.1,0.9,-1.2,0.0,0,0,1,0,0.675,0.2
56,6,-0.5757068395614624,-0.04771368205547333,-3.0220236778259277,-1.2216166295366273,2.2216135896997438,0,0,0,0.12,0.01,0.0,0.01,0.1,0.9,-1.2,0.0,0,0,1,0,0.675,0.2
56,7,-0.7139716148376465,0.21868963539600372,3.0202252864837646,0.2656903695094037,0.7334327269566607,0,0,0,0.12,0.01,0.0,0.01,0.1,0.9,-1.2,0.0,0,0,1,0,0.675,0.2
57,0,-0.32636842131614685,-0.06414967775344849,-0.5014911890029907,0.517215048124935,0.46810206289038475,0,0,0,0.12,0.01,0.0,0.01,0.1,0.9,-1.2,0.0,0,0,1,0,0.675,0.2
57,1,-0.7172389030456543,-0.4265615940093994,3.113147020339966,0.39053564348827147,0.5581520291267799,0,0,0,0.12,0.01,0.0,0.01,0.1,0.9,-1.2,0.0,0,0,1,0,0.675,0.2
57,2,-0.16924768686294556,-0.03864269331097603,0.20850668847560883,2.5321794101471577,-1.5321795293564473,0,0,0,0.12,0.01,0.0,0.01,0.1,0.9,-1.2,0.0,0,0,1,0,0.675,0.2
57,3,-0.3671532869338989,-0.21509358286857605,-1.327347755432129,2.5657117284263746,-1.5657120860542435,0,0,0,0.12,0.01,0.0,0.01,0.1,0.9,-1.2,0.0,0,0,1,0,0.675,0.2
57,4,-0.6917935609817505,0.3720496892929077,1.7343679666519165,0.08264798119611057,0.9172110538189957,0,0,0,0.12,0.01,0.0,0.01,0.1,0.9,-1.2,0.0,0,0,1,0,0.675,0.2
57,5,-0.35301873087882996,0.12238604575395584,1.4537997245788574,2.462195919149473,-1.4621963959866309,0,0,0,0.12,0.01,0.0,0.01,0.1,0.9,-1.2,0.0,0,0,1,0,0.675,0.2
57,6,-0.5767051577568054,-0.047810859978199005,-3.0359606742858887,-1.3024133596112115,2.3024099025418145,0,0,0,0.12,0.01,0.0,0.01,0.1,0.9,-1.2,0.0,0,0,1,0,0.675,0.2
57,7,-0.7149631977081299,0.21881437301635742,3.013127326965332,0.11975365518108265,0.8793450033806238,0,0,0,0.12,0.01,0.0,0.01,0.1,0.9,-1.2,0.0,0,0,1,0,0.675,0.2
58,0,-0.3255043029785156,-0.06462357938289642,-0.5017213225364685,0.5402730469140877,0.4448860521879325,0,0,0,0.12,0.01,0.0,0.01,0.1,0.9,-1.2,0.0,0,0,1,0,0.675,0.2
58,1,-0.718187689781189,-0.4265393018722534,3.122568368911743,0.44328707368367265,0.5050448784113591,0,0,0,0.12,0.01,0.0,0.01,0.1,0.9,-1.2,0.0,0,0,1,0,0.675,0.2
58,2,-0.16827067732810974,-0.03842007741332054,0.19329328835010529,2.4646341876383664,-1.464634306847656,0,0,0,0.12,0.01,0.0,0.01,0.1,0.9,-1.2,0.0,0,0,1,0,0.675,0.2
58,3,-0.36691635847091675,-0.2160651683807373,-1.3926483392715454,2.2762695376035564,-1.2762698356267803,0,0,0,0.12,0.01,0.0,0.01,0.1,0.9,-1.2,0.0,0,0,1,0,0.675,0.2
58,4,-0.6919382810592651,0.3730390965938568,1.7047250270843506,-0.2290447362739898,1.2288990625221587,0,0,0,0.12,0.01,0.0,0.01,0.1,0.9,-1.2,0.0,0,0,1,0,0.675,0.2
58,5,-0.35291531682014465,0.12338362634181976,1.4360040426254272,2.3617397426722246,-1.3617402195093828,0,0,0,0.12,0.01,0.0,0.01,0.1,0.9,-1.2,0.0,0,0,1,0,0.675,0.2
58,6,-0.5777027606964111,-0.04794260486960411,-2.9366095066070557,-0.2535940371753901,1.2535906397106378,0,0,0,0.12,0.01,0.0,0.01,0.1,0.9,-1.2,0.0,0,0,1,0,0.675,0.2
58,7,-0.7159544825553894,0.21893952786922455,3.0250110626220703,0.17723539589641485,0.8218450832486353,0,0,0,0.12,0.01,0.0,0.01,0.1,0.9,-1.2,0.0,0,0,1,0,0.675,0.2
59,0,-0.3246406018733978,-0.065097875893116,-0.5031672716140747,0.5476612688563127,0.4373138903119307,0,0,0,0.12,0.01,0.0,0.01,0.1,0.9,-1.2,0.0,0,0,1,0,0.675,0.2
59,1,-0.7191363573074341,-0.42652490735054016,3.129110097885132,0.4843074241129206,0.4637754997762396,0,0,0,0.12,0.01,0.0,0.01,0.1,0.9,-1.2,0.0,0,0,1,0,0.675,0.2
59,2,-0.16728253662586212,-0.03826822713017464,0.06890067458152771,0.8728436087256359,0.1271562720650746,0,0,0,0.12,0.01,0.0,0.01,0.1,0.9,-1.2,0.0,0,0,1,0,0.675,0.2
59,3,-0.36678868532180786,-0.21705858409404755,-1.5295374393463135,0.05804464566423186,0.9419550563125444,0,0,0,0.12,0.01,0.0,0.01,0.1,0.9,-1.2,0.0,0,0,1,0,0.675,0.2
59,4,-0.6920725703239441,0.3740294873714447,1.7237486839294434,0.064809044815677,0.9350430760606352,0,0,0,0.12,0.01,0.0,0.01,0.1,0.9,-1.2,0.0,0,0,1,0,0.675,0.2
59,5,-0.3527417480945587,0.12437771260738373,1.3150639533996582,0.7041836386469282,0.2958158845159136,0,0,0,0.12,0.01,0.0,0.01,0.1,0.9,-1.2,0.0,0,0,1,0,0.675,0.2
59,6,-0.5786845684051514,-0.04820001870393753,-2.81052827835083,1.8271716940142446,-0.827175568316155,0,0,0,0.12,0.01,0.0,0.01,0.1,0.9,-1.2,0.0,0,0,1,0,0.675,0.2
59,7,-0.7169480323791504,0.21904560923576355,3.0496292114257812,0.3706359795575785,0.6284257241243673,0,0,0,0.12,0.01,0.0,0.01,0.1,0.9,-1.2,0.0,0,0,1,0,0.675,0.2
60,0,-0.32377803325653076,-0.06557390838861465,-0.5062017440795898,0.5355478474533502,0.4491968801581916,0,0,0,0.12,0.01,0.0,0.01,0.1,0.9,-1.2,0.0,0,0,1,0,0.675,0.2
60,1,-0.7200846672058105,-0.42651504278182983,3.1320295333862305,0.5060126169533591,0.4419565216689249,0,0,0,0.12,0.01,0.0,0.01,0.1,0.9,-1.2,0.0,0,0,1,0,0.675,0.2
60,2,-0.16628007590770721,-0.03826091066002846,-0.07025565207004547,-1.3669690283247236,2.366968909115434,0,0,0,0.12,0.01,0.0,0.01,0.1,0.9,-1.2,0.0,0,0,1,0,0.675,0.2
60,3,-0.3668048083782196,-0.21806053817272186,-1.658456802368164,-1.4483808010598576,2.4483804434319887,0,0,0,0.12,0.01,0.0,0.01,0.1,0.9,-1.2,0.0,0,0,1,0,0.675,0.2
60,4,-0.6922418475151062,0.375015527009964,1.770582675933838,0.751496799827611,0.24835144674679094,0,0,0,0.12,0.01,0.0,0.01,0.1,0.9,-1.2,0.0,0,0,1,0,0.675,0.2
60,5,-0.3524310290813446,0.1253451257944107,1.1822270154953003,-1.3142026802879068,2.314202143846104,0,0,0,0.12,0.01,0.0,0.01,0.1,0.9,-1.2,0.0,0,0,1,0,0.675,0.2
60,6,-0.5796244740486145,-0.048565078526735306,-2.7426960468292236,2.3464003967363944,-1.3464051055033315,0,0,0,0.12,0.01,0.0,0.01,0.1,0.9,-1.2,0.0,0,0,1,0,0.675,0.2
60,7,-0.7179439663887024,0.21912580728530884,3.0730676651000977,0.550237328551619,0.4487988643423629,0,0,0,0.12,0.01,0.0,0.01,0.1,0.9,-1.2,0.0,0,0,1,0,0.675,0.2
61,0,-0.3229173421859741,-0.06605292856693268,-0.5099791884422302,0.5143527906970587,0.4701272922916803,0,0,0,0.12,0.01,0.0,0.01,0.1,0.9,-1.2,0.0,0,0,1,0,0.675,0.2
61,1,-0.7210327982902527,-0.4265064299106598,3.131882667541504,0.5107383118216442,0.4371746196206165,0,0,0,0.12,0.01,0.0,0.01,0.1,0.9,-1.2,0.0,0,0,1,0,0.675,0.2
61,2,-0.16528722643852234,-0.03836822882294655,-0.12002253532409668,-1.5683961660315575,2.5683959872176234,0,0,0,0.12,0.01,0.0,0.01,0.1,0.9,-1.2,0.0,0,0,1,0,0.675,0.2
61,3,-0.36691221594810486,-0.2190527319908142,-1.6581934690475464,-1.4351787118412507,2.435178294608737,0,0,0,0.12,0.01,0.0,0.01,0.1,0.9,-1.2,0.0,0,0,1,0,0.675,0.2
61,4,-0.6924585103988647,0.37599366903305054,1.8053258657455444,1.2434086215479925,-0.2435674083216742,0,0,0,0.12,0.01,0.0,0.01,0.1,0.9,-1.2,0.0,0,0,1,0,0.675,0.2
61,5,-0.35202285647392273,0.1262623816728592,1.1440740823745728,-1.5019812480139845,2.501980592362892,0,0,0,0.12,0.01,0.0,0.01,0.1,0.9,-1.2,0.0,0,0,1,0,0.675,0.2
61,6,-0.5805497169494629,-0.04894227162003517,-2.806896209716797,1.8667173231780103,-0.8667220319449479,0,0,0,0.12,0.01,0.0,0.01,0.1,0.9,-1.2,0.0,0,0,1,0,0.675,0.2
61,7,-0.7189412117004395,0.21918664872646332,3.0848374366760254,0.6026387852151517,0.39636760535644244,0,0,0,0.12,0.01,0.0,0.01,0.1,0.9,-1.2,0.0,0,0,1,0,0.675,0.2
62,0,-0.32205864787101746,-0.06653512269258499,-0.5131915807723999,0.5018215687674025,0.48236317320647454,0,0,0,0.12,0.01,0.0,0.01,0.1,0.9,-1.2,0.0,0,0,1,0,0.675,0.2
62,1,-0.7219806909561157,-0.42649662494659424,3.1299309730529785,0.5071574812623146,0.4406151408461449,0,0,0,0.12,0.01,0.0,0.01,0.1,0.9,-1.2,0.0,0,0,1,0,0.675,0.2
62,2,-0.16429418325424194,-0.03846323862671852,-0.02008700929582119,-0.9133906677252573,1.9133904889113231,0,0,0,0.12,0.01,0.0,0.01,0.1,0.9,-1.2,0.0,0,0,1,0,0.675,0.2
62,3,-0.36696285009384155,-0.2200506329536438,-1.5422310829162598,-0.0799246738955114,1.0799243162676428,0,0,0,0.12,0.01,0.0,0.01,0.1,0.9,-1.2,0.0,0,0,1,0,0.675,0.2
62,4,-0.6926934719085693,0.37696555256843567,1.797300100326538,1.199297264868623,-0.19946034317672845,0,0,0,0.12,0.01,0.0,0.01,0.1,0.9,-1.2,0.0,0,0,1,0,0.675,0.2
62,5,-0.3516329824924469,0.12718258798122406,1.2434135675430298,-0.7714106773634285,1.7714100813169806,0,0,0,0.12,0.01,0.0,0.01,0.1,0.9,-1.2,0.0,0,0,1,0,0.675,0.2
62,6,-0.5815118551254272,-0.04922143369913101,-2.929478645324707,-0.08575327005977658,1.0857482632696154,0,0,0,0.12,0.01,0.0,0.01,0.1,0.9,-1.2,0.0,0,0,1,0,0.675,0.2
62,7,-0.7199386358261108,0.21924172341823578,3.0837926864624023,0.5196697358912229,0.4793079848462343,0,0,0,0.12,0.01,0.0,0.01,0.1,0.9,-1.2,0.0,0,0,1,0,0.675,0.2
63,0,-0.32120153307914734,-0.067019522190094,-0.5150556564331055,0.5077519691313377,0.4761433922921547,0,0,0,0.12,0.01,0.0,0.01,0.1,0.9,-1.2,0.0,0,0,1,0,0.675,0.2
63,1,-0.7229285836219788,-0.4264845550060272,3.127406597137451,0.5028395513448283,0.4446417828646138,0,0,0,0.12,0.01,0.0,0.01,0.1,0.9,-1.2,0.0,0,0,1,0,0.675,0.2
63,2,-0.16329199075698853,-0.038422826677560806,0.12297181785106659,1.827584582637335,-0.8275847614512691,0,0,0,0.12,0.01,0.0,0.01,0.1,0.9,-1.2,0.0,0,0,1,0,0.675,0.2
63,3,-0.36687251925468445,-0.2210521548986435,-1.405418038368225,2.228472612254993,-1.2284730294875066,0,0,0,0.12,0.01,0.0,0.01,0.1,0.9,-1.2,0.0,0,0,1,0,0.675,0.2
63,4,-0.692900538444519,0.377943754196167,1.7519992589950562,0.6794936769773102,0.3203413373659515,0,0,0,0.12,0.01,0.0,0.01,0.1,0.9,-1.2,0.0,0,0,1,0,0.675,0.2
63,5,-0.35136696696281433,0.12814989686012268,1.3816614151000977,1.7336743191666895,-0.7336749152131373,0,0,0,0.12,0.01,0.0,0.01,0.1,0.9,-1.2,0.0,0,0,1,0,0.675,0.2
63,6,-0.5825009346008301,-0.04938181862235069,-3.0322442054748535,-1.2341569852755492,2.2341507863924925,0,0,0,0.12,0.01,0.0,0.01,0.1,0.9,-1.2,0.0,0,0,1,0,0.675,0.2
63,7,-0.7209358215332031,0.21930170059204102,3.0772790908813477,0.3817496811752105,0.6172031844253755,0,0,0,0.12,0.01,0.0,0.01,0.1,0.9,-1.2,0.0,0,0,1,0,0.675,0.2
64,0,-0.32034528255462646,-0.0675048902630806,-0.5159258842468262,0.5272169923461348,0.45641581061712205,0,0,0,0.12,0.01,0.0,0.01,0.1,0.9,-1.2,0.0,0,0,1,0,0.675,0.2
64,1,-0.7238762378692627,-0.426470011472702,3.1250123977661133,0.49982404360512533,0.4472449456717606,0,0,0,0.12,0.01,0.0,0.01,0.1,0.9,-1.2,0.0,0,0,1,0,0.675,0.2
64,2,-0.16228918731212616,-0.03824342414736748,0.23237086832523346,2.567469470600997,-1.5674697090195757,0,0,0,0.12,0.01,0.0,0.01,0.1,0.9,-1.2,0.0,0,0,1,0,0.675,0.2
64,3,-0.366666704416275,-0.22203777730464935,-1.343692421913147,2.5364275724080683,-1.5364281088498715,0,0,0,0.12,0.01,0.0,0.01,0.1,0.9,-1.2,0.0,0,0,1,0,0.675,0.2
64,4,-0.6930558681488037,0.3789318799972534,1.7022678852081299,0.08000952473393919,0.9198211980748987,0,0,0,0.12,0.01,0.0,0.01,0.1,0.9,-1.2,0.0,0,0,1,0,0.675,0.2
64,5,-0.3512294590473175,0.12914204597473145,1.48118257522583,2.486490936744909,-1.486491711605291,0,0,0,0.12,0.01,0.0,0.01,0.1,0.9,-1.2,0.0,0,0,1,0,0.675,0.2
64,6,-0.5834956765174866,-0.049479302018880844,-3.0181548595428467,-1.1352706862466755,2.135263950921816,0,0,0,0.12,0.01,0.0,0.01,0.1,0.9,-1.2,0.0,0,0,1,0,0.675,0.2
64,7,-0.721932590007782,0.21936777234077454,3.0746872425079346,0.2895075425979586,0.7094250574234039,0,0,0,0.12,0.01,0.0,0.01,0.1,0.9,-1.2,0.0,0,0,1,0,0.675,0.2
65,0,-0.31948965787887573,-0.06799077242612839,-0.5169600248336792,0.544821504166998,0.43856823105486475,0,0,0,0.12,0.01,0.0,0.01,0.1,0.9,-1.2,0.0,0,0,1,0,0.675,0.2
65,1,-0.7248236536979675,-0.42645326256752014,3.1229019165039062,0.49432487007841797,0.45234411242738043,0,0,0,0.12,0.01,0.0,0.01,0.1,0.9,-1.2,0.0,0,0,1,0,0.675,0.2
65,2,-0.16131578385829926,-0.03801223263144493,0.1772858053445816,2.318969871277157,-1.3189700500910915,0,0,0,0.12,0.01,0.0,0.01,0.1,0.9,-1.2,0.0,0,0,1,0,0.675,0.2
65,3,-0.3664604127407074,-0.22301572561264038,-1.4329464435577393,1.9922607798609173,-0.9922612566980756,0,0,0,0.12,0.01,0.0,0.01,0.1,0.9,-1.2,0.0,0,0,1,0,0.675,0.2
65,4,-0.6931721568107605,0.3799248933792114,1.6823657751083374,-0.1120760384019078,1.1119021120484531,0,0,0,0.12,0.01,0.0,0.01,0.1,0.9,-1.2,0.0,0,0,1,0,0.675,0.2
65,5,-0.35113874077796936,0.13013771176338196,1.429211974143982,2.1821771630231854,-1.1821778782789223,0,0,0,0.12,0.01,0.0,0.01,0.1,0.9,-1.2,0.0,0,0,1,0,0.675,0.2
65,6,-0.5844900608062744,-0.04963601008057594,-2.9120707511901855,0.20771550018002463,0.7922777048904709,0,0,0,0.12,0.01,0.0,0.01,0.1,0.9,-1.2,0.0,0,0,1,0,0.675,0.2
65,7,-0.7229294180870056,0.2194327563047409,3.081017255783081,0.2928011010662067,0.7061137963756573,0,0,0,0.12,0.01,0.0,0.01,0.1,0.9,-1.2,0.0,0,0,1,0,0.675,0.2
66,0,-0.318634957075119,-0.06847774982452393,-0.5191817879676819,0.5471119682905372,0.43599237989214107,0,0,0,0.12,0.01,0.0,0.01,0.1,0.9,-1.2,0.0,0,0,1,0,0.675,0.2
66,1,-0.7257706522941589,-0.42643460631370544,3.1210074424743652,0.4829412657062464,0.4634717744548864,0,0,0,0.12,0.01,0.0,0.01,0.1,0.9,-1.2,0.0,0,0,1,0,0.675,0.2
66,2,-0.16032302379608154,-0.03788295015692711,0.04219562187790871,0.10246144056946715,0.8975383806165984,0,0,0,0.12,0.01,0.0,0.01,0.1,0.9,-1.2,0.0,0,0,1,0,0.675,0.2
66,3,-0.36637839674949646,-0.22401463985443115,-1.5719155073165894,-0.5121191255130249,1.5121186486758669,0,0,0,0.12,0.01,0.0,0.01,0.1,0.9,-1.2,0.0,0,0,1,0,0.675,0.2
66,4,-0.6932869553565979,0.38091781735420227,1.7034404277801514,0.21017211130466826,0.7896510417142831,0,0,0,0.12,0.01,0.0,0.01,0.1,0.9,-1.2,0.0,0,0,1,0,0.675,0.2
66,5,-0.35094785690307617,0.1311306655406952,1.2996164560317993,0.033290985536206866,0.9667082992080559,0,0,0,0.12,0.01,0.0,0.01,0.1,0.9,-1.2,0.0,0,0,1,0,0.675,0.2
66,6,-0.5854648351669312,-0.04991324618458748,-2.7953107357025146,1.9395928449755753,-0.9396008916026198,0,0,0,0.12,0.01,0.0,0.01,0.1,0.9,-1.2,0.0,0,0,1,0,0.675,0.2
66,7,-0.7239269018173218,0.21948759257793427,3.0944676399230957,0.36972725832473763,0.6291671947239683,0,0,0,0.12,0.01,0.0,0.01,0.1,0.9,-1.2,0.0,0,0,1,0,0.675,0.2
67,0,-0.31778180599212646,-0.06896694004535675,-0.5226777791976929,0.5337079035046182,0.4490635527369895,0,0,0,0.12,0.01,0.0,0.01,0.1,0.9,-1.2,0.0,0,0,1,0,0.675,0.2
67,1,-0.7267171740531921,-0.4264143109321594,3.119450092315674,0.4675173053247811,0.47877211480308746,0,0,0,0.12,0.01,0.0,0.01,0.1,0.9,-1.2,0.0,0,0,1,0,0.675,0.2
67,2,-0.15932098031044006,-0.03789783641695976,-0.08921563625335693,-1.4736204919916454,2.4736202535730665,0,0,0,0.12,0.01,0.0,0.01,0.1,0.9,-1.2,0.0,0,0,1,0,0.675,0.2
67,3,-0.3664327561855316,-0.22501476109027863,-1.684464931488037,-1.4879570442866668,2.4879564482402188,0,0,0,0.12,0.01,0.0,0.01,0.1,0.9,-1.2,0.0,0,0,1,0,0.675,0.2
67,4,-0.6934345960617065,0.3819068670272827,1.7437208890914917,0.7987353468949314,0.2010827397292142,0,0,0,0.12,0.01,0.0,0.01,0.1,0.9,-1.2,0.0,0,0,1,0,0.675,0.2
67,5,-0.3506231904029846,0.1320926994085312,1.1766277551651,-1.4118417684547377,2.4118408743850663,0,0,0,0.12,0.01,0.0,0.01,0.1,0.9,-1.2,0.0,0,0,1,0,0.675,0.2
67,6,-0.5864034295082092,-0.05027769133448601,-2.7553822994232178,2.2375575303925066,-1.237567007531026,0,0,0,0.12,0.01,0.0,0.01,0.1,0.9,-1.2,0.0,0,0,1,0,0.675,0.2
67,7,-0.7249250411987305,0.21952757239341736,3.109027862548828,0.4567549885705375,0.5421135364576913,0,0,0,0.12,0.01,0.0,0.01,0.1,0.9,-1.2,0.0,0,0,1,0,0.675,0.2
68,0,-0.31693074107170105,-0.06945918500423431,-0.5265581011772156,0.5153780992110288,0.46702488111657736,0,0,0,0.12,0.01,0.0,0.01,0.1,0.9,-1.2,0.0,0,0,1,0,0.675,0.2
68,1,-0.7276633977890015,-0.4263928234577179,3.1185991764068604,0.45365626917622986,0.49254410161234446,0,0,0,0.12,0.01,0.0,0.01,0.1,0.9,-1.2,0.0,0,0,1,0,0.675,0.2
68,2,-0.15832899510860443,-0.03800804540514946,-0.09204547852277756,-1.4830601869591102,2.483059888935886,0,0,0,0.12,0.01,0.0,0.01,0.1,0.9,-1.2,0.0,0,0,1,0,0.675,0.2
68,3,-0.36655375361442566,-0.2260056436061859,-1.648369312286377,-1.2973730841346316,2.297372488088184,0,0,0,0.12,0.01,0.0,0.01,0.1,0.9,-1.2,0.0,0,0,1,0,0.675,0.2
68,4,-0.6936202049255371,0.3828904926776886,1.7686291933059692,1.1613532038588517,-0.1615425082106583,0,0,0,0.12,0.01,0.0,0.01,0.1,0.9,-1.2,0.0,0,0,1,0,0.675,0.2
68,5,-0.35022205114364624,0.1330091506242752,1.1794953346252441,-1.4060491979919223,2.406048244317606,0,0,0,0.12,0.01,0.0,0.01,0.1,0.9,-1.2,0.0,0,0,1,0,0.675,0.2
68,6,-0.5873358845710754,-0.05063711479306221,-2.8323214054107666,1.5258971295402315,-0.5259066662833956,0,0,0,0.12,0.01,0.0,0.01,0.1,0.9,-1.2,0.0,0,0,1,0,0.675,0.2
68,7,-0.7259235978126526,0.2195543795824051,3.1192212104797363,0.4979093191707475,0.500929582349028,0,0,0,0.12,0.01,0.0,0.01,0.1,0.9,-1.2,0.0,0,0,1,0,0.675,0.2
69,0,-0.31608179211616516,-0.06995444744825363,-0.5297251343727112,0.5077963322580971,0.4742096215306604,0,0,0,0.12,0.01,0.0,0.01,0.1,0.9,-1.2,0.0,0,0,1,0,0.675,0.2
69,1,-0.7286094427108765,-0.4263709783554077,3.118781805038452,0.4484887418987868,0.4975109996554736,0,0,0,0.12,0.01,0.0,0.01,0.1,0.9,-1.2,0.0,0,0,1,0,0.675,0.2
69,2,-0.15733139216899872,-0.03806295618414879,0.02472769282758236,-0.2796192656876519,1.2796190272690726,0,0,0,0.12,0.01,0.0,0.01,0.1,0.9,-1.2,0.0,0,0,1,0,0.675,0.2
69,3,-0.36658793687820435,-0.22700530290603638,-1.522197961807251,0.5879062319155562,0.412093172037996,0,0,0,0.12,0.01,0.0,0.01,0.1,0.9,-1.2,0.0,0,0,1,0,0.675,0.2
69,4,-0.6938167214393616,0.3838707208633423,1.7559090852737427,1.0586659623020116,-0.05885973700217655,0,0,0,0.12,0.01,0.0,0.01,0.1,0.9,-1.2,0.0,0,0,1,0,0.675,0.2
69,5,-0.34987273812294006,0.13394609093666077,1.293735146522522,-0.2010214091515681,1.2010205746865412,0,0,0,0.12,0.01,0.0,0.01,0.1,0.9,-1.2,0.0,0,0,1,0,0.675,0.2
69,6,-0.5883046388626099,-0.05089333653450012,-2.950329542160034,-0.3563873943901766,1.3563768443680515,0,0,0,0.12,0.01,0.0,0.01,0.1,0.9,-1.2,0.0,0,0,1,0,0.675,0.2
69,7,-0.7269222736358643,0.21957367658615112,3.1234474182128906,0.4790084797842812,0.519802645971029,0,0,0,0.12,0.01,0.0,0.01,0.1,0.9,-1.2,0.0,0,0,1,0,0.675,0.2
70,0,-0.31523454189300537,-0.07045185565948486,-0.5316876769065857,0.5164232391139106,0.465191231367962,0,0,0,0.12,0.01,0.0,0.01,0.1,0.9,-1.2,0.0,0,0,1,0,0.675,0.2
70,1,-0.7295554280281067,-0.42634978890419006,3.1199615001678467,0.4541830170611405,0.4914637457867599,0,0,0,0.12,0.01,0.0,0.01,0.1,0.9,-1.2,0.0,0,0,1,0,0.675,0.2
70,2,-0.15633052587509155,-0.03797474130988121,0.16463355720043182,2.1767347155198418,-1.1767350135430659,0,0,0,0.12,0.01,0.0,0.01,0.1,0.9,-1.2,0.0,0,0,1,0,0.675,0.2
70,3,-0.36647915840148926,-0.22801700234413147,-1.3921804428100586,2.3597553414662826,-1.35975605672202,0,0,0,0.12,0.01,0.0,0.01,0.1,0.9,-1.2,0.0,0,0,1,0,0.675,0.2
70,4,-0.6939852237701416,0.38485631346702576,1.7145562171936035,0.5841458065176863,0.4156576173638443,0,0,0,0.12,0.01,0.0,0.01,0.1,0.9,-1.2,0.0,0,0,1,0,0.675,0.2
70,5,-0.3496531844139099,0.1349249631166458,1.4279145002365112,2.0535460417260123,-1.0535469954003287,0,0,0,0.12,0.01,0.0,0.01,0.1,0.9,-1.2,0.0,0,0,1,0,0.675,0.2
70,6,-0.5892951488494873,-0.05103922635316849,-3.032350540161133,-1.179406605448937,2.1793936712410207,0,0,0,0.12,0.01,0.0,0.01,0.1,0.9,-1.2,0.0,0,0,1,0,0.675,0.2
70,7,-0.7279209494590759,0.21959085762500763,3.1241395473480225,0.426458990691482,0.5723297833220373,0,0,0,0.12,0.01,0.0,0.01,0.1,0.9,-1.2,0.0,0,0,1,0,0.675,0.2
71,0,-0.3143884241580963,-0.07095042616128922,-0.5329849720001221,0.5341004388647815,0.4471537811440687,0,0,0,0.12,0.01,0.0,0.01,0.1,0.9,-1.2,0.0,0,0,1,0,0.675,0.2
71,1,-0.7305012941360474,-0.42633000016212463,3.1216201782226562,0.46637347403773655,0.47881057795277254,0,0,0,0.12,0.01,0.0,0.01,0.1,0.9,-1.2,0.0,0,0,1,0,0.675,0.2
71,2,-0.15533816814422607,-0.037768103182315826,0.2374163419008255,2.545742015310331,-1.5457423729381996,0,0,0,0.12,0.01,0.0,0.01,0.1,0.9,-1.2,0.0,0,0,1,0,0.675,0.2
71,3,-0.3662765920162201,-0.22899945080280304,-1.3720099925994873,2.457643651272189,-1.4576444261325712,0,0,0,0.12,0.01,0.0,0.01,0.1,0.9,-1.2,0.0,0,0,1,0,0.675,0.2
71,4,-0.6941076517105103,0.38584890961647034,1.6738804578781128,0.1103499040020009,0.8894485726940136,0,0,0,0.12,0.01,0.0,0.01,0.1,0.9,-1.2,0.0,0,0,1,0,0.675,0.2
71,5,-0.3495505452156067,0.1359194964170456,1.4953112602233887,2.460600401295779,-1.460601593388675,0,0,0,0.12,0.01,0.0,0.01,0.1,0.9,-1.2,0.0,0,0,1,0,0.675,0.2
71,6,-0.5902847647666931,-0.051147088408470154,-2.998351573944092,-0.9118074499339955,1.9117937408656973,0,0,0,0.12,0.01,0.0,0.01,0.1,0.9,-1.2,0.0,0,0,1,0,0.675,0.2
71,7,-0.7289196252822876,0.21960774064064026,3.125314712524414,0.3816934740313547,0.617077955030535,0,0,0,0.12,0.01,0.0,0.01,0.1,0.9,-1.2,0.0,0,0,1,0,0.675,0.2
72,0,-0.31354331970214844,-0.07144995033740997,-0.534674882888794,0.5467461808325219,0.4341555373071265,0,0,0,0.12,0.01,0.0,0.01,0.1,0.9,-1.2,0.0,0,0,1,0,0.675,0.2
72,1,-0.7314468026161194,-0.42631176114082336,3.123020648956299,0.47630811448932747,0.46846466545223137,0,0,0,0.12,0.01,0.0,0.01,0.1,0.9,-1.2,0.0,0,0,1,0,0.675,0.2
72,2,-0.15436314046382904,-0.03754832223057747,0.15384602546691895,2.03190475889071,-1.0319050569139343,0,0,0,0.12,0.01,0.0,0.01,0.1,0.9,-1.2,0.0,0,0,1,0,0.675,0.2
72,3,-0.36611080169677734,-0.22998447716236115,-1.4780094623565674,1.5070598882537067,-0.5070606035094442,0,0,0,0.12,0.01,0.0,0.01,0.1,0.9,-1.2,0.0,0,0,1,0,0.675,0.2
72,4,-0.6941994428634644,0.3868443965911865,1.6613041162490845,0.006639218812582413,0.9931543106979156,0,0,0,0.12,0.01,0.0,0.01,0.1,0.9,-1.2,0.0,0,0,1,0,0.675,0.2
72,5,-0.3494597375392914,0.13691382110118866,1.4174208641052246,1.8869888525495353,-0.8869899850377863,0,0,0,0.12,0.01,0.0,0.01,0.1,0.9,-1.2,0.0,0,0,1,0,0.675,0.2
72,6,-0.5912685990333557,-0.0513305626809597,-2.8915905952453613,0.5753427656467871,0.42464286963382203,0,0,0,0.12,0.01,0.0,0.01,0.1,0.9,-1.2,0.0,0,0,1,0,0.675,0.2
72,7,-0.7299183011054993,0.21962231397628784,3.1297056674957275,0.3707797209204176,0.6279748400270005,0,0,0,0.12,0.01,0.0,0.01,0.1,0.9,-1.2,0.0,0,0,1,0,0.675,0.2
73,0,-0.3126996159553528,-0.07195112854242325,-0.5374875664710999,0.5453219637316434,0.43517009168446363,0,0,0,0.12,0.01,0.0,0.01,0.1,0.9,-1.2,0.0,0,0,1,0,0.675,0.2
73,1,-0.7323919534683228,-0.42629462480545044,3.1236412525177,0.4784453149128804,0.4660668139170756,0,0,0,0.12,0.01,0.0,0.01,0.1,0.9,-1.2,0.0,0,0,1,0,0.675,0.2
73,2,-0.15336591005325317,-0.0374494269490242,0.015112784691154957,-0.5443839363349655,1.544383578707097,0,0,0,0.12,0.01,0.0,0.01,0.1,0.9,-1.2,0.0,0,0,1,0,0.675,0.2
73,3,-0.3660772740840912,-0.2309863418340683,-1.6143556833267212,-0.9147101649867306,1.914709330521704,0,0,0,0.12,0.01,0.0,0.01,0.1,0.9,-1.2,0.0,0,0,1,0,0.675,0.2
73,4,-0.6942952275276184,0.3878394067287445,1.6820058822631836,0.3229278571525147,0.6768616788467834,0,0,0,0.12,0.01,0.0,0.01,0.1,0.9,-1.2,0.0,0,0,1,0,0.675,0.2
73,5,-0.3492496609687805,0.13790450990200043,1.2846946716308594,-0.49117864269376105,1.4911775102055103,0,0,0,0.12,0.01,0.0,0.01,0.1,0.9,-1.2,0.0,0,0,1,0,0.675,0.2
73,6,-0.5922355055809021,-0.05162602290511131,-2.7882769107818604,1.9492140650647964,-0.9492312312024915,0,0,0,0.12,0.01,0.0,0.01,0.1,0.9,-1.2,0.0,0,0,1,0,0.675,0.2
73,7,-0.7309170365333557,0.21963083744049072,3.1373469829559326,0.39205263840217724,0.6066805244777665,0,0,0,0.12,0.01,0.0,0.01,0.1,0.9,-1.2,0.0,0,0,1,0,0.675,0.2
74,0,-0.31185784935951233,-0.07245491445064545,-0.541269063949585,0.5319296764420263,0.4481061650229701,0,0,0,0.12,0.01,0.0,0.01,0.1,0.9,-1.2,0.0,0,0,1,0,0.675,0.2
74,1,-0.7333366870880127,-0.4262777268886566,3.123504638671875,0.4734204674151736,0.47095123287169166,0,0,0,0.12,0.01,0.0,0.01,0.1,0.9,-1.2,0.0,0,0,1,0,0.675,0.2
74,2,-0.15236513316631317,-0.03748716413974762,-0.09976797550916672,-1.5201425958645567,2.520142178632043,0,0,0,0.12,0.01,0.0,0.01,0.1,0.9,-1.2,0.0,0,0,1,0,0.675,0.2
74,3,-0.36616846919059753,-0.2319798320531845,-1.699092984199524,-1.4807188892328331,2.480717875953872,0,0,0,0.12,0.01,0.0,0.01,0.1,0.9,-1.2,0.0,0,0,1,0,0.675,0.2
74,4,-0.6944207549095154,0.38883137702941895,1.715185284614563,0.806799581684842,0.19298351701282018,0,0,0,0.12,0.01,0.0,0.01,0.1,0.9,-1.2,0.0,0,0,1,0,0.675,0.2
74,5,-0.34891319274902344,0.138860285282135,1.1788033246994019,-1.4470384050527318,2.4470369149366125,0,0,0,0.12,0.01,0.0,0.01,0.1,0.9,-1.2,0.0,0,0,1,0,0.675,0.2
74,6,-0.5931668281555176,-0.051991816610097885,-2.7728095054626465,2.0699354999656885,-1.0699550502891748,0,0,0,0.12,0.01,0.0,0.01,0.1,0.9,-1.2,0.0,0,0,1,0,0.675,0.2
74,7,-0.7319158315658569,0.21963077783584595,-3.1369564533233643,0.4248154605263919,0.5738910590773373,0,0,0,0.12,0.01,0.0,0.01,0.1,0.9,-1.2,0.0,0,0,1,0,0.675,0.2
75,0,-0.3110184073448181,-0.0729617327451706,-0.545165479183197,0.35669297667722194,0.6154940655591062,0,0,0,0.12,0.01,0.0,0.01,0.1,0.9,-1.2,0.0,0,0,1,0,0.675,0.2
75,1,-0.734281063079834,-0.42626047134399414,3.123093366622925,0.46652314883079754,0.47770973223838575,0,0,0,0.12,0.01,0.0,0.01,0.1,0.9,-1.2,0.0,0,0,1,0,0.675,0.2
75,2,-0.15137308835983276,-0.037594690918922424,-0.06244628503918648,-1.3550436012450517,2.3550431840125383,0,0,0,0.12,0.01,0.0,0.01,0.1,0.9,-1.2,0.0,0,0,1,0,0.675,0.2
75,3,-0.36629027128219604,-0.23296788334846497,-1.6335214376449585,-1.0650992970947153,2.065098343420399,0,0,0,0.12,0.01,0.0,0.01,0.1,0.9,-1.2,0.0,0,0,1,0,0.675,0.2
75,4,-0.6945751905441284,0.38981929421424866,1.7320648431777954,1.2760245967412642,-0.2763228583837204,0,0,0,0.12,0.01,0.0,0.01,0.1,0.9,-1.2,0.0,0,0,1,0,0.675,0.2
75,5,-0.3485264778137207,0.13978211581707,1.215303659439087,-1.2666360598844888,2.2666346293730144,0,0,0,0.12,0.01,0.0,0.01,0.1,0.9,-1.2,0.0,0,0,1,0,0.675,0.2
75,6,-0.5941066145896912,-0.05233190208673477,-2.855424642562866,1.164762945106239,-0.16478309147617293,0,0,0,0.12,0.01,0.0,0.01,0.1,0.9,-1.2,0.0,0,0,1,0,0.675,0.2
75,7,-0.7329145669937134,0.21962203085422516,-3.1291167736053467,0.4480641119035931,0.5506131418195513,0,0,0,0.12,0.01,0.0,0.01,0.1,0.9,-1.2,0.0,0,0,1,0,0.675,0.2
76,0,-0.3101811707019806,-0.0734713226556778,-0.5483081936836243,0.35801609936382484,0.6136507731375483,0,0,0,0.12,0.01,0.0,0.01,0.1,0.9,-1.2,0.0,0,0,1,0,0.675,0.2
76,1,-0.7352253198623657,-0.4262428879737854,3.122929096221924,0.4643160711823529,0.47964757570638,0,0,0,0.12,0.01,0.0,0.01,0.1,0.9,-1.2,0.0,0,0,1,0,0.675,0.2
76,2,-0.15037298202514648,-0.037613797932863235,0.06604691594839096,0.4441558655297677,0.5558437172377189,0,0,0,0.12,0.01,0.0,0.01,0.1,0.9,-1.2,0.0,0,0,1,0,0.675,0.2
76,3,-0.36630430817604065,-0.23396900296211243,-1.5021239519119263,1.1978608611008226,-0.1978618147751388,0,0,0,0.12,0.01,0.0,0.01,0.1,0.9,-1.2,0.0,0,0,1,0,0.675,0.2
76,4,-0.6947339773178101,0.39080625772476196,1.7173086404800415,1.1537433007073323,-0.15404555586098836,0,0,0,0.12,0.01,0.0,0.01,0.1,0.9,-1.2,0.0,0,0,1,0,0.675,0.2
76,5,-0.34821856021881104,0.14073459804058075,1.338873267173767,0.39595561374585264,0.6040430153473174,0,0,0,0.12,0.01,0.0,0.01,0.1,0.9,-1.2,0.0,0,0,1,0,0.675,0.2
76,6,-0.5950794816017151,-0.05257135257124901,-2.9641032218933105,-0.4835338960499246,1.483511007866331,0,0,0,0.12,0.01,0.0,0.01,0.1,0.9,-1.2,0.0,0,0,1,0,0.675,0.2
76,7,-0.7339131236076355,0.21960636973381042,-3.123415946960449,0.45242291200602053,0.5462279964641333,0,0,0,0.12,0.01,0.0,0.01,0.1,0.9,-1.2,0.0,0,0,1,0,0.675,0.2
77,0,-0.3093494772911072,-0.07397778332233429,-0.5416272878646851,0.42658651792033375,0.5445787814952546,0,0,0,0.12,0.01,0.0,0.01,0.1,0.9,-1.2,0.0,0,0,1,0,0.675,0.2
77,1,-0.7361693978309631,-0.42622536420822144,3.12322998046875,0.4689406983935904,0.47459927868007895,0,0,0,0.12,0.01,0.0,0.01,0.1,0.9,-1.2,0.0,0,0,1,0,0.675,0.2
77,2,-0.14936482906341553,-0.0374862402677536,0.1997554749250412,2.3447297299780794,-1.3447302068152376,0,0,0,0.12,0.01,0.0,0.01,0.1,0.9,-1.2,0.0,0,0,1,0,0.675,0.2
77,3,-0.36618006229400635,-0.23497946560382843,-1.3854273557662964,2.4224586926047484,-1.4224598846976442,0,0,0,0.12,0.01,0.0,0.01,0.1,0.9,-1.2,0.0,0,0,1,0,0.675,0.2
77,4,-0.6948635578155518,0.3917977809906006,1.669399380683899,0.6227903085422558,0.37690636342048217,0,0,0,0.12,0.01,0.0,0.01,0.1,0.9,-1.2,0.0,0,0,1,0,0.675,0.2
77,5,-0.34804072976112366,0.14172162115573883,1.4656435251235962,2.2094114608667805,-1.2094131297968342,0,0,0,0.12,0.01,0.0,0.01,0.1,0.9,-1.2,0.0,0,0,1,0,0.675,0.2
77,6,-0.5960697531700134,-0.05271376669406891,-3.023442029953003,-1.0581736505232868,2.058146291991335,0,0,0,0.12,0.01,0.0,0.01,0.1,0.9,-1.2,0.0,0,0,1,0,0.675,0.2
77,7,-0.7349116206169128,0.21958598494529724,-3.1194815635681152,0.4421427119864498,0.5564879309044805,0,0,0,0.12,0.01,0.0,0.01,0.1,0.9,-1.2,0.0,0,0,1,0,0.675,0.2
78,0,-0.30851486325263977,-0.07447557896375656,-0.5326191782951355,0.5112504647937325,0.45944312346310356,0,0,0,0.12,0.01,0.0,0.01,0.1,0.9,-1.2,0.0,0,0,1,0,0.675,0.2
78,1,-0.7371132969856262,-0.4262082278728485,3.1237478256225586,0.4766501740418258,0.46637422285453645,0,0,0,0.12,0.01,0.0,0.01,0.1,0.9,-1.2,0.0,0,0,1,0,0.675,0.2
78,2,-0.1483881026506424,-0.03725801035761833,0.22915537655353546,2.4734392063245667,-1.4734397427663697,0,0,0,0.12,0.01,0.0,0.01,0.1,0.9,-1.2,0.0,0,0,1,0,0.675,0.2
78,3,-0.36598286032676697,-0.23596180975437164,-1.4028575420379639,2.3389529607186987,-1.3389542124162388,0,0,0,0.12,0.01,0.0,0.01,0.1,0.9,-1.2,0.0,0,0,1,0,0.675,0.2
78,4,-0.6949394941329956,0.39279499650001526,1.6217669248580933,0.0791430070778621,0.9205477044203985,0,0,0,0.12,0.01,0.0,0.01,0.1,0.9,-1.2,0.0,0,0,1,0,0.675,0.2
78,5,-0.3479638993740082,0.14271853864192963,1.4961063861846924,2.3742904382100445,-1.3742923455586777,0,0,0,0.12,0.01,0.0,0.01,0.1,0.9,-1.2,0.0,0,0,1,0,0.675,0.2
78,6,-0.5970585346221924,-0.05283818021416664,-2.9773192405700684,-0.6372552820186966,1.6372263141613357,0,0,0,0.12,0.01,0.0,0.01,0.1,0.9,-1.2,0.0,0,0,1,0,0.675,0.2
78,7,-0.7359099984169006,0.21956214308738708,-3.116118907928467,0.4284189254696832,0.5701966970507635,0,0,0,0.12,0.01,0.0,0.01,0.1,0.9,-1.2,0.0,0,0,1,0,0.675,0.2
79,0,-0.30767664313316345,-0.07496622949838638,-0.5274979472160339,0.5670405410111707,0.40315564648501456,0,0,0,0.12,0.01,0.0,0.01,0.1,0.9,-1.2,0.0,0,0,1,0,0.675,0.2
79,1,-0.7380567789077759,-0.4261915385723114,3.124023675918579,0.4805391998084803,0.4620576529709082,0,0,0,0.12,0.01,0.0,0.01,0.1,0.9,-1.2,0.0,0,0,1,0,0.675,0.2
79,2,-0.1474096029996872,-0.03706043213605881,0.1260359138250351,1.5289327446281862,-0.5289332810699892,0,0,0,0.12,0.01,0.0,0.01,0.1,0.9,-1.2,0.0,0,0,1,0,0.675,0.2
79,3,-0.36585572361946106,-0.23695361614227295,-1.5209146738052368,0.910534161922151,0.08946464598495332,0,0,0,0.12,0.01,0.0,0.01,0.1,0.9,-1.2,0.0,0,0,1,0,0.675,0.2
79,4,-0.6949775218963623,0.39379388093948364,1.6056867837905884,-0.06518767145868055,1.0648718860506605,0,0,0,0.12,0.01,0.0,0.01,0.1,0.9,-1.2,0.0,0,0,1,0,0.675,0.2
79,5,-0.3478643596172333,0.14371274411678314,1.401097297668457,1.4317504520442732,-0.43175224018361646,0,0,0,0.12,0.01,0.0,0.01,0.1,0.9,-1.2,0.0,0,0,1,0,0.675,0.2
79,6,-0.5980311036109924,-0.053044624626636505,-2.875636339187622,0.8169801600411131,0.1829886071250246,0,0,0,0.12,0.01,0.0,0.01,0.1,0.9,-1.2,0.0,0,0,1,0,0.675,0.2
79,7,-0.7369082570075989,0.21953488886356354,-3.11224102973938,0.4197045175081188,0.578895727013976,0,0,0,0.12,0.01,0.0,0.01,0.1,0.9,-1.2,0.0,0,0,1,0,0.675,0.2
80,0,-0.3068375289440155,-0.07545440644025803,-0.5281320214271545,0.5807862212102027,0.3888391922076133,0,0,0,0.12,0.01,0.0,0.01,0.1,0.9,-1.2,0.0,0,0,1,0,0.675,0.2
80,1,-0.7389997243881226,-0.42617493867874146,3.1237714290618896,0.47738563495574066,0.4649397186666958,0,0,0,0.12,0.01,0.0,0.01,0.1,0.9,-1.2,0.0,0,0,1,0,0.675,0.2
80,2,-0.14640933275222778,-0.036993980407714844,-0.01100271474570036,-0.9723825553156885,1.9723820188738854,0,0,0,0.12,0.01,0.0,0.01,0.1,0.9,-1.2,0.0,0,0,1,0,0.675,0.2
80,3,-0.3658645749092102,-0.23795580863952637,-1.6514116525650024,-1.1354392293383406,2.135437858431511,0,0,0,0.12,0.01,0.0,0.01,0.1,0.9,-1.2,0.0,0,0,1,0,0.675,0.2
80,4,-0.6950176954269409,0.39479249715805054,1.6275995969772339,0.24137418185057138,0.7583060392302088,0,0,0,0.12,0.01,0.0,0.01,0.1,0.9,-1.2,0.0,0,0,1,0,0.675,0.2
80,5,-0.34763801097869873,0.14469972252845764,1.2710586786270142,-0.8396604366785977,1.8396584101206752,0,0,0,0.12,0.01,0.0,0.01,0.1,0.9,-1.2,0.0,0,0,1,0,0.675,0.2
80,6,-0.5989760160446167,-0.05335172638297081,-2.789574146270752,1.873015937215508,-0.8730530113045584,0,0,0,0.12,0.01,0.0,0.01,0.1,0.9,-1.2,0.0,0,0,1,0,0.675,0.2
80,7,-0.7379063963890076,0.21950334310531616,-3.1074485778808594,0.41856592828195727,0.5800137526376898,0,0,0,0.12,0.01,0.0,0.01,0.1,0.9,-1.2,0.0,0,0,1,0,0.675,0.2
81,0,-0.30600038170814514,-0.07594499737024307,-0.5331108570098877,0.5639977465721692,0.4050009240058337,0,0,0,0.12,0.01,0.0,0.01,0.1,0.9,-1.2,0.0,0,0,1,0,0.675,0.2
81,1,-0.7399422526359558,-0.4261579215526581,3.12317156791687,0.46911811657567526,0.4730321186004112,0,0,0,0.12,0.01,0.0,0.01,0.1,0.9,-1.2,0.0,0,0,1,0,0.675,0.2
81,2,-0.14541125297546387,-0.03705282509326935,-0.09725058078765869,-1.5183293278192205,2.5183286125634834,0,0,0,0.12,0.01,0.0,0.01,0.1,0.9,-1.2,0.0,0,0,1,0,0.675,0.2
81,3,-0.36598101258277893,-0.2389417290687561,-1.7016364336013794,-1.424578659739056,2.4245770504136472,0,0,0,0.12,0.01,0.0,0.01,0.1,0.9,-1.2,0.0,0,0,1,0,0.675,0.2
81,4,-0.695091724395752,0.3957895338535309,1.6652486324310303,0.7533371433929539,0.24633562710722925,0,0,0,0.12,0.01,0.0,0.01,0.1,0.9,-1.2,0.0,0,0,1,0,0.675,0.2
81,5,-0.34729743003845215,0.14565086364746094,1.1921265125274658,-1.426757368014205,2.426754924223769,0,0,0,0.12,0.01,0.0,0.01,0.1,0.9,-1.2,0.0,0,0,1,0,0.675,0.2
81,6,-0.5999078750610352,-0.05370878428220749,-2.791515350341797,1.8522720888779327,-0.852313454501407,0,0,0,0.12,0.01,0.0,0.01,0.1,0.9,-1.2,0.0,0,0,1,0,0.675,0.2
81,7,-0.7389042973518372,0.21946662664413452,-3.1019747257232666,0.4238058784521828,0.5747475764237633,0,0,0,0.12,0.01,0.0,0.01,0.1,0.9,-1.2,0.0,0,0,1,0,0.675,0.2
82,0,-0.3051668107509613,-0.07644054293632507,-0.5396608710289001,0.5388232662628658,0.4294842288543217,0,0,0,0.12,0.01,0.0,0.01,0.1,0.9,-1.2,0.0,0,0,1,0,0.675,0.2
82,1,-0.7408844828605652,-0.42614033818244934,3.122682571411133,0.46157695114623964,0.48037176072586113,0,0,0,0.12,0.01,0.0,0.01,0.1,0.9,-1.2,0.0,0,0,1,0,0.675,0.2
82,2,-0.1444183886051178,-0.03714335337281227,-0.02879609912633896,-1.144189219125531,2.1441885634744384,0,0,0,0.12,0.01,0.0,0.01,0.1,0.9,-1.2,0.0,0,0,1,0,0.675,0.2
82,3,-0.3660925030708313,-0.23993216454982758,-1.6153063774108887,-0.7024610146775407,1.7024594649567764,0,0,0,0.12,0.01,0.0,0.01,0.1,0.9,-1.2,0.0,0,0,1,0,0.675,0.2
82,4,-0.6951999664306641,0.3967832922935486,1.6877058744430542,1.0621381685118798,-0.06247576921988764,0,0,0,0.12,0.01,0.0,0.01,0.1,0.9,-1.2,0.0,0,0,1,0,0.675,0.2
82,5,-0.3469361364841461,0.1465824991464615,1.2545615434646606,-1.040443073938287,2.040440689752496,0,0,0,0.12,0.01,0.0,0.01,0.1,0.9,-1.2,0.0,0,0,1,0,0.675,0.2
82,6,-0.6008554100990295,-0.05402781814336777,-2.873196840286255,0.8650755695762714,0.13488068061446346,0,0,0,0.12,0.01,0.0,0.01,0.1,0.9,-1.2,0.0,0,0,1,0,0.675,0.2
82,7,-0.7399020195007324,0.21942423284053802,-3.096315383911133,0.43267626195273107,0.5658488211123018,0,0,0,0.12,0.01,0.0,0.01,0.1,0.9,-1.2,0.0,0,0,1,0,0.675,0.2
83,0,-0.3043369650840759,-0.07694111764431,-0.545482337474823,0.5242007689955258,0.4433819336411929,0,0,0,0.12,0.01,0.0,0.01,0.1,0.9,-1.2,0.0,0,0,1,0,0.675,0.2
83,1,-0.7418265342712402,-0.4261224567890167,3.122708559036255,0.4601237672616229,0.4814800125311627,0,0,0,0.12,0.01,0.0,0.01,0.1,0.9,-1.2,0.0,0,0,1,0,0.675,0.2
83,2,-0.1434173434972763,-0.03712284564971924,0.10560325533151627,1.1007401021868854,-0.10074075783797773,0,0,0,0.12,0.01,0.0,0.01,0.1,0.9,-1.2,0.0,0,0,1,0,0.675,0.2
83,3,-0.3660840392112732,-0.24093389511108398,-1.4839894771575928,1.6365696578377056,-0.6365712671631145,0,0,0,0.12,0.01,0.0,0.01,0.1,0.9,-1.2,0.0,0,0,1,0,0.675,0.2
83,4,-0.6953166723251343,0.39777594804763794,1.6770902872085571,0.9786784592040443,0.02097744318166738,0,0,0,0.12,0.01,0.0,0.01,0.1,0.9,-1.2,0.0,0,0,1,0,0.675,0.2
83,5,-0.34667348861694336,0.1475493311882019,1.3818652629852295,0.9494789701861518,0.050518645628057184,0,0,0,0.12,0.01,0.0,0.01,0.1,0.9,-1.2,0.0,0,0,1,0,0.675,0.2
83,6,-0.6018310785293579,-0.05425414815545082,-2.9685275554656982,-0.48387690648686743,1.4838267193759664,0,0,0,0.12,0.01,0.0,0.01,0.1,0.9,-1.2,0.0,0,0,1,0,0.675,0.2
83,7,-0.740899384021759,0.21937626600265503,-3.090934991836548,0.4420861682021607,0.556414059726001,0,0,0,0.12,0.01,0.0,0.01,0.1,0.9,-1.2,0.0,0,0,1,0,0.675,0.2
84,0,-0.30351021885871887,-0.07744547724723816,-0.5496824979782104,0.5253171523436083,0.44154808918394906,0,0,0,0.12,0.01,0.0,0.01,0.1,0.9,-1.2,0.0,0,0,1,0,0.675,0.2
84,1,-0.7427683472633362,-0.426104873418808,3.12327241897583,0.465451519749857,0.47565921042134657,0,0,0,0.12,0.01,0.0,0.01,0.1,0.9,-1.2,0.0,0,0,1,0,0.675,0.2
84,2,-0.14240887761116028,-0.036959875375032425,0.22740578651428223,2.422241448956971,-1.4222422834219977,0,0,0,0.12,0.01,0.0,0.01,0.1,0.9,-1.2,0.0,0,0,1,0,0.675,0.2
84,3,-0.36594775319099426,-0.24193993210792542,-1.3887187242507935,2.430774042537412,-1.4307760690953344,0,0,0,0.12,0.01,0.0,0.01,0.1,0.9,-1.2,0.0,0,0,1,0,0.675,0.2
84,4,-0.6954101920127869,0.3987712860107422,1.6419442892074585,0.5951417228556396,0.40450964957706914,0,0,0,0.12,0.01,0.0,0.01,0.1,0.9,-1.2,0.0,0,0,1,0,0.675,0.2
84,5,-0.3465372323989868,0.14854232966899872,1.4955544471740723,2.279728212611962,-1.2797311332395553,0,0,0,0.12,0.01,0.0,0.01,0.1,0.9,-1.2,0.0,0,0,1,0,0.675,0.2
84,6,-0.6028202176094055,-0.054400764405727386,-3.0079681873321533,-0.8751190675967767,1.875060595440252,0,0,0,0.12,0.01,0.0,0.01,0.1,0.9,-1.2,0.0,0,0,1,0,0.675,0.2
84,7,-0.7418965101242065,0.21932318806648254,-3.0861270427703857,0.44917308850661236,0.5493080063305764,0,0,0,0.12,0.01,0.0,0.01,0.1,0.9,-1.2,0.0,0,0,1,0,0.675,0.2
85,0,-0.30268585681915283,-0.07795235514640808,-0.5527348518371582,0.5350413639449717,0.43115302730563854,0,0,0,0.12,0.01,0.0,0.01,0.1,0.9,-1.2,0.0,0,0,1,0,0.675,0.2
85,1,-0.7437098622322083,-0.4260879456996918,3.1240134239196777,0.47300810842000857,0.4675496098569689,0,0,0,0.12,0.01,0.0,0.01,0.1,0.9,-1.2,0.0,0,0,1,0,0.675,0.2
85,2,-0.14143675565719604,-0.0367189384996891,0.21650393307209015,2.3546680691255286,-1.3546689631952002,0,0,0,0.12,0.01,0.0,0.01,0.1,0.9,-1.2,0.0,0,0,1,0,0.675,0.2
85,3,-0.36576613783836365,-0.24292407929897308,-1.4359016418457031,2.1640035045887256,-1.1640055311466475,0,0,0,0.12,0.01,0.0,0.01,0.1,0.9,-1.2,0.0,0,0,1,0,0.675,0.2
85,4,-0.6954653263092041,0.3997696042060852,1.6071505546569824,0.2100244282987075,0.7896192551348251,0,0,0,0.12,0.01,0.0,0.01,0.1,0.9,-1.2,0.0,0,0,1,0,0.675,0.2
85,5,-0.34647879004478455,0.14953890442848206,1.491660237312317,2.238236475875212,-1.238239634921385,0,0,0,0.12,0.01,0.0,0.01,0.1,0.9,-1.2,0.0,0,0,1,0,0.675,0.2
85,6,-0.6038075685501099,-0.05454377084970474,-2.957697868347168,-0.35885115911809756,1.3587886338457282,0,0,0,0.12,0.01,0.0,0.01,0.1,0.9,-1.2,0.0,0,0,1,0,0.675,0.2
85,7,-0.742893397808075,0.2192656546831131,-3.081973075866699,0.45172293412811326,0.5467428423153682,0,0,0,0.12,0.01,0.0,0.01,0.1,0.9,-1.2,0.0,0,0,1,0,0.675,0.2
86,0,-0.30186352133750916,-0.0784611627459526,-0.5556662678718567,0.5413922016422233,0.4240958149631539,0,0,0,0.12,0.01,0.0,0.01,0.1,0.9,-1.2,0.0,0,0,1,0,0.675,0.2
86,1,-0.7446509599685669,-0.4260716140270233,3.1244595050811768,0.47639266667119595,0.46372743430384067,0,0,0,0.12,0.01,0.0,0.01,0.1,0.9,-1.2,0.0,0,0,1,0,0.675,0.2
86,2,-0.14045275747776031,-0.03654219210147858,0.09980293363332748,0.8754083651709901,0.12459080036398301,0,0,0,0.12,0.01,0.0,0.01,0.1,0.9,-1.2,0.0,0,0,1,0,0.675,0.2
86,3,-0.365677148103714,-0.2439209371805191,-1.5605660676956177,0.33791806643875116,0.6620799666079713,0,0,0,0.12,0.01,0.0,0.01,0.1,0.9,-1.2,0.0,0,0,1,0,0.675,0.2
86,4,-0.6954924464225769,0.40076884627342224,1.59507155418396,0.10726718279980528,0.892367619541656,0,0,0,0.12,0.01,0.0,0.01,0.1,0.9,-1.2,0.0,0,0,1,0,0.675,0.2
86,5,-0.34636759757995605,0.15053285658359528,1.3848750591278076,0.8913570246520264,0.10863987590644542,0,0,0,0.12,0.01,0.0,0.01,0.1,0.9,-1.2,0.0,0,0,1,0,0.675,0.2
86,6,-0.6047781109809875,-0.054764870554208755,-2.866384983062744,0.9133290940089569,0.0866020626263276,0,0,0,0.12,0.01,0.0,0.01,0.1,0.9,-1.2,0.0,0,0,1,0,0.675,0.2
86,7,-0.7438899874687195,0.21920429170131683,-3.0783495903015137,0.4483403650034792,0.5501081856976621,0,0,0,0.12,0.01,0.0,0.01,0.1,0.9,-1.2,0.0,0,0,1,0,0.675,0.2
87,0,-0.3010433614253998,-0.07897218316793442,-0.5591806769371033,0.5389624641666358,0.42573477761650624,0,0,0,0.12,0.01,0.0,0.01,0.1,0.9,-1.2,0.0,0,0,1,0,0.675,0.2
87,1,-0.7455914616584778,-0.42605555057525635,3.1243743896484375,0.47331328290329017,0.4665242324508664,0,0,0,0.12,0.01,0.0,0.01,0.1,0.9,-1.2,0.0,0,0,1,0,0.675,0.2
87,2,-0.13945120573043823,-0.036501165479421616,-0.03159273788332939,-1.2031179728436008,2.2031170191692846,0,0,0,0.12,0.01,0.0,0.01,0.1,0.9,-1.2,0.0,0,0,1,0,0.675,0.2
87,3,-0.3657223582267761,-0.2449217438697815,-1.681273341178894,-1.2424375677035815,2.2424351835177903,0,0,0,0.12,0.01,0.0,0.01,0.1,0.9,-1.2,0.0,0,0,1,0,0.675,0.2
87,4,-0.6955196261405945,0.4017679691314697,1.6100138425827026,0.3287730793785732,0.6708531398940404,0,0,0,0.12,0.01,0.0,0.01,0.1,0.9,-1.2,0.0,0,0,1,0,0.675,0.2
87,5,-0.34612905979156494,0.15151768922805786,1.2615430355072021,-1.0353035869967528,2.0353000107180663,0,0,0,0.12,0.01,0.0,0.01,0.1,0.9,-1.2,0.0,0,0,1,0,0.675,0.2
87,6,-0.605724036693573,-0.055073127150535583,-2.798635721206665,1.7130728062102998,-0.7131532724807466,0,0,0,0.12,0.01,0.0,0.01,0.1,0.9,-1.2,0.0,0,0,1,0,0.675,0.2
87,7,-0.7448863387107849,0.2191394865512848,-3.0749692916870117,0.4408981309619969,0.5575276507648403,0,0,0,0.12,0.01,0.0,0.01,0.1,0.9,-1.2,0.0,0,0,1,0,0.675,0.2
88,0,-0.30022579431533813,-0.07948601990938187,-0.5632157325744629,0.5306802086065385,0.4331587262918378,0,0,0,0.12,0.01,0.0,0.01,0.1,0.9,-1.2,0.0,0,0,1,0,0.675,0.2
88,1,-0.7465315461158752,-0.4260392189025879,3.123971462249756,0.4661226762093445,0.47351385228262943,0,0,0,0.12,0.01,0.0,0.01,0.1,0.9,-1.2,0.0,0,0,1,0,0.675,0.2
88,2,-0.1384541094303131,-0.036568790674209595,-0.07963763922452927,-1.465433879003367,2.4654327465151162,0,0,0,0.12,0.01,0.0,0.01,0.1,0.9,-1.2,0.0,0,0,1,0,0.675,0.2
88,3,-0.36585667729377747,-0.24591010808944702,-1.6954883337020874,-1.2021419537878317,2.202138675532369,0,0,0,0.12,0.01,0.0,0.01,0.1,0.9,-1.2,0.0,0,0,1,0,0.675,0.2
88,4,-0.6955702304840088,0.4027663469314575,1.6361356973648071,0.6891570048527502,0.31045753190948727,0,0,0,0.12,0.01,0.0,0.01,0.1,0.9,-1.2,0.0,0,0,1,0,0.675,0.2
88,5,-0.3457939624786377,0.1524660736322403,1.2141493558883667,-1.35860185279901,2.3585976208692307,0,0,0,0.12,0.01,0.0,0.01,0.1,0.9,-1.2,0.0,0,0,1,0,0.675,0.2
88,6,-0.6066617369651794,-0.05541577190160751,-2.809864044189453,1.5994047557064155,-0.5994939242549995,0,0,0,0.12,0.01,0.0,0.01,0.1,0.9,-1.2,0.0,0,0,1,0,0.675,0.2
88,7,-0.7458824515342712,0.21907131373882294,-3.0714354515075684,0.05701489029486936,0.9410461110059425,0,0,0,0.12,0.01,0.0,0.01,0.1,0.9,-1.2,0.0,0,0,1,0,0.675,0.2
89,0,-0.2994110584259033,-0.08000289648771286,-0.5672338604927063,0.5247347773258701,0.4381715833003505,0,0,0,0.12,0.01,0.0,0.01,0.1,0.9,-1.2,0.0,0,0,1,0,0.675,0.2
89,1,-0.747471272945404,-0.4260225296020508,3.1236822605133057,0.4604923789582842,0.4788846905149824,0,0,0,0.12,0.01,0.0,0.01,0.1,0.9,-1.2,0.0,0,0,1,0,0.675,0.2
89,2,-0.1374574899673462,-0.03662702068686485,0.011064993217587471,-0.7786250512162444,1.7786239783326385,0,0,0,0.12,0.01,0.0,0.01,0.1,0.9,-1.2,0.0,0,0,1,0,0.675,0.2
89,3,-0.3659515976905823,-0.2469046264886856,-1.5950947999954224,0.07988140908386987,0.9201154318699569,0,0,0,0.12,0.01,0.0,0.01,0.1,0.9,-1.2,0.0,0,0,1,0,0.675,0.2
89,4,-0.6956451535224915,0.40376317501068115,1.6512603759765625,0.9079181811259073,0.0916822293355185,0,0,0,0.12,0.01,0.0,0.01,0.1,0.9,-1.2,0.0,0,0,1,0,0.675,0.2
89,5,-0.3454635739326477,0.15340785682201385,1.2951114177703857,-0.7103771976482417,1.7103731445323969,0,0,0,0.12,0.01,0.0,0.01,0.1,0.9,-1.2,0.0,0,0,1,0,0.675,0.2
89,6,-0.6076155304908752,-0.05571611598134041,-2.883873701095581,0.6767618832965543,0.3231417955974886,0,0,0,0.12,0.01,0.0,0.01,0.1,0.9,-1.2,0.0,0,0,1,0,0.675,0.2
89,7,-0.7468783259391785,0.21899941563606262,-3.067436933517456,0.06284206337647084,0.9351922946481264,0,0,0,0.12,0.01,0.0,0.01,0.1,0.9,-1.2,0.0,0,0,1,0,0.675,0.2
90,0,-0.2985990643501282,-0.08052249252796173,-0.5707803964614868,0.5267559016683196,0.4351939832231904,0,0,0,0.12,0.01,0.0,0.01,0.1,0.9,-1.2,0.0,0,0,1,0,0.675,0.2
90,1,-0.7484108209609985,-0.42600569128990173,3.1238455772399902,0.46048474527159744,0.4784814097805876,0,0,0,0.12,0.01,0.0,0.01,0.1,0.9,-1.2,0.0,0,0,1,0,0.675,0.2
90,2,-0.1364564299583435,-0.03655994310975075,0.145875483751297,1.613665169955374,-0.6136663024436246,0,0,0,0.12,0.01,0.0,0.01,0.1,0.9,-1.2,0.0,0,0,1,0,0.675,0.2
90,3,-0.3659231960773468,-0.24790595471858978,-1.4748384952545166,1.9877854394640084,-0.9877890753473398,0,0,0,0.12,0.01,0.0,0.01,0.1,0.9,-1.2,0.0,0,0,1,0,0.675,0.2
90,4,-0.6957249045372009,0.4047595262527466,1.6430237293243408,0.8472972160097684,0.1522907370808994,0,0,0,0.12,0.01,0.0,0.01,0.1,0.9,-1.2,0.0,0,0,1,0,0.675,0.2
90,5,-0.3452438414096832,0.1543857604265213,1.4213049411773682,1.3655775082641544,-0.36558185940322296,0,0,0,0.12,0.01,0.0,0.01,0.1,0.9,-1.2,0.0,0,0,1,0,0.675,0.2
90,6,-0.6085922122001648,-0.055935680866241455,-2.9627127647399902,-0.3694703725508918,1.3693601039580574,0,0,0,0.12,0.01,0.0,0.01,0.1,0.9,-1.2,0.0,0,0,1,0,0.675,0.2
90,7,-0.747873067855835,0.21891629695892334,-3.041790246963501,0.27984767120728565,0.7181753023301594,0,0,0,0.12,0.01,0.0,0.01,0.1,0.9,-1.2,0.0,0,0,1,0,0.675,0.2
91,0,-0.2977895736694336,-0.0810442566871643,-0.5739055871963501,0.535431545894249,0.4255932749103469,0,0,0,0.12,0.01,0.0,0.01,0.1,0.9,-1.2,0.0,0,0,1,0,0.675,0.2
91,1,-0.7493500709533691,-0.4259892702102661,3.124422550201416,0.46579468599097695,0.47263073572380576,0,0,0,0.12,0.01,0.0,0.01,0.1,0.9,-1.2,0.0,0,0,1,0,0.675,0.2
91,2,-0.13545657694339752,-0.03636247664690018,0.24604089558124542,2.4422604201746307,-1.4422617910814608,0,0,0,0.12,0.01,0.0,0.01,0.1,0.9,-1.2,0.0,0,0,1,0,0.675,0.2
91,3,-0.36579298973083496,-0.24890442192554474,-1.4257426261901855,2.338443840470728,-1.338448072400507,0,0,0,0.12,0.01,0.0,0.01,0.1,0.9,-1.2,0.0,0,0,1,0,0.675,0.2
91,4,-0.6957867741584778,0.40575724840164185,1.6174390316009521,0.5771775131278971,0.4223981614059469,0,0,0,0.12,0.01,0.0,0.01,0.1,0.9,-1.2,0.0,0,0,1,0,0.675,0.2
91,5,-0.34514349699020386,0.1553821861743927,1.5154032707214355,2.2838050725108587,-1.283810377324244,0,0,0,0.12,0.01,0.0,0.01,0.1,0.9,-1.2,0.0,0,0,1,0,0.675,0.2
91,6,-0.60957932472229,-0.056094031780958176,-2.9880425930023193,-0.6359295311125674,1.6358034076842227,0,0,0,0.12,0.01,0.0,0.01,0.1,0.9,-1.2,0.0,0,0,1,0,0.675,0.2
91,7,-0.7488647103309631,0.21880199015140533,-3.011082410812378,0.5554650008493793,0.44254629017768976,0,0,0,0.12,0.01,0.0,0.01,0.1,0.9,-1.2,0.0,0,0,1,0,0.675,0.2
92,0,-0.29698240756988525,-0.0815679281949997,-0.5770955681800842,0.5440175660099641,0.4161396495852812,0,0,0,0.12,0.01,0.0,0.01,0.1,0.9,-1.2,0.0,0,0,1,0,0.675,0.2
92,1,-0.7502890229225159,-0.42597344517707825,3.1250662803649902,0.4717783602555427,0.46609798347156917,0,0,0,0.12,0.01,0.0,0.01,0.1,0.9,-1.2,0.0,0,0,1,0,0.675,0.2
92,2,-0.13448704779148102,-0.036116696894168854,0.20116788148880005,2.167988875731861,-1.167990246638691,0,0,0,0.12,0.01,0.0,0.01,0.1,0.9,-1.2,0.0,0,0,1,0,0.675,0.2
92,3,-0.3656654357910156,-0.2498961240053177,-1.5035855770111084,1.6906550450118274,-0.6906590385230277,0,0,0,0.12,0.01,0.0,0.01,0.1,0.9,-1.2,0.0,0,0,1,0,0.675,0.2
92,4,-0.6958210468292236,0.40675634145736694,1.5921876430511475,0.3094123847543517,0.690147434943982,0,0,0,0.12,0.01,0.0,0.01,0.1,0.9,-1.2,0.0,0,0,1,0,0.675,0.2
92,5,-0.3450928330421448,0.15637896955013275,1.4835182428359985,2.042397041421002,-1.0424025250483213,0,0,0,0.12,0.01,0.0,0.01,0.1,0.9,-1.2,0.0,0,0,1,0,0.675,0.2
92,6,-0.6105645298957825,-0.056257106363773346,-2.941621780395508,-0.12764634912395753,1.1275093776502636,0,0,0,0.12,0.01,0.0,0.01,0.1,0.9,-1.2,0.0,0,0,1,0,0.675,0.2
92,7,-0.7498525977134705,0.21866095066070557,-2.9926397800445557,0.7121735402176076,0.28582296885755715,0,0,0,0.12,0.01,0.0,0.01,0.1,0.9,-1.2,0.0,0,0,1,0,0.675,0.2
93,0,-0.2961777448654175,-0.0820937231183052,-0.5808375477790833,0.54553756954387,0.4136988138942404,0,0,0,0.12,0.01,0.0,0.01,0.1,0.9,-1.2,0.0,0,0,1,0,0.675,0.2
93,1,-0.7512274384498596,-0.42595812678337097,3.125394105911255,0.4734865233220875,0.463971693821925,0,0,0,0.12,0.01,0.0,0.01,0.1,0.9,-1.2,0.0,0,0,1,0,0.675,0.2
93,2,-0.13349847495555878,-0.035960305482149124,0.07616657763719559,0.2152209605969727,0.7847777281008421,0,0,0,0.12,0.01,0.0,0.01,0.1,0.9,-1.2,0.0,0,0,1,0,0.675,0.2
93,3,-0.3656488060951233,-0.2508975863456726,-1.6279464960098267,-0.37282501472595886,1.3728207827961798,0,0,0,0.12,0.01,0.0,0.01,0.1,0.9,-1.2,0.0,0,0,1,0,0.675,0.2
93,4,-0.6958355903625488,0.4077557921409607,1.5829572677612305,0.23663293427891408,0.7629075735145124,0,0,0,0.12,0.01,0.0,0.01,0.1,0.9,-1.2,0.0,0,0,1,0,0.675,0.2
93,5,-0.34496569633483887,0.15736860036849976,1.3706647157669067,0.3919219936914373,0.6080724630765986,0,0,0,0.12,0.01,0.0,0.01,0.1,0.9,-1.2,0.0,0,0,1,0,0.675,0.2
93,6,-0.6115349531173706,-0.05648643150925636,-2.865452766418457,0.8732522332468539,0.12659547688574505,0,0,0,0.12,0.01,0.0,0.01,0.1,0.9,-1.2,0.0,0,0,1,0,0.675,0.2
93,7,-0.7508389949798584,0.21850985288619995,-2.992741584777832,0.6865530117538982,0.3114286557647175,0,0,0,0.12,0.01,0.0,0.01,0.1,0.9,-1.2,0.0,0,0,1,0,0.675,0.2
94,0,-0.29537591338157654,-0.08262219280004501,-0.5852137804031372,0.5392647553732923,0.41896240221948106,0,0,0,0.12,0.01,0.0,0.01,0.1,0.9,-1.2,0.0,0,0,1,0,0.675,0.2
94,1,-0.7521653175354004,-0.42594295740127563,3.125278949737549,0.4696681756547697,0.4675063829847567,0,0,0,0.12,0.01,0.0,0.01,0.1,0.9,-1.2,0.0,0,0,1,0,0.675,0.2
94,2,-0.1324966996908188,-0.03593837469816208,-0.044955648481845856,-1.3198520421323239,2.319850432806915,0,0,0,0.12,0.01,0.0,0.01,0.1,0.9,-1.2,0.0,0,0,1,0,0.675,0.2
94,3,-0.3657548129558563,-0.2518822252750397,-1.721431851387024,-1.2866237092164006,2.2866186428215944,0,0,0,0.12,0.01,0.0,0.01,0.1,0.9,-1.2,0.0,0,0,1,0,0.675,0.2
94,4,-0.6958490610122681,0.40875518321990967,1.592565655708313,0.3873718388902723,0.6121458999288499,0,0,0,0.12,0.01,0.0,0.01,0.1,0.9,-1.2,0.0,0,0,1,0,0.675,0.2
94,5,-0.34471654891967773,0.15834054350852966,1.2583837509155273,-1.1204502593455723,2.1204436432300025,0,0,0,0.12,0.01,0.0,0.01,0.1,0.9,-1.2,0.0,0,0,1,0,0.675,0.2
94,6,-0.6124852299690247,-0.056786634027957916,-2.814124822616577,1.4721836524824468,-0.47235865171950725,0,0,0,0.12,0.01,0.0,0.01,0.1,0.9,-1.2,0.0,0,0,1,0,0.675,0.2
94,7,-0.7518265247344971,0.21836595237255096,-3.0055160522460938,0.5349841963381766,0.46297720560121547,0,0,0,0.12,0.01,0.0,0.01,0.1,0.9,-1.2,0.0,0,0,1,0,0.675,0.2
95,0,-0.2945772111415863,-0.08315379172563553,-0.589823842048645,0.5301480289400704,0.4269627932607048,0,0,0,0.12,0.01,0.0,0.01,0.1,0.9,-1.2,0.0,0,0,1,0,0.675,0.2
95,1,-0.753102719783783,-0.4259275496006012,3.1249630451202393,0.46322107364812476,0.4737230534347,0,0,0,0.12,0.01,0.0,0.01,0.1,0.9,-1.2,0.0,0,0,1,0,0.675,0.2
95,2,-0.13150042295455933,-0.03600448742508888,-0.05209321528673172,-1.3580851595062469,2.3580833713669036,0,0,0,0.12,0.01,0.0,0.01,0.1,0.9,-1.2,0.0,0,0,1,0,0.675,0.2
95,3,-0.36590972542762756,-0.2528652846813202,-1.6889714002609253,-1.0425368080402002,2.0425316224361048,0,0,0,0.12,0.01,0.0,0.01,0.1,0.9,-1.2,0.0,0,0,1,0,0.675,0.2
95,4,-0.695877730846405,0.40975433588027954,1.6100224256515503,0.6305286752004804,0.3689602149705706,0,0,0,0.12,0.01,0.0,0.01,0.1,0.9,-1.2,0.0,0,0,1,0,0.675,0.2
95,5,-0.3443879187107086,0.1592860072851181,1.2429392337799072,-1.231350508689474,2.231343117713522,0,0,0,0.12,0.01,0.0,0.01,0.1,0.9,-1.2,0.0,0,0,1,0,0.675,0.2
95,6,-0.6134295463562012,-0.057111918926239014,-2.8263180255889893,1.3393570681298717,-0.3395513196671947,0,0,0,0.12,0.01,0.0,0.01,0.1,0.9,-1.2,0.0,0,0,1,0,0.675,0.2
95,7,-0.7528161406517029,0.21823686361312866,-3.0190515518188477,0.3755027673284826,0.6224289514978113,0,0,0,0.12,0.01,0.0,0.01,0.1,0.9,-1.2,0.0,0,0,1,0,0.675,0.2
96,0,-0.2937818467617035,-0.08368854969739914,-0.5941371321678162,0.5256352750788768,0.43026235418214015,0,0,0,0.12,0.01,0.0,0.01,0.1,0.9,-1.2,0.0,0,0,1,0,0.675,0.2
96,1,-0.7540398240089417,-0.42591190338134766,3.124828338623047,0.4591954213082613,0.477431430250424,0,0,0,0.12,0.01,0.0,0.01,0.1,0.9,-1.2,0.0,0,0,1,0,0.675,0.2
96,2,-0.13050149381160736,-0.03602321073412895,0.05438100919127464,-0.22959419096049982,1.2295925220304462,0,0,0,0.12,0.01,0.0,0.01,0.1,0.9,-1.2,0.0,0,0,1,0,0.675,0.2
96,3,-0.36598774790763855,-0.253862589597702,-1.576163649559021,0.6154655240731008,0.38452934992744864,0,0,0,0.12,0.01,0.0,0.01,0.1,0.9,-1.2,0.0,0,0,1,0,0.675,0.2
96,4,-0.6959230303764343,0.4107528328895569,1.6200366020202637,0.7802953349270964,0.2191582692942475,0,0,0,0.12,0.01,0.0,0.01,0.1,0.9,-1.2,0.0,0,0,1,0,0.675,0.2
96,5,-0.3440907299518585,0.16024017333984375,1.3356775045394897,-0.2787568139139431,1.2787495421472803,0,0,0,0.12,0.01,0.0,0.01,0.1,0.9,-1.2,0.0,0,0,1,0,0.675,0.2
96,6,-0.6143869161605835,-0.05740029737353325,-2.8862032890319824,0.6067300442026177,0.39305686919231025,0,0,0,0.12,0.01,0.0,0.01,0.1,0.9,-1.2,0.0,0,0,1,0,0.675,0.2
96,7,-0.753807008266449,0.21811848878860474,-3.023716926574707,0.30545558844559945,0.6924455531979247,0,0,0,0.12,0.01,0.0,0.01,0.1,0.9,-1.2,0.0,0,0,1,0,0.675,0.2
97,0,-0.2929896414279938,-0.08422604948282242,-0.5978925824165344,0.5287764536319066,0.42588378320357306,0,0,0,0.12,0.01,0.0,0.01,0.1,0.9,-1.2,0.0,0,0,1,0,0.675,0.2
97,1,-0.7549766898155212,-0.4258962571620941,3.125112295150757,0.4603220168214347,0.47583318318314294,0,0,0,0.12,0.01,0.0,0.01,0.1,0.9,-1.2,0.0,0,0,1,0,0.675,0.2
97,2,-0.12949949502944946,-0.03590904176235199,0.1851276159286499,1.9517530279866593,-0.9517548757306471,0,0,0,0.12,0.01,0.0,0.01,0.1,0.9,-1.2,0.0,0,0,1,0,0.675,0.2
97,3,-0.3659409284591675,-0.2548631429672241,-1.464321255683899,2.1244599638040063,-1.1244659838731286,0,0,0,0.12,0.01,0.0,0.01,0.1,0.9,-1.2,0.0,0,0,1,0,0.675,0.2
97,4,-0.6959717273712158,0.4117510914802551,1.614267349243164,0.7441903947817096,0.25522285709512155,0,0,0,0.12,0.01,0.0,0.01,0.1,0.9,-1.2,0.0,0,0,1,0,0.675,0.2
97,5,-0.34390848875045776,0.16122575104236603,1.4558740854263306,1.6360062392446666,-0.6360143454763562,0,0,0,0.12,0.01,0.0,0.01,0.1,0.9,-1.2,0.0,0,0,1,0,0.675,0.2
97,6,-0.6153621673583984,-0.05762356519699097,-2.947028160095215,-0.15725276818438927,1.1570110713498252,0,0,0,0.12,0.01,0.0,0.01,0.1,0.9,-1.2,0.0,0,0,1,0,0.675,0.2
97,7,-0.7547978758811951,0.21799977123737335,-3.0172860622406006,0.34655879183304006,0.6513192232083113,0,0,0,0.12,0.01,0.0,0.01,0.1,0.9,-1.2,0.0,0,0,1,0,0.675,0.2
98,0,-0.29220038652420044,-0.08476575464010239,-0.601310133934021,0.5367406713883912,0.41672037959885244,0,0,0,0.12,0.01,0.0,0.01,0.1,0.9,-1.2,0.0,0,0,1,0,0.675,0.2
98,1,-0.755913257598877,-0.4258810877799988,3.125706672668457,0.46549793895349373,0.4700735527647985,0,0,0,0.12,0.01,0.0,0.01,0.1,0.9,-1.2,0.0,0,0,1,0,0.675,0.2
98,2,-0.1285102367401123,-0.03568245470523834,0.2526048421859741,2.4068431128754617,-1.4068453182473184,0,0,0,0.12,0.01,0.0,0.01,0.1,0.9,-1.2,0.0,0,0,1,0,0.675,0.2
98,3,-0.36581340432167053,-0.2558552324771881,-1.4491662979125977,2.231591023886059,-1.2315976400016286,0,0,0,0.12,0.01,0.0,0.01,0.1,0.9,-1.2,0.0,0,0,1,0,0.675,0.2
98,4,-0.6960077285766602,0.41274991631507874,1.5966687202453613,0.5714260195822928,0.42793865450904633,0,0,0,0.12,0.01,0.0,0.01,0.1,0.9,-1.2,0.0,0,0,1,0,0.675,0.2
98,5,-0.34383371472358704,0.1622234433889389,1.5238627195358276,2.223996711938694,-1.2240063678911475,0,0,0,0.12,0.01,0.0,0.01,0.1,0.9,-1.2,0.0,0,0,1,0,0.675,0.2
98,6,-0.6163458228111267,-0.05780162289738655,-2.9647998809814453,-0.35554093667774084,1.3552675301721562,0,0,0,0.12,0.01,0.0,0.01,0.1,0.9,-1.2,0.0,0,0,1,0,0.675,0.2
98,7,-0.7557873725891113,0.21787084639072418,-3.004678726196289,0.4510419137153789,0.5468187563743427,0,0,0,0.12,0.01,0.0,0.01,0.1,0.9,-1.2,0.0,0,0,1,0,0.675,0.2
99,0,-0.2914140224456787,-0.08530747890472412,-0.6048808097839355,0.5432160375917177,0.40907664314863884,0,0,0,0.12,0.01,0.0,0.01,0.1,0.9,-1.2,0.0,0,0,1,0,0.675,0.2
99,1,-0.7568493485450745,-0.4258665144443512,3.126279592514038,0.4704319833485249,0.4645825029643413,0,0,0,0.12,0.01,0.0,0.01,0.1,0.9,-1.2,0.0,0,0,1,0,0.675,0.2
99,2,-0.1275394707918167,-0.03544454276561737,0.18105730414390564,1.8549087186341988,-0.8549108047967663,0,0,0,0.12,0.01,0.0,0.01,0.1,0.9,-1.2,0.0,0,0,1,0,0.675,0.2
99,3,-0.36572006344795227,-0.2568499445915222,-1.5422247648239136,1.254693690392727,-0.254700068089718,0,0,0,0.12,0.01,0.0,0.01,0.1,0.9,-1.2,0.0,0,0,1,0,0.675,0.2
99,4,-0.6960243582725525,0.41374924778938293,1.5789927244186401,0.3999229876646176,0.5993788035264834,0,0,0,0.12,0.01,0.0,0.01,0.1,0.9,-1.2,0.0,0,0,1,0,0.675,0.2
99,5,-0.34377917647361755,0.16322018206119537,1.4707800149917603,1.759191420528213,-0.7592012552946013,0,0,0,0.12,0.01,0.0,0.01,0.1,0.9,-1.2,0.0,0,0,1,0,0.675,0.2
99,6,-0.617327868938446,-0.05798599123954773,-2.9293668270111084,0.036798977756287606,0.9629003764154653,0,0,0,0.12,0.01,0.0,0.01,0.1,0.9,-1.2,0.0,0,0,1,0,0.675,0.2
99,7,-0.7567751407623291,0.21772883832454681,-2.993396520614624,0.5441975785580399,0.45364509092895966,0,0,0,0.12,0.01,0.0,0.01,0.1,0.9,-1.2,0.0,0,0,1,0,0.675,0.2
100,0,-0.29063066840171814,-0.08585145324468613,-0.6089829802513123,0.5434720981188988,0.40757413028991474,0,0,0,0.12,0.01,0.0,0.01,0.1,0.9,-1.2,0.0,0,0,1,0,0.675,0.2
100,1,-0.7577849626541138,-0.42585235834121704,3.1265265941619873,0.47134118197635877,0.46324993254466784,0,0,0,0.12,0.01,0.0,0.01,0.1,0.9,-1.2,0.0,0,0,1,0,0.675,0.2
100,2,-0.12654636800289154,-0.035313304513692856,0.053328175097703934,-0.35049401040309736,1.3504918050312409,0,0,0,0.12,0.01,0.0,0.01,0.1,0.9,-1.2,0.0,0,0,1,0,0.675,0.2
100,3,-0.3657442033290863,-0.25785142183303833,-1.6624705791473389,-0.6759663322340093,1.6759593584905703,0,0,0,0.12,0.01,0.0,0.01,0.1,0.9,-1.2,0.0,0,0,1,0,0.675,0.2
100,4,-0.6960271596908569,0.4147486090660095,1.5715235471725464,0.34858885327899025,0.6506301470605178,0,0,0,0.12,0.01,0.0,0.01,0.1,0.9,-1.2,0.0,0,0,1,0,0.675,0.2
100,5,-0.34363242983818054,0.16420187056064606,1.3574659824371338,-0.018329941437513538,1.0183195702293226,0,0,0,0.12,0.01,0.0,0.01,0.1,0.9,-1.2,0.0,0,0,1,0,0.675,0.2
100,6,-0.6182985305786133,-0.058219775557518005,-2.872020721435547,0.7358317162965251,0.26383348441377147,0,0,0,0.12,0.01,0.0,0.01,0.1,0.9,-1.2,0.0,0,0,1,0,0.675,0.2
100,7,-0.757761538028717,0.21757806837558746,-2.988558292388916,0.5738917230929121,0.42392770058262497,0,0,0,0.12,0.01,0.0,0.01,0.1,0.9,-1.2,0.0,0,0,1,0,0.675,0.2
101,0,-0.2898505926132202,-0.08639806509017944,-0.6136045455932617,0.5377922724317791,0.4119107057023762,0,0,0,0.12,0.01,0.0,0.01,0.1,0.9,-1.2,0.0,0,0,1,0,0.675,0.2
101,1,-0.7587199807167053,-0.42583826184272766,3.1263909339904785,0.46763588956071833,0.4666494531326106,0,0,0,0.12,0.01,0.0,0.01,0.1,0.9,-1.2,0.0,0,0,1,0,0.675,0.2
101,2,-0.12554500997066498,-0.03530891612172127,-0.04962975159287453,-1.3678880863307665,2.3678854041217514,0,0,0,0.12,0.01,0.0,0.01,0.1,0.9,-1.2,0.0,0,0,1,0,0.675,0.2
101,3,-0.3658757209777832,-0.2588350176811218,-1.7296338081359863,-1.2452383634506372,2.245230197614303,0,0,0,0.12,0.01,0.0,0.01,0.1,0.9,-1.2,0.0,0,0,1,0,0.675,0.2
101,4,-0.6960281133651733,0.41574788093566895,1.576121211051941,0.43322191936995474,0.5658869911906531,0,0,0,0.12,0.01,0.0,0.01,0.1,0.9,-1.2,0.0,0,0,1,0,0.675,0.2
101,5,-0.34337347745895386,0.1651570051908493,1.2620724439620972,-1.1312257649815958,2.1312133672154827,0,0,0,0.12,0.01,0.0,0.01,0.1,0.9,-1.2,0.0,0,0,1,0,0.675,0.2
101,6,-0.6192542910575867,-0.05850616469979286,-2.833925485610962,1.1737198194212908,-0.17409890496206237,0,0,0,0.12,0.01,0.0,0.01,0.1,0.9,-1.2,0.0,0,0,1,0,0.675,0.2
101,7,-0.7587476968765259,0.21742580831050873,-2.9904329776763916,0.5372972169474038,0.4604928216382591,0,0,0,0.12,0.01,0.0,0.01,0.1,0.9,-1.2,0.0,0,0,1,0,0.675,0.2
102,0,-0.28907403349876404,-0.08694755285978317,-0.6183773279190063,0.5305278644162094,0.4177024021548356,0,0,0,0.12,0.01,0.0,0.01,0.1,0.9,-1.2,0.0,0,0,1,0,0.675,0.2
102,1,-0.7596545219421387,-0.42582395672798157,3.1261136531829834,0.4621683004031713,0.47183976148266255,0,0,0,0.12,0.01,0.0,0.01,0.1,0.9,-1.2,0.0,0,0,1,0,0.675,0.2
102,2,-0.12454862147569656,-0.03536611795425415,-0.020621683448553085,-1.1966809182011742,2.1966781763875147,0,0,0,0.12,0.01,0.0,0.01,0.1,0.9,-1.2,0.0,0,0,1,0,0.675,0.2
102,3,-0.3660274147987366,-0.25981995463371277,-1.674025058746338,-0.7623465016167911,1.7623383953851017,0,0,0,0.12,0.01,0.0,0.01,0.1,0.9,-1.2,0.0,0,0,1,0,0.675,0.2
102,4,-0.6960371136665344,0.4167470633983612,1.5860105752944946,0.5730421843055711,0.4259168205734268,0,0,0,0.12,0.01,0.0,0.01,0.1,0.9,-1.2,0.0,0,0,1,0,0.675,0.2
102,5,-0.3430584669113159,0.1661030352115631,1.2736544609069824,-1.0506878963601651,2.05067460452438,0,0,0,0.12,0.01,0.0,0.01,0.1,0.9,-1.2,0.0,0,0,1,0,0.675,0.2
102,6,-0.6202052235603333,-0.05881258845329285,-2.840693473815918,1.0966762606326432,-0.09709879795945586,0,0,0,0.12,0.01,0.0,0.01,0.1,0.9,-1.2,0.0,0,0,1,0,0.675,0.2
102,7,-0.7597343921661377,0.2172774225473404,-2.9952893257141113,0.4718292675220355,0.5259266176021711,0,0,0,0.12,0.01,0.0,0.01,0.1,0.9,-1.2,0.0,0,0,1,0,0.675,0.2
103,0,-0.28830111026763916,-0.08749986439943314,-0.6228790879249573,0.5276191746140403,0.41904337059012225,0,0,0,0.12,0.01,0.0,0.01,0.1,0.9,-1.2,0.0,0,0,1,0,0.675,0.2
103,1,-0.7605887651443481,-0.42580941319465637,3.1260242462158203,0.4590218086318188,0.4746109824105091,0,0,0,0.12,0.01,0.0,0.01,0.1,0.9,-1.2,0.0,0,0,1,0,0.675,0.2
103,2,-0.12354873865842819,-0.03534655645489693,0.09652896225452423,0.38497254712700635,0.6150248302686235,0,0,0,0.12,0.01,0.0,0.01,0.1,0.9,-1.2,0.0,0,0,1,0,0.675,0.2
103,3,-0.36608707904815674,-0.2608191967010498,-1.5593080520629883,1.066185200688235,-0.06619360494314859,0,0,0,0.12,0.01,0.0,0.01,0.1,0.9,-1.2,0.0,0,0,1,0,0.675,0.2
103,4,-0.6960555911064148,0.41774603724479675,1.5918647050857544,0.6629790848205385,0.33577297273179924,0,0,0,0.12,0.01,0.0,0.01,0.1,0.9,-1.2,0.0,0,0,1,0,0.675,0.2
103,5,-0.34279507398605347,0.16706779599189758,1.3727205991744995,0.16277845830489618,0.8372081306500294,0,0,0,0.12,0.01,0.0,0.01,0.1,0.9,-1.2,0.0,0,0,1,0,0.675,0.2
103,6,-0.621164083480835,-0.05909482762217522,-2.8818717002868652,0.6175746129371645,0.3819578482292173,0,0,0,0.12,0.01,0.0,0.01,0.1,0.9,-1.2,0.0,0,0,1,0,0.675,0.2
103,7,-0.7607218027114868,0.21713374555110931,-2.998509407043457,0.4241791118620181,0.573542917823956,0,0,0,0.12,0.01,0.0,0.01,0.1,0.9,-1.2,0.0,0,0,1,0,0.675,0.2
104,0,-0.2875317931175232,-0.08805469423532486,-0.6269406676292419,0.5307690125812536,0.41430572449073744,0,0,0,0.12,0.01,0.0,0.01,0.1,0.9,-1.2,0.0,0,0,1,0,0.675,0.2
104,1,-0.7615227103233337,-0.42579495906829834,3.1262941360473633,0.460164805121112,0.4729468625119446,0,0,0,0.12,0.01,0.0,0.01,0.1,0.9,-1.2,0.0,0,0,1,0,0.675,0.2
104,2,-0.12254230678081512,-0.03519178554415703,0.21908587217330933,2.1346871542802544,-1.134690253721783,0,0,0,0.12,0.01,0.0,0.01,0.1,0.9,-1.2,0.0,0,0,1,0,0.675,0.2
104,3,-0.3660292625427246,-0.26181864738464355,-1.4638588428497314,2.1633750094948048,-1.1633849038658377,0,0,0,0.12,0.01,0.0,0.01,0.1,0.9,-1.2,0.0,0,0,1,0,0.675,0.2
104,4,-0.696076512336731,0.4187447726726532,1.5886613130569458,0.6538749556045218,0.34458652930453587,0,0,0,0.12,0.01,0.0,0.01,0.1,0.9,-1.2,0.0,0,0,1,0,0.675,0.2
104,5,-0.3426445722579956,0.16805846989154816,1.4828625917434692,1.7714194205467906,-0.7714347985451425,0,0,0,0.12,0.01,0.0,0.01,0.1,0.9,-1.2,0.0,0,0,1,0,0.675,0.2
104,6,-0.6221356987953186,-0.059331014752388,-2.9248688220977783,0.10867262063966858,0.8908023816491498,0,0,0,0.12,0.01,0.0,0.01,0.1,0.9,-1.2,0.0,0,0,1,0,0.675,0.2
104,7,-0.7617093920707703,0.21699164807796478,-2.997525930404663,0.4200695736788047,0.5776232497312296,0,0,0,0.12,0.01,0.0,0.01,0.1,0.9,-1.2,0.0,0,0,1,0,0.675,0.2
105,0,-0.2867659628391266,-0.08861171454191208,-0.6307923793792725,0.5368809418615567,0.40665325356156945,0,0,0,0.12,0.01,0.0,0.01,0.1,0.9,-1.2,0.0,0,0,1,0,0.675,0.2
105,1,-0.7624562978744507,-0.42578086256980896,3.1268084049224854,0.4642505043713046,0.46825063288531776,0,0,0,0.12,0.01,0.0,0.01,0.1,0.9,-1.2,0.0,0,0,1,0,0.675,0.2
105,2,-0.12157066911458969,-0.03494613617658615,0.24976713955402374,2.3170875521740935,-1.3170910092434902,0,0,0,0.12,0.01,0.0,0.01,0.1,0.9,-1.2,0.0,0,0,1,0,0.675,0.2
105,3,-0.36591169238090515,-0.2628115713596344,-1.4780031442642212,2.0641603715489487,-1.0641707427571394,0,0,0,0.12,0.01,0.0,0.01,0.1,0.9,-1.2,0.0,0,0,1,0,0.675,0.2
105,4,-0.6960904002189636,0.41974347829818726,1.5784341096878052,0.5747106192238507,0.423327017056209,0,0,0,0.12,0.01,0.0,0.01,0.1,0.9,-1.2,0.0,0,0,1,0,0.675,0.2
105,5,-0.3425864577293396,0.16905784606933594,1.5241190195083618,2.1091367327588864,-1.1091544949430299,0,0,0,0.12,0.01,0.0,0.01,0.1,0.9,-1.2,0.0,0,0,1,0,0.675,0.2
105,6,-0.623114287853241,-0.05953409522771835,-2.939866542816162,-0.0628471254848514,1.0622576355480229,0,0,0,0.12,0.01,0.0,0.01,0.1,0.9,-1.2,0.0,0,0,1,0,0.675,0.2
105,7,-0.7626965641975403,0.2168467789888382,-2.992943286895752,0.45322285509599053,0.5444449939678828,0,0,0,0.12,0.01,0.0,0.01,0.1,0.9,-1.2,0.0,0,0,1,0,0.675,0.2
106,0,-0.2860036790370941,-0.08917087316513062,-0.6348392367362976,0.5407948537353954,0.4011913494582691,0,0,0,0.12,0.01,0.0,0.01,0.1,0.9,-1.2,0.0,0,0,1,0,0.675,0.2
106,1,-0.7633894681930542,-0.42576730251312256,3.127286195755005,0.46777373453154963,0.46416902641281693,0,0,0,0.12,0.01,0.0,0.01,0.1,0.9,-1.2,0.0,0,0,1,0,0.675,0.2
106,2,-0.12059718370437622,-0.034724052995443344,0.1593538224697113,1.399246553013575,-0.3992498312690375,0,0,0,0.12,0.01,0.0,0.01,0.1,0.9,-1.2,0.0,0,0,1,0,0.675,0.2
106,3,-0.3658539950847626,-0.2638097405433655,-1.5795446634292603,0.7854022267595814,0.21458758084616208,0,0,0,0.12,0.01,0.0,0.01,0.1,0.9,-1.2,0.0,0,0,1,0,0.675,0.2
106,4,-0.696092426776886,0.420742005109787,1.5674457550048828,0.4948007554871736,0.5025874881880583,0,0,0,0.12,0.01,0.0,0.01,0.1,0.9,-1.2,0.0,0,0,1,0,0.675,0.2
106,5,-0.34252315759658813,0.1700541377067566,1.4572758674621582,1.4214521502674349,-0.4214702104748018,0,0,0,0.12,0.01,0.0,0.01,0.1,0.9,-1.2,0.0,0,0,1,0,0.675,0.2
106,6,-0.6240923404693604,-0.05973895639181137,-2.9195492267608643,0.15281367404840918,0.8465325822076943,0,0,0,0.12,0.01,0.0,0.01,0.1,0.9,-1.2,0.0,0,0,1,0,0.675,0.2
106,7,-0.7636829018592834,0.21669650077819824,-2.9874613285064697,0.4961397184313096,0.5015022622167312,0,0,0,0.12,0.01,0.0,0.01,0.1,0.9,-1.2,0.0,0,0,1,0,0.675,0.2
107,0,-0.28524503111839294,-0.08973240852355957,-0.6393276453018188,0.5397960751685114,0.40053985422525695,0,0,0,0.12,0.01,0.0,0.01,0.1,0.9,-1.2,0.0,0,0,1,0,0.675,0.2
107,1,-0.7643219828605652,-0.4257541000843048,3.127497911453247,0.46801377010379236,0.46349816846813746,0,0,0,0.12,0.01,0.0,0.01,0.1,0.9,-1.2,0.0,0,0,1,0,0.675,0.2
107,2,-0.11960063874721527,-0.034618500620126724,0.034117259085178375,-0.7343071037922304,1.7343035275135439,0,0,0,0.12,0.01,0.0,0.01,0.1,0.9,-1.2,0.0,0,0,1,0,0.675,0.2
107,3,-0.3659144937992096,-0.26480844616889954,-1.6910635232925415,-0.8454601250126363,1.845448621316195,0,0,0,0.12,0.01,0.0,0.01,0.1,0.9,-1.2,0.0,0,0,1,0,0.675,0.2
107,4,-0.6960849165916443,0.4217401146888733,1.5610157251358032,0.4667308245871864,0.5296126688744226,0,0,0,0.12,0.01,0.0,0.01,0.1,0.9,-1.2,0.0,0,0,1,0,0.675,0.2
107,5,-0.3423610329627991,0.17103073000907898,1.3485125303268433,-0.27755594881453394,1.2775362792817582,0,0,0,0.12,0.01,0.0,0.01,0.1,0.9,-1.2,0.0,0,0,1,0,0.675,0.2
107,6,-0.625063419342041,-0.05997451767325401,-2.8824455738067627,0.5664258808564785,0.4328470616865512,0,0,0,0.12,0.01,0.0,0.01,0.1,0.9,-1.2,0.0,0,0,1,0,0.675,0.2
107,7,-0.7646684050559998,0.21654124557971954,-2.983783721923828,0.5214028398253457,0.4762073715470298,0,0,0,0.12,0.01,0.0,0.01,0.1,0.9,-1.2,0.0,0,0,1,0,0.675,0.2
108,0,-0.28449028730392456,-0.09029657393693924,-0.6441725492477417,0.5348108676278148,0.40375653235082287,0,0,0,0.12,0.01,0.0,0.01,0.1,0.9,-1.2,0.0,0,0,1,0,0.675,0.2
108,1,-0.7652539014816284,-0.4257409870624542,3.1274211406707764,0.46485112734690565,0.46632678679570305,0,0,0,0.12,0.01,0.0,0.01,0.1,0.9,-1.2,0.0,0,0,1,0,0.675,0.2
108,2,-0.11860018968582153,-0.03462668135762215,-0.04186113178730011,-1.353387608768587,2.353383317234163,0,0,0,0.12,0.01,0.0,0.01,0.1,0.9,-1.2,0.0,0,0,1,0,0.675,0.2
108,3,-0.36606451869010925,-0.265790194272995,-1.7301318645477295,-1.151259491358569,2.151246497546008,0,0,0,0.12,0.01,0.0,0.01,0.1,0.9,-1.2,0.0,0,0,1,0,0.675,0.2
108,4,-0.6960738301277161,0.4227375388145447,1.5601755380630493,0.4940715859153532,0.5005032589218354,0,0,0,0.12,0.01,0.0,0.01,0.1,0.9,-1.2,0.0,0,0,1,0,0.675,0.2
108,5,-0.3420988917350769,0.1719866394996643,1.2738356590270996,-1.0710506188699218,2.071027373058459,0,0,0,0.12,0.01,0.0,0.01,0.1,0.9,-1.2,0.0,0,0,1,0,0.675,0.2
108,6,-0.6260246634483337,-0.06024492532014847,-2.8550305366516113,0.86684839408304,0.1323369892368147,0,0,0,0.12,0.01,0.0,0.01,0.1,0.9,-1.2,0.0,0,0,1,0,0.675,0.2
108,7,-0.7656534910202026,0.21638360619544983,-2.982982635498047,0.5185315510141328,0.47904057299023123,0,0,0,0.12,0.01,0.0,0.01,0.1,0.9,-1.2,0.0,0,0,1,0,0.675,0.2
109,0,-0.2837395966053009,-0.09086339175701141,-0.64907306432724,0.5296143550561768,0.4070389013601439,0,0,0,0.12,0.01,0.0,0.01,0.1,0.9,-1.2,0.0,0,0,1,0,0.675,0.2
109,1,-0.7661854028701782,-0.4257277250289917,3.127260208129883,0.46072839052544956,0.47011847942007656,0,0,0,0.12,0.01,0.0,0.01,0.1,0.9,-1.2,0.0,0,0,1,0,0.675,0.2
109,2,-0.11760275810956955,-0.034663304686546326,0.015202618204057217,-0.9517129513488559,1.9517087790237218,0,0,0,0.12,0.01,0.0,0.01,0.1,0.9,-1.2,0.0,0,0,1,0,0.675,0.2
109,3,-0.3662068545818329,-0.26677775382995605,-1.6584362983703613,-0.41102191268137905,1.4110090976827523,0,0,0,0.12,0.01,0.0,0.01,0.1,0.9,-1.2,0.0,0,0,1,0,0.675,0.2
109,4,-0.6960636973381042,0.42373403906822205,1.5620050430297852,0.5435203114051647,0.44788308949281513,0,0,0,0.12,0.01,0.0,0.01,0.1,0.9,-1.2,0.0,0,0,1,0,0.675,0.2
109,5,-0.3418044149875641,0.1729397475719452,1.3046948909759521,-0.8156528308605729,1.8156283929562151,0,0,0,0.12,0.01,0.0,0.01,0.1,0.9,-1.2,0.0,0,0,1,0,0.675,0.2
109,6,-0.6269816160202026,-0.06053192913532257,-2.8539180755615234,0.8759194222351201,0.12317154732741044,0,0,0,0.12,0.01,0.0,0.01,0.1,0.9,-1.2,0.0,0,0,1,0,0.675,0.2
109,7,-0.7666386365890503,0.21622630953788757,-2.9842185974121094,0.4964954237649746,0.5010352750112705,0,0,0,0.12,0.01,0.0,0.01,0.1,0.9,-1.2,0.0,0,0,1,0,0.675,0.2
110,0,-0.2829929292201996,-0.09143264591693878,-0.6537442207336426,0.5281802233047742,0.40646989981458,0,0,0,0.12,0.01,0.0,0.01,0.1,0.9,-1.2,0.0,0,0,1,0,0.675,0.2
110,1,-0.7671166062355042,-0.4257143437862396,3.127269983291626,0.4586641986664113,0.4717489282790844,0,0,0,0.12,0.01,0.0,0.01,0.1,0.9,-1.2,0.0,0,0,1,0,0.675,0.2
110,2,-0.1166020855307579,-0.03460308164358139,0.13695542514324188,0.9364418389972278,0.06355392907299323,0,0,0,0.12,0.01,0.0,0.01,0.1,0.9,-1.2,0.0,0,0,1,0,0.675,0.2
110,3,-0.3662489950656891,-0.2677782475948334,-1.5466463565826416,1.3785167618901142,-0.37853047095841247,0,0,0,0.12,0.01,0.0,0.01,0.1,0.9,-1.2,0.0,0,0,1,0,0.675,0.2
110,4,-0.6960554122924805,0.4247289299964905,1.5626375675201416,0.5799028273589029,0.40543878116541976,0,0,0,0.12,0.01,0.0,0.01,0.1,0.9,-1.2,0.0,0,0,1,0,0.675,0.2
110,5,-0.3415752351284027,0.17391371726989746,1.4039878845214844,0.521031661669982,0.47894294675134363,0,0,0,0.12,0.01,0.0,0.01,0.1,0.9,-1.2,0.0,0,0,1,0,0.675,0.2
110,6,-0.6279414892196655,-0.06080916151404381,-2.8754916191101074,0.6395404024780883,0.35944971602548226,0,0,0,0.12,0.01,0.0,0.01,0.1,0.9,-1.2,0.0,0,0,1,0,0.675,0.2
110,7,-0.767624020576477,0.21607063710689545,-2.985654830932617,0.4741610889111981,0.5233296151484027,0,0,0,0.12,0.01,0.0,0.01,0.1,0.9,-1.2,0.0,0,0,1,0,0.675,0.2
111,0,-0.2822502553462982,-0.09200404584407806,-0.6581210494041443,0.5309989341197036,0.4016348830761887,0,0,0,0.12,0.01,0.0,0.01,0.1,0.9,-1.2,0.0,0,0,1,0,0.675,0.2
111,1,-0.7680473923683167,-0.4257010817527771,3.1275510787963867,0.4597719476454543,0.4700774981744004,0,0,0,0.12,0.01,0.0,0.01,0.1,0.9,-1.2,0.0,0,0,1,0,0.675,0.2
111,2,-0.11560019105672836,-0.03441411256790161,0.24529045820236206,2.213816907857111,-1.2138219146472715,0,0,0,0.12,0.01,0.0,0.01,0.1,0.9,-1.2,0.0,0,0,1,0,0.675,0.2
111,3,-0.36618462204933167,-0.268777996301651,-1.4719120264053345,2.1402344534572535,-1.1402503678974087,0,0,0,0.12,0.01,0.0,0.01,0.1,0.9,-1.2,0.0,0,0,1,0,0.675,0.2
111,4,-0.6960465908050537,0.4257209300994873,1.5599948167800903,0.5912074339696555,0.38168955919059233,0,0,0,0.12,0.01,0.0,0.01,0.1,0.9,-1.2,0.0,0,0,1,0,0.675,0.2
111,5,-0.3414515256881714,0.1749076396226883,1.5000241994857788,1.7947738777861675,-0.7948032628760415,0,0,0,0.12,0.01,0.0,0.01,0.1,0.9,-1.2,0.0,0,0,1,0,0.675,0.2
111,6,-0.6289085745811462,-0.061060477048158646,-2.901793956756592,0.3490901778846096,0.6497841287941625,0,0,0,0.12,0.01,0.0,0.01,0.1,0.9,-1.2,0.0,0,0,1,0,0.675,0.2
111,7,-0.7686094641685486,0.2159159779548645,-2.9858014583587646,0.4664387216500689,0.5310158619947981,0,0,0,0.12,0.01,0.0,0.01,0.1,0.9,-1.2,0.0,0,0,1,0,0.675,0.2
112,0,-0.2815116047859192,-0.09257738292217255,-0.6624109745025635,0.5352958067462461,0.395372726102112,0,0,0,0.12,0.01,0.0,0.01,0.1,0.9,-1.2,0.0,0,0,1,0,0.675,0.2
112,1,-0.7689778208732605,-0.4256881773471832,3.127993583679199,0.4627913632635047,0.4664335450883936,0,0,0,0.12,0.01,0.0,0.01,0.1,0.9,-1.2,0.0,0,0,1,0,0.675,0.2
112,2,-0.11463301628828049,-0.034155990928411484,0.24099281430244446,2.1648826204354,-1.1648879252487847,0,0,0,0.12,0.01,0.0,0.01,0.1,0.9,-1.2,0.0,0,0,1,0,0.675,0.2
112,3,-0.3660854697227478,-0.2697724997997284,-1.508554220199585,1.8449621527078373,-0.8449783651712162,0,0,0,0.12,0.01,0.0,0.01,0.1,0.9,-1.2,0.0,0,0,1,0,0.675,0.2
112,4,-0.6960338354110718,0.42670738697052,1.5544166564941406,0.5865691710900077,0.35877390609276205,0,0,0,0.12,0.01,0.0,0.01,0.1,0.9,-1.2,0.0,0,0,1,0,0.675,0.2
112,5,-0.34140101075172424,0.17590554058551788,1.5171890258789062,1.930290952648037,-0.9303239140165978,0,0,0,0.12,0.01,0.0,0.01,0.1,0.9,-1.2,0.0,0,0,1,0,0.675,0.2
112,6,-0.629880964756012,-0.06128939241170883,-2.9149513244628906,0.20236259282657948,0.7963816565172926,0,0,0,0.12,0.01,0.0,0.01,0.1,0.9,-1.2,0.0,0,0,1,0,0.675,0.2
112,7,-0.7695948481559753,0.21576076745986938,-2.984379768371582,0.4756927218090549,0.5217284832347379,0,0,0,0.12,0.01,0.0,0.01,0.1,0.9,-1.2,0.0,0,0,1,0,0.675,0.2
113,0,-0.28077709674835205,-0.0931527242064476,-0.6669074892997742,0.5370645285073985,0.39158471818525886,0,0,0,0.12,0.01,0.0,0.01,0.1,0.9,-1.2,0.0,0,0,1,0,0.675,0.2
113,1,-0.7699076533317566,-0.42567571997642517,3.1283843517303467,0.4650735202195274,0.4635955748198403,0,0,0,0.12,0.01,0.0,0.01,0.1,0.9,-1.2,0.0,0,0,1,0,0.675,0.2
113,2,-0.11365461349487305,-0.03395082429051399,0.13839446008205414,0.8471392866380555,0.15285558736249386,0,0,0,0.12,0.01,0.0,0.01,0.1,0.9,-1.2,0.0,0,0,1,0,0.675,0.2
113,3,-0.36606258153915405,-0.27077266573905945,-1.6131573915481567,0.3813179805474237,0.6186655685706182,0,0,0,0.12,0.01,0.0,0.01,0.1,0.9,-1.2,0.0,0,0,1,0,0.675,0.2
113,4,-0.6960148215293884,0.4276825785636902,1.5473004579544067,0.5783376352521257,0.3018882019785568,0,0,0,0.12,0.01,0.0,0.01,0.1,0.9,-1.2,0.0,0,0,1,0,0.675,0.2
113,5,-0.3413267135620117,0.1769009530544281,1.4439938068389893,1.0710998652375743,-0.0711338994897409,0,0,0,0.12,0.01,0.0,0.01,0.1,0.9,-1.2,0.0,0,0,1,0,0.675,0.2
113,6,-0.6308542490005493,-0.061514005064964294,-2.9084692001342773,0.2617427992883693,0.7368614387449253,0,0,0,0.12,0.01,0.0,0.01,0.1,0.9,-1.2,0.0,0,0,1,0,0.675,0.2
113,7,-0.7705798149108887,0.21560367941856384,-2.982211112976074,0.4929834980055688,0.5044025999024512,0,0,0,0.12,0.01,0.0,0.01,0.1,0.9,-1.2,0.0,0,0,1,0,0.675,0.2
114,0,-0.28004688024520874,-0.09373036026954651,-0.6717565059661865,0.535057709921836,0.3914430873498925,0,0,0,0.12,0.01,0.0,0.01,0.1,0.9,-1.2,0.0,0,0,1,0,0.675,0.2
114,1,-0.7708369493484497,-0.425663560628891,3.128568649291992,0.46485827226871124,0.46337105970150366,0,0,0,0.12,0.01,0.0,0.01,0.1,0.9,-1.2,0.0,0,0,1,0,0.675,0.2
114,2,-0.11265615373849869,-0.03386587277054787,0.020648354664444923,-0.9613087367742151,1.961302895519027,0,0,0,0.12,0.01,0.0,0.01,0.1,0.9,-1.2,0.0,0,0,1,0,0.675,0.2
114,3,-0.36615291237831116,-0.2717684507369995,-1.7120792865753174,-0.9127862419963187,1.9127674665332148,0,0,0,0.12,0.01,0.0,0.01,0.1,0.9,-1.2,0.0,0,0,1,0,0.675,0.2
114,4,-0.6959888339042664,0.42863309383392334,1.5394256114959717,0.5768853632761591,0.1475032957242376,0,0,0,0.12,0.01,0.0,0.01,0.1,0.9,-1.2,0.0,0,0,1,0,0.675,0.2
114,5,-0.34115564823150635,0.17787669599056244,1.3450021743774414,-0.39996273424109774,1.3999248256870207,0,0,0,0.12,0.01,0.0,0.01,0.1,0.9,-1.2,0.0,0,0,1,0,0.675,0.2
114,6,-0.6318241357803345,-0.06175224110484123,-2.8896701335906982,0.4499737673898406,0.5484762138227754,0,0,0,0.12,0.01,0.0,0.01,0.1,0.9,-1.2,0.0,0,0,1,0,0.675,0.2
114,7,-0.7715644836425781,0.21544447541236877,-2.980454444885254,0.5064080898313466,0.4909375961275157,0,0,0,0.12,0.01,0.0,0.01,0.1,0.9,-1.2,0.0,0,0,1,0,0.675,0.2
115,0,-0.27932122349739075,-0.09431048482656479,-0.6768383383750916,0.5306424128621171,0.39356241349286336,0,0,0,0.12,0.01,0.0,0.01,0.1,0.9,-1.2,0.0,0,0,1,0,0.675,0.2
115,1,-0.7717656493186951,-0.425651490688324,3.1285529136657715,0.46232817550691296,0.46553709129301374,0,0,0,0.12,0.01,0.0,0.01,0.1,0.9,-1.2,0.0,0,0,1,0,0.675,0.2
115,2,-0.11165662109851837,-0.033878497779369354,-0.023126767948269844,-1.2849091083034163,2.2849024325832015,0,0,0,0.12,0.01,0.0,0.01,0.1,0.9,-1.2,0.0,0,0,1,0,0.675,0.2
115,3,-0.36631351709365845,-0.27275320887565613,-1.7242579460144043,-0.9971665686458294,1.9971461838573161,0,0,0,0.12,0.01,0.0,0.01,0.1,0.9,-1.2,0.0,0,0,1,0,0.675,0.2
115,4,-0.695956826210022,0.429525762796402,1.5300564765930176,0.7271429028705907,-0.3276983823971105,0,0,0,0.12,0.01,0.0,0.01,0.1,0.9,-1.2,0.0,0,0,1,0,0.675,0.2
115,5,-0.34089910984039307,0.17883561551570892,1.2926173210144043,-0.9392909849007721,1.9392472946961516,0,0,0,0.12,0.01,0.0,0.01,0.1,0.9,-1.2,0.0,0,0,1,0,0.675,0.2
115,6,-0.6327890157699585,-0.06201000511646271,-2.872150182723999,0.6244509837614352,0.3738245346559232,0,0,0,0.12,0.01,0.0,0.01,0.1,0.9,-1.2,0.0,0,0,1,0,0.675,0.2
115,7,-0.7725488543510437,0.21528394520282745,-2.97979998588562,0.5092455418044898,0.48805567908937003,0,0,0,0.12,0.01,0.0,0.01,0.1,0.9,-1.2,0.0,0,0,1,0,0.675,0.2
116,0,-0.27860021591186523,-0.09489304572343826,-0.681905210018158,0.5271677306688718,0.39459145750632957,0,0,0,0.12,0.01,0.0,0.01,0.1,0.9,-1.2,0.0,0,0,1,0,0.675,0.2
116,1,-0.7726938724517822,-0.4256393611431122,3.1284971237182617,0.4595103365973557,0.46796672515114907,0,0,0,0.12,0.01,0.0,0.01,0.1,0.9,-1.2,0.0,0,0,1,0,0.675,0.2
116,2,-0.11065808683633804,-0.03388379141688347,0.05428387224674225,-0.6039619463645802,1.6039555686675893,0,0,0,0.12,0.01,0.0,0.01,0.1,0.9,-1.2,0.0,0,0,1,0,0.675,0.2
116,3,-0.3664422929286957,-0.2737441956996918,-1.6431057453155518,-0.01797942726322766,1.0179591020793592,0,0,0,0.12,0.01,0.0,0.01,0.1,0.9,-1.2,0.0,0,0,1,0,0.675,0.2
116,4,-0.6959218382835388,0.43028053641319275,1.5160553455352783,5.641917990633372,-5.6882019286240375,0,0,0,0.12,0.01,0.0,0.01,0.1,0.9,-1.2,0.0,0,0,1,0,0.675,0.2
116,5,-0.34063059091567993,0.17979696393013,1.3352311849594116,-0.5270733196860317,1.5270274837141995,0,0,0,0.12,0.01,0.0,0.01,0.1,0.9,-1.2,0.0,0,0,1,0,0.675,0.2
116,6,-0.6337500810623169,-0.06228047236800194,-2.866036891937256,0.678478356560632,0.319603565970496,0,0,0,0.12,0.01,0.0,0.01,0.1,0.9,-1.2,0.0,0,0,1,0,0.675,0.2
116,7,-0.7735331654548645,0.21512329578399658,-2.9801580905914307,0.5025631220538993,0.4946955411235908,0,0,0,0.12,0.01,0.0,0.01,0.1,0.9,-1.2,0.0,0,0,1,0,0.675,0.2
117,0,-0.2778838872909546,-0.09547773748636246,-0.6867726445198059,0.5269498791010322,0.39228582722831346,0,0,0,0.12,0.01,0.0,0.01,0.1,0.9,-1.2,0.0,0,0,1,0,0.675,0.2
117,1,-0.7736217379570007,-0.4256272315979004,3.128582000732422,0.4584204006310993,0.4685636114958234,0,0,0,0.12,0.01,0.0,0.01,0.1,0.9,-1.2,0.0,0,0,1,0,0.675,0.2
117,2,-0.10965519398450851,-0.03377915173768997,0.17571352422237396,1.360535779175495,-0.3605425145003547,0,0,0,0.12,0.01,0.0,0.01,0.1,0.9,-1.2,0.0,0,0,1,0,0.675,0.2
117,3,-0.36646923422813416,-0.2747451961040497,-1.539062738418579,1.5681987002842221,-0.5682209924213679,0,0,0,0.12,0.01,0.0,0.01,0.1,0.9,-1.2,0.0,0,0,1,0,0.675,0.2
117,4,-0.6958926320075989,0.43074414134025574,1.483418583869934,6.28,-6.28,0,0,0,0.12,0.01,0.0,0.01,0.1,0.9,-1.2,0.0,0,0,1,0,0.675,0.2
117,5,-0.34043383598327637,0.18077819049358368,1.4288045167922974,0.7791271957280606,0.22082380925393402,0,0,0,0.12,0.01,0.0,0.01,0.1,0.9,-1.2,0.0,0,0,1,0,0.675,0.2
117,6,-0.634710967540741,-0.0625511035323143,-2.872387170791626,0.601005292626113,0.39686610629966823,0,0,0,0.12,0.01,0.0,0.01,0.1,0.9,-1.2,0.0,0,0,1,0,0.675,0.2
117,7,-0.7745175957679749,0.21496328711509705,-2.9808716773986816,0.49251646095285545,0.5047106713675487,0,0,0,0.12,0.01,0.0,0.01,0.1,0.9,-1.2,0.0,0,0,1,0,0.675,0.2
118,0,-0.27717214822769165,-0.09606420993804932,-0.6914689540863037,0.5294326427758823,0.3872841712652553,0,0,0,0.12,0.01,0.0,0.01,0.1,0.9,-1.2,0.0,0,0,1,0,0.675,0.2
118,1,-0.7745491862297058,-0.42561525106430054,3.1288509368896484,0.4594520398400476,0.46692954814213017,0,0,0,0.12,0.01,0.0,0.01,0.1,0.9,-1.2,0.0,0,0,1,0,0.675,0.2
118,2,-0.10866379737854004,-0.03355840593576431,0.2632969617843628,2.2244087177034695,-1.2244166451212244,0,0,0,0.12,0.01,0.0,0.01,0.1,0.9,-1.2,0.0,0,0,1,0,0.675,0.2
118,3,-0.36640527844429016,-0.27574390172958374,-1.4886457920074463,2.054517270746297,-1.054542483511037,0,0,0,0.12,0.01,0.0,0.01,0.1,0.9,-1.2,0.0,0,0,1,0,0.675,0.2
118,4,-0.6959119439125061,0.4308301508426666,1.1528620719909668,6.28,-6.28,0,0,0,0.12,0.01,0.0,0.01,0.1,0.9,-1.2,0.0,0,0,1,0,0.675,0.2
118,5,-0.3403307795524597,0.18177391588687897,1.5067311525344849,1.7411711199003028,-0.74122762510355,0,0,0,0.12,0.01,0.0,0.01,0.1,0.9,-1.2,0.0,0,0,1,0,0.675,0.2
118,6,-0.6356743574142456,-0.06281207501888275,-2.884232997894287,0.4615946929762135,0.5360456783464183,0,0,0,0.12,0.01,0.0,0.01,0.1,0.9,-1.2,0.0,0,0,1,0,0.675,0.2
118,7,-0.7755020260810852,0.21480393409729004,-2.9812519550323486,0.48462554238803307,0.5125834105157144,0,0,0,0.12,0.01,0.0,0.01,0.1,0.9,-1.2,0.0,0,0,1,0,0.675,0.2
119,0,-0.2764649987220764,-0.09665229171514511,-0.6961953639984131,0.532056549787718,0.38217832684497244,0,0,0,0.12,0.01,0.0,0.01,0.1,0.9,-1.2,0.0,0,0,1,0,0.675,0.2
119,1,-0.7754762172698975,-0.42560359835624695,3.129204511642456,0.4614158634616018,0.464336239867103,0,0,0,0.12,0.01,0.0,0.01,0.1,0.9,-1.2,0.0,0,0,1,0,0.675,0.2
119,2,-0.10769922286272049,-0.03329465538263321,0.23028583824634552,1.9503595617003522,-0.9503676083273972,0,0,0,0.12,0.01,0.0,0.01,0.1,0.9,-1.2,0.0,0,0,1,0,0.675,0.2
119,3,-0.36633196473121643,-0.2767399251461029,-1.541500210762024,1.5587030370746178,-0.5587284286532921,0,0,0,0.12,0.01,0.0,0.01,0.1,0.9,-1.2,0.0,0,0,1,0,0.675,0.2
119,4,-0.6959182024002075,0.430816650390625,0.7075071334838867,5.653366622853255,-5.839713943529106,0,0,0,0.12,0.01,0.0,0.01,0.1,0.9,-1.2,0.0,0,0,1,0,0.675,0.2
119,5,-0.34027859568595886,0.18277159333229065,1.5053730010986328,1.7191314045941715,-0.7191935126340275,0,0,0,0.12,0.01,0.0,0.01,0.1,0.9,-1.2,0.0,0,0,1,0,0.675,0.2
119,6,-0.6366405487060547,-0.06306177377700806,-2.8924946784973145,0.3563944459645598,0.640991175106302,0,0,0,0.12,0.01,0.0,0.01,0.1,0.9,-1.2,0.0,0,0,1,0,0.675,0.2
119,7,-0.7764864563941956,0.2146446853876114,-2.9809610843658447,0.48402585838150725,0.5131711735932851,0,0,0,0.12,0.01,0.0,0.01,0.1,0.9,-1.2,0.0,0,0,1,0,0.675,0.2
120,0,-0.27576249837875366,-0.09724204987287521,-0.7011462450027466,0.5319756164837535,0.37967194172852686,0,0,0,0.12,0.01,0.0,0.01,0.1,0.9,-1.2,0.0,0,0,1,0,0.675,0.2
120,1,-0.7764026522636414,-0.42559224367141724,3.12949538230896,0.46242162263985653,0.4627823563754938,0,0,0,0.12,0.01,0.0,0.01,0.1,0.9,-1.2,0.0,0,0,1,0,0.675,0.2
120,2,-0.10671696811914444,-0.033104315400123596,0.12116117030382156,0.32995821752688825,0.6700337358460671,0,0,0,0.12,0.01,0.0,0.01,0.1,0.9,-1.2,0.0,0,0,1,0,0.675,0.2
120,3,-0.36634328961372375,-0.2777406573295593,-1.6439260244369507,0.0592014117390861,0.9407721834032784,0,0,0,0.12,0.01,0.0,0.01,0.1,0.9,-1.2,0.0,0,0,1,0,0.675,0.2
120,4,-0.6959181427955627,0.4308166801929474,0.7075045108795166,5.628504690478462,-5.8139782517653895,0,0,0,0.12,0.01,0.0,0.01,0.1,0.9,-1.2,0.0,0,0,1,0,0.675,0.2
120,5,-0.340190052986145,0.18376652896404266,1.431574821472168,0.807922751644926,0.19201186205975543,0,0,0,0.12,0.01,0.0,0.01,0.1,0.9,-1.2,0.0,0,0,1,0,0.675,0.2
120,6,-0.6376076936721802,-0.06330667436122894,-2.8918325901031494,0.33951759671173076,0.6575882997612003,0,0,0,0.12,0.01,0.0,0.01,0.1,0.9,-1.2,0.0,0,0,1,0,0.675,0.2
120,7,-0.7774707674980164,0.21448485553264618,-2.9800808429718018,0.48951124217445297,0.507671842313462,0,0,0,0.12,0.01,0.0,0.01,0.1,0.9,-1.2,0.0,0,0,1,0,0.675,0.2
121,0,-0.2750649154186249,-0.09783374518156052,-0.7063632607460022,0.5289669549685668,0.37991989491165173,0,0,0,0.12,0.01,0.0,0.01,0.1,0.9,-1.2,0.0,0,0,1,0,0.675,0.2
121,1,-0.7773284316062927,-0.4255811274051666,3.129638910293579,0.461570580798157,0.4631928006830138,0,0,0,0.12,0.01,0.0,0.01,0.1,0.9,-1.2,0.0,0,0,1,0,0.675,0.2
121,2,-0.10571784526109695,-0.0330318808555603,0.015380758792161942,-1.0723608619428202,2.0723515040135903,0,0,0,0.12,0.01,0.0,0.01,0.1,0.9,-1.2,0.0,0,0,1,0,0.675,0.2
121,3,-0.3664587140083313,-0.27873799204826355,-1.72572660446167,-0.9075208528098705,1.9074908120689036,0,0,0,0.12,0.01,0.0,0.01,0.1,0.9,-1.2,0.0,0,0,1,0,0.675,0.2
121,4,-0.6959663033485413,0.43073078989982605,0.38247665762901306,4.6020448560755,-4.621935656193946,0,0,0,0.12,0.01,0.0,0.01,0.1,0.9,-1.2,0.0,0,0,1,0,0.675,0.2
121,5,-0.3400127589702606,0.18474993109703064,1.3453038930892944,-0.38217210588866873,1.3820989113848845,0,0,0,0.12,0.01,0.0,0.01,0.1,0.9,-1.2,0.0,0,0,1,0,0.675,0.2
121,6,-0.638573408126831,-0.06355613470077515,-2.8833096027374268,0.39768750920832036,0.5991118405765307,0,0,0,0.12,0.01,0.0,0.01,0.1,0.9,-1.2,0.0,0,0,1,0,0.675,0.2
121,7,-0.7784549593925476,0.21432402729988098,-2.979055643081665,0.49491534400925064,0.5022493822480737,0,0,0,0.12,0.01,0.0,0.01,0.1,0.9,-1.2,0.0,0,0,1,0,0.675,0.2
122,0,-0.27437248826026917,-0.09842753410339355,-0.7117019295692444,1.0093665345407035,-0.11202534277205715,0,0,0,0.12,0.01,0.0,0.01,0.1,0.9,-1.2,0.0,0,0,1,0,0.675,0.2
122,1,-0.7782536745071411,-0.4255701005458832,3.1296732425689697,0.7345433313634412,0.1671138327333911,0,0,0,0.12,0.01,0.0,0.01,0.1,0.9,-1.2,0.0,0,0,1,0,0.675,0.2
122,2,-0.10471896827220917,-0.033036474138498306,0.004743550438433886,-1.1543166289315179,2.154306496141906,0,0,0,0.12,0.01,0.0,0.01,0.1,0.9,-1.2,0.0,0,0,1,0,0.675,0.2
122,3,-0.3666227459907532,-0.27972468733787537,-1.7157729864120483,-0.7964556225788479,1.7964239129078272,0,0,0,0.12,0.01,0.0,0.01,0.1,0.9,-1.2,0.0,0,0,1,0,0.675,0.2
122,4,-0.6945235133171082,0.431287944316864,0.19729168713092804,4.499228755399683,-4.508324787408212,0,0,0,0.12,0.01,0.0,0.01,0.1,0.9,-1.2,0.0,0,0,1,0,0.675,0.2
122,5,-0.33976510167121887,0.18571758270263672,1.310734510421753,-0.7261449999122948,1.7260614938049645,0,0,0,0.12,0.01,0.0,0.01,0.1,0.9,-1.2,0.0,0,0,1,0,0.675,0.2
122,6,-0.6395361423492432,-0.0638158842921257,-2.872370719909668,0.48742054698224263,0.5090500831866721,0,0,0,0.12,0.01,0.0,0.01,0.1,0.9,-1.2,0.0,0,0,1,0,0.675,0.2
122,7,-0.7794389128684998,0.21416227519512177,-2.978330135345459,0.5312561142645719,0.46594330189601174,0,0,0,0.12,0.01,0.0,0.01,0.1,0.9,-1.2,0.0,0,0,1,0,0.675,0.2
123,0,-0.27368542551994324,-0.09902335703372955,-0.7169691920280457,1.0028851506496594,-0.10865496371042001,0,0,0,0.12,0.01,0.0,0.01,0.1,0.9,-1.2,0.0,0,0,1,0,0.675,0.2
123,1,-0.7791785001754761,-0.4255591034889221,3.129725217819214,0.7279597405437975,0.17344785890536016,0,0,0,0.12,0.01,0.0,0.01,0.1,0.9,-1.2,0.0,0,0,1,0,0.675,0.2
123,2,-0.10372033715248108,-0.03300350904464722,0.09560955315828323,-0.1566034161492147,1.1565935813828268,0,0,0,0.12,0.01,0.0,0.01,0.1,0.9,-1.2,0.0,0,0,1,0,0.675,0.2
123,3,-0.3667382001876831,-0.2807178199291229,-1.6304261684417725,0.34377429420833244,0.6561935192834889,0,0,0,0.12,0.01,0.0,0.01,0.1,0.9,-1.2,0.0,0,0,1,0,0.675,0.2
123,4,-0.6941803693771362,0.43145662546157837,-0.13050706684589386,3.5742915534709825,-3.304582055780781,0,0,0,0.12,0.01,0.0,0.01,0.1,0.9,-1.2,0.0,0,0,1,0,0.675,0.2
123,5,-0.3395172953605652,0.1866850107908249,1.3560088872909546,-0.22054615718618137,1.2204574654747555,0,0,0,0.12,0.01,0.0,0.01,0.1,0.9,-1.2,0.0,0,0,1,0,0.675,0.2
123,6,-0.6404958963394165,-0.06408541649580002,-2.864471912384033,0.5416738211636993,0.4544262469286469,0,0,0,0.12,0.01,0.0,0.01,0.1,0.9,-1.2,0.0,0,0,1,0,0.675,0.2
123,7,-0.7804228067398071,0.21399997174739838,-2.9779860973358154,0.5398360936145329,0.4573514016170956,0,0,0,0.12,0.01,0.0,0.01,0.1,0.9,-1.2,0.0,0,0,1,0,0.675,0.2
124,0,-0.27301475405693054,-0.0996231809258461,-0.7495133280754089,0.8809699559506001,0.010957763165610895,0,0,0,0.12,0.01,0.0,0.01,0.1,0.9,-1.2,0.0,0,0,1,0,0.675,0.2
124,1,-0.7800846099853516,-0.425542950630188,3.113802671432495,0.6431066569166489,0.25815890466400904,0,0,0,0.12,0.01,0.0,0.01,0.1,0.9,-1.2,0.0,0,0,1,0,0.675,0.2
124,2,-0.10272077471017838,-0.03285497426986694,0.21134468913078308,1.6438071322196048,-0.6438178610556643,0,0,0,0.12,0.01,0.0,0.01,0.1,0.9,-1.2,0.0,0,0,1,0,0.675,0.2
124,3,-0.3667547404766083,-0.2817188799381256,-1.53777277469635,1.6548540161947882,-0.6548897193770087,0,0,0,0.12,0.01,0.0,0.01,0.1,0.9,-1.2,0.0,0,0,1,0,0.675,0.2
124,4,-0.6941900253295898,0.4314438998699188,-0.48934024572372437,2.755794302617538,-2.234704271947372,0,0,0,0.12,0.01,0.0,0.01,0.1,0.9,-1.2,0.0,0,0,1,0,0.675,0.2
124,5,-0.33933791518211365,0.18766942620277405,1.437321424484253,0.8982146125162151,0.10168894716853834,0,0,0,0.12,0.01,0.0,0.01,0.1,0.9,-1.2,0.0,0,0,1,0,0.675,0.2
124,6,-0.6414538621902466,-0.06435997039079666,-2.8624393939971924,0.5369588944367404,0.4587335970946318,0,0,0,0.12,0.01,0.0,0.01,0.1,0.9,-1.2,0.0,0,0,1,0,0.675,0.2
124,7,-0.7814067602157593,0.21383807063102722,-2.9797725677490234,0.5209759351270203,0.47619057926964714,0,0,0,0.12,0.01,0.0,0.01,0.1,0.9,-1.2,0.0,0,0,1,0,0.675,0.2
125,0,-0.2723718285560608,-0.10024622827768326,-0.7886132001876831,0.7304497545497007,0.15914229695634172,0,0,0,0.12,0.01,0.0,0.01,0.1,0.9,-1.2,0.0,0,0,1,0,0.675,0.2
125,1,-0.7809854745864868,-0.4255087971687317,3.0942435264587402,0.5232547493361281,0.3776692776299668,0,0,0,0.12,0.01,0.0,0.01,0.1,0.9,-1.2,0.0,0,0,1,0,0.675,0.2
125,2,-0.10174068808555603,-0.032607730478048325,0.27175500988960266,2.168969552041969,-1.1689818305987931,0,0,0,0.12,0.01,0.0,0.01,0.1,0.9,-1.2,0.0,0,0,1,0,0.675,0.2
125,3,-0.3666980266571045,-0.2827168107032776,-1.510412573814392,1.9199509703749222,-0.9199901902311843,0,0,0,0.12,0.01,0.0,0.01,0.1,0.9,-1.2,0.0,0,0,1,0,0.675,0.2
125,4,-0.6938832402229309,0.43122369050979614,-0.7919806838035583,1.9801337298169193,-1.399714964272028,0,0,0,0.12,0.01,0.0,0.01,0.1,0.9,-1.2,0.0,0,0,1,0,0.675,0.2
125,5,-0.33923646807670593,0.1886647492647171,1.495008945465088,1.5908756512730726,-0.5909856218426831,0,0,0,0.12,0.01,0.0,0.01,0.1,0.9,-1.2,0.0,0,0,1,0,0.675,0.2
125,6,-0.6424115896224976,-0.0646340623497963,-2.864741802215576,0.48854692859823573,0.5067079456311954,0,0,0,0.12,0.01,0.0,0.01,0.1,0.9,-1.2,0.0,0,0,1,0,0.675,0.2
125,7,-0.7823911309242249,0.21367864310741425,-2.9825565814971924,0.49969404919318383,0.4974783064586717,0,0,0,0.12,0.01,0.0,0.01,0.1,0.9,-1.2,0.0,0,0,1,0,0.675,0.2
126,0,-0.27175387740135193,-0.10089051723480225,-0.8208574652671814,0.7438794546761901,0.10373143618913586,0,0,0,0.12,0.01,0.0,0.01,0.1,0.9,-1.2,0.0,0,0,1,0,0.675,0.2
126,1,-0.7818854451179504,-0.425458699464798,3.079535484313965,0.40961789029243384,0.4907728539168557,0,0,0,0.12,0.01,0.0,0.01,0.1,0.9,-1.2,0.0,0,0,1,0,0.675,0.2
126,2,-0.10077573359012604,-0.03234712779521942,0.216577410697937,1.6426036763394634,-0.6426158356869975,0,0,0,0.12,0.01,0.0,0.01,0.1,0.9,-1.2,0.0,0,0,1,0,0.675,0.2
126,3,-0.3666534721851349,-0.2837149202823639,-1.573174238204956,1.246277139326656,-0.24631665720614218,0,0,0,0.12,0.01,0.0,0.01,0.1,0.9,-1.2,0.0,0,0,1,0,0.675,0.2
126,4,-0.6935933828353882,0.43085598945617676,-0.9975283741950989,0.9588313923508044,-0.4813868926197406,0,0,0,0.12,0.01,0.0,0.01,0.1,0.9,-1.2,0.0,0,0,1,0,0.675,0.2
126,5,-0.3391657769680023,0.1896613985300064,1.4826959371566772,1.4665005007924352,-0.46662072336094723,0,0,0,0.12,0.01,0.0,0.01,0.1,0.9,-1.2,0.0,0,0,1,0,0.675,0.2
126,6,-0.6433697938919067,-0.06490505486726761,-2.8675615787506104,0.4347228386697017,0.5600570461455143,0,0,0,0.12,0.01,0.0,0.01,0.1,0.9,-1.2,0.0,0,0,1,0,0.675,0.2
126,7,-0.7833758592605591,0.2135217934846878,-2.9844038486480713,0.1820810491985059,0.8142991011196399,0,0,0,0.12,0.01,0.0,0.01,0.1,0.9,-1.2,0.0,0,0,1,0,0.675,0.2
127,0,-0.27115529775619507,-0.10154934972524643,-0.8430145978927612,0.6745085527679444,0.17024936177520753,0,0,0,0.12,0.01,0.0,0.01,0.1,0.9,-1.2,0.0,0,0,1,0,0.675,0.2
127,1,-0.7827844023704529,-0.42539873719215393,3.0727379322052,0.32249511926760976,0.5773734286488027,0,0,0,0.12,0.01,0.0,0.01,0.1,0.9,-1.2,0.0,0,0,1,0,0.675,0.2
127,2,-0.09978975355625153,-0.03217335045337677,0.1066170409321785,-0.10322353168500707,1.1032109551049596,0,0,0,0.12,0.01,0.0,0.01,0.1,0.9,-1.2,0.0,0,0,1,0,0.675,0.2
127,3,-0.3666963279247284,-0.284714937210083,-1.6692308187484741,-0.15091747342334183,1.15087551175342,0,0,0,0.12,0.01,0.0,0.01,0.1,0.9,-1.2,0.0,0,0,1,0,0.675,0.2
127,4,-0.6933214068412781,0.430363267660141,-1.1253345012664795,-0.934822754257594,1.1682164978918177,0,0,0,0.12,0.01,0.0,0.01,0.1,0.9,-1.2,0.0,0,0,1,0,0.675,0.2
127,5,-0.3390539288520813,0.19065465033054352,1.415725827217102,0.6428301605611992,0.35704085498750676,0,0,0,0.12,0.01,0.0,0.01,0.1,0.9,-1.2,0.0,0,0,1,0,0.675,0.2
127,6,-0.6443281173706055,-0.06517398357391357,-2.86759614944458,0.40651044133313696,0.5877514195143361,0,0,0,0.12,0.01,0.0,0.01,0.1,0.9,-1.2,0.0,0,0,1,0,0.675,0.2
127,7,-0.7843608260154724,0.21336612105369568,-2.984788417816162,0.1893878033490567,0.8070272156862828,0,0,0,0.12,0.01,0.0,0.01,0.1,0.9,-1.2,0.0,0,0,1,0,0.675,0.2
128,0,-0.2705923020839691,-0.10219410806894302,-0.8650080561637878,0.605029962992795,0.23634729530798626,0,0,0,0.12,0.01,0.0,0.01,0.1,0.9,-1.2,0.0,0,0,1,0,0.675,0.2
128,1,-0.783682644367218,-0.4253360629081726,3.0739994049072266,0.2697408997777773,0.6297559535738156,0,0,0,0.12,0.01,0.0,0.01,0.1,0.9,-1.2,0.0,0,0,1,0,0.675,0.2
128,2,-0.09879063069820404,-0.03210895508527756,0.018999008461833,-1.1050655734700887,2.1050509703321185,0,0,0,0.12,0.01,0.0,0.01,0.1,0.9,-1.2,0.0,0,0,1,0,0.675,0.2
128,3,-0.3668300211429596,-0.2857152819633484,-1.7315422296524048,-0.8401864433765553,1.8401394153118276,0,0,0,0.12,0.01,0.0,0.01,0.1,0.9,-1.2,0.0,0,0,1,0,0.675,0.2
128,4,-0.693126380443573,0.429903119802475,-1.1882567405700684,-4.883556326624781,4.852861750644475,0,0,0,0.12,0.01,0.0,0.01,0.1,0.9,-1.2,0.0,0,0,1,0,0.675,0.2
128,5,-0.3388669788837433,0.19164159893989563,1.345885992050171,-0.24954692907604722,1.249402864649625,0,0,0,0.12,0.01,0.0,0.01,0.1,0.9,-1.2,0.0,0,0,1,0,0.675,0.2
128,6,-0.6452855467796326,-0.06544429808855057,-2.8639392852783203,0.41324196214448466,0.5804560387634133,0,0,0,0.12,0.01,0.0,0.01,0.1,0.9,-1.2,0.0,0,0,1,0,0.675,0.2
128,7,-0.7853442430496216,0.21320486068725586,-2.967050790786743,0.3568434966124833,0.6396048414192855,0,0,0,0.12,0.01,0.0,0.01,0.1,0.9,-1.2,0.0,0,0,1,0,0.675,0.2
129,0,-0.2700497508049011,-0.10284233093261719,-0.8836652636528015,0.5499517275988411,0.28767091491824875,0,0,0,0.12,0.01,0.0,0.01,0.1,0.9,-1.2,0.0,0,0,1,0,0.675,0.2
129,1,-0.7845807075500488,-0.42527738213539124,3.0817339420318604,0.2509137360710731,0.6483428509574303,0,0,0,0.12,0.01,0.0,0.01,0.1,0.9,-1.2,0.0,0,0,1,0,0.675,0.2
129,2,-0.0977921187877655,-0.03209808096289635,0.03698599338531494,-0.969105938614962,1.9690907990351891,0,0,0,0.12,0.01,0.0,0.01,0.1,0.9,-1.2,0.0,0,0,1,0,0.675,0.2
129,3,-0.36699149012565613,-0.28670239448547363,-1.705406904220581,-0.5610750249546146,1.5610262087505435,0,0,0,0.12,0.01,0.0,0.01,0.1,0.9,-1.2,0.0,0,0,1,0,0.675,0.2
129,4,-0.6930239200592041,0.4296417832374573,-1.1385902166366577,-5.955462402109579,5.803117221598105,0,0,0,0.12,0.01,0.0,0.01,0.1,0.9,-1.2,0.0,0,0,1,0,0.675,0.2
129,5,-0.33862659335136414,0.19261573255062103,1.3241854906082153,-0.4705187318145957,1.4703586933433737,0,0,0,0.12,0.01,0.0,0.01,0.1,0.9,-1.2,0.0,0,0,1,0,0.675,0.2
129,6,-0.6462411284446716,-0.06571931391954422,-2.857959747314453,0.4428811490424963,0.5501998841873316,0,0,0,0.12,0.01,0.0,0.01,0.1,0.9,-1.2,0.0,0,0,1,0,0.675,0.2
129,7,-0.7863237857818604,0.21302181482315063,-2.945263385772705,0.5620439517758192,0.43441046592971666,0,0,0,0.12,0.01,0.0,0.01,0.1,0.9,-1.2,0.0,0,0,1,0,0.675,0.2
130,0,-0.2695204019546509,-0.10349712520837784,-0.8975626230239868,0.5168888456842606,0.31679941344049517,0,0,0,0.12,0.01,0.0,0.01,0.1,0.9,-1.2,0.0,0,0,1,0,0.675,0.2
130,1,-0.785478949546814,-0.42522794008255005,3.093639612197876,0.2611215147204286,0.6379172769360655,0,0,0,0.12,0.01,0.0,0.01,0.1,0.9,-1.2,0.0,0,0,1,0,0.675,0.2
130,2,-0.0967942550778389,-0.03202654793858528,0.1358490139245987,0.30553872902069285,0.6944462506088238,0,0,0,0.12,0.01,0.0,0.01,0.1,0.9,-1.2,0.0,0,0,1,0,0.675,0.2
130,3,-0.36709463596343994,-0.28769728541374207,-1.6209181547164917,0.6191873634619208,0.38076233021788874,0,0,0,0.12,0.01,0.0,0.01,0.1,0.9,-1.2,0.0,0,0,1,0,0.675,0.2
130,4,-0.6930318474769592,0.429623007774353,-0.8475296497344971,-5.058337661672272,4.995211030591168,0,0,0,0.12,0.01,0.0,0.01,0.1,0.9,-1.2,0.0,0,0,1,0,0.675,0.2
130,5,-0.3383914828300476,0.19358734786510468,1.3642983436584473,0.005572620740256808,0.9942560755106588,0,0,0,0.12,0.01,0.0,0.01,0.1,0.9,-1.2,0.0,0,0,1,0,0.675,0.2
130,6,-0.6471943855285645,-0.06600033491849899,-2.8519816398620605,0.4733141104891032,0.5190879662320882,0,0,0,0.12,0.01,0.0,0.01,0.1,0.9,-1.2,0.0,0,0,1,0,0.675,0.2
130,7,-0.787299633026123,0.2128201723098755,-2.9329800605773926,0.6797436525552577,0.3166920492918188,0,0,0,0.12,0.01,0.0,0.01,0.1,0.9,-1.2,0.0,0,0,1,0,0.675,0.2
131,0,-0.26900145411491394,-0.1041555404663086,-0.9075250625610352,0.5019825194641195,0.327732970877067,0,0,0,0.12,0.01,0.0,0.01,0.1,0.9,-1.2,0.0,0,0,1,0,0.675,0.2
131,1,-0.786377489566803,-0.4251907467842102,3.107333183288574,0.29236680371542606,0.6063770045540747,0,0,0,0.12,0.01,0.0,0.01,0.1,0.9,-1.2,0.0,0,0,1,0,0.675,0.2
131,2,-0.09579882770776749,-0.03184030205011368,0.24153251945972443,1.8020648535882307,-0.8020816024934124,0,0,0,0.12,0.01,0.0,0.01,0.1,0.9,-1.2,0.0,0,0,1,0,0.675,0.2
131,3,-0.36710652709007263,-0.28869807720184326,-1.5424690246582031,1.6539326898069584,-0.6539883605451786,0,0,0,0.12,0.01,0.0,0.01,0.1,0.9,-1.2,0.0,0,0,1,0,0.675,0.2
131,4,-0.6929820775985718,0.4295627474784851,-0.43409016728401184,-3.8821915420655544,3.948350373185092,0,0,0,0.12,0.01,0.0,0.01,0.1,0.9,-1.2,0.0,0,0,1,0,0.675,0.2
131,5,-0.338213175535202,0.1945716291666031,1.4293566942214966,0.8639957265572697,0.1358169360442012,0,0,0,0.12,0.01,0.0,0.01,0.1,0.9,-1.2,0.0,0,0,1,0,0.675,0.2
131,6,-0.6481455564498901,-0.06628631800413132,-2.847783088684082,0.48429407803990654,0.5073720601322431,0,0,0,0.12,0.01,0.0,0.01,0.1,0.9,-1.2,0.0,0,0,1,0,0.675,0.2
131,7,-0.7882741093635559,0.21261237561702728,-2.934584617614746,0.6743148724379864,0.32211415368887525,0,0,0,0.12,0.01,0.0,0.01,0.1,0.9,-1.2,0.0,0,0,1,0,0.675,0.2
132,0,-0.26849067211151123,-0.10481538623571396,-0.9149969220161438,0.4976876231940019,0.32809175522015216,0,0,0,0.12,0.01,0.0,0.01,0.1,0.9,-1.2,0.0,0,0,1,0,0.675,0.2
132,1,-0.7872762680053711,-0.42516642808914185,3.1207096576690674,0.33499459516814056,0.5633635114450187,0,0,0,0.12,0.01,0.0,0.01,0.1,0.9,-1.2,0.0,0,0,1,0,0.675,0.2
132,2,-0.09482766687870026,-0.031575411558151245,0.2736086845397949,2.0591283682678267,-1.0591468457077076,0,0,0,0.12,0.01,0.0,0.01,0.1,0.9,-1.2,0.0,0,0,1,0,0.675,0.2
132,3,-0.367063045501709,-0.28969642519950867,-1.5343482494354248,1.7387522449106636,-0.7388119091600838,0,0,0,0.12,0.01,0.0,0.01,0.1,0.9,-1.2,0.0,0,0,1,0,0.675,0.2
132,4,-0.6924830079078674,0.4293385446071625,-0.2051873654127121,-3.575833087495411,3.701566224626149,0,0,0,0.12,0.01,0.0,0.01,0.1,0.9,-1.2,0.0,0,0,1,0,0.675,0.2
132,5,-0.3380958139896393,0.19556480646133423,1.470746636390686,1.3661389594318847,-0.36634948303723147,0,0,0,0.12,0.01,0.0,0.01,0.1,0.9,-1.2,0.0,0,0,1,0,0.675,0.2
132,6,-0.6490951776504517,-0.06657510995864868,-2.8457329273223877,0.4726259539344705,0.5182606746933066,0,0,0,0.12,0.01,0.0,0.01,0.1,0.9,-1.2,0.0,0,0,1,0,0.675,0.2
132,7,-0.7892500162124634,0.21241135895252228,-2.9456841945648193,0.5940011340735742,0.4024604361893347,0,0,0,0.12,0.01,0.0,0.01,0.1,0.9,-1.2,0.0,0,0,1,0,0.675,0.2
133,0,-0.2679867148399353,-0.10547549277544022,-0.9213051199913025,0.4969049222404288,0.3248576991623118,0,0,0,0.12,0.01,0.0,0.01,0.1,0.9,-1.2,0.0,0,0,1,0,0.675,0.2
133,1,-0.7881749868392944,-0.42515358328819275,3.13217830657959,0.3794509798815042,0.5185160010526388,0,0,0,0.12,0.01,0.0,0.01,0.1,0.9,-1.2,0.0,0,0,1,0,0.675,0.2
133,2,-0.0938609391450882,-0.031323377043008804,0.20308338105678558,1.2719823128353889,-0.27200055185669,0,0,0,0.12,0.01,0.0,0.01,0.1,0.9,-1.2,0.0,0,0,1,0,0.675,0.2
133,3,-0.36704713106155396,-0.29069575667381287,-1.6009007692337036,0.9502280417198562,0.04971134035640723,0,0,0,0.12,0.01,0.0,0.01,0.1,0.9,-1.2,0.0,0,0,1,0,0.675,0.2
133,4,-0.6924269199371338,0.42933526635169983,0.0459657683968544,-2.771178373091366,3.0048857116629146,0,0,0,0.12,0.01,0.0,0.01,0.1,0.9,-1.2,0.0,0,0,1,0,0.675,0.2
133,5,-0.3379978537559509,0.19655930995941162,1.4572089910507202,1.2204142529204987,-0.22064355198894964,0,0,0,0.12,0.01,0.0,0.01,0.1,0.9,-1.2,0.0,0,0,1,0,0.675,0.2
133,6,-0.6500436663627625,-0.06686493754386902,-2.8447518348693848,0.4572039079163805,0.5328288245703443,0,0,0,0.12,0.01,0.0,0.01,0.1,0.9,-1.2,0.0,0,0,1,0,0.675,0.2
133,7,-0.790228545665741,0.21222320199012756,-2.9581315517425537,0.49138349688006505,0.505073006988038,0,0,0,0.12,0.01,0.0,0.01,0.1,0.9,-1.2,0.0,0,0,1,0,0.675,0.2
134,0,-0.2674890160560608,-0.10613541305065155,-0.9273000359535217,0.4955232609164989,0.32193572631952416,0,0,0,0.12,0.01,0.0,0.01,0.1,0.9,-1.2,0.0,0,0,1,0,0.675,0.2
134,1,-0.7890734076499939,-0.42514970898628235,3.1408016681671143,0.4184568540357393,0.4791912420488555,0,0,0,0.12,0.01,0.0,0.01,0.1,0.9,-1.2,0.0,0,0,1,0,0.675,0.2
134,2,-0.09287199378013611,-0.031165430322289467,0.09709466993808746,-0.39624854659290853,1.396229055874067,0,0,0,0.12,0.01,0.0,0.01,0.1,0.9,-1.2,0.0,0,0,1,0,0.675,0.2
134,3,-0.36711567640304565,-0.29169559478759766,-1.686819076538086,-0.2541881369718369,1.2541230486997421,0,0,0,0.12,0.01,0.0,0.01,0.1,0.9,-1.2,0.0,0,0,1,0,0.675,0.2
134,4,-0.6923458576202393,0.4293600618839264,0.35653191804885864,-1.8033379884252423,2.1351651819238535,0,0,0,0.12,0.01,0.0,0.01,0.1,0.9,-1.2,0.0,0,0,1,0,0.675,0.2
134,5,-0.33786389231681824,0.19755057990550995,1.4034007787704468,0.5718939222636682,0.42785824162335584,0,0,0,0.12,0.01,0.0,0.01,0.1,0.9,-1.2,0.0,0,0,1,0,0.675,0.2
134,6,-0.6509912014007568,-0.06715542823076248,-2.843296527862549,0.4486397063856039,0.5404686176652994,0,0,0,0.12,0.01,0.0,0.01,0.1,0.9,-1.2,0.0,0,0,1,0,0.675,0.2
134,7,-0.7912091016769409,0.21204599738121033,-2.965991973876953,0.4307133523711701,0.5657335551491242,0,0,0,0.12,0.01,0.0,0.01,0.1,0.9,-1.2,0.0,0,0,1,0,0.675,0.2
135,0,-0.26699748635292053,-0.10679494589567184,-0.9333333969116211,0.4929497056976411,0.3198979681953336,0,0,0,0.12,0.01,0.0,0.01,0.1,0.9,-1.2,0.0,0,0,1,0,0.675,0.2
135,1,-0.7899714112281799,-0.4251519739627838,-3.1368680000305176,0.44818665521843654,0.4492155717064598,0,0,0,0.12,0.01,0.0,0.01,0.1,0.9,-1.2,0.0,0,0,1,0,0.675,0.2
135,2,-0.09187334030866623,-0.03110397793352604,0.031883604824543,-1.0696529370980543,2.069630764170198,0,0,0,0.12,0.01,0.0,0.01,0.1,0.9,-1.2,0.0,0,0,1,0,0.675,0.2
135,3,-0.3672591745853424,-0.2926945984363556,-1.729797601699829,-0.7148452336193772,1.7147737676502917,0,0,0,0.12,0.01,0.0,0.01,0.1,0.9,-1.2,0.0,0,0,1,0,0.675,0.2
135,4,-0.6921908855438232,0.4294736683368683,0.5906187891960144,-0.8393337215012053,1.1886197711056212,0,0,0,0.12,0.01,0.0,0.01,0.1,0.9,-1.2,0.0,0,0,1,0,0.675,0.2
135,5,-0.3376711308956146,0.1985352337360382,1.3506463766098022,-0.06631523832445699,1.0660409377492006,0,0,0,0.12,0.01,0.0,0.01,0.1,0.9,-1.2,0.0,0,0,1,0,0.675,0.2
135,6,-0.6519373655319214,-0.06744740903377533,-2.840841054916382,0.4516063863165449,0.5364992683999467,0,0,0,0.12,0.01,0.0,0.01,0.1,0.9,-1.2,0.0,0,0,1,0,0.675,0.2
135,7,-0.7921904921531677,0.21187350153923035,-2.966947555541992,0.43425518475373365,0.5621785501400651,0,0,0,0.12,0.01,0.0,0.01,0.1,0.9,-1.2,0.0,0,0,1,0,0.675,0.2
136,0,-0.26651230454444885,-0.10745391249656677,-0.9394294023513794,0.49054307516042134,0.31750362340983,0,0,0,0.12,0.01,0.0,0.01,0.1,0.9,-1.2,0.0,0,0,1,0,0.675,0.2
136,1,-0.7908690571784973,-0.4251578152179718,-3.1341781616210938,0.4680370987497512,0.42910978187692717,0,0,0,0.12,0.01,0.0,0.01,0.1,0.9,-1.2,0.0,0,0,1,0,0.675,0.2
136,2,-0.0908752828836441,-0.03107028640806675,0.07151780277490616,-0.7260159407351693,1.725993469784089,0,0,0,0.12,0.01,0.0,0.01,0.1,0.9,-1.2,0.0,0,0,1,0,0.675,0.2
136,3,-0.3674125373363495,-0.29368263483047485,-1.6937211751937866,-0.302320388861656,1.3022466579160688,0,0,0,0.12,0.01,0.0,0.01,0.1,0.9,-1.2,0.0,0,0,1,0,0.675,0.2
136,4,-0.6919627785682678,0.4296591579914093,0.7408655881881714,0.29948561225808445,-0.00351356302178685,0,0,0,0.12,0.01,0.0,0.01,0.1,0.9,-1.2,0.0,0,0,1,0,0.675,0.2
136,5,-0.33744004368782043,0.19950996339321136,1.3364169597625732,-0.20880648617475836,1.2085040522071682,0,0,0,0.12,0.01,0.0,0.01,0.1,0.9,-1.2,0.0,0,0,1,0,0.675,0.2
136,6,-0.6528818607330322,-0.0677417740225792,-2.8377201557159424,0.461039770277116,0.5259804838580158,0,0,0,0.12,0.01,0.0,0.01,0.1,0.9,-1.2,0.0,0,0,1,0,0.675,0.2
136,7,-0.7931715846061707,0.2116992324590683,-2.963050365447998,0.48361292243326337,0.5128053748575386,0,0,0,0.12,0.01,0.0,0.01,0.1,0.9,-1.2,0.0,0,0,1,0,0.675,0.2
137,0,-0.26603370904922485,-0.10811207443475723,-0.9455191493034363,0.4901506418168406,0.31305216608644926,0,0,0,0.12,0.01,0.0,0.01,0.1,0.9,-1.2,0.0,0,0,1,0,0.675,0.2
137,1,-0.7917665243148804,-0.4251650273799896,-3.133718252182007,0.4793608116267837,0.4174403024555528,0,0,0,0.12,0.01,0.0,0.01,0.1,0.9,-1.2,0.0,0,0,1,0,0.675,0.2
137,2,-0.0898762196302414,-0.030961185693740845,0.1726274937391281,0.700077991658437,0.2998991797626142,0,0,0,0.12,0.01,0.0,0.01,0.1,0.9,-1.2,0.0,0,0,1,0,0.675,0.2
137,3,-0.3675042688846588,-0.29467880725860596,-1.61484694480896,0.8092234796392521,0.1906993919504085,0,0,0,0.12,0.01,0.0,0.01,0.1,0.9,-1.2,0.0,0,0,1,0,0.675,0.2
137,4,-0.6917217969894409,0.42990532517433167,0.8240422606468201,2.01582560915002,-1.8273605503464623,0,0,0,0.12,0.01,0.0,0.01,0.1,0.9,-1.2,0.0,0,0,1,0,0.675,0.2
137,5,-0.33721521496772766,0.20048393309116364,1.3672142028808594,0.16401494917642226,0.8356577021144711,0,0,0,0.12,0.01,0.0,0.01,0.1,0.9,-1.2,0.0,0,0,1,0,0.675,0.2
137,6,-0.6538244485855103,-0.06803889572620392,-2.8346800804138184,0.46846777486245267,0.5173727841432847,0,0,0,0.12,0.01,0.0,0.01,0.1,0.9,-1.2,0.0,0,0,1,0,0.675,0.2
137,7,-0.794151782989502,0.2115202099084854,-2.9584999084472656,0.5396763108795356,0.45672255529706957,0,0,0,0.12,0.01,0.0,0.01,0.1,0.9,-1.2,0.0,0,0,1,0,0.675,0.2
138,0,-0.2655619978904724,-0.10876931250095367,-0.9516024589538574,0.4913248652366045,0.3070811396690961,0,0,0,0.12,0.01,0.0,0.01,0.1,0.9,-1.2,0.0,0,0,1,0,0.675,0.2
138,1,-0.7926636338233948,-0.4251718819141388,-3.1348094940185547,0.48378186884925867,0.4125594550032804,0,0,0,0.12,0.01,0.0,0.01,0.1,0.9,-1.2,0.0,0,0,1,0,0.675,0.2
138,2,-0.08888693153858185,-0.030744584277272224,0.26398494839668274,1.861583566206428,-0.8616092558083259,0,0,0,0.12,0.01,0.0,0.01,0.1,0.9,-1.2,0.0,0,0,1,0,0.675,0.2
138,3,-0.3675161302089691,-0.2956792116165161,-1.552718997001648,1.589796271708961,-0.5898808506998974,0,0,0,0.12,0.01,0.0,0.01,0.1,0.9,-1.2,0.0,0,0,1,0,0.675,0.2
138,4,-0.6915181279182434,0.43013256788253784,0.82893967628479,3.616563209127581,-3.5346478901616685,0,0,0,0.12,0.01,0.0,0.01,0.1,0.9,-1.2,0.0,0,0,1,0,0.675,0.2
138,5,-0.3370324969291687,0.20146702229976654,1.4149776697158813,0.7600433111724271,0.2395984053078281,0,0,0,0.12,0.01,0.0,0.01,0.1,0.9,-1.2,0.0,0,0,1,0,0.675,0.2
138,6,-0.6547651886940002,-0.06833839416503906,-2.8322486877441406,0.4681115075101056,0.5164532140742145,0,0,0,0.12,0.01,0.0,0.01,0.1,0.9,-1.2,0.0,0,0,1,0,0.675,0.2
138,7,-0.7951313257217407,0.21133753657341003,-2.9567711353302,0.5697764600215316,0.4266026770176529,0,0,0,0.12,0.01,0.0,0.01,0.1,0.9,-1.2,0.0,0,0,1,0,0.675,0.2
139,0,-0.2650972306728363,-0.10942558944225311,-0.957801103591919,0.4921413055363961,0.3015196928080253,0,0,0,0.12,0.01,0.0,0.01,0.1,0.9,-1.2,0.0,0,0,1,0,0.675,0.2
139,1,-0.7935605049133301,-0.42517727613449097,-3.1368300914764404,0.48274593334919147,0.4130803467678434,0,0,0,0.12,0.01,0.0,0.01,0.1,0.9,-1.2,0.0,0,0,1,0,0.675,0.2
139,2,-0.08792529255151749,-0.030467761680483818,0.26987582445144653,1.8904007933028166,-0.8904280922301235,0,0,0,0.12,0.01,0.0,0.01,0.1,0.9,-1.2,0.0,0,0,1,0,0.675,0.2
139,3,-0.36749011278152466,-0.2966781258583069,-1.5588841438293457,1.5304033996071458,-0.5304925681557296,0,0,0,0.12,0.01,0.0,0.01,0.1,0.9,-1.2,0.0,0,0,1,0,0.675,0.2
139,4,-0.6913748383522034,0.43028637766838074,0.7184364795684814,4.109716055394806,-4.0670463381723545,0,0,0,0.12,0.01,0.0,0.01,0.1,0.9,-1.2,0.0,0,0,1,0,0.675,0.2
139,5,-0.33689379692077637,0.20245714485645294,1.4437905550003052,1.1014899135825253,-0.10188598644705789,0,0,0,0.12,0.01,0.0,0.01,0.1,0.9,-1.2,0.0,0,0,1,0,0.675,0.2
139,6,-0.655704140663147,-0.06863957643508911,-2.8304078578948975,0.46075679773863537,0.5224383879226805,0,0,0,0.12,0.01,0.0,0.01,0.1,0.9,-1.2,0.0,0,0,1,0,0.675,0.2
139,7,-0.7961108684539795,0.21115483343601227,-2.9588990211486816,0.5639261764513155,0.43243561563623933,0,0,0,0.12,0.01,0.0,0.01,0.1,0.9,-1.2,0.0,0,0,1,0,0.675,0.2
140,0,-0.26463955640792847,-0.11008096486330032,-0.9642310738563538,0.49058071285803934,0.2981437095967946,0,0,0,0.12,0.01,0.0,0.01,0.1,0.9,-1.2,0.0,0,0,1,0,0.675,0.2
140,1,-0.794456958770752,-0.42518046498298645,-3.1392736434936523,0.4772650640924589,0.41810112777155467,0,0,0,0.12,0.01,0.0,0.01,0.1,0.9,-1.2,0.0,0,0,1,0,0.675,0.2
140,2,-0.08695538341999054,-0.030226171016693115,0.19047528505325317,0.8787544648399614,0.12121823623273152,0,0,0,0.12,0.01,0.0,0.01,0.1,0.9,-1.2,0.0,0,0,1,0,0.675,0.2
140,3,-0.3675006926059723,-0.29767781496047974,-1.6244803667068481,0.7108196323723233,0.28908881489330185,0,0,0,0.12,0.01,0.0,0.01,0.1,0.9,-1.2,0.0,0,0,1,0,0.675,0.2
140,4,-0.6912984848022461,0.43036702275276184,0.489305704832077,3.791361867466841,-3.699988386610422,0,0,0,0.12,0.01,0.0,0.01,0.1,0.9,-1.2,0.0,0,0,1,0,0.675,0.2
140,5,-0.3367685079574585,0.20344862341880798,1.43387770652771,0.9984764401462697,0.0010914857837536138,0,0,0,0.12,0.01,0.0,0.01,0.1,0.9,-1.2,0.0,0,0,1,0,0.675,0.2
140,6,-0.6566413640975952,-0.06894198060035706,-2.828695058822632,0.45215820057418127,0.5295663000819467,0,0,0,0.12,0.01,0.0,0.01,0.1,0.9,-1.2,0.0,0,0,1,0,0.675,0.2
140,7,-0.7970909476280212,0.21097561717033386,-2.963510751724243,0.5341512808184252,0.4621935835500135,0,0,0,0.12,0.01,0.0,0.01,0.1,0.9,-1.2,0.0,0,0,1,0,0.675,0.2
141,0,-0.2641889750957489,-0.1107354685664177,-0.9708893895149231,0.48637247406852385,0.29706072486030916,0,0,0,0.12,0.01,0.0,0.01,0.1,0.9,-1.2,0.0,0,0,1,0,0.675,0.2
141,1,-0.7953528761863708,-0.4251813590526581,3.141446352005005,0.46875385547818504,0.42626609300432833,0,0,0,0.12,0.01,0.0,0.01,0.1,0.9,-1.2,0.0,0,0,1,0,0.675,0.2
141,2,-0.08596460521221161,-0.030080385506153107,0.09316165745258331,-0.5692748570919725,1.5692450547695846,0,0,0,0.12,0.01,0.0,0.01,0.1,0.9,-1.2,0.0,0,0,1,0,0.675,0.2
141,3,-0.36758872866630554,-0.29867762327194214,-1.6977978944778442,-0.26931839925925194,1.2692198727814383,0,0,0,0.12,0.01,0.0,0.01,0.1,0.9,-1.2,0.0,0,0,1,0,0.675,0.2
141,4,-0.6912543773651123,0.43041834235191345,0.20706497132778168,3.2000444107665955,-3.0162704163207943,0,0,0,0.12,0.01,0.0,0.01,0.1,0.9,-1.2,0.0,0,0,1,0,0.675,0.2
141,5,-0.33661776781082153,0.20443680882453918,1.3964217901229858,0.5748766377006319,0.42465421414034105,0,0,0,0.12,0.01,0.0,0.01,0.1,0.9,-1.2,0.0,0,0,1,0,0.675,0.2
141,6,-0.6575767993927002,-0.06924566626548767,-2.8266117572784424,0.44800447817765965,0.5321377575782609,0,0,0,0.12,0.01,0.0,0.01,0.1,0.9,-1.2,0.0,0,0,1,0,0.675,0.2
141,7,-0.7980719804763794,0.2108013778924942,-2.9682180881500244,0.5026981637114685,0.49362726954277353,0,0,0,0.12,0.01,0.0,0.01,0.1,0.9,-1.2,0.0,0,0,1,0,0.675,0.2
142,0,-0.2637455463409424,-0.1113889291882515,-0.977641224861145,0.480999384581712,0.29682859355244334,0,0,0,0.12,0.01,0.0,0.01,0.1,0.9,-1.2,0.0,0,0,1,0,0.675,0.2
142,1,-0.7962483167648315,-0.4251801371574402,3.139286994934082,0.45902578864490934,0.4357314225634342,0,0,0,0.12,0.01,0.0,0.01,0.1,0.9,-1.2,0.0,0,0,1,0,0.675,0.2
142,2,-0.08496680855751038,-0.030015036463737488,0.05242151767015457,-0.9741897741526768,1.9741567531794713,0,0,0,0.12,0.01,0.0,0.01,0.1,0.9,-1.2,0.0,0,0,1,0,0.675,0.2
142,3,-0.36773577332496643,-0.2996728718280792,-1.7243034839630127,-0.549940954243801,1.5498346195575217,0,0,0,0.12,0.01,0.0,0.01,0.1,0.9,-1.2,0.0,0,0,1,0,0.675,0.2
142,4,-0.6911818385124207,0.43045416474342346,-0.06327971816062927,2.6102272674187517,-2.3330884679898114,0,0,0,0.12,0.01,0.0,0.01,0.1,0.9,-1.2,0.0,0,0,1,0,0.675,0.2
142,5,-0.33642590045928955,0.20541903376579285,1.3599228858947754,0.16582698264789364,0.8336586292676949,0,0,0,0.12,0.01,0.0,0.01,0.1,0.9,-1.2,0.0,0,0,1,0,0.675,0.2
142,6,-0.6585100889205933,-0.06955103576183319,-2.823993444442749,0.4492152196914993,0.5292269723861375,0,0,0,0.12,0.01,0.0,0.01,0.1,0.9,-1.2,0.0,0,0,1,0,0.675,0.2
142,7,-0.7990537285804749,0.21063122153282166,-2.9711720943450928,0.48762526398303935,0.5086797844826894,0,0,0,0.12,0.01,0.0,0.01,0.1,0.9,-1.2,0.0,0,0,1,0,0.675,0.2
143,0,-0.2633092999458313,-0.1120409294962883,-0.9843184947967529,0.4766330089286525,0.29543805458987166,0,0,0,0.12,0.01,0.0,0.01,0.1,0.9,-1.2,0.0,0,0,1,0,0.675,0.2
143,1,-0.7971433997154236,-0.4251772165298462,3.137669324874878,0.4500696438780558,0.44441511449901944,0,0,0,0.12,0.01,0.0,0.01,0.1,0.9,-1.2,0.0,0,0,1,0,0.675,0.2
143,2,-0.08396992087364197,-0.029951509088277817,0.10726415365934372,-0.4269146790080177,1.4268815388255227,0,0,0,0.12,0.01,0.0,0.01,0.1,0.9,-1.2,0.0,0,0,1,0,0.675,0.2
143,3,-0.3678795397281647,-0.30066221952438354,-1.6840323209762573,-0.06257589697939973,1.0624661052237234,0,0,0,0.12,0.01,0.0,0.01,0.1,0.9,-1.2,0.0,0,0,1,0,0.675,0.2
143,4,-0.691096305847168,0.43040964007377625,-0.30633479356765747,1.8939183082245121,-1.5519654180668125,0,0,0,0.12,0.01,0.0,0.01,0.1,0.9,-1.2,0.0,0,0,1,0,0.675,0.2
143,5,-0.33620718121528625,0.2063952535390854,1.3486647605895996,0.06079125246928798,0.9386457220561637,0,0,0,0.12,0.01,0.0,0.01,0.1,0.9,-1.2,0.0,0,0,1,0,0.675,0.2
143,6,-0.6594411134719849,-0.06985848397016525,-2.821075677871704,0.4511842874946011,0.5254345388947117,0,0,0,0.12,0.01,0.0,0.01,0.1,0.9,-1.2,0.0,0,0,1,0,0.675,0.2
143,7,-0.8000357151031494,0.21046298742294312,-2.97194242477417,0.4922600862028809,0.5040274384972838,0,0,0,0.12,0.01,0.0,0.01,0.1,0.9,-1.2,0.0,0,0,1,0,0.675,0.2
144,0,-0.26288020610809326,-0.11269104480743408,-0.9908320307731628,0.47477021329142693,0.29155925400517346,0,0,0,0.12,0.01,0.0,0.01,0.1,0.9,-1.2,0.0,0,0,1,0,0.675,0.2
144,1,-0.7980381846427917,-0.42517319321632385,3.136707305908203,0.44348574829483706,0.45064024972533506,0,0,0,0.12,0.01,0.0,0.01,0.1,0.9,-1.2,0.0,0,0,1,0,0.675,0.2
144,2,-0.08297531306743622,-0.029804911464452744,0.2054273784160614,0.9985223912382863,0.0014430976723886837,0,0,0,0.12,0.01,0.0,0.01,0.1,0.9,-1.2,0.0,0,0,1,0,0.675,0.2
144,3,-0.3679635226726532,-0.3016590476036072,-1.614229440689087,0.9024609203984398,0.09742338698605123,0,0,0,0.12,0.01,0.0,0.01,0.1,0.9,-1.2,0.0,0,0,1,0,0.675,0.2
144,4,-0.6908999681472778,0.43030595779418945,-0.4889589846134186,1.0931781188946739,-0.7384130315285697,0,0,0,0.12,0.01,0.0,0.01,0.1,0.9,-1.2,0.0,0,0,1,0,0.675,0.2
144,5,-0.3359910845756531,0.20737098157405853,1.3663678169250488,0.28270141566307716,0.7166865042397244,0,0,0,0.12,0.01,0.0,0.01,0.1,0.9,-1.2,0.0,0,0,1,0,0.675,0.2
144,6,-0.6603696346282959,-0.07016812264919281,-2.8182265758514404,0.449726213670184,0.5249386532541019,0,0,0,0.12,0.01,0.0,0.01,0.1,0.9,-1.2,0.0,0,0,1,0,0.675,0.2
144,7,-0.801017701625824,0.2102947235107422,-2.9714105129241943,0.5112037797875891,0.4850745657972802,0,0,0,0.12,0.01,0.0,0.01,0.1,0.9,-1.2,0.0,0,0,1,0,0.675,0.2
145,0,-0.26245832443237305,-0.11333902925252914,-0.9972259998321533,0.47468261830269054,0.2859819043451672,0,0,0,0.12,0.01,0.0,0.01,0.1,0.9,-1.2,0.0,0,0,1,0,0.675,0.2
145,1,-0.7989327311515808,-0.42516857385635376,3.1363754272460938,0.43966700927995356,0.45400098664976457,0,0,0,0.12,0.01,0.0,0.01,0.1,0.9,-1.2,0.0,0,0,1,0,0.675,0.2
145,2,-0.0819954052567482,-0.029563119634985924,0.2784956097602844,1.8452809341885068,-0.8453194983936766,0,0,0,0.12,0.01,0.0,0.01,0.1,0.9,-1.2,0.0,0,0,1,0,0.675,0.2
145,3,-0.3679811358451843,-0.3026590645313263,-1.5678963661193848,1.471094820770256,-0.4712200501289292,0,0,0,0.12,0.01,0.0,0.01,0.1,0.9,-1.2,0.0,0,0,1,0,0.675,0.2
145,4,-0.690628707408905,0.4301272928714752,-0.6195420622825623,-0.01282131299166426,0.3275883458533739,0,0,0,0.12,0.01,0.0,0.01,0.1,0.9,-1.2,0.0,0,0,1,0,0.675,0.2
145,5,-0.33580031991004944,0.20835210382938385,1.395714521408081,0.639741533994642,0.3595903575420707,0,0,0,0.12,0.01,0.0,0.01,0.1,0.9,-1.2,0.0,0,0,1,0,0.675,0.2
145,6,-0.6612955927848816,-0.07047977298498154,-2.815568208694458,0.44346497786741673,0.5291152762104947,0,0,0,0.12,0.01,0.0,0.01,0.1,0.9,-1.2,0.0,0,0,1,0,0.675,0.2
145,7,-0.801999568939209,0.21012575924396515,-2.9709224700927734,0.5315653885193269,0.4647122418098051,0,0,0,0.12,0.01,0.0,0.01,0.1,0.9,-1.2,0.0,0,0,1,0,0.675,0.2
146,0,-0.26204365491867065,-0.1139848381280899,-1.0036529302597046,0.4744093631160741,0.2805855657207484,0,0,0,0.12,0.01,0.0,0.01,0.1,0.9,-1.2,0.0,0,0,1,0,0.675,0.2
146,1,-0.7998269200325012,-0.4251638948917389,3.136540174484253,0.4381426171506537,0.45502946813453304,0,0,0,0.12,0.01,0.0,0.01,0.1,0.9,-1.2,0.0,0,0,1,0,0.675,0.2
146,2,-0.08103582262992859,-0.029281744733452797,0.26342716813087463,1.6742120562913392,-0.6742521106126282,0,0,0,0.12,0.01,0.0,0.01,0.1,0.9,-1.2,0.0,0,0,1,0,0.675,0.2
146,3,-0.3679756820201874,-0.3036583662033081,-1.5826431512832642,1.313168852809506,-0.3132998638187225,0,0,0,0.12,0.01,0.0,0.01,0.1,0.9,-1.2,0.0,0,0,1,0,0.675,0.2
146,4,-0.6903501749038696,0.42990851402282715,-0.6943703889846802,-1.402791720305139,1.6434038844448866,0,0,0,0.12,0.01,0.0,0.01,0.1,0.9,-1.2,0.0,0,0,1,0,0.675,0.2
146,5,-0.33563658595085144,0.2093380242586136,1.4140703678131104,0.8642162464408465,0.13505139128879834,0,0,0,0.12,0.01,0.0,0.01,0.1,0.9,-1.2,0.0,0,0,1,0,0.675,0.2
146,6,-0.6622188687324524,-0.0707932636141777,-2.8129231929779053,0.4353466454889182,0.5350153621290322,0,0,0,0.12,0.01,0.0,0.01,0.1,0.9,-1.2,0.0,0,0,1,0,0.675,0.2
146,7,-0.8029813766479492,0.20995669066905975,-2.9715776443481445,0.5419913667333291,0.45428876699088355,0,0,0,0.12,0.01,0.0,0.01,0.1,0.9,-1.2,0.0,0,0,1,0,0.675,0.2
147,0,-0.261636346578598,-0.11462859809398651,-1.0102472305297852,0.47203597472289127,0.2769903834047027,0,0,0,0.12,0.01,0.0,0.01,0.1,0.9,-1.2,0.0,0,0,1,0,0.675,0.2
147,1,-0.8007206320762634,-0.4251595139503479,3.1370017528533936,0.43784807394564,0.45488383103788044,0,0,0,0.12,0.01,0.0,0.01,0.1,0.9,-1.2,0.0,0,0,1,0,0.675,0.2
147,2,-0.08006312698125839,-0.029049495235085487,0.18077696859836578,0.5326783806170471,0.46728090941057143,0,0,0,0.12,0.01,0.0,0.01,0.1,0.9,-1.2,0.0,0,0,1,0,0.675,0.2
147,3,-0.3680095374584198,-0.3046576976776123,-1.6428660154342651,0.5481876528063414,0.4516766274175051,0,0,0,0.12,0.01,0.0,0.01,0.1,0.9,-1.2,0.0,0,0,1,0,0.675,0.2
147,4,-0.6901053190231323,0.4296993017196655,-0.6971587538719177,-2.5778936449454855,2.7490005198882645,0,0,0,0.12,0.01,0.0,0.01,0.1,0.9,-1.2,0.0,0,0,1,0,0.675,0.2
147,5,-0.3354819715023041,0.210325226187706,1.4092442989349365,0.832437002446244,0.16676399729054198,0,0,0,0.12,0.01,0.0,0.01,0.1,0.9,-1.2,0.0,0,0,1,0,0.675,0.2
147,6,-0.6631393432617188,-0.07110866159200668,-2.8099782466888428,0.42992581318759115,0.5380718569860539,0,0,0,0.12,0.01,0.0,0.01,0.1,0.9,-1.2,0.0,0,0,1,0,0.675,0.2
147,7,-0.8039634227752686,0.20978888869285583,-2.9736480712890625,0.5391396650377066,0.4571407071050852,0,0,0,0.12,0.01,0.0,0.01,0.1,0.9,-1.2,0.0,0,0,1,0,0.675,0.2
148,0,-0.2612365186214447,-0.11527037620544434,-1.0170261859893799,0.4673782131088267,0.27525524884338276,0,0,0,0.12,0.01,0.0,0.01,0.1,0.9,-1.2,0.0,0,0,1,0,0.675,0.2
148,1,-0.8016138672828674,-0.4251556694507599,3.1375861167907715,0.438015912465896,0.45437368304267944,0,0,0,0.12,0.01,0.0,0.01,0.1,0.9,-1.2,0.0,0,0,1,0,0.675,0.2
148,2,-0.07907179743051529,-0.02890925295650959,0.09587396681308746,-0.6409962999512098,1.6409514772583387,0,0,0,0.12,0.01,0.0,0.01,0.1,0.9,-1.2,0.0,0,0,1,0,0.675,0.2
148,3,-0.3681105673313141,-0.30565670132637024,-1.7023236751556396,-0.2132454148544934,1.2130999795212414,0,0,0,0.12,0.01,0.0,0.01,0.1,0.9,-1.2,0.0,0,0,1,0,0.675,0.2
148,4,-0.6899077296257019,0.4295373857021332,-0.608966588973999,-3.048830219358323,3.194815599173425,0,0,0,0.12,0.01,0.0,0.01,0.1,0.9,-1.2,0.0,0,0,1,0,0.675,0.2
148,5,-0.3353133201599121,0.21131016314029694,1.3867948055267334,0.6104251972315521,0.3887059458615571,0,0,0,0.12,0.01,0.0,0.01,0.1,0.9,-1.2,0.0,0,0,1,0,0.675,0.2
148,6,-0.6640567183494568,-0.07142627984285355,-2.8065667152404785,0.42976863887664507,0.5357044169628935,0,0,0,0.12,0.01,0.0,0.01,0.1,0.9,-1.2,0.0,0,0,1,0,0.675,0.2
148,7,-0.8049459457397461,0.20962361991405487,-2.976590156555176,0.5275638360457371,0.4687105160279324,0,0,0,0.12,0.01,0.0,0.01,0.1,0.9,-1.2,0.0,0,0,1,0,0.675,0.2
149,0,-0.260844349861145,-0.11590994149446487,-1.0238765478134155,0.4618120603567699,0.2741084880822559,0,0,0,0.12,0.01,0.0,0.01,0.1,0.9,-1.2,0.0,0,0,1,0,0.675,0.2
149,1,-0.802506685256958,-0.42515236139297485,3.138192653656006,0.4383465021766098,0.4537622958504287,0,0,0,0.12,0.01,0.0,0.01,0.1,0.9,-1.2,0.0,0,0,1,0,0.675,0.2
149,2,-0.07807524502277374,-0.028832927346229553,0.07761470228433609,-0.8287158436225486,1.8286675042556355,0,0,0,0.12,0.01,0.0,0.01,0.1,0.9,-1.2,0.0,0,0,1,0,0.675,0.2
149,3,-0.3682557940483093,-0.306649774312973,-1.7165775299072266,-0.36120100624553575,1.361046212983054,0,0,0,0.12,0.01,0.0,0.01,0.1,0.9,-1.2,0.0,0,0,1,0,0.675,0.2
149,4,-0.6897532343864441,0.4294295907020569,-0.4374237358570099,-2.8962626589996954,3.0706325902207037,0,0,0,0.12,0.01,0.0,0.01,0.1,0.9,-1.2,0.0,0,0,1,0,0.675,0.2
149,5,-0.3351190984249115,0.21229040622711182,1.362976312637329,0.3751672397138265,0.623886059713206,0,0,0,0.12,0.01,0.0,0.01,0.1,0.9,-1.2,0.0,0,0,1,0,0.675,0.2
149,6,-0.6649707555770874,-0.07174644619226456,-2.802818775177002,0.4337216183829676,0.5290549233269324,0,0,0,0.12,0.01,0.0,0.01,0.1,0.9,-1.2,0.0,0,0,1,0,0.675,0.2
149,7,-0.8059288859367371,0.20946139097213745,-2.9795186519622803,0.5152747310031738,0.4809863292347107,0,0,0,0.12,0.01,0.0,0.01,0.1,0.9,-1.2,0.0,0,0,1,0,0.675,0.2
150,0,-0.26045989990234375,-0.11654680222272873,-1.0306516885757446,0.45733044349560303,0.27179910934558343,0,0,0,0.12,0.01,0.0,0.01,0.1,0.9,-1.2,0.0,0,0,1,0,0.675,0.2
150,1,-0.8033991456031799,-0.4251496195793152,3.1387813091278076,0.43912320546683564,0.45268590040627216,0,0,0,0.12,0.01,0.0,0.01,0.1,0.9,-1.2,0.0,0,0,1,0,0.675,0.2
150,2,-0.07708149403333664,-0.028736840933561325,0.14135946333408356,-0.11273142335073366,1.112682726355952,0,0,0,0.12,0.01,0.0,0.01,0.1,0.9,-1.2,0.0,0,0,1,0,0.675,0.2
150,3,-0.3683902323246002,-0.30764034390449524,-1.677184820175171,0.13096339525683326,0.868876268248721,0,0,0,0.12,0.01,0.0,0.01,0.1,0.9,-1.2,0.0,0,0,1,0,0.675,0.2
150,4,-0.6896125078201294,0.42936092615127563,-0.2236507534980774,-2.4330127253121367,2.664567367631816,0,0,0,0.12,0.01,0.0,0.01,0.1,0.9,-1.2,0.0,0,0,1,0,0.675,0.2
150,5,-0.3349055349826813,0.21326656639575958,1.3520649671554565,0.2828032618468331,0.7161655777985527,0,0,0,0.12,0.01,0.0,0.01,0.1,0.9,-1.2,0.0,0,0,1,0,0.675,0.2
150,6,-0.6658812165260315,-0.0720692127943039,-2.7990732192993164,0.4379263077496354,0.5219680513621505,0,0,0,0.12,0.01,0.0,0.01,0.1,0.9,-1.2,0.0,0,0,1,0,0.675,0.2
150,7,-0.8069123029708862,0.20930182933807373,-2.981757402420044,0.509012660947958,0.48723057750113863,0,0,0,0.12,0.01,0.0,0.01,0.1,0.9,-1.2,0.0,0,0,1,0,0.675,0.2
151,0,-0.26008304953575134,-0.1171804666519165,-1.0372809171676636,0.45502444039033224,0.26740614642454813,0,0,0,0.12,0.01,0.0,0.01,0.1,0.9,-1.2,0.0,0,0,1,0,0.675,0.2
151,1,-0.804291307926178,-0.4251473844051361,3.139338970184326,0.44058735216625605,0.4508426085614356,0,0,0,0.12,0.01,0.0,0.01,0.1,0.9,-1.2,0.0,0,0,1,0,0.675,0.2
151,2,-0.07609627395868301,-0.028555845841765404,0.2323404848575592,1.1852101953209506,-0.18526181294332614,0,0,0,0.12,0.01,0.0,0.01,0.1,0.9,-1.2,0.0,0,0,1,0,0.675,0.2
151,3,-0.3684709668159485,-0.3086373209953308,-1.618787407875061,0.9135789010808293,0.08625182172800859,0,0,0,0.12,0.01,0.0,0.01,0.1,0.9,-1.2,0.0,0,0,1,0,0.675,0.2
151,4,-0.6894444227218628,0.42932531237602234,-0.011587092652916908,-1.8677800514040186,2.156219206028958,0,0,0,0.12,0.01,0.0,0.01,0.1,0.9,-1.2,0.0,0,0,1,0,0.675,0.2
151,5,-0.3346889317035675,0.21424178779125214,1.3574974536895752,0.3636202000907155,0.6352595306107309,0,0,0,0.12,0.01,0.0,0.01,0.1,0.9,-1.2,0.0,0,0,1,0,0.675,0.2
151,6,-0.6667879819869995,-0.07239433377981186,-2.7956409454345703,0.43906121617238175,0.5177522980602538,0,0,0,0.12,0.01,0.0,0.01,0.1,0.9,-1.2,0.0,0,0,1,0,0.675,0.2
151,7,-0.8078960180282593,0.20914410054683685,-2.9831440448760986,0.5112650641271032,0.4849588028124415,0,0,0,0.12,0.01,0.0,0.01,0.1,0.9,-1.2,0.0,0,0,1,0,0.675,0.2
152,0,-0.2597135901451111,-0.11781065165996552,-1.0438196659088135,0.4541147415085563,0.26169770317833335,0,0,0,0.12,0.01,0.0,0.01,0.1,0.9,-1.2,0.0,0,0,1,0,0.675,0.2
152,1,-0.8051831722259521,-0.42514562606811523,3.1398377418518066,0.44255302648086475,0.4484163691566475,0,0,0,0.12,0.01,0.0,0.01,0.1,0.9,-1.2,0.0,0,0,1,0,0.675,0.2
152,2,-0.07512431591749191,-0.028294680640101433,0.28560754656791687,1.7660661287361965,-0.7661229319626675,0,0,0,0.12,0.01,0.0,0.01,0.1,0.9,-1.2,0.0,0,0,1,0,0.675,0.2
152,3,-0.36849871277809143,-0.3096368610858917,-1.5859782695770264,1.314337612748341,-0.31451857244987896,0,0,0,0.12,0.01,0.0,0.01,0.1,0.9,-1.2,0.0,0,0,1,0,0.675,0.2
152,4,-0.6892620921134949,0.4293462932109833,0.17538441717624664,-1.1934716694781387,1.5191296630332078,0,0,0,0.12,0.01,0.0,0.01,0.1,0.9,-1.2,0.0,0,0,1,0,0.675,0.2
152,5,-0.33448296785354614,0.21521930396556854,1.3714206218719482,0.5310848541824197,0.4676981977852011,0,0,0,0.12,0.01,0.0,0.01,0.1,0.9,-1.2,0.0,0,0,1,0,0.675,0.2
152,6,-0.6676910519599915,-0.07272139936685562,-2.79259991645813,0.4370455338121186,0.5164802478193512,0,0,0,0.12,0.01,0.0,0.01,0.1,0.9,-1.2,0.0,0,0,1,0,0.675,0.2
152,7,-0.8088798522949219,0.20898742973804474,-2.9840071201324463,0.518890547790505,0.47731108661653837,0,0,0,0.12,0.01,0.0,0.01,0.1,0.9,-1.2,0.0,0,0,1,0,0.675,0.2
153,0,-0.2593514621257782,-0.11843730509281158,-1.0504037141799927,0.45289933936283755,0.2562094901354534,0,0,0,0.12,0.01,0.0,0.01,0.1,0.9,-1.2,0.0,0,0,1,0,0.675,0.2
153,1,-0.8060746788978577,-0.425144225358963,3.140230894088745,0.4443862567417196,0.4461017121799417,0,0,0,0.12,0.01,0.0,0.01,0.1,0.9,-1.2,0.0,0,0,1,0,0.675,0.2
153,2,-0.07416484504938126,-0.02801401913166046,0.2556615471839905,1.4246488140610567,-0.42470716700829175,0,0,0,0.12,0.01,0.0,0.01,0.1,0.9,-1.2,0.0,0,0,1,0,0.675,0.2
153,3,-0.3685145676136017,-0.31063616275787354,-1.6040513515472412,1.1112751254027937,-0.11146383370815252,0,0,0,0.12,0.01,0.0,0.01,0.1,0.9,-1.2,0.0,0,0,1,0,0.675,0.2
153,4,-0.6890343427658081,0.42942267656326294,0.32498490810394287,-0.38650501989487696,0.7186131598866372,0,0,0,0.12,0.01,0.0,0.01,0.1,0.9,-1.2,0.0,0,0,1,0,0.675,0.2
153,5,-0.3342908024787903,0.21619954705238342,1.3820996284484863,0.661807169921442,0.33686907052274145,0,0,0,0.12,0.01,0.0,0.01,0.1,0.9,-1.2,0.0,0,0,1,0,0.675,0.2
153,6,-0.6685903668403625,-0.07305002212524414,-2.7897884845733643,0.4339478199597,0.5160877520923018,0,0,0,0.12,0.01,0.0,0.01,0.1,0.9,-1.2,0.0,0,0,1,0,0.675,0.2
153,7,-0.809863805770874,0.2088315486907959,-2.9849095344543457,0.5276349290743046,0.4685430422887629,0,0,0,0.12,0.01,0.0,0.01,0.1,0.9,-1.2,0.0,0,0,1,0,0.675,0.2
154,0,-0.2589966654777527,-0.11906053125858307,-1.0571353435516357,0.44988759142423046,0.2521199406955206,0,0,0,0.12,0.01,0.0,0.01,0.1,0.9,-1.2,0.0,0,0,1,0,0.675,0.2
154,1,-0.8069657683372498,-0.42514315247535706,3.140477418899536,0.4455356994500298,0.4445244273314338,0,0,0,0.12,0.01,0.0,0.01,0.1,0.9,-1.2,0.0,0,0,1,0,0.675,0.2
154,2,-0.07318983972072601,-0.027790166437625885,0.17486099898815155,0.2731157049888655,0.7268239751106218,0,0,0,0.12,0.01,0.0,0.01,0.1,0.9,-1.2,0.0,0,0,1,0,0.675,0.2
154,3,-0.3685676157474518,-0.31163468956947327,-1.655616044998169,0.4624048427828701,0.5373986407033055,0,0,0,0.12,0.01,0.0,0.01,0.1,0.9,-1.2,0.0,0,0,1,0,0.675,0.2
154,4,-0.6887538433074951,0.4295450448989868,0.4292146861553192,0.575741298221231,-0.2672727775799041,0,0,0,0.12,0.01,0.0,0.01,0.1,0.9,-1.2,0.0,0,0,1,0,0.675,0.2
154,5,-0.33410516381263733,0.21718092262744904,1.382222056388855,0.6841730861157238,0.314387342503661,0,0,0,0.12,0.01,0.0,0.01,0.1,0.9,-1.2,0.0,0,0,1,0,0.675,0.2
154,6,-0.6694856286048889,-0.07338003069162369,-2.7869935035705566,0.43219172744803225,0.5141478201860924,0,0,0,0.12,0.01,0.0,0.01,0.1,0.9,-1.2,0.0,0,0,1,0,0.675,0.2
154,7,-0.8108478784561157,0.20867669582366943,-2.9862723350524902,0.5338802045080688,0.4622732097413513,0,0,0,0.12,0.01,0.0,0.01,0.1,0.9,-1.2,0.0,0,0,1,0,0.675,0.2
155,0,-0.25864943861961365,-0.11968035250902176,-1.0640183687210083,0.44502140622677727,0.2494097794955738,0,0,0,0.12,0.01,0.0,0.01,0.1,0.9,-1.2,0.0,0,0,1,0,0.675,0.2
155,1,-0.8078563213348389,-0.42514219880104065,3.140573501586914,0.44566796618567384,0.4440448443306836,0,0,0,0.12,0.01,0.0,0.01,0.1,0.9,-1.2,0.0,0,0,1,0,0.675,0.2
155,2,-0.07219889760017395,-0.02764981798827648,0.10511904954910278,-0.6312222665853059,1.6311560458249603,0,0,0,0.12,0.01,0.0,0.01,0.1,0.9,-1.2,0.0,0,0,1,0,0.675,0.2
155,3,-0.36867550015449524,-0.31263068318367004,-1.7014554738998413,-0.10466990996460873,1.1044608764753814,0,0,0,0.12,0.01,0.0,0.01,0.1,0.9,-1.2,0.0,0,0,1,0,0.675,0.2
155,4,-0.6884627938270569,0.42969316244125366,0.4789341688156128,1.5834683177581546,-1.3167724309077975,0,0,0,0.12,0.01,0.0,0.01,0.1,0.9,-1.2,0.0,0,0,1,0,0.675,0.2
155,5,-0.33391499519348145,0.21816132962703705,1.3726441860198975,0.6105248199223969,0.38791163103585496,0,0,0,0.12,0.01,0.0,0.01,0.1,0.9,-1.2,0.0,0,0,1,0,0.675,0.2
155,6,-0.6703767776489258,-0.07371140271425247,-2.7841174602508545,0.43259560214109866,0.5098341788189844,0,0,0,0.12,0.01,0.0,0.01,0.1,0.9,-1.2,0.0,0,0,1,0,0.675,0.2
155,7,-0.8118322491645813,0.2085234373807907,-2.988234043121338,0.5352736614151097,0.460852811534872,0,0,0,0.12,0.01,0.0,0.01,0.1,0.9,-1.2,0.0,0,0,1,0,0.675,0.2
156,0,-0.25831010937690735,-0.12029651552438736,-1.070962905883789,0.4394395653281469,0.247104078146432,0,0,0,0.12,0.01,0.0,0.01,0.1,0.9,-1.2,0.0,0,0,1,0,0.675,0.2
156,1,-0.8087464570999146,-0.425141304731369,3.140557289123535,0.4450690663704312,0.4443402968993747,0,0,0,0.12,0.01,0.0,0.01,0.1,0.9,-1.2,0.0,0,0,1,0,0.675,0.2
156,2,-0.0712040439248085,-0.02755587175488472,0.10494406521320343,-0.6513083433773997,1.6512114262249948,0,0,0,0.12,0.01,0.0,0.01,0.1,0.9,-1.2,0.0,0,0,1,0,0.675,0.2
156,3,-0.3688148260116577,-0.3136209547519684,-1.7079280614852905,-0.16675887270048323,1.1665383951194592,0,0,0,0.12,0.01,0.0,0.01,0.1,0.9,-1.2,0.0,0,0,1,0,0.675,0.2
156,4,-0.6881860494613647,0.42983829975128174,0.4627615213394165,2.353821793527758,-2.1239185574962254,0,0,0,0.12,0.01,0.0,0.01,0.1,0.9,-1.2,0.0,0,0,1,0,0.675,0.2
156,5,-0.33371296525001526,0.21913929283618927,1.3599704504013062,0.5082212044783764,0.49008161286628926,0,0,0,0.12,0.01,0.0,0.01,0.1,0.9,-1.2,0.0,0,0,1,0,0.675,0.2
156,6,-0.6712634563446045,-0.07404410094022751,-2.7812275886535645,0.28182767786273594,0.6348056300710715,0,0,0,0.12,0.01,0.0,0.01,0.1,0.9,-1.2,0.0,0,0,1,0,0.675,0.2
156,7,-0.812816858291626,0.20837236940860748,-2.9906699657440186,0.5321946119973527,0.4639028334906234,0,0,0,0.12,0.01,0.0,0.01,0.1,0.9,-1.2,0.0,0,0,1,0,0.675,0.2
157,0,-0.25797879695892334,-0.12090855091810226,-1.077856421470642,0.43475181723466855,0.24389450883039496,0,0,0,0.12,0.01,0.0,0.01,0.1,0.9,-1.2,0.0,0,0,1,0,0.675,0.2
157,1,-0.8096362352371216,-0.425140380859375,3.140501022338867,0.4443230758405459,0.44476257460348484,0,0,0,0.12,0.01,0.0,0.01,0.1,0.9,-1.2,0.0,0,0,1,0,0.675,0.2
157,2,-0.07021359354257584,-0.027428695932030678,0.1717970073223114,0.1300836819516059,0.869818685640252,0,0,0,0.12,0.01,0.0,0.01,0.1,0.9,-1.2,0.0,0,0,1,0,0.675,0.2
157,3,-0.3689410984516144,-0.3146125376224518,-1.6734322309494019,0.26785827979579274,0.7319125403450458,0,0,0,0.12,0.01,0.0,0.01,0.1,0.9,-1.2,0.0,0,0,1,0,0.675,0.2
157,4,-0.6879380941390991,0.4299577474594116,0.37526121735572815,2.6990039975867957,-2.477570030234882,0,0,0,0.12,0.01,0.0,0.01,0.1,0.9,-1.2,0.0,0,0,1,0,0.675,0.2
157,5,-0.3334991931915283,0.220114603638649,1.3511137962341309,0.4452054724143267,0.5529538765503645,0,0,0,0.12,0.01,0.0,0.01,0.1,0.9,-1.2,0.0,0,0,1,0,0.675,0.2
157,6,-0.6721456050872803,-0.07437798380851746,-2.7784714698791504,0.2828386844104523,0.6286390601688628,0,0,0,0.12,0.01,0.0,0.01,0.1,0.9,-1.2,0.0,0,0,1,0,0.675,0.2
157,7,-0.8138018846511841,0.20822381973266602,-2.9932727813720703,0.5269391427286954,0.4691280235997348,0,0,0,0.12,0.01,0.0,0.01,0.1,0.9,-1.2,0.0,0,0,1,0,0.675,0.2
158,0,-0.2576555013656616,-0.12151598930358887,-1.0846420526504517,0.4312171577356623,0.2397430897809697,0,0,0,0.12,0.01,0.0,0.01,0.1,0.9,-1.2,0.0,0,0,1,0,0.675,0.2
158,1,-0.8105257153511047,-0.4251393973827362,3.1404666900634766,0.44430318780026434,0.44439544968523986,0,0,0,0.12,0.01,0.0,0.01,0.1,0.9,-1.2,0.0,0,0,1,0,0.675,0.2
158,2,-0.0692337229847908,-0.027220018208026886,0.2526101768016815,1.2100522884222933,-0.21015564287633373,0,0,0,0.12,0.01,0.0,0.01,0.1,0.9,-1.2,0.0,0,0,1,0,0.675,0.2
158,3,-0.36902281641960144,-0.3156092166900635,-1.62749183177948,0.863185955198404,0.13657282480418992,0,0,0,0.12,0.01,0.0,0.01,0.1,0.9,-1.2,0.0,0,0,1,0,0.675,0.2
158,4,-0.6877140998840332,0.43004143238067627,0.22883684933185577,2.6652668864213616,-2.4169780314647342,0,0,0,0.12,0.01,0.0,0.01,0.1,0.9,-1.2,0.0,0,0,1,0,0.675,0.2
158,5,-0.3332795798778534,0.2210884541273117,1.3490309715270996,0.44877507720638643,0.5492319818909037,0,0,0,0.12,0.01,0.0,0.01,0.1,0.9,-1.2,0.0,0,0,1,0,0.675,0.2
158,6,-0.673005998134613,-0.07470887899398804,-2.768007278442383,0.3183312268909978,0.5878192929568722,0,0,0,0.12,0.01,0.0,0.01,0.1,0.9,-1.2,0.0,0,0,1,0,0.675,0.2
158,7,-0.8147872090339661,0.2080778330564499,-2.995723009109497,0.5221959870097038,0.4738416750195626,0,0,0,0.12,0.01,0.0,0.01,0.1,0.9,-1.2,0.0,0,0,1,0,0.675,0.2
159,0,-0.2573398947715759,-0.12211857736110687,-1.091361403465271,0.4284274359098481,0.23495622679080497,0,0,0,0.12,0.01,0.0,0.01,0.1,0.9,-1.2,0.0,0,0,1,0,0.675,0.2
159,1,-0.8114148378372192,-0.425138384103775,3.1404740810394287,0.44464323304837483,0.44361754871660924,0,0,0,0.12,0.01,0.0,0.01,0.1,0.9,-1.2,0.0,0,0,1,0,0.675,0.2
159,2,-0.06826776266098022,-0.026945505291223526,0.2896770238876343,1.6020585603682143,-0.602169544216786,0,0,0,0.12,0.01,0.0,0.01,0.1,0.9,-1.2,0.0,0,0,1,0,0.675,0.2
159,3,-0.36906465888023376,-0.31660810112953186,-1.6051002740859985,1.1370710270181834,-0.1373262541071116,0,0,0,0.12,0.01,0.0,0.01,0.1,0.9,-1.2,0.0,0,0,1,0,0.675,0.2
159,4,-0.6874933242797852,0.43008673191070557,0.051503922790288925,2.394963531533568,-2.0979044723905016,0,0,0,0.12,0.01,0.0,0.01,0.1,0.9,-1.2,0.0,0,0,1,0,0.675,0.2
159,5,-0.3330606520175934,0.22206233441829681,1.351933240890503,0.5002451693121146,0.49759958633745205,0,0,0,0.12,0.01,0.0,0.01,0.1,0.9,-1.2,0.0,0,0,1,0,0.675,0.2
159,6,-0.6738537549972534,-0.0750468522310257,-2.7558071613311768,0.3596724173971777,0.5409008362344141,0,0,0,0.12,0.01,0.0,0.01,0.1,0.9,-1.2,0.0,0,0,1,0,0.675,0.2
159,7,-0.8157728314399719,0.2079341560602188,-2.997836112976074,0.5200375765023567,0.47597213094851004,0,0,0,0.12,0.01,0.0,0.01,0.1,0.9,-1.2,0.0,0,0,1,0,0.675,0.2
160,0,-0.25703176856040955,-0.12271632999181747,-1.0980883836746216,0.42533550368381745,0.23032423151897186,0,0,0,0.12,0.01,0.0,0.01,0.1,0.9,-1.2,0.0,0,0,1,0,0.675,0.2
160,1,-0.8123036026954651,-0.42513740062713623,3.1404802799224854,0.4448899190021515,0.44293241099586483,0,0,0,0.12,0.01,0.0,0.01,0.1,0.9,-1.2,0.0,0,0,1,0,0.675,0.2
160,2,-0.06730833649635315,-0.026665329933166504,0.2549453377723694,1.1931551247123724,-0.1932684331420905,0,0,0,0.12,0.01,0.0,0.01,0.1,0.9,-1.2,0.0,0,0,1,0,0.675,0.2
160,3,-0.3691011071205139,-0.31760695576667786,-1.622256875038147,0.9396180964012273,0.06011600727842967,0,0,0,0.12,0.01,0.0,0.01,0.1,0.9,-1.2,0.0,0,0,1,0,0.675,0.2
160,4,-0.6872495412826538,0.4300837218761444,-0.1286487877368927,1.9698472953088786,-1.6243757045515086,0,0,0,0.12,0.01,0.0,0.01,0.1,0.9,-1.2,0.0,0,0,1,0,0.675,0.2
160,5,-0.33284562826156616,0.22303692996501923,1.3555203676223755,0.5590803774361643,0.4385897962088552,0,0,0,0.12,0.01,0.0,0.01,0.1,0.9,-1.2,0.0,0,0,1,0,0.675,0.2
160,6,-0.6746926307678223,-0.0753924623131752,-2.7457995414733887,0.38921123889191483,0.505525468318626,0,0,0,0.12,0.01,0.0,0.01,0.1,0.9,-1.2,0.0,0,0,1,0,0.675,0.2
160,7,-0.8167587518692017,0.20779240131378174,-2.999610185623169,0.5211424613314706,0.47484251019181445,0,0,0,0.12,0.01,0.0,0.01,0.1,0.9,-1.2,0.0,0,0,1,0,0.675,0.2
161,0,-0.2567308843135834,-0.12330926209688187,-1.1048777103424072,0.42102367359245857,0.22646819871817978,0,0,0,0.12,0.01,0.0,0.01,0.1,0.9,-1.2,0.0,0,0,1,0,0.675,0.2
161,1,-0.8131919503211975,-0.42513638734817505,3.1404502391815186,0.44464510231563226,0.4427917048399768,0,0,0,0.12,0.01,0.0,0.01,0.1,0.9,-1.2,0.0,0,0,1,0,0.675,0.2
161,2,-0.06633353978395462,-0.026440666988492012,0.18302957713603973,0.2048195067005582,0.7950630721492341,0,0,0,0.12,0.01,0.0,0.01,0.1,0.9,-1.2,0.0,0,0,1,0,0.675,0.2
161,3,-0.3691689372062683,-0.3186044991016388,-1.6631534099578857,0.436391458213913,0.5633313205832365,0,0,0,0.12,0.01,0.0,0.01,0.1,0.9,-1.2,0.0,0,0,1,0,0.675,0.2
161,4,-0.687000572681427,0.4300169348716736,-0.2922115921974182,1.3734269398387509,-1.0011981087859707,0,0,0,0.12,0.01,0.0,0.01,0.1,0.9,-1.2,0.0,0,0,1,0,0.675,0.2
161,5,-0.33263319730758667,0.22401192784309387,1.3561491966247559,0.5920170783087033,0.40546545991456334,0,0,0,0.12,0.01,0.0,0.01,0.1,0.9,-1.2,0.0,0,0,1,0,0.675,0.2
161,6,-0.6755234003067017,-0.0757431834936142,-2.7388064861297607,0.40417615406077056,0.48448982007939667,0,0,0,0.12,0.01,0.0,0.01,0.1,0.9,-1.2,0.0,0,0,1,0,0.675,0.2
161,7,-0.8177448511123657,0.20765230059623718,-3.001197338104248,0.5237166641455112,0.4722472669381679,0,0,0,0.12,0.01,0.0,0.01,0.1,0.9,-1.2,0.0,0,0,1,0,0.675,0.2
162,0,-0.25643736124038696,-0.12389727681875229,-1.1117238998413086,0.4155304174833851,0.223314191777174,0,0,0,0.12,0.01,0.0,0.01,0.1,0.9,-1.2,0.0,0,0,1,0,0.675,0.2
162,1,-0.8140798807144165,-0.4251353442668915,3.14038348197937,0.44390367191602664,0.4432128198785596,0,0,0,0.12,0.01,0.0,0.01,0.1,0.9,-1.2,0.0,0,0,1,0,0.675,0.2
162,2,-0.06534509360790253,-0.02628621831536293,0.12861108779907227,-0.47606668150200004,1.475940379259721,0,0,0,0.12,0.01,0.0,0.01,0.1,0.9,-1.2,0.0,0,0,1,0,0.675,0.2
162,3,-0.3692787289619446,-0.31959837675094604,-1.696803331375122,0.031291262534997255,0.9684163170777346,0,0,0,0.12,0.01,0.0,0.01,0.1,0.9,-1.2,0.0,0,0,1,0,0.675,0.2
162,4,-0.6867082715034485,0.4298916161060333,-0.425044447183609,0.5868411195374663,-0.22020147562991924,0,0,0,0.12,0.01,0.0,0.01,0.1,0.9,-1.2,0.0,0,0,1,0,0.675,0.2
162,5,-0.3324196934700012,0.2249865084886551,1.352738380432129,0.5908045671672153,0.40647656696135537,0,0,0,0.12,0.01,0.0,0.01,0.1,0.9,-1.2,0.0,0,0,1,0,0.675,0.2
162,6,-0.6763467192649841,-0.07609646022319794,-2.7342560291290283,0.4079773495843315,0.4744067718336677,0,0,0,0.12,0.01,0.0,0.01,0.1,0.9,-1.2,0.0,0,0,1,0,0.675,0.2
162,7,-0.8187311887741089,0.2075137346982956,-3.002817153930664,0.5268531182398796,0.46909460038042083,0,0,0,0.12,0.01,0.0,0.01,0.1,0.9,-1.2,0.0,0,0,1,0,0.675,0.2
163,0,-0.2561514377593994,-0.12448003143072128,-1.1185657978057861,0.4097083279714878,0.22019600180527613,0,0,0,0.12,0.01,0.0,0.01,0.1,0.9,-1.2,0.0,0,0,1,0,0.675,0.2
163,1,-0.8149673938751221,-0.4251342713832855,3.140312433242798,0.44298693324085764,0.4438422641659111,0,0,0,0.12,0.01,0.0,0.01,0.1,0.9,-1.2,0.0,0,0,1,0,0.675,0.2
163,2,-0.06435323506593704,-0.026164380833506584,0.13549670577049255,-0.4110942998813623,1.4109625736164086,0,0,0,0.12,0.01,0.0,0.01,0.1,0.9,-1.2,0.0,0,0,1,0,0.675,0.2
163,3,-0.36941036581993103,-0.32058921456336975,-1.6994001865386963,0.010991504591918288,0.988701948720002,0,0,0,0.12,0.01,0.0,0.01,0.1,0.9,-1.2,0.0,0,0,1,0,0.675,0.2
163,4,-0.6863919496536255,0.42972084879875183,-0.5168242454528809,-0.37479084515026045,0.7061868586485667,0,0,0,0.12,0.01,0.0,0.01,0.1,0.9,-1.2,0.0,0,0,1,0,0.675,0.2
163,5,-0.33220145106315613,0.2259598821401596,1.346644401550293,0.5674327738299022,0.42963336634496346,0,0,0,0.12,0.01,0.0,0.01,0.1,0.9,-1.2,0.0,0,0,1,0,0.675,0.2
163,6,-0.6771631240844727,-0.07645044475793839,-2.7311720848083496,0.40492237126432673,0.4709553667346356,0,0,0,0.12,0.01,0.0,0.01,0.1,0.9,-1.2,0.0,0,0,1,0,0.675,0.2
163,7,-0.8197177052497864,0.20737680792808533,-3.0045979022979736,0.5290381689869276,0.46689655582081163,0,0,0,0.12,0.01,0.0,0.01,0.1,0.9,-1.2,0.0,0,0,1,0,0.675,0.2
164,0,-0.25587332248687744,-0.12505708634853363,-1.1253384351730347,0.40451216628028935,0.21645426819847047,0,0,0,0.12,0.01,0.0,0.01,0.1,0.9,-1.2,0.0,0,0,1,0,0.675,0.2
164,1,-0.815854549407959,-0.4251331090927124,3.1402769088745117,0.4422732574378375,0.44425022774587825,0,0,0,0.12,0.01,0.0,0.01,0.1,0.9,-1.2,0.0,0,0,1,0,0.675,0.2
164,2,-0.06336426734924316,-0.026009175926446915,0.1945376992225647,0.3128325830950444,0.6870327104077631,0,0,0,0.12,0.01,0.0,0.01,0.1,0.9,-1.2,0.0,0,0,1,0,0.675,0.2
164,3,-0.3695300817489624,-0.3215816020965576,-1.6721842288970947,0.34991077039534074,0.6497702851504661,0,0,0,0.12,0.01,0.0,0.01,0.1,0.9,-1.2,0.0,0,0,1,0,0.675,0.2
164,4,-0.686076283454895,0.4295305907726288,-0.5559161901473999,-1.3406854895413642,1.6232966510117774,0,0,0,0.12,0.01,0.0,0.01,0.1,0.9,-1.2,0.0,0,0,1,0,0.675,0.2
164,5,-0.33197683095932007,0.22693157196044922,1.3401485681533813,0.540922181352172,0.45591543461462497,0,0,0,0.12,0.01,0.0,0.01,0.1,0.9,-1.2,0.0,0,0,1,0,0.675,0.2
164,6,-0.6779729127883911,-0.07680412381887436,-2.7287309169769287,0.3982037449192327,0.470906422107287,0,0,0,0.12,0.01,0.0,0.01,0.1,0.9,-1.2,0.0,0,0,1,0,0.675,0.2
164,7,-0.820704460144043,0.2072417289018631,-3.006591320037842,0.5293333476265403,0.4665887409965066,0,0,0,0.12,0.01,0.0,0.01,0.1,0.9,-1.2,0.0,0,0,1,0,0.675,0.2
165,0,-0.2556031048297882,-0.12562806904315948,-1.1320207118988037,0.40037124019124404,0.2118132843448888,0,0,0,0.12,0.01,0.0,0.01,0.1,0.9,-1.2,0.0,0,0,1,0,0.675,0.2
165,1,-0.8167414665222168,-0.4251319468021393,3.1402969360351562,0.4420921355979515,0.4440734236938881,0,0,0,0.12,0.01,0.0,0.01,0.1,0.9,-1.2,0.0,0,0,1,0,0.675,0.2
165,2,-0.062385108321905136,-0.025785211473703384,0.25957435369491577,1.1541950052457772,-0.15433769876536965,0,0,0,0.12,0.01,0.0,0.01,0.1,0.9,-1.2,0.0,0,0,1,0,0.675,0.2
165,3,-0.36961573362350464,-0.3225777745246887,-1.6381431818008423,0.7765160286697537,0.22314970848234597,0,0,0,0.12,0.01,0.0,0.01,0.1,0.9,-1.2,0.0,0,0,1,0,0.675,0.2
165,4,-0.6857894062995911,0.42935171723365784,-0.5310546159744263,-2.0292884143348364,2.274463507747236,0,0,0,0.12,0.01,0.0,0.01,0.1,0.9,-1.2,0.0,0,0,1,0,0.675,0.2
165,5,-0.33174625039100647,0.2279016673564911,1.3349745273590088,0.5249880873176369,0.47160783181459587,0,0,0,0.12,0.01,0.0,0.01,0.1,0.9,-1.2,0.0,0,0,1,0,0.675,0.2
165,6,-0.67877596616745,-0.07715708762407303,-2.726398229598999,0.3900259291407959,0.4720180476429566,0,0,0,0.12,0.01,0.0,0.01,0.1,0.9,-1.2,0.0,0,0,1,0,0.675,0.2
165,7,-0.8216914534568787,0.20710869133472443,-3.00875186920166,0.5275627148634389,0.46834411497054546,0,0,0,0.12,0.01,0.0,0.01,0.1,0.9,-1.2,0.0,0,0,1,0,0.675,0.2
166,0,-0.2553406059741974,-0.12619279325008392,-1.138643741607666,0.39704086400417676,0.20644710444064737,0,0,0,0.12,0.01,0.0,0.01,0.1,0.9,-1.2,0.0,0,0,1,0,0.675,0.2
166,1,-0.817628026008606,-0.42513081431388855,3.1403632164001465,0.44238683779860194,0.443375794094556,0,0,0,0.12,0.01,0.0,0.01,0.1,0.9,-1.2,0.0,0,0,1,0,0.675,0.2
166,2,-0.061421990394592285,-0.02551087737083435,0.2829570770263672,1.4041494291892949,-0.4043007653823796,0,0,0,0.12,0.01,0.0,0.01,0.1,0.9,-1.2,0.0,0,0,1,0,0.675,0.2
166,3,-0.3696724772453308,-0.32357582449913025,-1.6228549480438232,0.9628571090267029,0.03679199842950443,0,0,0,0.12,0.01,0.0,0.01,0.1,0.9,-1.2,0.0,0,0,1,0,0.675,0.2
166,4,-0.6855348348617554,0.42920711636543274,-0.44010815024375916,-2.2848897797005026,2.523125670565828,0,0,0,0.12,0.01,0.0,0.01,0.1,0.9,-1.2,0.0,0,0,1,0,0.675,0.2
166,5,-0.33151140809059143,0.22887049615383148,1.3316092491149902,0.5235805263422648,0.4727601657010396,0,0,0,0.12,0.01,0.0,0.01,0.1,0.9,-1.2,0.0,0,0,1,0,0.675,0.2
166,6,-0.6795719861984253,-0.07750924676656723,-2.7238807678222656,0.3821543668415613,0.47251150859331426,0,0,0,0.12,0.01,0.0,0.01,0.1,0.9,-1.2,0.0,0,0,1,0,0.675,0.2
166,7,-0.8226787447929382,0.20697784423828125,-3.010960102081299,0.5247732327926803,0.47111410632246264,0,0,0,0.12,0.01,0.0,0.01,0.1,0.9,-1.2,0.0,0,0,1,0,0.675,0.2
167,0,-0.2550855576992035,-0.12675125896930695,-1.1452690362930298,0.3937723559221942,0.20081401645329414,0,0,0,0.12,0.01,0.0,0.01,0.1,0.9,-1.2,0.0,0,0,1,0,0.675,0.2
167,1,-0.8185142874717712,-0.4251297414302826,3.1404383182525635,0.4428579438463095,0.4424965750440713,0,0,0,0.12,0.01,0.0,0.01,0.1,0.9,-1.2,0.0,0,0,1,0,0.675,0.2
167,2,-0.060460414737463,-0.025239434093236923,0.2488173544406891,0.9809332967455873,0.018911135131548847,0,0,0,0.12,0.01,0.0,0.01,0.1,0.9,-1.2,0.0,0,0,1,0,0.675,0.2
167,3,-0.3697265684604645,-0.32457390427589417,-1.6362940073013306,0.8082365087445224,0.1913981743876492,0,0,0,0.12,0.01,0.0,0.01,0.1,0.9,-1.2,0.0,0,0,1,0,0.675,0.2
167,4,-0.6853014230728149,0.42910534143447876,-0.2981424033641815,-2.1655554505680135,2.4274360569809015,0,0,0,0.12,0.01,0.0,0.01,0.1,0.9,-1.2,0.0,0,0,1,0,0.675,0.2
167,5,-0.3312740623950958,0.22983846068382263,1.3295024633407593,0.5329592694365778,0.46311069831015683,0,0,0,0.12,0.01,0.0,0.01,0.1,0.9,-1.2,0.0,0,0,1,0,0.675,0.2
167,6,-0.680360734462738,-0.07786062359809875,-2.721055746078491,0.37594803058050213,0.4710350445614046,0,0,0,0.12,0.01,0.0,0.01,0.1,0.9,-1.2,0.0,0,0,1,0,0.675,0.2
167,7,-0.8236662745475769,0.20684917271137238,-3.013073682785034,0.5225276308818909,0.4733359259799865,0,0,0,0.12,0.01,0.0,0.01,0.1,0.9,-1.2,0.0,0,0,1,0,0.675,0.2
168,0,-0.25483769178390503,-0.12730340659618378,-1.1519544124603271,0.38993998287597353,0.19528679133972476,0,0,0,0.12,0.01,0.0,0.01,0.1,0.9,-1.2,0.0,0,0,1,0,0.675,0.2
168,1,-0.8194001317024231,-0.4251287579536438,3.140484094619751,0.4432126627221768,0.44176896951048916,0,0,0,0.12,0.01,0.0,0.01,0.1,0.9,-1.2,0.0,0,0,1,0,0.675,0.2
168,2,-0.059485021978616714,-0.02501787804067135,0.18881990015506744,0.17092968999149444,0.8289080065607822,0,0,0,0.12,0.01,0.0,0.01,0.1,0.9,-1.2,0.0,0,0,1,0,0.675,0.2
168,3,-0.3698042035102844,-0.32557058334350586,-1.6661896705627441,0.45130888048433204,0.5483105438587771,0,0,0,0.12,0.01,0.0,0.01,0.1,0.9,-1.2,0.0,0,0,1,0,0.675,0.2
168,4,-0.6850672364234924,0.4290444254875183,-0.1324722170829773,-1.8179540443342512,2.1179275917929,0,0,0,0.12,0.01,0.0,0.01,0.1,0.9,-1.2,0.0,0,0,1,0,0.675,0.2
168,5,-0.33103498816490173,0.23080573976039886,1.3276894092559814,0.5461756193716657,0.4496056830804217,0,0,0,0.12,0.01,0.0,0.01,0.1,0.9,-1.2,0.0,0,0,1,0,0.675,0.2
168,6,-0.68114173412323,-0.07821128517389297,-2.717930793762207,0.37207576519539093,0.4669369172425058,0,0,0,0.12,0.01,0.0,0.01,0.1,0.9,-1.2,0.0,0,0,1,0,0.675,0.2
168,7,-0.8246541023254395,0.20672252774238586,-3.0150063037872314,0.522117802499447,0.4737185150397682,0,0,0,0.12,0.01,0.0,0.01,0.1,0.9,-1.2,0.0,0,0,1,0,0.675,0.2
169,0,-0.25459691882133484,-0.1278490126132965,-1.1587220430374146,0.3854628445760867,0.18995550850466283,0,0,0,0.12,0.01,0.0,0.01,0.1,0.9,-1.2,0.0,0,0,1,0,0.675,0.2
169,1,-0.8202855587005615,-0.425127774477005,3.140481472015381,0.4432471227697066,0.4414074587770768,0,0,0,0.12,0.01,0.0,0.01,0.1,0.9,-1.2,0.0,0,0,1,0,0.675,0.2
169,2,-0.05849873274564743,-0.024852069094777107,0.1491052210330963,-0.32366762082078726,1.323494707746294,0,0,0,0.12,0.01,0.0,0.01,0.1,0.9,-1.2,0.0,0,0,1,0,0.675,0.2
169,3,-0.36991217732429504,-0.3265644609928131,-1.6900184154510498,0.17208564254287723,0.827515721592865,0,0,0,0.12,0.01,0.0,0.01,0.1,0.9,-1.2,0.0,0,0,1,0,0.675,0.2
169,4,-0.6848095655441284,0.42902645468711853,0.030545974150300026,-1.335299089540278,1.6696834415090434,0,0,0,0.12,0.01,0.0,0.01,0.1,0.9,-1.2,0.0,0,0,1,0,0.675,0.2
169,5,-0.3307941257953644,0.2317723035812378,1.32535982131958,0.5566618036831924,0.4388112831507615,0,0,0,0.12,0.01,0.0,0.01,0.1,0.9,-1.2,0.0,0,0,1,0,0.675,0.2
169,6,-0.681914746761322,-0.07856128364801407,-2.7146143913269043,0.3703606112839792,0.46040040413121247,0,0,0,0.12,0.01,0.0,0.01,0.1,0.9,-1.2,0.0,0,0,1,0,0.675,0.2
169,7,-0.8256421089172363,0.2065977305173874,-3.0167746543884277,0.5239680338417505,0.47183824295649784,0,0,0,0.12,0.01,0.0,0.01,0.1,0.9,-1.2,0.0,0,0,1,0,0.675,0.2
170,0,-0.25436338782310486,-0.1283876597881317,-1.1655548810958862,0.3806738386008741,0.1846999397423265,0,0,0,0.12,0.01,0.0,0.01,0.1,0.9,-1.2,0.0,0,0,1,0,0.675,0.2
170,1,-0.8211706280708313,-0.4251267910003662,3.1404354572296143,0.44308719522939716,0.4412632238150975,0,0,0,0.12,0.01,0.0,0.01,0.1,0.9,-1.2,0.0,0,0,1,0,0.675,0.2
170,2,-0.057510022073984146,-0.024706127122044563,0.16085436940193176,-0.1982352789582771,1.1980553921403452,0,0,0,0.12,0.01,0.0,0.01,0.1,0.9,-1.2,0.0,0,0,1,0,0.675,0.2
170,3,-0.370035320520401,-0.3275563716888428,-1.6916173696517944,0.1608888682677945,0.8386949721023838,0,0,0,0.12,0.01,0.0,0.01,0.1,0.9,-1.2,0.0,0,0,1,0,0.675,0.2
170,4,-0.6845535039901733,0.4290611445903778,0.17514188587665558,-0.7144796508421637,1.0668144184221962,0,0,0,0.12,0.01,0.0,0.01,0.1,0.9,-1.2,0.0,0,0,1,0,0.675,0.2
170,5,-0.3305507004261017,0.2327379435300827,1.3221465349197388,0.5596515264532066,0.4354943904855751,0,0,0,0.12,0.01,0.0,0.01,0.1,0.9,-1.2,0.0,0,0,1,0,0.675,0.2
170,6,-0.6826793551445007,-0.07891055941581726,-2.711271047592163,0.36983364857732526,0.45236641131342176,0,0,0,0.12,0.01,0.0,0.01,0.1,0.9,-1.2,0.0,0,0,1,0,0.675,0.2
170,7,-0.8266302943229675,0.20647461712360382,-3.018489122390747,0.5265118884133292,0.46925975808630466,0,0,0,0.12,0.01,0.0,0.01,0.1,0.9,-1.2,0.0,0,0,1,0,0.675,0.2
171,0,-0.254137247800827,-0.12891891598701477,-1.1724218130111694,0.37595056827370865,0.17941761676962634,0,0,0,0.12,0.01,0.0,0.01,0.1,0.9,-1.2,0.0,0,0,1,0,0.675,0.2
171,1,-0.8220553398132324,-0.42512574791908264,3.140369176864624,0.44293651611583695,0.4410969254277422,0,0,0,0.12,0.01,0.0,0.01,0.1,0.9,-1.2,0.0,0,0,1,0,0.675,0.2
171,2,-0.05652535334229469,-0.024528082460165024,0.21177424490451813,0.4331230452911169,0.566691226635763,0,0,0,0.12,0.01,0.0,0.01,0.1,0.9,-1.2,0.0,0,0,1,0,0.675,0.2
171,3,-0.37014979124069214,-0.3285493552684784,-1.672523856163025,0.39392423217406564,0.6056429188955755,0,0,0,0.12,0.01,0.0,0.01,0.1,0.9,-1.2,0.0,0,0,1,0,0.675,0.2
171,4,-0.6842588186264038,0.4291423559188843,0.2876617908477783,0.03013269599920702,0.3177843541240077,0,0,0,0.12,0.01,0.0,0.01,0.1,0.9,-1.2,0.0,0,0,1,0,0.675,0.2
171,5,-0.33030393719673157,0.2337024211883545,1.3181483745574951,0.5558824214347798,0.4389160004249614,0,0,0,0.12,0.01,0.0,0.01,0.1,0.9,-1.2,0.0,0,0,1,0,0.675,0.2
171,6,-0.683435320854187,-0.07925896346569061,-2.708064556121826,0.3691104812831794,0.4442111091404045,0,0,0,0.12,0.01,0.0,0.01,0.1,0.9,-1.2,0.0,0,0,1,0,0.675,0.2
171,7,-0.8276187181472778,0.20635323226451874,-3.0203030109405518,0.529392255081378,0.46634190009669213,0,0,0,0.12,0.01,0.0,0.01,0.1,0.9,-1.2,0.0,0,0,1,0,0.675,0.2
172,0,-0.25391870737075806,-0.12944252789020538,-1.1793063879013062,0.37152717942097535,0.17399378186366207,0,0,0,0.12,0.01,0.0,0.01,0.1,0.9,-1.2,0.0,0,0,1,0,0.675,0.2
172,1,-0.8229397535324097,-0.4251246452331543,3.1402997970581055,0.44296641734936065,0.44071434351108246,0,0,0,0.12,0.01,0.0,0.01,0.1,0.9,-1.2,0.0,0,0,1,0,0.675,0.2
172,2,-0.05555041879415512,-0.02429385669529438,0.2626468539237976,1.0707133892888663,-0.07090960777946685,0,0,0,0.12,0.01,0.0,0.01,0.1,0.9,-1.2,0.0,0,0,1,0,0.675,0.2
172,3,-0.37024053931236267,-0.32954487204551697,-1.6488827466964722,0.6807985021726708,0.31874993303851074,0,0,0,0.12,0.01,0.0,0.01,0.1,0.9,-1.2,0.0,0,0,1,0,0.675,0.2
172,4,-0.6839386224746704,0.42925769090652466,0.3587433397769928,0.8506107346636251,-0.5260068790537313,0,0,0,0.12,0.01,0.0,0.01,0.1,0.9,-1.2,0.0,0,0,1,0,0.675,0.2
172,5,-0.3300532102584839,0.23466552793979645,1.313823938369751,0.5486251118078026,0.4458059070215431,0,0,0,0.12,0.01,0.0,0.01,0.1,0.9,-1.2,0.0,0,0,1,0,0.675,0.2
172,6,-0.6841825246810913,-0.07960619032382965,-2.7051026821136475,0.36710145523453414,0.43701413819884594,0,0,0,0.12,0.01,0.0,0.01,0.1,0.9,-1.2,0.0,0,0,1,0,0.675,0.2
172,7,-0.8286072611808777,0.2062336951494217,-3.0222866535186768,0.5316257995142831,0.4640681821332084,0,0,0,0.12,0.01,0.0,0.01,0.1,0.9,-1.2,0.0,0,0,1,0,0.675,0.2
173,0,-0.25370773673057556,-0.12995842099189758,-1.1862106323242188,0.3674502797716246,0.1682754926092042,0,0,0,0.12,0.01,0.0,0.01,0.1,0.9,-1.2,0.0,0,0,1,0,0.675,0.2
173,1,-0.823823869228363,-0.4251234531402588,3.1402299404144287,0.44314633419390914,0.44015098998669394,0,0,0,0.12,0.01,0.0,0.01,0.1,0.9,-1.2,0.0,0,0,1,0,0.675,0.2
173,2,-0.05458720400929451,-0.024022135883569717,0.2762547731399536,1.2143673693014052,-0.21457395900019688,0,0,0,0.12,0.01,0.0,0.01,0.1,0.9,-1.2,0.0,0,0,1,0,0.675,0.2
173,3,-0.3703112304210663,-0.3305419385433197,-1.6381722688674927,0.8093764449471671,0.19015220152194923,0,0,0,0.12,0.01,0.0,0.01,0.1,0.9,-1.2,0.0,0,0,1,0,0.675,0.2
173,4,-0.6836177110671997,0.42938634753227234,0.3791901171207428,1.6010605654765875,-1.306484486823252,0,0,0,0.12,0.01,0.0,0.01,0.1,0.9,-1.2,0.0,0,0,1,0,0.675,0.2
173,5,-0.3297984004020691,0.235627219080925,1.3096567392349243,0.5421230144190504,0.45192122987034783,0,0,0,0.12,0.01,0.0,0.01,0.1,0.9,-1.2,0.0,0,0,1,0,0.675,0.2
173,6,-0.6849206686019897,-0.07995183765888214,-2.702402114868164,0.36350129948910265,0.4310901869649075,0,0,0,0.12,0.01,0.0,0.01,0.1,0.9,-1.2,0.0,0,0,1,0,0.675,0.2
173,7,-0.8295960426330566,0.2061161994934082,-3.0244691371917725,0.5322482614964467,0.4634035200625438,0,0,0,0.12,0.01,0.0,0.01,0.1,0.9,-1.2,0.0,0,0,1,0,0.675,0.2
174,0,-0.25350421667099,-0.13046668469905853,-1.1931484937667847,0.3635604824107706,0.16213674888195395,0,0,0,0.12,0.01,0.0,0.01,0.1,0.9,-1.2,0.0,0,0,1,0,0.675,0.2
174,1,-0.824707567691803,-0.4251222312450409,3.1401476860046387,0.4433893499992454,0.43952054399031765,0,0,0,0.12,0.01,0.0,0.01,0.1,0.9,-1.2,0.0,0,0,1,0,0.675,0.2
174,2,-0.05362346023321152,-0.02375751920044422,0.24512521922588348,0.8213450160174052,0.17844136093571986,0,0,0,0.12,0.01,0.0,0.01,0.1,0.9,-1.2,0.0,0,0,1,0,0.675,0.2
174,3,-0.3703796863555908,-0.3315390944480896,-1.6468559503555298,0.7109862276594535,0.2885237625558481,0,0,0,0.12,0.01,0.0,0.01,0.1,0.9,-1.2,0.0,0,0,1,0,0.675,0.2
174,4,-0.6833117008209229,0.42950624227523804,0.3424556851387024,2.1103253833662268,-1.8354923598181005,0,0,0,0.12,0.01,0.0,0.01,0.1,0.9,-1.2,0.0,0,0,1,0,0.675,0.2
174,5,-0.32953983545303345,0.2365875244140625,1.3059372901916504,0.539923499153602,0.45371382422591444,0,0,0,0.12,0.01,0.0,0.01,0.1,0.9,-1.2,0.0,0,0,1,0,0.675,0.2
174,6,-0.6856496930122375,-0.08029552549123764,-2.699899435043335,0.3586899757170134,0.4260873079515046,0,0,0,0.12,0.01,0.0,0.01,0.1,0.9,-1.2,0.0,0,0,1,0,0.675,0.2
174,7,-0.8305850625038147,0.20600095391273499,-3.0268187522888184,0.5310523403422283,0.46455640666323433,0,0,0,0.12,0.01,0.0,0.01,0.1,0.9,-1.2,0.0,0,0,1,0,0.675,0.2
175,0,-0.25330790877342224,-0.13096727430820465,-1.2001389265060425,0.35969532873020643,0.15552996252192983,0,0,0,0.12,0.01,0.0,0.01,0.1,0.9,-1.2,0.0,0,0,1,0,0.675,0.2
175,1,-0.825590968132019,-0.42512089014053345,3.1400396823883057,0.44347439759965956,0.43907107359174663,0,0,0,0.12,0.01,0.0,0.01,0.1,0.9,-1.2,0.0,0,0,1,0,0.675,0.2
175,2,-0.05264832079410553,-0.023535627871751785,0.19696977734565735,0.18911684795685146,0.8106596346252409,0,0,0,0.12,0.01,0.0,0.01,0.1,0.9,-1.2,0.0,0,0,1,0,0.675,0.2
175,3,-0.37046369910240173,-0.3325350880622864,-1.6667920351028442,0.48024735258082996,0.5192433257295643,0,0,0,0.12,0.01,0.0,0.01,0.1,0.9,-1.2,0.0,0,0,1,0,0.675,0.2
175,4,-0.6830263733863831,0.4296022355556488,0.25106263160705566,2.3131409491054775,-2.0355485881321194,0,0,0,0.12,0.01,0.0,0.01,0.1,0.9,-1.2,0.0,0,0,1,0,0.675,0.2
175,5,-0.3292779326438904,0.23754653334617615,1.3026714324951172,0.543049559056342,0.4501594453458186,0,0,0,0.12,0.01,0.0,0.01,0.1,0.9,-1.2,0.0,0,0,1,0,0.675,0.2
175,6,-0.6863692998886108,-0.08063691854476929,-2.697498083114624,0.3533115705644156,0.42139133604416595,0,0,0,0.12,0.01,0.0,0.01,0.1,0.9,-1.2,0.0,0,0,1,0,0.675,0.2
175,7,-0.8315743207931519,0.20588809251785278,-3.029236078262329,0.5286907121151834,0.4668751791506857,0,0,0,0.12,0.01,0.0,0.01,0.1,0.9,-1.2,0.0,0,0,1,0,0.675,0.2
176,0,-0.25311872363090515,-0.13145989179611206,-1.207202672958374,0.3558186521719263,0.14853618238465324,0,0,0,0.12,0.01,0.0,0.01,0.1,0.9,-1.2,0.0,0,0,1,0,0.675,0.2
176,1,-0.8264739513397217,-0.42511945962905884,3.1399006843566895,0.4433907358185205,0.43882071094356434,0,0,0,0.12,0.01,0.0,0.01,0.1,0.9,-1.2,0.0,0,0,1,0,0.675,0.2
176,2,-0.05166453495621681,-0.02335679531097412,0.1688808649778366,-0.15966616663317937,1.1594299534259345,0,0,0,0.12,0.01,0.0,0.01,0.1,0.9,-1.2,0.0,0,0,1,0,0.675,0.2
176,3,-0.37056809663772583,-0.33352920413017273,-1.683009386062622,0.2951589668236539,0.7043104922332003,0,0,0,0.12,0.01,0.0,0.01,0.1,0.9,-1.2,0.0,0,0,1,0,0.675,0.2
176,4,-0.6827532649040222,0.4296643137931824,0.11963078379631042,2.2495164994466488,-1.9467815582025236,0,0,0,0.12,0.01,0.0,0.01,0.1,0.9,-1.2,0.0,0,0,1,0,0.675,0.2
176,5,-0.3290131390094757,0.2385043203830719,1.2996063232421875,0.5496564601403885,0.4431024099844285,0,0,0,0.12,0.01,0.0,0.01,0.1,0.9,-1.2,0.0,0,0,1,0,0.675,0.2
176,6,-0.6870793104171753,-0.08097578585147858,-2.6951186656951904,0.34766839618286505,0.41672541027465443,0,0,0,0.12,0.01,0.0,0.01,0.1,0.9,-1.2,0.0,0,0,1,0,0.675,0.2
176,7,-0.8325638175010681,0.20577764511108398,-3.0315966606140137,0.5264075406075628,0.46911692543018746,0,0,0,0.12,0.01,0.0,0.01,0.1,0.9,-1.2,0.0,0,0,1,0,0.675,0.2
177,0,-0.2529365122318268,-0.13194406032562256,-1.2143596410751343,0.3518672089679051,0.1414492626087856,0,0,0,0.12,0.01,0.0,0.01,0.1,0.9,-1.2,0.0,0,0,1,0,0.675,0.2
177,1,-0.8273565769195557,-0.4251179099082947,3.139740228652954,0.4432198913739886,0.43867296856177196,0,0,0,0.12,0.01,0.0,0.01,0.1,0.9,-1.2,0.0,0,0,1,0,0.675,0.2
177,2,-0.050679221749305725,-0.023188965395092964,0.18183395266532898,-0.01464497054550224,1.0143991013858038,0,0,0,0.12,0.01,0.0,0.01,0.1,0.9,-1.2,0.0,0,0,1,0,0.675,0.2
177,3,-0.3706832230091095,-0.334522008895874,-1.6848747730255127,0.27829038504007214,0.7211577355539525,0,0,0,0.12,0.01,0.0,0.01,0.1,0.9,-1.2,0.0,0,0,1,0,0.675,0.2
177,4,-0.6824759244918823,0.42968517541885376,-0.03048074059188366,1.992724620397289,-1.6544751456334188,0,0,0,0.12,0.01,0.0,0.01,0.1,0.9,-1.2,0.0,0,0,1,0,0.675,0.2
177,5,-0.3287454843521118,0.23946087062358856,1.2963814735412598,0.556443861748104,0.4358432376133156,0,0,0,0.12,0.01,0.0,0.01,0.1,0.9,-1.2,0.0,0,0,1,0,0.675,0.2
177,6,-0.6877794861793518,-0.08131195604801178,-2.692721366882324,0.3415010829051519,0.4123646359364008,0,0,0,0.12,0.01,0.0,0.01,0.1,0.9,-1.2,0.0,0,0,1,0,0.675,0.2
177,7,-0.8335534930229187,0.20566949248313904,-3.033809185028076,0.5253698342106456,0.47011570999406627,0,0,0,0.12,0.01,0.0,0.01,0.1,0.9,-1.2,0.0,0,0,1,0,0.675,0.2
178,0,-0.2527613341808319,-0.13241933286190033,-1.2216248512268066,0.3477502300941111,0.13460256312259417,0,0,0,0.12,0.01,0.0,0.01,0.1,0.9,-1.2,0.0,0,0,1,0,0.675,0.2
178,1,-0.828238844871521,-0.4251161813735962,3.139571189880371,0.44305187790406586,0.4385143485783254,0,0,0,0.12,0.01,0.0,0.01,0.1,0.9,-1.2,0.0,0,0,1,0,0.675,0.2
178,2,-0.04969852790236473,-0.02299279347062111,0.22326132655143738,0.49359980540273846,0.5061449079036886,0,0,0,0.12,0.01,0.0,0.01,0.1,0.9,-1.2,0.0,0,0,1,0,0.675,0.2
178,3,-0.3707933723926544,-0.3355153501033783,-1.6731040477752686,0.4181115397276719,0.5813154808221023,0,0,0,0.12,0.01,0.0,0.01,0.1,0.9,-1.2,0.0,0,0,1,0,0.675,0.2
178,4,-0.6821799278259277,0.42965400218963623,-0.1799071878194809,1.5710894249856162,-1.2034149848401234,0,0,0,0.12,0.01,0.0,0.01,0.1,0.9,-1.2,0.0,0,0,1,0,0.675,0.2
178,5,-0.3284747302532196,0.24041609466075897,1.2927260398864746,0.5607986518358159,0.4309954575086665,0,0,0,0.12,0.01,0.0,0.01,0.1,0.9,-1.2,0.0,0,0,1,0,0.675,0.2
178,6,-0.688469648361206,-0.08164531737565994,-2.6902918815612793,0.33418115423563627,0.4089502449190268,0,0,0,0.12,0.01,0.0,0.01,0.1,0.9,-1.2,0.0,0,0,1,0,0.675,0.2
178,7,-0.8345433473587036,0.2055634707212448,-3.0358619689941406,0.525988492866203,0.46946212301667045,0,0,0,0.12,0.01,0.0,0.01,0.1,0.9,-1.2,0.0,0,0,1,0,0.675,0.2
179,0,-0.25259318947792053,-0.13288547098636627,-1.2289999723434448,0.343534957651464,0.1280077285725197,0,0,0,0.12,0.01,0.0,0.01,0.1,0.9,-1.2,0.0,0,0,1,0,0.675,0.2
179,1,-0.8291208148002625,-0.42511433362960815,3.13940167427063,0.44304130607971454,0.438174862323911,0,0,0,0.12,0.01,0.0,0.01,0.1,0.9,-1.2,0.0,0,0,1,0,0.675,0.2
179,2,-0.04872632026672363,-0.022752946242690086,0.261475145816803,0.9590661143167004,0.040665187944652174,0,0,0,0.12,0.01,0.0,0.01,0.1,0.9,-1.2,0.0,0,0,1,0,0.675,0.2
179,3,-0.37088853120803833,-0.3365103006362915,-1.6577882766723633,0.5976660923497662,0.4017385764582172,0,0,0,0.12,0.01,0.0,0.01,0.1,0.9,-1.2,0.0,0,0,1,0,0.675,0.2
179,4,-0.6818793416023254,0.42956629395484924,-0.3126228153705597,0.9812695895973439,-0.6040699993911977,0,0,0,0.12,0.01,0.0,0.01,0.1,0.9,-1.2,0.0,0,0,1,0,0.675,0.2
179,5,-0.32820039987564087,0.2413698136806488,1.2885804176330566,0.5616330055570783,0.42964868265627004,0,0,0,0.12,0.01,0.0,0.01,0.1,0.9,-1.2,0.0,0,0,1,0,0.675,0.2
179,6,-0.6891495585441589,-0.0819757804274559,-2.687804698944092,0.3253291409899781,0.4068648654530455,0,0,0,0.12,0.01,0.0,0.01,0.1,0.9,-1.2,0.0,0,0,1,0,0.675,0.2
179,7,-0.8355333805084229,0.20545941591262817,-3.037825584411621,0.5272560324789314,0.4681636485933036,0,0,0,0.12,0.01,0.0,0.01,0.1,0.9,-1.2,0.0,0,0,1,0,0.675,0.2
180,0,-0.25243210792541504,-0.1333424597978592,-1.2364715337753296,0.33949957443532186,0.12126876758280558,0,0,0,0.12,0.01,0.0,0.01,0.1,0.9,-1.2,0.0,0,0,1,0,0.675,0.2
180,1,-0.8300024271011353,-0.4251123368740082,3.139232635498047,0.4431543452098651,0.4376910226986128,0,0,0,0.12,0.01,0.0,0.01,0.1,0.9,-1.2,0.0,0,0,1,0,0.675,0.2
180,2,-0.04776284098625183,-0.022486278787255287,0.2690872848033905,1.036788244625217,-0.037070055385715096,0,0,0,0.12,0.01,0.0,0.01,0.1,0.9,-1.2,0.0,0,0,1,0,0.675,0.2
180,3,-0.37097039818763733,-0.33750638365745544,-1.6500879526138306,0.6872703066527706,0.31211099713446094,0,0,0,0.12,0.01,0.0,0.01,0.1,0.9,-1.2,0.0,0,0,1,0,0.675,0.2
180,4,-0.6815555691719055,0.42943161725997925,-0.41632869839668274,0.24129423897180954,0.12125458915319044,0,0,0,0.12,0.01,0.0,0.01,0.1,0.9,-1.2,0.0,0,0,1,0,0.675,0.2
180,5,-0.32792213559150696,0.24232187867164612,1.2840780019760132,0.5607344560764379,0.4300140685893945,0,0,0,0.12,0.01,0.0,0.01,0.1,0.9,-1.2,0.0,0,0,1,0,0.675,0.2
180,6,-0.6898190379142761,-0.08230330049991608,-2.685195207595825,0.3154074307254598,0.4056584481426433,0,0,0,0.12,0.01,0.0,0.01,0.1,0.9,-1.2,0.0,0,0,1,0,0.675,0.2
180,7,-0.8365235924720764,0.20535728335380554,-3.0398106575012207,0.5287258400573959,0.46666678050611127,0,0,0,0.12,0.01,0.0,0.01,0.1,0.9,-1.2,0.0,0,0,1,0,0.675,0.2
181,0,-0.2522781193256378,-0.13379043340682983,-1.2440284490585327,0.33587597416979825,0.11389778448002774,0,0,0,0.12,0.01,0.0,0.01,0.1,0.9,-1.2,0.0,0,0,1,0,0.675,0.2
181,1,-0.8308837413787842,-0.42511019110679626,3.139054298400879,0.44330163323939376,0.4371685830348678,0,0,0,0.12,0.01,0.0,0.01,0.1,0.9,-1.2,0.0,0,0,1,0,0.675,0.2
181,2,-0.046797413378953934,-0.022227445617318153,0.24338139593601227,0.713672283592416,0.2860350576017368,0,0,0,0.12,0.01,0.0,0.01,0.1,0.9,-1.2,0.0,0,0,1,0,0.675,0.2
181,3,-0.37104976177215576,-0.3385026156902313,-1.6544474363327026,0.6387118526134891,0.36064638417621425,0,0,0,0.12,0.01,0.0,0.01,0.1,0.9,-1.2,0.0,0,0,1,0,0.675,0.2
181,4,-0.6812247037887573,0.4292658269405365,-0.48024308681488037,-0.5749605883021894,0.9045656312366073,0,0,0,0.12,0.01,0.0,0.01,0.1,0.9,-1.2,0.0,0,0,1,0,0.675,0.2
181,5,-0.3276396691799164,0.24327217042446136,1.2794498205184937,0.5602409989258632,0.4299525468924656,0,0,0,0.12,0.01,0.0,0.01,0.1,0.9,-1.2,0.0,0,0,1,0,0.675,0.2
181,6,-0.6904777884483337,-0.08262785524129868,-2.682368516921997,0.30530586430569784,0.4044400792405973,0,0,0,0.12,0.01,0.0,0.01,0.1,0.9,-1.2,0.0,0,0,1,0,0.675,0.2
181,7,-0.8375139832496643,0.2052571326494217,-3.041876792907715,0.5295398056528985,0.4658278405644477,0,0,0,0.12,0.01,0.0,0.01,0.1,0.9,-1.2,0.0,0,0,1,0,0.675,0.2
182,0,-0.2521311938762665,-0.13422943651676178,-1.2516793012619019,0.33283770860019274,0.10555996715244705,0,0,0,0.12,0.01,0.0,0.01,0.1,0.9,-1.2,0.0,0,0,1,0,0.675,0.2
182,1,-0.8317646384239197,-0.42510786652565,3.138857126235962,0.4433562683750711,0.43675208810075894,0,0,0,0.12,0.01,0.0,0.01,0.1,0.9,-1.2,0.0,0,0,1,0,0.675,0.2
182,2,-0.04582320153713226,-0.022002384066581726,0.20677049458026886,0.24834154709793646,0.7513522638418524,0,0,0,0.12,0.01,0.0,0.01,0.1,0.9,-1.2,0.0,0,0,1,0,0.675,0.2
182,3,-0.3711378574371338,-0.3394981026649475,-1.6663649082183838,0.5043596671617208,0.4949750853979412,0,0,0,0.12,0.01,0.0,0.01,0.1,0.9,-1.2,0.0,0,0,1,0,0.675,0.2
182,4,-0.6809030175209045,0.4290924370288849,-0.4946295917034149,-1.3024986876951996,1.5956168665396515,0,0,0,0.12,0.01,0.0,0.01,0.1,0.9,-1.2,0.0,0,0,1,0,0.675,0.2
182,5,-0.32735294103622437,0.24422062933444977,1.2748414278030396,0.5611960988783438,0.4284194606995981,0,0,0,0.12,0.01,0.0,0.01,0.1,0.9,-1.2,0.0,0,0,1,0,0.675,0.2
182,6,-0.6911256313323975,-0.08294948190450668,-2.6792495250701904,0.296033239377921,0.40218915938001354,0,0,0,0.12,0.01,0.0,0.01,0.1,0.9,-1.2,0.0,0,0,1,0,0.675,0.2
182,7,-0.8385045528411865,0.20515908300876617,-3.044044256210327,0.5292027274433211,0.46613988482321944,0,0,0,0.12,0.01,0.0,0.01,0.1,0.9,-1.2,0.0,0,0,1,0,0.675,0.2
183,0,-0.25199127197265625,-0.13465920090675354,-1.2594552040100098,0.33032775177779355,0.09637400255379525,0,0,0,0.12,0.01,0.0,0.01,0.1,0.9,-1.2,0.0,0,0,1,0,0.675,0.2
183,1,-0.8326451778411865,-0.42510536313056946,3.138636827468872,0.4432918069600568,0.4364741208315387,0,0,0,0.12,0.01,0.0,0.01,0.1,0.9,-1.2,0.0,0,0,1,0,0.675,0.2
183,2,-0.04484225809574127,-0.02180938795208931,0.18721866607666016,0.007566734292211146,0.9921114006260018,0,0,0,0.12,0.01,0.0,0.01,0.1,0.9,-1.2,0.0,0,0,1,0,0.675,0.2
183,3,-0.3712385892868042,-0.3404923975467682,-1.6768150329589844,0.3876065863003753,0.61170337072706,0,0,0,0.12,0.01,0.0,0.01,0.1,0.9,-1.2,0.0,0,0,1,0,0.675,0.2
183,4,-0.6806066036224365,0.4289342164993286,-0.4538510739803314,-1.7706237520131716,2.040621497765506,0,0,0,0.12,0.01,0.0,0.01,0.1,0.9,-1.2,0.0,0,0,1,0,0.675,0.2
183,5,-0.3270619809627533,0.24516722559928894,1.2702542543411255,0.5627656717126625,0.42624919225523306,0,0,0,0.12,0.01,0.0,0.01,0.1,0.9,-1.2,0.0,0,0,1,0,0.675,0.2
183,6,-0.6917623281478882,-0.0832681879401207,-2.6758201122283936,0.28813881796057583,0.39833532649819486,0,0,0,0.12,0.01,0.0,0.01,0.1,0.9,-1.2,0.0,0,0,1,0,0.675,0.2
183,7,-0.8394953012466431,0.20506320893764496,-3.046278715133667,0.5276956885079578,0.4676194460173413,0,0,0,0.12,0.01,0.0,0.01,0.1,0.9,-1.2,0.0,0,0,1,0,0.675,0.2
184,0,-0.2518582046031952,-0.1350793093442917,-1.2674050331115723,0.3279865538367077,0.08691371924793277,0,0,0,0.12,0.01,0.0,0.01,0.1,0.9,-1.2,0.0,0,0,1,0,0.675,0.2
184,1,-0.8335253596305847,-0.4251026511192322,3.1383984088897705,0.4431346494010723,0.4363002937980855,0,0,0,0.12,0.01,0.0,0.01,0.1,0.9,-1.2,0.0,0,0,1,0,0.675,0.2
184,2,-0.04386031627655029,-0.021622655913233757,0.1983482986688614,0.13428961362762018,0.8653749910362287,0,0,0,0.12,0.01,0.0,0.01,0.1,0.9,-1.2,0.0,0,0,1,0,0.675,0.2
184,3,-0.37134674191474915,-0.341485857963562,-1.6790403127670288,0.36433820341674855,0.6349464216366573,0,0,0,0.12,0.01,0.0,0.01,0.1,0.9,-1.2,0.0,0,0,1,0,0.675,0.2
184,4,-0.6803336143493652,0.42880743741989136,-0.36199143528938293,-1.9116663115122143,2.1813133435346908,0,0,0,0.12,0.01,0.0,0.01,0.1,0.9,-1.2,0.0,0,0,1,0,0.675,0.2
184,5,-0.3267667591571808,0.2461119145154953,1.265600323677063,0.5633864221675108,0.4250050964253238,0,0,0,0.12,0.01,0.0,0.01,0.1,0.9,-1.2,0.0,0,0,1,0,0.675,0.2
184,6,-0.6923876404762268,-0.08358396589756012,-2.672131061553955,0.2815674585716605,0.3929140525443673,0,0,0,0.12,0.01,0.0,0.01,0.1,0.9,-1.2,0.0,0,0,1,0,0.675,0.2
184,7,-0.8404862284660339,0.20496957004070282,-3.048506736755371,0.5257652758578432,0.4695186854382384,0,0,0,0.12,0.01,0.0,0.01,0.1,0.9,-1.2,0.0,0,0,1,0,0.675,0.2
185,0,-0.25173187255859375,-0.1354893296957016,-1.2755787372589111,0.3254240479999071,0.07777595252461374,0,0,0,0.12,0.01,0.0,0.01,0.1,0.9,-1.2,0.0,0,0,1,0,0.675,0.2
185,1,-0.8344051837921143,-0.4250997304916382,3.138150930404663,0.44297337243302554,0.43612808277861387,0,0,0,0.12,0.01,0.0,0.01,0.1,0.9,-1.2,0.0,0,0,1,0,0.675,0.2
185,2,-0.04288269579410553,-0.021413497626781464,0.22953449189662933,0.5086135372138813,0.4910372391723797,0,0,0,0.12,0.01,0.0,0.01,0.1,0.9,-1.2,0.0,0,0,1,0,0.675,0.2
185,3,-0.3714529573917389,-0.34247949719429016,-1.672810673713684,0.4354377742161584,0.5638213996539282,0,0,0,0.12,0.01,0.0,0.01,0.1,0.9,-1.2,0.0,0,0,1,0,0.675,0.2
185,4,-0.6800722479820251,0.42871835827827454,-0.23441094160079956,-1.7773853213258752,2.065851119227029,0,0,0,0.12,0.01,0.0,0.01,0.1,0.9,-1.2,0.0,0,0,1,0,0.675,0.2
185,5,-0.32646724581718445,0.24705460667610168,1.2608240842819214,0.562104444061288,0.42564107939147083,0,0,0,0.12,0.01,0.0,0.01,0.1,0.9,-1.2,0.0,0,0,1,0,0.675,0.2
185,6,-0.693001389503479,-0.08389673382043839,-2.6682794094085693,0.2757994999635959,0.38643516399972205,0,0,0,0.12,0.01,0.0,0.01,0.1,0.9,-1.2,0.0,0,0,1,0,0.675,0.2
185,7,-0.8414773344993591,0.20487813651561737,-3.0506463050842285,0.5244444927840373,0.47080436137627163,0,0,0,0.12,0.01,0.0,0.01,0.1,0.9,-1.2,0.0,0,0,1,0,0.675,0.2
186,0,-0.25161212682724,-0.13588903844356537,-1.2840001583099365,0.3225830547897737,0.06906938027454207,0,0,0,0.12,0.01,0.0,0.01,0.1,0.9,-1.2,0.0,0,0,1,0,0.675,0.2
186,1,-0.8352847099304199,-0.4250965714454651,3.1379013061523438,0.4428575240099139,0.43589768782022525,0,0,0,0.12,0.01,0.0,0.01,0.1,0.9,-1.2,0.0,0,0,1,0,0.675,0.2
186,2,-0.04191189259290695,-0.02117224410176277,0.25700199604034424,0.8345902482688684,0.16504348118898665,0,0,0,0.12,0.01,0.0,0.01,0.1,0.9,-1.2,0.0,0,0,1,0,0.675,0.2
186,3,-0.37155067920684814,-0.34347403049468994,-1.6636309623718262,0.538493303650301,0.460739524966795,0,0,0,0.12,0.01,0.0,0.01,0.1,0.9,-1.2,0.0,0,0,1,0,0.675,0.2
186,4,-0.6798056960105896,0.4286683201789856,-0.09246992319822311,-1.4560705484409784,1.7705211104412533,0,0,0,0.12,0.01,0.0,0.01,0.1,0.9,-1.2,0.0,0,0,1,0,0.675,0.2
186,5,-0.3261633515357971,0.2479952722787857,1.2559688091278076,0.559380209309283,0.4276955367501348,0,0,0,0.12,0.01,0.0,0.01,0.1,0.9,-1.2,0.0,0,0,1,0,0.675,0.2
186,6,-0.6936032772064209,-0.08420635014772415,-2.664367437362671,0.2703065025592707,0.3794294846271612,0,0,0,0.12,0.01,0.0,0.01,0.1,0.9,-1.2,0.0,0,0,1,0,0.675,0.2
186,7,-0.8424686193466187,0.20478878915309906,-3.05265736579895,0.5245106742239531,0.47069931770796214,0,0,0,0.12,0.01,0.0,0.01,0.1,0.9,-1.2,0.0,0,0,1,0,0.675,0.2
187,0,-0.2514987587928772,-0.136278435587883,-1.2926572561264038,0.31989973338776573,0.06024691907233254,0,0,0,0.12,0.01,0.0,0.01,0.1,0.9,-1.2,0.0,0,0,1,0,0.675,0.2
187,1,-0.8361638784408569,-0.42509323358535767,3.1376514434814453,0.4428518910943318,0.43554444116961477,0,0,0,0.12,0.01,0.0,0.01,0.1,0.9,-1.2,0.0,0,0,1,0,0.675,0.2
187,2,-0.040946558117866516,-0.02091243304312229,0.2616356313228607,0.8810105559091875,0.11860618622490672,0,0,0,0.12,0.01,0.0,0.01,0.1,0.9,-1.2,0.0,0,0,1,0,0.675,0.2
187,3,-0.37163999676704407,-0.344469279050827,-1.6581170558929443,0.5993610473591467,0.3998446611445763,0,0,0,0.12,0.01,0.0,0.01,0.1,0.9,-1.2,0.0,0,0,1,0,0.675,0.2
187,4,-0.6795204281806946,0.4286603629589081,0.044329386204481125,-1.0009015494452576,1.3361795240508179,0,0,0,0.12,0.01,0.0,0.01,0.1,0.9,-1.2,0.0,0,0,1,0,0.675,0.2
187,5,-0.32585516571998596,0.2489338368177414,1.2511543035507202,0.5567030731414988,0.4296770867133901,0,0,0,0.12,0.01,0.0,0.01,0.1,0.9,-1.2,0.0,0,0,1,0,0.675,0.2
187,6,-0.6941931843757629,-0.08451267331838608,-2.6604669094085693,0.2649436884662805,0.37204673950460576,0,0,0,0.12,0.01,0.0,0.01,0.1,0.9,-1.2,0.0,0,0,1,0,0.675,0.2
187,7,-0.8434600234031677,0.20470137894153595,-3.054568290710449,0.5260797524185881,0.4690876221923128,0,0,0,0.12,0.01,0.0,0.01,0.1,0.9,-1.2,0.0,0,0,1,0,0.675,0.2
188,0,-0.25139182806015015,-0.13665759563446045,-1.3015236854553223,0.31797355530968024,0.050511478202435206,0,0,0,0.12,0.01,0.0,0.01,0.1,0.9,-1.2,0.0,0,0,1,0,0.675,0.2
188,1,-0.8370426893234253,-0.42508965730667114,3.1373982429504395,0.4428732518286295,0.43516032656721393,0,0,0,0.12,0.01,0.0,0.01,0.1,0.9,-1.2,0.0,0,0,1,0,0.675,0.2
188,2,-0.03997964411973953,-0.020659057423472404,0.24270156025886536,0.647979313090546,0.3516216338126827,0,0,0,0.12,0.01,0.0,0.01,0.1,0.9,-1.2,0.0,0,0,1,0,0.675,0.2
188,3,-0.3717266917228699,-0.3454647660255432,-1.6594030857086182,0.584169061275085,0.41500928869668613,0,0,0,0.12,0.01,0.0,0.01,0.1,0.9,-1.2,0.0,0,0,1,0,0.675,0.2
188,4,-0.6792387366294861,0.4286969304084778,0.16298377513885498,-0.42247746195848146,0.7652646681314246,0,0,0,0.12,0.01,0.0,0.01,0.1,0.9,-1.2,0.0,0,0,1,0,0.675,0.2
188,5,-0.32554274797439575,0.24987031519412994,1.2464876174926758,0.5548955432558056,0.43076280435085335,0,0,0,0.12,0.01,0.0,0.01,0.1,0.9,-1.2,0.0,0,0,1,0,0.675,0.2
188,6,-0.694770872592926,-0.08481551706790924,-2.656614065170288,0.25979595957914275,0.36419958294710236,0,0,0,0.12,0.01,0.0,0.01,0.1,0.9,-1.2,0.0,0,0,1,0,0.675,0.2
188,7,-0.8444515466690063,0.20461583137512207,-3.0564658641815186,0.5278425384779031,0.467277569649691,0,0,0,0.12,0.01,0.0,0.01,0.1,0.9,-1.2,0.0,0,0,1,0,0.675,0.2
189,0,-0.2512913942337036,-0.13702663779258728,-1.310602068901062,0.3172058637381729,0.03934614107597503,0,0,0,0.12,0.01,0.0,0.01,0.1,0.9,-1.2,0.0,0,0,1,0,0.675,0.2
189,1,-0.837921142578125,-0.4250858724117279,3.137134313583374,0.44289799556617626,0.4347787894260418,0,0,0,0.12,0.01,0.0,0.01,0.1,0.9,-1.2,0.0,0,0,1,0,0.675,0.2
189,2,-0.0390065535902977,-0.020429952070116997,0.21658402681350708,0.32787893061753387,0.6717040752876174,0,0,0,0.12,0.01,0.0,0.01,0.1,0.9,-1.2,0.0,0,0,1,0,0.675,0.2
189,3,-0.37181732058525085,-0.34645983576774597,-1.6655597686767578,0.5152002261433718,0.48395028845928934,0,0,0,0.12,0.01,0.0,0.01,0.1,0.9,-1.2,0.0,0,0,1,0,0.675,0.2
189,4,-0.6789320707321167,0.42876970767974854,0.2516290545463562,0.24260964198363927,0.09192807273613306,0,0,0,0.12,0.01,0.0,0.01,0.1,0.9,-1.2,0.0,0,0,1,0,0.675,0.2
189,5,-0.3252263069152832,0.25080472230911255,1.2419854402542114,0.5553648989684039,0.42954195327692696,0,0,0,0.12,0.01,0.0,0.01,0.1,0.9,-1.2,0.0,0,0,1,0,0.675,0.2
189,6,-0.695336103439331,-0.08511468023061752,-2.6528282165527344,0.25499205123319585,0.3557988571034436,0,0,0,0.12,0.01,0.0,0.01,0.1,0.9,-1.2,0.0,0,0,1,0,0.675,0.2
189,7,-0.8454431891441345,0.204532191157341,-3.0584537982940674,0.5296034900458435,0.46546595413369146,0,0,0,0.12,0.01,0.0,0.01,0.1,0.9,-1.2,0.0,0,0,1,0,0.675,0.2
190,0,-0.25119754672050476,-0.13738538324832916,-1.3199435472488403,0.31758165160154866,0.026820035782103072,0,0,0,0.12,0.01,0.0,0.01,0.1,0.9,-1.2,0.0,0,0,1,0,0.675,0.2
190,1,-0.838799238204956,-0.42508184909820557,3.1368567943573,0.4428863768883174,0.4344439263038213,0,0,0,0.12,0.01,0.0,0.01,0.1,0.9,-1.2,0.0,0,0,1,0,0.675,0.2
190,2,-0.03802846372127533,-0.02022361196577549,0.20290176570415497,0.16309185929771808,0.8364714174700127,0,0,0,0.12,0.01,0.0,0.01,0.1,0.9,-1.2,0.0,0,0,1,0,0.675,0.2
190,3,-0.3719148635864258,-0.3474542796611786,-1.6717195510864258,0.4569307767726115,0.5418495929859944,0,0,0,0.12,0.01,0.0,0.01,0.1,0.9,-1.2,0.0,0,0,1,0,0.675,0.2
190,4,-0.6786113381385803,0.428865909576416,0.3014013171195984,0.9244456081715134,-0.6093586473789719,0,0,0,0.12,0.01,0.0,0.01,0.1,0.9,-1.2,0.0,0,0,1,0,0.675,0.2
190,5,-0.32490599155426025,0.2517370283603668,1.237596869468689,0.6749538393168046,0.30329380320028526,0,0,0,0.12,0.01,0.0,0.01,0.1,0.9,-1.2,0.0,0,0,1,0,0.675,0.2
190,6,-0.6958887577056885,-0.08540993183851242,-2.649132490158081,0.2503246186644957,0.34707962289739397,0,0,0,0.12,0.01,0.0,0.01,0.1,0.9,-1.2,0.0,0,0,1,0,0.675,0.2
190,7,-0.846435010433197,0.2044505476951599,-3.0605645179748535,0.5307497340465708,0.4642663639758901,0,0,0,0.12,0.01,0.0,0.01,0.1,0.9,-1.2,0.0,0,0,1,0,0.675,0.2
191,0,-0.2511102855205536,-0.1377335488796234,-1.3296327590942383,0.3185764088611462,0.013627575399412879,0,0,0,0.12,0.01,0.0,0.01,0.1,0.9,-1.2,0.0,0,0,1,0,0.675,0.2
191,1,-0.8396769762039185,-0.42507755756378174,3.1365647315979004,0.44282308044976054,0.43416753587180323,0,0,0,0.12,0.01,0.0,0.01,0.1,0.9,-1.2,0.0,0,0,1,0,0.675,0.2
191,2,-0.037049535661935806,-0.020021826028823853,0.21048089861869812,0.24950723175489056,0.7500373291543807,0,0,0,0.12,0.01,0.0,0.01,0.1,0.9,-1.2,0.0,0,0,1,0,0.675,0.2
191,3,-0.3720172047615051,-0.34844815731048584,-1.6737948656082153,0.4336706527029504,0.5650796167100439,0,0,0,0.12,0.01,0.0,0.01,0.1,0.9,-1.2,0.0,0,0,1,0,0.675,0.2
191,4,-0.678292453289032,0.42896905541419983,0.3053930103778839,1.5082810579831167,-1.2140024661118551,0,0,0,0.12,0.01,0.0,0.01,0.1,0.9,-1.2,0.0,0,0,1,0,0.675,0.2
191,5,-0.3245818316936493,0.25266721844673157,1.2331809997558594,0.6760112780598735,0.30132989701947227,0,0,0,0.12,0.01,0.0,0.01,0.1,0.9,-1.2,0.0,0,0,1,0,0.675,0.2
191,6,-0.6964287757873535,-0.08570098876953125,-2.645556926727295,0.2452484920624851,0.33861703127583276,0,0,0,0.12,0.01,0.0,0.01,0.1,0.9,-1.2,0.0,0,0,1,0,0.675,0.2
191,7,-0.8474268913269043,0.20437107980251312,-3.062800407409668,0.53077521545153,0.4641860462977377,0,0,0,0.12,0.01,0.0,0.01,0.1,0.9,-1.2,0.0,0,0,1,0,0.675,0.2
192,0,-0.25102946162223816,-0.13807085156440735,-1.3397568464279175,0.3195798808689614,0.0005892401580313887,0,0,0,0.12,0.01,0.0,0.01,0.1,0.9,-1.2,0.0,0,0,1,0,0.675,0.2
192,1,-0.8405543565750122,-0.4250730276107788,3.136260986328125,0.4427837341924277,0.4338661819795999,0,0,0,0.12,0.01,0.0,0.01,0.1,0.9,-1.2,0.0,0,0,1,0,0.675,0.2
192,2,-0.03607382997870445,-0.019804639741778374,0.23181110620498657,0.49921207576347615,0.5003131732408879,0,0,0,0.12,0.01,0.0,0.01,0.1,0.9,-1.2,0.0,0,0,1,0,0.675,0.2
192,3,-0.3721195161342621,-0.3494417667388916,-1.671626091003418,0.4544550640991327,0.5442648069450263,0,0,0,0.12,0.01,0.0,0.01,0.1,0.9,-1.2,0.0,0,0,1,0,0.675,0.2
192,4,-0.6779875755310059,0.42906221747398376,0.2612145245075226,1.8858022961384644,-1.6024966213471281,0,0,0,0.12,0.01,0.0,0.01,0.1,0.9,-1.2,0.0,0,0,1,0,0.675,0.2
192,5,-0.32425323128700256,0.25359007716178894,1.2218513488769531,0.6322182140963455,0.3442220367772201,0,0,0,0.12,0.01,0.0,0.01,0.1,0.9,-1.2,0.0,0,0,1,0,0.675,0.2
192,6,-0.6969559788703918,-0.08598756790161133,-2.642119884490967,0.23914145057488484,0.3310786622257133,0,0,0,0.12,0.01,0.0,0.01,0.1,0.9,-1.2,0.0,0,0,1,0,0.675,0.2
192,7,-0.8484188914299011,0.2042938768863678,-3.065127372741699,0.5295875684429782,0.46531867821916173,0,0,0,0.12,0.01,0.0,0.01,0.1,0.9,-1.2,0.0,0,0,1,0,0.675,0.2
193,0,-0.25095486640930176,-0.13839706778526306,-1.3503684997558594,0.32072012578855147,-0.012371231669288761,0,0,0,0.12,0.01,0.0,0.01,0.1,0.9,-1.2,0.0,0,0,1,0,0.675,0.2
193,1,-0.8414314389228821,-0.425068199634552,3.135948896408081,0.442753200124594,0.43354934017768265,0,0,0,0.12,0.01,0.0,0.01,0.1,0.9,-1.2,0.0,0,0,1,0,0.675,0.2
193,2,-0.03510327637195587,-0.019565388560295105,0.25060126185417175,0.7172522868466304,0.2822512660670352,0,0,0,0.12,0.01,0.0,0.01,0.1,0.9,-1.2,0.0,0,0,1,0,0.675,0.2
193,3,-0.3722182810306549,-0.35043564438819885,-1.6673312187194824,0.4968016775203162,0.5018871991085596,0,0,0,0.12,0.01,0.0,0.01,0.1,0.9,-1.2,0.0,0,0,1,0,0.675,0.2
193,4,-0.677697479724884,0.4291340112686157,0.17394888401031494,2.0245216016256453,-1.736143213936055,0,0,0,0.12,0.01,0.0,0.01,0.1,0.9,-1.2,0.0,0,0,1,0,0.675,0.2
193,5,-0.3239131271839142,0.2545066475868225,1.2087091207504272,0.5764404163816792,0.39908996958939014,0,0,0,0.12,0.01,0.0,0.01,0.1,0.9,-1.2,0.0,0,0,1,0,0.675,0.2
193,6,-0.6974704265594482,-0.08626939356327057,-2.6388065814971924,0.2316580125634468,0.3248203685934746,0,0,0,0.12,0.01,0.0,0.01,0.1,0.9,-1.2,0.0,0,0,1,0,0.675,0.2
193,7,-0.8494110703468323,0.2042190283536911,-3.0674736499786377,0.5277231090241883,0.4671285993879822,0,0,0,0.12,0.01,0.0,0.01,0.1,0.9,-1.2,0.0,0,0,1,0,0.675,0.2
194,0,-0.25088611245155334,-0.13871224224567413,-1.3614742755889893,0.3225495120702172,-0.025898804348506985,0,0,0,0.12,0.01,0.0,0.01,0.1,0.9,-1.2,0.0,0,0,1,0,0.675,0.2
194,1,-0.8423081040382385,-0.4250631034374237,3.1356279850006104,0.44276209344085765,0.4331849647599785,0,0,0,0.12,0.01,0.0,0.01,0.1,0.9,-1.2,0.0,0,0,1,0,0.675,0.2
194,2,-0.034136053174734116,-0.01931343786418438,0.2541496455669403,0.7548663318107476,0.24461516738435135,0,0,0,0.12,0.01,0.0,0.01,0.1,0.9,-1.2,0.0,0,0,1,0,0.675,0.2
194,3,-0.3723126947879791,-0.35142990946769714,-1.6638771295547485,0.5297723584003978,0.46888492776674706,0,0,0,0.12,0.01,0.0,0.01,0.1,0.9,-1.2,0.0,0,0,1,0,0.675,0.2
194,4,-0.6774141192436218,0.4291757643222809,0.05674704164266586,1.9513751527734071,-1.6439516207642824,0,0,0,0.12,0.01,0.0,0.01,0.1,0.9,-1.2,0.0,0,0,1,0,0.675,0.2
194,5,-0.3235618472099304,0.2554180324077606,1.1979788541793823,0.5363083735697679,0.43829563701220237,0,0,0,0.12,0.01,0.0,0.01,0.1,0.9,-1.2,0.0,0,0,1,0,0.675,0.2
194,6,-0.6979719996452332,-0.08654625713825226,-2.6355574131011963,0.22274009053818095,0.3199320667494167,0,0,0,0.12,0.01,0.0,0.01,0.1,0.9,-1.2,0.0,0,0,1,0,0.675,0.2
194,7,-0.850403368473053,0.20414650440216064,-3.0697555541992188,0.5260486078786785,0.46875017160893145,0,0,0,0.12,0.01,0.0,0.01,0.1,0.9,-1.2,0.0,0,0,1,0,0.675,0.2
195,0,-0.2508229911327362,-0.13901647925376892,-1.3730757236480713,0.32588619725447104,-0.04096014039259362,0,0,0,0.12,0.01,0.0,0.01,0.1,0.9,-1.2,0.0,0,0,1,0,0.675,0.2
195,1,-0.8431844711303711,-0.42505770921707153,3.1352970600128174,0.4427827417206276,0.4328031719375145,0,0,0,0.12,0.01,0.0,0.01,0.1,0.9,-1.2,0.0,0,0,1,0,0.675,0.2
195,2,-0.03316781669855118,-0.019065506756305695,0.24193748831748962,0.6103710442609382,0.3890886396341729,0,0,0,0.12,0.01,0.0,0.01,0.1,0.9,-1.2,0.0,0,0,1,0,0.675,0.2
195,3,-0.37240469455718994,-0.35242435336112976,-1.6630938053131104,0.5346371390210204,0.46398813945187994,0,0,0,0.12,0.01,0.0,0.01,0.1,0.9,-1.2,0.0,0,0,1,0,0.675,0.2
195,4,-0.6771261096000671,0.42917895317077637,-0.07353213429450989,1.7057909084088076,-1.3744117630249728,0,0,0,0.12,0.01,0.0,0.01,0.1,0.9,-1.2,0.0,0,0,1,0,0.675,0.2
195,5,-0.32320263981819153,0.25632527470588684,1.1909644603729248,0.5208158470852847,0.4528476618067746,0,0,0,0.12,0.01,0.0,0.01,0.1,0.9,-1.2,0.0,0,0,1,0,0.675,0.2
195,6,-0.6984607577323914,-0.08681802451610565,-2.6322836875915527,0.2124780587431273,0.3163723178628602,0,0,0,0.12,0.01,0.0,0.01,0.1,0.9,-1.2,0.0,0,0,1,0,0.675,0.2
195,7,-0.8513957262039185,0.20407621562480927,-3.07191801071167,0.525273208753126,0.4694755624375172,0,0,0,0.12,0.01,0.0,0.01,0.1,0.9,-1.2,0.0,0,0,1,0,0.675,0.2
196,0,-0.2507654130458832,-0.13930988311767578,-1.3852068185806274,0.3313477677113896,-0.05826706111501502,0,0,0,0.12,0.01,0.0,0.01,0.1,0.9,-1.2,0.0,0,0,1,0,0.675,0.2
196,1,-0.844060480594635,-0.42505204677581787,3.134953737258911,0.4428197739447942,0.43240398189169255,0,0,0,0.12,0.01,0.0,0.01,0.1,0.9,-1.2,0.0,0,0,1,0,0.675,0.2
196,2,-0.03219561651349068,-0.01883341185748577,0.22454826533794403,0.40674848471752306,0.5926877745521913,0,0,0,0.12,0.01,0.0,0.01,0.1,0.9,-1.2,0.0,0,0,1,0,0.675,0.2
196,3,-0.37249717116355896,-0.3534187078475952,-1.664771556854248,0.5138959124391052,0.48469700071168215,0,0,0,0.12,0.01,0.0,0.01,0.1,0.9,-1.2,0.0,0,0,1,0,0.675,0.2
196,4,-0.6768415570259094,0.4291357696056366,-0.20187504589557648,1.3041065723755023,-0.9553151817180775,0,0,0,0.12,0.01,0.0,0.01,0.1,0.9,-1.2,0.0,0,0,1,0,0.675,0.2
196,5,-0.3228389322757721,0.25722968578338623,1.186955213546753,0.5254255586917349,0.44728785216260475,0,0,0,0.12,0.01,0.0,0.01,0.1,0.9,-1.2,0.0,0,0,1,0,0.675,0.2
196,6,-0.6989365816116333,-0.08708464354276657,-2.6288881301879883,0.20100090855547126,0.3140511119943029,0,0,0,0.12,0.01,0.0,0.01,0.1,0.9,-1.2,0.0,0,0,1,0,0.675,0.2
196,7,-0.8523882031440735,0.20400801301002502,-3.0739622116088867,0.5251232445179033,0.4695792138637495,0,0,0,0.12,0.01,0.0,0.01,0.1,0.9,-1.2,0.0,0,0,1,0,0.675,0.2
197,0,-0.2507135570049286,-0.13959243893623352,-1.3979604244232178,0.33902693067262035,-0.07788744841287,0,0,0,0.12,0.01,0.0,0.01,0.1,0.9,-1.2,0.0,0,0,1,0,0.675,0.2
197,1,-0.8449361324310303,-0.42504608631134033,3.134596586227417,0.4428375361421921,0.4320255519887589,0,0,0,0.12,0.01,0.0,0.01,0.1,0.9,-1.2,0.0,0,0,1,0,0.675,0.2
197,2,-0.031219927594065666,-0.018616648390889168,0.2147434502840042,0.29401891386386064,0.705392311455048,0,0,0,0.12,0.01,0.0,0.01,0.1,0.9,-1.2,0.0,0,0,1,0,0.675,0.2
197,3,-0.37259194254875183,-0.35441285371780396,-1.667191982269287,0.4854461544730258,0.5131138569138456,0,0,0,0.12,0.01,0.0,0.01,0.1,0.9,-1.2,0.0,0,0,1,0,0.675,0.2
197,4,-0.6765438914299011,0.42904701828956604,-0.31414783000946045,0.7643467818234233,-0.41352543577888295,0,0,0,0.12,0.01,0.0,0.01,0.1,0.9,-1.2,0.0,0,0,1,0,0.675,0.2
197,5,-0.32247284054756165,0.25813212990760803,1.1843470335006714,0.540298610003771,0.43145498725575054,0,0,0,0.12,0.01,0.0,0.01,0.1,0.9,-1.2,0.0,0,0,1,0,0.675,0.2
197,6,-0.699399471282959,-0.0873461440205574,-2.6252760887145996,0.1886551030593115,0.3126559011025232,0,0,0,0.12,0.01,0.0,0.01,0.1,0.9,-1.2,0.0,0,0,1,0,0.675,0.2
197,7,-0.8533807396888733,0.20394177734851837,-3.0759410858154297,0.5255686693684936,0.46909158892465835,0,0,0,0.12,0.01,0.0,0.01,0.1,0.9,-1.2,0.0,0,0,1,0,0.675,0.2
198,0,-0.2506675720214844,-0.1398640275001526,-1.4114816188812256,0.34841049966642373,-0.09919085857698431,0,0,0,0.12,0.01,0.0,0.01,0.1,0.9,-1.2,0.0,0,0,1,0,0.675,0.2
198,1,-0.8458114266395569,-0.4250398278236389,3.1342244148254395,0.44283133502810407,0.43167257551343036,0,0,0,0.12,0.01,0.0,0.01,0.1,0.9,-1.2,0.0,0,0,1,0,0.675,0.2
198,2,-0.030243394896388054,-0.0184040404856205,0.21841491758823395,0.33694007020869177,0.6624460615547665,0,0,0,0.12,0.01,0.0,0.01,0.1,0.9,-1.2,0.0,0,0,1,0,0.675,0.2
198,3,-0.3726888597011566,-0.3554067313671112,-1.6685179471969604,0.4681074094731916,0.5304190444986712,0,0,0,0.12,0.01,0.0,0.01,0.1,0.9,-1.2,0.0,0,0,1,0,0.675,0.2
198,4,-0.6762310266494751,0.428921103477478,-0.3993540108203888,0.11774896142715002,0.21798421385055994,0,0,0,0.12,0.01,0.0,0.01,0.1,0.9,-1.2,0.0,0,0,1,0,0.675,0.2
198,5,-0.32210496068000793,0.2590327858924866,1.181664228439331,0.5558226891846034,0.414962869039121,0,0,0,0.12,0.01,0.0,0.01,0.1,0.9,-1.2,0.0,0,0,1,0,0.675,0.2
198,6,-0.6998493075370789,-0.08760260045528412,-2.6213600635528564,0.17583614946861084,0.31179877756576724,0,0,0,0.12,0.01,0.0,0.01,0.1,0.9,-1.2,0.0,0,0,1,0,0.675,0.2
198,7,-0.8543733954429626,0.2038774937391281,-3.07790207862854,0.5262935156379085,0.46832799963613947,0,0,0,0.12,0.01,0.0,0.01,0.1,0.9,-1.2,0.0,0,0,1,0,0.675,0.2
199,0,-0.2506275773048401,-0.14012451469898224,-1.4259300231933594,0.35885079027778033,-0.12140926541453724,0,0,0,0.12,0.01,0.0,0.01,0.1,0.9,-1.2,0.0,0,0,1,0,0.675,0.2
199,1,-0.8466863036155701,-0.42503324151039124,3.133837938308716,0.44278283948154834,0.4313609397962531,0,0,0,0.12,0.01,0.0,0.01,0.1,0.9,-1.2,0.0,0,0,1,0,0.675,0.2
199,2,-0.0292687825858593,-0.018182743340730667,0.2312798649072647,0.48500427831675796,0.5143559850308678,0,0,0,0.12,0.01,0.0,0.01,0.1,0.9,-1.2,0.0,0,0,1,0,0.675,0.2
199,3,-0.3727863132953644,-0.3564005494117737,-1.6679422855377197,0.46993167769008876,0.5285607420296073,0,0,0,0.12,0.01,0.0,0.01,0.1,0.9,-1.2,0.0,0,0,1,0,0.675,0.2
199,4,-0.675917387008667,0.4287738800048828,-0.4482511579990387,-0.5550287223846191,0.8644269264728301,0,0,0,0.12,0.01,0.0,0.01,0.1,0.9,-1.2,0.0,0,0,1,0,0.675,0.2
199,5,-0.321734756231308,0.2599314749240875,1.178047776222229,0.5657747426615525,0.40403800815479285,0,0,0,0.12,0.01,0.0,0.01,0.1,0.9,-1.2,0.0,0,0,1,0,0.675,0.2
199,6,-0.7002861499786377,-0.08785410225391388,-2.617072343826294,0.1629015821811758,0.3110993784072794,0,0,0,0.12,0.01,0.0,0.01,0.1,0.9,-1.2,0.0,0,0,1,0,0.675,0.2
199,7,-0.8553661108016968,0.20381514728069305,-3.079887866973877,0.5266436155447538,0.4679408852448885,0,0,0,0.12,0.01,0.0,0.01,0.1,0.9,-1.2,0.0,0,0,1,0,0.675,0.2
200,0,-0.25059354305267334,-0.1403738111257553,-1.441431999206543,0.37026747715994823,-0.14440855038687692,0,0,0,0.12,0.01,0.0,0.01,0.1,0.9,-1.2,0.0,0,0,1,0,0.675,0.2
200,1,-0.8475608825683594,-0.4250262677669525,3.1334388256073,0.4426481907826742,0.4311315233248392,0,0,0,0.12,0.01,0.0,0.01,0.1,0.9,-1.2,0.0,0,0,1,0,0.675,0.2
200,2,-0.02829740196466446,-0.01794768124818802,0.2433176189661026,0.6226472420948191,0.3766852454883413,0,0,0,0.12,0.01,0.0,0.01,0.1,0.9,-1.2,0.0,0,0,1,0,0.675,0.2
200,3,-0.3728824257850647,-0.35739442706108093,-1.6659890413284302,0.4853740539050679,0.5130837355160137,0,0,0,0.12,0.01,0.0,0.01,0.1,0.9,-1.2,0.0,0,0,1,0,0.675,0.2
200,4,-0.6756144762039185,0.4286237955093384,-0.4535987973213196,-1.130874851799664,1.4134976063734859,0,0,0,0.12,0.01,0.0,0.01,0.1,0.9,-1.2,0.0,0,0,1,0,0.675,0.2
200,5,-0.3213612139225006,0.2608277201652527,1.1733167171478271,0.5683907265698329,0.40044575976973623,0,0,0,0.12,0.01,0.0,0.01,0.1,0.9,-1.2,0.0,0,0,1,0,0.675,0.2
200,6,-0.7007099390029907,-0.08810072392225266,-2.6123721599578857,0.15022400019411228,0.3101537823891244,0,0,0,0.12,0.01,0.0,0.01,0.1,0.9,-1.2,0.0,0,0,1,0,0.675,0.2
200,7,-0.8563588857650757,0.20375479757785797,-3.0819218158721924,0.5262106079390644,0.4683365803429486,0,0,0,0.12,0.01,0.0,0.01,0.1,0.9,-1.2,0.0,0,0,1,0,0.675,0.2
201,0,-0.25056514143943787,-0.140611931681633,-1.4580652713775635,0.38348674846107866,-0.1690461493771782,0,0,0,0.12,0.01,0.0,0.01,0.1,0.9,-1.2,0.0,0,0,1,0,0.675,0.2
201,1,-0.8484350442886353,-0.42501896619796753,3.1330299377441406,0.44250080579072104,0.4309095383331193,0,0,0,0.12,0.01,0.0,0.01,0.1,0.9,-1.2,0.0,0,0,1,0,0.675,0.2
201,2,-0.027328208088874817,-0.017704004421830177,0.24643801152706146,0.6582209104932601,0.3410828476511185,0,0,0,0.12,0.01,0.0,0.01,0.1,0.9,-1.2,0.0,0,0,1,0,0.675,0.2
201,3,-0.3729763329029083,-0.3583885133266449,-1.6638953685760498,0.5018042784385697,0.4966182846374496,0,0,0,0.12,0.01,0.0,0.01,0.1,0.9,-1.2,0.0,0,0,1,0,0.675,0.2
201,4,-0.6753310561180115,0.42848747968673706,-0.4129912257194519,-1.4978923933467343,1.763934774871774,0,0,0,0.12,0.01,0.0,0.01,0.1,0.9,-1.2,0.0,0,0,1,0,0.675,0.2
201,5,-0.3209833800792694,0.26172110438346863,1.1677747964859009,0.5652193838664048,0.4026361292294508,0,0,0,0.12,0.01,0.0,0.01,0.1,0.9,-1.2,0.0,0,0,1,0,0.675,0.2
201,6,-0.7011208534240723,-0.08834248781204224,-2.6072444915771484,0.1380808549324457,0.3086535436709936,0,0,0,0.12,0.01,0.0,0.01,0.1,0.9,-1.2,0.0,0,0,1,0,0.675,0.2
201,7,-0.8573517799377441,0.20369648933410645,-3.083986759185791,0.5249946167369355,0.4695132324795257,0,0,0,0.12,0.01,0.0,0.01,0.1,0.9,-1.2,0.0,0,0,1,0,0.675,0.2
202,0,-0.2505418360233307,-0.14083893597126007,-1.4758931398391724,0.39988260672523057,-0.19676224098636183,0,0,0,0.12,0.01,0.0,0.01,0.1,0.9,-1.2,0.0,0,0,1,0,0.675,0.2
202,1,-0.8493089079856873,-0.4250112771987915,3.1326165199279785,0.4423071013927471,0.43072916398048283,0,0,0,0.12,0.01,0.0,0.01,0.1,0.9,-1.2,0.0,0,0,1,0,0.675,0.2
202,2,-0.02635863795876503,-0.017461959272623062,0.23973388969898224,0.5836683045010098,0.4156062473674289,0,0,0,0.12,0.01,0.0,0.01,0.1,0.9,-1.2,0.0,0,0,1,0,0.675,0.2
202,3,-0.3730684220790863,-0.3593827188014984,-1.6626951694488525,0.5088233946392084,0.48956334604530083,0,0,0,0.12,0.01,0.0,0.01,0.1,0.9,-1.2,0.0,0,0,1,0,0.675,0.2
202,4,-0.6750649809837341,0.42837607860565186,-0.33151817321777344,-1.614035724383668,1.8786099541009231,0,0,0,0.12,0.01,0.0,0.01,0.1,0.9,-1.2,0.0,0,0,1,0,0.675,0.2
202,5,-0.3206007182598114,0.26261138916015625,1.1619120836257935,0.5594079332319826,0.4074582619698912,0,0,0,0.12,0.01,0.0,0.01,0.1,0.9,-1.2,0.0,0,0,1,0,0.675,0.2
202,6,-0.7015187740325928,-0.08857940137386322,-2.601701498031616,0.1266782925970044,0.30637675062351566,0,0,0,0.12,0.01,0.0,0.01,0.1,0.9,-1.2,0.0,0,0,1,0,0.675,0.2
202,7,-0.8583447337150574,0.20364025235176086,-3.086033821105957,0.5235128087969039,0.4709525423078325,0,0,0,0.12,0.01,0.0,0.01,0.1,0.9,-1.2,0.0,0,0,1,0,0.675,0.2
203,0,-0.25052323937416077,-0.14105486869812012,-1.495025873184204,0.4208489080371434,-0.22898182472606246,0,0,0,0.12,0.01,0.0,0.01,0.1,0.9,-1.2,0.0,0,0,1,0,0.675,0.2
203,1,-0.8501823544502258,-0.4250032305717468,3.1322004795074463,0.4421034609601775,0.43055550701162426,0,0,0,0.12,0.01,0.0,0.01,0.1,0.9,-1.2,0.0,0,0,1,0,0.675,0.2
203,2,-0.02538679912686348,-0.017229197546839714,0.22909311950206757,0.4660778919978158,0.533166142292498,0,0,0,0.12,0.01,0.0,0.01,0.1,0.9,-1.2,0.0,0,0,1,0,0.675,0.2
203,3,-0.37315982580184937,-0.3603769540786743,-1.6626495122909546,0.5039366475888359,0.49441373426236024,0,0,0,0.12,0.01,0.0,0.01,0.1,0.9,-1.2,0.0,0,0,1,0,0.675,0.2
203,4,-0.6748067140579224,0.42829617857933044,-0.22192968428134918,-1.5042923865371904,1.779885607724782,0,0,0,0.12,0.01,0.0,0.01,0.1,0.9,-1.2,0.0,0,0,1,0,0.675,0.2
203,5,-0.3202131986618042,0.263498455286026,1.156156063079834,0.5538848431533989,0.41197987480695863,0,0,0,0.12,0.01,0.0,0.01,0.1,0.9,-1.2,0.0,0,0,1,0,0.675,0.2
203,6,-0.7019037008285522,-0.08881144970655441,-2.595777750015259,0.1161217527682632,0.30321662256170817,0,0,0,0.12,0.01,0.0,0.01,0.1,0.9,-1.2,0.0,0,0,1,0,0.675,0.2
203,7,-0.8593378067016602,0.20358602702617645,-3.088007688522339,0.5225068912568994,0.4719121470388465,0,0,0,0.12,0.01,0.0,0.01,0.1,0.9,-1.2,0.0,0,0,1,0,0.675,0.2
204,0,-0.25050902366638184,-0.14125977456569672,-1.5156633853912354,0.4471225925287852,-0.26640789588304853,0,0,0,0.12,0.01,0.0,0.01,0.1,0.9,-1.2,0.0,0,0,1,0,0.675,0.2
204,1,-0.8510554432868958,-0.4249948561191559,3.131784200668335,0.4419317434565211,0.4303481389745092,0,0,0,0.12,0.01,0.0,0.01,0.1,0.9,-1.2,0.0,0,0,1,0,0.675,0.2
204,2,-0.024412719532847404,-0.017006149515509605,0.22213809192180634,0.3913839518112711,0.6078280151801535,0,0,0,0.12,0.01,0.0,0.01,0.1,0.9,-1.2,0.0,0,0,1,0,0.675,0.2
204,3,-0.3732515871524811,-0.36137112975120544,-1.6632355451583862,0.49252047248900166,0.5057930140870786,0,0,0,0.12,0.01,0.0,0.01,0.1,0.9,-1.2,0.0,0,0,1,0,0.675,0.2
204,4,-0.6745448112487793,0.42825037240982056,-0.10081234574317932,-1.2236963622927386,1.5150270574450213,0,0,0,0.12,0.01,0.0,0.01,0.1,0.9,-1.2,0.0,0,0,1,0,0.675,0.2
204,5,-0.3198211193084717,0.2643824815750122,1.1507362127304077,0.5503031549334655,0.41454560185669564,0,0,0,0.12,0.01,0.0,0.01,0.1,0.9,-1.2,0.0,0,0,1,0,0.675,0.2
204,6,-0.7022755742073059,-0.08903861790895462,-2.5895230770111084,0.1063984366459794,0.2991931406455093,0,0,0,0.12,0.01,0.0,0.01,0.1,0.9,-1.2,0.0,0,0,1,0,0.675,0.2
204,7,-0.8603308796882629,0.20353373885154724,-3.0898828506469727,0.5224928169168753,0.4718759150586801,0,0,0,0.12,0.01,0.0,0.01,0.1,0.9,-1.2,0.0,0,0,1,0,0.675,0.2
205,0,-0.25049930810928345,-0.14145366847515106,-1.538102388381958,0.4787224499115048,-0.30897664703217137,0,0,0,0.12,0.01,0.0,0.01,0.1,0.9,-1.2,0.0,0,0,1,0,0.675,0.2
205,1,-0.8519281148910522,-0.4249861240386963,3.13136887550354,0.4417651563326666,0.43013426965076235,0,0,0,0.12,0.01,0.0,0.01,0.1,0.9,-1.2,0.0,0,0,1,0,0.675,0.2
205,2,-0.02343783527612686,-0.016786865890026093,0.22284704446792603,0.4028162061481066,0.5963627994747572,0,0,0,0.12,0.01,0.0,0.01,0.1,0.9,-1.2,0.0,0,0,1,0,0.675,0.2
205,3,-0.37334397435188293,-0.3623652160167694,-1.6636477708816528,0.48266435998401647,0.5156115160612105,0,0,0,0.12,0.01,0.0,0.01,0.1,0.9,-1.2,0.0,0,0,1,0,0.675,0.2
205,4,-0.6742711067199707,0.4282399117946625,0.016144923865795135,-0.8157929006271764,1.1193681779556675,0,0,0,0.12,0.01,0.0,0.01,0.1,0.9,-1.2,0.0,0,0,1,0,0.675,0.2
205,5,-0.3194248378276825,0.26526352763175964,1.145673155784607,0.5488213694229469,0.4149961078033103,0,0,0,0.12,0.01,0.0,0.01,0.1,0.9,-1.2,0.0,0,0,1,0,0.675,0.2
205,6,-0.7026343941688538,-0.08926092833280563,-2.582996368408203,0.09741935126099108,0.2944039405175734,0,0,0,0.12,0.01,0.0,0.01,0.1,0.9,-1.2,0.0,0,0,1,0,0.675,0.2
205,7,-0.8613240122795105,0.20348325371742249,-3.0916824340820312,0.523492793337639,0.4708214599925917,0,0,0,0.12,0.01,0.0,0.01,0.1,0.9,-1.2,0.0,0,0,1,0,0.675,0.2
206,0,-0.25049442052841187,-0.14163656532764435,-1.5627015829086304,0.5154040774658845,-0.35635653346335144,0,0,0,0.12,0.01,0.0,0.01,0.1,0.9,-1.2,0.0,0,0,1,0,0.675,0.2
206,1,-0.8528004288673401,-0.42497703433036804,3.130952835083008,0.44160948570378217,0.42990709964625445,0,0,0,0.12,0.01,0.0,0.01,0.1,0.9,-1.2,0.0,0,0,1,0,0.675,0.2
206,2,-0.02246381901204586,-0.016563866287469864,0.2294049710035324,0.4790245874531859,0.5201204435221559,0,0,0,0.12,0.01,0.0,0.01,0.1,0.9,-1.2,0.0,0,0,1,0,0.675,0.2
206,3,-0.37343651056289673,-0.3633592426776886,-1.6633381843566895,0.47977837751727054,0.5184592323460108,0,0,0,0.12,0.01,0.0,0.01,0.1,0.9,-1.2,0.0,0,0,1,0,0.675,0.2
206,4,-0.6739852428436279,0.42826229333877563,0.11609791219234467,-0.3153994815222159,0.6223485009542837,0,0,0,0.12,0.01,0.0,0.01,0.1,0.9,-1.2,0.0,0,0,1,0,0.675,0.2
206,5,-0.3190247118473053,0.2661416828632355,1.1408535242080688,0.5486256828288407,0.41414656734663535,0,0,0,0.12,0.01,0.0,0.01,0.1,0.9,-1.2,0.0,0,0,1,0,0.675,0.2
206,6,-0.7029799818992615,-0.08947835862636566,-2.5762579441070557,0.08892272265289404,0.2891274854388418,0,0,0,0.12,0.01,0.0,0.01,0.1,0.9,-1.2,0.0,0,0,1,0,0.675,0.2
206,7,-0.8623172044754028,0.2034345418214798,-3.09346866607666,0.5249702391811183,0.4692854227832982,0,0,0,0.12,0.01,0.0,0.01,0.1,0.9,-1.2,0.0,0,0,1,0,0.675,0.2
207,0,-0.25049474835395813,-0.14180850982666016,-1.5898300409317017,0.5574351258951401,-0.4087613530832504,0,0,0,0.12,0.01,0.0,0.01,0.1,0.9,-1.2,0.0,0,0,1,0,0.675,0.2
207,1,-0.8536723852157593,-0.42496758699417114,3.130535125732422,0.4414619640322557,0.429667965987123,0,0,0,0.12,0.01,0.0,0.01,0.1,0.9,-1.2,0.0,0,0,1,0,0.675,0.2
207,2,-0.021491559222340584,-0.01633342355489731,0.23636892437934875,0.5593174987020135,0.43979188869575253,0,0,0,0.12,0.01,0.0,0.01,0.1,0.9,-1.2,0.0,0,0,1,0,0.675,0.2
207,3,-0.3735283613204956,-0.3643532991409302,-1.6623104810714722,0.4837376269330035,0.5144610610972395,0,0,0,0.12,0.01,0.0,0.01,0.1,0.9,-1.2,0.0,0,0,1,0,0.675,0.2
207,4,-0.6737024784088135,0.4283122420310974,0.19005650281906128,0.24565360877434622,0.054844996000128876,0,0,0,0.12,0.01,0.0,0.01,0.1,0.9,-1.2,0.0,0,0,1,0,0.675,0.2
207,5,-0.31862086057662964,0.26701703667640686,1.1361311674118042,0.5483944119827624,0.41332223993374145,0,0,0,0.12,0.01,0.0,0.01,0.1,0.9,-1.2,0.0,0,0,1,0,0.675,0.2
207,6,-0.7033124566078186,-0.08969085663557053,-2.569361686706543,0.08044976372213622,0.2838368974259351,0,0,0,0.12,0.01,0.0,0.01,0.1,0.9,-1.2,0.0,0,0,1,0,0.675,0.2
207,7,-0.8633104562759399,0.20338760316371918,-3.0953128337860107,0.5259128107970663,0.46828056431355986,0,0,0,0.12,0.01,0.0,0.01,0.1,0.9,-1.2,0.0,0,0,1,0,0.675,0.2
208,0,-0.25050053000450134,-0.14196962118148804,-1.6198405027389526,0.606091986888718,-0.46745550214655346,0,0,0,0.12,0.01,0.0,0.01,0.1,0.9,-1.2,0.0,0,0,1,0,0.675,0.2
208,1,-0.854543924331665,-0.4249577820301056,3.130115032196045,0.4413280149637908,0.429410193330124,0,0,0,0.12,0.01,0.0,0.01,0.1,0.9,-1.2,0.0,0,0,1,0,0.675,0.2
208,2,-0.02052064798772335,-0.016097553074359894,0.23889300227165222,0.5906399882894828,0.40843244422852254,0,0,0,0.12,0.01,0.0,0.01,0.1,0.9,-1.2,0.0,0,0,1,0,0.675,0.2
208,3,-0.3736189901828766,-0.36534741520881653,-1.6609828472137451,0.49034695188477473,0.5078120990566927,0,0,0,0.12,0.01,0.0,0.01,0.1,0.9,-1.2,0.0,0,0,1,0,0.675,0.2
208,4,-0.673409640789032,0.4283781051635742,0.23005357384681702,0.7980516251273672,-0.5105246599860709,0,0,0,0.12,0.01,0.0,0.01,0.1,0.9,-1.2,0.0,0,0,1,0,0.675,0.2
208,5,-0.3182133436203003,0.2678895592689514,1.1314038038253784,0.5481015356113039,0.41255111379131437,0,0,0,0.12,0.01,0.0,0.01,0.1,0.9,-1.2,0.0,0,0,1,0,0.675,0.2
208,6,-0.7036318182945251,-0.0898982584476471,-2.5623459815979004,0.07156151817998971,0.2790184290532104,0,0,0,0.12,0.01,0.0,0.01,0.1,0.9,-1.2,0.0,0,0,1,0,0.675,0.2
208,7,-0.864303708076477,0.2033425271511078,-3.0972559452056885,0.5262550833677478,0.46787344188936264,0,0,0,0.12,0.01,0.0,0.01,0.1,0.9,-1.2,0.0,0,0,1,0,0.675,0.2
209,0,-0.25051140785217285,-0.14211998879909515,-1.6530929803848267,0.6636454421414223,-0.5347014624012795,0,0,0,0.12,0.01,0.0,0.01,0.1,0.9,-1.2,0.0,0,0,1,0,0.675,0.2
209,1,-0.8554150462150574,-0.424947589635849,3.1296918392181396,0.44118358058604035,0.4291572435411568,0,0,0,0.12,0.01,0.0,0.01,0.1,0.9,-1.2,0.0,0,0,1,0,0.675,0.2
209,2,-0.01954975537955761,-0.015861762687563896,0.23582200706005096,0.5613525799155001,0.43768176523449365,0,0,0,0.12,0.01,0.0,0.01,0.1,0.9,-1.2,0.0,0,0,1,0,0.675,0.2
209,3,-0.3737083077430725,-0.36634162068367004,-1.6598381996154785,0.49484850402708713,0.503270254174512,0,0,0,0.12,0.01,0.0,0.01,0.1,0.9,-1.2,0.0,0,0,1,0,0.675,0.2
209,4,-0.6731172204017639,0.42844924330711365,0.231222003698349,1.2669937479346218,-0.9927705693095149,0,0,0,0.12,0.01,0.0,0.01,0.1,0.9,-1.2,0.0,0,0,1,0,0.675,0.2
209,5,-0.3178021013736725,0.2687591314315796,1.1266553401947021,0.5476145443826892,0.4119698705762648,0,0,0,0.12,0.01,0.0,0.01,0.1,0.9,-1.2,0.0,0,0,1,0,0.675,0.2
209,6,-0.7039381861686707,-0.09010037779808044,-2.55521821975708,0.061726942792405676,0.2752374558301071,0,0,0,0.12,0.01,0.0,0.01,0.1,0.9,-1.2,0.0,0,0,1,0,0.675,0.2
209,7,-0.8652969598770142,0.20329943299293518,-3.0992748737335205,0.5258720161691025,0.46819010951372836,0,0,0,0.12,0.01,0.0,0.01,0.1,0.9,-1.2,0.0,0,0,1,0,0.675,0.2
210,0,-0.2505267262458801,-0.14225983619689941,-1.6900221109390259,0.7325181920447302,-0.612892727962966,0,0,0,0.12,0.01,0.0,0.01,0.1,0.9,-1.2,0.0,0,0,1,0,0.675,0.2
210,1,-0.856285810470581,-0.42493703961372375,3.1292645931243896,0.441053780959856,0.4288839369547254,0,0,0,0.12,0.01,0.0,0.01,0.1,0.9,-1.2,0.0,0,0,1,0,0.675,0.2
210,2,-0.018577730283141136,-0.015630807727575302,0.2298571914434433,0.5014996047583948,0.49749522251211287,0,0,0,0.12,0.01,0.0,0.01,0.1,0.9,-1.2,0.0,0,0,1,0,0.675,0.2
210,3,-0.37379664182662964,-0.36733588576316833,-1.6591216325759888,0.494894730580711,0.5031830196252827,0,0,0,0.12,0.01,0.0,0.01,0.1,0.9,-1.2,0.0,0,0,1,0,0.675,0.2
210,4,-0.672834575176239,0.42851412296295166,0.1931140422821045,1.5826695739982817,-1.3156520306823942,0,0,0,0.12,0.01,0.0,0.01,0.1,0.9,-1.2,0.0,0,0,1,0,0.675,0.2
210,5,-0.3173871636390686,0.26962578296661377,1.121889352798462,0.5469522966433951,0.4115640626858287,0,0,0,0.12,0.01,0.0,0.01,0.1,0.9,-1.2,0.0,0,0,1,0,0.675,0.2
210,6,-0.7042317390441895,-0.09029700607061386,-2.5479536056518555,0.05042055291199796,0.27305394369101416,0,0,0,0.12,0.01,0.0,0.01,0.1,0.9,-1.2,0.0,0,0,1,0,0.675,0.2
210,7,-0.866290271282196,0.20325838029384613,-3.1013286113739014,0.5248052356605081,0.46919025202946374,0,0,0,0.12,0.01,0.0,0.01,0.1,0.9,-1.2,0.0,0,0,1,0,0.675,0.2
211,0,-0.2505454421043396,-0.14239023625850677,-1.7312382459640503,0.8140475190024665,-0.7032877317409805,0,0,0,0.12,0.01,0.0,0.01,0.1,0.9,-1.2,0.0,0,0,1,0,0.675,0.2
211,1,-0.8571561574935913,-0.42492610216140747,3.128833293914795,0.4409130724544511,0.4286159364109054,0,0,0,0.12,0.01,0.0,0.01,0.1,0.9,-1.2,0.0,0,0,1,0,0.675,0.2
211,2,-0.017604375258088112,-0.015405697748064995,0.22509460151195526,0.45556480052358506,0.5433890187513174,0,0,0,0.12,0.01,0.0,0.01,0.1,0.9,-1.2,0.0,0,0,1,0,0.675,0.2
211,3,-0.3738844394683838,-0.36833012104034424,-1.6587520837783813,0.4913755554670615,0.5066604118829445,0,0,0,0.12,0.01,0.0,0.01,0.1,0.9,-1.2,0.0,0,0,1,0,0.675,0.2
211,4,-0.6725618243217468,0.4285631775856018,0.12044186890125275,1.7139361997777016,-1.444547196262458,0,0,0,0.12,0.01,0.0,0.01,0.1,0.9,-1.2,0.0,0,0,1,0,0.675,0.2
211,5,-0.31696853041648865,0.27048948407173157,1.1171175241470337,0.5463144289571292,0.41113709339318194,0,0,0,0.12,0.01,0.0,0.01,0.1,0.9,-1.2,0.0,0,0,1,0,0.675,0.2
211,6,-0.7045126557350159,-0.0904880091547966,-2.5404908657073975,0.037295213045647285,0.2728512081484292,0,0,0,0.12,0.01,0.0,0.01,0.1,0.9,-1.2,0.0,0,0,1,0,0.675,0.2
211,7,-0.8672835826873779,0.20321938395500183,-3.103367805480957,0.523410558110643,0.470519126051497,0,0,0,0.12,0.01,0.0,0.01,0.1,0.9,-1.2,0.0,0,0,1,0,0.675,0.2
212,0,-0.2505668103694916,-0.1425120085477829,-1.777506709098816,0.9082219425960909,-0.805762102119578,0,0,0,0.12,0.01,0.0,0.01,0.1,0.9,-1.2,0.0,0,0,1,0,0.675,0.2
212,1,-0.8580260872840881,-0.42491480708122253,3.1283974647521973,0.44079068856022163,0.42832400841930107,0,0,0,0.12,0.01,0.0,0.01,0.1,0.9,-1.2,0.0,0,0,1,0,0.675,0.2
212,2,-0.016630329191684723,-0.01518379058688879,0.22410349547863007,0.45076609552517855,0.548145225637999,0,0,0,0.12,0.01,0.0,0.01,0.1,0.9,-1.2,0.0,0,0,1,0,0.675,0.2
212,3,-0.37397193908691406,-0.36932438611984253,-1.6584500074386597,0.4870813456915023,0.5109121235467788,0,0,0,0.12,0.01,0.0,0.01,0.1,0.9,-1.2,0.0,0,0,1,0,0.675,0.2
212,4,-0.6722940802574158,0.4285881519317627,0.023114444687962532,1.6666941965916657,-1.3865833009579682,0,0,0,0.12,0.01,0.0,0.01,0.1,0.9,-1.2,0.0,0,0,1,0,0.675,0.2
212,5,-0.316546231508255,0.2713501751422882,1.1123520135879517,0.5459356945416898,0.4104570705034763,0,0,0,0.12,0.01,0.0,0.01,0.1,0.9,-1.2,0.0,0,0,1,0,0.675,0.2
212,6,-0.7047810554504395,-0.09067332744598389,-2.5327296257019043,0.02209513193442874,0.2749216377131695,0,0,0,0.12,0.01,0.0,0.01,0.1,0.9,-1.2,0.0,0,0,1,0,0.675,0.2
212,7,-0.8682768940925598,0.2031824141740799,-3.10534405708313,0.522170423196678,0.47169512636768357,0,0,0,0.12,0.01,0.0,0.01,0.1,0.9,-1.2,0.0,0,0,1,0,0.675,0.2
213,0,-0.25059062242507935,-0.14262455701828003,-1.8296481370925903,1.0141047653041695,-0.9192484583936548,0,0,0,0.12,0.01,0.0,0.01,0.1,0.9,-1.2,0.0,0,0,1,0,0.675,0.2
213,1,-0.8588956594467163,-0.42490312457084656,3.1279568672180176,0.4406538745960595,0.42804060963779667,0,0,0,0.12,0.01,0.0,0.01,0.1,0.9,-1.2,0.0,0,0,1,0,0.675,0.2
213,2,-0.0156564898788929,-0.014961173757910728,0.2265462726354599,0.48283894447091685,0.5160284480690612,0,0,0,0.12,0.01,0.0,0.01,0.1,0.9,-1.2,0.0,0,0,1,0,0.675,0.2
213,3,-0.37405911087989807,-0.37031862139701843,-1.6579523086547852,0.4845655557293968,0.5133844617228432,0,0,0,0.12,0.01,0.0,0.01,0.1,0.9,-1.2,0.0,0,0,1,0,0.675,0.2
213,4,-0.6720248460769653,0.4285818934440613,-0.08603458851575851,1.4630397227528833,-1.1693379250291134,0,0,0,0.12,0.01,0.0,0.01,0.1,0.9,-1.2,0.0,0,0,1,0,0.675,0.2
213,5,-0.31612032651901245,0.27220794558525085,1.1075941324234009,0.5459742728097855,0.4093696293012681,0,0,0,0.12,0.01,0.0,0.01,0.1,0.9,-1.2,0.0,0,0,1,0,0.675,0.2
213,6,-0.7050371170043945,-0.0908530130982399,-2.5245413780212402,0.004685438661231295,0.27943869730983806,0,0,0,0.12,0.01,0.0,0.01,0.1,0.9,-1.2,0.0,0,0,1,0,0.675,0.2
213,7,-0.8692702054977417,0.20314735174179077,-3.107229471206665,0.5214385442709283,0.47236561250931464,0,0,0,0.12,0.01,0.0,0.01,0.1,0.9,-1.2,0.0,0,0,1,0,0.675,0.2
214,0,-0.2506173551082611,-0.14272791147232056,-1.8885242938995361,1.129504678647231,-1.0414324531957615,0,0,0,0.12,0.01,0.0,0.01,0.1,0.9,-1.2,0.0,0,0,1,0,0.675,0.2
214,1,-0.8597647547721863,-0.42489108443260193,3.1275105476379395,0.4405211339570848,0.4277468194387587,0,0,0,0.12,0.01,0.0,0.01,0.1,0.9,-1.2,0.0,0,0,1,0,0.675,0.2
214,2,-0.014683420769870281,-0.014735376462340355,0.22990748286247253,0.524597693465701,0.47422410152102384,0,0,0,0.12,0.01,0.0,0.01,0.1,0.9,-1.2,0.0,0,0,1,0,0.675,0.2
214,3,-0.37414562702178955,-0.37131285667419434,-1.657165288925171,0.4847006621895883,0.5132050690115837,0,0,0,0.12,0.01,0.0,0.01,0.1,0.9,-1.2,0.0,0,0,1,0,0.675,0.2
214,4,-0.6717629432678223,0.4285401701927185,-0.19458596408367157,1.123065411222002,-0.819930165183565,0,0,0,0.12,0.01,0.0,0.01,0.1,0.9,-1.2,0.0,0,0,1,0,0.675,0.2
214,5,-0.31569087505340576,0.27306273579597473,1.1028294563293457,0.5460628878690117,0.4082464564226754,0,0,0,0.12,0.01,0.0,0.01,0.1,0.9,-1.2,0.0,0,0,1,0,0.675,0.2
214,6,-0.7052809596061707,-0.09102720022201538,-2.515777349472046,-0.015080713505386563,0.2865768604227297,0,0,0,0.12,0.01,0.0,0.01,0.1,0.9,-1.2,0.0,0,0,1,0,0.675,0.2
214,7,-0.8702635765075684,0.20311413705348969,-3.109027862548828,0.5209252537753672,0.4728206096622854,0,0,0,0.12,0.01,0.0,0.01,0.1,0.9,-1.2,0.0,0,0,1,0,0.675,0.2
215,0,-0.2506482005119324,-0.14282208681106567,-1.954947590827942,1.251156040333435,-1.1689380862342569,0,0,0,0.12,0.01,0.0,0.01,0.1,0.9,-1.2,0.0,0,0,1,0,0.675,0.2
215,1,-0.8606334924697876,-0.42487868666648865,3.127058982849121,0.44039715426660125,0.4274372349431461,0,0,0,0.12,0.01,0.0,0.01,0.1,0.9,-1.2,0.0,0,0,1,0,0.675,0.2
215,2,-0.013711066916584969,-0.014506717212498188,0.23153388500213623,0.5479645436753796,0.4508099848280383,0,0,0,0.12,0.01,0.0,0.01,0.1,0.9,-1.2,0.0,0,0,1,0,0.675,0.2
215,3,-0.3742312490940094,-0.3723071217536926,-1.6561782360076904,0.4865750038234549,0.5112855470569772,0,0,0,0.12,0.01,0.0,0.01,0.1,0.9,-1.2,0.0,0,0,1,0,0.675,0.2
215,4,-0.6714941263198853,0.42846551537513733,-0.2903459966182709,0.6783333676381585,-0.37529259496169076,0,0,0,0.12,0.01,0.0,0.01,0.1,0.9,-1.2,0.0,0,0,1,0,0.675,0.2
215,5,-0.31525787711143494,0.27391454577445984,1.0980311632156372,0.5464250358481163,0.40686423455288456,0,0,0,0.12,0.01,0.0,0.01,0.1,0.9,-1.2,0.0,0,0,1,0,0.675,0.2
215,6,-0.7055126428604126,-0.09119608253240585,-2.506276845932007,-0.036872977385770916,0.2960309330322858,0,0,0,0.12,0.01,0.0,0.01,0.1,0.9,-1.2,0.0,0,0,1,0,0.675,0.2
215,7,-0.8712568879127502,0.20308265089988708,-3.110769748687744,0.5207547326395693,0.4729358772923765,0,0,0,0.12,0.01,0.0,0.01,0.1,0.9,-1.2,0.0,0,0,1,0,0.675,0.2
216,0,-0.2506842017173767,-0.14290697872638702,-2.0295920372009277,1.3743849604799936,-1.2969726159646702,0,0,0,0.12,0.01,0.0,0.01,0.1,0.9,-1.2,0.0,0,0,1,0,0.675,0.2
216,1,-0.8615017533302307,-0.4248659014701843,3.1266019344329834,0.44024142620145856,0.4271524846833987,0,0,0,0.12,0.01,0.0,0.01,0.1,0.9,-1.2,0.0,0,0,1,0,0.675,0.2
216,2,-0.012738858349621296,-0.014277644455432892,0.23034802079200745,0.5420016431948363,0.4567240094998659,0,0,0,0.12,0.01,0.0,0.01,0.1,0.9,-1.2,0.0,0,0,1,0,0.675,0.2
216,3,-0.37431585788726807,-0.3733014464378357,-1.6551649570465088,0.4884789099128271,0.5093356261818384,0,0,0,0.12,0.01,0.0,0.01,0.1,0.9,-1.2,0.0,0,0,1,0,0.675,0.2
216,4,-0.6712170839309692,0.42836493253707886,-0.36352384090423584,0.16705379969773163,0.1254348050862802,0,0,0,0.12,0.01,0.0,0.01,0.1,0.9,-1.2,0.0,0,0,1,0,0.675,0.2
216,5,-0.3148212432861328,0.2747633457183838,1.0931907892227173,0.5470062400706391,0.4052770231358427,0,0,0,0.12,0.01,0.0,0.01,0.1,0.9,-1.2,0.0,0,0,1,0,0.675,0.2
216,6,-0.7057323455810547,-0.09135983884334564,-2.4958672523498535,-0.06025693970834855,0.3073668147913182,0,0,0,0.12,0.01,0.0,0.01,0.1,0.9,-1.2,0.0,0,0,1,0,0.675,0.2
216,7,-0.8722501993179321,0.20305286347866058,-3.1124746799468994,0.5208322471207988,0.4728051954680074,0,0,0,0.12,0.01,0.0,0.01,0.1,0.9,-1.2,0.0,0,0,1,0,0.675,0.2
217,0,-0.25072577595710754,-0.14298255741596222,-2.1129119396209717,1.492032658544697,-1.4182347694908755,0,0,0,0.12,0.01,0.0,0.01,0.1,0.9,-1.2,0.0,0,0,1,0,0.675,0.2
217,1,-0.8623695373535156,-0.4248526990413666,3.12613844871521,0.44002021307181094,0.4269261265354277,0,0,0,0.12,0.01,0.0,0.01,0.1,0.9,-1.2,0.0,0,0,1,0,0.675,0.2
217,2,-0.01176617294549942,-0.014050805941224098,0.22725673019886017,0.5166291498646781,0.48204595809125445,0,0,0,0.12,0.01,0.0,0.01,0.1,0.9,-1.2,0.0,0,0,1,0,0.675,0.2
217,3,-0.37439948320388794,-0.37429583072662354,-1.6542603969573975,0.4891159118216108,0.5086517750222613,0,0,0,0.12,0.01,0.0,0.01,0.1,0.9,-1.2,0.0,0,0,1,0,0.675,0.2
217,4,-0.670940637588501,0.4282490313053131,-0.4067590534687042,-0.3536780316891866,0.6286425728860097,0,0,0,0.12,0.01,0.0,0.01,0.1,0.9,-1.2,0.0,0,0,1,0,0.675,0.2
217,5,-0.314380943775177,0.2756090760231018,1.0882927179336548,0.5473817222222127,0.40390816997444257,0,0,0,0.12,0.01,0.0,0.01,0.1,0.9,-1.2,0.0,0,0,1,0,0.675,0.2
217,6,-0.705940306186676,-0.09151860326528549,-2.484391689300537,-0.08487274298971945,0.3202087933809166,0,0,0,0.12,0.01,0.0,0.01,0.1,0.9,-1.2,0.0,0,0,1,0,0.675,0.2
217,7,-0.873243510723114,0.203024759888649,-3.1141648292541504,0.5207996297821937,0.472785658742434,0,0,0,0.12,0.01,0.0,0.01,0.1,0.9,-1.2,0.0,0,0,1,0,0.675,0.2
218,0,-0.2507721185684204,-0.14304938912391663,-2.205047845840454,1.594016277751061,-1.5224844380823102,0,0,0,0.12,0.01,0.0,0.01,0.1,0.9,-1.2,0.0,0,0,1,0,0.675,0.2
218,1,-0.8632369041442871,-0.4248390793800354,3.1256701946258545,0.439735727666963,0.4267557688959947,0,0,0,0.12,0.01,0.0,0.01,0.1,0.9,-1.2,0.0,0,0,1,0,0.675,0.2
218,2,-0.010792765766382217,-0.01382729783654213,0.22416982054710388,0.49191392853184,0.5067087273366904,0,0,0,0.12,0.01,0.0,0.01,0.1,0.9,-1.2,0.0,0,0,1,0,0.675,0.2
218,3,-0.37448227405548096,-0.3752902150154114,-1.653490662574768,0.48828486012264855,0.5094350237961136,0,0,0,0.12,0.01,0.0,0.01,0.1,0.9,-1.2,0.0,0,0,1,0,0.675,0.2
218,4,-0.6706718802452087,0.4281299114227295,-0.41531169414520264,-0.8084679705746985,1.065008149827323,0,0,0,0.12,0.01,0.0,0.01,0.1,0.9,-1.2,0.0,0,0,1,0,0.675,0.2
218,5,-0.31393691897392273,0.2764517366886139,1.0833216905593872,0.5471383091448725,0.40316751036654114,0,0,0,0.12,0.01,0.0,0.01,0.1,0.9,-1.2,0.0,0,0,1,0,0.675,0.2
218,6,-0.7061367630958557,-0.09167243540287018,-2.471722364425659,-0.11047472938705437,0.33428258582759846,0,0,0,0.12,0.01,0.0,0.01,0.1,0.9,-1.2,0.0,0,0,1,0,0.675,0.2
218,7,-0.8742368221282959,0.2029983252286911,-3.115858793258667,0.5203885983069428,0.473144118920993,0,0,0,0.12,0.01,0.0,0.01,0.1,0.9,-1.2,0.0,0,0,1,0,0.675,0.2
219,0,-0.2508217692375183,-0.14310887455940247,-2.3056652545928955,1.6693176072398404,-1.5985655751386862,0,0,0,0.12,0.01,0.0,0.01,0.1,0.9,-1.2,0.0,0,0,1,0,0.675,0.2
219,1,-0.8641038537025452,-0.4248250424861908,3.1252007484436035,0.43939698195526594,0.4266323401921035,0,0,0,0.12,0.01,0.0,0.01,0.1,0.9,-1.2,0.0,0,0,1,0,0.675,0.2
219,2,-0.009818837977945805,-0.013606308028101921,0.22258861362934113,0.48326669454575805,0.5153017210960267,0,0,0,0.12,0.01,0.0,0.01,0.1,0.9,-1.2,0.0,0,0,1,0,0.675,0.2
219,3,-0.3745643198490143,-0.3762845993041992,-1.652785301208496,0.48673073176843046,0.5109404551555503,0,0,0,0.12,0.01,0.0,0.01,0.1,0.9,-1.2,0.0,0,0,1,0,0.675,0.2
219,4,-0.670417070388794,0.428018182516098,-0.3880017399787903,-1.127688644518562,1.3707446437975845,0,0,0,0.12,0.01,0.0,0.01,0.1,0.9,-1.2,0.0,0,0,1,0,0.675,0.2
219,5,-0.3134891092777252,0.27729126811027527,1.0782866477966309,0.5460055633051184,0.40332119031121466,0,0,0,0.12,0.01,0.0,0.01,0.1,0.9,-1.2,0.0,0,0,1,0,0.675,0.2
219,6,-0.7063220143318176,-0.0918213427066803,-2.4577574729919434,-0.1370353323886647,0.3495279324720158,0,0,0,0.12,0.01,0.0,0.01,0.1,0.9,-1.2,0.0,0,0,1,0,0.675,0.2
219,7,-0.875230073928833,0.2029736042022705,-3.117553949356079,0.5195154928334768,0.47396304377235826,0,0,0,0.12,0.01,0.0,0.01,0.1,0.9,-1.2,0.0,0,0,1,0,0.675,0.2
220,0,-0.2508736252784729,-0.14316292107105255,-2.41375470161438,1.709453038534643,-1.637930243870737,0,0,0,0.12,0.01,0.0,0.01,0.1,0.9,-1.2,0.0,0,0,1,0,0.675,0.2
220,1,-0.864970326423645,-0.42481061816215515,3.124734401702881,0.439053128363568,0.4265062111597474,0,0,0,0.12,0.01,0.0,0.01,0.1,0.9,-1.2,0.0,0,0,1,0,0.675,0.2
220,2,-0.008844798430800438,-0.013386049307882786,0.22276513278484344,0.49294876185907216,0.505563506207334,0,0,0,0.12,0.01,0.0,0.01,0.1,0.9,-1.2,0.0,0,0,1,0,0.675,0.2
220,3,-0.3746456801891327,-0.37727901339530945,-1.6520437002182007,0.4854744076222325,0.5121470094233608,0,0,0,0.12,0.01,0.0,0.01,0.1,0.9,-1.2,0.0,0,0,1,0,0.675,0.2
220,4,-0.6701748967170715,0.42792245745658875,-0.3284721076488495,-1.2696783403121248,1.507433191891791,0,0,0,0.12,0.01,0.0,0.01,0.1,0.9,-1.2,0.0,0,0,1,0,0.675,0.2
220,5,-0.3130375146865845,0.27812764048576355,1.0732252597808838,0.5441032353394564,0.40424463119573034,0,0,0,0.12,0.01,0.0,0.01,0.1,0.9,-1.2,0.0,0,0,1,0,0.675,0.2
220,6,-0.7064963579177856,-0.09196532517671585,-2.4424164295196533,-0.1646507419851732,0.3660198338535738,0,0,0,0.12,0.01,0.0,0.01,0.1,0.9,-1.2,0.0,0,0,1,0,0.675,0.2
220,7,-0.8762233853340149,0.20295056700706482,-3.119227170944214,0.5184509823017303,0.4749707510776338,0,0,0,0.12,0.01,0.0,0.01,0.1,0.9,-1.2,0.0,0,0,1,0,0.675,0.2
221,0,-0.25092780590057373,-0.1432129293680191,-2.5275356769561768,1.7115739521905273,-1.6377658632918686,0,0,0,0.12,0.01,0.0,0.01,0.1,0.9,-1.2,0.0,0,0,1,0,0.675,0.2
221,1,-0.8658363223075867,-0.42479580640792847,3.124274969100952,0.43871202264485026,0.4263692876273665,0,0,0,0.12,0.01,0.0,0.01,0.1,0.9,-1.2,0.0,0,0,1,0,0.675,0.2
221,2,-0.007870973087847233,-0.013165087439119816,0.22377920150756836,0.511251545597382,0.48720254833572363,0,0,0,0.12,0.01,0.0,0.01,0.1,0.9,-1.2,0.0,0,0,1,0,0.675,0.2
221,3,-0.37472623586654663,-0.3782734274864197,-1.6512049436569214,0.4851177057093085,0.5124529877835808,0,0,0,0.12,0.01,0.0,0.01,0.1,0.9,-1.2,0.0,0,0,1,0,0.675,0.2
221,4,-0.6699399352073669,0.4278487265110016,-0.24510563910007477,-1.2315734196932537,1.4717017133267145,0,0,0,0.12,0.01,0.0,0.01,0.1,0.9,-1.2,0.0,0,0,1,0,0.675,0.2
221,5,-0.3125821650028229,0.27896085381507874,1.0681962966918945,0.5418282032603102,0.4055369614964646,0,0,0,0.12,0.01,0.0,0.01,0.1,0.9,-1.2,0.0,0,0,1,0,0.675,0.2
221,6,-0.7066599726676941,-0.0921044796705246,-2.4256234169006348,-0.19346873816531254,0.3838970696596439,0,0,0,0.12,0.01,0.0,0.01,0.1,0.9,-1.2,0.0,0,0,1,0,0.675,0.2
221,7,-0.877216637134552,0.20292916893959045,-3.120847702026367,0.5176195101967752,0.47574190328207616,0,0,0,0.12,0.01,0.0,0.01,0.1,0.9,-1.2,0.0,0,0,1,0,0.675,0.2
222,0,-0.2509859800338745,-0.1432587057352066,-2.64458966255188,1.678650501330698,-1.6011705204447155,0,0,0,0.12,0.01,0.0,0.01,0.1,0.9,-1.2,0.0,0,0,1,0,0.675,0.2
222,1,-0.8667018413543701,-0.42478060722351074,3.1238231658935547,0.4383799204120342,0.426215135168105,0,0,0,0.12,0.01,0.0,0.01,0.1,0.9,-1.2,0.0,0,0,1,0,0.675,0.2
222,2,-0.006897424813359976,-0.012943160720169544,0.2243703156709671,0.5252800988289245,0.4731136155990236,0,0,0,0.12,0.01,0.0,0.01,0.1,0.9,-1.2,0.0,0,0,1,0,0.675,0.2
222,3,-0.37480592727661133,-0.3792678713798523,-1.650275468826294,0.4855500636365654,0.511968893024659,0,0,0,0.12,0.01,0.0,0.01,0.1,0.9,-1.2,0.0,0,0,1,0,0.675,0.2
222,4,-0.6697055101394653,0.4277999699115753,-0.1495140641927719,-1.0398039254415161,1.2863752278554563,0,0,0,0.12,0.01,0.0,0.01,0.1,0.9,-1.2,0.0,0,0,1,0,0.675,0.2
222,5,-0.3121231496334076,0.2797909379005432,1.063255786895752,0.5396413792621119,0.4067360173214452,0,0,0,0.12,0.01,0.0,0.01,0.1,0.9,-1.2,0.0,0,0,1,0,0.675,0.2
222,6,-0.7068127989768982,-0.09223897010087967,-2.4072983264923096,-0.22355919432051533,0.4032404358328139,0,0,0,0.12,0.01,0.0,0.01,0.1,0.9,-1.2,0.0,0,0,1,0,0.675,0.2
222,7,-0.8782098889350891,0.20290936529636383,-3.1223978996276855,0.5173406890857734,0.4759564109813654,0,0,0,0.12,0.01,0.0,0.01,0.1,0.9,-1.2,0.0,0,0,1,0,0.675,0.2
223,0,-0.2510503828525543,-0.1432981640100479,-2.762220859527588,1.6172042212602167,-1.5348367489096193,0,0,0,0.12,0.01,0.0,0.01,0.1,0.9,-1.2,0.0,0,0,1,0,0.675,0.2
223,1,-0.8675668835639954,-0.42476508021354675,3.1233787536621094,0.43810419224368086,0.4259963235987569,0,0,0,0.12,0.01,0.0,0.01,0.1,0.9,-1.2,0.0,0,0,1,0,0.675,0.2
223,2,-0.00592396454885602,-0.012721107341349125,0.22377952933311462,0.5275245835398402,0.4708066652203832,0,0,0,0.12,0.01,0.0,0.01,0.1,0.9,-1.2,0.0,0,0,1,0,0.675,0.2
223,3,-0.3748846650123596,-0.3802623450756073,-1.6493101119995117,0.4861647016361474,0.5113015049144507,0,0,0,0.12,0.01,0.0,0.01,0.1,0.9,-1.2,0.0,0,0,1,0,0.675,0.2
223,4,-0.6694665551185608,0.42777642607688904,-0.05409933626651764,-0.7314422641263678,0.9839209232793525,0,0,0,0.12,0.01,0.0,0.01,0.1,0.9,-1.2,0.0,0,0,1,0,0.675,0.2
223,5,-0.31166061758995056,0.28061795234680176,1.058435320854187,0.5378645785309687,0.4075212947867498,0,0,0,0.12,0.01,0.0,0.01,0.1,0.9,-1.2,0.0,0,0,1,0,0.675,0.2
223,6,-0.7069549560546875,-0.09236901253461838,-2.387352466583252,-0.25515760360428724,0.42431017635533247,0,0,0,0.12,0.01,0.0,0.01,0.1,0.9,-1.2,0.0,0,0,1,0,0.675,0.2
223,7,-0.8792030811309814,0.2028910517692566,-3.1238887310028076,0.517652328051335,0.475576226674312,0,0,0,0.12,0.01,0.0,0.01,0.1,0.9,-1.2,0.0,0,0,1,0,0.675,0.2
224,0,-0.2511224150657654,-0.1433284431695938,-2.877870798110962,1.5346066521274382,-1.4463259966837698,0,0,0,0.12,0.01,0.0,0.01,0.1,0.9,-1.2,0.0,0,0,1,0,0.675,0.2
224,1,-0.8684314489364624,-0.4247491657733917,3.1229405403137207,0.4378254989713456,0.4257721920877669,0,0,0,0.12,0.01,0.0,0.01,0.1,0.9,-1.2,0.0,0,0,1,0,0.675,0.2
224,2,-0.004950314294546843,-0.012500161305069923,0.2221352756023407,0.5195500923537456,0.4787164853668964,0,0,0,0.12,0.01,0.0,0.01,0.1,0.9,-1.2,0.0,0,0,1,0,0.675,0.2
224,3,-0.3749624192714691,-0.3812568187713623,-1.64836585521698,0.4863346089264699,0.5110778342345409,0,0,0,0.12,0.01,0.0,0.01,0.1,0.9,-1.2,0.0,0,0,1,0,0.675,0.2
224,4,-0.6692211031913757,0.4277760684490204,0.030287738889455795,-0.3420087640445384,0.5964366738956126,0,0,0,0.12,0.01,0.0,0.01,0.1,0.9,-1.2,0.0,0,0,1,0,0.675,0.2
224,5,-0.31119468808174133,0.28144189715385437,1.0537351369857788,0.5365573244788214,0.4078364891312554,0,0,0,0.12,0.01,0.0,0.01,0.1,0.9,-1.2,0.0,0,0,1,0,0.675,0.2
224,6,-0.7070862650871277,-0.09249477833509445,-2.3656907081604004,-0.2887010509761731,0.44757285068358577,0,0,0,0.12,0.01,0.0,0.01,0.1,0.9,-1.2,0.0,0,0,1,0,0.675,0.2
224,7,-0.880196213722229,0.20287419855594635,-3.125354528427124,0.5183050146983961,0.47485088196526976,0,0,0,0.12,0.01,0.0,0.01,0.1,0.9,-1.2,0.0,0,0,1,0,0.675,0.2
225,0,-0.2512023150920868,-0.14334432780742645,-2.989403247833252,1.4370080357416628,-1.3419473445042132,0,0,0,0.12,0.01,0.0,0.01,0.1,0.9,-1.2,0.0,0,0,1,0,0.675,0.2
225,1,-0.8692954778671265,-0.42473286390304565,3.1225051879882812,0.4375277580378697,0.4255587039830044,0,0,0,0.12,0.01,0.0,0.01,0.1,0.9,-1.2,0.0,0,0,1,0,0.675,0.2
225,2,-0.003976299427449703,-0.012281108647584915,0.2201654016971588,0.5088887676610622,0.4893109932527867,0,0,0,0.12,0.01,0.0,0.01,0.1,0.9,-1.2,0.0,0,0,1,0,0.675,0.2
225,3,-0.375039279460907,-0.3822513520717621,-1.6474640369415283,0.4857608440952518,0.5115967031879209,0,0,0,0.12,0.01,0.0,0.01,0.1,0.9,-1.2,0.0,0,0,1,0,0.675,0.2
225,4,-0.6689704656600952,0.4277937412261963,0.09465818852186203,0.08618456121717083,0.1651593149062575,0,0,0,0.12,0.01,0.0,0.01,0.1,0.9,-1.2,0.0,0,0,1,0,0.675,0.2
225,5,-0.3107254207134247,0.2822628319263458,1.0491302013397217,0.5355382349972012,0.4078694197650669,0,0,0,0.12,0.01,0.0,0.01,0.1,0.9,-1.2,0.0,0,0,1,0,0.675,0.2
225,6,-0.7072069048881531,-0.09261629730463028,-2.3422036170959473,-0.3250968747034176,0.47397401856328086,0,0,0,0.12,0.01,0.0,0.01,0.1,0.9,-1.2,0.0,0,0,1,0,0.675,0.2
225,7,-0.8811893463134766,0.2028587907552719,-3.126836061477661,0.5189020087071239,0.47417759401122944,0,0,0,0.12,0.01,0.0,0.01,0.1,0.9,-1.2,0.0,0,0,1,0,0.675,0.2
226,0,-0.251289427280426,-0.14334605634212494,-3.0951995849609375,1.3308115634129065,-1.2283316659734267,0,0,0,0.12,0.01,0.0,0.01,0.1,0.9,-1.2,0.0,0,0,1,0,0.675,0.2
226,1,-0.8701590299606323,-0.42471620440483093,3.1220719814300537,0.43723671414622467,0.4253293993257603,0,0,0,0.12,0.01,0.0,0.01,0.1,0.9,-1.2,0.0,0,0,1,0,0.675,0.2
226,2,-0.003001934150233865,-0.012063919566571712,0.21860988438129425,0.5029153172297162,0.4952153619008381,0,0,0,0.12,0.01,0.0,0.01,0.1,0.9,-1.2,0.0,0,0,1,0,0.675,0.2
226,3,-0.37511521577835083,-0.3832458555698395,-1.6465823650360107,0.48468487877792793,0.5126164613252214,0,0,0,0.12,0.01,0.0,0.01,0.1,0.9,-1.2,0.0,0,0,1,0,0.675,0.2
226,4,-0.6687225103378296,0.42782387137413025,0.13315296173095703,0.5127500504276967,-0.26817200184085127,0,0,0,0.12,0.01,0.0,0.01,0.1,0.9,-1.2,0.0,0,0,1,0,0.675,0.2
226,5,-0.3102528750896454,0.28308072686195374,1.0445888042449951,0.5344562360688141,0.40797372370520335,0,0,0,0.12,0.01,0.0,0.01,0.1,0.9,-1.2,0.0,0,0,1,0,0.675,0.2
226,6,-0.7073172330856323,-0.09273343533277512,-2.316751480102539,-0.36571837185623113,0.504920102345962,0,0,0,0.12,0.01,0.0,0.01,0.1,0.9,-1.2,0.0,0,0,1,0,0.675,0.2
226,7,-0.8821824193000793,0.20284487307071686,-3.128361225128174,0.5189971267732647,0.47400332097682696,0,0,0,0.12,0.01,0.0,0.01,0.1,0.9,-1.2,0.0,0,0,1,0,0.675,0.2
227,0,-0.2513831853866577,-0.14334072172641754,3.089085340499878,1.2232768396351401,-1.1130349496815266,0,0,0,0.12,0.01,0.0,0.01,0.1,0.9,-1.2,0.0,0,0,1,0,0.675,0.2
227,1,-0.8710220456123352,-0.42469915747642517,3.1216413974761963,0.43692073444871043,0.42511519570799733,0,0,0,0.12,0.01,0.0,0.01,0.1,0.9,-1.2,0.0,0,0,1,0,0.675,0.2
227,2,-0.002027362585067749,-0.0118479672819376,0.217762291431427,0.5043037481739757,0.493755405382848,0,0,0,0.12,0.01,0.0,0.01,0.1,0.9,-1.2,0.0,0,0,1,0,0.675,0.2
227,3,-0.37519028782844543,-0.38424041867256165,-1.6456726789474487,0.4837237753674071,0.5135202250674683,0,0,0,0.12,0.01,0.0,0.01,0.1,0.9,-1.2,0.0,0,0,1,0,0.675,0.2
227,4,-0.6684747934341431,0.42785948514938354,0.14200980961322784,0.8884761546836388,-0.6515561257586968,0,0,0,0.12,0.01,0.0,0.01,0.1,0.9,-1.2,0.0,0,0,1,0,0.675,0.2
227,5,-0.30977708101272583,0.2838956117630005,1.0400885343551636,0.5334349696688329,0.4080238516278591,0,0,0,0.12,0.01,0.0,0.01,0.1,0.9,-1.2,0.0,0,0,1,0,0.675,0.2
227,6,-0.7074177265167236,-0.09284593909978867,-2.289137125015259,-0.41187845240150295,0.5417540676406464,0,0,0,0.12,0.01,0.0,0.01,0.1,0.9,-1.2,0.0,0,0,1,0,0.675,0.2
227,7,-0.8831754326820374,0.20283249020576477,-3.129931926727295,0.5186110022652411,0.4743080851447319,0,0,0,0.12,0.01,0.0,0.01,0.1,0.9,-1.2,0.0,0,0,1,0,0.675,0.2
228,0,-0.2514782249927521,-0.14332875609397888,2.9975368976593018,1.116810887572576,-0.9986118967507377,0,0,0,0.12,0.01,0.0,0.01,0.1,0.9,-1.2,0.0,0,0,1,0,0.675,0.2
228,1,-0.8718845248222351,-0.42468172311782837,3.121212959289551,0.4365794978363327,0.42491528175045923,0,0,0,0.12,0.01,0.0,0.01,0.1,0.9,-1.2,0.0,0,0,1,0,0.675,0.2
228,2,-0.0010527357226237655,-0.01163258496671915,0.2173970490694046,0.5106085515360589,0.4873766326565986,0,0,0,0.12,0.01,0.0,0.01,0.1,0.9,-1.2,0.0,0,0,1,0,0.675,0.2
228,3,-0.37526440620422363,-0.3852349519729614,-1.644696593284607,0.4833546458477036,0.5138305248027786,0,0,0,0.12,0.01,0.0,0.01,0.1,0.9,-1.2,0.0,0,0,1,0,0.675,0.2
228,4,-0.6682313680648804,0.42789411544799805,0.1206306517124176,1.170863548103139,-0.9394042285116169,0,0,0,0.12,0.01,0.0,0.01,0.1,0.9,-1.2,0.0,0,0,1,0,0.675,0.2
228,5,-0.3092981278896332,0.2847074866294861,1.0356289148330688,0.5323882333848252,0.4081074364569411,0,0,0,0.12,0.01,0.0,0.01,0.1,0.9,-1.2,0.0,0,0,1,0,0.675,0.2
228,6,-0.7075089812278748,-0.09295357763767242,-2.2590725421905518,-0.46587680704135687,0.5868069422914484,0,0,0,0.12,0.01,0.0,0.01,0.1,0.9,-1.2,0.0,0,0,1,0,0.675,0.2
228,7,-0.8841684460639954,0.20282170176506042,-3.131518840789795,0.5178579385210977,0.47497859645586155,0,0,0,0.12,0.01,0.0,0.01,0.1,0.9,-1.2,0.0,0,0,1,0,0.675,0.2
229,0,-0.2515730857849121,-0.14330823719501495,2.9136154651641846,1.013889089853545,-0.8876547819683751,0,0,0,0.12,0.01,0.0,0.01,0.1,0.9,-1.2,0.0,0,0,1,0,0.675,0.2
229,1,-0.8727465271949768,-0.4246639609336853,3.120788097381592,0.4362631636444283,0.42467890207136155,0,0,0,0.12,0.01,0.0,0.01,0.1,0.9,-1.2,0.0,0,0,1,0,0.675,0.2
229,2,-7.811708201188594e-05,-0.011417495086789131,0.2170351892709732,0.5170783878206165,0.48083044282208365,0,0,0,0.12,0.01,0.0,0.01,0.1,0.9,-1.2,0.0,0,0,1,0,0.675,0.2
229,3,-0.37533754110336304,-0.3862295150756836,-1.643653392791748,0.48357705744824175,0.5135476740924381,0,0,0,0.12,0.01,0.0,0.01,0.1,0.9,-1.2,0.0,0,0,1,0,0.675,0.2
229,4,-0.6679943203926086,0.42792052030563354,0.07189550250768661,1.3268014739040628,-1.0965109268907802,0,0,0,0.12,0.01,0.0,0.01,0.1,0.9,-1.2,0.0,0,0,1,0,0.675,0.2
229,5,-0.3088160455226898,0.2855163812637329,1.0312076807022095,0.5312601224023934,0.40828521098307424,0,0,0,0.12,0.01,0.0,0.01,0.1,0.9,-1.2,0.0,0,0,1,0,0.675,0.2
229,6,-0.707591712474823,-0.09305626899003983,-2.226175308227539,-0.5294883437036162,0.6419162787078505,0,0,0,0.12,0.01,0.0,0.01,0.1,0.9,-1.2,0.0,0,0,1,0,0.675,0.2
229,7,-0.8851613402366638,0.20281249284744263,-3.1330883502960205,0.5169287907592999,0.4758248937614215,0,0,0,0.12,0.01,0.0,0.01,0.1,0.9,-1.2,0.0,0,0,1,0,0.675,0.2
230,0,-0.25167903304100037,-0.14327941834926605,2.837627649307251,0.9208682302391873,-0.7866527263081418,0,0,0,0.12,0.01,0.0,0.01,0.1,0.9,-1.2,0.0,0,0,1,0,0.675,0.2
230,1,-0.8736079335212708,-0.4246458411216736,3.1203677654266357,0.4359435162612446,0.42443409346852223,0,0,0,0.12,0.01,0.0,0.01,0.1,0.9,-1.2,0.0,0,0,1,0,0.675,0.2
230,2,0.0008965330780483782,-0.011202889494597912,0.21629773080348969,0.5202170103413003,0.47761272493778306,0,0,0,0.12,0.01,0.0,0.01,0.1,0.9,-1.2,0.0,0,0,1,0,0.675,0.2
230,3,-0.3754096031188965,-0.38722410798072815,-1.6425780057907104,0.4838520087469103,0.5132109723817824,0,0,0,0.12,0.01,0.0,0.01,0.1,0.9,-1.2,0.0,0,0,1,0,0.675,0.2
230,4,-0.6677619218826294,0.4279322922229767,0.0018781810067594051,1.3452420987841565,-1.1117889889237362,0,0,0,0.12,0.01,0.0,0.01,0.1,0.9,-1.2,0.0,0,0,1,0,0.675,0.2
230,5,-0.3083309233188629,0.28632232546806335,1.0268254280090332,0.5302124759649326,0.4084022501016568,0,0,0,0.12,0.01,0.0,0.01,0.1,0.9,-1.2,0.0,0,0,1,0,0.675,0.2
230,6,-0.7076659202575684,-0.09315416216850281,-2.189913749694824,-0.6012439088427578,0.7057249130212818,0,0,0,0.12,0.01,0.0,0.01,0.1,0.9,-1.2,0.0,0,0,1,0,0.675,0.2
230,7,-0.8861541152000427,0.2028048187494278,-3.134613037109375,0.5160493097466711,0.4766220011549709,0,0,0,0.12,0.01,0.0,0.01,0.1,0.9,-1.2,0.0,0,0,1,0,0.675,0.2
231,0,-0.25179287791252136,-0.1432405412197113,2.7692766189575195,0.8374273667127687,-0.6953117290527423,0,0,0,0.12,0.01,0.0,0.01,0.1,0.9,-1.2,0.0,0,0,1,0,0.675,0.2
231,1,-0.8744688034057617,-0.4246273934841156,3.119950532913208,0.4356349042652994,0.42416662657271337,0,0,0,0.12,0.01,0.0,0.01,0.1,0.9,-1.2,0.0,0,0,1,0,0.675,0.2
231,2,0.0018713102908805013,-0.010989217087626457,0.21510586142539978,0.5192942255836692,0.47845361291349253,0,0,0,0.12,0.01,0.0,0.01,0.1,0.9,-1.2,0.0,0,0,1,0,0.675,0.2
231,3,-0.375480592250824,-0.3882187306880951,-1.641512155532837,0.4838202604142161,0.513179420581725,0,0,0,0.12,0.01,0.0,0.01,0.1,0.9,-1.2,0.0,0,0,1,0,0.675,0.2
231,4,-0.6675313115119934,0.4279237985610962,-0.0811239555478096,1.2306430123366736,-0.9918197176970861,0,0,0,0.12,0.01,0.0,0.01,0.1,0.9,-1.2,0.0,0,0,1,0,0.675,0.2
231,5,-0.30784282088279724,0.2871253490447998,1.0224878787994385,0.5293686319182247,0.4083392690827518,0,0,0,0.12,0.01,0.0,0.01,0.1,0.9,-1.2,0.0,0,0,1,0,0.675,0.2
231,6,-0.7077317237854004,-0.09324762970209122,-2.1496222019195557,-0.6812447990287531,0.7783964808095684,0,0,0,0.12,0.01,0.0,0.01,0.1,0.9,-1.2,0.0,0,0,1,0,0.675,0.2
231,7,-0.8871468901634216,0.20279864966869354,-3.136077880859375,0.5153763010679017,0.4772138283075561,0,0,0,0.12,0.01,0.0,0.01,0.1,0.9,-1.2,0.0,0,0,1,0,0.675,0.2
232,0,-0.2519124448299408,-0.1431901454925537,2.707916736602783,0.7625233740521856,-0.6126050860597083,0,0,0,0.12,0.01,0.0,0.01,0.1,0.9,-1.2,0.0,0,0,1,0,0.675,0.2
232,1,-0.8753290772438049,-0.42460861802101135,3.1195361614227295,0.4353276462929875,0.4238870768172115,0,0,0,0.12,0.01,0.0,0.01,0.1,0.9,-1.2,0.0,0,0,1,0,0.675,0.2
232,2,0.002846298273652792,-0.010776877403259277,0.21364350616931915,0.5161296657803826,0.48153365333048787,0,0,0,0.12,0.01,0.0,0.01,0.1,0.9,-1.2,0.0,0,0,1,0,0.675,0.2
232,3,-0.3755505084991455,-0.38921332359313965,-1.6404669284820557,0.4833855010712572,0.5135490916525892,0,0,0,0.12,0.01,0.0,0.01,0.1,0.9,-1.2,0.0,0,0,1,0,0.675,0.2
232,4,-0.6673083305358887,0.42789262533187866,-0.1674957424402237,1.0025264348639693,-0.7594734754218306,0,0,0,0.12,0.01,0.0,0.01,0.1,0.9,-1.2,0.0,0,0,1,0,0.675,0.2
232,5,-0.3073517978191376,0.28792548179626465,1.0181922912597656,0.5285298855849414,0.4082975356034131,0,0,0,0.12,0.01,0.0,0.01,0.1,0.9,-1.2,0.0,0,0,1,0,0.675,0.2
232,6,-0.70778888463974,-0.09333719313144684,-2.104689359664917,-0.769004206722762,0.8595014545974988,0,0,0,0.12,0.01,0.0,0.01,0.1,0.9,-1.2,0.0,0,0,1,0,0.675,0.2
232,7,-0.888139545917511,0.2027938812971115,-3.1374831199645996,0.5147256410616856,0.4777849757176418,0,0,0,0.12,0.01,0.0,0.01,0.1,0.9,-1.2,0.0,0,0,1,0,0.675,0.2
233,0,-0.25203612446784973,-0.1431276649236679,2.6528496742248535,0.6951677272100357,-0.5375647315759567,0,0,0,0.12,0.01,0.0,0.01,0.1,0.9,-1.2,0.0,0,0,1,0,0.675,0.2
233,1,-0.8761887550354004,-0.42458948493003845,3.1191234588623047,0.4349816028632034,0.42363594131099086,0,0,0,0.12,0.01,0.0,0.01,0.1,0.9,-1.2,0.0,0,0,1,0,0.675,0.2
233,2,0.003821526188403368,-0.010566028766334057,0.212185800075531,0.513373787712491,0.4842022701984281,0,0,0,0.12,0.01,0.0,0.01,0.1,0.9,-1.2,0.0,0,0,1,0,0.675,0.2
233,3,-0.37561941146850586,-0.390207976102829,-1.6394259929656982,0.4827139757472989,0.51415362135582,0,0,0,0.12,0.01,0.0,0.01,0.1,0.9,-1.2,0.0,0,0,1,0,0.675,0.2
233,4,-0.6670854687690735,0.4278402626514435,-0.24746447801589966,0.6923763234933584,-0.44922930792176424,0,0,0,0.12,0.01,0.0,0.01,0.1,0.9,-1.2,0.0,0,0,1,0,0.675,0.2
233,5,-0.3068578243255615,0.2887227535247803,1.0139268636703491,0.5278085308570203,0.4081651730042164,0,0,0,0.12,0.01,0.0,0.01,0.1,0.9,-1.2,0.0,0,0,1,0,0.675,0.2
233,6,-0.7078374028205872,-0.09342330694198608,-2.054516315460205,-0.8627366238117598,0.9473022409558675,0,0,0,0.12,0.01,0.0,0.01,0.1,0.9,-1.2,0.0,0,0,1,0,0.675,0.2
233,7,-0.8891321420669556,0.20279046893119812,-3.138841152191162,0.514187098001346,0.47824525787939126,0,0,0,0.12,0.01,0.0,0.01,0.1,0.9,-1.2,0.0,0,0,1,0,0.675,0.2
234,0,-0.2521630525588989,-0.14305348694324493,2.6034486293792725,0.6348162209432856,-0.4696707641523615,0,0,0,0.12,0.01,0.0,0.01,0.1,0.9,-1.2,0.0,0,0,1,0,0.675,0.2
234,1,-0.8770478963851929,-0.4245700240135193,3.1187117099761963,0.4346112449601844,0.4233987490698144,0,0,0,0.12,0.01,0.0,0.01,0.1,0.9,-1.2,0.0,0,0,1,0,0.675,0.2
234,2,0.004796966910362244,-0.010356568731367588,0.2109164297580719,0.5127407756339311,0.4847452792633773,0,0,0,0.12,0.01,0.0,0.01,0.1,0.9,-1.2,0.0,0,0,1,0,0.675,0.2
234,3,-0.37568724155426025,-0.3912025988101959,-1.6383626461029053,0.48208041330261625,0.5147179232032737,0,0,0,0.12,0.01,0.0,0.01,0.1,0.9,-1.2,0.0,0,0,1,0,0.675,0.2
234,4,-0.6668590903282166,0.42777079343795776,-0.31269747018814087,0.3347135248122351,-0.09671542667724058,0,0,0,0.12,0.01,0.0,0.01,0.1,0.9,-1.2,0.0,0,0,1,0,0.675,0.2
234,5,-0.30636096000671387,0.28951719403266907,1.0096889734268188,0.5272577319051014,0.407887526998402,0,0,0,0.12,0.01,0.0,0.01,0.1,0.9,-1.2,0.0,0,0,1,0,0.675,0.2
234,6,-0.7078774571418762,-0.09350620210170746,-1.9985277652740479,-0.9596910021589333,1.0390952593968443,0,0,0,0.12,0.01,0.0,0.01,0.1,0.9,-1.2,0.0,0,0,1,0,0.675,0.2
234,7,-0.8901246786117554,0.20278838276863098,-3.1401560306549072,0.5138426568119523,0.4785120342166427,0,0,0,0.12,0.01,0.0,0.01,0.1,0.9,-1.2,0.0,0,0,1,0,0.675,0.2
235,0,-0.2522929012775421,-0.14296863973140717,2.559159994125366,0.5811432924614047,-0.4086177822694873,0,0,0,0.12,0.01,0.0,0.01,0.1,0.9,-1.2,0.0,0,0,1,0,0.675,0.2
235,1,-0.8779063820838928,-0.42455020546913147,3.118302822113037,0.43418485552736036,0.42320674031309374,0,0,0,0.12,0.01,0.0,0.01,0.1,0.9,-1.2,0.0,0,0,1,0,0.675,0.2
235,2,0.005772569216787815,-0.010148280300199986,0.20984359085559845,0.514249272349759,0.4831438589063446,0,0,0,0.12,0.01,0.0,0.01,0.1,0.9,-1.2,0.0,0,0,1,0,0.675,0.2
235,3,-0.3757540285587311,-0.39219722151756287,-1.637257695198059,0.4816918396079446,0.51503491171957,0,0,0,0.12,0.01,0.0,0.01,0.1,0.9,-1.2,0.0,0,0,1,0,0.675,0.2
235,4,-0.6666330695152283,0.4276898205280304,-0.35717999935150146,-0.03446942359858331,0.2630908170407373,0,0,0,0.12,0.01,0.0,0.01,0.1,0.9,-1.2,0.0,0,0,1,0,0.675,0.2
235,5,-0.3058611750602722,0.29030874371528625,1.0054731369018555,0.5266672461016176,0.40767126393485076,0,0,0,0.12,0.01,0.0,0.01,0.1,0.9,-1.2,0.0,0,0,1,0,0.675,0.2
235,6,-0.7079099416732788,-0.09358590096235275,-1.9362531900405884,-1.0563245981375053,1.1313829242626505,0,0,0,0.12,0.01,0.0,0.01,0.1,0.9,-1.2,0.0,0,0,1,0,0.675,0.2
235,7,-0.8911171555519104,0.2027875930070877,-3.1414341926574707,0.5135842788413928,0.4786926877304151,0,0,0,0.12,0.01,0.0,0.01,0.1,0.9,-1.2,0.0,0,0,1,0,0.675,0.2
236,0,-0.25242581963539124,-0.1428743153810501,2.5194766521453857,0.5338753481791809,-0.35414026877148896,0,0,0,0.12,0.01,0.0,0.01,0.1,0.9,-1.2,0.0,0,0,1,0,0.675,0.2
236,1,-0.878764271736145,-0.424530029296875,3.117898464202881,0.43368527796487844,0.42307617757101024,0,0,0,0.12,0.01,0.0,0.01,0.1,0.9,-1.2,0.0,0,0,1,0,0.675,0.2
236,2,0.006748296320438385,-0.009941007010638714,0.20884133875370026,0.5166583979654795,0.48063882941718034,0,0,0,0.12,0.01,0.0,0.01,0.1,0.9,-1.2,0.0,0,0,1,0,0.675,0.2
236,3,-0.3758196532726288,-0.3931918740272522,-1.6361101865768433,0.48159513495117934,0.5150574085935901,0,0,0,0.12,0.01,0.0,0.01,0.1,0.9,-1.2,0.0,0,0,1,0,0.675,0.2
236,4,-0.6664103865623474,0.42760351300239563,-0.3773269057273865,-0.3768738461450258,0.5942454142287888,0,0,0,0.12,0.01,0.0,0.01,0.1,0.9,-1.2,0.0,0,0,1,0,0.675,0.2
236,5,-0.3053584694862366,0.2910974621772766,1.0012693405151367,0.5258467262894029,0.40770237983166047,0,0,0,0.12,0.01,0.0,0.01,0.1,0.9,-1.2,0.0,0,0,1,0,0.675,0.2
236,6,-0.7079359889030457,-0.09366235882043839,-1.8674006462097168,-1.1483790574130688,1.2199498189148579,0,0,0,0.12,0.01,0.0,0.01,0.1,0.9,-1.2,0.0,0,0,1,0,0.675,0.2
236,7,-0.8921095132827759,0.20278805494308472,3.1404969692230225,0.513293103907608,0.4789052441377412,0,0,0,0.12,0.01,0.0,0.01,0.1,0.9,-1.2,0.0,0,0,1,0,0.675,0.2
237,0,-0.2525618374347687,-0.1427714228630066,2.4839181900024414,0.4926114503185745,-0.3058408770601746,0,0,0,0.12,0.01,0.0,0.01,0.1,0.9,-1.2,0.0,0,0,1,0,0.675,0.2
237,1,-0.8796215653419495,-0.42450952529907227,3.1175014972686768,0.4331291622453576,0.4229899936384314,0,0,0,0.12,0.01,0.0,0.01,0.1,0.9,-1.2,0.0,0,0,1,0,0.675,0.2
237,2,0.007724142633378506,-0.00973474234342575,0.2077595442533493,0.5185290731157361,0.47866921055659667,0,0,0,0.12,0.01,0.0,0.01,0.1,0.9,-1.2,0.0,0,0,1,0,0.675,0.2
237,3,-0.37588411569595337,-0.39418652653694153,-1.6349345445632935,0.48168606281851073,0.5148894715252088,0,0,0,0.12,0.01,0.0,0.01,0.1,0.9,-1.2,0.0,0,0,1,0,0.675,0.2
237,4,-0.6661964654922485,0.42751795053482056,-0.37198352813720703,-0.6541212688385672,0.8610708455740638,0,0,0,0.12,0.01,0.0,0.01,0.1,0.9,-1.2,0.0,0,0,1,0,0.675,0.2
237,5,-0.30485284328460693,0.2918833792209625,0.9970780611038208,0.5245877461955707,0.4081845325901349,0,0,0,0.12,0.01,0.0,0.01,0.1,0.9,-1.2,0.0,0,0,1,0,0.675,0.2
237,6,-0.7079566717147827,-0.09373575448989868,-1.7919154167175293,-1.230946347660454,1.299923189527424,0,0,0,0.12,0.01,0.0,0.01,0.1,0.9,-1.2,0.0,0,0,1,0,0.675,0.2
237,7,-0.8931018114089966,0.202789768576622,3.1392595767974854,0.512820731239586,0.4792974485585402,0,0,0,0.12,0.01,0.0,0.01,0.1,0.9,-1.2,0.0,0,0,1,0,0.675,0.2
238,0,-0.2527008652687073,-0.14266033470630646,2.452024459838867,0.45675345676130796,-0.26312082426733513,0,0,0,0.12,0.01,0.0,0.01,0.1,0.9,-1.2,0.0,0,0,1,0,0.675,0.2
238,1,-0.8804782032966614,-0.42448869347572327,3.117116689682007,0.43251163329717773,0.42295365963342535,0,0,0,0.12,0.01,0.0,0.01,0.1,0.9,-1.2,0.0,0,0,1,0,0.675,0.2
238,2,0.008700129576027393,-0.00952961016446352,0.20651839673519135,0.5191176103271264,0.4779785109840613,0,0,0,0.12,0.01,0.0,0.01,0.1,0.9,-1.2,0.0,0,0,1,0,0.675,0.2
238,3,-0.37594741582870483,-0.39518117904663086,-1.633750557899475,0.48179246144130083,0.514702845050551,0,0,0,0.12,0.01,0.0,0.01,0.1,0.9,-1.2,0.0,0,0,1,0,0.675,0.2
238,4,-0.6659915447235107,0.42743903398513794,-0.3426129221916199,-0.8312062602986409,1.030661551331432,0,0,0,0.12,0.01,0.0,0.01,0.1,0.9,-1.2,0.0,0,0,1,0,0.675,0.2
238,5,-0.30434438586235046,0.292666494846344,0.992913007736206,0.5229052944039001,0.40909862090600585,0,0,0,0.12,0.01,0.0,0.01,0.1,0.9,-1.2,0.0,0,0,1,0,0.675,0.2
238,6,-0.7079726457595825,-0.09380658715963364,-1.710030436515808,-1.2989642062997182,1.3662590646957713,0,0,0,0.12,0.01,0.0,0.01,0.1,0.9,-1.2,0.0,0,0,1,0,0.675,0.2
238,7,-0.8940939903259277,0.202792689204216,3.1380393505096436,0.5122024068598359,0.4798331609006317,0,0,0,0.12,0.01,0.0,0.01,0.1,0.9,-1.2,0.0,0,0,1,0,0.675,0.2
239,0,-0.25284242630004883,-0.1425410360097885,2.423361301422119,0.42559083161617967,-0.22527085600163196,0,0,0,0.12,0.01,0.0,0.01,0.1,0.9,-1.2,0.0,0,0,1,0,0.675,0.2
239,1,-0.8813341856002808,-0.4244675934314728,3.1167476177215576,0.43189225441257834,0.42290868514735824,0,0,0,0.12,0.01,0.0,0.01,0.1,0.9,-1.2,0.0,0,0,1,0,0.675,0.2
239,2,0.009676286950707436,-0.009325770661234856,0.20513558387756348,0.5185976281972369,0.478393112101988,0,0,0,0.12,0.01,0.0,0.01,0.1,0.9,-1.2,0.0,0,0,1,0,0.675,0.2
239,3,-0.3760095238685608,-0.3961758315563202,-1.632573127746582,0.4817823192244535,0.5146291235321994,0,0,0,0.12,0.01,0.0,0.01,0.1,0.9,-1.2,0.0,0,0,1,0,0.675,0.2
239,4,-0.6657936573028564,0.4273715019226074,-0.2932344675064087,-0.8875675017728922,1.0832512493028756,0,0,0,0.12,0.01,0.0,0.01,0.1,0.9,-1.2,0.0,0,0,1,0,0.675,0.2
239,5,-0.30383312702178955,0.2934468686580658,0.9888027906417847,0.5209646705280903,0.41027618611940125,0,0,0,0.12,0.01,0.0,0.01,0.1,0.9,-1.2,0.0,0,0,1,0,0.675,0.2
239,6,-0.7079835534095764,-0.09387554228305817,-1.6223136186599731,-1.3480868881819466,1.414602244484208,0,0,0,0.12,0.01,0.0,0.01,0.1,0.9,-1.2,0.0,0,0,1,0,0.675,0.2
239,7,-0.8950861096382141,0.2027968317270279,3.1368467807769775,0.5115717045427591,0.48037791331994223,0,0,0,0.12,0.01,0.0,0.01,0.1,0.9,-1.2,0.0,0,0,1,0,0.675,0.2
240,0,-0.25298595428466797,-0.14241337776184082,2.397533655166626,0.39851053333733677,-0.19168767607663278,0,0,0,0.12,0.01,0.0,0.01,0.1,0.9,-1.2,0.0,0,0,1,0,0.675,0.2
240,1,-0.8821895122528076,-0.4244461953639984,3.1163980960845947,0.43128051716425353,0.422846651491142,0,0,0,0.12,0.01,0.0,0.01,0.1,0.9,-1.2,0.0,0,0,1,0,0.675,0.2
240,2,0.010652633383870125,-0.00912333745509386,0.20368961989879608,0.5177023392761096,0.47917974175568967,0,0,0,0.12,0.01,0.0,0.01,0.1,0.9,-1.2,0.0,0,0,1,0,0.675,0.2
240,3,-0.37607046961784363,-0.3971704840660095,-1.6314057111740112,0.4816132419091779,0.5147102839964313,0,0,0,0.12,0.01,0.0,0.01,0.1,0.9,-1.2,0.0,0,0,1,0,0.675,0.2
240,4,-0.6655995845794678,0.42731839418411255,-0.23029625415802002,-0.8224616767907377,1.0174225391888854,0,0,0,0.12,0.01,0.0,0.01,0.1,0.9,-1.2,0.0,0,0,1,0,0.675,0.2
240,5,-0.30331915616989136,0.2942245304584503,0.9847778081893921,0.5189933580506765,0.4114883142363109,0,0,0,0.12,0.01,0.0,0.01,0.1,0.9,-1.2,0.0,0,0,1,0,0.675,0.2
240,6,-0.707987904548645,-0.09394319355487823,-1.529686689376831,-1.3753038166483975,1.4419101072868443,0,0,0,0.12,0.01,0.0,0.01,0.1,0.9,-1.2,0.0,0,0,1,0,0.675,0.2
240,7,-0.8960781693458557,0.2028021216392517,3.135692834854126,0.5110706306594248,0.4807890437943106,0,0,0,0.12,0.01,0.0,0.01,0.1,0.9,-1.2,0.0,0,0,1,0,0.675,0.2
241,0,-0.2531309425830841,-0.14227725565433502,2.3741960525512695,0.3750259865803069,-0.1618980307859725,0,0,0,0.12,0.01,0.0,0.01,0.1,0.9,-1.2,0.0,0,0,1,0,0.675,0.2
241,1,-0.8830441832542419,-0.42442452907562256,3.1160686016082764,0.4306821534925731,0.42276665470063374,0,0,0,0.12,0.01,0.0,0.01,0.1,0.9,-1.2,0.0,0,0,1,0,0.675,0.2
241,2,0.01162917073816061,-0.008922344073653221,0.20226021111011505,0.5171553696171605,0.4796146546824612,0,0,0,0.12,0.01,0.0,0.01,0.1,0.9,-1.2,0.0,0,0,1,0,0.675,0.2
241,3,-0.37613025307655334,-0.39816510677337646,-1.630242109298706,0.4812975324457881,0.5149334870511297,0,0,0,0.12,0.01,0.0,0.01,0.1,0.9,-1.2,0.0,0,0,1,0,0.675,0.2
241,4,-0.6654065251350403,0.42728063464164734,-0.1618708074092865,-0.6530683371968221,0.8486831817574453,0,0,0,0.12,0.01,0.0,0.01,0.1,0.9,-1.2,0.0,0,0,1,0,0.675,0.2
241,5,-0.30280256271362305,0.29499951004981995,0.9808586835861206,0.13749070388941625,0.7755636431488528,0,0,0,0.12,0.01,0.0,0.01,0.1,0.9,-1.2,0.0,0,0,1,0,0.675,0.2
241,6,-0.7079837918281555,-0.09401210397481918,-1.4331343173980713,-1.3795114498050831,1.4469830806763793,0,0,0,0.12,0.01,0.0,0.01,0.1,0.9,-1.2,0.0,0,0,1,0,0.675,0.2
241,7,-0.8970701098442078,0.20280852913856506,3.13457989692688,0.5844955786497698,0.4041480079858198,0,0,0,0.12,0.01,0.0,0.01,0.1,0.9,-1.2,0.0,0,0,1,0,0.675,0.2
242,0,-0.25327709317207336,-0.14213286340236664,2.3530468940734863,0.35492939524479533,-0.13569886259861616,0,0,0,0.12,0.01,0.0,0.01,0.1,0.9,-1.2,0.0,0,0,1,0,0.675,0.2
242,1,-0.883898138999939,-0.4244025945663452,3.1157588958740234,0.42993650454358984,0.42284228783769684,0,0,0,0.12,0.01,0.0,0.01,0.1,0.9,-1.2,0.0,0,0,1,0,0.675,0.2
242,2,0.012605885043740273,-0.008722756989300251,0.20088467001914978,0.5172823506848138,0.47937215981323306,0,0,0,0.12,0.01,0.0,0.01,0.1,0.9,-1.2,0.0,0,0,1,0,0.675,0.2
242,3,-0.37618887424468994,-0.3991597294807434,-1.6290720701217651,0.4808198424447392,0.5153133658301022,0,0,0,0.12,0.01,0.0,0.01,0.1,0.9,-1.2,0.0,0,0,1,0,0.675,0.2
242,4,-0.6652126908302307,0.4272570013999939,-0.09637270122766495,-0.40822819173649705,0.6040877282650844,0,0,0,0.12,0.01,0.0,0.01,0.1,0.9,-1.2,0.0,0,0,1,0,0.675,0.2
242,5,-0.3022834062576294,0.29577189683914185,0.9770506620407104,0.14507978621197,0.7673542552881215,0,0,0,0.12,0.01,0.0,0.01,0.1,0.9,-1.2,0.0,0,0,1,0,0.675,0.2
242,6,-0.7079700231552124,-0.09408988803625107,-1.3341413736343384,-1.3649566001527769,1.4338324717514974,0,0,0,0.12,0.01,0.0,0.01,0.1,0.9,-1.2,0.0,0,0,1,0,0.675,0.2
242,7,-0.898061990737915,0.20281602442264557,3.1335010528564453,0.5833841795203756,0.4052011137726237,0,0,0,0.12,0.01,0.0,0.01,0.1,0.9,-1.2,0.0,0,0,1,0,0.675,0.2
243,0,-0.25342440605163574,-0.1419806331396103,2.33381986618042,0.3373393656173675,-0.11226556612643887,0,0,0,0.12,0.01,0.0,0.01,0.1,0.9,-1.2,0.0,0,0,1,0,0.675,0.2
243,1,-0.8847514390945435,-0.42438042163848877,3.1154673099517822,0.4293673141117074,0.42272703813362333,0,0,0,0.12,0.01,0.0,0.01,0.1,0.9,-1.2,0.0,0,0,1,0,0.675,0.2
243,2,0.013582761399447918,-0.008524524979293346,0.19954925775527954,0.5178129021996003,0.47872263742747495,0,0,0,0.12,0.01,0.0,0.01,0.1,0.9,-1.2,0.0,0,0,1,0,0.675,0.2
243,3,-0.37624630331993103,-0.4001542925834656,-1.627885103225708,0.48050345232384756,0.5155255670319263,0,0,0,0.12,0.01,0.0,0.01,0.1,0.9,-1.2,0.0,0,0,1,0,0.675,0.2
243,4,-0.6650174856185913,0.42724478244781494,-0.04129762202501297,-0.1244897544548629,0.31904466451860647,0,0,0,0.12,0.01,0.0,0.01,0.1,0.9,-1.2,0.0,0,0,1,0,0.675,0.2
243,5,-0.30177417397499084,0.2965339720249176,0.9942134022712708,0.2518442126620335,0.6602722552906948,0,0,0,0.12,0.01,0.0,0.01,0.1,0.9,-1.2,0.0,0,0,1,0,0.675,0.2
243,6,-0.7079479694366455,-0.09416323155164719,-1.2346656322479248,-1.3287674340112499,1.3998109253747753,0,0,0,0.12,0.01,0.0,0.01,0.1,0.9,-1.2,0.0,0,0,1,0,0.675,0.2
243,7,-0.8990511894226074,0.2028258591890335,3.128215789794922,0.551038811683966,0.4374857444760072,0,0,0,0.12,0.01,0.0,0.01,0.1,0.9,-1.2,0.0,0,0,1,0,0.675,0.2
244,0,-0.2535730004310608,-0.14182110130786896,2.3162662982940674,0.32319660040030884,-0.09241561146865296,0,0,0,0.12,0.01,0.0,0.01,0.1,0.9,-1.2,0.0,0,0,1,0,0.675,0.2
244,1,-0.8856040835380554,-0.4243580102920532,3.1152026653289795,0.42896207745110404,0.4224336487528144,0,0,0,0.12,0.01,0.0,0.01,0.1,0.9,-1.2,0.0,0,0,1,0,0.675,0.2
244,2,0.0145597904920578,-0.008327623829245567,0.1982104629278183,0.517971197844605,0.47844101977243,0,0,0,0.12,0.01,0.0,0.01,0.1,0.9,-1.2,0.0,0,0,1,0,0.675,0.2
244,3,-0.3763025403022766,-0.40114885568618774,-1.626670241355896,0.48046988696963355,0.5154471948632522,0,0,0,0.12,0.01,0.0,0.01,0.1,0.9,-1.2,0.0,0,0,1,0,0.675,0.2
244,4,-0.6648217439651489,0.4272410273551941,-0.0023570784833282232,0.16717184712151054,0.02433625231524942,0,0,0,0.12,0.01,0.0,0.01,0.1,0.9,-1.2,0.0,0,0,1,0,0.675,0.2
244,5,-0.3012843728065491,0.29730403423309326,1.0161739587783813,0.3832857521909408,0.5284059134584733,0,0,0,0.12,0.01,0.0,0.01,0.1,0.9,-1.2,0.0,0,0,1,0,0.675,0.2
244,6,-0.707919180393219,-0.09423285722732544,-1.136001467704773,-1.2745905137373799,1.3484112462713114,0,0,0,0.12,0.01,0.0,0.01,0.1,0.9,-1.2,0.0,0,0,1,0,0.675,0.2
244,7,-0.9000396728515625,0.20284198224544525,3.1219377517700195,0.5111811827050127,0.47727721229925985,0,0,0,0.12,0.01,0.0,0.01,0.1,0.9,-1.2,0.0,0,0,1,0,0.675,0.2
245,0,-0.25372305512428284,-0.14165490865707397,2.3001887798309326,0.3121538310686657,-0.0757806002537319,0,0,0,0.12,0.01,0.0,0.01,0.1,0.9,-1.2,0.0,0,0,1,0,0.675,0.2
245,1,-0.8864560127258301,-0.42433542013168335,3.1149563789367676,0.4286713226843068,0.4220139757585338,0,0,0,0.12,0.01,0.0,0.01,0.1,0.9,-1.2,0.0,0,0,1,0,0.675,0.2
245,2,0.015536968596279621,-0.008132069371640682,0.19683526456356049,0.517494099671623,0.4787902659823687,0,0,0,0.12,0.01,0.0,0.01,0.1,0.9,-1.2,0.0,0,0,1,0,0.675,0.2
245,3,-0.3763575553894043,-0.4021433889865875,-1.6254346370697021,0.4806638687926179,0.5151320367974396,0,0,0,0.12,0.01,0.0,0.01,0.1,0.9,-1.2,0.0,0,0,1,0,0.675,0.2
245,4,-0.6646270155906677,0.42724278569221497,0.01726221852004528,0.44168933531384,-0.25426896711925995,0,0,0,0.12,0.01,0.0,0.01,0.1,0.9,-1.2,0.0,0,0,1,0,0.675,0.2
245,5,-0.3008107841014862,0.29808366298675537,1.0320197343826294,0.48646783822354367,0.4246184826535316,0,0,0,0.12,0.01,0.0,0.01,0.1,0.9,-1.2,0.0,0,0,1,0,0.675,0.2
245,6,-0.7078849077224731,-0.09430034458637238,-1.0395725965499878,-1.2075621457205843,1.2846255124913286,0,0,0,0.12,0.01,0.0,0.01,0.1,0.9,-1.2,0.0,0,0,1,0,0.675,0.2
245,7,-0.9010279774665833,0.20286385715007782,3.1174893379211426,0.48468981280077855,0.5036968182111844,0,0,0,0.12,0.01,0.0,0.01,0.1,0.9,-1.2,0.0,0,0,1,0,0.675,0.2
246,0,-0.25387462973594666,-0.1414823979139328,2.285353422164917,0.3033183011566609,-0.06148866744389238,0,0,0,0.12,0.01,0.0,0.01,0.1,0.9,-1.2,0.0,0,0,1,0,0.675,0.2
246,1,-0.8873072266578674,-0.42431262135505676,3.1147165298461914,0.4283892018638419,0.42157499958650607,0,0,0,0.12,0.01,0.0,0.01,0.1,0.9,-1.2,0.0,0,0,1,0,0.675,0.2
246,2,0.01651429571211338,-0.00793788768351078,0.1954391747713089,0.5166827261245172,0.4794692576134284,0,0,0,0.12,0.01,0.0,0.01,0.1,0.9,-1.2,0.0,0,0,1,0,0.675,0.2
246,3,-0.3764113187789917,-0.40313786268234253,-1.6241965293884277,0.48093629291005924,0.5147272903685968,0,0,0,0.12,0.01,0.0,0.01,0.1,0.9,-1.2,0.0,0,0,1,0,0.675,0.2
246,4,-0.6644349694252014,0.42724674940109253,0.016407284885644913,0.6751488784337074,-0.49180432055235224,0,0,0,0.12,0.01,0.0,0.01,0.1,0.9,-1.2,0.0,0,0,1,0,0.675,0.2
246,5,-0.30034685134887695,0.2988685667514801,1.038972020149231,0.5472033380369965,0.36321839105083314,0,0,0,0.12,0.01,0.0,0.01,0.1,0.9,-1.2,0.0,0,0,1,0,0.675,0.2
246,6,-0.7078455090522766,-0.0943666398525238,-0.9466550350189209,-1.13223326817547,1.2128914432266822,0,0,0,0.12,0.01,0.0,0.01,0.1,0.9,-1.2,0.0,0,0,1,0,0.675,0.2
246,7,-0.9020161032676697,0.20288899540901184,3.1157307624816895,0.47788098117421024,0.5104299519388878,0,0,0,0.12,0.01,0.0,0.01,0.1,0.9,-1.2,0.0,0,0,1,0,0.675,0.2
247,0,-0.25402772426605225,-0.14130377769470215,2.271533966064453,0.2958353992957807,-0.04871488478371858,0,0,0,0.12,0.01,0.0,0.01,0.1,0.9,-1.2,0.0,0,0,1,0,0.675,0.2
247,1,-0.8881577253341675,-0.42428964376449585,3.114473819732666,0.42812242429402203,0.4211101897463527,0,0,0,0.12,0.01,0.0,0.01,0.1,0.9,-1.2,0.0,0,0,1,0,0.675,0.2
247,2,0.017491765320301056,-0.007745081093162298,0.19406388700008392,0.5160734049504864,0.47994184573234444,0,0,0,0.12,0.01,0.0,0.01,0.1,0.9,-1.2,0.0,0,0,1,0,0.675,0.2
247,3,-0.3764638602733612,-0.40413230657577515,-1.622973084449768,0.48114445342968415,0.5143732176785616,0,0,0,0.12,0.01,0.0,0.01,0.1,0.9,-1.2,0.0,0,0,1,0,0.675,0.2
247,4,-0.6642467975616455,0.4272492825984955,-0.004550369456410408,0.8445023114769366,-0.6642536337463761,0,0,0,0.12,0.01,0.0,0.01,0.1,0.9,-1.2,0.0,0,0,1,0,0.675,0.2
247,5,-0.29988551139831543,0.2996543347835541,1.038248062133789,0.5710761256040763,0.3387109928308297,0,0,0,0.12,0.01,0.0,0.01,0.1,0.9,-1.2,0.0,0,0,1,0,0.675,0.2
247,6,-0.7078000903129578,-0.09443174302577972,-0.8581924438476562,-1.0519873567951274,1.1365021535289836,0,0,0,0.12,0.01,0.0,0.01,0.1,0.9,-1.2,0.0,0,0,1,0,0.675,0.2
247,7,-0.9030041694641113,0.2029147446155548,3.116029977798462,0.4860142042656924,0.5022181699255918,0,0,0,0.12,0.01,0.0,0.01,0.1,0.9,-1.2,0.0,0,0,1,0,0.675,0.2
248,0,-0.2541821300983429,-0.1411190778017044,2.2585577964782715,0.28912566489703256,-0.036907090611525396,0,0,0,0.12,0.01,0.0,0.01,0.1,0.9,-1.2,0.0,0,0,1,0,0.675,0.2
248,1,-0.8890075087547302,-0.4242664873600006,3.1142256259918213,0.4279129881540445,0.4205760579427572,0,0,0,0.12,0.01,0.0,0.01,0.1,0.9,-1.2,0.0,0,0,1,0,0.675,0.2
248,2,0.01846936345100403,-0.007553616538643837,0.1927366554737091,0.5160211498608571,0.47985307623243506,0,0,0,0.12,0.01,0.0,0.01,0.1,0.9,-1.2,0.0,0,0,1,0,0.675,0.2
248,3,-0.3765151798725128,-0.4051266610622406,-1.621772289276123,0.48125227676959664,0.5141026736584124,0,0,0,0.12,0.01,0.0,0.01,0.1,0.9,-1.2,0.0,0,0,1,0,0.675,0.2
248,4,-0.6640626192092896,0.4272463917732239,-0.04192407429218292,0.9347344097290418,-0.7561997380648037,0,0,0,0.12,0.01,0.0,0.01,0.1,0.9,-1.2,0.0,0,0,1,0,0.675,0.2
248,5,-0.29942166805267334,0.3004378378391266,1.0326361656188965,0.5712851245854773,0.3379192392374597,0,0,0,0.12,0.01,0.0,0.01,0.1,0.9,-1.2,0.0,0,0,1,0,0.675,0.2
248,6,-0.7077473402023315,-0.0944947600364685,-0.7748055458068848,-0.9690006622689534,1.0575608932989407,0,0,0,0.12,0.01,0.0,0.01,0.1,0.9,-1.2,0.0,0,0,1,0,0.675,0.2
248,7,-0.9039921760559082,0.20293961465358734,3.117086172103882,0.4994467304571019,0.48870493904515633,0,0,0,0.12,0.01,0.0,0.01,0.1,0.9,-1.2,0.0,0,0,1,0,0.675,0.2
249,0,-0.25433748960494995,-0.1409282684326172,2.246312141418457,0.282825997141371,-0.025719961193571332,0,0,0,0.12,0.01,0.0,0.01,0.1,0.9,-1.2,0.0,0,0,1,0,0.675,0.2
249,1,-0.8898565769195557,-0.42424315214157104,3.113970994949341,0.4278059093340555,0.41992538291371667,0,0,0,0.12,0.01,0.0,0.01,0.1,0.9,-1.2,0.0,0,0,1,0,0.675,0.2
249,2,0.019447078928351402,-0.007363451644778252,0.19144968688488007,0.5165025052206311,0.4792264643533435,0,0,0,0.12,0.01,0.0,0.01,0.1,0.9,-1.2,0.0,0,0,1,0,0.675,0.2
249,3,-0.3765653371810913,-0.4061209559440613,-1.6205921173095703,0.48131576954597544,0.5138556581807702,0,0,0,0.12,0.01,0.0,0.01,0.1,0.9,-1.2,0.0,0,0,1,0,0.675,0.2
249,4,-0.6638820767402649,0.4272345006465912,-0.09248875826597214,0.9343240733257557,-0.756339954864147,0,0,0,0.12,0.01,0.0,0.01,0.1,0.9,-1.2,0.0,0,0,1,0,0.675,0.2
249,5,-0.29895254969596863,0.30121752619743347,1.0248082876205444,0.560456373302616,0.3482082108572351,0,0,0,0.12,0.01,0.0,0.01,0.1,0.9,-1.2,0.0,0,0,1,0,0.675,0.2
249,6,-0.7076864242553711,-0.09455446153879166,-0.6968685388565063,-0.8848615958465744,0.9775895550026108,0,0,0,0.12,0.01,0.0,0.01,0.1,0.9,-1.2,0.0,0,0,1,0,0.675,0.2
249,7,-0.9049801230430603,0.2029634416103363,3.117779016494751,0.5099126521582689,0.47815700135277855,0,0,0,0.12,0.01,0.0,0.01,0.1,0.9,-1.2,0.0,0,0,1,0,0.675,0.2
250,0,-0.2544935345649719,-0.14073142409324646,2.2347283363342285,0.27686485233425967,-0.015089507724045433,0,0,0,0.12,0.01,0.0,0.01,0.1,0.9,-1.2,0.0,0,0,1,0,0.675,0.2
250,1,-0.8907049298286438,-0.42421960830688477,3.11370587348938,0.4277857609332982,0.4191721014438686,0,0,0,0.12,0.01,0.0,0.01,0.1,0.9,-1.2,0.0,0,0,1,0,0.675,0.2
250,2,0.020424898713827133,-0.007174566853791475,0.19016869366168976,0.5172255969223473,0.4783538245978859,0,0,0,0.12,0.01,0.0,0.01,0.1,0.9,-1.2,0.0,0,0,1,0,0.675,0.2
250,3,-0.3766143023967743,-0.4071151316165924,-1.6194264888763428,0.48143444414078346,0.5135272348409975,0,0,0,0.12,0.01,0.0,0.01,0.1,0.9,-1.2,0.0,0,0,1,0,0.675,0.2
250,4,-0.6637067794799805,0.42721161246299744,-0.15065230429172516,0.8485950323827922,-0.670876020479983,0,0,0,0.12,0.01,0.0,0.01,0.1,0.9,-1.2,0.0,0,0,1,0,0.675,0.2
250,5,-0.2984773516654968,0.301992803812027,1.0166131258010864,0.5472738078720727,0.3608824082724892,0,0,0,0.12,0.01,0.0,0.01,0.1,0.9,-1.2,0.0,0,0,1,0,0.675,0.2
250,6,-0.7076169848442078,-0.09460994601249695,-0.6245929598808289,-0.8012492211962282,0.8981938960457384,0,0,0,0.12,0.01,0.0,0.01,0.1,0.9,-1.2,0.0,0,0,1,0,0.675,0.2
250,7,-0.9059680104255676,0.202986940741539,3.1175875663757324,0.5135313831733235,0.47445577750935464,0,0,0,0.12,0.01,0.0,0.01,0.1,0.9,-1.2,0.0,0,0,1,0,0.675,0.2
251,0,-0.2546500861644745,-0.14052872359752655,2.2237658500671387,0.27120035157366135,-0.004973314859107515,0,0,0,0.12,0.01,0.0,0.01,0.1,0.9,-1.2,0.0,0,0,1,0,0.675,0.2
251,1,-0.8915524482727051,-0.4241958558559418,3.1134228706359863,0.427811559411214,0.41835648181803403,0,0,0,0.12,0.01,0.0,0.01,0.1,0.9,-1.2,0.0,0,0,1,0,0.675,0.2
251,2,0.021402820944786072,-0.006986979860812426,0.18885678052902222,0.5178555312131982,0.47756993150958016,0,0,0,0.12,0.01,0.0,0.01,0.1,0.9,-1.2,0.0,0,0,1,0,0.675,0.2
251,3,-0.37666210532188416,-0.408109188079834,-1.6182721853256226,0.4816784520157999,0.5130403380385213,0,0,0,0.12,0.01,0.0,0.01,0.1,0.9,-1.2,0.0,0,0,1,0,0.675,0.2
251,4,-0.6635363101959229,0.4271778166294098,-0.21015575528144836,0.6957951936363094,-0.5191369953988901,0,0,0,0.12,0.01,0.0,0.01,0.1,0.9,-1.2,0.0,0,0,1,0,0.675,0.2
251,5,-0.2979961931705475,0.30276376008987427,1.0090038776397705,0.5362601393309319,0.37141262353985666,0,0,0,0.12,0.01,0.0,0.01,0.1,0.9,-1.2,0.0,0,0,1,0,0.675,0.2
251,6,-0.7075396776199341,-0.09466110914945602,-0.5580724477767944,-0.7200847087182711,0.8212247980513285,0,0,0,0.12,0.01,0.0,0.01,0.1,0.9,-1.2,0.0,0,0,1,0,0.675,0.2
251,7,-0.9069558382034302,0.20301099121570587,3.1166117191314697,0.5110706933474622,0.47683355727433346,0,0,0,0.12,0.01,0.0,0.01,0.1,0.9,-1.2,0.0,0,0,1,0,0.675,0.2
252,0,-0.25480711460113525,-0.14032043516635895,2.2133920192718506,0.2659229644395652,0.004545300378626274,0,0,0,0.12,0.01,0.0,0.01,0.1,0.9,-1.2,0.0,0,0,1,0,0.675,0.2
252,1,-0.892399251461029,-0.42417189478874207,3.1131157875061035,0.4278255700118423,0.41753661642004236,0,0,0,0.12,0.01,0.0,0.01,0.1,0.9,-1.2,0.0,0,0,1,0,0.675,0.2
252,2,0.022380849346518517,-0.006800736300647259,0.1874929964542389,0.5181948062914501,0.47707222728551524,0,0,0,0.12,0.01,0.0,0.01,0.1,0.9,-1.2,0.0,0,0,1,0,0.675,0.2
252,3,-0.3767087459564209,-0.40910306572914124,-1.6171326637268066,0.4820693540511336,0.5123644065918719,0,0,0,0.12,0.01,0.0,0.01,0.1,0.9,-1.2,0.0,0,0,1,0,0.675,0.2
252,4,-0.6633675694465637,0.4271346628665924,-0.26481229066848755,0.5006975743140513,-0.3266785654391581,0,0,0,0.12,0.01,0.0,0.01,0.1,0.9,-1.2,0.0,0,0,1,0,0.675,0.2
252,5,-0.2975097596645355,0.303530752658844,1.0022685527801514,0.5288971014829512,0.37831444064656533,0,0,0,0.12,0.01,0.0,0.01,0.1,0.9,-1.2,0.0,0,0,1,0,0.675,0.2
252,6,-0.7074553966522217,-0.09470856189727783,-0.4972846806049347,-0.6433637149548785,0.7486132986760395,0,0,0,0.12,0.01,0.0,0.01,0.1,0.9,-1.2,0.0,0,0,1,0,0.675,0.2
252,7,-0.9079434871673584,0.20303624868392944,3.1152820587158203,0.5057869357392895,0.48203333193801756,0,0,0,0.12,0.01,0.0,0.01,0.1,0.9,-1.2,0.0,0,0,1,0,0.675,0.2
253,0,-0.2549647092819214,-0.1401069462299347,2.2035770416259766,0.26111540692887586,0.013391787828585713,0,0,0,0.12,0.01,0.0,0.01,0.1,0.9,-1.2,0.0,0,0,1,0,0.675,0.2
253,1,-0.8932452201843262,-0.4241476356983185,3.1127798557281494,0.42768553555083494,0.41685613334107186,0,0,0,0.12,0.01,0.0,0.01,0.1,0.9,-1.2,0.0,0,0,1,0,0.675,0.2
253,2,0.023358985781669617,-0.006615886930376291,0.18607808649539948,0.5182326898656107,0.4768712057986044,0,0,0,0.12,0.01,0.0,0.01,0.1,0.9,-1.2,0.0,0,0,1,0,0.675,0.2
253,3,-0.3767542839050293,-0.41009679436683655,-1.6160168647766113,0.4825751979853857,0.5115191142056239,0,0,0,0.12,0.01,0.0,0.01,0.1,0.9,-1.2,0.0,0,0,1,0,0.675,0.2
253,4,-0.6632006764411926,0.42708420753479004,-0.30967143177986145,0.2860122097482416,-0.11638113090893953,0,0,0,0.12,0.01,0.0,0.01,0.1,0.9,-1.2,0.0,0,0,1,0,0.675,0.2
253,5,-0.2970186769962311,0.304294228553772,0.9963196516036987,0.524778036241547,0.3819920142841183,0,0,0,0.12,0.01,0.0,0.01,0.1,0.9,-1.2,0.0,0,0,1,0,0.675,0.2
253,6,-0.7073651552200317,-0.09475316107273102,-0.4420807659626007,-0.5726516667632279,0.6818836454180893,0,0,0,0.12,0.01,0.0,0.01,0.1,0.9,-1.2,0.0,0,0,1,0,0.675,0.2
253,7,-0.9089310765266418,0.20306284725666046,3.114036798477173,0.5009166018108988,0.4868179543872214,0,0,0,0.12,0.01,0.0,0.01,0.1,0.9,-1.2,0.0,0,0,1,0,0.675,0.2
254,0,-0.2551228702068329,-0.13988861441612244,2.1942877769470215,0.25684768914743017,0.021501531605285906,0,0,0,0.12,0.01,0.0,0.01,0.1,0.9,-1.2,0.0,0,0,1,0,0.675,0.2
254,1,-0.8940903544425964,-0.4241231083869934,3.112414598464966,0.4273982882379466,0.41630873681317043,0,0,0,0.12,0.01,0.0,0.01,0.1,0.9,-1.2,0.0,0,0,1,0,0.675,0.2
254,2,0.02433723211288452,-0.006432469002902508,0.18462897837162018,0.5181006999131073,0.47683517025748606,0,0,0,0.12,0.01,0.0,0.01,0.1,0.9,-1.2,0.0,0,0,1,0,0.675,0.2
254,3,-0.37679868936538696,-0.41109028458595276,-1.6149362325668335,0.4831556681471851,0.5105285640877698,0,0,0,0.12,0.01,0.0,0.01,0.1,0.9,-1.2,0.0,0,0,1,0,0.675,0.2
254,4,-0.6630365252494812,0.42702868580818176,-0.34147676825523376,0.07081184526561705,0.09303697208286317,0,0,0,0.12,0.01,0.0,0.01,0.1,0.9,-1.2,0.0,0,0,1,0,0.675,0.2
254,5,-0.2965235114097595,0.3050544857978821,0.9909224510192871,0.522780784082354,0.3835655370236031,0,0,0,0.12,0.01,0.0,0.01,0.1,0.9,-1.2,0.0,0,0,1,0,0.675,0.2
254,6,-0.7072693705558777,-0.09479551017284393,-0.3921810984611511,-0.5087433603354937,0.6218050268241413,0,0,0,0.12,0.01,0.0,0.01,0.1,0.9,-1.2,0.0,0,0,1,0,0.675,0.2
254,7,-0.909918487071991,0.2030905783176422,3.113119602203369,0.498228037064099,0.48941842346904313,0,0,0,0.12,0.01,0.0,0.01,0.1,0.9,-1.2,0.0,0,0,1,0,0.675,0.2
255,0,-0.2552816867828369,-0.13966569304466248,2.185486078262329,0.25314130815558644,0.02885711756653573,0,0,0,0.12,0.01,0.0,0.01,0.1,0.9,-1.2,0.0,0,0,1,0,0.675,0.2
255,1,-0.8949347138404846,-0.42409831285476685,3.1120283603668213,0.4269896118947878,0.4158682853868589,0,0,0,0.12,0.01,0.0,0.01,0.1,0.9,-1.2,0.0,0,0,1,0,0.675,0.2
255,2,0.025315582752227783,-0.006250499282032251,0.18316739797592163,0.51797545402022,0.4767874434712349,0,0,0,0.12,0.01,0.0,0.01,0.1,0.9,-1.2,0.0,0,0,1,0,0.675,0.2
255,3,-0.37684202194213867,-0.4120835065841675,-1.6139010190963745,0.48379421449079507,0.5093870141469002,0,0,0,0.12,0.01,0.0,0.01,0.1,0.9,-1.2,0.0,0,0,1,0,0.675,0.2
255,4,-0.6628760099411011,0.42697036266326904,-0.3586067855358124,-0.1287424669292463,0.28607725656299715,0,0,0,0.12,0.01,0.0,0.01,0.1,0.9,-1.2,0.0,0,0,1,0,0.675,0.2
255,5,-0.2960246205329895,0.3058117926120758,0.9858442544937134,0.5217763637841878,0.38416172510970253,0,0,0,0.12,0.01,0.0,0.01,0.1,0.9,-1.2,0.0,0,0,1,0,0.675,0.2
255,6,-0.707168459892273,-0.09483565390110016,-0.3471919298171997,-0.4516945542589493,0.5684276284471816,0,0,0,0.12,0.01,0.0,0.01,0.1,0.9,-1.2,0.0,0,0,1,0,0.675,0.2
255,7,-0.9109058380126953,0.20311903953552246,3.1125471591949463,0.49784293712204997,0.4897127455370992,0,0,0,0.12,0.01,0.0,0.01,0.1,0.9,-1.2,0.0,0,0,1,0,0.675,0.2
256,0,-0.25544100999832153,-0.13943837583065033,2.1771280765533447,0.24995149174402076,0.03550403317739649,0,0,0,0.12,0.01,0.0,0.01,0.1,0.9,-1.2,0.0,0,0,1,0,0.675,0.2
256,1,-0.8957781791687012,-0.424073189496994,3.111631155014038,0.42645448059250396,0.4155392089445444,0,0,0,0.12,0.01,0.0,0.01,0.1,0.9,-1.2,0.0,0,0,1,0,0.675,0.2
256,2,0.026294033974409103,-0.006069979630410671,0.18170765042304993,0.51796675047359,0.47661804833927623,0,0,0,0.12,0.01,0.0,0.01,0.1,0.9,-1.2,0.0,0,0,1,0,0.675,0.2
256,3,-0.3768843412399292,-0.41307637095451355,-1.6129193305969238,0.48450625072318715,0.5080477582375367,0,0,0,0.12,0.01,0.0,0.01,0.1,0.9,-1.2,0.0,0,0,1,0,0.675,0.2
256,4,-0.6627216339111328,0.42691195011138916,-0.36079567670822144,-0.2949876914843138,0.4458906035049971,0,0,0,0.12,0.01,0.0,0.01,0.1,0.9,-1.2,0.0,0,0,1,0,0.675,0.2
256,5,-0.29552218317985535,0.3065662384033203,0.9809207320213318,0.5209042316009783,0.38463826126553785,0,0,0,0.12,0.01,0.0,0.01,0.1,0.9,-1.2,0.0,0,0,1,0,0.675,0.2
256,6,-0.7070625424385071,-0.09487312287092209,-0.3066479563713074,-0.4010566047294706,0.5213077387674421,0,0,0,0.12,0.01,0.0,0.01,0.1,0.9,-1.2,0.0,0,0,1,0,0.675,0.2
256,7,-0.9118930697441101,0.20314793288707733,3.1121909618377686,0.498784810382147,0.4886769949614809,0,0,0,0.12,0.01,0.0,0.01,0.1,0.9,-1.2,0.0,0,0,1,0,0.675,0.2
257,0,-0.25560063123703003,-0.13920679688453674,2.1691670417785645,0.24721257670492716,0.04150776283173973,0,0,0,0.12,0.01,0.0,0.01,0.1,0.9,-1.2,0.0,0,0,1,0,0.675,0.2
257,1,-0.8966208696365356,-0.4240477681159973,3.1112310886383057,0.4258744519950121,0.4152384001015455,0,0,0,0.12,0.01,0.0,0.01,0.1,0.9,-1.2,0.0,0,0,1,0,0.675,0.2
257,2,0.027272576466202736,-0.005890910513699055,0.1802508682012558,0.5180757692931736,0.4763256260277187,0,0,0,0.12,0.01,0.0,0.01,0.1,0.9,-1.2,0.0,0,0,1,0,0.675,0.2
257,3,-0.3769257068634033,-0.4140687882900238,-1.6119987964630127,0.4853282086184578,0.5064302571484489,0,0,0,0.12,0.01,0.0,0.01,0.1,0.9,-1.2,0.0,0,0,1,0,0.675,0.2
257,4,-0.6625730991363525,0.42685627937316895,-0.3489792048931122,-0.4092978138550438,0.55454558619105,0,0,0,0.12,0.01,0.0,0.01,0.1,0.9,-1.2,0.0,0,0,1,0,0.675,0.2
257,5,-0.2950163185596466,0.3073178827762604,0.9760671257972717,0.5197619669682291,0.38539506266052453,0,0,0,0.12,0.01,0.0,0.01,0.1,0.9,-1.2,0.0,0,0,1,0,0.675,0.2
257,6,-0.7069516181945801,-0.09490731358528137,-0.2700692117214203,-0.35614880175689584,0.4797681346664799,0,0,0,0.12,0.01,0.0,0.01,0.1,0.9,-1.2,0.0,0,0,1,0,0.675,0.2
257,7,-0.9128802418708801,0.20317712426185608,3.111891031265259,0.4999166184823011,0.4874476736624742,0,0,0,0.12,0.01,0.0,0.01,0.1,0.9,-1.2,0.0,0,0,1,0,0.675,0.2
258,0,-0.2557603418827057,-0.13897103071212769,2.1615593433380127,0.24482364010542612,0.04697098779946581,0,0,0,0.12,0.01,0.0,0.01,0.1,0.9,-1.2,0.0,0,0,1,0,0.675,0.2
258,1,-0.8974626064300537,-0.42402204871177673,3.1108365058898926,0.4252818698891372,0.4149326806060106,0,0,0,0.12,0.01,0.0,0.01,0.1,0.9,-1.2,0.0,0,0,1,0,0.675,0.2
258,2,0.028251202777028084,-0.005713297985494137,0.17878933250904083,0.5182278755281587,0.47598481148737465,0,0,0,0.12,0.01,0.0,0.01,0.1,0.9,-1.2,0.0,0,0,1,0,0.675,0.2
258,3,-0.3769661784172058,-0.4150606393814087,-1.6111482381820679,0.48629131948624327,0.5044390257629328,0,0,0,0.12,0.01,0.0,0.01,0.1,0.9,-1.2,0.0,0,0,1,0,0.675,0.2
258,4,-0.6624295115470886,0.4268057644367218,-0.3252580761909485,-0.45699450199887715,0.5977534634380098,0,0,0,0.12,0.01,0.0,0.01,0.1,0.9,-1.2,0.0,0,0,1,0,0.675,0.2
258,5,-0.29450711607933044,0.30806678533554077,0.9712626338005066,0.5182665966511131,0.38651242032047506,0,0,0,0.12,0.01,0.0,0.01,0.1,0.9,-1.2,0.0,0,0,1,0,0.675,0.2
258,6,-0.7068360447883606,-0.09493778645992279,-0.23700812458992004,-0.31637135507193254,0.44321421147909806,0,0,0,0.12,0.01,0.0,0.01,0.1,0.9,-1.2,0.0,0,0,1,0,0.675,0.2
258,7,-0.9138672351837158,0.2032066285610199,3.1115400791168213,0.5005057692740216,0.4867568969514117,0,0,0,0.12,0.01,0.0,0.01,0.1,0.9,-1.2,0.0,0,0,1,0,0.675,0.2
259,0,-0.2559199333190918,-0.1387312263250351,2.154266595840454,0.2427266522379877,0.051952572253131685,0,0,0,0.12,0.01,0.0,0.01,0.1,0.9,-1.2,0.0,0,0,1,0,0.675,0.2
259,1,-0.8983035087585449,-0.4239960312843323,3.1104512214660645,0.42469227875833265,0.4146061483466173,0,0,0,0.12,0.01,0.0,0.01,0.1,0.9,-1.2,0.0,0,0,1,0,0.675,0.2
259,2,0.029229912906885147,-0.005537159740924835,0.1773151159286499,0.5183506926160002,0.475667802466855,0,0,0,0.12,0.01,0.0,0.01,0.1,0.9,-1.2,0.0,0,0,1,0,0.675,0.2
259,3,-0.37700578570365906,-0.4160517454147339,-1.6103806495666504,0.4874072604082794,0.5019670791722565,0,0,0,0.12,0.01,0.0,0.01,0.1,0.9,-1.2,0.0,0,0,1,0,0.675,0.2
259,4,-0.6622899174690247,0.4267616868019104,-0.2929896116256714,-0.43447347815331727,0.571868204429715,0,0,0,0.12,0.01,0.0,0.01,0.1,0.9,-1.2,0.0,0,0,1,0,0.675,0.2
259,5,-0.29399457573890686,0.3088129460811615,0.9665210843086243,0.5165120490506937,0.387894736914272,0,0,0,0.12,0.01,0.0,0.01,0.1,0.9,-1.2,0.0,0,0,1,0,0.675,0.2
259,6,-0.706716001033783,-0.09496450424194336,-0.20706520974636078,-0.28124315896263985,0.4111650572084513,0,0,0,0.12,0.01,0.0,0.01,0.1,0.9,-1.2,0.0,0,0,1,0,0.675,0.2
259,7,-0.9148541688919067,0.20323649048805237,3.1111092567443848,0.5003781615429405,0.48677840841479275,0,0,0,0.12,0.01,0.0,0.01,0.1,0.9,-1.2,0.0,0,0,1,0,0.675,0.2
260,0,-0.2560793459415436,-0.1384875476360321,2.1472558975219727,0.24089510355450264,0.05648334707759273,0,0,0,0.12,0.01,0.0,0.01,0.1,0.9,-1.2,0.0,0,0,1,0,0.675,0.2
260,1,-0.8991434574127197,-0.42396971583366394,3.1100761890411377,0.42408807113360114,0.41427694723416614,0,0,0,0.12,0.01,0.0,0.01,0.1,0.9,-1.2,0.0,0,0,1,0,0.675,0.2
260,2,0.03020869754254818,-0.005362515337765217,0.17582498490810394,0.518411986103105,0.47540671421046315,0,0,0,0.12,0.01,0.0,0.01,0.1,0.9,-1.2,0.0,0,0,1,0,0.675,0.2
260,3,-0.3770446479320526,-0.41704192757606506,-1.6097131967544556,0.48865839927989246,0.4988866141478419,0,0,0,0.12,0.01,0.0,0.01,0.1,0.9,-1.2,0.0,0,0,1,0,0.675,0.2
260,4,-0.6621533036231995,0.42672401666641235,-0.25660136342048645,-0.3514782663747695,0.48626110221594837,0,0,0,0.12,0.01,0.0,0.01,0.1,0.9,-1.2,0.0,0,0,1,0,0.675,0.2
260,5,-0.293478786945343,0.30955639481544495,0.961866021156311,0.5146503678726486,0.38938907466656636,0,0,0,0.12,0.01,0.0,0.01,0.1,0.9,-1.2,0.0,0,0,1,0,0.675,0.2
260,6,-0.7065920233726501,-0.09498787671327591,-0.17987440526485443,-0.2503261657687753,0.38318253478733,0,0,0,0.12,0.01,0.0,0.01,0.1,0.9,-1.2,0.0,0,0,1,0,0.675,0.2
260,7,-0.9158409833908081,0.20326681435108185,3.110625743865967,0.4997578173190719,0.4872878879993791,0,0,0,0.12,0.01,0.0,0.01,0.1,0.9,-1.2,0.0,0,0,1,0,0.675,0.2
261,0,-0.25623854994773865,-0.1382402628660202,2.1404991149902344,0.2393627557336043,0.060533216279869205,0,0,0,0.12,0.01,0.0,0.01,0.1,0.9,-1.2,0.0,0,0,1,0,0.675,0.2
261,1,-0.8999825119972229,-0.42394310235977173,3.109710216522217,0.4234468181380684,0.4139685194244927,0,0,0,0.12,0.01,0.0,0.01,0.1,0.9,-1.2,0.0,0,0,1,0,0.675,0.2
261,2,0.03118755668401718,-0.005189382471144199,0.1743195503950119,0.5184138052069999,0.47519931868673787,0,0,0,0.12,0.01,0.0,0.01,0.1,0.9,-1.2,0.0,0,0,1,0,0.675,0.2
261,3,-0.377082884311676,-0.41803082823753357,-1.609167218208313,0.490009462985397,0.4950048564344639,0,0,0,0.12,0.01,0.0,0.01,0.1,0.9,-1.2,0.0,0,0,1,0,0.675,0.2
261,4,-0.6620190143585205,0.42669185996055603,-0.220934197306633,-0.22619034266435759,0.3586684606071676,0,0,0,0.12,0.01,0.0,0.01,0.1,0.9,-1.2,0.0,0,0,1,0,0.675,0.2
261,5,-0.2929597795009613,0.3102971613407135,0.9573171734809875,0.5128023738049158,0.39087425526155145,0,0,0,0.12,0.01,0.0,0.01,0.1,0.9,-1.2,0.0,0,0,1,0,0.675,0.2
261,6,-0.7064643502235413,-0.09500846266746521,-0.15509770810604095,-0.22319543235450445,0.35883889966159527,0,0,0,0.12,0.01,0.0,0.01,0.1,0.9,-1.2,0.0,0,0,1,0,0.675,0.2
261,7,-0.9168276786804199,0.20329760015010834,3.110137462615967,0.4990043036679739,0.4879257686396129,0,0,0,0.12,0.01,0.0,0.01,0.1,0.9,-1.2,0.0,0,0,1,0,0.675,0.2
262,0,-0.2563975751399994,-0.13798962533473969,2.133969783782959,0.23815654316671786,0.06408043107263153,0,0,0,0.12,0.01,0.0,0.01,0.1,0.9,-1.2,0.0,0,0,1,0,0.675,0.2
262,1,-0.9008206725120544,-0.423916220664978,3.109354019165039,0.4227770413279986,0.4136731182217146,0,0,0,0.12,0.01,0.0,0.01,0.1,0.9,-1.2,0.0,0,0,1,0,0.675,0.2
262,2,0.032166481018066406,-0.005017769057303667,0.17280134558677673,0.5183700153407291,0.4750316908779903,0,0,0,0.12,0.01,0.0,0.01,0.1,0.9,-1.2,0.0,0,0,1,0,0.675,0.2
262,3,-0.3771205544471741,-0.4190180003643036,-1.6087679862976074,0.4913954248802432,0.49001758190228856,0,0,0,0.12,0.01,0.0,0.01,0.1,0.9,-1.2,0.0,0,0,1,0,0.675,0.2
262,4,-0.6618865728378296,0.4266641438007355,-0.19034674763679504,-0.07759794716621761,0.20777928952957517,0,0,0,0.12,0.01,0.0,0.01,0.1,0.9,-1.2,0.0,0,0,1,0,0.675,0.2
262,5,-0.2924376130104065,0.31103524565696716,0.9528846144676208,0.5110495552490996,0.39226879029762285,0,0,0,0.12,0.01,0.0,0.01,0.1,0.9,-1.2,0.0,0,0,1,0,0.675,0.2
262,6,-0.706333339214325,-0.09502679109573364,-0.1324385404586792,-0.19943486472774963,0.337716418711438,0,0,0,0.12,0.01,0.0,0.01,0.1,0.9,-1.2,0.0,0,0,1,0,0.675,0.2
262,7,-0.9178142547607422,0.20332887768745422,3.109682083129883,0.49839444912255243,0.4884152814072328,0,0,0,0.12,0.01,0.0,0.01,0.1,0.9,-1.2,0.0,0,0,1,0,0.675,0.2
263,0,-0.25655651092529297,-0.13773588836193085,2.1276419162750244,0.23734940878403468,0.0670574427460404,0,0,0,0.12,0.01,0.0,0.01,0.1,0.9,-1.2,0.0,0,0,1,0,0.675,0.2
263,1,-0.9016578197479248,-0.42388907074928284,3.109009265899658,0.4220696982693767,0.4134004417109395,0,0,0,0.12,0.01,0.0,0.01,0.1,0.9,-1.2,0.0,0,0,1,0,0.675,0.2
263,2,0.033145464956760406,-0.0048476774245500565,0.1712743639945984,0.518308808473745,0.474875400396189,0,0,0,0.12,0.01,0.0,0.01,0.1,0.9,-1.2,0.0,0,0,1,0,0.675,0.2
263,3,-0.3771578073501587,-0.420002818107605,-1.6085460186004639,0.492697288873753,0.4834256268710284,0,0,0,0.12,0.01,0.0,0.01,0.1,0.9,-1.2,0.0,0,0,1,0,0.675,0.2
263,4,-0.6617558002471924,0.426640123128891,-0.16804708540439606,0.08058467662868248,0.04722727679672494,0,0,0,0.12,0.01,0.0,0.01,0.1,0.9,-1.2,0.0,0,0,1,0,0.675,0.2
263,5,-0.29191240668296814,0.3117707371711731,0.9485692977905273,0.5094166261742676,0.3935476081778442,0,0,0,0.12,0.01,0.0,0.01,0.1,0.9,-1.2,0.0,0,0,1,0,0.675,0.2
263,6,-0.7061992287635803,-0.09504315257072449,-0.11164425313472748,-0.17871357778927607,0.3194808242740325,0,0,0,0.12,0.01,0.0,0.01,0.1,0.9,-1.2,0.0,0,0,1,0,0.675,0.2
263,7,-0.9188007116317749,0.20336057245731354,3.1092734336853027,0.4980270944485551,0.48865752593184647,0,0,0,0.12,0.01,0.0,0.01,0.1,0.9,-1.2,0.0,0,0,1,0,0.675,0.2
264,0,-0.25671523809432983,-0.1374792456626892,2.1214871406555176,0.23697271908714013,0.06943714653061189,0,0,0,0.12,0.01,0.0,0.01,0.1,0.9,-1.2,0.0,0,0,1,0,0.675,0.2
264,1,-0.9024940133094788,-0.42386165261268616,3.1086771488189697,0.42132435740267804,0.41315104066098157,0,0,0,0.12,0.01,0.0,0.01,0.1,0.9,-1.2,0.0,0,0,1,0,0.675,0.2
264,2,0.03412449732422829,-0.004679108504205942,0.1697429120540619,0.5182571205745968,0.4747033920634952,0,0,0,0.12,0.01,0.0,0.01,0.1,0.9,-1.2,0.0,0,0,1,0,0.675,0.2
264,3,-0.3771948516368866,-0.42098426818847656,-1.6085492372512817,0.493611584208413,0.4744623799105446,0,0,0,0.12,0.01,0.0,0.01,0.1,0.9,-1.2,0.0,0,0,1,0,0.675,0.2
264,4,-0.661626935005188,0.42661893367767334,-0.15592460334300995,0.2366332763441212,-0.11120199203568772,0,0,0,0.12,0.01,0.0,0.01,0.1,0.9,-1.2,0.0,0,0,1,0,0.675,0.2
264,5,-0.2913842797279358,0.3125036656856537,0.9443657398223877,0.5078871365760443,0.3947271589065912,0,0,0,0.12,0.01,0.0,0.01,0.1,0.9,-1.2,0.0,0,0,1,0,0.675,0.2
264,6,-0.7060622572898865,-0.09505756944417953,-0.09248289465904236,-0.16056522194118383,0.3036668396350849,0,0,0,0.12,0.01,0.0,0.01,0.1,0.9,-1.2,0.0,0,0,1,0,0.675,0.2
264,7,-0.9197869896888733,0.20339266955852509,3.108905553817749,0.49785546355383653,0.4886994571195339,0,0,0,0.12,0.01,0.0,0.01,0.1,0.9,-1.2,0.0,0,0,1,0,0.675,0.2
265,0,-0.2568737268447876,-0.1372198462486267,2.1154723167419434,0.23713502685385945,0.07111915548485517,0,0,0,0.12,0.01,0.0,0.01,0.1,0.9,-1.2,0.0,0,0,1,0,0.675,0.2
265,1,-0.9033291935920715,-0.42383402585983276,3.1083598136901855,0.42059930150351355,0.4128662746683615,0,0,0,0.12,0.01,0.0,0.01,0.1,0.9,-1.2,0.0,0,0,1,0,0.675,0.2
265,2,0.03510357066988945,-0.004512065090239048,0.16820871829986572,0.5182192053911866,0.47451129292271726,0,0,0,0.12,0.01,0.0,0.01,0.1,0.9,-1.2,0.0,0,0,1,0,0.675,0.2
265,3,-0.37723180651664734,-0.4219607412815094,-1.6088265180587769,0.49365329198839913,0.4616987759589886,0,0,0,0.12,0.01,0.0,0.01,0.1,0.9,-1.2,0.0,0,0,1,0,0.675,0.2
265,4,-0.6615001559257507,0.42659929394721985,-0.15485931932926178,0.37743735685772667,-0.2542797289771534,0,0,0,0.12,0.01,0.0,0.01,0.1,0.9,-1.2,0.0,0,0,1,0,0.675,0.2
265,5,-0.2908533215522766,0.3132341206073761,0.9402657151222229,0.5064343423544957,0.39583448460702153,0,0,0,0.12,0.01,0.0,0.01,0.1,0.9,-1.2,0.0,0,0,1,0,0.675,0.2
265,6,-0.7059224843978882,-0.09506984800100327,-0.0747252106666565,-0.14448724852573702,0.2897652404166443,0,0,0,0.12,0.01,0.0,0.01,0.1,0.9,-1.2,0.0,0,0,1,0,0.675,0.2
265,7,-0.9207731485366821,0.2034250944852829,3.108562707901001,0.49775797675148226,0.488662952680433,0,0,0,0.12,0.01,0.0,0.01,0.1,0.9,-1.2,0.0,0,0,1,0,0.675,0.2
266,0,-0.25703170895576477,-0.1369577795267105,2.10956072807312,0.23792704782344695,0.07202166476390963,0,0,0,0.12,0.01,0.0,0.01,0.1,0.9,-1.2,0.0,0,0,1,0,0.675,0.2
266,1,-0.9041634202003479,-0.42380616068840027,3.1080594062805176,0.41987321358060853,0.41256728191041925,0,0,0,0.12,0.01,0.0,0.01,0.1,0.9,-1.2,0.0,0,0,1,0,0.675,0.2
266,2,0.0360826812684536,-0.004346556030213833,0.16667018830776215,0.5181702636879896,0.47432390220937987,0,0,0,0.12,0.01,0.0,0.01,0.1,0.9,-1.2,0.0,0,0,1,0,0.675,0.2
266,3,-0.3772689402103424,-0.42292970418930054,-1.6094403266906738,0.4918439487589717,0.44259004791842704,0,0,0,0.12,0.01,0.0,0.01,0.1,0.9,-1.2,0.0,0,0,1,0,0.675,0.2
266,4,-0.6613758206367493,0.4265795350074768,-0.1648663878440857,0.4885255167244535,-0.36742784771905945,0,0,0,0.12,0.01,0.0,0.01,0.1,0.9,-1.2,0.0,0,0,1,0,0.675,0.2
266,5,-0.29031962156295776,0.3139621317386627,0.9362621903419495,0.505030755677029,0.3968977287628208,0,0,0,0.12,0.01,0.0,0.01,0.1,0.9,-1.2,0.0,0,0,1,0,0.675,0.2
266,6,-0.7057802081108093,-0.09507975727319717,-0.058176565915346146,-0.12999272183890903,0.27728427783961856,0,0,0,0.12,0.01,0.0,0.01,0.1,0.9,-1.2,0.0,0,0,1,0,0.675,0.2
266,7,-0.9217591881752014,0.20345784723758698,3.108229875564575,0.4976231754720321,0.488659828811873,0,0,0,0.12,0.01,0.0,0.01,0.1,0.9,-1.2,0.0,0,0,1,0,0.675,0.2
267,0,-0.2571890354156494,-0.13669313490390778,2.103710889816284,0.23962658667211617,0.07188484049196157,0,0,0,0.12,0.01,0.0,0.01,0.1,0.9,-1.2,0.0,0,0,1,0,0.675,0.2
267,1,-0.9049966335296631,-0.42377808690071106,3.1077749729156494,0.41915451902742923,0.412245338970465,0,0,0,0.12,0.01,0.0,0.01,0.1,0.9,-1.2,0.0,0,0,1,0,0.675,0.2
267,2,0.037061821669340134,-0.004182595759630203,0.16512566804885864,0.5180809871417273,0.47417040903747193,0,0,0,0.12,0.01,0.0,0.01,0.1,0.9,-1.2,0.0,0,0,1,0,0.675,0.2
267,3,-0.37730643153190613,-0.42388686537742615,-1.6104803085327148,0.4862841557569321,0.4124664474420731,0,0,0,0.12,0.01,0.0,0.01,0.1,0.9,-1.2,0.0,0,0,1,0,0.675,0.2
267,4,-0.6612541079521179,0.4265579283237457,-0.18505500257015228,0.5576159548721892,-0.43833899914842667,0,0,0,0.12,0.01,0.0,0.01,0.1,0.9,-1.2,0.0,0,0,1,0,0.675,0.2
267,5,-0.2897832989692688,0.3146877884864807,0.932349681854248,0.5036639037823436,0.39793013899567153,0,0,0,0.12,0.01,0.0,0.01,0.1,0.9,-1.2,0.0,0,0,1,0,0.675,0.2
267,6,-0.7056355476379395,-0.09508714824914932,-0.042711831629276276,-0.1169936756272047,0.2661190132279127,0,0,0,0.12,0.01,0.0,0.01,0.1,0.9,-1.2,0.0,0,0,1,0,0.675,0.2
267,7,-0.9227451086044312,0.20349089801311493,3.107900381088257,0.49739446703296963,0.4887470954288834,0,0,0,0.12,0.01,0.0,0.01,0.1,0.9,-1.2,0.0,0,0,1,0,0.675,0.2
268,0,-0.2573455572128296,-0.13642598688602448,2.0978753566741943,0.2427257867901628,0.07024726547309708,0,0,0,0.12,0.01,0.0,0.01,0.1,0.9,-1.2,0.0,0,0,1,0,0.675,0.2
268,1,-0.9058287739753723,-0.4237498342990875,3.1075057983398438,0.4184393575446259,0.41190454456642756,0,0,0,0.12,0.01,0.0,0.01,0.1,0.9,-1.2,0.0,0,0,1,0,0.675,0.2
268,2,0.03804098069667816,-0.004020197317004204,0.16357627511024475,0.5179400900090901,0.474062158754948,0,0,0,0.12,0.01,0.0,0.01,0.1,0.9,-1.2,0.0,0,0,1,0,0.675,0.2
268,3,-0.3773443102836609,-0.42482471466064453,-1.6120977401733398,0.47377351103569604,0.3625524920389499,0,0,0,0.12,0.01,0.0,0.01,0.1,0.9,-1.2,0.0,0,0,1,0,0.675,0.2
268,4,-0.6611351370811462,0.4265333414077759,-0.21353086829185486,0.5805958018774979,-0.4629777030224793,0,0,0,0.12,0.01,0.0,0.01,0.1,0.9,-1.2,0.0,0,0,1,0,0.675,0.2
268,5,-0.2892443835735321,0.3154110908508301,0.9285244345664978,0.5023198785307569,0.3989461002824145,0,0,0,0.12,0.01,0.0,0.01,0.1,0.9,-1.2,0.0,0,0,1,0,0.675,0.2
268,6,-0.7054887413978577,-0.09509208053350449,-0.028256434947252274,-0.10579916608017005,0.25654753815811193,0,0,0,0.12,0.01,0.0,0.01,0.1,0.9,-1.2,0.0,0,0,1,0,0.675,0.2
268,7,-0.9237308502197266,0.20352426171302795,3.1075751781463623,0.4970745889774329,0.4889222534069055,0,0,0,0.12,0.01,0.0,0.01,0.1,0.9,-1.2,0.0,0,0,1,0,0.675,0.2
269,0,-0.25750112533569336,-0.13615646958351135,2.091989517211914,0.24820923681689203,0.06618070725964607,0,0,0,0.12,0.01,0.0,0.01,0.1,0.9,-1.2,0.0,0,0,1,0,0.675,0.2
269,1,-0.9066599011421204,-0.42372140288352966,3.107250452041626,0.4176789097549728,0.4115942545173356,0,0,0,0.12,0.01,0.0,0.01,0.1,0.9,-1.2,0.0,0,0,1,0,0.675,0.2
269,2,0.03902015835046768,-0.003859369084239006,0.16202501952648163,0.5177331865880092,0.4740137754824559,0,0,0,0.12,0.01,0.0,0.01,0.1,0.9,-1.2,0.0,0,0,1,0,0.675,0.2
269,3,-0.3773825466632843,-0.42572978138923645,-1.6145272254943848,0.45170727649498904,0.275880602209082,0,0,0,0.12,0.01,0.0,0.01,0.1,0.9,-1.2,0.0,0,0,1,0,0.675,0.2
269,4,-0.6610193848609924,0.42650532722473145,-0.24752719700336456,0.5616482337773617,-0.44568303877718995,0,0,0,0.12,0.01,0.0,0.01,0.1,0.9,-1.2,0.0,0,0,1,0,0.675,0.2
269,5,-0.28870296478271484,0.3161320984363556,0.9247836470603943,0.5009819107344347,0.3999616069505018,0,0,0,0.12,0.01,0.0,0.01,0.1,0.9,-1.2,0.0,0,0,1,0,0.675,0.2
269,6,-0.7053400278091431,-0.09509477764368057,-0.01471768505871296,-0.09714856840869902,0.24925367631217957,0,0,0,0.12,0.01,0.0,0.01,0.1,0.9,-1.2,0.0,0,0,1,0,0.675,0.2
269,7,-0.9247164130210876,0.20355796813964844,3.107259511947632,0.4966875923430915,0.4891612517082695,0,0,0,0.12,0.01,0.0,0.01,0.1,0.9,-1.2,0.0,0,0,1,0,0.675,0.2
270,0,-0.2576557695865631,-0.13588470220565796,2.0859575271606445,0.2578601929233893,0.058003744216121866,0,0,0,0.12,0.01,0.0,0.01,0.1,0.9,-1.2,0.0,0,0,1,0,0.675,0.2
270,1,-0.9074899554252625,-0.4236927628517151,3.107008695602417,0.4167762380597476,0.41141134681726654,0,0,0,0.12,0.01,0.0,0.01,0.1,0.9,-1.2,0.0,0,0,1,0,0.675,0.2
270,2,0.0399993397295475,-0.0037001101300120354,0.16047437489032745,0.5174239127586333,0.4740621597816499,0,0,0,0.12,0.01,0.0,0.01,0.1,0.9,-1.2,0.0,0,0,1,0,0.675,0.2
270,3,-0.3774208426475525,-0.42657774686813354,-1.618177056312561,0.4321137448224985,0.11804559031391508,0,0,0,0.12,0.01,0.0,0.01,0.1,0.9,-1.2,0.0,0,0,1,0,0.675,0.2
270,4,-0.6609066128730774,0.42647409439086914,-0.2838590741157532,0.5114656394110942,-0.3973195409165645,0,0,0,0.12,0.01,0.0,0.01,0.1,0.9,-1.2,0.0,0,0,1,0,0.675,0.2
270,5,-0.288159042596817,0.31685084104537964,0.9211258292198181,0.49964703999481963,0.4009790233520432,0,0,0,0.12,0.01,0.0,0.01,0.1,0.9,-1.2,0.0,0,0,1,0,0.675,0.2
270,6,-0.70518958568573,-0.09509553760290146,-0.0022270716726779938,-0.0931494398101338,0.24624133241019328,0,0,0,0.12,0.01,0.0,0.01,0.1,0.9,-1.2,0.0,0,0,1,0,0.675,0.2
270,7,-0.9257018566131592,0.2035919725894928,3.1069600582122803,0.49628999933561296,0.4894074489180186,0,0,0,0.12,0.01,0.0,0.01,0.1,0.9,-1.2,0.0,0,0,1,0,0.675,0.2
271,0,-0.25780946016311646,-0.13561075925827026,2.0796234607696533,0.27474988208575335,0.04283275498585615,0,0,0,0.12,0.01,0.0,0.01,0.1,0.9,-1.2,0.0,0,0,1,0,0.675,0.2
271,1,-0.9083189368247986,-0.42366400361061096,3.1067819595336914,0.4156948181832464,0.4113917496954768,0,0,0,0.12,0.01,0.0,0.01,0.1,0.9,-1.2,0.0,0,0,1,0,0.675,0.2
271,2,0.04097851738333702,-0.0035424104426056147,0.15892750024795532,0.5169340952166642,0.4742863790264999,0,0,0,0.12,0.01,0.0,0.01,0.1,0.9,-1.2,0.0,0,0,1,0,0.675,0.2
271,3,-0.3774579167366028,-0.42732614278793335,-1.623903751373291,0.5244805936908915,-0.2190906231498911,0,0,0,0.12,0.01,0.0,0.01,0.1,0.9,-1.2,0.0,0,0,1,0,0.675,0.2
271,4,-0.6607965230941772,0.42643994092941284,-0.319511741399765,0.4406703289823836,-0.3286515947656936,0,0,0,0.12,0.01,0.0,0.01,0.1,0.9,-1.2,0.0,0,0,1,0,0.675,0.2
271,5,-0.2876127362251282,0.3175673186779022,0.9175507426261902,0.49832995598122154,0.401982765748057,0,0,0,0.12,0.01,0.0,0.01,0.1,0.9,-1.2,0.0,0,0,1,0,0.675,0.2
271,6,-0.7050377726554871,-0.09509463608264923,0.010549829341471195,-0.09275101967846361,0.24630061634575331,0,0,0,0.12,0.01,0.0,0.01,0.1,0.9,-1.2,0.0,0,0,1,0,0.675,0.2
271,7,-0.9266871213912964,0.20362626016139984,3.1066818237304688,0.49593113183437904,0.4896113443428365,0,0,0,0.12,0.01,0.0,0.01,0.1,0.9,-1.2,0.0,0,0,1,0,0.675,0.2
272,0,-0.2579621970653534,-0.13533462584018707,2.0727224349975586,0.3031882708562014,0.016653531264007353,0,0,0,0.12,0.01,0.0,0.01,0.1,0.9,-1.2,0.0,0,0,1,0,0.675,0.2
272,1,-0.9091468453407288,-0.4236350655555725,3.1065785884857178,0.41425463900103576,0.41171255364880543,0,0,0,0.12,0.01,0.0,0.01,0.1,0.9,-1.2,0.0,0,0,1,0,0.675,0.2
272,2,0.04195767641067505,-0.0033862548880279064,0.15739141404628754,0.5161688570358783,0.4747830386779278,0,0,0,0.12,0.01,0.0,0.01,0.1,0.9,-1.2,0.0,0,0,1,0,0.675,0.2
272,3,-0.37749093770980835,-0.42791086435317993,-1.6339645385742188,2.182894324765486,-2.1288007328966083,0,0,0,0.12,0.01,0.0,0.01,0.1,0.9,-1.2,0.0,0,0,1,0,0.675,0.2
272,4,-0.6606888771057129,0.4264030158519745,-0.3521369397640228,0.3563932388619974,-0.24690762009187492,0,0,0,0.12,0.01,0.0,0.01,0.1,0.9,-1.2,0.0,0,0,1,0,0.675,0.2
272,5,-0.2870640158653259,0.3182815909385681,0.9140583872795105,0.4970352426056925,0.40296783299397787,0,0,0,0.12,0.01,0.0,0.01,0.1,0.9,-1.2,0.0,0,0,1,0,0.675,0.2
272,6,-0.7048848867416382,-0.09509219229221344,0.022537264972925186,-0.10320305953523444,0.25641903410455513,0,0,0,0.12,0.01,0.0,0.01,0.1,0.9,-1.2,0.0,0,0,1,0,0.675,0.2
272,7,-0.927672266960144,0.20366080105304718,3.1064257621765137,0.4956277110725509,0.4897560975402726,0,0,0,0.12,0.01,0.0,0.01,0.1,0.9,-1.2,0.0,0,0,1,0,0.675,0.2
273,0,-0.25811392068862915,-0.1350560188293457,2.0647969245910645,0.3466913175171041,-0.02369708533936968,0,0,0,0.12,0.01,0.0,0.01,0.1,0.9,-1.2,0.0,0,0,1,0,0.675,0.2
273,1,-0.9099736213684082,-0.4236060082912445,3.106410264968872,0.41237824174053317,0.4124457338225161,0,0,0,0.12,0.01,0.0,0.01,0.1,0.9,-1.2,0.0,0,0,1,0,0.675,0.2
273,2,0.042936813086271286,-0.0032316232100129128,0.1558787077665329,0.5150675475848798,0.47561475632060723,0,0,0,0.12,0.01,0.0,0.01,0.1,0.9,-1.2,0.0,0,0,1,0,0.675,0.2
273,3,-0.3775150775909424,-0.42826443910598755,-1.6570523977279663,6.28,-6.28,0,0,0,0.12,0.01,0.0,0.01,0.1,0.9,-1.2,0.0,0,0,1,0,0.675,0.2
273,4,-0.6605839729309082,0.42636343836784363,-0.3801441490650177,0.2627731774574619,-0.15626738114417607,0,0,0,0.12,0.01,0.0,0.01,0.1,0.9,-1.2,0.0,0,0,1,0,0.675,0.2
273,5,-0.2865130603313446,0.3189936876296997,0.9106475114822388,0.49575205608620365,0.40394465163932125,0,0,0,0.12,0.01,0.0,0.01,0.1,0.9,-1.2,0.0,0,0,1,0,0.675,0.2
273,6,-0.7047314643859863,-0.0950881689786911,0.034469038248062134,-0.12702909512271637,0.27887760503043885,0,0,0,0.12,0.01,0.0,0.01,0.1,0.9,-1.2,0.0,0,0,1,0,0.675,0.2
273,7,-0.9286572337150574,0.20369558036327362,3.1061902046203613,0.4953742639069795,0.489847122048831,0,0,0,0.12,0.01,0.0,0.01,0.1,0.9,-1.2,0.0,0,0,1,0,0.675,0.2
274,0,-0.2582644522190094,-0.134774312376976,2.0551130771636963,0.40241178742583467,-0.07517006865676115,0,0,0,0.12,0.01,0.0,0.01,0.1,0.9,-1.2,0.0,0,0,1,0,0.675,0.2
274,1,-0.9107992649078369,-0.4235769212245941,3.106300115585327,0.4102076684575859,0.41343565830175255,0,0,0,0.12,0.01,0.0,0.01,0.1,0.9,-1.2,0.0,0,0,1,0,0.675,0.2
274,2,0.04391591250896454,-0.0030784872360527515,0.15440702438354492,0.5137284041464006,0.47668400992754345,0,0,0,0.12,0.01,0.0,0.01,0.1,0.9,-1.2,0.0,0,0,1,0,0.675,0.2
274,3,-0.3775200843811035,-0.4283769428730011,-1.7837588787078857,6.28,-6.28,0,0,0,0.12,0.01,0.0,0.01,0.1,0.9,-1.2,0.0,0,0,1,0,0.675,0.2
274,4,-0.66048264503479,0.42632177472114563,-0.4025035500526428,0.16575072521872036,-0.06259796584553236,0,0,0,0.12,0.01,0.0,0.01,0.1,0.9,-1.2,0.0,0,0,1,0,0.675,0.2
274,5,-0.2859598696231842,0.31970369815826416,0.9073167443275452,0.49443700097370885,0.4049557230634615,0,0,0,0.12,0.01,0.0,0.01,0.1,0.9,-1.2,0.0,0,0,1,0,0.675,0.2
274,6,-0.7045782804489136,-0.09508239477872849,0.04693694785237312,-0.16360614652912017,0.31308026070873135,0,0,0,0.12,0.01,0.0,0.01,0.1,0.9,-1.2,0.0,0,0,1,0,0.675,0.2
274,7,-0.9296420216560364,0.20373056828975677,3.105971336364746,0.49514455576131305,0.4899107120495085,0,0,0,0.12,0.01,0.0,0.01,0.1,0.9,-1.2,0.0,0,0,1,0,0.675,0.2
275,0,-0.2584133446216583,-0.13448838889598846,2.042691469192505,0.4535368934595891,-0.12148117575290877,0,0,0,0.12,0.01,0.0,0.01,0.1,0.9,-1.2,0.0,0,0,1,0,0.675,0.2
275,1,-0.9116238355636597,-0.42354777455329895,3.1062817573547363,0.4082344590014099,0.4141934694463135,0,0,0,0.12,0.01,0.0,0.01,0.1,0.9,-1.2,0.0,0,0,1,0,0.675,0.2
275,2,0.04489496722817421,-0.0029268034268170595,0.15299777686595917,0.5126901786951583,0.4774481136174638,0,0,0,0.12,0.01,0.0,0.01,0.1,0.9,-1.2,0.0,0,0,1,0,0.675,0.2
275,3,-0.37750908732414246,-0.42840489745140076,-2.172679901123047,6.28,-6.28,0,0,0,0.12,0.01,0.0,0.01,0.1,0.9,-1.2,0.0,0,0,1,0,0.675,0.2
275,4,-0.6603848338127136,0.4262789189815521,-0.4185214340686798,0.07373060552588107,0.025845301466077535,0,0,0,0.12,0.01,0.0,0.01,0.1,0.9,-1.2,0.0,0,0,1,0,0.675,0.2
275,5,-0.28540459275245667,0.32041168212890625,0.9040654897689819,0.4930735265115959,0.4060172403951423,0,0,0,0.12,0.01,0.0,0.01,0.1,0.9,-1.2,0.0,0,0,1,0,0.675,0.2
275,6,-0.7044264078140259,-0.09507458657026291,0.060840655118227005,-0.20136541545750303,0.34815842330815,0,0,0,0.12,0.01,0.0,0.01,0.1,0.9,-1.2,0.0,0,0,1,0,0.675,0.2
275,7,-0.930626630783081,0.20376574993133545,3.1057651042938232,0.4949436563327166,0.4899416190312056,0,0,0,0.12,0.01,0.0,0.01,0.1,0.9,-1.2,0.0,0,0,1,0,0.675,0.2
276,0,-0.25855979323387146,-0.1341966837644577,2.02667236328125,0.4923167874114918,-0.1551424612300801,0,0,0,0.12,0.01,0.0,0.01,0.1,0.9,-1.2,0.0,0,0,1,0,0.675,0.2
276,1,-0.9124472141265869,-0.42351871728897095,3.1063787937164307,0.40681141271531146,0.4143860970503136,0,0,0,0.12,0.01,0.0,0.01,0.1,0.9,-1.2,0.0,0,0,1,0,0.675,0.2
276,2,0.045873962342739105,-0.002776508219540119,0.15166901051998138,0.7925700001168873,0.1942072458814953,0,0,0,0.12,0.01,0.0,0.01,0.1,0.9,-1.2,0.0,0,0,1,0,0.675,0.2
276,3,-0.3774966895580292,-0.42840850353240967,-2.636939764022827,6.28,-6.28,0,0,0,0.12,0.01,0.0,0.01,0.1,0.9,-1.2,0.0,0,0,1,0,0.675,0.2
276,4,-0.6602904796600342,0.42623603343963623,-0.4278903901576996,-0.002523290933299115,0.09851280880086427,0,0,0,0.12,0.01,0.0,0.01,0.1,0.9,-1.2,0.0,0,0,1,0,0.675,0.2
276,5,-0.284847229719162,0.321117639541626,0.9008955359458923,0.4916413111871106,0.407149763565697,0,0,0,0.12,0.01,0.0,0.01,0.1,0.9,-1.2,0.0,0,0,1,0,0.675,0.2
276,6,-0.7042768001556396,-0.09506434947252274,0.07707824558019638,-0.23518890521585745,0.37925537309706014,0,0,0,0.12,0.01,0.0,0.01,0.1,0.9,-1.2,0.0,0,0,1,0,0.675,0.2
276,7,-0.9316110610961914,0.20380112528800964,3.10556960105896,0.4947899721790038,0.4899212576221742,0,0,0,0.12,0.01,0.0,0.01,0.1,0.9,-1.2,0.0,0,0,1,0,0.675,0.2
277,0,-0.2587025463581085,-0.13389793038368225,2.007166624069214,0.5153006441756722,-0.1729602940246102,0,0,0,0.12,0.01,0.0,0.01,0.1,0.9,-1.2,0.0,0,0,1,0,0.675,0.2
277,1,-0.9132693409919739,-0.4234898090362549,3.1065778732299805,0.40604593159563607,0.4139206826507324,0,0,0,0.12,0.01,0.0,0.01,0.1,0.9,-1.2,0.0,0,0,1,0,0.675,0.2
277,2,0.04685287922620773,-0.002627528738230467,0.1504082828760147,0.7899900096567425,0.1964529734937397,0,0,0,0.12,0.01,0.0,0.01,0.1,0.9,-1.2,0.0,0,0,1,0,0.675,0.2
277,3,-0.37749388813972473,-0.42843717336654663,-2.7267370223999023,6.117318031515852,-6.28,0,0,0,0.12,0.01,0.0,0.01,0.1,0.9,-1.2,0.0,0,0,1,0,0.675,0.2
277,4,-0.6601994037628174,0.42619410157203674,-0.430851548910141,-0.05404587495786685,0.14662728119356175,0,0,0,0.12,0.01,0.0,0.01,0.1,0.9,-1.2,0.0,0,0,1,0,0.675,0.2
277,5,-0.28428786993026733,0.3218216001987457,0.8978099822998047,0.4901351492413001,0.4083582003108545,0,0,0,0.12,0.01,0.0,0.01,0.1,0.9,-1.2,0.0,0,0,1,0,0.675,0.2
277,6,-0.7041299939155579,-0.09505130350589752,0.09586923569440842,-0.261768224819996,0.40327267645249565,0,0,0,0.12,0.01,0.0,0.01,0.1,0.9,-1.2,0.0,0,0,1,0,0.675,0.2
277,7,-0.9325953722000122,0.20383667945861816,3.1053824424743652,0.4946920573069903,0.489840775792375,0,0,0,0.12,0.01,0.0,0.01,0.1,0.9,-1.2,0.0,0,0,1,0,0.675,0.2
278,0,-0.25884053111076355,-0.13359136879444122,1.9849435091018677,0.5285702712539324,-0.1806459493640551,0,0,0,0.12,0.01,0.0,0.01,0.1,0.9,-1.2,0.0,0,0,1,0,0.675,0.2
278,1,-0.9140902757644653,-0.4234611392021179,3.106842041015625,0.40570309407080907,0.4130097960773538,0,0,0,0.12,0.01,0.0,0.01,0.1,0.9,-1.2,0.0,0,0,1,0,0.675,0.2
278,2,0.047830067574977875,-0.0024853209033608437,0.1333530843257904,0.6761141830690808,0.3100253528348499,0,0,0,0.12,0.01,0.0,0.01,0.1,0.9,-1.2,0.0,0,0,1,0,0.675,0.2
278,3,-0.37748482823371887,-0.42842987179756165,-2.8837053775787354,5.700659188965739,-5.845252845028819,0,0,0,0.12,0.01,0.0,0.01,0.1,0.9,-1.2,0.0,0,0,1,0,0.675,0.2
278,4,-0.6601115465164185,0.4261537790298462,-0.42834532260894775,-0.0760054970257935,0.16547497456008764,0,0,0,0.12,0.01,0.0,0.01,0.1,0.9,-1.2,0.0,0,0,1,0,0.675,0.2
278,5,-0.2837265729904175,0.32252365350723267,0.8948131799697876,0.4886299935692568,0.40956861101448344,0,0,0,0.12,0.01,0.0,0.01,0.1,0.9,-1.2,0.0,0,0,1,0,0.675,0.2
278,6,-0.7039862871170044,-0.09503532946109772,0.11698497831821442,-0.28473834566461015,0.42364676169740134,0,0,0,0.12,0.01,0.0,0.01,0.1,0.9,-1.2,0.0,0,0,1,0,0.675,0.2
278,7,-0.9335794448852539,0.2038724273443222,3.105201005935669,0.4946427596289598,0.4897073256295241,0,0,0,0.12,0.01,0.0,0.01,0.1,0.9,-1.2,0.0,0,0,1,0,0.675,0.2
279,0,-0.2589731514453888,-0.13327684998512268,1.9610658884048462,0.5329315381456977,-0.18189421467081368,0,0,0,0.12,0.01,0.0,0.01,0.1,0.9,-1.2,0.0,0,0,1,0,0.675,0.2
279,1,-0.9149100184440613,-0.42343276739120483,3.107125997543335,0.4060669843153999,0.41187116465997237,0,0,0,0.12,0.01,0.0,0.01,0.1,0.9,-1.2,0.0,0,0,1,0,0.675,0.2
279,2,0.048809174448251724,-0.0023640557192265987,0.11247988045215607,0.5350089267170932,0.45080707517499674,0,0,0,0.12,0.01,0.0,0.01,0.1,0.9,-1.2,0.0,0,0,1,0,0.675,0.2
279,3,-0.377829372882843,-0.42851048707962036,-3.1380016803741455,4.954424150524005,-5.020170755920276,0,0,0,0.12,0.01,0.0,0.01,0.1,0.9,-1.2,0.0,0,0,1,0,0.675,0.2
279,4,-0.6600266098976135,0.4261152148246765,-0.42199164628982544,-0.06987226409682712,0.15653844578036746,0,0,0,0.12,0.01,0.0,0.01,0.1,0.9,-1.2,0.0,0,0,1,0,0.675,0.2
279,5,-0.2831633687019348,0.3232237994670868,0.8919105529785156,0.48745692296942916,0.4104502149013594,0,0,0,0.12,0.01,0.0,0.01,0.1,0.9,-1.2,0.0,0,0,1,0,0.675,0.2
279,6,-0.7038455009460449,-0.09501658380031586,0.13996903598308563,-0.3331796059363373,0.46921649370126794,0,0,0,0.12,0.01,0.0,0.01,0.1,0.9,-1.2,0.0,0,0,1,0,0.675,0.2
279,7,-0.9345633387565613,0.20390833914279938,3.105020761489868,0.49461360794886466,0.4895491399110902,0,0,0,0.12,0.01,0.0,0.01,0.1,0.9,-1.2,0.0,0,0,1,0,0.675,0.2
280,0,-0.25910040736198425,-0.1329542100429535,1.9363136291503906,0.5667802788411141,-0.21573830620393758,0,0,0,0.12,0.01,0.0,0.01,0.1,0.9,-1.2,0.0,0,0,1,0,0.675,0.2
280,1,-0.9157284498214722,-0.42340466380119324,3.107396364212036,0.4061632084699345,0.412029392733984,0,0,0,0.12,0.01,0.0,0.01,0.1,0.9,-1.2,0.0,0,0,1,0,0.675,0.2
280,2,0.04979005455970764,-0.002261487999930978,0.09802620112895966,0.44032511226319754,0.5451395202479413,0,0,0,0.12,0.01,0.0,0.01,0.1,0.9,-1.2,0.0,0,0,1,0,0.675,0.2
280,3,-0.3789195716381073,-0.4282776415348053,2.9698915481567383,4.686765176775053,-4.707978501515582,0,0,0,0.12,0.01,0.0,0.01,0.1,0.9,-1.2,0.0,0,0,1,0,0.675,0.2
280,4,-0.6599443554878235,0.4260784983634949,-0.4137941300868988,-0.03890184224425237,0.12306025535641592,0,0,0,0.12,0.01,0.0,0.01,0.1,0.9,-1.2,0.0,0,0,1,0,0.675,0.2
280,5,-0.2825983166694641,0.3239220976829529,0.8891034126281738,0.4865848180439414,0.4110341313693581,0,0,0,0.12,0.01,0.0,0.01,0.1,0.9,-1.2,0.0,0,0,1,0,0.675,0.2
280,6,-0.7037076950073242,-0.09499532729387283,0.1645306646823883,-0.4906423251150112,0.621324733924673,0,0,0,0.12,0.01,0.0,0.01,0.1,0.9,-1.2,0.0,0,0,1,0,0.675,0.2
280,7,-0.9355471134185791,0.20394442975521088,3.1048383712768555,0.49458189383026935,0.4893887482595744,0,0,0,0.12,0.01,0.0,0.01,0.1,0.9,-1.2,0.0,0,0,1,0,0.675,0.2
281,0,-0.25922152400016785,-0.13262537121772766,1.9112577438354492,0.5801581960197328,-0.22568654231985788,0,0,0,0.12,0.01,0.0,0.01,0.1,0.9,-1.2,0.0,0,0,1,0,0.675,0.2
281,1,-0.916546106338501,-0.42337679862976074,3.1076204776763916,0.40633481707209396,0.4113256338632698,0,0,0,0.12,0.01,0.0,0.01,0.1,0.9,-1.2,0.0,0,0,1,0,0.675,0.2
281,2,0.05077154561877251,-0.0021689541172236204,0.09308352321386337,0.4136896911586878,0.5714157041583898,0,0,0,0.12,0.01,0.0,0.01,0.1,0.9,-1.2,0.0,0,0,1,0,0.675,0.2
281,3,-0.3794574737548828,-0.4281347990036011,2.6153769493103027,3.9375886824783004,-3.89947715223395,0,0,0,0.12,0.01,0.0,0.01,0.1,0.9,-1.2,0.0,0,0,1,0,0.675,0.2
281,4,-0.6598644256591797,0.4260435104370117,-0.4057319164276123,0.011374834087022011,0.070528042409293,0,0,0,0.12,0.01,0.0,0.01,0.1,0.9,-1.2,0.0,0,0,1,0,0.675,0.2
281,5,-0.28203150629997253,0.3246185779571533,0.8863730430603027,0.485808111645647,0.4115227089148083,0,0,0,0.12,0.01,0.0,0.01,0.1,0.9,-1.2,0.0,0,0,1,0,0.675,0.2
281,6,-0.7035728693008423,-0.094971664249897,0.19205176830291748,-0.5786782528290891,0.7058079863915586,0,0,0,0.12,0.01,0.0,0.01,0.1,0.9,-1.2,0.0,0,0,1,0,0.675,0.2
281,7,-0.936530590057373,0.2039806991815567,3.104651689529419,0.4945410166680172,0.4892326916754886,0,0,0,0.12,0.01,0.0,0.01,0.1,0.9,-1.2,0.0,0,0,1,0,0.675,0.2
282,0,-0.2593351900577545,-0.1322932094335556,1.884263038635254,0.5669934566875333,-0.2064356621166105,0,0,0,0.12,0.01,0.0,0.01,0.1,0.9,-1.2,0.0,0,0,1,0,0.675,0.2
282,1,-0.9173637628555298,-0.4233491122722626,3.1078357696533203,0.4067531946376427,0.4096925136371987,0,0,0,0.12,0.01,0.0,0.01,0.1,0.9,-1.2,0.0,0,0,1,0,0.675,0.2
282,2,0.051752783358097076,-0.002077433979138732,0.09544108808040619,0.4384863109175469,0.5462584762986397,0,0,0,0.12,0.01,0.0,0.01,0.1,0.9,-1.2,0.0,0,0,1,0,0.675,0.2
282,3,-0.3795185089111328,-0.42811259627342224,2.2690932750701904,3.01772128466153,-2.9213595655896647,0,0,0,0.12,0.01,0.0,0.01,0.1,0.9,-1.2,0.0,0,0,1,0,0.675,0.2
282,4,-0.659786581993103,0.4260101914405823,-0.3995822072029114,0.07640664936377102,0.003468871998056833,0,0,0,0.12,0.01,0.0,0.01,0.1,0.9,-1.2,0.0,0,0,1,0,0.675,0.2
282,5,-0.28146302700042725,0.3253132700920105,0.8836977481842041,0.4849210492431696,0.41211681448821474,0,0,0,0.12,0.01,0.0,0.01,0.1,0.9,-1.2,0.0,0,0,1,0,0.675,0.2
282,6,-0.7034428715705872,-0.09494559466838837,0.2289426326751709,-0.5754933975250915,0.7008696816475586,0,0,0,0.12,0.01,0.0,0.01,0.1,0.9,-1.2,0.0,0,0,1,0,0.675,0.2
282,7,-0.9375139474868774,0.20401713252067566,3.1044607162475586,0.494535344313787,0.48903666191179895,0,0,0,0.12,0.01,0.0,0.01,0.1,0.9,-1.2,0.0,0,0,1,0,0.675,0.2
283,0,-0.2594408690929413,-0.13195553421974182,1.8561381101608276,0.5480291605696007,-0.18088651306479414,0,0,0,0.12,0.01,0.0,0.01,0.1,0.9,-1.2,0.0,0,0,1,0,0.675,0.2
283,1,-0.9181810617446899,-0.42332157492637634,3.108027219772339,0.4071606933926819,0.407985872044635,0,0,0,0.12,0.01,0.0,0.01,0.1,0.9,-1.2,0.0,0,0,1,0,0.675,0.2
283,2,0.052733272314071655,-0.0019816008862107992,0.10061567276716232,0.4827246395074305,0.5016535195387426,0,0,0,0.12,0.01,0.0,0.01,0.1,0.9,-1.2,0.0,0,0,1,0,0.675,0.2
283,3,-0.37953171133995056,-0.42805835604667664,1.9386951923370361,2.226384043125386,-2.1034434953610845,0,0,0,0.12,0.01,0.0,0.01,0.1,0.9,-1.2,0.0,0,0,1,0,0.675,0.2
283,4,-0.659710705280304,0.42597827315330505,-0.3967708945274353,0.1495628790434795,-0.07152011855210834,0,0,0,0.12,0.01,0.0,0.01,0.1,0.9,-1.2,0.0,0,0,1,0,0.675,0.2
283,5,-0.28089287877082825,0.3260062634944916,0.8810681104660034,0.48375594318279785,0.4129865795337243,0,0,0,0.12,0.01,0.0,0.01,0.1,0.9,-1.2,0.0,0,0,1,0,0.675,0.2
283,6,-0.7033171653747559,-0.0949154943227768,0.27286723256111145,-0.5497908774183643,0.6736962306664835,0,0,0,0.12,0.01,0.0,0.01,0.1,0.9,-1.2,0.0,0,0,1,0,0.675,0.2
283,7,-0.9384970664978027,0.20405374467372894,3.1042654514312744,0.49457529440531256,0.48879059895864013,0,0,0,0.12,0.01,0.0,0.01,0.1,0.9,-1.2,0.0,0,0,1,0,0.675,0.2
284,0,-0.2595382630825043,-0.13160963356494904,1.8287591934204102,0.5299254095665707,-0.15615809322517057,0,0,0,0.12,0.01,0.0,0.01,0.1,0.9,-1.2,0.0,0,0,1,0,0.675,0.2
284,1,-0.9189972877502441,-0.4232942461967468,3.108153820037842,0.40748832640851274,0.4063521224478409,0,0,0,0.12,0.01,0.0,0.01,0.1,0.9,-1.2,0.0,0,0,1,0,0.675,0.2
284,2,0.05371289327740669,-0.0018805969739332795,0.1047583669424057,0.5193612298037452,0.46464237365465927,0,0,0,0.12,0.01,0.0,0.01,0.1,0.9,-1.2,0.0,0,0,1,0,0.675,0.2
284,3,-0.3795541226863861,-0.42796874046325684,1.6741706132888794,1.7837010387156627,-1.674052773771109,0,0,0,0.12,0.01,0.0,0.01,0.1,0.9,-1.2,0.0,0,0,1,0,0.675,0.2
284,4,-0.6596366763114929,0.42594724893569946,-0.39840877056121826,0.2220437220244065,-0.14568888311668785,0,0,0,0.12,0.01,0.0,0.01,0.1,0.9,-1.2,0.0,0,0,1,0,0.675,0.2
284,5,-0.2803211212158203,0.32669758796691895,0.8784890174865723,0.48229335409841956,0.41415531771936,0,0,0,0.12,0.01,0.0,0.01,0.1,0.9,-1.2,0.0,0,0,1,0,0.675,0.2
284,6,-0.7031950354576111,-0.09487976878881454,0.31778085231781006,-0.5254776967711455,0.6479085875697143,0,0,0,0.12,0.01,0.0,0.01,0.1,0.9,-1.2,0.0,0,0,1,0,0.675,0.2
284,7,-0.9394800066947937,0.20409053564071655,3.1040639877319336,0.49465618949250356,0.4884994782893262,0,0,0,0.12,0.01,0.0,0.01,0.1,0.9,-1.2,0.0,0,0,1,0,0.675,0.2
285,0,-0.2596271336078644,-0.13125474750995636,1.8028584718704224,0.5136672372727492,-0.13312099527407673,0,0,0,0.12,0.01,0.0,0.01,0.1,0.9,-1.2,0.0,0,0,1,0,0.675,0.2
285,1,-0.9198122620582581,-0.4232670068740845,3.1082024574279785,0.40753720998546833,0.4049524784109855,0,0,0,0.12,0.01,0.0,0.01,0.1,0.9,-1.2,0.0,0,0,1,0,0.675,0.2
285,2,0.05469183251261711,-0.0017766050295904279,0.10605600476264954,0.5359292403390296,0.44769450271822137,0,0,0,0.12,0.01,0.0,0.01,0.1,0.9,-1.2,0.0,0,0,1,0,0.675,0.2
285,3,-0.3795590102672577,-0.4278483986854553,1.4995838403701782,2.069303884134558,-2.001321575567988,0,0,0,0.12,0.01,0.0,0.01,0.1,0.9,-1.2,0.0,0,0,1,0,0.675,0.2
285,4,-0.6595645546913147,0.42591649293899536,-0.4051392078399658,0.28482050593770986,-0.21005620207466133,0,0,0,0.12,0.01,0.0,0.01,0.1,0.9,-1.2,0.0,0,0,1,0,0.675,0.2
285,5,-0.2797478139400482,0.3273872137069702,0.875977635383606,0.4806405772580512,0.41551632982355274,0,0,0,0.12,0.01,0.0,0.01,0.1,0.9,-1.2,0.0,0,0,1,0,0.675,0.2
285,6,-0.7030789256095886,-0.09483818709850311,0.3611491322517395,-0.505433761201217,0.6264087712982438,0,0,0,0.12,0.01,0.0,0.01,0.1,0.9,-1.2,0.0,0,0,1,0,0.675,0.2
285,7,-0.9404627084732056,0.20412752032279968,3.103853225708008,0.49480417373493346,0.4881377517907319,0,0,0,0.12,0.01,0.0,0.01,0.1,0.9,-1.2,0.0,0,0,1,0,0.675,0.2
286,0,-0.25970762968063354,-0.1308910995721817,1.778473973274231,0.497098097016237,-0.10980934779824987,0,0,0,0.12,0.01,0.0,0.01,0.1,0.9,-1.2,0.0,0,0,1,0,0.675,0.2
286,1,-0.9206258654594421,-0.4232398271560669,3.108175277709961,0.40741186353060344,0.40367336062100784,0,0,0,0.12,0.01,0.0,0.01,0.1,0.9,-1.2,0.0,0,0,1,0,0.675,0.2
286,2,0.05567040666937828,-0.0016726882895454764,0.10464899241924286,0.5336856867035031,0.4495543812553286,0,0,0,0.12,0.01,0.0,0.01,0.1,0.9,-1.2,0.0,0,0,1,0,0.675,0.2
286,3,-0.3795388340950012,-0.42773768305778503,1.3738164901733398,3.235123800717226,-3.207641129054061,0,0,0,0.12,0.01,0.0,0.01,0.1,0.9,-1.2,0.0,0,0,1,0,0.675,0.2
286,4,-0.6594943404197693,0.4258856177330017,-0.4170248210430145,0.3332892597241212,-0.2600441292447855,0,0,0,0.12,0.01,0.0,0.01,0.1,0.9,-1.2,0.0,0,0,1,0,0.675,0.2
286,5,-0.27917301654815674,0.32807520031929016,0.8735542297363281,0.47895842480114564,0.4169095189625873,0,0,0,0.12,0.01,0.0,0.01,0.1,0.9,-1.2,0.0,0,0,1,0,0.675,0.2
286,6,-0.7029667496681213,-0.09479143470525742,0.4027307331562042,-0.48539383456139984,0.6050313536825699,0,0,0,0.12,0.01,0.0,0.01,0.1,0.9,-1.2,0.0,0,0,1,0,0.675,0.2
286,7,-0.9414451718330383,0.20416472852230072,3.1036300659179688,0.49494435612346743,0.487779893239478,0,0,0,0.12,0.01,0.0,0.01,0.1,0.9,-1.2,0.0,0,0,1,0,0.675,0.2
287,0,-0.25978031754493713,-0.13051892817020416,1.7554930448532104,0.4796817363458534,-0.08596146714266736,0,0,0,0.12,0.01,0.0,0.01,0.1,0.9,-1.2,0.0,0,0,1,0,0.675,0.2
287,1,-0.9214381575584412,-0.4232126474380493,3.108088970184326,0.40718302299436765,0.4024796767050343,0,0,0,0.12,0.01,0.0,0.01,0.1,0.9,-1.2,0.0,0,0,1,0,0.675,0.2
287,2,0.056648846715688705,-0.001571104396134615,0.10177898406982422,0.521419750780863,0.4614322909404809,0,0,0,0.12,0.01,0.0,0.01,0.1,0.9,-1.2,0.0,0,0,1,0,0.675,0.2
287,3,-0.3795180320739746,-0.4276573359966278,1.2357213497161865,4.327242335125487,-4.324065492309313,0,0,0,0.12,0.01,0.0,0.01,0.1,0.9,-1.2,0.0,0,0,1,0,0.675,0.2
287,4,-0.6594260334968567,0.42585450410842896,-0.43350911140441895,0.36775871488098566,-0.29596562805418436,0,0,0,0.12,0.01,0.0,0.01,0.1,0.9,-1.2,0.0,0,0,1,0,0.675,0.2
287,5,-0.27859675884246826,0.32876157760620117,0.8712337613105774,0.47736163433174844,0.41822020713706265,0,0,0,0.12,0.01,0.0,0.01,0.1,0.9,-1.2,0.0,0,0,1,0,0.675,0.2
287,6,-0.7028577923774719,-0.09474045783281326,0.4427836239337921,-0.4654406763002246,0.5838807381078571,0,0,0,0.12,0.01,0.0,0.01,0.1,0.9,-1.2,0.0,0,0,1,0,0.675,0.2
287,7,-0.9424274563789368,0.20420216023921967,3.1033899784088135,0.4950157456339466,0.48748671484578965,0,0,0,0.12,0.01,0.0,0.01,0.1,0.9,-1.2,0.0,0,0,1,0,0.675,0.2
288,0,-0.2598460614681244,-0.13013862073421478,1.7339061498641968,0.46235501792243494,-0.06256708528808125,0,0,0,0.12,0.01,0.0,0.01,0.1,0.9,-1.2,0.0,0,0,1,0,0.675,0.2
288,1,-0.9222490787506104,-0.42318540811538696,3.107957124710083,0.40683725513959496,0.4014035161540451,0,0,0,0.12,0.01,0.0,0.01,0.1,0.9,-1.2,0.0,0,0,1,0,0.675,0.2
288,2,0.057627223432064056,-0.0014726478839293122,0.09878720343112946,0.5084379417590086,0.4740205900975283,0,0,0,0.12,0.01,0.0,0.01,0.1,0.9,-1.2,0.0,0,0,1,0,0.675,0.2
288,3,-0.3795086741447449,-0.427603155374527,1.025253176689148,4.5488415434207194,-4.551031386870461,0,0,0,0.12,0.01,0.0,0.01,0.1,0.9,-1.2,0.0,0,0,1,0,0.675,0.2
288,4,-0.6593596339225769,0.42582306265830994,-0.4536551535129547,0.3899387160572458,-0.3195439094933915,0,0,0,0.12,0.01,0.0,0.01,0.1,0.9,-1.2,0.0,0,0,1,0,0.675,0.2
288,5,-0.27801913022994995,0.3294464349746704,0.8690207600593567,0.41169132324120006,0.4454560127649644,0,0,0,0.12,0.01,0.0,0.01,0.1,0.9,-1.2,0.0,0,0,1,0,0.675,0.2
288,6,-0.7027517557144165,-0.09468618780374527,0.4813746511936188,-0.5934879818663187,0.8630728760466166,0,0,0,0.12,0.01,0.0,0.01,0.1,0.9,-1.2,0.0,0,0,1,0,0.675,0.2
288,7,-0.9434095025062561,0.2042398303747177,3.1031322479248047,0.4949961892051485,0.48728013125230996,0,0,0,0.12,0.01,0.0,0.01,0.1,0.9,-1.2,0.0,0,0,1,0,0.675,0.2
289,0,-0.25990548729896545,-0.12975069880485535,1.713757872581482,0.4468681983308326,-0.041268455203009737,0,0,0,0.12,0.01,0.0,0.01,0.1,0.9,-1.2,0.0,0,0,1,0,0.675,0.2
289,1,-0.9230585694313049,-0.42315810918807983,3.1077892780303955,0.4063518420980039,0.40047433216118183,0,0,0,0.12,0.01,0.0,0.01,0.1,0.9,-1.2,0.0,0,0,1,0,0.675,0.2
289,2,0.058605484664440155,-0.001376938889734447,0.09650101512670517,0.50038440160065,0.48167477913589174,0,0,0,0.12,0.01,0.0,0.01,0.1,0.9,-1.2,0.0,0,0,1,0,0.675,0.2
289,3,-0.3795143663883209,-0.4275534451007843,0.7341623306274414,4.2814085354189855,-4.275850780410646,0,0,0,0.12,0.01,0.0,0.01,0.1,0.9,-1.2,0.0,0,0,1,0,0.675,0.2
289,4,-0.6592951416969299,0.42579126358032227,-0.4764721393585205,0.40227528022627485,-0.3332387070546593,0,0,0,0.12,0.01,0.0,0.01,0.1,0.9,-1.2,0.0,0,0,1,0,0.675,0.2
289,5,-0.2774401903152466,0.33012980222702026,0.8669111728668213,0.4122007912099686,0.44501628223058315,0,0,0,0.12,0.01,0.0,0.01,0.1,0.9,-1.2,0.0,0,0,1,0,0.675,0.2
289,6,-0.702648401260376,-0.09462924301624298,0.518518328666687,-0.5261306197531482,0.7947955162413379,0,0,0,0.12,0.01,0.0,0.01,0.1,0.9,-1.2,0.0,0,0,1,0,0.675,0.2
289,7,-0.9443913102149963,0.20427775382995605,3.102860689163208,0.4948969244551494,0.48714860681773875,0,0,0,0.12,0.01,0.0,0.01,0.1,0.9,-1.2,0.0,0,0,1,0,0.675,0.2
290,0,-0.25995883345603943,-0.12935571372509003,1.695043683052063,0.4383432669494625,-0.0274408860061642,0,0,0,0.12,0.01,0.0,0.01,0.1,0.9,-1.2,0.0,0,0,1,0,0.675,0.2
290,1,-0.9238666296005249,-0.42313069105148315,3.1075937747955322,0.4093623742350864,0.39586037547499653,0,0,0,0.12,0.01,0.0,0.01,0.1,0.9,-1.2,0.0,0,0,1,0,0.675,0.2
290,2,0.05958353355526924,-0.0012830939376726747,0.09510298818349838,0.49836437541782097,0.483291103059657,0,0,0,0.12,0.01,0.0,0.01,0.1,0.9,-1.2,0.0,0,0,1,0,0.675,0.2
290,3,-0.3795086443424225,-0.4275074899196625,0.39155492186546326,3.6990809212260514,-3.672680088766721,0,0,0,0.12,0.01,0.0,0.01,0.1,0.9,-1.2,0.0,0,0,1,0,0.675,0.2
290,4,-0.6592326164245605,0.4257587492465973,-0.501067578792572,0.3909844398230571,-0.3237129091948527,0,0,0,0.12,0.01,0.0,0.01,0.1,0.9,-1.2,0.0,0,0,1,0,0.675,0.2
290,5,-0.2768803536891937,0.3307889699935913,0.8674486875534058,0.42364475635649185,0.4336518892848351,0,0,0,0.12,0.01,0.0,0.01,0.1,0.9,-1.2,0.0,0,0,1,0,0.675,0.2
290,6,-0.7024439573287964,-0.09450601786375046,0.5668123364448547,-0.4292108558582256,0.6963816427158306,0,0,0,0.12,0.01,0.0,0.01,0.1,0.9,-1.2,0.0,0,0,1,0,0.675,0.2
290,7,-0.9453728795051575,0.2043159306049347,3.10258150100708,0.4934876214946058,0.4883313525234912,0,0,0,0.12,0.01,0.0,0.01,0.1,0.9,-1.2,0.0,0,0,1,0,0.675,0.2
291,0,-0.2600060999393463,-0.12895403802394867,1.6776478290557861,0.43035663518353057,-0.014702333540159021,0,0,0,0.12,0.01,0.0,0.01,0.1,0.9,-1.2,0.0,0,0,1,0,0.675,0.2
291,1,-0.9246732592582703,-0.4231031835079193,3.1073808670043945,0.41333665252907137,0.3902118027092709,0,0,0,0.12,0.01,0.0,0.01,0.1,0.9,-1.2,0.0,0,0,1,0,0.675,0.2
291,2,0.06056128069758415,-0.0011903097620233893,0.09432656317949295,0.500498302407471,0.48074775176504486,0,0,0,0.12,0.01,0.0,0.01,0.1,0.9,-1.2,0.0,0,0,1,0,0.675,0.2
291,3,-0.37950706481933594,-0.42751097679138184,0.038093116134405136,2.6486356413038683,-2.5917508607777076,0,0,0,0.12,0.01,0.0,0.01,0.1,0.9,-1.2,0.0,0,0,1,0,0.675,0.2
291,4,-0.6591722965240479,0.42572519183158875,-0.5267141461372375,0.362581695836835,-0.29732182196980017,0,0,0,0.12,0.01,0.0,0.01,0.1,0.9,-1.2,0.0,0,0,1,0,0.675,0.2
291,5,-0.2763262391090393,0.33144304156303406,0.8686192631721497,0.43754768423538687,0.4198276991416883,0,0,0,0.12,0.01,0.0,0.01,0.1,0.9,-1.2,0.0,0,0,1,0,0.675,0.2
291,6,-0.7022221684455872,-0.09435530006885529,0.6141644716262817,-0.33169478972954747,0.5968470354895115,0,0,0,0.12,0.01,0.0,0.01,0.1,0.9,-1.2,0.0,0,0,1,0,0.675,0.2
291,7,-0.9463542699813843,0.20435436069965363,3.1023001670837402,0.4919868879818659,0.4896058864093084,0,0,0,0.12,0.01,0.0,0.01,0.1,0.9,-1.2,0.0,0,0,1,0,0.675,0.2
292,0,-0.2600470781326294,-0.12854625284671783,1.661136507987976,0.4220834202577125,-0.001699728469992676,0,0,0,0.12,0.01,0.0,0.01,0.1,0.9,-1.2,0.0,0,0,1,0,0.675,0.2
292,1,-0.9254783391952515,-0.42307549715042114,3.1069507598876953,0.41635588907025145,0.3854579517958375,0,0,0,0.12,0.01,0.0,0.01,0.1,0.9,-1.2,0.0,0,0,1,0,0.675,0.2
292,2,0.061538681387901306,-0.0010981559753417969,0.09376192092895508,0.5039839135269705,0.47684639824823694,0,0,0,0.12,0.01,0.0,0.01,0.1,0.9,-1.2,0.0,0,0,1,0,0.675,0.2
292,3,-0.3794853091239929,-0.4275180399417877,-0.28500068187713623,1.641938634040714,-1.5664798913625488,0,0,0,0.12,0.01,0.0,0.01,0.1,0.9,-1.2,0.0,0,0,1,0,0.675,0.2
292,4,-0.6591144800186157,0.42569056153297424,-0.5519598126411438,0.3235530087174796,-0.2604876363100432,0,0,0,0.12,0.01,0.0,0.01,0.1,0.9,-1.2,0.0,0,0,1,0,0.675,0.2
292,5,-0.2757727801799774,0.33209770917892456,0.8691441416740417,0.44844484452193206,0.4090052830796915,0,0,0,0.12,0.01,0.0,0.01,0.1,0.9,-1.2,0.0,0,0,1,0,0.675,0.2
292,6,-0.702008843421936,-0.09419503062963486,0.6550671458244324,-0.2502719100071089,0.5128599639488356,0,0,0,0.12,0.01,0.0,0.01,0.1,0.9,-1.2,0.0,0,0,1,0,0.675,0.2
292,7,-0.9473353624343872,0.20439304411411285,3.1020913124084473,0.4911743733224492,0.4901899364653011,0,0,0,0.12,0.01,0.0,0.01,0.1,0.9,-1.2,0.0,0,0,1,0,0.675,0.2
293,0,-0.2600814700126648,-0.12813296914100647,1.6453638076782227,0.4131210114834799,0.011863503229807499,0,0,0,0.12,0.01,0.0,0.01,0.1,0.9,-1.2,0.0,0,0,1,0,0.675,0.2
293,1,-0.9262816905975342,-0.42304742336273193,3.106196880340576,0.4178308185371503,0.38220668470534225,0,0,0,0.12,0.01,0.0,0.01,0.1,0.9,-1.2,0.0,0,0,1,0,0.675,0.2
293,2,0.0625157356262207,-0.0010065913666039705,0.09309019148349762,0.5066699331202799,0.47373861618849705,0,0,0,0.12,0.01,0.0,0.01,0.1,0.9,-1.2,0.0,0,0,1,0,0.675,0.2
293,3,-0.3794515132904053,-0.427537202835083,-0.503949761390686,0.7782095176925582,-0.7001938698639791,0,0,0,0.12,0.01,0.0,0.01,0.1,0.9,-1.2,0.0,0,0,1,0,0.675,0.2
293,4,-0.6590594053268433,0.42565515637397766,-0.5755211710929871,0.28067018687651923,-0.2199422180645304,0,0,0,0.12,0.01,0.0,0.01,0.1,0.9,-1.2,0.0,0,0,1,0,0.675,0.2
293,5,-0.2752193212509155,0.3327524960041046,0.8687116503715515,0.454966578374755,0.40255519400988854,0,0,0,0.12,0.01,0.0,0.01,0.1,0.9,-1.2,0.0,0,0,1,0,0.675,0.2
293,6,-0.701802670955658,-0.09402837604284286,0.689052939414978,-0.18686502758721274,0.44649007503251,0,0,0,0.12,0.01,0.0,0.01,0.1,0.9,-1.2,0.0,0,0,1,0,0.675,0.2
293,7,-0.948316216468811,0.20443187654018402,3.101980447769165,0.4911468745540188,0.48998581158413423,0,0,0,0.12,0.01,0.0,0.01,0.1,0.9,-1.2,0.0,0,0,1,0,0.675,0.2
294,0,-0.2601093053817749,-0.12771445512771606,1.6303350925445557,0.40333481443831865,0.026157152524495596,0,0,0,0.12,0.01,0.0,0.01,0.1,0.9,-1.2,0.0,0,0,1,0,0.675,0.2
294,1,-0.9270833730697632,-0.4230187237262726,3.1051573753356934,0.41770706196893687,0.38050284365545267,0,0,0,0.12,0.01,0.0,0.01,0.1,0.9,-1.2,0.0,0,0,1,0,0.675,0.2
294,2,0.06349243968725204,-0.0009158162865787745,0.09217847883701324,0.5076937215119601,0.4722871644705533,0,0,0,0.12,0.01,0.0,0.01,0.1,0.9,-1.2,0.0,0,0,1,0,0.675,0.2
294,3,-0.37939509749412537,-0.4275702238082886,-0.6298391222953796,-0.08371372190675298,0.1529197361823038,0,0,0,0.12,0.01,0.0,0.01,0.1,0.9,-1.2,0.0,0,0,1,0,0.675,0.2
294,4,-0.6590070128440857,0.42561954259872437,-0.5965657830238342,0.24290122570797437,-0.1845522943358087,0,0,0,0.12,0.01,0.0,0.01,0.1,0.9,-1.2,0.0,0,0,1,0,0.675,0.2
294,5,-0.2746652662754059,0.33340689539909363,0.8674672842025757,0.45769463964811147,0.39989579728731345,0,0,0,0.12,0.01,0.0,0.01,0.1,0.9,-1.2,0.0,0,0,1,0,0.675,0.2
294,6,-0.7016027569770813,-0.0938577651977539,0.7170073986053467,-0.138616590219906,0.3950155064644128,0,0,0,0.12,0.01,0.0,0.01,0.1,0.9,-1.2,0.0,0,0,1,0,0.675,0.2
294,7,-0.9492968320846558,0.20447076857089996,3.101931571960449,0.49161106315881087,0.48928594621390026,0,0,0,0.12,0.01,0.0,0.01,0.1,0.9,-1.2,0.0,0,0,1,0,0.675,0.2
295,0,-0.2601308524608612,-0.12729093432426453,1.6160883903503418,0.39356385214525946,0.04024825947087523,0,0,0,0.12,0.01,0.0,0.01,0.1,0.9,-1.2,0.0,0,0,1,0,0.675,0.2
295,1,-0.9278832077980042,-0.4229891002178192,3.1039304733276367,0.41612429892690617,0.3802355977329448,0,0,0,0.12,0.01,0.0,0.01,0.1,0.9,-1.2,0.0,0,0,1,0,0.675,0.2
295,2,0.06446882337331772,-0.0008260831818915904,0.09105358272790909,0.5072647640412249,0.4722825577551923,0,0,0,0.12,0.01,0.0,0.01,0.1,0.9,-1.2,0.0,0,0,1,0,0.675,0.2
295,3,-0.3793346583843231,-0.42761552333831787,-0.6924261450767517,-1.1906737106126875,1.2443548644167512,0,0,0,0.12,0.01,0.0,0.01,0.1,0.9,-1.2,0.0,0,0,1,0,0.675,0.2
295,4,-0.6589571237564087,0.4255843460559845,-0.6147329211235046,0.21936809966856952,-0.16331665168101306,0,0,0,0.12,0.01,0.0,0.01,0.1,0.9,-1.2,0.0,0,0,1,0,0.675,0.2
295,5,-0.27411016821861267,0.3340604603290558,0.8657055497169495,0.4578644218974217,0.39979074568222916,0,0,0,0.12,0.01,0.0,0.01,0.1,0.9,-1.2,0.0,0,0,1,0,0.675,0.2
295,6,-0.7014086842536926,-0.09368471801280975,0.7401588559150696,-0.10332074899570069,0.35634985704318606,0,0,0,0.12,0.01,0.0,0.01,0.1,0.9,-1.2,0.0,0,0,1,0,0.675,0.2
295,7,-0.9502772688865662,0.2045096904039383,3.101888656616211,0.4921668820137112,0.4884896226173313,0,0,0,0.12,0.01,0.0,0.01,0.1,0.9,-1.2,0.0,0,0,1,0,0.675,0.2
296,0,-0.2601466178894043,-0.12686263024806976,1.6026746034622192,0.3848830293033011,0.05309982792402433,0,0,0,0.12,0.01,0.0,0.01,0.1,0.9,-1.2,0.0,0,0,1,0,0.675,0.2
296,1,-0.9286811947822571,-0.42295852303504944,3.102625846862793,0.41346036769320355,0.3810414137704195,0,0,0,0.12,0.01,0.0,0.01,0.1,0.9,-1.2,0.0,0,0,1,0,0.675,0.2
296,2,0.06544488668441772,-0.0007375635905191302,0.08981850743293762,0.506092231300158,0.473015446636396,0,0,0,0.12,0.01,0.0,0.01,0.1,0.9,-1.2,0.0,0,0,1,0,0.675,0.2
296,3,-0.3792790472507477,-0.4276609420776367,-0.695422887802124,-2.3557722986013934,2.3939071044595286,0,0,0,0.12,0.01,0.0,0.01,0.1,0.9,-1.2,0.0,0,0,1,0,0.675,0.2
296,4,-0.6589094996452332,0.4255499243736267,-0.6302598118782043,0.21471848736925478,-0.16080301280541776,0,0,0,0.12,0.01,0.0,0.01,0.1,0.9,-1.2,0.0,0,0,1,0,0.675,0.2
296,5,-0.273553729057312,0.33471301198005676,0.8637014031410217,0.4566445149199481,0.40107037651376765,0,0,0,0.12,0.01,0.0,0.01,0.1,0.9,-1.2,0.0,0,0,1,0,0.675,0.2
296,6,-0.7012201547622681,-0.09351009130477905,0.7595987915992737,-0.07917930274008436,0.32875642268656413,0,0,0,0.12,0.01,0.0,0.01,0.1,0.9,-1.2,0.0,0,0,1,0,0.675,0.2
296,7,-0.9512574076652527,0.2045486718416214,3.101809501647949,0.4925209070495703,0.48788996684035274,0,0,0,0.12,0.01,0.0,0.01,0.1,0.9,-1.2,0.0,0,0,1,0,0.675,0.2
297,0,-0.26015719771385193,-0.12642979621887207,1.5900989770889282,0.3780058552313656,0.06404019102565349,0,0,0,0.12,0.01,0.0,0.01,0.1,0.9,-1.2,0.0,0,0,1,0,0.675,0.2
297,1,-0.9294772744178772,-0.4229269325733185,3.1013474464416504,0.4100487328810837,0.38259594666527247,0,0,0,0.12,0.01,0.0,0.01,0.1,0.9,-1.2,0.0,0,0,1,0,0.675,0.2
297,2,0.06642062962055206,-0.0006503087352029979,0.08857657760381699,0.5048737224803477,0.4737879338993519,0,0,0,0.12,0.01,0.0,0.01,0.1,0.9,-1.2,0.0,0,0,1,0,0.675,0.2
297,3,-0.3792344331741333,-0.42769667506217957,-0.6250869035720825,-3.0547702195028847,3.0839580161403006,0,0,0,0.12,0.01,0.0,0.01,0.1,0.9,-1.2,0.0,0,0,1,0,0.675,0.2
297,4,-0.6588640213012695,0.42551642656326294,-0.6440169811248779,0.22937129916062812,-0.17738805816879732,0,0,0,0.12,0.01,0.0,0.01,0.1,0.9,-1.2,0.0,0,0,1,0,0.675,0.2
297,5,-0.27299588918685913,0.3353644609451294,0.8616515398025513,0.45487686230188085,0.4028920309400014,0,0,0,0.12,0.01,0.0,0.01,0.1,0.9,-1.2,0.0,0,0,1,0,0.675,0.2
297,6,-0.7010371685028076,-0.0933343768119812,0.7762582898139954,-0.06458238167225976,0.31066814464985987,0,0,0,0.12,0.01,0.0,0.01,0.1,0.9,-1.2,0.0,0,0,1,0,0.675,0.2
297,7,-0.9522373676300049,0.20458774268627167,3.1016814708709717,0.492586271083522,0.4875734884379623,0,0,0,0.12,0.01,0.0,0.01,0.1,0.9,-1.2,0.0,0,0,1,0,0.675,0.2
298,0,-0.26016297936439514,-0.12599268555641174,1.5782963037490845,0.3727936144827701,0.07321327962886326,0,0,0,0.12,0.01,0.0,0.01,0.1,0.9,-1.2,0.0,0,0,1,0,0.675,0.2
298,1,-0.9302715063095093,-0.4228944182395935,3.100175380706787,0.40626806928988474,0.3845215945017717,0,0,0,0.12,0.01,0.0,0.01,0.1,0.9,-1.2,0.0,0,0,1,0,0.675,0.2
298,2,0.06739604473114014,-0.0005642807227559388,0.08739081025123596,0.5040231448692103,0.4741859930473547,0,0,0,0.12,0.01,0.0,0.01,0.1,0.9,-1.2,0.0,0,0,1,0,0.675,0.2
298,3,-0.37920093536376953,-0.42772337794303894,-0.47420746088027954,-3.2065892960528037,3.2360449205735824,0,0,0,0.12,0.01,0.0,0.01,0.1,0.9,-1.2,0.0,0,0,1,0,0.675,0.2
298,4,-0.6588205695152283,0.4254837930202484,-0.6572582721710205,0.2597093891603955,-0.20945495853853308,0,0,0,0.12,0.01,0.0,0.01,0.1,0.9,-1.2,0.0,0,0,1,0,0.675,0.2
298,5,-0.2724366784095764,0.3360148072242737,0.8596696257591248,0.45306243176959404,0.40475420479275337,0,0,0,0.12,0.01,0.0,0.01,0.1,0.9,-1.2,0.0,0,0,1,0,0.675,0.2
298,6,-0.7008596658706665,-0.09315796941518784,0.7909454703330994,-0.05724233574625464,0.2998298127150199,0,0,0,0.12,0.01,0.0,0.01,0.1,0.9,-1.2,0.0,0,0,1,0,0.675,0.2
298,7,-0.9532170295715332,0.2046269327402115,3.101516008377075,0.4924371016475451,0.4874660002735363,0,0,0,0.12,0.01,0.0,0.01,0.1,0.9,-1.2,0.0,0,0,1,0,0.675,0.2
299,0,-0.2601641118526459,-0.12555144727230072,1.5671460628509521,0.36867932295655315,0.08118774676466875,0,0,0,0.12,0.01,0.0,0.01,0.1,0.9,-1.2,0.0,0,0,1,0,0.675,0.2
299,1,-0.9310638308525085,-0.42286112904548645,3.0991671085357666,0.40245593015758035,0.38647520120533463,0,0,0,0.12,0.01,0.0,0.01,0.1,0.9,-1.2,0.0,0,0,1,0,0.675,0.2
299,2,0.06837110966444016,-0.0004794076376128942,0.08627568930387497,0.5036292331921355,0.4741207105410798,0,0,0,0.12,0.01,0.0,0.01,0.1,0.9,-1.2,0.0,0,0,1,0,0.675,0.2
299,3,-0.37917396426200867,-0.4277450144290924,-0.2675313353538513,-3.012510295490477,3.05015440983579,0,0,0,0.12,0.01,0.0,0.01,0.1,0.9,-1.2,0.0,0,0,1,0,0.675,0.2
299,4,-0.6587790846824646,0.4254518449306488,-0.671324610710144,0.3000252723729137,-0.25131815225238835,0,0,0,0.12,0.01,0.0,0.01,0.1,0.9,-1.2,0.0,0,0,1,0,0.675,0.2
299,5,-0.2718762159347534,0.3366641402244568,0.8578060865402222,0.45142748734152355,0.40643045523965315,0,0,0,0.12,0.01,0.0,0.01,0.1,0.9,-1.2,0.0,0,0,1,0,0.675,0.2
299,6,-0.7006874084472656,-0.0929812490940094,0.8043556809425354,-0.05475895891176698,0.29385889360891815,0,0,0,0.12,0.01,0.0,0.01,0.1,0.9,-1.2,0.0,0,0,1,0,0.675,0.2
299,7,-0.9541964530944824,0.20466630160808563,3.1013331413269043,0.49220116310154,0.48743949956859545,0,0,0,0.12,0.01,0.0,0.01,0.1,0.9,-1.2,0.0,0,0,1,0,0.675,0.2
300,0,-0.26016056537628174,-0.12510624527931213,1.5565237998962402,0.3655856524639724,0.08816230548089765,0,0,0,0.12,0.01,0.0,0.01,0.1,0.9,-1.2,0.0,0,0,1,0,0.675,0.2
300,1,-0.931854248046875,-0.42282724380493164,3.0983541011810303,0.39884078247007027,0.3882191802794109,0,0,0,0.12,0.01,0.0,0.01,0.1,0.9,-1.2,0.0,0,0,1,0,0.675,0.2
300,2,0.06934581696987152,-0.00039562766323797405,0.08521028608083725,0.5035462497463304,0.4737377644786757,0,0,0,0.12,0.01,0.0,0.01,0.1,0.9,-1.2,0.0,0,0,1,0,0.675,0.2
300,3,-0.37914571166038513,-0.4277499318122864,-0.04251992702484131,-2.523724046273741,2.5747461325662457,0,0,0,0.12,0.01,0.0,0.01,0.1,0.9,-1.2,0.0,0,0,1,0,0.675,0.2
300,4,-0.6587395668029785,0.42542028427124023,-0.6873617768287659,0.3431925613496106,-0.29589634277556354,0,0,0,0.12,0.01,0.0,0.01,0.1,0.9,-1.2,0.0,0,0,1,0,0.675,0.2
300,5,-0.2713145613670349,0.3373124897480011,0.8560712933540344,0.45002511219694746,0.40786799712464683,0,0,0,0.12,0.01,0.0,0.01,0.1,0.9,-1.2,0.0,0,0,1,0,0.675,0.2
300,6,-0.7005201578140259,-0.09280458837747574,0.8170280456542969,-0.05597638384710227,0.29159254626642145,0,0,0,0.12,0.01,0.0,0.01,0.1,0.9,-1.2,0.0,0,0,1,0,0.675,0.2
300,7,-0.9551756381988525,0.20470581948757172,3.1011486053466797,0.4919718847036533,0.48740049746034825,0,0,0,0.12,0.01,0.0,0.01,0.1,0.9,-1.2,0.0,0,0,1,0,0.675,0.2
301,0,-0.2601522207260132,-0.12465722113847733,1.5463405847549438,0.36307745732343943,0.09455922685586661,0,0,0,0.12,0.01,0.0,0.01,0.1,0.9,-1.2,0.0,0,0,1,0,0.675,0.2
301,1,-0.9326427578926086,-0.42279285192489624,3.097742795944214,0.3955212278371577,0.38965272474234064,0,0,0,0.12,0.01,0.0,0.01,0.1,0.9,-1.2,0.0,0,0,1,0,0.675,0.2
301,2,0.07032015919685364,-0.0003129102988168597,0.0841616690158844,0.503552858096276,0.473258550900306,0,0,0,0.12,0.01,0.0,0.01,0.1,0.9,-1.2,0.0,0,0,1,0,0.675,0.2
301,3,-0.37911418080329895,-0.42774155735969543,0.17556455731391907,-1.9137007129282162,1.9766561147660417,0,0,0,0.12,0.01,0.0,0.01,0.1,0.9,-1.2,0.0,0,0,1,0,0.675,0.2
301,4,-0.65870201587677,0.42538881301879883,-0.7061456441879272,0.3829953005868829,-0.3370207181531823,0,0,0,0.12,0.01,0.0,0.01,0.1,0.9,-1.2,0.0,0,0,1,0,0.675,0.2
301,5,-0.27075180411338806,0.3379599452018738,0.8544551730155945,0.4488245439897124,0.40909729477066353,0,0,0,0.12,0.01,0.0,0.01,0.1,0.9,-1.2,0.0,0,0,1,0,0.675,0.2
301,6,-0.7003575563430786,-0.09262833744287491,0.8293331861495972,-0.05960637687336947,0.29175199924599676,0,0,0,0.12,0.01,0.0,0.01,0.1,0.9,-1.2,0.0,0,0,1,0,0.675,0.2
301,7,-0.9561545252799988,0.20474551618099213,3.100970506668091,0.49178959838951236,0.48730854280387753,0,0,0,0.12,0.01,0.0,0.01,0.1,0.9,-1.2,0.0,0,0,1,0,0.675,0.2
302,0,-0.26013895869255066,-0.12420444190502167,1.5365252494812012,0.36140381220053563,0.09994737383652791,0,0,0,0.12,0.01,0.0,0.01,0.1,0.9,-1.2,0.0,0,0,1,0,0.675,0.2
302,1,-0.933429479598999,-0.42275816202163696,3.097322702407837,0.392636566091349,0.39067605264110333,0,0,0,0.12,0.01,0.0,0.01,0.1,0.9,-1.2,0.0,0,0,1,0,0.675,0.2
302,2,0.07129412889480591,-0.00023125552979763597,0.08310595154762268,0.5034917115230476,0.47284041652489556,0,0,0,0.12,0.01,0.0,0.01,0.1,0.9,-1.2,0.0,0,0,1,0,0.675,0.2
302,3,-0.37910693883895874,-0.42772814631462097,0.3629656434059143,-1.3413874708560993,1.411430826082616,0,0,0,0.12,0.01,0.0,0.01,0.1,0.9,-1.2,0.0,0,0,1,0,0.675,0.2
302,4,-0.6586664915084839,0.42535722255706787,-0.7279709577560425,0.4158288563897932,-0.3711211483290518,0,0,0,0.12,0.01,0.0,0.01,0.1,0.9,-1.2,0.0,0,0,1,0,0.675,0.2
302,5,-0.27018800377845764,0.3386065661907196,0.8529417514801025,0.4477626979781839,0.4101815521286276,0,0,0,0.12,0.01,0.0,0.01,0.1,0.9,-1.2,0.0,0,0,1,0,0.675,0.2
302,6,-0.7001993060112,-0.09245281666517258,0.8415477871894836,-0.06605666171658761,0.2947995592271162,0,0,0,0.12,0.01,0.0,0.01,0.1,0.9,-1.2,0.0,0,0,1,0,0.675,0.2
302,7,-0.9571331143379211,0.20478536188602448,3.1007988452911377,0.49164608803131643,0.48717179212233963,0,0,0,0.12,0.01,0.0,0.01,0.1,0.9,-1.2,0.0,0,0,1,0,0.675,0.2
303,0,-0.26012086868286133,-0.12374793738126755,1.527031660079956,0.3594537170877072,0.10573368349174529,0,0,0,0.12,0.01,0.0,0.01,0.1,0.9,-1.2,0.0,0,0,1,0,0.675,0.2
303,1,-0.9342142343521118,-0.42272329330444336,3.097073554992676,0.39016166400383284,0.391245751863019,0,0,0,0.12,0.01,0.0,0.01,0.1,0.9,-1.2,0.0,0,0,1,0,0.675,0.2
303,2,0.07226771116256714,-0.00015067985805217177,0.08203551173210144,0.5033140633906443,0.4725321079884451,0,0,0,0.12,0.01,0.0,0.01,0.1,0.9,-1.2,0.0,0,0,1,0,0.675,0.2
303,3,-0.3790736794471741,-0.42770054936408997,0.5079936385154724,-0.7249054305556868,0.7948030822280501,0,0,0,0.12,0.01,0.0,0.01,0.1,0.9,-1.2,0.0,0,0,1,0,0.675,0.2
303,4,-0.6586328744888306,0.42532554268836975,-0.7526839375495911,0.4426856138615976,-0.39918378227046836,0,0,0,0.12,0.01,0.0,0.01,0.1,0.9,-1.2,0.0,0,0,1,0,0.675,0.2
303,5,-0.2696232199668884,0.3392523527145386,0.8515163660049438,0.44678932639389196,0.411171016967009,0,0,0,0.12,0.01,0.0,0.01,0.1,0.9,-1.2,0.0,0,0,1,0,0.675,0.2
303,6,-0.7000452280044556,-0.09227823466062546,0.853863537311554,-0.07250162546235837,0.29783387069303313,0,0,0,0.12,0.01,0.0,0.01,0.1,0.9,-1.2,0.0,0,0,1,0,0.675,0.2
303,7,-0.9581114649772644,0.20482538640499115,3.1006312370300293,0.4915199474061247,0.48701135361545117,0,0,0,0.12,0.01,0.0,0.01,0.1,0.9,-1.2,0.0,0,0,1,0,0.675,0.2
304,0,-0.2600981295108795,-0.12328788638114929,1.5177984237670898,0.3572805060407313,0.11179499492438708,0,0,0,0.12,0.01,0.0,0.01,0.1,0.9,-1.2,0.0,0,0,1,0,0.675,0.2
304,1,-0.9349971413612366,-0.422688364982605,3.0969700813293457,0.38809702883523906,0.39137716998296773,0,0,0,0.12,0.01,0.0,0.01,0.1,0.9,-1.2,0.0,0,0,1,0,0.675,0.2
304,2,0.07324089854955673,-7.119953806977719e-05,0.08095290511846542,0.5030368799866778,0.47231642058476386,0,0,0,0.12,0.01,0.0,0.01,0.1,0.9,-1.2,0.0,0,0,1,0,0.675,0.2
304,3,-0.3790256977081299,-0.42766138911247253,0.6122028827667236,-0.012325066736906304,0.07547596435901475,0,0,0,0.12,0.01,0.0,0.01,0.1,0.9,-1.2,0.0,0,0,1,0,0.675,0.2
304,4,-0.658600926399231,0.4252939820289612,-0.7798439860343933,0.4674899133414236,-0.425091579791924,0,0,0,0.12,0.01,0.0,0.01,0.1,0.9,-1.2,0.0,0,0,1,0,0.675,0.2
304,5,-0.2690575420856476,0.33989736437797546,0.8501685857772827,0.44587349951656907,0.4120965594014301,0,0,0,0.12,0.01,0.0,0.01,0.1,0.9,-1.2,0.0,0,0,1,0,0.675,0.2
304,6,-0.6998952627182007,-0.09210462123155594,0.8664749264717102,-0.07891616270854075,0.30085113690211374,0,0,0,0.12,0.01,0.0,0.01,0.1,0.9,-1.2,0.0,0,0,1,0,0.675,0.2
304,7,-0.9590895175933838,0.20486554503440857,3.100464344024658,0.49139519355791955,0.48684315063458533,0,0,0,0.12,0.01,0.0,0.01,0.1,0.9,-1.2,0.0,0,0,1,0,0.675,0.2
305,0,-0.2600710093975067,-0.12282425165176392,1.5088303089141846,0.3549814409126808,0.11793361245493393,0,0,0,0.12,0.01,0.0,0.01,0.1,0.9,-1.2,0.0,0,0,1,0,0.675,0.2
305,1,-0.9357781410217285,-0.422653466463089,3.096986770629883,0.3864215859908752,0.39110759405902096,0,0,0,0.12,0.01,0.0,0.01,0.1,0.9,-1.2,0.0,0,0,1,0,0.675,0.2
305,2,0.07421369850635529,7.178902706073131e-06,0.07986340671777725,0.5026985178758699,0.47215499774913,0,0,0,0.12,0.01,0.0,0.01,0.1,0.9,-1.2,0.0,0,0,1,0,0.675,0.2
305,3,-0.37897446751594543,-0.4276176393032074,0.6738283038139343,0.7928307779470511,-0.7398980535903998,0,0,0,0.12,0.01,0.0,0.01,0.1,0.9,-1.2,0.0,0,0,1,0,0.675,0.2
305,4,-0.6585704684257507,0.4252627491950989,-0.8090169429779053,0.49393682819444074,-0.4524958644493235,0,0,0,0.12,0.01,0.0,0.01,0.1,0.9,-1.2,0.0,0,0,1,0,0.675,0.2
305,5,-0.2684909701347351,0.34054166078567505,0.8488910794258118,0.44499961834844803,0.4129738380343034,0,0,0,0.12,0.01,0.0,0.01,0.1,0.9,-1.2,0.0,0,0,1,0,0.675,0.2
305,6,-0.6997495293617249,-0.09193187206983566,0.879417359828949,-0.08542811777740154,0.30400423612743055,0,0,0,0.12,0.01,0.0,0.01,0.1,0.9,-1.2,0.0,0,0,1,0,0.675,0.2
305,7,-0.9600672721862793,0.20490588247776031,3.10029673576355,0.4912719692025359,0.4866668020453278,0,0,0,0.12,0.01,0.0,0.01,0.1,0.9,-1.2,0.0,0,0,1,0,0.675,0.2
306,0,-0.260039746761322,-0.12235699594020844,1.5001473426818848,0.35256580349030475,0.1240631854909422,0,0,0,0.12,0.01,0.0,0.01,0.1,0.9,-1.2,0.0,0,0,1,0,0.675,0.2
306,1,-0.9365572333335876,-0.4226187467575073,3.0970935821533203,0.38514190749104327,0.39043885632579023,0,0,0,0.12,0.01,0.0,0.01,0.1,0.9,-1.2,0.0,0,0,1,0,0.675,0.2
306,2,0.07518608868122101,8.445893035968766e-05,0.07877327501773834,0.5023413668032012,0.47200527092262884,0,0,0,0.12,0.01,0.0,0.01,0.1,0.9,-1.2,0.0,0,0,1,0,0.675,0.2
306,3,-0.3789258897304535,-0.4275765120983124,0.6867341995239258,1.550830598816868,-1.5075221135175192,0,0,0,0.12,0.01,0.0,0.01,0.1,0.9,-1.2,0.0,0,0,1,0,0.675,0.2
306,4,-0.6585412621498108,0.42523184418678284,-0.8400002121925354,0.5221042240696768,-0.4814702774124961,0,0,0,0.12,0.01,0.0,0.01,0.1,0.9,-1.2,0.0,0,0,1,0,0.675,0.2
306,5,-0.26792359352111816,0.34118524193763733,0.8476787805557251,0.44415541672708225,0.4138155362605887,0,0,0,0.12,0.01,0.0,0.01,0.1,0.9,-1.2,0.0,0,0,1,0,0.675,0.2
306,6,-0.6996082663536072,-0.0917598158121109,0.8926882147789001,-0.09185622737830682,0.3071243475479464,0,0,0,0.12,0.01,0.0,0.01,0.1,0.9,-1.2,0.0,0,0,1,0,0.675,0.2
306,7,-0.9610447287559509,0.2049463540315628,3.1001274585723877,0.4911569011621255,0.4864756214208822,0,0,0,0.12,0.01,0.0,0.01,0.1,0.9,-1.2,0.0,0,0,1,0,0.675,0.2
307,0,-0.2600044906139374,-0.12188615649938583,1.49176025390625,0.3500729167702332,0.13010555860971063,0,0,0,0.12,0.01,0.0,0.01,0.1,0.9,-1.2,0.0,0,0,1,0,0.675,0.2
307,1,-0.9373343586921692,-0.4225841760635376,3.097257614135742,0.38410919162462115,0.389524646075269,0,0,0,0.12,0.01,0.0,0.01,0.1,0.9,-1.2,0.0,0,0,1,0,0.675,0.2
307,2,0.0761580690741539,0.00016064925875980407,0.07768896967172623,0.5020075519783015,0.4718249956863408,0,0,0,0.12,0.01,0.0,0.01,0.1,0.9,-1.2,0.0,0,0,1,0,0.675,0.2
307,3,-0.37888336181640625,-0.42754170298576355,0.6442017555236816,2.0616543848871274,-2.0244565565942807,0,0,0,0.12,0.01,0.0,0.01,0.1,0.9,-1.2,0.0,0,0,1,0,0.675,0.2
307,4,-0.6585134267807007,0.42520102858543396,-0.8728508949279785,0.5481950840943796,-0.5082647814446432,0,0,0,0.12,0.01,0.0,0.01,0.1,0.9,-1.2,0.0,0,0,1,0,0.675,0.2
307,5,-0.26735547184944153,0.3418281674385071,0.8465283513069153,0.4433339588479516,0.41462858988480594,0,0,0,0.12,0.01,0.0,0.01,0.1,0.9,-1.2,0.0,0,0,1,0,0.675,0.2
307,6,-0.6994717121124268,-0.09158827364444733,0.9062974452972412,-0.0980166751434127,0.3100368339111129,0,0,0,0.12,0.01,0.0,0.01,0.1,0.9,-1.2,0.0,0,0,1,0,0.675,0.2
307,7,-0.9620218873023987,0.20498698949813843,3.099956512451172,0.49105265819286886,0.4862671188190026,0,0,0,0.12,0.01,0.0,0.01,0.1,0.9,-1.2,0.0,0,0,1,0,0.675,0.2
308,0,-0.25996527075767517,-0.12141188979148865,1.4836727380752563,0.34762272548563694,0.13594457197301174,0,0,0,0.12,0.01,0.0,0.01,0.1,0.9,-1.2,0.0,0,0,1,0,0.675,0.2
308,1,-0.9381095767021179,-0.42254987359046936,3.0974490642547607,0.38329534478186245,0.3883943682193888,0,0,0,0.12,0.01,0.0,0.01,0.1,0.9,-1.2,0.0,0,0,1,0,0.675,0.2
308,2,0.07712962478399277,0.00023575848899781704,0.07661336660385132,0.5017139550781521,0.4715972307586398,0,0,0,0.12,0.01,0.0,0.01,0.1,0.9,-1.2,0.0,0,0,1,0,0.675,0.2
308,3,-0.3788478970527649,-0.42751216888427734,0.5474453568458557,2.2801346425039952,-2.24496147968604,0,0,0,0.12,0.01,0.0,0.01,0.1,0.9,-1.2,0.0,0,0,1,0,0.675,0.2
308,4,-0.6584872603416443,0.4251699149608612,-0.9076830148696899,0.5671549006195333,-0.5279091647656228,0,0,0,0.12,0.01,0.0,0.01,0.1,0.9,-1.2,0.0,0,0,1,0,0.675,0.2
308,5,-0.2667866349220276,0.3424704372882843,0.84543776512146,0.44252191889923176,0.4154262055094901,0,0,0,0.12,0.01,0.0,0.01,0.1,0.9,-1.2,0.0,0,0,1,0,0.675,0.2
308,6,-0.6993399858474731,-0.09141720831394196,0.9202452301979065,-0.10401243852810609,0.31284579025940645,0,0,0,0.12,0.01,0.0,0.01,0.1,0.9,-1.2,0.0,0,0,1,0,0.675,0.2
308,7,-0.9629987478256226,0.2050277590751648,3.099782943725586,0.4909478128941052,0.48605278124499385,0,0,0,0.12,0.01,0.0,0.01,0.1,0.9,-1.2,0.0,0,0,1,0,0.675,0.2
309,0,-0.2599220275878906,-0.1209343671798706,1.4758836030960083,0.34526364140431104,0.14156301684459036,0,0,0,0.12,0.01,0.0,0.01,0.1,0.9,-1.2,0.0,0,0,1,0,0.675,0.2
309,1,-0.9388828277587891,-0.42251577973365784,3.0976481437683105,0.38257546432748873,0.38716934911474143,0,0,0,0.12,0.01,0.0,0.01,0.1,0.9,-1.2,0.0,0,0,1,0,0.675,0.2
309,2,0.07810074090957642,0.0003097913577221334,0.07554353773593903,0.5014372364184478,0.471345375428476,0,0,0,0.12,0.01,0.0,0.01,0.1,0.9,-1.2,0.0,0,0,1,0,0.675,0.2
309,3,-0.3788165748119354,-0.42748549580574036,0.4109542965888977,2.287589371605059,-2.2512569021715128,0,0,0,0.12,0.01,0.0,0.01,0.1,0.9,-1.2,0.0,0,0,1,0,0.675,0.2
309,4,-0.6584630608558655,0.4251381456851959,-0.9444013237953186,0.5756506983810853,-0.5371592108780335,0,0,0,0.12,0.01,0.0,0.01,0.1,0.9,-1.2,0.0,0,0,1,0,0.675,0.2
309,5,-0.26621711254119873,0.34311214089393616,0.8444051742553711,0.44170950871101083,0.416217932885974,0,0,0,0.12,0.01,0.0,0.01,0.1,0.9,-1.2,0.0,0,0,1,0,0.675,0.2
309,6,-0.6992128491401672,-0.09124669432640076,0.9345145225524902,-0.10990223051930295,0.3156029856386267,0,0,0,0.12,0.01,0.0,0.01,0.1,0.9,-1.2,0.0,0,0,1,0,0.675,0.2
309,7,-0.9639752507209778,0.2050686925649643,3.0996060371398926,0.4908270528744438,0.485848040299537,0,0,0,0.12,0.01,0.0,0.01,0.1,0.9,-1.2,0.0,0,0,1,0,0.675,0.2
310,0,-0.2598746418952942,-0.12045380473136902,1.468386173248291,0.3428671740962451,0.14710187082753723,0,0,0,0.12,0.01,0.0,0.01,0.1,0.9,-1.2,0.0,0,0,1,0,0.675,0.2
310,1,-0.9396541714668274,-0.4224819242954254,3.09783935546875,0.3819117294988673,0.3858816874780614,0,0,0,0.12,0.01,0.0,0.01,0.1,0.9,-1.2,0.0,0,0,1,0,0.675,0.2
310,2,0.07907142490148544,0.0003827476757578552,0.07447494566440582,0.5011445017278948,0.4711021451532088,0,0,0,0.12,0.01,0.0,0.01,0.1,0.9,-1.2,0.0,0,0,1,0,0.675,0.2
310,3,-0.37878474593162537,-0.42746278643608093,0.25482022762298584,2.122907599376799,-2.083089826571108,0,0,0,0.12,0.01,0.0,0.01,0.1,0.9,-1.2,0.0,0,0,1,0,0.675,0.2
310,4,-0.6584411859512329,0.42510557174682617,-0.9825754761695862,0.5742484124342859,-0.5366303229669989,0,0,0,0.12,0.01,0.0,0.01,0.1,0.9,-1.2,0.0,0,0,1,0,0.675,0.2
310,5,-0.2656469941139221,0.34375324845314026,0.8434290289878845,0.4408896485446931,0.4170101961017607,0,0,0,0.12,0.01,0.0,0.01,0.1,0.9,-1.2,0.0,0,0,1,0,0.675,0.2
310,6,-0.6990901231765747,-0.09107694029808044,0.9490920901298523,-0.11538763166255453,0.3180048298913906,0,0,0,0.12,0.01,0.0,0.01,0.1,0.9,-1.2,0.0,0,0,1,0,0.675,0.2
310,7,-0.9649514555931091,0.20510978996753693,3.0994250774383545,0.4906724926427843,0.4856707814737318,0,0,0,0.12,0.01,0.0,0.01,0.1,0.9,-1.2,0.0,0,0,1,0,0.675,0.2
311,0,-0.25982317328453064,-0.11997035890817642,1.4611718654632568,0.3402743422545156,0.15270700220692549,0,0,0,0.12,0.01,0.0,0.01,0.1,0.9,-1.2,0.0,0,0,1,0,0.675,0.2
311,1,-0.9404236078262329,-0.4224483072757721,3.0980141162872314,0.3812822661090418,0.3845497408222632,0,0,0,0.12,0.01,0.0,0.01,0.1,0.9,-1.2,0.0,0,0,1,0,0.675,0.2
311,2,0.08004166185855865,0.0004546243872027844,0.07340708374977112,0.5008325619691002,0.4708707885748755,0,0,0,0.12,0.01,0.0,0.01,0.1,0.9,-1.2,0.0,0,0,1,0,0.675,0.2
311,3,-0.37874945998191833,-0.4274478554725647,0.09532242268323898,1.7761794622934055,-1.7317749854123785,0,0,0,0.12,0.01,0.0,0.01,0.1,0.9,-1.2,0.0,0,0,1,0,0.675,0.2
311,4,-0.6584214568138123,0.42507249116897583,-1.0215182304382324,0.5686017083806411,-0.5319192740005865,0,0,0,0.12,0.01,0.0,0.01,0.1,0.9,-1.2,0.0,0,0,1,0,0.675,0.2
311,5,-0.26507624983787537,0.344393789768219,0.8425089120864868,0.44006547225505716,0.4177995632788478,0,0,0,0.12,0.01,0.0,0.01,0.1,0.9,-1.2,0.0,0,0,1,0,0.675,0.2
311,6,-0.6989714503288269,-0.09090815484523773,0.963973879814148,-0.12010637088391408,0.31968389614197834,0,0,0,0.12,0.01,0.0,0.01,0.1,0.9,-1.2,0.0,0,0,1,0,0.675,0.2
311,7,-0.9659273028373718,0.2051510363817215,3.099241256713867,0.4904866406996869,0.4855181982437945,0,0,0,0.12,0.01,0.0,0.01,0.1,0.9,-1.2,0.0,0,0,1,0,0.675,0.2
312,0,-0.25976768136024475,-0.11948417127132416,1.4542373418807983,0.33739517634274696,0.15844334656832484,0,0,0,0.12,0.01,0.0,0.01,0.1,0.9,-1.2,0.0,0,0,1,0,0.675,0.2
312,1,-0.9411910176277161,-0.4224148988723755,3.098167896270752,0.380649470134977,0.38321117277502664,0,0,0,0.12,0.01,0.0,0.01,0.1,0.9,-1.2,0.0,0,0,1,0,0.675,0.2
312,2,0.08101144433021545,0.0005254200659692287,0.07234238088130951,0.5005150174744788,0.47063758615177237,0,0,0,0.12,0.01,0.0,0.01,0.1,0.9,-1.2,0.0,0,0,1,0,0.675,0.2
312,3,-0.37871021032333374,-0.427444726228714,-0.05472174659371376,1.2144735420731256,-1.166500687846298,0,0,0,0.12,0.01,0.0,0.01,0.1,0.9,-1.2,0.0,0,0,1,0,0.675,0.2
312,4,-0.6584035158157349,0.4250393211841583,-1.060529351234436,0.5652767981029476,-0.5295007827318634,0,0,0,0.12,0.01,0.0,0.01,0.1,0.9,-1.2,0.0,0,0,1,0,0.675,0.2
312,5,-0.26450496912002563,0.34503382444381714,0.8416454195976257,0.4392657334094509,0.41855710203595314,0,0,0,0.12,0.01,0.0,0.01,0.1,0.9,-1.2,0.0,0,0,1,0,0.675,0.2
312,6,-0.6988566517829895,-0.09074044972658157,0.9791402220726013,-0.12380810762878978,0.32039170648094734,0,0,0,0.12,0.01,0.0,0.01,0.1,0.9,-1.2,0.0,0,0,1,0,0.675,0.2
312,7,-0.9669028520584106,0.2051924765110016,3.0990560054779053,0.49028480519326206,0.4853745056244564,0,0,0,0.12,0.01,0.0,0.01,0.1,0.9,-1.2,0.0,0,0,1,0,0.675,0.2
313,0,-0.259708434343338,-0.11899536848068237,1.4475876092910767,0.33444198503310635,0.1640709684867148,0,0,0,0.12,0.01,0.0,0.01,0.1,0.9,-1.2,0.0,0,0,1,0,0.675,0.2
313,1,-0.9419565200805664,-0.4223816990852356,3.098297357559204,0.38000722571382634,0.38188032464017757,0,0,0,0.12,0.01,0.0,0.01,0.1,0.9,-1.2,0.0,0,0,1,0,0.675,0.2
313,2,0.08198075741529465,0.0005951382918283343,0.07128114253282547,0.5001955778107091,0.47039858989864136,0,0,0,0.12,0.01,0.0,0.01,0.1,0.9,-1.2,0.0,0,0,1,0,0.675,0.2
313,3,-0.3786729574203491,-0.4274543225765228,-0.1838928461074829,0.4013555823224591,-0.3530542878764676,0,0,0,0.12,0.01,0.0,0.01,0.1,0.9,-1.2,0.0,0,0,1,0,0.675,0.2
313,4,-0.6583868861198425,0.42500653862953186,-1.0992345809936523,0.5690670389671374,-0.5340483229596663,0,0,0,0.12,0.01,0.0,0.01,0.1,0.9,-1.2,0.0,0,0,1,0,0.675,0.2
313,5,-0.2639331519603729,0.3456733226776123,0.8408389091491699,0.4385059024417279,0.4192672227299335,0,0,0,0.12,0.01,0.0,0.01,0.1,0.9,-1.2,0.0,0,0,1,0,0.675,0.2
313,6,-0.6987457275390625,-0.09057379513978958,0.9945423007011414,-0.12695531894743287,0.32060139228880247,0,0,0,0.12,0.01,0.0,0.01,0.1,0.9,-1.2,0.0,0,0,1,0,0.675,0.2
313,7,-0.9678780436515808,0.2052340805530548,3.0988717079162598,0.49009428360323154,0.48521216771741654,0,0,0,0.12,0.01,0.0,0.01,0.1,0.9,-1.2,0.0,0,0,1,0,0.675,0.2
314,0,-0.2596457302570343,-0.11850408464670181,1.4412357807159424,0.33180934485413033,0.16923987570785087,0,0,0,0.12,0.01,0.0,0.01,0.1,0.9,-1.2,0.0,0,0,1,0,0.675,0.2
314,1,-0.9427201151847839,-0.42234864830970764,3.098400831222534,0.3792894737877003,0.38062760661467404,0,0,0,0.12,0.01,0.0,0.01,0.1,0.9,-1.2,0.0,0,0,1,0,0.675,0.2
314,2,0.08294959366321564,0.0006637868355028331,0.0702214390039444,0.4998638637803308,0.4701640598036535,0,0,0,0.12,0.01,0.0,0.01,0.1,0.9,-1.2,0.0,0,0,1,0,0.675,0.2
314,3,-0.3786410987377167,-0.4274688959121704,-0.2756635844707489,-0.5044684216845694,0.5497866489458743,0,0,0,0.12,0.01,0.0,0.01,0.1,0.9,-1.2,0.0,0,0,1,0,0.675,0.2
314,4,-0.6583712100982666,0.424974262714386,-1.1377055644989014,0.5797682720035068,-0.5453216451018802,0,0,0,0.12,0.01,0.0,0.01,0.1,0.9,-1.2,0.0,0,0,1,0,0.675,0.2
314,5,-0.263360857963562,0.34631234407424927,0.840087354183197,0.4377967110500103,0.41991949168589054,0,0,0,0.12,0.01,0.0,0.01,0.1,0.9,-1.2,0.0,0,0,1,0,0.675,0.2
314,6,-0.698638916015625,-0.09040805697441101,1.01011061668396,-0.13050429027000104,0.3212756017915312,0,0,0,0.12,0.01,0.0,0.01,0.1,0.9,-1.2,0.0,0,0,1,0,0.675,0.2
314,7,-0.9688528776168823,0.20527584850788116,3.098689079284668,0.4899331022135549,0.48501291982013656,0,0,0,0.12,0.01,0.0,0.01,0.1,0.9,-1.2,0.0,0,0,1,0,0.675,0.2
315,0,-0.25957977771759033,-0.11801048368215561,1.4351857900619507,0.32931954703918215,0.17421685613998658,0,0,0,0.12,0.01,0.0,0.01,0.1,0.9,-1.2,0.0,0,0,1,0,0.675,0.2
315,1,-0.9434816837310791,-0.422315776348114,3.098478078842163,0.37849873993069993,0.3794326117309822,0,0,0,0.12,0.01,0.0,0.01,0.1,0.9,-1.2,0.0,0,0,1,0,0.675,0.2
315,2,0.08391795307397842,0.0007313747191801667,0.06916347146034241,0.4995212685773639,0.46993224504492004,0,0,0,0.12,0.01,0.0,0.01,0.1,0.9,-1.2,0.0,0,0,1,0,0.675,0.2
315,3,-0.3786010444164276,-0.42748400568962097,-0.31347084045410156,-1.313737147309213,1.3548457555550626,0,0,0,0.12,0.01,0.0,0.01,0.1,0.9,-1.2,0.0,0,0,1,0,0.675,0.2
315,4,-0.6583564281463623,0.4249424338340759,-1.1763700246810913,0.5943192933877206,-0.5602658597012257,0,0,0,0.12,0.01,0.0,0.01,0.1,0.9,-1.2,0.0,0,0,1,0,0.675,0.2
315,5,-0.26278814673423767,0.3469509482383728,0.8393876552581787,0.4371368908587256,0.4205151176747522,0,0,0,0.12,0.01,0.0,0.01,0.1,0.9,-1.2,0.0,0,0,1,0,0.675,0.2
315,6,-0.6985364556312561,-0.09024305641651154,1.025802493095398,-0.13397016659246405,0.3218983216570469,0,0,0,0.12,0.01,0.0,0.01,0.1,0.9,-1.2,0.0,0,0,1,0,0.675,0.2
315,7,-0.9698273539543152,0.20531778037548065,3.098507881164551,0.4898101917837301,0.48476789077776283,0,0,0,0.12,0.01,0.0,0.01,0.1,0.9,-1.2,0.0,0,0,1,0,0.675,0.2
316,0,-0.2595107853412628,-0.1175147220492363,1.429416537284851,0.32711211261641865,0.17885461034882186,0,0,0,0.12,0.01,0.0,0.01,0.1,0.9,-1.2,0.0,0,0,1,0,0.675,0.2
316,1,-0.9442412853240967,-0.4222830533981323,3.0985336303710938,0.37762884822318765,0.37830789360573075,0,0,0,0.12,0.01,0.0,0.01,0.1,0.9,-1.2,0.0,0,0,1,0,0.675,0.2
316,2,0.08488581329584122,0.0007979093352332711,0.06811006367206573,0.49918661064387104,0.46968426757573345,0,0,0,0.12,0.01,0.0,0.01,0.1,0.9,-1.2,0.0,0,0,1,0,0.675,0.2
316,3,-0.37855783104896545,-0.4274981617927551,-0.2890212833881378,-1.8876187170255065,1.9257301057088259,0,0,0,0.12,0.01,0.0,0.01,0.1,0.9,-1.2,0.0,0,0,1,0,0.675,0.2
316,4,-0.6583428382873535,0.4249107241630554,-1.2157089710235596,0.6078468871943372,-0.5740880047611611,0,0,0,0.12,0.01,0.0,0.01,0.1,0.9,-1.2,0.0,0,0,1,0,0.675,0.2
316,5,-0.2622150182723999,0.34758907556533813,0.8387364745140076,0.4365046654646599,0.42107581749508743,0,0,0,0.12,0.01,0.0,0.01,0.1,0.9,-1.2,0.0,0,0,1,0,0.675,0.2
316,6,-0.6984384655952454,-0.0900786742568016,1.0416382551193237,-0.13770531322694796,0.322832094690571,0,0,0,0.12,0.01,0.0,0.01,0.1,0.9,-1.2,0.0,0,0,1,0,0.675,0.2
316,7,-0.9708014726638794,0.20535986125469208,3.098325490951538,0.4897029630912761,0.484499848626711,0,0,0,0.12,0.01,0.0,0.01,0.1,0.9,-1.2,0.0,0,0,1,0,0.675,0.2
317,0,-0.25943875312805176,-0.11701685935258865,1.4239113330841064,0.32531617109522065,0.18300183589711944,0,0,0,0.12,0.01,0.0,0.01,0.1,0.9,-1.2,0.0,0,0,1,0,0.675,0.2
317,1,-0.9449989199638367,-0.4222504198551178,3.0985727310180664,0.3766556362505921,0.3772873898152343,0,0,0,0.12,0.01,0.0,0.01,0.1,0.9,-1.2,0.0,0,0,1,0,0.675,0.2
317,2,0.08585317432880402,0.0008633950492367148,0.06706200540065765,0.4988616285310912,0.4694182696355653,0,0,0,0.12,0.01,0.0,0.01,0.1,0.9,-1.2,0.0,0,0,1,0,0.675,0.2
317,3,-0.3785180151462555,-0.4275110960006714,-0.20660018920898438,-2.1855023141036924,2.2234551097284254,0,0,0,0.12,0.01,0.0,0.01,0.1,0.9,-1.2,0.0,0,0,1,0,0.675,0.2
317,4,-0.6583309173583984,0.4248787760734558,-1.256029486656189,0.6170627978423376,-0.5835939553359288,0,0,0,0.12,0.01,0.0,0.01,0.1,0.9,-1.2,0.0,0,0,1,0,0.675,0.2
317,5,-0.26164156198501587,0.3482268452644348,0.8381304144859314,0.4358821675595599,0.4216190412226362,0,0,0,0.12,0.01,0.0,0.01,0.1,0.9,-1.2,0.0,0,0,1,0,0.675,0.2
317,6,-0.6983450651168823,-0.089914970099926,1.0576201677322388,-0.14210585150630436,0.32448998484523256,0,0,0,0.12,0.01,0.0,0.01,0.1,0.9,-1.2,0.0,0,0,1,0,0.675,0.2
317,7,-0.971775233745575,0.20540210604667664,3.098139524459839,0.4895870614972715,0.48423320761054706,0,0,0,0.12,0.01,0.0,0.01,0.1,0.9,-1.2,0.0,0,0,1,0,0.675,0.2
318,0,-0.25936365127563477,-0.11651698499917984,1.4186491966247559,0.3239439012825538,0.18667198397516716,0,0,0,0.12,0.01,0.0,0.01,0.1,0.9,-1.2,0.0,0,0,1,0,0.675,0.2
318,1,-0.9457545280456543,-0.4222179055213928,3.0986008644104004,0.37561823177994674,0.3763308997088533,0,0,0,0.12,0.01,0.0,0.01,0.1,0.9,-1.2,0.0,0,0,1,0,0.675,0.2
318,2,0.08682002127170563,0.0009278325014747679,0.06601624935865402,0.49852751188312583,0.4691530019756694,0,0,0,0.12,0.01,0.0,0.01,0.1,0.9,-1.2,0.0,0,0,1,0,0.675,0.2
318,3,-0.378480464220047,-0.4275200664997101,-0.0806092768907547,-2.2008856929830802,2.242140798269917,0,0,0,0.12,0.01,0.0,0.01,0.1,0.9,-1.2,0.0,0,0,1,0,0.675,0.2
318,4,-0.6583211421966553,0.42484647035598755,-1.2973251342773438,0.62144084821722,-0.5882937851109215,0,0,0,0.12,0.01,0.0,0.01,0.1,0.9,-1.2,0.0,0,0,1,0,0.675,0.2
318,5,-0.26106777787208557,0.34886419773101807,0.8375667929649353,0.43524548782126776,0.42216834055168767,0,0,0,0.12,0.01,0.0,0.01,0.1,0.9,-1.2,0.0,0,0,1,0,0.675,0.2
318,6,-0.6982558369636536,-0.08975210785865784,1.0737606287002563,-0.14734966405106545,0.3270513052530384,0,0,0,0.12,0.01,0.0,0.01,0.1,0.9,-1.2,0.0,0,0,1,0,0.675,0.2
318,7,-0.9727485775947571,0.20544451475143433,3.0979483127593994,0.48943711609623597,0.4839935174486859,0,0,0,0.12,0.01,0.0,0.01,0.1,0.9,-1.2,0.0,0,0,1,0,0.675,0.2
319,0,-0.25928550958633423,-0.11601518094539642,1.4136016368865967,0.3229531846491528,0.18994287629445072,0,0,0,0.12,0.01,0.0,0.01,0.1,0.9,-1.2,0.0,0,0,1,0,0.675,0.2
319,1,-0.9465081691741943,-0.422185480594635,3.098625421524048,0.3745205609021996,0.3754314573587562,0,0,0,0.12,0.01,0.0,0.01,0.1,0.9,-1.2,0.0,0,0,1,0,0.675,0.2
319,2,0.08778634667396545,0.0009912195382639766,0.06497088819742203,0.4981723457467374,0.46890031994463827,0,0,0,0.12,0.01,0.0,0.01,0.1,0.9,-1.2,0.0,0,0,1,0,0.675,0.2
319,3,-0.3784424960613251,-0.4275219440460205,0.07028944045305252,-1.98403490659201,2.031023218747018,0,0,0,0.12,0.01,0.0,0.01,0.1,0.9,-1.2,0.0,0,0,1,0,0.675,0.2
319,4,-0.6583136916160583,0.424813836812973,-1.3393383026123047,0.62216219283483,-0.5893666220440623,0,0,0,0.12,0.01,0.0,0.01,0.1,0.9,-1.2,0.0,0,0,1,0,0.675,0.2
319,5,-0.2604936957359314,0.34950122237205505,0.8370439410209656,0.4345868919550988,0.42273085373047864,0,0,0,0.12,0.01,0.0,0.01,0.1,0.9,-1.2,0.0,0,0,1,0,0.675,0.2
319,6,-0.6981704831123352,-0.08959030359983444,1.090101957321167,-0.15357477326082544,0.330653720685714,0,0,0,0.12,0.01,0.0,0.01,0.1,0.9,-1.2,0.0,0,0,1,0,0.675,0.2
319,7,-0.9737215042114258,0.20548708736896515,3.0977516174316406,0.48923418011286257,0.4837994268932105,0,0,0,0.12,0.01,0.0,0.01,0.1,0.9,-1.2,0.0,0,0,1,0,0.675,0.2
320,0,-0.25920432806015015,-0.11551152169704437,1.4087389707565308,0.3226553788438168,0.1924427757010135,0,0,0,0.12,0.01,0.0,0.01,0.1,0.9,-1.2,0.0,0,0,1,0,0.675,0.2
320,1,-0.9472598433494568,-0.42215317487716675,3.0986521244049072,0.37341391776870625,0.3745595243089304,0,0,0,0.12,0.01,0.0,0.01,0.1,0.9,-1.2,0.0,0,0,1,0,0.675,0.2
320,2,0.0887521430850029,0.0010535542387515306,0.0639282688498497,0.49780828038192626,0.46864801367782705,0,0,0,0.12,0.01,0.0,0.01,0.1,0.9,-1.2,0.0,0,0,1,0,0.675,0.2
320,3,-0.3784196674823761,-0.42751702666282654,0.2275029867887497,-1.6369142053835675,1.689930044692068,0,0,0,0.12,0.01,0.0,0.01,0.1,0.9,-1.2,0.0,0,0,1,0,0.675,0.2
320,4,-0.6583080887794495,0.42478108406066895,-1.3817367553710938,0.6215899951138366,-0.5891220859565606,0,0,0,0.12,0.01,0.0,0.01,0.1,0.9,-1.2,0.0,0,0,1,0,0.675,0.2
320,5,-0.2599193751811981,0.350137859582901,0.8365623950958252,0.4339278749478295,0.42328550300474627,0,0,0,0.12,0.01,0.0,0.01,0.1,0.9,-1.2,0.0,0,0,1,0,0.675,0.2
320,6,-0.6980886459350586,-0.08942972868680954,1.1067055463790894,-0.16169063880158485,0.3362568928213221,0,0,0,0.12,0.01,0.0,0.01,0.1,0.9,-1.2,0.0,0,0,1,0,0.675,0.2
320,7,-0.9746941328048706,0.2055298388004303,3.0975513458251953,0.48899787552729557,0.4836308967314629,0,0,0,0.12,0.01,0.0,0.01,0.1,0.9,-1.2,0.0,0,0,1,0,0.675,0.2
321,0,-0.25912025570869446,-0.11500602215528488,1.4040316343307495,0.322799667452326,0.19450075950766546,0,0,0,0.12,0.01,0.0,0.01,0.1,0.9,-1.2,0.0,0,0,1,0,0.675,0.2
321,1,-0.9480094909667969,-0.42212098836898804,3.0986852645874023,0.3723064820954611,0.37369148324038487,0,0,0,0.12,0.01,0.0,0.01,0.1,0.9,-1.2,0.0,0,0,1,0,0.675,0.2
321,2,0.08971740305423737,0.0011148381745442748,0.06289098411798477,0.4974536141663142,0.4683776655883245,0,0,0,0.12,0.01,0.0,0.01,0.1,0.9,-1.2,0.0,0,0,1,0,0.675,0.2
321,3,-0.3784005641937256,-0.42750099301338196,0.37228813767433167,-1.1740209142612341,1.2305595966922167,0,0,0,0.12,0.01,0.0,0.01,0.1,0.9,-1.2,0.0,0,0,1,0,0.675,0.2
321,4,-0.6583038568496704,0.4247484803199768,-1.4242476224899292,0.6205413948778139,-0.5883078437332141,0,0,0,0.12,0.01,0.0,0.01,0.1,0.9,-1.2,0.0,0,0,1,0,0.675,0.2
321,5,-0.25934478640556335,0.3507741689682007,0.8361236453056335,0.4332899415156588,0.42381096247222577,0,0,0,0.12,0.01,0.0,0.01,0.1,0.9,-1.2,0.0,0,0,1,0,0.675,0.2
321,6,-0.6980100870132446,-0.08927042037248611,1.123641848564148,-0.1712165617670772,0.3433588736977336,0,0,0,0.12,0.01,0.0,0.01,0.1,0.9,-1.2,0.0,0,0,1,0,0.675,0.2
321,7,-0.9756662845611572,0.20557278394699097,3.097350597381592,0.4887504642250373,0.48346536705471727,0,0,0,0.12,0.01,0.0,0.01,0.1,0.9,-1.2,0.0,0,0,1,0,0.675,0.2
322,0,-0.2590334117412567,-0.11449874192476273,1.3994313478469849,0.32276592794672393,0.19678904470189668,0,0,0,0.12,0.01,0.0,0.01,0.1,0.9,-1.2,0.0,0,0,1,0,0.675,0.2
322,1,-0.9487571716308594,-0.4220888912677765,3.098727226257324,0.3711806042977475,0.3728223339728213,0,0,0,0.12,0.01,0.0,0.01,0.1,0.9,-1.2,0.0,0,0,1,0,0.675,0.2
322,2,0.09068211168050766,0.0011750778649002314,0.061857670545578,0.497098959468644,0.4680984844934532,0,0,0,0.12,0.01,0.0,0.01,0.1,0.9,-1.2,0.0,0,0,1,0,0.675,0.2
322,3,-0.37836840748786926,-0.4274752140045166,0.49415650963783264,-0.6280905482362563,0.6841238615106399,0,0,0,0.12,0.01,0.0,0.01,0.1,0.9,-1.2,0.0,0,0,1,0,0.675,0.2
322,4,-0.6583003401756287,0.42471617460250854,-1.466747522354126,0.619219367416378,-0.5870838770883046,0,0,0,0.12,0.01,0.0,0.01,0.1,0.9,-1.2,0.0,0,0,1,0,0.675,0.2
322,5,-0.25877001881599426,0.3514101505279541,0.835727870464325,0.4326990507501931,0.4242821075063377,0,0,0,0.12,0.01,0.0,0.01,0.1,0.9,-1.2,0.0,0,0,1,0,0.675,0.2
322,6,-0.6979350447654724,-0.08911226689815521,1.1410318613052368,-0.1805615030813973,0.35032631984241414,0,0,0,0.12,0.01,0.0,0.01,0.1,0.9,-1.2,0.0,0,0,1,0,0.675,0.2
322,7,-0.9766380190849304,0.20561590790748596,3.0971519947052,0.48853083904619704,0.4832636469996403,0,0,0,0.12,0.01,0.0,0.01,0.1,0.9,-1.2,0.0,0,0,1,0,0.675,0.2
323,0,-0.25894397497177124,-0.11398967355489731,1.3949034214019775,0.32251219789348645,0.19930286367572744,0,0,0,0.12,0.01,0.0,0.01,0.1,0.9,-1.2,0.0,0,0,1,0,0.675,0.2
323,1,-0.9495028853416443,-0.4220569133758545,3.098778247833252,0.37006407991423645,0.3719323871992585,0,0,0,0.12,0.01,0.0,0.01,0.1,0.9,-1.2,0.0,0,0,1,0,0.675,0.2
323,2,0.09164625406265259,0.0012342826230451465,0.060825638473033905,0.49673146317724254,0.46782326390024154,0,0,0,0.12,0.01,0.0,0.01,0.1,0.9,-1.2,0.0,0,0,1,0,0.675,0.2
323,3,-0.3783292770385742,-0.427443265914917,0.5849899649620056,-0.026666878285754075,0.07859979060565267,0,0,0,0.12,0.01,0.0,0.01,0.1,0.9,-1.2,0.0,0,0,1,0,0.675,0.2
323,4,-0.6582973599433899,0.4246840178966522,-1.5091890096664429,0.6170723011548199,-0.584941810166327,0,0,0,0.12,0.01,0.0,0.01,0.1,0.9,-1.2,0.0,0,0,1,0,0.675,0.2
323,5,-0.25819507241249084,0.35204583406448364,0.8353772163391113,0.4321707915921125,0.42468376639891525,0,0,0,0.12,0.01,0.0,0.01,0.1,0.9,-1.2,0.0,0,0,1,0,0.675,0.2
323,6,-0.6978636980056763,-0.08895505964756012,1.1589826345443726,-0.1894286659750931,0.3568771419320099,0,0,0,0.12,0.01,0.0,0.01,0.1,0.9,-1.2,0.0,0,0,1,0,0.675,0.2
323,7,-0.9776093363761902,0.20565921068191528,3.0969560146331787,0.48834880382999907,0.48301587312236305,0,0,0,0.12,0.01,0.0,0.01,0.1,0.9,-1.2,0.0,0,0,1,0,0.675,0.2
324,0,-0.2588519752025604,-0.11347878724336624,1.3904551267623901,0.32203768472502853,0.2019935967462239,0,0,0,0.12,0.01,0.0,0.01,0.1,0.9,-1.2,0.0,0,0,1,0,0.675,0.2
324,1,-0.9502465724945068,-0.42202508449554443,3.0988385677337646,0.3689772342826732,0.37100751646500746,0,0,0,0.12,0.01,0.0,0.01,0.1,0.9,-1.2,0.0,0,0,1,0,0.675,0.2
324,2,0.09260983020067215,0.001292461296543479,0.05979593098163605,0.4963562013893186,0.46754668929290194,0,0,0,0.12,0.01,0.0,0.01,0.1,0.9,-1.2,0.0,0,0,1,0,0.675,0.2
324,3,-0.3782874643802643,-0.42740964889526367,0.6385788321495056,0.5766291033524343,-0.5305067088502715,0,0,0,0.12,0.01,0.0,0.01,0.1,0.9,-1.2,0.0,0,0,1,0,0.675,0.2
324,4,-0.6582950353622437,0.42465195059776306,-1.5515451431274414,0.6134913128786562,-0.5812910993569371,0,0,0,0.12,0.01,0.0,0.01,0.1,0.9,-1.2,0.0,0,0,1,0,0.675,0.2
324,5,-0.2576200067996979,0.3526812195777893,0.8350560665130615,0.4316389607305793,0.4250820828561517,0,0,0,0.12,0.01,0.0,0.01,0.1,0.9,-1.2,0.0,0,0,1,0,0.675,0.2
324,6,-0.6977965831756592,-0.08879861980676651,1.1775076389312744,-0.1974752433066448,0.3626766092543682,0,0,0,0.12,0.01,0.0,0.01,0.1,0.9,-1.2,0.0,0,0,1,0,0.675,0.2
324,7,-0.9785802960395813,0.20570267736911774,3.0967612266540527,0.4882072163194106,0.4827192472845627,0,0,0,0.12,0.01,0.0,0.01,0.1,0.9,-1.2,0.0,0,0,1,0,0.675,0.2
325,0,-0.25875747203826904,-0.11296605318784714,1.3861020803451538,0.32141385725591654,0.20475395270730976,0,0,0,0.12,0.01,0.0,0.01,0.1,0.9,-1.2,0.0,0,0,1,0,0.675,0.2
325,1,-0.9509882926940918,-0.4219933748245239,3.0989081859588623,0.3679038167643747,0.3700689791989127,0,0,0,0.12,0.01,0.0,0.01,0.1,0.9,-1.2,0.0,0,0,1,0,0.675,0.2
325,2,0.09357282519340515,0.001349619822576642,0.05877138301730156,0.4959922582506061,0.4672497361303448,0,0,0,0.12,0.01,0.0,0.01,0.1,0.9,-1.2,0.0,0,0,1,0,0.675,0.2
325,3,-0.3782466948032379,-0.4273776710033417,0.6506441831588745,1.0987448369660697,-1.0580983547070344,0,0,0,0.12,0.01,0.0,0.01,0.1,0.9,-1.2,0.0,0,0,1,0,0.675,0.2
325,4,-0.6582939028739929,0.4246198236942291,-1.5937620401382446,0.6082548666066551,-0.5759570728308582,0,0,0,0.12,0.01,0.0,0.01,0.1,0.9,-1.2,0.0,0,0,1,0,0.675,0.2
325,5,-0.25704482197761536,0.35331639647483826,0.8347744941711426,0.43113534384745184,0.42544497317296454,0,0,0,0.12,0.01,0.0,0.01,0.1,0.9,-1.2,0.0,0,0,1,0,0.675,0.2
325,6,-0.6977338194847107,-0.08864286541938782,1.1965817213058472,-0.20462328641378458,0.3676528528209882,0,0,0,0.12,0.01,0.0,0.01,0.1,0.9,-1.2,0.0,0,0,1,0,0.675,0.2
325,7,-0.9795507788658142,0.20574632287025452,3.096564531326294,0.48807697614023127,0.4824032274883087,0,0,0,0.12,0.01,0.0,0.01,0.1,0.9,-1.2,0.0,0,0,1,0,0.675,0.2
326,0,-0.2586604058742523,-0.11245153844356537,1.3818564414978027,0.3207130159555914,0.20749327285895328,0,0,0,0.12,0.01,0.0,0.01,0.1,0.9,-1.2,0.0,0,0,1,0,0.675,0.2
326,1,-0.9517280459403992,-0.42196181416511536,3.0989842414855957,0.36685373551506184,0.369110860756453,0,0,0,0.12,0.01,0.0,0.01,0.1,0.9,-1.2,0.0,0,0,1,0,0.675,0.2
326,2,0.0945352241396904,0.0014057612279430032,0.05775125324726105,0.495631882505342,0.46694009606368875,0,0,0,0.12,0.01,0.0,0.01,0.1,0.9,-1.2,0.0,0,0,1,0,0.675,0.2
326,3,-0.37820956110954285,-0.42734843492507935,0.6202380657196045,1.4735074596856177,-1.4367830412838993,0,0,0,0.12,0.01,0.0,0.01,0.1,0.9,-1.2,0.0,0,0,1,0,0.675,0.2
326,4,-0.658294677734375,0.4245876371860504,-1.635745882987976,0.6006942673184202,-0.5682779981352615,0,0,0,0.12,0.01,0.0,0.01,0.1,0.9,-1.2,0.0,0,0,1,0,0.675,0.2
326,5,-0.25646957755088806,0.35395127534866333,0.8345252871513367,0.4306078237615452,0.42582354125157734,0,0,0,0.12,0.01,0.0,0.01,0.1,0.9,-1.2,0.0,0,0,1,0,0.675,0.2
326,6,-0.6976754665374756,-0.08848783373832703,1.2161533832550049,-0.21100134294561296,0.3719421390824691,0,0,0,0.12,0.01,0.0,0.01,0.1,0.9,-1.2,0.0,0,0,1,0,0.675,0.2
326,7,-0.9805207848548889,0.20579011738300323,3.096363067626953,0.4879266888684463,0.48209926776226053,0,0,0,0.12,0.01,0.0,0.01,0.1,0.9,-1.2,0.0,0,0,1,0,0.675,0.2
327,0,-0.25856074690818787,-0.1119353324174881,1.377726674079895,0.32001022011467134,0.21013631909660188,0,0,0,0.12,0.01,0.0,0.01,0.1,0.9,-1.2,0.0,0,0,1,0,0.675,0.2
327,1,-0.9524657130241394,-0.4219304025173187,3.0990657806396484,0.36582691644584325,0.3681346657379947,0,0,0,0.12,0.01,0.0,0.01,0.1,0.9,-1.2,0.0,0,0,1,0,0.675,0.2
327,2,0.0954970270395279,0.0014608852798119187,0.05673179030418396,0.495252193014858,0.4666406502316019,0,0,0,0.12,0.01,0.0,0.01,0.1,0.9,-1.2,0.0,0,0,1,0,0.675,0.2
327,3,-0.37817659974098206,-0.42732205986976624,0.551855206489563,1.674324327174026,-1.6395615088077367,0,0,0,0.12,0.01,0.0,0.01,0.1,0.9,-1.2,0.0,0,0,1,0,0.675,0.2
327,4,-0.658297598361969,0.4245555102825165,-1.6773831844329834,0.590209383902957,-0.55762675815623,0,0,0,0.12,0.01,0.0,0.01,0.1,0.9,-1.2,0.0,0,0,1,0,0.675,0.2
327,5,-0.255894273519516,0.3545859456062317,0.8343027830123901,0.4300303838111358,0.4262431481026216,0,0,0,0.12,0.01,0.0,0.01,0.1,0.9,-1.2,0.0,0,0,1,0,0.675,0.2
327,6,-0.6976211071014404,-0.08833365887403488,1.2361607551574707,-0.21687695743430108,0.3758153802334115,0,0,0,0.12,0.01,0.0,0.01,0.1,0.9,-1.2,0.0,0,0,1,0,0.675,0.2
327,7,-0.9814903736114502,0.20583409070968628,3.0961554050445557,0.48773757112704363,0.48182603227414045,0,0,0,0.12,0.01,0.0,0.01,0.1,0.9,-1.2,0.0,0,0,1,0,0.675,0.2
328,0,-0.2584584653377533,-0.11141753196716309,1.3737176656723022,0.3192827305696743,0.2127109565831882,0,0,0,0.12,0.01,0.0,0.01,0.1,0.9,-1.2,0.0,0,0,1,0,0.675,0.2
328,1,-0.9532014727592468,-0.42189911007881165,3.099151134490967,0.36480610182332274,0.3671542544121814,0,0,0,0.12,0.01,0.0,0.01,0.1,0.9,-1.2,0.0,0,0,1,0,0.675,0.2
328,2,0.09645821154117584,0.0015149891842156649,0.055712562054395676,0.49485096925259187,0.4663534999513571,0,0,0,0.12,0.01,0.0,0.01,0.1,0.9,-1.2,0.0,0,0,1,0,0.675,0.2
328,3,-0.37814560532569885,-0.42729905247688293,0.4548894762992859,1.6941257038586923,-1.65942338048156,0,0,0,0.12,0.01,0.0,0.01,0.1,0.9,-1.2,0.0,0,0,1,0,0.675,0.2
328,4,-0.6583026647567749,0.4245251417160034,-1.7185757160186768,0.5647509815499938,-0.5315038310692465,0,0,0,0.12,0.01,0.0,0.01,0.1,0.9,-1.2,0.0,0,0,1,0,0.675,0.2
328,5,-0.25531890988349915,0.35522037744522095,0.8341139554977417,0.42943677839086275,0.42666848961069365,0,0,0,0.12,0.01,0.0,0.01,0.1,0.9,-1.2,0.0,0,0,1,0,0.675,0.2
328,6,-0.6975703239440918,-0.08818051218986511,1.2565515041351318,-0.22230782843626332,0.37933204806841203,0,0,0,0.12,0.01,0.0,0.01,0.1,0.9,-1.2,0.0,0,0,1,0,0.675,0.2
328,7,-0.9824594855308533,0.20587824285030365,3.0959420204162598,0.48750569698756824,0.4815865528827321,0,0,0,0.12,0.01,0.0,0.01,0.1,0.9,-1.2,0.0,0,0,1,0,0.675,0.2
329,0,-0.2583536207675934,-0.11089824885129929,1.369828224182129,0.31845914973533673,0.2152883444853969,0,0,0,0.12,0.01,0.0,0.01,0.1,0.9,-1.2,0.0,0,0,1,0,0.675,0.2
329,1,-0.9539351463317871,-0.4218679964542389,3.099238634109497,0.36383251643502357,0.36612566017783044,0,0,0,0.12,0.01,0.0,0.01,0.1,0.9,-1.2,0.0,0,0,1,0,0.675,0.2
329,2,0.09741878509521484,0.001568072009831667,0.05469733104109764,0.49444795897930494,0.46605889746219287,0,0,0,0.12,0.01,0.0,0.01,0.1,0.9,-1.2,0.0,0,0,1,0,0.675,0.2
329,3,-0.37811383605003357,-0.4272812008857727,0.34125280380249023,1.5134505131402651,-1.4772396185556094,0,0,0,0.12,0.01,0.0,0.01,0.1,0.9,-1.2,0.0,0,0,1,0,0.675,0.2
329,4,-0.658309280872345,0.42449551820755005,-1.759089708328247,0.5306603375321987,-0.49653595196667927,0,0,0,0.12,0.01,0.0,0.01,0.1,0.9,-1.2,0.0,0,0,1,0,0.675,0.2
329,5,-0.2547435760498047,0.3558546006679535,0.8339642286300659,0.42887185909787395,0.42705620429476515,0,0,0,0.12,0.01,0.0,0.01,0.1,0.9,-1.2,0.0,0,0,1,0,0.675,0.2
329,6,-0.6975225806236267,-0.08802847564220428,1.277292013168335,-0.22718381209838046,0.38236666543948306,0,0,0,0.12,0.01,0.0,0.01,0.1,0.9,-1.2,0.0,0,0,1,0,0.675,0.2
329,7,-0.9834281206130981,0.20592258870601654,3.0957252979278564,0.4872446800029226,0.4813670968258432,0,0,0,0.12,0.01,0.0,0.01,0.1,0.9,-1.2,0.0,0,0,1,0,0.675,0.2
330,0,-0.25824636220932007,-0.11037755757570267,1.3660547733306885,0.3174801077568454,0.2179239187514859,0,0,0,0.12,0.01,0.0,0.01,0.1,0.9,-1.2,0.0,0,0,1,0,0.675,0.2
330,1,-0.9546668529510498,-0.4218370020389557,3.099327802658081,0.36286500462968263,0.3650879525236377,0,0,0,0.12,0.01,0.0,0.01,0.1,0.9,-1.2,0.0,0,0,1,0,0.675,0.2
330,2,0.09837871789932251,0.0016201373655349016,0.05368785560131073,0.49405409321852084,0.46574555411271695,0,0,0,0.12,0.01,0.0,0.01,0.1,0.9,-1.2,0.0,0,0,1,0,0.675,0.2
330,3,-0.37807992100715637,-0.42726990580558777,0.22370074689388275,1.1323145114135524,-1.093918037439563,0,0,0,0.12,0.01,0.0,0.01,0.1,0.9,-1.2,0.0,0,0,1,0,0.675,0.2
330,4,-0.658316969871521,0.42446523904800415,-1.7979964017868042,0.5013846671686292,-0.46655175374008406,0,0,0,0.12,0.01,0.0,0.01,0.1,0.9,-1.2,0.0,0,0,1,0,0.675,0.2
330,5,-0.25416824221611023,0.3564886152744293,0.8338512778282166,0.4283423532568137,0.4274015317834695,0,0,0,0.12,0.01,0.0,0.01,0.1,0.9,-1.2,0.0,0,0,1,0,0.675,0.2
330,6,-0.6974779963493347,-0.08787751942873001,1.2983531951904297,-0.23129958613963067,0.3846981446370596,0,0,0,0.12,0.01,0.0,0.01,0.1,0.9,-1.2,0.0,0,0,1,0,0.675,0.2
330,7,-0.9843962788581848,0.20596714317798615,3.0955076217651367,0.4869776858140014,0.4811448560904481,0,0,0,0.12,0.01,0.0,0.01,0.1,0.9,-1.2,0.0,0,0,1,0,0.675,0.2
331,0,-0.2581367790699005,-0.1098555400967598,1.3623982667922974,0.31637387068807815,0.2205951949781206,0,0,0,0.12,0.01,0.0,0.01,0.1,0.9,-1.2,0.0,0,0,1,0,0.675,0.2
331,1,-0.9553965926170349,-0.4218061864376068,3.0994157791137695,0.36193251332008375,0.3640123037461089,0,0,0,0.12,0.01,0.0,0.01,0.1,0.9,-1.2,0.0,0,0,1,0,0.675,0.2
331,2,0.09933800995349884,0.0016711930511519313,0.05268135666847229,0.493652477708981,0.46543036416418787,0,0,0,0.12,0.01,0.0,0.01,0.1,0.9,-1.2,0.0,0,0,1,0,0.675,0.2
331,3,-0.3780437707901001,-0.42726463079452515,0.11617107689380646,0.600712380072685,-0.5606329130741079,0,0,0,0.12,0.01,0.0,0.01,0.1,0.9,-1.2,0.0,0,0,1,0,0.675,0.2
331,4,-0.6583253145217896,0.42443394660949707,-1.8345884084701538,0.48340247580868717,-0.44812018433672896,0,0,0,0.12,0.01,0.0,0.01,0.1,0.9,-1.2,0.0,0,0,1,0,0.675,0.2
331,5,-0.25359299778938293,0.3571224510669708,0.8337717056274414,0.4278518978365086,0.42770143115442766,0,0,0,0.12,0.01,0.0,0.01,0.1,0.9,-1.2,0.0,0,0,1,0,0.675,0.2
331,6,-0.6974366903305054,-0.08772754669189453,1.3196982145309448,-0.23474426032939147,0.386410052198555,0,0,0,0.12,0.01,0.0,0.01,0.1,0.9,-1.2,0.0,0,0,1,0,0.675,0.2
331,7,-0.9853639602661133,0.20601189136505127,3.0952911376953125,0.4867293660319649,0.48089511946074137,0,0,0,0.12,0.01,0.0,0.01,0.1,0.9,-1.2,0.0,0,0,1,0,0.675,0.2
332,0,-0.25802505016326904,-0.10933225601911545,1.358866810798645,0.31522644140650924,0.2232342304951937,0,0,0,0.12,0.01,0.0,0.01,0.1,0.9,-1.2,0.0,0,0,1,0,0.675,0.2
332,1,-0.9561242461204529,-0.4217755198478699,3.099501132965088,0.3609907499424734,0.3629437216647349,0,0,0,0.12,0.01,0.0,0.01,0.1,0.9,-1.2,0.0,0,0,1,0,0.675,0.2
332,2,0.10029665380716324,0.0017212488455697894,0.05167585238814354,0.49323517310658205,0.4651209689374854,0,0,0,0.12,0.01,0.0,0.01,0.1,0.9,-1.2,0.0,0,0,1,0,0.675,0.2
332,3,-0.37800559401512146,-0.4272629916667938,0.032781586050987244,0.02146289059869902,0.0191593474710737,0,0,0,0.12,0.01,0.0,0.01,0.1,0.9,-1.2,0.0,0,0,1,0,0.675,0.2
332,4,-0.6583344340324402,0.42440173029899597,-1.8690208196640015,0.4767605050139345,-0.4412567897372163,0,0,0,0.12,0.01,0.0,0.01,0.1,0.9,-1.2,0.0,0,0,1,0,0.675,0.2
332,5,-0.2530178129673004,0.357756108045578,0.8337273001670837,0.4274034341358948,0.42795290150405885,0,0,0,0.12,0.01,0.0,0.01,0.1,0.9,-1.2,0.0,0,0,1,0,0.675,0.2
332,6,-0.6973991990089417,-0.0875784307718277,1.3412777185440063,-0.2376863455100432,0.38767326825097953,0,0,0,0.12,0.01,0.0,0.01,0.1,0.9,-1.2,0.0,0,0,1,0,0.675,0.2
332,7,-0.9863311648368835,0.20605681836605072,3.095076084136963,0.4865099415038213,0.48060778529900455,0,0,0,0.12,0.01,0.0,0.01,0.1,0.9,-1.2,0.0,0,0,1,0,0.675,0.2
333,0,-0.2579112946987152,-0.10880779474973679,1.3554682731628418,0.31409373769251164,0.22579369059117976,0,0,0,0.12,0.01,0.0,0.01,0.1,0.9,-1.2,0.0,0,0,1,0,0.675,0.2
333,1,-0.956849992275238,-0.4217449724674225,3.099581718444824,0.36000262973907005,0.3619203639209031,0,0,0,0.12,0.01,0.0,0.01,0.1,0.9,-1.2,0.0,0,0,1,0,0.675,0.2
333,2,0.10125462710857391,0.001770312781445682,0.050674036145210266,0.49281542237678405,0.46480406586250433,0,0,0,0.12,0.01,0.0,0.01,0.1,0.9,-1.2,0.0,0,0,1,0,0.675,0.2
333,3,-0.3779658377170563,-0.4272635579109192,-0.01538414042443037,-0.5245820419261699,0.5649086111555344,0,0,0,0.12,0.01,0.0,0.01,0.1,0.9,-1.2,0.0,0,0,1,0,0.675,0.2
333,4,-0.6583444476127625,0.4243690073490143,-1.90200674533844,0.4768350377631846,-0.44122315868265055,0,0,0,0.12,0.01,0.0,0.01,0.1,0.9,-1.2,0.0,0,0,1,0,0.675,0.2
333,5,-0.25244274735450745,0.35838961601257324,0.8337170481681824,0.42699571029057093,0.4281566582549613,0,0,0,0.12,0.01,0.0,0.01,0.1,0.9,-1.2,0.0,0,0,1,0,0.675,0.2
333,6,-0.697365939617157,-0.08743011206388474,1.36304771900177,-0.2402285433150322,0.388592535886863,0,0,0,0.12,0.01,0.0,0.01,0.1,0.9,-1.2,0.0,0,0,1,0,0.675,0.2
333,7,-0.9872978329658508,0.2061019241809845,3.0948612689971924,0.48631805634052405,0.4802840902849947,0,0,0,0.12,0.01,0.0,0.01,0.1,0.9,-1.2,0.0,0,0,1,0,0.675,0.2
334,0,-0.2577955722808838,-0.10828221589326859,1.3522032499313354,0.3130538543419505,0.22820638812020777,0,0,0,0.12,0.01,0.0,0.01,0.1,0.9,-1.2,0.0,0,0,1,0,0.675,0.2
334,1,-0.957573652267456,-0.42171457409858704,3.0996572971343994,0.3589823037353538,0.36092951000060813,0,0,0,0.12,0.01,0.0,0.01,0.1,0.9,-1.2,0.0,0,0,1,0,0.675,0.2
334,2,0.10221192240715027,0.001818390446715057,0.04967837780714035,0.49240913629351196,0.4644635653513855,0,0,0,0.12,0.01,0.0,0.01,0.1,0.9,-1.2,0.0,0,0,1,0,0.675,0.2
334,3,-0.3779253661632538,-0.4272646903991699,-0.023525290191173553,-0.9575735808108027,0.9975412257704909,0,0,0,0.12,0.01,0.0,0.01,0.1,0.9,-1.2,0.0,0,0,1,0,0.675,0.2
334,4,-0.6583557724952698,0.4243362545967102,-1.9343528747558594,0.4770143528252685,-0.441284378316983,0,0,0,0.12,0.01,0.0,0.01,0.1,0.9,-1.2,0.0,0,0,1,0,0.675,0.2
334,5,-0.25186780095100403,0.35902297496795654,0.8337337970733643,0.42658907072858526,0.42835122449083607,0,0,0,0.12,0.01,0.0,0.01,0.1,0.9,-1.2,0.0,0,0,1,0,0.675,0.2
334,6,-0.6973369717597961,-0.08728259801864624,1.384973406791687,-0.24260340813270798,0.3894082326041816,0,0,0,0.12,0.01,0.0,0.01,0.1,0.9,-1.2,0.0,0,0,1,0,0.675,0.2
334,7,-0.9882639646530151,0.2061472088098526,3.094644784927368,0.48613766049815305,0.4799400844626319,0,0,0,0.12,0.01,0.0,0.01,0.1,0.9,-1.2,0.0,0,0,1,0,0.675,0.2
335,0,-0.2576778531074524,-0.10775560885667801,1.3490668535232544,0.3121315463430028,0.23044792572196912,0,0,0,0.12,0.01,0.0,0.01,0.1,0.9,-1.2,0.0,0,0,1,0,0.675,0.2
335,1,-0.9582953453063965,-0.4216843247413635,3.0997307300567627,0.35794441890374273,0.35995794344290644,0,0,0,0.12,0.01,0.0,0.01,0.1,0.9,-1.2,0.0,0,0,1,0,0.675,0.2
335,2,0.1031685322523117,0.0018654842860996723,0.04868630692362785,0.4919990849698644,0.4641165184770962,0,0,0,0.12,0.01,0.0,0.01,0.1,0.9,-1.2,0.0,0,0,1,0,0.675,0.2
335,3,-0.37788504362106323,-0.42726612091064453,0.0074027166701853275,-1.2553292558843572,1.29562797111816,0,0,0,0.12,0.01,0.0,0.01,0.1,0.9,-1.2,0.0,0,0,1,0,0.675,0.2
335,4,-0.658368706703186,0.4243038594722748,-1.9666023254394531,0.4716161795029249,-0.43566459120007417,0,0,0,0.12,0.01,0.0,0.01,0.1,0.9,-1.2,0.0,0,0,1,0,0.675,0.2
335,5,-0.25129303336143494,0.3596562147140503,0.8337709307670593,0.4261516166567543,0.42856766453984,0,0,0,0.12,0.01,0.0,0.01,0.1,0.9,-1.2,0.0,0,0,1,0,0.675,0.2
335,6,-0.69731205701828,-0.08713600784540176,1.4070255756378174,-0.2449802776368024,0.39029540322140477,0,0,0,0.12,0.01,0.0,0.01,0.1,0.9,-1.2,0.0,0,0,1,0,0.675,0.2
335,7,-0.9892296195030212,0.20619267225265503,3.09442400932312,0.48594402353934,0.4796000810367709,0,0,0,0.12,0.01,0.0,0.01,0.1,0.9,-1.2,0.0,0,0,1,0,0.675,0.2
336,0,-0.2575581669807434,-0.10722802579402924,1.3460524082183838,0.3113380980769057,0.23250916478243883,0,0,0,0.12,0.01,0.0,0.01,0.1,0.9,-1.2,0.0,0,0,1,0,0.675,0.2
336,1,-0.9590150713920593,-0.42165419459342957,3.0998048782348633,0.356886058115661,0.3590089986088874,0,0,0,0.12,0.01,0.0,0.01,0.1,0.9,-1.2,0.0,0,0,1,0,0.675,0.2
336,2,0.10412444919347763,0.0019115934846922755,0.04769400134682655,0.49156271900556775,0.46378559384919915,0,0,0,0.12,0.01,0.0,0.01,0.1,0.9,-1.2,0.0,0,0,1,0,0.675,0.2
336,3,-0.3778449296951294,-0.42726758122444153,0.06971302628517151,-1.4224359810692784,1.4641809471292015,0,0,0,0.12,0.01,0.0,0.01,0.1,0.9,-1.2,0.0,0,0,1,0,0.675,0.2
336,4,-0.6583833694458008,0.42427197098731995,-1.9988571405410767,0.45820071267171086,-0.42189691307230176,0,0,0,0.12,0.01,0.0,0.01,0.1,0.9,-1.2,0.0,0,0,1,0,0.675,0.2
336,5,-0.2507184147834778,0.3602893054485321,0.833831250667572,0.42569151855268655,0.428797331087206,0,0,0,0.12,0.01,0.0,0.01,0.1,0.9,-1.2,0.0,0,0,1,0,0.675,0.2
336,6,-0.6972906589508057,-0.08699044585227966,1.429189682006836,-0.24752164999235693,0.3914219997285706,0,0,0,0.12,0.01,0.0,0.01,0.1,0.9,-1.2,0.0,0,0,1,0,0.675,0.2
336,7,-0.9901947379112244,0.20623832941055298,3.0941975116729736,0.4857150419853877,0.4792860642768194,0,0,0,0.12,0.01,0.0,0.01,0.1,0.9,-1.2,0.0,0,0,1,0,0.675,0.2
337,0,-0.25743651390075684,-0.10669952630996704,1.3431522846221924,0.31084052601454815,0.23423274478318132,0,0,0,0.12,0.01,0.0,0.01,0.1,0.9,-1.2,0.0,0,0,1,0,0.675,0.2
337,1,-0.9597327709197998,-0.42162421345710754,3.099881172180176,0.35584044259551956,0.3580549379014592,0,0,0,0.12,0.01,0.0,0.01,0.1,0.9,-1.2,0.0,0,0,1,0,0.675,0.2
337,2,0.10507965087890625,0.0019567161798477173,0.046702995896339417,0.49110934027670705,0.46346125117303044,0,0,0,0.12,0.01,0.0,0.01,0.1,0.9,-1.2,0.0,0,0,1,0,0.675,0.2
337,3,-0.3778091371059418,-0.4272662103176117,0.15528099238872528,-1.4268214524152358,1.47109408382202,0,0,0,0.12,0.01,0.0,0.01,0.1,0.9,-1.2,0.0,0,0,1,0,0.675,0.2
337,4,-0.6583995223045349,0.42424049973487854,-2.0308022499084473,0.43855071611753355,-0.40179332517138366,0,0,0,0.12,0.01,0.0,0.01,0.1,0.9,-1.2,0.0,0,0,1,0,0.675,0.2
337,5,-0.25014400482177734,0.36092227697372437,0.8339194059371948,0.42524141093042767,0.42900818566533655,0,0,0,0.12,0.01,0.0,0.01,0.1,0.9,-1.2,0.0,0,0,1,0,0.675,0.2
337,6,-0.6972722411155701,-0.0868460014462471,1.451467514038086,-0.25077684276301404,0.39336225443083783,0,0,0,0.12,0.01,0.0,0.01,0.1,0.9,-1.2,0.0,0,0,1,0,0.675,0.2
337,7,-0.9911592602729797,0.20628418028354645,3.093966007232666,0.485449516667714,0.47899887572349076,0,0,0,0.12,0.01,0.0,0.01,0.1,0.9,-1.2,0.0,0,0,1,0,0.675,0.2
338,0,-0.2573130130767822,-0.106170155107975,1.340355634689331,0.3107153435764016,0.2355636099758445,0,0,0,0.12,0.01,0.0,0.01,0.1,0.9,-1.2,0.0,0,0,1,0,0.675,0.2
338,1,-0.9604484438896179,-0.42159438133239746,3.099961280822754,0.35481398375925977,0.35709072081151055,0,0,0,0.12,0.01,0.0,0.01,0.1,0.9,-1.2,0.0,0,0,1,0,0.675,0.2
338,2,0.10603413730859756,0.0020008529536426067,0.04571782797574997,0.4906650063055166,0.46311737332171116,0,0,0,0.12,0.01,0.0,0.01,0.1,0.9,-1.2,0.0,0,0,1,0,0.675,0.2
338,3,-0.3777785897254944,-0.42725875973701477,0.25466394424438477,-1.2611578338033682,1.3082501411623484,0,0,0,0.12,0.01,0.0,0.01,0.1,0.9,-1.2,0.0,0,0,1,0,0.675,0.2
338,4,-0.6584169268608093,0.42420923709869385,-2.0619044303894043,0.41657775264301,-0.3793210163346737,0,0,0,0.12,0.01,0.0,0.01,0.1,0.9,-1.2,0.0,0,0,1,0,0.675,0.2
338,5,-0.2495698183774948,0.36155515909194946,0.834034264087677,0.4248051013952228,0.4291968975061444,0,0,0,0.12,0.01,0.0,0.01,0.1,0.9,-1.2,0.0,0,0,1,0,0.675,0.2
338,6,-0.6972564458847046,-0.08670268207788467,1.473872423171997,-0.2550729515312939,0.396459982013586,0,0,0,0.12,0.01,0.0,0.01,0.1,0.9,-1.2,0.0,0,0,1,0,0.675,0.2
338,7,-0.9921233057975769,0.20633023977279663,3.093730926513672,0.48515395912626424,0.47873170581361607,0,0,0,0.12,0.01,0.0,0.01,0.1,0.9,-1.2,0.0,0,0,1,0,0.675,0.2
339,0,-0.25718769431114197,-0.10563992708921432,1.337640404701233,0.3107581279355561,0.23674051546272876,0,0,0,0.12,0.01,0.0,0.01,0.1,0.9,-1.2,0.0,0,0,1,0,0.675,0.2
339,1,-0.9611620903015137,-0.42156466841697693,3.1000449657440186,0.3537840458064732,0.35612980402415423,0,0,0,0.12,0.01,0.0,0.01,0.1,0.9,-1.2,0.0,0,0,1,0,0.675,0.2
339,2,0.10698789358139038,0.002044009743258357,0.0447385273873806,0.49022971684776484,0.4627537817255384,0,0,0,0.12,0.01,0.0,0.01,0.1,0.9,-1.2,0.0,0,0,1,0,0.675,0.2
339,3,-0.37774643301963806,-0.427243709564209,0.3566608428955078,-0.9536571753870602,1.0025775199483986,0,0,0,0.12,0.01,0.0,0.01,0.1,0.9,-1.2,0.0,0,0,1,0,0.675,0.2
339,4,-0.6584351062774658,0.424177885055542,-2.0916972160339355,0.3972193181527553,-0.35948803573974947,0,0,0,0.12,0.01,0.0,0.01,0.1,0.9,-1.2,0.0,0,0,1,0,0.675,0.2
339,5,-0.24899587035179138,0.3621879518032074,0.8341713547706604,0.42437575301588587,0.4293710187965531,0,0,0,0.12,0.01,0.0,0.01,0.1,0.9,-1.2,0.0,0,0,1,0,0.675,0.2
339,6,-0.6972432732582092,-0.0865604355931282,1.4964492321014404,-0.259974557834479,0.40025544531902946,0,0,0,0.12,0.01,0.0,0.01,0.1,0.9,-1.2,0.0,0,0,1,0,0.675,0.2
339,7,-0.9930867552757263,0.20637650787830353,3.0934946537017822,0.4848521194300928,0.4784607448734961,0,0,0,0.12,0.01,0.0,0.01,0.1,0.9,-1.2,0.0,0,0,1,0,0.675,0.2
340,0,-0.2570607364177704,-0.10510885715484619,1.3349800109863281,0.3108294390330408,0.23789855016373654,0,0,0,0.12,0.01,0.0,0.01,0.1,0.9,-1.2,0.0,0,0,1,0,0.675,0.2
340,1,-0.9618737697601318,-0.4215351343154907,3.1001312732696533,0.35277736066388227,0.3551447999615755,0,0,0,0.12,0.01,0.0,0.01,0.1,0.9,-1.2,0.0,0,0,1,0,0.675,0.2
340,2,0.10794089734554291,0.0020861956290900707,0.043760985136032104,0.4897815867484991,0.46239230193481995,0,0,0,0.12,0.01,0.0,0.01,0.1,0.9,-1.2,0.0,0,0,1,0,0.675,0.2
340,3,-0.3777118921279907,-0.42722201347351074,0.4493727684020996,-0.5527176231375578,0.6015702605477217,0,0,0,0.12,0.01,0.0,0.01,0.1,0.9,-1.2,0.0,0,0,1,0,0.675,0.2
340,4,-0.6584539413452148,0.42414629459381104,-2.1199607849121094,0.3830254715085733,-0.34487594330317856,0,0,0,0.12,0.01,0.0,0.01,0.1,0.9,-1.2,0.0,0,0,1,0,0.675,0.2
340,5,-0.24842217564582825,0.3628206253051758,0.8343310952186584,0.42396244302370184,0.4295219491424359,0,0,0,0.12,0.01,0.0,0.01,0.1,0.9,-1.2,0.0,0,0,1,0,0.675,0.2
340,6,-0.697233259677887,-0.08641916513442993,1.5192686319351196,-0.2649388085042962,0.4042004714643487,0,0,0,0.12,0.01,0.0,0.01,0.1,0.9,-1.2,0.0,0,0,1,0,0.675,0.2
340,7,-0.994049608707428,0.20642298460006714,3.09325909614563,0.48456706166151414,0.478162988425461,0,0,0,0.12,0.01,0.0,0.01,0.1,0.9,-1.2,0.0,0,0,1,0,0.675,0.2
341,0,-0.2569321393966675,-0.10457692295312881,1.332362413406372,0.3108138840768812,0.2391327816869738,0,0,0,0.12,0.01,0.0,0.01,0.1,0.9,-1.2,0.0,0,0,1,0,0.675,0.2
341,1,-0.9625834822654724,-0.42150571942329407,3.100220203399658,0.3517482426841059,0.3541816922943791,0,0,0,0.12,0.01,0.0,0.01,0.1,0.9,-1.2,0.0,0,0,1,0,0.675,0.2
341,2,0.10889315605163574,0.0021274201571941376,0.04278447479009628,0.48931752594541167,0.4620357855932847,0,0,0,0.12,0.01,0.0,0.01,0.1,0.9,-1.2,0.0,0,0,1,0,0.675,0.2
341,3,-0.3776748776435852,-0.4271964728832245,0.5224156379699707,-0.11959145676689138,0.16659651782708157,0,0,0,0.12,0.01,0.0,0.01,0.1,0.9,-1.2,0.0,0,0,1,0,0.675,0.2
341,4,-0.658473551273346,0.4241144359111786,-2.146810531616211,0.37416777735446133,-0.33566204806659855,0,0,0,0.12,0.01,0.0,0.01,0.1,0.9,-1.2,0.0,0,0,1,0,0.675,0.2
341,5,-0.2478487491607666,0.3634531795978546,0.834516167640686,0.4235735104851957,0.42964134947726773,0,0,0,0.12,0.01,0.0,0.01,0.1,0.9,-1.2,0.0,0,0,1,0,0.675,0.2
341,6,-0.6972268223762512,-0.08627880364656448,1.542382836341858,-0.269336797820565,0.4076566924920052,0,0,0,0.12,0.01,0.0,0.01,0.1,0.9,-1.2,0.0,0,0,1,0,0.675,0.2
341,7,-0.9950119256973267,0.20646965503692627,3.093024492263794,0.4843059925236212,0.47783134897570745,0,0,0,0.12,0.01,0.0,0.01,0.1,0.9,-1.2,0.0,0,0,1,0,0.675,0.2
342,0,-0.256801962852478,-0.104044109582901,1.3297847509384155,0.31064699460433004,0.2404856843812657,0,0,0,0.12,0.01,0.0,0.01,0.1,0.9,-1.2,0.0,0,0,1,0,0.675,0.2
342,1,-0.9632912278175354,-0.42147645354270935,3.1003100872039795,0.3507051931388269,0.3532337678902258,0,0,0,0.12,0.01,0.0,0.01,0.1,0.9,-1.2,0.0,0,0,1,0,0.675,0.2
342,2,0.1098446398973465,0.0021676900796592236,0.0418129563331604,0.4888589167632575,0.46166285037617727,0,0,0,0.12,0.01,0.0,0.01,0.1,0.9,-1.2,0.0,0,0,1,0,0.675,0.2
342,3,-0.377636194229126,-0.4271699786186218,0.568551242351532,0.2820628008121684,-0.23780407591406844,0,0,0,0.12,0.01,0.0,0.01,0.1,0.9,-1.2,0.0,0,0,1,0,0.675,0.2
342,4,-0.6584941148757935,0.4240821301937103,-2.172574520111084,0.3719474550214191,-0.33318358546761473,0,0,0,0.12,0.01,0.0,0.01,0.1,0.9,-1.2,0.0,0,0,1,0,0.675,0.2
342,5,-0.24727563560009003,0.36408570408821106,0.8347238302230835,0.42319597428056027,0.4297420817115662,0,0,0,0.12,0.01,0.0,0.01,0.1,0.9,-1.2,0.0,0,0,1,0,0.675,0.2
342,6,-0.6972244381904602,-0.08613935858011246,1.5658091306686401,-0.27271494785419914,0.4101605168925903,0,0,0,0.12,0.01,0.0,0.01,0.1,0.9,-1.2,0.0,0,0,1,0,0.675,0.2
342,7,-0.9959736466407776,0.20651651918888092,3.092789649963379,0.4840673993679309,0.4774675775912977,0,0,0,0.12,0.01,0.0,0.01,0.1,0.9,-1.2,0.0,0,0,1,0,0.675,0.2
343,0,-0.25667017698287964,-0.10351043194532394,1.3272496461868286,0.3103501685463867,0.24191815773611453,0,0,0,0.12,0.01,0.0,0.01,0.1,0.9,-1.2,0.0,0,0,1,0,0.675,0.2
343,1,-0.963996946811676,-0.4214473366737366,3.100402355194092,0.3496520029318147,0.35230003726365045,0,0,0,0.12,0.01,0.0,0.01,0.1,0.9,-1.2,0.0,0,0,1,0,0.675,0.2
343,2,0.11079534888267517,0.002207010518759489,0.040847569704055786,0.48841266072309536,0.4612665351577946,0,0,0,0.12,0.01,0.0,0.01,0.1,0.9,-1.2,0.0,0,0,1,0,0.675,0.2
343,3,-0.3775976300239563,-0.42714402079582214,0.5846691727638245,0.6107272532803213,-0.5692392353934443,0,0,0,0.12,0.01,0.0,0.01,0.1,0.9,-1.2,0.0,0,0,1,0,0.675,0.2
343,4,-0.6585158705711365,0.4240502119064331,-2.1976277828216553,0.365426939156436,-0.32632669451513197,0,0,0,0.12,0.01,0.0,0.01,0.1,0.9,-1.2,0.0,0,0,1,0,0.675,0.2
343,5,-0.24670282006263733,0.36471810936927795,0.8349474668502808,0.42279304470013174,0.429859922276034,0,0,0,0.12,0.01,0.0,0.01,0.1,0.9,-1.2,0.0,0,0,1,0,0.675,0.2
343,6,-0.6972261071205139,-0.08600085973739624,1.5895193815231323,-0.2749821096589922,0.41162878274229764,0,0,0,0.12,0.01,0.0,0.01,0.1,0.9,-1.2,0.0,0,0,1,0,0.675,0.2
343,7,-0.9969347715377808,0.2065635621547699,3.092552900314331,0.4838390664788055,0.47708347275535595,0,0,0,0.12,0.01,0.0,0.01,0.1,0.9,-1.2,0.0,0,0,1,0,0.675,0.2
344,0,-0.2565367817878723,-0.10297593474388123,1.324764370918274,0.30999567200747236,0.24335310767087237,0,0,0,0.12,0.01,0.0,0.01,0.1,0.9,-1.2,0.0,0,0,1,0,0.675,0.2
344,1,-0.9647006988525391,-0.42141836881637573,3.1004981994628906,0.3486021164843098,0.3513689037374005,0,0,0,0.12,0.01,0.0,0.01,0.1,0.9,-1.2,0.0,0,0,1,0,0.675,0.2
344,2,0.11174526065587997,0.002245382172986865,0.03988375514745712,0.4879520892461217,0.4608734489122951,0,0,0,0.12,0.01,0.0,0.01,0.1,0.9,-1.2,0.0,0,0,1,0,0.675,0.2
344,3,-0.3775606155395508,-0.4271188974380493,0.5720553994178772,0.8554874795476031,-0.8163043732741905,0,0,0,0.12,0.01,0.0,0.01,0.1,0.9,-1.2,0.0,0,0,1,0,0.675,0.2
344,4,-0.6585389375686646,0.4240192472934723,-2.222421646118164,0.3464010739307164,-0.3067796201984643,0,0,0,0.12,0.01,0.0,0.01,0.1,0.9,-1.2,0.0,0,0,1,0,0.675,0.2
344,5,-0.2461303472518921,0.3653504550457001,0.8351853489875793,0.42235865999922306,0.4300002176596209,0,0,0,0.12,0.01,0.0,0.01,0.1,0.9,-1.2,0.0,0,0,1,0,0.675,0.2
344,6,-0.6972314715385437,-0.08586333692073822,1.6134493350982666,-0.27636163135893516,0.41229085823424033,0,0,0,0.12,0.01,0.0,0.01,0.1,0.9,-1.2,0.0,0,0,1,0,0.675,0.2
344,7,-0.9978952407836914,0.2066108137369156,3.0923120975494385,0.483599242920056,0.4767004277762026,0,0,0,0.12,0.01,0.0,0.01,0.1,0.9,-1.2,0.0,0,0,1,0,0.675,0.2
345,0,-0.2564017176628113,-0.10244067013263702,1.3223379850387573,0.30964278865253186,0.24472636293972283,0,0,0,0.12,0.01,0.0,0.01,0.1,0.9,-1.2,0.0,0,0,1,0,0.675,0.2
345,1,-0.9654024243354797,-0.42138954997062683,3.100598096847534,0.3475703996053937,0.350425859130263,0,0,0,0.12,0.01,0.0,0.01,0.1,0.9,-1.2,0.0,0,0,1,0,0.675,0.2
345,2,0.11269437521696091,0.0022828043438494205,0.03891857713460922,0.48746109377403096,0.46049970019798436,0,0,0,0.12,0.01,0.0,0.01,0.1,0.9,-1.2,0.0,0,0,1,0,0.675,0.2
345,3,-0.37752583622932434,-0.4270951449871063,0.5352582931518555,1.0054077932815828,-0.9677548052947799,0,0,0,0.12,0.01,0.0,0.01,0.1,0.9,-1.2,0.0,0,0,1,0,0.675,0.2
345,4,-0.6585633158683777,0.423988938331604,-2.2468066215515137,0.3189923090307665,-0.2787367736368132,0,0,0,0.12,0.01,0.0,0.01,0.1,0.9,-1.2,0.0,0,0,1,0,0.675,0.2
345,5,-0.2455582171678543,0.3659827411174774,0.8354429006576538,0.42191718013039364,0.4301389059329914,0,0,0,0.12,0.01,0.0,0.01,0.1,0.9,-1.2,0.0,0,0,1,0,0.675,0.2
345,6,-0.6972399353981018,-0.0857267826795578,1.6375246047973633,-0.2771243590128013,0.41241837918873514,0,0,0,0.12,0.01,0.0,0.01,0.1,0.9,-1.2,0.0,0,0,1,0,0.675,0.2
345,7,-0.9988551139831543,0.2066582590341568,3.0920660495758057,0.48333325632980245,0.4763329362017832,0,0,0,0.12,0.01,0.0,0.01,0.1,0.9,-1.2,0.0,0,0,1,0,0.675,0.2
346,0,-0.2562650442123413,-0.10190469026565552,1.3199756145477295,0.3092917515199276,0.24603488908599894,0,0,0,0.12,0.01,0.0,0.01,0.1,0.9,-1.2,0.0,0,0,1,0,0.675,0.2
346,1,-0.9661022424697876,-0.42136088013648987,3.1007025241851807,0.34657310457044566,0.3494529822368053,0,0,0,0.12,0.01,0.0,0.01,0.1,0.9,-1.2,0.0,0,0,1,0,0.675,0.2
346,2,0.11364267021417618,0.0023192751687020063,0.037956032902002335,0.4869608967649451,0.4601239473474511,0,0,0,0.12,0.01,0.0,0.01,0.1,0.9,-1.2,0.0,0,0,1,0,0.675,0.2
346,3,-0.37749215960502625,-0.42707380652427673,0.480009526014328,1.0378668102727275,-1.0007803905115467,0,0,0,0.12,0.01,0.0,0.01,0.1,0.9,-1.2,0.0,0,0,1,0,0.675,0.2
346,4,-0.6585888862609863,0.423958957195282,-2.2700138092041016,0.28961519636049043,-0.2486880470050789,0,0,0,0.12,0.01,0.0,0.01,0.1,0.9,-1.2,0.0,0,0,1,0,0.675,0.2
346,5,-0.24498645961284637,0.36661496758461,0.8357234001159668,0.4214890705780739,0.43025593884422836,0,0,0,0.12,0.01,0.0,0.01,0.1,0.9,-1.2,0.0,0,0,1,0,0.675,0.2
346,6,-0.6972509622573853,-0.0855911523103714,1.6616841554641724,-0.2774142954419416,0.4121458563874525,0,0,0,0.12,0.01,0.0,0.01,0.1,0.9,-1.2,0.0,0,0,1,0,0.675,0.2
346,7,-0.9998143911361694,0.20670591294765472,3.0918147563934326,0.4830316661168388,0.47599025980936965,0,0,0,0.12,0.01,0.0,0.01,0.1,0.9,-1.2,0.0,0,0,1,0,0.675,0.2
347,0,-0.2561267614364624,-0.10136804729700089,1.3176747560501099,0.30888800221892465,0.24732937019852533,0,0,0,0.12,0.01,0.0,0.01,0.1,0.9,-1.2,0.0,0,0,1,0,0.675,0.2
347,1,-0.9668000340461731,-0.42133235931396484,3.1008107662200928,0.34561126960468175,0.34844708906459926,0,0,0,0.12,0.01,0.0,0.01,0.1,0.9,-1.2,0.0,0,0,1,0,0.675,0.2
347,2,0.11459013819694519,0.0023547972086817026,0.03700057417154312,0.48647488583857873,0.45972268353169116,0,0,0,0.12,0.01,0.0,0.01,0.1,0.9,-1.2,0.0,0,0,1,0,0.675,0.2
347,3,-0.3774581253528595,-0.427056223154068,0.41283562779426575,0.9261070923786925,-0.8886196190398501,0,0,0,0.12,0.01,0.0,0.01,0.1,0.9,-1.2,0.0,0,0,1,0,0.675,0.2
347,4,-0.6586154699325562,0.42392900586128235,-2.2913925647735596,0.26386485592461856,-0.22229095519520073,0,0,0,0.12,0.01,0.0,0.01,0.1,0.9,-1.2,0.0,0,0,1,0,0.675,0.2
347,5,-0.24441510438919067,0.3672471344470978,0.8360232710838318,0.42106359867255516,0.43036240669090925,0,0,0,0.12,0.01,0.0,0.01,0.1,0.9,-1.2,0.0,0,0,1,0,0.675,0.2
347,6,-0.6972643733024597,-0.08545639365911484,1.6858843564987183,-0.2771898868251492,0.4114164921212842,0,0,0,0.12,0.01,0.0,0.01,0.1,0.9,-1.2,0.0,0,0,1,0,0.675,0.2
347,7,-1.0007729530334473,0.20675379037857056,3.091559886932373,0.48270360827032865,0.4756633222144431,0,0,0,0.12,0.01,0.0,0.01,0.1,0.9,-1.2,0.0,0,0,1,0,0.675,0.2
348,0,-0.2559870481491089,-0.10083078593015671,1.3154311180114746,0.3083934797546275,0.24864762885361838,0,0,0,0.12,0.01,0.0,0.01,0.1,0.9,-1.2,0.0,0,0,1,0,0.675,0.2
348,1,-0.9674959182739258,-0.42130398750305176,3.1009202003479004,0.34467401837756095,0.34741834068844857,0,0,0,0.12,0.01,0.0,0.01,0.1,0.9,-1.2,0.0,0,0,1,0,0.675,0.2
348,2,0.11553676426410675,0.002389377448707819,0.03604986518621445,0.4859919622188102,0.4593068883175363,0,0,0,0.12,0.01,0.0,0.01,0.1,0.9,-1.2,0.0,0,0,1,0,0.675,0.2
348,3,-0.37742292881011963,-0.42704305052757263,0.34171271324157715,0.671834911894303,-0.6333070767338091,0,0,0,0.12,0.01,0.0,0.01,0.1,0.9,-1.2,0.0,0,0,1,0,0.675,0.2
348,4,-0.6586428284645081,0.4238987863063812,-2.3107125759124756,0.2462107367934363,-0.20406576023713516,0,0,0,0.12,0.01,0.0,0.01,0.1,0.9,-1.2,0.0,0,0,1,0,0.675,0.2
348,5,-0.2438441514968872,0.3678792715072632,0.8363392353057861,0.42063668639448737,0.43046298353883183,0,0,0,0.12,0.01,0.0,0.01,0.1,0.9,-1.2,0.0,0,0,1,0,0.675,0.2
348,6,-0.6972803473472595,-0.08532249182462692,1.7100915908813477,-0.2764342392969834,0.41020202293879865,0,0,0,0.12,0.01,0.0,0.01,0.1,0.9,-1.2,0.0,0,0,1,0,0.675,0.2
348,7,-1.0017309188842773,0.2068019062280655,3.0913028717041016,0.48236692088669886,0.4753342257159317,0,0,0,0.12,0.01,0.0,0.01,0.1,0.9,-1.2,0.0,0,0,1,0,0.675,0.2
349,0,-0.25584593415260315,-0.10029295086860657,1.3132458925247192,0.30780721462426197,0.24999766790213573,0,0,0,0.12,0.01,0.0,0.01,0.1,0.9,-1.2,0.0,0,0,1,0,0.675,0.2
349,1,-0.9681897759437561,-0.421275794506073,3.1010286808013916,0.3437527878611231,0.3463763134152746,0,0,0,0.12,0.01,0.0,0.01,0.1,0.9,-1.2,0.0,0,0,1,0,0.675,0.2
349,2,0.11648254096508026,0.0024230259004980326,0.03509937599301338,0.48548787817528305,0.458900571016764,0,0,0,0.12,0.01,0.0,0.01,0.1,0.9,-1.2,0.0,0,0,1,0,0.675,0.2
349,3,-0.3773864209651947,-0.42703330516815186,0.2764376401901245,0.33329161909978255,-0.2936472473816143,0,0,0,0.12,0.01,0.0,0.01,0.1,0.9,-1.2,0.0,0,0,1,0,0.675,0.2
349,4,-0.658670961856842,0.4238682985305786,-2.328151226043701,0.23606982752193734,-0.19342483877648636,0,0,0,0.12,0.01,0.0,0.01,0.1,0.9,-1.2,0.0,0,0,1,0,0.675,0.2
349,5,-0.24327360093593597,0.3685113489627838,0.8366740942001343,0.42022105301560764,0.4305450693255483,0,0,0,0.12,0.01,0.0,0.01,0.1,0.9,-1.2,0.0,0,0,1,0,0.675,0.2
349,6,-0.6972995400428772,-0.08518953621387482,1.7342710494995117,-0.27506206277335515,0.4084148192735993,0,0,0,0.12,0.01,0.0,0.01,0.1,0.9,-1.2,0.0,0,0,1,0,0.675,0.2
349,7,-1.0026881694793701,0.20685021579265594,3.09104585647583,0.48204316446675916,0.47498140981302606,0,0,0,0.12,0.01,0.0,0.01,0.1,0.9,-1.2,0.0,0,0,1,0,0.675,0.2
350,0,-0.25570350885391235,-0.09975459426641464,1.3111246824264526,0.30718046253513415,0.2513428943793861,0,0,0,0.12,0.01,0.0,0.01,0.1,0.9,-1.2,0.0,0,0,1,0,0.675,0.2
350,1,-0.9688816666603088,-0.4212477505207062,3.1011340618133545,0.3428024396774281,0.34536793376236075,0,0,0,0.12,0.01,0.0,0.01,0.1,0.9,-1.2,0.0,0,0,1,0,0.675,0.2
350,2,0.11742745339870453,0.0024557511787861586,0.03415070101618767,0.484971512953236,0.4584948523841359,0,0,0,0.12,0.01,0.0,0.01,0.1,0.9,-1.2,0.0,0,0,1,0,0.675,0.2
350,3,-0.37734875082969666,-0.4270250201225281,0.22706200182437897,6.745403049256246e-06,0.04046516602730963,0,0,0,0.12,0.01,0.0,0.01,0.1,0.9,-1.2,0.0,0,0,1,0,0.675,0.2
350,4,-0.6586998105049133,0.42383772134780884,-2.3442161083221436,0.22987186922795214,-0.18675995259649195,0,0,0,0.12,0.01,0.0,0.01,0.1,0.9,-1.2,0.0,0,0,1,0,0.675,0.2
350,5,-0.24270348250865936,0.3691433370113373,0.8370307683944702,0.4198309531724834,0.43059411139126774,0,0,0,0.12,0.01,0.0,0.01,0.1,0.9,-1.2,0.0,0,0,1,0,0.675,0.2
350,6,-0.6973223090171814,-0.08505788445472717,1.7583975791931152,-0.273156729568898,0.4061460467476243,0,0,0,0.12,0.01,0.0,0.01,0.1,0.9,-1.2,0.0,0,0,1,0,0.675,0.2
350,7,-1.0036448240280151,0.2068987488746643,3.0907888412475586,0.4817379608925398,0.4745990738097613,0,0,0,0.12,0.01,0.0,0.01,0.1,0.9,-1.2,0.0,0,0,1,0,0.675,0.2
351,0,-0.2555598020553589,-0.09921576827764511,1.3090717792510986,0.3065418997649361,0.25266363230903843,0,0,0,0.12,0.01,0.0,0.01,0.1,0.9,-1.2,0.0,0,0,1,0,0.675,0.2
351,1,-0.9695716500282288,-0.4212198853492737,3.1012351512908936,0.34182992038312104,0.3443870896380887,0,0,0,0.12,0.01,0.0,0.01,0.1,0.9,-1.2,0.0,0,0,1,0,0.675,0.2
351,2,0.11837148666381836,0.002487559337168932,0.03320876881480217,0.48446863566418563,0.458063665284911,0,0,0,0.12,0.01,0.0,0.01,0.1,0.9,-1.2,0.0,0,0,1,0,0.675,0.2
351,3,-0.3773100972175598,-0.4270170032978058,0.2003137469291687,-0.2715340697804341,0.3126059280374893,0,0,0,0.12,0.01,0.0,0.01,0.1,0.9,-1.2,0.0,0,0,1,0,0.675,0.2
351,4,-0.6587294936180115,0.4238072335720062,-2.359445571899414,0.22403159136337272,-0.18045374522370333,0,0,0,0.12,0.01,0.0,0.01,0.1,0.9,-1.2,0.0,0,0,1,0,0.675,0.2
351,5,-0.24213381111621857,0.36977532505989075,0.8374059200286865,0.4194546331402792,0.43062156543760166,0,0,0,0.12,0.01,0.0,0.01,0.1,0.9,-1.2,0.0,0,0,1,0,0.675,0.2
351,6,-0.6973490118980408,-0.08492762595415115,1.7824304103851318,-0.2707572060404465,0.4034354912815736,0,0,0,0.12,0.01,0.0,0.01,0.1,0.9,-1.2,0.0,0,0,1,0,0.675,0.2
351,7,-1.0046007633209229,0.2069474756717682,3.09053111076355,0.48145059609283214,0.4741878125680565,0,0,0,0.12,0.01,0.0,0.01,0.1,0.9,-1.2,0.0,0,0,1,0,0.675,0.2
352,0,-0.2554148733615875,-0.09867652505636215,1.3070868253707886,0.305907492662282,0.2539439153424787,0,0,0,0.12,0.01,0.0,0.01,0.1,0.9,-1.2,0.0,0,0,1,0,0.675,0.2
352,1,-0.9702596664428711,-0.42119213938713074,3.1013333797454834,0.3408048167535116,0.3434643134764383,0,0,0,0.12,0.01,0.0,0.01,0.1,0.9,-1.2,0.0,0,0,1,0,0.675,0.2
352,2,0.11931463330984116,0.0025184545665979385,0.03227239102125168,0.48397210137233654,0.4576141546548851,0,0,0,0.12,0.01,0.0,0.01,0.1,0.9,-1.2,0.0,0,0,1,0,0.675,0.2
352,3,-0.37727057933807373,-0.4270092248916626,0.19707821309566498,-0.47524655301742275,0.5169500007169695,0,0,0,0.12,0.01,0.0,0.01,0.1,0.9,-1.2,0.0,0,0,1,0,0.675,0.2
352,4,-0.6587600708007812,0.4237769842147827,-2.3741681575775146,0.21599473877273434,-0.1719284847231948,0,0,0,0.12,0.01,0.0,0.01,0.1,0.9,-1.2,0.0,0,0,1,0,0.675,0.2
352,5,-0.24156460165977478,0.37040725350379944,0.8377937078475952,0.4190661438157139,0.43065332096318615,0,0,0,0.12,0.01,0.0,0.01,0.1,0.9,-1.2,0.0,0,0,1,0,0.675,0.2
352,6,-0.6973794102668762,-0.08479861915111542,1.806326150894165,-0.2679863010507289,0.40040468023831277,0,0,0,0.12,0.01,0.0,0.01,0.1,0.9,-1.2,0.0,0,0,1,0,0.675,0.2
352,7,-1.0055559873580933,0.20699641108512878,3.09027099609375,0.4811681771199552,0.47376045943094813,0,0,0,0.12,0.01,0.0,0.01,0.1,0.9,-1.2,0.0,0,0,1,0,0.675,0.2
353,0,-0.2552686929702759,-0.09813690185546875,1.3051692247390747,0.3053040956505583,0.2551579619399263,0,0,0,0.12,0.01,0.0,0.01,0.1,0.9,-1.2,0.0,0,0,1,0,0.675,0.2
353,1,-0.9709457159042358,-0.42116451263427734,3.101431131362915,0.3397499616175756,0.34257605719269657,0,0,0,0.12,0.01,0.0,0.01,0.1,0.9,-1.2,0.0,0,0,1,0,0.675,0.2
353,2,0.12025687098503113,0.0025484375655651093,0.03133527934551239,0.4834496371879827,0.4571785337791193,0,0,0,0.12,0.01,0.0,0.01,0.1,0.9,-1.2,0.0,0,0,1,0,0.675,0.2
353,3,-0.37723034620285034,-0.42700162529945374,0.21378403902053833,-0.6173320151850399,0.6598766148075279,0,0,0,0.12,0.01,0.0,0.01,0.1,0.9,-1.2,0.0,0,0,1,0,0.675,0.2
353,4,-0.6587916016578674,0.42374706268310547,-2.3884599208831787,0.2046726728950992,-0.16008440136661678,0,0,0,0.12,0.01,0.0,0.01,0.1,0.9,-1.2,0.0,0,0,1,0,0.675,0.2
353,5,-0.2409958690404892,0.37103915214538574,0.8381943702697754,0.4186664197663622,0.4306879665632886,0,0,0,0.12,0.01,0.0,0.01,0.1,0.9,-1.2,0.0,0,0,1,0,0.675,0.2
353,6,-0.6974130272865295,-0.08467072993516922,1.8300482034683228,-0.265028852015419,0.3972383020219039,0,0,0,0.12,0.01,0.0,0.01,0.1,0.9,-1.2,0.0,0,0,1,0,0.675,0.2
353,7,-1.0065104961395264,0.2070455551147461,3.0900068283081055,0.4808731314951112,0.47333440806329935,0,0,0,0.12,0.01,0.0,0.01,0.1,0.9,-1.2,0.0,0,0,1,0,0.675,0.2
354,0,-0.25512129068374634,-0.09759694337844849,1.3033196926116943,0.30477980601037585,0.25626190675054944,0,0,0,0.12,0.01,0.0,0.01,0.1,0.9,-1.2,0.0,0,0,1,0,0.675,0.2
354,1,-0.9716298580169678,-0.4211370646953583,3.101531505584717,0.3387297634571436,0.34165761428180896,0,0,0,0.12,0.01,0.0,0.01,0.1,0.9,-1.2,0.0,0,0,1,0,0.675,0.2
354,2,0.12119819968938828,0.0025775067042559385,0.030396681278944016,0.4828946922688514,0.45676323429059684,0,0,0,0.12,0.01,0.0,0.01,0.1,0.9,-1.2,0.0,0,0,1,0,0.675,0.2
354,3,-0.3771897852420807,-0.42699357867240906,0.24575603008270264,-0.6950407098399025,0.7386654760108811,0,0,0,0.12,0.01,0.0,0.01,0.1,0.9,-1.2,0.0,0,0,1,0,0.675,0.2
354,4,-0.65882408618927,0.4237174391746521,-2.4022016525268555,0.1909524378175728,-0.14581706643056794,0,0,0,0.12,0.01,0.0,0.01,0.1,0.9,-1.2,0.0,0,0,1,0,0.675,0.2
354,5,-0.2404276579618454,0.37167105078697205,0.83861243724823,0.4182771839724487,0.4307040176762635,0,0,0,0.12,0.01,0.0,0.01,0.1,0.9,-1.2,0.0,0,0,1,0,0.675,0.2
354,6,-0.697449266910553,-0.08454380929470062,1.8535701036453247,-0.2621255963188017,0.39418269685324087,0,0,0,0.12,0.01,0.0,0.01,0.1,0.9,-1.2,0.0,0,0,1,0,0.675,0.2
354,7,-1.0074642896652222,0.20709490776062012,3.0897376537323,0.48055114010106365,0.4729236795591231,0,0,0,0.12,0.01,0.0,0.01,0.1,0.9,-1.2,0.0,0,0,1,0,0.675,0.2
355,0,-0.2549726665019989,-0.09705667197704315,1.3015363216400146,0.3043865123373392,0.25721351713119717,0,0,0,0.12,0.01,0.0,0.01,0.1,0.9,-1.2,0.0,0,0,1,0,0.675,0.2
355,1,-0.9723119735717773,-0.42110973596572876,3.101637840270996,0.3377258998550282,0.34072796281205553,0,0,0,0.12,0.01,0.0,0.01,0.1,0.9,-1.2,0.0,0,0,1,0,0.675,0.2
355,2,0.1221385970711708,0.0026056619826704264,0.02946317568421364,0.4823440636288042,0.4563315187801008,0,0,0,0.12,0.01,0.0,0.01,0.1,0.9,-1.2,0.0,0,0,1,0,0.675,0.2
355,3,-0.3771495819091797,-0.4269835352897644,0.2886185050010681,-0.6894112541091787,0.7341763055634843,0,0,0,0.12,0.01,0.0,0.01,0.1,0.9,-1.2,0.0,0,0,1,0,0.675,0.2
355,4,-0.6588574051856995,0.42368796467781067,-2.4151766300201416,0.17740881229195535,-0.1317275368646139,0,0,0,0.12,0.01,0.0,0.01,0.1,0.9,-1.2,0.0,0,0,1,0,0.675,0.2
355,5,-0.23985996842384338,0.3723028898239136,0.839047908782959,0.4179024801879173,0.430697609362101,0,0,0,0.12,0.01,0.0,0.01,0.1,0.9,-1.2,0.0,0,0,1,0,0.675,0.2
355,6,-0.6974877119064331,-0.08441773802042007,1.876879096031189,-0.2594438702316141,0.3914133370370721,0,0,0,0.12,0.01,0.0,0.01,0.1,0.9,-1.2,0.0,0,0,1,0,0.675,0.2
355,7,-1.0084173679351807,0.20714449882507324,3.089463949203491,0.4802014288058291,0.47252898844575786,0,0,0,0.12,0.01,0.0,0.01,0.1,0.9,-1.2,0.0,0,0,1,0,0.675,0.2
356,0,-0.25482290983200073,-0.09651611000299454,1.2998111248016357,0.3041395153621693,0.25800804237327385,0,0,0,0.12,0.01,0.0,0.01,0.1,0.9,-1.2,0.0,0,0,1,0,0.675,0.2
356,1,-0.9729922413825989,-0.42108258605003357,3.1017487049102783,0.3367736779162611,0.3397514976551805,0,0,0,0.12,0.01,0.0,0.01,0.1,0.9,-1.2,0.0,0,0,1,0,0.675,0.2
356,2,0.12307804822921753,0.002632907358929515,0.028537992388010025,0.4818137526252892,0.4558669686576698,0,0,0,0.12,0.01,0.0,0.01,0.1,0.9,-1.2,0.0,0,0,1,0,0.675,0.2
356,3,-0.3771098852157593,-0.42697006464004517,0.3379024565219879,-0.590034038656136,0.6356653393141235,0,0,0,0.12,0.01,0.0,0.01,0.1,0.9,-1.2,0.0,0,0,1,0,0.675,0.2
356,4,-0.6588914394378662,0.42365846037864685,-2.427203416824341,0.16666445623876644,-0.12046731378676488,0,0,0,0.12,0.01,0.0,0.01,0.1,0.9,-1.2,0.0,0,0,1,0,0.675,0.2
356,5,-0.23929281532764435,0.3729347586631775,0.8394955396652222,0.4175242514902613,0.43068715617117675,0,0,0,0.12,0.01,0.0,0.01,0.1,0.9,-1.2,0.0,0,0,1,0,0.675,0.2
356,6,-0.6975283026695251,-0.08429241925477982,1.8999775648117065,-0.2570537733136423,0.3890050010977992,0,0,0,0.12,0.01,0.0,0.01,0.1,0.9,-1.2,0.0,0,0,1,0,0.675,0.2
356,7,-1.0093696117401123,0.20719432830810547,3.089186668395996,0.4798304010444084,0.4721438120789131,0,0,0,0.12,0.01,0.0,0.01,0.1,0.9,-1.2,0.0,0,0,1,0,0.675,0.2
357,0,-0.2546720802783966,-0.09597525745630264,1.2981334924697876,0.30398689935381723,0.25869936516110587,0,0,0,0.12,0.01,0.0,0.01,0.1,0.9,-1.2,0.0,0,0,1,0,0.675,0.2
357,1,-0.9736705422401428,-0.4210555851459503,3.1018624305725098,0.33585067553080034,0.3387490912004618,0,0,0,0.12,0.01,0.0,0.01,0.1,0.9,-1.2,0.0,0,0,1,0,0.675,0.2
357,2,0.12401655316352844,0.0026592521462589502,0.02761576883494854,0.48127672877139316,0.4553967932241512,0,0,0,0.12,0.01,0.0,0.01,0.1,0.9,-1.2,0.0,0,0,1,0,0.675,0.2
357,3,-0.37707051634788513,-0.4269528388977051,0.3880065977573395,-0.41090187307211967,0.45681312557074644,0,0,0,0.12,0.01,0.0,0.01,0.1,0.9,-1.2,0.0,0,0,1,0,0.675,0.2
357,4,-0.6589260697364807,0.4236288070678711,-2.438257932662964,0.16037096646753596,-0.11370605421391769,0,0,0,0.12,0.01,0.0,0.01,0.1,0.9,-1.2,0.0,0,0,1,0,0.675,0.2
357,5,-0.2387261837720871,0.37356656789779663,0.839953601360321,0.4171395620542317,0.4306758919519635,0,0,0,0.12,0.01,0.0,0.01,0.1,0.9,-1.2,0.0,0,0,1,0,0.675,0.2
357,6,-0.697571337223053,-0.0841672271490097,1.9228798151016235,-0.25479830547622406,0.386788976634061,0,0,0,0.12,0.01,0.0,0.01,0.1,0.9,-1.2,0.0,0,0,1,0,0.675,0.2
357,7,-1.0103211402893066,0.2072443962097168,3.0889077186584473,0.4794618725937487,0.47174481151880016,0,0,0,0.12,0.01,0.0,0.01,0.1,0.9,-1.2,0.0,0,0,1,0,0.675,0.2
358,0,-0.2545202374458313,-0.09543412178754807,1.2964941263198853,0.30385706863060796,0.259354133990852,0,0,0,0.12,0.01,0.0,0.01,0.1,0.9,-1.2,0.0,0,0,1,0,0.675,0.2
358,1,-0.974346935749054,-0.421028733253479,3.101976156234741,0.33491582919457097,0.33776532362601613,0,0,0,0.12,0.01,0.0,0.01,0.1,0.9,-1.2,0.0,0,0,1,0,0.675,0.2
358,2,0.12495408207178116,0.0026847058907151222,0.02669241651892662,0.4807117828982514,0.45494190362518616,0,0,0,0.12,0.01,0.0,0.01,0.1,0.9,-1.2,0.0,0,0,1,0,0.675,0.2
358,3,-0.3770311176776886,-0.4269328713417053,0.43246564269065857,-0.1901048860139811,0.23565426008772491,0,0,0,0.12,0.01,0.0,0.01,0.1,0.9,-1.2,0.0,0,0,1,0,0.675,0.2
358,4,-0.658961296081543,0.4235990643501282,-2.4485013484954834,0.15706127240584114,-0.10996228932664612,0,0,0,0.12,0.01,0.0,0.01,0.1,0.9,-1.2,0.0,0,0,1,0,0.675,0.2
358,5,-0.23816010355949402,0.3741983473300934,0.8404262065887451,0.4167646749077498,0.4306474344672502,0,0,0,0.12,0.01,0.0,0.01,0.1,0.9,-1.2,0.0,0,0,1,0,0.675,0.2
358,6,-0.6976174116134644,-0.08404318243265152,1.9456071853637695,-0.2523066929854318,0.38439681449307644,0,0,0,0.12,0.01,0.0,0.01,0.1,0.9,-1.2,0.0,0,0,1,0,0.675,0.2
358,7,-1.0112719535827637,0.20729467272758484,3.088627815246582,0.4791003475436445,0.47132682702453177,0,0,0,0.12,0.01,0.0,0.01,0.1,0.9,-1.2,0.0,0,0,1,0,0.675,0.2
359,0,-0.2543674111366272,-0.09489269554615021,1.2948875427246094,0.30368516799181605,0.2600273692968497,0,0,0,0.12,0.01,0.0,0.01,0.1,0.9,-1.2,0.0,0,0,1,0,0.675,0.2
359,1,-0.9750213623046875,-0.421002060174942,3.1020872592926025,0.33396179889094285,0.3368096211110408,0,0,0,0.12,0.01,0.0,0.01,0.1,0.9,-1.2,0.0,0,0,1,0,0.675,0.2
359,2,0.12589062750339508,0.002709276508539915,0.025772634893655777,0.480143917368106,0.4544772974985322,0,0,0,0.12,0.01,0.0,0.01,0.1,0.9,-1.2,0.0,0,0,1,0,0.675,0.2
359,3,-0.3769914507865906,-0.426911860704422,0.46546074748039246,0.02277003466286175,0.022025225170474127,0,0,0,0.12,0.01,0.0,0.01,0.1,0.9,-1.2,0.0,0,0,1,0,0.675,0.2
359,4,-0.6589970588684082,0.42356929183006287,-2.458223581314087,0.1551541623380212,-0.10764084502125067,0,0,0,0.12,0.01,0.0,0.01,0.1,0.9,-1.2,0.0,0,0,1,0,0.675,0.2
359,5,-0.2375945895910263,0.37483009696006775,0.8409149646759033,0.4164114046145171,0.43059008836262513,0,0,0,0.12,0.01,0.0,0.01,0.1,0.9,-1.2,0.0,0,0,1,0,0.675,0.2
359,6,-0.6976668238639832,-0.08392103016376495,1.9681748151779175,-0.24928604088412762,0.3815325053750182,0,0,0,0.12,0.01,0.0,0.01,0.1,0.9,-1.2,0.0,0,0,1,0,0.675,0.2
359,7,-1.0122220516204834,0.20734518766403198,3.0883471965789795,0.4787492951545324,0.47088603170780274,0,0,0,0.12,0.01,0.0,0.01,0.1,0.9,-1.2,0.0,0,0,1,0,0.675,0.2
360,0,-0.2542136311531067,-0.09435099363327026,1.2933095693588257,0.30343575986801136,0.26074652162612927,0,0,0,0.12,0.01,0.0,0.01,0.1,0.9,-1.2,0.0,0,0,1,0,0.675,0.2
360,1,-0.975693941116333,-0.4209755063056946,3.102196216583252,0.3329573781929,0.3359123556175248,0,0,0,0.12,0.01,0.0,0.01,0.1,0.9,-1.2,0.0,0,0,1,0,0.675,0.2
360,2,0.1268261820077896,0.0027329695876687765,0.024861352518200874,0.4795994223162867,0.45397662510421505,0,0,0,0.12,0.01,0.0,0.01,0.1,0.9,-1.2,0.0,0,0,1,0,0.675,0.2
360,3,-0.3769516050815582,-0.4268907606601715,0.4835224449634552,0.19747712659326255,-0.15355371134963688,0,0,0,0.12,0.01,0.0,0.01,0.1,0.9,-1.2,0.0,0,0,1,0,0.675,0.2
360,4,-0.6590335369110107,0.4235396087169647,-2.467656135559082,0.1527606905745453,-0.10484083605279391,0,0,0,0.12,0.01,0.0,0.01,0.1,0.9,-1.2,0.0,0,0,1,0,0.675,0.2
360,5,-0.23702962696552277,0.3754618167877197,0.8414152264595032,0.41605164196481076,0.43053166482458755,0,0,0,0.12,0.01,0.0,0.01,0.1,0.9,-1.2,0.0,0,0,1,0,0.675,0.2
360,6,-0.6977197527885437,-0.08380035310983658,1.9905741214752197,-0.2456499691778688,0.3780934866243868,0,0,0,0.12,0.01,0.0,0.01,0.1,0.9,-1.2,0.0,0,0,1,0,0.675,0.2
360,7,-1.0131711959838867,0.20739589631557465,3.088064670562744,0.4784051049805375,0.4704264532470015,0,0,0,0.12,0.01,0.0,0.01,0.1,0.9,-1.2,0.0,0,0,1,0,0.675,0.2
361,0,-0.2540588974952698,-0.09380903840065002,1.2917591333389282,0.3031308941216681,0.2614881106047418,0,0,0,0.12,0.01,0.0,0.01,0.1,0.9,-1.2,0.0,0,0,1,0,0.675,0.2
361,1,-0.9763645529747009,-0.4209491014480591,3.1023049354553223,0.3319347805225036,0.33504155214198617,0,0,0,0.12,0.01,0.0,0.01,0.1,0.9,-1.2,0.0,0,0,1,0,0.675,0.2
361,2,0.12776073813438416,0.002755788154900074,0.02395372837781906,0.4790524299241708,0.45346557544692295,0,0,0,0.12,0.01,0.0,0.01,0.1,0.9,-1.2,0.0,0,0,1,0,0.675,0.2
361,3,-0.3769119679927826,-0.4268697202205658,0.4864909052848816,0.3296641973729212,-0.28657883461070843,0,0,0,0.12,0.01,0.0,0.01,0.1,0.9,-1.2,0.0,0,0,1,0,0.675,0.2
361,4,-0.6590706706047058,0.4235101342201233,-2.4769206047058105,0.14838198681806603,-0.10004397591089288,0,0,0,0.12,0.01,0.0,0.01,0.1,0.9,-1.2,0.0,0,0,1,0,0.675,0.2
361,5,-0.23646526038646698,0.3760935068130493,0.8419228792190552,0.4156770479335566,0.4304806220875006,0,0,0,0.12,0.01,0.0,0.01,0.1,0.9,-1.2,0.0,0,0,1,0,0.675,0.2
361,6,-0.6977759003639221,-0.08368095010519028,2.012773036956787,-0.24150358960980373,0.3741866134201904,0,0,0,0.12,0.01,0.0,0.01,0.1,0.9,-1.2,0.0,0,0,1,0,0.675,0.2
361,7,-1.0141196250915527,0.2074468433856964,3.0877790451049805,0.4780573979043084,0.469958053526966,0,0,0,0.12,0.01,0.0,0.01,0.1,0.9,-1.2,0.0,0,0,1,0,0.675,0.2
362,0,-0.2539031505584717,-0.09326687455177307,1.2902408838272095,0.3028077856133866,0.2622122987677169,0,0,0,0.12,0.01,0.0,0.01,0.1,0.9,-1.2,0.0,0,0,1,0,0.675,0.2
362,1,-0.9770333170890808,-0.4209228456020355,3.102416515350342,0.3037090195260695,0.2582858907141039,0,0,0,0.12,0.01,0.0,0.01,0.1,0.9,-1.2,0.0,0,0,1,0,0.675,0.2
362,2,0.12869425117969513,0.0027777324430644512,0.02304225228726864,0.4784622971564968,0.4529850895851414,0,0,0,0.12,0.01,0.0,0.01,0.1,0.9,-1.2,0.0,0,0,1,0,0.675,0.2
362,3,-0.37687310576438904,-0.4268488585948944,0.4766227900981903,-6.28,6.28,0,0,0,0.12,0.01,0.0,0.01,0.1,0.9,-1.2,0.0,0,0,1,0,0.675,0.2
362,4,-0.6591085195541382,0.4234808683395386,-2.4860095977783203,0.14217237965280907,-0.09340656013305086,0,0,0,0.12,0.01,0.0,0.01,0.1,0.9,-1.2,0.0,0,0,1,0,0.675,0.2
362,5,-0.23590150475502014,0.3767251968383789,0.842441201210022,0.41529730474995447,0.4304268606896512,0,0,0,0.12,0.01,0.0,0.01,0.1,0.9,-1.2,0.0,0,0,1,0,0.675,0.2
362,6,-0.6978347301483154,-0.08356261998414993,2.0347304344177246,-0.2370703528452812,0.3700357685614525,0,0,0,0.12,0.01,0.0,0.01,0.1,0.9,-1.2,0.0,0,0,1,0,0.675,0.2
362,7,-1.0150673389434814,0.2074979990720749,3.0874898433685303,0.4776991204182803,0.4694877668459714,0,0,0,0.12,0.01,0.0,0.01,0.1,0.9,-1.2,0.0,0,0,1,0,0.675,0.2
363,0,-0.2537464499473572,-0.09272453188896179,1.2887600660324097,0.3024994536460834,0.26288511313782165,0,0,0,0.12,0.01,0.0,0.01,0.1,0.9,-1.2,0.0,0,0,1,0,0.675,0.2
363,1,-0.9777001738548279,-0.4208967685699463,3.1025338172912598,0.3027947291604367,0.257963205886713,0,0,0,0.12,0.01,0.0,0.01,0.1,0.9,-1.2,0.0,0,0,1,0,0.675,0.2
363,2,0.12962675094604492,0.002798800589516759,0.022129813209176064,0.47784584866505136,0.4525178660299255,0,0,0,0.12,0.01,0.0,0.01,0.1,0.9,-1.2,0.0,0,0,1,0,0.675,0.2
363,3,-0.376834899187088,-0.4268285930156708,0.45684510469436646,-6.28,6.28,0,0,0,0.12,0.01,0.0,0.01,0.1,0.9,-1.2,0.0,0,0,1,0,0.675,0.2
363,4,-0.6591470837593079,0.42345181107521057,-2.494804620742798,0.13462405916578749,-0.08542621773011662,0,0,0,0.12,0.01,0.0,0.01,0.1,0.9,-1.2,0.0,0,0,1,0,0.675,0.2
363,5,-0.23533838987350464,0.3773568570613861,0.8429740071296692,0.41493198725716,0.4303509249971735,0,0,0,0.12,0.01,0.0,0.01,0.1,0.9,-1.2,0.0,0,0,1,0,0.675,0.2
363,6,-0.697895884513855,-0.08344516158103943,2.056411027908325,-0.23250781389908967,0.365793783394863,0,0,0,0.12,0.01,0.0,0.01,0.1,0.9,-1.2,0.0,0,0,1,0,0.675,0.2
363,7,-1.0160140991210938,0.20754940807819366,3.0871963500976562,0.4773186825599702,0.4690273023757904,0,0,0,0.12,0.01,0.0,0.01,0.1,0.9,-1.2,0.0,0,0,1,0,0.675,0.2
364,0,-0.2535887658596039,-0.09218204021453857,1.2873172760009766,0.302503238144714,0.262969960745972,0,0,0,0.12,0.01,0.0,0.01,0.1,0.9,-1.2,0.0,0,0,1,0,0.675,0.2
364,1,-0.9782826900482178,-0.42087382078170776,3.1012766361236572,0.2975592251836274,0.26208052672753596,0,0,0,0.12,0.01,0.0,0.01,0.1,0.9,-1.2,0.0,0,0,1,0,0.675,0.2
364,2,0.13055819272994995,0.0028189935255795717,0.021225685253739357,0.477248707236827,0.45201846080821695,0,0,0,0.12,0.01,0.0,0.01,0.1,0.9,-1.2,0.0,0,0,1,0,0.675,0.2
364,3,-0.37682706117630005,-0.4268311858177185,0.809586226940155,-6.169840520593022,6.1011546089972,0,0,0,0.12,0.01,0.0,0.01,0.1,0.9,-1.2,0.0,0,0,1,0,0.675,0.2
364,4,-0.6591861844062805,0.42342281341552734,-2.5031745433807373,0.12789389255979505,-0.07827760789134948,0,0,0,0.12,0.01,0.0,0.01,0.1,0.9,-1.2,0.0,0,0,1,0,0.675,0.2
364,5,-0.23477590084075928,0.3779885470867157,0.8435189723968506,0.41457809613560626,0.4302561123528581,0,0,0,0.12,0.01,0.0,0.01,0.1,0.9,-1.2,0.0,0,0,1,0,0.675,0.2
364,6,-0.6979590058326721,-0.08332833647727966,2.077794313430786,-0.21867477034807487,0.3526472810435323,0,0,0,0.12,0.01,0.0,0.01,0.1,0.9,-1.2,0.0,0,0,1,0,0.675,0.2
364,7,-1.0169600248336792,0.20760105550289154,3.0868988037109375,0.47691754173072254,0.46857484508720965,0,0,0,0.12,0.01,0.0,0.01,0.1,0.9,-1.2,0.0,0,0,1,0,0.675,0.2
365,0,-0.25343021750450134,-0.09163942188024521,1.2859084606170654,0.30238993056848423,0.26315312496587856,0,0,0,0.12,0.01,0.0,0.01,0.1,0.9,-1.2,0.0,0,0,1,0,0.675,0.2
365,1,-0.9788432121276855,-0.42085084319114685,3.0996904373168945,0.29061640606777245,0.2679352034483714,0,0,0,0.12,0.01,0.0,0.01,0.1,0.9,-1.2,0.0,0,0,1,0,0.675,0.2
365,2,0.13148856163024902,0.0028383175376802683,0.020330023020505905,0.4766725721354911,0.45148499584241414,0,0,0,0.12,0.01,0.0,0.01,0.1,0.9,-1.2,0.0,0,0,1,0,0.675,0.2
365,3,-0.3768135905265808,-0.4268345534801483,1.188920259475708,-4.883331730322164,4.865591598035019,0,0,0,0.12,0.01,0.0,0.01,0.1,0.9,-1.2,0.0,0,0,1,0,0.675,0.2
365,4,-0.6592258214950562,0.42339378595352173,-2.5110185146331787,0.12324928185900043,-0.07324324986894915,0,0,0,0.12,0.01,0.0,0.01,0.1,0.9,-1.2,0.0,0,0,1,0,0.675,0.2
365,5,-0.23421406745910645,0.3786201775074005,0.8440712094306946,0.41421343769353175,0.43016467605311137,0,0,0,0.12,0.01,0.0,0.01,0.1,0.9,-1.2,0.0,0,0,1,0,0.675,0.2
365,6,-0.6980242133140564,-0.08321195840835571,2.098869562149048,-0.202704539030995,0.3374127051534315,0,0,0,0.12,0.01,0.0,0.01,0.1,0.9,-1.2,0.0,0,0,1,0,0.675,0.2
365,7,-1.0179051160812378,0.2076529562473297,3.0865981578826904,0.47650338069334924,0.4681230102406413,0,0,0,0.12,0.01,0.0,0.01,0.1,0.9,-1.2,0.0,0,0,1,0,0.675,0.2
366,0,-0.25327086448669434,-0.091096892952919,1.2845072746276855,0.30252824528656647,0.2630432416633542,0,0,0,0.12,0.01,0.0,0.01,0.1,0.9,-1.2,0.0,0,0,1,0,0.675,0.2
366,1,-0.9794026017189026,-0.42082706093788147,3.098369836807251,0.2838281283792667,0.27363736529977994,0,0,0,0.12,0.01,0.0,0.01,0.1,0.9,-1.2,0.0,0,0,1,0,0.675,0.2
366,2,0.13241784274578094,0.0028567458502948284,0.019630135968327522,0.47705641632908286,0.4499782001412541,0,0,0,0.12,0.01,0.0,0.01,0.1,0.9,-1.2,0.0,0,0,1,0,0.675,0.2
366,3,-0.3768135905265808,-0.4268345534801483,1.1889212131500244,-4.726536793069757,4.715417153568781,0,0,0,0.12,0.01,0.0,0.01,0.1,0.9,-1.2,0.0,0,0,1,0,0.675,0.2
366,4,-0.6592658758163452,0.4233647286891937,-2.5183637142181396,0.12054500986380946,-0.07017272595806491,0,0,0,0.12,0.01,0.0,0.01,0.1,0.9,-1.2,0.0,0,0,1,0,0.675,0.2
366,5,-0.23365285992622375,0.3792518079280853,0.8446312546730042,0.4138482951187952,0.43006615409614013,0,0,0,0.12,0.01,0.0,0.01,0.1,0.9,-1.2,0.0,0,0,1,0,0.675,0.2
366,6,-0.698091983795166,-0.08309637010097504,2.119124412536621,-0.18786537651396004,0.32338720564222545,0,0,0,0.12,0.01,0.0,0.01,0.1,0.9,-1.2,0.0,0,0,1,0,0.675,0.2
366,7,-1.0188493728637695,0.2077050805091858,3.0862956047058105,0.47609170522223226,0.4676559344338347,0,0,0,0.12,0.01,0.0,0.01,0.1,0.9,-1.2,0.0,0,0,1,0,0.675,0.2
367,0,-0.25311076641082764,-0.09055449813604355,1.2831155061721802,0.3029561336489574,0.26317390842715344,0,0,0,0.12,0.01,0.0,0.01,0.1,0.9,-1.2,0.0,0,0,1,0,0.675,0.2
367,1,-0.9799608588218689,-0.42080262303352356,3.0974743366241455,0.27780283467605904,0.2785805962817352,0,0,0,0.12,0.01,0.0,0.01,0.1,0.9,-1.2,0.0,0,0,1,0,0.675,0.2
367,2,0.1333460658788681,0.00287433504126966,0.01854688674211502,0.4754934698004359,0.45040490332654776,0,0,0,0.12,0.01,0.0,0.01,0.1,0.9,-1.2,0.0,0,0,1,0,0.675,0.2
367,3,-0.37678268551826477,-0.42676740884780884,1.5038025379180908,-4.271317979914344,4.279180564579762,0,0,0,0.12,0.01,0.0,0.01,0.1,0.9,-1.2,0.0,0,0,1,0,0.675,0.2
367,4,-0.6593064665794373,0.42333561182022095,-2.5253400802612305,0.1196271051001604,-0.06891935880303936,0,0,0,0.12,0.01,0.0,0.01,0.1,0.9,-1.2,0.0,0,0,1,0,0.675,0.2
367,5,-0.2330923080444336,0.37988340854644775,0.8452036380767822,0.4134988759204883,0.4299441005542737,0,0,0,0.12,0.01,0.0,0.01,0.1,0.9,-1.2,0.0,0,0,1,0,0.675,0.2
367,6,-0.6981627345085144,-0.08298173546791077,2.138312578201294,-0.17737145494933368,0.31386853527541403,0,0,0,0.12,0.01,0.0,0.01,0.1,0.9,-1.2,0.0,0,0,1,0,0.675,0.2
367,7,-1.0197926759719849,0.20775745809078217,3.085991621017456,0.4756872708444963,0.4671692793721786,0,0,0,0.12,0.01,0.0,0.01,0.1,0.9,-1.2,0.0,0,0,1,0,0.675,0.2
368,0,-0.25294995307922363,-0.09001227468252182,1.281720519065857,0.3026067556696828,0.26352882963839214,0,0,0,0.12,0.01,0.0,0.01,0.1,0.9,-1.2,0.0,0,0,1,0,0.675,0.2
368,1,-0.9805179834365845,-0.420777827501297,3.0970189571380615,0.2728138106617504,0.28249322001604493,0,0,0,0.12,0.01,0.0,0.01,0.1,0.9,-1.2,0.0,0,0,1,0,0.675,0.2
368,2,0.13427315652370453,0.002891102572903037,0.0176851749420166,0.47501824452911556,0.4497304146047956,0,0,0,0.12,0.01,0.0,0.01,0.1,0.9,-1.2,0.0,0,0,1,0,0.675,0.2
368,3,-0.3767707943916321,-0.4267679750919342,1.887109637260437,-2.9895296357105803,3.0467953048180174,0,0,0,0.12,0.01,0.0,0.01,0.1,0.9,-1.2,0.0,0,0,1,0,0.675,0.2
368,4,-0.6593475341796875,0.42330652475357056,-2.532086133956909,0.11919677572041526,-0.06816830428033843,0,0,0,0.12,0.01,0.0,0.01,0.1,0.9,-1.2,0.0,0,0,1,0,0.675,0.2
368,5,-0.23253241181373596,0.3805149495601654,0.845787525177002,0.413165731725888,0.4297980234048798,0,0,0,0.12,0.01,0.0,0.01,0.1,0.9,-1.2,0.0,0,0,1,0,0.675,0.2
368,6,-0.6982365250587463,-0.08286823332309723,2.1564712524414062,-0.16620626213451842,0.30343776109119874,0,0,0,0.12,0.01,0.0,0.01,0.1,0.9,-1.2,0.0,0,0,1,0,0.675,0.2
368,7,-1.0207351446151733,0.20781005918979645,3.0856857299804688,0.4752901767932527,0.46666246898540326,0,0,0,0.12,0.01,0.0,0.01,0.1,0.9,-1.2,0.0,0,0,1,0,0.675,0.2
369,0,-0.2527882754802704,-0.08946984261274338,1.2803153991699219,0.30260488720321793,0.2634708550415025,0,0,0,0.12,0.01,0.0,0.01,0.1,0.9,-1.2,0.0,0,0,1,0,0.675,0.2
369,1,-0.9810740351676941,-0.42075297236442566,3.0969674587249756,0.26897735649483107,0.28525911515815355,0,0,0,0.12,0.01,0.0,0.01,0.1,0.9,-1.2,0.0,0,0,1,0,0.675,0.2
369,2,0.1351991444826126,0.002907010493800044,0.01686561107635498,0.47473086729975694,0.4488547860052967,0,0,0,0.12,0.01,0.0,0.01,0.1,0.9,-1.2,0.0,0,0,1,0,0.675,0.2
369,3,-0.3767808675765991,-0.4267647862434387,2.2448086738586426,-1.82709984025599,1.9196702866876267,0,0,0,0.12,0.01,0.0,0.01,0.1,0.9,-1.2,0.0,0,0,1,0,0.675,0.2
369,4,-0.659389078617096,0.4232775866985321,-2.5387308597564697,0.11768977980623045,-0.06634238626370229,0,0,0,0.12,0.01,0.0,0.01,0.1,0.9,-1.2,0.0,0,0,1,0,0.675,0.2
369,5,-0.23197318613529205,0.38114649057388306,0.8463773727416992,0.4128197876207308,0.4296572359808012,0,0,0,0.12,0.01,0.0,0.01,0.1,0.9,-1.2,0.0,0,0,1,0,0.675,0.2
369,6,-0.698313295841217,-0.08275572210550308,2.1738650798797607,-0.15583808961627812,0.29391837361572115,0,0,0,0.12,0.01,0.0,0.01,0.1,0.9,-1.2,0.0,0,0,1,0,0.675,0.2
369,7,-1.0216766595840454,0.20786289870738983,3.0853774547576904,0.4748954993433991,0.46614048660325624,0,0,0,0.12,0.01,0.0,0.01,0.1,0.9,-1.2,0.0,0,0,1,0,0.675,0.2
370,0,-0.25262579321861267,-0.08892752230167389,1.2789260149002075,0.3035133740024599,0.26258990558814677,0,0,0,0.12,0.01,0.0,0.01,0.1,0.9,-1.2,0.0,0,0,1,0,0.675,0.2
370,1,-0.9816290140151978,-0.42072823643684387,3.0972514152526855,0.26621850449896617,0.2869531897797508,0,0,0,0.12,0.01,0.0,0.01,0.1,0.9,-1.2,0.0,0,0,1,0,0.675,0.2
370,2,0.13612399995326996,0.0029220629949122667,0.015834657475352287,0.47337278782480186,0.4490366870248991,0,0,0,0.12,0.01,0.0,0.01,0.1,0.9,-1.2,0.0,0,0,1,0,0.675,0.2
370,3,-0.3768182694911957,-0.42673441767692566,2.5201125144958496,-1.159954679076874,1.2640288368513226,0,0,0,0.12,0.01,0.0,0.01,0.1,0.9,-1.2,0.0,0,0,1,0,0.675,0.2
370,4,-0.6594310998916626,0.4232487976551056,-2.5453271865844727,0.11510919371444364,-0.06344309786159177,0,0,0,0.12,0.01,0.0,0.01,0.1,0.9,-1.2,0.0,0,0,1,0,0.675,0.2
370,5,-0.23141464591026306,0.38177797198295593,0.8469713926315308,0.4124616961123928,0.42952078775143776,0,0,0,0.12,0.01,0.0,0.01,0.1,0.9,-1.2,0.0,0,0,1,0,0.675,0.2
370,6,-0.6983926892280579,-0.082644023001194,2.190511465072632,-0.1467150018194133,0.2859016821363383,0,0,0,0.12,0.01,0.0,0.01,0.1,0.9,-1.2,0.0,0,0,1,0,0.675,0.2
370,7,-1.0226173400878906,0.20791596174240112,3.0850651264190674,0.4744916633277042,0.4656145497650997,0,0,0,0.12,0.01,0.0,0.01,0.1,0.9,-1.2,0.0,0,0,1,0,0.675,0.2
371,0,-0.25246256589889526,-0.08838547766208649,1.2775397300720215,0.3055088511638039,0.26059907758909534,0,0,0,0.12,0.01,0.0,0.01,0.1,0.9,-1.2,0.0,0,0,1,0,0.675,0.2
371,1,-0.9821829199790955,-0.42070379853248596,3.097785711288452,0.2644174437432728,0.28769388390489004,0,0,0,0.12,0.01,0.0,0.01,0.1,0.9,-1.2,0.0,0,0,1,0,0.675,0.2
371,2,0.13704770803451538,0.0029362342320382595,0.014888294972479343,0.47241256543239735,0.4488069622890076,0,0,0,0.12,0.01,0.0,0.01,0.1,0.9,-1.2,0.0,0,0,1,0,0.675,0.2
371,3,-0.37689968943595886,-0.42668643593788147,2.678453207015991,-1.00562961846403,1.109073762593783,0,0,0,0.12,0.01,0.0,0.01,0.1,0.9,-1.2,0.0,0,0,1,0,0.675,0.2
371,4,-0.659473717212677,0.4232202470302582,-2.551821708679199,0.11077846564804898,-0.0587873493925272,0,0,0,0.12,0.01,0.0,0.01,0.1,0.9,-1.2,0.0,0,0,1,0,0.675,0.2
371,5,-0.23085683584213257,0.3824094831943512,0.8475741147994995,0.41211185734266065,0.42936762292391045,0,0,0,0.12,0.01,0.0,0.01,0.1,0.9,-1.2,0.0,0,0,1,0,0.675,0.2
371,6,-0.6984742283821106,-0.0825328603386879,2.206446886062622,-0.13810247580466153,0.27868818144259333,0,0,0,0.12,0.01,0.0,0.01,0.1,0.9,-1.2,0.0,0,0,1,0,0.675,0.2
371,7,-1.0235570669174194,0.20796926319599152,3.0847487449645996,0.47407196306014393,0.4650916025755372,0,0,0,0.12,0.01,0.0,0.01,0.1,0.9,-1.2,0.0,0,0,1,0,0.675,0.2
372,0,-0.2522985339164734,-0.08784367144107819,1.2761045694351196,0.3075965475551772,0.25835235600546125,0,0,0,0.12,0.01,0.0,0.01,0.1,0.9,-1.2,0.0,0,0,1,0,0.675,0.2
372,1,-0.9827357530593872,-0.4206797182559967,3.098491668701172,0.26337483240670917,0.2876792280524278,0,0,0,0.12,0.01,0.0,0.01,0.1,0.9,-1.2,0.0,0,0,1,0,0.675,0.2
372,2,0.13797025382518768,0.002949523041024804,0.014160716906189919,0.47250503122415655,0.4475110191145886,0,0,0,0.12,0.01,0.0,0.01,0.1,0.9,-1.2,0.0,0,0,1,0,0.675,0.2
372,3,-0.3770057260990143,-0.4266485571861267,2.7711567878723145,-0.9470713935222718,1.049473112019548,0,0,0,0.12,0.01,0.0,0.01,0.1,0.9,-1.2,0.0,0,0,1,0,0.675,0.2
372,4,-0.6595167517662048,0.4231918156147003,-2.558138847351074,0.10634398402600846,-0.054035949874215936,0,0,0,0.12,0.01,0.0,0.01,0.1,0.9,-1.2,0.0,0,0,1,0,0.675,0.2
372,5,-0.23029975593090057,0.3830409348011017,0.8481875061988831,0.41178367097653285,0.42918463985644445,0,0,0,0.12,0.01,0.0,0.01,0.1,0.9,-1.2,0.0,0,0,1,0,0.675,0.2
372,6,-0.6985577940940857,-0.08242183923721313,2.221761465072632,-0.12943744024898618,0.2714801814284524,0,0,0,0.12,0.01,0.0,0.01,0.1,0.9,-1.2,0.0,0,0,1,0,0.675,0.2
372,7,-1.0244958400726318,0.2080228328704834,3.084427833557129,0.47363627160501764,0.4645716527609797,0,0,0,0.12,0.01,0.0,0.01,0.1,0.9,-1.2,0.0,0,0,1,0,0.675,0.2
373,0,-0.25213363766670227,-0.08730211108922958,1.274545669555664,0.3090155131335393,0.2567134492878779,0,0,0,0.12,0.01,0.0,0.01,0.1,0.9,-1.2,0.0,0,0,1,0,0.675,0.2
373,1,-0.9832875728607178,-0.42065608501434326,3.0993006229400635,0.26294426580992836,0.2870541367855916,0,0,0,0.12,0.01,0.0,0.01,0.1,0.9,-1.2,0.0,0,0,1,0,0.675,0.2
373,2,0.13889162242412567,0.002961989026516676,0.013397141359746456,0.47239140660279444,0.446407814912861,0,0,0,0.12,0.01,0.0,0.01,0.1,0.9,-1.2,0.0,0,0,1,0,0.675,0.2
373,3,-0.37710875272750854,-0.4266170859336853,2.8467535972595215,-0.8763579642467422,0.9782371213726921,0,0,0,0.12,0.01,0.0,0.01,0.1,0.9,-1.2,0.0,0,0,1,0,0.675,0.2
373,4,-0.6595602631568909,0.4231634736061096,-2.5641653537750244,0.10246893054014919,-0.04985989293224093,0,0,0,0.12,0.01,0.0,0.01,0.1,0.9,-1.2,0.0,0,0,1,0,0.675,0.2
373,5,-0.22974339127540588,0.3836723864078522,0.8488072156906128,0.4114551179580164,0.4289937383957434,0,0,0,0.12,0.01,0.0,0.01,0.1,0.9,-1.2,0.0,0,0,1,0,0.675,0.2
373,6,-0.6986433863639832,-0.08231066912412643,2.236511468887329,-0.1213466493397737,0.264780980160811,0,0,0,0.12,0.01,0.0,0.01,0.1,0.9,-1.2,0.0,0,0,1,0,0.675,0.2
373,7,-1.0254335403442383,0.20807665586471558,3.0841033458709717,0.473190456749415,0.4640493093714956,0,0,0,0.12,0.01,0.0,0.01,0.1,0.9,-1.2,0.0,0,0,1,0,0.675,0.2
374,0,-0.2519678771495819,-0.08676095306873322,1.2728354930877686,0.30967285439254405,0.2557825823139989,0,0,0,0.12,0.01,0.0,0.01,0.1,0.9,-1.2,0.0,0,0,1,0,0.675,0.2
374,1,-0.9838383793830872,-0.4206329882144928,3.100156307220459,0.2629992246866126,0.2859461426496606,0,0,0,0.12,0.01,0.0,0.01,0.1,0.9,-1.2,0.0,0,0,1,0,0.675,0.2
374,2,0.13981179893016815,0.002973659662529826,0.012387572787702084,0.47104931793082094,0.44651972332131534,0,0,0,0.12,0.01,0.0,0.01,0.1,0.9,-1.2,0.0,0,0,1,0,0.675,0.2
374,3,-0.3772081732749939,-0.4265913665294647,2.9172768592834473,-0.7633592288947376,0.8651957314467702,0,0,0,0.12,0.01,0.0,0.01,0.1,0.9,-1.2,0.0,0,0,1,0,0.675,0.2
374,4,-0.6596041917800903,0.4231351315975189,-2.569870710372925,0.10011109987630591,-0.04722427109613167,0,0,0,0.12,0.01,0.0,0.01,0.1,0.9,-1.2,0.0,0,0,1,0,0.675,0.2
374,5,-0.2291877567768097,0.3843038082122803,0.8494290113449097,0.41111468002926477,0.42880601956714026,0,0,0,0.12,0.01,0.0,0.01,0.1,0.9,-1.2,0.0,0,0,1,0,0.675,0.2
374,6,-0.6987313032150269,-0.08219942450523376,2.250704765319824,-0.11384829216990579,0.2586073362210762,0,0,0,0.12,0.01,0.0,0.01,0.1,0.9,-1.2,0.0,0,0,1,0,0.675,0.2
374,7,-1.0263704061508179,0.20813074707984924,3.083775758743286,0.47274316694092855,0.4635155663316239,0,0,0,0.12,0.01,0.0,0.01,0.1,0.9,-1.2,0.0,0,0,1,0,0.675,0.2
375,0,-0.2518012523651123,-0.08622027188539505,1.2710081338882446,0.309773200286155,0.2553510134093711,0,0,0,0.12,0.01,0.0,0.01,0.1,0.9,-1.2,0.0,0,0,1,0,0.675,0.2
375,1,-0.9843881130218506,-0.4206103980541229,3.101013660430908,0.2633649226152287,0.284530508903326,0,0,0,0.12,0.01,0.0,0.01,0.1,0.9,-1.2,0.0,0,0,1,0,0.675,0.2
375,2,0.14073076844215393,0.002984515391290188,0.011365732178092003,0.46962738690959294,0.4466980034293048,0,0,0,0.12,0.01,0.0,0.01,0.1,0.9,-1.2,0.0,0,0,1,0,0.675,0.2
375,3,-0.3773080110549927,-0.4265703558921814,2.983210325241089,-0.6159426462087206,0.7177994664940408,0,0,0,0.12,0.01,0.0,0.01,0.1,0.9,-1.2,0.0,0,0,1,0,0.675,0.2
375,4,-0.6596484184265137,0.42310675978660583,-2.5752859115600586,0.09949231029513349,-0.04635247842433919,0,0,0,0.12,0.01,0.0,0.01,0.1,0.9,-1.2,0.0,0,0,1,0,0.675,0.2
375,5,-0.228632852435112,0.3849351406097412,0.8500558137893677,0.4107814720958646,0.4286027260929173,0,0,0,0.12,0.01,0.0,0.01,0.1,0.9,-1.2,0.0,0,0,1,0,0.675,0.2
375,6,-0.6988216042518616,-0.08208834379911423,2.2643704414367676,-0.10681717941389905,0.2528582895718657,0,0,0,0.12,0.01,0.0,0.01,0.1,0.9,-1.2,0.0,0,0,1,0,0.675,0.2
375,7,-1.027306318283081,0.208185076713562,3.0834453105926514,0.47229624093656175,0.4629687040936507,0,0,0,0.12,0.01,0.0,0.01,0.1,0.9,-1.2,0.0,0,0,1,0,0.675,0.2
376,0,-0.25163373351097107,-0.08568014204502106,1.269115924835205,0.3094871359830231,0.2552454751963288,0,0,0,0.12,0.01,0.0,0.01,0.1,0.9,-1.2,0.0,0,0,1,0,0.675,0.2
376,1,-0.9849368333816528,-0.4205883741378784,3.101836919784546,0.26395869435700076,0.2828912120875488,0,0,0,0.12,0.01,0.0,0.01,0.1,0.9,-1.2,0.0,0,0,1,0,0.675,0.2
376,2,0.141648530960083,0.0029945543501526117,0.010641312226653099,0.46962254898601175,0.4454453621620596,0,0,0,0.12,0.01,0.0,0.01,0.1,0.9,-1.2,0.0,0,0,1,0,0.675,0.2
376,3,-0.3774086833000183,-0.42655453085899353,3.0418858528137207,-0.4354542179824637,0.5371044411184118,0,0,0,0.12,0.01,0.0,0.01,0.1,0.9,-1.2,0.0,0,0,1,0,0.675,0.2
376,4,-0.6596930027008057,0.4230784475803375,-2.5805044174194336,0.09933929210275941,-0.04596254294485383,0,0,0,0.12,0.01,0.0,0.01,0.1,0.9,-1.2,0.0,0,0,1,0,0.675,0.2
376,5,-0.2280786782503128,0.38556644320487976,0.8506911993026733,0.4104690954386416,0.42836924341328714,0,0,0,0.12,0.01,0.0,0.01,0.1,0.9,-1.2,0.0,0,0,1,0,0.675,0.2
376,6,-0.6989144682884216,-0.08197765052318573,2.2775485515594482,-0.1001141953346954,0.24739383040644986,0,0,0,0.12,0.01,0.0,0.01,0.1,0.9,-1.2,0.0,0,0,1,0,0.675,0.2
376,7,-1.0282411575317383,0.20823967456817627,3.0831120014190674,0.4718498867729035,0.4624082762024078,0,0,0,0.12,0.01,0.0,0.01,0.1,0.9,-1.2,0.0,0,0,1,0,0.675,0.2
377,0,-0.2514653503894806,-0.08514062315225601,1.2671990394592285,0.30892340675243923,0.25535078510394504,0,0,0,0.12,0.01,0.0,0.01,0.1,0.9,-1.2,0.0,0,0,1,0,0.675,0.2
377,1,-0.9854845404624939,-0.4205668270587921,3.102602243423462,0.26463589634975054,0.28117289576450727,0,0,0,0.12,0.01,0.0,0.01,0.1,0.9,-1.2,0.0,0,0,1,0,0.675,0.2
377,2,0.1425650417804718,0.003003816120326519,0.010013546794652939,0.47005167225855987,0.4437454082582552,0,0,0,0.12,0.01,0.0,0.01,0.1,0.9,-1.2,0.0,0,0,1,0,0.675,0.2
377,3,-0.37751007080078125,-0.4265446662902832,3.090726852416992,-0.2189896777841629,0.3200050742003501,0,0,0,0.12,0.01,0.0,0.01,0.1,0.9,-1.2,0.0,0,0,1,0,0.675,0.2
377,4,-0.6597379446029663,0.423050194978714,-2.5856456756591797,0.09933115421106638,-0.0457308392064792,0,0,0,0.12,0.01,0.0,0.01,0.1,0.9,-1.2,0.0,0,0,1,0,0.675,0.2
377,5,-0.2275252491235733,0.38619768619537354,0.8513319492340088,0.41016786663473565,0.4281153741603998,0,0,0,0.12,0.01,0.0,0.01,0.1,0.9,-1.2,0.0,0,0,1,0,0.675,0.2
377,6,-0.6990099549293518,-0.08186749368906021,2.2902727127075195,-0.09366176680630015,0.2421325709015684,0,0,0,0.12,0.01,0.0,0.01,0.1,0.9,-1.2,0.0,0,0,1,0,0.675,0.2
377,7,-1.029175043106079,0.20829449594020844,3.082775115966797,0.4714017414648791,0.46183652643368045,0,0,0,0.12,0.01,0.0,0.01,0.1,0.9,-1.2,0.0,0,0,1,0,0.675,0.2
378,0,-0.2512960731983185,-0.08460177481174469,1.2652825117111206,0.3081741954223838,0.25557988630369044,0,0,0,0.12,0.01,0.0,0.01,0.1,0.9,-1.2,0.0,0,0,1,0,0.675,0.2
378,1,-0.986031174659729,-0.4205457270145416,3.103292226791382,0.26531467036343864,0.27945783539675423,0,0,0,0.12,0.01,0.0,0.01,0.1,0.9,-1.2,0.0,0,0,1,0,0.675,0.2
378,2,0.1434803158044815,0.0030123144388198853,0.009052758105099201,0.4688466345414661,0.44366608508972905,0,0,0,0.12,0.01,0.0,0.01,0.1,0.9,-1.2,0.0,0,0,1,0,0.675,0.2
378,3,-0.3776116669178009,-0.4265405833721161,3.127370595932007,0.027653861193550747,0.07220758184920438,0,0,0,0.12,0.01,0.0,0.01,0.1,0.9,-1.2,0.0,0,0,1,0,0.675,0.2
378,4,-0.6597833037376404,0.4230220913887024,-2.590761423110962,0.09849097075777788,-0.044671806124026964,0,0,0,0.12,0.01,0.0,0.01,0.1,0.9,-1.2,0.0,0,0,1,0,0.675,0.2
378,5,-0.2269725650548935,0.38682886958122253,0.851972758769989,0.4098588155752664,0.4278594327920433,0,0,0,0.12,0.01,0.0,0.01,0.1,0.9,-1.2,0.0,0,0,1,0,0.675,0.2
378,6,-0.6991078853607178,-0.08175782859325409,2.302565813064575,-0.08744847907037098,0.23706188930482228,0,0,0,0.12,0.01,0.0,0.01,0.1,0.9,-1.2,0.0,0,0,1,0,0.675,0.2
378,7,-1.030107855796814,0.2083495706319809,3.08243465423584,0.4709473601000496,0.4612577804906181,0,0,0,0.12,0.01,0.0,0.01,0.1,0.9,-1.2,0.0,0,0,1,0,0.675,0.2
379,0,-0.25112587213516235,-0.08406368643045425,1.2633843421936035,0.30730894583152785,0.25587531549049364,0,0,0,0.12,0.01,0.0,0.01,0.1,0.9,-1.2,0.0,0,0,1,0,0.675,0.2
379,1,-0.9865767955780029,-0.4205250144004822,3.1038992404937744,0.2659414724718265,0.27779814439905365,0,0,0,0.12,0.01,0.0,0.01,0.1,0.9,-1.2,0.0,0,0,1,0,0.675,0.2
379,2,0.14439433813095093,0.0030199820175766945,0.007907475344836712,0.46673318094134364,0.4444819455730911,0,0,0,0.12,0.01,0.0,0.01,0.1,0.9,-1.2,0.0,0,0,1,0,0.675,0.2
379,3,-0.37771278619766235,-0.42654064297676086,-3.13386869430542,0.2816976948069351,-0.1833968950794952,0,0,0,0.12,0.01,0.0,0.01,0.1,0.9,-1.2,0.0,0,0,1,0,0.675,0.2
379,4,-0.6598290205001831,0.4229941964149475,-2.5958666801452637,0.0962907503068515,-0.042251692962653284,0,0,0,0.12,0.01,0.0,0.01,0.1,0.9,-1.2,0.0,0,0,1,0,0.675,0.2
379,5,-0.22642067074775696,0.38745996356010437,0.8526139259338379,0.4095471879320467,0.427595696799246,0,0,0,0.12,0.01,0.0,0.01,0.1,0.9,-1.2,0.0,0,0,1,0,0.675,0.2
379,6,-0.6992080211639404,-0.08164853602647781,2.3144443035125732,-0.0815938732173263,0.23230697424672236,0,0,0,0.12,0.01,0.0,0.01,0.1,0.9,-1.2,0.0,0,0,1,0,0.675,0.2
379,7,-1.0310395956039429,0.20840491354465485,3.08208966255188,0.470480782701282,0.4606780579549985,0,0,0,0.12,0.01,0.0,0.01,0.1,0.9,-1.2,0.0,0,0,1,0,0.675,0.2
380,0,-0.2509547770023346,-0.08352641761302948,1.2615188360214233,0.3064197945265069,0.25616871837098454,0,0,0,0.12,0.01,0.0,0.01,0.1,0.9,-1.2,0.0,0,0,1,0,0.675,0.2
380,1,-0.9871214032173157,-0.420504629611969,3.1044223308563232,0.26647433140481613,0.27623525759970047,0,0,0,0.12,0.01,0.0,0.01,0.1,0.9,-1.2,0.0,0,0,1,0,0.675,0.2
380,2,0.14530707895755768,0.003026763442903757,0.0071103074587881565,0.4662617618691466,0.4436418240416504,0,0,0,0.12,0.01,0.0,0.01,0.1,0.9,-1.2,0.0,0,0,1,0,0.675,0.2
380,3,-0.37781283259391785,-0.42654210329055786,-3.1288366317749023,0.5065588444826256,-0.40988567624064787,0,0,0,0.12,0.01,0.0,0.01,0.1,0.9,-1.2,0.0,0,0,1,0,0.675,0.2
380,4,-0.6598750948905945,0.42296651005744934,-2.600917100906372,0.09294352975427711,-0.03868168142377937,0,0,0,0.12,0.01,0.0,0.01,0.1,0.9,-1.2,0.0,0,0,1,0,0.675,0.2
380,5,-0.2258695662021637,0.3880910575389862,0.8532596230506897,0.4092615281714542,0.4272954429016964,0,0,0,0.12,0.01,0.0,0.01,0.1,0.9,-1.2,0.0,0,0,1,0,0.675,0.2
380,6,-0.6993101239204407,-0.08153945207595825,2.325923442840576,-0.07616094081799511,0.22794314055840495,0,0,0,0.12,0.01,0.0,0.01,0.1,0.9,-1.2,0.0,0,0,1,0,0.675,0.2
380,7,-1.0319703817367554,0.2084605097770691,3.081740379333496,0.4699998957380601,0.46009905512482435,0,0,0,0.12,0.01,0.0,0.01,0.1,0.9,-1.2,0.0,0,0,1,0,0.675,0.2
381,0,-0.2507827877998352,-0.08299002051353455,1.2596945762634277,0.30556374132730696,0.2564197844257143,0,0,0,0.12,0.01,0.0,0.01,0.1,0.9,-1.2,0.0,0,0,1,0,0.675,0.2
381,1,-0.9876649975776672,-0.4204845130443573,3.1048643589019775,0.2668900055141919,0.27479134376330444,0,0,0,0.12,0.01,0.0,0.01,0.1,0.9,-1.2,0.0,0,0,1,0,0.675,0.2
381,2,0.14621852338314056,0.003032719949260354,0.0066405353136360645,0.4673155459157221,0.4412629095324286,0,0,0,0.12,0.01,0.0,0.01,0.1,0.9,-1.2,0.0,0,0,1,0,0.675,0.2
381,3,-0.37791141867637634,-0.4265425503253937,-3.141587495803833,0.671634706245643,-0.5762582445013346,0,0,0,0.12,0.01,0.0,0.01,0.1,0.9,-1.2,0.0,0,0,1,0,0.675,0.2
381,4,-0.6599215269088745,0.4229389429092407,-2.6058242321014404,0.08960480078011385,-0.0351305550232493,0,0,0,0.12,0.01,0.0,0.01,0.1,0.9,-1.2,0.0,0,0,1,0,0.675,0.2
381,5,-0.2253192663192749,0.3887220621109009,0.8539092540740967,0.4089976474939986,0.42696202543385786,0,0,0,0.12,0.01,0.0,0.01,0.1,0.9,-1.2,0.0,0,0,1,0,0.675,0.2
381,6,-0.6994138956069946,-0.08143047243356705,2.3370258808135986,-0.0712321384813507,0.22406528731844025,0,0,0,0.12,0.01,0.0,0.01,0.1,0.9,-1.2,0.0,0,0,1,0,0.675,0.2
381,7,-1.032900094985962,0.20851637423038483,3.0813870429992676,0.46950209595442166,0.4595234944653476,0,0,0,0.12,0.01,0.0,0.01,0.1,0.9,-1.2,0.0,0,0,1,0,0.675,0.2
382,0,-0.25060999393463135,-0.08245450258255005,1.2579115629196167,0.3047671215652957,0.25661338399653294,0,0,0,0.12,0.01,0.0,0.01,0.1,0.9,-1.2,0.0,0,0,1,0,0.675,0.2
382,1,-0.9882075190544128,-0.4204646646976471,3.105231523513794,0.26720423916795133,0.2734511353590262,0,0,0,0.12,0.01,0.0,0.01,0.1,0.9,-1.2,0.0,0,0,1,0,0.675,0.2
382,2,0.14712867140769958,0.003037937916815281,0.005855638533830643,0.4668362681588914,0.44040358617689346,0,0,0,0.12,0.01,0.0,0.01,0.1,0.9,-1.2,0.0,0,0,1,0,0.675,0.2
382,3,-0.3780084252357483,-0.42654070258140564,3.1125965118408203,0.766118377878545,-0.6714771915816051,0,0,0,0.12,0.01,0.0,0.01,0.1,0.9,-1.2,0.0,0,0,1,0,0.675,0.2
382,4,-0.6599682569503784,0.42291146516799927,-2.610504627227783,0.08686503849801382,-0.03219074092683156,0,0,0,0.12,0.01,0.0,0.01,0.1,0.9,-1.2,0.0,0,0,1,0,0.675,0.2
382,5,-0.22476975619792938,0.3893529772758484,0.8545565605163574,0.4087375098034912,0.42661354009656366,0,0,0,0.12,0.01,0.0,0.01,0.1,0.9,-1.2,0.0,0,0,1,0,0.675,0.2
382,6,-0.6995193362236023,-0.0813216120004654,2.3477792739868164,-0.0667631080514255,0.22063407806218294,0,0,0,0.12,0.01,0.0,0.01,0.1,0.9,-1.2,0.0,0,0,1,0,0.675,0.2
382,7,-1.0338287353515625,0.20857252180576324,3.0810301303863525,0.46899147662199414,0.458947163495651,0,0,0,0.12,0.01,0.0,0.01,0.1,0.9,-1.2,0.0,0,0,1,0,0.675,0.2
383,0,-0.2504364252090454,-0.08191987127065659,1.2561661005020142,0.3040214012887742,0.2567598391744826,0,0,0,0.12,0.01,0.0,0.01,0.1,0.9,-1.2,0.0,0,0,1,0,0.675,0.2
383,1,-0.988749086856842,-0.420445054769516,3.105531692504883,0.2674188804415858,0.2722130823345983,0,0,0,0.12,0.01,0.0,0.01,0.1,0.9,-1.2,0.0,0,0,1,0,0.675,0.2
383,2,0.14803749322891235,0.0030423994176089764,0.004590930882841349,0.4640638378548732,0.44182394471882674,0,0,0,0.12,0.01,0.0,0.01,0.1,0.9,-1.2,0.0,0,0,1,0,0.675,0.2
383,3,-0.37810397148132324,-0.4265362620353699,3.0711190700531006,0.7974931435870785,-0.7030476542400974,0,0,0,0.12,0.01,0.0,0.01,0.1,0.9,-1.2,0.0,0,0,1,0,0.675,0.2
383,4,-0.6600152850151062,0.4228840172290802,-2.614943265914917,0.08521564490311039,-0.030361270524190798,0,0,0,0.12,0.01,0.0,0.01,0.1,0.9,-1.2,0.0,0,0,1,0,0.675,0.2
383,5,-0.22422105073928833,0.38998380303382874,0.8551991581916809,0.408475751474765,0.4262543968406647,0,0,0,0.12,0.01,0.0,0.01,0.1,0.9,-1.2,0.0,0,0,1,0,0.675,0.2
383,6,-0.6996265649795532,-0.08121300488710403,2.3582167625427246,-0.06265336501075879,0.21755126344635142,0,0,0,0.12,0.01,0.0,0.01,0.1,0.9,-1.2,0.0,0,0,1,0,0.675,0.2
383,7,-1.0347561836242676,0.20862895250320435,3.0806703567504883,0.4684705292322895,0.4583677495381573,0,0,0,0.12,0.01,0.0,0.01,0.1,0.9,-1.2,0.0,0,0,1,0,0.675,0.2
384,0,-0.25026217103004456,-0.08138609677553177,1.2544559240341187,0.30332277448317163,0.2568652209506357,0,0,0,0.12,0.01,0.0,0.01,0.1,0.9,-1.2,0.0,0,0,1,0,0.675,0.2
384,1,-0.9892895817756653,-0.4204256236553192,3.1057724952697754,0.2674989225087747,0.2711136816324606,0,0,0,0.12,0.01,0.0,0.01,0.1,0.9,-1.2,0.0,0,0,1,0,0.675,0.2
384,2,0.14894498884677887,0.00304604135453701,0.0036372528411448,0.46274159587264124,0.4417801674520963,0,0,0,0.12,0.01,0.0,0.01,0.1,0.9,-1.2,0.0,0,0,1,0,0.675,0.2
384,3,-0.3781983256340027,-0.42652881145477295,3.0219790935516357,0.7756755445821937,-0.6811006311996634,0,0,0,0.12,0.01,0.0,0.01,0.1,0.9,-1.2,0.0,0,0,1,0,0.675,0.2
384,4,-0.6600625514984131,0.4228565990924835,-2.619174003601074,0.0845628190925618,-0.029544841139604646,0,0,0,0.12,0.01,0.0,0.01,0.1,0.9,-1.2,0.0,0,0,1,0,0.675,0.2
384,5,-0.22367313504219055,0.3906145393848419,0.8558403253555298,0.40823373215785763,0.4258628187836096,0,0,0,0.12,0.01,0.0,0.01,0.1,0.9,-1.2,0.0,0,0,1,0,0.675,0.2
384,6,-0.6997357606887817,-0.08110484480857849,2.3683698177337646,-0.058761520985048506,0.21467929959623167,0,0,0,0.12,0.01,0.0,0.01,0.1,0.9,-1.2,0.0,0,0,1,0,0.675,0.2
384,7,-1.0356826782226562,0.20868565142154694,3.080308198928833,0.4679467889584404,0.45777724058257524,0,0,0,0.12,0.01,0.0,0.01,0.1,0.9,-1.2,0.0,0,0,1,0,0.675,0.2
385,0,-0.25008726119995117,-0.080853171646595,1.252779483795166,0.3026322471473827,0.2569819939758168,0,0,0,0.12,0.01,0.0,0.01,0.1,0.9,-1.2,0.0,0,0,1,0,0.675,0.2
385,1,-0.9898290634155273,-0.4204063415527344,3.1059608459472656,0.26744747653552364,0.27015000090054203,0,0,0,0.12,0.01,0.0,0.01,0.1,0.9,-1.2,0.0,0,0,1,0,0.675,0.2
385,2,0.14985114336013794,0.003048889571800828,0.0035444162786006927,0.46543182620584217,0.4377095531505421,0,0,0,0.12,0.01,0.0,0.01,0.1,0.9,-1.2,0.0,0,0,1,0,0.675,0.2
385,3,-0.37828922271728516,-0.4265173375606537,2.9696450233459473,0.7038457346450526,-0.6091592264663416,0,0,0,0.12,0.01,0.0,0.01,0.1,0.9,-1.2,0.0,0,0,1,0,0.675,0.2
385,4,-0.6601100564002991,0.4228292405605316,-2.623267412185669,0.08442774152695669,-0.02926075196206106,0,0,0,0.12,0.01,0.0,0.01,0.1,0.9,-1.2,0.0,0,0,1,0,0.675,0.2
385,5,-0.22312599420547485,0.3912450969219208,0.8564812541007996,0.4080221842787307,0.42542741784834454,0,0,0,0.12,0.01,0.0,0.01,0.1,0.9,-1.2,0.0,0,0,1,0,0.675,0.2
385,6,-0.6998468637466431,-0.08099725842475891,2.3782660961151123,-0.05509752024399622,0.21202345181691035,0,0,0,0.12,0.01,0.0,0.01,0.1,0.9,-1.2,0.0,0,0,1,0,0.675,0.2
385,7,-1.0366079807281494,0.20874260365962982,3.079943895339966,0.4674179298967475,0.45717814134653867,0,0,0,0.12,0.01,0.0,0.01,0.1,0.9,-1.2,0.0,0,0,1,0,0.675,0.2
386,0,-0.24991166591644287,-0.08032108843326569,1.2511324882507324,0.3019903347689462,0.2570725037854361,0,0,0,0.12,0.01,0.0,0.01,0.1,0.9,-1.2,0.0,0,0,1,0,0.675,0.2
386,1,-0.9903675317764282,-0.4203872084617615,3.1061058044433594,0.2672859983399117,0.26930112076256635,0,0,0,0.12,0.01,0.0,0.01,0.1,0.9,-1.2,0.0,0,0,1,0,0.675,0.2
386,2,0.15075592696666718,0.0030510418582707644,0.0032303498592227697,0.4670384080493624,0.434708937875015,0,0,0,0.12,0.01,0.0,0.01,0.1,0.9,-1.2,0.0,0,0,1,0,0.675,0.2
386,3,-0.37837889790534973,-0.4265005588531494,2.918086528778076,0.5808036559611803,-0.48644986090960557,0,0,0,0.12,0.01,0.0,0.01,0.1,0.9,-1.2,0.0,0,0,1,0,0.675,0.2
386,4,-0.6601577997207642,0.42280203104019165,-2.6272950172424316,0.08375517838031911,-0.028444008905002104,0,0,0,0.12,0.01,0.0,0.01,0.1,0.9,-1.2,0.0,0,0,1,0,0.675,0.2
386,5,-0.22257967293262482,0.39187556505203247,0.8571164011955261,0.4078273359661614,0.4249607738131965,0,0,0,0.12,0.01,0.0,0.01,0.1,0.9,-1.2,0.0,0,0,1,0,0.675,0.2
386,6,-0.6999600529670715,-0.08089031279087067,2.3879222869873047,-0.05151930961025242,0.20945665749919898,0,0,0,0.12,0.01,0.0,0.01,0.1,0.9,-1.2,0.0,0,0,1,0,0.675,0.2
386,7,-1.037532091140747,0.208799809217453,3.0795774459838867,0.46688682937688436,0.45656745529108445,0,0,0,0.12,0.01,0.0,0.01,0.1,0.9,-1.2,0.0,0,0,1,0,0.675,0.2
387,0,-0.24973541498184204,-0.07978983223438263,1.2495123147964478,0.3014186557550008,0.2571169201116984,0,0,0,0.12,0.01,0.0,0.01,0.1,0.9,-1.2,0.0,0,0,1,0,0.675,0.2
387,1,-0.9909050464630127,-0.42036816477775574,3.106215715408325,0.2670055739080159,0.26857547839529833,0,0,0,0.12,0.01,0.0,0.01,0.1,0.9,-1.2,0.0,0,0,1,0,0.675,0.2
387,2,0.15165933966636658,0.003052466083317995,0.0018509796354919672,0.46364628396469804,0.43669433273833536,0,0,0,0.12,0.01,0.0,0.01,0.1,0.9,-1.2,0.0,0,0,1,0,0.675,0.2
387,3,-0.3784680664539337,-0.42647790908813477,2.870900869369507,0.40957947738455464,-0.3163803509621494,0,0,0,0.12,0.01,0.0,0.01,0.1,0.9,-1.2,0.0,0,0,1,0,0.675,0.2
387,4,-0.6602058410644531,0.4227749705314636,-2.631300449371338,0.08245714446736485,-0.02700608289076001,0,0,0,0.12,0.01,0.0,0.01,0.1,0.9,-1.2,0.0,0,0,1,0,0.675,0.2
387,5,-0.22203417122364044,0.39250585436820984,0.8577409386634827,0.4076373954252975,0.4244736651940568,0,0,0,0.12,0.01,0.0,0.01,0.1,0.9,-1.2,0.0,0,0,1,0,0.675,0.2
387,6,-0.7000751495361328,-0.0807839184999466,2.3973536491394043,-0.0480097184229952,0.2069692412663561,0,0,0,0.12,0.01,0.0,0.01,0.1,0.9,-1.2,0.0,0,0,1,0,0.675,0.2
387,7,-1.0384551286697388,0.20885728299617767,3.0792086124420166,0.4663516263577974,0.4559468646433318,0,0,0,0.12,0.01,0.0,0.01,0.1,0.9,-1.2,0.0,0,0,1,0,0.675,0.2
388,0,-0.2495584636926651,-0.07925940304994583,1.2479170560836792,0.3008932996454467,0.257135815554596,0,0,0,0.12,0.01,0.0,0.01,0.1,0.9,-1.2,0.0,0,0,1,0,0.675,0.2
388,1,-0.9914414882659912,-0.42034921050071716,3.1062982082366943,0.26663431087578227,0.2679443105116995,0,0,0,0.12,0.01,0.0,0.01,0.1,0.9,-1.2,0.0,0,0,1,0,0.675,0.2
388,2,0.15256136655807495,0.003052937565371394,-0.00025183262187056243,0.45689278360975855,0.44202775243150116,0,0,0,0.12,0.01,0.0,0.01,0.1,0.9,-1.2,0.0,0,0,1,0,0.675,0.2
388,3,-0.3785563111305237,-0.42645007371902466,2.831655979156494,0.2033087063215281,-0.11223014179687753,0,0,0,0.12,0.01,0.0,0.01,0.1,0.9,-1.2,0.0,0,0,1,0,0.675,0.2
388,4,-0.660254180431366,0.4227480888366699,-2.635261297225952,0.08041787103639265,-0.024830385603767834,0,0,0,0.12,0.01,0.0,0.01,0.1,0.9,-1.2,0.0,0,0,1,0,0.675,0.2
388,5,-0.22148950397968292,0.39313599467277527,0.8583563566207886,0.40747168796901984,0.4239455745851489,0,0,0,0.12,0.01,0.0,0.01,0.1,0.9,-1.2,0.0,0,0,1,0,0.675,0.2
388,6,-0.7001919746398926,-0.08067792654037476,2.4065675735473633,-0.04458157735543704,0.20456849055963017,0,0,0,0.12,0.01,0.0,0.01,0.1,0.9,-1.2,0.0,0,0,1,0,0.675,0.2
388,7,-1.039376974105835,0.20891501009464264,3.0788369178771973,0.46580512944983116,0.4553236800022256,0,0,0,0.12,0.01,0.0,0.01,0.1,0.9,-1.2,0.0,0,0,1,0,0.675,0.2
389,0,-0.24938079714775085,-0.0787297710776329,1.2463456392288208,0.30037756438095375,0.2571517658726474,0,0,0,0.12,0.01,0.0,0.01,0.1,0.9,-1.2,0.0,0,0,1,0,0.675,0.2
389,1,-0.9919769167900085,-0.42033031582832336,3.1063616275787354,0.2661871623370319,0.267391769948277,0,0,0,0.12,0.01,0.0,0.01,0.1,0.9,-1.2,0.0,0,0,1,0,0.675,0.2
389,2,0.1534619778394699,0.003052380634471774,-0.0021571482066065073,0.45106779984032147,0.446418767656932,0,0,0,0.12,0.01,0.0,0.01,0.1,0.9,-1.2,0.0,0,0,1,0,0.675,0.2
389,3,-0.3786432445049286,-0.42641913890838623,2.803744077682495,-0.010818441729903804,0.09903877727305947,0,0,0,0.12,0.01,0.0,0.01,0.1,0.9,-1.2,0.0,0,0,1,0,0.675,0.2
389,4,-0.6603027582168579,0.42272138595581055,-2.6391348838806152,0.07780550463401445,-0.022085100843540515,0,0,0,0.12,0.01,0.0,0.01,0.1,0.9,-1.2,0.0,0,0,1,0,0.675,0.2
389,5,-0.22094567120075226,0.39376598596572876,0.858964741230011,0.4073527271764409,0.42335237908195145,0,0,0,0.12,0.01,0.0,0.01,0.1,0.9,-1.2,0.0,0,0,1,0,0.675,0.2
389,6,-0.7003103494644165,-0.08057217299938202,2.415570020675659,-0.04129056800233271,0.20229903031217006,0,0,0,0.12,0.01,0.0,0.01,0.1,0.9,-1.2,0.0,0,0,1,0,0.675,0.2
389,7,-1.0402977466583252,0.20897303521633148,3.0784623622894287,0.4652471900931167,0.45469787111370097,0,0,0,0.12,0.01,0.0,0.01,0.1,0.9,-1.2,0.0,0,0,1,0,0.675,0.2
390,0,-0.2492024153470993,-0.07820091396570206,1.244795322418213,0.2998260353543918,0.2571940924188931,0,0,0,0.12,0.01,0.0,0.01,0.1,0.9,-1.2,0.0,0,0,1,0,0.675,0.2
390,1,-0.9925113916397095,-0.42031148076057434,3.1064138412475586,0.2656910180737934,0.26689078810906797,0,0,0,0.12,0.01,0.0,0.01,0.1,0.9,-1.2,0.0,0,0,1,0,0.675,0.2
390,2,0.15436117351055145,0.0030510558281093836,-0.0030520870350301266,0.4499065486440155,0.4461322816362884,0,0,0,0.12,0.01,0.0,0.01,0.1,0.9,-1.2,0.0,0,0,1,0,0.675,0.2
390,3,-0.378728449344635,-0.4263874888420105,2.789766550064087,-0.20134247841235037,0.2864407077610099,0,0,0,0.12,0.01,0.0,0.01,0.1,0.9,-1.2,0.0,0,0,1,0,0.675,0.2
390,4,-0.6603515148162842,0.4226948022842407,-2.6428706645965576,0.0753814098112865,-0.019537285404710357,0,0,0,0.12,0.01,0.0,0.01,0.1,0.9,-1.2,0.0,0,0,1,0,0.675,0.2
390,5,-0.22040268778800964,0.3943957984447479,0.859561562538147,0.40727633703169386,0.42269700300279106,0,0,0,0.12,0.01,0.0,0.01,0.1,0.9,-1.2,0.0,0,0,1,0,0.675,0.2
390,6,-0.7004302740097046,-0.08046656847000122,2.4243671894073486,-0.03814711423638172,0.20015274735215013,0,0,0,0.12,0.01,0.0,0.01,0.1,0.9,-1.2,0.0,0,0,1,0,0.675,0.2
390,7,-1.0412172079086304,0.20903132855892181,3.078084945678711,0.46468095259460723,0.4540665916940281,0,0,0,0.12,0.01,0.0,0.01,0.1,0.9,-1.2,0.0,0,0,1,0,0.675,0.2
391,0,-0.24902334809303284,-0.0776728168129921,1.2432626485824585,0.29920667238426557,0.2572840469341244,0,0,0,0.12,0.01,0.0,0.01,0.1,0.9,-1.2,0.0,0,0,1,0,0.675,0.2
391,1,-0.9930448532104492,-0.4202927350997925,3.1064605712890625,0.26518484208303134,0.2664024606017526,0,0,0,0.12,0.01,0.0,0.01,0.1,0.9,-1.2,0.0,0,0,1,0,0.675,0.2
391,2,0.1552589386701584,0.0030493622180074453,-0.002720654010772705,0.4543506233064604,0.4402267606885957,0,0,0,0.12,0.01,0.0,0.01,0.1,0.9,-1.2,0.0,0,0,1,0,0.675,0.2
391,3,-0.37881162762641907,-0.4263566732406616,2.7906429767608643,-0.34723187471968925,0.42937652255637443,0,0,0,0.12,0.01,0.0,0.01,0.1,0.9,-1.2,0.0,0,0,1,0,0.675,0.2
391,4,-0.6604005098342896,0.42266830801963806,-2.6464266777038574,0.07350687832265367,-0.017552202201180353,0,0,0,0.12,0.01,0.0,0.01,0.1,0.9,-1.2,0.0,0,0,1,0,0.675,0.2
391,5,-0.21986053884029388,0.3950254023075104,0.8601394891738892,0.4072223964622053,0.42199730244373956,0,0,0,0.12,0.01,0.0,0.01,0.1,0.9,-1.2,0.0,0,0,1,0,0.675,0.2
391,6,-0.7005517482757568,-0.08036115765571594,2.4329676628112793,-0.03514362214124329,0.19811498461282379,0,0,0,0.12,0.01,0.0,0.01,0.1,0.9,-1.2,0.0,0,0,1,0,0.675,0.2
391,7,-1.04213547706604,0.20908991992473602,3.077705144882202,0.4641056864086821,0.453430453079538,0,0,0,0.12,0.01,0.0,0.01,0.1,0.9,-1.2,0.0,0,0,1,0,0.675,0.2
392,0,-0.24884366989135742,-0.07714547216892242,1.2417488098144531,0.29852006323121216,0.25741847865797846,0,0,0,0.12,0.01,0.0,0.01,0.1,0.9,-1.2,0.0,0,0,1,0,0.675,0.2
392,1,-0.9935773015022278,-0.420274019241333,3.10650634765625,0.2646349511918088,0.26596124545964994,0,0,0,0.12,0.01,0.0,0.01,0.1,0.9,-1.2,0.0,0,0,1,0,0.675,0.2
392,2,0.1561552733182907,0.0030475433450192213,-0.002103392966091633,0.4600411143613262,0.4330605778383808,0,0,0,0.12,0.01,0.0,0.01,0.1,0.9,-1.2,0.0,0,0,1,0,0.675,0.2
392,3,-0.3788922131061554,-0.4263274073600769,2.805119276046753,-0.4415281820040777,0.5211304011684492,0,0,0,0.12,0.01,0.0,0.01,0.1,0.9,-1.2,0.0,0,0,1,0,0.675,0.2
392,4,-0.6604496836662292,0.4226418733596802,-2.6498055458068848,0.0724145420547957,-0.01636363423433251,0,0,0,0.12,0.01,0.0,0.01,0.1,0.9,-1.2,0.0,0,0,1,0,0.675,0.2
392,5,-0.2193192094564438,0.39565473794937134,0.8606964349746704,0.4071988983296099,0.42124325798523987,0,0,0,0.12,0.01,0.0,0.01,0.1,0.9,-1.2,0.0,0,0,1,0,0.675,0.2
392,6,-0.7006747722625732,-0.08025607466697693,2.441380023956299,-0.032293054793752565,0.19619448814240828,0,0,0,0.12,0.01,0.0,0.01,0.1,0.9,-1.2,0.0,0,0,1,0,0.675,0.2
392,7,-1.0430526733398438,0.20914877951145172,3.0773231983184814,0.4635235023650847,0.45278692720797437,0,0,0,0.12,0.01,0.0,0.01,0.1,0.9,-1.2,0.0,0,0,1,0,0.675,0.2
393,0,-0.24866339564323425,-0.07661888003349304,1.2402595281600952,0.2977604411767104,0.25759963763493515,0,0,0,0.12,0.01,0.0,0.01,0.1,0.9,-1.2,0.0,0,0,1,0,0.675,0.2
393,1,-0.9941087365150452,-0.4202553927898407,3.1065526008605957,0.2640827469633534,0.26552639677062484,0,0,0,0.12,0.01,0.0,0.01,0.1,0.9,-1.2,0.0,0,0,1,0,0.675,0.2
393,2,0.15705013275146484,0.003045533550903201,-0.0029178159311413765,0.4591378433242526,0.43247593812792634,0,0,0,0.12,0.01,0.0,0.01,0.1,0.9,-1.2,0.0,0,0,1,0,0.675,0.2
393,3,-0.37897029519081116,-0.4262999892234802,2.8303561210632324,-0.48637443493847066,0.5639070541763704,0,0,0,0.12,0.01,0.0,0.01,0.1,0.9,-1.2,0.0,0,0,1,0,0.675,0.2
393,4,-0.6604989767074585,0.4226154685020447,-2.653041124343872,0.07228270117626451,-0.016153536182501534,0,0,0,0.12,0.01,0.0,0.01,0.1,0.9,-1.2,0.0,0,0,1,0,0.675,0.2
393,5,-0.21877871453762054,0.3962837755680084,0.8612338900566101,0.4072368209354672,0.42040126872136263,0,0,0,0.12,0.01,0.0,0.01,0.1,0.9,-1.2,0.0,0,0,1,0,0.675,0.2
393,6,-0.7007995247840881,-0.08015149086713791,2.449613571166992,-0.029552972420860878,0.19434381137769377,0,0,0,0.12,0.01,0.0,0.01,0.1,0.9,-1.2,0.0,0,0,1,0,0.675,0.2
393,7,-1.0439684391021729,0.2092079222202301,3.0769388675689697,0.4629362440501243,0.4521346473301858,0,0,0,0.12,0.01,0.0,0.01,0.1,0.9,-1.2,0.0,0,0,1,0,0.675,0.2
394,0,-0.2484825700521469,-0.07609306275844574,1.2388001680374146,0.2969565955888446,0.25779396612532773,0,0,0,0.12,0.01,0.0,0.01,0.1,0.9,-1.2,0.0,0,0,1,0,0.675,0.2
394,1,-0.9946392178535461,-0.4202367961406708,3.106602191925049,0.2634949279199038,0.26513157364030737,0,0,0,0.12,0.01,0.0,0.01,0.1,0.9,-1.2,0.0,0,0,1,0,0.675,0.2
394,2,0.1579435169696808,0.003043001051992178,-0.004229540936648846,0.4559537814487344,0.4341590954433555,0,0,0,0.12,0.01,0.0,0.01,0.1,0.9,-1.2,0.0,0,0,1,0,0.675,0.2
394,3,-0.3790464699268341,-0.4262751638889313,2.8628437519073486,-0.47994639830885205,0.555885852447131,0,0,0,0.12,0.01,0.0,0.01,0.1,0.9,-1.2,0.0,0,0,1,0,0.675,0.2
394,4,-0.6605484485626221,0.42258918285369873,-2.6561856269836426,0.07206463196082027,-0.01586465292377384,0,0,0,0.12,0.01,0.0,0.01,0.1,0.9,-1.2,0.0,0,0,1,0,0.675,0.2
394,5,-0.21823902428150177,0.396912544965744,0.8617483973503113,0.4073472511596971,0.41945702912136973,0,0,0,0.12,0.01,0.0,0.01,0.1,0.9,-1.2,0.0,0,0,1,0,0.675,0.2
394,6,-0.7009259462356567,-0.08004753291606903,2.4576780796051025,-0.026876870119516796,0.1925207260488915,0,0,0,0.12,0.01,0.0,0.01,0.1,0.9,-1.2,0.0,0,0,1,0,0.675,0.2
394,7,-1.044883131980896,0.20926731824874878,3.076552391052246,0.4623424214283412,0.45147444783053936,0,0,0,0.12,0.01,0.0,0.01,0.1,0.9,-1.2,0.0,0,0,1,0,0.675,0.2
395,0,-0.2483012080192566,-0.07556802779436111,1.237372875213623,0.29611004880886194,0.2579907030679692,0,0,0,0.12,0.01,0.0,0.01,0.1,0.9,-1.2,0.0,0,0,1,0,0.675,0.2
395,1,-0.9951686859130859,-0.420218288898468,3.106656074523926,0.2629086218104988,0.2647404231800408,0,0,0,0.12,0.01,0.0,0.01,0.1,0.9,-1.2,0.0,0,0,1,0,0.675,0.2
395,2,0.15883542597293854,0.003039623610675335,-0.004891358781605959,0.4557069707429968,0.43289093489283687,0,0,0,0.12,0.01,0.0,0.01,0.1,0.9,-1.2,0.0,0,0,1,0,0.675,0.2
395,3,-0.37912148237228394,-0.42625388503074646,2.899097204208374,-0.41699675301655903,0.49176170508011957,0,0,0,0.12,0.01,0.0,0.01,0.1,0.9,-1.2,0.0,0,0,1,0,0.675,0.2
395,4,-0.66059809923172,0.42256301641464233,-2.65930438041687,0.07166222703543555,-0.015400199563177935,0,0,0,0.12,0.01,0.0,0.01,0.1,0.9,-1.2,0.0,0,0,1,0,0.675,0.2
395,5,-0.21770016849040985,0.3975409269332886,0.8622307181358337,0.40752717965941754,0.4184103894819705,0,0,0,0.12,0.01,0.0,0.01,0.1,0.9,-1.2,0.0,0,0,1,0,0.675,0.2
395,6,-0.7010541558265686,-0.07994423061609268,2.465580701828003,-0.02420682652160129,0.19066181225940187,0,0,0,0.12,0.01,0.0,0.01,0.1,0.9,-1.2,0.0,0,0,1,0,0.675,0.2
395,7,-1.045796513557434,0.20932696759700775,3.0761637687683105,0.46174378511397224,0.4508050549319568,0,0,0,0.12,0.01,0.0,0.01,0.1,0.9,-1.2,0.0,0,0,1,0,0.675,0.2
396,0,-0.2481193095445633,-0.07504382729530334,1.235978126525879,0.29523234575049384,0.2581733563636114,0,0,0,0.12,0.01,0.0,0.01,0.1,0.9,-1.2,0.0,0,0,1,0,0.675,0.2
396,1,-0.9956972002983093,-0.42019984126091003,3.1067168712615967,0.2623245948940124,0.26435098703805543,0,0,0,0.12,0.01,0.0,0.01,0.1,0.9,-1.2,0.0,0,0,1,0,0.675,0.2
396,2,0.15972581505775452,0.0030354198534041643,-0.0052109090611338615,0.4569775343033773,0.4300919890311259,0,0,0,0.12,0.01,0.0,0.01,0.1,0.9,-1.2,0.0,0,0,1,0,0.675,0.2
396,3,-0.37919580936431885,-0.4262368083000183,2.935558795928955,-0.29621117402083263,0.3700812890029608,0,0,0,0.12,0.01,0.0,0.01,0.1,0.9,-1.2,0.0,0,0,1,0,0.675,0.2
396,4,-0.6606479287147522,0.42253702878952026,-2.6624064445495605,0.07052581639841937,-0.014205734002150515,0,0,0,0.12,0.01,0.0,0.01,0.1,0.9,-1.2,0.0,0,0,1,0,0.675,0.2
396,5,-0.2171621471643448,0.3981689512729645,0.8626746535301208,0.40778463826866646,0.4172486092021893,0,0,0,0.12,0.01,0.0,0.01,0.1,0.9,-1.2,0.0,0,0,1,0,0.675,0.2
396,6,-0.7011838555335999,-0.0798414945602417,2.4733245372772217,-0.02159632985975255,0.18882337456132878,0,0,0,0.12,0.01,0.0,0.01,0.1,0.9,-1.2,0.0,0,0,1,0,0.675,0.2
396,7,-1.046708583831787,0.2093869000673294,3.075772762298584,0.46113473424170076,0.4501317118718857,0,0,0,0.12,0.01,0.0,0.01,0.1,0.9,-1.2,0.0,0,0,1,0,0.675,0.2
397,0,-0.24793685972690582,-0.07452048361301422,1.2346194982528687,0.29434928557891543,0.25831827261429136,0,0,0,0.12,0.01,0.0,0.01,0.1,0.9,-1.2,0.0,0,0,1,0,0.675,0.2
397,1,-0.9962247014045715,-0.4201814532279968,3.1067850589752197,0.26174686482531584,0.26395900914090115,0,0,0,0.12,0.01,0.0,0.01,0.1,0.9,-1.2,0.0,0,0,1,0,0.675,0.2
397,2,0.16061469912528992,0.003030497347936034,-0.00601658271625638,0.4560267272945659,0.42950159873998,0,0,0,0.12,0.01,0.0,0.01,0.1,0.9,-1.2,0.0,0,0,1,0,0.675,0.2
397,3,-0.37926965951919556,-0.4262235760688782,2.968348979949951,-0.13114759212902202,0.20420323944261684,0,0,0,0.12,0.01,0.0,0.01,0.1,0.9,-1.2,0.0,0,0,1,0,0.675,0.2
397,4,-0.660697877407074,0.4225112199783325,-2.665480852127075,0.06874662112985931,-0.012370324102986672,0,0,0,0.12,0.01,0.0,0.01,0.1,0.9,-1.2,0.0,0,0,1,0,0.675,0.2
397,5,-0.21662496030330658,0.39879658818244934,0.8630785942077637,0.4081513189150786,0.41593570481996783,0,0,0,0.12,0.01,0.0,0.01,0.1,0.9,-1.2,0.0,0,0,1,0,0.675,0.2
397,6,-0.7013149857521057,-0.07973920553922653,2.4809091091156006,-0.01906602723290425,0.18702817601849536,0,0,0,0.12,0.01,0.0,0.01,0.1,0.9,-1.2,0.0,0,0,1,0,0.675,0.2
397,7,-1.0476194620132446,0.20944708585739136,3.0753793716430664,0.46051700186610894,0.4494525067818098,0,0,0,0.12,0.01,0.0,0.01,0.1,0.9,-1.2,0.0,0,0,1,0,0.675,0.2
398,0,-0.24775388836860657,-0.07399805635213852,1.2332996129989624,0.2934976722442814,0.2583986614501766,0,0,0,0.12,0.01,0.0,0.01,0.1,0.9,-1.2,0.0,0,0,1,0,0.675,0.2
398,1,-0.9967513084411621,-0.4201631247997284,3.106860637664795,0.26118330005938034,0.26355584617322464,0,0,0,0.12,0.01,0.0,0.01,0.1,0.9,-1.2,0.0,0,0,1,0,0.675,0.2
398,2,0.16150206327438354,0.0030248016119003296,-0.0072337002493441105,0.45321092610398533,0.4307633876319766,0,0,0,0.12,0.01,0.0,0.01,0.1,0.9,-1.2,0.0,0,0,1,0,0.675,0.2
398,3,-0.3793429434299469,-0.426212877035141,2.9934380054473877,0.04993046437252716,0.022242289140332185,0,0,0,0.12,0.01,0.0,0.01,0.1,0.9,-1.2,0.0,0,0,1,0,0.675,0.2
398,4,-0.6607480049133301,0.4224855601787567,-2.6684837341308594,0.06676781545307262,-0.010344032150765486,0,0,0,0.12,0.01,0.0,0.01,0.1,0.9,-1.2,0.0,0,0,1,0,0.675,0.2
398,5,-0.21608862280845642,0.3994237184524536,0.8634369373321533,0.4086455209172833,0.41444795299400217,0,0,0,0.12,0.01,0.0,0.01,0.1,0.9,-1.2,0.0,0,0,1,0,0.675,0.2
398,6,-0.7014473676681519,-0.07963725924491882,2.488337278366089,-0.01667860803510463,0.18534583506490504,0,0,0,0.12,0.01,0.0,0.01,0.1,0.9,-1.2,0.0,0,0,1,0,0.675,0.2
398,7,-1.0485289096832275,0.20950756967067719,3.074983596801758,0.45988686181835214,0.44877164266773184,0,0,0,0.12,0.01,0.0,0.01,0.1,0.9,-1.2,0.0,0,0,1,0,0.675,0.2
399,0,-0.2475704550743103,-0.07347656786441803,1.2320168018341064,0.29268812553012663,0.2584143935052127,0,0,0,0.12,0.01,0.0,0.01,0.1,0.9,-1.2,0.0,0,0,1,0,0.675,0.2
399,1,-0.9972768425941467,-0.4201448857784271,3.106943368911743,0.26065476376990826,0.2631206349613235,0,0,0,0.12,0.01,0.0,0.01,0.1,0.9,-1.2,0.0,0,0,1,0,0.675,0.2
399,2,0.16238786280155182,0.0030182572081685066,-0.008181281387805939,0.45159178345024664,0.4308151665467016,0,0,0,0.12,0.01,0.0,0.01,0.1,0.9,-1.2,0.0,0,0,1,0,0.675,0.2
399,3,-0.3794155418872833,-0.42620325088500977,3.0075345039367676,0.21755530419177313,-0.14634568723267813,0,0,0,0.12,0.01,0.0,0.01,0.1,0.9,-1.2,0.0,0,0,1,0,0.675,0.2
399,4,-0.6607982516288757,0.42246001958847046,-2.6713685989379883,0.06498057312939065,-0.008518020730947429,0,0,0,0.12,0.01,0.0,0.01,0.1,0.9,-1.2,0.0,0,0,1,0,0.675,0.2
399,5,-0.21555308997631073,0.4000503420829773,0.8637370467185974,0.40926674160132503,0.4127798363291254,0,0,0,0.12,0.01,0.0,0.01,0.1,0.9,-1.2,0.0,0,0,1,0,0.675,0.2
399,6,-0.7015808820724487,-0.07953564077615738,2.4956130981445312,-0.01443174896506949,0.18378331182269736,0,0,0,0.12,0.01,0.0,0.01,0.1,0.9,-1.2,0.0,0,0,1,0,0.675,0.2
399,7,-1.049437165260315,0.2095683515071869,3.0745856761932373,0.4592456670344539,0.44808728975647005,0,0,0,0.12,0.01,0.0,0.01,0.1,0.9,-1.2,0.0,0,0,1,0,0.675,0.2
400,0,-0.2473866045475006,-0.07295603305101395,1.2307658195495605,0.2919124591957815,0.258381165205311,0,0,0,0.12,0.01,0.0,0.01,0.1,0.9,-1.2,0.0,0,0,1,0,0.675,0.2
400,1,-0.9978014826774597,-0.42012670636177063,3.107032299041748,0.26013548803904873,0.2626795010509171,0,0,0,0.12,0.01,0.0,0.01,0.1,0.9,-1.2,0.0,0,0,1,0,0.675,0.2
400,2,0.16327211260795593,0.0030109367799013853,-0.008741122670471668,0.4516836823537395,0.4291424332544758,0,0,0,0.12,0.01,0.0,0.01,0.1,0.9,-1.2,0.0,0,0,1,0,0.675,0.2
400,3,-0.3794872462749481,-0.42619383335113525,3.009104013442993,0.354852569077488,-0.2845911204557381,0,0,0,0.12,0.01,0.0,0.01,0.1,0.9,-1.2,0.0,0,0,1,0,0.675,0.2
400,4,-0.6608486175537109,0.422434538602829,-2.6741156578063965,0.06398436165693264,-0.0074994388902471475,0,0,0,0.12,0.01,0.0,0.01,0.1,0.9,-1.2,0.0,0,0,1,0,0.675,0.2
400,5,-0.2150183618068695,0.40067633986473083,0.8639666438102722,0.410020029799101,0.410919272645357,0,0,0,0.12,0.01,0.0,0.01,0.1,0.9,-1.2,0.0,0,0,1,0,0.675,0.2
400,6,-0.7017156481742859,-0.07943442463874817,2.502744436264038,-0.012325060712050794,0.18234149848098696,0,0,0,0.12,0.01,0.0,0.01,0.1,0.9,-1.2,0.0,0,0,1,0,0.675,0.2
400,7,-1.0503439903259277,0.20962940156459808,3.074186086654663,0.4585959782121237,0.4473972449781839,0,0,0,0.12,0.01,0.0,0.01,0.1,0.9,-1.2,0.0,0,0,1,0,0.675,0.2
401,0,-0.24720239639282227,-0.07243646681308746,1.2295433282852173,0.29116499532068,0.25830626379644644,0,0,0,0.12,0.01,0.0,0.01,0.1,0.9,-1.2,0.0,0,0,1,0,0.675,0.2
401,1,-0.9983251690864563,-0.4201086163520813,3.1071252822875977,0.2596358526979882,0.26222260105262213,0,0,0,0.12,0.01,0.0,0.01,0.1,0.9,-1.2,0.0,0,0,1,0,0.675,0.2
401,2,0.1641547977924347,0.003002965124323964,-0.009395582601428032,0.45132987961533766,0.42790234818693895,0,0,0,0.12,0.01,0.0,0.01,0.1,0.9,-1.2,0.0,0,0,1,0,0.675,0.2
401,3,-0.3795580267906189,-0.42618441581726074,2.9986839294433594,0.45990306025854766,-0.3904655191909474,0,0,0,0.12,0.01,0.0,0.01,0.1,0.9,-1.2,0.0,0,0,1,0,0.675,0.2
401,4,-0.6608990430831909,0.42240914702415466,-2.6767332553863525,0.06345474881316898,-0.006958747033135874,0,0,0,0.12,0.01,0.0,0.01,0.1,0.9,-1.2,0.0,0,0,1,0,0.675,0.2
401,5,-0.21448442339897156,0.40130165219306946,0.8641162514686584,0.4109312510667879,0.4088326477826994,0,0,0,0.12,0.01,0.0,0.01,0.1,0.9,-1.2,0.0,0,0,1,0,0.675,0.2
401,6,-0.7018516659736633,-0.07933375239372253,2.509739875793457,-0.010317365838852167,0.18098237664875055,0,0,0,0.12,0.01,0.0,0.01,0.1,0.9,-1.2,0.0,0,0,1,0,0.675,0.2
401,7,-1.0512495040893555,0.20969073474407196,3.073784828186035,0.45793835969764873,0.4467005863587173,0,0,0,0.12,0.01,0.0,0.01,0.1,0.9,-1.2,0.0,0,0,1,0,0.675,0.2
402,0,-0.24701786041259766,-0.07191786915063858,1.228348970413208,0.2904475885117914,0.2581900996481512,0,0,0,0.12,0.01,0.0,0.01,0.1,0.9,-1.2,0.0,0,0,1,0,0.675,0.2
402,1,-0.9988478422164917,-0.4200906455516815,3.1072216033935547,0.259169618405371,0.26173677035424203,0,0,0,0.12,0.01,0.0,0.01,0.1,0.9,-1.2,0.0,0,0,1,0,0.675,0.2
402,2,0.1650358885526657,0.0029943729750812054,-0.010372196324169636,0.44953044571715317,0.428095079280558,0,0,0,0.12,0.01,0.0,0.01,0.1,0.9,-1.2,0.0,0,0,1,0,0.675,0.2
402,3,-0.3796277940273285,-0.42617467045783997,2.9781689643859863,0.5330094008953368,-0.4642229288131988,0,0,0,0.12,0.01,0.0,0.01,0.1,0.9,-1.2,0.0,0,0,1,0,0.675,0.2
402,4,-0.6609495282173157,0.4223838448524475,-2.6792688369750977,0.06321763608811462,-0.006721231976729286,0,0,0,0.12,0.01,0.0,0.01,0.1,0.9,-1.2,0.0,0,0,1,0,0.675,0.2
402,5,-0.2139512598514557,0.401926189661026,0.8641734719276428,0.412017396670678,0.406494029778144,0,0,0,0.12,0.01,0.0,0.01,0.1,0.9,-1.2,0.0,0,0,1,0,0.675,0.2
402,6,-0.7019889950752258,-0.07923375070095062,2.516608715057373,-0.008366051532114106,0.1796653302682286,0,0,0,0.12,0.01,0.0,0.01,0.1,0.9,-1.2,0.0,0,0,1,0,0.675,0.2
402,7,-1.0521537065505981,0.20975233614444733,3.0733819007873535,0.4572736891922221,0.44599631698758746,0,0,0,0.12,0.01,0.0,0.01,0.1,0.9,-1.2,0.0,0,0,1,0,0.675,0.2
403,0,-0.24683302640914917,-0.0714002475142479,1.227180004119873,0.28976169591253254,0.2580383085697367,0,0,0,0.12,0.01,0.0,0.01,0.1,0.9,-1.2,0.0,0,0,1,0,0.675,0.2
403,1,-0.9993695616722107,-0.4200727343559265,3.1073198318481445,0.25868937376716455,0.2612696587683885,0,0,0,0.12,0.01,0.0,0.01,0.1,0.9,-1.2,0.0,0,0,1,0,0.675,0.2
403,2,0.16591539978981018,0.0029851060826331377,-0.011305839754641056,0.44790877455563877,0.4280969942203012,0,0,0,0.12,0.01,0.0,0.01,0.1,0.9,-1.2,0.0,0,0,1,0,0.675,0.2
403,3,-0.3796965479850769,-0.4261636734008789,2.9497978687286377,0.5675029722896603,-0.49924169908438004,0,0,0,0.12,0.01,0.0,0.01,0.1,0.9,-1.2,0.0,0,0,1,0,0.675,0.2
403,4,-0.6610000729560852,0.4223586320877075,-2.681760311126709,0.06317588983358655,-0.0066914476293495695,0,0,0,0.12,0.01,0.0,0.01,0.1,0.9,-1.2,0.0,0,0,1,0,0.675,0.2
403,5,-0.2134188562631607,0.4025498330593109,0.8641202449798584,0.41328815184739937,0.4038831833729376,0,0,0,0.12,0.01,0.0,0.01,0.1,0.9,-1.2,0.0,0,0,1,0,0.675,0.2
403,6,-0.7021276354789734,-0.079134501516819,2.5233585834503174,-0.0064463139202554495,0.1783701748278101,0,0,0,0.12,0.01,0.0,0.01,0.1,0.9,-1.2,0.0,0,0,1,0,0.675,0.2
403,7,-1.0530564785003662,0.209814190864563,3.0729777812957764,0.45660356095821075,0.4452831406256516,0,0,0,0.12,0.01,0.0,0.01,0.1,0.9,-1.2,0.0,0,0,1,0,0.675,0.2
404,0,-0.2466478943824768,-0.070883609354496,1.2260316610336304,0.28908759605587536,0.25787913549243396,0,0,0,0.12,0.01,0.0,0.01,0.1,0.9,-1.2,0.0,0,0,1,0,0.675,0.2
404,1,-0.9998903870582581,-0.4200548827648163,3.107417583465576,0.2581880598646299,0.26082844442308983,0,0,0,0.12,0.01,0.0,0.01,0.1,0.9,-1.2,0.0,0,0,1,0,0.675,0.2
404,2,0.16679328680038452,0.002975137671455741,-0.011930769309401512,0.4476322104619056,0.4267408678843468,0,0,0,0.12,0.01,0.0,0.01,0.1,0.9,-1.2,0.0,0,0,1,0,0.675,0.2
404,3,-0.379763662815094,-0.42615023255348206,2.9158051013946533,0.5537864141484099,-0.48606399673422146,0,0,0,0.12,0.01,0.0,0.01,0.1,0.9,-1.2,0.0,0,0,1,0,0.675,0.2
404,4,-0.6610507369041443,0.42233359813690186,-2.6842308044433594,0.06252953429143959,-0.006061997454577024,0,0,0,0.12,0.01,0.0,0.01,0.1,0.9,-1.2,0.0,0,0,1,0,0.675,0.2
404,5,-0.21288718283176422,0.40317249298095703,0.8639383912086487,0.41476061622472676,0.4009715648475083,0,0,0,0.12,0.01,0.0,0.01,0.1,0.9,-1.2,0.0,0,0,1,0,0.675,0.2
404,6,-0.7022676467895508,-0.07903596758842468,2.5299932956695557,-0.0045695760555244545,0.17710928705405962,0,0,0,0.12,0.01,0.0,0.01,0.1,0.9,-1.2,0.0,0,0,1,0,0.675,0.2
404,7,-1.0539578199386597,0.20987629890441895,3.0725724697113037,0.4559281922214015,0.4445606016285436,0,0,0,0.12,0.01,0.0,0.01,0.1,0.9,-1.2,0.0,0,0,1,0,0.675,0.2
405,0,-0.24646244943141937,-0.07036798447370529,1.2249008417129517,0.28843536968550787,0.2577103078810205,0,0,0,0.12,0.01,0.0,0.01,0.1,0.9,-1.2,0.0,0,0,1,0,0.675,0.2
405,1,-1.0004101991653442,-0.4200371503829956,3.107515811920166,0.25771547912644255,0.2603625500292887,0,0,0,0.12,0.01,0.0,0.01,0.1,0.9,-1.2,0.0,0,0,1,0,0.675,0.2
405,2,0.16766954958438873,0.0029645126778632402,-0.012495946139097214,0.44759672218973395,0.425130910332849,0,0,0,0.12,0.01,0.0,0.01,0.1,0.9,-1.2,0.0,0,0,1,0,0.675,0.2
405,3,-0.37982887029647827,-0.4261334538459778,2.878809928894043,0.4873019006192533,-0.42033375763295566,0,0,0,0.12,0.01,0.0,0.01,0.1,0.9,-1.2,0.0,0,0,1,0,0.675,0.2
405,4,-0.6611014604568481,0.4223087430000305,-2.6866962909698486,0.0612476323433256,-0.004801232803616513,0,0,0,0.12,0.01,0.0,0.01,0.1,0.9,-1.2,0.0,0,0,1,0,0.675,0.2
405,5,-0.21235622465610504,0.4037940204143524,0.8636201024055481,0.41650750239471407,0.3976731101693728,0,0,0,0.12,0.01,0.0,0.01,0.1,0.9,-1.2,0.0,0,0,1,0,0.675,0.2
405,6,-0.7024087905883789,-0.07893804460763931,2.5365145206451416,-0.002755127200234611,0.17591022635375328,0,0,0,0.12,0.01,0.0,0.01,0.1,0.9,-1.2,0.0,0,0,1,0,0.675,0.2
405,7,-1.054857850074768,0.20993869006633759,3.0721654891967773,0.45524236004775165,0.4438338037210167,0,0,0,0.12,0.01,0.0,0.01,0.1,0.9,-1.2,0.0,0,0,1,0,0.675,0.2
406,0,-0.24627667665481567,-0.06985335797071457,1.2237887382507324,0.2878093754831345,0.2575242484029739,0,0,0,0.12,0.01,0.0,0.01,0.1,0.9,-1.2,0.0,0,0,1,0,0.675,0.2
406,1,-1.0009291172027588,-0.4200194776058197,3.1076159477233887,0.2572395479996481,0.2599036419074259,0,0,0,0.12,0.01,0.0,0.01,0.1,0.9,-1.2,0.0,0,0,1,0,0.675,0.2
406,2,0.16854417324066162,0.0029532574117183685,-0.013311577960848808,0.44644851884085196,0.4246215681151722,0,0,0,0.12,0.01,0.0,0.01,0.1,0.9,-1.2,0.0,0,0,1,0,0.675,0.2
406,3,-0.3798924684524536,-0.42611342668533325,2.8420791625976562,0.37765227306212196,-0.31180647808636436,0,0,0,0.12,0.01,0.0,0.01,0.1,0.9,-1.2,0.0,0,0,1,0,0.675,0.2
406,4,-0.6611522436141968,0.4222840368747711,-2.6891252994537354,0.059765219473122286,-0.0033483540348994015,0,0,0,0.12,0.01,0.0,0.01,0.1,0.9,-1.2,0.0,0,0,1,0,0.675,0.2
406,5,-0.21182593703269958,0.40441423654556274,0.8631539940834045,0.4185953546877056,0.39390649305628245,0,0,0,0.12,0.01,0.0,0.01,0.1,0.9,-1.2,0.0,0,0,1,0,0.675,0.2
406,6,-0.7025510668754578,-0.07884061336517334,2.542924642562866,-0.001028829844748765,0.17479542795017938,0,0,0,0.12,0.01,0.0,0.01,0.1,0.9,-1.2,0.0,0,0,1,0,0.675,0.2
406,7,-1.0557564496994019,0.21000133454799652,3.0717568397521973,0.4545494706956295,0.44309963866792634,0,0,0,0.12,0.01,0.0,0.01,0.1,0.9,-1.2,0.0,0,0,1,0,0.675,0.2
407,0,-0.2460905760526657,-0.06933972239494324,1.2226955890655518,0.2872096295110746,0.25731283476428557,0,0,0,0.12,0.01,0.0,0.01,0.1,0.9,-1.2,0.0,0,0,1,0,0.675,0.2
407,1,-1.001447081565857,-0.42000189423561096,3.1077165603637695,0.2567822789122954,0.2594290519783601,0,0,0,0.12,0.01,0.0,0.01,0.1,0.9,-1.2,0.0,0,0,1,0,0.675,0.2
407,2,0.169417142868042,0.0029413392767310143,-0.014233237132430077,0.4448276921814557,0.42457274946512025,0,0,0,0.12,0.01,0.0,0.01,0.1,0.9,-1.2,0.0,0,0,1,0,0.675,0.2
407,3,-0.3799547255039215,-0.42609116435050964,2.809255838394165,0.24701880601912593,-0.18267410186797237,0,0,0,0.12,0.01,0.0,0.01,0.1,0.9,-1.2,0.0,0,0,1,0,0.675,0.2
407,4,-0.6612030267715454,0.42225944995880127,-2.691473960876465,0.058446802947557504,-0.0020703941619759168,0,0,0,0.12,0.01,0.0,0.01,0.1,0.9,-1.2,0.0,0,0,1,0,0.675,0.2
407,5,-0.21129627525806427,0.4050329923629761,0.8625168800354004,0.42106228676931257,0.38961702975137846,0,0,0,0.12,0.01,0.0,0.01,0.1,0.9,-1.2,0.0,0,0,1,0,0.675,0.2
407,6,-0.702694296836853,-0.078743577003479,2.5492286682128906,0.0006101836318293374,0.1737628470307073,0,0,0,0.12,0.01,0.0,0.01,0.1,0.9,-1.2,0.0,0,0,1,0,0.675,0.2
407,7,-1.056653618812561,0.21006427705287933,3.0713467597961426,0.45384706619160514,0.4423605048380579,0,0,0,0.12,0.01,0.0,0.01,0.1,0.9,-1.2,0.0,0,0,1,0,0.675,0.2
408,0,-0.24590417742729187,-0.0688270628452301,1.2216181755065918,0.28661489333417556,0.25708675537798265,0,0,0,0.12,0.01,0.0,0.01,0.1,0.9,-1.2,0.0,0,0,1,0,0.675,0.2
408,1,-1.0019640922546387,-0.4199844002723694,3.1078178882598877,0.25634233188744343,0.25894047784690105,0,0,0,0.12,0.01,0.0,0.01,0.1,0.9,-1.2,0.0,0,0,1,0,0.675,0.2
408,2,0.17028845846652985,0.0029287466313689947,-0.01496000774204731,0.444044951120985,0.4236736262639636,0,0,0,0.12,0.01,0.0,0.01,0.1,0.9,-1.2,0.0,0,0,1,0,0.675,0.2
408,3,-0.3800158202648163,-0.4260680079460144,2.783496618270874,0.12147412061390056,-0.05887792616781367,0,0,0,0.12,0.01,0.0,0.01,0.1,0.9,-1.2,0.0,0,0,1,0,0.675,0.2
408,4,-0.6612539291381836,0.42223501205444336,-2.6937222480773926,0.05718127943579167,-0.000856953933872878,0,0,0,0.12,0.01,0.0,0.01,0.1,0.9,-1.2,0.0,0,0,1,0,0.675,0.2
408,5,-0.2107672244310379,0.4056501090526581,0.8616774678230286,0.42392883329625486,0.38476493329767814,0,0,0,0.12,0.01,0.0,0.01,0.1,0.9,-1.2,0.0,0,0,1,0,0.675,0.2
408,6,-0.7028385400772095,-0.07864692062139511,2.555431842803955,0.002154737136349856,0.1728108382010601,0,0,0,0.12,0.01,0.0,0.01,0.1,0.9,-1.2,0.0,0,0,1,0,0.675,0.2
408,7,-1.057549238204956,0.21012748777866364,3.0709352493286133,0.4531356339680676,0.44161627242689083,0,0,0,0.12,0.01,0.0,0.01,0.1,0.9,-1.2,0.0,0,0,1,0,0.675,0.2
409,0,-0.24571751058101654,-0.06831537187099457,1.2205528020858765,0.2859999722408123,0.2568647676540546,0,0,0,0.12,0.01,0.0,0.01,0.1,0.9,-1.2,0.0,0,0,1,0,0.675,0.2
409,1,-1.0024802684783936,-0.41996699571609497,3.1079187393188477,0.25591497834382354,0.25844264809431733,0,0,0,0.12,0.01,0.0,0.01,0.1,0.9,-1.2,0.0,0,0,1,0,0.675,0.2
409,2,0.1711580902338028,0.0029155302327126265,-0.015549015253782272,0.44384708354554825,0.4221778278581077,0,0,0,0.12,0.01,0.0,0.01,0.1,0.9,-1.2,0.0,0,0,1,0,0.675,0.2
409,3,-0.3800756335258484,-0.4260447025299072,2.766571283340454,0.01612953814862819,0.04461009454728512,0,0,0,0.12,0.01,0.0,0.01,0.1,0.9,-1.2,0.0,0,0,1,0,0.675,0.2
409,4,-0.661304771900177,0.4222106635570526,-2.6958770751953125,0.05639761015446995,-0.00013733356865261448,0,0,0,0.12,0.01,0.0,0.01,0.1,0.9,-1.2,0.0,0,0,1,0,0.675,0.2
409,5,-0.2102387696504593,0.40626534819602966,0.8606051802635193,0.42723955966224303,0.3792847766758003,0,0,0,0.12,0.01,0.0,0.01,0.1,0.9,-1.2,0.0,0,0,1,0,0.675,0.2
409,6,-0.7029838562011719,-0.07855074107646942,2.561540126800537,0.0036291069316844076,0.17191339666366776,0,0,0,0.12,0.01,0.0,0.01,0.1,0.9,-1.2,0.0,0,0,1,0,0.675,0.2
409,7,-1.058443546295166,0.21019098162651062,3.0705223083496094,0.45241794591751044,0.44086351389083916,0,0,0,0.12,0.01,0.0,0.01,0.1,0.9,-1.2,0.0,0,0,1,0,0.675,0.2
410,0,-0.2455306053161621,-0.06780463457107544,1.2195003032684326,0.2853639235225228,0.2566459069523307,0,0,0,0.12,0.01,0.0,0.01,0.1,0.9,-1.2,0.0,0,0,1,0,0.675,0.2
410,1,-1.0029953718185425,-0.41994965076446533,3.108018159866333,0.25546806297480096,0.25796861209691535,0,0,0,0.12,0.01,0.0,0.01,0.1,0.9,-1.2,0.0,0,0,1,0,0.675,0.2
410,2,0.17202602326869965,0.002901738043874502,-0.016283584758639336,0.4430089899733954,0.42131063254323664,0,0,0,0.12,0.01,0.0,0.01,0.1,0.9,-1.2,0.0,0,0,1,0,0.675,0.2
410,3,-0.38013389706611633,-0.4260215163230896,2.7584755420684814,-0.06515867812681621,0.12402894524980015,0,0,0,0.12,0.01,0.0,0.01,0.1,0.9,-1.2,0.0,0,0,1,0,0.675,0.2
410,4,-0.6613556146621704,0.42218640446662903,-2.697944164276123,0.056087196850714505,9.496412283438948e-05,0,0,0,0.12,0.01,0.0,0.01,0.1,0.9,-1.2,0.0,0,0,1,0,0.675,0.2
410,5,-0.20971088111400604,0.4068785011768341,0.8592709302902222,0.43106726056882455,0.3730801617448656,0,0,0,0.12,0.01,0.0,0.01,0.1,0.9,-1.2,0.0,0,0,1,0,0.675,0.2
410,6,-0.7031302452087402,-0.07845515012741089,2.567559003829956,0.005059744183280405,0.1710409867127157,0,0,0,0.12,0.01,0.0,0.01,0.1,0.9,-1.2,0.0,0,0,1,0,0.675,0.2
410,7,-1.0593363046646118,0.2102547436952591,3.070108413696289,0.451694118158786,0.44010264955285344,0,0,0,0.12,0.01,0.0,0.01,0.1,0.9,-1.2,0.0,0,0,1,0,0.675,0.2
411,0,-0.24534349143505096,-0.06729486584663391,1.2184630632400513,0.2847081059978873,0.25642762236133504,0,0,0,0.12,0.01,0.0,0.01,0.1,0.9,-1.2,0.0,0,0,1,0,0.675,0.2
411,1,-1.0035096406936646,-0.41993242502212524,3.1081149578094482,0.2550411446682885,0.25747904938536137,0,0,0,0.12,0.01,0.0,0.01,0.1,0.9,-1.2,0.0,0,0,1,0,0.675,0.2
411,2,0.1728922724723816,0.0028873609844595194,-0.017174452543258667,0.4414928156559381,0.4211102526958075,0,0,0,0.12,0.01,0.0,0.01,0.1,0.9,-1.2,0.0,0,0,1,0,0.675,0.2
411,3,-0.38019052147865295,-0.42599859833717346,2.758014440536499,-0.12336233053680339,0.1804108263957111,0,0,0,0.12,0.01,0.0,0.01,0.1,0.9,-1.2,0.0,0,0,1,0,0.675,0.2
411,4,-0.6614064574241638,0.422162264585495,-2.699951648712158,0.05594250498228894,0.00014790581649913007,0,0,0,0.12,0.01,0.0,0.01,0.1,0.9,-1.2,0.0,0,0,1,0,0.675,0.2
411,5,-0.20918351411819458,0.4074892997741699,0.857638418674469,0.43547091962565093,0.3660650443864951,0,0,0,0.12,0.01,0.0,0.01,0.1,0.9,-1.2,0.0,0,0,1,0,0.675,0.2
411,6,-0.7032778263092041,-0.07836025953292847,2.5734939575195312,0.006432551447924865,0.17020553022188256,0,0,0,0.12,0.01,0.0,0.01,0.1,0.9,-1.2,0.0,0,0,1,0,0.675,0.2
411,7,-1.0602275133132935,0.21031875908374786,3.069693088531494,0.4509640230643934,0.43933380704043445,0,0,0,0.12,0.01,0.0,0.01,0.1,0.9,-1.2,0.0,0,0,1,0,0.675,0.2
412,0,-0.2451561689376831,-0.06678607314825058,1.217441201210022,0.28402638540536673,0.25621199502676223,0,0,0,0.12,0.01,0.0,0.01,0.1,0.9,-1.2,0.0,0,0,1,0,0.675,0.2
412,1,-1.0040229558944702,-0.41991525888442993,3.108210563659668,0.25459403793496943,0.2570143838675514,0,0,0,0.12,0.01,0.0,0.01,0.1,0.9,-1.2,0.0,0,0,1,0,0.675,0.2
412,2,0.17375679314136505,0.0028723585419356823,-0.0179621372371912,0.44041735490743694,0.4204581920247836,0,0,0,0.12,0.01,0.0,0.01,0.1,0.9,-1.2,0.0,0,0,1,0,0.675,0.2
412,3,-0.3802454173564911,-0.42597633600234985,2.7635364532470703,-0.1563275101107191,0.21167007260738122,0,0,0,0.12,0.01,0.0,0.01,0.1,0.9,-1.2,0.0,0,0,1,0,0.675,0.2
412,4,-0.6614572405815125,0.4221382439136505,-2.7019331455230713,0.05581612566519957,0.0001725139279248238,0,0,0,0.12,0.01,0.0,0.01,0.1,0.9,-1.2,0.0,0,0,1,0,0.675,0.2
412,5,-0.20865662395954132,0.40809741616249084,0.8556609153747559,0.4405030844501737,0.3581579687305208,0,0,0,0.12,0.01,0.0,0.01,0.1,0.9,-1.2,0.0,0,0,1,0,0.675,0.2
412,6,-0.7034265398979187,-0.07826610654592514,2.579347848892212,0.007784008361832887,0.1693705922584369,0,0,0,0.12,0.01,0.0,0.01,0.1,0.9,-1.2,0.0,0,0,1,0,0.675,0.2
412,7,-1.0611172914505005,0.21038302779197693,3.0692765712738037,0.4502287232915115,0.43855538725460064,0,0,0,0.12,0.01,0.0,0.01,0.1,0.9,-1.2,0.0,0,0,1,0,0.675,0.2
413,0,-0.24496863782405853,-0.06627828627824783,1.216432809829712,0.28332421151059134,0.25598797234637277,0,0,0,0.12,0.01,0.0,0.01,0.1,0.9,-1.2,0.0,0,0,1,0,0.675,0.2
413,1,-1.004535436630249,-0.4198981523513794,3.1083037853240967,0.2541296533209122,0.2565712877649033,0,0,0,0.12,0.01,0.0,0.01,0.1,0.9,-1.2,0.0,0,0,1,0,0.675,0.2
413,2,0.17461960017681122,0.0028567214030772448,-0.018575266003608704,0.4400871698331427,0.4190498288202691,0,0,0,0.12,0.01,0.0,0.01,0.1,0.9,-1.2,0.0,0,0,1,0,0.675,0.2
413,3,-0.38029879331588745,-0.42595523595809937,2.7734036445617676,-0.15895070100872058,0.2127652090295984,0,0,0,0.12,0.01,0.0,0.01,0.1,0.9,-1.2,0.0,0,0,1,0,0.675,0.2
413,4,-0.6615080237388611,0.42211440205574036,-2.7039055824279785,0.05522818702608587,0.0006502324029779272,0,0,0,0.12,0.01,0.0,0.01,0.1,0.9,-1.2,0.0,0,0,1,0,0.675,0.2
413,5,-0.2081300914287567,0.40870246291160583,0.8532893657684326,0.4462229972634416,0.34926708881520213,0,0,0,0.12,0.01,0.0,0.01,0.1,0.9,-1.2,0.0,0,0,1,0,0.675,0.2
413,6,-0.7035762667655945,-0.07817265391349792,2.5851237773895264,0.00909434513138679,0.16855503364516347,0,0,0,0.12,0.01,0.0,0.01,0.1,0.9,-1.2,0.0,0,0,1,0,0.675,0.2
413,7,-1.062005639076233,0.2104475349187851,3.0688588619232178,0.4494856754340543,0.43777011241537195,0,0,0,0.12,0.01,0.0,0.01,0.1,0.9,-1.2,0.0,0,0,1,0,0.675,0.2
414,0,-0.24478089809417725,-0.06577153503894806,1.2154393196105957,0.2826054487021145,0.2557466235368076,0,0,0,0.12,0.01,0.0,0.01,0.1,0.9,-1.2,0.0,0,0,1,0,0.675,0.2
414,1,-1.0050469636917114,-0.4198811650276184,3.108396053314209,0.2536928807954908,0.25610457308481926,0,0,0,0.12,0.01,0.0,0.01,0.1,0.9,-1.2,0.0,0,0,1,0,0.675,0.2
414,2,0.1754806637763977,0.002840472152456641,-0.01923523098230362,0.43955472163474185,0.4178333575316705,0,0,0,0.12,0.01,0.0,0.01,0.1,0.9,-1.2,0.0,0,0,1,0,0.675,0.2
414,3,-0.3803509473800659,-0.42593568563461304,2.7858779430389404,-0.12766472359093078,0.1801580052533949,0,0,0,0.12,0.01,0.0,0.01,0.1,0.9,-1.2,0.0,0,0,1,0,0.675,0.2
414,4,-0.6615588068962097,0.42209070920944214,-2.7058722972869873,0.05448771485239915,0.0012670286640460119,0,0,0,0.12,0.01,0.0,0.01,0.1,0.9,-1.2,0.0,0,0,1,0,0.675,0.2
414,5,-0.2076038122177124,0.4093039631843567,0.8504754900932312,0.4527279024417204,0.33925975510527673,0,0,0,0.12,0.01,0.0,0.01,0.1,0.9,-1.2,0.0,0,0,1,0,0.675,0.2
414,6,-0.7037270069122314,-0.07807979732751846,2.590822219848633,0.010346039035542928,0.16777366509176878,0,0,0,0.12,0.01,0.0,0.01,0.1,0.9,-1.2,0.0,0,0,1,0,0.675,0.2
414,7,-1.0628923177719116,0.21051231026649475,3.068439483642578,0.4487328261456366,0.436980572310937,0,0,0,0.12,0.01,0.0,0.01,0.1,0.9,-1.2,0.0,0,0,1,0,0.675,0.2
415,0,-0.24459293484687805,-0.06526583433151245,1.2144639492034912,0.28189328623380483,0.25546285199556534,0,0,0,0.12,0.01,0.0,0.01,0.1,0.9,-1.2,0.0,0,0,1,0,0.675,0.2
415,1,-1.0055575370788574,-0.4198642373085022,3.1084890365600586,0.2532513076011993,0.2556464141662262,0,0,0,0.12,0.01,0.0,0.01,0.1,0.9,-1.2,0.0,0,0,1,0,0.675,0.2
415,2,0.1763399839401245,0.0028236114885658026,-0.020066004246473312,0.4382999683772523,0.4173295353497069,0,0,0,0.12,0.01,0.0,0.01,0.1,0.9,-1.2,0.0,0,0,1,0,0.675,0.2
415,3,-0.38040196895599365,-0.4259176254272461,2.798907518386841,-0.06755169731911984,0.11889558536347714,0,0,0,0.12,0.01,0.0,0.01,0.1,0.9,-1.2,0.0,0,0,1,0,0.675,0.2
415,4,-0.6616095304489136,0.42206722497940063,-2.707808017730713,0.053205515041081015,0.0024167832293829246,0,0,0,0.12,0.01,0.0,0.01,0.1,0.9,-1.2,0.0,0,0,1,0,0.675,0.2
415,5,-0.20707768201828003,0.4099014699459076,0.8471636772155762,0.46011779055595264,0.3279973532199873,0,0,0,0.12,0.01,0.0,0.01,0.1,0.9,-1.2,0.0,0,0,1,0,0.675,0.2
415,6,-0.70387864112854,-0.0779874324798584,2.5964457988739014,0.011535539969715779,0.16703227187701733,0,0,0,0.12,0.01,0.0,0.01,0.1,0.9,-1.2,0.0,0,0,1,0,0.675,0.2
415,7,-1.0637774467468262,0.2105773538351059,3.068018674850464,0.4479722875408898,0.4361844164080848,0,0,0,0.12,0.01,0.0,0.01,0.1,0.9,-1.2,0.0,0,0,1,0,0.675,0.2
416,0,-0.24440480768680573,-0.06476122885942459,1.213506817817688,0.28119626416688626,0.2551284156846457,0,0,0,0.12,0.01,0.0,0.01,0.1,0.9,-1.2,0.0,0,0,1,0,0.675,0.2
416,1,-1.0060672760009766,-0.41984736919403076,3.108581066131592,0.2528083397279839,0.25519251094950635,0,0,0,0.12,0.01,0.0,0.01,0.1,0.9,-1.2,0.0,0,0,1,0,0.675,0.2
416,2,0.17719754576683044,0.0028061196208000183,-0.020894765853881836,0.43706369138396867,0.4167978193696629,0,0,0,0.12,0.01,0.0,0.01,0.1,0.9,-1.2,0.0,0,0,1,0,0.675,0.2
416,3,-0.38045191764831543,-0.4259006381034851,2.810169219970703,0.008523090850498004,0.04177480645856686,0,0,0,0.12,0.01,0.0,0.01,0.1,0.9,-1.2,0.0,0,0,1,0,0.675,0.2
416,4,-0.6616601943969727,0.4220438599586487,-2.709697961807251,0.052208729715397056,0.0032652796494463143,0,0,0,0.12,0.01,0.0,0.01,0.1,0.9,-1.2,0.0,0,0,1,0,0.675,0.2
416,5,-0.20655161142349243,0.4104944169521332,0.8432855606079102,0.46847791806789707,0.3153533206787459,0,0,0,0.12,0.01,0.0,0.01,0.1,0.9,-1.2,0.0,0,0,1,0,0.675,0.2
416,6,-0.7040311098098755,-0.07789549976587296,2.6019976139068604,0.012640122674898346,0.16635670850376683,0,0,0,0.12,0.01,0.0,0.01,0.1,0.9,-1.2,0.0,0,0,1,0,0.675,0.2
416,7,-1.0646611452102661,0.21064268052577972,3.067596435546875,0.4472026007777107,0.4353828651303398,0,0,0,0.12,0.01,0.0,0.01,0.1,0.9,-1.2,0.0,0,0,1,0,0.675,0.2
417,0,-0.24421653151512146,-0.06425772607326508,1.2125639915466309,0.2805208917252595,0.25474008363561085,0,0,0,0.12,0.01,0.0,0.01,0.1,0.9,-1.2,0.0,0,0,1,0,0.675,0.2
417,1,-1.0065760612487793,-0.4198305904865265,3.1086723804473877,0.2523792048897541,0.2547283509764873,0,0,0,0.12,0.01,0.0,0.01,0.1,0.9,-1.2,0.0,0,0,1,0,0.675,0.2
417,2,0.1780533343553543,0.0027880091220140457,-0.021570805460214615,0.4364833765361561,0.4156007833149181,0,0,0,0.12,0.01,0.0,0.01,0.1,0.9,-1.2,0.0,0,0,1,0,0.675,0.2
417,3,-0.38050082325935364,-0.4258842468261719,2.817575454711914,0.086471290836019,-0.037169778296632254,0,0,0,0.12,0.01,0.0,0.01,0.1,0.9,-1.2,0.0,0,0,1,0,0.675,0.2
417,4,-0.6617107391357422,0.42202064394950867,-2.711510181427002,0.0514097185796633,0.003900743090496999,0,0,0,0.12,0.01,0.0,0.01,0.1,0.9,-1.2,0.0,0,0,1,0,0.675,0.2
417,5,-0.20602557063102722,0.41108232736587524,0.8387649655342102,0.47791498888350903,0.3011760116734367,0,0,0,0.12,0.01,0.0,0.01,0.1,0.9,-1.2,0.0,0,0,1,0,0.675,0.2
417,6,-0.704184353351593,-0.07780404388904572,2.607481002807617,0.013680767714465,0.16572840839675632,0,0,0,0.12,0.01,0.0,0.01,0.1,0.9,-1.2,0.0,0,0,1,0,0.675,0.2
417,7,-1.0655431747436523,0.21070826053619385,3.0671730041503906,0.44642496989660446,0.43457519127435507,0,0,0,0.12,0.01,0.0,0.01,0.1,0.9,-1.2,0.0,0,0,1,0,0.675,0.2
418,0,-0.24402813613414764,-0.06375536322593689,1.2116327285766602,0.27985849215349173,0.2543037311855891,0,0,0,0.12,0.01,0.0,0.01,0.1,0.9,-1.2,0.0,0,0,1,0,0.675,0.2
418,1,-1.0070838928222656,-0.419813871383667,3.1087632179260254,0.2519404688275377,0.25427772613401023,0,0,0,0.12,0.01,0.0,0.01,0.1,0.9,-1.2,0.0,0,0,1,0,0.675,0.2
418,2,0.1789073497056961,0.0027693230658769608,-0.022218696773052216,0.4360327138473307,0.4142653332184041,0,0,0,0.12,0.01,0.0,0.01,0.1,0.9,-1.2,0.0,0,0,1,0,0.675,0.2
418,3,-0.38054874539375305,-0.4258682429790497,2.8198297023773193,0.15911508254985474,-0.11076943852286003,0,0,0,0.12,0.01,0.0,0.01,0.1,0.9,-1.2,0.0,0,0,1,0,0.675,0.2
418,4,-0.6617612242698669,0.4219975471496582,-2.7132537364959717,0.05102926715455313,0.004100439705035489,0,0,0,0.12,0.01,0.0,0.01,0.1,0.9,-1.2,0.0,0,0,1,0,0.675,0.2
418,5,-0.2054995596408844,0.4116646349430084,0.8335236310958862,0.4885646841828724,0.2852826573546032,0,0,0,0.12,0.01,0.0,0.01,0.1,0.9,-1.2,0.0,0,0,1,0,0.675,0.2
418,6,-0.7043384909629822,-0.07771316170692444,2.612900733947754,0.014697328691202952,0.16510875474957767,0,0,0,0.12,0.01,0.0,0.01,0.1,0.9,-1.2,0.0,0,0,1,0,0.675,0.2
418,7,-1.0664235353469849,0.21077410876750946,3.06674861907959,0.44564154876112083,0.4337593005812254,0,0,0,0.12,0.01,0.0,0.01,0.1,0.9,-1.2,0.0,0,0,1,0,0.675,0.2
419,0,-0.24383968114852905,-0.06325414776802063,1.2107126712799072,0.27921828225097217,0.2538078765586897,0,0,0,0.12,0.01,0.0,0.01,0.1,0.9,-1.2,0.0,0,0,1,0,0.675,0.2
419,1,-1.0075910091400146,-0.41979724168777466,3.1088528633117676,0.2515177560545441,0.2538147734902862,0,0,0,0.12,0.01,0.0,0.01,0.1,0.9,-1.2,0.0,0,0,1,0,0.675,0.2
419,2,0.17975957691669464,0.0027500828728079796,-0.023008422926068306,0.43500191800715426,0.4135017908322623,0,0,0,0.12,0.01,0.0,0.01,0.1,0.9,-1.2,0.0,0,0,1,0,0.675,0.2
419,3,-0.38059571385383606,-0.4258526861667633,2.8165879249572754,0.22674999941176333,-0.17929466996377863,0,0,0,0.12,0.01,0.0,0.01,0.1,0.9,-1.2,0.0,0,0,1,0,0.675,0.2
419,4,-0.6618115305900574,0.4219745695590973,-2.7149438858032227,0.05107059679282534,0.003863450369707454,0,0,0,0.12,0.01,0.0,0.01,0.1,0.9,-1.2,0.0,0,0,1,0,0.675,0.2
419,5,-0.20497356355190277,0.4122406542301178,0.8274752497673035,0.5005784768458919,0.267473385870783,0,0,0,0.12,0.01,0.0,0.01,0.1,0.9,-1.2,0.0,0,0,1,0,0.675,0.2
419,6,-0.7044934630393982,-0.07762296497821808,2.618260622024536,0.015682826035014585,0.16450787127734046,0,0,0,0.12,0.01,0.0,0.01,0.1,0.9,-1.2,0.0,0,0,1,0,0.675,0.2
419,7,-1.0673024654388428,0.21084022521972656,3.0663228034973145,0.44484893885029086,0.43293775710689303,0,0,0,0.12,0.01,0.0,0.01,0.1,0.9,-1.2,0.0,0,0,1,0,0.675,0.2
420,0,-0.24365118145942688,-0.06275412440299988,1.2098027467727661,0.2785996555531975,0.2532508016382698,0,0,0,0.12,0.01,0.0,0.01,0.1,0.9,-1.2,0.0,0,0,1,0,0.675,0.2
420,1,-1.0080970525741577,-0.4197807013988495,3.1089420318603516,0.2510960258148724,0.25335596431269103,0,0,0,0.12,0.01,0.0,0.01,0.1,0.9,-1.2,0.0,0,0,1,0,0.675,0.2
420,2,0.18061000108718872,0.0027302675880491734,-0.0238607469946146,0.43373212942501,0.4129695521889121,0,0,0,0.12,0.01,0.0,0.01,0.1,0.9,-1.2,0.0,0,0,1,0,0.675,0.2
420,3,-0.38064178824424744,-0.4258373975753784,2.808133602142334,0.2869100763604103,-0.24028110198230138,0,0,0,0.12,0.01,0.0,0.01,0.1,0.9,-1.2,0.0,0,0,1,0,0.675,0.2
420,4,-0.661861777305603,0.4219517409801483,-2.7166078090667725,0.05123938901064565,0.003481366655848719,0,0,0,0.12,0.01,0.0,0.01,0.1,0.9,-1.2,0.0,0,0,1,0,0.675,0.2
420,5,-0.20444750785827637,0.4128096103668213,0.8205171823501587,0.5140824376600407,0.24757331023043172,0,0,0,0.12,0.01,0.0,0.01,0.1,0.9,-1.2,0.0,0,0,1,0,0.675,0.2
420,6,-0.7046493887901306,-0.0775335505604744,2.623563289642334,0.016696234827568237,0.16386401128239422,0,0,0,0.12,0.01,0.0,0.01,0.1,0.9,-1.2,0.0,0,0,1,0,0.675,0.2
420,7,-1.0681796073913574,0.21090656518936157,3.0658960342407227,0.4440503176293921,0.4321084562696863,0,0,0,0.12,0.01,0.0,0.01,0.1,0.9,-1.2,0.0,0,0,1,0,0.675,0.2
421,0,-0.24346265196800232,-0.062255311757326126,1.2088984251022339,0.2779995248209138,0.25263618971003104,0,0,0,0.12,0.01,0.0,0.01,0.1,0.9,-1.2,0.0,0,0,1,0,0.675,0.2
421,1,-1.0086023807525635,-0.4197642207145691,3.109029769897461,0.25066332511960904,0.2529124767297562,0,0,0,0.12,0.01,0.0,0.01,0.1,0.9,-1.2,0.0,0,0,1,0,0.675,0.2
421,2,0.18145860731601715,0.002709844848141074,-0.024595925584435463,0.4329788934692498,0.4119135487571601,0,0,0,0.12,0.01,0.0,0.01,0.1,0.9,-1.2,0.0,0,0,1,0,0.675,0.2
421,3,-0.38068684935569763,-0.4258219301700592,2.7948293685913086,0.3320318762270598,-0.28620241247693584,0,0,0,0.12,0.01,0.0,0.01,0.1,0.9,-1.2,0.0,0,0,1,0,0.675,0.2
421,4,-0.6619118452072144,0.42192909121513367,-2.718275308609009,0.05123517825784561,0.003259519342757491,0,0,0,0.12,0.01,0.0,0.01,0.1,0.9,-1.2,0.0,0,0,1,0,0.675,0.2
421,5,-0.20392116904258728,0.4133705794811249,0.8125316500663757,0.5291918455262796,0.2254216731886251,0,0,0,0.12,0.01,0.0,0.01,0.1,0.9,-1.2,0.0,0,0,1,0,0.675,0.2
421,6,-0.7048062086105347,-0.07744491100311279,2.628810167312622,0.017716649896953558,0.1632027738024254,0,0,0,0.12,0.01,0.0,0.01,0.1,0.9,-1.2,0.0,0,0,1,0,0.675,0.2
421,7,-1.069055199623108,0.21097314357757568,3.0654683113098145,0.4432469818179436,0.431269326489704,0,0,0,0.12,0.01,0.0,0.01,0.1,0.9,-1.2,0.0,0,0,1,0,0.675,0.2
422,0,-0.24327407777309418,-0.06175776571035385,1.207994818687439,0.2774158733474142,0.251964269341337,0,0,0,0.12,0.01,0.0,0.01,0.1,0.9,-1.2,0.0,0,0,1,0,0.675,0.2
422,1,-1.0091066360473633,-0.41974782943725586,3.1091160774230957,0.25023743639244067,0.25246652831779487,0,0,0,0.12,0.01,0.0,0.01,0.1,0.9,-1.2,0.0,0,0,1,0,0.675,0.2
422,2,0.18230541050434113,0.002688809297978878,-0.025249173864722252,0.4325999952827746,0.4104770682777113,0,0,0,0.12,0.01,0.0,0.01,0.1,0.9,-1.2,0.0,0,0,1,0,0.675,0.2
422,3,-0.3807307183742523,-0.4258057475090027,2.777167797088623,0.35331263246789646,-0.3083150893713541,0,0,0,0.12,0.01,0.0,0.01,0.1,0.9,-1.2,0.0,0,0,1,0,0.675,0.2
422,4,-0.6619617938995361,0.42190662026405334,-2.7199602127075195,0.051104077732893854,0.0031463674840002853,0,0,0,0.12,0.01,0.0,0.01,0.1,0.9,-1.2,0.0,0,0,1,0,0.675,0.2
422,5,-0.2033943086862564,0.41392239928245544,0.8033981323242188,0.5460200406723981,0.2008658550566669,0,0,0,0.12,0.01,0.0,0.01,0.1,0.9,-1.2,0.0,0,0,1,0,0.675,0.2
422,6,-0.7049638032913208,-0.07735699415206909,2.6339993476867676,0.018738422798025615,0.16253217656720875,0,0,0,0.12,0.01,0.0,0.01,0.1,0.9,-1.2,0.0,0,0,1,0,0.675,0.2
422,7,-1.0699291229248047,0.2110399752855301,3.0650393962860107,0.44243435185365787,0.430425483771037,0,0,0,0.12,0.01,0.0,0.01,0.1,0.9,-1.2,0.0,0,0,1,0,0.675,0.2
423,0,-0.24308547377586365,-0.06126152351498604,1.2070908546447754,0.27685302443191717,0.25122982316329767,0,0,0,0.12,0.01,0.0,0.01,0.1,0.9,-1.2,0.0,0,0,1,0,0.675,0.2
423,1,-1.0096101760864258,-0.419731467962265,3.1092019081115723,0.2497865708623789,0.2520494310106374,0,0,0,0.12,0.01,0.0,0.01,0.1,0.9,-1.2,0.0,0,0,1,0,0.675,0.2
423,2,0.18315039575099945,0.0026671672239899635,-0.02599833346903324,0.43186214255148325,0.4093943567389831,0,0,0,0.12,0.01,0.0,0.01,0.1,0.9,-1.2,0.0,0,0,1,0,0.675,0.2
423,3,-0.3807731568813324,-0.42578840255737305,2.7560951709747314,0.34474742895611293,-0.3006826054180479,0,0,0,0.12,0.01,0.0,0.01,0.1,0.9,-1.2,0.0,0,0,1,0,0.675,0.2
423,4,-0.6620116233825684,0.42188435792922974,-2.7216553688049316,0.050717231759058116,0.0032719886515272874,0,0,0,0.12,0.01,0.0,0.01,0.1,0.9,-1.2,0.0,0,0,1,0,0.675,0.2
423,5,-0.20286667346954346,0.4144638776779175,0.7929871082305908,0.5646899766265895,0.17375232512359357,0,0,0,0.12,0.01,0.0,0.01,0.1,0.9,-1.2,0.0,0,0,1,0,0.675,0.2
423,6,-0.705122172832489,-0.07726968824863434,2.639129161834717,0.019723777826154296,0.16188969725815053,0,0,0,0.12,0.01,0.0,0.01,0.1,0.9,-1.2,0.0,0,0,1,0,0.675,0.2
423,7,-1.0708013772964478,0.2111070454120636,3.0646092891693115,0.44161469529271313,0.42957454134821715,0,0,0,0.12,0.01,0.0,0.01,0.1,0.9,-1.2,0.0,0,0,1,0,0.675,0.2
424,0,-0.24289682507514954,-0.06076662987470627,1.2061861753463745,0.2763172660883143,0.2504194106046483,0,0,0,0.12,0.01,0.0,0.01,0.1,0.9,-1.2,0.0,0,0,1,0,0.675,0.2
424,1,-1.0101127624511719,-0.4197152256965637,3.1092870235443115,0.2493742696328516,0.25159704765840823,0,0,0,0.12,0.01,0.0,0.01,0.1,0.9,-1.2,0.0,0,0,1,0,0.675,0.2
424,2,0.18399354815483093,0.0026449060533195734,-0.026856333017349243,0.4307221382075541,0.4087096244877583,0,0,0,0.12,0.01,0.0,0.01,0.1,0.9,-1.2,0.0,0,0,1,0,0.675,0.2
424,3,-0.38081416487693787,-0.4257700741291046,2.7331619262695312,0.3136525997983321,-0.27062751223314846,0,0,0,0.12,0.01,0.0,0.01,0.1,0.9,-1.2,0.0,0,0,1,0,0.675,0.2
424,4,-0.6620612144470215,0.42186230421066284,-2.723351240158081,0.05021546780219899,0.003494642683354754,0,0,0,0.12,0.01,0.0,0.01,0.1,0.9,-1.2,0.0,0,0,1,0,0.675,0.2
424,5,-0.20233818888664246,0.4149938225746155,0.7811543941497803,0.5853002444354578,0.14396425332150023,0,0,0,0.12,0.01,0.0,0.01,0.1,0.9,-1.2,0.0,0,0,1,0,0.675,0.2
424,6,-0.7052812576293945,-0.07718289643526077,2.6441996097564697,0.020654495823221125,0.1612941361786557,0,0,0,0.12,0.01,0.0,0.01,0.1,0.9,-1.2,0.0,0,0,1,0,0.675,0.2
424,7,-1.071671962738037,0.2111743688583374,3.064178228378296,0.4407887811869744,0.42871578977402414,0,0,0,0.12,0.01,0.0,0.01,0.1,0.9,-1.2,0.0,0,0,1,0,0.675,0.2
425,0,-0.24270817637443542,-0.06027311831712723,1.2052768468856812,0.2758079994458851,0.2495261799555126,0,0,0,0.12,0.01,0.0,0.01,0.1,0.9,-1.2,0.0,0,0,1,0,0.675,0.2
425,1,-1.0106145143508911,-0.4196990132331848,3.109372854232788,0.2489454186045771,0.2511644327557439,0,0,0,0.12,0.01,0.0,0.01,0.1,0.9,-1.2,0.0,0,0,1,0,0.675,0.2
425,2,0.18483485281467438,0.0026220150757580996,-0.027663519605994225,0.4298454041090274,0.4077578072938657,0,0,0,0.12,0.01,0.0,0.01,0.1,0.9,-1.2,0.0,0,0,1,0,0.675,0.2
425,3,-0.38085392117500305,-0.4257512390613556,2.7103774547576904,0.2743366433360058,-0.23242032882351463,0,0,0,0.12,0.01,0.0,0.01,0.1,0.9,-1.2,0.0,0,0,1,0,0.675,0.2
425,4,-0.6621106266975403,0.4218404293060303,-2.7250325679779053,0.04999333199675839,0.003416944773833338,0,0,0,0.12,0.01,0.0,0.01,0.1,0.9,-1.2,0.0,0,0,1,0,0.675,0.2
425,5,-0.2018088698387146,0.41551119089126587,0.7677436470985413,0.6079544437171647,0.11139339086993251,0,0,0,0.12,0.01,0.0,0.01,0.1,0.9,-1.2,0.0,0,0,1,0,0.675,0.2
425,6,-0.7054409980773926,-0.07709658890962601,2.6492130756378174,0.021521764729994678,0.16075162317894087,0,0,0,0.12,0.01,0.0,0.01,0.1,0.9,-1.2,0.0,0,0,1,0,0.675,0.2
425,7,-1.0725408792495728,0.2112419754266739,3.0637457370758057,0.43995487843673997,0.4278511985667391,0,0,0,0.12,0.01,0.0,0.01,0.1,0.9,-1.2,0.0,0,0,1,0,0.675,0.2
426,0,-0.2425195425748825,-0.0597810335457325,1.2043570280075073,0.2753201871613598,0.24854497616490365,0,0,0,0.12,0.01,0.0,0.01,0.1,0.9,-1.2,0.0,0,0,1,0,0.675,0.2
426,1,-1.0111154317855835,-0.41968289017677307,3.1094577312469482,0.2485349865322653,0.2507168857688364,0,0,0,0.12,0.01,0.0,0.01,0.1,0.9,-1.2,0.0,0,0,1,0,0.675,0.2
426,2,0.18567432463169098,0.002598513849079609,-0.028374118730425835,0.4294219858519148,0.40634981323560954,0,0,0,0.12,0.01,0.0,0.01,0.1,0.9,-1.2,0.0,0,0,1,0,0.675,0.2
426,3,-0.3808925747871399,-0.4257325232028961,2.689424514770508,0.24367277093020814,-0.20285705990878478,0,0,0,0.12,0.01,0.0,0.01,0.1,0.9,-1.2,0.0,0,0,1,0,0.675,0.2
426,4,-0.6621598601341248,0.42181873321533203,-2.7266900539398193,0.05018861306207382,0.0029015197108486993,0,0,0,0.12,0.01,0.0,0.01,0.1,0.9,-1.2,0.0,0,0,1,0,0.675,0.2
426,5,-0.20127888023853302,0.41601482033729553,0.7525951862335205,0.6327320770729257,0.07597924904935828,0,0,0,0.12,0.01,0.0,0.01,0.1,0.9,-1.2,0.0,0,0,1,0,0.675,0.2
426,6,-0.7056013345718384,-0.07701081782579422,2.65417218208313,0.022337057252754085,0.1602515796223985,0,0,0,0.12,0.01,0.0,0.01,0.1,0.9,-1.2,0.0,0,0,1,0,0.675,0.2
426,7,-1.0734081268310547,0.21130982041358948,3.063312530517578,0.439113072492058,0.4269805034623793,0,0,0,0.12,0.01,0.0,0.01,0.1,0.9,-1.2,0.0,0,0,1,0,0.675,0.2
427,0,-0.24233095347881317,-0.05929041653871536,1.203423261642456,0.27484203915053296,0.2474816288525493,0,0,0,0.12,0.01,0.0,0.01,0.1,0.9,-1.2,0.0,0,0,1,0,0.675,0.2
427,1,-1.0116153955459595,-0.4196668267250061,3.1095423698425293,0.24811784959292896,0.2502800967647981,0,0,0,0.12,0.01,0.0,0.01,0.1,0.9,-1.2,0.0,0,0,1,0,0.675,0.2
427,2,0.18651194870471954,0.0025744312442839146,-0.029129525646567345,0.4288736782081321,0.40506438398287736,0,0,0,0.12,0.01,0.0,0.01,0.1,0.9,-1.2,0.0,0,0,1,0,0.675,0.2
427,3,-0.38093021512031555,-0.42571404576301575,2.671079158782959,0.22655138419865667,-0.18680613161920603,0,0,0,0.12,0.01,0.0,0.01,0.1,0.9,-1.2,0.0,0,0,1,0,0.675,0.2
427,4,-0.6622087955474854,0.4217972159385681,-2.7283384799957275,0.050881362774192286,0.0018708340145955548,0,0,0,0.12,0.01,0.0,0.01,0.1,0.9,-1.2,0.0,0,0,1,0,0.675,0.2
427,5,-0.20074838399887085,0.4165036380290985,0.7355454564094543,0.6597037372074417,0.03769581942936868,0,0,0,0.12,0.01,0.0,0.01,0.1,0.9,-1.2,0.0,0,0,1,0,0.675,0.2
427,6,-0.7057624459266663,-0.07692568004131317,2.6590805053710938,0.023139234435317853,0.15975113605284896,0,0,0,0.12,0.01,0.0,0.01,0.1,0.9,-1.2,0.0,0,0,1,0,0.675,0.2
427,7,-1.0742735862731934,0.21137791872024536,3.062877893447876,0.4382652314381201,0.4261021343989771,0,0,0,0.12,0.01,0.0,0.01,0.1,0.9,-1.2,0.0,0,0,1,0,0.675,0.2
428,0,-0.2421424686908722,-0.058801326900720596,1.2024743556976318,0.27439043762953597,0.2463147854539601,0,0,0,0.12,0.01,0.0,0.01,0.1,0.9,-1.2,0.0,0,0,1,0,0.675,0.2
428,1,-1.0121146440505981,-0.4196508526802063,3.109625816345215,0.24771619413517523,0.24983178998805472,0,0,0,0.12,0.01,0.0,0.01,0.1,0.9,-1.2,0.0,0,0,1,0,0.675,0.2
428,2,0.18734772503376007,0.002549766330048442,-0.03000706434249878,0.42789153076383857,0.40421142362382617,0,0,0,0.12,0.01,0.0,0.01,0.1,0.9,-1.2,0.0,0,0,1,0,0.675,0.2
428,3,-0.38096678256988525,-0.4256957173347473,2.654970645904541,0.22031707188506786,-0.18161870783587158,0,0,0,0.12,0.01,0.0,0.01,0.1,0.9,-1.2,0.0,0,0,1,0,0.675,0.2
428,4,-0.6622574925422668,0.4217758774757385,-2.730005979537964,0.052107552194588534,0.00028828704953874195,0,0,0,0.12,0.01,0.0,0.01,0.1,0.9,-1.2,0.0,0,0,1,0,0.675,0.2
428,5,-0.20021744072437286,0.41697633266448975,0.7164213061332703,0.6887902662626857,-0.003294830071126891,0,0,0,0.12,0.01,0.0,0.01,0.1,0.9,-1.2,0.0,0,0,1,0,0.675,0.2
428,6,-0.7059242725372314,-0.07684127241373062,2.6639420986175537,0.023912380664389506,0.15926830914731702,0,0,0,0.12,0.01,0.0,0.01,0.1,0.9,-1.2,0.0,0,0,1,0,0.675,0.2
428,7,-1.0751372575759888,0.21144625544548035,3.0624423027038574,0.43741239235173063,0.4252152331136624,0,0,0,0.12,0.01,0.0,0.01,0.1,0.9,-1.2,0.0,0,0,1,0,0.675,0.2
429,0,-0.24195408821105957,-0.05831382796168327,1.2015070915222168,0.27395888202222984,0.2450445092436393,0,0,0,0.12,0.01,0.0,0.01,0.1,0.9,-1.2,0.0,0,0,1,0,0.675,0.2
429,1,-1.0126129388809204,-0.41963493824005127,3.109708309173584,0.24730046092068694,0.24940235914195039,0,0,0,0.12,0.01,0.0,0.01,0.1,0.9,-1.2,0.0,0,0,1,0,0.675,0.2
429,2,0.18818165361881256,0.002524486044421792,-0.030890420079231262,0.4269631900094436,0.4033048353888109,0,0,0,0.12,0.01,0.0,0.01,0.1,0.9,-1.2,0.0,0,0,1,0,0.675,0.2
429,3,-0.38100212812423706,-0.4256773293018341,2.640216827392578,0.218244309877633,-0.18059674591350452,0,0,0,0.12,0.01,0.0,0.01,0.1,0.9,-1.2,0.0,0,0,1,0,0.675,0.2
429,4,-0.6623058915138245,0.42175474762916565,-2.7317264080047607,0.05357279986823246,-0.0015499553152386832,0,0,0,0.12,0.01,0.0,0.01,0.1,0.9,-1.2,0.0,0,0,1,0,0.675,0.2
429,5,-0.19968576729297638,0.41743120551109314,0.6950386762619019,0.7196360149299652,-0.046502880088046275,0,0,0,0.12,0.01,0.0,0.01,0.1,0.9,-1.2,0.0,0,0,1,0,0.675,0.2
429,6,-0.7060868740081787,-0.07675765454769135,2.6687581539154053,0.024715024383551613,0.15874631389807986,0,0,0,0.12,0.01,0.0,0.01,0.1,0.9,-1.2,0.0,0,0,1,0,0.675,0.2
429,7,-1.0759992599487305,0.21151481568813324,3.0620055198669434,0.43655282964030134,0.4243208099432863,0,0,0,0.12,0.01,0.0,0.01,0.1,0.9,-1.2,0.0,0,0,1,0,0.675,0.2
430,0,-0.2417658269405365,-0.05782800167798996,1.200514554977417,0.27355117469185875,0.24366145462637856,0,0,0,0.12,0.01,0.0,0.01,0.1,0.9,-1.2,0.0,0,0,1,0,0.675,0.2
430,1,-1.0131103992462158,-0.4196191132068634,3.1097891330718994,0.2468954650125617,0.24896645272158438,0,0,0,0.12,0.01,0.0,0.01,0.1,0.9,-1.2,0.0,0,0,1,0,0.675,0.2
430,2,0.18901371955871582,0.00249855755828321,-0.031679730862379074,0.42650539842811813,0.40192853244575266,0,0,0,0.12,0.01,0.0,0.01,0.1,0.9,-1.2,0.0,0,0,1,0,0.675,0.2
430,3,-0.3810361623764038,-0.4256587028503418,2.6260173320770264,0.21411804976696502,-0.17755258205170166,0,0,0,0.12,0.01,0.0,0.01,0.1,0.9,-1.2,0.0,0,0,1,0,0.675,0.2
430,4,-0.6623539924621582,0.4217338562011719,-2.7335379123687744,0.05502896780776709,-0.0033984969060394136,0,0,0,0.12,0.01,0.0,0.01,0.1,0.9,-1.2,0.0,0,0,1,0,0.675,0.2
430,5,-0.19915291666984558,0.4178662896156311,0.6712285876274109,0.7516076499670125,-0.09110605065518386,0,0,0,0.12,0.01,0.0,0.01,0.1,0.9,-1.2,0.0,0,0,1,0,0.675,0.2
430,6,-0.7062501907348633,-0.07667481154203415,2.673529863357544,0.025514765903768763,0.15821772880810717,0,0,0,0.12,0.01,0.0,0.01,0.1,0.9,-1.2,0.0,0,0,1,0,0.675,0.2
430,7,-1.076859474182129,0.21158358454704285,3.061567783355713,0.4356889217077205,0.42341720173969766,0,0,0,0.12,0.01,0.0,0.01,0.1,0.9,-1.2,0.0,0,0,1,0,0.675,0.2
431,0,-0.24157768487930298,-0.05734393745660782,1.1994917392730713,0.2731612813944961,0.2421627151493882,0,0,0,0.12,0.01,0.0,0.01,0.1,0.9,-1.2,0.0,0,0,1,0,0.675,0.2
431,1,-1.0136070251464844,-0.4196033179759979,3.1098692417144775,0.24646413685769844,0.24856099126844594,0,0,0,0.12,0.01,0.0,0.01,0.1,0.9,-1.2,0.0,0,0,1,0,0.675,0.2
431,2,0.18984392285346985,0.0024719671346247196,-0.03246309608221054,0.42616759747240135,0.40043498069074557,0,0,0,0.12,0.01,0.0,0.01,0.1,0.9,-1.2,0.0,0,0,1,0,0.675,0.2
431,3,-0.3810688555240631,-0.42563971877098083,2.611985206604004,0.20402766909274764,-0.16859626915130327,0,0,0,0.12,0.01,0.0,0.01,0.1,0.9,-1.2,0.0,0,0,1,0,0.675,0.2
431,4,-0.6624018549919128,0.4217132329940796,-2.735461950302124,0.05628488513168726,-0.005066509568065744,0,0,0,0.12,0.01,0.0,0.01,0.1,0.9,-1.2,0.0,0,0,1,0,0.675,0.2
431,5,-0.1986185759305954,0.41827982664108276,0.6448501944541931,0.7838579754252262,-0.13602582019756507,0,0,0,0.12,0.01,0.0,0.01,0.1,0.9,-1.2,0.0,0,0,1,0,0.675,0.2
431,6,-0.7064141631126404,-0.07659266144037247,2.678255319595337,0.026312732507548297,0.1576826484901095,0,0,0,0.12,0.01,0.0,0.01,0.1,0.9,-1.2,0.0,0,0,1,0,0.675,0.2
431,7,-1.0777180194854736,0.21165260672569275,3.061128854751587,0.4348171548334529,0.42250756459556316,0,0,0,0.12,0.01,0.0,0.01,0.1,0.9,-1.2,0.0,0,0,1,0,0.675,0.2
432,0,-0.24138964712619781,-0.05686173215508461,1.1984361410140991,0.2727927883328151,0.24053767126191142,0,0,0,0.12,0.01,0.0,0.01,0.1,0.9,-1.2,0.0,0,0,1,0,0.675,0.2
432,1,-1.014102816581726,-0.4195876121520996,3.1099483966827393,0.2460522549846691,0.24813963000983774,0,0,0,0.12,0.01,0.0,0.01,0.1,0.9,-1.2,0.0,0,0,1,0,0.675,0.2
432,2,0.19067227840423584,0.002444701734930277,-0.033360447734594345,0.4254720098569211,0.39930332831599147,0,0,0,0.12,0.01,0.0,0.01,0.1,0.9,-1.2,0.0,0,0,1,0,0.675,0.2
432,3,-0.3811001479625702,-0.42562052607536316,2.5981767177581787,0.19097110032758607,-0.15670376419744386,0,0,0,0.12,0.01,0.0,0.01,0.1,0.9,-1.2,0.0,0,0,1,0,0.675,0.2
432,4,-0.6624493598937988,0.4216928780078888,-2.737502098083496,0.057461527414613994,-0.006676712311798355,0,0,0,0.12,0.01,0.0,0.01,0.1,0.9,-1.2,0.0,0,0,1,0,0.675,0.2
432,5,-0.19808265566825867,0.4186703562736511,0.6158038377761841,0.8153354359719522,-0.1799488497826822,0,0,0,0.12,0.01,0.0,0.01,0.1,0.9,-1.2,0.0,0,0,1,0,0.675,0.2
432,6,-0.7065787315368652,-0.07651110738515854,2.682934045791626,0.027069871669497016,0.1571784416382651,0,0,0,0.12,0.01,0.0,0.01,0.1,0.9,-1.2,0.0,0,0,1,0,0.675,0.2
432,7,-1.0785746574401855,0.21172185242176056,3.0606882572174072,0.433937125982403,0.421592897592426,0,0,0,0.12,0.01,0.0,0.01,0.1,0.9,-1.2,0.0,0,0,1,0,0.675,0.2
433,0,-0.2412017583847046,-0.056381482630968094,1.197344422340393,0.27245633864926505,0.23876989817095587,0,0,0,0.12,0.01,0.0,0.01,0.1,0.9,-1.2,0.0,0,0,1,0,0.675,0.2
433,1,-1.014597773551941,-0.41957196593284607,3.110028028488159,0.24564300665182895,0.24771900287347015,0,0,0,0.12,0.01,0.0,0.01,0.1,0.9,-1.2,0.0,0,0,1,0,0.675,0.2
433,2,0.1914987862110138,0.0024167397059500217,-0.034321658313274384,0.42462598298093096,0.3983264067361711,0,0,0,0.12,0.01,0.0,0.01,0.1,0.9,-1.2,0.0,0,0,1,0,0.675,0.2
433,3,-0.381130188703537,-0.42560139298439026,2.5849530696868896,0.18182482509668235,-0.14870745627935295,0,0,0,0.12,0.01,0.0,0.01,0.1,0.9,-1.2,0.0,0,0,1,0,0.675,0.2
433,4,-0.6624966263771057,0.4216728210449219,-2.739647150039673,0.05849819816090888,-0.00816492549516981,0,0,0,0.12,0.01,0.0,0.01,0.1,0.9,-1.2,0.0,0,0,1,0,0.675,0.2
433,5,-0.19754533469676971,0.41903698444366455,0.5840508341789246,0.8449172102836806,-0.2214842163948257,0,0,0,0.12,0.01,0.0,0.01,0.1,0.9,-1.2,0.0,0,0,1,0,0.675,0.2
433,6,-0.7067438960075378,-0.0764300599694252,2.687566041946411,0.027774598106083515,0.15671594847804582,0,0,0,0.12,0.01,0.0,0.01,0.1,0.9,-1.2,0.0,0,0,1,0,0.675,0.2
433,7,-1.0794295072555542,0.21179135143756866,3.060246467590332,0.4330505772816847,0.42067151820781734,0,0,0,0.12,0.01,0.0,0.01,0.1,0.9,-1.2,0.0,0,0,1,0,0.675,0.2
434,0,-0.2410140186548233,-0.05590328946709633,1.1962096691131592,0.2721405112683831,0.23686539292930975,0,0,0,0.12,0.01,0.0,0.01,0.1,0.9,-1.2,0.0,0,0,1,0,0.675,0.2
434,1,-1.015091896057129,-0.4195563793182373,3.110107660293579,0.24523895654321162,0.24729636636137514,0,0,0,0.12,0.01,0.0,0.01,0.1,0.9,-1.2,0.0,0,0,1,0,0.675,0.2
434,2,0.19232343137264252,0.0023880742955952883,-0.03522687032818794,0.42411145323971644,0.3970228756024467,0,0,0,0.12,0.01,0.0,0.01,0.1,0.9,-1.2,0.0,0,0,1,0,0.675,0.2
434,3,-0.38115912675857544,-0.4255826473236084,2.572563886642456,0.18515925351298074,-0.15311983469641427,0,0,0,0.12,0.01,0.0,0.01,0.1,0.9,-1.2,0.0,0,0,1,0,0.675,0.2
434,4,-0.6625434756278992,0.42165300250053406,-2.7418911457061768,0.060007441334930654,-0.010144125216213462,0,0,0,0.12,0.01,0.0,0.01,0.1,0.9,-1.2,0.0,0,0,1,0,0.675,0.2
434,5,-0.19700688123703003,0.41937926411628723,0.5496369004249573,0.8714585387361835,-0.25923044320472,0,0,0,0.12,0.01,0.0,0.01,0.1,0.9,-1.2,0.0,0,0,1,0,0.675,0.2
434,6,-0.7069095373153687,-0.07634953409433365,2.6921536922454834,0.028432518118280018,0.15629024816189424,0,0,0,0.12,0.01,0.0,0.01,0.1,0.9,-1.2,0.0,0,0,1,0,0.675,0.2
434,7,-1.0802825689315796,0.21186110377311707,3.0598034858703613,0.43215723148257473,0.41974346527188083,0,0,0,0.12,0.01,0.0,0.01,0.1,0.9,-1.2,0.0,0,0,1,0,0.675,0.2
435,0,-0.24082648754119873,-0.05542725324630737,1.1950238943099976,0.2718289423921174,0.23483837356781298,0,0,0,0.12,0.01,0.0,0.01,0.1,0.9,-1.2,0.0,0,0,1,0,0.675,0.2
435,1,-1.01558518409729,-0.4195408523082733,3.110186815261841,0.2448332148022494,0.24687908716727874,0,0,0,0.12,0.01,0.0,0.01,0.1,0.9,-1.2,0.0,0,0,1,0,0.675,0.2
435,2,0.1931462287902832,0.002358722034841776,-0.0360991470515728,0.4238344635301366,0.39548675162260394,0,0,0,0.12,0.01,0.0,0.01,0.1,0.9,-1.2,0.0,0,0,1,0,0.675,0.2
435,3,-0.3811870515346527,-0.4255644977092743,2.560831308364868,0.20604368286682118,-0.17496964509142388,0,0,0,0.12,0.01,0.0,0.01,0.1,0.9,-1.2,0.0,0,0,1,0,0.675,0.2
435,4,-0.6625899076461792,0.42163345217704773,-2.744225263595581,0.0617908849235665,-0.012412210446227704,0,0,0,0.12,0.01,0.0,0.01,0.1,0.9,-1.2,0.0,0,0,1,0,0.675,0.2
435,5,-0.19646745920181274,0.4196968972682953,0.5126997828483582,0.893721463494315,-0.29171627979756815,0,0,0,0.12,0.01,0.0,0.01,0.1,0.9,-1.2,0.0,0,0,1,0,0.675,0.2
435,6,-0.7070757746696472,-0.07626958936452866,2.696699619293213,0.02906928164632703,0.1558744390520296,0,0,0,0.12,0.01,0.0,0.01,0.1,0.9,-1.2,0.0,0,0,1,0,0.675,0.2
435,7,-1.0811337232589722,0.21193107962608337,3.059359312057495,0.43125950820721015,0.41880667679034844,0,0,0,0.12,0.01,0.0,0.01,0.1,0.9,-1.2,0.0,0,0,1,0,0.675,0.2
436,0,-0.24063920974731445,-0.054953478276729584,1.1937832832336426,0.2715242681694018,0.23268435619354377,0,0,0,0.12,0.01,0.0,0.01,0.1,0.9,-1.2,0.0,0,0,1,0,0.675,0.2
436,1,-1.0160776376724243,-0.4195254147052765,3.1102652549743652,0.24444773001969403,0.24644521670042926,0,0,0,0.12,0.01,0.0,0.01,0.1,0.9,-1.2,0.0,0,0,1,0,0.675,0.2
436,2,0.19396717846393585,0.0023286938667297363,-0.037059392780065536,0.42331128915676597,0.39420247474780545,0,0,0,0.12,0.01,0.0,0.01,0.1,0.9,-1.2,0.0,0,0,1,0,0.675,0.2
436,3,-0.38121408224105835,-0.42554691433906555,2.5490024089813232,0.24216042241623423,-0.2119388092922213,0,0,0,0.12,0.01,0.0,0.01,0.1,0.9,-1.2,0.0,0,0,1,0,0.675,0.2
436,4,-0.6626359820365906,0.4216141402721405,-2.746675491333008,0.06405106758806874,-0.015173761305548435,0,0,0,0.12,0.01,0.0,0.01,0.1,0.9,-1.2,0.0,0,0,1,0,0.675,0.2
436,5,-0.19592688977718353,0.4199894666671753,0.47346231341362,0.9102377188061929,-0.3172717583035683,0,0,0,0.12,0.01,0.0,0.01,0.1,0.9,-1.2,0.0,0,0,1,0,0.675,0.2
436,6,-0.7072425484657288,-0.07619032263755798,2.7012064456939697,0.029686291257276263,0.15546932395325688,0,0,0,0.12,0.01,0.0,0.01,0.1,0.9,-1.2,0.0,0,0,1,0,0.675,0.2
436,7,-1.0819830894470215,0.21200129389762878,3.0589139461517334,0.43035510447043307,0.4178632769344436,0,0,0,0.12,0.01,0.0,0.01,0.1,0.9,-1.2,0.0,0,0,1,0,0.675,0.2
437,0,-0.24045221507549286,-0.054482076317071915,1.1924850940704346,0.27122334769984524,0.23040302463749607,0,0,0,0.12,0.01,0.0,0.01,0.1,0.9,-1.2,0.0,0,0,1,0,0.675,0.2
437,1,-1.0165692567825317,-0.41951000690460205,3.1103432178497314,0.24403447607038692,0.24604370495797917,0,0,0,0.12,0.01,0.0,0.01,0.1,0.9,-1.2,0.0,0,0,1,0,0.675,0.2
437,2,0.19478628039360046,0.002297968603670597,-0.03811415284872055,0.4225256931457195,0.3931871164169635,0,0,0,0.12,0.01,0.0,0.01,0.1,0.9,-1.2,0.0,0,0,1,0,0.675,0.2
437,3,-0.38124021887779236,-0.4255297780036926,2.535919189453125,0.2876322872045166,-0.25816460019375154,0,0,0,0.12,0.01,0.0,0.01,0.1,0.9,-1.2,0.0,0,0,1,0,0.675,0.2
437,4,-0.6626816987991333,0.42159509658813477,-2.7492635250091553,0.06640895741244901,-0.018051273247209676,0,0,0,0.12,0.01,0.0,0.01,0.1,0.9,-1.2,0.0,0,0,1,0,0.675,0.2
437,5,-0.1953846663236618,0.4202561378479004,0.43223288655281067,0.919159591815025,-0.3338894254179304,0,0,0,0.12,0.01,0.0,0.01,0.1,0.9,-1.2,0.0,0,0,1,0,0.675,0.2
437,6,-0.7074099779129028,-0.0761118158698082,2.7056760787963867,0.03033396813244989,0.15502375152735542,0,0,0,0.12,0.01,0.0,0.01,0.1,0.9,-1.2,0.0,0,0,1,0,0.675,0.2
437,7,-1.0828306674957275,0.2120717316865921,3.058467149734497,0.4294445633667915,0.41691290142355275,0,0,0,0.12,0.01,0.0,0.01,0.1,0.9,-1.2,0.0,0,0,1,0,0.675,0.2
438,0,-0.24026554822921753,-0.054013170301914215,1.1911238431930542,0.27092992601144417,0.22798756423246755,0,0,0,0.12,0.01,0.0,0.01,0.1,0.9,-1.2,0.0,0,0,1,0,0.675,0.2
438,1,-1.0170600414276123,-0.4194946885108948,3.110419750213623,0.2436344006289281,0.2456331572304927,0,0,0,0.12,0.01,0.0,0.01,0.1,0.9,-1.2,0.0,0,0,1,0,0.675,0.2
438,2,0.19560356438159943,0.002266500610858202,-0.03914940729737282,0.42194212504053874,0.39197718076085286,0,0,0,0.12,0.01,0.0,0.01,0.1,0.9,-1.2,0.0,0,0,1,0,0.675,0.2
438,3,-0.38126540184020996,-0.42551279067993164,2.52048397064209,0.33201758646963275,-0.3032534764110867,0,0,0,0.12,0.01,0.0,0.01,0.1,0.9,-1.2,0.0,0,0,1,0,0.675,0.2
438,4,-0.6627269387245178,0.4215763807296753,-2.752021074295044,0.06823814140738466,-0.02041892932833649,0,0,0,0.12,0.01,0.0,0.01,0.1,0.9,-1.2,0.0,0,0,1,0,0.675,0.2
438,5,-0.19484005868434906,0.4204956293106079,0.38943278789520264,0.9183403419197775,-0.33932377564322724,0,0,0,0.12,0.01,0.0,0.01,0.1,0.9,-1.2,0.0,0,0,1,0,0.675,0.2
438,6,-0.7075780034065247,-0.07603410631418228,2.7101101875305176,0.031010776573462275,0.15454249102468987,0,0,0,0.12,0.01,0.0,0.01,0.1,0.9,-1.2,0.0,0,0,1,0,0.675,0.2
438,7,-1.0836762189865112,0.21214236319065094,3.058018922805786,0.42852730230104025,0.4159563116668552,0,0,0,0.12,0.01,0.0,0.01,0.1,0.9,-1.2,0.0,0,0,1,0,0.675,0.2
439,0,-0.24007917940616608,-0.05354689434170723,1.1896922588348389,0.2706263381096582,0.2254559081939002,0,0,0,0.12,0.01,0.0,0.01,0.1,0.9,-1.2,0.0,0,0,1,0,0.675,0.2
439,1,-1.017549991607666,-0.4194794297218323,3.1104960441589355,0.24323090358126692,0.24523041205059956,0,0,0,0.12,0.01,0.0,0.01,0.1,0.9,-1.2,0.0,0,0,1,0,0.675,0.2
439,2,0.19641900062561035,0.0022342491429299116,-0.040132127702236176,0.4216957077933661,0.39043867731558163,0,0,0,0.12,0.01,0.0,0.01,0.1,0.9,-1.2,0.0,0,0,1,0,0.675,0.2
439,3,-0.38128945231437683,-0.42549556493759155,2.5019609928131104,0.3638497201161847,-0.3358066325443253,0,0,0,0.12,0.01,0.0,0.01,0.1,0.9,-1.2,0.0,0,0,1,0,0.675,0.2
439,4,-0.6627717614173889,0.4215579926967621,-2.754960775375366,0.06944338281263943,-0.02218376521577472,0,0,0,0.12,0.01,0.0,0.01,0.1,0.9,-1.2,0.0,0,0,1,0,0.675,0.2
439,5,-0.1942925602197647,0.4207073152065277,0.34562382102012634,0.9061972349541324,-0.33201478418280067,0,0,0,0.12,0.01,0.0,0.01,0.1,0.9,-1.2,0.0,0,0,1,0,0.675,0.2
439,6,-0.7077465653419495,-0.07595714926719666,2.7145063877105713,0.03171405566819484,0.1540290974270505,0,0,0,0.12,0.01,0.0,0.01,0.1,0.9,-1.2,0.0,0,0,1,0,0.675,0.2
439,7,-1.0845199823379517,0.21221321821212769,3.0575692653656006,0.4276044400527589,0.4149922100708373,0,0,0,0.12,0.01,0.0,0.01,0.1,0.9,-1.2,0.0,0,0,1,0,0.675,0.2
440,0,-0.2398931235074997,-0.053083386272192,1.1881859302520752,0.2703108030240759,0.22281269851515448,0,0,0,0.12,0.01,0.0,0.01,0.1,0.9,-1.2,0.0,0,0,1,0,0.675,0.2
440,1,-1.0180392265319824,-0.41946423053741455,3.110572338104248,0.24283241479523204,0.24482614548079942,0,0,0,0.12,0.01,0.0,0.01,0.1,0.9,-1.2,0.0,0,0,1,0,0.675,0.2
440,2,0.19723260402679443,0.002201186493039131,-0.041164107620716095,0.4213807672935701,0.38897763781965017,0,0,0,0.12,0.01,0.0,0.01,0.1,0.9,-1.2,0.0,0,0,1,0,0.675,0.2
440,3,-0.38131216168403625,-0.4254777729511261,2.4802818298339844,0.37518138146900526,-0.34794244809948793,0,0,0,0.12,0.01,0.0,0.01,0.1,0.9,-1.2,0.0,0,0,1,0,0.675,0.2
440,4,-0.6628162264823914,0.4215400218963623,-2.7580549716949463,0.06929652704881581,-0.022613003244866446,0,0,0,0.12,0.01,0.0,0.01,0.1,0.9,-1.2,0.0,0,0,1,0,0.675,0.2
440,5,-0.1937420517206192,0.42089128494262695,0.30151355266571045,0.8820439070003551,-0.31141550238304544,0,0,0,0.12,0.01,0.0,0.01,0.1,0.9,-1.2,0.0,0,0,1,0,0.675,0.2
440,6,-0.7079156637191772,-0.07588086277246475,2.7188618183135986,0.03240603820142561,0.15352291747274582,0,0,0,0.12,0.01,0.0,0.01,0.1,0.9,-1.2,0.0,0,0,1,0,0.675,0.2
440,7,-1.0853618383407593,0.21228429675102234,3.0571184158325195,0.4266742264306629,0.41402252564071773,0,0,0,0.12,0.01,0.0,0.01,0.1,0.9,-1.2,0.0,0,0,1,0,0.675,0.2
441,0,-0.239707350730896,-0.05262279137969017,1.1866035461425781,0.26997784803327685,0.2200684743124568,0,0,0,0.12,0.01,0.0,0.01,0.1,0.9,-1.2,0.0,0,0,1,0,0.675,0.2
441,1,-1.018527626991272,-0.4194490909576416,3.1106483936309814,0.24243574334498955,0.244423518644604,0,0,0,0.12,0.01,0.0,0.01,0.1,0.9,-1.2,0.0,0,0,1,0,0.675,0.2
441,2,0.19804438948631287,0.002167286118492484,-0.04230412840843201,0.42075775639324586,0.3878331921884497,0,0,0,0.12,0.01,0.0,0.01,0.1,0.9,-1.2,0.0,0,0,1,0,0.675,0.2
441,3,-0.38133350014686584,-0.42545944452285767,2.4561665058135986,0.3686809538505834,-0.34233444357438503,0,0,0,0.12,0.01,0.0,0.01,0.1,0.9,-1.2,0.0,0,0,1,0,0.675,0.2
441,4,-0.6628602147102356,0.42152243852615356,-2.7612621784210205,0.06808998703324202,-0.021997338974112313,0,0,0,0.12,0.01,0.0,0.01,0.1,0.9,-1.2,0.0,0,0,1,0,0.675,0.2
441,5,-0.19318869709968567,0.42104867100715637,0.2579177916049957,0.8464720418147633,-0.27836020490451535,0,0,0,0.12,0.01,0.0,0.01,0.1,0.9,-1.2,0.0,0,0,1,0,0.675,0.2
441,6,-0.7080852389335632,-0.07580514252185822,2.723175048828125,0.03308483597696209,0.15302487078249072,0,0,0,0.12,0.01,0.0,0.01,0.1,0.9,-1.2,0.0,0,0,1,0,0.675,0.2
441,7,-1.0862019062042236,0.2123555988073349,3.0566658973693848,0.4257383619646762,0.4130456174512174,0,0,0,0.12,0.01,0.0,0.01,0.1,0.9,-1.2,0.0,0,0,1,0,0.675,0.2
442,0,-0.23952187597751617,-0.05216524004936218,1.1849416494369507,0.26961877392251454,0.21723789526503118,0,0,0,0.12,0.01,0.0,0.01,0.1,0.9,-1.2,0.0,0,0,1,0,0.675,0.2
442,1,-1.0190151929855347,-0.4194340109825134,3.110724449157715,0.24204337868396905,0.24402004208858344,0,0,0,0.12,0.01,0.0,0.01,0.1,0.9,-1.2,0.0,0,0,1,0,0.675,0.2
442,2,0.19885437190532684,0.002132526133209467,-0.04347314313054085,0.420128803773133,0.38670231767156904,0,0,0,0.12,0.01,0.0,0.01,0.1,0.9,-1.2,0.0,0,0,1,0,0.675,0.2
442,3,-0.3813536763191223,-0.42544102668762207,2.4309394359588623,0.35867671751807284,-0.33323163994978017,0,0,0,0.12,0.01,0.0,0.01,0.1,0.9,-1.2,0.0,0,0,1,0,0.675,0.2
442,4,-0.6629037261009216,0.4215052127838135,-2.764497995376587,0.06623528830009731,-0.02074855870801242,0,0,0,0.12,0.01,0.0,0.01,0.1,0.9,-1.2,0.0,0,0,1,0,0.675,0.2
442,5,-0.19263286888599396,0.42118141055107117,0.21570968627929688,0.8012561639261797,-0.2349176844072894,0,0,0,0.12,0.01,0.0,0.01,0.1,0.9,-1.2,0.0,0,0,1,0,0.675,0.2
442,6,-0.7082552313804626,-0.07572995126247406,2.7274465560913086,0.033731883725781,0.15255167488132043,0,0,0,0.12,0.01,0.0,0.01,0.1,0.9,-1.2,0.0,0,0,1,0,0.675,0.2
442,7,-1.087039828300476,0.21242712438106537,3.0562121868133545,0.42479695158562264,0.41206227464118395,0,0,0,0.12,0.01,0.0,0.01,0.1,0.9,-1.2,0.0,0,0,1,0,0.675,0.2
443,0,-0.2393367439508438,-0.05171084403991699,1.183194875717163,0.26921643234120285,0.21434389137400714,0,0,0,0.12,0.01,0.0,0.01,0.1,0.9,-1.2,0.0,0,0,1,0,0.675,0.2
443,1,-1.01950204372406,-0.4194190204143524,3.11080002784729,0.24167941748545174,0.24359093368604176,0,0,0,0.12,0.01,0.0,0.01,0.1,0.9,-1.2,0.0,0,0,1,0,0.675,0.2
443,2,0.19966253638267517,0.0020969093311578035,-0.044599663466215134,0.41976179119255425,0.38531558278892164,0,0,0,0.12,0.01,0.0,0.01,0.1,0.9,-1.2,0.0,0,0,1,0,0.675,0.2
443,3,-0.38137301802635193,-0.4254230260848999,2.405888080596924,0.3610535927882529,-0.3364165101966,0,0,0,0.12,0.01,0.0,0.01,0.1,0.9,-1.2,0.0,0,0,1,0,0.675,0.2
443,4,-0.6629467010498047,0.42148831486701965,-2.7676844596862793,0.06408123675862545,-0.019209999629652443,0,0,0,0.12,0.01,0.0,0.01,0.1,0.9,-1.2,0.0,0,0,1,0,0.675,0.2
443,5,-0.1920749396085739,0.4212915003299713,0.1757449507713318,0.7486806048934577,-0.18365491767574527,0,0,0,0.12,0.01,0.0,0.01,0.1,0.9,-1.2,0.0,0,0,1,0,0.675,0.2
443,6,-0.7084257006645203,-0.07565528899431229,2.7316763401031494,0.03433438827836689,0.15211628685152356,0,0,0,0.12,0.01,0.0,0.01,0.1,0.9,-1.2,0.0,0,0,1,0,0.675,0.2
443,7,-1.0878759622573853,0.21249888837337494,3.0557568073272705,0.42384996928262614,0.4110716291518221,0,0,0,0.12,0.01,0.0,0.01,0.1,0.9,-1.2,0.0,0,0,1,0,0.675,0.2
444,0,-0.23915201425552368,-0.051259707659482956,1.1813600063323975,0.2687642360408224,0.21139904015470373,0,0,0,0.12,0.01,0.0,0.01,0.1,0.9,-1.2,0.0,0,0,1,0,0.675,0.2
444,1,-1.019987940788269,-0.4194040596485138,3.110875368118286,0.24129367085599585,0.24318754462099393,0,0,0,0.12,0.01,0.0,0.01,0.1,0.9,-1.2,0.0,0,0,1,0,0.675,0.2
444,2,0.20046889781951904,0.002060453174635768,-0.04574194177985191,0.4194143024428423,0.3839145096795026,0,0,0,0.12,0.01,0.0,0.01,0.1,0.9,-1.2,0.0,0,0,1,0,0.675,0.2
444,3,-0.38139182329177856,-0.42540574073791504,2.3814589977264404,0.3842588283814664,-0.3602672715433116,0,0,0,0.12,0.01,0.0,0.01,0.1,0.9,-1.2,0.0,0,0,1,0,0.675,0.2
444,4,-0.6629891991615295,0.4214717149734497,-2.7707712650299072,0.06186884501344738,-0.017623583314486123,0,0,0,0.12,0.01,0.0,0.01,0.1,0.9,-1.2,0.0,0,0,1,0,0.675,0.2
444,5,-0.19151528179645538,0.42138075828552246,0.1387656182050705,0.6910234214409788,-0.12708939329232757,0,0,0,0.12,0.01,0.0,0.01,0.1,0.9,-1.2,0.0,0,0,1,0,0.675,0.2
444,6,-0.7085965871810913,-0.07558123767375946,2.7358665466308594,0.03494783769160771,0.15166356136291959,0,0,0,0.12,0.01,0.0,0.01,0.1,0.9,-1.2,0.0,0,0,1,0,0.675,0.2
444,7,-1.088710069656372,0.2125708907842636,3.055300235748291,0.4228971515023972,0.4100748982107375,0,0,0,0.12,0.01,0.0,0.01,0.1,0.9,-1.2,0.0,0,0,1,0,0.675,0.2
445,0,-0.23896773159503937,-0.05081193149089813,1.1794384717941284,0.2682714957968169,0.20840255429588017,0,0,0,0.12,0.01,0.0,0.01,0.1,0.9,-1.2,0.0,0,0,1,0,0.675,0.2
445,1,-1.0204732418060303,-0.41938915848731995,3.1109488010406494,0.24090809418301387,0.24278765128512583,0,0,0,0.12,0.01,0.0,0.01,0.1,0.9,-1.2,0.0,0,0,1,0,0.675,0.2
445,2,0.20127345621585846,0.0020231585949659348,-0.04697912931442261,0.41876861935567966,0.38281586283731345,0,0,0,0.12,0.01,0.0,0.01,0.1,0.9,-1.2,0.0,0,0,1,0,0.675,0.2
445,3,-0.3814100921154022,-0.4253890812397003,2.357008934020996,0.423500586626757,-0.400000229803551,0,0,0,0.12,0.01,0.0,0.01,0.1,0.9,-1.2,0.0,0,0,1,0,0.675,0.2
445,4,-0.6630311608314514,0.42145541310310364,-2.7737324237823486,0.05959464616250838,-0.015979267723081964,0,0,0,0.12,0.01,0.0,0.01,0.1,0.9,-1.2,0.0,0,0,1,0,0.675,0.2
445,5,-0.190954327583313,0.4214506447315216,0.1053306981921196,0.6301185904151105,-0.06723366361915109,0,0,0,0.12,0.01,0.0,0.01,0.1,0.9,-1.2,0.0,0,0,1,0,0.675,0.2
445,6,-0.7087679505348206,-0.07550788670778275,2.7400193214416504,0.03556030330418957,0.15120572510004626,0,0,0,0.12,0.01,0.0,0.01,0.1,0.9,-1.2,0.0,0,0,1,0,0.675,0.2
445,7,-1.089542269706726,0.2126430869102478,3.0548417568206787,0.4219368663165455,0.4090731176998729,0,0,0,0.12,0.01,0.0,0.01,0.1,0.9,-1.2,0.0,0,0,1,0,0.675,0.2
446,0,-0.23878392577171326,-0.05036760866641998,1.177431344985962,0.2677416904277601,0.20536132618715383,0,0,0,0.12,0.01,0.0,0.01,0.1,0.9,-1.2,0.0,0,0,1,0,0.675,0.2
446,1,-1.020957589149475,-0.41937434673309326,3.111021041870117,0.24053504883264865,0.24237945855641996,0,0,0,0.12,0.01,0.0,0.01,0.1,0.9,-1.2,0.0,0,0,1,0,0.675,0.2
446,2,0.2020762413740158,0.0019849950913339853,-0.048269905149936676,0.41797610445116407,0.3818674452772296,0,0,0,0.12,0.01,0.0,0.01,0.1,0.9,-1.2,0.0,0,0,1,0,0.675,0.2
446,3,-0.38142767548561096,-0.4253726303577423,2.3311984539031982,0.46420978528412354,-0.44112907496245873,0,0,0,0.12,0.01,0.0,0.01,0.1,0.9,-1.2,0.0,0,0,1,0,0.675,0.2
446,4,-0.6630725264549255,0.42143943905830383,-2.7765612602233887,0.0568037897756449,-0.013815821002995134,0,0,0,0.12,0.01,0.0,0.01,0.1,0.9,-1.2,0.0,0,0,1,0,0.675,0.2
446,5,-0.19039258360862732,0.42150259017944336,0.07581347972154617,0.5675263231179754,-0.005773228921655783,0,0,0,0.12,0.01,0.0,0.01,0.1,0.9,-1.2,0.0,0,0,1,0,0.675,0.2
446,6,-0.7089398503303528,-0.07543529570102692,2.7441351413726807,0.03621422978835532,0.1507025238613563,0,0,0,0.12,0.01,0.0,0.01,0.1,0.9,-1.2,0.0,0,0,1,0,0.675,0.2
446,7,-1.0903725624084473,0.21271547675132751,3.054382085800171,0.4209738136504214,0.408061826112457,0,0,0,0.12,0.01,0.0,0.01,0.1,0.9,-1.2,0.0,0,0,1,0,0.675,0.2
447,0,-0.23860058188438416,-0.04992685094475746,1.175336480140686,0.2671677453741844,0.2022955136075203,0,0,0,0.12,0.01,0.0,0.01,0.1,0.9,-1.2,0.0,0,0,1,0,0.675,0.2
447,1,-1.0214412212371826,-0.41935956478118896,3.1110928058624268,0.24014062324237048,0.24199690779972854,0,0,0,0.12,0.01,0.0,0.01,0.1,0.9,-1.2,0.0,0,0,1,0,0.675,0.2
447,2,0.2028772234916687,0.0019459148170426488,-0.04952329024672508,0.41738061951460176,0.38072402430711444,0,0,0,0.12,0.01,0.0,0.01,0.1,0.9,-1.2,0.0,0,0,1,0,0.675,0.2
447,3,-0.3814442753791809,-0.4253559708595276,2.302839756011963,0.4934385114064046,-0.4707965322484799,0,0,0,0.12,0.01,0.0,0.01,0.1,0.9,-1.2,0.0,0,0,1,0,0.675,0.2
447,4,-0.6631134152412415,0.4214238226413727,-2.7792532444000244,0.05311204528934129,-0.01074462792402872,0,0,0,0.12,0.01,0.0,0.01,0.1,0.9,-1.2,0.0,0,0,1,0,0.675,0.2
447,5,-0.18983066082000732,0.4215383529663086,0.05046955496072769,0.5049772760303939,0.05548072844424605,0,0,0,0.12,0.01,0.0,0.01,0.1,0.9,-1.2,0.0,0,0,1,0,0.675,0.2
447,6,-0.7091122269630432,-0.07536347955465317,2.748213529586792,0.036891205433349374,0.15017186271812463,0,0,0,0.12,0.01,0.0,0.01,0.1,0.9,-1.2,0.0,0,0,1,0,0.675,0.2
447,7,-1.0912007093429565,0.21278807520866394,3.0539207458496094,0.4200048367238718,0.40704495508902483,0,0,0,0.12,0.01,0.0,0.01,0.1,0.9,-1.2,0.0,0,0,1,0,0.675,0.2
448,0,-0.23841768503189087,-0.04948975890874863,1.1731513738632202,0.26653279003092256,0.19923983875325718,0,0,0,0.12,0.01,0.0,0.01,0.1,0.9,-1.2,0.0,0,0,1,0,0.675,0.2
448,1,-1.0219240188598633,-0.41934484243392944,3.1111631393432617,0.2397433372702426,0.2416211215291196,0,0,0,0.12,0.01,0.0,0.01,0.1,0.9,-1.2,0.0,0,0,1,0,0.675,0.2
448,2,0.20367641746997833,0.0019058791222050786,-0.050754476338624954,0.41690579415054535,0.3794605994155863,0,0,0,0.12,0.01,0.0,0.01,0.1,0.9,-1.2,0.0,0,0,1,0,0.675,0.2
448,3,-0.38145944476127625,-0.42533859610557556,2.2716288566589355,0.5003028114110806,-0.4782432180613853,0,0,0,0.12,0.01,0.0,0.01,0.1,0.9,-1.2,0.0,0,0,1,0,0.675,0.2
448,4,-0.6631537079811096,0.42140859365463257,-2.781778573989868,0.04809753563157446,-0.0063347664093149425,0,0,0,0.12,0.01,0.0,0.01,0.1,0.9,-1.2,0.0,0,0,1,0,0.675,0.2
448,5,-0.18926912546157837,0.42156028747558594,0.02948964387178421,0.44473390596114093,0.11423046572007242,0,0,0,0.12,0.01,0.0,0.01,0.1,0.9,-1.2,0.0,0,0,1,0,0.675,0.2
448,6,-0.7092850804328918,-0.07529237121343613,2.7522518634796143,0.03757257144661855,0.14963520188120893,0,0,0,0.12,0.01,0.0,0.01,0.1,0.9,-1.2,0.0,0,0,1,0,0.675,0.2
448,7,-1.092026948928833,0.2128608673810959,3.0534579753875732,0.41903051460349705,0.406021210307239,0,0,0,0.12,0.01,0.0,0.01,0.1,0.9,-1.2,0.0,0,0,1,0,0.675,0.2
449,0,-0.23823517560958862,-0.049056436866521835,1.1708781719207764,0.2658284060394088,0.19621779995805827,0,0,0,0.12,0.01,0.0,0.01,0.1,0.9,-1.2,0.0,0,0,1,0,0.675,0.2
449,1,-1.0224061012268066,-0.4193302094936371,3.111233711242676,0.2393752923822132,0.2412192234182629,0,0,0,0.12,0.01,0.0,0.01,0.1,0.9,-1.2,0.0,0,0,1,0,0.675,0.2
449,2,0.2044738233089447,0.0018648640252649784,-0.052048053592443466,0.41620529904837983,0.3784219501924955,0,0,0,0.12,0.01,0.0,0.01,0.1,0.9,-1.2,0.0,0,0,1,0,0.675,0.2
449,3,-0.38147294521331787,-0.42532041668891907,2.238189697265625,0.4862032240770202,-0.46490730592528395,0,0,0,0.12,0.01,0.0,0.01,0.1,0.9,-1.2,0.0,0,0,1,0,0.675,0.2
449,4,-0.6631935238838196,0.4213937222957611,-2.7840795516967773,0.04201612547828078,-0.0008409984488618334,0,0,0,0.12,0.01,0.0,0.01,0.1,0.9,-1.2,0.0,0,0,1,0,0.675,0.2
449,5,-0.18870854377746582,0.42157119512557983,0.012980630621314049,0.3893511325610852,0.16792750055659056,0,0,0,0.12,0.01,0.0,0.01,0.1,0.9,-1.2,0.0,0,0,1,0,0.675,0.2
449,6,-0.7094582915306091,-0.07522188127040863,2.7562477588653564,0.038210144143383085,0.1491390114018516,0,0,0,0.12,0.01,0.0,0.01,0.1,0.9,-1.2,0.0,0,0,1,0,0.675,0.2
449,7,-1.092851161956787,0.21293386816978455,3.0529932975769043,0.41804861182503944,0.4049936020917391,0,0,0,0.12,0.01,0.0,0.01,0.1,0.9,-1.2,0.0,0,0,1,0,0.675,0.2
450,0,-0.23805302381515503,-0.04862695559859276,1.1685214042663574,0.26504743913239626,0.1932490386622509,0,0,0,0.12,0.01,0.0,0.01,0.1,0.9,-1.2,0.0,0,0,1,0,0.675,0.2
450,1,-1.0228874683380127,-0.4193156063556671,3.1113052368164062,0.23899683288362436,0.24083110758039544,0,0,0,0.12,0.01,0.0,0.01,0.1,0.9,-1.2,0.0,0,0,1,0,0.675,0.2
450,2,0.20526942610740662,0.001822856836952269,-0.05340615287423134,0.41525639757950633,0.37762944235961116,0,0,0,0.12,0.01,0.0,0.01,0.1,0.9,-1.2,0.0,0,0,1,0,0.675,0.2
450,3,-0.3814849853515625,-0.42530184984207153,2.2039356231689453,0.46444330051373983,-0.44400798775088335,0,0,0,0.12,0.01,0.0,0.01,0.1,0.9,-1.2,0.0,0,0,1,0,0.675,0.2
450,4,-0.6632328033447266,0.4213791489601135,-2.7860682010650635,0.035489973583555434,0.005115198931360035,0,0,0,0.12,0.01,0.0,0.01,0.1,0.9,-1.2,0.0,0,0,1,0,0.675,0.2
450,5,-0.1881493180990219,0.4215739369392395,0.0019955707248300314,0.34458841607864604,0.21084342672530904,0,0,0,0.12,0.01,0.0,0.01,0.1,0.9,-1.2,0.0,0,0,1,0,0.675,0.2
450,6,-0.7096319198608398,-0.07515192776918411,2.7602012157440186,0.03880283411151006,0.14868275646561546,0,0,0,0.12,0.01,0.0,0.01,0.1,0.9,-1.2,0.0,0,0,1,0,0.675,0.2
450,7,-1.0936733484268188,0.2130070924758911,3.0525267124176025,0.4170596406742811,0.40396173736603264,0,0,0,0.12,0.01,0.0,0.01,0.1,0.9,-1.2,0.0,0,0,1,0,0.675,0.2
451,0,-0.23787124454975128,-0.048201363533735275,1.1660834550857544,0.2641948875297311,0.190335232366204,0,0,0,0.12,0.01,0.0,0.01,0.1,0.9,-1.2,0.0,0,0,1,0,0.675,0.2
451,1,-1.023368000984192,-0.4193010628223419,3.111375570297241,0.23862207173527641,0.2404423332291706,0,0,0,0.12,0.01,0.0,0.01,0.1,0.9,-1.2,0.0,0,0,1,0,0.675,0.2
451,2,0.20606324076652527,0.0017798652406781912,-0.05474555864930153,0.4143669808611981,0.37677286021851375,0,0,0,0.12,0.01,0.0,0.01,0.1,0.9,-1.2,0.0,0,0,1,0,0.675,0.2
451,3,-0.3814961314201355,-0.42528361082077026,2.17035174369812,0.45399377513833294,-0.43434227835543404,0,0,0,0.12,0.01,0.0,0.01,0.1,0.9,-1.2,0.0,0,0,1,0,0.675,0.2
451,4,-0.6632715463638306,0.42136484384536743,-2.787666082382202,0.02875608174473469,0.011297829762394981,0,0,0,0.12,0.01,0.0,0.01,0.1,0.9,-1.2,0.0,0,0,1,0,0.675,0.2
451,5,-0.18759173154830933,0.42157110571861267,-0.00820641964673996,0.2974930676958508,0.25601980356956056,0,0,0,0.12,0.01,0.0,0.01,0.1,0.9,-1.2,0.0,0,0,1,0,0.675,0.2
451,6,-0.7098059058189392,-0.07508247345685959,2.7641146183013916,0.039362252264687175,0.14825394699030245,0,0,0,0.12,0.01,0.0,0.01,0.1,0.9,-1.2,0.0,0,0,1,0,0.675,0.2
451,7,-1.0944935083389282,0.2130805402994156,3.052058696746826,0.41606536309192027,0.40292409260800044,0,0,0,0.12,0.01,0.0,0.01,0.1,0.9,-1.2,0.0,0,0,1,0,0.675,0.2
452,0,-0.23768985271453857,-0.04777967184782028,1.1635662317276,0.26326592805815835,0.18748817798661097,0,0,0,0.12,0.01,0.0,0.01,0.1,0.9,-1.2,0.0,0,0,1,0,0.675,0.2
452,1,-1.0238476991653442,-0.4192865788936615,3.111445665359497,0.2382522869185197,0.24005186080181717,0,0,0,0.12,0.01,0.0,0.01,0.1,0.9,-1.2,0.0,0,0,1,0,0.675,0.2
452,2,0.20685526728630066,0.001735922647640109,-0.05603988468647003,0.41362740515016483,0.37576077462888796,0,0,0,0.12,0.01,0.0,0.01,0.1,0.9,-1.2,0.0,0,0,1,0,0.675,0.2
452,3,-0.38150694966316223,-0.4252661466598511,2.13815975189209,0.4651295153509853,-0.4460649566810605,0,0,0,0.12,0.01,0.0,0.01,0.1,0.9,-1.2,0.0,0,0,1,0,0.675,0.2
452,4,-0.6633097529411316,0.42135077714920044,-2.788832187652588,0.022082095685096743,0.017439941224960325,0,0,0,0.12,0.01,0.0,0.01,0.1,0.9,-1.2,0.0,0,0,1,0,0.675,0.2
452,5,-0.18703597784042358,0.4215647578239441,-0.013495390303432941,0.2630584328509776,0.2884758026264699,0,0,0,0.12,0.01,0.0,0.01,0.1,0.9,-1.2,0.0,0,0,1,0,0.675,0.2
452,6,-0.7099802494049072,-0.07501356303691864,2.7679903507232666,0.03990986858397939,0.14783060635536693,0,0,0,0.12,0.01,0.0,0.01,0.1,0.9,-1.2,0.0,0,0,1,0,0.675,0.2
452,7,-1.0953116416931152,0.21315419673919678,3.051589250564575,0.41506618741248885,0.4018804979016896,0,0,0,0.12,0.01,0.0,0.01,0.1,0.9,-1.2,0.0,0,0,1,0,0.675,0.2
453,0,-0.23750892281532288,-0.047361887991428375,1.1609746217727661,0.26227790465784073,0.18469854840803146,0,0,0,0.12,0.01,0.0,0.01,0.1,0.9,-1.2,0.0,0,0,1,0,0.675,0.2
453,1,-1.0243266820907593,-0.41927212476730347,3.1115150451660156,0.2378674829034933,0.23967986464213054,0,0,0,0.12,0.01,0.0,0.01,0.1,0.9,-1.2,0.0,0,0,1,0,0.675,0.2
453,2,0.2076454907655716,0.0016910650301724672,-0.05735567957162857,0.4127733003860644,0.3748564231628247,0,0,0,0.12,0.01,0.0,0.01,0.1,0.9,-1.2,0.0,0,0,1,0,0.675,0.2
453,3,-0.3815177083015442,-0.4252495765686035,2.1068334579467773,0.49636025387924976,-0.4776422980813391,0,0,0,0.12,0.01,0.0,0.01,0.1,0.9,-1.2,0.0,0,0,1,0,0.675,0.2
453,4,-0.6633474230766296,0.4213368892669678,-2.78954815864563,0.01592615399656039,0.023081137201216406,0,0,0,0.12,0.01,0.0,0.01,0.1,0.9,-1.2,0.0,0,0,1,0,0.675,0.2
453,5,-0.18648216128349304,0.42155641317367554,-0.015713399276137352,0.23671053478576076,0.31283999850891697,0,0,0,0.12,0.01,0.0,0.01,0.1,0.9,-1.2,0.0,0,0,1,0,0.675,0.2
453,6,-0.7101549506187439,-0.07494527101516724,2.7718307971954346,0.04045786249218752,0.14740207505644987,0,0,0,0.12,0.01,0.0,0.01,0.1,0.9,-1.2,0.0,0,0,1,0,0.675,0.2
453,7,-1.0961277484893799,0.21322806179523468,3.0511181354522705,0.4140606842165853,0.4008323826665018,0,0,0,0.12,0.01,0.0,0.01,0.1,0.9,-1.2,0.0,0,0,1,0,0.675,0.2
454,0,-0.23732846975326538,-0.04694800451397896,1.1583161354064941,0.26123631821261156,0.18197183980359327,0,0,0,0.12,0.01,0.0,0.01,0.1,0.9,-1.2,0.0,0,0,1,0,0.675,0.2
454,1,-1.024804949760437,-0.4192577600479126,3.111583709716797,0.2375049402678263,0.23928927278873802,0,0,0,0.12,0.01,0.0,0.01,0.1,0.9,-1.2,0.0,0,0,1,0,0.675,0.2
454,2,0.20843391120433807,0.001645303680561483,-0.05872649326920509,0.4116695267237065,0.37419429001442217,0,0,0,0.12,0.01,0.0,0.01,0.1,0.9,-1.2,0.0,0,0,1,0,0.675,0.2
454,3,-0.3815282881259918,-0.4252336025238037,2.075007200241089,0.5352663339463051,-0.516720430680829,0,0,0,0.12,0.01,0.0,0.01,0.1,0.9,-1.2,0.0,0,0,1,0,0.675,0.2
454,4,-0.6633846163749695,0.4213232398033142,-2.7898130416870117,0.009420691714083374,0.029092454626763638,0,0,0,0.12,0.01,0.0,0.01,0.1,0.9,-1.2,0.0,0,0,1,0,0.675,0.2
454,5,-0.1859302967786789,0.42154765129089355,-0.015336466021835804,0.21830610608007248,0.32928581858728595,0,0,0,0.12,0.01,0.0,0.01,0.1,0.9,-1.2,0.0,0,0,1,0,0.675,0.2
454,6,-0.710330069065094,-0.07487767934799194,2.775636911392212,0.04102748918514035,0.14694753003139713,0,0,0,0.12,0.01,0.0,0.01,0.1,0.9,-1.2,0.0,0,0,1,0,0.675,0.2
454,7,-1.0969417095184326,0.2133021056652069,3.050645351409912,0.4130484379918753,0.3997806392519296,0,0,0,0.12,0.01,0.0,0.01,0.1,0.9,-1.2,0.0,0,0,1,0,0.675,0.2
455,0,-0.23714850842952728,-0.046538032591342926,1.1555951833724976,0.2601415271071516,0.1793200915547289,0,0,0,0.12,0.01,0.0,0.01,0.1,0.9,-1.2,0.0,0,0,1,0,0.675,0.2
455,1,-1.025282382965088,-0.4192434549331665,3.1116526126861572,0.23714451232981526,0.23890052994656713,0,0,0,0.12,0.01,0.0,0.01,0.1,0.9,-1.2,0.0,0,0,1,0,0.675,0.2
455,2,0.2092205137014389,0.0015986212529242039,-0.0600886307656765,0.4105556765503535,0.373533888726746,0,0,0,0.12,0.01,0.0,0.01,0.1,0.9,-1.2,0.0,0,0,1,0,0.675,0.2
455,3,-0.3815383017063141,-0.42521771788597107,2.0412561893463135,0.5677869171867094,-0.5493674521366081,0,0,0,0.12,0.01,0.0,0.01,0.1,0.9,-1.2,0.0,0,0,1,0,0.675,0.2
455,4,-0.6634213328361511,0.42130976915359497,-2.7896406650543213,0.0030023236607668686,0.0350345070625188,0,0,0,0.12,0.01,0.0,0.01,0.1,0.9,-1.2,0.0,0,0,1,0,0.675,0.2
455,5,-0.18538041412830353,0.42153966426849365,-0.012928653508424759,0.20708840085059543,0.3385854463478909,0,0,0,0.12,0.01,0.0,0.01,0.1,0.9,-1.2,0.0,0,0,1,0,0.675,0.2
455,6,-0.7105056047439575,-0.07481081783771515,2.779409170150757,0.041614631757624476,0.1464730700398609,0,0,0,0.12,0.01,0.0,0.01,0.1,0.9,-1.2,0.0,0,0,1,0,0.675,0.2
455,7,-1.097753643989563,0.21337635815143585,3.050171375274658,0.4120316290275619,0.39872302776412505,0,0,0,0.12,0.01,0.0,0.01,0.1,0.9,-1.2,0.0,0,0,1,0,0.675,0.2
456,0,-0.236968994140625,-0.046131983399391174,1.152813196182251,0.2589745498938699,0.17677444445656343,0,0,0,0.12,0.01,0.0,0.01,0.1,0.9,-1.2,0.0,0,0,1,0,0.675,0.2
456,1,-1.025759220123291,-0.4192291796207428,3.1117208003997803,0.23676856583330577,0.23853103095319328,0,0,0,0.12,0.01,0.0,0.01,0.1,0.9,-1.2,0.0,0,0,1,0,0.675,0.2
456,2,0.2100052833557129,0.0015509910881519318,-0.06138818711042404,0.40963286650718844,0.37267350661216586,0,0,0,0.12,0.01,0.0,0.01,0.1,0.9,-1.2,0.0,0,0,1,0,0.675,0.2
456,3,-0.38154712319374084,-0.4252013862133026,2.0048739910125732,0.5852794015730454,-0.567088287505014,0,0,0,0.12,0.01,0.0,0.01,0.1,0.9,-1.2,0.0,0,0,1,0,0.675,0.2
456,4,-0.6634575724601746,0.42129644751548767,-2.789027214050293,-0.0031200035444260968,0.04069738303933157,0,0,0,0.12,0.01,0.0,0.01,0.1,0.9,-1.2,0.0,0,0,1,0,0.675,0.2
456,5,-0.18483246862888336,0.4215334355831146,-0.009179681539535522,0.20172863072883007,0.3420705907868254,0,0,0,0.12,0.01,0.0,0.01,0.1,0.9,-1.2,0.0,0,0,1,0,0.675,0.2
456,6,-0.7106815576553345,-0.07474468648433685,2.7831459045410156,0.04219158638866986,0.14600526641456044,0,0,0,0.12,0.01,0.0,0.01,0.1,0.9,-1.2,0.0,0,0,1,0,0.675,0.2
456,7,-1.098563551902771,0.21345077455043793,3.0496957302093506,0.4110080898208251,0.3976618945198426,0,0,0,0.12,0.01,0.0,0.01,0.1,0.9,-1.2,0.0,0,0,1,0,0.675,0.2
457,0,-0.23678985238075256,-0.0457298718392849,1.149973750114441,0.25772972818318746,0.17434776906069374,0,0,0,0.12,0.01,0.0,0.01,0.1,0.9,-1.2,0.0,0,0,1,0,0.675,0.2
457,1,-1.0262351036071777,-0.41921499371528625,3.111787796020508,0.236409275025242,0.238148899584896,0,0,0,0.12,0.01,0.0,0.01,0.1,0.9,-1.2,0.0,0,0,1,0,0.675,0.2
457,2,0.21078822016716003,0.0015023999148979783,-0.06267333030700684,0.4087128975141869,0.37180134275070564,0,0,0,0.12,0.01,0.0,0.01,0.1,0.9,-1.2,0.0,0,0,1,0,0.675,0.2
457,3,-0.38155415654182434,-0.4251843988895416,1.9661149978637695,0.588999550973279,-0.5712054634440965,0,0,0,0.12,0.01,0.0,0.01,0.1,0.9,-1.2,0.0,0,0,1,0,0.675,0.2
457,4,-0.6634933948516846,0.4212832748889923,-2.787977695465088,-0.009017117384779873,0.04615002131830496,0,0,0,0.12,0.01,0.0,0.01,0.1,0.9,-1.2,0.0,0,0,1,0,0.675,0.2
457,5,-0.18428641557693481,0.421529620885849,-0.004913365934044123,0.2001892186829655,0.3417713783553036,0,0,0,0.12,0.01,0.0,0.01,0.1,0.9,-1.2,0.0,0,0,1,0,0.675,0.2
457,6,-0.7108578085899353,-0.07467921078205109,2.7868454456329346,0.04273408672350174,0.14556731262666459,0,0,0,0.12,0.01,0.0,0.01,0.1,0.9,-1.2,0.0,0,0,1,0,0.675,0.2
457,7,-1.0993711948394775,0.21352538466453552,3.0492186546325684,0.4099777927484613,0.396597982398023,0,0,0,0.12,0.01,0.0,0.01,0.1,0.9,-1.2,0.0,0,0,1,0,0.675,0.2
458,0,-0.236611008644104,-0.04533170163631439,1.1470850706100464,0.2564183676298724,0.1720290279332532,0,0,0,0.12,0.01,0.0,0.01,0.1,0.9,-1.2,0.0,0,0,1,0,0.675,0.2
458,1,-1.0267103910446167,-0.4192008376121521,3.1118550300598145,0.23604259033558941,0.2377768741095247,0,0,0,0.12,0.01,0.0,0.01,0.1,0.9,-1.2,0.0,0,0,1,0,0.675,0.2
458,2,0.21156932413578033,0.0014528502942994237,-0.06399929523468018,0.40758458693567035,0.37112887780126813,0,0,0,0.12,0.01,0.0,0.01,0.1,0.9,-1.2,0.0,0,0,1,0,0.675,0.2
458,3,-0.3815593421459198,-0.42516693472862244,1.9259107112884521,0.5863581963109123,-0.5690899428205834,0,0,0,0.12,0.01,0.0,0.01,0.1,0.9,-1.2,0.0,0,0,1,0,0.675,0.2
458,4,-0.6635286808013916,0.4212701618671417,-2.786510467529297,-0.013732020711812253,0.0504314498662083,0,0,0,0.12,0.01,0.0,0.01,0.1,0.9,-1.2,0.0,0,0,1,0,0.675,0.2
458,5,-0.18374225497245789,0.42152854800224304,0.0021337976213544607,0.2099826746781062,0.33019091550515184,0,0,0,0.12,0.01,0.0,0.01,0.1,0.9,-1.2,0.0,0,0,1,0,0.675,0.2
458,6,-0.7110344767570496,-0.07461428642272949,2.7905077934265137,0.04318648221227801,0.1452122962262901,0,0,0,0.12,0.01,0.0,0.01,0.1,0.9,-1.2,0.0,0,0,1,0,0.675,0.2
458,7,-1.1001768112182617,0.21360018849372864,3.0487403869628906,0.408944723630364,0.39552736518341763,0,0,0,0.12,0.01,0.0,0.01,0.1,0.9,-1.2,0.0,0,0,1,0,0.675,0.2
459,0,-0.23643244802951813,-0.04493744671344757,1.144155502319336,0.255074058205469,0.16978129324259011,0,0,0,0.12,0.01,0.0,0.01,0.1,0.9,-1.2,0.0,0,0,1,0,0.675,0.2
459,1,-1.0271848440170288,-0.4191867411136627,3.1119213104248047,0.23568110264465816,0.23740292989089481,0,0,0,0.12,0.01,0.0,0.01,0.1,0.9,-1.2,0.0,0,0,1,0,0.675,0.2
459,2,0.2123485654592514,0.0014023593394085765,-0.06533307582139969,0.4063750307507184,0.37052925420335264,0,0,0,0.12,0.01,0.0,0.01,0.1,0.9,-1.2,0.0,0,0,1,0,0.675,0.2
459,3,-0.381563276052475,-0.42514944076538086,1.8852394819259644,0.5856758204846287,-0.5689414830504561,0,0,0,0.12,0.01,0.0,0.01,0.1,0.9,-1.2,0.0,0,0,1,0,0.675,0.2
459,4,-0.6635635495185852,0.4212571680545807,-2.784641742706299,-0.018006376880687923,0.05428579445509359,0,0,0,0.12,0.01,0.0,0.01,0.1,0.9,-1.2,0.0,0,0,1,0,0.675,0.2
459,5,-0.1831999272108078,0.421530157327652,0.00541717978194356,0.21024275680464277,0.32813309768754473,0,0,0,0.12,0.01,0.0,0.01,0.1,0.9,-1.2,0.0,0,0,1,0,0.675,0.2
459,6,-0.7112113833427429,-0.07454987615346909,2.794135570526123,0.043594149271926806,0.14489685245327003,0,0,0,0.12,0.01,0.0,0.01,0.1,0.9,-1.2,0.0,0,0,1,0,0.675,0.2
459,7,-1.1009804010391235,0.21367520093917847,3.0482606887817383,0.4079040773702861,0.39445472876298415,0,0,0,0.12,0.01,0.0,0.01,0.1,0.9,-1.2,0.0,0,0,1,0,0.675,0.2
460,0,-0.23625415563583374,-0.04454705864191055,1.141189455986023,0.2537242251902118,0.16756802019781916,0,0,0,0.12,0.01,0.0,0.01,0.1,0.9,-1.2,0.0,0,0,1,0,0.675,0.2
460,1,-1.0276585817337036,-0.4191726744174957,3.111987590789795,0.2353113559906328,0.23703995664669636,0,0,0,0.12,0.01,0.0,0.01,0.1,0.9,-1.2,0.0,0,0,1,0,0.675,0.2
460,2,0.21312594413757324,0.0013509653508663177,-0.06661320477724075,0.40531882800586944,0.3697679325150656,0,0,0,0.12,0.01,0.0,0.01,0.1,0.9,-1.2,0.0,0,0,1,0,0.675,0.2
460,3,-0.3815668821334839,-0.4251324236392975,1.8446475267410278,0.5913482343027042,-0.5750074719259191,0,0,0,0.12,0.01,0.0,0.01,0.1,0.9,-1.2,0.0,0,0,1,0,0.675,0.2
460,4,-0.6635980010032654,0.42124423384666443,-2.782440662384033,-0.02131481815850927,0.05718180511868193,0,0,0,0.12,0.01,0.0,0.01,0.1,0.9,-1.2,0.0,0,0,1,0,0.675,0.2
460,5,-0.18265940248966217,0.4215342700481415,0.009526999667286873,0.2154473284017606,0.32115504948977996,0,0,0,0.12,0.01,0.0,0.01,0.1,0.9,-1.2,0.0,0,0,1,0,0.675,0.2
460,6,-0.7113885879516602,-0.07448595017194748,2.797734022140503,0.043971835902957314,0.1446049369060713,0,0,0,0.12,0.01,0.0,0.01,0.1,0.9,-1.2,0.0,0,0,1,0,0.675,0.2
460,7,-1.1017817258834839,0.213750422000885,3.0477797985076904,0.4068583850291287,0.39337849575013767,0,0,0,0.12,0.01,0.0,0.01,0.1,0.9,-1.2,0.0,0,0,1,0,0.675,0.2
461,0,-0.23607619106769562,-0.04416047781705856,1.1381889581680298,0.25239435819567674,0.16536118598996172,0,0,0,0.12,0.01,0.0,0.01,0.1,0.9,-1.2,0.0,0,0,1,0,0.675,0.2
461,1,-1.0281316041946411,-0.4191586971282959,3.112053155899048,0.23496966633615418,0.23665199604215695,0,0,0,0.12,0.01,0.0,0.01,0.1,0.9,-1.2,0.0,0,0,1,0,0.675,0.2
461,2,0.21390146017074585,0.0012987194349989295,-0.06785571575164795,0.4043564700253488,0.36890460022611604,0,0,0,0.12,0.01,0.0,0.01,0.1,0.9,-1.2,0.0,0,0,1,0,0.675,0.2
461,3,-0.3815707862377167,-0.42511606216430664,1.8041139841079712,0.6009587198579167,-0.5848155226641749,0,0,0,0.12,0.01,0.0,0.01,0.1,0.9,-1.2,0.0,0,0,1,0,0.675,0.2
461,4,-0.6636320352554321,0.42123138904571533,-2.7799484729766846,-0.024101963468969735,0.05956716296929207,0,0,0,0.12,0.01,0.0,0.01,0.1,0.9,-1.2,0.0,0,0,1,0,0.675,0.2
461,5,-0.18212071061134338,0.4215405285358429,0.013732628896832466,0.22297689358808906,0.31186732609651174,0,0,0,0.12,0.01,0.0,0.01,0.1,0.9,-1.2,0.0,0,0,1,0,0.675,0.2
461,6,-0.7115660905838013,-0.07442256808280945,2.8013064861297607,0.04436437919596224,0.14429409667989224,0,0,0,0.12,0.01,0.0,0.01,0.1,0.9,-1.2,0.0,0,0,1,0,0.675,0.2
461,7,-1.1025809049606323,0.21382583677768707,3.047297716140747,0.4058071665855947,0.3922991461661753,0,0,0,0.12,0.01,0.0,0.01,0.1,0.9,-1.2,0.0,0,0,1,0,0.675,0.2
462,0,-0.23589862883090973,-0.043777648359537125,1.135157585144043,0.25110320167690464,0.16314079446643642,0,0,0,0.12,0.01,0.0,0.01,0.1,0.9,-1.2,0.0,0,0,1,0,0.675,0.2
462,1,-1.0286039113998413,-0.41914474964141846,3.11211895942688,0.2346161187867528,0.2362792609949702,0,0,0,0.12,0.01,0.0,0.01,0.1,0.9,-1.2,0.0,0,0,1,0,0.675,0.2
462,2,0.21467509865760803,0.0012456601252779365,-0.06912190467119217,0.4032583649990303,0.3681691471698539,0,0,0,0.12,0.01,0.0,0.01,0.1,0.9,-1.2,0.0,0,0,1,0,0.675,0.2
462,3,-0.38157522678375244,-0.42510026693344116,1.7632582187652588,0.609513040375772,-0.5933927648932367,0,0,0,0.12,0.01,0.0,0.01,0.1,0.9,-1.2,0.0,0,0,1,0,0.675,0.2
462,4,-0.6636656522750854,0.4212186634540558,-2.7772247791290283,-0.026944752164134687,0.06202125114942521,0,0,0,0.12,0.01,0.0,0.01,0.1,0.9,-1.2,0.0,0,0,1,0,0.675,0.2
462,5,-0.18158380687236786,0.4215487837791443,0.017623377963900566,0.23141452960551903,0.30168083019672703,0,0,0,0.12,0.01,0.0,0.01,0.1,0.9,-1.2,0.0,0,0,1,0,0.675,0.2
462,6,-0.7117438912391663,-0.07435981184244156,2.80485463142395,0.04481714956629425,0.14392150945794435,0,0,0,0.12,0.01,0.0,0.01,0.1,0.9,-1.2,0.0,0,0,1,0,0.675,0.2
462,7,-1.1033780574798584,0.21390143036842346,3.0468146800994873,0.4047522209766321,0.39121428502770134,0,0,0,0.12,0.01,0.0,0.01,0.1,0.9,-1.2,0.0,0,0,1,0,0.675,0.2
463,0,-0.23572149872779846,-0.043398525565862656,1.1320973634719849,0.24984903096972433,0.16091307044209513,0,0,0,0.12,0.01,0.0,0.01,0.1,0.9,-1.2,0.0,0,0,1,0,0.675,0.2
463,1,-1.0290755033493042,-0.4191308617591858,3.1121833324432373,0.23426243082918086,0.23591057046018685,0,0,0,0.12,0.01,0.0,0.01,0.1,0.9,-1.2,0.0,0,0,1,0,0.675,0.2
463,2,0.2154468446969986,0.001191796618513763,-0.07040906697511673,0.4020360065008823,0.36755007977231113,0,0,0,0.12,0.01,0.0,0.01,0.1,0.9,-1.2,0.0,0,0,1,0,0.675,0.2
463,3,-0.3815796971321106,-0.42508465051651,1.7217748165130615,0.6135349455340097,-0.5973763759298512,0,0,0,0.12,0.01,0.0,0.01,0.1,0.9,-1.2,0.0,0,0,1,0,0.675,0.2
463,4,-0.6636988520622253,0.4212060272693634,-2.774312734603882,-0.02964383209694344,0.06434061596740204,0,0,0,0.12,0.01,0.0,0.01,0.1,0.9,-1.2,0.0,0,0,1,0,0.675,0.2
463,5,-0.1810487061738968,0.4215589165687561,0.020844653248786926,0.23955602506442858,0.29179655452922987,0,0,0,0.12,0.01,0.0,0.01,0.1,0.9,-1.2,0.0,0,0,1,0,0.675,0.2
463,6,-0.7119220495223999,-0.07429774850606918,2.8083784580230713,0.0453072060592925,0.14350902841012125,0,0,0,0.12,0.01,0.0,0.01,0.1,0.9,-1.2,0.0,0,0,1,0,0.675,0.2
463,7,-1.104172945022583,0.21397720277309418,3.046330451965332,0.40369201499381757,0.3901266376360347,0,0,0,0.12,0.01,0.0,0.01,0.1,0.9,-1.2,0.0,0,0,1,0,0.675,0.2
464,0,-0.23554478585720062,-0.043023090809583664,1.1290059089660645,0.24860827080854364,0.1587056124960524,0,0,0,0.12,0.01,0.0,0.01,0.1,0.9,-1.2,0.0,0,0,1,0,0.675,0.2
464,1,-1.0295463800430298,-0.4191170334815979,3.1122469902038574,0.23391468894990086,0.23553936111418608,0,0,0,0.12,0.01,0.0,0.01,0.1,0.9,-1.2,0.0,0,0,1,0,0.675,0.2
464,2,0.21621671319007874,0.0011371151776984334,-0.07165379077196121,0.40093077369531255,0.36680649570623775,0,0,0,0.12,0.01,0.0,0.01,0.1,0.9,-1.2,0.0,0,0,1,0,0.675,0.2
464,3,-0.3815833032131195,-0.4250688850879669,1.6796735525131226,0.6136663645314742,-0.5975088193821477,0,0,0,0.12,0.01,0.0,0.01,0.1,0.9,-1.2,0.0,0,0,1,0,0.675,0.2
464,4,-0.6637316942214966,0.4211934208869934,-2.7712152004241943,-0.03147021048042922,0.06579415612194686,0,0,0,0.12,0.01,0.0,0.01,0.1,0.9,-1.2,0.0,0,0,1,0,0.675,0.2
464,5,-0.18051539361476898,0.42157062888145447,0.023364366963505745,0.24705711263414737,0.2825594816804278,0,0,0,0.12,0.01,0.0,0.01,0.1,0.9,-1.2,0.0,0,0,1,0,0.675,0.2
464,6,-0.7121005058288574,-0.07423639297485352,2.8118743896484375,0.04579031412932284,0.14310070926812285,0,0,0,0.12,0.01,0.0,0.01,0.1,0.9,-1.2,0.0,0,0,1,0,0.675,0.2
464,7,-1.1049658060073853,0.21405313909053802,3.0458452701568604,0.40262676432770816,0.38903527304488095,0,0,0,0.12,0.01,0.0,0.01,0.1,0.9,-1.2,0.0,0,0,1,0,0.675,0.2
465,0,-0.23536841571331024,-0.04265134409070015,1.1258786916732788,0.24734847782575867,0.15655235411203128,0,0,0,0.12,0.01,0.0,0.01,0.1,0.9,-1.2,0.0,0,0,1,0,0.675,0.2
465,1,-1.0300164222717285,-0.4191032648086548,3.1123099327087402,0.2335683471742701,0.2351705067571569,0,0,0,0.12,0.01,0.0,0.01,0.1,0.9,-1.2,0.0,0,0,1,0,0.675,0.2
465,2,0.21698465943336487,0.001081598922610283,-0.07284750044345856,0.3999744434849676,0.3659069756968561,0,0,0,0.12,0.01,0.0,0.01,0.1,0.9,-1.2,0.0,0,0,1,0,0.675,0.2
465,3,-0.3815852105617523,-0.4250528812408447,1.63722825050354,0.6123604827347588,-0.5962728594216896,0,0,0,0.12,0.01,0.0,0.01,0.1,0.9,-1.2,0.0,0,0,1,0,0.675,0.2
465,4,-0.6637641191482544,0.4211808145046234,-2.767939805984497,-0.03201625282607854,0.06597069064818203,0,0,0,0.12,0.01,0.0,0.01,0.1,0.9,-1.2,0.0,0,0,1,0,0.675,0.2
465,5,-0.17998385429382324,0.4215836226940155,0.025314319878816605,0.2540919092838275,0.2737969847972882,0,0,0,0.12,0.01,0.0,0.01,0.1,0.9,-1.2,0.0,0,0,1,0,0.675,0.2
465,6,-0.7122792601585388,-0.07417572289705276,2.8153390884399414,0.04621506233899425,0.14274340371401478,0,0,0,0.12,0.01,0.0,0.01,0.1,0.9,-1.2,0.0,0,0,1,0,0.675,0.2
465,7,-1.105756402015686,0.214129239320755,3.045358896255493,0.401556084619096,0.3879415888924092,0,0,0,0.12,0.01,0.0,0.01,0.1,0.9,-1.2,0.0,0,0,1,0,0.675,0.2
466,0,-0.23519234359264374,-0.04228328913450241,1.122715950012207,6.28,2.3703306127028547,1,0,1,0.12,0.01,0.0,0.01,0.1,0.9,-1.2,0.0,0,0,1,0,0.675,0.2
466,1,-1.0304858684539795,-0.41908952593803406,3.1123719215393066,2.306560029535888,-6.28,1,0,1,0.12,0.01,0.0,0.01,0.1,0.9,-1.2,0.0,0,0,1,0,0.675,0.2
466,2,0.2177506983280182,0.001025245408527553,-0.07404938340187073,4.094546930456174,6.28,1,0,1,0.12,0.01,0.0,0.01,0.1,0.9,-1.2,0.0,0,0,1,0,0.675,0.2
466,3,-0.381585031747818,-0.4250366985797882,1.5947211980819702,6.2407599693130615,0.6327496724236835,1,0,1,0.12,0.01,0.0,0.01,0.1,0.9,-1.2,0.0,0,0,1,0,0.675,0.2
466,4,-0.663796067237854,0.42116817831993103,-2.7645373344421387,-6.28,2.1720126867210094,1,0,1,0.12,0.01,0.0,0.01,0.1,0.9,-1.2,0.0,0,0,1,0,0.675,0.2
466,5,-0.17945407330989838,0.4215974807739258,0.02674170956015587,6.28,5.096633802637715,1,0,1,0.12,0.01,0.0,0.01,0.1,0.9,-1.2,0.0,0,0,1,0,0.675,0.2
466,6,-0.7124583721160889,-0.07411564886569977,2.818772315979004,2.2888055634433497,-6.28,1,0,1,0.12,0.01,0.0,0.01,0.1,0.9,-1.2,0.0,0,0,1,0,0.675,0.2
466,7,-1.1065447330474854,0.2142055183649063,3.0448718070983887,0.40048386795468244,0.3868420507197865,0,0,0,0.12,0.01,0.0,0.01,0.1,0.9,-1.2,0.0,0,0,1,0,0.675,0.2
467,0,-0.23501649498939514,-0.04191891849040985,1.1195228099822998,6.28,2.388314689944157,1,0,1,0.12,0.01,0.0,0.01,0.1,0.9,-1.2,0.0,0,0,1,0,0.675,0.2
467,1,-1.0309544801712036,-0.4190758168697357,3.1124331951141357,2.3063599365845886,-6.28,1,0,1,0.12,0.01,0.0,0.01,0.1,0.9,-1.2,0.0,0,0,1,0,0.675,0.2
467,2,0.2185148149728775,0.0009680640650913119,-0.07528098672628403,4.082121444373084,6.28,1,0,1,0.12,0.01,0.0,0.01,0.1,0.9,-1.2,0.0,0,0,1,0,0.675,0.2
467,3,-0.38158321380615234,-0.42502060532569885,1.552284598350525,6.28,0.9704020374797805,1,0,1,0.12,0.01,0.0,0.01,0.1,0.9,-1.2,0.0,0,0,1,0,0.675,0.2
467,4,-0.663827657699585,0.42115551233291626,-2.7610912322998047,-6.28,2.174398713385743,1,0,1,0.12,0.01,0.0,0.01,0.1,0.9,-1.2,0.0,0,0,1,0,0.675,0.2
467,5,-0.1789260357618332,0.42161187529563904,0.0275762639939785,6.28,5.090622485289237,1,0,1,0.12,0.01,0.0,0.01,0.1,0.9,-1.2,0.0,0,0,1,0,0.675,0.2
467,6,-0.7126376628875732,-0.07405609637498856,2.8221771717071533,2.2869865802804124,-6.28,1,0,1,0.12,0.01,0.0,0.01,0.1,0.9,-1.2,0.0,0,0,1,0,0.675,0.2
467,7,-1.1073310375213623,0.21428197622299194,3.0443837642669678,0.39940616445451327,0.3857399527558749,0,0,0,0.12,0.01,0.0,0.01,0.1,0.9,-1.2,0.0,0,0,1,0,0.675,0.2
468,0,-0.2316223382949829,-0.035886526107788086,1.0040256977081299,6.28,3.1302309540923616,1,0,1,0.12,0.01,0.0,0.01,0.1,0.9,-1.2,0.0,0,0,1,0,0.675,0.2
468,1,-1.0278574228286743,-0.419521301984787,2.868665933609009,2.4223163343693495,-6.28,1,0,1,0.12,0.01,0.0,0.01,0.1,0.9,-1.2,0.0,0,0,1,0,0.675,0.2
468,2,0.2268793284893036,0.0005792920128442347,-0.0174474585801363,4.386592843953585,6.28,1,0,1,0.12,0.01,0.0,0.01,0.1,0.9,-1.2,0.0,0,0,1,0,0.675,0.2
468,3,-0.38102060556411743,-0.41963744163513184,1.3812025785446167,6.28,1.6800388583679604,1,0,1,0.12,0.01,0.0,0.01,0.1,0.9,-1.2,0.0,0,0,1,0,0.675,0.2
468,4,-0.6609686613082886,0.4227331280708313,-2.5186996459960938,-6.28,2.5100299411931997,1,0,1,0.12,0.01,0.0,0.01,0.1,0.9,-1.2,0.0,0,0,1,0,0.675,0.2
468,5,-0.16997337341308594,0.4217657148838043,0.009901899844408035,6.28,5.15917146555144,1,0,1,0.12,0.01,0.0,0.01,0.1,0.9,-1.2,0.0,0,0,1,0,0.675,0.2
468,6,-0.7098622918128967,-0.07543245702981949,2.575860023498535,2.581658011716772,-6.28,1,0,1,0.12,0.01,0.0,0.01,0.1,0.9,-1.2,0.0,0,0,1,0,0.675,0.2
468,7,-1.1081149578094482,0.2143586277961731,3.0438947677612305,0.389042228185483,0.3802439871198453,0,0,0,0.12,0.01,0.0,0.01,0.1,0.9,-1.2,0.0,0,0,1,0,0.675,0.2
469,0,-0.22649404406547546,-0.02888992242515087,0.8655803799629211,6.28,3.9414577052622732,1,0,1,0.12,0.01,0.0,0.01,0.1,0.9,-1.2,0.0,0,0,1,0,0.675,0.2
469,1,-1.0246479511260986,-0.42099544405937195,2.5325934886932373,3.0238162845825487,-6.28,1,0,1,0.12,0.01,0.0,0.01,0.1,0.9,-1.2,0.0,0,0,1,0,0.675,0.2
469,2,0.23725000023841858,0.0008397094788961112,0.06719675660133362,4.820612389834728,6.28,1,0,1,0.12,0.01,0.0,0.01,0.1,0.9,-1.2,0.0,0,0,1,0,0.675,0.2
469,3,-0.3790127635002136,-0.41270890831947327,1.190542459487915,6.28,2.8231301870215026,1,0,1,0.12,0.01,0.0,0.01,0.1,0.9,-1.2,0.0,0,0,1,0,0.675,0.2
469,4,-0.6582381725311279,0.4253328740596771,-2.1977763175964355,-6.28,3.407178871456705,1,0,1,0.12,0.01,0.0,0.01,0.1,0.9,-1.2,0.0,0,0,1,0,0.675,0.2
469,5,-0.15860067307949066,0.4215605854988098,-0.04082164168357849,6.28,5.389512745282051,1,0,1,0.12,0.01,0.0,0.01,0.1,0.9,-1.2,0.0,0,0,1,0,0.675,0.2
469,6,-0.7071499228477478,-0.07779471576213837,2.240159749984741,3.358170827929668,-6.28,1,0,1,0.12,0.01,0.0,0.01,0.1,0.9,-1.2,0.0,0,0,1,0,0.675,0.2
469,7,-1.1088968515396118,0.21443545818328857,3.043405055999756,0.3745006263171222,0.37606514097108584,0,0,0,0.12,0.01,0.0,0.01,0.1,0.9,-1.2,0.0,0,0,1,0,0.675,0.2
470,0,-0.22010034322738647,-0.022259891033172607,0.7471069097518921,6.28,4.546483033484972,1,0,1,0.12,0.01,0.0,0.01,0.1,0.9,-1.2,0.0,0,0,1,0,0.675,0.2
470,1,-1.0227628946304321,-0.4227777421474457,2.2253150939941406,3.9145597368144713,-6.002453699674579,1,0,1,0.12,0.01,0.0,0.01,0.1,0.9,-1.2,0.0,0,0,1,0,0.675,0.2
470,2,0.24780508875846863,0.0019116795156151056,0.13595500588417053,5.145240126881167,6.28,1,0,1,0.12,0.01,0.0,0.01,0.1,0.9,-1.2,0.0,0,0,1,0,0.675,0.2
470,3,-0.3754543662071228,-0.40572404861450195,0.9965152740478516,6.28,3.913818009471172,1,0,1,0.12,0.01,0.0,0.01,0.1,0.9,-1.2,0.0,0,0,1,0,0.675,0.2
470,4,-0.6575583219528198,0.4264066517353058,-1.9463411569595337,-4.996449790332096,4.261750481459872,1,0,1,0.12,0.01,0.0,0.01,0.1,0.9,-1.2,0.0,0,0,1,0,0.675,0.2
470,5,-0.14719423651695251,0.4208730459213257,-0.08074165880680084,6.28,5.56532919758278,1,0,1,0.12,0.01,0.0,0.01,0.1,0.9,-1.2,0.0,0,0,1,0,0.675,0.2
470,6,-0.7065131664276123,-0.07876918464899063,1.9857218265533447,4.113992704637771,-5.454267247207886,1,0,1,0.12,0.01,0.0,0.01,0.1,0.9,-1.2,0.0,0,0,1,0,0.675,0.2
470,7,-1.1096655130386353,0.21451136469841003,3.0430517196655273,0.36813184255455034,0.3745714164366911,0,0,0,0.12,0.01,0.0,0.01,0.1,0.9,-1.2,0.0,0,0,1,0,0.675,0.2
471,0,-0.21245212852954865,-0.015812352299690247,0.6576436758041382,6.28,4.9313463161091375,1,0,1,0.12,0.01,0.0,0.01,0.1,0.9,-1.2,0.0,0,0,1,0,0.675,0.2
471,1,-1.024574875831604,-0.4205748438835144,2.119711399078369,4.1878259336979005,-5.249423936608514,1,0,1,0.12,0.01,0.0,0.01,0.1,0.9,-1.2,0.0,0,0,1,0,0.675,0.2
471,2,0.25866934657096863,0.0037088803946971893,0.19018426537513733,5.3822730623277195,6.28,1,0,1,0.12,0.01,0.0,0.01,0.1,0.9,-1.2,0.0,0,0,1,0,0.675,0.2
471,3,-0.37007784843444824,-0.39873895049095154,0.8433372378349304,6.28,4.665686320359352,1,0,1,0.12,0.01,0.0,0.01,0.1,0.9,-1.2,0.0,0,0,1,0,0.675,0.2
471,4,-0.6584342122077942,0.4238068163394928,-1.8101454973220825,-4.068199889260789,4.6146774156871055,1,0,1,0.12,0.01,0.0,0.01,0.1,0.9,-1.2,0.0,0,0,1,0,0.675,0.2
471,5,-0.13562603294849396,0.4197434186935425,-0.11364956200122833,6.28,5.699980095055003,1,0,1,0.12,0.01,0.0,0.01,0.1,0.9,-1.2,0.0,0,0,1,0,0.675,0.2
471,6,-0.7076078057289124,-0.07629436999559402,1.8557645082473755,4.499202375290152,-4.369161804196593,1,0,1,0.12,0.01,0.0,0.01,0.1,0.9,-1.2,0.0,0,0,1,0,0.675,0.2
471,7,-1.1104161739349365,0.21458561718463898,3.0430335998535156,0.37903415173975524,0.3712500432065338,0,0,0,0.12,0.01,0.0,0.01,0.1,0.9,-1.2,0.0,0,0,1,0,0.675,0.2
472,0,-0.20378483831882477,-0.009568370878696442,0.5924233198165894,6.28,5.168784236595463,1,0,1,0.12,0.01,0.0,0.01,0.1,0.9,-1.2,0.0,0,0,1,0,0.675,0.2
472,1,-1.0241315364837646,-0.4207894802093506,1.8155858516693115,5.134882419578508,-2.5572342269343893,1,0,1,0.12,0.01,0.0,0.01,0.1,0.9,-1.2,0.0,0,0,1,0,0.675,0.2
472,2,0.26977282762527466,0.006092675495892763,0.23210281133651733,5.553219288954131,6.28,1,0,1,0.12,0.01,0.0,0.01,0.1,0.9,-1.2,0.0,0,0,1,0,0.675,0.2
472,3,-0.3630860447883606,-0.39163506031036377,0.7395135164260864,6.28,5.111239385027147,1,0,1,0.12,0.01,0.0,0.01,0.1,0.9,-1.2,0.0,0,0,1,0,0.675,0.2
472,4,-0.6583181023597717,0.4245671331882477,-1.4738500118255615,-0.9670095133957335,5.754285006540723,1,0,1,0.12,0.01,0.0,0.01,0.1,0.9,-1.2,0.0,0,0,1,0,0.675,0.2
472,5,-0.12391168624162674,0.4182499647140503,-0.13985265791416168,6.28,5.794509146892206,1,0,1,0.12,0.01,0.0,0.01,0.1,0.9,-1.2,0.0,0,0,1,0,0.675,0.2
472,6,-0.7073748111724854,-0.07725515216588974,1.5295538902282715,5.498686772971615,-1.5121381405882683,1,0,1,0.12,0.01,0.0,0.01,0.1,0.9,-1.2,0.0,0,0,1,0,0.675,0.2
472,7,-1.1111568212509155,0.21465881168842316,3.0432326793670654,0.37331917596268266,0.3713428108651677,0,0,0,0.12,0.01,0.0,0.01,0.1,0.9,-1.2,0.0,0,0,1,0,0.675,0.2
473,0,-0.19441157579421997,-0.00359558523632586,0.5423115491867065,6.28,5.319643388466776,1,0,1,0.12,0.01,0.0,0.01,0.1,0.9,-1.2,0.0,0,0,1,0,0.675,0.2
473,1,-1.0243715047836304,-0.41876447200775146,1.5523548126220703,5.786010774228674,-0.522890011224849,1,0,1,0.12,0.01,0.0,0.01,0.1,0.9,-1.2,0.0,0,0,1,0,0.675,0.2
473,2,0.2810274064540863,0.008950682356953621,0.2650645971298218,5.6800809680739155,6.28,1,0,1,0.12,0.01,0.0,0.01,0.1,0.9,-1.2,0.0,0,0,1,0,0.675,0.2
473,3,-0.35492539405822754,-0.38466334342956543,0.6767746210098267,6.28,5.355301185345014,1,0,1,0.12,0.01,0.0,0.01,0.1,0.9,-1.2,0.0,0,0,1,0,0.675,0.2
473,4,-0.6581702828407288,0.4239373803138733,-1.1160812377929688,1.8772672710106744,6.28,1,0,1,0.12,0.01,0.0,0.01,0.1,0.9,-1.2,0.0,0,0,1,0,0.675,0.2
473,5,-0.11209454387426376,0.41645801067352295,-0.1610366851091385,6.28,5.855655044472578,1,0,1,0.12,0.01,0.0,0.01,0.1,0.9,-1.2,0.0,0,0,1,0,0.675,0.2
473,6,-0.7073171138763428,-0.07660884410142899,1.193790078163147,6.28,1.1915229166928232,1,0,1,0.12,0.01,0.0,0.01,0.1,0.9,-1.2,0.0,0,0,1,0,0.675,0.2
473,7,-1.1119019985198975,0.2147323489189148,3.043055295944214,0.3744633377551445,0.36882577528959426,0,0,0,0.12,0.01,0.0,0.01,0.1,0.9,-1.2,0.0,0,0,1,0,0.675,0.2
474,0,-0.1845415234565735,0.0020851343870162964,0.5016067624092102,6.28,5.424686751255552,1,0,1,0.12,0.01,0.0,0.01,0.1,0.9,-1.2,0.0,0,0,1,0,0.675,0.2
474,1,-1.0240497589111328,-0.416435182094574,1.2481801509857178,6.28,1.675801041139946,1,0,1,0.12,0.01,0.0,0.01,0.1,0.9,-1.2,0.0,0,0,1,0,0.675,0.2
474,2,0.29237067699432373,0.012191562913358212,0.2915942072868347,5.7775208520523025,6.28,1,0,1,0.12,0.01,0.0,0.01,0.1,0.9,-1.2,0.0,0,0,1,0,0.675,0.2
474,3,-0.34598252177238464,-0.37779825925827026,0.6326725482940674,6.198112595332905,5.513829719768717,1,0,1,0.12,0.01,0.0,0.01,0.1,0.9,-1.2,0.0,0,0,1,0,0.675,0.2
474,4,-0.6561180353164673,0.4211330711841583,-0.8376480340957642,3.5008201003597557,6.28,1,0,1,0.12,0.01,0.0,0.01,0.1,0.9,-1.2,0.0,0,0,1,0,0.675,0.2
474,5,-0.10021266341209412,0.41442134976387024,-0.17861992120742798,6.28,5.897730737534775,1,0,1,0.12,0.01,0.0,0.01,0.1,0.9,-1.2,0.0,0,0,1,0,0.675,0.2
474,6,-0.7056471109390259,-0.07376718521118164,0.8940985798835754,6.28,3.239263785273087,1,0,1,0.12,0.01,0.0,0.01,0.1,0.9,-1.2,0.0,0,0,1,0,0.675,0.2
474,7,-1.1126441955566406,0.21480576694011688,3.042938709259033,0.38421815686307587,0.3571090692988809,0,0,0,0.12,0.01,0.0,0.01,0.1,0.9,-1.2,0.0,0,0,1,0,0.675,0.2
475,0,-0.17431126534938812,0.007471313234418631,0.46682414412498474,6.28,5.506567363827741,1,0,1,0.12,0.01,0.0,0.01,0.1,0.9,-1.2,0.0,0,0,1,0,0.675,0.2
475,1,-1.0219876766204834,-0.41231030225753784,0.9755690693855286,6.28,3.3676080662913193,1,0,1,0.12,0.01,0.0,0.01,0.1,0.9,-1.2,0.0,0,0,1,0,0.675,0.2
475,2,0.303762823343277,0.015745846554636955,0.3134044110774994,5.854728664916105,6.28,1,0,1,0.12,0.01,0.0,0.01,0.1,0.9,-1.2,0.0,0,0,1,0,0.675,0.2
475,3,-0.3365374803543091,-0.3711130619049072,0.5985711812973022,6.1146558942694496,5.6278294799428155,1,0,1,0.12,0.01,0.0,0.01,0.1,0.9,-1.2,0.0,0,0,1,0,0.675,0.2
475,4,-0.6515576243400574,0.41697168350219727,-0.688087522983551,4.130772580169398,6.28,1,0,1,0.12,0.01,0.0,0.01,0.1,0.9,-1.2,0.0,0,0,1,0,0.675,0.2
475,5,-0.08829867839813232,0.4121783971786499,-0.19385838508605957,6.28,5.930541956133122,1,0,1,0.12,0.01,0.0,0.01,0.1,0.9,-1.2,0.0,0,0,1,0,0.675,0.2
475,6,-0.7008468508720398,-0.06908079981803894,0.6678668856620789,6.28,4.484823060971851,1,0,1,0.12,0.01,0.0,0.01,0.1,0.9,-1.2,0.0,0,0,1,0,0.675,0.2
475,7,-1.1133841276168823,0.21487906575202942,3.042757749557495,0.3883655581986525,0.3447475518668077,0,0,0,0.12,0.01,0.0,0.01,0.1,0.9,-1.2,0.0,0,0,1,0,0.675,0.2
476,0,-0.16380451619625092,0.012570689432322979,0.43605518341064453,6.28,5.571165293203515,1,0,1,0.12,0.01,0.0,0.01,0.1,0.9,-1.2,0.0,0,0,1,0,0.675,0.2
476,1,-1.0179294347763062,-0.4073339104652405,0.8108411431312561,6.28,4.232220170896349,1,0,1,0.12,0.01,0.0,0.01,0.1,0.9,-1.2,0.0,0,0,1,0,0.675,0.2
476,2,0.3151800334453583,0.019560253247618675,0.3316231071949005,5.917429173940892,6.28,1,0,1,0.12,0.01,0.0,0.01,0.1,0.9,-1.2,0.0,0,0,1,0,0.675,0.2
476,3,-0.3267962634563446,-0.36465173959732056,0.5729440450668335,6.047236904818521,5.708842083495153,1,0,1,0.12,0.01,0.0,0.01,0.1,0.9,-1.2,0.0,0,0,1,0,0.675,0.2
476,4,-0.6450623273849487,0.41187748312950134,-0.610111653804779,4.4223536861546275,6.28,1,0,1,0.12,0.01,0.0,0.01,0.1,0.9,-1.2,0.0,0,0,1,0,0.675,0.2
476,5,-0.0763731449842453,0.40975481271743774,-0.20751553773880005,6.28,5.958220480258271,1,0,1,0.12,0.01,0.0,0.01,0.1,0.9,-1.2,0.0,0,0,1,0,0.675,0.2
476,6,-0.6949301958084106,-0.06467120349407196,0.5976842045783997,6.28,4.791008708771082,1,0,1,0.12,0.01,0.0,0.01,0.1,0.9,-1.2,0.0,0,0,1,0,0.675,0.2
476,7,-1.1141222715377808,0.2149524688720703,3.0419468879699707,0.3937697731281163,0.3251523054813503,0,0,0,0.12,0.01,0.0,0.01,0.1,0.9,-1.2,0.0,0,0,1,0,0.675,0.2
477,0,-0.15307262539863586,0.01739640161395073,0.40831923484802246,6.28,5.62712646106236,1,0,1,0.12,0.01,0.0,0.01,0.1,0.9,-1.2,0.0,0,0,1,0,0.675,0.2
477,1,-1.0113095045089722,-0.4012245535850525,0.6875601410865784,6.28,4.800542667523044,1,0,1,0.12,0.01,0.0,0.01,0.1,0.9,-1.2,0.0,0,0,1,0,0.675,0.2
477,2,0.3266083896160126,0.02359316311776638,0.34701311588287354,5.969318647604467,6.28,1,0,1,0.12,0.01,0.0,0.01,0.1,0.9,-1.2,0.0,0,0,1,0,0.675,0.2
477,3,-0.31687769293785095,-0.35838472843170166,0.5545738935470581,5.995993823040996,5.763255685339893,1,0,1,0.12,0.01,0.0,0.01,0.1,0.9,-1.2,0.0,0,0,1,0,0.675,0.2
477,4,-0.6364916563034058,0.4063541293144226,-0.5282037854194641,4.776331545773032,6.28,1,0,1,0.12,0.01,0.0,0.01,0.1,0.9,-1.2,0.0,0,0,1,0,0.675,0.2
477,5,-0.064446359872818,0.40716835856437683,-0.21997539699077606,6.28,5.983522121073252,1,0,1,0.12,0.01,0.0,0.01,0.1,0.9,-1.2,0.0,0,0,1,0,0.675,0.2
477,6,-0.686117947101593,-0.05915794521570206,0.5227648019790649,6.28,5.0826235463569605,1,0,1,0.12,0.01,0.0,0.01,0.1,0.9,-1.2,0.0,0,0,1,0,0.675,0.2
477,7,-1.1148532629013062,0.21502606570720673,3.0405216217041016,0.3855803637159081,0.3103815884935646,0,0,0,0.12,0.01,0.0,0.01,0.1,0.9,-1.2,0.0,0,0,1,0,0.675,0.2
478,0,-0.14215289056301117,0.021962124854326248,0.3829685151576996,6.232917277187141,5.674182699948515,1,0,1,0.12,0.01,0.0,0.01,0.1,0.9,-1.2,0.0,0,0,1,0,0.675,0.2
478,1,-1.0031476020812988,-0.3950861096382141,0.6063923239707947,6.28,5.133239103178111,1,0,1,0.12,0.01,0.0,0.01,0.1,0.9,-1.2,0.0,0,0,1,0,0.675,0.2
478,2,0.3380398154258728,0.027811268344521523,0.36011695861816406,6.012890959978412,6.28,1,0,1,0.12,0.01,0.0,0.01,0.1,0.9,-1.2,0.0,0,0,1,0,0.675,0.2
478,3,-0.3068467378616333,-0.3522632122039795,0.5417627692222595,5.958662871144623,5.799140121914537,1,0,1,0.12,0.01,0.0,0.01,0.1,0.9,-1.2,0.0,0,0,1,0,0.675,0.2
478,4,-0.6271626949310303,0.40130752325057983,-0.4601942002773285,5.062546232057341,6.28,1,0,1,0.12,0.01,0.0,0.01,0.1,0.9,-1.2,0.0,0,0,1,0,0.675,0.2
478,5,-0.052523430436849594,0.4044329822063446,-0.231439009308815,6.250042422340184,6.005645656361313,1,0,1,0.12,0.01,0.0,0.01,0.1,0.9,-1.2,0.0,0,0,1,0,0.675,0.2
478,6,-0.6764821410179138,-0.05393416807055473,0.4678482115268707,6.28,5.2686721860439025,1,0,1,0.12,0.01,0.0,0.01,0.1,0.9,-1.2,0.0,0,0,1,0,0.675,0.2
478,7,-1.1155712604522705,0.21509969234466553,3.038278341293335,0.36935180073944923,0.29772770756514666,0,0,0,0.12,0.01,0.0,0.01,0.1,0.9,-1.2,0.0,0,0,1,0,0.675,0.2
479,0,-0.1310710608959198,0.026281677186489105,0.35964012145996094,6.17746264864383,5.714093763337752,1,0,1,0.12,0.01,0.0,0.01,0.1,0.9,-1.2,0.0,0,0,1,0,0.675,0.2
479,1,-0.9940000176429749,-0.3891139030456543,0.5502252578735352,6.215129780773798,5.342049372191746,1,0,1,0.12,0.01,0.0,0.01,0.1,0.9,-1.2,0.0,0,0,1,0,0.675,0.2
479,2,0.3494696021080017,0.032187480479478836,0.3713359236717224,6.049896745594192,6.28,1,0,1,0.12,0.01,0.0,0.01,0.1,0.9,-1.2,0.0,0,0,1,0,0.675,0.2
479,3,-0.296745240688324,-0.3462466895580292,0.5329471826553345,5.931947454086133,5.822284505495242,1,0,1,0.12,0.01,0.0,0.01,0.1,0.9,-1.2,0.0,0,0,1,0,0.675,0.2
479,4,-0.6172110438346863,0.39671260118484497,-0.4044422507286072,5.280712675254792,6.28,1,0,1,0.12,0.01,0.0,0.01,0.1,0.9,-1.2,0.0,0,0,1,0,0.675,0.2
479,5,-0.04060636833310127,0.4015602767467499,-0.2420041412115097,6.207347896769526,6.025001051947592,1,0,1,0.12,0.01,0.0,0.01,0.1,0.9,-1.2,0.0,0,0,1,0,0.675,0.2
479,6,-0.6663102507591248,-0.04906822741031647,0.4233807921409607,6.28,5.40253505664486,1,0,1,0.12,0.01,0.0,0.01,0.1,0.9,-1.2,0.0,0,0,1,0,0.675,0.2
479,7,-1.1162680387496948,0.2151728719472885,3.035674810409546,0.3486836269433033,0.2843153163855542,0,0,0,0.12,0.01,0.0,0.01,0.1,0.9,-1.2,0.0,0,0,1,0,0.675,0.2
480,0,-0.1198861375451088,0.03036000020802021,0.3393544554710388,6.1278561223684225,5.744491843468103,1,0,1,0.12,0.01,0.0,0.01,0.1,0.9,-1.2,0.0,0,0,1,0,0.675,0.2
480,1,-0.9842276573181152,-0.38339900970458984,0.5074684619903564,6.127113312109723,5.488799244538529,1,0,1,0.12,0.01,0.0,0.01,0.1,0.9,-1.2,0.0,0,0,1,0,0.675,0.2
480,2,0.36089518666267395,0.036699309945106506,0.38097673654556274,6.081480234840059,6.28,1,0,1,0.12,0.01,0.0,0.01,0.1,0.9,-1.2,0.0,0,0,1,0,0.675,0.2
480,3,-0.28659912943840027,-0.34030473232269287,0.5269078612327576,5.912844059604163,5.83675357924128,1,0,1,0.12,0.01,0.0,0.01,0.1,0.9,-1.2,0.0,0,0,1,0,0.675,0.2
480,4,-0.6067551970481873,0.3925120532512665,-0.3594169318675995,5.4423308995179855,6.28,1,0,1,0.12,0.01,0.0,0.01,0.1,0.9,-1.2,0.0,0,0,1,0,0.675,0.2
480,5,-0.028719540685415268,0.39857009053230286,-0.25092560052871704,6.169431067870686,6.0397207812799705,1,0,1,0.12,0.01,0.0,0.01,0.1,0.9,-1.2,0.0,0,0,1,0,0.675,0.2
480,6,-0.6557454466819763,-0.04453538730740547,0.3863639831542969,6.28,5.50137401105498,1,0,1,0.12,0.01,0.0,0.01,0.1,0.9,-1.2,0.0,0,0,1,0,0.675,0.2
480,7,-1.1169370412826538,0.2152448147535324,3.033125638961792,0.3258454966168587,0.268756432570916,0,0,0,0.12,0.01,0.0,0.01,0.1,0.9,-1.2,0.0,0,0,1,0,0.675,0.2
481,0,-0.10863868147134781,0.03422478586435318,0.3224335312843323,6.0855563073403385,5.765121615027711,1,0,1,0.12,0.01,0.0,0.01,0.1,0.9,-1.2,0.0,0,0,1,0,0.675,0.2
481,1,-0.9740745425224304,-0.37796804308891296,0.47484302520751953,6.052815877925081,5.593448496331053,1,0,1,0.12,0.01,0.0,0.01,0.1,0.9,-1.2,0.0,0,0,1,0,0.675,0.2
481,2,0.37231528759002686,0.041327863931655884,0.38928085565567017,6.108484643955322,6.28,1,0,1,0.12,0.01,0.0,0.01,0.1,0.9,-1.2,0.0,0,0,1,0,0.675,0.2
481,3,-0.27642562985420227,-0.3344155550003052,0.5227596759796143,5.899055348695448,5.845400227247544,1,0,1,0.12,0.01,0.0,0.01,0.1,0.9,-1.2,0.0,0,0,1,0,0.675,0.2
481,4,-0.5959134697914124,0.38866302371025085,-0.3226548135280609,5.563607320201543,6.28,1,0,1,0.12,0.01,0.0,0.01,0.1,0.9,-1.2,0.0,0,0,1,0,0.675,0.2
481,5,-0.016876501962542534,0.39549046754837036,-0.25772759318351746,6.1378737710673095,6.048740041975329,1,0,1,0.12,0.01,0.0,0.01,0.1,0.9,-1.2,0.0,0,0,1,0,0.675,0.2
481,6,-0.6448897123336792,-0.040314871817827225,0.35452350974082947,6.204278015815264,5.577040991462224,1,0,1,0.12,0.01,0.0,0.01,0.1,0.9,-1.2,0.0,0,0,1,0,0.675,0.2
481,7,-1.1175730228424072,0.21531471610069275,3.0308051109313965,0.301897247158669,0.25103948561034345,0,0,0,0.12,0.01,0.0,0.01,0.1,0.9,-1.2,0.0,0,0,1,0,0.675,0.2
482,0,-0.09734997898340225,0.037909846752882004,0.3084518015384674,6.123797727572127,5.798879461539583,1,0,1,0.12,0.01,0.0,0.01,0.1,0.9,-1.2,0.0,0,0,1,0,0.675,0.2
482,1,-0.9636968970298767,-0.3727925717830658,0.45082175731658936,5.994125444891485,5.666160981652704,1,0,1,0.12,0.01,0.0,0.01,0.1,0.9,-1.2,0.0,0,0,1,0,0.675,0.2
482,2,0.3837294280529022,0.04605712369084358,0.39644530415534973,6.131578313066259,6.28,1,0,1,0.12,0.01,0.0,0.01,0.1,0.9,-1.2,0.0,0,0,1,0,0.675,0.2
482,3,-0.26623573899269104,-0.32856401801109314,0.5198842287063599,5.888929468192593,5.850186813078386,1,0,1,0.12,0.01,0.0,0.01,0.1,0.9,-1.2,0.0,0,0,1,0,0.675,0.2
482,4,-0.584780216217041,0.38512739539146423,-0.29202744364738464,5.573203171729739,6.28,1,0,1,0.12,0.01,0.0,0.01,0.1,0.9,-1.2,0.0,0,0,1,0,0.675,0.2
482,5,-0.005074090790003538,0.39234763383865356,-0.26261231303215027,6.112266609107789,6.0527332037336254,1,0,1,0.12,0.01,0.0,0.01,0.1,0.9,-1.2,0.0,0,0,1,0,0.675,0.2
482,6,-0.633809506893158,-0.03638511523604393,0.3264487087726593,6.124072363274416,5.636782521707692,1,0,1,0.12,0.01,0.0,0.01,0.1,0.9,-1.2,0.0,0,0,1,0,0.675,0.2
482,7,-1.1181715726852417,0.21538186073303223,3.0287399291992188,0.2773373048694542,0.2317875105945656,0,0,0,0.12,0.01,0.0,0.01,0.1,0.9,-1.2,0.0,0,0,1,0,0.675,0.2
483,0,-0.08603464066982269,0.041443802416324615,0.29679346084594727,6.096820998836339,5.809152718733966,1,0,1,0.12,0.01,0.0,0.01,0.1,0.9,-1.2,0.0,0,0,1,0,0.675,0.2
483,1,-0.9531788229942322,-0.3678160011768341,0.43352010846138,5.949612693358441,5.715763969849567,1,0,1,0.12,0.01,0.0,0.01,0.1,0.9,-1.2,0.0,0,0,1,0,0.675,0.2
483,2,0.39513739943504333,0.050873398780822754,0.40263545513153076,6.151283103147757,6.28,1,0,1,0.12,0.01,0.0,0.01,0.1,0.9,-1.2,0.0,0,0,1,0,0.675,0.2
483,3,-0.25603601336479187,-0.32273975014686584,0.5178611874580383,5.881294089920038,5.85243434869576,1,0,1,0.12,0.01,0.0,0.01,0.1,0.9,-1.2,0.0,0,0,1,0,0.675,0.2
483,4,-0.5734243988990784,0.3818719983100891,-0.26597654819488525,5.645205017680725,6.28,1,0,1,0.12,0.01,0.0,0.01,0.1,0.9,-1.2,0.0,0,0,1,0,0.675,0.2
483,5,0.006693471223115921,0.38916221261024475,-0.2659919559955597,6.091486863244054,6.052851297509196,1,0,1,0.12,0.01,0.0,0.01,0.1,0.9,-1.2,0.0,0,0,1,0,0.675,0.2
483,6,-0.6226110458374023,-0.03273753449320793,0.30334368348121643,6.052072635908854,5.6788479471008655,1,0,1,0.12,0.01,0.0,0.01,0.1,0.9,-1.2,0.0,0,0,1,0,0.675,0.2
483,7,-1.1187291145324707,0.21544557809829712,3.02690052986145,0.253076165031631,0.21133896796778923,0,0,0,0.12,0.01,0.0,0.01,0.1,0.9,-1.2,0.0,0,0,1,0,0.675,0.2
484,0,-0.07462925463914871,0.04486550763249397,0.2854316532611847,6.069496129398225,5.819452296252371,1,0,1,0.12,0.01,0.0,0.01,0.1,0.9,-1.2,0.0,0,0,1,0,0.675,0.2
484,1,-0.9425709247589111,-0.3629874587059021,0.42117244005203247,5.916549222132426,5.7492541805298485,1,0,1,0.12,0.01,0.0,0.01,0.1,0.9,-1.2,0.0,0,0,1,0,0.675,0.2
484,2,0.40653929114341736,0.05576493591070175,0.4079923927783966,6.168160469642209,6.28,1,0,1,0.12,0.01,0.0,0.01,0.1,0.9,-1.2,0.0,0,0,1,0,0.675,0.2
484,3,-0.24583081901073456,-0.3169357180595398,0.5164068937301636,5.875373929985108,5.853099018089232,1,0,1,0.12,0.01,0.0,0.01,0.1,0.9,-1.2,0.0,0,0,1,0,0.675,0.2
484,4,-0.5619575381278992,0.37889355421066284,-0.2410489022731781,5.712875714492273,6.23554925065093,1,0,1,0.12,0.01,0.0,0.01,0.1,0.9,-1.2,0.0,0,0,1,0,0.675,0.2
484,5,0.018431076779961586,0.3859495222568512,-0.2682604491710663,6.074153892750812,6.049913816099094,1,0,1,0.12,0.01,0.0,0.01,0.1,0.9,-1.2,0.0,0,0,1,0,0.675,0.2
484,6,-0.611354649066925,-0.029326530173420906,0.28527313470840454,5.990998680323573,5.705109124451665,1,0,1,0.12,0.01,0.0,0.01,0.1,0.9,-1.2,0.0,0,0,1,0,0.675,0.2
484,7,-1.1192436218261719,0.21550528705120087,3.025254011154175,0.2293048511505977,0.19075614109030808,0,0,0,0.12,0.01,0.0,0.01,0.1,0.9,-1.2,0.0,0,0,1,0,0.675,0.2
485,0,-0.06318538635969162,0.048160843551158905,0.27508464455604553,6.043935333777804,5.828093866418461,1,0,1,0.12,0.01,0.0,0.01,0.1,0.9,-1.2,0.0,0,0,1,0,0.675,0.2
485,1,-0.9319056272506714,-0.3582674562931061,0.41238003969192505,5.892198001246614,5.771645004649,1,0,1,0.12,0.01,0.0,0.01,0.1,0.9,-1.2,0.0,0,0,1,0,0.675,0.2
485,2,0.4179352819919586,0.06072164326906204,0.4126380383968353,6.182423396045449,6.28,1,0,1,0.12,0.01,0.0,0.01,0.1,0.9,-1.2,0.0,0,0,1,0,0.675,0.2
485,3,-0.23562303185462952,-0.31114718317985535,0.5153290033340454,5.870516821672385,5.852645948598917,1,0,1,0.12,0.01,0.0,0.01,0.1,0.9,-1.2,0.0,0,0,1,0,0.675,0.2
485,4,-0.5503631234169006,0.3761792778968811,-0.21820145845413208,5.773114606889601,6.17341651007283,1,0,1,0.12,0.01,0.0,0.01,0.1,0.9,-1.2,0.0,0,0,1,0,0.675,0.2
485,5,0.03014259785413742,0.382720410823822,-0.26974132657051086,6.0594461701617774,6.044904605318492,1,0,1,0.12,0.01,0.0,0.01,0.1,0.9,-1.2,0.0,0,0,1,0,0.675,0.2
485,6,-0.600070595741272,-0.02610274776816368,0.2714232802391052,5.940276974285911,5.719265079652,1,0,1,0.12,0.01,0.0,0.01,0.1,0.9,-1.2,0.0,0,0,1,0,0.675,0.2
485,7,-1.1197137832641602,0.21556060016155243,3.023751735687256,0.20671784548991368,0.17018613548046901,0,0,0,0.12,0.01,0.0,0.01,0.1,0.9,-1.2,0.0,0,0,1,0,0.675,0.2
486,0,-0.05172615125775337,0.051339708268642426,0.2660501003265381,6.021082028195936,5.834262326910417,1,0,1,0.12,0.01,0.0,0.01,0.1,0.9,-1.2,0.0,0,0,1,0,0.675,0.2
486,1,-0.9212034344673157,-0.35362666845321655,0.40610116720199585,5.874239090995396,5.786399688406381,1,0,1,0.12,0.01,0.0,0.01,0.1,0.9,-1.2,0.0,0,0,1,0,0.675,0.2
486,2,0.4293256402015686,0.06573488563299179,0.416674941778183,6.19425672390741,6.28,1,0,1,0.12,0.01,0.0,0.01,0.1,0.9,-1.2,0.0,0,0,1,0,0.675,0.2
486,3,-0.22541439533233643,-0.305370956659317,0.514499306678772,5.866320227481371,5.851436371706478,1,0,1,0.12,0.01,0.0,0.01,0.1,0.9,-1.2,0.0,0,0,1,0,0.675,0.2
486,4,-0.5386810898780823,0.37370550632476807,-0.1990332007408142,5.76291858352813,6.056142546757133,1,0,1,0.12,0.01,0.0,0.01,0.1,0.9,-1.2,0.0,0,0,1,0,0.675,0.2
486,5,0.04183061793446541,0.3794826567173004,-0.27068158984184265,6.046631144334758,6.038489205787693,1,0,1,0.12,0.01,0.0,0.01,0.1,0.9,-1.2,0.0,0,0,1,0,0.675,0.2
486,6,-0.5887802839279175,-0.023025672882795334,0.2608211934566498,5.8983788007624565,5.7249450272194915,1,0,1,0.12,0.01,0.0,0.01,0.1,0.9,-1.2,0.0,0,0,1,0,0.675,0.2
486,7,-1.1201395988464355,0.2156113088130951,3.0223658084869385,0.9693369856049977,-0.7719335248639547,0,0,0,0.12,0.01,0.0,0.01,0.1,0.9,-1.2,0.0,0,0,1,0,0.675,0.2
487,0,-0.040256720036268234,0.054417625069618225,0.2582385838031769,6.000821443737171,5.8381716734760785,1,0,1,0.12,0.01,0.0,0.01,0.1,0.9,-1.2,0.0,0,0,1,0,0.675,0.2
487,1,-0.9104775190353394,-0.3490438461303711,0.4015842080116272,5.860867446441851,5.795893156747615,1,0,1,0.12,0.01,0.0,0.01,0.1,0.9,-1.2,0.0,0,0,1,0,0.675,0.2
487,2,0.44071051478385925,0.07079719752073288,0.420195609331131,6.203823651699651,6.28,1,0,1,0.12,0.01,0.0,0.01,0.1,0.9,-1.2,0.0,0,0,1,0,0.675,0.2
487,3,-0.2152061015367508,-0.2996048927307129,0.5138350129127502,5.862541243920801,5.849728509296897,1,0,1,0.12,0.01,0.0,0.01,0.1,0.9,-1.2,0.0,0,0,1,0,0.675,0.2
487,4,-0.5269550085067749,0.3714323341846466,-0.18412858247756958,5.804582005862037,6.018954360362252,1,0,1,0.12,0.01,0.0,0.01,0.1,0.9,-1.2,0.0,0,0,1,0,0.675,0.2
487,5,0.0534970797598362,0.37624141573905945,-0.27125754952430725,6.035141158586855,6.0311113114296235,1,0,1,0.12,0.01,0.0,0.01,0.1,0.9,-1.2,0.0,0,0,1,0,0.675,0.2
487,6,-0.5774962306022644,-0.02006368525326252,0.25264811515808105,5.8637266023904555,5.7248593107908485,1,0,1,0.12,0.01,0.0,0.01,0.1,0.9,-1.2,0.0,0,0,1,0,0.675,0.2
487,7,-1.120522379875183,0.21565738320350647,3.0210587978363037,0.9167926727915071,-0.7410477071190142,0,0,0,0.12,0.01,0.0,0.01,0.1,0.9,-1.2,0.0,0,0,1,0,0.675,0.2
488,0,-0.028781214728951454,0.05740808695554733,0.2514992356300354,5.982780034667763,5.840166841619697,1,0,1,0.12,0.01,0.0,0.01,0.1,0.9,-1.2,0.0,0,0,1,0,0.675,0.2
488,1,-0.8997363448143005,-0.34450381994247437,0.3982979357242584,5.850745556679269,5.801745446595648,1,0,1,0.12,0.01,0.0,0.01,0.1,0.9,-1.2,0.0,0,0,1,0,0.675,0.2
488,2,0.4520898461341858,0.07590218633413315,0.4232862591743469,6.2112440470007275,6.28,1,0,1,0.12,0.01,0.0,0.01,0.1,0.9,-1.2,0.0,0,0,1,0,0.675,0.2
488,3,-0.20499904453754425,-0.2938476502895355,0.5132835507392883,5.859030371794548,5.847693646063956,1,0,1,0.12,0.01,0.0,0.01,0.1,0.9,-1.2,0.0,0,0,1,0,0.675,0.2
488,4,-0.5152996778488159,0.369329571723938,-0.17314468324184418,5.834061906222914,5.99104846965828,1,0,1,0.12,0.01,0.0,0.01,0.1,0.9,-1.2,0.0,0,0,1,0,0.675,0.2
488,5,0.06514343619346619,0.3730001449584961,-0.27158963680267334,6.024496570932265,6.022989734304551,1,0,1,0.12,0.01,0.0,0.01,0.1,0.9,-1.2,0.0,0,0,1,0,0.675,0.2
488,6,-0.5662259459495544,-0.017192691564559937,0.2462608963251114,5.7712626489927255,5.700490426726154,1,0,1,0.12,0.01,0.0,0.01,0.1,0.9,-1.2,0.0,0,0,1,0,0.675,0.2
488,7,-1.120754361152649,0.21568575501441956,2.9718916416168213,0.0,0.0,0,0,0,0.12,0.01,0.0,0.01,0.1,0.9,-1.2,0.0,0,0,1,0,0.675,0.2
489,0,-0.017303066328167915,0.06032225862145424,0.2456376552581787,5.9666299191149035,5.840805340108081,1,0,1,0.12,0.01,0.0,0.01,0.1,0.9,-1.2,0.0,0,0,1,0,0.675,0.2
489,1,-0.8889857530593872,-0.33999577164649963,0.3958726227283478,5.842914796133398,5.80505862210238,1,0,1,0.12,0.01,0.0,0.01,0.1,0.9,-1.2,0.0,0,0,1,0,0.675,0.2
489,2,0.46346336603164673,0.08104445040225983,0.4260275065898895,6.216594185999738,6.28,1,0,1,0.12,0.01,0.0,0.01,0.1,0.9,-1.2,0.0,0,0,1,0,0.675,0.2
489,3,-0.19479379057884216,-0.2880983352661133,0.5128096342086792,5.855690928980769,5.845451024487553,1,0,1,0.12,0.01,0.0,0.01,0.1,0.9,-1.2,0.0,0,0,1,0,0.675,0.2
489,4,-0.5036459565162659,0.3673408329486847,-0.16511566936969757,5.854623383680074,5.970416599115642,1,0,1,0.12,0.01,0.0,0.01,0.1,0.9,-1.2,0.0,0,0,1,0,0.675,0.2
489,5,0.07677069306373596,0.36976104974746704,-0.27176299691200256,6.01454607928138,6.014476286527106,1,0,1,0.12,0.01,0.0,0.01,0.1,0.9,-1.2,0.0,0,0,1,0,0.675,0.2
489,6,-0.5549732446670532,-0.014394699595868587,0.24117261171340942,5.7567395778197294,5.697126844356629,1,0,1,0.12,0.01,0.0,0.01,0.1,0.9,-1.2,0.0,0,0,1,0,0.675,0.2
489,7,-1.1209344863891602,0.21571891009807587,2.9129958152770996,0.0,0.0,0,0,0,0.12,0.01,0.0,0.01,0.1,0.9,-1.2,0.0,0,0,1,0,0.675,0.2
490,0,-0.00582469766959548,0.06316924840211868,0.24049168825149536,5.951932354548743,5.8404078197686164,1,0,1,0.12,0.01,0.0,0.01,0.1,0.9,-1.2,0.0,0,0,1,0,0.675,0.2
490,1,-0.8782294988632202,-0.33551207184791565,0.3940501809120178,5.836629539592789,5.806432277099561,1,0,1,0.12,0.01,0.0,0.01,0.1,0.9,-1.2,0.0,0,0,1,0,0.675,0.2
490,2,0.47483059763908386,0.08621952682733536,0.4284956753253937,6.219907061159781,6.28,1,0,1,0.12,0.01,0.0,0.01,0.1,0.9,-1.2,0.0,0,0,1,0,0.675,0.2
490,3,-0.18459077179431915,-0.28235626220703125,0.5123883485794067,5.852429347842042,5.843084794671232,1,0,1,0.12,0.01,0.0,0.01,0.1,0.9,-1.2,0.0,0,0,1,0,0.675,0.2
490,4,-0.4919763207435608,0.36543238162994385,-0.15925371646881104,5.868942658300392,5.9553584951210095,1,0,1,0.12,0.01,0.0,0.01,0.1,0.9,-1.2,0.0,0,0,1,0,0.675,0.2
490,5,0.08837944269180298,0.36652565002441406,-0.27183711528778076,6.005154004380697,6.00579122634173,1,0,1,0.12,0.01,0.0,0.01,0.1,0.9,-1.2,0.0,0,0,1,0,0.675,0.2
490,6,-0.543806254863739,-0.011667908169329166,0.2382439374923706,5.748228180319766,5.688612711518306,1,0,1,0.12,0.01,0.0,0.01,0.1,0.9,-1.2,0.0,0,0,1,0,0.675,0.2
490,7,-1.120969295501709,0.21572744846343994,2.901353597640991,0.0,0.0,0,0,0,0.12,0.01,0.0,0.01,0.1,0.9,-1.2,0.0,0,0,1,0,0.675,0.2
491,0,0.005652145948261023,0.06595686078071594,0.23596049845218658,5.9386036090478935,5.8393129713907195,1,0,1,0.12,0.01,0.0,0.01,0.1,0.9,-1.2,0.0,0,0,1,0,0.675,0.2
491,1,-0.8674701452255249,-0.3310473561286926,0.3926473557949066,5.831475728417991,5.806560910080314,1,0,1,0.12,0.01,0.0,0.01,0.1,0.9,-1.2,0.0,0,0,1,0,0.675,0.2
491,2,0.4861907362937927,0.09142384678125381,0.430763840675354,6.221171609162456,6.28,1,0,1,0.12,0.01,0.0,0.01,0.1,0.9,-1.2,0.0,0,0,1,0,0.675,0.2
491,3,-0.1743902862071991,-0.276621013879776,0.5120055675506592,5.849220978164292,5.840638263082885,1,0,1,0.12,0.01,0.0,0.01,0.1,0.9,-1.2,0.0,0,0,1,0,0.675,0.2
491,4,-0.48029688000679016,0.3635830283164978,-0.15495628118515015,5.8788276494820355,5.944360506407475,1,0,1,0.12,0.01,0.0,0.01,0.1,0.9,-1.2,0.0,0,0,1,0,0.675,0.2
491,5,0.09997019916772842,0.3632947504520416,-0.2718532383441925,5.996216738857512,5.997082924209352,1,0,1,0.12,0.01,0.0,0.01,0.1,0.9,-1.2,0.0,0,0,1,0,0.675,0.2
491,6,-0.5326696038246155,-0.008975911885499954,0.23611220717430115,5.74191499059229,5.678417590212533,1,0,1,0.12,0.01,0.0,0.01,0.1,0.9,-1.2,0.0,0,0,1,0,0.675,0.2
491,7,-1.1209691762924194,0.21572770178318024,2.9013636112213135,0.0,0.0,0,0,0,0.12,0.01,0.0,0.01,0.1,0.9,-1.2,0.0,0,0,1,0,0.675,0.2
492,0,0.017126061022281647,0.06869176030158997,0.23195351660251617,5.92649880128443,5.83776020926893,1,0,1,0.12,0.01,0.0,0.01,0.1,0.9,-1.2,0.0,0,0,1,0,0.675,0.2
492,1,-0.8567097187042236,-0.32659801840782166,0.3915320336818695,5.827111038403253,5.805867698951024,1,0,1,0.12,0.01,0.0,0.01,0.1,0.9,-1.2,0.0,0,0,1,0,0.675,0.2
492,2,0.49754273891448975,0.09665466099977493,0.4329034388065338,6.2203277554985155,6.28,1,0,1,0.12,0.01,0.0,0.01,0.1,0.9,-1.2,0.0,0,0,1,0,0.675,0.2
492,3,-0.1641925722360611,-0.2708922326564789,0.5116561055183411,5.846070750890468,5.838139162124896,1,0,1,0.12,0.01,0.0,0.01,0.1,0.9,-1.2,0.0,0,0,1,0,0.675,0.2
492,4,-0.46861112117767334,0.36177748441696167,-0.1517583727836609,5.885684828184308,5.936235596515473,1,0,1,0.12,0.01,0.0,0.01,0.1,0.9,-1.2,0.0,0,0,1,0,0.675,0.2
492,5,0.11154351383447647,0.36006879806518555,-0.27183598279953003,5.987688880512234,5.98846103613663,1,0,1,0.12,0.01,0.0,0.01,0.1,0.9,-1.2,0.0,0,0,1,0,0.675,0.2
492,6,-0.5215441584587097,-0.006310726050287485,0.2340252548456192,5.735669848156903,5.66854979412463,1,0,1,0.12,0.01,0.0,0.01,0.1,0.9,-1.2,0.0,0,0,1,0,0.675,0.2
492,7,-1.1209691762924194,0.2157277762889862,2.901366949081421,0.0,0.0,0,0,0,0.12,0.01,0.0,0.01,0.1,0.9,-1.2,0.0,0,0,1,0,0.675,0.2
493,0,0.028596103191375732,0.07137976586818695,0.22838595509529114,5.915443687462071,5.835939527726907,1,0,1,0.12,0.01,0.0,0.01,0.1,0.9,-1.2,0.0,0,0,1,0,0.675,0.2
493,1,-0.8459494709968567,-0.3221614360809326,0.39061498641967773,5.82328473699778,5.804599770181479,1,0,1,0.12,0.01,0.0,0.01,0.1,0.9,-1.2,0.0,0,0,1,0,0.675,0.2
493,2,0.5088852047920227,0.1019100546836853,0.4349862337112427,6.21726295030272,6.28,1,0,1,0.12,0.01,0.0,0.01,0.1,0.9,-1.2,0.0,0,0,1,0,0.675,0.2
493,3,-0.15399786829948425,-0.265169620513916,0.5113366842269897,5.842987041916067,5.835613895211999,1,0,1,0.12,0.01,0.0,0.01,0.1,0.9,-1.2,0.0,0,0,1,0,0.675,0.2
493,4,-0.4569213092327118,0.36000490188598633,-0.1493166983127594,5.890559724392554,5.93010781067405,1,0,1,0.12,0.01,0.0,0.01,0.1,0.9,-1.2,0.0,0,0,1,0,0.675,0.2
493,5,0.12309985607862473,0.356847882270813,-0.27180230617523193,5.979548643177291,5.980015029365281,1,0,1,0.12,0.01,0.0,0.01,0.1,0.9,-1.2,0.0,0,0,1,0,0.675,0.2
493,6,-0.5104291439056396,-0.003673064522445202,0.23180949687957764,5.729002668670333,5.65949001986631,1,0,1,0.12,0.01,0.0,0.01,0.1,0.9,-1.2,0.0,0,0,1,0,0.675,0.2
493,7,-1.1209690570831299,0.2157278060913086,2.9013679027557373,0.0,0.0,0,0,0,0.12,0.01,0.0,0.01,0.1,0.9,-1.2,0.0,0,0,1,0,0.675,0.2
494,0,0.040061697363853455,0.07402590662240982,0.22519460320472717,5.905313106239824,5.833977734683962,1,0,1,0.12,0.01,0.0,0.01,0.1,0.9,-1.2,0.0,0,0,1,0,0.675,0.2
494,1,-0.8351901769638062,-0.317735880613327,0.3898369371891022,5.819829207864838,5.802920448573989,1,0,1,0.12,0.01,0.0,0.01,0.1,0.9,-1.2,0.0,0,0,1,0,0.675,0.2
494,2,0.5202163457870483,0.107188880443573,0.43708595633506775,6.211795037199905,6.28,1,0,1,0.12,0.01,0.0,0.01,0.1,0.9,-1.2,0.0,0,0,1,0,0.675,0.2
494,3,-0.1438063085079193,-0.2594529390335083,0.5110418796539307,5.839968725568481,5.833092228048614,1,0,1,0.12,0.01,0.0,0.01,0.1,0.9,-1.2,0.0,0,0,1,0,0.675,0.2
494,4,-0.4452289342880249,0.3582574129104614,-0.14743611216545105,5.894031641473808,5.925481888065301,1,0,1,0.12,0.01,0.0,0.01,0.1,0.9,-1.2,0.0,0,0,1,0,0.675,0.2
494,5,0.13463972508907318,0.35363197326660156,-0.27176910638809204,5.97177225532042,5.971830515246519,1,0,1,0.12,0.01,0.0,0.01,0.1,0.9,-1.2,0.0,0,0,1,0,0.675,0.2
494,6,-0.49932387471199036,-0.001064476789906621,0.22946451604366302,5.721909766207553,5.651243048597953,1,0,1,0.12,0.01,0.0,0.01,0.1,0.9,-1.2,0.0,0,0,1,0,0.675,0.2
494,7,-1.1209690570831299,0.2157278209924698,2.9013683795928955,0.0,0.0,0,0,0,0.12,0.01,0.0,0.01,0.1,0.9,-1.2,0.0,0,0,1,0,0.675,0.2
495,0,0.05152251571416855,0.07663456350564957,0.22234103083610535,5.896044397937061,5.831931521905659,1,0,1,0.12,0.01,0.0,0.01,0.1,0.9,-1.2,0.0,0,0,1,0,0.675,0.2
495,1,-0.824432373046875,-0.3133200705051422,0.3891550302505493,5.816621415172776,5.800946213449278,1,0,1,0.12,0.01,0.0,0.01,0.1,0.9,-1.2,0.0,0,0,1,0,0.675,0.2
495,2,0.5315338373184204,0.11249080300331116,0.43927982449531555,6.2036552738155235,6.28,1,0,1,0.12,0.01,0.0,0.01,0.1,0.9,-1.2,0.0,0,0,1,0,0.675,0.2
495,3,-0.1336180567741394,-0.25374189019203186,0.5107669830322266,5.837016504812896,5.830600309562028,1,0,1,0.12,0.01,0.0,0.01,0.1,0.9,-1.2,0.0,0,0,1,0,0.675,0.2
495,4,-0.4335349202156067,0.35652947425842285,-0.14598529040813446,5.89648306457903,5.922023682905176,1,0,1,0.12,0.01,0.0,0.01,0.1,0.9,-1.2,0.0,0,0,1,0,0.675,0.2
495,5,0.14616364240646362,0.3504208028316498,-0.2717491090297699,5.9643488447259,5.963981725733465,1,0,1,0.12,0.01,0.0,0.01,0.1,0.9,-1.2,0.0,0,0,1,0,0.675,0.2
495,6,-0.4882277548313141,0.0015138580929487944,0.2270311862230301,5.714503588905281,5.643700962135846,1,0,1,0.12,0.01,0.0,0.01,0.1,0.9,-1.2,0.0,0,0,1,0,0.675,0.2
495,7,-1.1209690570831299,0.2157278209924698,2.9013686180114746,0.0,0.0,0,0,0,0.12,0.01,0.0,0.01,0.1,0.9,-1.2,0.0,0,0,1,0,0.675,0.2
496,0,0.06297839432954788,0.07920952886343002,0.21978873014450073,5.88757398680129,5.829856247154093,1,0,1,0.12,0.01,0.0,0.01,0.1,0.9,-1.2,0.0,0,0,1,0,0.675,0.2
496,1,-0.8136764168739319,-0.3089131712913513,0.38853776454925537,5.813572824445581,5.798764735016011,1,0,1,0.12,0.01,0.0,0.01,0.1,0.9,-1.2,0.0,0,0,1,0,0.675,0.2
496,2,0.5428348183631897,0.1178162693977356,0.4416508674621582,6.192451892230964,6.28,1,0,1,0.12,0.01,0.0,0.01,0.1,0.9,-1.2,0.0,0,0,1,0,0.675,0.2
496,3,-0.12343315035104752,-0.24803628027439117,0.5105108022689819,5.834138687522845,5.828152332632107,1,0,1,0.12,0.01,0.0,0.01,0.1,0.9,-1.2,0.0,0,0,1,0,0.675,0.2
496,4,-0.4218398332595825,0.3548169434070587,-0.14483697712421417,5.8982921540682405,5.919408604508152,1,0,1,0.12,0.01,0.0,0.01,0.1,0.9,-1.2,0.0,0,0,1,0,0.675,0.2
496,5,0.15767210721969604,0.34721413254737854,-0.27174508571624756,5.957297122525929,5.956512802791836,1,0,1,0.12,0.01,0.0,0.01,0.1,0.9,-1.2,0.0,0,0,1,0,0.675,0.2
496,6,-0.4771403968334198,0.004061329178512096,0.22454558312892914,5.706884312276743,5.636767056937314,1,0,1,0.12,0.01,0.0,0.01,0.1,0.9,-1.2,0.0,0,0,1,0,0.675,0.2
496,7,-1.1209690570831299,0.2157278209924698,2.9013686180114746,0.0,0.0,0,0,0,0.12,0.01,0.0,0.01,0.1,0.9,-1.2,0.0,0,0,1,0,0.675,0.2
497,0,0.07442931085824966,0.08175414055585861,0.2174910306930542,5.879805096081259,5.827842652210233,1,0,1,0.12,0.01,0.0,0.01,0.1,0.9,-1.2,0.0,0,0,1,0,0.675,0.2
497,1,-0.8029226064682007,-0.304514616727829,0.38796520233154297,5.810627358249706,5.796432984777409,1,0,1,0.12,0.01,0.0,0.01,0.1,0.9,-1.2,0.0,0,0,1,0,0.675,0.2
497,2,0.5541157126426697,0.12316659092903137,0.44429105520248413,6.177620730683674,6.28,1,0,1,0.12,0.01,0.0,0.01,0.1,0.9,-1.2,0.0,0,0,1,0,0.675,0.2
497,3,-0.11325162649154663,-0.24233587086200714,0.510272741317749,5.831343592395494,5.8257583963969255,1,0,1,0.12,0.01,0.0,0.01,0.1,0.9,-1.2,0.0,0,0,1,0,0.675,0.2
497,4,-0.41014403104782104,0.35311686992645264,-0.14388428628444672,5.899781881534912,5.917367221152923,1,0,1,0.12,0.01,0.0,0.01,0.1,0.9,-1.2,0.0,0,0,1,0,0.675,0.2
497,5,0.1691657155752182,0.3440115451812744,-0.27175483107566833,5.950652018122789,5.9494540245007315,1,0,1,0.12,0.01,0.0,0.01,0.1,0.9,-1.2,0.0,0,0,1,0,0.675,0.2
497,6,-0.46606141328811646,0.006577810738235712,0.22204536199569702,5.699160074837648,5.630338901631393,1,0,1,0.12,0.01,0.0,0.01,0.1,0.9,-1.2,0.0,0,0,1,0,0.675,0.2
497,7,-1.1209690570831299,0.2157278209924698,2.9013683795928955,0.0,0.0,0,0,0,0.12,0.01,0.0,0.01,0.1,0.9,-1.2,0.0,0,0,1,0,0.675,0.2
498,0,0.08587532490491867,0.08427134156227112,0.21540988981723785,5.872657250913265,5.825957182494518,1,0,1,0.12,0.01,0.0,0.01,0.1,0.9,-1.2,0.0,0,0,1,0,0.675,0.2
498,1,-0.7921711206436157,-0.30012398958206177,0.38742637634277344,5.807755148046027,5.793982530004967,1,0,1,0.12,0.01,0.0,0.01,0.1,0.9,-1.2,0.0,0,0,1,0,0.675,0.2
498,2,0.5653719902038574,0.12854395806789398,0.4473055601119995,6.15834121561759,6.28,1,0,1,0.12,0.01,0.0,0.01,0.1,0.9,-1.2,0.0,0,0,1,0,0.675,0.2
498,3,-0.10307347029447556,-0.23664043843746185,0.5100494027137756,5.82862987846365,5.823435786066149,1,0,1,0.12,0.01,0.0,0.01,0.1,0.9,-1.2,0.0,0,0,1,0,0.675,0.2
498,4,-0.3984476327896118,0.35142695903778076,-0.14309556782245636,5.901035224207964,5.915826718202505,1,0,1,0.12,0.01,0.0,0.01,0.1,0.9,-1.2,0.0,0,0,1,0,0.675,0.2
498,5,0.18064509332180023,0.34081271290779114,-0.2717798352241516,5.94442957908631,5.9428363713550505,1,0,1,0.12,0.01,0.0,0.01,0.1,0.9,-1.2,0.0,0,0,1,0,0.675,0.2
498,6,-0.4549905061721802,0.009063536301255226,0.2195703238248825,5.691448566967972,5.624308022206298,1,0,1,0.12,0.01,0.0,0.01,0.1,0.9,-1.2,0.0,0,0,1,0,0.675,0.2
498,7,-1.1209690570831299,0.2157278209924698,2.9013683795928955,0.0,0.0,0,0,0,0.12,0.01,0.0,0.01,0.1,0.9,-1.2,0.0,0,0,1,0,0.675,0.2
499,0,0.09731660038232803,0.08676376938819885,0.2135315239429474,5.866114846574112,5.824198440505222,1,0,1,0.12,0.01,0.0,0.01,0.1,0.9,-1.2,0.0,0,0,1,0,0.675,0.2
499,1,-0.7814221978187561,-0.2957409918308258,0.3869125247001648,5.804933192446117,5.791440395400639,1,0,1,0.12,0.01,0.0,0.01,0.1,0.9,-1.2,0.0,0,0,1,0,0.675,0.2
499,2,0.5765981078147888,0.13395152986049652,0.45081827044487,6.1333954577676915,6.28,1,0,1,0.12,0.01,0.0,0.01,0.1,0.9,-1.2,0.0,0,0,1,0,0.675,0.2
499,3,-0.09289862215518951,-0.2309497743844986,0.50983726978302,5.825994574131579,5.821201480327039,1,0,1,0.12,0.01,0.0,0.01,0.1,0.9,-1.2,0.0,0,0,1,0,0.675,0.2
499,4,-0.3867506682872772,0.349745512008667,-0.142455592751503,5.902086469818236,5.914757010053513,1,0,1,0.12,0.01,0.0,0.01,0.1,0.9,-1.2,0.0,0,0,1,0,0.675,0.2
499,5,0.19211098551750183,0.33761724829673767,-0.2718236744403839,5.938633431275127,5.936689864318134,1,0,1,0.12,0.01,0.0,0.01,0.1,0.9,-1.2,0.0,0,0,1,0,0.675,0.2
499,6,-0.44392746686935425,0.011518999002873898,0.21714410185813904,5.683822633662665,5.618609106204067,1,0,1,0.12,0.01,0.0,0.01,0.1,0.9,-1.2,0.0,0,0,1,0,0.675,0.2
499,7,-1.1209690570831299,0.2157278209924698,2.9013686180114746,0.0,0.0,0,0,0,0.12,0.01,0.0,0.01,0.1,0.9,-1.2,0.0,0,0,1,0,0.675,0.2
500,0,0.10875333100557327,0.08923383057117462,0.21184922754764557,5.8601731210767465,5.822541266697719,1,0,1,0.12,0.01,0.0,0.01,0.1,0.9,-1.2,0.0,0,0,1,0,0.675,0.2
500,1,-0.7706760168075562,-0.29136544466018677,0.3864145576953888,5.802137062483448,5.788834824628215,1,0,1,0.12,0.01,0.0,0.01,0.1,0.9,-1.2,0.0,0,0,1,0,0.675,0.2
500,2,0.5877870917320251,0.1393936425447464,0.4549797773361206,6.1009220083627005,6.28,1,0,1,0.12,0.01,0.0,0.01,0.1,0.9,-1.2,0.0,0,0,1,0,0.675,0.2
500,3,-0.08272702246904373,-0.22526367008686066,0.5096368789672852,5.8234453691436086,5.81905810103881,1,0,1,0.12,0.01,0.0,0.01,0.1,0.9,-1.2,0.0,0,0,1,0,0.675,0.2
500,4,-0.3750530481338501,0.3480711281299591,-0.1419224888086319,5.903060852667597,5.914059431174489,1,0,1,0.12,0.01,0.0,0.01,0.1,0.9,-1.2,0.0,0,0,1,0,0.675,0.2
500,5,0.2035641372203827,0.3344247043132782,-0.27188438177108765,5.933278950026625,5.931023565956955,1,0,1,0.12,0.01,0.0,0.01,0.1,0.9,-1.2,0.0,0,0,1,0,0.675,0.2
500,6,-0.43287205696105957,0.013944866135716438,0.21476952731609344,5.676295757596379,5.61323191940319,1,0,1,0.12,0.01,0.0,0.01,0.1,0.9,-1.2,0.0,0,0,1,0,0.675,0.2
500,7,-1.1209690570831299,0.2157278209924698,2.9013686180114746,0.0,0.0,0,0,0,0.12,0.01,0.0,0.01,0.1,0.9,-1.2,0.0,0,0,1,0,0.675,0.2
501,0,0.1201857402920723,0.0916837602853775,0.21034091711044312,6.0465647941285825,5.525338673049762,1,0,1,0.12,0.01,0.0,0.01,0.1,0.9,-1.2,0.0,0,0,1,0,0.675,0.2
501,1,-0.7599325776100159,-0.2869972288608551,0.3859263062477112,5.799351486422509,5.78618609621337,1,0,1,0.12,0.01,0.0,0.01,0.1,0.9,-1.2,0.0,0,0,1,0,0.675,0.2
501,2,0.5989298820495605,0.14487585425376892,0.45998072624206543,6.0788493617399215,6.28,1,0,1,0.12,0.01,0.0,0.01,0.1,0.9,-1.2,0.0,0,0,1,0,0.675,0.2
501,3,-0.07255858182907104,-0.21958191692829132,0.5094512701034546,5.8209984565818935,5.817001882687744,1,0,1,0.12,0.01,0.0,0.01,0.1,0.9,-1.2,0.0,0,0,1,0,0.675,0.2
501,4,-0.3633546531200409,0.346402645111084,-0.14144912362098694,5.904105131032316,5.913622956273707,1,0,1,0.12,0.01,0.0,0.01,0.1,0.9,-1.2,0.0,0,0,1,0,0.675,0.2
501,5,0.21500538289546967,0.33123472332954407,-0.2719556391239166,5.92839113065367,5.925827292712876,1,0,1,0.12,0.01,0.0,0.01,0.1,0.9,-1.2,0.0,0,0,1,0,0.675,0.2
501,6,-0.42182406783103943,0.01634191907942295,0.21245044469833374,5.668885674491767,5.608163777574653,1,0,1,0.12,0.01,0.0,0.01,0.1,0.9,-1.2,0.0,0,0,1,0,0.675,0.2
501,7,-1.1209690570831299,0.2157278209924698,2.9013686180114746,0.0,0.0,0,0,0,0.12,0.01,0.0,0.01,0.1,0.9,-1.2,0.0,0,0,1,0,0.675,0.2
502,0,0.1316141039133072,0.09411562234163284,0.20897866785526276,6.042455480175747,5.524514748973117,1,0,1,0.12,0.01,0.0,0.01,0.1,0.9,-1.2,0.0,0,0,1,0,0.675,0.2
502,1,-0.7491921186447144,-0.28263622522354126,0.3854462504386902,5.796573999871749,5.783501860151748,1,0,1,0.12,0.01,0.0,0.01,0.1,0.9,-1.2,0.0,0,0,1,0,0.675,0.2
502,2,0.6100147366523743,0.15040521323680878,0.46607327461242676,6.015314412436043,6.28,1,0,1,0.12,0.01,0.0,0.01,0.1,0.9,-1.2,0.0,0,0,1,0,0.675,0.2
502,3,-0.06239322945475578,-0.2139042764902115,0.5092813372612,5.818661892580804,5.8150340674640555,1,0,1,0.12,0.01,0.0,0.01,0.1,0.9,-1.2,0.0,0,0,1,0,0.675,0.2
502,4,-0.3516552746295929,0.34473925828933716,-0.14102765917778015,5.905239728918941,5.913438128599256,1,0,1,0.12,0.01,0.0,0.01,0.1,0.9,-1.2,0.0,0,0,1,0,0.675,0.2
502,5,0.2264356017112732,0.3280468285083771,-0.2720359265804291,5.923965834634399,5.9210912058185565,1,0,1,0.12,0.01,0.0,0.01,0.1,0.9,-1.2,0.0,0,0,1,0,0.675,0.2
502,6,-0.4107832908630371,0.01871103048324585,0.21020536124706268,5.661653612928451,5.603348645193516,1,0,1,0.12,0.01,0.0,0.01,0.1,0.9,-1.2,0.0,0,0,1,0,0.675,0.2
502,7,-1.1209690570831299,0.2157278209924698,2.9013683795928955,0.0,0.0,0,0,0,0.12,0.01,0.0,0.01,0.1,0.9,-1.2,0.0,0,0,1,0,0.675,0.2
503,0,0.14296823740005493,0.09646335989236832,0.1939687430858612,6.006735019792424,5.573165751587046,1,0,1,0.12,0.01,0.0,0.01,0.1,0.9,-1.2,0.0,0,0,1,0,0.675,0.2
503,1,-0.7384546399116516,-0.27828240394592285,0.3849731385707855,5.793804274946467,5.780789984315617,1,0,1,0.12,0.01,0.0,0.01,0.1,0.9,-1.2,0.0,0,0,1,0,0.675,0.2
503,2,0.6210416555404663,0.15599599480628967,0.4730149209499359,5.92352689573279,6.28,1,0,1,0.12,0.01,0.0,0.01,0.1,0.9,-1.2,0.0,0,0,1,0,0.675,0.2
503,3,-0.05223088711500168,-0.20823051035404205,0.5091249942779541,5.816263681126978,5.812967414187047,1,0,1,0.12,0.01,0.0,0.01,0.1,0.9,-1.2,0.0,0,0,1,0,0.675,0.2
503,4,-0.3399547040462494,0.34308022260665894,-0.1406751573085785,5.906359810730489,5.91351733694407,1,0,1,0.12,0.01,0.0,0.01,0.1,0.9,-1.2,0.0,0,0,1,0,0.675,0.2
503,5,0.23785565793514252,0.32486066222190857,-0.2721300721168518,5.920140782235755,5.9169798699630345,1,0,1,0.12,0.01,0.0,0.01,0.1,0.9,-1.2,0.0,0,0,1,0,0.675,0.2
503,6,-0.3997495770454407,0.02105317823588848,0.20805047452449799,5.654603074891671,5.598702598707571,1,0,1,0.12,0.01,0.0,0.01,0.1,0.9,-1.2,0.0,0,0,1,0,0.675,0.2
503,7,-1.1209690570831299,0.2157278209924698,2.9013686180114746,0.0,0.0,0,0,0,0.12,0.01,0.0,0.01,0.1,0.9,-1.2,0.0,0,0,1,0,0.675,0.2
504,0,0.15433849394321442,0.09859599173069,0.1755821406841278,5.961611364656294,5.635004694885408,1,0,1,0.12,0.01,0.0,0.01,0.1,0.9,-1.2,0.0,0,0,1,0,0.675,0.2
504,1,-0.7277202010154724,-0.2739357352256775,0.38450291752815247,5.791032260085115,5.7780644839754025,1,0,1,0.12,0.01,0.0,0.01,0.1,0.9,-1.2,0.0,0,0,1,0,0.675,0.2
504,2,0.6319762468338013,0.1616460233926773,0.48190245032310486,5.787621949883357,6.28,1,0,1,0.12,0.01,0.0,0.01,0.1,0.9,-1.2,0.0,0,0,1,0,0.675,0.2
504,3,-0.04207148030400276,-0.20256036520004272,0.508982241153717,5.789133736549678,5.782777985871968,1,0,1,0.12,0.01,0.0,0.01,0.1,0.9,-1.2,0.0,0,0,1,0,0.675,0.2
504,4,-0.3282526433467865,0.34142494201660156,-0.14038288593292236,5.907716442472697,5.914069692962405,1,0,1,0.12,0.01,0.0,0.01,0.1,0.9,-1.2,0.0,0,0,1,0,0.675,0.2
504,5,0.24926643073558807,0.3216758668422699,-0.2722399830818176,5.930049729372623,5.927202331994412,1,0,1,0.12,0.01,0.0,0.01,0.1,0.9,-1.2,0.0,0,0,1,0,0.675,0.2
504,6,-0.3887227475643158,0.023369427770376205,0.20598237216472626,5.647769780350951,5.594284145640108,1,0,1,0.12,0.01,0.0,0.01,0.1,0.9,-1.2,0.0,0,0,1,0,0.675,0.2
504,7,-1.1209690570831299,0.2157278209924698,2.9013686180114746,0.0,0.0,0,0,0,0.12,0.01,0.0,0.01,0.1,0.9,-1.2,0.0,0,0,1,0,0.675,0.2
505,0,0.16575364768505096,0.10052802413702011,0.1596788465976715,5.920868303066305,5.689426187986321,1,0,1,0.12,0.01,0.0,0.01,0.1,0.9,-1.2,0.0,0,0,1,0,0.675,0.2
505,1,-0.7169888019561768,-0.269596129655838,0.38403210043907166,5.7882502661721285,5.775338502071662,1,0,1,0.12,0.01,0.0,0.01,0.1,0.9,-1.2,0.0,0,0,1,0,0.675,0.2
505,2,0.6427766680717468,0.16736681759357452,0.49383828043937683,5.5710165974169845,6.28,1,0,1,0.12,0.01,0.0,0.01,0.1,0.9,-1.2,0.0,0,0,1,0,0.675,0.2
505,3,-0.03191518783569336,-0.19689375162124634,0.5088545680046082,5.784532341449935,5.778329995185654,1,0,1,0.12,0.01,0.0,0.01,0.1,0.9,-1.2,0.0,0,0,1,0,0.675,0.2
505,4,-0.3165489733219147,0.3397728204727173,-0.1401163935661316,5.909462490792293,5.915057262663823,1,0,1,0.12,0.01,0.0,0.01,0.1,0.9,-1.2,0.0,0,0,1,0,0.675,0.2
505,5,0.2606689929962158,0.31849193572998047,-0.272360622882843,5.927684158264693,5.9246386287817385,1,0,1,0.12,0.01,0.0,0.01,0.1,0.9,-1.2,0.0,0,0,1,0,0.675,0.2
505,6,-0.3777027428150177,0.025660866871476173,0.2039915919303894,5.641152226307818,5.590122855326703,1,0,1,0.12,0.01,0.0,0.01,0.1,0.9,-1.2,0.0,0,0,1,0,0.675,0.2
505,7,-1.1209690570831299,0.2157278209924698,2.9013686180114746,0.0,0.0,0,0,0,0.12,0.01,0.0,0.01,0.1,0.9,-1.2,0.0,0,0,1,0,0.675,0.2
506,0,0.1772104799747467,0.10229912400245667,0.1474815458059311,5.887894332818645,5.732261508293492,1,0,1,0.12,0.01,0.0,0.01,0.1,0.9,-1.2,0.0,0,0,1,0,0.675,0.2
506,1,-0.7062604427337646,-0.2652636468410492,0.3835616707801819,5.785463474855075,5.772613055839885,1,0,1,0.12,0.01,0.0,0.01,0.1,0.9,-1.2,0.0,0,0,1,0,0.675,0.2
506,2,0.6533856987953186,0.17317555844783783,0.5102560520172119,5.180006436932246,6.28,1,0,1,0.12,0.01,0.0,0.01,0.1,0.9,-1.2,0.0,0,0,1,0,0.675,0.2
506,3,-0.0217988733202219,-0.1912514567375183,0.5086458325386047,5.779589122524925,5.774111592778495,1,0,1,0.12,0.01,0.0,0.01,0.1,0.9,-1.2,0.0,0,0,1,0,0.675,0.2
506,4,-0.30484312772750854,0.3381234407424927,-0.13986438512802124,5.911635306241114,5.916461724279323,1,0,1,0.12,0.01,0.0,0.01,0.1,0.9,-1.2,0.0,0,0,1,0,0.675,0.2
506,5,0.27208518981933594,0.3153027296066284,-0.27247199416160583,5.925173288194721,5.921824360282831,1,0,1,0.12,0.01,0.0,0.01,0.1,0.9,-1.2,0.0,0,0,1,0,0.675,0.2
506,6,-0.36668941378593445,0.027928581461310387,0.20208387076854706,5.634738003447003,5.586214775607638,1,0,1,0.12,0.01,0.0,0.01,0.1,0.9,-1.2,0.0,0,0,1,0,0.675,0.2
506,7,-1.1209690570831299,0.2157278209924698,2.9013683795928955,0.0,0.0,0,0,0,0.12,0.01,0.0,0.01,0.1,0.9,-1.2,0.0,0,0,1,0,0.675,0.2
507,0,0.18869930505752563,0.10395178943872452,0.13877138495445251,5.862606509418959,5.7643201213164375,1,0,1,0.12,0.01,0.0,0.01,0.1,0.9,-1.2,0.0,0,0,1,0,0.675,0.2
507,1,-0.6955351233482361,-0.26093825697898865,0.38309454917907715,5.782683118694973,5.769884244090365,1,0,1,0.12,0.01,0.0,0.01,0.1,0.9,-1.2,0.0,0,0,1,0,0.675,0.2
507,2,0.6637064814567566,0.17908944189548492,0.5337483286857605,4.324755113051006,6.28,1,0,1,0.12,0.01,0.0,0.01,0.1,0.9,-1.2,0.0,0,0,1,0,0.675,0.2
507,3,-0.011697602458298206,-0.18562066555023193,0.5084176659584045,5.7765215258402725,5.767286070127973,1,0,1,0.12,0.01,0.0,0.01,0.1,0.9,-1.2,0.0,0,0,1,0,0.675,0.2
507,4,-0.2931343913078308,0.33647632598876953,-0.1396491527557373,5.870211681866994,5.876466551279672,1,0,1,0.12,0.01,0.0,0.01,0.1,0.9,-1.2,0.0,0,0,1,0,0.675,0.2
507,5,0.28350111842155457,0.3121122419834137,-0.2725841701030731,5.922287447838071,5.918587700935122,1,0,1,0.12,0.01,0.0,0.01,0.1,0.9,-1.2,0.0,0,0,1,0,0.675,0.2
507,6,-0.3556825816631317,0.03017365373671055,0.20027121901512146,5.6286002804960455,5.582491893557146,1,0,1,0.12,0.01,0.0,0.01,0.1,0.9,-1.2,0.0,0,0,1,0,0.675,0.2
507,7,-1.1209690570831299,0.2157278209924698,2.9013686180114746,0.0,0.0,0,0,0,0.12,0.01,0.0,0.01,0.1,0.9,-1.2,0.0,0,0,1,0,0.675,0.2
508,0,0.20021072030067444,0.10552216321229935,0.13283848762512207,5.843072274735115,5.787463178822852,1,0,1,0.12,0.01,0.0,0.01,0.1,0.9,-1.2,0.0,0,0,1,0,0.675,0.2
508,1,-0.6848129034042358,-0.2566199004650116,0.3826305568218231,5.779910861408101,5.767155886734141,1,0,1,0.12,0.01,0.0,0.01,0.1,0.9,-1.2,0.0,0,0,1,0,0.675,0.2
508,2,0.6735510230064392,0.18511062860488892,0.5698024034500122,1.8898535262821845,6.28,1,0,1,0.12,0.01,0.0,0.01,0.1,0.9,-1.2,0.0,0,0,1,0,0.675,0.2
508,3,-0.0016030758852139115,-0.1799965798854828,0.5082045197486877,5.771693761688945,5.763220880883458,1,0,1,0.12,0.01,0.0,0.01,0.1,0.9,-1.2,0.0,0,0,1,0,0.675,0.2
508,4,-0.2814219892024994,0.3348310887813568,-0.13947951793670654,5.868470434678017,5.8742826686974166,1,0,1,0.12,0.01,0.0,0.01,0.1,0.9,-1.2,0.0,0,0,1,0,0.675,0.2
508,5,0.29491159319877625,0.30892184376716614,-0.2727084457874298,5.918482630425277,5.914450527257141,1,0,1,0.12,0.01,0.0,0.01,0.1,0.9,-1.2,0.0,0,0,1,0,0.675,0.2
508,6,-0.3446820080280304,0.03239714726805687,0.19855083525180817,5.622747131727264,5.578939839162303,1,0,1,0.12,0.01,0.0,0.01,0.1,0.9,-1.2,0.0,0,0,1,0,0.675,0.2
508,7,-1.1209690570831299,0.2157278209924698,2.9013686180114746,0.0,0.0,0,0,0,0.12,0.01,0.0,0.01,0.1,0.9,-1.2,0.0,0,0,1,0,0.675,0.2
509,0,0.21173694729804993,0.10703818500041962,0.12903356552124023,5.826350483817326,5.802269991713297,1,0,1,0.12,0.01,0.0,0.01,0.1,0.9,-1.2,0.0,0,0,1,0,0.675,0.2
509,1,-0.6740937232971191,-0.25230854749679565,0.3821673095226288,5.7771415622761495,5.764437237210011,1,0,1,0.12,0.01,0.0,0.01,0.1,0.9,-1.2,0.0,0,0,1,0,0.675,0.2
509,2,0.6824772953987122,0.19115638732910156,0.6327418684959412,-4.411826754720425,4.482090825946544,1,0,1,0.12,0.01,0.0,0.01,0.1,0.9,-1.2,0.0,0,0,1,0,0.675,0.2
509,3,0.00848426017910242,-0.17437966167926788,0.5078917741775513,5.7666135926074515,5.759597877758073,1,0,1,0.12,0.01,0.0,0.01,0.1,0.9,-1.2,0.0,0,0,1,0,0.675,0.2
509,4,-0.26977312564849854,0.3331970274448395,-0.1392522007226944,5.866886843334894,5.871841262686987,1,0,1,0.12,0.01,0.0,0.01,0.1,0.9,-1.2,0.0,0,0,1,0,0.675,0.2
509,5,0.30631589889526367,0.30573156476020813,-0.27284836769104004,5.912358813230291,5.908033258970483,1,0,1,0.12,0.01,0.0,0.01,0.1,0.9,-1.2,0.0,0,0,1,0,0.675,0.2
509,6,-0.33368751406669617,0.03460010886192322,0.19690647721290588,5.6172185913016355,5.5755988284657425,1,0,1,0.12,0.01,0.0,0.01,0.1,0.9,-1.2,0.0,0,0,1,0,0.675,0.2
509,7,-1.1209690570831299,0.2157278209924698,2.9013686180114746,0.0,0.0,0,0,0,0.12,0.01,0.0,0.01,0.1,0.9,-1.2,0.0,0,0,1,0,0.675,0.2
510,0,0.22327187657356262,0.10852055251598358,0.1268303543329239,5.807006838660831,5.8061570497936055,1,0,1,0.12,0.01,0.0,0.01,0.1,0.9,-1.2,0.0,0,0,1,0,0.675,0.2
510,1,-0.6633776426315308,-0.2480042278766632,0.38170501589775085,5.77437856961742,5.7617322487686575,1,0,1,0.12,0.01,0.0,0.01,0.1,0.9,-1.2,0.0,0,0,1,0,0.675,0.2
510,2,0.6891991496086121,0.19664731621742249,0.7703390121459961,-6.28,3.225238249547317,1,0,1,0.12,0.01,0.0,0.01,0.1,0.9,-1.2,0.0,0,0,1,0,0.675,0.2
510,3,0.01856551505625248,-0.16877052187919617,0.5075769424438477,5.761619802677329,5.756170336044137,1,0,1,0.12,0.01,0.0,0.01,0.1,0.9,-1.2,0.0,0,0,1,0,0.675,0.2
510,4,-0.2581431567668915,0.33156833052635193,-0.13902783393859863,5.865209017838622,5.869252215181205,1,0,1,0.12,0.01,0.0,0.01,0.1,0.9,-1.2,0.0,0,0,1,0,0.675,0.2
510,5,0.3177123963832855,0.30254170298576355,-0.27299943566322327,5.900226888974483,5.895623387972536,1,0,1,0.12,0.01,0.0,0.01,0.1,0.9,-1.2,0.0,0,0,1,0,0.675,0.2
510,6,-0.32269883155822754,0.03678354620933533,0.1953342705965042,5.611950876190836,5.572452111170117,1,0,1,0.12,0.01,0.0,0.01,0.1,0.9,-1.2,0.0,0,0,1,0,0.675,0.2
510,7,-1.1209690570831299,0.2157278209924698,2.9013683795928955,0.0,0.0,0,0,0,0.12,0.01,0.0,0.01,0.1,0.9,-1.2,0.0,0,0,1,0,0.675,0.2
511,0,0.23480838537216187,0.10998430103063583,0.12580440938472748,5.7716414006364065,5.788386556326177,1,0,1,0.12,0.01,0.0,0.01,0.1,0.9,-1.2,0.0,0,0,1,0,0.675,0.2
511,1,-0.6526646614074707,-0.2437068521976471,0.38124650716781616,5.771631847765801,5.759035516831519,1,0,1,0.12,0.01,0.0,0.01,0.1,0.9,-1.2,0.0,0,0,1,0,0.675,0.2
511,2,0.6905330419540405,0.19805090129375458,1.0597214698791504,-6.28,3.581292675700963,1,0,1,0.12,0.01,0.0,0.01,0.1,0.9,-1.2,0.0,0,0,1,0,0.675,0.2
511,3,0.028640825301408768,-0.16316865384578705,0.5073075890541077,5.7568882249051105,5.752818391496561,1,0,1,0.12,0.01,0.0,0.01,0.1,0.9,-1.2,0.0,0,0,1,0,0.675,0.2
511,4,-0.24651680886745453,0.3299425542354584,-0.13885129988193512,5.863236440339829,5.8665874768106665,1,0,1,0.12,0.01,0.0,0.01,0.1,0.9,-1.2,0.0,0,0,1,0,0.675,0.2
511,5,0.329097181558609,0.2993532419204712,-0.27315768599510193,5.875225843979294,5.870372054980819,1,0,1,0.12,0.01,0.0,0.01,0.1,0.9,-1.2,0.0,0,0,1,0,0.675,0.2
511,6,-0.31171563267707825,0.038948435336351395,0.19384461641311646,5.606959830690751,5.569453086982836,1,0,1,0.12,0.01,0.0,0.01,0.1,0.9,-1.2,0.0,0,0,1,0,0.675,0.2
511,7,-1.1209690570831299,0.2157278209924698,2.9013683795928955,0.0,0.0,0,0,0,0.12,0.01,0.0,0.01,0.1,0.9,-1.2,0.0,0,0,1,0,0.675,0.2
512,0,0.24633312225341797,0.11143956333398819,0.12563413381576538,5.729681364949717,5.760444559399113,1,0,1,0.12,0.01,0.0,0.01,0.1,0.9,-1.2,0.0,0,0,1,0,0.675,0.2
512,1,-0.6419548392295837,-0.23941642045974731,0.3807922601699829,5.768904933191633,5.756349256776474,1,0,1,0.12,0.01,0.0,0.01,0.1,0.9,-1.2,0.0,0,0,1,0,0.675,0.2
512,2,0.6899071335792542,0.19626234471797943,1.4221168756484985,-3.533312977063595,4.761820689547001,1,0,1,0.12,0.01,0.0,0.01,0.1,0.9,-1.2,0.0,0,0,1,0,0.675,0.2
512,3,0.03871012479066849,-0.15757335722446442,0.5070884823799133,5.7524475539001125,5.749534360143313,1,0,1,0.12,0.01,0.0,0.01,0.1,0.9,-1.2,0.0,0,0,1,0,0.675,0.2
512,4,-0.23489435017108917,0.32831940054893494,-0.1387045681476593,5.860973533595304,5.863751027380724,1,0,1,0.12,0.01,0.0,0.01,0.1,0.9,-1.2,0.0,0,0,1,0,0.675,0.2
512,5,0.3404600918292999,0.29616886377334595,-0.27332550287246704,5.8492849073891255,5.844219426106968,1,0,1,0.12,0.01,0.0,0.01,0.1,0.9,-1.2,0.0,0,0,1,0,0.675,0.2
512,6,-0.3007376492023468,0.04109572991728783,0.19243969023227692,5.602253216940983,5.566579979222195,1,0,1,0.12,0.01,0.0,0.01,0.1,0.9,-1.2,0.0,0,0,1,0,0.675,0.2
512,7,-1.1209690570831299,0.2157278209924698,2.9013686180114746,0.0,0.0,0,0,0,0.12,0.01,0.0,0.01,0.1,0.9,-1.2,0.0,0,0,1,0,0.675,0.2
513,0,0.25781238079071045,0.11289096623659134,0.12611840665340424,5.692291623467748,5.733832710867579,1,0,1,0.12,0.01,0.0,0.01,0.1,0.9,-1.2,0.0,0,0,1,0,0.675,0.2
513,1,-0.6312481760978699,-0.23513288795948029,0.3803389072418213,5.766189836094456,5.75368524329893,1,0,1,0.12,0.01,0.0,0.01,0.1,0.9,-1.2,0.0,0,0,1,0,0.675,0.2
513,2,0.6897388100624084,0.19627344608306885,1.707612156867981,-1.4753712215526595,5.369027177344132,1,0,1,0.12,0.01,0.0,0.01,0.1,0.9,-1.2,0.0,0,0,1,0,0.675,0.2
513,3,0.0487733893096447,-0.15198394656181335,0.506920576095581,5.748295940070077,5.746300541253167,1,0,1,0.12,0.01,0.0,0.01,0.1,0.9,-1.2,0.0,0,0,1,0,0.675,0.2
513,4,-0.22327612340450287,0.32669854164123535,-0.13855992257595062,5.8584211093850165,5.860585429006097,1,0,1,0.12,0.01,0.0,0.01,0.1,0.9,-1.2,0.0,0,0,1,0,0.675,0.2
513,5,0.351779043674469,0.2929947078227997,-0.27350491285324097,5.82630054425055,5.821016954671798,1,0,1,0.12,0.01,0.0,0.01,0.1,0.9,-1.2,0.0,0,0,1,0,0.675,0.2
513,6,-0.2897646129131317,0.04322636127471924,0.19110342860221863,5.597774993961723,5.563853550368872,1,0,1,0.12,0.01,0.0,0.01,0.1,0.9,-1.2,0.0,0,0,1,0,0.675,0.2
513,7,-1.1209690570831299,0.2157278209924698,2.9013686180114746,0.0,0.0,0,0,0,0.12,0.01,0.0,0.01,0.1,0.9,-1.2,0.0,0,0,1,0,0.675,0.2
514,0,0.26922452449798584,0.1143425703048706,0.12712275981903076,5.658261951707734,5.707675340868102,1,0,1,0.12,0.01,0.0,0.01,0.1,0.9,-1.2,0.0,0,0,1,0,0.675,0.2
514,1,-0.6205446124076843,-0.23085623979568481,0.3798845708370209,5.763483535906643,5.751052129605441,1,0,1,0.12,0.01,0.0,0.01,0.1,0.9,-1.2,0.0,0,0,1,0,0.675,0.2
514,2,0.6893200278282166,0.198513463139534,1.9800564050674438,-0.5974506621985041,5.578951585832079,1,0,1,0.12,0.01,0.0,0.01,0.1,0.9,-1.2,0.0,0,0,1,0,0.675,0.2
514,3,0.058830659836530685,-0.14639973640441895,0.5068026185035706,5.744430223844217,5.7431140445254565,1,0,1,0.12,0.01,0.0,0.01,0.1,0.9,-1.2,0.0,0,0,1,0,0.675,0.2
514,4,-0.2116626352071762,0.3250797986984253,-0.1384373903274536,5.855449010570064,5.857084150474057,1,0,1,0.12,0.01,0.0,0.01,0.1,0.9,-1.2,0.0,0,0,1,0,0.675,0.2
514,5,0.36304762959480286,0.28983238339424133,-0.27369406819343567,5.804623804193215,5.799095907110495,1,0,1,0.12,0.01,0.0,0.01,0.1,0.9,-1.2,0.0,0,0,1,0,0.675,0.2
514,6,-0.2787962853908539,0.04534119740128517,0.1898234486579895,5.593486337751024,5.561291054993993,1,0,1,0.12,0.01,0.0,0.01,0.1,0.9,-1.2,0.0,0,0,1,0,0.675,0.2
514,7,-1.1209690570831299,0.2157278209924698,2.9013686180114746,0.0,0.0,0,0,0,0.12,0.01,0.0,0.01,0.1,0.9,-1.2,0.0,0,0,1,0,0.675,0.2
515,0,0.28057026863098145,0.11579965800046921,0.12852957844734192,5.623606658084704,5.678788685695814,1,0,1,0.12,0.01,0.0,0.01,0.1,0.9,-1.2,0.0,0,0,1,0,0.675,0.2
515,1,-0.6098441481590271,-0.2265864461660385,0.37943166494369507,5.760794226295944,5.748445387713911,1,0,1,0.12,0.01,0.0,0.01,0.1,0.9,-1.2,0.0,0,0,1,0,0.675,0.2
515,2,0.6874769330024719,0.2011386901140213,2.2697131633758545,0.13294949487734734,5.738752401313296,1,0,1,0.12,0.01,0.0,0.01,0.1,0.9,-1.2,0.0,0,0,1,0,0.675,0.2
515,3,0.06888198852539062,-0.14082016050815582,0.5067231059074402,5.740822545544975,5.74001348827613,1,0,1,0.12,0.01,0.0,0.01,0.1,0.9,-1.2,0.0,0,0,1,0,0.675,0.2
515,4,-0.20005448162555695,0.32346299290657043,-0.13835735619068146,5.851969181982473,5.853284821423099,1,0,1,0.12,0.01,0.0,0.01,0.1,0.9,-1.2,0.0,0,0,1,0,0.675,0.2
515,5,0.3742700219154358,0.2866807281970978,-0.2738932967185974,5.783872864095548,5.778093316705844,1,0,1,0.12,0.01,0.0,0.01,0.1,0.9,-1.2,0.0,0,0,1,0,0.675,0.2
515,6,-0.2678324282169342,0.047441042959690094,0.18860690295696259,5.589416982112343,5.558865523459498,1,0,1,0.12,0.01,0.0,0.01,0.1,0.9,-1.2,0.0,0,0,1,0,0.675,0.2
515,7,-1.1209690570831299,0.2157278209924698,2.9013683795928955,0.0,0.0,0,0,0,0.12,0.01,0.0,0.01,0.1,0.9,-1.2,0.0,0,0,1,0,0.675,0.2
516,0,0.29185327887535095,0.11726655066013336,0.13023294508457184,5.589626017291549,5.648851630012986,1,0,1,0.12,0.01,0.0,0.01,0.1,0.9,-1.2,0.0,0,0,1,0,0.675,0.2
516,1,-0.5991467237472534,-0.222323477268219,0.3789827525615692,5.758130757489418,5.745859892687583,1,0,1,0.12,0.01,0.0,0.01,0.1,0.9,-1.2,0.0,0,0,1,0,0.675,0.2
516,2,0.6841885447502136,0.20417305827140808,2.5233685970306396,-0.5555488892811693,5.587399525286571,1,0,1,0.12,0.01,0.0,0.01,0.1,0.9,-1.2,0.0,0,0,1,0,0.675,0.2
516,3,0.07892747223377228,-0.13524474203586578,0.5066667795181274,5.737430113126107,5.737045926283529,1,0,1,0.12,0.01,0.0,0.01,0.1,0.9,-1.2,0.0,0,0,1,0,0.675,0.2
516,4,-0.18845245242118835,0.32184791564941406,-0.1383022964000702,5.848033428563154,5.849139958249055,1,0,1,0.12,0.01,0.0,0.01,0.1,0.9,-1.2,0.0,0,0,1,0,0.675,0.2
516,5,0.3854493796825409,0.2835387587547302,-0.274102121591568,5.765288920579433,5.759242086233616,1,0,1,0.12,0.01,0.0,0.01,0.1,0.9,-1.2,0.0,0,0,1,0,0.675,0.2
516,6,-0.25687289237976074,0.04952665790915489,0.18746159970760345,5.585597458925244,5.556547750089171,1,0,1,0.12,0.01,0.0,0.01,0.1,0.9,-1.2,0.0,0,0,1,0,0.675,0.2
516,7,-1.1209690570831299,0.2157278209924698,2.9013686180114746,0.0,0.0,0,0,0,0.12,0.01,0.0,0.01,0.1,0.9,-1.2,0.0,0,0,1,0,0.675,0.2
517,0,0.3030712902545929,0.11874565482139587,0.13215255737304688,5.557386153193351,5.619418925789956,1,0,1,0.12,0.01,0.0,0.01,0.1,0.9,-1.2,0.0,0,0,1,0,0.675,0.2
517,1,-0.5884523391723633,-0.2180672585964203,0.378536581993103,5.755490812707269,5.743300911736167,1,0,1,0.12,0.01,0.0,0.01,0.1,0.9,-1.2,0.0,0,0,1,0,0.675,0.2
517,2,0.6794009804725647,0.2069176733493805,2.749260425567627,-3.6448028151682075,4.726763135640924,1,0,1,0.12,0.01,0.0,0.01,0.1,0.9,-1.2,0.0,0,0,1,0,0.675,0.2
517,3,0.08896725624799728,-0.1296730488538742,0.5066302418708801,5.734243861584222,5.73422024473711,1,0,1,0.12,0.01,0.0,0.01,0.1,0.9,-1.2,0.0,0,0,1,0,0.675,0.2
517,4,-0.1768573820590973,0.3202345371246338,-0.1382436752319336,5.8437284177385775,5.844569762960769,1,0,1,0.12,0.01,0.0,0.01,0.1,0.9,-1.2,0.0,0,0,1,0,0.675,0.2
517,5,0.3965875506401062,0.2804058790206909,-0.2743166983127594,5.749957649691356,5.743611426369892,1,0,1,0.12,0.01,0.0,0.01,0.1,0.9,-1.2,0.0,0,0,1,0,0.675,0.2
517,6,-0.24591748416423798,0.05159875378012657,0.18637564778327942,5.797540165657084,5.258786760097463,1,0,1,0.12,0.01,0.0,0.01,0.1,0.9,-1.2,0.0,0,0,1,0,0.675,0.2
517,7,-1.1209690570831299,0.2157278209924698,2.9013686180114746,0.0,0.0,0,0,0,0.12,0.01,0.0,0.01,0.1,0.9,-1.2,0.0,0,0,1,0,0.675,0.2
518,0,0.314223051071167,0.12023866176605225,0.1342233121395111,5.529993292235507,5.59460378036581,1,0,1,0.12,0.01,0.0,0.01,0.1,0.9,-1.2,0.0,0,0,1,0,0.675,0.2
518,1,-0.5777608752250671,-0.2138177454471588,0.37809106707572937,5.7528698246498555,5.740776081798509,1,0,1,0.12,0.01,0.0,0.01,0.1,0.9,-1.2,0.0,0,0,1,0,0.675,0.2
518,2,0.6744810342788696,0.20842793583869934,2.9626119136810303,-6.28,3.4783981623429834,1,0,1,0.12,0.01,0.0,0.01,0.1,0.9,-1.2,0.0,0,0,1,0,0.675,0.2
518,3,0.09900151938199997,-0.12410473078489304,0.5066152215003967,5.731270462042089,5.731530338758233,1,0,1,0.12,0.01,0.0,0.01,0.1,0.9,-1.2,0.0,0,0,1,0,0.675,0.2
518,4,-0.1652701199054718,0.31862276792526245,-0.13818861544132233,5.839021498552251,5.839587395795893,1,0,1,0.12,0.01,0.0,0.01,0.1,0.9,-1.2,0.0,0,0,1,0,0.675,0.2
518,5,0.407688170671463,0.27728092670440674,-0.2745348811149597,5.739498488949005,5.732821501447495,1,0,1,0.12,0.01,0.0,0.01,0.1,0.9,-1.2,0.0,0,0,1,0,0.675,0.2
518,6,-0.234965980052948,0.05365800857543945,0.18533194065093994,5.794744693219317,5.25715712410246,1,0,1,0.12,0.01,0.0,0.01,0.1,0.9,-1.2,0.0,0,0,1,0,0.675,0.2
518,7,-1.1209690570831299,0.2157278209924698,2.9013686180114746,0.0,0.0,0,0,0,0.12,0.01,0.0,0.01,0.1,0.9,-1.2,0.0,0,0,1,0,0.675,0.2
519,0,0.325310081243515,0.1217469647526741,0.13639585673809052,5.511090386028187,5.579601895694835,1,0,1,0.12,0.01,0.0,0.01,0.1,0.9,-1.2,0.0,0,0,1,0,0.675,0.2
519,1,-0.5670723915100098,-0.2095748782157898,0.3776477575302124,5.750163293267296,5.7381000455369495,1,0,1,0.12,0.01,0.0,0.01,0.1,0.9,-1.2,0.0,0,0,1,0,0.675,0.2
519,2,0.672865629196167,0.2085748016834259,-3.022143840789795,-6.266146500776365,3.776256640623166,1,0,1,0.12,0.01,0.0,0.01,0.1,0.9,-1.2,0.0,0,0,1,0,0.675,0.2
519,3,0.10903050005435944,-0.11853945255279541,0.50661700963974,5.7285062015391475,5.729002362456212,1,0,1,0.12,0.01,0.0,0.01,0.1,0.9,-1.2,0.0,0,0,1,0,0.675,0.2
519,4,-0.15369147062301636,0.3170126974582672,-0.1381627917289734,5.833919209021252,5.834352138859113,1,0,1,0.12,0.01,0.0,0.01,0.1,0.9,-1.2,0.0,0,0,1,0,0.675,0.2
519,5,0.41875702142715454,0.27416226267814636,-0.27476054430007935,5.7349765279159195,5.727945508731877,1,0,1,0.12,0.01,0.0,0.01,0.1,0.9,-1.2,0.0,0,0,1,0,0.675,0.2
519,6,-0.22407154738903046,0.05564284697175026,0.16989746689796448,5.75277377698591,5.299604639075491,1,0,1,0.12,0.01,0.0,0.01,0.1,0.9,-1.2,0.0,0,0,1,0,0.675,0.2
519,7,-1.1209690570831299,0.2157278209924698,2.9013683795928955,0.0,0.0,0,0,0,0.12,0.01,0.0,0.01,0.1,0.9,-1.2,0.0,0,0,1,0,0.675,0.2
520,0,0.33634015917778015,0.12327244132757187,0.13865302503108978,5.4989724455115985,5.572425633883696,1,0,1,0.12,0.01,0.0,0.01,0.1,0.9,-1.2,0.0,0,0,1,0,0.675,0.2
520,1,-0.5563867688179016,-0.20533859729766846,0.37720987200737,5.747247983318533,5.735270838636194,1,0,1,0.12,0.01,0.0,0.01,0.1,0.9,-1.2,0.0,0,0,1,0,0.675,0.2
520,2,0.6748653054237366,0.20914778113365173,-2.650928497314453,-1.1679525601788543,5.666795872442343,1,0,1,0.12,0.01,0.0,0.01,0.1,0.9,-1.2,0.0,0,0,1,0,0.675,0.2
520,3,0.11905442178249359,-0.11297693103551865,0.5066261291503906,5.725988975184922,5.726724186522001,1,0,1,0.12,0.01,0.0,0.01,0.1,0.9,-1.2,0.0,0,0,1,0,0.675,0.2
520,4,-0.14212223887443542,0.3154042363166809,-0.13815589249134064,5.828077009194503,5.8284597040480275,1,0,1,0.12,0.01,0.0,0.01,0.1,0.9,-1.2,0.0,0,0,1,0,0.675,0.2
520,5,0.4298027753829956,0.2710472345352173,-0.27500006556510925,5.734245989835327,5.726822461569243,1,0,1,0.12,0.01,0.0,0.01,0.1,0.9,-1.2,0.0,0,0,1,0,0.675,0.2
520,6,-0.21316112577915192,0.057414792478084564,0.15081951022148132,5.697987847759692,5.352435893580944,1,0,1,0.12,0.01,0.0,0.01,0.1,0.9,-1.2,0.0,0,0,1,0,0.675,0.2
520,7,-1.1209690570831299,0.2157278209924698,2.9013686180114746,0.0,0.0,0,0,0,0.12,0.01,0.0,0.01,0.1,0.9,-1.2,0.0,0,0,1,0,0.675,0.2
521,0,0.34732943773269653,0.12481825053691864,0.14103184640407562,5.485097376397458,5.563655646750126,1,0,1,0.12,0.01,0.0,0.01,0.1,0.9,-1.2,0.0,0,0,1,0,0.675,0.2
521,1,-0.5457042455673218,-0.20110894739627838,0.37677517533302307,5.744143283100807,5.732356453208245,1,0,1,0.12,0.01,0.0,0.01,0.1,0.9,-1.2,0.0,0,0,1,0,0.675,0.2
521,2,0.6740570068359375,0.20846976339817047,-2.3933823108673096,0.09459079643708915,6.048403368983443,1,0,1,0.12,0.01,0.0,0.01,0.1,0.9,-1.2,0.0,0,0,1,0,0.675,0.2
521,3,0.12907357513904572,-0.10741688311100006,0.5066401958465576,5.723700809935759,5.724692594548037,1,0,1,0.12,0.01,0.0,0.01,0.1,0.9,-1.2,0.0,0,0,1,0,0.675,0.2
521,4,-0.13056312501430511,0.3137974441051483,-0.1381281614303589,5.821635988202045,5.821817729029704,1,0,1,0.12,0.01,0.0,0.01,0.1,0.9,-1.2,0.0,0,0,1,0,0.675,0.2
521,5,0.4408363699913025,0.2679327130317688,-0.2752562165260315,5.733354936515894,5.7255807712916456,1,0,1,0.12,0.01,0.0,0.01,0.1,0.9,-1.2,0.0,0,0,1,0,0.675,0.2
521,6,-0.20222073793411255,0.05898473039269447,0.13423331081867218,5.6474761323524785,5.39732140735852,1,0,1,0.12,0.01,0.0,0.01,0.1,0.9,-1.2,0.0,0,0,1,0,0.675,0.2
521,7,-1.1209690570831299,0.2157278209924698,2.9013686180114746,0.0,0.0,0,0,0,0.12,0.01,0.0,0.01,0.1,0.9,-1.2,0.0,0,0,1,0,0.675,0.2
522,0,0.35829290747642517,0.12638801336288452,0.14357930421829224,5.470450136264556,5.555455592075592,1,0,1,0.12,0.01,0.0,0.01,0.1,0.9,-1.2,0.0,0,0,1,0,0.675,0.2
522,1,-0.5350251197814941,-0.19688603281974792,0.37634193897247314,5.740890521847054,5.729403476871208,1,0,1,0.12,0.01,0.0,0.01,0.1,0.9,-1.2,0.0,0,0,1,0,0.675,0.2
522,2,0.6707606315612793,0.20525220036506653,-2.1696393489837646,-2.6714932263994453,5.146320396771454,1,0,1,0.12,0.01,0.0,0.01,0.1,0.9,-1.2,0.0,0,0,1,0,0.675,0.2
522,3,0.13908834755420685,-0.10185899585485458,0.5066648721694946,5.721636925314594,5.722870107318234,1,0,1,0.12,0.01,0.0,0.01,0.1,0.9,-1.2,0.0,0,0,1,0,0.675,0.2
522,4,-0.11901532113552094,0.3121923804283142,-0.138100266456604,5.814637893608694,5.8145947812284176,1,0,1,0.12,0.01,0.0,0.01,0.1,0.9,-1.2,0.0,0,0,1,0,0.675,0.2
522,5,0.45186591148376465,0.26481619477272034,-0.27552732825279236,5.733408672942209,5.725349800454092,1,0,1,0.12,0.01,0.0,0.01,0.1,0.9,-1.2,0.0,0,0,1,0,0.675,0.2
522,6,-0.19125990569591522,0.06039056554436684,0.12137145549058914,5.605992563559098,5.431330255673843,1,0,1,0.12,0.01,0.0,0.01,0.1,0.9,-1.2,0.0,0,0,1,0,0.675,0.2
522,7,-1.1209690570831299,0.2157278209924698,2.9013686180114746,0.0,0.0,0,0,0,0.12,0.01,0.0,0.01,0.1,0.9,-1.2,0.0,0,0,1,0,0.675,0.2
523,0,0.3692304193973541,0.12798358500003815,0.14631250500679016,5.4574335062092265,5.5517361319476635,1,0,1,0.12,0.01,0.0,0.01,0.1,0.9,-1.2,0.0,0,0,1,0,0.675,0.2
523,1,-0.5243497490882874,-0.19266991317272186,0.3759132921695709,5.73754818158167,5.726441791486567,1,0,1,0.12,0.01,0.0,0.01,0.1,0.9,-1.2,0.0,0,0,1,0,0.675,0.2
523,2,0.6680784821510315,0.20032556354999542,-1.9233832359313965,-6.28,3.1904806054300847,1,0,1,0.12,0.01,0.0,0.01,0.1,0.9,-1.2,0.0,0,0,1,0,0.675,0.2
523,3,0.14909912645816803,-0.09630294889211655,0.5067021250724792,5.712446611285554,5.713884431957855,1,0,1,0.12,0.01,0.0,0.01,0.1,0.9,-1.2,0.0,0,0,1,0,0.675,0.2
523,4,-0.10748016089200974,0.3105892539024353,-0.13809359073638916,5.807112463168626,5.806950814671987,1,0,1,0.12,0.01,0.0,0.01,0.1,0.9,-1.2,0.0,0,0,1,0,0.675,0.2
523,5,0.4628925621509552,0.2616972029209137,-0.27580899000167847,5.736033546525208,5.727672022980483,1,0,1,0.12,0.01,0.0,0.01,0.1,0.9,-1.2,0.0,0,0,1,0,0.675,0.2
523,6,-0.18028901517391205,0.0616736002266407,0.1119888573884964,5.5738918894369744,5.455694127694829,1,0,1,0.12,0.01,0.0,0.01,0.1,0.9,-1.2,0.0,0,0,1,0,0.675,0.2
523,7,-1.1209690570831299,0.2157278209924698,2.9013683795928955,0.0,0.0,0,0,0,0.12,0.01,0.0,0.01,0.1,0.9,-1.2,0.0,0,0,1,0,0.675,0.2
524,0,0.3801408112049103,0.12960679829120636,0.14926405251026154,5.447551474793738,5.551413788572961,1,0,1,0.12,0.01,0.0,0.01,0.1,0.9,-1.2,0.0,0,0,1,0,0.675,0.2
524,1,-0.5136784315109253,-0.1884605884552002,0.3754954934120178,5.7341758970205525,5.723487549644258,1,0,1,0.12,0.01,0.0,0.01,0.1,0.9,-1.2,0.0,0,0,1,0,0.675,0.2
524,2,0.6672660708427429,0.19714519381523132,-1.641217589378357,-6.28,3.070031103004055,1,0,1,0.12,0.01,0.0,0.01,0.1,0.9,-1.2,0.0,0,0,1,0,0.675,0.2
524,3,0.15910623967647552,-0.09074843674898148,0.5067464113235474,5.710088813525865,5.7117500660594,1,0,1,0.12,0.01,0.0,0.01,0.1,0.9,-1.2,0.0,0,0,1,0,0.675,0.2
524,4,-0.09595882147550583,0.3089880645275116,-0.1381005495786667,5.799180580298533,5.798964383085142,1,0,1,0.12,0.01,0.0,0.01,0.1,0.9,-1.2,0.0,0,0,1,0,0.675,0.2
524,5,0.47391781210899353,0.2585752010345459,-0.2761004567146301,5.74133983874653,5.732533061262624,1,0,1,0.12,0.01,0.0,0.01,0.1,0.9,-1.2,0.0,0,0,1,0,0.675,0.2
524,6,-0.16931527853012085,0.06286872178316116,0.10539015382528305,5.549768981126989,5.472645464750086,1,0,1,0.12,0.01,0.0,0.01,0.1,0.9,-1.2,0.0,0,0,1,0,0.675,0.2
524,7,-1.1209690570831299,0.2157278209924698,2.9013683795928955,0.0,0.0,0,0,0,0.12,0.01,0.0,0.01,0.1,0.9,-1.2,0.0,0,0,1,0,0.675,0.2
525,0,0.39102840423583984,0.1312609612941742,0.15252156555652618,5.443344775497472,5.549531575382196,1,0,1,0.12,0.01,0.0,0.01,0.1,0.9,-1.2,0.0,0,0,1,0,0.675,0.2
525,1,-0.5030112266540527,-0.18425796926021576,0.3750922381877899,5.730816741567871,5.72055710377095,1,0,1,0.12,0.01,0.0,0.01,0.1,0.9,-1.2,0.0,0,0,1,0,0.675,0.2
525,2,0.6670247912406921,0.19942975044250488,-1.3022900819778442,-2.1123456065695336,5.389325172189956,1,0,1,0.12,0.01,0.0,0.01,0.1,0.9,-1.2,0.0,0,0,1,0,0.675,0.2
525,3,0.16909971833229065,-0.08520087599754333,0.5067954063415527,5.7081601525514545,5.710056046131329,1,0,1,0.12,0.01,0.0,0.01,0.1,0.9,-1.2,0.0,0,0,1,0,0.675,0.2
525,4,-0.08445227891206741,0.30738893151283264,-0.13810178637504578,5.791003932399403,5.7906827282479885,1,0,1,0.12,0.01,0.0,0.01,0.1,0.9,-1.2,0.0,0,0,1,0,0.675,0.2
525,5,0.4849458932876587,0.2554488182067871,-0.2764050364494324,5.749553254805475,5.740073063410849,1,0,1,0.12,0.01,0.0,0.01,0.1,0.9,-1.2,0.0,0,0,1,0,0.675,0.2
525,6,-0.15834268927574158,0.06400284916162491,0.10089452564716339,5.5319194335893975,5.484182403568804,1,0,1,0.12,0.01,0.0,0.01,0.1,0.9,-1.2,0.0,0,0,1,0,0.675,0.2
525,7,-1.1209690570831299,0.2157278209924698,2.9013686180114746,0.0,0.0,0,0,0,0.12,0.01,0.0,0.01,0.1,0.9,-1.2,0.0,0,0,1,0,0.675,0.2
526,0,0.40189889073371887,0.13295049965381622,0.15611767768859863,5.440597656235095,5.547395762935284,1,0,1,0.12,0.01,0.0,0.01,0.1,0.9,-1.2,0.0,0,0,1,0,0.675,0.2
526,1,-0.49234825372695923,-0.180061936378479,0.3747028410434723,5.727493072290836,5.717673366527141,1,0,1,0.12,0.01,0.0,0.01,0.1,0.9,-1.2,0.0,0,0,1,0,0.675,0.2
526,2,0.6659097671508789,0.20171542465686798,-0.9320161938667297,2.7761572429210504,6.28,1,0,1,0.12,0.01,0.0,0.01,0.1,0.9,-1.2,0.0,0,0,1,0,0.675,0.2
526,3,0.1790865659713745,-0.07965626567602158,0.5068534016609192,5.70633311631685,5.708453520512525,1,0,1,0.12,0.01,0.0,0.01,0.1,0.9,-1.2,0.0,0,0,1,0,0.675,0.2
526,4,-0.07296133786439896,0.3057918846607208,-0.13810262084007263,5.782643987514401,5.782200322769259,1,0,1,0.12,0.01,0.0,0.01,0.1,0.9,-1.2,0.0,0,0,1,0,0.675,0.2
526,5,0.4959818422794342,0.25231650471687317,-0.2767254412174225,5.762781567860559,5.752527825545354,1,0,1,0.12,0.01,0.0,0.01,0.1,0.9,-1.2,0.0,0,0,1,0,0.675,0.2
526,6,-0.14737316966056824,0.06509587168693542,0.09794648736715317,5.518834169189914,5.491842512805478,1,0,1,0.12,0.01,0.0,0.01,0.1,0.9,-1.2,0.0,0,0,1,0,0.675,0.2
526,7,-1.1209690570831299,0.2157278209924698,2.9013686180114746,0.0,0.0,0,0,0,0.12,0.01,0.0,0.01,0.1,0.9,-1.2,0.0,0,0,1,0,0.675,0.2
527,0,0.4127562642097473,0.13467900454998016,0.15984958410263062,5.434490155733105,5.5504577045078305,1,0,1,0.12,0.01,0.0,0.01,0.1,0.9,-1.2,0.0,0,0,1,0,0.675,0.2
527,1,-0.48168954253196716,-0.17587228119373322,0.3743264377117157,5.724218757709764,5.714851705470776,1,0,1,0.12,0.01,0.0,0.01,0.1,0.9,-1.2,0.0,0,0,1,0,0.675,0.2
527,2,0.6675345301628113,0.20040352642536163,-0.6176031827926636,3.9042414602665976,6.28,1,0,1,0.12,0.01,0.0,0.01,0.1,0.9,-1.2,0.0,0,0,1,0,0.675,0.2
527,3,0.1890697330236435,-0.07411283254623413,0.5069257020950317,5.70472455045568,5.707034945279489,1,0,1,0.12,0.01,0.0,0.01,0.1,0.9,-1.2,0.0,0,0,1,0,0.675,0.2
527,4,-0.06148659437894821,0.3041969835758209,-0.1381225883960724,5.7741045817231935,5.773639513602276,1,0,1,0.12,0.01,0.0,0.01,0.1,0.9,-1.2,0.0,0,0,1,0,0.675,0.2
527,5,0.5070309042930603,0.24917657673358917,-0.27706584334373474,5.780448690003316,5.76940463488682,1,0,1,0.12,0.01,0.0,0.01,0.1,0.9,-1.2,0.0,0,0,1,0,0.675,0.2
527,6,-0.13640747964382172,0.06616217643022537,0.09610168635845184,5.509226780817226,5.49680956037311,1,0,1,0.12,0.01,0.0,0.01,0.1,0.9,-1.2,0.0,0,0,1,0,0.675,0.2
527,7,-1.1209690570831299,0.2157278209924698,2.9013686180114746,0.0,0.0,0,0,0,0.12,0.01,0.0,0.01,0.1,0.9,-1.2,0.0,0,0,1,0,0.675,0.2
528,0,0.42360201478004456,0.13644739985466003,0.1636105328798294,5.423023583636658,5.560921488060576,1,0,1,0.12,0.01,0.0,0.01,0.1,0.9,-1.2,0.0,0,0,1,0,0.675,0.2
528,1,-0.47103506326675415,-0.17168882489204407,0.37396517395973206,5.7210127516506315,5.71209674041289,1,0,1,0.12,0.01,0.0,0.01,0.1,0.9,-1.2,0.0,0,0,1,0,0.675,0.2
528,2,0.6742058992385864,0.19652442634105682,-0.4501202702522278,-5.681609304366947,3.9984836296423674,1,0,1,0.12,0.01,0.0,0.01,0.1,0.9,-1.2,0.0,0,0,1,0,0.675,0.2
528,3,0.1990494281053543,-0.0685703381896019,0.5070095062255859,5.703513110776781,5.705996875862241,1,0,1,0.12,0.01,0.0,0.01,0.1,0.9,-1.2,0.0,0,0,1,0,0.675,0.2
528,4,-0.050028491765260696,0.3026042580604553,-0.13815627992153168,5.765474673462524,5.765057969736444,1,0,1,0.12,0.01,0.0,0.01,0.1,0.9,-1.2,0.0,0,0,1,0,0.675,0.2
528,5,0.5181016325950623,0.24602624773979187,-0.27743273973464966,5.7985958706180005,5.786692326184138,1,0,1,0.12,0.01,0.0,0.01,0.1,0.9,-1.2,0.0,0,0,1,0,0.675,0.2
528,6,-0.12544582784175873,0.0672120451927185,0.09502041339874268,5.502071218564823,5.499964578077479,1,0,1,0.12,0.01,0.0,0.01,0.1,0.9,-1.2,0.0,0,0,1,0,0.675,0.2
528,7,-1.1209690570831299,0.2157278209924698,2.9013683795928955,0.0,0.0,0,0,0,0.12,0.01,0.0,0.01,0.1,0.9,-1.2,0.0,0,0,1,0,0.675,0.2
529,0,0.43443751335144043,0.1382569670677185,0.16762883961200714,5.408537036426178,5.5755848226474605,1,0,1,0.12,0.01,0.0,0.01,0.1,0.9,-1.2,0.0,0,0,1,0,0.675,0.2
529,1,-0.4603847861289978,-0.16751135885715485,0.3736211657524109,5.717888639993725,5.709408445529881,1,0,1,0.12,0.01,0.0,0.01,0.1,0.9,-1.2,0.0,0,0,1,0,0.675,0.2
529,2,0.68321692943573,0.19272227585315704,-0.34961777925491333,-6.28,2.4696937934667393,1,0,1,0.12,0.01,0.0,0.01,0.1,0.9,-1.2,0.0,0,0,1,0,0.675,0.2
529,3,0.20902591943740845,-0.06302852183580399,0.5070979595184326,5.702574119314415,5.705247476354376,1,0,1,0.12,0.01,0.0,0.01,0.1,0.9,-1.2,0.0,0,0,1,0,0.675,0.2
529,4,-0.03858733922243118,0.30101364850997925,-0.1381671279668808,5.756942391686137,5.756424084015194,1,0,1,0.12,0.01,0.0,0.01,0.1,0.9,-1.2,0.0,0,0,1,0,0.675,0.2
529,5,0.5292026400566101,0.24286270141601562,-0.27783286571502686,5.8179320581911,5.805028300667008,1,0,1,0.12,0.01,0.0,0.01,0.1,0.9,-1.2,0.0,0,0,1,0,0.675,0.2
529,6,-0.11448810994625092,0.06825276464223862,0.09447760879993439,5.4966749932869305,5.5018798324958444,1,0,1,0.12,0.01,0.0,0.01,0.1,0.9,-1.2,0.0,0,0,1,0,0.675,0.2
529,7,-1.1209690570831299,0.2157278209924698,2.9013686180114746,0.0,0.0,0,0,0,0.12,0.01,0.0,0.01,0.1,0.9,-1.2,0.0,0,0,1,0,0.675,0.2
530,0,0.4452637732028961,0.14011280238628387,0.17233239114284515,5.400188389474441,5.582660791223954,1,0,1,0.12,0.01,0.0,0.01,0.1,0.9,-1.2,0.0,0,0,1,0,0.675,0.2
530,1,-0.44973865151405334,-0.16333964467048645,0.3732929527759552,5.714847600658325,5.7067938087388015,1,0,1,0.12,0.01,0.0,0.01,0.1,0.9,-1.2,0.0,0,0,1,0,0.675,0.2
530,2,0.684045672416687,0.19227400422096252,-0.04928887262940407,-6.28,2.6179919132978506,1,0,1,0.12,0.01,0.0,0.01,0.1,0.9,-1.2,0.0,0,0,1,0,0.675,0.2
530,3,0.21899975836277008,-0.05748695507645607,0.5071907043457031,5.701336814027999,5.704201059478548,1,0,1,0.12,0.01,0.0,0.01,0.1,0.9,-1.2,0.0,0,0,1,0,0.675,0.2
530,4,-0.027163280174136162,0.2994252145290375,-0.13816885650157928,5.748514207856446,5.747826990826338,1,0,1,0.12,0.01,0.0,0.01,0.1,0.9,-1.2,0.0,0,0,1,0,0.675,0.2
530,5,0.5403362512588501,0.23968496918678284,-0.2782644033432007,5.857652316666463,5.8435727554789985,1,0,1,0.12,0.01,0.0,0.01,0.1,0.9,-1.2,0.0,0,0,1,0,0.675,0.2
530,6,-0.10353419184684753,0.06928949803113937,0.09433552622795105,5.49260946931299,5.50290015516821,1,0,1,0.12,0.01,0.0,0.01,0.1,0.9,-1.2,0.0,0,0,1,0,0.675,0.2
530,7,-1.1209690570831299,0.2157278209924698,2.9013686180114746,0.0,0.0,0,0,0,0.12,0.01,0.0,0.01,0.1,0.9,-1.2,0.0,0,0,1,0,0.675,0.2
531,0,0.45608028769493103,0.14202432334423065,0.1780189871788025,5.394601941636752,5.58781683392172,1,0,1,0.12,0.01,0.0,0.01,0.1,0.9,-1.2,0.0,0,0,1,0,0.675,0.2
531,1,-0.4390965700149536,-0.15917348861694336,0.3729783892631531,5.711887357637378,5.70426017244151,1,0,1,0.12,0.01,0.0,0.01,0.1,0.9,-1.2,0.0,0,0,1,0,0.675,0.2
531,2,0.6811921000480652,0.19192464649677277,0.2951476573944092,-6.28,3.7174448899255905,1,0,1,0.12,0.01,0.0,0.01,0.1,0.9,-1.2,0.0,0,0,1,0,0.675,0.2
531,3,0.2289714813232422,-0.05194529891014099,0.5072926878929138,5.700022082245729,5.703057546698668,1,0,1,0.12,0.01,0.0,0.01,0.1,0.9,-1.2,0.0,0,0,1,0,0.675,0.2
531,4,-0.01575629785656929,0.2978389859199524,-0.13818463683128357,5.740160382736474,5.739376940380781,1,0,1,0.12,0.01,0.0,0.01,0.1,0.9,-1.2,0.0,0,0,1,0,0.675,0.2
531,5,0.5515042543411255,0.2364920973777771,-0.27871793508529663,5.5103526633869055,5.953106291901028,1,0,1,0.12,0.01,0.0,0.01,0.1,0.9,-1.2,0.0,0,0,1,0,0.675,0.2
531,6,-0.09258389472961426,0.07032597064971924,0.09449061006307602,5.489545070056163,5.503281451340474,1,0,1,0.12,0.01,0.0,0.01,0.1,0.9,-1.2,0.0,0,0,1,0,0.675,0.2
531,7,-1.1209690570831299,0.2157278209924698,2.9013686180114746,0.0,0.0,0,0,0,0.12,0.01,0.0,0.01,0.1,0.9,-1.2,0.0,0,0,1,0,0.675,0.2
532,0,0.4668840765953064,0.14400115609169006,0.18434494733810425,5.389142656933511,5.594771003115927,1,0,1,0.12,0.01,0.0,0.01,0.1,0.9,-1.2,0.0,0,0,1,0,0.675,0.2
532,1,-0.42845848202705383,-0.15501266717910767,0.3726784288883209,5.709011929609655,5.701804084203362,1,0,1,0.12,0.01,0.0,0.01,0.1,0.9,-1.2,0.0,0,0,1,0,0.675,0.2
532,2,0.6811606287956238,0.1920604109764099,0.4997822344303131,-5.1601853794769665,4.246954602690162,1,0,1,0.12,0.01,0.0,0.01,0.1,0.9,-1.2,0.0,0,0,1,0,0.675,0.2
532,3,0.23894071578979492,-0.04640365019440651,0.507403552532196,5.69903248701721,5.702225653785174,1,0,1,0.12,0.01,0.0,0.01,0.1,0.9,-1.2,0.0,0,0,1,0,0.675,0.2
532,4,-0.004366259090602398,0.29625484347343445,-0.138215571641922,5.731940899637273,5.7311419354409665,1,0,1,0.12,0.01,0.0,0.01,0.1,0.9,-1.2,0.0,0,0,1,0,0.675,0.2
532,5,0.5627381205558777,0.23327462375164032,-0.2792131006717682,5.603699842998703,6.037631084611694,1,0,1,0.12,0.01,0.0,0.01,0.1,0.9,-1.2,0.0,0,0,1,0,0.675,0.2
532,6,-0.08163700997829437,0.0713648796081543,0.09483401477336884,5.487124689857098,5.503294042309192,1,0,1,0.12,0.01,0.0,0.01,0.1,0.9,-1.2,0.0,0,0,1,0,0.675,0.2
532,7,-1.1209690570831299,0.2157278209924698,2.9013683795928955,0.0,0.0,0,0,0,0.12,0.01,0.0,0.01,0.1,0.9,-1.2,0.0,0,0,1,0,0.675,0.2
533,0,0.47767409682273865,0.14604851603507996,0.19107170403003693,5.384451938870422,5.602113829848297,1,0,1,0.12,0.01,0.0,0.01,0.1,0.9,-1.2,0.0,0,0,1,0,0.675,0.2
533,1,-0.4178243577480316,-0.15085694193840027,0.37239551544189453,5.706230063097807,5.699418138606217,1,0,1,0.12,0.01,0.0,0.01,0.1,0.9,-1.2,0.0,0,0,1,0,0.675,0.2
533,2,0.6825788617134094,0.19286410510540009,0.6874710917472839,-4.8697828976317235,4.337501677672464,1,0,1,0.12,0.01,0.0,0.01,0.1,0.9,-1.2,0.0,0,0,1,1,0.675,0.2
533,3,0.24890723824501038,-0.040862079709768295,0.507517397403717,5.698235253793671,5.7016061442070445,1,0,1,0.12,0.01,0.0,0.01,0.1,0.9,-1.2,0.0,0,0,1,0,0.675,0.2
533,4,0.007007052190601826,0.2946726977825165,-0.13824443519115448,5.723822703301437,5.722985366642943,1,0,1,0.12,0.01,0.0,0.01,0.1,0.9,-1.2,0.0,0,0,1,0,0.675,0.2
533,5,0.5738158822059631,0.23014581203460693,-0.26679083704948425,5.772655365727193,6.118390249349825,1,0,1,0.12,0.01,0.0,0.01,0.1,0.9,-1.2,0.0,0,0,1,1,0.675,0.2
533,6,-0.07069331407546997,0.072408027946949,0.09529715031385422,5.485117269268763,5.503107058295478,1,0,1,0.12,0.01,0.0,0.01,0.1,0.9,-1.2,0.0,0,0,1,0,0.675,0.2
533,7,-1.1209690570831299,0.2157278209924698,2.9013686180114746,0.0,0.0,0,0,0,0.12,0.01,0.0,0.01,0.1,0.9,-1.2,0.0,0,0,1,0,0.675,0.2
534,0,0.4884507656097412,0.14817067980766296,0.19821737706661224,5.37682940654728,5.613110700321464,1,0,1,0.12,0.01,0.0,0.01,0.1,0.9,-1.2,0.0,0,0,1,0,0.675,0.2
534,1,-0.4071940779685974,-0.14670611917972565,0.37212902307510376,5.703539329986114,5.697100800056915,1,0,1,0.12,0.01,0.0,0.01,0.1,0.9,-1.2,0.0,0,0,1,0,0.675,0.2
534,2,0.6823429465293884,0.19245965778827667,1.0210415124893188,-1.4768512497543753,5.429395938932842,1,0,1,0.12,0.01,0.0,0.01,0.1,0.9,-1.2,0.0,0,0,1,1,0.675,0.2
534,3,0.2588714361190796,-0.03532028943300247,0.5076327323913574,5.697421037672683,5.70100191879399,1,0,1,0.12,0.01,0.0,0.01,0.1,0.9,-1.2,0.0,0,0,1,0,0.675,0.2
534,4,0.01836397498846054,0.2930924892425537,-0.13826873898506165,5.716028772862178,5.715115181534069,1,0,1,0.12,0.01,0.0,0.01,0.1,0.9,-1.2,0.0,0,0,1,0,0.675,0.2
534,5,0.585033118724823,0.22716684639453888,-0.25130683183670044,5.984363447229845,6.2143169387173804,1,0,1,0.12,0.01,0.0,0.01,0.1,0.9,-1.2,0.0,0,0,1,1,0.675,0.2
534,6,-0.05975262448191643,0.07345663011074066,0.09585756063461304,5.4834432580925965,5.502774598314569,1,0,1,0.12,0.01,0.0,0.01,0.1,0.9,-1.2,0.0,0,0,1,0,0.675,0.2
534,7,-1.1209690570831299,0.2157278209924698,2.9013686180114746,0.0,0.0,0,0,0,0.12,0.01,0.0,0.01,0.1,0.9,-1.2,0.0,0,0,1,0,0.675,0.2
535,0,0.49921396374702454,0.15037235617637634,0.20579023659229279,5.370643702589051,5.62363013879202,1,0,1,0.12,0.01,0.0,0.01,0.1,0.9,-1.2,0.0,0,0,1,0,0.675,0.2
535,1,-0.39656758308410645,-0.1425599604845047,0.3718758523464203,5.700931559589253,5.694858570310726,1,0,1,0.12,0.01,0.0,0.01,0.1,0.9,-1.2,0.0,0,0,1,0,0.675,0.2
535,2,0.6823788285255432,0.19285480678081512,1.3722797632217407,1.1565297849086011,6.215147971400907,1,0,1,0.12,0.01,0.0,0.01,0.1,0.9,-1.2,0.0,0,0,1,1,0.675,0.2
535,3,0.2688336968421936,-0.029778003692626953,0.5077558159828186,5.696761090992292,5.700543414117495,1,0,1,0.12,0.01,0.0,0.01,0.1,0.9,-1.2,0.0,0,0,1,0,0.675,0.2
535,4,0.029704732820391655,0.29151418805122375,-0.1383037120103836,5.708603467723773,5.707668487051083,1,0,1,0.12,0.01,0.0,0.01,0.1,0.9,-1.2,0.0,0,0,1,0,0.675,0.2
535,5,0.5965213179588318,0.22429734468460083,-0.23848794400691986,6.179582349572872,6.28,1,0,1,0.12,0.01,0.0,0.01,0.1,0.9,-1.2,0.0,0,0,1,1,0.675,0.2
535,6,-0.048814766108989716,0.07451155036687851,0.09649807959794998,5.482038743588947,5.502339117434001,1,0,1,0.12,0.01,0.0,0.01,0.1,0.9,-1.2,0.0,0,0,1,0,0.675,0.2
535,7,-1.1209690570831299,0.2157278209924698,2.9013686180114746,0.0,0.0,0,0,0,0.12,0.01,0.0,0.01,0.1,0.9,-1.2,0.0,0,0,1,0,0.675,0.2
536,0,0.509962797164917,0.1526588350534439,0.213973268866539,5.376664416017658,5.623030765828959,1,0,1,0.12,0.01,0.0,0.01,0.1,0.9,-1.2,0.0,0,0,1,0,0.675,0.2
536,1,-0.38594484329223633,-0.1384182721376419,0.3716350197792053,5.69840334445759,5.692690595085178,1,0,1,0.12,0.01,0.0,0.01,0.1,0.9,-1.2,0.0,0,0,1,0,0.675,0.2
536,2,0.6825467944145203,0.19649937748908997,1.657863736152649,0.19231610486655712,5.868224332831807,1,0,1,0.12,0.01,0.0,0.01,0.1,0.9,-1.2,0.0,0,0,1,1,0.675,0.2
536,3,0.27879399061203003,-0.024235114455223083,0.5078912973403931,5.696299988307573,5.700237673244856,1,0,1,0.12,0.01,0.0,0.01,0.1,0.9,-1.2,0.0,0,0,1,0,0.675,0.2
536,4,0.04102984443306923,0.28993767499923706,-0.1383512020111084,5.701572992623801,5.700683704792506,1,0,1,0.12,0.01,0.0,0.01,0.1,0.9,-1.2,0.0,0,0,1,0,0.675,0.2
536,5,0.6083282232284546,0.22148719429969788,-0.22959716618061066,6.28,6.28,1,0,1,0.12,0.01,0.0,0.01,0.1,0.9,-1.2,0.0,0,0,1,1,0.675,0.2
536,6,-0.03787960857152939,0.07557343691587448,0.09718497842550278,5.4807818262030406,5.501885441119499,1,0,1,0.12,0.01,0.0,0.01,0.1,0.9,-1.2,0.0,0,0,1,0,0.675,0.2
536,7,-1.1209690570831299,0.2157278209924698,2.9013683795928955,0.0,0.0,0,0,0,0.12,0.01,0.0,0.01,0.1,0.9,-1.2,0.0,0,0,1,0,0.675,0.2
537,0,0.5206959247589111,0.15503716468811035,0.22275647521018982,5.401797942792117,5.608161635721983,1,0,1,0.12,0.01,0.0,0.01,0.1,0.9,-1.2,0.0,0,0,1,1,0.675,0.2
537,1,-0.37532567977905273,-0.13428084552288055,0.37140798568725586,5.695958469069765,5.690589483820629,1,0,1,0.12,0.01,0.0,0.01,0.1,0.9,-1.2,0.0,0,0,1,0,0.675,0.2
537,2,0.685772716999054,0.20231030881404877,1.8448495864868164,-4.307706717875761,4.514947209981245,1,0,1,0.12,0.01,0.0,0.01,0.1,0.9,-1.2,0.0,0,0,1,1,0.675,0.2
537,3,0.2887525260448456,-0.018691424280405045,0.5080353617668152,5.695895775539988,5.699946270005589,1,0,1,0.12,0.01,0.0,0.01,0.1,0.9,-1.2,0.0,0,0,1,0,0.675,0.2
537,4,0.05234004557132721,0.28836286067962646,-0.13839136064052582,5.692866563080692,5.691968218208408,1,0,1,0.12,0.01,0.0,0.01,0.1,0.9,-1.2,0.0,0,0,1,0,0.675,0.2
537,5,0.615305483341217,0.21915286779403687,-0.17255714535713196,6.28,6.215903014188638,1,0,1,0.12,0.01,0.0,0.01,0.1,0.9,-1.2,0.0,0,0,1,1,0.675,0.2
537,6,-0.0269470177590847,0.07664280384778976,0.09789394587278366,5.47958130679072,5.501475145006763,1,0,1,0.12,0.01,0.0,0.01,0.1,0.9,-1.2,0.0,0,0,1,0,0.675,0.2
537,7,-1.1209690570831299,0.2157278209924698,2.9013683795928955,0.0,0.0,0,0,0,0.12,0.01,0.0,0.01,0.1,0.9,-1.2,0.0,0,0,1,0,0.675,0.2
538,0,0.5314126014709473,0.1575116515159607,0.23146717250347137,5.446341362152089,5.58616003736497,1,0,1,0.12,0.01,0.0,0.01,0.1,0.9,-1.2,0.0,0,0,1,1,0.675,0.2
538,1,-0.3647100031375885,-0.13014748692512512,0.3711946904659271,5.690837192430818,5.6542074204537025,1,0,1,0.12,0.01,0.0,0.01,0.1,0.9,-1.2,0.0,0,0,1,0,0.675,0.2
538,2,0.6871442198753357,0.20748059451580048,2.0662283897399902,-5.6678818720846555,4.07901535513691,1,0,1,0.12,0.01,0.0,0.01,0.1,0.9,-1.2,0.0,0,0,1,1,0.675,0.2
538,3,0.298709511756897,-0.013146690092980862,0.5081827044487,5.6953186655751775,5.699469122815935,1,0,1,0.12,0.01,0.0,0.01,0.1,0.9,-1.2,0.0,0,0,1,0,0.675,0.2
538,4,0.06363614648580551,0.28678959608078003,-0.1384143978357315,5.695608479035734,5.694657596694588,1,0,1,0.12,0.01,0.0,0.01,0.1,0.9,-1.2,0.0,0,0,1,0,0.675,0.2
538,5,0.6162551045417786,0.2179039865732193,-0.19910068809986115,6.28,6.28,1,0,1,0.12,0.01,0.0,0.01,0.1,0.9,-1.2,0.0,0,0,1,1,0.675,0.2
538,6,-0.01601690798997879,0.07772000879049301,0.09863162040710449,5.4784495845611065,5.501093386096241,1,0,1,0.12,0.01,0.0,0.01,0.1,0.9,-1.2,0.0,0,0,1,0,0.675,0.2
538,7,-1.1209690570831299,0.2157278209924698,2.9013686180114746,0.0,0.0,0,0,0,0.12,0.01,0.0,0.01,0.1,0.9,-1.2,0.0,0,0,1,0,0.675,0.2
539,0,0.5421173572540283,0.1600772887468338,0.23899772763252258,5.491941982139874,5.588473743568134,1,0,1,0.12,0.01,0.0,0.01,0.1,0.9,-1.2,0.0,0,0,1,1,0.675,0.2
539,1,-0.35409775376319885,-0.1260180026292801,0.37099218368530273,5.688713499287701,5.651397607346438,1,0,1,0.12,0.01,0.0,0.01,0.1,0.9,-1.2,0.0,0,0,1,0,0.675,0.2
539,2,0.6865682601928711,0.20844238996505737,2.3749232292175293,-3.6428223144088743,4.721993793157195,1,0,1,0.12,0.01,0.0,0.01,0.1,0.9,-1.2,0.0,0,0,1,1,0.675,0.2
539,3,0.308665007352829,-0.007600798271596432,0.5083349347114563,5.6947246170179096,5.698986830697851,1,0,1,0.12,0.01,0.0,0.01,0.1,0.9,-1.2,0.0,0,0,1,0,0.675,0.2
539,4,0.07491559535264969,0.2852182388305664,-0.13843801617622375,5.683807475602287,5.682724343502861,1,0,1,0.12,0.01,0.0,0.01,0.1,0.9,-1.2,0.0,0,0,1,0,0.675,0.2
539,5,0.6147990226745605,0.2171367108821869,-0.22379757463932037,6.28,6.28,1,0,1,0.12,0.01,0.0,0.01,0.1,0.9,-1.2,0.0,0,0,1,1,0.675,0.2
539,6,-0.005089226178824902,0.07880537211894989,0.09941069036722183,5.4774212924322825,5.500710657469297,1,0,1,0.12,0.01,0.0,0.01,0.1,0.9,-1.2,0.0,0,0,1,0,0.675,0.2
539,7,-1.1209690570831299,0.2157278209924698,2.9013686180114746,0.0,0.0,0,0,0,0.12,0.01,0.0,0.01,0.1,0.9,-1.2,0.0,0,0,1,0,0.675,0.2
540,0,0.5528243184089661,0.16271862387657166,0.2443627417087555,5.521891091527198,5.635944749651694,1,0,1,0.12,0.01,0.0,0.01,0.1,0.9,-1.2,0.0,0,0,1,1,0.675,0.2
540,1,-0.3435152471065521,-0.12190601229667664,0.369907021522522,5.684168939002479,5.651105936161551,1,0,1,0.12,0.01,0.0,0.01,0.1,0.9,-1.2,0.0,0,0,1,0,0.675,0.2
540,2,0.6883924007415771,0.20719781517982483,2.7442941665649414,0.7030659096972934,5.84589531247449,1,0,1,0.12,0.01,0.0,0.01,0.1,0.9,-1.2,0.0,0,0,1,1,0.675,0.2
540,3,0.3186187446117401,-0.0020538398530334234,0.5084954500198364,5.694325575970054,5.698726972200036,1,0,1,0.12,0.01,0.0,0.01,0.1,0.9,-1.2,0.0,0,0,1,0,0.675,0.2
540,4,0.08619581162929535,0.2836464047431946,-0.1384776532649994,5.674235390808274,5.673108888480971,1,0,1,0.12,0.01,0.0,0.01,0.1,0.9,-1.2,0.0,0,0,1,0,0.675,0.2
540,5,0.6157925724983215,0.21434499323368073,-0.22314193844795227,6.187840467422238,6.28,1,0,1,0.12,0.01,0.0,0.01,0.1,0.9,-1.2,0.0,0,0,1,1,0.675,0.2
540,6,0.005836069118231535,0.07989919930696487,0.10022011399269104,5.476443307776654,5.500351769547259,1,0,1,0.12,0.01,0.0,0.01,0.1,0.9,-1.2,0.0,0,0,1,0,0.675,0.2
540,7,-1.1209690570831299,0.2157278209924698,2.9013686180114746,0.0,0.0,0,0,0,0.12,0.01,0.0,0.01,0.1,0.9,-1.2,0.0,0,0,1,0,0.675,0.2
541,0,0.5625246167182922,0.16489891707897186,0.22311332821846008,5.47045140956087,5.763100390690137,1,0,1,0.12,0.01,0.0,0.01,0.1,0.9,-1.2,0.0,0,0,1,1,0.675,0.2
541,1,-0.33293867111206055,-0.11781244724988937,0.3685748875141144,5.67896470942911,5.65160643539015,1,0,1,0.12,0.01,0.0,0.01,0.1,0.9,-1.2,0.0,0,0,1,0,0.675,0.2
541,2,0.6928131580352783,0.20714344084262848,3.0689685344696045,3.7078971605811555,6.07651027626653,1,0,1,0.12,0.01,0.0,0.01,0.1,0.9,-1.2,0.0,0,0,1,1,0.675,0.2
541,3,0.3285706639289856,0.0034941802732646465,0.5086612701416016,5.694089511982814,5.698656906731709,1,0,1,0.12,0.01,0.0,0.01,0.1,0.9,-1.2,0.0,0,0,1,0,0.675,0.2
541,4,0.09745819866657257,0.2820765972137451,-0.1385253220796585,5.666195887038678,5.665067103793651,1,0,1,0.12,0.01,0.0,0.01,0.1,0.9,-1.2,0.0,0,0,1,0,0.675,0.2
541,5,0.6194053888320923,0.21212245523929596,-0.22276835143566132,6.130920681872149,6.28,1,0,1,0.12,0.01,0.0,0.01,0.1,0.9,-1.2,0.0,0,0,1,1,0.675,0.2
541,6,0.016759024932980537,0.08100175857543945,0.10104092210531235,5.4753989985243665,5.500026423667253,1,0,1,0.12,0.01,0.0,0.01,0.1,0.9,-1.2,0.0,0,0,1,0,0.675,0.2
541,7,-1.1209690570831299,0.2157278209924698,2.9013683795928955,0.0,0.0,0,0,0,0.12,0.01,0.0,0.01,0.1,0.9,-1.2,0.0,0,0,1,0,0.675,0.2
542,0,0.571552038192749,0.16680273413658142,0.17526595294475555,5.23676536515606,5.920159895864599,1,0,1,0.12,0.01,0.0,0.01,0.1,0.9,-1.2,0.0,0,0,1,1,0.675,0.2
542,1,-0.3223612904548645,-0.11373443901538849,0.36736464500427246,5.674128714941828,5.651902463294178,1,0,1,0.12,0.01,0.0,0.01,0.1,0.9,-1.2,0.0,0,0,1,0,0.675,0.2
542,2,0.7053025364875793,0.20683325827121735,-2.985731840133667,5.387671431651329,5.586288669953131,1,0,1,0.12,0.01,0.0,0.01,0.1,0.9,-1.2,0.0,0,0,1,1,0.675,0.2
542,3,0.33852100372314453,0.009043466299772263,0.5088273286819458,5.694022498494978,5.698861547344329,1,0,1,0.12,0.01,0.0,0.01,0.1,0.9,-1.2,0.0,0,0,1,0,0.675,0.2
542,4,0.10870058089494705,0.2805091142654419,-0.1385621279478073,5.66189248673929,5.660686763000356,1,0,1,0.12,0.01,0.0,0.01,0.1,0.9,-1.2,0.0,0,0,1,0,0.675,0.2
542,5,0.631583571434021,0.20959322154521942,-0.22001203894615173,6.178209040485524,6.28,1,0,1,0.12,0.01,0.0,0.01,0.1,0.9,-1.2,0.0,0,0,1,1,0.675,0.2
542,6,0.027679678052663803,0.08211328834295273,0.10187800228595734,5.474320317080695,5.499750649163048,1,0,1,0.12,0.01,0.0,0.01,0.1,0.9,-1.2,0.0,0,0,1,0,0.675,0.2
542,7,-1.1209690570831299,0.2157278209924698,2.9013686180114746,0.0,0.0,0,0,0,0.12,0.01,0.0,0.01,0.1,0.9,-1.2,0.0,0,0,1,0,0.675,0.2
543,0,0.5805087685585022,0.16876257956027985,0.18386423587799072,5.181228281232563,5.964803217676431,1,0,1,0.12,0.01,0.0,0.01,0.1,0.9,-1.2,0.0,0,0,1,1,0.675,0.2
543,1,-0.31178370118141174,-0.10967002063989639,0.36635318398475647,5.669877274942148,5.651789621401082,1,0,1,0.12,0.01,0.0,0.01,0.1,0.9,-1.2,0.0,0,0,1,0,0.675,0.2
543,2,0.7175132036209106,0.20479227602481842,-2.8720908164978027,5.840387866302053,5.011578276352367,1,0,1,0.12,0.01,0.0,0.01,0.1,0.9,-1.2,0.0,0,0,1,1,0.675,0.2
543,3,0.3484700620174408,0.014594248495995998,0.5089953541755676,5.6939255926853445,5.699084665989277,1,0,1,0.12,0.01,0.0,0.01,0.1,0.9,-1.2,0.0,0,0,1,0,0.675,0.2
543,4,0.1199263259768486,0.27894341945648193,-0.1386004537343979,5.65788670194894,5.656605091564358,1,0,1,0.12,0.01,0.0,0.01,0.1,0.9,-1.2,0.0,0,0,1,0,0.675,0.2
543,5,0.6437124609947205,0.20691359043121338,-0.21507984399795532,6.217275460653065,6.28,1,0,1,0.12,0.01,0.0,0.01,0.1,0.9,-1.2,0.0,0,0,1,1,0.675,0.2
543,6,0.03859797865152359,0.0832340195775032,0.10275093466043472,5.473291321153251,5.49950625145951,1,0,1,0.12,0.01,0.0,0.01,0.1,0.9,-1.2,0.0,0,0,1,0,0.675,0.2
543,7,-1.1209690570831299,0.2157278209924698,2.9013686180114746,0.0,0.0,0,0,0,0.12,0.01,0.0,0.01,0.1,0.9,-1.2,0.0,0,0,1,0,0.675,0.2
544,0,0.5900002121925354,0.1708928793668747,0.20730803906917572,5.170166676920411,5.993168467599394,1,0,1,0.12,0.01,0.0,0.01,0.1,0.9,-1.2,0.0,0,0,1,1,0.675,0.2
544,1,-0.30120667815208435,-0.1056169643998146,0.3655296266078949,5.666179408719732,5.6512937942240695,1,0,1,0.12,0.01,0.0,0.01,0.1,0.9,-1.2,0.0,0,0,1,0,0.675,0.2
544,2,0.7296828031539917,0.20173782110214233,-2.8528881072998047,6.28,5.110003630572718,1,0,1,0.12,0.01,0.0,0.01,0.1,0.9,-1.2,0.0,0,0,1,1,0.675,0.2
544,3,0.35841819643974304,0.020146800205111504,0.5091742873191833,5.693844816450358,5.699323781963108,1,0,1,0.12,0.01,0.0,0.01,0.1,0.9,-1.2,0.0,0,0,1,0,0.675,0.2
544,4,0.13114194571971893,0.2773786783218384,-0.1386570930480957,5.6544011158212415,5.653146244837403,1,0,1,0.12,0.01,0.0,0.01,0.1,0.9,-1.2,0.0,0,0,1,0,0.675,0.2
544,5,0.6558799743652344,0.20428629219532013,-0.21112729609012604,6.2536974078657686,6.28,1,0,1,0.12,0.01,0.0,0.01,0.1,0.9,-1.2,0.0,0,0,1,1,0.675,0.2
544,6,0.049513909965753555,0.08436423540115356,0.10365995019674301,5.472316739467463,5.499325516315618,1,0,1,0.12,0.01,0.0,0.01,0.1,0.9,-1.2,0.0,0,0,1,0,0.675,0.2
544,7,-1.1209690570831299,0.2157278209924698,2.9013686180114746,0.0,0.0,0,0,0,0.12,0.01,0.0,0.01,0.1,0.9,-1.2,0.0,0,0,1,0,0.675,0.2
545,0,0.5998727083206177,0.1733221858739853,0.2369956225156784,5.1851027720832,6.01002674165734,1,0,1,0.12,0.01,0.0,0.01,0.1,0.9,-1.2,0.0,0,0,1,1,0.675,0.2
545,1,-0.2906307280063629,-0.10157337784767151,0.3648574650287628,5.662932805361738,5.650507934746751,1,0,1,0.12,0.01,0.0,0.01,0.1,0.9,-1.2,0.0,0,0,1,0,0.675,0.2
545,2,0.7418832778930664,0.1987277865409851,-2.8782665729522705,6.28,4.987478035952917,1,0,1,0.12,0.01,0.0,0.01,0.1,0.9,-1.2,0.0,0,0,1,1,0.675,0.2
545,3,0.36836543679237366,0.025701260194182396,0.509367048740387,5.693798604697432,5.699578669577395,1,0,1,0.12,0.01,0.0,0.01,0.1,0.9,-1.2,0.0,0,0,1,0,0.675,0.2
545,4,0.14234939217567444,0.2758145332336426,-0.13871683180332184,5.65134479437503,5.650126677411469,1,0,1,0.12,0.01,0.0,0.01,0.1,0.9,-1.2,0.0,0,0,1,0,0.675,0.2
545,5,0.6680926084518433,0.2016880065202713,-0.20854198932647705,6.28,6.28,1,0,1,0.12,0.01,0.0,0.01,0.1,0.9,-1.2,0.0,0,0,1,1,0.675,0.2
545,6,0.060427505522966385,0.08550425618886948,0.10458693653345108,5.4713209659131214,5.499242028567011,1,0,1,0.12,0.01,0.0,0.01,0.1,0.9,-1.2,0.0,0,0,1,0,0.675,0.2
545,7,-1.1209690570831299,0.2157278209924698,2.9013683795928955,0.0,0.0,0,0,0,0.12,0.01,0.0,0.01,0.1,0.9,-1.2,0.0,0,0,1,0,0.675,0.2
546,0,0.6101299524307251,0.1760866940021515,0.26846930384635925,5.216405509086478,6.01821398916639,1,0,1,0.12,0.01,0.0,0.01,0.1,0.9,-1.2,0.0,0,0,1,1,0.675,0.2
546,1,-0.28005632758140564,-0.09753776341676712,0.36430349946022034,5.660042880463499,5.649514229607683,1,0,1,0.12,0.01,0.0,0.01,0.1,0.9,-1.2,0.0,0,0,1,0,0.675,0.2
546,2,0.7541355490684509,0.19599288702011108,-2.9190187454223633,6.28,5.015429805499975,1,0,1,0.12,0.01,0.0,0.01,0.1,0.9,-1.2,0.0,0,0,1,1,0.675,0.2
546,3,0.37831178307533264,0.0312577486038208,0.5095688700675964,5.693771265788252,5.6998672258423015,1,0,1,0.12,0.01,0.0,0.01,0.1,0.9,-1.2,0.0,0,0,1,0,0.675,0.2
546,4,0.1535496860742569,0.2742508053779602,-0.13875751197338104,5.648738085264616,5.647430078154153,1,0,1,0.12,0.01,0.0,0.01,0.1,0.9,-1.2,0.0,0,0,1,0,0.675,0.2
546,5,0.6803485155105591,0.1991043984889984,-0.20735016465187073,-6.28,3.2818050654203894,1,0,1,0.12,0.01,0.0,0.01,0.1,0.9,-1.2,0.0,0,0,1,1,0.675,0.2
546,6,0.07133886218070984,0.0866544097661972,0.10553017258644104,5.470286935665459,5.499261349342018,1,0,1,0.12,0.01,0.0,0.01,0.1,0.9,-1.2,0.0,0,0,1,0,0.675,0.2
546,7,-1.1209690570831299,0.2157278209924698,2.9013686180114746,0.0,0.0,0,0,0,0.12,0.01,0.0,0.01,0.1,0.9,-1.2,0.0,0,0,1,0,0.675,0.2
547,0,0.6207531094551086,0.17920249700546265,0.29964080452919006,5.25930225811645,6.0210698250706525,1,0,1,0.12,0.01,0.0,0.01,0.1,0.9,-1.2,0.0,0,0,1,1,0.675,0.2
547,1,-0.2694837152957916,-0.09350895136594772,0.3638422191143036,5.657437440022048,5.64837688578743,1,0,1,0.12,0.01,0.0,0.01,0.1,0.9,-1.2,0.0,0,0,1,0,0.675,0.2
547,2,0.7664341926574707,0.19373854994773865,-2.964606285095215,6.28,5.120282544342648,1,0,1,0.12,0.01,0.0,0.01,0.1,0.9,-1.2,0.0,0,0,1,1,0.675,0.2
547,3,0.38825714588165283,0.036816395819187164,0.5097782611846924,5.693759141752597,5.700198055913571,1,0,1,0.12,0.01,0.0,0.01,0.1,0.9,-1.2,0.0,0,0,1,0,0.675,0.2
547,4,0.16474376618862152,0.2726874351501465,-0.13878947496414185,5.646503457679338,5.645041352258139,1,0,1,0.12,0.01,0.0,0.01,0.1,0.9,-1.2,0.0,0,0,1,0,0.675,0.2
547,5,0.6926345825195312,0.19652223587036133,-0.2072000503540039,-6.28,3.1988966491987068,1,0,1,0.12,0.01,0.0,0.01,0.1,0.9,-1.2,0.0,0,0,1,1,0.675,0.2
547,6,0.08224803954362869,0.08781502395868301,0.10651082545518875,5.469274987817428,5.49933082854686,1,0,1,0.12,0.01,0.0,0.01,0.1,0.9,-1.2,0.0,0,0,1,0,0.675,0.2
547,7,-1.1209690570831299,0.2157278209924698,2.9013686180114746,0.0,0.0,0,0,0,0.12,0.01,0.0,0.01,0.1,0.9,-1.2,0.0,0,0,1,0,0.675,0.2
548,0,0.6266028881072998,0.1817009299993515,0.2942005395889282,5.308044070904592,6.083721225554606,1,0,1,0.12,0.01,0.0,0.01,0.1,0.9,-1.2,0.0,0,0,1,1,0.675,0.2
548,1,-0.2589130699634552,-0.08948605507612228,0.3634513020515442,5.655052756940398,5.647150570476976,1,0,1,0.12,0.01,0.0,0.01,0.1,0.9,-1.2,0.0,0,0,1,0,0.675,0.2
548,2,0.769535481929779,0.1929248720407486,-2.982250213623047,6.28,5.1759151479425665,1,0,1,0.12,0.01,0.0,0.01,0.1,0.9,-1.2,0.0,0,0,1,1,0.675,0.2
548,3,0.39820152521133423,0.04237733408808708,0.5100011825561523,5.6935474228700516,5.700208787933933,1,0,1,0.12,0.01,0.0,0.01,0.1,0.9,-1.2,0.0,0,0,1,0,0.675,0.2
548,4,0.1759323924779892,0.27112430334091187,-0.1388394683599472,5.635950145392058,5.634432556958557,1,0,1,0.12,0.01,0.0,0.01,0.1,0.9,-1.2,0.0,0,0,1,0,0.675,0.2
548,5,0.6965013742446899,0.19669665396213531,-0.145804300904274,-6.28,3.152175971619441,1,0,1,0.12,0.01,0.0,0.01,0.1,0.9,-1.2,0.0,0,0,1,1,0.675,0.2
548,6,0.09315506368875504,0.08898648619651794,0.10754020512104034,5.468225926309672,5.499224752038868,1,0,1,0.12,0.01,0.0,0.01,0.1,0.9,-1.2,0.0,0,0,1,0,0.675,0.2
548,7,-1.1209690570831299,0.2157278209924698,2.9013686180114746,0.0,0.0,0,0,0,0.12,0.01,0.0,0.01,0.1,0.9,-1.2,0.0,0,0,1,0,0.675,0.2
549,0,0.6279401779174805,0.18328747153282166,0.31609711050987244,5.5323073480850855,6.0638010288947415,1,0,1,0.12,0.01,0.0,0.01,0.1,0.9,-1.2,0.0,0,0,1,1,0.675,0.2
549,1,-0.24834448099136353,-0.0854683592915535,0.36311185359954834,5.652833668846476,5.645880521875035,1,0,1,0.12,0.01,0.0,0.01,0.1,0.9,-1.2,0.0,0,0,1,0,0.675,0.2
549,2,0.7687182426452637,0.19161486625671387,-3.0162534713745117,6.28,5.236524789893031,1,0,1,0.12,0.01,0.0,0.01,0.1,0.9,-1.2,0.0,0,0,1,1,0.675,0.2
549,3,0.40814489126205444,0.04794071242213249,0.5102415680885315,5.693349896398531,5.700161965164196,1,0,1,0.12,0.01,0.0,0.01,0.1,0.9,-1.2,0.0,0,0,1,0,0.675,0.2
549,4,0.18711623549461365,0.269561231136322,-0.13890603184700012,5.631459671468545,5.629981469898413,1,0,1,0.12,0.01,0.0,0.01,0.1,0.9,-1.2,0.0,0,0,1,0,0.675,0.2
549,5,0.6979313492774963,0.19725766777992249,-0.08951438963413239,-6.28,3.093784766492845,1,0,1,0.12,0.01,0.0,0.01,0.1,0.9,-1.2,0.0,0,0,1,1,0.675,0.2
549,6,0.10405994951725006,0.09016919136047363,0.10860437899827957,5.4671095660128035,5.499011511524733,1,0,1,0.12,0.01,0.0,0.01,0.1,0.9,-1.2,0.0,0,0,1,0,0.675,0.2
549,7,-1.1209690570831299,0.2157278209924698,2.9013683795928955,0.0,0.0,0,0,0,0.12,0.01,0.0,0.01,0.1,0.9,-1.2,0.0,0,0,1,0,0.675,0.2
550,0,0.6258549094200134,0.1845153123140335,0.3685680329799652,5.888882735989833,5.9146968030707585,1,0,1,0.12,0.01,0.0,0.01,0.1,0.9,-1.2,0.0,0,0,1,1,0.675,0.2
550,1,-0.23777800798416138,-0.08145531266927719,0.36281251907348633,5.650748940229228,5.644587157249639,1,0,1,0.12,0.01,0.0,0.01,0.1,0.9,-1.2,0.0,0,0,1,0,0.675,0.2
550,2,0.7694959044456482,0.19080300629138947,-3.031463384628296,6.28,5.262751131603134,1,0,1,0.12,0.01,0.0,0.01,0.1,0.9,-1.2,0.0,0,0,1,1,0.675,0.2
550,3,0.41808682680130005,0.05350644513964653,0.5104915499687195,5.6932453353530095,5.700191543566591,1,0,1,0.12,0.01,0.0,0.01,0.1,0.9,-1.2,0.0,0,0,1,0,0.675,0.2
550,4,0.19828230142593384,0.2680000066757202,-0.13896049559116364,5.627902721948398,5.626380020790326,1,0,1,0.12,0.01,0.0,0.01,0.1,0.9,-1.2,0.0,0,0,1,0,0.675,0.2
550,5,0.6975651979446411,0.19766497611999512,0.061182647943496704,-6.28,2.782637821187471,1,0,1,0.12,0.01,0.0,0.01,0.1,0.9,-1.2,0.0,0,0,1,1,0.675,0.2
550,6,0.11496247351169586,0.09136350452899933,0.10968951135873795,5.465696305819746,5.497483520916703,1,0,1,0.12,0.01,0.0,0.01,0.1,0.9,-1.2,0.0,0,0,1,0,0.675,0.2
550,7,-1.1209690570831299,0.2157278209924698,2.9013683795928955,0.0,0.0,0,0,0,0.12,0.01,0.0,0.01,0.1,0.9,-1.2,0.0,0,0,1,0,0.675,0.2
551,0,0.6221476793289185,0.18877829611301422,0.38864582777023315,6.265648342589443,5.665749423285419,1,0,1,0.12,0.01,0.0,0.01,0.1,0.9,-1.2,0.0,0,0,1,1,0.675,0.2
551,1,-0.22721366584300995,-0.07744648307561874,0.3625486493110657,5.648783088812316,5.643281399121796,1,0,1,0.12,0.01,0.0,0.01,0.1,0.9,-1.2,0.0,0,0,1,0,0.675,0.2
551,2,0.7682043313980103,0.18974030017852783,-3.0709776878356934,6.28,5.344567433702201,1,0,1,0.12,0.01,0.0,0.01,0.1,0.9,-1.2,0.0,0,0,1,1,0.675,0.2
551,3,0.42802712321281433,0.05907454341650009,0.5107435584068298,5.6931865022212085,5.700278867718595,1,0,1,0.12,0.01,0.0,0.01,0.1,0.9,-1.2,0.0,0,0,1,0,0.675,0.2
551,4,0.20943695306777954,0.2664397060871124,-0.13900624215602875,5.625387826199565,5.623755431537595,1,0,1,0.12,0.01,0.0,0.01,0.1,0.9,-1.2,0.0,0,0,1,0,0.675,0.2
551,5,0.6952378153800964,0.19711151719093323,0.42705675959587097,-6.28,2.6043574820483464,1,0,1,0.12,0.01,0.0,0.01,0.1,0.9,-1.2,0.0,0,0,1,1,0.675,0.2
551,6,0.12586238980293274,0.0925697386264801,0.11080680042505264,5.46477399958517,5.497128022776583,1,0,1,0.12,0.01,0.0,0.01,0.1,0.9,-1.2,0.0,0,0,1,0,0.675,0.2
551,7,-1.1209690570831299,0.2157278209924698,2.9013686180114746,0.0,0.0,0,0,0,0.12,0.01,0.0,0.01,0.1,0.9,-1.2,0.0,0,0,1,0,0.675,0.2
552,0,0.6230383515357971,0.19327476620674133,0.39242279529571533,6.28,5.439713347541302,1,0,1,0.12,0.01,0.0,0.01,0.1,0.9,-1.2,0.0,0,0,1,1,0.675,0.2
552,1,-0.21665146946907043,-0.07344146817922592,0.3623156249523163,5.646921290393469,5.641971843008401,1,0,1,0.12,0.01,0.0,0.01,0.1,0.9,-1.2,0.0,0,0,1,0,0.675,0.2
552,2,0.769778847694397,0.18914107978343964,-3.110978841781616,6.28,5.459616664078139,1,0,1,0.12,0.01,0.0,0.01,0.1,0.9,-1.2,0.0,0,0,1,1,0.675,0.2
552,3,0.43796586990356445,0.06464512646198273,0.5109991431236267,5.6931288557374415,5.700490800825361,1,0,1,0.12,0.01,0.0,0.01,0.1,0.9,-1.2,0.0,0,0,1,0,0.675,0.2
552,4,0.22058404982089996,0.26487985253334045,-0.1390693038702011,5.624201060125617,5.622551887443277,1,0,1,0.12,0.01,0.0,0.01,0.1,0.9,-1.2,0.0,0,0,1,0,0.675,0.2
552,5,0.6966568827629089,0.19819119572639465,0.5753064155578613,-6.28,2.75012250975271,1,0,1,0.12,0.01,0.0,0.01,0.1,0.9,-1.2,0.0,0,0,1,1,0.675,0.2
552,6,0.13675832748413086,0.09378796815872192,0.111940898001194,5.463811094460999,5.49709070235678,1,0,1,0.12,0.01,0.0,0.01,0.1,0.9,-1.2,0.0,0,0,1,0,0.675,0.2
552,7,-1.1209690570831299,0.2157278209924698,2.9013686180114746,0.0,0.0,0,0,0,0.12,0.01,0.0,0.01,0.1,0.9,-1.2,0.0,0,0,1,0,0.675,0.2
553,0,0.6227889060974121,0.19776399433612823,0.375039279460907,6.28,5.23411639990565,1,0,1,0.12,0.01,0.0,0.01,0.1,0.9,-1.2,0.0,0,0,1,1,0.675,0.2
553,1,-0.20609143376350403,-0.06943996995687485,0.3621062934398651,5.645141881095048,5.6406757420433795,1,0,1,0.12,0.01,0.0,0.01,0.1,0.9,-1.2,0.0,0,0,1,0,0.675,0.2
553,2,0.7698846459388733,0.18901658058166504,3.1286487579345703,6.28,5.573451224728487,1,0,1,0.12,0.01,0.0,0.01,0.1,0.9,-1.2,0.0,0,0,1,1,0.675,0.2
553,3,0.4479031562805176,0.07021830230951309,0.5112630724906921,5.693058144097391,5.700736720318731,1,0,1,0.12,0.01,0.0,0.01,0.1,0.9,-1.2,0.0,0,0,1,0,0.675,0.2
553,4,0.2317255288362503,0.26332008838653564,-0.13914735615253448,5.623366077766205,5.621780777945731,1,0,1,0.12,0.01,0.0,0.01,0.1,0.9,-1.2,0.0,0,0,1,0,0.675,0.2
553,5,0.6966360211372375,0.19805097579956055,0.7952092289924622,-6.28,3.058878205330366,1,0,1,0.12,0.01,0.0,0.01,0.1,0.9,-1.2,0.0,0,0,1,1,0.675,0.2
553,6,0.14765125513076782,0.09501833468675613,0.11309360712766647,5.4628024014912535,5.497111031106859,1,0,1,0.12,0.01,0.0,0.01,0.1,0.9,-1.2,0.0,0,0,1,0,0.675,0.2
553,7,-1.1209690570831299,0.2157278209924698,2.9013686180114746,0.0,0.0,0,0,0,0.12,0.01,0.0,0.01,0.1,0.9,-1.2,0.0,0,0,1,0,0.675,0.2
554,0,0.6222579479217529,0.2019350230693817,0.3467106223106384,6.28,5.062004801878789,1,0,1,0.12,0.01,0.0,0.01,0.1,0.9,-1.2,0.0,0,0,1,1,0.675,0.2
554,1,-0.19553355872631073,-0.06544169038534164,0.36191582679748535,5.643429659825065,5.639403081912299,1,0,1,0.12,0.01,0.0,0.01,0.1,0.9,-1.2,0.0,0,0,1,0,0.675,0.2
554,2,0.7693871855735779,0.18939919769763947,3.0915799140930176,6.28,5.675328899507388,1,0,1,0.12,0.01,0.0,0.01,0.1,0.9,-1.2,0.0,0,0,1,1,0.675,0.2
554,3,0.45783907175064087,0.07579418271780014,0.5115363597869873,5.6929726590833125,5.701026142624909,1,0,1,0.12,0.01,0.0,0.01,0.1,0.9,-1.2,0.0,0,0,1,0,0.675,0.2
554,4,0.2428639680147171,0.26176002621650696,-0.13920976221561432,5.622910110615645,5.621278764344301,1,0,1,0.12,0.01,0.0,0.01,0.1,0.9,-1.2,0.0,0,0,1,0,0.675,0.2
554,5,0.6960212588310242,0.19783389568328857,1.030025601387024,-6.28,3.533845622252238,1,0,1,0.12,0.01,0.0,0.01,0.1,0.9,-1.2,0.0,0,0,1,1,0.675,0.2
554,6,0.15854166448116302,0.09626114368438721,0.1142631322145462,5.461724336451335,5.497240845853048,1,0,1,0.12,0.01,0.0,0.01,0.1,0.9,-1.2,0.0,0,0,1,0,0.675,0.2
554,7,-1.1209690570831299,0.2157278209924698,2.9013683795928955,0.0,0.0,0,0,0,0.12,0.01,0.0,0.01,0.1,0.9,-1.2,0.0,0,0,1,0,0.675,0.2
555,0,0.6226719617843628,0.2056940793991089,0.30994752049446106,6.28,4.92844451143593,1,0,1,0.12,0.01,0.0,0.01,0.1,0.9,-1.2,0.0,0,0,1,1,0.675,0.2
555,1,-0.18497785925865173,-0.0614464096724987,0.36174410581588745,5.641783400684037,5.6381519294684725,1,0,1,0.12,0.01,0.0,0.01,0.1,0.9,-1.2,0.0,0,0,1,0,0.675,0.2
555,2,0.7695772647857666,0.19016343355178833,3.0625085830688477,6.223748682243614,5.772336067455024,1,0,1,0.12,0.01,0.0,0.01,0.1,0.9,-1.2,0.0,0,0,1,1,0.675,0.2
555,3,0.46777358651161194,0.08137288689613342,0.5118157863616943,5.6928489361378976,5.701374873104349,1,0,1,0.12,0.01,0.0,0.01,0.1,0.9,-1.2,0.0,0,0,1,0,0.675,0.2
555,4,0.25400057435035706,0.26019951701164246,-0.13925407826900482,5.622743893262487,5.62093889355983,1,0,1,0.12,0.01,0.0,0.01,0.1,0.9,-1.2,0.0,0,0,1,0,0.675,0.2
555,5,0.6962085962295532,0.1987561583518982,1.2277342081069946,-6.28,3.906793098483717,1,0,1,0.12,0.01,0.0,0.01,0.1,0.9,-1.2,0.0,0,0,1,1,0.675,0.2
555,6,0.16942955553531647,0.09751681238412857,0.11546079814434052,5.460576805572602,5.497515109081176,1,0,1,0.12,0.01,0.0,0.01,0.1,0.9,-1.2,0.0,0,0,1,0,0.675,0.2
555,7,-1.1209690570831299,0.2157278209924698,2.9013686180114746,0.0,0.0,0,0,0,0.12,0.01,0.0,0.01,0.1,0.9,-1.2,0.0,0,0,1,0,0.675,0.2
556,0,0.6230385303497314,0.2089674323797226,0.2641369104385376,6.28,4.86664813517829,1,0,1,0.12,0.01,0.0,0.01,0.1,0.9,-1.2,0.0,0,0,1,1,0.675,0.2
556,1,-0.17442433536052704,-0.05745391547679901,0.3615911900997162,5.640201707765951,5.63691789896737,1,0,1,0.12,0.01,0.0,0.01,0.1,0.9,-1.2,0.0,0,0,1,0,0.675,0.2
556,2,0.7697193026542664,0.1912461519241333,3.0386850833892822,6.142516537201099,5.856732742297954,1,0,1,0.12,0.01,0.0,0.01,0.1,0.9,-1.2,0.0,0,0,1,1,0.675,0.2
556,3,0.4777067303657532,0.0869545266032219,0.512104332447052,5.692688793091246,5.701777011008789,1,0,1,0.12,0.01,0.0,0.01,0.1,0.9,-1.2,0.0,0,0,1,0,0.675,0.2
556,4,0.2651360034942627,0.25863850116729736,-0.13931216299533844,5.622669887666505,5.620759102578359,1,0,1,0.12,0.01,0.0,0.01,0.1,0.9,-1.2,0.0,0,0,1,0,0.675,0.2
556,5,0.6963618993759155,0.2000247985124588,1.4463276863098145,-4.892647189036049,4.330230814352669,1,0,1,0.12,0.01,0.0,0.01,0.1,0.9,-1.2,0.0,0,0,1,1,0.675,0.2
556,6,0.18031492829322815,0.09878575056791306,0.11671046167612076,5.459515801577519,5.497551330418636,1,0,1,0.12,0.01,0.0,0.01,0.1,0.9,-1.2,0.0,0,0,1,0,0.675,0.2
556,7,-1.1209690570831299,0.2157278209924698,2.9013686180114746,0.0,0.0,0,0,0,0.12,0.01,0.0,0.01,0.1,0.9,-1.2,0.0,0,0,1,0,0.675,0.2
557,0,0.6231697201728821,0.2116706669330597,0.21285061538219452,6.28,4.882270819273662,1,0,1,0.12,0.01,0.0,0.01,0.1,0.9,-1.2,0.0,0,0,1,1,0.675,0.2
557,1,-0.16387298703193665,-0.05346401408314705,0.36145302653312683,5.638672845909931,5.635707897593639,1,0,1,0.12,0.01,0.0,0.01,0.1,0.9,-1.2,0.0,0,0,1,0,0.675,0.2
557,2,0.7696735262870789,0.1925848424434662,3.020573377609253,6.051341175692398,5.936723530633133,1,0,1,0.12,0.01,0.0,0.01,0.1,0.9,-1.2,0.0,0,0,1,1,0.675,0.2
557,3,0.4876384139060974,0.09253925085067749,0.5124112963676453,5.692518354721902,5.7022100376406915,1,0,1,0.12,0.01,0.0,0.01,0.1,0.9,-1.2,0.0,0,0,1,0,0.675,0.2
557,4,0.2762708067893982,0.25707682967185974,-0.13939473032951355,5.622610144889337,5.620726636970061,1,0,1,0.12,0.01,0.0,0.01,0.1,0.9,-1.2,0.0,0,0,1,0,0.675,0.2
557,5,0.6964368224143982,0.20235022902488708,1.6339070796966553,-4.288107332333718,4.521256756529008,1,0,1,0.12,0.01,0.0,0.01,0.1,0.9,-1.2,0.0,0,0,1,1,0.675,0.2
557,6,0.19119779765605927,0.10006846487522125,0.11801844835281372,5.458447864053285,5.497889707090818,1,0,1,0.12,0.01,0.0,0.01,0.1,0.9,-1.2,0.0,0,0,1,0,0.675,0.2
557,7,-1.1209690570831299,0.2157278209924698,2.9013686180114746,0.0,0.0,0,0,0,0.12,0.01,0.0,0.01,0.1,0.9,-1.2,0.0,0,0,1,0,0.675,0.2
558,0,0.6234332919120789,0.2137715369462967,0.15851551294326782,6.28,4.966555100981074,1,0,1,0.12,0.01,0.0,0.01,0.1,0.9,-1.2,0.0,0,0,1,1,0.675,0.2
558,1,-0.15332378447055817,-0.04947653040289879,0.36132562160491943,5.637185722779277,5.634527563858982,1,0,1,0.12,0.01,0.0,0.01,0.1,0.9,-1.2,0.0,0,0,1,0,0.675,0.2
558,2,0.7698118686676025,0.19410641491413116,3.008711814880371,5.967259508972194,6.000172811145755,1,0,1,0.12,0.01,0.0,0.01,0.1,0.9,-1.2,0.0,0,0,1,1,0.675,0.2
558,3,0.4975685775279999,0.09812723845243454,0.5127414464950562,5.692328964259121,5.702689225886371,1,0,1,0.12,0.01,0.0,0.01,0.1,0.9,-1.2,0.0,0,0,1,0,0.675,0.2
558,4,0.28740522265434265,0.2555144429206848,-0.1394737809896469,5.62260937541662,5.620713652670995,1,0,1,0.12,0.01,0.0,0.01,0.1,0.9,-1.2,0.0,0,0,1,0,0.675,0.2
558,5,0.6964512467384338,0.20257167518138885,1.9633724689483643,-2.3432013409746504,5.122865112365566,1,0,1,0.12,0.01,0.0,0.01,0.1,0.9,-1.2,0.0,0,0,1,1,0.675,0.2
558,6,0.2020779848098755,0.10136543959379196,0.11935926973819733,5.4572284870457555,5.498393291919239,1,0,1,0.12,0.01,0.0,0.01,0.1,0.9,-1.2,0.0,0,0,1,0,0.675,0.2
558,7,-1.1209690570831299,0.2157278209924698,2.9013683795928955,0.0,0.0,0,0,0,0.12,0.01,0.0,0.01,0.1,0.9,-1.2,0.0,0,0,1,0,0.675,0.2
559,0,0.6234380006790161,0.21526120603084564,0.10394502431154251,6.28,5.108968560487425,1,0,1,0.12,0.01,0.0,0.01,0.1,0.9,-1.2,0.0,0,0,1,1,0.675,0.2
559,1,-0.1427767127752304,-0.045491307973861694,0.3612091839313507,5.635740267577035,5.633371842560902,1,0,1,0.12,0.01,0.0,0.01,0.1,0.9,-1.2,0.0,0,0,1,0,0.675,0.2
559,2,0.7697409391403198,0.1957334727048874,3.0032951831817627,5.893556830247979,6.0499096542986806,1,0,1,0.12,0.01,0.0,0.01,0.1,0.9,-1.2,0.0,0,0,1,1,0.675,0.2
559,3,0.5074970722198486,0.10371869802474976,0.5130916833877563,5.692109760801638,5.70322129412428,1,0,1,0.12,0.01,0.0,0.01,0.1,0.9,-1.2,0.0,0,0,1,0,0.675,0.2
559,4,0.2985394299030304,0.2539512515068054,-0.1395319104194641,5.622694214513314,5.620636442968834,1,0,1,0.12,0.01,0.0,0.01,0.1,0.9,-1.2,0.0,0,0,1,0,0.675,0.2
559,5,0.6962527632713318,0.20293985307216644,2.327576160430908,0.23189360724101896,5.7564783610283285,1,0,1,0.12,0.01,0.0,0.01,0.1,0.9,-1.2,0.0,0,0,1,1,0.675,0.2
559,6,0.21295565366744995,0.1026771068572998,0.12073589116334915,5.455909956180639,5.499000143325739,1,0,1,0.12,0.01,0.0,0.01,0.1,0.9,-1.2,0.0,0,0,1,0,0.675,0.2
559,7,-1.1209690570831299,0.2157278209924698,2.9013686180114746,0.0,0.0,0,0,0,0.12,0.01,0.0,0.01,0.1,0.9,-1.2,0.0,0,0,1,0,0.675,0.2
560,0,0.6248900890350342,0.21611353754997253,0.08549461513757706,6.28,5.11363491659592,1,0,1,0.12,0.01,0.0,0.01,0.1,0.9,-1.2,0.0,0,0,1,1,0.675,0.2
560,1,-0.1322317272424698,-0.04150819405913353,0.36110588908195496,5.634342483808361,5.6322302002412465,1,0,1,0.12,0.01,0.0,0.01,0.1,0.9,-1.2,0.0,0,0,1,0,0.675,0.2
560,2,0.7670627236366272,0.1972988098859787,2.98224139213562,5.7640620940784615,6.126210940494137,1,0,1,0.12,0.01,0.0,0.01,0.1,0.9,-1.2,0.0,0,0,1,1,0.675,0.2
560,3,0.5174238085746765,0.10931387543678284,0.5134623050689697,5.691845112281584,5.703816271585678,1,0,1,0.12,0.01,0.0,0.01,0.1,0.9,-1.2,0.0,0,0,1,0,0.675,0.2
560,4,0.3096735179424286,0.25238725543022156,-0.13959315419197083,5.622794336875572,5.620569609800681,1,0,1,0.12,0.01,0.0,0.01,0.1,0.9,-1.2,0.0,0,0,1,0,0.675,0.2
560,5,0.6945689916610718,0.20416006445884705,2.545593500137329,1.361553158937611,5.955038759530864,1,0,1,0.12,0.01,0.0,0.01,0.1,0.9,-1.2,0.0,0,0,1,1,0.675,0.2
560,6,0.22383078932762146,0.10400401800870895,0.12217580527067184,5.454548190014699,5.499673833472392,1,0,1,0.12,0.01,0.0,0.01,0.1,0.9,-1.2,0.0,0,0,1,0,0.675,0.2
560,7,-1.1209690570831299,0.2157278209924698,2.9013686180114746,0.0,0.0,0,0,0,0.12,0.01,0.0,0.01,0.1,0.9,-1.2,0.0,0,0,1,0,0.675,0.2
561,0,0.6218119859695435,0.2169768065214157,0.10291624069213867,6.28,5.053507965844845,1,0,1,0.12,0.01,0.0,0.01,0.1,0.9,-1.2,0.0,0,0,1,1,0.675,0.2
561,1,-0.12168877571821213,-0.037527039647102356,0.36101460456848145,5.632990844855401,5.631100676646139,1,0,1,0.12,0.01,0.0,0.01,0.1,0.9,-1.2,0.0,0,0,1,0,0.675,0.2
561,2,0.7650719881057739,0.1984437257051468,2.984804391860962,5.727910149969187,6.145782302938374,1,0,1,0.12,0.01,0.0,0.01,0.1,0.9,-1.2,0.0,0,0,1,1,0.675,0.2
561,3,0.5273486375808716,0.11491303145885468,0.513860821723938,5.691571850317435,5.704467218381446,1,0,1,0.12,0.01,0.0,0.01,0.1,0.9,-1.2,0.0,0,0,1,0,0.675,0.2
561,4,0.32080748677253723,0.2508224546909332,-0.1396813839673996,5.62284428895853,5.620592077361127,1,0,1,0.12,0.01,0.0,0.01,0.1,0.9,-1.2,0.0,0,0,1,0,0.675,0.2
561,5,0.6929236054420471,0.20547543466091156,2.659278154373169,1.5596475144407407,5.9824669817903375,1,0,1,0.12,0.01,0.0,0.01,0.1,0.9,-1.2,0.0,0,0,1,1,0.675,0.2
561,6,0.23470328748226166,0.10534685105085373,0.12369425594806671,5.453402561128197,5.500156837522925,1,0,1,0.12,0.01,0.0,0.01,0.1,0.9,-1.2,0.0,0,0,1,0,0.675,0.2
561,7,-1.1209690570831299,0.2157278209924698,2.9013686180114746,0.0,0.0,0,0,0,0.12,0.01,0.0,0.01,0.1,0.9,-1.2,0.0,0,0,1,0,0.675,0.2
562,0,0.6197139024734497,0.2176777422428131,0.107716865837574,6.28,5.039333616009553,1,0,1,0.12,0.01,0.0,0.01,0.1,0.9,-1.2,0.0,0,0,1,1,0.675,0.2
562,1,-0.11114784330129623,-0.03354770690202713,0.3609313368797302,5.63167476679845,5.629986524323987,1,0,1,0.12,0.01,0.0,0.01,0.1,0.9,-1.2,0.0,0,0,1,0,0.675,0.2
562,2,0.7616051435470581,0.19948436319828033,2.9847323894500732,5.683516737339617,6.1687414680742005,1,0,1,0.12,0.01,0.0,0.01,0.1,0.9,-1.2,0.0,0,0,1,1,0.675,0.2
562,3,0.5372714400291443,0.12051645666360855,0.5142934918403625,5.6912730104979286,5.705199652189373,1,0,1,0.12,0.01,0.0,0.01,0.1,0.9,-1.2,0.0,0,0,1,0,0.675,0.2
562,4,0.3319413363933563,0.24925674498081207,-0.13977885246276855,5.622890101623867,5.620635016011859,1,0,1,0.12,0.01,0.0,0.01,0.1,0.9,-1.2,0.0,0,0,1,0,0.675,0.2
562,5,0.690547525882721,0.20711076259613037,2.742166757583618,1.1852212562995124,5.928037463144761,1,0,1,0.12,0.01,0.0,0.01,0.1,0.9,-1.2,0.0,0,0,1,1,0.675,0.2
562,6,0.245573028922081,0.10670635104179382,0.12528176605701447,5.452220459192295,5.500692825109462,1,0,1,0.12,0.01,0.0,0.01,0.1,0.9,-1.2,0.0,0,0,1,0,0.675,0.2
562,7,-1.1209690570831299,0.2157278209924698,2.9013683795928955,0.0,0.0,0,0,0,0.12,0.01,0.0,0.01,0.1,0.9,-1.2,0.0,0,0,1,0,0.675,0.2
563,0,0.6193234920501709,0.21829096972942352,0.10514559596776962,6.28,5.017911321158632,1,0,1,0.12,0.01,0.0,0.01,0.1,0.9,-1.2,0.0,0,0,1,1,0.675,0.2
563,1,-0.10060890018939972,-0.029570074751973152,0.3608549237251282,5.630393199261199,5.6288845021166685,1,0,1,0.12,0.01,0.0,0.01,0.1,0.9,-1.2,0.0,0,0,1,0,0.675,0.2
563,2,0.7619147300720215,0.19980502128601074,2.985966920852661,5.673669114596603,6.173710569851639,1,0,1,0.12,0.01,0.0,0.01,0.1,0.9,-1.2,0.0,0,0,1,1,0.675,0.2
563,3,0.5471919775009155,0.12612448632717133,0.5147581696510315,5.690912998683491,5.706083410017451,1,0,1,0.12,0.01,0.0,0.01,0.1,0.9,-1.2,0.0,0,0,1,1,0.675,0.2
563,4,0.34307506680488586,0.2476900815963745,-0.13985566794872284,5.623008243113082,5.620588444799858,1,0,1,0.12,0.01,0.0,0.01,0.1,0.9,-1.2,0.0,0,0,1,0,0.675,0.2
563,5,0.6891588568687439,0.20776064693927765,2.757157325744629,0.7396204223595336,5.85246845579522,1,0,1,0.12,0.01,0.0,0.01,0.1,0.9,-1.2,0.0,0,0,1,1,0.675,0.2
563,6,0.2564398944377899,0.10808329284191132,0.12691718339920044,5.4507748179240005,5.50147673561146,1,0,1,0.12,0.01,0.0,0.01,0.1,0.9,-1.2,0.0,0,0,1,0,0.675,0.2
563,7,-1.1209690570831299,0.2157278209924698,2.9013683795928955,0.0,0.0,0,0,0,0.12,0.01,0.0,0.01,0.1,0.9,-1.2,0.0,0,0,1,0,0.675,0.2
564,0,0.6154627799987793,0.21876436471939087,0.09818119555711746,6.28,5.119947258741016,1,0,1,0.12,0.01,0.0,0.01,0.1,0.9,-1.2,0.0,0,0,1,1,0.675,0.2
564,1,-0.09007192403078079,-0.025594040751457214,0.3607877790927887,5.629153616929491,5.627780966257611,1,0,1,0.12,0.01,0.0,0.01,0.1,0.9,-1.2,0.0,0,0,1,0,0.675,0.2
564,2,0.7563304305076599,0.2008698433637619,2.981823682785034,5.6050513911868585,6.206528968748903,1,0,1,0.12,0.01,0.0,0.01,0.1,0.9,-1.2,0.0,0,0,1,1,0.675,0.2
564,3,0.5571101903915405,0.13173745572566986,0.515253484249115,5.6905838058488465,5.707189072559586,1,0,1,0.12,0.01,0.0,0.01,0.1,0.9,-1.2,0.0,0,0,1,1,0.675,0.2
564,4,0.35420870780944824,0.24612246453762054,-0.1399274617433548,5.623164813621717,5.620498765603824,1,0,1,0.12,0.01,0.0,0.01,0.1,0.9,-1.2,0.0,0,0,1,0,0.675,0.2
564,5,0.683607280254364,0.20983456075191498,2.908771514892578,-0.8921109600151765,5.498665170201181,1,0,1,0.12,0.01,0.0,0.01,0.1,0.9,-1.2,0.0,0,0,1,1,0.675,0.2
564,6,0.26730379462242126,0.10947831720113754,0.12861092388629913,5.44952910990658,5.502043665934178,1,0,1,0.12,0.01,0.0,0.01,0.1,0.9,-1.2,0.0,0,0,1,0,0.675,0.2
564,7,-1.1209690570831299,0.2157278209924698,2.9013686180114746,0.0,0.0,0,0,0,0.12,0.01,0.0,0.01,0.1,0.9,-1.2,0.0,0,0,1,0,0.675,0.2
565,0,0.6065411567687988,0.21790878474712372,0.0377417616546154,6.28,5.612174245595897,1,0,1,0.12,0.01,0.0,0.01,0.1,0.9,-1.2,0.0,0,0,1,1,0.675,0.2
565,1,-0.07953690737485886,-0.021619504317641258,0.3607301712036133,5.627960316915639,5.626669086437098,1,0,1,0.12,0.01,0.0,0.01,0.1,0.9,-1.2,0.0,0,0,1,0,0.675,0.2
565,2,0.7495160698890686,0.20314887166023254,2.953829050064087,5.34965903031574,6.28,1,0,1,0.12,0.01,0.0,0.01,0.1,0.9,-1.2,0.0,0,0,1,1,0.675,0.2
565,3,0.5670259594917297,0.137355774641037,0.5157888531684875,5.690732745344022,5.709065558498522,1,0,1,0.12,0.01,0.0,0.01,0.1,0.9,-1.2,0.0,0,0,1,1,0.675,0.2
565,4,0.36534228920936584,0.2445538491010666,-0.14002402126789093,5.6232738591138665,5.620482882171458,1,0,1,0.12,0.01,0.0,0.01,0.1,0.9,-1.2,0.0,0,0,1,0,0.675,0.2
565,5,0.6764949560165405,0.21086764335632324,3.080116033554077,-4.539372403586783,4.441261072123922,1,0,1,0.12,0.01,0.0,0.01,0.1,0.9,-1.2,0.0,0,0,1,1,0.675,0.2
565,6,0.2781645655632019,0.11089213937520981,0.13039077818393707,5.448410932234432,5.502493198701237,1,0,1,0.12,0.01,0.0,0.01,0.1,0.9,-1.2,0.0,0,0,1,0,0.675,0.2
565,7,-1.1209690570831299,0.2157278209924698,2.9013686180114746,0.0,0.0,0,0,0,0.12,0.01,0.0,0.01,0.1,0.9,-1.2,0.0,0,0,1,0,0.675,0.2
566,0,0.6018971800804138,0.218110591173172,-0.05716431140899658,6.28,5.9902598904675415,1,0,1,0.12,0.01,0.0,0.01,0.1,0.9,-1.2,0.0,0,0,1,1,0.675,0.2
566,1,-0.0690038651227951,-0.017646389082074165,0.3606779873371124,5.626803682504814,5.625549628080207,1,0,1,0.12,0.01,0.0,0.01,0.1,0.9,-1.2,0.0,0,0,1,0,0.675,0.2
566,2,0.7451658844947815,0.20519830286502838,2.9224419593811035,5.0491507238438125,6.28,1,0,1,0.12,0.01,0.0,0.01,0.1,0.9,-1.2,0.0,0,0,1,1,0.675,0.2
566,3,0.5769392251968384,0.14297999441623688,0.5163758993148804,5.729191048972081,5.277692572243739,1,0,1,0.12,0.01,0.0,0.01,0.1,0.9,-1.2,0.0,0,0,1,1,0.675,0.2
566,4,0.3764757513999939,0.24298416078090668,-0.14013943076133728,5.62337082506207,5.6204983752867825,1,0,1,0.12,0.01,0.0,0.01,0.1,0.9,-1.2,0.0,0,0,1,0,0.675,0.2
566,5,0.6734068989753723,0.21080271899700165,-3.0696401596069336,-5.887764932404182,3.995033057222984,1,0,1,0.12,0.01,0.0,0.01,0.1,0.9,-1.2,0.0,0,0,1,1,0.675,0.2
566,6,0.2890220284461975,0.11232556402683258,0.13224124908447266,5.446935151844933,5.503286446303413,1,0,1,0.12,0.01,0.0,0.01,0.1,0.9,-1.2,0.0,0,0,1,0,0.675,0.2
566,7,-1.1209690570831299,0.2157278209924698,2.9013686180114746,0.0,0.0,0,0,0,0.12,0.01,0.0,0.01,0.1,0.9,-1.2,0.0,0,0,1,0,0.675,0.2
567,0,0.6002286076545715,0.21738646924495697,-0.0960368663072586,6.28,6.146304807400464,1,0,1,0.12,0.01,0.0,0.01,0.1,0.9,-1.2,0.0,0,0,1,1,0.675,0.2
567,1,-0.05847280099987984,-0.013674629852175713,0.36062753200531006,5.625678991927426,5.6244253758055756,1,0,1,0.12,0.01,0.0,0.01,0.1,0.9,-1.2,0.0,0,0,1,0,0.675,0.2
567,2,0.7424342036247253,0.207268625497818,2.9186863899230957,4.859088449455593,6.28,1,0,1,0.12,0.01,0.0,0.01,0.1,0.9,-1.2,0.0,0,0,1,1,0.675,0.2
567,3,0.585632860660553,0.1465073674917221,0.4967854619026184,5.63324790273578,5.381029436245847,1,0,1,0.12,0.01,0.0,0.01,0.1,0.9,-1.2,0.0,0,0,1,1,0.675,0.2
567,4,0.3876091539859772,0.24141332507133484,-0.14024320244789124,5.6235047087219705,5.620465074464941,1,0,1,0.12,0.01,0.0,0.01,0.1,0.9,-1.2,0.0,0,0,1,0,0.675,0.2
567,5,0.6712903380393982,0.21102529764175415,-2.7992730140686035,-5.036575949359103,4.24958061294572,1,0,1,0.12,0.01,0.0,0.01,0.1,0.9,-1.2,0.0,0,0,1,1,0.675,0.2
567,6,0.2998760938644409,0.113779217004776,0.13413861393928528,5.444948826930143,5.5045417798546765,1,0,1,0.12,0.01,0.0,0.01,0.1,0.9,-1.2,0.0,0,0,1,0,0.675,0.2
567,7,-1.1209690570831299,0.2157278209924698,2.9013683795928955,0.0,0.0,0,0,0,0.12,0.01,0.0,0.01,0.1,0.9,-1.2,0.0,0,0,1,0,0.675,0.2
568,0,0.6015247106552124,0.21902121603488922,-0.13090139627456665,6.28,6.161860593227495,1,0,1,0.12,0.01,0.0,0.01,0.1,0.9,-1.2,0.0,0,0,1,1,0.675,0.2
568,1,-0.047943707555532455,-0.00970419216901064,0.3605791926383972,5.624589633477204,5.623284984099393,1,0,1,0.12,0.01,0.0,0.01,0.1,0.9,-1.2,0.0,0,0,1,0,0.675,0.2
568,2,0.7425837516784668,0.21046072244644165,2.837510347366333,4.14100922431657,6.28,1,0,1,0.12,0.01,0.0,0.01,0.1,0.9,-1.2,0.0,0,0,1,1,0.675,0.2
568,3,0.5911138653755188,0.14685265719890594,0.5076841711997986,5.588666538026969,5.425791820260843,1,0,1,0.12,0.01,0.0,0.01,0.1,0.9,-1.2,0.0,0,0,1,1,0.675,0.2
568,4,0.39874255657196045,0.2398412674665451,-0.14033576846122742,5.62369401684728,5.620364830580088,1,0,1,0.12,0.01,0.0,0.01,0.1,0.9,-1.2,0.0,0,0,1,0,0.675,0.2
568,5,0.6714457273483276,0.2115505039691925,-2.444056749343872,-1.7951929814698702,5.457364345300436,1,0,1,0.12,0.01,0.0,0.01,0.1,0.9,-1.2,0.0,0,0,1,1,0.675,0.2
568,6,0.3107266426086426,0.11525373160839081,0.13610483705997467,5.442639920370838,5.506088700635172,1,0,1,0.12,0.01,0.0,0.01,0.1,0.9,-1.2,0.0,0,0,1,0,0.675,0.2
568,7,-1.1209690570831299,0.2157278209924698,2.9013686180114746,0.0,0.0,0,0,0,0.12,0.01,0.0,0.01,0.1,0.9,-1.2,0.0,0,0,1,0,0.675,0.2
569,0,0.6005980968475342,0.22022132575511932,-0.1512603610754013,6.28,6.12886187720158,1,0,1,0.12,0.01,0.0,0.01,0.1,0.9,-1.2,0.0,0,0,1,1,0.675,0.2
569,1,-0.037416573613882065,-0.00573505274951458,0.36053329706192017,5.623542399432157,5.6221189188699965,1,0,1,0.12,0.01,0.0,0.01,0.1,0.9,-1.2,0.0,0,0,1,0,0.675,0.2
569,2,0.7425510287284851,0.2131715714931488,2.8468878269195557,3.959592414781927,6.28,1,0,1,0.12,0.01,0.0,0.01,0.1,0.9,-1.2,0.0,0,0,1,1,0.675,0.2
569,3,0.5978771448135376,0.1491740494966507,0.5419812798500061,5.65240517249472,5.3892457188092955,1,0,1,0.12,0.01,0.0,0.01,0.1,0.9,-1.2,0.0,0,0,1,1,0.675,0.2
569,4,0.40987589955329895,0.2382679581642151,-0.14044725894927979,5.623885199647981,5.620280980843466,1,0,1,0.12,0.01,0.0,0.01,0.1,0.9,-1.2,0.0,0,0,1,0,0.675,0.2
569,5,0.6716083288192749,0.21069283783435822,-2.3566946983337402,-1.155170514855553,5.6725685742236855,1,0,1,0.12,0.01,0.0,0.01,0.1,0.9,-1.2,0.0,0,0,1,1,0.675,0.2
569,6,0.32157349586486816,0.11675001680850983,0.1381864696741104,5.440516397770914,5.507462456408469,1,0,1,0.12,0.01,0.0,0.01,0.1,0.9,-1.2,0.0,0,0,1,0,0.675,0.2
569,7,-1.1209690570831299,0.2157278209924698,2.9013686180114746,0.0,0.0,0,0,0,0.12,0.01,0.0,0.01,0.1,0.9,-1.2,0.0,0,0,1,0,0.675,0.2
570,0,0.5982828140258789,0.22183376550674438,-0.25122618675231934,5.888242955877739,6.208486747369808,1,0,1,0.12,0.01,0.0,0.01,0.1,0.9,-1.2,0.0,0,0,1,1,0.675,0.2
570,1,-0.026891371235251427,-0.0017672113608568907,0.36048611998558044,5.6225319508008695,5.6209249791212335,1,0,1,0.12,0.01,0.0,0.01,0.1,0.9,-1.2,0.0,0,0,1,0,0.675,0.2
570,2,0.7422993779182434,0.2143649160861969,2.877769947052002,4.040804796559134,6.28,1,0,1,0.12,0.01,0.0,0.01,0.1,0.9,-1.2,0.0,0,0,1,1,0.675,0.2
570,3,0.6023001670837402,0.14946027100086212,0.5943611860275269,5.742720135477133,5.310259214612894,1,0,1,0.12,0.01,0.0,0.01,0.1,0.9,-1.2,0.0,0,0,1,1,0.675,0.2
570,4,0.4210091829299927,0.23669332265853882,-0.1405864804983139,5.623963676074515,5.620338224193086,1,0,1,0.12,0.01,0.0,0.01,0.1,0.9,-1.2,0.0,0,0,1,0,0.675,0.2
570,5,0.6702474355697632,0.2082691788673401,-2.1372385025024414,-1.1150778994156278,5.6858197912765895,1,0,1,0.12,0.01,0.0,0.01,0.1,0.9,-1.2,0.0,0,0,1,1,0.675,0.2
570,6,0.3324164152145386,0.11826937645673752,0.14040693640708923,5.438413533417897,5.508850005419536,1,0,1,0.12,0.01,0.0,0.01,0.1,0.9,-1.2,0.0,0,0,1,0,0.675,0.2
570,7,-1.1209690570831299,0.2157278209924698,2.9013686180114746,0.0,0.0,0,0,0,0.12,0.01,0.0,0.01,0.1,0.9,-1.2,0.0,0,0,1,0,0.675,0.2
571,0,0.5982106328010559,0.2222048044204712,-0.3176935315132141,5.576146108882415,6.259848522169603,1,0,1,0.12,0.01,0.0,0.01,0.1,0.9,-1.2,0.0,0,0,1,1,0.675,0.2
571,1,-0.016368059441447258,0.002199311973527074,0.3604324758052826,5.62155182590983,5.619705096573615,1,0,1,0.12,0.01,0.0,0.01,0.1,0.9,-1.2,0.0,0,0,1,0,0.675,0.2
571,2,0.7399688959121704,0.2159484475851059,2.893009901046753,3.9470053107024476,6.28,1,0,1,0.12,0.01,0.0,0.01,0.1,0.9,-1.2,0.0,0,0,1,1,0.675,0.2
571,3,0.6067162156105042,0.15015296638011932,0.7999122738838196,6.193307444322817,4.6477113516442845,1,0,1,0.12,0.01,0.0,0.01,0.1,0.9,-1.2,0.0,0,0,1,1,0.675,0.2
571,4,0.4321424067020416,0.23511724174022675,-0.14072713255882263,5.6240222725403655,5.62041673331138,1,0,1,0.12,0.01,0.0,0.01,0.1,0.9,-1.2,0.0,0,0,1,0,0.675,0.2
571,5,0.6683300137519836,0.20427320897579193,-1.891230821609497,-3.0389233172034995,5.0105950176811,1,0,1,0.12,0.01,0.0,0.01,0.1,0.9,-1.2,0.0,0,0,1,1,0.675,0.2
571,6,0.3432551622390747,0.11981325596570969,0.14274652302265167,5.436206074951557,5.510346440078349,1,0,1,0.12,0.01,0.0,0.01,0.1,0.9,-1.2,0.0,0,0,1,0,0.675,0.2
571,7,-1.1209690570831299,0.2157278209924698,2.9013683795928955,0.0,0.0,0,0,0,0.12,0.01,0.0,0.01,0.1,0.9,-1.2,0.0,0,0,1,0,0.675,0.2
572,0,0.5988673567771912,0.22323955595493317,-0.3335149586200714,5.485417985000651,6.185166097602802,1,0,1,0.12,0.01,0.0,0.01,0.1,0.9,-1.2,0.0,0,0,1,1,0.675,0.2
572,1,-0.0058465879410505295,0.006164467427879572,0.36037084460258484,5.620605132606772,5.618451037379954,1,0,1,0.12,0.01,0.0,0.01,0.1,0.9,-1.2,0.0,0,0,1,0,0.675,0.2
572,2,0.7374086976051331,0.2171896994113922,2.8768208026885986,3.6660091400449226,6.28,1,0,1,0.12,0.01,0.0,0.01,0.1,0.9,-1.2,0.0,0,0,1,1,0.675,0.2
572,3,0.6123158931732178,0.15220798552036285,0.7825183868408203,6.119606559558454,4.806941206173358,1,0,1,0.12,0.01,0.0,0.01,0.1,0.9,-1.2,0.0,0,0,1,1,0.675,0.2
572,4,0.443275511264801,0.2335396111011505,-0.14085109531879425,5.624226027897349,5.620332455464849,1,0,1,0.12,0.01,0.0,0.01,0.1,0.9,-1.2,0.0,0,0,1,0,0.675,0.2
572,5,0.6684913039207458,0.20108699798583984,-1.7073708772659302,-4.818997242202048,4.326383658398871,1,0,1,0.12,0.01,0.0,0.01,0.1,0.9,-1.2,0.0,0,0,1,1,0.675,0.2
572,6,0.3540894687175751,0.12138301879167557,0.1451999545097351,5.434039072964616,5.511795325305037,1,0,1,0.12,0.01,0.0,0.01,0.1,0.9,-1.2,0.0,0,0,1,0,0.675,0.2
572,7,-1.1209690570831299,0.2157278209924698,2.9013686180114746,0.0,0.0,0,0,0,0.12,0.01,0.0,0.01,0.1,0.9,-1.2,0.0,0,0,1,0,0.675,0.2
573,0,0.6001870632171631,0.2227974683046341,-0.3189617395401001,5.543040134355269,6.160095803097046,1,0,1,0.12,0.01,0.0,0.01,0.1,0.9,-1.2,0.0,0,0,1,1,0.675,0.2
573,1,0.004673099610954523,0.01012817770242691,0.36030179262161255,5.619701126712079,5.617149194580797,1,0,1,0.12,0.01,0.0,0.01,0.1,0.9,-1.2,0.0,0,0,1,0,0.675,0.2
573,2,0.7383581399917603,0.21956178545951843,2.804346799850464,2.9678344717747063,6.28,1,0,1,0.12,0.01,0.0,0.01,0.1,0.9,-1.2,0.0,0,0,1,1,0.675,0.2
573,3,0.6136259436607361,0.15122586488723755,0.7744415998458862,6.054078223133567,4.912062047099585,1,0,1,0.12,0.01,0.0,0.01,0.1,0.9,-1.2,0.0,0,0,1,1,0.675,0.2
573,4,0.45440852642059326,0.23196041584014893,-0.14097879827022552,5.6243378675567515,5.62034372919923,1,0,1,0.12,0.01,0.0,0.01,0.1,0.9,-1.2,0.0,0,0,1,0,0.675,0.2
573,5,0.6691116690635681,0.19926974177360535,-1.5636545419692993,-5.576462762042727,4.030565904065813,1,0,1,0.12,0.01,0.0,0.01,0.1,0.9,-1.2,0.0,0,0,1,1,0.675,0.2
573,6,0.36491912603378296,0.12298005074262619,0.14778603613376617,5.431648648133869,5.51347264016569,1,0,1,0.12,0.01,0.0,0.01,0.1,0.9,-1.2,0.0,0,0,1,0,0.675,0.2
573,7,-1.1209690570831299,0.2157278209924698,2.9013686180114746,0.0,0.0,0,0,0,0.12,0.01,0.0,0.01,0.1,0.9,-1.2,0.0,0,0,1,0,0.675,0.2
574,0,0.6011098027229309,0.2212577909231186,-0.31728705763816833,5.482898324958307,6.18231457448818,1,0,1,0.12,0.01,0.0,0.01,0.1,0.9,-1.2,0.0,0,0,1,1,0.675,0.2
574,1,0.015191055834293365,0.014090340584516525,0.3602225184440613,5.618839775380913,5.615792239847359,1,0,1,0.12,0.01,0.0,0.01,0.1,0.9,-1.2,0.0,0,0,1,0,0.675,0.2
574,2,0.736869752407074,0.22196081280708313,2.84454345703125,2.957826554495517,6.28,1,0,1,0.12,0.01,0.0,0.01,0.1,0.9,-1.2,0.0,0,0,1,1,0.675,0.2
574,3,0.6163567900657654,0.1497608721256256,0.7174394130706787,5.810219203700639,5.241743887195967,1,0,1,0.12,0.01,0.0,0.01,0.1,0.9,-1.2,0.0,0,0,1,1,0.675,0.2
574,4,0.46554139256477356,0.23037967085838318,-0.14113467931747437,5.624410300358316,5.6204231392302315,1,0,1,0.12,0.01,0.0,0.01,0.1,0.9,-1.2,0.0,0,0,1,0,0.675,0.2
574,5,0.6703897714614868,0.19883930683135986,-1.3308145999908447,-3.889611517633123,4.690545783932133,1,0,1,0.12,0.01,0.0,0.01,0.1,0.9,-1.2,0.0,0,0,1,1,0.675,0.2
574,6,0.3757437765598297,0.12460574507713318,0.1505090743303299,5.429218936007945,5.515189242321523,1,0,1,0.12,0.01,0.0,0.01,0.1,0.9,-1.2,0.0,0,0,1,0,0.675,0.2
574,7,-1.1209690570831299,0.2157278209924698,2.9013686180114746,0.0,0.0,0,0,0,0.12,0.01,0.0,0.01,0.1,0.9,-1.2,0.0,0,0,1,0,0.675,0.2
575,0,0.6055141687393188,0.2184915840625763,-0.39970073103904724,5.048154817603208,6.28,1,0,1,0.12,0.01,0.0,0.01,0.1,0.9,-1.2,0.0,0,0,1,1,0.675,0.2
575,1,0.02570732869207859,0.018050821498036385,0.3601273000240326,5.618016090168055,5.614381346927588,1,0,1,0.12,0.01,0.0,0.01,0.1,0.9,-1.2,0.0,0,0,1,0,0.675,0.2
575,2,0.7396101951599121,0.22405269742012024,2.816070079803467,2.6439569823406917,6.28,1,0,1,0.12,0.01,0.0,0.01,0.1,0.9,-1.2,0.0,0,0,1,1,0.675,0.2
575,3,0.6224150657653809,0.14900147914886475,0.6873329281806946,5.523870813295823,5.519702268197554,1,0,1,0.12,0.01,0.0,0.01,0.1,0.9,-1.2,0.0,0,0,1,1,0.675,0.2
575,4,0.4766741096973419,0.22879725694656372,-0.14129625260829926,5.252153294557016,5.747796637541374,1,0,1,0.12,0.01,0.0,0.01,0.1,0.9,-1.2,0.0,0,0,1,0,0.675,0.2
575,5,0.672877848148346,0.19866260886192322,-1.1198362112045288,-4.7123431821308275,4.3687282462558885,1,0,1,0.12,0.01,0.0,0.01,0.1,0.9,-1.2,0.0,0,0,1,1,0.675,0.2
575,6,0.38656315207481384,0.12626148760318756,0.15337005257606506,5.426445806511258,5.517239963523533,1,0,1,0.12,0.01,0.0,0.01,0.1,0.9,-1.2,0.0,0,0,1,0,0.675,0.2
575,7,-1.1209690570831299,0.2157278209924698,2.9013683795928955,0.0,0.0,0,0,0,0.12,0.01,0.0,0.01,0.1,0.9,-1.2,0.0,0,0,1,0,0.675,0.2
576,0,0.6049115061759949,0.21753056347370148,-0.46241235733032227,4.594640740258797,6.28,1,0,1,0.12,0.01,0.0,0.01,0.1,0.9,-1.2,0.0,0,0,1,1,0.675,0.2
576,1,0.03622196242213249,0.02200944349169731,0.36001265048980713,5.617230445264176,5.612910777212782,1,0,1,0.12,0.01,0.0,0.01,0.1,0.9,-1.2,0.0,0,0,1,0,0.675,0.2
576,2,0.7394469976425171,0.22615393996238708,2.8142054080963135,2.415737104521821,6.28,1,0,1,0.12,0.01,0.0,0.01,0.1,0.9,-1.2,0.0,0,0,1,1,0.675,0.2
576,3,0.6246936321258545,0.1451013684272766,0.7070677876472473,5.360694122859514,5.599073635986768,1,0,1,0.12,0.01,0.0,0.01,0.1,0.9,-1.2,0.0,0,0,1,1,0.675,0.2
576,4,0.4878067076206207,0.22721314430236816,-0.14143849909305573,5.25218266741128,5.747766609036015,1,0,1,0.12,0.01,0.0,0.01,0.1,0.9,-1.2,0.0,0,0,1,1,0.675,0.2
576,5,0.6749036312103271,0.19740132987499237,-0.9269416928291321,-6.28,2.496487606673123,1,0,1,0.12,0.01,0.0,0.01,0.1,0.9,-1.2,0.0,0,0,1,1,0.675,0.2
576,6,0.3973768949508667,0.12794874608516693,0.15636706352233887,5.42355744731034,5.519380880478966,1,0,1,0.12,0.01,0.0,0.01,0.1,0.9,-1.2,0.0,0,0,1,0,0.675,0.2
576,7,-1.1209690570831299,0.2157278209924698,2.9013683795928955,0.0,0.0,0,0,0,0.12,0.01,0.0,0.01,0.1,0.9,-1.2,0.0,0,0,1,0,0.675,0.2
577,0,0.6069803237915039,0.21377505362033844,-0.4156439006328583,4.684304859560564,6.28,1,0,1,0.12,0.01,0.0,0.01,0.1,0.9,-1.2,0.0,0,0,1,1,0.675,0.2
577,1,0.0467349998652935,0.025965994223952293,0.35987815260887146,5.601055875804904,5.613780393812176,1,0,1,0.12,0.01,0.0,0.01,0.1,0.9,-1.2,0.0,0,0,1,0,0.675,0.2
577,2,0.7418205142021179,0.22864344716072083,2.9179587364196777,3.024809435877585,6.28,1,0,1,0.12,0.01,0.0,0.01,0.1,0.9,-1.2,0.0,0,0,1,1,0.675,0.2
577,3,0.628394365310669,0.1434727907180786,0.5228016972541809,4.555966922081242,6.28,1,0,1,0.12,0.01,0.0,0.01,0.1,0.9,-1.2,0.0,0,0,1,1,0.675,0.2
577,4,0.4987523555755615,0.2257048338651657,-0.1274736076593399,5.295497740710926,5.702696298157025,1,0,1,0.12,0.01,0.0,0.01,0.1,0.9,-1.2,0.0,0,0,1,1,0.675,0.2
577,5,0.6778238415718079,0.19729618728160858,-0.6482797861099243,-6.28,2.859521080121029,1,0,1,0.12,0.01,0.0,0.01,0.1,0.9,-1.2,0.0,0,0,1,1,0.675,0.2
577,6,0.40818464756011963,0.12966912984848022,0.15952886641025543,5.4203372104782,5.5218472377639864,1,0,1,0.12,0.01,0.0,0.01,0.1,0.9,-1.2,0.0,0,0,1,0,0.675,0.2
577,7,-1.1209690570831299,0.2157278209924698,2.9013686180114746,0.0,0.0,0,0,0,0.12,0.01,0.0,0.01,0.1,0.9,-1.2,0.0,0,0,1,0,0.675,0.2
578,0,0.6094536781311035,0.20967647433280945,-0.35311535000801086,4.737577412893534,6.28,1,0,1,0.12,0.01,0.0,0.01,0.1,0.9,-1.2,0.0,0,0,1,1,0.675,0.2
578,1,0.05724649503827095,0.029920224100351334,0.35972195863723755,5.5988594259056015,5.6132319604126035,1,0,1,0.12,0.01,0.0,0.01,0.1,0.9,-1.2,0.0,0,0,1,0,0.675,0.2
578,2,0.7464232444763184,0.231272354722023,3.008800745010376,3.588220926625628,6.28,1,0,1,0.12,0.01,0.0,0.01,0.1,0.9,-1.2,0.0,0,0,1,1,0.675,0.2
578,3,0.6372929215431213,0.14093202352523804,0.5002193450927734,3.927633764552278,6.28,1,0,1,0.12,0.01,0.0,0.01,0.1,0.9,-1.2,0.0,0,0,1,1,0.675,0.2
578,4,0.5096745491027832,0.22439564764499664,-0.10987500846385956,5.35168154630131,5.640269025235708,1,0,1,0.12,0.01,0.0,0.01,0.1,0.9,-1.2,0.0,0,0,1,1,0.675,0.2
578,5,0.6822612285614014,0.19927950203418732,-0.3622322976589203,3.072769401523512,-6.28,1,0,1,0.12,0.01,0.0,0.01,0.1,0.9,-1.2,0.0,0,0,1,1,0.675,0.2
578,6,0.4189859926700592,0.1314244121313095,0.16287517547607422,5.416691733227069,5.5247402659794735,1,0,1,0.12,0.01,0.0,0.01,0.1,0.9,-1.2,0.0,0,0,1,0,0.675,0.2
578,7,-1.1209690570831299,0.2157278209924698,2.9013686180114746,0.0,0.0,0,0,0,0.12,0.01,0.0,0.01,0.1,0.9,-1.2,0.0,0,0,1,0,0.675,0.2
579,0,0.609343409538269,0.20687486231327057,-0.40047958493232727,4.25611516849529,6.28,1,0,1,0.12,0.01,0.0,0.01,0.1,0.9,-1.2,0.0,0,0,1,1,0.675,0.2
579,1,0.06774608045816422,0.033869970589876175,0.360058069229126,5.597546481634632,5.61143083021496,1,0,1,0.12,0.01,0.0,0.01,0.1,0.9,-1.2,0.0,0,0,1,0,0.675,0.2
579,2,0.7465459704399109,0.23316973447799683,2.988210678100586,3.3082075242552285,6.28,1,0,1,0.12,0.01,0.0,0.01,0.1,0.9,-1.2,0.0,0,0,1,1,0.675,0.2
579,3,0.6430646777153015,0.13874150812625885,0.526582658290863,3.5743154334437253,6.28,1,0,1,0.12,0.01,0.0,0.01,0.1,0.9,-1.2,0.0,0,0,1,1,0.675,0.2
579,4,0.5206157565116882,0.22327221930027008,-0.09486295282840729,5.402600110912661,5.579417823409697,1,0,1,0.12,0.01,0.0,0.01,0.1,0.9,-1.2,0.0,0,0,1,1,0.675,0.2
579,5,0.682357668876648,0.20051397383213043,-0.1556498259305954,3.1263621124669347,-6.28,1,0,1,0.12,0.01,0.0,0.01,0.1,0.9,-1.2,0.0,0,0,1,1,0.675,0.2
579,6,0.429780513048172,0.13321654498577118,0.16641877591609955,5.413410406824,5.527267712835424,1,0,1,0.12,0.01,0.0,0.01,0.1,0.9,-1.2,0.0,0,0,1,0,0.675,0.2
579,7,-1.1209690570831299,0.2157278209924698,2.9013686180114746,0.0,0.0,0,0,0,0.12,0.01,0.0,0.01,0.1,0.9,-1.2,0.0,0,0,1,0,0.675,0.2
580,0,0.6105309724807739,0.20528018474578857,-0.3838450014591217,4.221252866120829,6.28,1,0,1,0.12,0.01,0.0,0.01,0.1,0.9,-1.2,0.0,0,0,1,1,0.675,0.2
580,1,0.07823880761861801,0.03782292455434799,0.3605691194534302,5.5968396576506105,5.608981051816322,1,0,1,0.12,0.01,0.0,0.01,0.1,0.9,-1.2,0.0,0,0,1,0,0.675,0.2
580,2,0.744155764579773,0.234934464097023,2.996589183807373,3.1350738244276664,6.28,1,0,1,0.12,0.01,0.0,0.01,0.1,0.9,-1.2,0.0,0,0,1,1,0.675,0.2
580,3,0.6472427248954773,0.13872720301151276,0.5829455852508545,3.4756039135927796,6.28,1,0,1,0.12,0.01,0.0,0.01,0.1,0.9,-1.2,0.0,0,0,1,1,0.675,0.2
580,4,0.531565248966217,0.22229449450969696,-0.08393555134534836,5.444775962105295,5.525614238509633,1,0,1,0.12,0.01,0.0,0.01,0.1,0.9,-1.2,0.0,0,0,1,1,0.675,0.2
580,5,0.6819930672645569,0.20214194059371948,-0.18481028079986572,2.850593769381053,-6.28,1,0,1,0.12,0.01,0.0,0.01,0.1,0.9,-1.2,0.0,0,0,1,1,0.675,0.2
580,6,0.4405677020549774,0.1350478231906891,0.17017759382724762,5.4107693973619435,5.5291555580060985,1,0,1,0.12,0.01,0.0,0.01,0.1,0.9,-1.2,0.0,0,0,1,0,0.675,0.2
580,7,-1.1209690570831299,0.2157278209924698,2.9013683795928955,0.0,0.0,0,0,0,0.12,0.01,0.0,0.01,0.1,0.9,-1.2,0.0,0,0,1,0,0.675,0.2
581,0,0.6133425831794739,0.20299294590950012,-0.34136706590652466,4.284355572008909,6.28,1,0,1,0.12,0.01,0.0,0.01,0.1,0.9,-1.2,0.0,0,0,1,1,0.675,0.2
581,1,0.08872658014297485,0.041780296713113785,0.3610767424106598,5.595797073146553,5.606811780432013,1,0,1,0.12,0.01,0.0,0.01,0.1,0.9,-1.2,0.0,0,0,1,0,0.675,0.2
581,2,0.7450010180473328,0.23663507401943207,2.9997637271881104,3.05712518292446,6.28,1,0,1,0.12,0.01,0.0,0.01,0.1,0.9,-1.2,0.0,0,0,1,1,0.675,0.2
581,3,0.6499341130256653,0.13836762309074402,0.6442346572875977,3.4678460729711396,6.28,1,0,1,0.12,0.01,0.0,0.01,0.1,0.9,-1.2,0.0,0,0,1,1,0.675,0.2
581,4,0.542513906955719,0.22141596674919128,-0.07703465223312378,5.478959876898664,5.479505997296434,1,0,1,0.12,0.01,0.0,0.01,0.1,0.9,-1.2,0.0,0,0,1,1,0.675,0.2
581,5,0.6842169165611267,0.20217467844486237,-0.25728777050971985,2.8513030993465596,-6.28,1,0,1,0.12,0.01,0.0,0.01,0.1,0.9,-1.2,0.0,0,0,1,1,0.675,0.2
581,6,0.4513469934463501,0.13692069053649902,0.1741413027048111,5.406911936240733,5.532225522560536,1,0,1,0.12,0.01,0.0,0.01,0.1,0.9,-1.2,0.0,0,0,1,0,0.675,0.2
581,7,-1.1209690570831299,0.2157278209924698,2.9013686180114746,0.0,0.0,0,0,0,0.12,0.01,0.0,0.01,0.1,0.9,-1.2,0.0,0,0,1,0,0.675,0.2
582,0,0.6134709715843201,0.20184019207954407,-0.3770916163921356,4.014918473533625,6.28,1,0,1,0.12,0.01,0.0,0.01,0.1,0.9,-1.2,0.0,0,0,1,1,0.675,0.2
582,1,0.09920946508646011,0.04574165120720863,0.36153024435043335,5.59553673689555,5.602884383748066,1,0,1,0.12,0.01,0.0,0.01,0.1,0.9,-1.2,0.0,0,0,1,0,0.675,0.2
582,2,0.7454758286476135,0.23797288537025452,3.0530080795288086,3.3400652124970494,6.28,1,0,1,0.12,0.01,0.0,0.01,0.1,0.9,-1.2,0.0,0,0,1,1,0.675,0.2
582,3,0.6516053676605225,0.13799460232257843,0.6647502183914185,3.4292224605691985,6.28,1,0,1,0.12,0.01,0.0,0.01,0.1,0.9,-1.2,0.0,0,0,1,1,0.675,0.2
582,4,0.5430227518081665,0.22080571949481964,-0.0918550044298172,5.429370554463122,5.545673278792644,1,0,1,0.12,0.01,0.0,0.01,0.1,0.9,-1.2,0.0,0,0,1,1,0.675,0.2
582,5,0.6849967837333679,0.2036013901233673,-0.2702236473560333,2.8445644916285047,-6.28,1,0,1,0.12,0.01,0.0,0.01,0.1,0.9,-1.2,0.0,0,0,1,1,0.675,0.2
582,6,0.46211788058280945,0.13883723318576813,0.17827974259853363,5.404703790098616,5.5335446058211835,1,0,1,0.12,0.01,0.0,0.01,0.1,0.9,-1.2,0.0,0,0,1,1,0.675,0.2
582,7,-1.1209690570831299,0.2157278209924698,2.9013686180114746,0.0,0.0,0,0,0,0.12,0.01,0.0,0.01,0.1,0.9,-1.2,0.0,0,0,1,0,0.675,0.2
583,0,0.6161352396011353,0.20057959854602814,-0.3404523432254791,4.102453782001158,6.28,1,0,1,0.12,0.01,0.0,0.01,0.1,0.9,-1.2,0.0,0,0,1,1,0.675,0.2
583,1,0.10968766361474991,0.0497063472867012,0.3619370758533478,5.590399762794144,5.603210905388227,1,0,1,0.12,0.01,0.0,0.01,0.1,0.9,-1.2,0.0,0,0,1,0,0.675,0.2
583,2,0.7484084367752075,0.23894831538200378,3.0412440299987793,3.3037836184420493,6.28,1,0,1,0.12,0.01,0.0,0.01,0.1,0.9,-1.2,0.0,0,0,1,1,0.675,0.2
583,3,0.6562274694442749,0.13807059824466705,0.7078582644462585,3.2774467564005914,6.28,1,0,1,0.12,0.01,0.0,0.01,0.1,0.9,-1.2,0.0,0,0,1,1,0.675,0.2
583,4,0.5480518341064453,0.22010664641857147,-0.11288034915924072,5.373424288160834,5.614856783025231,1,0,1,0.12,0.01,0.0,0.01,0.1,0.9,-1.2,0.0,0,0,1,1,0.675,0.2
583,5,0.6870840787887573,0.2031221091747284,-0.29223018884658813,2.8392571138947162,-6.28,1,0,1,0.12,0.01,0.0,0.01,0.1,0.9,-1.2,0.0,0,0,1,1,0.675,0.2
583,6,0.4728797972202301,0.1407993584871292,0.18265026807785034,5.400730881552866,5.536558356423208,1,0,1,0.12,0.01,0.0,0.01,0.1,0.9,-1.2,0.0,0,0,1,1,0.675,0.2
583,7,-1.1209690570831299,0.2157278209924698,2.9013686180114746,0.0,0.0,0,0,0,0.12,0.01,0.0,0.01,0.1,0.9,-1.2,0.0,0,0,1,0,0.675,0.2
584,0,0.6186193227767944,0.19880744814872742,-0.2962990999221802,4.195367362293202,6.28,1,0,1,0.12,0.01,0.0,0.01,0.1,0.9,-1.2,0.0,0,0,1,1,0.675,0.2
584,1,0.12016069889068604,0.05367343872785568,0.3622298538684845,5.589952536731382,5.6002218342727215,1,0,1,0.12,0.01,0.0,0.01,0.1,0.9,-1.2,0.0,0,0,1,0,0.675,0.2
584,2,0.7498822212219238,0.24009424448013306,3.0371549129486084,3.2501751879474163,6.28,1,0,1,0.12,0.01,0.0,0.01,0.1,0.9,-1.2,0.0,0,0,1,1,0.675,0.2
584,3,0.6631336212158203,0.1361529380083084,0.8160510063171387,3.2760553880268835,6.28,1,0,1,0.12,0.01,0.0,0.01,0.1,0.9,-1.2,0.0,0,0,1,1,0.675,0.2
584,4,0.5484204292297363,0.2198348194360733,-0.11375487595796585,5.366324004575969,5.623255017354725,1,0,1,0.12,0.01,0.0,0.01,0.1,0.9,-1.2,0.0,0,0,1,1,0.675,0.2
584,5,0.6883735656738281,0.20369543135166168,-0.42010682821273804,2.876995831082965,-6.28,1,0,1,0.12,0.01,0.0,0.01,0.1,0.9,-1.2,0.0,0,0,1,1,0.675,0.2
584,6,0.48363205790519714,0.14280922710895538,0.1871630698442459,5.396210905024674,5.539894584706161,1,0,1,0.12,0.01,0.0,0.01,0.1,0.9,-1.2,0.0,0,0,1,1,0.675,0.2
584,7,-1.1209690570831299,0.2157278209924698,2.9013683795928955,0.0,0.0,0,0,0,0.12,0.01,0.0,0.01,0.1,0.9,-1.2,0.0,0,0,1,0,0.675,0.2
585,0,0.6203038096427917,0.1983315348625183,-0.1893477439880371,4.689658002575029,6.28,1,0,1,0.12,0.01,0.0,0.01,0.1,0.9,-1.2,0.0,0,0,1,1,0.675,0.2
585,1,0.13062812387943268,0.057642195373773575,0.36265096068382263,5.589751519164376,5.596943639317222,1,0,1,0.12,0.01,0.0,0.01,0.1,0.9,-1.2,0.0,0,0,1,0,0.675,0.2
585,2,0.7505965232849121,0.24148587882518768,3.1082611083984375,3.655079585459403,6.28,1,0,1,0.12,0.01,0.0,0.01,0.1,0.9,-1.2,0.0,0,0,1,1,0.675,0.2
585,3,0.6662675738334656,0.13753661513328552,0.8458730578422546,3.1972230530321943,6.28,1,0,1,0.12,0.01,0.0,0.01,0.1,0.9,-1.2,0.0,0,0,1,1,0.675,0.2
585,4,0.5496508479118347,0.21899259090423584,-0.09143619984388351,5.414506162077687,5.5646580210621135,1,0,1,0.12,0.01,0.0,0.01,0.1,0.9,-1.2,0.0,0,0,1,1,0.675,0.2
585,5,0.687507688999176,0.20769986510276794,-0.6100448966026306,3.603275661963521,-6.28,1,0,1,0.12,0.01,0.0,0.01,0.1,0.9,-1.2,0.0,0,0,1,1,0.675,0.2
585,6,0.49437403678894043,0.1448683887720108,0.19188974797725677,5.393424240198081,5.541296514425331,1,0,1,0.12,0.01,0.0,0.01,0.1,0.9,-1.2,0.0,0,0,1,1,0.675,0.2
585,7,-1.1209690570831299,0.2157278209924698,2.9013686180114746,0.0,0.0,0,0,0,0.12,0.01,0.0,0.01,0.1,0.9,-1.2,0.0,0,0,1,0,0.675,0.2
586,0,0.6188845038414001,0.19708380103111267,-0.16169019043445587,4.6876918192015635,6.278854001034642,1,0,1,0.12,0.01,0.0,0.01,0.1,0.9,-1.2,0.0,0,0,1,1,0.675,0.2
586,1,0.14109037816524506,0.06161424517631531,0.36304232478141785,5.589299113270734,5.593875139239336,1,0,1,0.12,0.01,0.0,0.01,0.1,0.9,-1.2,0.0,0,0,1,0,0.675,0.2
586,2,0.7517550587654114,0.24243424832820892,3.1077346801757812,3.631348849770001,6.28,1,0,1,0.12,0.01,0.0,0.01,0.1,0.9,-1.2,0.0,0,0,1,1,0.675,0.2
586,3,0.6684662699699402,0.13892292976379395,0.9170271158218384,3.46896161882317,6.28,1,0,1,0.12,0.01,0.0,0.01,0.1,0.9,-1.2,0.0,0,0,1,1,0.675,0.2
586,4,0.5493870973587036,0.21877184510231018,-0.09109194576740265,5.409992938250682,5.570346290856221,1,0,1,0.12,0.01,0.0,0.01,0.1,0.9,-1.2,0.0,0,0,1,1,0.675,0.2
586,5,0.6887785196304321,0.2093595713376999,-0.6689716577529907,3.8569501563948254,-6.28,1,0,1,0.12,0.01,0.0,0.01,0.1,0.9,-1.2,0.0,0,0,1,1,0.675,0.2
586,6,0.5051047801971436,0.14697936177253723,0.19689074158668518,5.3894834979625665,5.543657971992878,1,0,1,0.12,0.01,0.0,0.01,0.1,0.9,-1.2,0.0,0,0,1,1,0.675,0.2
586,7,-1.1209690570831299,0.2157278209924698,2.9013686180114746,0.0,0.0,0,0,0,0.12,0.01,0.0,0.01,0.1,0.9,-1.2,0.0,0,0,1,0,0.675,0.2
587,0,0.6206351518630981,0.19594384729862213,-0.06318974494934082,5.02277534380194,6.072149523351227,1,0,1,0.12,0.01,0.0,0.01,0.1,0.9,-1.2,0.0,0,0,1,1,0.675,0.2
587,1,0.15154804289340973,0.06558869779109955,0.36332863569259644,5.5894026585006,5.590363907060695,1,0,1,0.12,0.01,0.0,0.01,0.1,0.9,-1.2,0.0,0,0,1,0,0.675,0.2
587,2,0.7546818852424622,0.24292251467704773,3.113025188446045,3.7361696991488182,6.28,1,0,1,0.12,0.01,0.0,0.01,0.1,0.9,-1.2,0.0,0,0,1,1,0.675,0.2
587,3,0.6737076640129089,0.14312823116779327,1.0334198474884033,3.7235805770177355,6.28,1,0,1,0.12,0.01,0.0,0.01,0.1,0.9,-1.2,0.0,0,0,1,1,0.675,0.2
587,4,0.5527929663658142,0.2181723713874817,-0.10269894450902939,5.376480406753732,5.6114140687063205,1,0,1,0.12,0.01,0.0,0.01,0.1,0.9,-1.2,0.0,0,0,1,1,0.675,0.2
587,5,0.6898766756057739,0.21458670496940613,-0.8893097043037415,4.9742446161833085,-2.8822601057615556,1,0,1,0.12,0.01,0.0,0.01,0.1,0.9,-1.2,0.0,0,0,1,1,0.675,0.2
587,6,0.5158233642578125,0.14914464950561523,0.20207223296165466,5.384902108356191,5.546253811672495,1,0,1,0.12,0.01,0.0,0.01,0.1,0.9,-1.2,0.0,0,0,1,1,0.675,0.2
587,7,-1.1209690570831299,0.2157278209924698,2.9013686180114746,0.0,0.0,0,0,0,0.12,0.01,0.0,0.01,0.1,0.9,-1.2,0.0,0,0,1,0,0.675,0.2
588,0,0.6244640350341797,0.19572411477565765,-0.03267567977309227,5.142120053955034,5.999583194068954,1,0,1,0.12,0.01,0.0,0.01,0.1,0.9,-1.2,0.0,0,0,1,1,0.675,0.2
588,1,0.16200149059295654,0.06956438720226288,0.36351707577705383,5.5895737624069675,5.586700894842483,1,0,1,0.12,0.01,0.0,0.01,0.1,0.9,-1.2,0.0,0,0,1,0,0.675,0.2
588,2,0.7577708959579468,0.2427172064781189,3.1117684841156006,3.8407220178654997,6.28,1,0,1,0.12,0.01,0.0,0.01,0.1,0.9,-1.2,0.0,0,0,1,1,0.675,0.2
588,3,0.6773403286933899,0.1467938870191574,1.0788880586624146,3.621410981513507,6.28,1,0,1,0.12,0.01,0.0,0.01,0.1,0.9,-1.2,0.0,0,0,1,1,0.675,0.2
588,4,0.5557808876037598,0.2189079225063324,-0.09247928112745285,5.431340016087994,5.54346736554195,1,0,1,0.12,0.01,0.0,0.01,0.1,0.9,-1.2,0.0,0,0,1,1,0.675,0.2
588,5,0.6912709474563599,0.2168029248714447,-1.0537344217300415,5.423394545165131,-1.455988749114106,1,0,1,0.12,0.01,0.0,0.01,0.1,0.9,-1.2,0.0,0,0,1,1,0.675,0.2
588,6,0.5265257358551025,0.15122511982917786,0.20785093307495117,5.37678478523462,5.551279799497435,1,0,1,0.12,0.01,0.0,0.01,0.1,0.9,-1.2,0.0,0,0,1,1,0.675,0.2
588,7,-1.1209690570831299,0.2157278209924698,2.9013683795928955,0.0,0.0,0,0,0,0.12,0.01,0.0,0.01,0.1,0.9,-1.2,0.0,0,0,1,0,0.675,0.2
589,0,0.6258266568183899,0.19626301527023315,-0.008366428315639496,5.271765308125965,5.8553745582261145,1,0,1,0.12,0.01,0.0,0.01,0.1,0.9,-1.2,0.0,0,0,1,1,0.675,0.2
589,1,0.1724511831998825,0.07354024797677994,0.36357906460762024,5.591990699939568,5.580681422777336,1,0,1,0.12,0.01,0.0,0.01,0.1,0.9,-1.2,0.0,0,0,1,0,0.675,0.2
589,2,0.7588330507278442,0.24343912303447723,3.099679946899414,3.753404056930359,6.28,1,0,1,0.12,0.01,0.0,0.01,0.1,0.9,-1.2,0.0,0,0,1,1,0.675,0.2
589,3,0.6809277534484863,0.14812159538269043,1.1828902959823608,3.8701549045362618,6.28,1,0,1,0.12,0.01,0.0,0.01,0.1,0.9,-1.2,0.0,0,0,1,1,0.675,0.2
589,4,0.5584576725959778,0.22421012818813324,-0.12733101844787598,5.464950827880179,5.499036880211556,1,0,1,0.12,0.01,0.0,0.01,0.1,0.9,-1.2,0.0,0,0,1,1,0.675,0.2
589,5,0.6924557089805603,0.21961742639541626,-1.0608983039855957,5.512193163354173,-1.1458605131695407,1,0,1,0.12,0.01,0.0,0.01,0.1,0.9,-1.2,0.0,0,0,1,1,0.675,0.2
589,6,0.5372010469436646,0.1534031331539154,0.21374031901359558,5.3680302376399345,5.556327891861407,1,0,1,0.12,0.01,0.0,0.01,0.1,0.9,-1.2,0.0,0,0,1,1,0.675,0.2
589,7,-1.1209690570831299,0.2157278209924698,2.9013683795928955,0.0,0.0,0,0,0,0.12,0.01,0.0,0.01,0.1,0.9,-1.2,0.0,0,0,1,0,0.675,0.2
590,0,0.6305900812149048,0.19634853303432465,0.04087261110544205,5.451600398968749,5.703769240427918,1,0,1,0.12,0.01,0.0,0.01,0.1,0.9,-1.2,0.0,0,0,1,1,0.675,0.2
590,1,0.1828976422548294,0.07751482725143433,0.3634994924068451,5.591281810020497,5.577696434045741,1,0,1,0.12,0.01,0.0,0.01,0.1,0.9,-1.2,0.0,0,0,1,0,0.675,0.2
590,2,0.7623712420463562,0.24471768736839294,3.0504331588745117,3.464664911539714,6.28,1,0,1,0.12,0.01,0.0,0.01,0.1,0.9,-1.2,0.0,0,0,1,1,0.675,0.2
590,3,0.6843516826629639,0.1498682200908661,1.2740192413330078,3.9974867461536583,6.28,1,0,1,0.12,0.01,0.0,0.01,0.1,0.9,-1.2,0.0,0,0,1,1,0.675,0.2
590,4,0.5656857490539551,0.22636528313159943,-0.15769599378108978,5.469332540856886,5.493267571104479,1,0,1,0.12,0.01,0.0,0.01,0.1,0.9,-1.2,0.0,0,0,1,1,0.675,0.2
590,5,0.6948034167289734,0.22251956164836884,-1.1181966066360474,5.508125516237243,-1.0535795564069586,1,0,1,0.12,0.01,0.0,0.01,0.1,0.9,-1.2,0.0,0,0,1,1,0.675,0.2
590,6,0.5478643774986267,0.15526385605335236,0.2201697826385498,5.346480068675746,5.569822850712072,1,0,1,0.12,0.01,0.0,0.01,0.1,0.9,-1.2,0.0,0,0,1,1,0.675,0.2
590,7,-1.1209690570831299,0.2157278209924698,2.9013686180114746,0.0,0.0,0,0,0,0.12,0.01,0.0,0.01,0.1,0.9,-1.2,0.0,0,0,1,0,0.675,0.2
591,0,0.6307603716850281,0.19661137461662292,0.03195890784263611,5.424792033559951,5.668367761247482,1,0,1,0.12,0.01,0.0,0.01,0.1,0.9,-1.2,0.0,0,0,1,1,0.675,0.2
591,1,0.1933414489030838,0.08148613572120667,0.36314988136291504,5.586822930265105,5.5783074763530145,1,0,1,0.12,0.01,0.0,0.01,0.1,0.9,-1.2,0.0,0,0,1,0,0.675,0.2
591,2,0.7634646892547607,0.24544383585453033,3.029686212539673,3.315331381444073,6.28,1,0,1,0.12,0.01,0.0,0.01,0.1,0.9,-1.2,0.0,0,0,1,1,0.675,0.2
591,3,0.6881299018859863,0.15112610161304474,1.308967113494873,3.7259538882939127,6.28,1,0,1,0.12,0.01,0.0,0.01,0.1,0.9,-1.2,0.0,0,0,1,1,0.675,0.2
591,4,0.5663191676139832,0.2278529703617096,-0.14690864086151123,5.53273989523609,5.402455133545801,1,0,1,0.12,0.01,0.0,0.01,0.1,0.9,-1.2,0.0,0,0,1,1,0.675,0.2
591,5,0.6971537470817566,0.2234802395105362,-1.161396861076355,5.455922688036617,-1.1855458865458333,1,0,1,0.12,0.01,0.0,0.01,0.1,0.9,-1.2,0.0,0,0,1,1,0.675,0.2
591,6,0.5574333667755127,0.15633830428123474,0.2722475230693817,5.473214797941152,5.4851315689411715,1,0,1,0.12,0.01,0.0,0.01,0.1,0.9,-1.2,0.0,0,0,1,1,0.675,0.2
591,7,-1.1209690570831299,0.2157278209924698,2.9013686180114746,0.0,0.0,0,0,0,0.12,0.01,0.0,0.01,0.1,0.9,-1.2,0.0,0,0,1,0,0.675,0.2
592,0,0.6351467967033386,0.1972452700138092,0.07928810268640518,5.605519726819592,5.515125915460985,1,0,1,0.12,0.01,0.0,0.01,0.1,0.9,-1.2,0.0,0,0,1,1,0.675,0.2
592,1,0.2037835419178009,0.08545157313346863,0.36267319321632385,5.584590348861421,5.576627310850416,1,0,1,0.12,0.01,0.0,0.01,0.1,0.9,-1.2,0.0,0,0,1,0,0.675,0.2
592,2,0.7653960585594177,0.24633392691612244,3.0871574878692627,3.7013585432509757,6.28,1,0,1,0.12,0.01,0.0,0.01,0.1,0.9,-1.2,0.0,0,0,1,1,0.675,0.2
592,3,0.6904009580612183,0.15204434096813202,1.366754412651062,3.7866487222201024,6.28,1,0,1,0.12,0.01,0.0,0.01,0.1,0.9,-1.2,0.0,0,0,1,1,0.675,0.2
592,4,0.5715941786766052,0.22991260886192322,-0.18789249658584595,5.507562852623622,5.439802967784244,1,0,1,0.12,0.01,0.0,0.01,0.1,0.9,-1.2,0.0,0,0,1,1,0.675,0.2
592,5,0.6987065076828003,0.22387631237506866,-1.3270225524902344,5.639030511917569,-0.3328809695858734,1,0,1,0.12,0.01,0.0,0.01,0.1,0.9,-1.2,0.0,0,0,1,1,0.675,0.2
592,6,0.5660815238952637,0.15825331211090088,0.3020598292350769,5.539200747521228,5.43626747080534,1,0,1,0.12,0.01,0.0,0.01,0.1,0.9,-1.2,0.0,0,0,1,1,0.675,0.2
592,7,-1.1209690570831299,0.2157278209924698,2.9013686180114746,0.0,0.0,0,0,0,0.12,0.01,0.0,0.01,0.1,0.9,-1.2,0.0,0,0,1,0,0.675,0.2
593,0,0.635075032711029,0.1978672444820404,0.10159165412187576,5.66149706940942,5.422086464354464,1,0,1,0.12,0.01,0.0,0.01,0.1,0.9,-1.2,0.0,0,0,1,1,0.675,0.2
593,1,0.21422381699085236,0.08941095322370529,0.3623233437538147,5.580892844607559,5.576102958510191,1,0,1,0.12,0.01,0.0,0.01,0.1,0.9,-1.2,0.0,0,0,1,0,0.675,0.2
593,2,0.7654916644096375,0.2466614693403244,-3.1239845752716064,4.136138468632161,6.28,1,0,1,0.12,0.01,0.0,0.01,0.1,0.9,-1.2,0.0,0,0,1,1,0.675,0.2
593,3,0.6913214921951294,0.1501992791891098,1.3589824438095093,3.698597499957014,6.28,1,0,1,0.12,0.01,0.0,0.01,0.1,0.9,-1.2,0.0,0,0,1,1,0.675,0.2
593,4,0.5715910196304321,0.2313683032989502,-0.16012230515480042,5.605239713656706,5.286546444428162,1,0,1,0.12,0.01,0.0,0.01,0.1,0.9,-1.2,0.0,0,0,1,1,0.675,0.2
593,5,0.701491117477417,0.2216940075159073,-1.4946136474609375,5.739568535625382,0.15348565167243935,1,0,1,0.12,0.01,0.0,0.01,0.1,0.9,-1.2,0.0,0,0,1,1,0.675,0.2
593,6,0.5724803805351257,0.1596277356147766,0.2777659296989441,5.422709659034132,5.520433351105331,1,0,1,0.12,0.01,0.0,0.01,0.1,0.9,-1.2,0.0,0,0,1,1,0.675,0.2
593,7,-1.1209690570831299,0.2157278209924698,2.9013683795928955,0.0,0.0,0,0,0,0.12,0.01,0.0,0.01,0.1,0.9,-1.2,0.0,0,0,1,0,0.675,0.2
594,0,0.6389740705490112,0.1987171322107315,0.12832577526569366,5.7653769574361835,5.299681393126866,1,0,1,0.12,0.01,0.0,0.01,0.1,0.9,-1.2,0.0,0,0,1,1,0.675,0.2
594,1,0.22466164827346802,0.09336575120687485,0.36202752590179443,5.576597597547954,5.575882945111806,1,0,1,0.12,0.01,0.0,0.01,0.1,0.9,-1.2,0.0,0,0,1,0,0.675,0.2
594,2,0.767360508441925,0.24735169112682343,-3.1382598876953125,4.063631697261487,6.28,1,0,1,0.12,0.01,0.0,0.01,0.1,0.9,-1.2,0.0,0,0,1,1,0.675,0.2
594,3,0.6941720843315125,0.15061111748218536,1.3123618364334106,3.0240841317047957,6.28,1,0,1,0.12,0.01,0.0,0.01,0.1,0.9,-1.2,0.0,0,0,1,1,0.675,0.2
594,4,0.5747714638710022,0.2321951538324356,-0.1270502507686615,5.712107938120246,5.085862416436791,1,0,1,0.12,0.01,0.0,0.01,0.1,0.9,-1.2,0.0,0,0,1,1,0.675,0.2
594,5,0.7033312916755676,0.22221191227436066,-1.5350854396820068,5.769412323452283,0.3031473312603932,1,0,1,0.12,0.01,0.0,0.01,0.1,0.9,-1.2,0.0,0,0,1,1,0.675,0.2
594,6,0.5802007913589478,0.15904496610164642,0.2407386600971222,5.154264332480553,5.678667186074134,1,0,1,0.12,0.01,0.0,0.01,0.1,0.9,-1.2,0.0,0,0,1,1,0.675,0.2
594,7,-1.1209690570831299,0.2157278209924698,2.9013686180114746,0.0,0.0,0,0,0,0.12,0.01,0.0,0.01,0.1,0.9,-1.2,0.0,0,0,1,0,0.675,0.2
595,0,0.6404737234115601,0.20051415264606476,0.16335657238960266,5.934040855222287,4.9967172038025245,1,0,1,0.12,0.01,0.0,0.01,0.1,0.9,-1.2,0.0,0,0,1,1,0.675,0.2
595,1,0.23509663343429565,0.09731636941432953,0.3618270754814148,5.574012478686009,5.573583791159954,1,0,1,0.12,0.01,0.0,0.01,0.1,0.9,-1.2,0.0,0,0,1,0,0.675,0.2
595,2,0.7729121446609497,0.24773433804512024,3.0761356353759766,3.7592451468528894,6.28,1,0,1,0.12,0.01,0.0,0.01,0.1,0.9,-1.2,0.0,0,0,1,1,0.675,0.2
595,3,0.6963932514190674,0.15291742980480194,1.405118465423584,3.2765236426136872,6.28,1,0,1,0.12,0.01,0.0,0.01,0.1,0.9,-1.2,0.0,0,0,1,1,0.675,0.2
595,4,0.5777343511581421,0.23311902582645416,-0.15951810777187347,5.681081521128682,5.148627591515513,1,0,1,0.12,0.01,0.0,0.01,0.1,0.9,-1.2,0.0,0,0,1,1,0.675,0.2
595,5,0.7040781378746033,0.22514496743679047,-1.561390995979309,5.879310585444353,0.8892801628657351,1,0,1,0.12,0.01,0.0,0.01,0.1,0.9,-1.2,0.0,0,0,1,1,0.675,0.2
595,6,0.581761360168457,0.15962529182434082,0.1899825483560562,4.934301050234801,5.779951064061157,1,0,1,0.12,0.01,0.0,0.01,0.1,0.9,-1.2,0.0,0,0,1,1,0.675,0.2
595,7,-1.1209690570831299,0.2157278209924698,2.9013686180114746,0.0,0.0,0,0,0,0.12,0.01,0.0,0.01,0.1,0.9,-1.2,0.0,0,0,1,0,0.675,0.2
596,0,0.6436994671821594,0.2023112177848816,0.14984773099422455,6.013335268546474,4.837490875671971,1,0,1,0.12,0.01,0.0,0.01,0.1,0.9,-1.2,0.0,0,0,1,1,0.675,0.2
596,1,0.24552801251411438,0.10126397758722305,0.3617700934410095,5.572088068486179,5.57017552280334,1,0,1,0.12,0.01,0.0,0.01,0.1,0.9,-1.2,0.0,0,0,1,0,0.675,0.2
596,2,0.7749677300453186,0.24853786826133728,3.048619508743286,3.591576513576569,6.28,1,0,1,0.12,0.01,0.0,0.01,0.1,0.9,-1.2,0.0,0,0,1,1,0.675,0.2
596,3,0.6984780430793762,0.15397481620311737,1.4836992025375366,3.5005851741822003,6.28,1,0,1,0.12,0.01,0.0,0.01,0.1,0.9,-1.2,0.0,0,0,1,1,0.675,0.2
596,4,0.578374445438385,0.2330770641565323,-0.1406225860118866,5.72333986875896,5.062529789234356,1,0,1,0.12,0.01,0.0,0.01,0.1,0.9,-1.2,0.0,0,0,1,1,0.675,0.2
596,5,0.7084948420524597,0.22751738131046295,-1.575121521949768,5.862841447573689,0.7978003418626499,1,0,1,0.12,0.01,0.0,0.01,0.1,0.9,-1.2,0.0,0,0,1,1,0.675,0.2
596,6,0.5866003632545471,0.15987388789653778,0.20560748875141144,4.926197955109159,5.783263495467621,1,0,1,0.12,0.01,0.0,0.01,0.1,0.9,-1.2,0.0,0,0,1,1,0.675,0.2
596,7,-1.1209690570831299,0.2157278209924698,2.9013686180114746,0.0,0.0,0,0,0,0.12,0.01,0.0,0.01,0.1,0.9,-1.2,0.0,0,0,1,0,0.675,0.2
597,0,0.6439474821090698,0.20385265350341797,0.17243251204490662,6.09682228696476,4.527301524757042,1,0,1,0.12,0.01,0.0,0.01,0.1,0.9,-1.2,0.0,0,0,1,1,0.675,0.2
597,1,0.2559550106525421,0.10520967096090317,0.3617511987686157,5.696431498273915,5.1873483851107896,1,0,1,0.12,0.01,0.0,0.01,0.1,0.9,-1.2,0.0,0,0,1,0,0.675,0.2
597,2,0.7788119912147522,0.2493962198495865,3.0230767726898193,3.4751469253674205,6.28,1,0,1,0.12,0.01,0.0,0.01,0.1,0.9,-1.2,0.0,0,0,1,1,0.675,0.2
597,3,0.7001789212226868,0.1559162139892578,1.5287836790084839,3.486298359556099,6.28,1,0,1,0.12,0.01,0.0,0.01,0.1,0.9,-1.2,0.0,0,0,1,1,0.675,0.2
597,4,0.5788382887840271,0.2333640456199646,-0.14829625189304352,5.716390020754975,5.077372484299499,1,0,1,0.12,0.01,0.0,0.01,0.1,0.9,-1.2,0.0,0,0,1,1,0.675,0.2
597,5,0.7101919651031494,0.2284119874238968,-1.6246495246887207,5.916538629520315,1.114961829197031,1,0,1,0.12,0.01,0.0,0.01,0.1,0.9,-1.2,0.0,0,0,1,1,0.675,0.2
597,6,0.5884074568748474,0.160921111702919,0.22132937610149384,5.004801146111917,5.74975586739974,1,0,1,0.12,0.01,0.0,0.01,0.1,0.9,-1.2,0.0,0,0,1,1,0.675,0.2
597,7,-1.1209690570831299,0.2157278209924698,2.9013683795928955,0.0,0.0,0,0,0,0.12,0.01,0.0,0.01,0.1,0.9,-1.2,0.0,0,0,1,0,0.675,0.2
598,0,0.646564245223999,0.2040092498064041,0.12545931339263916,6.083422787496067,4.682292871168635,1,0,1,0.12,0.01,0.0,0.01,0.1,0.9,-1.2,0.0,0,0,1,1,0.675,0.2
598,1,0.2663772702217102,0.10915321856737137,0.3616892099380493,5.691723311936757,5.185923313105204,1,0,1,0.12,0.01,0.0,0.01,0.1,0.9,-1.2,0.0,0,0,1,0,0.675,0.2
598,2,0.7803118824958801,0.2511443495750427,2.9686100482940674,3.049448214807353,6.28,1,0,1,0.12,0.01,0.0,0.01,0.1,0.9,-1.2,0.0,0,0,1,1,0.675,0.2
598,3,0.7015222311019897,0.15606017410755157,1.5013267993927002,3.1366950912653233,6.28,1,0,1,0.12,0.01,0.0,0.01,0.1,0.9,-1.2,0.0,0,0,1,1,0.675,0.2
598,4,0.5813820958137512,0.23291213810443878,-0.08928133547306061,5.832479011815071,4.79808007498455,1,0,1,0.12,0.01,0.0,0.01,0.1,0.9,-1.2,0.0,0,0,1,1,0.675,0.2
598,5,0.7123444080352783,0.2290850579738617,-1.5766791105270386,5.827292819860931,0.6044946113791503,1,0,1,0.12,0.01,0.0,0.01,0.1,0.9,-1.2,0.0,0,0,1,1,0.675,0.2
598,6,0.5902661085128784,0.15959790349006653,0.30505940318107605,5.264088699775816,5.618727793735383,1,0,1,0.12,0.01,0.0,0.01,0.1,0.9,-1.2,0.0,0,0,1,1,0.675,0.2
598,7,-1.1209690570831299,0.2157278209924698,2.9013686180114746,0.0,0.0,0,0,0,0.12,0.01,0.0,0.01,0.1,0.9,-1.2,0.0,0,0,1,0,0.675,0.2
599,0,0.647160530090332,0.20543529093265533,0.12351058423519135,6.150135709491101,4.469522522244128,1,0,1,0.12,0.01,0.0,0.01,0.1,0.9,-1.2,0.0,0,0,1,1,0.675,0.2
599,1,0.2766232192516327,0.11297569423913956,0.347296804189682,5.672292313919243,5.222955026283087,1,0,1,0.12,0.01,0.0,0.01,0.1,0.9,-1.2,0.0,0,0,1,0,0.675,0.2
599,2,0.7822669744491577,0.2523607015609741,2.925826072692871,2.731171402149438,6.28,1,0,1,0.12,0.01,0.0,0.01,0.1,0.9,-1.2,0.0,0,0,1,1,0.675,0.2
599,3,0.7023177146911621,0.15930059552192688,1.5511261224746704,2.7446952074202855,6.085529545005861,1,0,1,0.12,0.01,0.0,0.01,0.1,0.9,-1.2,0.0,0,0,1,1,0.675,0.2
599,4,0.580659031867981,0.23317529261112213,-0.07809329032897949,5.850934084848267,4.745581034227508,1,0,1,0.12,0.01,0.0,0.01,0.1,0.9,-1.2,0.0,0,0,1,1,0.675,0.2
599,5,0.7143923044204712,0.22883248329162598,-1.568205714225769,5.767673005984674,0.29885644681607626,1,0,1,0.12,0.01,0.0,0.01,0.1,0.9,-1.2,0.0,0,0,1,1,0.675,0.2
599,6,0.591063380241394,0.15992610156536102,0.3341689109802246,5.374222239731776,5.5515811235914345,1,0,1,0.12,0.01,0.0,0.01,0.1,0.9,-1.2,0.0,0,0,1,1,0.675,0.2
599,7,-1.1209690570831299,0.2157278209924698,2.9013686180114746,0.0,0.0,0,0,0,0.12,0.01,0.0,0.01,0.1,0.9,-1.2,0.0,0,0,1,0,0.675,0.2
600,0,0.6505478620529175,0.20669381320476532,0.15393215417861938,6.261339287574172,4.002679724877,1,0,1,0.12,0.01,0.0,0.01,0.1,0.9,-1.2,0.0,0,0,1,1,0.675,0.2
600,1,0.28688371181488037,0.11659301072359085,0.3293187618255615,5.64542995301791,5.271636203846256,1,0,1,0.12,0.01,0.0,0.01,0.1,0.9,-1.2,0.0,0,0,1,0,0.675,0.2
600,2,0.7844691276550293,0.2531568109989166,2.9311277866363525,2.784191495717457,6.28,1,0,1,0.12,0.01,0.0,0.01,0.1,0.9,-1.2,0.0,0,0,1,1,0.675,0.2
600,3,0.703080952167511,0.15835732221603394,1.5990792512893677,3.459360688467628,6.28,1,0,1,0.12,0.01,0.0,0.01,0.1,0.9,-1.2,0.0,0,0,1,1,0.675,0.2
600,4,0.584450364112854,0.23271425068378448,-0.08461223542690277,5.854245197107007,4.735990751455614,1,0,1,0.12,0.01,0.0,0.01,0.1,0.9,-1.2,0.0,0,0,1,1,0.675,0.2
600,5,0.716070294380188,0.23046603798866272,-1.5940077304840088,6.120991608385043,0.8664273412189907,1,0,1,0.12,0.01,0.0,0.01,0.1,0.9,-1.2,0.0,0,0,1,1,0.675,0.2
600,6,0.5942743420600891,0.1594633013010025,0.2630468010902405,5.006147958587487,5.74908306424729,1,0,1,0.12,0.01,0.0,0.01,0.1,0.9,-1.2,0.0,0,0,1,1,0.675,0.2
600,7,-1.1209690570831299,0.2157278209924698,2.9013686180114746,0.0,0.0,0,0,0,0.12,0.01,0.0,0.01,0.1,0.9,-1.2,0.0,0,0,1,0,0.675,0.2
