step,agent_id,pos_x,pos_y,angle,left_speed,right_speed,role,is_anchored,knows_target,w_target,w_center,w_rand,k_diff,lambda_anchor,lambda_release,base_x,base_y,chain_connected,rescued_count,is_alive,is_colliding,target_0_x,target_0_y
1,0,-0.5328181385993958,0.3292923867702484,2.233552932739258,6.199183051303379,-6.28,0,0,0,0.12,0.01,0.0,0.01,0.1,0.9,-1.2,0.0,0,0,1,1,0.675,0.44
1,1,-0.6738384366035461,0.33578234910964966,1.6169813871383667,-6.28,5.876100319166858,0,0,0,0.12,0.01,0.0,0.01,0.1,0.9,-1.2,0.0,0,0,1,1,0.675,0.44
1,2,-0.22346052527427673,-0.26617684960365295,1.6457349061965942,6.192873177537337,-6.28,0,0,0,0.12,0.01,0.0,0.01,0.1,0.9,-1.2,0.0,0,0,1,1,0.675,0.44
1,3,-0.685627281665802,0.4482162892818451,2.5583271980285645,-6.28,6.197482838371741,0,0,0,0.12,0.01,0.0,0.01,0.1,0.9,-1.2,0.0,0,0,1,1,0.675,0.44
1,4,-0.38716772198677063,-0.2740710377693176,2.693096876144409,-1.739312134976658,2.7355851757481426,0,0,0,0.12,0.01,0.0,0.01,0.1,0.9,-1.2,0.0,0,0,1,0,0.675,0.44
1,5,-0.6655541062355042,0.0853291004896164,0.48298895359039307,6.197584340703243,-6.28,0,0,0,0.12,0.01,0.0,0.01,0.1,0.9,-1.2,0.0,0,0,1,0,0.675,0.44
1,6,-0.23567825555801392,-0.1550576537847519,2.7828307151794434,6.049930029414865,-6.28,0,0,0,0.12,0.01,0.0,0.01,0.1,0.9,-1.2,0.0,0,0,1,1,0.675,0.44
1,7,-0.525084912776947,0.43997475504875183,-1.0867482423782349,-0.0016028008746397232,1.0016028008746398,0,0,0,0.12,0.01,0.0,0.01,0.1,0.9,-1.2,0.0,0,0,1,1,0.675,0.44
2,0,-0.5387601852416992,0.3376844525337219,2.1349027156829834,6.198079167898636,-6.28,0,0,0,0.12,0.01,0.0,0.01,0.1,0.9,-1.2,0.0,0,0,1,1,0.675,0.44
2,1,-0.6742865443229675,0.3467075526714325,1.6058626174926758,-6.28,5.7437533963839655,0,0,0,0.12,0.01,0.0,0.01,0.1,0.9,-1.2,0.0,0,0,1,1,0.675,0.44
2,2,-0.22468191385269165,-0.25685036182403564,1.7634165287017822,6.197167074599221,-6.28,0,0,0,0.12,0.01,0.0,0.01,0.1,0.9,-1.2,0.0,0,0,1,1,0.675,0.44
2,3,-0.6941996812820435,0.45334887504577637,2.649416923522949,-6.28,6.197482838371741,0,0,0,0.12,0.01,0.0,0.01,0.1,0.9,-1.2,0.0,0,0,1,1,0.675,0.44
2,4,-0.39676591753959656,-0.26928552985191345,2.664046287536621,-1.7428215186231322,2.7373412291639037,0,0,0,0.12,0.01,0.0,0.01,0.1,0.9,-1.2,0.0,0,0,1,0,0.675,0.44
2,5,-0.6587594151496887,0.0881657674908638,0.30375561118125916,6.197370485822327,-6.28,0,0,0,0.12,0.01,0.0,0.01,0.1,0.9,-1.2,0.0,0,0,1,0,0.675,0.44
2,6,-0.2456464171409607,-0.15151116251945496,2.8196661472320557,6.079312326920369,-6.28,0,0,0,0.12,0.01,0.0,0.01,0.1,0.9,-1.2,0.0,0,0,1,1,0.675,0.44
2,7,-0.525084912776947,0.43997475504875183,-1.08674955368042,-0.20868599996782056,1.2086859999678206,0,0,0,0.12,0.01,0.0,0.01,0.1,0.9,-1.2,0.0,0,0,1,1,0.675,0.44
3,0,-0.5401586294174194,0.34031039476394653,1.727463722229004,6.1827742605563705,-6.28,0,0,0,0.12,0.01,0.0,0.01,0.1,0.9,-1.2,0.0,0,0,1,1,0.675,0.44
3,1,-0.6743016839027405,0.3491940200328827,1.93485689163208,-2.279781711904456,3.0215758808535833,0,0,0,0.12,0.01,0.0,0.01,0.1,0.9,-1.2,0.0,0,0,1,1,0.675,0.44
3,2,-0.22516557574272156,-0.25491538643836975,1.439594030380249,6.139122339972096,-6.28,0,0,0,0.12,0.01,0.0,0.01,0.1,0.9,-1.2,0.0,0,0,1,1,0.675,0.44
3,3,-0.696392834186554,0.45440828800201416,3.0527760982513428,-6.28,5.9030770229983345,0,0,0,0.12,0.01,0.0,0.01,0.1,0.9,-1.2,0.0,0,0,1,1,0.675,0.44
3,4,-0.39905065298080444,-0.26776841282844543,2.771977663040161,-1.7361277929125216,2.7340182057199858,0,0,0,0.12,0.01,0.0,0.01,0.1,0.9,-1.2,0.0,0,0,1,0,0.675,0.44
3,5,-0.6568799614906311,0.0886368602514267,-0.1055915579199791,6.1631948711937135,-6.28,0,0,0,0.12,0.01,0.0,0.01,0.1,0.9,-1.2,0.0,0,0,1,0,0.675,0.44
3,6,-0.24851667881011963,-0.15064717829227448,2.451735019683838,3.9440464467234913,-3.7171532452531157,0,0,0,0.12,0.01,0.0,0.01,0.1,0.9,-1.2,0.0,0,0,1,1,0.675,0.44
3,7,-0.5247033834457397,0.4392715096473694,-1.0585778951644897,-0.9548730593892228,1.9548730593892227,0,0,0,0.12,0.01,0.0,0.01,0.1,0.9,-1.2,0.0,0,0,1,1,0.675,0.44
4,0,-0.5402209162712097,0.340212881565094,1.5061256885528564,6.026104464515433,-6.28,0,0,0,0.12,0.01,0.0,0.01,0.1,0.9,-1.2,0.0,0,0,1,1,0.675,0.44
4,1,-0.6758224368095398,0.3507942259311676,2.319352626800537,-1.7442649675439748,2.737827487094298,0,0,0,0.12,0.01,0.0,0.01,0.1,0.9,-1.2,0.0,0,0,1,1,0.675,0.44
4,2,-0.22434286773204803,-0.25399816036224365,1.1227271556854248,5.273328703191583,-5.636211049106423,0,0,0,0.12,0.01,0.0,0.01,0.1,0.9,-1.2,0.0,0,0,1,1,0.675,0.44
4,3,-0.6940688490867615,0.45451265573501587,-3.0192277431488037,-1.7324942794572467,2.7324942794572467,0,0,0,0.12,0.01,0.0,0.01,0.1,0.9,-1.2,0.0,0,0,1,1,0.675,0.44
4,4,-0.4000048339366913,-0.26747143268585205,2.92986798286438,-1.7322884725308612,2.731699876663704,0,0,0,0.12,0.01,0.0,0.01,0.1,0.9,-1.2,0.0,0,0,1,0,0.675,0.44
4,5,-0.6608327031135559,0.08973028510808945,-0.283051073551178,5.757229418300485,-6.28,0,0,0,0.12,0.01,0.0,0.01,0.1,0.9,-1.2,0.0,0,0,1,0,0.675,0.44
4,6,-0.2504377067089081,-0.14807595312595367,2.111248016357422,2.785585789390682,-1.841703204818844,0,0,0,0.12,0.01,0.0,0.01,0.1,0.9,-1.2,0.0,0,0,1,1,0.675,0.44
4,7,-0.5241937637329102,0.4384104013442993,-1.0117149353027344,-1.3216497068712807,2.321649706871281,0,0,0,0.12,0.01,0.0,0.01,0.1,0.9,-1.2,0.0,0,0,1,1,0.675,0.44
5,0,-0.5403388738632202,0.33852702379226685,1.388583779335022,5.586723288380643,-6.117539843403836,0,0,0,0.12,0.01,0.0,0.01,0.1,0.9,-1.2,0.0,0,0,1,1,0.675,0.44
5,1,-0.6775171160697937,0.35242754220962524,2.50852108001709,-1.7322558620532558,2.731161997612338,0,0,0,0.12,0.01,0.0,0.01,0.1,0.9,-1.2,0.0,0,0,1,1,0.675,0.44
5,2,-0.22414560616016388,-0.2538957893848419,1.1085022687911987,5.170950058936282,-5.483934942721529,0,0,0,0.12,0.01,0.0,0.01,0.1,0.9,-1.2,0.0,0,0,1,1,0.675,0.44
5,3,-0.6940162181854248,0.45450982451438904,-2.9138638973236084,-1.7324942794572467,2.7324942794572467,0,0,0,0.12,0.01,0.0,0.01,0.1,0.9,-1.2,0.0,0,0,1,1,0.675,0.44
5,4,-0.40099847316741943,-0.2673332989215851,3.087221384048462,-1.727678782475557,2.7274833388453383,0,0,0,0.12,0.01,0.0,0.01,0.1,0.9,-1.2,0.0,0,0,1,0,0.675,0.44
5,5,-0.6612049341201782,0.08989158272743225,-0.42175814509391785,3.8259078362207695,-3.544477710984259,0,0,0,0.12,0.01,0.0,0.01,0.1,0.9,-1.2,0.0,0,0,1,0,0.675,0.44
5,6,-0.25084933638572693,-0.1470552235841751,1.9036556482315063,2.7409383352785275,-1.7523918446092772,0,0,0,0.12,0.01,0.0,0.01,0.1,0.9,-1.2,0.0,0,0,1,1,0.675,0.44
5,7,-0.5236297249794006,0.4375816285610199,-0.9199533462524414,-1.2501204886422468,2.250120488642247,0,0,0,0.12,0.01,0.0,0.01,0.1,0.9,-1.2,0.0,0,0,1,1,0.675,0.44
6,0,-0.5420834422111511,0.3344166874885559,1.084863305091858,2.968745089798154,-2.186155952243985,0,0,0,0.12,0.01,0.0,0.01,0.1,0.9,-1.2,0.0,0,0,1,1,0.675,0.44
6,1,-0.6784688234329224,0.35303547978401184,2.674426317214966,-1.7220991319967682,2.72177488272919,0,0,0,0.12,0.01,0.0,0.01,0.1,0.9,-1.2,0.0,0,0,1,1,0.675,0.44
6,2,-0.2240624874830246,-0.2537129819393158,0.7033533453941345,2.8385666808754495,-1.9453312358528665,0,0,0,0.12,0.01,0.0,0.01,0.1,0.9,-1.2,0.0,0,0,1,1,0.675,0.44
6,3,-0.69475257396698,0.45424726605415344,-2.7014245986938477,-1.7324942794572467,2.7324942794572467,0,0,0,0.12,0.01,0.0,0.01,0.1,0.9,-1.2,0.0,0,0,1,1,0.675,0.44
6,4,-0.40200093388557434,-0.2673458755016327,-3.0390849113464355,-1.7092692868439494,2.7091881053177653,0,0,0,0.12,0.01,0.0,0.01,0.1,0.9,-1.2,0.0,0,0,1,0,0.675,0.44
6,5,-0.6611926555633545,0.08960365504026413,-0.6656464338302612,2.759476160475093,-1.7881265634978591,0,0,0,0.12,0.01,0.0,0.01,0.1,0.9,-1.2,0.0,0,0,1,0,0.675,0.44
6,6,-0.2509705722332001,-0.1465204805135727,1.6958352327346802,2.7279107046898785,-1.7308756185349408,0,0,0,0.12,0.01,0.0,0.01,0.1,0.9,-1.2,0.0,0,0,1,1,0.675,0.44
6,7,-0.5229799151420593,0.4368143081665039,-0.7969515323638916,-0.9331032726335411,1.933103213028896,0,0,0,0.12,0.01,0.0,0.01,0.1,0.9,-1.2,0.0,0,0,1,1,0.675,0.44
7,0,-0.5463322997093201,0.32866615056991577,0.8944776654243469,2.7783328675796843,-1.826330878691898,0,0,0,0.12,0.01,0.0,0.01,0.1,0.9,-1.2,0.0,0,0,1,1,0.675,0.44
7,1,-0.6793912053108215,0.3534281253814697,2.8296821117401123,-1.6712640765901128,2.6711207870240727,0,0,0,0.12,0.01,0.0,0.01,0.1,0.9,-1.2,0.0,0,0,1,1,0.675,0.44
7,2,-0.22287747263908386,-0.2524353861808777,0.45263853669166565,2.743775689530696,-1.7578746914151566,0,0,0,0.12,0.01,0.0,0.01,0.1,0.9,-1.2,0.0,0,0,1,1,0.675,0.44
7,3,-0.6956261396408081,0.4537590444087982,-2.5463006496429443,-1.7324942794572467,2.7324942794572467,0,0,0,0.12,0.01,0.0,0.01,0.1,0.9,-1.2,0.0,0,0,1,1,0.675,0.44
7,4,-0.4030345678329468,-0.26751792430877686,-2.880972385406494,-1.6174712471860286,2.6174289278882377,0,0,0,0.12,0.01,0.0,0.01,0.1,0.9,-1.2,0.0,0,0,1,0,0.675,0.44
7,5,-0.6609077453613281,0.08896061778068542,-0.9616556167602539,2.7329122303695934,-1.7333739279480238,0,0,0,0.12,0.01,0.0,0.01,0.1,0.9,-1.2,0.0,0,0,1,0,0.675,0.44
7,6,-0.25099503993988037,-0.145967036485672,1.5242280960083008,2.7088589145294,-1.7100935651412772,0,0,0,0.12,0.01,0.0,0.01,0.1,0.9,-1.2,0.0,0,0,1,1,0.675,0.44
7,7,-0.5222403407096863,0.4361327588558197,-0.6728310585021973,-0.5712932467351581,1.5712931275258686,0,0,0,0.12,0.01,0.0,0.01,0.1,0.9,-1.2,0.0,0,0,1,1,0.675,0.44
8,0,-0.5471628308296204,0.32773157954216003,0.704630434513092,2.7389429513162042,-1.746022552604046,0,0,0,0.12,0.01,0.0,0.01,0.1,0.9,-1.2,0.0,0,0,1,1,0.675,0.44
8,1,-0.6803637146949768,0.35367298126220703,2.9852123260498047,-1.4255691444044372,2.425486949599292,0,0,0,0.12,0.01,0.0,0.01,0.1,0.9,-1.2,0.0,0,0,1,1,0.675,0.44
8,2,-0.22117602825164795,-0.2516855299472809,0.28003740310668945,2.7312333717537283,-1.7351833119583489,0,0,0,0.12,0.01,0.0,0.01,0.1,0.9,-1.2,0.0,0,0,1,1,0.675,0.44
8,3,-0.696407675743103,0.45313939452171326,-2.390223741531372,-1.7324942794572467,2.7324942794572467,0,0,0,0.12,0.01,0.0,0.01,0.1,0.9,-1.2,0.0,0,0,1,1,0.675,0.44
8,4,-0.40400487184524536,-0.26784318685531616,-2.7248542308807373,-1.129866526886327,2.12983797626148,0,0,0,0.12,0.01,0.0,0.01,0.1,0.9,-1.2,0.0,0,0,1,0,0.675,0.44
8,5,-0.6605235934257507,0.08824779838323593,-1.1574115753173828,2.732485069820186,-1.73253042895486,0,0,0,0.12,0.01,0.0,0.01,0.1,0.9,-1.2,0.0,0,0,1,0,0.675,0.44
8,6,-0.2509160041809082,-0.14539828896522522,1.3535419702529907,2.6355416640066323,-1.6361728175901586,0,0,0,0.12,0.01,0.0,0.01,0.1,0.9,-1.2,0.0,0,0,1,1,0.675,0.44
8,7,-0.5214273929595947,0.43554478883743286,-0.5677067637443542,-0.13899856435236074,1.138998266329137,0,0,0,0.12,0.01,0.0,0.01,0.1,0.9,-1.2,0.0,0,0,1,1,0.675,0.44
9,0,-0.5467431545257568,0.32800033688545227,0.5259750485420227,2.7332475369982867,-1.7344595974497945,0,0,0,0.12,0.01,0.0,0.01,0.1,0.9,-1.2,0.0,0,0,1,1,0.675,0.44
9,1,-0.6813615560531616,0.35376498103141785,3.138117790222168,-0.3361433529785013,1.3360835695197917,0,0,0,0.12,0.01,0.0,0.01,0.1,0.9,-1.2,0.0,0,0,1,1,0.675,0.44
9,2,-0.22022533416748047,-0.2514709532260895,0.12214943766593933,2.7196698583144334,-1.7211769021529348,0,0,0,0.12,0.01,0.0,0.01,0.1,0.9,-1.2,0.0,0,0,1,1,0.675,0.44
9,3,-0.6970826983451843,0.45240604877471924,-2.233654737472534,-1.7324942794572467,2.7324942794572467,0,0,0,0.12,0.01,0.0,0.01,0.1,0.9,-1.2,0.0,0,0,1,1,0.675,0.44
9,4,-0.40490517020225525,-0.26831114292144775,-2.574495553970337,0.6683747276918269,0.3315999999387884,0,0,0,0.12,0.01,0.0,0.01,0.1,0.9,-1.2,0.0,0,0,1,0,0.675,0.44
9,5,-0.6601963043212891,0.08730826526880264,-1.313133955001831,2.732183985708895,-1.7321940588938625,0,0,0,0.12,0.01,0.0,0.01,0.1,0.9,-1.2,0.0,0,0,1,0,0.675,0.44
9,6,-0.2507413625717163,-0.14484372735023499,1.1837962865829468,2.3278589784782593,-1.328260296551532,0,0,0,0.12,0.01,0.0,0.01,0.1,0.9,-1.2,0.0,0,0,1,1,0.675,0.44
9,7,-0.5205632448196411,0.43503978848457336,-0.48749297857284546,0.08605688214168727,0.9139426410211546,0,0,0,0.12,0.01,0.0,0.01,0.1,0.9,-1.2,0.0,0,0,1,1,0.675,0.44
10,0,-0.5462266802787781,0.3282318413257599,0.3538493514060974,2.7312009480110686,-1.731478109609274,0,0,0,0.12,0.01,0.0,0.01,0.1,0.9,-1.2,0.0,0,0,1,1,0.675,0.44
10,1,-0.6823700666427612,0.3537055253982544,-3.00630784034729,1.5909715075061182,-0.5910265821978905,0,0,0,0.12,0.01,0.0,0.01,0.1,0.9,-1.2,0.0,0,0,1,1,0.675,0.44
10,2,-0.21923044323921204,-0.2514273524284363,-0.03390436992049217,2.686529237292002,-1.6872260751940715,0,0,0,0.12,0.01,0.0,0.01,0.1,0.9,-1.2,0.0,0,0,1,1,0.675,0.44
10,3,-0.6976348161697388,0.4515753984451294,-2.0769050121307373,-1.7324942794572467,2.7324942794572467,0,0,0,0.12,0.01,0.0,0.01,0.1,0.9,-1.2,0.0,0,0,1,1,0.675,0.44
10,4,-0.40572357177734375,-0.26889899373054504,-2.453185558319092,2.0799158141601284,-1.0799431130874355,0,0,0,0.12,0.01,0.0,0.01,0.1,0.9,-1.2,0.0,0,0,1,0,0.675,0.44
10,5,-0.6600170135498047,0.08632367104291916,-1.4691108465194702,2.7300484586377807,-1.730051498474664,0,0,0,0.12,0.01,0.0,0.01,0.1,0.9,-1.2,0.0,0,0,1,0,0.675,0.44
10,6,-0.25047075748443604,-0.14431431889533997,1.0186909437179565,1.1724209836761486,-0.17274791515274152,0,0,0,0.12,0.01,0.0,0.01,0.1,0.9,-1.2,0.0,0,0,1,1,0.675,0.44
10,7,-0.5196672081947327,0.43459686636924744,-0.43667539954185486,-0.11371290950255705,1.1137122538514646,0,0,0,0.12,0.01,0.0,0.01,0.1,0.9,-1.2,0.0,0,0,1,1,0.675,0.44
11,0,-0.5456634163856506,0.328376829624176,0.18275554478168488,2.724348914372958,-1.724432897317446,0,0,0,0.12,0.01,0.0,0.01,0.1,0.9,-1.2,0.0,0,0,1,1,0.675,0.44
11,1,-0.6833786368370056,0.3535255789756775,-2.9318063259124756,2.2049871148417686,-1.2050420703242513,0,0,0,0.12,0.01,0.0,0.01,0.1,0.9,-1.2,0.0,0,0,1,1,0.675,0.44
11,2,-0.21827399730682373,-0.25153523683547974,-0.19084644317626953,2.562430360408232,-1.5628239894823286,0,0,0,0.12,0.01,0.0,0.01,0.1,0.9,-1.2,0.0,0,0,1,1,0.675,0.44
11,3,-0.6980493664741516,0.4506669342517853,-1.9201122522354126,-1.7324942794572467,2.7324942794572467,0,0,0,0.12,0.01,0.0,0.01,0.1,0.9,-1.2,0.0,0,0,1,1,0.675,0.44
11,4,-0.4064796566963196,-0.2695489227771759,-2.4402542114257812,2.1513433437517375,-1.151370761888334,0,0,0,0.12,0.01,0.0,0.01,0.1,0.9,-1.2,0.0,0,0,1,0,0.675,0.44
11,5,-0.6599867939949036,0.08532264828681946,-1.625516414642334,2.7106530755166993,-1.71065432721424,0,0,0,0.12,0.01,0.0,0.01,0.1,0.9,-1.2,0.0,0,0,1,0,0.675,0.44
11,6,-0.25009116530418396,-0.1437942534685135,0.8736969232559204,-0.5311302534895749,1.5307983152228206,0,0,0,0.12,0.01,0.0,0.01,0.1,0.9,-1.2,0.0,0,0,1,1,0.675,0.44
11,7,-0.5187538266181946,0.43419161438941956,-0.4045327305793762,-0.5125755122879667,1.512574618218295,0,0,0,0.12,0.01,0.0,0.01,0.1,0.9,-1.2,0.0,0,0,1,1,0.675,0.44
12,0,-0.5447481274604797,0.3284596800804138,0.023660864681005478,2.686748902793338,-1.6867842483476903,0,0,0,0.12,0.01,0.0,0.01,0.1,0.9,-1.2,0.0,0,0,1,1,0.675,0.44
12,1,-0.6843558549880981,0.3533214032649994,-2.98171067237854,1.8859200418030497,-0.8859663546120401,0,0,0,0.12,0.01,0.0,0.01,0.1,0.9,-1.2,0.0,0,0,1,1,0.675,0.44
12,2,-0.21733449399471283,-0.25179558992385864,-0.34555062651634216,2.0925439015517875,-1.0928208843360585,0,0,0,0.12,0.01,0.0,0.01,0.1,0.9,-1.2,0.0,0,0,1,1,0.675,0.44
12,3,-0.6983155608177185,0.4497033357620239,-1.7633295059204102,-1.7285598500309207,2.728559850030921,0,0,0,0.12,0.01,0.0,0.01,0.1,0.9,-1.2,0.0,0,0,1,1,0.675,0.44
12,4,-0.4072592258453369,-0.2701707184314728,-2.531689167022705,1.2161152539387863,-0.21613993026172337,0,0,0,0.12,0.01,0.0,0.01,0.1,0.9,-1.2,0.0,0,0,1,0,0.675,0.44
12,5,-0.6601102948188782,0.08436232805252075,-1.783168077468872,2.5161240097277155,-1.5161247845880976,0,0,0,0.12,0.01,0.0,0.01,0.1,0.9,-1.2,0.0,0,0,1,0,0.675,0.44
12,6,-0.2495288997888565,-0.14318546652793884,0.804776132106781,-1.05945697322318,2.0591038157028856,0,0,0,0.12,0.01,0.0,0.01,0.1,0.9,-1.2,0.0,0,0,1,1,0.675,0.44
12,7,-0.5178273320198059,0.4338163137435913,-0.36428695917129517,-0.6515473311028415,1.6515461986145907,0,0,0,0.12,0.01,0.0,0.01,0.1,0.9,-1.2,0.0,0,0,1,1,0.675,0.44
13,0,-0.5437252521514893,0.3284038007259369,-0.13336792588233948,2.4560527512828405,-1.4560725996295505,0,0,0,0.12,0.01,0.0,0.01,0.1,0.9,-1.2,0.0,0,0,1,1,0.675,0.44
13,1,-0.6853488683700562,0.35320472717285156,-3.09303879737854,0.5341361182172728,0.46582495994968887,0,0,0,0.12,0.01,0.0,0.01,0.1,0.9,-1.2,0.0,0,0,1,1,0.675,0.44
13,2,-0.21643415093421936,-0.25219687819480896,-0.49244141578674316,0.7601058330823197,0.2396530661295638,0,0,0,0.12,0.01,0.0,0.01,0.1,0.9,-1.2,0.0,0,0,1,1,0.675,0.44
13,3,-0.6984270811080933,0.44870874285697937,-1.6065750122070312,2.732025145604788,-1.7320251456047877,0,0,0,0.12,0.01,0.0,0.01,0.1,0.9,-1.2,0.0,0,0,1,1,0.675,0.44
13,4,-0.4081082344055176,-0.27069783210754395,-2.6468701362609863,-0.5160282921489454,1.5160032581981397,0,0,0,0.12,0.01,0.0,0.01,0.1,0.9,-1.2,0.0,0,0,1,0,0.675,0.44
13,5,-0.6603909134864807,0.0834251195192337,-1.939434289932251,0.8708388542355752,0.12916049011333242,0,0,0,0.12,0.01,0.0,0.01,0.1,0.9,-1.2,0.0,0,0,1,0,0.675,0.44
13,6,-0.2487834393978119,-0.14239318668842316,0.8569035530090332,-0.7221810918287571,1.7218583326772985,0,0,0,0.12,0.01,0.0,0.01,0.1,0.9,-1.2,0.0,0,0,1,1,0.675,0.44
13,7,-0.5168823599815369,0.43348780274391174,-0.29879605770111084,-0.2911322101539871,1.291130958456447,0,0,0,0.12,0.01,0.0,0.01,0.1,0.9,-1.2,0.0,0,0,1,1,0.675,0.44
14,0,-0.5426644086837769,0.3281790018081665,-0.29024410247802734,1.145444017671485,-0.145458918832679,0,0,0,0.12,0.01,0.0,0.01,0.1,0.9,-1.2,0.0,0,0,1,1,0.675,0.44
14,1,-0.6863499283790588,0.35320472717285156,3.088268756866455,-0.7659345981287101,1.7658979412721734,0,0,0,0.12,0.01,0.0,0.01,0.1,0.9,-1.2,0.0,0,0,1,1,0.675,0.44
14,2,-0.2155919373035431,-0.25271961092948914,-0.610837996006012,-0.5765489698610946,1.5763038755617784,0,0,0,0.12,0.01,0.0,0.01,0.1,0.9,-1.2,0.0,0,0,1,1,0.675,0.44
14,3,-0.6983906626701355,0.4477168023586273,-1.4497627019882202,2.7324942794572467,-1.7324942794572467,0,0,0,0.12,0.01,0.0,0.01,0.1,0.9,-1.2,0.0,0,0,1,1,0.675,0.44
14,4,-0.4090059697628021,-0.2711353898048401,-2.7102553844451904,-1.1097869213414095,2.1097599204373263,0,0,0,0.12,0.01,0.0,0.01,0.1,0.9,-1.2,0.0,0,0,1,0,0.675,0.44
14,5,-0.6608161330223083,0.08253365755081177,-2.0840981006622314,-1.2909867901732177,2.2909860153128356,0,0,0,0.12,0.01,0.0,0.01,0.1,0.9,-1.2,0.0,0,0,1,0,0.675,0.44
14,6,-0.24799974262714386,-0.14138838648796082,0.9688827395439148,0.458541294168577,0.5411653317698385,0,0,0,0.12,0.01,0.0,0.01,0.1,0.9,-1.2,0.0,0,0,1,1,0.675,0.44
14,7,-0.5159153342247009,0.4332287013530731,-0.21986918151378632,0.5932491841711731,0.406749444921997,0,0,0,0.12,0.01,0.0,0.01,0.1,0.9,-1.2,0.0,0,0,1,1,0.675,0.44
15,0,-0.5413727164268494,0.32768818736076355,-0.44406116008758545,-1.022442304465184,2.022427701327214,0,0,0,0.12,0.01,0.0,0.01,0.1,0.9,-1.2,0.0,0,0,1,1,0.675,0.44
15,1,-0.6873459219932556,0.35327979922294617,3.066948890686035,-0.9160812910846231,1.916047912483549,0,0,0,0.12,0.01,0.0,0.01,0.1,0.9,-1.2,0.0,0,0,1,1,0.675,0.44
15,2,-0.21479539573192596,-0.25331559777259827,-0.6482030153274536,-0.8489471038992769,1.8487003406699067,0,0,0,0.12,0.01,0.0,0.01,0.1,0.9,-1.2,0.0,0,0,1,1,0.675,0.44
15,3,-0.6982704997062683,0.44673919677734375,-1.5447206497192383,2.7324897896557814,-1.7324897896557812,0,0,0,0.12,0.01,0.0,0.01,0.1,0.9,-1.2,0.0,0,0,1,1,0.675,0.44
15,4,-0.4099123477935791,-0.27155768871307373,-2.663010358810425,-0.7065599117302084,1.7065342221283104,0,0,0,0.12,0.01,0.0,0.01,0.1,0.9,-1.2,0.0,0,0,1,0,0.675,0.44
15,5,-0.6613324284553528,0.08169964700937271,-2.133406400680542,-1.506462689080856,2.5064617950111843,0,0,0,0.12,0.01,0.0,0.01,0.1,0.9,-1.2,0.0,0,0,1,0,0.675,0.44
15,6,-0.24734793603420258,-0.14032916724681854,1.068067193031311,1.5584028314716927,-0.5586962055332773,0,0,0,0.12,0.01,0.0,0.01,0.1,0.9,-1.2,0.0,0,0,1,1,0.675,0.44
15,7,-0.5149325132369995,0.4330413341522217,-0.15927492082118988,1.2910078213523406,-0.2910093114684598,0,0,0,0.12,0.01,0.0,0.01,0.1,0.9,-1.2,0.0,0,0,1,1,0.675,0.44
16,0,-0.5403388142585754,0.3271387219429016,-0.5133554339408875,-1.4175826017238156,2.417567104516174,0,0,0,0.12,0.01,0.0,0.01,0.1,0.9,-1.2,0.0,0,0,1,1,0.675,0.44
16,1,-0.6883432865142822,0.3533357083797455,3.1377134323120117,-0.023463030219508622,1.023434539199306,0,0,0,0.12,0.01,0.0,0.01,0.1,0.9,-1.2,0.0,0,0,1,1,0.675,0.44
16,2,-0.21399325132369995,-0.2539079785346985,-0.5911598801612854,-0.28875760852964594,1.28852962076338,0,0,0,0.12,0.01,0.0,0.01,0.1,0.9,-1.2,0.0,0,0,1,1,0.675,0.44
16,3,-0.6983043551445007,0.44572508335113525,-1.7025582790374756,2.685475313080527,-1.685475313080527,0,0,0,0.12,0.01,0.0,0.01,0.1,0.9,-1.2,0.0,0,0,1,1,0.675,0.44
16,4,-0.41078391671180725,-0.2720564007759094,-2.55806827545166,0.7860729962063144,0.21390208905216956,0,0,0,0.12,0.01,0.0,0.01,0.1,0.9,-1.2,0.0,0,0,1,0,0.675,0.44
16,5,-0.6618450284004211,0.08084461092948914,-2.037519693374634,-0.8005582969929457,1.8005575221325638,0,0,0,0.12,0.01,0.0,0.01,0.1,0.9,-1.2,0.0,0,0,1,0,0.675,0.44
16,6,-0.24686342477798462,-0.1394016146659851,1.0891144275665283,1.7168558486770389,-0.7171453484367128,0,0,0,0.12,0.01,0.0,0.01,0.1,0.9,-1.2,0.0,0,0,1,1,0.675,0.44
16,7,-0.5139443874359131,0.43289434909820557,-0.15348419547080994,1.0644363175710558,-0.06443786729181987,0,0,0,0.12,0.01,0.0,0.01,0.1,0.9,-1.2,0.0,0,0,1,1,0.675,0.44
17,0,-0.5394580364227295,0.3266527056694031,-0.43674638867378235,-0.9783953003574887,1.9783823661495725,0,0,0,0.12,0.01,0.0,0.01,0.1,0.9,-1.2,0.0,0,0,1,1,0.675,0.44
17,1,-0.6893434524536133,0.35329461097717285,-3.04805588722229,1.4997190024157838,-0.49974564569199836,0,0,0,0.12,0.01,0.0,0.01,0.1,0.9,-1.2,0.0,0,0,1,1,0.675,0.44
17,2,-0.2131415754556656,-0.25443077087402344,-0.5001739263534546,0.8736533923257074,0.12612762020938784,0,0,0,0.12,0.01,0.0,0.01,0.1,0.9,-1.2,0.0,0,0,1,0,0.675,0.44
17,3,-0.6985079646110535,0.4447040557861328,-1.8608834743499756,-1.5691726706065983,2.5691726706065983,0,0,0,0.12,0.01,0.0,0.01,0.1,0.9,-1.2,0.0,0,0,1,1,0.675,0.44
17,4,-0.41159749031066895,-0.27264663577079773,-2.467513084411621,1.9077002214009091,-0.9077269242817687,0,0,0,0.12,0.01,0.0,0.01,0.1,0.9,-1.2,0.0,0,0,1,0,0.675,0.44
17,5,-0.6622436046600342,0.0799245536327362,-1.8992588520050049,1.7195280087864753,-0.7195288432515022,0,0,0,0.12,0.01,0.0,0.01,0.1,0.9,-1.2,0.0,0,0,1,0,0.675,0.44
17,6,-0.2464454472064972,-0.13862620294094086,1.0259687900543213,1.0492862888980328,-0.04955719200853718,0,0,0,0.12,0.01,0.0,0.01,0.1,0.9,-1.2,0.0,0,0,1,0,0.675,0.44
17,7,-0.5129590034484863,0.4327290654182434,-0.19928336143493652,-0.2134894896788201,1.2134879399580558,0,0,0,0.12,0.01,0.0,0.01,0.1,0.9,-1.2,0.0,0,0,1,1,0.675,0.44
18,0,-0.5385295152664185,0.32627469301223755,-0.3073981702327728,0.8197348228710054,0.1802536734325529,0,0,0,0.12,0.01,0.0,0.01,0.1,0.9,-1.2,0.0,0,0,1,1,0.675,0.44
18,1,-0.6903510093688965,0.3531690537929535,-2.998267889022827,2.0302300331226317,-1.0302560207477538,0,0,0,0.12,0.01,0.0,0.01,0.1,0.9,-1.2,0.0,0,0,1,1,0.675,0.44
18,2,-0.2122471034526825,-0.2548764944076538,-0.4369339048862457,1.5931492829457703,-0.5933714890614931,0,0,0,0.12,0.01,0.0,0.01,0.1,0.9,-1.2,0.0,0,0,1,0,0.675,0.44
18,3,-0.6988656520843506,0.4437476396560669,-2.015709161758423,-1.7312720218469049,2.731272021846905,0,0,0,0.12,0.01,0.0,0.01,0.1,0.9,-1.2,0.0,0,0,1,1,0.675,0.44
18,4,-0.4123693108558655,-0.27328044176101685,-2.4667885303497314,1.9004157964993558,-0.9004426781941494,0,0,0,0.12,0.01,0.0,0.01,0.1,0.9,-1.2,0.0,0,0,1,0,0.675,0.44
18,5,-0.6625177264213562,0.0789610892534256,-1.797984004020691,2.495193690574556,-1.4951947634581624,0,0,0,0.12,0.01,0.0,0.01,0.1,0.9,-1.2,0.0,0,0,1,0,0.675,0.44
18,6,-0.24601812660694122,-0.13797762989997864,0.934776782989502,-0.11157139010644782,1.1113034672281825,0,0,0,0.12,0.01,0.0,0.01,0.1,0.9,-1.2,0.0,0,0,1,0,0.675,0.44
18,7,-0.5119848847389221,0.4325108826160431,-0.2421846091747284,-1.1018434724503225,2.101841743915624,0,0,0,0.12,0.01,0.0,0.01,0.1,0.9,-1.2,0.0,0,0,1,1,0.675,0.44
19,0,-0.5375571250915527,0.32602202892303467,-0.19741033017635345,2.121973288044624,-1.1219853877875132,0,0,0,0.12,0.01,0.0,0.01,0.1,0.9,-1.2,0.0,0,0,1,1,0.675,0.44
19,1,-0.6913421154022217,0.3530351221561432,-3.0471303462982178,1.5994286494294052,-0.5994514780083542,0,0,0,0.12,0.01,0.0,0.01,0.1,0.9,-1.2,0.0,0,0,1,1,0.675,0.44
19,2,-0.21133825182914734,-0.25529295206069946,-0.44696855545043945,1.5173823584276003,-0.5175990809160034,0,0,0,0.12,0.01,0.0,0.01,0.1,0.9,-1.2,0.0,0,0,1,0,0.675,0.44
19,3,-0.6992902755737305,0.4428442418575287,-1.929088830947876,-1.3482366717257186,2.348236671725719,0,0,0,0.12,0.01,0.0,0.01,0.1,0.9,-1.2,0.0,0,0,1,1,0.675,0.44
19,4,-0.4131658673286438,-0.2738829255104065,-2.5500032901763916,0.8473116949459422,0.15266279426609397,0,0,0,0.12,0.01,0.0,0.01,0.1,0.9,-1.2,0.0,0,0,1,0,0.675,0.44
19,5,-0.6627432703971863,0.07799285650253296,-1.848743200302124,2.247076400068273,-1.2470774133472342,0,0,0,0.12,0.01,0.0,0.01,0.1,0.9,-1.2,0.0,0,0,1,0,0.675,0.44
19,6,-0.24547834694385529,-0.137293741106987,0.8823139667510986,-0.6700541842455532,1.6697798240656523,0,0,0,0.12,0.01,0.0,0.01,0.1,0.9,-1.2,0.0,0,0,1,0,0.675,0.44
19,7,-0.5110138058662415,0.4322747588157654,-0.21002662181854248,-1.0559500670622162,2.0559482789228727,0,0,0,0.12,0.01,0.0,0.01,0.1,0.9,-1.2,0.0,0,0,1,1,0.675,0.44
20,0,-0.5365695953369141,0.3258434236049652,-0.19502504169940948,2.123688129838803,-1.1236996931398895,0,0,0,0.12,0.01,0.0,0.01,0.1,0.9,-1.2,0.0,0,0,1,1,0.675,0.44
20,1,-0.6923415064811707,0.3529817461967468,3.1359639167785645,0.16046439059885553,0.8395151650079865,0,0,0,0.12,0.01,0.0,0.01,0.1,0.9,-1.2,0.0,0,0,1,1,0.675,0.44
20,2,-0.2104463279247284,-0.2557467520236969,-0.5137001276016235,0.7879948443889152,0.211798387098359,0,0,0,0.12,0.01,0.0,0.01,0.1,0.9,-1.2,0.0,0,0,1,0,0.675,0.44
20,3,-0.6995745301246643,0.44188591837882996,-1.7740495204925537,2.714698060808902,-1.714698060808902,0,0,0,0.12,0.01,0.0,0.01,0.1,0.9,-1.2,0.0,0,0,1,1,0.675,0.44
20,4,-0.4140206575393677,-0.27440184354782104,-2.648557662963867,-0.6079345256305518,1.6079078823543371,0,0,0,0.12,0.01,0.0,0.01,0.1,0.9,-1.2,0.0,0,0,1,0,0.675,0.44
20,5,-0.6630659699440002,0.07705340534448624,-1.9785245656967163,0.3471236889975473,0.6528753573281363,0,0,0,0.12,0.01,0.0,0.01,0.1,0.9,-1.2,0.0,0,0,1,0,0.675,0.44
20,6,-0.2448151707649231,-0.13648353517055511,0.9107317924499512,-0.4280821157873894,1.4278187228621269,0,0,0,0.12,0.01,0.0,0.01,0.1,0.9,-1.2,0.0,0,0,1,0,0.675,0.44
20,7,-0.5100271105766296,0.43210554122924805,-0.10996675491333008,0.11067801638163606,0.8893203146883102,0,0,0,0.12,0.01,0.0,0.01,0.1,0.9,-1.2,0.0,0,0,1,1,0.675,0.44
21,0,-0.5354503989219666,0.3255772590637207,-0.2961009442806244,0.8958772914678477,0.10411275455647472,0,0,0,0.12,0.01,0.0,0.01,0.1,0.9,-1.2,0.0,0,0,1,1,0.675,0.44
21,1,-0.6933414340019226,0.3530275225639343,3.0526974201202393,-0.8668617865284014,1.8668419381816914,0,0,0,0.12,0.01,0.0,0.01,0.1,0.9,-1.2,0.0,0,0,1,1,0.675,0.44
21,2,-0.20958997309207916,-0.25626784563064575,-0.5862839818000793,-0.09340217219743745,1.0931974898472787,0,0,0,0.12,0.01,0.0,0.01,0.1,0.9,-1.2,0.0,0,0,1,0,0.675,0.44
21,3,-0.6997085809707642,0.4408940374851227,-1.638802409172058,2.7323396696382574,-1.7323396696382574,0,0,0,0.12,0.01,0.0,0.01,0.1,0.9,-1.2,0.0,0,0,1,1,0.675,0.44
21,4,-0.4149141311645508,-0.274848610162735,-2.687687397003174,-0.987506002056781,1.9874776898505129,0,0,0,0.12,0.01,0.0,0.01,0.1,0.9,-1.2,0.0,0,0,1,0,0.675,0.44
21,5,-0.6635172963142395,0.0761682540178299,-2.105167865753174,-1.3114429641080196,2.3114417720151237,0,0,0,0.12,0.01,0.0,0.01,0.1,0.9,-1.2,0.0,0,0,1,0,0.675,0.44
21,6,-0.24421550333499908,-0.1356576681137085,0.9858415126800537,0.42332080740592537,0.5764277205977673,0,0,0,0.12,0.01,0.0,0.01,0.1,0.9,-1.2,0.0,0,0,1,0,0.675,0.44
21,7,-0.5090264081954956,0.4320496618747711,0.0015786192379891872,1.9041081721394355,-0.9041099602787785,0,0,0,0.12,0.01,0.0,0.01,0.1,0.9,-1.2,0.0,0,0,1,1,0.675,0.44
22,0,-0.5342201590538025,0.32512030005455017,-0.42111581563949585,-0.9420495045416875,1.9420396101706545,0,0,0,0.12,0.01,0.0,0.01,0.1,0.9,-1.2,0.0,0,0,1,1,0.675,0.44
22,1,-0.6943351626396179,0.35312914848327637,3.0564606189727783,-0.7886262356890553,1.7886081158770435,0,0,0,0.12,0.01,0.0,0.01,0.1,0.9,-1.2,0.0,0,0,1,1,0.675,0.44
22,2,-0.20876744389533997,-0.25683829188346863,-0.6167661547660828,-0.39621679098855417,1.3960130027080673,0,0,0,0.12,0.01,0.0,0.01,0.1,0.9,-1.2,0.0,0,0,1,0,0.675,0.44
22,3,-0.6997818946838379,0.43988701701164246,-1.7386913299560547,2.7313465467478384,-1.7313465467478382,0,0,0,0.12,0.01,0.0,0.01,0.1,0.9,-1.2,0.0,0,0,1,1,0.675,0.44
22,4,-0.41580796241760254,-0.2752975821495056,-2.630183219909668,-0.39548542411891585,1.3954581847962533,0,0,0,0.12,0.01,0.0,0.01,0.1,0.9,-1.2,0.0,0,0,1,0,0.675,0.44
22,5,-0.664048969745636,0.07532355189323425,-2.1208336353302,-1.379847039048962,2.379845727746777,0,0,0,0.12,0.01,0.0,0.01,0.1,0.9,-1.2,0.0,0,0,1,0,0.675,0.44
22,6,-0.24369129538536072,-0.13480786979198456,1.0543851852416992,1.2318604308970218,-0.2321114856608157,0,0,0,0.12,0.01,0.0,0.01,0.1,0.9,-1.2,0.0,0,0,1,0,0.675,0.44
22,7,-0.508027195930481,0.4320838749408722,0.04481663182377815,2.295858800364981,-1.2958607077136142,0,0,0,0.12,0.01,0.0,0.01,0.1,0.9,-1.2,0.0,0,0,1,1,0.675,0.44
23,0,-0.5332257747650146,0.3246319591999054,-0.47095614671707153,-1.2968413453658556,2.296831212576244,0,0,0,0.12,0.01,0.0,0.01,0.1,0.9,-1.2,0.0,0,0,1,1,0.675,0.44
23,1,-0.6953328847885132,0.35318997502326965,3.138099193572998,0.41517774557769177,0.5848061611682188,0,0,0,0.12,0.01,0.0,0.01,0.1,0.9,-1.2,0.0,0,0,1,1,0.675,0.44
23,2,-0.20794983208179474,-0.2574126422405243,-0.5874612331390381,-0.02198330779850299,1.021786672075389,0,0,0,0.12,0.01,0.0,0.01,0.1,0.9,-1.2,0.0,0,0,1,0,0.675,0.44
23,3,-0.7000147104263306,0.43888404965400696,-1.896715521812439,2.7186024110971,-1.7186024110971,0,0,0,0.12,0.01,0.0,0.01,0.1,0.9,-1.2,0.0,0,0,1,1,0.675,0.44
23,4,-0.4166628420352936,-0.27582424879074097,-2.530870199203491,1.0883466315358314,-0.08837404967242807,0,0,0,0.12,0.01,0.0,0.01,0.1,0.9,-1.2,0.0,0,0,1,0,0.675,0.44
23,5,-0.6645464301109314,0.07445694506168365,-2.016620635986328,-0.25201040479224796,1.2520092126993523,0,0,0,0.12,0.01,0.0,0.01,0.1,0.9,-1.2,0.0,0,0,1,0,0.675,0.44
23,6,-0.24321042001247406,-0.13392964005470276,1.0717586278915405,1.3880473641721385,-0.3882962135640757,0,0,0,0.12,0.01,0.0,0.01,0.1,0.9,-1.2,0.0,0,0,1,0,0.675,0.44
23,7,-0.5070288777351379,0.4321122467517853,-0.02877366729080677,1.6263144884992502,-0.626316217033949,0,0,0,0.12,0.01,0.0,0.01,0.1,0.9,-1.2,0.0,0,0,1,1,0.675,0.44
24,0,-0.5324552655220032,0.3242481052875519,-0.3904639780521393,-0.6262677698778204,1.626258888785749,0,0,0,0.12,0.01,0.0,0.01,0.1,0.9,-1.2,0.0,0,0,1,1,0.675,0.44
24,1,-0.6963329911231995,0.35315045714378357,-3.053447961807251,1.786306075490954,-0.7863219303264644,0,0,0,0.12,0.01,0.0,0.01,0.1,0.9,-1.2,0.0,0,0,1,1,0.675,0.44
24,2,-0.20710481703281403,-0.25794729590415955,-0.5287854671478271,0.7743081133787836,0.2254995424325263,0,0,0,0.12,0.01,0.0,0.01,0.1,0.9,-1.2,0.0,0,0,1,0,0.675,0.44
24,3,-0.7004055380821228,0.4379417896270752,-2.054227113723755,2.656082933259073,-1.6560829332590727,0,0,0,0.12,0.01,0.0,0.01,0.1,0.9,-1.2,0.0,0,0,1,1,0.675,0.44
24,4,-0.41746264696121216,-0.276430606842041,-2.4595823287963867,1.9040655528213972,-0.9040951763298506,0,0,0,0.12,0.01,0.0,0.01,0.1,0.9,-1.2,0.0,0,0,1,0,0.675,0.44
24,5,-0.6649277210235596,0.0735291838645935,-1.885286569595337,2.0056892340829813,-1.005690604989811,0,0,0,0.12,0.01,0.0,0.01,0.1,0.9,-1.2,0.0,0,0,1,0,0.675,0.44
24,6,-0.24272333085536957,-0.13305678963661194,1.0316883325576782,0.8943796532677288,0.10538049764169519,0,0,0,0.12,0.01,0.0,0.01,0.1,0.9,-1.2,0.0,0,0,1,0,0.675,0.44
24,7,-0.5060314536094666,0.43203574419021606,-0.14988738298416138,-0.6500876426479396,1.6500859141132411,0,0,0,0.12,0.01,0.0,0.01,0.1,0.9,-1.2,0.0,0,0,1,1,0.675,0.44
25,0,-0.5315601229667664,0.32393306493759155,-0.26721426844596863,1.317802853112215,-0.3178113169717731,0,0,0,0.12,0.01,0.0,0.01,0.1,0.9,-1.2,0.0,0,0,1,1,0.675,0.44
25,1,-0.6973322629928589,0.35304003953933716,-3.0303542613983154,2.0265400296991927,-1.0265555269068343,0,0,0,0.12,0.01,0.0,0.01,0.1,0.9,-1.2,0.0,0,0,1,1,0.675,0.44
25,2,-0.20622986555099487,-0.2584313750267029,-0.4868874251842499,1.3142302915636341,-0.3144234702173511,0,0,0,0.12,0.01,0.0,0.01,0.1,0.9,-1.2,0.0,0,0,1,0,0.675,0.44
25,3,-0.7009382843971252,0.4370797872543335,-2.2106449604034424,2.4810184159304285,-1.4810185947443626,0,0,0,0.12,0.01,0.0,0.01,0.1,0.9,-1.2,0.0,0,0,1,1,0.675,0.44
25,4,-0.418235719203949,-0.27706292271614075,-2.4801712036132812,1.6870985038945896,-0.6871280081937534,0,0,0,0.12,0.01,0.0,0.01,0.1,0.9,-1.2,0.0,0,0,1,0,0.675,0.44
25,5,-0.6651982665061951,0.0725657045841217,-1.8167232275009155,2.454348817186703,-1.4543504861167569,0,0,0,0.12,0.01,0.0,0.01,0.1,0.9,-1.2,0.0,0,0,1,0,0.675,0.44
25,6,-0.24218785762786865,-0.132211834192276,0.971497654914856,0.09474458014677696,0.9050187298088201,0,0,0,0.12,0.01,0.0,0.01,0.1,0.9,-1.2,0.0,0,0,1,0,0.675,0.44
25,7,-0.5050492286682129,0.4318423271179199,-0.2389574646949768,-1.4846096737993089,2.484607587636742,0,0,0,0.12,0.01,0.0,0.01,0.1,0.9,-1.2,0.0,0,0,1,1,0.675,0.44
26,0,-0.5304647088050842,0.32369986176490784,-0.17017428576946259,2.2573096280177136,-1.2573187475283643,0,0,0,0.12,0.01,0.0,0.01,0.1,0.9,-1.2,0.0,0,0,1,1,0.675,0.44
26,1,-0.6983282566070557,0.35295066237449646,-3.1014785766601562,1.2601066130088945,-0.2601203816818375,0,0,0,0.12,0.01,0.0,0.01,0.1,0.9,-1.2,0.0,0,0,1,1,0.675,0.44
26,2,-0.20534434914588928,-0.2588954567909241,-0.49500858783721924,1.2545502395806696,-0.25474061681608234,0,0,0,0.12,0.01,0.0,0.01,0.1,0.9,-1.2,0.0,0,0,1,0,0.675,0.44
26,3,-0.7015948295593262,0.43631356954574585,-2.3631591796875,2.1251708427664826,-1.12517155802222,0,0,0,0.12,0.01,0.0,0.01,0.1,0.9,-1.2,0.0,0,0,1,1,0.675,0.44
26,4,-0.4190444052219391,-0.27765071392059326,-2.567399740219116,0.4484367606300911,0.5515343311171929,0,0,0,0.12,0.01,0.0,0.01,0.1,0.9,-1.2,0.0,0,0,1,0,0.675,0.44
26,5,-0.6654558181762695,0.0716044157743454,-1.8911575078964233,1.967939728811378,-0.9679412785321421,0,0,0,0.12,0.01,0.0,0.01,0.1,0.9,-1.2,0.0,0,0,1,0,0.675,0.44
26,6,-0.2416071593761444,-0.13139836490154266,0.9368611574172974,-0.3357025431227657,1.3354642437529536,0,0,0,0.12,0.01,0.0,0.01,0.1,0.9,-1.2,0.0,0,0,1,0,0.675,0.44
26,7,-0.5040788650512695,0.4316052794456482,-0.18996961414813995,-1.3838183835447095,2.383816356986787,0,0,0,0.12,0.01,0.0,0.01,0.1,0.9,-1.2,0.0,0,0,1,1,0.675,0.44
27,0,-0.5293448567390442,0.32351210713386536,-0.20224779844284058,2.0191167452222816,-1.01912508987255,0,0,0,0.12,0.01,0.0,0.01,0.1,0.9,-1.2,0.0,0,0,1,1,0.675,0.44
27,1,-0.6993297338485718,0.3529580235481262,3.077800989151001,-0.3620813247244685,1.3620680924933284,0,0,0,0.12,0.01,0.0,0.01,0.1,0.9,-1.2,0.0,0,0,1,1,0.675,0.44
27,2,-0.20447321236133575,-0.25938665866851807,-0.5446271300315857,0.6793724905758332,0.3204421389789154,0,0,0,0.12,0.01,0.0,0.01,0.1,0.9,-1.2,0.0,0,0,1,0,0.675,0.44
27,3,-0.7023535370826721,0.4356535077095032,-2.5047779083251953,1.558924537051487,-0.5589264444001197,0,0,0,0.12,0.01,0.0,0.01,0.1,0.9,-1.2,0.0,0,0,1,1,0.675,0.44
27,4,-0.4199068248271942,-0.27816063165664673,-2.6538777351379395,-0.7382528531779978,1.7382217991580697,0,0,0,0.12,0.01,0.0,0.01,0.1,0.9,-1.2,0.0,0,0,1,0,0.675,0.44
27,5,-0.6658250093460083,0.07068143784999847,-2.022627830505371,-0.23010464799195227,1.2301030386665432,0,0,0,0.12,0.01,0.0,0.01,0.1,0.9,-1.2,0.0,0,0,1,0,0.675,0.44
27,6,-0.24101519584655762,-0.1305941641330719,0.9540873765945435,-0.17126531748936488,1.1710311308400425,0,0,0,0.12,0.01,0.0,0.01,0.1,0.9,-1.2,0.0,0,0,1,0,0.675,0.44
27,7,-0.5030879974365234,0.4314613342285156,-0.0620867982506752,-0.18393695153499662,1.1839352230002982,0,0,0,0.12,0.01,0.0,0.01,0.1,0.9,-1.2,0.0,0,0,1,1,0.675,0.44
28,0,-0.5281496644020081,0.32320719957351685,-0.3207780420780182,0.3221594261332209,0.6778331828908271,0,0,0,0.12,0.01,0.0,0.01,0.1,0.9,-1.2,0.0,0,0,1,1,0.675,0.44
28,1,-0.7003124356269836,0.3530593514442444,3.013259172439575,-1.0360804602915858,2.0360668108279323,0,0,0,0.12,0.01,0.0,0.01,0.1,0.9,-1.2,0.0,0,0,1,1,0.675,0.44
28,2,-0.20363099873065948,-0.2599276304244995,-0.5984842777252197,0.02371885662846348,0.9760969054145358,0,0,0,0.12,0.01,0.0,0.01,0.1,0.9,-1.2,0.0,0,0,1,0,0.675,0.44
28,3,-0.7031895518302917,0.43510040640830994,-2.6237640380859375,0.9678629762900385,0.032133328221985516,0,0,0,0.12,0.01,0.0,0.01,0.1,0.9,-1.2,0.0,0,0,1,1,0.675,0.44
28,4,-0.42079877853393555,-0.27861320972442627,-2.667506217956543,-0.8726899067279265,1.8726574818011685,0,0,0,0.12,0.01,0.0,0.01,0.1,0.9,-1.2,0.0,0,0,1,0,0.675,0.44
28,5,-0.6663122773170471,0.06981456279754639,-2.1328582763671875,-1.3635873199823059,2.3635853530290283,0,0,0,0.12,0.01,0.0,0.01,0.1,0.9,-1.2,0.0,0,0,1,0,0.675,0.44
28,6,-0.2404533326625824,-0.12976880371570587,1.0066946744918823,0.4502999808088878,0.5494708393319508,0,0,0,0.12,0.01,0.0,0.01,0.1,0.9,-1.2,0.0,0,0,1,0,0.675,0.44
28,7,-0.5020854473114014,0.43146127462387085,0.07179773598909378,2.0386354157159574,-1.0386373230645902,0,0,0,0.12,0.01,0.0,0.01,0.1,0.9,-1.2,0.0,0,0,1,1,0.675,0.44
29,0,-0.5269408822059631,0.3227218985557556,-0.4414142668247223,-1.182588431930041,2.1825805641169307,0,0,0,0.12,0.01,0.0,0.01,0.1,0.9,-1.2,0.0,0,0,1,1,0.675,0.44
29,1,-0.7013014554977417,0.3531869351863861,3.0510902404785156,-0.6366613516730059,1.6366486558836688,0,0,0,0.12,0.01,0.0,0.01,0.1,0.9,-1.2,0.0,0,0,1,1,0.675,0.44
29,2,-0.20281322300434113,-0.2605037987232208,-0.6191747188568115,-0.18408757513896054,1.183904112042342,0,0,0,0.12,0.01,0.0,0.01,0.1,0.9,-1.2,0.0,0,0,1,0,0.675,0.44
29,3,-0.7040773630142212,0.4346406161785126,-2.7058205604553223,0.7556827728851884,0.24431150506891322,0,0,0,0.12,0.01,0.0,0.01,0.1,0.9,-1.2,0.0,0,0,1,1,0.675,0.44
29,4,-0.42168059945106506,-0.27908703684806824,-2.5970911979675293,-0.04523325672859974,1.045201606662224,0,0,0,0.12,0.01,0.0,0.01,0.1,0.9,-1.2,0.0,0,0,1,0,0.675,0.44
29,5,-0.6668552160263062,0.06897757202386856,-2.112154006958008,-1.2219272506485948,2.2219251644860276,0,0,0,0.12,0.01,0.0,0.01,0.1,0.9,-1.2,0.0,0,0,1,0,0.675,0.44
29,6,-0.23993995785713196,-0.12891176342964172,1.0561153888702393,1.043004271213112,-0.0432335106769181,0,0,0,0.12,0.01,0.0,0.01,0.1,0.9,-1.2,0.0,0,0,1,0,0.675,0.44
29,7,-0.5010806322097778,0.4315757155418396,0.13842815160751343,2.4991081313585846,-1.499110336730441,0,0,0,0.12,0.01,0.0,0.01,0.1,0.9,-1.2,0.0,0,0,1,1,0.675,0.44
30,0,-0.5260128974914551,0.32225656509399414,-0.45386362075805664,-1.2569604233062532,2.2569526150977874,0,0,0,0.12,0.01,0.0,0.01,0.1,0.9,-1.2,0.0,0,0,1,1,0.675,0.44
30,1,-0.7023000717163086,0.3532436490058899,-3.1336090564727783,0.928825015886647,0.07116294397510838,0,0,0,0.12,0.01,0.0,0.01,0.1,0.9,-1.2,0.0,0,0,1,1,0.675,0.44
30,2,-0.20199637115001678,-0.2610799968242645,-0.594939649105072,0.15532030008598346,0.8445001111193083,0,0,0,0.12,0.01,0.0,0.01,0.1,0.9,-1.2,0.0,0,0,1,0,0.675,0.44
30,3,-0.7049925923347473,0.43424150347709656,-2.7467479705810547,1.0920582452164083,-0.09206605342487366,0,0,0,0.12,0.01,0.0,0.01,0.1,0.9,-1.2,0.0,0,0,1,1,0.675,0.44
30,4,-0.42251822352409363,-0.27964070439338684,-2.5024211406707764,1.3507805451355932,-0.3508135661087987,0,0,0,0.12,0.01,0.0,0.01,0.1,0.9,-1.2,0.0,0,0,1,0,0.675,0.44
30,5,-0.6673389673233032,0.06810177117586136,-1.996940016746521,0.3845480344261965,0.6154499390158811,0,0,0,0.12,0.01,0.0,0.01,0.1,0.9,-1.2,0.0,0,0,1,0,0.675,0.44
30,6,-0.23945848643779755,-0.128036230802536,1.0683155059814453,1.1545305609809857,-0.15475890637512024,0,0,0,0.12,0.01,0.0,0.01,0.1,0.9,-1.2,0.0,0,0,1,0,0.675,0.44
30,7,-0.5000882744789124,0.43169716000556946,0.061339955776929855,2.187420772283345,-1.1874227392366226,0,0,0,0.12,0.01,0.0,0.01,0.1,0.9,-1.2,0.0,0,0,1,1,0.675,0.44
31,0,-0.5252876877784729,0.32191625237464905,-0.34966474771499634,-0.14867893798028764,1.1486720238414936,0,0,0,0.12,0.01,0.0,0.01,0.1,0.9,-1.2,0.0,0,0,1,1,0.675,0.44
31,1,-0.7032994627952576,0.3531945049762726,-3.048170804977417,2.0101876678556017,-1.0102003636449388,0,0,0,0.12,0.01,0.0,0.01,0.1,0.9,-1.2,0.0,0,0,1,1,0.675,0.44
31,2,-0.20115789771080017,-0.2616252899169922,-0.5498297810554504,0.7869253771814907,0.21289682216314437,0,0,0,0.12,0.01,0.0,0.01,0.1,0.9,-1.2,0.0,0,0,1,0,0.675,0.44
31,3,-0.7059194445610046,0.4338696599006653,-2.7675654888153076,1.5931172848052368,-0.5931274175948485,0,0,0,0.12,0.01,0.0,0.01,0.1,0.9,-1.2,0.0,0,0,1,1,0.675,0.44
31,4,-0.4233028292655945,-0.280262291431427,-2.452479839324951,1.8731984012340042,-0.8732339256022903,0,0,0,0.12,0.01,0.0,0.01,0.1,0.9,-1.2,0.0,0,0,1,0,0.675,0.44
31,5,-0.6677052974700928,0.06716796010732651,-1.873818278312683,2.181090123216535,-1.181092507402326,0,0,0,0.12,0.01,0.0,0.01,0.1,0.9,-1.2,0.0,0,0,1,0,0.675,0.44
31,6,-0.23896968364715576,-0.12716440856456757,1.03850257396698,0.7549209571871337,0.2448548101392213,0,0,0,0.12,0.01,0.0,0.01,0.1,0.9,-1.2,0.0,0,0,1,0,0.675,0.44
31,7,-0.4990866780281067,0.431702584028244,-0.07284125685691833,0.23126875059320848,0.7687294612674483,0,0,0,0.12,0.01,0.0,0.01,0.1,0.9,-1.2,0.0,0,0,1,1,0.675,0.44
32,0,-0.5244393944740295,0.3216661214828491,-0.20630736649036407,1.9875235899156216,-0.9875308616822842,0,0,0,0.12,0.01,0.0,0.01,0.1,0.9,-1.2,0.0,0,0,1,1,0.675,0.44
32,1,-0.7042964100837708,0.35309121012687683,-3.056304454803467,1.9478592574377513,-0.9478715955992201,0,0,0,0.12,0.01,0.0,0.01,0.1,0.9,-1.2,0.0,0,0,1,1,0.675,0.44
32,2,-0.20029686391353607,-0.2621338963508606,-0.5208662152290344,1.1819657588835064,-0.1821442747946089,0,0,0,0.12,0.01,0.0,0.01,0.1,0.9,-1.2,0.0,0,0,1,0,0.675,0.44
32,3,-0.7068556547164917,0.43351995944976807,-2.8043668270111084,1.75994254414195,-0.7599547630941288,0,0,0,0.12,0.01,0.0,0.01,0.1,0.9,-1.2,0.0,0,0,1,1,0.675,0.44
32,4,-0.4240770637989044,-0.280893474817276,-2.4927024841308594,1.4245520064133788,-0.424587232758441,0,0,0,0.12,0.01,0.0,0.01,0.1,0.9,-1.2,0.0,0,0,1,0,0.675,0.44
32,5,-0.6679771542549133,0.0662037581205368,-1.843091368675232,2.3699331236278924,-1.3699359250461967,0,0,0,0.12,0.01,0.0,0.01,0.1,0.9,-1.2,0.0,0,0,1,0,0.675,0.44
32,6,-0.23844540119171143,-0.12631314992904663,0.9941023588180542,0.15049562232936683,0.8492808602527254,0,0,0,0.12,0.01,0.0,0.01,0.1,0.9,-1.2,0.0,0,0,1,0,0.675,0.44
32,7,-0.4981005787849426,0.4315710663795471,-0.1967160552740097,-1.3762511291490471,2.37624904298648,0,0,0,0.12,0.01,0.0,0.01,0.1,0.9,-1.2,0.0,0,0,1,1,0.675,0.44
33,0,-0.5234483480453491,0.3215144872665405,-0.13242991268634796,2.4239581731469393,-1.4239663985879183,0,0,0,0.12,0.01,0.0,0.01,0.1,0.9,-1.2,0.0,0,0,1,1,0.675,0.44
33,1,-0.7052950859069824,0.3530384302139282,3.1359331607818604,0.748139451059518,0.2518492240579748,0,0,0,0.12,0.01,0.0,0.01,0.1,0.9,-1.2,0.0,0,0,1,1,0.675,0.44
33,2,-0.19942912459373474,-0.26263025403022766,-0.5321623682975769,1.081453020835164,-0.08162986781621272,0,0,0,0.12,0.01,0.0,0.01,0.1,0.9,-1.2,0.0,0,0,1,0,0.675,0.44
33,3,-0.7078096270561218,0.433218777179718,-2.8740813732147217,1.4318661793378762,-0.4318795903829507,0,0,0,0.12,0.01,0.0,0.01,0.1,0.9,-1.2,0.0,0,0,1,1,0.675,0.44
33,4,-0.42489615082740784,-0.2814689576625824,-2.5818731784820557,0.08956603244119578,0.9103982643765839,0,0,0,0.12,0.01,0.0,0.01,0.1,0.9,-1.2,0.0,0,0,1,0,0.675,0.44
33,5,-0.6682717800140381,0.06525234878063202,-1.9362447261810303,1.5419490707805479,-0.5419517529895629,0,0,0,0.12,0.01,0.0,0.01,0.1,0.9,-1.2,0.0,0,0,1,0,0.675,0.44
33,6,-0.23788845539093018,-0.1254834532737732,0.9705834984779358,-0.16347770933210595,1.1632525825887894,0,0,0,0.12,0.01,0.0,0.01,0.1,0.9,-1.2,0.0,0,0,1,0,0.675,0.44
33,7,-0.49712857604026794,0.43135374784469604,-0.20513251423835754,-1.4900427988499425,2.4900404742687963,0,0,0,0.12,0.01,0.0,0.01,0.1,0.9,-1.2,0.0,0,0,1,1,0.675,0.44
34,0,-0.5222918391227722,0.32133808732032776,-0.2112165093421936,1.9158289484687605,-0.915835981816844,0,0,0,0.12,0.01,0.0,0.01,0.1,0.9,-1.2,0.0,0,0,1,1,0.675,0.44
34,1,-0.7062953114509583,0.35309308767318726,3.0333175659179688,-0.7758831973698656,1.7758715148594895,0,0,0,0.12,0.01,0.0,0.01,0.1,0.9,-1.2,0.0,0,0,1,1,0.675,0.44
34,2,-0.19857530295848846,-0.26315054297447205,-0.5745161771774292,0.5785404418509326,0.42128521456309936,0,0,0,0.12,0.01,0.0,0.01,0.1,0.9,-1.2,0.0,0,0,1,0,0.675,0.44
34,3,-0.708785355091095,0.43299463391304016,-2.9602441787719727,0.5558191622261249,0.44416683068235285,0,0,0,0.12,0.01,0.0,0.01,0.1,0.9,-1.2,0.0,0,0,1,1,0.675,0.44
34,4,-0.42576396465301514,-0.28196895122528076,-2.653130531311035,-0.8022754480763672,1.8022365262433289,0,0,0,0.12,0.01,0.0,0.01,0.1,0.9,-1.2,0.0,0,0,1,0,0.675,0.44
34,5,-0.668685257434845,0.06434750556945801,-2.065382719039917,-0.638687330142716,1.638684409515122,0,0,0,0.12,0.01,0.0,0.01,0.1,0.9,-1.2,0.0,0,0,1,0,0.675,0.44
34,6,-0.2373250275850296,-0.1246584951877594,0.9866256713867188,-7.81403169832634e-05,0.9998544440851412,0,0,0,0.12,0.01,0.0,0.01,0.1,0.9,-1.2,0.0,0,0,1,0,0.675,0.44
34,7,-0.4961446225643158,0.43117964267730713,-0.09567628800868988,-0.8644226570113775,1.8644206900581002,0,0,0,0.12,0.01,0.0,0.01,0.1,0.9,-1.2,0.0,0,0,1,1,0.675,0.44
35,0,-0.5209888219833374,0.3209683299064636,-0.35275018215179443,-0.2619876530036291,1.2619810964927038,0,0,0,0.12,0.01,0.0,0.01,0.1,0.9,-1.2,0.0,0,0,1,1,0.675,0.44
35,1,-0.7072718143463135,0.35322844982147217,2.9983580112457275,-1.0785367717167698,2.0785246719738804,0,0,0,0.12,0.01,0.0,0.01,0.1,0.9,-1.2,0.0,0,0,1,1,0.675,0.44
35,2,-0.19774705171585083,-0.263711541891098,-0.6167817115783691,0.0696347096109608,0.930191006407716,0,0,0,0.12,0.01,0.0,0.01,0.1,0.9,-1.2,0.0,0,0,1,0,0.675,0.44
35,3,-0.7097756266593933,0.43285059928894043,-3.0302793979644775,-0.28970549893599995,1.2896907765887404,0,0,0,0.12,0.01,0.0,0.01,0.1,0.9,-1.2,0.0,0,0,1,1,0.675,0.44
35,4,-0.42664864659309387,-0.28243085741996765,-2.642934799194336,-0.7091383009515411,1.7090982466302522,0,0,0,0.12,0.01,0.0,0.01,0.1,0.9,-1.2,0.0,0,0,1,0,0.675,0.44
35,5,-0.6692032814025879,0.06348437070846558,-2.15032958984375,-1.346627860366426,2.346624224483095,0,0,0,0.12,0.01,0.0,0.01,0.1,0.9,-1.2,0.0,0,0,1,0,0.675,0.44
35,6,-0.2367873340845108,-0.12381631135940552,1.028778314590454,0.5073160899380009,0.49246158473698687,0,0,0,0.12,0.01,0.0,0.01,0.1,0.9,-1.2,0.0,0,0,1,0,0.675,0.44
35,7,-0.4951428472995758,0.4311419129371643,0.04273909330368042,1.4743149741785655,-0.4743169411318429,0,0,0,0.12,0.01,0.0,0.01,0.1,0.9,-1.2,0.0,0,0,1,1,0.675,0.44
36,0,-0.5198459029197693,0.32046395540237427,-0.47141650319099426,-1.3650273837971418,2.365019933216545,0,0,0,0.12,0.01,0.0,0.01,0.1,0.9,-1.2,0.0,0,0,1,1,0.675,0.44
36,1,-0.7082616090774536,0.35335490107536316,3.06662654876709,-0.31627593680384525,1.3162646715259827,0,0,0,0.12,0.01,0.0,0.01,0.1,0.9,-1.2,0.0,0,0,1,1,0.675,0.44
36,2,-0.1969376653432846,-0.2642989456653595,-0.6293792128562927,-0.04506843460566024,1.0448943890429159,0,0,0,0.12,0.01,0.0,0.01,0.1,0.9,-1.2,0.0,0,0,1,0,0.675,0.44
36,3,-0.7107704281806946,0.4327556788921356,-3.0464389324188232,-0.378086690311153,1.3780714911267353,0,0,0,0.12,0.01,0.0,0.01,0.1,0.9,-1.2,0.0,0,0,1,1,0.675,0.44
36,4,-0.4275115728378296,-0.28293246030807495,-2.5639002323150635,0.3141083798943064,0.6858517445983389,0,0,0,0.12,0.01,0.0,0.01,0.1,0.9,-1.2,0.0,0,0,1,0,0.675,0.44
36,5,-0.6697487235069275,0.06264714151620865,-2.100722074508667,-0.9684867485281551,1.9684831126448237,0,0,0,0.12,0.01,0.0,0.01,0.1,0.9,-1.2,0.0,0,0,1,0,0.675,0.44
36,6,-0.23628848791122437,-0.12295021116733551,1.0661678314208984,0.9534741713998418,0.04630201315902653,0,0,0,0.12,0.01,0.0,0.01,0.1,0.9,-1.2,0.0,0,0,1,0,0.675,0.44
36,7,-0.4941290616989136,0.43124186992645264,0.1483176350593567,2.4664341824971405,-1.4664366262875763,0,0,0,0.12,0.01,0.0,0.01,0.1,0.9,-1.2,0.0,0,0,1,1,0.675,0.44
37,0,-0.5189914107322693,0.320012629032135,-0.44698986411094666,-1.2265615024788752,2.2265544095261465,0,0,0,0.12,0.01,0.0,0.01,0.1,0.9,-1.2,0.0,0,0,1,1,0.675,0.44
37,1,-0.7092617154121399,0.353386789560318,-3.1098742485046387,1.4130248749235657,-0.41303619980607303,0,0,0,0.12,0.01,0.0,0.01,0.1,0.9,-1.2,0.0,0,0,1,1,0.675,0.44
37,2,-0.19612552225589752,-0.2648821771144867,-0.6063100099563599,0.2906078622252306,0.7092199399560132,0,0,0,0.12,0.01,0.0,0.01,0.1,0.9,-1.2,0.0,0,0,1,0,0.675,0.44
37,3,-0.7117642760276794,0.43265074491500854,-3.0028223991394043,0.4819064829119793,0.5180781986943134,0,0,0,0.12,0.01,0.0,0.01,0.1,0.9,-1.2,0.0,0,0,1,1,0.675,0.44
37,4,-0.42832455039024353,-0.28351178765296936,-2.4775540828704834,1.514492128587525,-0.5145348055131843,0,0,0,0.12,0.01,0.0,0.01,0.1,0.9,-1.2,0.0,0,0,1,0,0.675,0.44
37,5,-0.6702165007591248,0.06176131218671799,-1.9807506799697876,0.9587773223505031,0.04121898216152093,0,0,0,0.12,0.01,0.0,0.01,0.1,0.9,-1.2,0.0,0,0,1,0,0.675,0.44
37,6,-0.2358126938343048,-0.12207150459289551,1.0727559328079224,1.0023417536115704,-0.002566045889860081,0,0,0,0.12,0.01,0.0,0.01,0.1,0.9,-1.2,0.0,0,0,1,0,0.675,0.44
37,7,-0.4931390583515167,0.4313938319683075,0.11251363903284073,2.3938155956390994,-1.3938179798248902,0,0,0,0.12,0.01,0.0,0.01,0.1,0.9,-1.2,0.0,0,0,1,1,0.675,0.44
38,0,-0.5181683301925659,0.31965509057044983,-0.31676095724105835,0.40866443332085234,0.5913291889821566,0,0,0,0.12,0.01,0.0,0.01,0.1,0.9,-1.2,0.0,0,0,1,1,0.675,0.44
38,1,-0.7102712988853455,0.3533168435096741,-3.041480302810669,2.119420093065166,-1.1194323120173453,0,0,0,0.12,0.01,0.0,0.01,0.1,0.9,-1.2,0.0,0,0,1,1,0.675,0.44
38,2,-0.19529403746128082,-0.2654382586479187,-0.5696471333503723,0.813471423032501,0.18635655796267725,0,0,0,0.12,0.01,0.0,0.01,0.1,0.9,-1.2,0.0,0,0,1,0,0.675,0.44
38,3,-0.7127487659454346,0.4324881434440613,-2.942298412322998,1.6625814524234408,-0.6625980225146884,0,0,0,0.12,0.01,0.0,0.01,0.1,0.9,-1.2,0.0,0,0,1,1,0.675,0.44
38,4,-0.42909565567970276,-0.28414520621299744,-2.4501352310180664,1.779161419140747,-0.779206837880066,0,0,0,0.12,0.01,0.0,0.01,0.1,0.9,-1.2,0.0,0,0,1,0,0.675,0.44
38,5,-0.6705711483955383,0.06082339957356453,-1.872200846672058,2.2520127696943533,-1.2520173592520012,0,0,0,0.12,0.01,0.0,0.01,0.1,0.9,-1.2,0.0,0,0,1,0,0.675,0.44
38,6,-0.23532821238040924,-0.12119750678539276,1.0471744537353516,0.6480995756274816,0.3516772049778346,0,0,0,0.12,0.01,0.0,0.01,0.1,0.9,-1.2,0.0,0,0,1,0,0.675,0.44
38,7,-0.49214082956314087,0.43145817518234253,-0.011913834139704704,1.2335991403754265,-0.2336012265379937,0,0,0,0.12,0.01,0.0,0.01,0.1,0.9,-1.2,0.0,0,0,1,1,0.675,0.44
39,0,-0.5171926617622375,0.31941768527030945,-0.16733096539974213,2.271806085068293,-1.2718134164396007,0,0,0,0.12,0.01,0.0,0.01,0.1,0.9,-1.2,0.0,0,0,1,1,0.675,0.44
39,1,-0.7112674713134766,0.3532189428806305,-3.0813653469085693,1.7651777582530435,-0.7651893215541298,0,0,0,0.12,0.01,0.0,0.01,0.1,0.9,-1.2,0.0,0,0,1,1,0.675,0.44
39,2,-0.19444531202316284,-0.26596713066101074,-0.5502298474311829,1.093451359076705,-0.09362445096513282,0,0,0,0.12,0.01,0.0,0.01,0.1,0.9,-1.2,0.0,0,0,1,0,0.675,0.44
39,3,-0.7137238383293152,0.43227678537368774,-2.928856611251831,2.035582341402937,-1.0356004016103035,0,0,0,0.12,0.01,0.0,0.01,0.1,0.9,-1.2,0.0,0,0,1,1,0.675,0.44
39,4,-0.429873526096344,-0.28477248549461365,-2.5045769214630127,1.115759792311915,-0.11580509184194411,0,0,0,0.12,0.01,0.0,0.01,0.1,0.9,-1.2,0.0,0,0,1,0,0.675,0.44
39,5,-0.6708531975746155,0.05986909195780754,-1.8777093887329102,2.2230332675260462,-1.2230382147115628,0,0,0,0.12,0.01,0.0,0.01,0.1,0.9,-1.2,0.0,0,0,1,0,0.675,0.44
39,6,-0.23481474816799164,-0.12033983319997787,1.0125877857208252,0.1726519424293742,0.8271233480598226,0,0,0,0.12,0.01,0.0,0.01,0.1,0.9,-1.2,0.0,0,0,1,0,0.675,0.44
39,7,-0.49114423990249634,0.4313849210739136,-0.1465563029050827,-1.031335078079024,2.031332753497878,0,0,0,0.12,0.01,0.0,0.01,0.1,0.9,-1.2,0.0,0,0,1,1,0.675,0.44
40,0,-0.5161996483802795,0.3192901313304901,-0.13202978670597076,2.4296978468330495,-1.4297057742508048,0,0,0,0.12,0.01,0.0,0.01,0.1,0.9,-1.2,0.0,0,0,1,1,0.675,0.44
40,1,-0.7122682332992554,0.35319802165031433,3.0979275703430176,0.19747255460325933,0.8025163589328126,0,0,0,0.12,0.01,0.0,0.01,0.1,0.9,-1.2,0.0,0,0,1,1,0.675,0.44
40,2,-0.1935938447713852,-0.26649078726768494,-0.5649120807647705,0.9478722331011072,0.05195533066155757,0,0,0,0.12,0.01,0.0,0.01,0.1,0.9,-1.2,0.0,0,0,1,0,0.675,0.44
40,3,-0.7147048115730286,0.43208473920822144,-2.9939303398132324,1.6236745497460319,-0.6236923119301749,0,0,0,0.12,0.01,0.0,0.01,0.1,0.9,-1.2,0.0,0,0,1,1,0.675,0.44
40,4,-0.4306999444961548,-0.2853381037712097,-2.5907540321350098,-0.17228958035226757,1.172242194659671,0,0,0,0.12,0.01,0.0,0.01,0.1,0.9,-1.2,0.0,0,0,1,0,0.675,0.44
40,5,-0.6711874604225159,0.05892402306199074,-1.982907772064209,1.0094234994982343,-0.009428387079105961,0,0,0,0.12,0.01,0.0,0.01,0.1,0.9,-1.2,0.0,0,0,1,0,0.675,0.44
40,6,-0.23427660763263702,-0.11949755251407623,0.9972067475318909,-0.04466680719632425,1.0444395346857958,0,0,0,0.12,0.01,0.0,0.01,0.1,0.9,-1.2,0.0,0,0,1,0,0.675,0.44
40,7,-0.4901737570762634,0.43119877576828003,-0.2151062786579132,-1.5056771750744866,2.5056743736561824,0,0,0,0.12,0.01,0.0,0.01,0.1,0.9,-1.2,0.0,0,0,1,1,0.675,0.44
41,0,-0.5150644779205322,0.3191002607345581,-0.23967278003692627,1.613462402821894,-0.6134691381467536,0,0,0,0.12,0.01,0.0,0.01,0.1,0.9,-1.2,0.0,0,0,1,1,0.675,0.44
41,1,-0.7132700681686401,0.35328805446624756,3.0036518573760986,-1.0058559186303673,2.005843938096767,0,0,0,0.12,0.01,0.0,0.01,0.1,0.9,-1.2,0.0,0,0,1,1,0.675,0.44
41,2,-0.19275644421577454,-0.26703694462776184,-0.6026647090911865,0.4960500489164452,0.5037782897066017,0,0,0,0.12,0.01,0.0,0.01,0.1,0.9,-1.2,0.0,0,0,1,0,0.675,0.44
41,3,-0.715701162815094,0.43198367953300476,-3.096604108810425,0.2221073566041847,0.7778751196302512,0,0,0,0.12,0.01,0.0,0.01,0.1,0.9,-1.2,0.0,0,0,1,1,0.675,0.44
41,4,-0.43156856298446655,-0.2858355939388275,-2.6433138847351074,-0.7855358669464586,1.7854841897194385,0,0,0,0.12,0.01,0.0,0.01,0.1,0.9,-1.2,0.0,0,0,1,0,0.675,0.44
41,5,-0.6716403365135193,0.058022525161504745,-2.1047093868255615,-0.8745925514322114,1.8745869485956024,0,0,0,0.12,0.01,0.0,0.01,0.1,0.9,-1.2,0.0,0,0,1,0,0.675,0.44
41,6,-0.2337363213300705,-0.11865683645009995,1.013504147529602,0.12905699884073157,0.8707150133930025,0,0,0,0.12,0.01,0.0,0.01,0.1,0.9,-1.2,0.0,0,0,1,0,0.675,0.44
41,7,-0.4891982972621918,0.4309956729412079,-0.1391039341688156,-1.2322580995096923,2.2322554769053222,0,0,0,0.12,0.01,0.0,0.01,0.1,0.9,-1.2,0.0,0,0,1,1,0.675,0.44
42,0,-0.513847827911377,0.3187071681022644,-0.3897857069969177,-0.7353532851057846,1.7353464901762803,0,0,0,0.12,0.01,0.0,0.01,0.1,0.9,-1.2,0.0,0,0,1,1,0.675,0.44
42,1,-0.714259922504425,0.3534408211708069,3.0029356479644775,-1.0003172943037375,2.000305194560848,0,0,0,0.12,0.01,0.0,0.01,0.1,0.9,-1.2,0.0,0,0,1,1,0.675,0.44
42,2,-0.19194167852401733,-0.2676168382167816,-0.6361752152442932,0.10074258653608231,0.8990847388080033,0,0,0,0.12,0.01,0.0,0.01,0.1,0.9,-1.2,0.0,0,0,1,0,0.675,0.44
42,3,-0.7167022228240967,0.431985467672348,3.1018776893615723,-0.925844582295622,1.9258255684139385,0,0,0,0.12,0.01,0.0,0.01,0.1,0.9,-1.2,0.0,0,0,1,1,0.675,0.44
42,4,-0.4324442744255066,-0.2863146662712097,-2.6141040325164795,-0.49107917362242864,1.4910263639071577,0,0,0,0.12,0.01,0.0,0.01,0.1,0.9,-1.2,0.0,0,0,1,0,0.675,0.44
42,5,-0.6721810102462769,0.05717649310827255,-2.1575424671173096,-1.2632849931515946,2.2632783770360247,0,0,0,0.12,0.01,0.0,0.01,0.1,0.9,-1.2,0.0,0,0,1,0,0.675,0.44
42,6,-0.233218714594841,-0.1178014874458313,1.0486760139465332,0.5528416830851368,0.4469290774510571,0,0,0,0.12,0.01,0.0,0.01,0.1,0.9,-1.2,0.0,0,0,1,0,0.675,0.44
42,7,-0.48820042610168457,0.4309076964855194,-0.004677277058362961,0.537690189634273,0.4623073665752913,0,0,0,0.12,0.01,0.0,0.01,0.1,0.9,-1.2,0.0,0,0,1,1,0.675,0.44
43,0,-0.5128430724143982,0.3182234764099121,-0.49355682730674744,-1.4425493152972957,2.4425412090656065,0,0,0,0.12,0.01,0.0,0.01,0.1,0.9,-1.2,0.0,0,0,1,1,0.675,0.44
43,1,-0.7152529954910278,0.35354968905448914,3.0918750762939453,0.147901890311625,0.852086665596578,0,0,0,0.12,0.01,0.0,0.01,0.1,0.9,-1.2,0.0,0,0,1,1,0.675,0.44
43,2,-0.19114187359809875,-0.2682165801525116,-0.642235279083252,0.06571959158691905,0.9341072569200085,0,0,0,0.12,0.01,0.0,0.01,0.1,0.9,-1.2,0.0,0,0,1,0,0.675,0.44
43,3,-0.7176997065544128,0.43203797936439514,3.1018385887145996,-1.0187409553661104,2.0187213454379793,0,0,0,0.12,0.01,0.0,0.01,0.1,0.9,-1.2,0.0,0,0,1,1,0.675,0.44
43,4,-0.43328961730003357,-0.2868458926677704,-2.532346487045288,0.6229091341186944,0.3770369832824286,0,0,0,0.12,0.01,0.0,0.01,0.1,0.9,-1.2,0.0,0,0,1,0,0.675,0.44
43,5,-0.6727193593978882,0.05633579194545746,-2.087268590927124,-0.5978438525491871,1.5978372960382619,0,0,0,0.12,0.01,0.0,0.01,0.1,0.9,-1.2,0.0,0,0,1,0,0.675,0.44
43,6,-0.23273278772830963,-0.11692772060632706,1.0771456956863403,0.8867288692566453,0.1130388514426651,0,0,0,0.12,0.01,0.0,0.01,0.1,0.9,-1.2,0.0,0,0,1,0,0.675,0.44
43,7,-0.487198144197464,0.43096405267715454,0.12123200297355652,2.2869419882552005,-1.28694484927815,0,0,0,0.12,0.01,0.0,0.01,0.1,0.9,-1.2,0.0,0,0,1,1,0.675,0.44
44,0,-0.5119853615760803,0.3177604675292969,-0.43270429968833923,-1.1052517226343193,2.105244391263012,0,0,0,0.12,0.01,0.0,0.01,0.1,0.9,-1.2,0.0,0,0,1,1,0.675,0.44
44,1,-0.7162536382675171,0.3535512089729309,-3.0858099460601807,1.750658857752612,-0.7506709574955014,0,0,0,0.12,0.01,0.0,0.01,0.1,0.9,-1.2,0.0,0,0,1,1,0.675,0.44
44,2,-0.19033676385879517,-0.2688096761703491,-0.6197497844696045,0.39840189643733553,0.6014253096974607,0,0,0,0.12,0.01,0.0,0.01,0.1,0.9,-1.2,0.0,0,0,1,0,0.675,0.44
44,3,-0.7186993360519409,0.43205007910728455,-3.0972483158111572,-0.12124785388049342,1.1212291976266786,0,0,0,0.12,0.01,0.0,0.01,0.1,0.9,-1.2,0.0,0,0,1,1,0.675,0.44
44,4,-0.4340856373310089,-0.2874484360218048,-2.4585304260253906,1.5739546607414372,-0.5740130136886724,0,0,0,0.12,0.01,0.0,0.01,0.1,0.9,-1.2,0.0,0,0,1,0,0.675,0.44
44,5,-0.673167884349823,0.055440522730350494,-1.968702793121338,1.3763614920043603,-0.37636858495708875,0,0,0,0.12,0.01,0.0,0.01,0.1,0.9,-1.2,0.0,0,0,1,0,0.675,0.44
44,6,-0.23226390779018402,-0.11604521423578262,1.079370379447937,0.8853191013803517,0.11444641394710185,0,0,0,0.12,0.01,0.0,0.01,0.1,0.9,-1.2,0.0,0,0,1,0,0.675,0.44
44,7,-0.48620691895484924,0.4311126172542572,0.14336912333965302,2.468133140025901,-1.4681363586767189,0,0,0,0.12,0.01,0.0,0.01,0.1,0.9,-1.2,0.0,0,0,1,1,0.675,0.44
45,0,-0.5111346244812012,0.31742003560066223,-0.2846677303314209,1.0241867886538063,-0.02419370279260029,0,0,0,0.12,0.01,0.0,0.01,0.1,0.9,-1.2,0.0,0,0,1,1,0.675,0.44
45,1,-0.7172510027885437,0.3534643054008484,-3.0439653396606445,2.118412676458446,-1.1184256702710071,0,0,0,0.12,0.01,0.0,0.01,0.1,0.9,-1.2,0.0,0,0,1,1,0.675,0.44
45,2,-0.1895139217376709,-0.2693784534931183,-0.589743971824646,0.8316067968648206,0.16821927678172485,0,0,0,0.12,0.01,0.0,0.01,0.1,0.9,-1.2,0.0,0,0,1,0,0.675,0.44
45,3,-0.719689667224884,0.43196165561676025,-2.9915499687194824,1.5986720219293937,-0.5986917510668142,0,0,0,0.12,0.01,0.0,0.01,0.1,0.9,-1.2,0.0,0,0,1,1,0.675,0.44
45,4,-0.43485134840011597,-0.28809070587158203,-2.451599597930908,1.621309240910318,-0.6213706932990813,0,0,0,0.12,0.01,0.0,0.01,0.1,0.9,-1.2,0.0,0,0,1,0,0.675,0.44
45,5,-0.6735152006149292,0.05450066551566124,-1.8822420835494995,2.244505136557228,-1.2445137792307204,0,0,0,0.12,0.01,0.0,0.01,0.1,0.9,-1.2,0.0,0,0,1,0,0.675,0.44
45,6,-0.23178549110889435,-0.11516815423965454,1.0569030046463013,0.5708081517763562,0.42895587343497804,0,0,0,0.12,0.01,0.0,0.01,0.1,0.9,-1.2,0.0,0,0,1,0,0.675,0.44
45,7,-0.4852144420146942,0.4312235713005066,0.0421786792576313,1.8998951696432946,-0.8998980306662436,0,0,0,0.12,0.01,0.0,0.01,0.1,0.9,-1.2,0.0,0,0,1,1,0.675,0.44
46,0,-0.5101528763771057,0.3172135055065155,-0.14226321876049042,2.4029871085630727,-1.4029956320272756,0,0,0,0.12,0.01,0.0,0.01,0.1,0.9,-1.2,0.0,0,0,1,1,0.675,0.44
46,1,-0.7182475924491882,0.3533804714679718,-3.1093618869781494,1.4537837595971812,-0.45379597854935994,0,0,0,0.12,0.01,0.0,0.01,0.1,0.9,-1.2,0.0,0,0,1,1,0.675,0.44
46,2,-0.1886778175830841,-0.2699269652366638,-0.5779299139976501,1.0167997533699644,-0.016975348653472735,0,0,0,0.12,0.01,0.0,0.01,0.1,0.9,-1.2,0.0,0,0,1,0,0.675,0.44
46,3,-0.7206611633300781,0.4317798614501953,-2.934964179992676,2.239113898021117,-1.239136547786132,0,0,0,0.12,0.01,0.0,0.01,0.1,0.9,-1.2,0.0,0,0,1,1,0.675,0.44
46,4,-0.43563374876976013,-0.2887133061885834,-2.5137131214141846,0.8050937278065764,0.19484404494427804,0,0,0,0.12,0.01,0.0,0.01,0.1,0.9,-1.2,0.0,0,0,1,0,0.675,0.44
46,5,-0.6738181710243225,0.05354680120944977,-1.9163490533828735,2.0072425444962856,-1.0072516044022914,0,0,0,0.12,0.01,0.0,0.01,0.1,0.9,-1.2,0.0,0,0,1,0,0.675,0.44
46,6,-0.23128242790699005,-0.11430478096008301,1.029823660850525,0.19714101403864426,0.8026194944986481,0,0,0,0.12,0.01,0.0,0.01,0.1,0.9,-1.2,0.0,0,0,1,0,0.675,0.44
46,7,-0.4842124283313751,0.4312061667442322,-0.09373573213815689,-0.3322444018952481,1.3322415408722987,0,0,0,0.12,0.01,0.0,0.01,0.1,0.9,-1.2,0.0,0,0,1,1,0.675,0.44
47,0,-0.5091477632522583,0.3170924484729767,-0.1489308625459671,2.370401527626213,-1.370410110695061,0,0,0,0.12,0.01,0.0,0.01,0.1,0.9,-1.2,0.0,0,0,1,1,0.675,0.44
47,1,-0.7192492485046387,0.35339173674583435,3.065246343612671,-0.2725957577967484,1.2725834196352799,0,0,0,0.12,0.01,0.0,0.01,0.1,0.9,-1.2,0.0,0,0,1,1,0.675,0.44
47,2,-0.18784259259700775,-0.2704760730266571,-0.5951381921768188,0.8363098058599997,0.16351424122862337,0,0,0,0.12,0.01,0.0,0.01,0.1,0.9,-1.2,0.0,0,0,1,0,0.675,0.44
47,3,-0.7216387987136841,0.43158137798309326,-2.988064765930176,2.0317277239406093,-1.031750016077755,0,0,0,0.12,0.01,0.0,0.01,0.1,0.9,-1.2,0.0,0,0,1,1,0.675,0.44
47,4,-0.43646368384361267,-0.28927385807037354,-2.5918424129486084,-0.3192111013389549,1.3191445825553856,0,0,0,0.12,0.01,0.0,0.01,0.1,0.9,-1.2,0.0,0,0,1,0,0.675,0.44
47,5,-0.6741935610771179,0.052614904940128326,-2.026965379714966,0.5034540204734199,0.4965367408066399,0,0,0,0.12,0.01,0.0,0.01,0.1,0.9,-1.2,0.0,0,0,1,0,0.675,0.44
47,6,-0.23076121509075165,-0.11345206201076508,1.0204201936721802,0.05491072077162878,0.9448456154405295,0,0,0,0.12,0.01,0.0,0.01,0.1,0.9,-1.2,0.0,0,0,1,0,0.675,0.44
47,7,-0.48322945833206177,0.4310576617717743,-0.20106622576713562,-1.4236974231763069,2.4236938468976206,0,0,0,0.12,0.01,0.0,0.01,0.1,0.9,-1.2,0.0,0,0,1,1,0.675,0.44
48,0,-0.5080661177635193,0.3168753981590271,-0.27767398953437805,1.1191487717856874,-0.1191562819709291,0,0,0,0.12,0.01,0.0,0.01,0.1,0.9,-1.2,0.0,0,0,1,1,0.675,0.44
48,1,-0.7202579975128174,0.3535091280937195,2.9884541034698486,-1.094355567896758,2.0943419780377495,0,0,0,0.12,0.01,0.0,0.01,0.1,0.9,-1.2,0.0,0,0,1,1,0.675,0.44
48,2,-0.18702195584774017,-0.27104702591896057,-0.6288428902626038,0.4347252958861599,0.5650980359467258,0,0,0,0.12,0.01,0.0,0.01,0.1,0.9,-1.2,0.0,0,0,1,0,0.675,0.44
48,3,-0.722633957862854,0.43147361278533936,-3.1013402938842773,0.7711233539813587,0.22885542676510132,0,0,0,0.12,0.01,0.0,0.01,0.1,0.9,-1.2,0.0,0,0,1,1,0.675,0.44
48,4,-0.4373282492160797,-0.28977730870246887,-2.6247193813323975,-0.694649459879232,1.6945773978636989,0,0,0,0.12,0.01,0.0,0.01,0.1,0.9,-1.2,0.0,0,0,1,0,0.675,0.44
48,5,-0.6746801137924194,0.051732804626226425,-2.1364293098449707,-0.9766932660088559,1.9766824775681513,0,0,0,0.12,0.01,0.0,0.01,0.1,0.9,-1.2,0.0,0,0,1,0,0.675,0.44
48,6,-0.2302417755126953,-0.11259797215461731,1.0364235639572144,0.6228896381987888,0.3768118021355313,0,0,0,0.12,0.01,0.0,0.01,0.1,0.9,-1.2,0.0,0,0,1,0,0.675,0.44
48,7,-0.4822554588317871,0.4308485686779022,-0.17374230921268463,-1.465249376946531,2.465244906598173,0,0,0,0.12,0.01,0.0,0.01,0.1,0.9,-1.2,0.0,0,0,1,1,0.675,0.44
49,0,-0.5071370601654053,0.31653258204460144,-0.43683791160583496,-1.1189319168855971,2.118923512630684,0,0,0,0.12,0.01,0.0,0.01,0.1,0.9,-1.2,0.0,0,0,1,1,0.675,0.44
49,1,-0.7212461829185486,0.3536628782749176,3.018538236618042,-0.8213448193135634,1.8213314082684888,0,0,0,0.12,0.01,0.0,0.01,0.1,0.9,-1.2,0.0,0,0,1,1,0.675,0.44
49,2,-0.1862209439277649,-0.27164554595947266,-0.6550105214118958,0.1356020894366645,0.8642192158382989,0,0,0,0.12,0.01,0.0,0.01,0.1,0.9,-1.2,0.0,0,0,1,0,0.675,0.44
49,3,-0.7236354947090149,0.43148964643478394,3.0712828636169434,-0.8515359769254237,1.8515127907186057,0,0,0,0.12,0.01,0.0,0.01,0.1,0.9,-1.2,0.0,0,0,1,1,0.675,0.44
49,4,-0.4381914734840393,-0.2902791202068329,-2.582927942276001,-0.2397857997210235,1.2397120687754364,0,0,0,0.12,0.01,0.0,0.01,0.1,0.9,-1.2,0.0,0,0,1,0,0.675,0.44
49,5,-0.6752361059188843,0.05090121552348137,-2.1576595306396484,-1.1186364315454076,2.1186243318025184,0,0,0,0.12,0.01,0.0,0.01,0.1,0.9,-1.2,0.0,0,0,1,0,0.675,0.44
49,6,-0.22974282503128052,-0.11173121631145477,1.0656605958938599,0.960562960796485,0.03913085014330391,0,0,0,0.12,0.01,0.0,0.01,0.1,0.9,-1.2,0.0,0,0,1,0,0.675,0.44
49,7,-0.4812644422054291,0.43071338534355164,-0.0537419319152832,-0.6604429859473195,1.6604391116454091,0,0,0,0.12,0.01,0.0,0.01,0.1,0.9,-1.2,0.0,0,0,1,1,0.675,0.44
50,0,-0.5063543319702148,0.3161209523677826,-0.5056024789810181,-1.4577715832077287,2.4577616888366958,0,0,0,0.12,0.01,0.0,0.01,0.1,0.9,-1.2,0.0,0,0,1,1,0.675,0.44
50,1,-0.7222421169281006,0.35374584794044495,3.11903977394104,0.645509184639741,0.3544777023384083,0,0,0,0.12,0.01,0.0,0.01,0.1,0.9,-1.2,0.0,0,0,1,1,0.675,0.44
50,2,-0.18543080985546112,-0.27225804328918457,-0.6560595631599426,0.16307909165307286,0.8367408427150608,0,0,0,0.12,0.01,0.0,0.01,0.1,0.9,-1.2,0.0,0,0,1,0,0.675,0.44
50,3,-0.7246406078338623,0.4315921366214752,3.0339090824127197,-1.24394964383841,2.243923835027222,0,0,0,0.12,0.01,0.0,0.01,0.1,0.9,-1.2,0.0,0,0,1,1,0.675,0.44
50,4,-0.4390190839767456,-0.2908380329608917,-2.5042338371276855,0.8379884920186801,0.1619345583849149,0,0,0,0.12,0.01,0.0,0.01,0.1,0.9,-1.2,0.0,0,0,1,0,0.675,0.44
50,5,-0.675767183303833,0.05005567893385887,-2.0745890140533447,-0.161048261926255,1.1610361621833656,0,0,0,0.12,0.01,0.0,0.01,0.1,0.9,-1.2,0.0,0,0,1,0,0.675,0.44
50,6,-0.2292632907629013,-0.11085439473390579,1.06499445438385,0.9320442717647908,0.06764375752445476,0,0,0,0.12,0.01,0.0,0.01,0.1,0.9,-1.2,0.0,0,0,1,0,0.675,0.44
50,7,-0.48026198148727417,0.4307183027267456,0.08392339199781418,1.6597459258511194,-0.659749978966964,0,0,0,0.12,0.01,0.0,0.01,0.1,0.9,-1.2,0.0,0,0,1,1,0.675,0.44
51,0,-0.5055177211761475,0.31566476821899414,-0.41296225786209106,-0.8724968145994343,1.8724881123212973,0,0,0,0.12,0.01,0.0,0.01,0.1,0.9,-1.2,0.0,0,0,1,1,0.675,0.44
51,1,-0.7232423424720764,0.3537210524082184,-3.0674996376037598,1.9357908628799962,-0.9358052872040319,0,0,0,0.12,0.01,0.0,0.01,0.1,0.9,-1.2,0.0,0,0,1,1,0.675,0.44
51,2,-0.18463408946990967,-0.2728624939918518,-0.634667694568634,0.4825611366707695,0.5172576056044685,0,0,0,0.12,0.01,0.0,0.01,0.1,0.9,-1.2,0.0,0,0,1,0,0.675,0.44
51,3,-0.7256363034248352,0.4316789209842682,3.106161594390869,-0.8233668227611152,1.8233422656474678,0,0,0,0.12,0.01,0.0,0.01,0.1,0.9,-1.2,0.0,0,0,1,1,0.675,0.44
51,4,-0.4398009479045868,-0.2914591133594513,-2.445852518081665,1.5411128941709613,-0.5411965194875811,0,0,0,0.12,0.01,0.0,0.01,0.1,0.9,-1.2,0.0,0,0,1,0,0.675,0.44
51,5,-0.6762016415596008,0.04915442317724228,-1.9627602100372314,1.6162363005489966,-0.6162498904080053,0,0,0,0.12,0.01,0.0,0.01,0.1,0.9,-1.2,0.0,0,0,1,0,0.675,0.44
51,6,-0.22877126932144165,-0.1099851131439209,1.0373942852020264,0.5749364678097578,0.4247468527125505,0,0,0,0.12,0.01,0.0,0.01,0.1,0.9,-1.2,0.0,0,0,1,0,0.675,0.44
51,7,-0.47925710678100586,0.430854856967926,0.17739345133304596,2.460536573864563,-1.460541699864013,0,0,0,0.12,0.01,0.0,0.01,0.1,0.9,-1.2,0.0,0,0,1,1,0.675,0.44
52,0,-0.5047885775566101,0.31540051102638245,-0.26146399974823,1.4492882269978815,-0.4492970484853084,0,0,0,0.12,0.01,0.0,0.01,0.1,0.9,-1.2,0.0,0,0,1,1,0.675,0.44
52,1,-0.7242368459701538,0.35362759232521057,-3.0572705268859863,2.011740366267168,-1.0117554462422964,0,0,0,0.12,0.01,0.0,0.01,0.1,0.9,-1.2,0.0,0,0,1,1,0.675,0.44
52,2,-0.18382155895233154,-0.27344584465026855,-0.6106203198432922,0.83489100632245,0.1649251729530628,0,0,0,0.12,0.01,0.0,0.01,0.1,0.9,-1.2,0.0,0,0,1,0,0.675,0.44
52,3,-0.7266378402709961,0.43166545033454895,-3.0599141120910645,0.778763301777188,0.2212126179463227,0,0,0,0.12,0.01,0.0,0.01,0.1,0.9,-1.2,0.0,0,0,1,1,0.675,0.44
52,4,-0.4405634105205536,-0.2921050786972046,-2.454514741897583,1.4169761018320053,-0.4170636014505356,0,0,0,0.12,0.01,0.0,0.01,0.1,0.9,-1.2,0.0,0,0,1,0,0.675,0.44
52,5,-0.6765457987785339,0.048216044902801514,-1.9029370546340942,2.1663415372014936,-1.1663576304555834,0,0,0,0.12,0.01,0.0,0.01,0.1,0.9,-1.2,0.0,0,0,1,0,0.675,0.44
52,6,-0.22825030982494354,-0.10913258790969849,1.0066524744033813,0.1750329577021613,0.8246429122395501,0,0,0,0.12,0.01,0.0,0.01,0.1,0.9,-1.2,0.0,0,0,1,0,0.675,0.44
52,7,-0.4782719314098358,0.43102890253067017,0.12828099727630615,2.33786105313629,-1.3378661195310957,0,0,0,0.12,0.01,0.0,0.01,0.1,0.9,-1.2,0.0,0,0,1,1,0.675,0.44
53,0,-0.5039713978767395,0.3152352571487427,-0.14190956950187683,2.414894086664707,-1.414905053919345,0,0,0,0.12,0.01,0.0,0.01,0.1,0.9,-1.2,0.0,0,0,1,1,0.675,0.44
53,1,-0.725234866142273,0.3535687327384949,-3.1400716304779053,1.0033736968938345,-0.003388121217870292,0,0,0,0.12,0.01,0.0,0.01,0.1,0.9,-1.2,0.0,0,0,1,1,0.675,0.44
53,2,-0.18299897015094757,-0.27401426434516907,-0.6049017310142517,0.9437613356880642,0.056052161378433545,0,0,0,0.12,0.01,0.0,0.01,0.1,0.9,-1.2,0.0,0,0,1,0,0.675,0.44
53,3,-0.7276132702827454,0.43153759837150574,-2.9604270458221436,2.082327818712864,-1.0823554156633948,0,0,0,0.12,0.01,0.0,0.01,0.1,0.9,-1.2,0.0,0,0,1,1,0.675,0.44
53,4,-0.44134998321533203,-0.29272300004959106,-2.517789125442505,0.5523051789323316,0.44760452003083373,0,0,0,0.12,0.01,0.0,0.01,0.1,0.9,-1.2,0.0,0,0,1,0,0.675,0.44
53,5,-0.6768786907196045,0.0472729466855526,-1.9565742015838623,1.7144058043355814,-0.7144223148221841,0,0,0,0.12,0.01,0.0,0.01,0.1,0.9,-1.2,0.0,0,0,1,0,0.675,0.44
53,6,-0.22770868241786957,-0.10829266160726547,0.9963563680648804,0.03471913823041763,0.9649483870610253,0,0,0,0.12,0.01,0.0,0.01,0.1,0.9,-1.2,0.0,0,0,1,0,0.675,0.44
53,7,-0.47727417945861816,0.43110620975494385,0.001658406457863748,1.1372343962038498,-0.1372389857614973,0,0,0,0.12,0.01,0.0,0.01,0.1,0.9,-1.2,0.0,0,0,1,1,0.675,0.44
54,0,-0.5029255151748657,0.3150927722454071,-0.1783473640680313,2.2380735730430885,-1.2380841826698585,0,0,0,0.12,0.01,0.0,0.01,0.1,0.9,-1.2,0.0,0,0,1,1,0.675,0.44
54,1,-0.7262404561042786,0.3536146879196167,3.037781238555908,-0.6138437081243955,1.6138283897306882,0,0,0,0.12,0.01,0.0,0.01,0.1,0.9,-1.2,0.0,0,0,1,1,0.675,0.44
54,2,-0.18217995762825012,-0.2745873034000397,-0.6234740018844604,0.7447010047661357,0.2551107637656637,0,0,0,0.12,0.01,0.0,0.01,0.1,0.9,-1.2,0.0,0,0,1,0,0.675,0.44
54,3,-0.7285894751548767,0.43134036660194397,-2.957609176635742,2.2267559362145777,-1.2267859769555447,0,0,0,0.12,0.01,0.0,0.01,0.1,0.9,-1.2,0.0,0,0,1,1,0.675,0.44
54,4,-0.4421798884868622,-0.29328322410583496,-2.583960771560669,-0.3549124211953559,1.3548147887872137,0,0,0,0.12,0.01,0.0,0.01,0.1,0.9,-1.2,0.0,0,0,1,0,0.675,0.44
54,5,-0.677295446395874,0.04635854810476303,-2.066127061843872,0.11325956372031654,0.8867229721187643,0,0,0,0.12,0.01,0.0,0.01,0.1,0.9,-1.2,0.0,0,0,1,0,0.675,0.44
54,6,-0.22716939449310303,-0.10745075345039368,1.0135369300842285,0.22457679007515896,0.7750837018682004,0,0,0,0.12,0.01,0.0,0.01,0.1,0.9,-1.2,0.0,0,0,1,0,0.675,0.44
54,7,-0.47627386450767517,0.4310470223426819,-0.12963025271892548,-0.9610118842748292,1.9610066986707335,0,0,0,0.12,0.01,0.0,0.01,0.1,0.9,-1.2,0.0,0,0,1,1,0.675,0.44
55,0,-0.5020530223846436,0.3148941695690155,-0.3057847023010254,0.7637730028796315,0.23621716235398066,0,0,0,0.12,0.01,0.0,0.01,0.1,0.9,-1.2,0.0,0,0,1,1,0.675,0.44
55,1,-0.7272608876228333,0.35375380516052246,2.987307071685791,-1.0807997289010416,2.0807829799958597,0,0,0,0.12,0.01,0.0,0.01,0.1,0.9,-1.2,0.0,0,0,1,1,0.675,0.44
55,2,-0.1813758909702301,-0.2751813232898712,-0.6531199812889099,0.39739768583460683,0.6024118773253357,0,0,0,0.12,0.01,0.0,0.01,0.1,0.9,-1.2,0.0,0,0,1,0,0.675,0.44
55,3,-0.729576826095581,0.4311862587928772,-3.050574779510498,1.5798405100675368,-0.5798688818784501,0,0,0,0.12,0.01,0.0,0.01,0.1,0.9,-1.2,0.0,0,0,1,1,0.675,0.44
55,4,-0.4430362284183502,-0.29379966855049133,-2.5997700691223145,-0.5443564441364273,1.5442515995662673,0,0,0,0.12,0.01,0.0,0.01,0.1,0.9,-1.2,0.0,0,0,1,0,0.675,0.44
55,5,-0.6778110265731812,0.045495208352804184,-2.157930612564087,-0.9812997949319588,1.9812793505388007,0,0,0,0.12,0.01,0.0,0.01,0.1,0.9,-1.2,0.0,0,0,1,0,0.675,0.44
55,6,-0.22665196657180786,-0.10659454762935638,1.044209361076355,0.5844291480857984,0.4152231780212269,0,0,0,0.12,0.01,0.0,0.01,0.1,0.9,-1.2,0.0,0,0,1,0,0.675,0.44
55,7,-0.4752861261367798,0.43088141083717346,-0.19265246391296387,-1.4380020396015047,2.4379957215091586,0,0,0,0.12,0.01,0.0,0.01,0.1,0.9,-1.2,0.0,0,0,1,1,0.675,0.44
56,0,-0.5014343857765198,0.31465423107147217,-0.4424075186252594,-1.083424111487037,2.0834128462091748,0,0,0,0.12,0.01,0.0,0.01,0.1,0.9,-1.2,0.0,0,0,1,1,0.675,0.44
56,1,-0.7282500267028809,0.35389605164527893,3.042874813079834,-0.5205845942726113,1.5205683222045876,0,0,0,0.12,0.01,0.0,0.01,0.1,0.9,-1.2,0.0,0,0,1,1,0.675,0.44
56,2,-0.18058855831623077,-0.27579760551452637,-0.6731163263320923,0.17934695404062356,0.8204594500731459,0,0,0,0.12,0.01,0.0,0.01,0.1,0.9,-1.2,0.0,0,0,1,0,0.675,0.44
56,3,-0.7305779457092285,0.43115055561065674,3.1132211685180664,-0.1565711987684436,1.1565422309110829,0,0,0,0.12,0.01,0.0,0.01,0.1,0.9,-1.2,0.0,0,0,1,1,0.675,0.44
56,4,-0.4438849985599518,-0.29432618618011475,-2.5524518489837646,-0.00040980814787093187,1.0003014469036693,0,0,0,0.12,0.01,0.0,0.01,0.1,0.9,-1.2,0.0,0,0,1,0,0.675,0.44
56,5,-0.6783741116523743,0.044670283794403076,-2.15309739112854,-0.9157916163048226,1.9157696221909004,0,0,0,0.12,0.01,0.0,0.01,0.1,0.9,-1.2,0.0,0,0,1,0,0.675,0.44
56,6,-0.22616000473499298,-0.1057238057255745,1.0661962032318115,0.8325378997755697,0.1671042339371988,0,0,0,0.12,0.01,0.0,0.01,0.1,0.9,-1.2,0.0,0,0,1,0,0.675,0.44
56,7,-0.4743037521839142,0.4307003617286682,-0.1192934662103653,-1.124169696422103,2.1241637955622705,0,0,0,0.12,0.01,0.0,0.01,0.1,0.9,-1.2,0.0,0,0,1,1,0.675,0.44
57,0,-0.5006325244903564,0.3142373263835907,-0.4855292737483978,-1.3300442476106917,2.330031551821355,0,0,0,0.12,0.01,0.0,0.01,0.1,0.9,-1.2,0.0,0,0,1,1,0.675,0.44
57,1,-0.729248583316803,0.3539500832557678,-3.135788679122925,1.1047526503110499,-0.10476928000694215,0,0,0,0.12,0.01,0.0,0.01,0.1,0.9,-1.2,0.0,0,0,1,1,0.675,0.44
57,2,-0.1798083782196045,-0.2764228582382202,-0.6707866191864014,0.24895493341890945,0.7508489076951347,0,0,0,0.12,0.01,0.0,0.01,0.1,0.9,-1.2,0.0,0,0,1,0,0.675,0.44
57,3,-0.7315862774848938,0.43122854828834534,3.0279641151428223,-1.1493195593741579,2.149286061563794,0,0,0,0.12,0.01,0.0,0.01,0.1,0.9,-1.2,0.0,0,0,1,1,0.675,0.44
57,4,-0.4446970820426941,-0.29490792751312256,-2.4817264080047607,0.9397812214696186,0.06010397998454384,0,0,0,0.12,0.01,0.0,0.01,0.1,0.9,-1.2,0.0,0,0,1,0,0.675,0.44
57,5,-0.678898274898529,0.04381956160068512,-2.064331293106079,0.25415848162470145,0.7458190474242183,0,0,0,0.12,0.01,0.0,0.01,0.1,0.9,-1.2,0.0,0,0,1,0,0.675,0.44
57,6,-0.22567972540855408,-0.10484731942415237,1.0653001070022583,0.8057473852331304,0.1938849733178951,0,0,0,0.12,0.01,0.0,0.01,0.1,0.9,-1.2,0.0,0,0,1,0,0.675,0.44
57,7,-0.47330474853515625,0.43062883615493774,0.010456163436174393,0.6022936573126196,0.397700620641482,0,0,0,0.12,0.01,0.0,0.01,0.1,0.9,-1.2,0.0,0,0,1,1,0.675,0.44
58,0,-0.4997434914112091,0.3137991428375244,-0.4003080725669861,-0.6294734739147995,1.6294616721951336,0,0,0,0.12,0.01,0.0,0.01,0.1,0.9,-1.2,0.0,0,0,1,0,0.675,0.44
58,1,-0.7302477359771729,0.35390400886535645,-3.0562825202941895,2.013174097340617,-1.0131927535944318,0,0,0,0.12,0.01,0.0,0.01,0.1,0.9,-1.2,0.0,0,0,1,1,0.675,0.44
58,2,-0.179020956158638,-0.2770393490791321,-0.651326596736908,0.5406449243834798,0.45915623452154963,0,0,0,0.12,0.01,0.0,0.01,0.1,0.9,-1.2,0.0,0,0,1,0,0.675,0.44
58,3,-0.7325804233551025,0.4313466548919678,3.049785614013672,-1.1283771101059399,2.1283422413887463,0,0,0,0.12,0.01,0.0,0.01,0.1,0.9,-1.2,0.0,0,0,1,1,0.675,0.44
58,4,-0.44546934962272644,-0.29554125666618347,-2.4389312267303467,1.4291441565363088,-0.4292684918253101,0,0,0,0.12,0.01,0.0,0.01,0.1,0.9,-1.2,0.0,0,0,1,0,0.675,0.44
58,5,-0.6793285608291626,0.04291617497801781,-1.9638909101486206,1.7202174223739497,-0.7202431119758477,0,0,0,0.12,0.01,0.0,0.01,0.1,0.9,-1.2,0.0,0,0,1,0,0.675,0.44
58,6,-0.22519028186798096,-0.10397649556398392,1.045424461364746,0.5505371334824657,0.44908568832539564,0,0,0,0.12,0.01,0.0,0.01,0.1,0.9,-1.2,0.0,0,0,1,0,0.675,0.44
58,7,-0.4723040759563446,0.43069472908973694,0.1291297823190689,2.2134551217712515,-1.2134619167007559,0,0,0,0.12,0.01,0.0,0.01,0.1,0.9,-1.2,0.0,0,0,1,0,0.675,0.44
59,0,-0.4988805055618286,0.31349846720695496,-0.27200356125831604,1.385594432605476,-0.38560671116229994,0,0,0,0.12,0.01,0.0,0.01,0.1,0.9,-1.2,0.0,0,0,1,0,0.675,0.44
59,1,-0.7312393188476562,0.3538115620613098,-3.0759658813476562,1.823160909205239,-0.8231798634822772,0,0,0,0.12,0.01,0.0,0.01,0.1,0.9,-1.2,0.0,0,0,1,1,0.675,0.44
59,2,-0.17822004854679108,-0.27763834595680237,-0.6327146887779236,0.8192217865371481,0.180575438461326,0,0,0,0.12,0.01,0.0,0.01,0.1,0.9,-1.2,0.0,0,0,1,0,0.675,0.44
59,3,-0.7335790395736694,0.4313993453979492,-3.131375312805176,-0.22000330382757485,1.2199702232497247,0,0,0,0.12,0.01,0.0,0.01,0.1,0.9,-1.2,0.0,0,0,1,1,0.675,0.44
59,4,-0.44623127579689026,-0.29618799686431885,-2.456653356552124,1.1923269142871717,-0.19245732924994038,0,0,0,0.12,0.01,0.0,0.01,0.1,0.9,-1.2,0.0,0,0,1,0,0.675,0.44
59,5,-0.6796819567680359,0.04199131578207016,-1.9299424886703491,2.0337501729349095,-1.033779558024784,0,0,0,0.12,0.01,0.0,0.01,0.1,0.9,-1.2,0.0,0,0,1,0,0.675,0.44
59,6,-0.22465550899505615,-0.10307827591896057,1.021944284439087,0.251709937318323,0.7479013211884519,0,0,0,0.12,0.01,0.0,0.01,0.1,0.9,-1.2,0.0,0,0,1,0,0.675,0.44
59,7,-0.4713149964809418,0.4308473467826843,0.14611034095287323,2.393830374311133,-1.393838122914954,0,0,0,0.12,0.01,0.0,0.01,0.1,0.9,-1.2,0.0,0,0,1,0,0.675,0.44
60,0,-0.49809953570365906,0.3133240342140198,-0.17268678545951843,2.292666502414129,-1.2926812247613886,0,0,0,0.12,0.01,0.0,0.01,0.1,0.9,-1.2,0.0,0,0,1,0,0.675,0.44
60,1,-0.7322392463684082,0.3537790775299072,3.113638401031494,0.5135758134958486,0.4864054110410472,0,0,0,0.12,0.01,0.0,0.01,0.1,0.9,-1.2,0.0,0,0,1,1,0.675,0.44
60,2,-0.177411749958992,-0.2782268822193146,-0.6314830780029297,0.8710045691498455,0.12878884115136288,0,0,0,0.12,0.01,0.0,0.01,0.1,0.9,-1.2,0.0,0,0,1,0,0.675,0.44
60,3,-0.7345739603042603,0.43134045600891113,-3.016425371170044,1.4992188266258155,-0.4992540529708779,0,0,0,0.12,0.01,0.0,0.01,0.1,0.9,-1.2,0.0,0,0,1,1,0.675,0.44
60,4,-0.44701990485191345,-0.29680347442626953,-2.5150561332702637,0.38835975109047777,0.6115034562497627,0,0,0,0.12,0.01,0.0,0.01,0.1,0.9,-1.2,0.0,0,0,1,0,0.675,0.44
60,5,-0.6800484657287598,0.04106076806783676,-1.9951839447021484,1.388897286836212,-0.38892756599575773,0,0,0,0.12,0.01,0.0,0.01,0.1,0.9,-1.2,0.0,0,0,1,0,0.675,0.44
60,6,-0.22411859035491943,-0.10221298784017563,1.014122724533081,0.14477092211237838,0.8548279386282832,0,0,0,0.12,0.01,0.0,0.01,0.1,0.9,-1.2,0.0,0,0,1,0,0.675,0.44
60,7,-0.4703226685523987,0.43096157908439636,0.048193104565143585,1.8002593531523743,-0.800266565314392,0,0,0,0.12,0.01,0.0,0.01,0.1,0.9,-1.2,0.0,0,0,1,0,0.675,0.44
61,0,-0.49715763330459595,0.3131641447544098,-0.20528201758861542,2.0924698660303496,-1.0924845883776095,0,0,0,0.12,0.01,0.0,0.01,0.1,0.9,-1.2,0.0,0,0,1,0,0.675,0.44
61,1,-0.7332466840744019,0.35385462641716003,3.0177156925201416,-0.812486676250194,1.812465993438457,0,0,0,0.12,0.01,0.0,0.01,0.1,0.9,-1.2,0.0,0,0,1,1,0.675,0.44
61,2,-0.1766085922718048,-0.27882206439971924,-0.650001585483551,0.6712450986686517,0.3285452121910286,0,0,0,0.12,0.01,0.0,0.01,0.1,0.9,-1.2,0.0,0,0,1,0,0.675,0.44
61,3,-0.7355448603630066,0.4311797022819519,-2.95263934135437,2.184028193346652,-1.1840692013422576,0,0,0,0.12,0.01,0.0,0.01,0.1,0.9,-1.2,0.0,0,0,1,1,0.675,0.44
61,4,-0.44784557819366455,-0.29736924171447754,-2.5670220851898193,-0.2988065439319651,1.2986583071804085,0,0,0,0.12,0.01,0.0,0.01,0.1,0.9,-1.2,0.0,0,0,1,0,0.675,0.44
61,5,-0.6805018782615662,0.04016447439789772,-2.09869384765625,-0.12119921795646568,1.1211663757971944,0,0,0,0.12,0.01,0.0,0.01,0.1,0.9,-1.2,0.0,0,0,1,0,0.675,0.44
61,6,-0.22360701858997345,-0.10138458013534546,1.028257966041565,0.29959975081370716,0.6999871293933546,0,0,0,0.12,0.01,0.0,0.01,0.1,0.9,-1.2,0.0,0,0,1,0,0.675,0.44
61,7,-0.469320684671402,0.4309506416320801,-0.0824877917766571,-0.234370664732196,1.234363214151599,0,0,0,0.12,0.01,0.0,0.01,0.1,0.9,-1.2,0.0,0,0,1,0,0.675,0.44
62,0,-0.49620768427848816,0.31291720271110535,-0.3192921578884125,0.6852100734801644,0.31477568100973424,0,0,0,0.12,0.01,0.0,0.01,0.1,0.9,-1.2,0.0,0,0,1,0,0.675,0.44
62,1,-0.7342391610145569,0.3540002405643463,2.998213529586792,-0.9744481589511492,1.9744260456279374,0,0,0,0.12,0.01,0.0,0.01,0.1,0.9,-1.2,0.0,0,0,1,1,0.675,0.44
62,2,-0.1758200228214264,-0.27943652868270874,-0.6753426790237427,0.38043618536404866,0.6193503704030107,0,0,0,0.12,0.01,0.0,0.01,0.1,0.9,-1.2,0.0,0,0,1,0,0.675,0.44
62,3,-0.7365247011184692,0.4309957027435303,-2.998795986175537,1.9988318449289149,-0.998873508575613,0,0,0,0.12,0.01,0.0,0.01,0.1,0.9,-1.2,0.0,0,0,1,1,0.675,0.44
62,4,-0.44868916273117065,-0.2979046404361725,-2.570439100265503,-0.3554242966823383,1.3552660463504596,0,0,0,0.12,0.01,0.0,0.01,0.1,0.9,-1.2,0.0,0,0,1,0,0.675,0.44
62,5,-0.681040346622467,0.03931727632880211,-2.170262336730957,-0.9038325515747543,1.9037947026253221,0,0,0,0.12,0.01,0.0,0.01,0.1,0.9,-1.2,0.0,0,0,1,0,0.675,0.44
62,6,-0.2231314480304718,-0.10057700425386429,1.0538911819458008,0.5953333873603398,0.40423972417377885,0,0,0,0.12,0.01,0.0,0.01,0.1,0.9,-1.2,0.0,0,0,1,0,0.675,0.44
62,7,-0.4683258533477783,0.43081504106521606,-0.18284498155117035,-1.3224094217070617,2.3224002425917663,0,0,0,0.12,0.01,0.0,0.01,0.1,0.9,-1.2,0.0,0,0,1,0,0.675,0.44
63,0,-0.4955459535121918,0.3126477897167206,-0.4442124664783478,-0.9936789555147291,1.9936626834467053,0,0,0,0.12,0.01,0.0,0.01,0.1,0.9,-1.2,0.0,0,0,1,0,0.675,0.44
63,1,-0.7352306842803955,0.3541194498538971,3.071796178817749,-0.10839037212367116,1.1083686760329727,0,0,0,0.12,0.01,0.0,0.01,0.1,0.9,-1.2,0.0,0,0,1,1,0.675,0.44
63,2,-0.17504553496837616,-0.2800688147544861,-0.6901900172233582,0.2281190652647973,0.7716630797585488,0,0,0,0.12,0.01,0.0,0.01,0.1,0.9,-1.2,0.0,0,0,1,0,0.675,0.44
63,3,-0.7375203967094421,0.4308968186378479,-3.107581377029419,0.8466777650058417,0.15328170383571119,0,0,0,0.12,0.01,0.0,0.01,0.1,0.9,-1.2,0.0,0,0,1,1,0.675,0.44
63,4,-0.44952166080474854,-0.29845690727233887,-2.5239813327789307,0.18944579826103133,0.8103888584543618,0,0,0,0.12,0.01,0.0,0.01,0.1,0.9,-1.2,0.0,0,0,1,0,0.675,0.44
63,5,-0.6816064715385437,0.03849444165825844,-2.147728681564331,-0.6633989411246067,1.663359006012607,0,0,0,0.12,0.01,0.0,0.01,0.1,0.9,-1.2,0.0,0,0,1,0,0.675,0.44
63,6,-0.22266651690006256,-0.09974117577075958,1.0716493129730225,0.7918108679844363,0.20774674634204074,0,0,0,0.12,0.01,0.0,0.01,0.1,0.9,-1.2,0.0,0,0,1,0,0.675,0.44
63,7,-0.4673443138599396,0.4306240677833557,-0.15967273712158203,-1.2901261500967622,2.2901165537489536,0,0,0,0.12,0.01,0.0,0.01,0.1,0.9,-1.2,0.0,0,0,1,0,0.675,0.44
64,0,-0.4947362244129181,0.312229722738266,-0.47989001870155334,-1.2243478158685515,2.22432957684725,0,0,0,0.12,0.01,0.0,0.01,0.1,0.9,-1.2,0.0,0,0,1,0,0.675,0.44
64,1,-0.7362310290336609,0.35414183139801025,-3.1100683212280273,1.4394191543069506,-0.43944228090912363,0,0,0,0.12,0.01,0.0,0.01,0.1,0.9,-1.2,0.0,0,0,1,1,0.675,0.44
64,2,-0.17427513003349304,-0.2807060778141022,-0.6858773827552795,0.32134427639441776,0.6784337559084388,0,0,0,0.12,0.01,0.0,0.01,0.1,0.9,-1.2,0.0,0,0,1,0,0.675,0.44
64,3,-0.7385216951370239,0.4309180974960327,3.0676636695861816,-0.7135838964678262,1.7135391929842445,0,0,0,0.12,0.01,0.0,0.01,0.1,0.9,-1.2,0.0,0,0,1,1,0.675,0.44
64,4,-0.4503202736377716,-0.2990574538707733,-2.4646828174591064,0.9392310103655664,0.060592321467319195,0,0,0,0.12,0.01,0.0,0.01,0.1,0.9,-1.2,0.0,0,0,1,0,0.675,0.44
64,5,-0.682124137878418,0.03763911500573158,-2.0600597858428955,0.5664279630817467,0.4335303136669105,0,0,0,0.12,0.01,0.0,0.01,0.1,0.9,-1.2,0.0,0,0,1,0,0.675,0.44
64,6,-0.22218665480613708,-0.09885680675506592,1.0688502788543701,0.7481614295986433,0.2513808067294819,0,0,0,0.12,0.01,0.0,0.01,0.1,0.9,-1.2,0.0,0,0,1,0,0.675,0.44
64,7,-0.4663519561290741,0.4304996728897095,-0.04683100804686546,-0.2947644096821236,1.2947553497761177,0,0,0,0.12,0.01,0.0,0.01,0.1,0.9,-1.2,0.0,0,0,1,0,0.675,0.44
65,0,-0.4938451945781708,0.3117954432964325,-0.3986557722091675,-0.4623915594349693,1.4623739760647603,0,0,0,0.12,0.01,0.0,0.01,0.1,0.9,-1.2,0.0,0,0,1,0,0.675,0.44
65,1,-0.7372177243232727,0.3540770709514618,-3.0548694133758545,1.9935779597665646,-0.9936037089731075,0,0,0,0.12,0.01,0.0,0.01,0.1,0.9,-1.2,0.0,0,0,1,1,0.675,0.44
65,2,-0.17349731922149658,-0.2813345789909363,-0.6689202189445496,0.6294043373022624,0.37028053294081015,0,0,0,0.12,0.01,0.0,0.01,0.1,0.9,-1.2,0.0,0,0,1,0,0.675,0.44
65,3,-0.7395278811454773,0.43102413415908813,3.02683424949646,-1.1628939794712647,2.1628430771046263,0,0,0,0.12,0.01,0.0,0.01,0.1,0.9,-1.2,0.0,0,0,1,1,0.675,0.44
65,4,-0.45108652114868164,-0.29969844222068787,-2.43522047996521,1.2594094443514063,-0.2596000004007533,0,0,0,0.12,0.01,0.0,0.01,0.1,0.9,-1.2,0.0,0,0,1,0,0.675,0.44
65,5,-0.682556688785553,0.03673696145415306,-1.974937915802002,1.368070280327701,-0.36811557985773036,0,0,0,0.12,0.01,0.0,0.01,0.1,0.9,-1.2,0.0,0,0,1,0,0.675,0.44
65,6,-0.2216760367155075,-0.09794290363788605,1.0494294166564941,0.5098023831450387,0.4897240579522208,0,0,0,0.12,0.01,0.0,0.01,0.1,0.9,-1.2,0.0,0,0,1,0,0.675,0.44
65,7,-0.46534985303878784,0.4305040240287781,0.07958929240703583,1.7224467291299,-0.7224567427102222,0,0,0,0.12,0.01,0.0,0.01,0.1,0.9,-1.2,0.0,0,0,1,0,0.675,0.44
66,0,-0.49290090799331665,0.31146475672721863,-0.28066349029541016,1.3735984533221977,-0.37361710957601246,0,0,0,0.12,0.01,0.0,0.01,0.1,0.9,-1.2,0.0,0,0,1,0,0.675,0.44
66,1,-0.7382119297981262,0.3539946973323822,-3.0991618633270264,1.5359798302060912,-0.5360057582265685,0,0,0,0.12,0.01,0.0,0.01,0.1,0.9,-1.2,0.0,0,0,1,1,0.675,0.44
66,2,-0.17270846664905548,-0.28194916248321533,-0.6550613641738892,0.8351510459115594,0.16452708900665347,0,0,0,0.12,0.01,0.0,0.01,0.1,0.9,-1.2,0.0,0,0,1,0,0.675,0.44
66,3,-0.7405226230621338,0.4311220347881317,3.0902562141418457,-0.8155921412711167,1.8155417753462813,0,0,0,0.12,0.01,0.0,0.01,0.1,0.9,-1.2,0.0,0,0,1,1,0.675,0.44
66,4,-0.4518481194972992,-0.3003457188606262,-2.4555625915527344,0.9824832397948436,0.017315654133684237,0,0,0,0.12,0.01,0.0,0.01,0.1,0.9,-1.2,0.0,0,0,1,0,0.675,0.44
66,5,-0.6829332113265991,0.03580937162041664,-1.9624933004379272,1.5371765156751882,-0.5372268219953786,0,0,0,0.12,0.01,0.0,0.01,0.1,0.9,-1.2,0.0,0,0,1,0,0.675,0.44
66,6,-0.22114479541778564,-0.09703969210386276,1.0296638011932373,0.2689066019780863,0.7306016000978719,0,0,0,0.12,0.01,0.0,0.01,0.1,0.9,-1.2,0.0,0,0,1,0,0.675,0.44
66,7,-0.46434807777404785,0.4306240975856781,0.14986540377140045,2.3557024731143015,-1.3557147516711252,0,0,0,0.12,0.01,0.0,0.01,0.1,0.9,-1.2,0.0,0,0,1,0,0.675,0.44
67,0,-0.49196356534957886,0.3112439811229706,-0.20116353034973145,2.1574204692776004,-1.1574422249729435,0,0,0,0.12,0.01,0.0,0.01,0.1,0.9,-1.2,0.0,0,0,1,0,0.675,0.44
67,1,-0.7392128705978394,0.3539898991584778,3.086854934692383,0.0768754452512086,0.9230977922632874,0,0,0,0.12,0.01,0.0,0.01,0.1,0.9,-1.2,0.0,0,0,1,1,0.675,0.44
67,2,-0.1719152182340622,-0.28255757689476013,-0.6598350405693054,0.8124797964226661,0.18719237803106925,0,0,0,0.12,0.01,0.0,0.01,0.1,0.9,-1.2,0.0,0,0,1,0,0.675,0.44
67,3,-0.741523802280426,0.4311278760433197,-3.0823349952697754,0.5282102814755881,0.47173941220422144,0,0,0,0.12,0.01,0.0,0.01,0.1,0.9,-1.2,0.0,0,0,1,1,0.675,0.44
67,4,-0.4526345431804657,-0.3009638786315918,-2.5044145584106445,0.31971879594339864,0.6800678790329502,0,0,0,0.12,0.01,0.0,0.01,0.1,0.9,-1.2,0.0,0,0,1,0,0.675,0.44
67,5,-0.6833277940750122,0.034890204668045044,-2.0122833251953125,0.9191499746538722,0.08079602353796124,0,0,0,0.12,0.01,0.0,0.01,0.1,0.9,-1.2,0.0,0,0,1,0,0.675,0.44
67,6,-0.22062042355537415,-0.09617631137371063,1.025225281715393,0.20934756934200002,0.7901414996429854,0,0,0,0.12,0.01,0.0,0.01,0.1,0.9,-1.2,0.0,0,0,1,0,0.675,0.44
67,7,-0.4633580446243286,0.4307655394077301,0.09217259287834167,2.1248232081912475,-1.1248355463527162,0,0,0,0.12,0.01,0.0,0.01,0.1,0.9,-1.2,0.0,0,0,1,0,0.675,0.44
68,0,-0.4909866750240326,0.3110465407371521,-0.23699605464935303,1.8871837569253158,-0.8872058702485274,0,0,0,0.12,0.01,0.0,0.01,0.1,0.9,-1.2,0.0,0,0,1,0,0.675,0.44
68,1,-0.7402262091636658,0.35408687591552734,3.0070927143096924,-0.8927989556017711,1.8927689148608042,0,0,0,0.12,0.01,0.0,0.01,0.1,0.9,-1.2,0.0,0,0,1,1,0.675,0.44
68,2,-0.17112991213798523,-0.283176064491272,-0.6804982423782349,0.595444466815059,0.40422240282529126,0,0,0,0.12,0.01,0.0,0.01,0.1,0.9,-1.2,0.0,0,0,1,0,0.675,0.44
68,3,-0.7425037026405334,0.43102389574050903,-2.9844794273376465,1.8509507651451165,-0.8510078067901664,0,0,0,0.12,0.01,0.0,0.01,0.1,0.9,-1.2,0.0,0,0,1,1,0.675,0.44
68,4,-0.45345067977905273,-0.3015424609184265,-2.542203426361084,-0.17287950760727774,1.1726489568412866,0,0,0,0.12,0.01,0.0,0.01,0.1,0.9,-1.2,0.0,0,0,1,0,0.675,0.44
68,5,-0.6837832927703857,0.03399784862995148,-2.0828185081481934,-0.07095802504257405,1.0708984203977987,0,0,0,0.12,0.01,0.0,0.01,0.1,0.9,-1.2,0.0,0,0,1,0,0.675,0.44
68,6,-0.22012291848659515,-0.09534905105829239,1.0392539501190186,0.3645933719643266,0.6348766831389754,0,0,0,0.12,0.01,0.0,0.01,0.1,0.9,-1.2,0.0,0,0,1,0,0.675,0.44
68,7,-0.46235790848731995,0.4308069944381714,-0.02946718968451023,0.7101290650132992,0.2898588352438114,0,0,0,0.12,0.01,0.0,0.01,0.1,0.9,-1.2,0.0,0,0,1,0,0.675,0.44
69,0,-0.49002766609191895,0.31077468395233154,-0.34266525506973267,0.48429127853255716,0.5156864889349416,0,0,0,0.12,0.01,0.0,0.01,0.1,0.9,-1.2,0.0,0,0,1,0,0.675,0.44
69,1,-0.7412172555923462,0.3542293608188629,3.016333818435669,-0.7948750084677008,1.794843596819904,0,0,0,0.12,0.01,0.0,0.01,0.1,0.9,-1.2,0.0,0,0,1,1,0.675,0.44
69,2,-0.17035971581935883,-0.28381335735321045,-0.7027798295021057,0.35737892519093173,0.6422815071477829,0,0,0,0.12,0.01,0.0,0.01,0.1,0.9,-1.2,0.0,0,0,1,0,0.675,0.44
69,3,-0.7434839010238647,0.4308474361896515,-2.967651844024658,2.10410965308385,-1.1041734896584046,0,0,0,0.12,0.01,0.0,0.01,0.1,0.9,-1.2,0.0,0,0,1,1,0.675,0.44
69,4,-0.45427849888801575,-0.30210232734680176,-2.5388424396514893,-0.15757435305290765,1.1573283646839196,0,0,0,0.12,0.01,0.0,0.01,0.1,0.9,-1.2,0.0,0,0,1,0,0.675,0.44
69,5,-0.6842944025993347,0.033136602491140366,-2.120967388153076,-0.5074391685357489,1.5073727093568243,0,0,0,0.12,0.01,0.0,0.01,0.1,0.9,-1.2,0.0,0,0,1,0,0.675,0.44
69,6,-0.21965020895004272,-0.0945279449224472,1.0606485605239868,0.607812722520189,0.39163581530634917,0,0,0,0.12,0.01,0.0,0.01,0.1,0.9,-1.2,0.0,0,0,1,0,0.675,0.44
69,7,-0.4613589942455292,0.43071797490119934,-0.1472993642091751,-1.0073505966212746,2.007336529925108,0,0,0,0.12,0.01,0.0,0.01,0.1,0.9,-1.2,0.0,0,0,1,0,0.675,0.44
70,0,-0.48913443088531494,0.3104035258293152,-0.4451667368412018,-0.8629779598337217,1.8629526874643367,0,0,0,0.12,0.01,0.0,0.01,0.1,0.9,-1.2,0.0,0,0,1,0,0.675,0.44
70,1,-0.7422122359275818,0.3543218970298767,3.100574493408203,0.31963408328283494,0.6803342666507893,0,0,0,0.12,0.01,0.0,0.01,0.1,0.9,-1.2,0.0,0,0,1,1,0.675,0.44
70,2,-0.16960148513317108,-0.28446483612060547,-0.7125528454780579,0.27466705800922614,0.7249864005860497,0,0,0,0.12,0.01,0.0,0.01,0.1,0.9,-1.2,0.0,0,0,1,0,0.675,0.44
70,3,-0.7444713711738586,0.4306958317756653,-3.0440711975097656,1.5850712332518035,-0.5851345929892,0,0,0,0.12,0.01,0.0,0.01,0.1,0.9,-1.2,0.0,0,0,1,1,0.675,0.44
70,4,-0.455093652009964,-0.3026803731918335,-2.4985125064849854,0.3049204804473895,0.694819822115324,0,0,0,0.12,0.01,0.0,0.01,0.1,0.9,-1.2,0.0,0,0,1,0,0.675,0.44
70,5,-0.6848139762878418,0.03228279948234558,-2.0947558879852295,-0.15284296058729988,1.1527720310600171,0,0,0,0.12,0.01,0.0,0.01,0.1,0.9,-1.2,0.0,0,0,1,0,0.675,0.44
70,6,-0.21918343007564545,-0.09367918223142624,1.0734118223190308,0.7498679104257372,0.24955660672895646,0,0,0,0.12,0.01,0.0,0.01,0.1,0.9,-1.2,0.0,0,0,1,0,0.675,0.44
70,7,-0.46037378907203674,0.43054094910621643,-0.18268492817878723,-1.3317900155748599,2.3317733858789675,0,0,0,0.12,0.01,0.0,0.01,0.1,0.9,-1.2,0.0,0,0,1,0,0.675,0.44
71,0,-0.4882676601409912,0.3099636137485504,-0.46457186341285706,-1.0054644925114726,2.0054367167470075,0,0,0,0.12,0.01,0.0,0.01,0.1,0.9,-1.2,0.0,0,0,1,0,0.675,0.44
71,1,-0.7432129979133606,0.354316771030426,-3.0902745723724365,1.6229349894427667,-0.6229697389506705,0,0,0,0.12,0.01,0.0,0.01,0.1,0.9,-1.2,0.0,0,0,1,1,0.675,0.44
71,2,-0.16884441673755646,-0.2851177453994751,-0.7058871388435364,0.39221665708784986,0.6074299469732768,0,0,0,0.12,0.01,0.0,0.01,0.1,0.9,-1.2,0.0,0,0,1,0,0.675,0.44
71,3,-0.7454715371131897,0.4306475818157196,3.12990140914917,0.13830582093095695,0.8616286139597902,0,0,0,0.12,0.01,0.0,0.01,0.1,0.9,-1.2,0.0,0,0,1,1,0.675,0.44
71,4,-0.45588022470474243,-0.3032969534397125,-2.4521186351776123,0.8547338772405856,0.14498794788224767,0,0,0,0.12,0.01,0.0,0.01,0.1,0.9,-1.2,0.0,0,0,1,0,0.675,0.44
71,5,-0.6852907538414001,0.03140358626842499,-2.0301318168640137,0.7972779849815863,0.20264560186381161,0,0,0,0.12,0.01,0.0,0.01,0.1,0.9,-1.2,0.0,0,0,1,0,0.675,0.44
71,6,-0.21870176494121552,-0.09279072284698486,1.0688406229019165,0.6943920806013749,0.30500823706753993,0,0,0,0.12,0.01,0.0,0.01,0.1,0.9,-1.2,0.0,0,0,1,0,0.675,0.44
71,7,-0.4593876898288727,0.43037891387939453,-0.10079716145992279,-0.8723373992423403,1.8723212463836063,0,0,0,0.12,0.01,0.0,0.01,0.1,0.9,-1.2,0.0,0,0,1,0,0.675,0.44
72,0,-0.4873664677143097,0.30953407287597656,-0.38767358660697937,-0.12120026714718159,1.1211723721734268,0,0,0,0.12,0.01,0.0,0.01,0.1,0.9,-1.2,0.0,0,0,1,0,0.675,0.44
72,1,-0.7442075610160828,0.35424184799194336,-3.061534881591797,1.8891164409790213,-0.8891544687423882,0,0,0,0.12,0.01,0.0,0.01,0.1,0.9,-1.2,0.0,0,0,1,1,0.675,0.44
72,2,-0.16807939112186432,-0.2857614755630493,-0.6912243366241455,0.6072735950242422,0.3923650816191294,0,0,0,0.12,0.01,0.0,0.01,0.1,0.9,-1.2,0.0,0,0,1,0,0.675,0.44
72,3,-0.74647057056427,0.43070605397224426,3.0464229583740234,-0.9202371876324668,1.9201620857800499,0,0,0,0.12,0.01,0.0,0.01,0.1,0.9,-1.2,0.0,0,0,1,1,0.675,0.44
72,4,-0.45664215087890625,-0.3039434552192688,-2.4319283962249756,1.0584803844796213,-0.058779420982459606,0,0,0,0.12,0.01,0.0,0.01,0.1,0.9,-1.2,0.0,0,0,1,0,0.675,0.44
72,5,-0.6857090592384338,0.030495082959532738,-1.9793109893798828,1.4747943952580922,-0.4748799875279896,0,0,0,0.12,0.01,0.0,0.01,0.1,0.9,-1.2,0.0,0,0,1,0,0.675,0.44
72,6,-0.21819445490837097,-0.09188143908977509,1.0517982244491577,0.49713837051464976,0.5022366151802355,0,0,0,0.12,0.01,0.0,0.01,0.1,0.9,-1.2,0.0,0,0,1,0,0.675,0.44
72,7,-0.4583872854709625,0.4303259253501892,0.02359192632138729,0.8576790090755592,0.1423043612285486,0,0,0,0.12,0.01,0.0,0.01,0.1,0.9,-1.2,0.0,0,0,1,0,0.675,0.44
73,0,-0.4864252507686615,0.30919620394706726,-0.28388112783432007,1.4533072880831033,-0.45333780566122844,0,0,0,0.12,0.01,0.0,0.01,0.1,0.9,-1.2,0.0,0,0,1,0,0.675,0.44
73,1,-0.7452042698860168,0.35417595505714417,-3.122145891189575,1.188496109547048,-0.18853455454292833,0,0,0,0.12,0.01,0.0,0.01,0.1,0.9,-1.2,0.0,0,0,1,1,0.675,0.44
73,2,-0.167305588722229,-0.28639456629753113,-0.6820035576820374,0.753277894118497,0.2463517822235135,0,0,0,0.12,0.01,0.0,0.01,0.1,0.9,-1.2,0.0,0,0,1,0,0.675,0.44
73,3,-0.7474635243415833,0.4308113753795624,3.051656723022461,-1.0088354471278136,2.0087542059969845,0,0,0,0.12,0.01,0.0,0.01,0.1,0.9,-1.2,0.0,0,0,1,1,0.675,0.44
73,4,-0.4574017822742462,-0.3045930862426758,-2.4491384029388428,0.8162437204459838,0.1834386464020081,0,0,0,0.12,0.01,0.0,0.01,0.1,0.9,-1.2,0.0,0,0,1,0,0.675,0.44
73,5,-0.6861006021499634,0.029574885964393616,-1.9868993759155273,1.411518228612364,-0.41161174830001657,0,0,0,0.12,0.01,0.0,0.01,0.1,0.9,-1.2,0.0,0,0,1,0,0.675,0.44
73,6,-0.21767181158065796,-0.09098430722951889,1.0359770059585571,0.3149323138153259,0.6844144788825807,0,0,0,0.12,0.01,0.0,0.01,0.1,0.9,-1.2,0.0,0,0,1,0,0.675,0.44
73,7,-0.4573880136013031,0.43039605021476746,0.12651005387306213,2.142020397781158,-1.142040424941802,0,0,0,0.12,0.01,0.0,0.01,0.1,0.9,-1.2,0.0,0,0,1,0,0.675,0.44
74,0,-0.4854571223258972,0.3089485168457031,-0.22791537642478943,2.0186981776373885,-1.0187331655638718,0,0,0,0.12,0.01,0.0,0.01,0.1,0.9,-1.2,0.0,0,0,1,0,0.675,0.44
74,1,-0.74620521068573,0.3541963994503021,3.06717586517334,-0.21494091213654,1.214899784931645,0,0,0,0.12,0.01,0.0,0.01,0.1,0.9,-1.2,0.0,0,0,1,1,0.675,0.44
74,2,-0.16652949154376984,-0.28702467679977417,-0.6865337491035461,0.7323914270202005,0.2672295470436728,0,0,0,0.12,0.01,0.0,0.01,0.1,0.9,-1.2,0.0,0,0,1,0,0.675,0.44
74,3,-0.7484612464904785,0.4308721125125885,3.136622428894043,-0.3201679717014154,1.3200874458263236,0,0,0,0.12,0.01,0.0,0.01,0.1,0.9,-1.2,0.0,0,0,1,1,0.675,0.44
74,4,-0.4581807255744934,-0.30522018671035767,-2.485513925552368,0.33213860521453376,0.6675223635659838,0,0,0,0.12,0.01,0.0,0.01,0.1,0.9,-1.2,0.0,0,0,1,0,0.675,0.44
74,5,-0.6865222454071045,0.028667490929365158,-2.045875072479248,0.6794373096190796,0.3204621373451844,0,0,0,0.12,0.01,0.0,0.01,0.1,0.9,-1.2,0.0,0,0,1,0,0.675,0.44
74,6,-0.2171556055545807,-0.09011997282505035,1.0331296920776367,0.2804654383884458,0.7188519692195866,0,0,0,0.12,0.01,0.0,0.01,0.1,0.9,-1.2,0.0,0,0,1,0,0.675,0.44
74,7,-0.45639872550964355,0.4305383861064911,0.1255854219198227,2.240188028820832,-1.2402104401672671,0,0,0,0.12,0.01,0.0,0.01,0.1,0.9,-1.2,0.0,0,0,1,0,0.675,0.44
75,0,-0.48448655009269714,0.30871811509132385,-0.27292555570602417,1.6175734134566493,-0.617609355057449,0,0,0,0.12,0.01,0.0,0.01,0.1,0.9,-1.2,0.0,0,0,1,0,0.675,0.44
75,1,-0.7472174167633057,0.3543046712875366,3.008406162261963,-0.8651661501086452,1.865119956508944,0,0,0,0.12,0.01,0.0,0.01,0.1,0.9,-1.2,0.0,0,0,1,1,0.675,0.44
75,2,-0.16575975716114044,-0.28766247630119324,-0.7022912502288818,0.5759090208701764,0.4237034297294941,0,0,0,0.12,0.01,0.0,0.01,0.1,0.9,-1.2,0.0,0,0,1,0,0.675,0.44
75,3,-0.7494618892669678,0.4308326840400696,-3.0417628288269043,1.1141320423399297,-0.11421751540053748,0,0,0,0.12,0.01,0.0,0.01,0.1,0.9,-1.2,0.0,0,0,1,1,0.675,0.44
75,4,-0.45898181200027466,-0.30581873655319214,-2.5111441612243652,-0.004023619251628408,1.0036585408023793,0,0,0,0.12,0.01,0.0,0.01,0.1,0.9,-1.2,0.0,0,0,1,0,0.675,0.44
75,5,-0.6870060563087463,0.027790099382400513,-2.110832452774048,-0.16458438797785488,1.1644728080828355,0,0,0,0.12,0.01,0.0,0.01,0.1,0.9,-1.2,0.0,0,0,1,0,0.675,0.44
75,6,-0.21666060388088226,-0.08928348124027252,1.0445116758346558,0.40598972097782615,0.5932974074706602,0,0,0,0.12,0.01,0.0,0.01,0.1,0.9,-1.2,0.0,0,0,1,0,0.675,0.44
75,7,-0.4554038643836975,0.43063342571258545,0.028137631714344025,1.5051160413270792,-0.5051378566270671,0,0,0,0.12,0.01,0.0,0.01,0.1,0.9,-1.2,0.0,0,0,1,0,0.675,0.44
76,0,-0.4835374653339386,0.30841153860092163,-0.371864378452301,0.24946685487558587,0.7504956538028503,0,0,0,0.12,0.01,0.0,0.01,0.1,0.9,-1.2,0.0,0,0,1,0,0.675,0.44
76,1,-0.7482091188430786,0.3544357717037201,3.0389201641082764,-0.5516872952636426,1.551639373129243,0,0,0,0.12,0.01,0.0,0.01,0.1,0.9,-1.2,0.0,0,0,1,1,0.675,0.44
76,2,-0.1650015264749527,-0.28831398487091064,-0.7189247608184814,0.408708640123676,0.5908943929421199,0,0,0,0.12,0.01,0.0,0.01,0.1,0.9,-1.2,0.0,0,0,1,0,0.675,0.44
76,3,-0.7504684925079346,0.43069711327552795,-2.974003553390503,1.9363849571347964,-0.9364834240079652,0,0,0,0.12,0.01,0.0,0.01,0.1,0.9,-1.2,0.0,0,0,1,1,0.675,0.44
76,4,-0.4597904682159424,-0.30640608072280884,-2.5061631202697754,0.02568487823760837,0.9739248305484022,0,0,0,0.12,0.01,0.0,0.01,0.1,0.9,-1.2,0.0,0,0,1,0,0.675,0.44
76,5,-0.6875353455543518,0.026940587908029556,-2.133735179901123,-0.3976427363343693,1.3975195931382633,0,0,0,0.12,0.01,0.0,0.01,0.1,0.9,-1.2,0.0,0,0,1,0,0.675,0.44
76,6,-0.2161840796470642,-0.08845017850399017,1.0608141422271729,0.5882878360558323,0.41096567537300066,0,0,0,0.12,0.01,0.0,0.01,0.1,0.9,-1.2,0.0,0,0,1,0,0.675,0.44
76,7,-0.45440244674682617,0.4306063652038574,-0.09284250438213348,-0.32059659365661586,1.3205730498219295,0,0,0,0.12,0.01,0.0,0.01,0.1,0.9,-1.2,0.0,0,0,1,0,0.675,0.44
77,0,-0.48262569308280945,0.3080088496208191,-0.4561646282672882,-0.7870423174104018,1.7869995808800976,0,0,0,0.12,0.01,0.0,0.01,0.1,0.9,-1.2,0.0,0,0,1,0,0.675,0.44
77,1,-0.7492069005966187,0.354502409696579,3.12569522857666,0.6593889480709899,0.3405613416552674,0,0,0,0.12,0.01,0.0,0.01,0.1,0.9,-1.2,0.0,0,0,1,1,0.675,0.44
77,2,-0.1642526239156723,-0.28897613286972046,-0.7264758944511414,0.3520325835392721,0.6475603763415567,0,0,0,0.12,0.01,0.0,0.01,0.1,0.9,-1.2,0.0,0,0,1,0,0.675,0.44
77,3,-0.7514538764953613,0.430527001619339,-2.9970672130584717,1.8891562291412818,-0.8892616697578892,0,0,0,0.12,0.01,0.0,0.01,0.1,0.9,-1.2,0.0,0,0,1,1,0.675,0.44
77,4,-0.4605879485607147,-0.3070085644721985,-2.4755046367645264,0.35687502132604015,0.642709891927744,0,0,0,0.12,0.01,0.0,0.01,0.1,0.9,-1.2,0.0,0,0,1,0,0.675,0.44
77,5,-0.6880612969398499,0.026090629398822784,-2.098911762237549,0.06215908730131938,0.9377097824801749,0,0,0,0.12,0.01,0.0,0.01,0.1,0.9,-1.2,0.0,0,0,1,0,0.675,0.44
77,6,-0.2157112956047058,-0.08759450167417526,1.069927453994751,0.6909601361986901,0.3082564799550269,0,0,0,0.12,0.01,0.0,0.01,0.1,0.9,-1.2,0.0,0,0,1,0,0.675,0.44
77,7,-0.453401654958725,0.4304659068584442,-0.1742626130580902,-1.207356206738323,2.207327536904186,0,0,0,0.12,0.01,0.0,0.01,0.1,0.9,-1.2,0.0,0,0,1,0,0.675,0.44
78,0,-0.48173609375953674,0.30755555629730225,-0.4576793611049652,-0.7745667030050224,1.774520390196032,0,0,0,0.12,0.01,0.0,0.01,0.1,0.9,-1.2,0.0,0,0,1,0,0.675,0.44
78,1,-0.7502073049545288,0.35447728633880615,-3.079231023788452,1.6688762484713613,-0.6689316211863576,0,0,0,0.12,0.01,0.0,0.01,0.1,0.9,-1.2,0.0,0,0,1,1,0.675,0.44
78,2,-0.1635052114725113,-0.28963997960090637,-0.722423255443573,0.4345659365198558,0.5650166521527822,0,0,0,0.12,0.01,0.0,0.01,0.1,0.9,-1.2,0.0,0,0,1,0,0.675,0.44
78,3,-0.7524474263191223,0.43041300773620605,-3.086475372314453,1.0607112755235035,-0.06081778902371727,0,0,0,0.12,0.01,0.0,0.01,0.1,0.9,-1.2,0.0,0,0,1,1,0.675,0.44
78,4,-0.46136346459388733,-0.30763912200927734,-2.441791296005249,0.7249323611553482,0.27462298819462744,0,0,0,0.12,0.01,0.0,0.01,0.1,0.9,-1.2,0.0,0,0,1,0,0.675,0.44
78,5,-0.6885413527488708,0.025213250890374184,-2.0391483306884766,0.89952856166794,0.10032946006820492,0,0,0,0.12,0.01,0.0,0.01,0.1,0.9,-1.2,0.0,0,0,1,0,0.675,0.44
78,6,-0.21522685885429382,-0.08670908957719803,1.0659106969833374,0.6501249312610287,0.3490533591060978,0,0,0,0.12,0.01,0.0,0.01,0.1,0.9,-1.2,0.0,0,0,1,0,0.675,0.44
78,7,-0.4524167478084564,0.4302908480167389,-0.1421336829662323,-1.1124219885783184,2.1123914710001936,0,0,0,0.12,0.01,0.0,0.01,0.1,0.9,-1.2,0.0,0,0,1,0,0.675,0.44
79,0,-0.48083069920539856,0.30713507533073425,-0.38180094957351685,0.20166446614210196,0.7982876117234985,0,0,0,0.12,0.01,0.0,0.01,0.1,0.9,-1.2,0.0,0,0,1,0,0.675,0.44
79,1,-0.7512036561965942,0.35439983010292053,-3.0735085010528564,1.7105817574857995,-0.7106413621305752,0,0,0,0.12,0.01,0.0,0.01,0.1,0.9,-1.2,0.0,0,0,1,1,0.675,0.44
79,2,-0.16275249421596527,-0.29029783606529236,-0.7128332257270813,0.5828693688131583,0.41670189497697235,0,0,0,0.12,0.01,0.0,0.01,0.1,0.9,-1.2,0.0,0,0,1,0,0.675,0.44
79,3,-0.7534486651420593,0.4304032027721405,3.0984249114990234,-0.2859529296643958,1.2858373562581762,0,0,0,0.12,0.01,0.0,0.01,0.1,0.9,-1.2,0.0,0,0,1,1,0.675,0.44
79,4,-0.46212124824523926,-0.30829066038131714,-2.4270992279052734,0.8576537841501325,0.1418691402730851,0,0,0,0.12,0.01,0.0,0.01,0.1,0.9,-1.2,0.0,0,0,1,0,0.675,0.44
79,5,-0.688971996307373,0.024310803040862083,-2.0019543170928955,1.375195409038457,-0.37535276530066397,0,0,0,0.12,0.01,0.0,0.01,0.1,0.9,-1.2,0.0,0,0,1,0,0.675,0.44
79,6,-0.21472300589084625,-0.0858088880777359,1.0527830123901367,0.5100541271168048,0.48908375130116394,0,0,0,0.12,0.01,0.0,0.01,0.1,0.9,-1.2,0.0,0,0,1,0,0.675,0.44
79,7,-0.4514215588569641,0.430189311504364,-0.03454287722706795,-0.0663483861938258,1.06631810703428,0,0,0,0.12,0.01,0.0,0.01,0.1,0.9,-1.2,0.0,0,0,1,0,0.675,0.44
80,0,-0.47988930344581604,0.3067987859249115,-0.29209235310554504,1.4905225970762013,-0.49057618165185446,0,0,0,0.12,0.01,0.0,0.01,0.1,0.9,-1.2,0.0,0,0,1,0,0.675,0.44
80,1,-0.7522021532058716,0.3543532192707062,-3.1414661407470703,0.8536965829975183,0.1462420838230079,0,0,0,0.12,0.01,0.0,0.01,0.1,0.9,-1.2,0.0,0,0,1,1,0.675,0.44
80,2,-0.1619938313961029,-0.2909488379955292,-0.7070803642272949,0.6836527999633045,0.3159060660607128,0,0,0,0.12,0.01,0.0,0.01,0.1,0.9,-1.2,0.0,0,0,1,0,0.675,0.44
80,3,-0.7544516921043396,0.4304801821708679,3.047231674194336,-0.9111113345372793,1.9109796678769706,0,0,0,0.12,0.01,0.0,0.01,0.1,0.9,-1.2,0.0,0,0,1,1,0.675,0.44
80,4,-0.46287691593170166,-0.30894482135772705,-2.4377481937408447,0.6951611143616894,0.30432956394870486,0,0,0,0.12,0.01,0.0,0.01,0.1,0.9,-1.2,0.0,0,0,1,0,0.675,0.44
80,5,-0.6893890500068665,0.023402243852615356,-2.0182840824127197,1.2141191591003784,-0.21428980719837026,0,0,0,0.12,0.01,0.0,0.01,0.1,0.9,-1.2,0.0,0,0,1,0,0.675,0.44
80,6,-0.21420742571353912,-0.08491795510053635,1.040581226348877,0.3807530506158899,0.6183410779928137,0,0,0,0.12,0.01,0.0,0.01,0.1,0.9,-1.2,0.0,0,0,1,0,0.675,0.44
80,7,-0.4504198431968689,0.4302050471305847,0.08015002310276031,1.6333883244730008,-0.6334224183298123,0,0,0,0.12,0.01,0.0,0.01,0.1,0.9,-1.2,0.0,0,0,1,0,0.675,0.44
81,0,-0.4789258539676666,0.3065341114997864,-0.2575044333934784,1.8548498771966868,-0.8549102567018442,0,0,0,0.12,0.01,0.0,0.01,0.1,0.9,-1.2,0.0,0,0,1,0,0.675,0.44
81,1,-0.7532023787498474,0.3543928563594818,3.0572590827941895,-0.34826998535666165,1.3482028705266447,0,0,0,0.12,0.01,0.0,0.01,0.1,0.9,-1.2,0.0,0,0,1,1,0.675,0.44
81,2,-0.16123412549495697,-0.29159852862358093,-0.7108339071273804,0.6708373509337203,0.3287090577195389,0,0,0,0.12,0.01,0.0,0.01,0.1,0.9,-1.2,0.0,0,0,1,0,0.675,0.44
81,3,-0.7554463744163513,0.43056920170783997,3.083608865737915,-0.7466973092314649,1.74655932447881,0,0,0,0.12,0.01,0.0,0.01,0.1,0.9,-1.2,0.0,0,0,1,1,0.675,0.44
81,4,-0.46364477276802063,-0.3095848560333252,-2.4610233306884766,0.3857272878224843,0.613727806514979,0,0,0,0.12,0.01,0.0,0.01,0.1,0.9,-1.2,0.0,0,0,1,0,0.675,0.44
81,5,-0.6898395419120789,0.022508937865495682,-2.073089599609375,0.5522814751758263,0.44753404844859385,0,0,0,0.12,0.01,0.0,0.01,0.1,0.9,-1.2,0.0,0,0,1,0,0.675,0.44
81,6,-0.21369583904743195,-0.08405114710330963,1.037614345550537,0.352090432812517,0.64695768101042,0,0,0,0.12,0.01,0.0,0.01,0.1,0.9,-1.2,0.0,0,0,1,0,0.675,0.44
81,7,-0.44942858815193176,0.43031853437423706,0.13499726355075836,2.1940395581389818,-1.1940803277160081,0,0,0,0.12,0.01,0.0,0.01,0.1,0.9,-1.2,0.0,0,0,1,0,0.675,0.44
82,0,-0.47796350717544556,0.30626916885375977,-0.3090706765651703,1.3391197863956268,-0.3391826692958648,0,0,0,0.12,0.01,0.0,0.01,0.1,0.9,-1.2,0.0,0,0,1,0,0.675,0.44
82,1,-0.7542092204093933,0.35450276732444763,3.019975185394287,-0.7483149623625343,1.74824039695192,0,0,0,0.12,0.01,0.0,0.01,0.1,0.9,-1.2,0.0,0,0,1,1,0.675,0.44
82,2,-0.16047942638397217,-0.2922540307044983,-0.7223400473594666,0.5661672465185208,0.43336652595004616,0,0,0,0.12,0.01,0.0,0.01,0.1,0.9,-1.2,0.0,0,0,1,0,0.675,0.44
82,3,-0.7564464807510376,0.4305896759033203,-3.109199285507202,0.1814664609193458,0.8183927529096947,0,0,0,0.12,0.01,0.0,0.01,0.1,0.9,-1.2,0.0,0,0,1,1,0.675,0.44
82,4,-0.4644272029399872,-0.31020691990852356,-2.477037191390991,0.16854815140429916,0.8308665905886513,0,0,0,0.12,0.01,0.0,0.01,0.1,0.9,-1.2,0.0,0,0,1,0,0.675,0.44
82,5,-0.6903426647186279,0.021643266081809998,-2.1255385875701904,-0.08080158337033741,1.080597616275916,0,0,0,0.12,0.01,0.0,0.01,0.1,0.9,-1.2,0.0,0,0,1,0,0.675,0.44
82,6,-0.21319836378097534,-0.0832042396068573,1.0447373390197754,0.43253601472322767,0.5664637597327965,0,0,0,0.12,0.01,0.0,0.01,0.1,0.9,-1.2,0.0,0,0,1,0,0.675,0.44
82,7,-0.44843989610671997,0.4304461181163788,0.07915707677602768,1.9201951246756002,-0.9202372055548118,0,0,0,0.12,0.01,0.0,0.01,0.1,0.9,-1.2,0.0,0,0,1,0,0.675,0.44
83,0,-0.47702518105506897,0.30592969059944153,-0.39926403760910034,0.11059089215762828,0.8893416949891307,0,0,0,0.12,0.01,0.0,0.01,0.1,0.9,-1.2,0.0,0,0,1,0,0.675,0.44
83,1,-0.7552028298377991,0.3546154797077179,3.062674045562744,-0.2809534504513304,1.2808757259945434,0,0,0,0.12,0.01,0.0,0.01,0.1,0.9,-1.2,0.0,0,0,1,1,0.675,0.44
83,2,-0.1597331315279007,-0.2929190993309021,-0.7345437407493591,0.4534039237747062,0.5461163780441415,0,0,0,0.12,0.01,0.0,0.01,0.1,0.9,-1.2,0.0,0,0,1,0,0.675,0.44
83,3,-0.7574476599693298,0.4305141270160675,-3.01920485496521,1.395495442517014,-0.39565077222129863,0,0,0,0.12,0.01,0.0,0.01,0.1,0.9,-1.2,0.0,0,0,1,1,0.675,0.44
83,4,-0.46521469950675964,-0.3108222484588623,-2.4733757972717285,0.17817580849807116,0.8211975678714052,0,0,0,0.12,0.01,0.0,0.01,0.1,0.9,-1.2,0.0,0,0,1,0,0.675,0.44
83,5,-0.6908797025680542,0.02079927735030651,-2.1385250091552734,-0.19578675947090868,1.1955635400762248,0,0,0,0.12,0.01,0.0,0.01,0.1,0.9,-1.2,0.0,0,0,1,0,0.675,0.44
83,6,-0.2127137929201126,-0.08236035704612732,1.0556076765060425,0.5547021039793857,0.44424503957530176,0,0,0,0.12,0.01,0.0,0.01,0.1,0.9,-1.2,0.0,0,0,1,0,0.675,0.44
83,7,-0.44743970036506653,0.4304833710193634,-0.032097093760967255,0.6333292814373019,0.36662786282310456,0,0,0,0.12,0.01,0.0,0.01,0.1,0.9,-1.2,0.0,0,0,1,0,0.675,0.44
84,0,-0.47612130641937256,0.30550840497016907,-0.4655359387397766,-0.6584842163900612,1.658407803235459,0,0,0,0.12,0.01,0.0,0.01,0.1,0.9,-1.2,0.0,0,0,1,0,0.675,0.44
84,1,-0.7562023401260376,0.35465946793556213,-3.138439655303955,0.8585190298007346,0.141398298556962,0,0,0,0.12,0.01,0.0,0.01,0.1,0.9,-1.2,0.0,0,0,1,1,0.675,0.44
84,2,-0.15899384021759033,-0.2935918867588043,-0.7406874299049377,0.41265857620085444,0.5868473608986022,0,0,0,0.12,0.01,0.0,0.01,0.1,0.9,-1.2,0.0,0,0,1,0,0.675,0.44
84,3,-0.7584463357925415,0.4303669333457947,-2.9835307598114014,1.8580211805494384,-0.8581976102979737,0,0,0,0.12,0.01,0.0,0.01,0.1,0.9,-1.2,0.0,0,0,1,1,0.675,0.44
84,4,-0.46599435806274414,-0.31144747138023376,-2.45317006111145,0.3728886661561885,0.6264420928922735,0,0,0,0.12,0.01,0.0,0.01,0.1,0.9,-1.2,0.0,0,0,1,0,0.675,0.44
84,5,-0.6914099454879761,0.019951950758695602,-2.1066365242004395,0.22482725488333918,0.7749339093050458,0,0,0,0.12,0.01,0.0,0.01,0.1,0.9,-1.2,0.0,0,0,1,0,0.675,0.44
84,6,-0.2122320532798767,-0.08150211721658707,1.061974287033081,0.6303645407123055,0.36852526317410805,0,0,0,0.12,0.01,0.0,0.01,0.1,0.9,-1.2,0.0,0,0,1,0,0.675,0.44
84,7,-0.4464367628097534,0.43039989471435547,-0.1360514760017395,-0.8173441055589689,1.817294454889871,0,0,0,0.12,0.01,0.0,0.01,0.1,0.9,-1.2,0.0,0,0,1,0,0.675,0.44
85,0,-0.4752331078052521,0.30505314469337463,-0.45537567138671875,-0.5199217677442419,1.5198391557065833,0,0,0,0.12,0.01,0.0,0.01,0.1,0.9,-1.2,0.0,0,0,1,0,0.675,0.44
85,1,-0.7572022676467896,0.3546229302883148,-3.0770487785339355,1.60058913779684,-0.6006812269730182,0,0,0,0.12,0.01,0.0,0.01,0.1,0.9,-1.2,0.0,0,0,1,1,0.675,0.44
85,2,-0.15825647115707397,-0.2942667305469513,-0.7390093803405762,0.4637069505834067,0.5357840257502114,0,0,0,0.12,0.01,0.0,0.01,0.1,0.9,-1.2,0.0,0,0,1,0,0.675,0.44
85,3,-0.7594346404075623,0.430217444896698,-3.0294198989868164,1.5921659094313878,-0.5923512202719944,0,0,0,0.12,0.01,0.0,0.01,0.1,0.9,-1.2,0.0,0,0,1,1,0.675,0.44
85,4,-0.46675893664360046,-0.3120911121368408,-2.4304563999176025,0.5933161508761793,0.4059674012936205,0,0,0,0.12,0.01,0.0,0.01,0.1,0.9,-1.2,0.0,0,0,1,0,0.675,0.44
85,5,-0.6919018030166626,0.019081328064203262,-2.0593998432159424,0.855191972090034,0.1445494629609304,0,0,0,0.12,0.01,0.0,0.01,0.1,0.9,-1.2,0.0,0,0,1,0,0.675,0.44
85,6,-0.21174271404743195,-0.08062419295310974,1.0596016645431519,0.615453563630185,0.3833753839139129,0,0,0,0.12,0.01,0.0,0.01,0.1,0.9,-1.2,0.0,0,0,1,0,0.675,0.44
85,7,-0.445443719625473,0.4302382469177246,-0.16402027010917664,-1.1461263387769576,2.1460685222715252,0,0,0,0.12,0.01,0.0,0.01,0.1,0.9,-1.2,0.0,0,0,1,0,0.675,0.44
86,0,-0.474326491355896,0.30463534593582153,-0.3848070502281189,0.42938562290267274,0.5705265794555731,0,0,0,0.12,0.01,0.0,0.01,0.1,0.9,-1.2,0.0,0,0,1,0,0.675,0.44
86,1,-0.7581989765167236,0.3545512557029724,-3.086289644241333,1.4888354314616943,-0.4889338387302184,0,0,0,0.12,0.01,0.0,0.01,0.1,0.9,-1.2,0.0,0,0,1,1,0.675,0.44
86,2,-0.1575162410736084,-0.29493841528892517,-0.7334549427032471,0.5595165701792337,0.4399583129002951,0,0,0,0.12,0.01,0.0,0.01,0.1,0.9,-1.2,0.0,0,0,1,0,0.675,0.44
86,3,-0.7604320049285889,0.43013864755630493,-3.118351459503174,0.6253267874832072,0.37448057030487863,0,0,0,0.12,0.01,0.0,0.01,0.1,0.9,-1.2,0.0,0,0,1,1,0.675,0.44
86,4,-0.46751099824905396,-0.3127491772174835,-2.418813705444336,0.6842836205276743,0.31494861204297386,0,0,0,0.12,0.01,0.0,0.01,0.1,0.9,-1.2,0.0,0,0,1,0,0.675,0.44
86,5,-0.692356288433075,0.01819087192416191,-2.034179925918579,1.1788982547782472,-0.1791813768409303,0,0,0,0.12,0.01,0.0,0.01,0.1,0.9,-1.2,0.0,0,0,1,0,0.675,0.44
86,6,-0.21124020218849182,-0.07973536103963852,1.05070161819458,0.5331947971116735,0.46556971781142226,0,0,0,0.12,0.01,0.0,0.01,0.1,0.9,-1.2,0.0,0,0,1,0,0.675,0.44
86,7,-0.4444541931152344,0.4300965666770935,-0.09178362786769867,-0.6872997975001311,1.687240908111093,0,0,0,0.12,0.01,0.0,0.01,0.1,0.9,-1.2,0.0,0,0,1,0,0.675,0.44
87,0,-0.47338834404945374,0.3042915463447571,-0.3112436532974243,1.4313131766339893,-0.4314119415303823,0,0,0,0.12,0.01,0.0,0.01,0.1,0.9,-1.2,0.0,0,0,1,0,0.675,0.44
87,1,-0.7591982483863831,0.35451996326446533,3.1299965381622314,0.6156688447805666,0.3842279199746824,0,0,0,0.12,0.01,0.0,0.01,0.1,0.9,-1.2,0.0,0,0,1,1,0.675,0.44
87,2,-0.15677234530448914,-0.2956060469150543,-0.7301968336105347,0.6274691930342835,0.3719885835121947,0,0,0,0.12,0.01,0.0,0.01,0.1,0.9,-1.2,0.0,0,0,1,0,0.675,0.44
87,3,-0.7614326477050781,0.43015363812446594,3.0843846797943115,-0.4316367196255391,1.431422858160085,0,0,0,0.12,0.01,0.0,0.01,0.1,0.9,-1.2,0.0,0,0,1,1,0.675,0.44
87,4,-0.46825990080833435,-0.3134106993675232,-2.422302484512329,0.6059453631274889,0.3932331060535719,0,0,0,0.12,0.01,0.0,0.01,0.1,0.9,-1.2,0.0,0,0,1,0,0.675,0.44
87,5,-0.6928043961524963,0.017297398298978806,-2.050288200378418,1.0205991084557873,-0.0209055359345775,0,0,0,0.12,0.01,0.0,0.01,0.1,0.9,-1.2,0.0,0,0,1,0,0.675,0.44
87,6,-0.21072819828987122,-0.07885126769542694,1.0415518283843994,0.4486575948752375,0.5500379574738531,0,0,0,0.12,0.01,0.0,0.01,0.1,0.9,-1.2,0.0,0,0,1,0,0.675,0.44
87,7,-0.44345375895500183,0.43005380034446716,0.01932457648217678,0.7475566305428475,0.2523814402312307,0,0,0,0.12,0.01,0.0,0.01,0.1,0.9,-1.2,0.0,0,0,1,0,0.675,0.44
88,0,-0.4724324941635132,0.30400174856185913,-0.293005108833313,1.6447924389180884,-0.6449025883016336,0,0,0,0.12,0.01,0.0,0.01,0.1,0.9,-1.2,0.0,0,0,1,0,0.675,0.44
88,1,-0.7601977586746216,0.3545672595500946,3.0589704513549805,-0.3390448250058392,1.3389308609250288,0,0,0,0.12,0.01,0.0,0.01,0.1,0.9,-1.2,0.0,0,0,1,1,0.675,0.44
88,2,-0.15602803230285645,-0.2962731719017029,-0.7330536246299744,0.6238371235870298,0.37560300998459495,0,0,0,0.12,0.01,0.0,0.01,0.1,0.9,-1.2,0.0,0,0,1,0,0.675,0.44
88,3,-0.7624256014823914,0.4302311837673187,3.061885118484497,-0.7718358141399043,1.7715972763515133,0,0,0,0.12,0.01,0.0,0.01,0.1,0.9,-1.2,0.0,0,0,1,1,0.675,0.44
88,4,-0.469014436006546,-0.3140658438205719,-2.434001922607422,0.43850115389014716,0.5606193199715472,0,0,0,0.12,0.01,0.0,0.01,0.1,0.9,-1.2,0.0,0,0,1,0,0.675,0.44
88,5,-0.6932808756828308,0.016418101266026497,-2.093432903289795,0.5293402228647152,0.47032766005459636,0,0,0,0.12,0.01,0.0,0.01,0.1,0.9,-1.2,0.0,0,0,1,0,0.675,0.44
88,6,-0.21021653711795807,-0.07798217236995697,1.0376794338226318,0.41885693031777566,0.5797654275275307,0,0,0,0.12,0.01,0.0,0.01,0.1,0.9,-1.2,0.0,0,0,1,0,0.675,0.44
88,7,-0.44245487451553345,0.4301174581050873,0.10915184766054153,1.896527398665892,-0.8966002355418072,0,0,0,0.12,0.01,0.0,0.01,0.1,0.9,-1.2,0.0,0,0,1,0,0.675,0.44
89,0,-0.4714806079864502,0.3037002980709076,-0.3443877100944519,1.0984284240287532,-0.09854524913251293,0,0,0,0.12,0.01,0.0,0.01,0.1,0.9,-1.2,0.0,0,0,1,0,0.675,0.44
89,1,-0.7612003684043884,0.35466817021369934,3.038334846496582,-0.5672919614181754,1.5671665532455679,0,0,0,0.12,0.01,0.0,0.01,0.1,0.9,-1.2,0.0,0,0,1,1,0.675,0.44
89,2,-0.15528751909732819,-0.2969445288181305,-0.7410773634910583,0.560396630451693,0.4390252640986306,0,0,0,0.12,0.01,0.0,0.01,0.1,0.9,-1.2,0.0,0,0,1,0,0.675,0.44
89,3,-0.7634224891662598,0.430296391248703,3.112506628036499,-0.4350691477045176,1.4348201791032908,0,0,0,0.12,0.01,0.0,0.01,0.1,0.9,-1.2,0.0,0,0,1,1,0.675,0.44
89,4,-0.4697767198085785,-0.31471189856529236,-2.4425816535949707,0.3089376218536131,0.6901195518753298,0,0,0,0.12,0.01,0.0,0.01,0.1,0.9,-1.2,0.0,0,0,1,0,0.675,0.44
89,5,-0.6937968134880066,0.015560914762318134,-2.1322407722473145,0.09499148189794646,0.9046441549085414,0,0,0,0.12,0.01,0.0,0.01,0.1,0.9,-1.2,0.0,0,0,1,0,0.675,0.44
89,6,-0.20971199870109558,-0.07712673395872116,1.040256381034851,0.45579846441644895,0.5427463477860046,0,0,0,0.12,0.01,0.0,0.01,0.1,0.9,-1.2,0.0,0,0,1,0,0.675,0.44
89,7,-0.441464900970459,0.43024182319641113,0.11189186573028564,2.0356947651090858,-1.0357766618910074,0,0,0,0.12,0.01,0.0,0.01,0.1,0.9,-1.2,0.0,0,0,1,0,0.675,0.44
90,0,-0.4705529510974884,0.30333173274993896,-0.42187657952308655,0.0999117486631498,0.8999609358156101,0,0,0,0.12,0.01,0.0,0.01,0.1,0.9,-1.2,0.0,0,0,1,0,0.675,0.44
90,1,-0.7621959447860718,0.3547588586807251,3.083859443664551,-0.047697546363207555,1.047565283656451,0,0,0,0.12,0.01,0.0,0.01,0.1,0.9,-1.2,0.0,0,0,1,1,0.675,0.44
90,2,-0.15455305576324463,-0.2976224720478058,-0.7498535513877869,0.48845126271181294,0.5109513795382481,0,0,0,0.12,0.01,0.0,0.01,0.1,0.9,-1.2,0.0,0,0,1,0,0.675,0.44
90,3,-0.7644228339195251,0.43028661608695984,-3.086113214492798,0.5210944044441873,0.4786438119559591,0,0,0,0.12,0.01,0.0,0.01,0.1,0.9,-1.2,0.0,0,0,1,1,0.675,0.44
90,4,-0.4705420136451721,-0.31535422801971436,-2.4406421184539795,0.2950472434685159,0.703943053848989,0,0,0,0.12,0.01,0.0,0.01,0.1,0.9,-1.2,0.0,0,0,1,0,0.675,0.44
90,5,-0.6943365931510925,0.01471921056509018,-2.141225576400757,0.02742656128036187,0.9721765313900788,0,0,0,0.12,0.01,0.0,0.01,0.1,0.9,-1.2,0.0,0,0,1,0,0.675,0.44
90,6,-0.2092151939868927,-0.07627562433481216,1.0459630489349365,0.5262031109936924,0.4722583739153652,0,0,0,0.12,0.01,0.0,0.01,0.1,0.9,-1.2,0.0,0,0,1,0,0.675,0.44
90,7,-0.44046953320503235,0.43033114075660706,0.029893336817622185,1.4009154865736964,-0.400998933076382,0,0,0,0.12,0.01,0.0,0.01,0.1,0.9,-1.2,0.0,0,0,1,0,0.675,0.44
91,0,-0.4696551263332367,0.3028968274593353,-0.4716213643550873,-0.4518756015712847,1.4517325504238239,0,0,0,0.12,0.01,0.0,0.01,0.1,0.9,-1.2,0.0,0,0,1,0,0.675,0.44
91,1,-0.7631962895393372,0.3547850251197815,-3.1275665760040283,0.9056194481630242,0.09423773910809388,0,0,0,0.12,0.01,0.0,0.01,0.1,0.9,-1.2,0.0,0,0,1,1,0.675,0.44
91,2,-0.15382371842861176,-0.298305869102478,-0.7550193071365356,0.4582410326964767,0.5411413439743608,0,0,0,0.12,0.01,0.0,0.01,0.1,0.9,-1.2,0.0,0,0,1,0,0.675,0.44
91,3,-0.7654264569282532,0.4301927089691162,-3.015465259552002,1.4360724341959192,-0.43636521221105595,0,0,0,0.12,0.01,0.0,0.01,0.1,0.9,-1.2,0.0,0,0,1,1,0.675,0.44
91,4,-0.4713028371334076,-0.3160017430782318,-2.4290719032287598,0.3831485507418028,0.6157715323041567,0,0,0,0.12,0.01,0.0,0.01,0.1,0.9,-1.2,0.0,0,0,1,0,0.675,0.44
91,5,-0.6948716044425964,0.013874941505491734,-2.1188998222351074,0.32335332802198796,0.6762196643028411,0,0,0,0.12,0.01,0.0,0.01,0.1,0.9,-1.2,0.0,0,0,1,0,0.675,0.44
91,6,-0.20872089266777039,-0.07541795819997787,1.0498569011688232,0.5802587137709668,0.4181125893105457,0,0,0,0.12,0.01,0.0,0.01,0.1,0.9,-1.2,0.0,0,0,1,0,0.675,0.44
91,7,-0.4394683539867401,0.4303168058395386,-0.07616470754146576,-0.034920605827810314,1.03483048360491,0,0,0,0.12,0.01,0.0,0.01,0.1,0.9,-1.2,0.0,0,0,1,0,0.675,0.44
92,0,-0.46876785159111023,0.3024398982524872,-0.45751631259918213,-0.2531183838918413,1.2529628157689776,0,0,0,0.12,0.01,0.0,0.01,0.1,0.9,-1.2,0.0,0,0,1,0,0.675,0.44
92,1,-0.7641957998275757,0.3547446131706238,-3.0818254947662354,1.439494020553374,-0.439652151675963,0,0,0,0.12,0.01,0.0,0.01,0.1,0.9,-1.2,0.0,0,0,1,1,0.675,0.44
92,2,-0.1530964970588684,-0.29899147152900696,-0.7552362084388733,0.48452294081148845,0.5148380973965193,0,0,0,0.12,0.01,0.0,0.01,0.1,0.9,-1.2,0.0,0,0,1,0,0.675,0.44
92,3,-0.766417384147644,0.43005168437957764,-3.003539562225342,1.6751010634913996,-0.6754267432704525,0,0,0,0.12,0.01,0.0,0.01,0.1,0.9,-1.2,0.0,0,0,1,1,0.675,0.44
92,4,-0.4720544219017029,-0.31665995717048645,-2.4149036407470703,0.49640785908496565,0.5024367644807082,0,0,0,0.12,0.01,0.0,0.01,0.1,0.9,-1.2,0.0,0,0,1,0,0.675,0.44
92,5,-0.6953805685043335,0.013014504685997963,-2.0866787433624268,0.73753078338517,0.2620081150828477,0,0,0,0.12,0.01,0.0,0.01,0.1,0.9,-1.2,0.0,0,0,1,0,0.675,0.44
92,6,-0.208222895860672,-0.07454930245876312,1.0488593578338623,0.5872260796541179,0.411048485088924,0,0,0,0.12,0.01,0.0,0.01,0.1,0.9,-1.2,0.0,0,0,1,0,0.675,0.44
92,7,-0.4384642541408539,0.4301997721195221,-0.14878804981708527,-0.9225885360254978,1.9224823205485078,0,0,0,0.12,0.01,0.0,0.01,0.1,0.9,-1.2,0.0,0,0,1,0,0.675,0.44
93,0,-0.4678632915019989,0.3020176291465759,-0.3984329402446747,0.5431131066943545,0.4567183313702207,0,0,0,0.12,0.01,0.0,0.01,0.1,0.9,-1.2,0.0,0,0,1,0,0.675,0.44
93,1,-0.7651932239532471,0.3546820878982544,-3.0969624519348145,1.2574485312468149,-0.2576178680426217,0,0,0,0.12,0.01,0.0,0.01,0.1,0.9,-1.2,0.0,0,0,1,1,0.675,0.44
93,2,-0.15236833691596985,-0.2996760308742523,-0.7527376413345337,0.5412190651563621,0.45811938289127585,0,0,0,0.12,0.01,0.0,0.01,0.1,0.9,-1.2,0.0,0,0,1,0,0.675,0.44
93,3,-0.7674089074134827,0.4299282431602478,-3.056472063064575,1.2859319154267295,-0.2862747017388326,0,0,0,0.12,0.01,0.0,0.01,0.1,0.9,-1.2,0.0,0,0,1,1,0.675,0.44
93,4,-0.47279730439186096,-0.3173278272151947,-2.405489921569824,0.5564958815213911,0.44226762012274334,0,0,0,0.12,0.01,0.0,0.01,0.1,0.9,-1.2,0.0,0,0,1,0,0.675,0.44
93,5,-0.6958643794059753,0.012139813043177128,-2.0701303482055664,0.9541549490023788,0.045344729609376584,0,0,0,0.12,0.01,0.0,0.01,0.1,0.9,-1.2,0.0,0,0,1,0,0.675,0.44
93,6,-0.20771673321723938,-0.07367301732301712,1.0434560775756836,0.5516767586290502,0.4464945708692409,0,0,0,0.12,0.01,0.0,0.01,0.1,0.9,-1.2,0.0,0,0,1,0,0.675,0.44
93,7,-0.43747565150260925,0.430046409368515,-0.13133041560649872,-0.9133012820267992,1.913184576132329,0,0,0,0.12,0.01,0.0,0.01,0.1,0.9,-1.2,0.0,0,0,1,0,0.675,0.44
94,0,-0.4669327735900879,0.3016546368598938,-0.3427795171737671,1.2754619390110273,-0.27565106454889976,0,0,0,0.12,0.01,0.0,0.01,0.1,0.9,-1.2,0.0,0,0,1,0,0.675,0.44
94,1,-0.7661927342414856,0.35465899109840393,3.1277260780334473,0.5007676568945909,0.4990518006363844,0,0,0,0.12,0.01,0.0,0.01,0.1,0.9,-1.2,0.0,0,0,1,1,0.675,0.44
94,2,-0.15163838863372803,-0.3003586232662201,-0.7512904405593872,0.5852656863078406,0.4140488602772424,0,0,0,0.12,0.01,0.0,0.01,0.1,0.9,-1.2,0.0,0,0,1,0,0.675,0.44
94,3,-0.7684078812599182,0.4298749566078186,-3.1356730461120605,0.3867377118633307,0.6128975673152887,0,0,0,0.12,0.01,0.0,0.01,0.1,0.9,-1.2,0.0,0,0,1,1,0.675,0.44
94,4,-0.47353610396385193,-0.31800007820129395,-2.403675079345703,0.5356396255482566,0.4630373897563088,0,0,0,0.12,0.01,0.0,0.01,0.1,0.9,-1.2,0.0,0,0,1,0,0.675,0.44
94,5,-0.6963438987731934,0.011262980289757252,-2.0810108184814453,0.8585045512432687,0.14095465581468403,0,0,0,0.12,0.01,0.0,0.01,0.1,0.9,-1.2,0.0,0,0,1,0,0.675,0.44
94,6,-0.20720303058624268,-0.07279757410287857,1.0367934703826904,0.5041373121846155,0.49392398713942004,0,0,0,0.12,0.01,0.0,0.01,0.1,0.9,-1.2,0.0,0,0,1,0,0.675,0.44
94,7,-0.43648046255111694,0.4299497604370117,-0.04383193328976631,-0.12514363957589358,1.1250234766120264,0,0,0,0.12,0.01,0.0,0.01,0.1,0.9,-1.2,0.0,0,0,1,0,0.675,0.44
95,0,-0.4659888446331024,0.30132973194122314,-0.3346768319606781,1.3938889064296738,-0.39409895319786226,0,0,0,0.12,0.01,0.0,0.01,0.1,0.9,-1.2,0.0,0,0,1,0,0.675,0.44
95,1,-0.7671920657157898,0.3547011911869049,3.0719707012176514,-0.2152877246337363,1.2150886451201866,0,0,0,0.12,0.01,0.0,0.01,0.1,0.9,-1.2,0.0,0,0,1,1,0.675,0.44
95,2,-0.15090839564800262,-0.3010411858558655,-0.7534177303314209,0.5884601812999642,0.41082945054360276,0,0,0,0.12,0.01,0.0,0.01,0.1,0.9,-1.2,0.0,0,0,1,0,0.675,0.44
95,3,-0.7694078087806702,0.42989906668663025,3.0868592262268066,-0.3838893088611819,1.383483520439551,0,0,0,0.12,0.01,0.0,0.01,0.1,0.9,-1.2,0.0,0,0,1,1,0.675,0.44
95,4,-0.4742755889892578,-0.31867146492004395,-2.4068453311920166,0.46360494782910305,0.5349795610667709,0,0,0,0.12,0.01,0.0,0.01,0.1,0.9,-1.2,0.0,0,0,1,0,0.675,0.44
95,5,-0.6968423128128052,0.010396505706012249,-2.1098787784576416,0.5582472456013411,0.4411672579730302,0,0,0,0.12,0.01,0.0,0.01,0.1,0.9,-1.2,0.0,0,0,1,0,0.675,0.44
95,6,-0.20668664574623108,-0.07192977517843246,1.0321968793869019,0.476989843153005,0.5209542734394021,0,0,0,0.12,0.01,0.0,0.01,0.1,0.9,-1.2,0.0,0,0,1,0,0.675,0.44
95,7,-0.43547916412353516,0.4299537241458893,0.05563381314277649,1.22074331071073,-0.22087599064999994,0,0,0,0.12,0.01,0.0,0.01,0.1,0.9,-1.2,0.0,0,0,1,0,0.675,0.44
96,0,-0.4650501012802124,0.30098971724510193,-0.3788711726665497,0.9235042175994255,0.07626898672720428,0,0,0,0.12,0.01,0.0,0.01,0.1,0.9,-1.2,0.0,0,0,1,0,0.675,0.44
96,1,-0.7681883573532104,0.35478338599205017,3.061306953430176,-0.34265176852737433,1.3424338539460754,0,0,0,0.12,0.01,0.0,0.01,0.1,0.9,-1.2,0.0,0,0,1,1,0.675,0.44
96,2,-0.1501811146736145,-0.3017266094684601,-0.7588224411010742,0.5546841093484914,0.44457953486995333,0,0,0,0.12,0.01,0.0,0.01,0.1,0.9,-1.2,0.0,0,0,1,0,0.675,0.44
96,3,-0.7704046368598938,0.42996522784233093,3.0822317600250244,-0.5547029977820699,1.5542574530623738,0,0,0,0.12,0.01,0.0,0.01,0.1,0.9,-1.2,0.0,0,0,1,1,0.675,0.44
96,4,-0.47501757740974426,-0.31933996081352234,-2.409698247909546,0.39638953190043047,0.6020956756572476,0,0,0,0.12,0.01,0.0,0.01,0.1,0.9,-1.2,0.0,0,0,1,0,0.675,0.44
96,5,-0.697367250919342,0.009545616805553436,-2.136423110961914,0.28869335462532414,0.7106692333034478,0,0,0,0.12,0.01,0.0,0.01,0.1,0.9,-1.2,0.0,0,0,1,0,0.675,0.44
96,6,-0.20617225766181946,-0.07107097655534744,1.0310633182525635,0.4841309605510909,0.513688522729091,0,0,0,0.12,0.01,0.0,0.01,0.1,0.9,-1.2,0.0,0,0,1,0,0.675,0.44
96,7,-0.4344862699508667,0.43004223704338074,0.11081896722316742,1.8797187223744547,-0.8798733368230018,0,0,0,0.12,0.01,0.0,0.01,0.1,0.9,-1.2,0.0,0,0,1,0,0.675,0.44
97,0,-0.4641328454017639,0.30059558153152466,-0.4400176405906677,0.1997037581098129,0.800047094475026,0,0,0,0.12,0.01,0.0,0.01,0.1,0.9,-1.2,0.0,0,0,1,0,0.675,0.44
97,1,-0.7691857814788818,0.3548511564731598,3.101487398147583,0.11679509097338725,0.8829719740748306,0,0,0,0.12,0.01,0.0,0.01,0.1,0.9,-1.2,0.0,0,0,1,1,0.675,0.44
97,2,-0.1494581401348114,-0.30241653323173523,-0.7650241255760193,0.5120741436422018,0.4871622016489359,0,0,0,0.12,0.01,0.0,0.01,0.1,0.9,-1.2,0.0,0,0,1,0,0.675,0.44
97,3,-0.771402895450592,0.43000757694244385,3.13348650932312,-0.1578164651343833,1.157346601719619,0,0,0,0.12,0.01,0.0,0.01,0.1,0.9,-1.2,0.0,0,0,1,1,0.675,0.44
97,4,-0.47576045989990234,-0.3200073540210724,-2.408198356628418,0.37447024200351803,0.6239092865189734,0,0,0,0.12,0.01,0.0,0.01,0.1,0.9,-1.2,0.0,0,0,1,0,0.675,0.44
97,5,-0.6979088187217712,0.008705527521669865,-2.1447620391845703,0.23033382748617742,0.7689741625879802,0,0,0,0.12,0.01,0.0,0.01,0.1,0.9,-1.2,0.0,0,0,1,0,0.675,0.44
97,6,-0.20566068589687347,-0.07021673023700714,1.0323197841644287,0.5157637721570805,0.4819226139513179,0,0,0,0.12,0.01,0.0,0.01,0.1,0.9,-1.2,0.0,0,0,1,0,0.675,0.44
97,7,-0.43349507451057434,0.4301527440547943,0.07907908409833908,1.7441615137547093,-0.7443282279461462,0,0,0,0.12,0.01,0.0,0.01,0.1,0.9,-1.2,0.0,0,0,1,0,0.675,0.44
98,0,-0.46323949098587036,0.30015093088150024,-0.476383239030838,-0.1789710554377341,1.1786933573977256,0,0,0,0.12,0.01,0.0,0.01,0.1,0.9,-1.2,0.0,0,0,1,0,0.675,0.44
98,1,-0.770186185836792,0.3548649549484253,-3.1243088245391846,0.8309165767620558,0.16883034191622798,0,0,0,0.12,0.01,0.0,0.01,0.1,0.9,-1.2,0.0,0,0,1,1,0.675,0.44
98,2,-0.1487390547990799,-0.3031104505062103,-0.7693748474121094,0.49019397493735994,0.5090137005196408,0,0,0,0.12,0.01,0.0,0.01,0.1,0.9,-1.2,0.0,0,0,1,0,0.675,0.44
98,3,-0.7724026441574097,0.4299810826778412,-3.078036308288574,0.6531602905894762,0.34633599055752695,0,0,0,0.12,0.01,0.0,0.01,0.1,0.9,-1.2,0.0,0,0,1,1,0.675,0.44
98,4,-0.4765007793903351,-0.32067742943763733,-2.401909112930298,0.40035197700090464,0.5979156736033433,0,0,0,0.12,0.01,0.0,0.01,0.1,0.9,-1.2,0.0,0,0,1,0,0.675,0.44
98,5,-0.6984495520591736,0.00786516536027193,-2.133730411529541,0.38640849104870584,0.6128450203801272,0,0,0,0.12,0.01,0.0,0.01,0.1,0.9,-1.2,0.0,0,0,1,0,0.675,0.44
98,6,-0.20515036582946777,-0.06936158984899521,1.033552646636963,0.5492313298050796,0.448311945551213,0,0,0,0.12,0.01,0.0,0.01,0.1,0.9,-1.2,0.0,0,0,1,0,0.675,0.44
98,7,-0.4324961304664612,0.430202454328537,-0.008916918188333511,0.8670928463517898,0.13273340610868983,0,0,0,0.12,0.01,0.0,0.01,0.1,0.9,-1.2,0.0,0,0,1,0,0.675,0.44
99,0,-0.4623537063598633,0.29969093203544617,-0.46545350551605225,-0.002571905567170466,1.002267385437013,0,0,0,0.12,0.01,0.0,0.01,0.1,0.9,-1.2,0.0,0,0,1,0,0.675,0.44
99,1,-0.7711856365203857,0.35482725501060486,-3.090959072113037,1.208434228083183,-0.2087125817742841,0,0,0,0.12,0.01,0.0,0.01,0.1,0.9,-1.2,0.0,0,0,1,1,0.675,0.44
99,2,-0.14802208542823792,-0.30380648374557495,-0.7708629369735718,0.49992567680623284,0.4992518387005116,0,0,0,0.12,0.01,0.0,0.01,0.1,0.9,-1.2,0.0,0,0,1,0,0.675,0.44
99,3,-0.7734037637710571,0.4298868179321289,-3.026101589202881,1.3115903035230871,-0.31215100441648924,0,0,0,0.12,0.01,0.0,0.01,0.1,0.9,-1.2,0.0,0,0,1,1,0.675,0.44
99,4,-0.4772357940673828,-0.3213531970977783,-2.3934478759765625,0.4464349735988249,0.5517138253437411,0,0,0,0.12,0.01,0.0,0.01,0.1,0.9,-1.2,0.0,0,0,1,0,0.675,0.44
99,5,-0.6989765167236328,0.007016085088253021,-2.1156342029571533,0.617840179413636,0.38135533669583055,0,0,0,0.12,0.01,0.0,0.01,0.1,0.9,-1.2,0.0,0,0,1,0,0.675,0.44
99,6,-0.20463883876800537,-0.06850282847881317,1.032712697982788,0.5651596695896348,0.4322298257831374,0,0,0,0.12,0.01,0.0,0.01,0.1,0.9,-1.2,0.0,0,0,1,0,0.675,0.44
99,7,-0.43149641156196594,0.43015363812446594,-0.0979834496974945,-0.3186169095449355,1.318422538798323,0,0,0,0.12,0.01,0.0,0.01,0.1,0.9,-1.2,0.0,0,0,1,0,0.675,0.44
100,0,-0.4614550471305847,0.29925626516342163,-0.42311882972717285,0.5611785236269262,0.4384873923391078,0,0,0,0.12,0.01,0.0,0.01,0.1,0.9,-1.2,0.0,0,0,1,0,0.675,0.44
100,1,-0.7721837759017944,0.35477539896965027,-3.1041922569274902,1.0417074350503537,-0.04200778285537694,0,0,0,0.12,0.01,0.0,0.01,0.1,0.9,-1.2,0.0,0,0,1,1,0.675,0.44
100,2,-0.147305428981781,-0.30450281500816345,-0.7705078125,0.5295232190413114,0.46962258679441243,0,0,0,0.12,0.01,0.0,0.01,0.1,0.9,-1.2,0.0,0,0,1,0,0.675,0.44
100,3,-0.7743959426879883,0.42976346611976624,-3.025496244430542,1.4330099996980379,-0.433626192515726,0,0,0,0.12,0.01,0.0,0.01,0.1,0.9,-1.2,0.0,0,0,1,1,0.675,0.44
100,4,-0.47796493768692017,-0.32203513383865356,-2.3861358165740967,0.47945977400851036,0.5185625438778423,0,0,0,0.12,0.01,0.0,0.01,0.1,0.9,-1.2,0.0,0,0,1,0,0.675,0.44
100,5,-0.6994892358779907,0.006158378440886736,-2.1054837703704834,0.7561124120469449,0.24301968472048066,0,0,0,0.12,0.01,0.0,0.01,0.1,0.9,-1.2,0.0,0,0,1,0,0.675,0.44
100,6,-0.20412610471248627,-0.0676460936665535,1.0290205478668213,0.5558447916130784,0.4413800757308242,0,0,0,0.12,0.01,0.0,0.01,0.1,0.9,-1.2,0.0,0,0,1,0,0.675,0.44
100,7,-0.4304942488670349,0.4300287365913391,-0.13640157878398895,-0.8121664286431611,1.8119424939927402,0,0,0,0.12,0.01,0.0,0.01,0.1,0.9,-1.2,0.0,0,0,1,0,0.675,0.44
101,0,-0.4605371952056885,0.29886308312416077,-0.38537997007369995,1.0522806568626788,-0.05265348391574869,0,0,0,0.12,0.01,0.0,0.01,0.1,0.9,-1.2,0.0,0,0,1,0,0.675,0.44
101,1,-0.7731831669807434,0.35475435853004456,3.134532928466797,0.4854787685390165,0.5141976974491427,0,0,0,0.12,0.01,0.0,0.01,0.1,0.9,-1.2,0.0,0,0,1,1,0.675,0.44
101,2,-0.14658840000629425,-0.30519869923591614,-0.7703925371170044,0.5559450280998505,0.443167458739444,0,0,0,0.12,0.01,0.0,0.01,0.1,0.9,-1.2,0.0,0,0,1,0,0.675,0.44
101,3,-0.7753901481628418,0.4296630024909973,-3.073272943496704,1.0489519831724092,-0.04960793228816242,0,0,0,0.12,0.01,0.0,0.01,0.1,0.9,-1.2,0.0,0,0,1,1,0.675,0.44
101,4,-0.4786897301673889,-0.3227215111255646,-2.3817787170410156,0.48238865005622245,0.5154990209375824,0,0,0,0.12,0.01,0.0,0.01,0.1,0.9,-1.2,0.0,0,0,1,0,0.675,0.44
101,5,-0.6999983787536621,0.005298693664371967,-2.1105387210845947,0.7284298428062939,0.270634483480022,0,0,0,0.12,0.01,0.0,0.01,0.1,0.9,-1.2,0.0,0,0,1,0,0.675,0.44
101,6,-0.20360930263996124,-0.06679205596446991,1.0236701965332031,0.5319763943705739,0.4650728180851757,0,0,0,0.12,0.01,0.0,0.01,0.1,0.9,-1.2,0.0,0,0,1,0,0.675,0.44
101,7,-0.42950281500816345,0.42990151047706604,-0.09554573893547058,-0.5836859062949862,1.5834458187858307,0,0,0,0.12,0.01,0.0,0.01,0.1,0.9,-1.2,0.0,0,0,1,0,0.675,0.44
102,0,-0.4596094489097595,0.2984943985939026,-0.3817868232727051,1.1305470639206174,-0.13096077976000364,0,0,0,0.12,0.01,0.0,0.01,0.1,0.9,-1.2,0.0,0,0,1,0,0.675,0.44
102,1,-0.7741826772689819,0.3547815978527069,3.094142436981201,-0.01416723890718119,1.0138124124568333,0,0,0,0.12,0.01,0.0,0.01,0.1,0.9,-1.2,0.0,0,0,1,1,0.675,0.44
102,2,-0.14587172865867615,-0.3058948814868927,-0.772087037563324,0.5622008726428788,0.4368766262699325,0,0,0,0.12,0.01,0.0,0.01,0.1,0.9,-1.2,0.0,0,0,1,0,0.675,0.44
102,3,-0.7763892412185669,0.42962148785591125,-3.1371114253997803,0.34703104391390355,0.6522625218362186,0,0,0,0.12,0.01,0.0,0.01,0.1,0.9,-1.2,0.0,0,0,1,1,0.675,0.44
102,4,-0.47941234707832336,-0.3234099745750427,-2.379926919937134,0.4607566015533682,0.5369876606651072,0,0,0,0.12,0.01,0.0,0.01,0.1,0.9,-1.2,0.0,0,0,1,0,0.675,0.44
102,5,-0.7005171775817871,0.004444790072739124,-2.126615285873413,0.584337035027139,0.4146531430810763,0,0,0,0.12,0.01,0.0,0.01,0.1,0.9,-1.2,0.0,0,0,1,0,0.675,0.44
102,6,-0.20308776199817657,-0.06594125926494598,1.0186771154403687,0.5119877592842705,0.48487423498223947,0,0,0,0.12,0.01,0.0,0.01,0.1,0.9,-1.2,0.0,0,0,1,0,0.675,0.44
102,7,-0.42850419878959656,0.4298434853553772,-0.010410371236503124,0.3129093863418967,0.6868367574760049,0,0,0,0.12,0.01,0.0,0.01,0.1,0.9,-1.2,0.0,0,0,1,0,0.675,0.44
103,0,-0.45868635177612305,0.29811373353004456,-0.413671612739563,0.8157665269111263,0.183780418183936,0,0,0,0.12,0.01,0.0,0.01,0.1,0.9,-1.2,0.0,0,0,1,0,0.675,0.44
103,1,-0.7751807570457458,0.35483765602111816,3.0873584747314453,-0.1018736428949063,1.1014858550759976,0,0,0,0.12,0.01,0.0,0.01,0.1,0.9,-1.2,0.0,0,0,1,1,0.675,0.44
103,2,-0.14515693485736847,-0.3065929710865021,-0.7756872773170471,0.5475916311633083,0.45144921089296597,0,0,0,0.12,0.01,0.0,0.01,0.1,0.9,-1.2,0.0,0,0,1,0,0.675,0.44
103,3,-0.7773886322975159,0.42963963747024536,3.1021265983581543,-0.19977890940292173,1.1989991018353254,0,0,0,0.12,0.01,0.0,0.01,0.1,0.9,-1.2,0.0,0,0,1,1,0.675,0.44
103,4,-0.4801340401172638,-0.32409921288490295,-2.3787076473236084,0.4333841550248019,0.5642072808844694,0,0,0,0.12,0.01,0.0,0.01,0.1,0.9,-1.2,0.0,0,0,1,0,0.675,0.44
103,5,-0.7010513544082642,0.0036004625726491213,-2.1430819034576416,0.43934641975062166,0.5595613251338692,0,0,0,0.12,0.01,0.0,0.01,0.1,0.9,-1.2,0.0,0,0,1,0,0.675,0.44
103,6,-0.20256264507770538,-0.06509295105934143,1.0154578685760498,0.5090576742327673,0.48760500210161384,0,0,0,0.12,0.01,0.0,0.01,0.1,0.9,-1.2,0.0,0,0,1,0,0.675,0.44
103,7,-0.4275039732456207,0.42987415194511414,0.06904183328151703,1.334561057110131,-0.33484632494002575,0,0,0,0.12,0.01,0.0,0.01,0.1,0.9,-1.2,0.0,0,0,1,0,0.675,0.44
104,0,-0.45777973532676697,0.2976953685283661,-0.45685136318206787,0.36345363702916855,0.6360471740708376,0,0,0,0.12,0.01,0.0,0.01,0.1,0.9,-1.2,0.0,0,0,1,0,0.675,0.44
104,1,-0.7761794924736023,0.3548830449581146,3.1164472103118896,0.21754795676061106,0.7820331417959075,0,0,0,0.12,0.01,0.0,0.01,0.1,0.9,-1.2,0.0,0,0,1,1,0.675,0.44
104,2,-0.14444513618946075,-0.307294100522995,-0.7800129652023315,0.5250915269188838,0.4739108701415105,0,0,0,0.12,0.01,0.0,0.01,0.1,0.9,-1.2,0.0,0,0,1,0,0.675,0.44
104,3,-0.7783864140510559,0.4296860694885254,3.1030173301696777,-0.299142633431619,1.2982913598949368,0,0,0,0.12,0.01,0.0,0.01,0.1,0.9,-1.2,0.0,0,0,1,1,0.675,0.44
104,4,-0.4808546006679535,-0.32478946447372437,-2.376319408416748,0.41743966473504956,0.5799893485172087,0,0,0,0.12,0.01,0.0,0.01,0.1,0.9,-1.2,0.0,0,0,1,0,0.675,0.44
104,5,-0.7015969753265381,0.002763618715107441,-2.1510722637176514,0.38721325667304024,0.6116059157093146,0,0,0,0.12,0.01,0.0,0.01,0.1,0.9,-1.2,0.0,0,0,1,0,0.675,0.44
104,6,-0.2020372748374939,-0.06424833834171295,1.014113426208496,0.5243111635342069,0.4721393202647738,0,0,0,0.12,0.01,0.0,0.01,0.1,0.9,-1.2,0.0,0,0,1,0,0.675,0.44
104,7,-0.42651036381721497,0.4299643039703369,0.09486009925603867,1.6962359678123027,-0.6965594422194984,0,0,0,0.12,0.01,0.0,0.01,0.1,0.9,-1.2,0.0,0,0,1,0,0.675,0.44
105,0,-0.4568908214569092,0.2972412705421448,-0.4834536015987396,0.1182726375859935,0.8811737544733326,0,0,0,0.12,0.01,0.0,0.01,0.1,0.9,-1.2,0.0,0,0,1,0,0.675,0.44
105,1,-0.7771796584129333,0.3548893630504608,-3.1257097721099854,0.6866357733780302,0.3129084895080173,0,0,0,0.12,0.01,0.0,0.01,0.1,0.9,-1.2,0.0,0,0,1,1,0.675,0.44
105,2,-0.143736332654953,-0.3079981505870819,-0.7836062908172607,0.510487752721681,0.4884742323895556,0,0,0,0.12,0.01,0.0,0.01,0.1,0.9,-1.2,0.0,0,0,1,0,0.675,0.44
105,3,-0.7793850898742676,0.4297110140323639,-3.1387298107147217,0.02968711580379549,0.9694030192937082,0,0,0,0.12,0.01,0.0,0.01,0.1,0.9,-1.2,0.0,0,0,1,1,0.675,0.44
105,4,-0.4815728962421417,-0.3254818618297577,-2.3720955848693848,0.4185656856343225,0.578691070194535,0,0,0,0.12,0.01,0.0,0.01,0.1,0.9,-1.2,0.0,0,0,1,0,0.675,0.44
105,5,-0.7021450400352478,0.001928538316860795,-2.1488823890686035,0.4416003123678159,0.5571265324197817,0,0,0,0.12,0.01,0.0,0.01,0.1,0.9,-1.2,0.0,0,0,1,0,0.675,0.44
105,6,-0.20151066780090332,-0.06340336799621582,1.0132546424865723,0.5456199212356884,0.4506036476806325,0,0,0,0.12,0.01,0.0,0.01,0.1,0.9,-1.2,0.0,0,0,1,0,0.675,0.44
105,7,-0.4255151152610779,0.4300506114959717,0.0505974106490612,1.4070791341292643,-0.4074250794875408,0,0,0,0.12,0.01,0.0,0.01,0.1,0.9,-1.2,0.0,0,0,1,0,0.675,0.44
106,0,-0.4560086131095886,0.29677441716194153,-0.4802236258983612,0.21409437430787753,0.7852947972924642,0,0,0,0.12,0.01,0.0,0.01,0.1,0.9,-1.2,0.0,0,0,1,0,0.675,0.44
106,1,-0.7781791090965271,0.35485851764678955,-3.1013991832733154,0.9455234404472684,0.053977787885251156,0,0,0,0.12,0.01,0.0,0.01,0.1,0.9,-1.2,0.0,0,0,1,1,0.675,0.44
106,2,-0.14302963018417358,-0.3087042570114136,-0.7857314348220825,0.5114463471599628,0.4874731994441937,0,0,0,0.12,0.01,0.0,0.01,0.1,0.9,-1.2,0.0,0,0,1,0,0.675,0.44
106,3,-0.7803841233253479,0.4296818971633911,-3.084040880203247,0.6119463921318766,0.38707114450829067,0,0,0,0.12,0.01,0.0,0.01,0.1,0.9,-1.2,0.0,0,0,1,1,0.675,0.44
106,4,-0.4822876751422882,-0.3261776566505432,-2.3665976524353027,0.43086721155639396,0.5662073328733851,0,0,0,0.12,0.01,0.0,0.01,0.1,0.9,-1.2,0.0,0,0,1,0,0.675,0.44
106,5,-0.7026885747909546,0.0010905420640483499,-2.14172625541687,0.5452405851351881,0.4533893425000048,0,0,0,0.12,0.01,0.0,0.01,0.1,0.9,-1.2,0.0,0,0,1,0,0.675,0.44
106,6,-0.20098452270030975,-0.06256099790334702,1.0114994049072266,0.5608343991063617,0.4351462808824995,0,0,0,0.12,0.01,0.0,0.01,0.1,0.9,-1.2,0.0,0,0,1,0,0.675,0.44
106,7,-0.42451509833335876,0.4300723075866699,-0.028534449636936188,0.5549524822124403,0.44467790938530743,0,0,0,0.12,0.01,0.0,0.01,0.1,0.9,-1.2,0.0,0,0,1,0,0.675,0.44
107,0,-0.45511960983276367,0.2963205575942993,-0.4568897783756256,0.5347886587156732,0.4645372127519171,0,0,0,0.12,0.01,0.0,0.01,0.1,0.9,-1.2,0.0,0,0,1,0,0.675,0.44
107,1,-0.779177725315094,0.35481658577919006,-3.1079370975494385,0.8516121288826805,0.1478463629195351,0,0,0,0.12,0.01,0.0,0.01,0.1,0.9,-1.2,0.0,0,0,1,1,0.675,0.44
107,2,-0.14232400059700012,-0.30941134691238403,-0.7867241501808167,0.5241336751883297,0.4747414063508244,0,0,0,0.12,0.01,0.0,0.01,0.1,0.9,-1.2,0.0,0,0,1,0,0.675,0.44
107,3,-0.7813811302185059,0.42960140109062195,-3.0464038848876953,1.0747556514538417,-0.07583765457044936,0,0,0,0.12,0.01,0.0,0.01,0.1,0.9,-1.2,0.0,0,0,1,1,0.675,0.44
107,4,-0.4829983413219452,-0.3268774151802063,-2.3609447479248047,0.4436758401234777,0.5532060620943873,0,0,0,0.12,0.01,0.0,0.01,0.1,0.9,-1.2,0.0,0,0,1,0,0.675,0.44
107,5,-0.7032260298728943,0.0002487587044015527,-2.136894702911377,0.6221562552812465,0.37637073513241925,0,0,0,0.12,0.01,0.0,0.01,0.1,0.9,-1.2,0.0,0,0,1,0,0.675,0.44
107,6,-0.20045864582061768,-0.06172331050038338,1.0081887245178223,0.5641080853311095,0.43161259919724126,0,0,0,0.12,0.01,0.0,0.01,0.1,0.9,-1.2,0.0,0,0,1,0,0.675,0.44
107,7,-0.4235166311264038,0.4300121068954468,-0.09620553255081177,-0.30226009016687505,1.3018448842113697,0,0,0,0.12,0.01,0.0,0.01,0.1,0.9,-1.2,0.0,0,0,1,0,0.675,0.44
108,0,-0.45421895384788513,0.29589009284973145,-0.43549850583076477,0.823997134179167,0.17525399306387493,0,0,0,0.12,0.01,0.0,0.01,0.1,0.9,-1.2,0.0,0,0,1,0,0.675,0.44
108,1,-0.7801768779754639,0.35479307174682617,-3.1356041431427,0.5166424199499092,0.48277065311298745,0,0,0,0.12,0.01,0.0,0.01,0.1,0.9,-1.2,0.0,0,0,1,1,0.675,0.44
108,2,-0.14161892235279083,-0.3101189136505127,-0.7875694632530212,0.5379792084761871,0.4608492026261079,0,0,0,0.12,0.01,0.0,0.01,0.1,0.9,-1.2,0.0,0,0,1,0,0.675,0.44
108,3,-0.7823748588562012,0.429500550031662,-3.046138048171997,1.1690998369583523,-0.17028358520359155,0,0,0,0.12,0.01,0.0,0.01,0.1,0.9,-1.2,0.0,0,0,1,1,0.675,0.44
108,4,-0.4837050139904022,-0.3275809586048126,-2.3560047149658203,0.449174617637061,0.5475033174863826,0,0,0,0.12,0.01,0.0,0.01,0.1,0.9,-1.2,0.0,0,0,1,0,0.675,0.44
108,5,-0.7037615180015564,-0.0005942025454714894,-2.138667583465576,0.6307228760309315,0.36769432262705815,0,0,0,0.12,0.01,0.0,0.01,0.1,0.9,-1.2,0.0,0,0,1,0,0.675,0.44
108,6,-0.19993126392364502,-0.06089060381054878,1.003604531288147,0.5577774894638207,0.43766537781523207,0,0,0,0.12,0.01,0.0,0.01,0.1,0.9,-1.2,0.0,0,0,1,0,0.675,0.44
108,7,-0.4225196838378906,0.42990025877952576,-0.11218708008527756,-0.5799883984994528,1.5795216941308614,0,0,0,0.12,0.01,0.0,0.01,0.1,0.9,-1.2,0.0,0,0,1,0,0.675,0.44
109,0,-0.4533122777938843,0.29547274112701416,-0.43346813321113586,0.8937823472064388,0.10538706206861614,0,0,0,0.12,0.01,0.0,0.01,0.1,0.9,-1.2,0.0,0,0,1,0,0.675,0.44
109,1,-0.7811764478683472,0.3547998368740082,3.121554136276245,0.20558587881420595,0.7937735500683929,0,0,0,0.12,0.01,0.0,0.01,0.1,0.9,-1.2,0.0,0,0,1,1,0.675,0.44
109,2,-0.14091457426548004,-0.3108271360397339,-0.7891408205032349,0.5438448049903845,0.45493467069855,0,0,0,0.12,0.01,0.0,0.01,0.1,0.9,-1.2,0.0,0,0,1,0,0.675,0.44
109,3,-0.7833701968193054,0.4294169843196869,-3.0800375938415527,0.9055063034893791,0.09321934920532302,0,0,0,0.12,0.01,0.0,0.01,0.1,0.9,-1.2,0.0,0,0,1,1,0.675,0.44
109,4,-0.48440828919410706,-0.32828760147094727,-2.3519632816314697,0.4460523264125833,0.5504096014781943,0,0,0,0.12,0.01,0.0,0.01,0.1,0.9,-1.2,0.0,0,0,1,0,0.675,0.44
109,5,-0.7043008804321289,-0.001434584497474134,-2.1462247371673584,0.5818947189708435,0.4164042836765563,0,0,0,0.12,0.01,0.0,0.01,0.1,0.9,-1.2,0.0,0,0,1,0,0.675,0.44
109,6,-0.199400395154953,-0.06006171554327011,0.9985772967338562,0.5487828775833454,0.44636399302975266,0,0,0,0.12,0.01,0.0,0.01,0.1,0.9,-1.2,0.0,0,0,1,0,0.675,0.44
109,7,-0.4215254783630371,0.42980140447616577,-0.06789983063936234,-0.2749440431125968,1.2744431256779043,0,0,0,0.12,0.01,0.0,0.01,0.1,0.9,-1.2,0.0,0,0,1,0,0.675,0.44
110,0,-0.4524092376232147,0.2950477600097656,-0.45217302441596985,0.7455127457791993,0.25357071359808947,0,0,0,0.12,0.01,0.0,0.01,0.1,0.9,-1.2,0.0,0,0,1,0,0.675,0.44
110,1,-0.782175600528717,0.354825884103775,3.1156604290008545,0.1270259677325477,0.8722750485981714,0,0,0,0.12,0.01,0.0,0.01,0.1,0.9,-1.2,0.0,0,0,1,1,0.675,0.44
110,2,-0.14021165668964386,-0.3115367591381073,-0.7916659712791443,0.5395265117799576,0.45920164430982513,0,0,0,0.12,0.01,0.0,0.01,0.1,0.9,-1.2,0.0,0,0,1,0,0.675,0.44
110,3,-0.7843684554100037,0.4293752610683441,-3.1257331371307373,0.44500010498690407,0.5536221932537575,0,0,0,0.12,0.01,0.0,0.01,0.1,0.9,-1.2,0.0,0,0,1,1,0.675,0.44
110,4,-0.48510876297950745,-0.3289967477321625,-2.348417282104492,0.4382754598388206,0.5579575862160195,0,0,0,0.12,0.01,0.0,0.01,0.1,0.9,-1.2,0.0,0,0,1,0,0.675,0.44
110,5,-0.7048477530479431,-0.002269974211230874,-2.1553478240966797,0.519289331620144,0.4788812826224096,0,0,0,0.12,0.01,0.0,0.01,0.1,0.9,-1.2,0.0,0,0,1,0,0.675,0.44
110,6,-0.19886499643325806,-0.059235092252492905,0.993880033493042,0.5436680976087577,0.4511640604799265,0,0,0,0.12,0.01,0.0,0.01,0.1,0.9,-1.2,0.0,0,0,1,0,0.675,0.44
110,7,-0.42052599787712097,0.4297668933868408,0.004581316839903593,0.4960806069046511,0.5033803286880002,0,0,0,0.12,0.01,0.0,0.01,0.1,0.9,-1.2,0.0,0,0,1,0,0.675,0.44
111,0,-0.45151692628860474,0.29460057616233826,-0.4788540005683899,0.5168247328251061,0.4821635975391211,0,0,0,0.12,0.01,0.0,0.01,0.1,0.9,-1.2,0.0,0,0,1,0,0.675,0.44
111,1,-0.7831748723983765,0.3548474609851837,3.1319503784179688,0.28947702423957217,0.7097636125859894,0,0,0,0.12,0.01,0.0,0.01,0.1,0.9,-1.2,0.0,0,0,1,1,0.675,0.44
111,2,-0.139510840177536,-0.3122483491897583,-0.7947161793708801,0.5296582868769316,0.4690159866139741,0,0,0,0.12,0.01,0.0,0.01,0.1,0.9,-1.2,0.0,0,0,1,0,0.675,0.44
111,3,-0.7853673100471497,0.4293760359287262,3.125241279602051,0.06864392115714327,0.9298493330275795,0,0,0,0.12,0.01,0.0,0.01,0.1,0.9,-1.2,0.0,0,0,1,1,0.675,0.44
111,4,-0.4858066141605377,-0.32970818877220154,-2.344780445098877,0.4311674065739868,0.5648232869951966,0,0,0,0.12,0.01,0.0,0.01,0.1,0.9,-1.2,0.0,0,0,1,0,0.675,0.44
111,5,-0.7054017186164856,-0.0031005325727164745,-2.161853551864624,0.4842365522912469,0.5137957195707831,0,0,0,0.12,0.01,0.0,0.01,0.1,0.9,-1.2,0.0,0,0,1,0,0.675,0.44
111,6,-0.19832518696784973,-0.058409761637449265,0.9898212552070618,0.5451195743678354,0.44937838047759304,0,0,0,0.12,0.01,0.0,0.01,0.1,0.9,-1.2,0.0,0,0,1,0,0.675,0.44
111,7,-0.4195266664028168,0.42980387806892395,0.06275372207164764,1.2106710305165966,-0.21127321624276243,0,0,0,0.12,0.01,0.0,0.01,0.1,0.9,-1.2,0.0,0,0,1,0,0.675,0.44
112,0,-0.4506363272666931,0.2941310405731201,-0.4981953501701355,0.3742713657378884,0.6246099146843223,0,0,0,0.12,0.01,0.0,0.01,0.1,0.9,-1.2,0.0,0,0,1,0,0.675,0.44
112,1,-0.7841745615005493,0.35484617948532104,-3.1261627674102783,0.5455257153930829,0.4536480450210406,0,0,0,0.12,0.01,0.0,0.01,0.1,0.9,-1.2,0.0,0,0,1,1,0.675,0.44
112,2,-0.13881231844425201,-0.312962144613266,-0.7976105213165283,0.5213549630409755,0.47726274564203836,0,0,0,0.12,0.01,0.0,0.01,0.1,0.9,-1.2,0.0,0,0,1,0,0.675,0.44
112,3,-0.7863655090332031,0.4293982684612274,3.1226043701171875,-0.0330225295154969,1.0313803619472899,0,0,0,0.12,0.01,0.0,0.01,0.1,0.9,-1.2,0.0,0,0,1,1,0.675,0.44
112,4,-0.4865015745162964,-0.3304221034049988,-2.3406708240509033,0.4279724345635609,0.567762018637733,0,0,0,0.12,0.01,0.0,0.01,0.1,0.9,-1.2,0.0,0,0,1,0,0.675,0.44
112,5,-0.7059594988822937,-0.003928358666598797,-2.164163112640381,0.49075710864950195,0.5071278801352881,0,0,0,0.12,0.01,0.0,0.01,0.1,0.9,-1.2,0.0,0,0,1,0,0.675,0.44
112,6,-0.19778183102607727,-0.05758579075336456,0.9862032532691956,0.551657814323942,0.4424850160479146,0,0,0,0.12,0.01,0.0,0.01,0.1,0.9,-1.2,0.0,0,0,1,0,0.675,0.44
112,7,-0.41853055357933044,0.4298798143863678,0.07379480451345444,1.4259167711122156,-0.4265869657380703,0,0,0,0.12,0.01,0.0,0.01,0.1,0.9,-1.2,0.0,0,0,1,0,0.675,0.44
113,0,-0.4497620463371277,0.29365018010139465,-0.5026271939277649,0.39310559154992,0.6056582081174384,0,0,0,0.12,0.01,0.0,0.01,0.1,0.9,-1.2,0.0,0,0,1,0,0.675,0.44
113,1,-0.785173773765564,0.35482093691825867,-3.109114408493042,0.7070820743288403,0.29201688225608996,0,0,0,0.12,0.01,0.0,0.01,0.1,0.9,-1.2,0.0,0,0,1,1,0.675,0.44
113,2,-0.1381157785654068,-0.3136777877807617,-0.7998929619789124,0.5192488828232887,0.4793094000288841,0,0,0,0.12,0.01,0.0,0.01,0.1,0.9,-1.2,0.0,0,0,1,0,0.675,0.44
113,3,-0.7873637676239014,0.4294098913669586,-3.135627269744873,0.14492181741654211,0.8533059576803513,0,0,0,0.12,0.01,0.0,0.01,0.1,0.9,-1.2,0.0,0,0,1,1,0.675,0.44
113,4,-0.4871933162212372,-0.33113884925842285,-2.3360610008239746,0.42870995695533964,0.5667540699726082,0,0,0,0.12,0.01,0.0,0.01,0.1,0.9,-1.2,0.0,0,0,1,0,0.675,0.44
113,5,-0.7065176963806152,-0.004755704198032618,-2.163611888885498,0.5242615769261832,0.47346784373574297,0,0,0,0.12,0.01,0.0,0.01,0.1,0.9,-1.2,0.0,0,0,1,0,0.675,0.44
113,6,-0.1972358673810959,-0.05676400288939476,0.9825648665428162,0.5597238685846737,0.4340407703160832,0,0,0,0.12,0.01,0.0,0.01,0.1,0.9,-1.2,0.0,0,0,1,0,0.675,0.44
113,7,-0.4175335466861725,0.4299432635307312,0.03393518179655075,1.137243729024136,-0.13796566048165543,0,0,0,0.12,0.01,0.0,0.01,0.1,0.9,-1.2,0.0,0,0,1,0,0.675,0.44
114,0,-0.448886901140213,0.2931709289550781,-0.4958415627479553,0.5274965794932788,0.47113698402524545,0,0,0,0.12,0.01,0.0,0.01,0.1,0.9,-1.2,0.0,0,0,1,0,0.675,0.44
114,1,-0.7861724495887756,0.35478565096855164,-3.108743906021118,0.6863983042146219,0.3126210205648886,0,0,0,0.12,0.01,0.0,0.01,0.1,0.9,-1.2,0.0,0,0,1,1,0.675,0.44
114,2,-0.13742069900035858,-0.3143947422504425,-0.8015710711479187,0.5231391259354295,0.4753568700629531,0,0,0,0.12,0.01,0.0,0.01,0.1,0.9,-1.2,0.0,0,0,1,0,0.675,0.44
114,3,-0.7883619666099548,0.42938748002052307,-3.0996885299682617,0.4856629445052353,0.5124205277466568,0,0,0,0.12,0.01,0.0,0.01,0.1,0.9,-1.2,0.0,0,0,1,1,0.675,0.44
114,4,-0.48788151144981384,-0.33185866475105286,-2.331181049346924,0.43124059689117217,0.5639383410208152,0,0,0,0.12,0.01,0.0,0.01,0.1,0.9,-1.2,0.0,0,0,1,0,0.675,0.44
114,5,-0.7070749998092651,-0.005583520513027906,-2.1629326343536377,0.5577395351200722,0.4398257343501425,0,0,0,0.12,0.01,0.0,0.01,0.1,0.9,-1.2,0.0,0,0,1,0,0.675,0.44
114,6,-0.196687713265419,-0.055945418775081635,0.9784881472587585,0.5661105004946586,0.4272506745656136,0,0,0,0.12,0.01,0.0,0.01,0.1,0.9,-1.2,0.0,0,0,1,0,0.675,0.44
114,7,-0.41653385758399963,0.42995309829711914,-0.02824587933719158,0.4892680602335564,0.5099511785245308,0,0,0,0.12,0.01,0.0,0.01,0.1,0.9,-1.2,0.0,0,0,1,0,0.675,0.44
115,0,-0.4480075538158417,0.2926996052265167,-0.48811158537864685,0.6671934104941312,0.3312935852028903,0,0,0,0.12,0.01,0.0,0.01,0.1,0.9,-1.2,0.0,0,0,1,0,0.675,0.44
115,1,-0.7871711850166321,0.3547569215297699,-3.12104868888855,0.5326797125193368,0.46625437761814503,0,0,0,0.12,0.01,0.0,0.01,0.1,0.9,-1.2,0.0,0,0,1,1,0.675,0.44
115,2,-0.1367267221212387,-0.3151126801967621,-0.803015947341919,0.5291493304701763,0.46928133883753237,0,0,0,0.12,0.01,0.0,0.01,0.1,0.9,-1.2,0.0,0,0,1,0,0.675,0.44
115,3,-0.7893586158752441,0.42932966351509094,-3.0723228454589844,0.7908362431657645,0.2070736007558967,0,0,0,0.12,0.01,0.0,0.01,0.1,0.9,-1.2,0.0,0,0,1,1,0.675,0.44
115,4,-0.48856598138809204,-0.33258160948753357,-2.3263070583343506,0.4331898484092361,0.5616886224884385,0,0,0,0.12,0.01,0.0,0.01,0.1,0.9,-1.2,0.0,0,0,1,0,0.675,0.44
115,5,-0.7076321840286255,-0.006411231122910976,-2.1642491817474365,0.57136951732352,0.42602236223504314,0,0,0,0.12,0.01,0.0,0.01,0.1,0.9,-1.2,0.0,0,0,1,0,0.675,0.44
115,6,-0.19613708555698395,-0.055130790919065475,0.9737980365753174,0.5694419407308546,0.42348900800342887,0,0,0,0.12,0.01,0.0,0.01,0.1,0.9,-1.2,0.0,0,0,1,0,0.675,0.44
115,7,-0.4155355989933014,0.4299013018608093,-0.0769820511341095,-0.10312226928556739,1.1022550217040854,0,0,0,0.12,0.01,0.0,0.01,0.1,0.9,-1.2,0.0,0,0,1,0,0.675,0.44
116,0,-0.44712594151496887,0.29223278164863586,-0.4882057011127472,0.7245771194471914,0.2737476920113963,0,0,0,0.12,0.01,0.0,0.01,0.1,0.9,-1.2,0.0,0,0,1,0,0.675,0.44
116,1,-0.7881702184677124,0.35474276542663574,-3.134462594985962,0.37160701551449266,0.6272328992842439,0,0,0,0.12,0.01,0.0,0.01,0.1,0.9,-1.2,0.0,0,0,1,1,0.675,0.44
116,2,-0.1360338181257248,-0.3158315420150757,-0.804654061794281,0.5329503233164693,0.4654118602543926,0,0,0,0.12,0.01,0.0,0.01,0.1,0.9,-1.2,0.0,0,0,1,0,0.675,0.44
116,3,-0.7903537154197693,0.4292539656162262,-3.0665948390960693,0.9053377280813639,0.09238287109313552,0,0,0,0.12,0.01,0.0,0.01,0.1,0.9,-1.2,0.0,0,0,1,1,0.675,0.44
116,4,-0.4892467260360718,-0.333307683467865,-2.3215949535369873,0.43331756305837377,0.5612444071755435,0,0,0,0.12,0.01,0.0,0.01,0.1,0.9,-1.2,0.0,0,0,1,0,0.675,0.44
116,5,-0.7081912755966187,-0.007237482815980911,-2.167928695678711,0.5626949249286342,0.4345131935100866,0,0,0,0.12,0.01,0.0,0.01,0.1,0.9,-1.2,0.0,0,0,1,0,0.675,0.44
116,6,-0.19558335840702057,-0.05432034656405449,0.9685764312744141,0.5702688334990782,0.4222041727493959,0,0,0,0.12,0.01,0.0,0.01,0.1,0.9,-1.2,0.0,0,0,1,0,0.675,0.44
116,7,-0.41454052925109863,0.42981424927711487,-0.08529940247535706,-0.2940032394818554,1.293042412608076,0,0,0,0.12,0.01,0.0,0.01,0.1,0.9,-1.2,0.0,0,0,1,0,0.675,0.44
117,0,-0.4462467133998871,0.2917618453502655,-0.49803483486175537,0.686815009178122,0.3113334321365752,0,0,0,0.12,0.01,0.0,0.01,0.1,0.9,-1.2,0.0,0,0,1,0,0.675,0.44
117,1,-0.7891692519187927,0.3547392189502716,-3.138955593109131,0.3075345262931462,0.6912026300979977,0,0,0,0.12,0.01,0.0,0.01,0.1,0.9,-1.2,0.0,0,0,1,1,0.675,0.44
117,2,-0.13534219563007355,-0.3165515959262848,-0.806687593460083,0.5325677021917191,0.4657227173868331,0,0,0,0.12,0.01,0.0,0.01,0.1,0.9,-1.2,0.0,0,0,1,0,0.675,0.44
117,3,-0.7913491129875183,0.42918410897254944,-3.0828018188476562,0.8057406311234833,0.1917893523970247,0,0,0,0.12,0.01,0.0,0.01,0.1,0.9,-1.2,0.0,0,0,1,1,0.675,0.44
117,4,-0.489923894405365,-0.3340367078781128,-2.3170385360717773,0.43178908084522255,0.5624394610058211,0,0,0,0.12,0.01,0.0,0.01,0.1,0.9,-1.2,0.0,0,0,1,0,0.675,0.44
117,5,-0.7087538838386536,-0.008061112836003304,-2.1728506088256836,0.5429893084514935,0.4540230683337848,0,0,0,0.12,0.01,0.0,0.01,0.1,0.9,-1.2,0.0,0,0,1,0,0.675,0.44
117,6,-0.19502589106559753,-0.05351393297314644,0.9630365371704102,0.5700419084819288,0.42194531991162587,0,0,0,0.12,0.01,0.0,0.01,0.1,0.9,-1.2,0.0,0,0,1,0,0.675,0.44
117,7,-0.41354450583457947,0.4297391474246979,-0.05129173770546913,-0.06204999054356449,1.061010425934037,0,0,0,0.12,0.01,0.0,0.01,0.1,0.9,-1.2,0.0,0,0,1,0,0.675,0.44
118,0,-0.44537392258644104,0.2912793755531311,-0.5130501389503479,0.6027888063968369,0.3951668734966567,0,0,0,0.12,0.01,0.0,0.01,0.1,0.9,-1.2,0.0,0,0,1,0,0.675,0.44
118,1,-0.790168285369873,0.3547351658344269,-3.1322338581085205,0.3583222611714779,0.6403045670221866,0,0,0,0.12,0.01,0.0,0.01,0.1,0.9,-1.2,0.0,0,0,1,1,0.675,0.44
118,2,-0.13465218245983124,-0.3172730505466461,-0.8090187907218933,0.529066437777212,0.46914876073963374,0,0,0,0.12,0.01,0.0,0.01,0.1,0.9,-1.2,0.0,0,0,1,0,0.675,0.44
118,3,-0.7923458218574524,0.42913681268692017,-3.109731435775757,0.5731961075791018,0.4241308029166562,0,0,0,0.12,0.01,0.0,0.01,0.1,0.9,-1.2,0.0,0,0,1,1,0.675,0.44
118,4,-0.4905974864959717,-0.3347685933113098,-2.3125274181365967,0.42958889785049015,0.5642886918521159,0,0,0,0.12,0.01,0.0,0.01,0.1,0.9,-1.2,0.0,0,0,1,0,0.675,0.44
118,5,-0.709320604801178,-0.008881750516593456,-2.177483320236206,0.5266500416390932,0.47015306323837863,0,0,0,0.12,0.01,0.0,0.01,0.1,0.9,-1.2,0.0,0,0,1,0,0.675,0.44
118,6,-0.1944642961025238,-0.05271128937602043,0.9573782086372375,0.570128856039207,0.4213444611070942,0,0,0,0.12,0.01,0.0,0.01,0.1,0.9,-1.2,0.0,0,0,1,0,0.675,0.44
118,7,-0.4125455319881439,0.4297124743461609,0.00272765988484025,0.46929549098353546,0.5295789349045261,0,0,0,0.12,0.01,0.0,0.01,0.1,0.9,-1.2,0.0,0,0,1,0,0.675,0.44
119,0,-0.44450873136520386,0.2907836437225342,-0.5267583131790161,0.5368713992410974,0.4608723861402198,0,0,0,0.12,0.01,0.0,0.01,0.1,0.9,-1.2,0.0,0,0,1,0,0.675,0.44
119,1,-0.791167140007019,0.3547207713127136,-3.1196508407592773,0.465252771004521,0.5332543114577898,0,0,0,0.12,0.01,0.0,0.01,0.1,0.9,-1.2,0.0,0,0,1,1,0.675,0.44
119,2,-0.13396397233009338,-0.31799614429473877,-0.8113819360733032,0.5251419825943534,0.47299429937280973,0,0,0,0.12,0.01,0.0,0.01,0.1,0.9,-1.2,0.0,0,0,1,0,0.675,0.44
119,3,-0.7933432459831238,0.4291161298751831,-3.132681369781494,0.3423014504215424,0.654795803377896,0,0,0,0.12,0.01,0.0,0.01,0.1,0.9,-1.2,0.0,0,0,1,1,0.675,0.44
119,4,-0.49126747250556946,-0.33550330996513367,-2.3079440593719482,0.4276869443227416,0.5658214542101259,0,0,0,0.12,0.01,0.0,0.01,0.1,0.9,-1.2,0.0,0,0,1,0,0.675,0.44
119,5,-0.709890604019165,-0.009699827060103416,-2.1808948516845703,0.5219309826318914,0.4746489028508967,0,0,0,0.12,0.01,0.0,0.01,0.1,0.9,-1.2,0.0,0,0,1,0,0.675,0.44
119,6,-0.1938984990119934,-0.05191224440932274,0.9517039060592651,0.5713053941433471,0.41962504389833993,0,0,0,0.12,0.01,0.0,0.01,0.1,0.9,-1.2,0.0,0,0,1,0,0.675,0.44
119,7,-0.41154664754867554,0.4297388195991516,0.04449177533388138,0.9524523159001822,0.046306715395594014,0,0,0,0.12,0.01,0.0,0.01,0.1,0.9,-1.2,0.0,0,0,1,0,0.675,0.44
120,0,-0.4436495304107666,0.2902779281139374,-0.5352291464805603,0.5253233463359372,0.4721877425121767,0,0,0,0.12,0.01,0.0,0.01,0.1,0.9,-1.2,0.0,0,0,1,0,0.675,0.44
120,1,-0.7921656370162964,0.3546934127807617,-3.1090238094329834,0.5476940424739041,0.45068226739776945,0,0,0,0.12,0.01,0.0,0.01,0.1,0.9,-1.2,0.0,0,0,1,1,0.675,0.44
120,2,-0.1332775205373764,-0.3187207877635956,-0.8135468363761902,0.5230780513280149,0.4749755589968448,0,0,0,0.12,0.01,0.0,0.01,0.1,0.9,-1.2,0.0,0,0,1,0,0.675,0.44
120,3,-0.7943405508995056,0.4291132986545563,-3.141181468963623,0.22488905224887393,0.7719569083681914,0,0,0,0.12,0.01,0.0,0.01,0.1,0.9,-1.2,0.0,0,0,1,1,0.675,0.44
120,4,-0.4919338524341583,-0.33624088764190674,-2.303227424621582,0.4265310041475572,0.566589487357112,0,0,0,0.12,0.01,0.0,0.01,0.1,0.9,-1.2,0.0,0,0,1,0,0.675,0.44
120,5,-0.7104628086090088,-0.010516101494431496,-2.183119297027588,0.5280292874419502,0.4683133715546317,0,0,0,0.12,0.01,0.0,0.01,0.1,0.9,-1.2,0.0,0,0,1,0,0.675,0.44
120,6,-0.19332857429981232,-0.051116835325956345,0.9460089206695557,0.5737262541816864,0.4166305487586823,0,0,0,0.12,0.01,0.0,0.01,0.1,0.9,-1.2,0.0,0,0,1,0,0.675,0.44
120,7,-0.41054949164390564,0.4297936260700226,0.054020535200834274,1.1308878336610098,-0.1322554622353811,0,0,0,0.12,0.01,0.0,0.01,0.1,0.9,-1.2,0.0,0,0,1,0,0.675,0.44
121,0,-0.44279348850250244,0.28976720571517944,-0.5388307571411133,0.5615337480609572,0.43572121962855687,0,0,0,0.12,0.01,0.0,0.01,0.1,0.9,-1.2,0.0,0,0,1,0,0.675,0.44
121,1,-0.7931636571884155,0.3546578884124756,-3.105119466781616,0.5598561302837517,0.4383787377658698,0,0,0,0.12,0.01,0.0,0.01,0.1,0.9,-1.2,0.0,0,0,1,1,0.675,0.44
121,2,-0.13259264826774597,-0.3194468319416046,-0.8154474496841431,0.5234826014884221,0.47448440328757896,0,0,0,0.12,0.01,0.0,0.01,0.1,0.9,-1.2,0.0,0,0,1,0,0.675,0.44
121,3,-0.7953376173973083,0.4291120171546936,-3.1334495544433594,0.2536219675884006,0.7429613153591397,0,0,0,0.12,0.01,0.0,0.01,0.1,0.9,-1.2,0.0,0,0,1,1,0.675,0.44
121,4,-0.49259647727012634,-0.33698132634162903,-2.2983860969543457,0.42601025636389334,0.5667029566030257,0,0,0,0.12,0.01,0.0,0.01,0.1,0.9,-1.2,0.0,0,0,1,0,0.675,0.44
121,5,-0.7110364437103271,-0.01133111584931612,-2.184857130050659,0.5382670018849532,0.4578246023478348,0,0,0,0.12,0.01,0.0,0.01,0.1,0.9,-1.2,0.0,0,0,1,0,0.675,0.44
121,6,-0.1927545815706253,-0.05032532662153244,0.9402174949645996,0.5771235157669228,0.41262627347105324,0,0,0,0.12,0.01,0.0,0.01,0.1,0.9,-1.2,0.0,0,0,1,0,0.675,0.44
121,7,-0.40955206751823425,0.42984095215797424,0.02898721769452095,0.9675732607168103,0.030942047186479586,0,0,0,0.12,0.01,0.0,0.01,0.1,0.9,-1.2,0.0,0,0,1,0,0.675,0.44
122,0,-0.44193872809410095,0.28925463557243347,-0.5408684611320496,0.6121378132428252,0.3848339727793611,0,0,0,0.12,0.01,0.0,0.01,0.1,0.9,-1.2,0.0,0,0,1,0,0.675,0.44
122,1,-0.7941614985466003,0.35462161898612976,-3.1073644161224365,0.5112648317579959,0.4868174484010008,0,0,0,0.12,0.01,0.0,0.01,0.1,0.9,-1.2,0.0,0,0,1,1,0.675,0.44
122,2,-0.13190917670726776,-0.32017406821250916,-0.8171796798706055,0.5253728019268177,0.4725034249751903,0,0,0,0.12,0.01,0.0,0.01,0.1,0.9,-1.2,0.0,0,0,1,0,0.675,0.44
122,3,-0.7963343262672424,0.42909693717956543,-3.115889310836792,0.3894994183649693,0.606804438007864,0,0,0,0.12,0.01,0.0,0.01,0.1,0.9,-1.2,0.0,0,0,1,1,0.675,0.44
122,4,-0.49325525760650635,-0.3377246558666229,-2.293466567993164,0.4257313545898412,0.5665546122833277,0,0,0,0.12,0.01,0.0,0.01,0.1,0.9,-1.2,0.0,0,0,1,0,0.675,0.44
122,5,-0.7116113901138306,-0.01214493066072464,-2.1868796348571777,0.5456496263736723,0.45017739284095787,0,0,0,0.12,0.01,0.0,0.01,0.1,0.9,-1.2,0.0,0,0,1,0,0.675,0.44
122,6,-0.19217656552791595,-0.04953803867101669,0.9342377185821533,0.5810613369035018,0.40804573544986117,0,0,0,0.12,0.01,0.0,0.01,0.1,0.9,-1.2,0.0,0,0,1,0,0.675,0.44
122,7,-0.4085533320903778,0.42985326051712036,-0.0130181098356843,0.574764493599625,0.42362594257286035,0,0,0,0.12,0.01,0.0,0.01,0.1,0.9,-1.2,0.0,0,0,1,0,0.675,0.44
123,0,-0.44108542799949646,0.2887400686740875,-0.5447851419448853,0.6449994219200781,0.3516601549727748,0,0,0,0.12,0.01,0.0,0.01,0.1,0.9,-1.2,0.0,0,0,1,0,0.675,0.44
123,1,-0.7951593399047852,0.35458916425704956,-3.1114602088928223,0.44668090667721394,0.5512362090111099,0,0,0,0.12,0.01,0.0,0.01,0.1,0.9,-1.2,0.0,0,0,1,1,0.675,0.44
123,2,-0.13122698664665222,-0.32090237736701965,-0.8189067840576172,0.5271444350724366,0.47063672242115473,0,0,0,0.12,0.01,0.0,0.01,0.1,0.9,-1.2,0.0,0,0,1,0,0.675,0.44
123,3,-0.797330379486084,0.429062157869339,-3.0983035564422607,0.5524045534488374,0.44359055086405924,0,0,0,0.12,0.01,0.0,0.01,0.1,0.9,-1.2,0.0,0,0,1,1,0.675,0.44
123,4,-0.49391013383865356,-0.3384708762168884,-2.288516044616699,0.4253284656353352,0.5665096319369914,0,0,0,0.12,0.01,0.0,0.01,0.1,0.9,-1.2,0.0,0,0,1,0,0.675,0.44
123,5,-0.7121880054473877,-0.012957233935594559,-2.1895713806152344,0.5468982672549684,0.44865051747785023,0,0,0,0.12,0.01,0.0,0.01,0.1,0.9,-1.2,0.0,0,0,1,0,0.675,0.44
123,6,-0.19159451127052307,-0.048755306750535965,0.9279890656471252,0.585031656135177,0.40339520801200923,0,0,0,0.12,0.01,0.0,0.01,0.1,0.9,-1.2,0.0,0,0,1,0,0.675,0.44
123,7,-0.40755507349967957,0.429823637008667,-0.04809311032295227,0.18453743116149043,0.8136986289810266,0,0,0,0.12,0.01,0.0,0.01,0.1,0.9,-1.2,0.0,0,0,1,0,0.675,0.44
124,0,-0.44023510813713074,0.2882210612297058,-0.5520592331886292,0.6482057549664967,0.34811169126534536,0,0,0,0.12,0.01,0.0,0.01,0.1,0.9,-1.2,0.0,0,0,1,0,0.675,0.44
124,1,-0.79615718126297,0.3545602560043335,-3.1130034923553467,0.40894533340589295,0.5887932663713288,0,0,0,0.12,0.01,0.0,0.01,0.1,0.9,-1.2,0.0,0,0,1,1,0.675,0.44
124,2,-0.13054613769054413,-0.3216318190097809,-0.8207492232322693,0.5276404272911991,0.47004125005026204,0,0,0,0.12,0.01,0.0,0.01,0.1,0.9,-1.2,0.0,0,0,1,0,0.675,0.44
124,3,-0.7983254790306091,0.42901259660720825,-3.0887598991394043,0.6627220607203846,0.33293305869871315,0,0,0,0.12,0.01,0.0,0.01,0.1,0.9,-1.2,0.0,0,0,1,1,0.675,0.44
124,4,-0.4945610463619232,-0.3392200171947479,-2.283557176589966,0.4246570098838845,0.5667118799247703,0,0,0,0.12,0.01,0.0,0.01,0.1,0.9,-1.2,0.0,0,0,1,0,0.675,0.44
124,5,-0.7127669453620911,-0.013767615891993046,-2.1928305625915527,0.5431128196241635,0.4521433063028079,0,0,0,0.12,0.01,0.0,0.01,0.1,0.9,-1.2,0.0,0,0,1,0,0.675,0.44
124,6,-0.19100834429264069,-0.047977447509765625,0.9214216470718384,0.5885782570470602,0.39913031152593775,0,0,0,0.12,0.01,0.0,0.01,0.1,0.9,-1.2,0.0,0,0,1,0,0.675,0.44
124,7,-0.40655839443206787,0.4297669231891632,-0.05887529253959656,0.00294067136774644,0.9951231313513699,0,0,0,0.12,0.01,0.0,0.01,0.1,0.9,-1.2,0.0,0,0,1,0,0.675,0.44
125,0,-0.4393896162509918,0.2876948416233063,-0.5618984699249268,0.6308582916259807,0.3650856719016987,0,0,0,0.12,0.01,0.0,0.01,0.1,0.9,-1.2,0.0,0,0,1,0,0.675,0.44
125,1,-0.7971547842025757,0.35453107953071594,-3.110229730606079,0.4129361404276061,0.5846101747655701,0,0,0,0.12,0.01,0.0,0.01,0.1,0.9,-1.2,0.0,0,0,1,1,0.675,0.44
125,2,-0.12986668944358826,-0.3223624527454376,-0.8227232694625854,0.5267366434840831,0.4708408449383107,0,0,0,0.12,0.01,0.0,0.01,0.1,0.9,-1.2,0.0,0,0,1,0,0.675,0.44
125,3,-0.7993200421333313,0.4289589822292328,-3.090294361114502,0.6812640426986261,0.3140274287826972,0,0,0,0.12,0.01,0.0,0.01,0.1,0.9,-1.2,0.0,0,0,1,1,0.675,0.44
125,4,-0.49520790576934814,-0.33997204899787903,-2.2785871028900146,0.4237644395963662,0.5671133079393393,0,0,0,0.12,0.01,0.0,0.01,0.1,0.9,-1.2,0.0,0,0,1,0,0.675,0.44
125,5,-0.713348388671875,-0.01457581203430891,-2.1962733268737793,0.537780903482433,0.4571666491985362,0,0,0,0.12,0.01,0.0,0.01,0.1,0.9,-1.2,0.0,0,0,1,0,0.675,0.44
125,6,-0.19041788578033447,-0.04720473289489746,0.9145238995552063,0.5913772463202438,0.3955749989151994,0,0,0,0.12,0.01,0.0,0.01,0.1,0.9,-1.2,0.0,0,0,1,0,0.675,0.44
125,7,-0.4055618345737457,0.4297117292881012,-0.04224078729748726,0.08223011820549675,0.9156645861363917,0,0,0,0.12,0.01,0.0,0.01,0.1,0.9,-1.2,0.0,0,0,1,0,0.675,0.44
126,0,-0.43854987621307373,0.28715991973876953,-0.5723921656608582,0.6111078090378662,0.38442917397528686,0,0,0,0.12,0.01,0.0,0.01,0.1,0.9,-1.2,0.0,0,0,1,0,0.675,0.44
126,1,-0.7981521487236023,0.3544975221157074,-3.10443115234375,0.44404117659964326,0.5532977144297146,0,0,0,0.12,0.01,0.0,0.01,0.1,0.9,-1.2,0.0,0,0,1,1,0.675,0.44
126,2,-0.12918874621391296,-0.32309430837631226,-0.8247534036636353,0.5251865278560456,0.47228200327569886,0,0,0,0.12,0.01,0.0,0.01,0.1,0.9,-1.2,0.0,0,0,1,0,0.675,0.44
126,3,-0.8003146052360535,0.42891156673431396,-3.100325584411621,0.61907047754642,0.375835232673917,0,0,0,0.12,0.01,0.0,0.01,0.1,0.9,-1.2,0.0,0,0,1,1,0.675,0.44
126,4,-0.49585068225860596,-0.3407270014286041,-2.273590326309204,0.42278573288907006,0.5675782822133164,0,0,0,0.12,0.01,0.0,0.01,0.1,0.9,-1.2,0.0,0,0,1,0,0.675,0.44
126,5,-0.713932454586029,-0.015381788834929466,-2.199531078338623,0.5341154449409478,0.46050589151916566,0,0,0,0.12,0.01,0.0,0.01,0.1,0.9,-1.2,0.0,0,0,1,0,0.675,0.44
126,6,-0.18982288241386414,-0.04643736779689789,0.9073198437690735,0.5933810072456185,0.39277724451677165,0,0,0,0.12,0.01,0.0,0.01,0.1,0.9,-1.2,0.0,0,0,1,0,0.675,0.44
126,7,-0.4045640826225281,0.4296834170818329,-0.01007003616541624,0.3502650637428657,0.6474539857108697,0,0,0,0.12,0.01,0.0,0.01,0.1,0.9,-1.2,0.0,0,0,1,0,0.675,0.44
127,0,-0.43771591782569885,0.28661656379699707,-0.5819718837738037,0.6027217948757868,0.3923723256266851,0,0,0,0.12,0.01,0.0,0.01,0.1,0.9,-1.2,0.0,0,0,1,0,0.675,0.44
127,1,-0.7991490960121155,0.3544576168060303,-3.0983331203460693,0.47540960445949937,0.5217051135008582,0,0,0,0.12,0.01,0.0,0.01,0.1,0.9,-1.2,0.0,0,0,1,1,0.675,0.44
127,2,-0.12851235270500183,-0.32382747530937195,-0.8267406821250916,0.5239407878609141,0.47341377919001976,0,0,0,0.12,0.01,0.0,0.01,0.1,0.9,-1.2,0.0,0,0,1,0,0.675,0.44
127,3,-0.80130934715271,0.42887595295906067,-3.1129589080810547,0.5199651268457222,0.4745257946516228,0,0,0,0.12,0.01,0.0,0.01,0.1,0.9,-1.2,0.0,0,0,1,1,0.675,0.44
127,4,-0.4964892864227295,-0.34148484468460083,-2.2685513496398926,0.42184115965890123,0.5679859368033484,0,0,0,0.12,0.01,0.0,0.01,0.1,0.9,-1.2,0.0,0,0,1,0,0.675,0.44
127,5,-0.7145188450813293,-0.016185685992240906,-2.2024471759796143,0.5334316876289913,0.4608445379378727,0,0,0,0.12,0.01,0.0,0.01,0.1,0.9,-1.2,0.0,0,0,1,0,0.675,0.44
127,6,-0.18922314047813416,-0.045675475150346756,0.8998605012893677,0.5948803911858903,0.3904457797354354,0,0,0,0.12,0.01,0.0,0.01,0.1,0.9,-1.2,0.0,0,0,1,0,0.675,0.44
127,7,-0.40356603264808655,0.4296899437904358,0.02054465003311634,0.6581371672556364,0.3393778554990327,0,0,0,0.12,0.01,0.0,0.01,0.1,0.9,-1.2,0.0,0,0,1,0,0.675,0.44
128,0,-0.43688714504241943,0.286065936088562,-0.5902153849601746,0.608589498477533,0.3860228972858642,0,0,0,0.12,0.01,0.0,0.01,0.1,0.9,-1.2,0.0,0,0,1,0,0.675,0.44
128,1,-0.8001455664634705,0.35441213846206665,-3.0940449237823486,0.4876262820430093,0.5092465602688498,0,0,0,0.12,0.01,0.0,0.01,0.1,0.9,-1.2,0.0,0,0,1,1,0.675,0.44
128,2,-0.12783749401569366,-0.3245619237422943,-0.8286306262016296,0.5235114202879689,0.47372387786876935,0,0,0,0.12,0.01,0.0,0.01,0.1,0.9,-1.2,0.0,0,0,1,0,0.675,0.44
128,3,-0.8023040294647217,0.4288521409034729,-3.1223738193511963,0.43354319059622815,0.5604986695073791,0,0,0,0.12,0.01,0.0,0.01,0.1,0.9,-1.2,0.0,0,0,1,1,0.675,0.44
128,4,-0.49712368845939636,-0.34224551916122437,-2.263462543487549,0.42098473740512654,0.5682816581637211,0,0,0,0.12,0.01,0.0,0.01,0.1,0.9,-1.2,0.0,0,0,1,0,0.675,0.44
128,5,-0.715107262134552,-0.01698767952620983,-2.2050936222076416,0.5350744214012272,0.45883702373961144,0,0,0,0.12,0.01,0.0,0.01,0.1,0.9,-1.2,0.0,0,0,1,0,0.675,0.44
128,6,-0.18861845135688782,-0.04491914436221123,0.892204761505127,0.596406409050175,0.38804858038311363,0,0,0,0.12,0.01,0.0,0.01,0.1,0.9,-1.2,0.0,0,0,1,0,0.675,0.44
128,7,-0.4025687873363495,0.42972055077552795,0.03466715291142464,0.8405298934819598,0.15675499573923166,0,0,0,0.12,0.01,0.0,0.01,0.1,0.9,-1.2,0.0,0,0,1,0,0.675,0.44
129,0,-0.4360629618167877,0.2855091094970703,-0.5977276563644409,0.6227007780116092,0.3713869180638302,0,0,0,0.12,0.01,0.0,0.01,0.1,0.9,-1.2,0.0,0,0,1,0,0.675,0.44
129,1,-0.801141619682312,0.3543633818626404,-3.091963052749634,0.4782347107065056,0.5183775997030404,0,0,0,0.12,0.01,0.0,0.01,0.1,0.9,-1.2,0.0,0,0,1,1,0.675,0.44
129,2,-0.1271641105413437,-0.3252975344657898,-0.8304348587989807,0.5237795774786753,0.4733310873658377,0,0,0,0.12,0.01,0.0,0.01,0.1,0.9,-1.2,0.0,0,0,1,0,0.675,0.44
129,3,-0.8032984733581543,0.428835391998291,-3.1253654956817627,0.3922209524629995,0.6013382888318615,0,0,0,0.12,0.01,0.0,0.01,0.1,0.9,-1.2,0.0,0,0,1,1,0.675,0.44
129,4,-0.4977538585662842,-0.34300899505615234,-2.2583255767822266,0.42019822281789904,0.5684830339531886,0,0,0,0.12,0.01,0.0,0.01,0.1,0.9,-1.2,0.0,0,0,1,0,0.675,0.44
129,5,-0.7156975865364075,-0.017787866294384003,-2.207662343978882,0.5373949354553313,0.456132059726706,0,0,0,0.12,0.01,0.0,0.01,0.1,0.9,-1.2,0.0,0,0,1,0,0.675,0.44
129,6,-0.18800869584083557,-0.04416846111416817,0.8843944072723389,0.5984714661001516,0.38507145305878393,0,0,0,0.12,0.01,0.0,0.01,0.1,0.9,-1.2,0.0,0,0,1,0,0.675,0.44
129,7,-0.40157195925712585,0.42975500226020813,0.0277496799826622,0.8336754271355005,0.1633715203437476,0,0,0,0.12,0.01,0.0,0.01,0.1,0.9,-1.2,0.0,0,0,1,0,0.675,0.44
130,0,-0.4352433383464813,0.28494638204574585,-0.6054691076278687,0.6365189020392881,0.35699694707417634,0,0,0,0.12,0.01,0.0,0.01,0.1,0.9,-1.2,0.0,0,0,1,0,0.675,0.44
130,1,-0.8021373152732849,0.3543132245540619,-3.0910160541534424,0.4582524818158977,0.5380797463678486,0,0,0,0.12,0.01,0.0,0.01,0.1,0.9,-1.2,0.0,0,0,1,1,0.675,0.44
130,2,-0.12649214267730713,-0.3260343074798584,-0.832203209400177,0.5242747158031211,0.4727056532879129,0,0,0,0.12,0.01,0.0,0.01,0.1,0.9,-1.2,0.0,0,0,1,0,0.675,0.44
130,3,-0.8042924404144287,0.4288187325000763,-3.1221163272857666,0.402408090538151,0.5906356301840474,0,0,0,0.12,0.01,0.0,0.01,0.1,0.9,-1.2,0.0,0,0,1,1,0.675,0.44
130,4,-0.49837976694107056,-0.3437752425670624,-2.2531471252441406,0.4194317195371744,0.5686393644853476,0,0,0,0.12,0.01,0.0,0.01,0.1,0.9,-1.2,0.0,0,0,1,0,0.675,0.44
130,5,-0.7162898182868958,-0.018586227670311928,-2.2103264331817627,0.5389080265091477,0.4542151472045364,0,0,0,0.12,0.01,0.0,0.01,0.1,0.9,-1.2,0.0,0,0,1,0,0.675,0.44
130,6,-0.18739384412765503,-0.043423574417829514,0.8764340281486511,0.6013289885428676,0.3812593026253452,0,0,0,0.12,0.01,0.0,0.01,0.1,0.9,-1.2,0.0,0,0,1,0,0.675,0.44
130,7,-0.40057483315467834,0.429774671792984,0.0064020296558737755,0.6738163192618631,0.32298446103446266,0,0,0,0.12,0.01,0.0,0.01,0.1,0.9,-1.2,0.0,0,0,1,0,0.675,0.44
131,0,-0.43442144989967346,0.2843721807003021,-0.6144136190414429,0.6421812221050119,0.35071140084268093,0,0,0,0.12,0.01,0.0,0.01,0.1,0.9,-1.2,0.0,0,0,1,0,0.675,0.44
131,1,-0.8031327724456787,0.35426223278045654,-3.0897223949432373,0.44161862010852565,0.5544121277819468,0,0,0,0.12,0.01,0.0,0.01,0.1,0.9,-1.2,0.0,0,0,1,1,0.675,0.44
131,2,-0.12582159042358398,-0.32677218317985535,-0.8339836597442627,0.5245502759792164,0.47229389649850584,0,0,0,0.12,0.01,0.0,0.01,0.1,0.9,-1.2,0.0,0,0,1,0,0.675,0.44
131,3,-0.8052858114242554,0.4287964701652527,-3.1153457164764404,0.44855939072152545,0.5439309604785783,0,0,0,0.12,0.01,0.0,0.01,0.1,0.9,-1.2,0.0,0,0,1,1,0.675,0.44
131,4,-0.4990014135837555,-0.34454426169395447,-2.2479329109191895,0.418651856089579,0.5687834847917687,0,0,0,0.12,0.01,0.0,0.01,0.1,0.9,-1.2,0.0,0,0,1,0,0.675,0.44
131,5,-0.7168839573860168,-0.019382663071155548,-2.2131574153900146,0.5390578239970713,0.4536420971340628,0,0,0,0.12,0.01,0.0,0.01,0.1,0.9,-1.2,0.0,0,0,1,0,0.675,0.44
131,6,-0.1867738962173462,-0.04268471151590347,0.8682885766029358,0.6050737503552178,0.3765154477572699,0,0,0,0.12,0.01,0.0,0.01,0.1,0.9,-1.2,0.0,0,0,1,0,0.675,0.44
131,7,-0.39957767724990845,0.4297705292701721,-0.0174703411757946,0.4533557509887655,0.5431725764762918,0,0,0,0.12,0.01,0.0,0.01,0.1,0.9,-1.2,0.0,0,0,1,0,0.675,0.44
132,0,-0.4335918426513672,0.28378045558929443,-0.6249473094940186,0.6371998943393501,0.3550145469600884,0,0,0,0.12,0.01,0.0,0.01,0.1,0.9,-1.2,0.0,0,0,1,0,0.675,0.44
132,1,-0.8041278123855591,0.3542094826698303,-3.087184429168701,0.43611986679838904,0.5595862741966365,0,0,0,0.12,0.01,0.0,0.01,0.1,0.9,-1.2,0.0,0,0,1,1,0.675,0.44
132,2,-0.12515243887901306,-0.32751113176345825,-0.8357986211776733,0.5244109803155577,0.4722910350843752,0,0,0,0.12,0.01,0.0,0.01,0.1,0.9,-1.2,0.0,0,0,1,0,0.675,0.44
132,3,-0.8062784671783447,0.42876681685447693,-3.1085846424102783,0.5042488703318913,0.4876434078625363,0,0,0,0.12,0.01,0.0,0.01,0.1,0.9,-1.2,0.0,0,0,1,1,0.675,0.44
132,4,-0.49961864948272705,-0.34531599283218384,-2.2426860332489014,0.41785001304188907,0.5689234778638725,0,0,0,0.12,0.01,0.0,0.01,0.1,0.9,-1.2,0.0,0,0,1,0,0.675,0.44
132,5,-0.7174801230430603,-0.02017706260085106,-2.2161197662353516,0.5381637129914504,0.45409322641971284,0,0,0,0.12,0.01,0.0,0.01,0.1,0.9,-1.2,0.0,0,0,1,0,0.675,0.44
132,6,-0.18614888191223145,-0.04195217788219452,0.8598993420600891,0.6095072615250116,0.3710376036063666,0,0,0,0.12,0.01,0.0,0.01,0.1,0.9,-1.2,0.0,0,0,1,0,0.675,0.44
132,7,-0.3985811471939087,0.42974531650543213,-0.031967293471097946,0.2865984186626238,0.7096244349979596,0,0,0,0.12,0.01,0.0,0.01,0.1,0.9,-1.2,0.0,0,0,1,0,0.675,0.44
133,0,-0.43276798725128174,0.2831791043281555,-0.6360673308372498,0.630025419130135,0.36145403729457815,0,0,0,0.12,0.01,0.0,0.01,0.1,0.9,-1.2,0.0,0,0,1,0,0.675,0.44
133,1,-0.805122435092926,0.35415366291999817,-3.083442211151123,0.4407919254695135,0.5545663032139581,0,0,0,0.12,0.01,0.0,0.01,0.1,0.9,-1.2,0.0,0,0,1,1,0.675,0.44
133,2,-0.12448468804359436,-0.3282512128353119,-0.8376420736312866,0.5239193486638813,0.4726341915659161,0,0,0,0.12,0.01,0.0,0.01,0.1,0.9,-1.2,0.0,0,0,1,0,0.675,0.44
133,3,-0.8072704672813416,0.42873144149780273,-3.104576349258423,0.5457173836047136,0.4455312240307845,0,0,0,0.12,0.01,0.0,0.01,0.1,0.9,-1.2,0.0,0,0,1,1,0.675,0.44
133,4,-0.5002314448356628,-0.3460904657840729,-2.2374067306518555,0.4170348472290068,0.5690502100295991,0,0,0,0.12,0.01,0.0,0.01,0.1,0.9,-1.2,0.0,0,0,1,0,0.675,0.44
133,5,-0.7180784344673157,-0.02096935175359249,-2.2191267013549805,0.536805670712519,0.45498802139945,0,0,0,0.12,0.01,0.0,0.01,0.1,0.9,-1.2,0.0,0,0,1,0,0.675,0.44
133,6,-0.18551883101463318,-0.0412263423204422,0.8511978983879089,0.6136539064142773,0.36580394881033207,0,0,0,0.12,0.01,0.0,0.01,0.1,0.9,-1.2,0.0,0,0,1,0,0.675,0.44
133,7,-0.3975852131843567,0.4297112226486206,-0.031844791024923325,0.23703823487502343,0.7588591774250865,0,0,0,0.12,0.01,0.0,0.01,0.1,0.9,-1.2,0.0,0,0,1,0,0.675,0.44
134,0,-0.43195173144340515,0.2825692594051361,-0.646996021270752,0.627058045532653,0.3636275366282966,0,0,0,0.12,0.01,0.0,0.01,0.1,0.9,-1.2,0.0,0,0,1,0,0.675,0.44
134,1,-0.8061164617538452,0.35409384965896606,-3.079169511795044,0.449146794078823,0.5458385479469338,0,0,0,0.12,0.01,0.0,0.01,0.1,0.9,-1.2,0.0,0,0,1,1,0.675,0.44
134,2,-0.12381836771965027,-0.3289923667907715,-0.8394883871078491,0.5233183789693286,0.4730802487886975,0,0,0,0.12,0.01,0.0,0.01,0.1,0.9,-1.2,0.0,0,0,1,0,0.675,0.44
134,3,-0.8082617521286011,0.4286939799785614,-3.104376792907715,0.5604377368148029,0.4301218411270916,0,0,0,0.12,0.01,0.0,0.01,0.1,0.9,-1.2,0.0,0,0,1,1,0.675,0.44
134,4,-0.5008396506309509,-0.3468676805496216,-2.2320945262908936,0.41622426529890205,0.5691453574084648,0,0,0,0.12,0.01,0.0,0.01,0.1,0.9,-1.2,0.0,0,0,1,0,0.675,0.44
134,5,-0.7186788320541382,-0.021759502589702606,-2.2221007347106934,0.5356038729417536,0.4557049353849675,0,0,0,0.12,0.01,0.0,0.01,0.1,0.9,-1.2,0.0,0,0,1,0,0.675,0.44
134,6,-0.18488365411758423,-0.040507592260837555,0.8421265482902527,0.6169028062062227,0.3614272099299467,0,0,0,0.12,0.01,0.0,0.01,0.1,0.9,-1.2,0.0,0,0,1,0,0.675,0.44
134,7,-0.39658933877944946,0.4296835660934448,-0.019316134974360466,0.3044759960441238,0.6910820870132797,0,0,0,0.12,0.01,0.0,0.01,0.1,0.9,-1.2,0.0,0,0,1,0,0.675,0.44
135,0,-0.43114352226257324,0.28195181488990784,-0.6574370265007019,0.630588255974828,0.35924229755681875,0,0,0,0.12,0.01,0.0,0.01,0.1,0.9,-1.2,0.0,0,0,1,0,0.675,0.44
135,1,-0.8071098923683167,0.3540298044681549,-3.075094223022461,0.45459461227537673,0.5399913190257403,0,0,0,0.12,0.01,0.0,0.01,0.1,0.9,-1.2,0.0,0,0,1,1,0.675,0.44
135,2,-0.12315347790718079,-0.32973459362983704,-0.8413093090057373,0.5228731406614303,0.47336389890460967,0,0,0,0.12,0.01,0.0,0.01,0.1,0.9,-1.2,0.0,0,0,1,0,0.675,0.44
135,3,-0.8092524409294128,0.42865797877311707,-3.1073150634765625,0.5496121871206331,0.44021216752795694,0,0,0,0.12,0.01,0.0,0.01,0.1,0.9,-1.2,0.0,0,0,1,1,0.675,0.44
135,4,-0.5014432668685913,-0.34764763712882996,-2.2267496585845947,0.41542387487658106,0.5692027759336606,0,0,0,0.12,0.01,0.0,0.01,0.1,0.9,-1.2,0.0,0,0,1,0,0.675,0.44
135,5,-0.7192813158035278,-0.022547516971826553,-2.2250020503997803,0.5348942697668432,0.4559065281724574,0,0,0,0.12,0.01,0.0,0.01,0.1,0.9,-1.2,0.0,0,0,1,0,0.675,0.44
135,6,-0.18424320220947266,-0.03979622945189476,0.8326907157897949,0.6191351130810852,0.35802778450573736,0,0,0,0.12,0.01,0.0,0.01,0.1,0.9,-1.2,0.0,0,0,1,0,0.675,0.44
135,7,-0.39559340476989746,0.42967262864112854,-0.0025436829309910536,0.4333797677029678,0.5618152634631087,0,0,0,0.12,0.01,0.0,0.01,0.1,0.9,-1.2,0.0,0,0,1,0,0.675,0.44
136,0,-0.43034279346466064,0.28132691979408264,-0.6676174998283386,0.6387123638709218,0.3501995628754467,0,0,0,0.12,0.01,0.0,0.01,0.1,0.9,-1.2,0.0,0,0,1,0,0.675,0.44
136,1,-0.8081026673316956,0.35396191477775574,-3.0715668201446533,0.45416694173932914,0.5399914454448139,0,0,0,0.12,0.01,0.0,0.01,0.1,0.9,-1.2,0.0,0,0,1,1,0.675,0.44
136,2,-0.1224900335073471,-0.33047792315483093,-0.8430922627449036,0.5226940493305154,0.47337448790474457,0,0,0,0.12,0.01,0.0,0.01,0.1,0.9,-1.2,0.0,0,0,1,0,0.675,0.44
136,3,-0.8102425932884216,0.4286257326602936,-3.1116862297058105,0.5237103834256266,0.46532975291165357,0,0,0,0.12,0.01,0.0,0.01,0.1,0.9,-1.2,0.0,0,0,1,1,0.675,0.44
136,4,-0.5020421743392944,-0.3484302759170532,-2.2213728427886963,0.4146349579677824,0.5692207663669344,0,0,0,0.12,0.01,0.0,0.01,0.1,0.9,-1.2,0.0,0,0,1,0,0.675,0.44
136,5,-0.7198857069015503,-0.023333409801125526,-2.2278337478637695,0.5346873117875645,0.4555812762785366,0,0,0,0.12,0.01,0.0,0.01,0.1,0.9,-1.2,0.0,0,0,1,0,0.675,0.44
136,6,-0.18359725177288055,-0.03909244015812874,0.8229483366012573,0.6207373798749253,0.3552201329806045,0,0,0,0.12,0.01,0.0,0.01,0.1,0.9,-1.2,0.0,0,0,1,0,0.675,0.44
136,7,-0.39459776878356934,0.4296792149543762,0.013051730580627918,0.5778094967394055,0.41698880591104615,0,0,0,0.12,0.01,0.0,0.01,0.1,0.9,-1.2,0.0,0,0,1,0,0.675,0.44
137,0,-0.4295486509799957,0.28069403767585754,-0.6780035495758057,0.647785867390282,0.34014037734543573,0,0,0,0.12,0.01,0.0,0.01,0.1,0.9,-1.2,0.0,0,0,1,0,0.675,0.44
137,1,-0.8090948462486267,0.3538907468318939,-3.068476676940918,0.4489933709707245,0.5447079081926361,0,0,0,0.12,0.01,0.0,0.01,0.1,0.9,-1.2,0.0,0,0,1,1,0.675,0.44
137,2,-0.12182804197072983,-0.3312223255634308,-0.8448473215103149,0.5227031032175135,0.47318983873423837,0,0,0,0.12,0.01,0.0,0.01,0.1,0.9,-1.2,0.0,0,0,1,0,0.675,0.44
137,3,-0.8112321496009827,0.42859795689582825,-3.1156818866729736,0.49555760478563693,0.4926452651064833,0,0,0,0.12,0.01,0.0,0.01,0.1,0.9,-1.2,0.0,0,0,1,1,0.675,0.44
137,4,-0.5026364326477051,-0.349215567111969,-2.215965747833252,0.4138485556183501,0.5692078108252838,0,0,0,0.12,0.01,0.0,0.01,0.1,0.9,-1.2,0.0,0,0,1,0,0.675,0.44
137,5,-0.7204920649528503,-0.02411719039082527,-2.230626344680786,0.5347732340662187,0.4549382293851668,0,0,0,0.12,0.01,0.0,0.01,0.1,0.9,-1.2,0.0,0,0,1,0,0.675,0.44
137,6,-0.18294557929039001,-0.038396336138248444,0.8129743337631226,0.6222884759868214,0.35242580318798333,0,0,0,0.12,0.01,0.0,0.01,0.1,0.9,-1.2,0.0,0,0,1,0,0.675,0.44
137,7,-0.3936026692390442,0.4296967089176178,0.01923496462404728,0.6574997920341592,0.3368693571739096,0,0,0,0.12,0.01,0.0,0.01,0.1,0.9,-1.2,0.0,0,0,1,0,0.675,0.44
138,0,-0.428760826587677,0.2800523340702057,-0.6889798641204834,0.6549296862682212,0.3319398277202737,0,0,0,0.12,0.01,0.0,0.01,0.1,0.9,-1.2,0.0,0,0,1,0,0.675,0.44
138,1,-0.8100863099098206,0.3538166284561157,-3.0654540061950684,0.4423697538826298,0.550843422844665,0,0,0,0.12,0.01,0.0,0.01,0.1,0.9,-1.2,0.0,0,0,1,1,0.675,0.44
138,2,-0.12116750329732895,-0.331967830657959,-0.8465942740440369,0.5227215260014363,0.472988429690855,0,0,0,0.12,0.01,0.0,0.01,0.1,0.9,-1.2,0.0,0,0,1,0,0.675,0.44
138,3,-0.8122210502624512,0.4285736680030823,-3.118098258972168,0.4752800365772221,0.5120295385036494,0,0,0,0.12,0.01,0.0,0.01,0.1,0.9,-1.2,0.0,0,0,1,1,0.675,0.44
138,4,-0.5032259821891785,-0.3500034213066101,-2.2105300426483154,0.4130627492792234,0.5691654702299015,0,0,0,0.12,0.01,0.0,0.01,0.1,0.9,-1.2,0.0,0,0,1,0,0.675,0.44
138,5,-0.7211002707481384,-0.024898849427700043,-2.2334158420562744,0.5348792419497844,0.4542503609593037,0,0,0,0.12,0.01,0.0,0.01,0.1,0.9,-1.2,0.0,0,0,1,0,0.675,0.44
138,6,-0.18228808045387268,-0.03770802915096283,0.8028215169906616,0.6242547890759638,0.3491791823290655,0,0,0,0.12,0.01,0.0,0.01,0.1,0.9,-1.2,0.0,0,0,1,0,0.675,0.44
138,7,-0.39260801672935486,0.429715633392334,0.015555812045931816,0.6567172722976279,0.33719792793583164,0,0,0,0.12,0.01,0.0,0.01,0.1,0.9,-1.2,0.0,0,0,1,0,0.675,0.44
139,0,-0.42797961831092834,0.27940115332603455,-0.7006779909133911,0.659246434397231,0.326491246991624,0,0,0,0.12,0.01,0.0,0.01,0.1,0.9,-1.2,0.0,0,0,1,0,0.675,0.44
139,1,-0.8110771179199219,0.3537394106388092,-3.0621511936187744,0.43728552306552043,0.5554073647175302,0,0,0,0.12,0.01,0.0,0.01,0.1,0.9,-1.2,0.0,0,0,1,1,0.675,0.44
139,2,-0.12050841748714447,-0.33271434903144836,-0.8483458757400513,0.522645743684989,0.47287365595795533,0,0,0,0.12,0.01,0.0,0.01,0.1,0.9,-1.2,0.0,0,0,1,0,0.675,0.44
139,3,-0.8132091760635376,0.4285510182380676,-3.118598461151123,0.4675000626287522,0.5188575666704116,0,0,0,0.12,0.01,0.0,0.01,0.1,0.9,-1.2,0.0,0,0,1,1,0.675,0.44
139,4,-0.5038107633590698,-0.3507937788963318,-2.2050671577453613,0.4122712155288269,0.5690996507698486,0,0,0,0.12,0.01,0.0,0.01,0.1,0.9,-1.2,0.0,0,0,1,0,0.675,0.44
139,5,-0.7217103242874146,-0.025678366422653198,-2.236226797103882,0.5347931425680269,0.45372998308047163,0,0,0,0.12,0.01,0.0,0.01,0.1,0.9,-1.2,0.0,0,0,1,0,0.675,0.44
139,6,-0.18162472546100616,-0.037027690559625626,0.7925012707710266,0.6268060319086132,0.3453115709165516,0,0,0,0.12,0.01,0.0,0.01,0.1,0.9,-1.2,0.0,0,0,1,0,0.675,0.44
139,7,-0.391613632440567,0.42972737550735474,0.005642630159854889,0.5938468578556493,0.39958864419665785,0,0,0,0.12,0.01,0.0,0.01,0.1,0.9,-1.2,0.0,0,0,1,0,0.675,0.44
140,0,-0.427205890417099,0.278740257024765,-0.7129964232444763,0.6615697307142608,0.32295749954849556,0,0,0,0.12,0.01,0.0,0.01,0.1,0.9,-1.2,0.0,0,0,1,0,0.675,0.44
140,1,-0.8120671510696411,0.3536587655544281,-3.0584206581115723,0.43496846810630385,0.557170752131428,0,0,0,0.12,0.01,0.0,0.01,0.1,0.9,-1.2,0.0,0,0,1,1,0.675,0.44
140,2,-0.1198507696390152,-0.3334619104862213,-0.850102961063385,0.5224720517169543,0.47284898366817746,0,0,0,0.12,0.01,0.0,0.01,0.1,0.9,-1.2,0.0,0,0,1,0,0.675,0.44
140,3,-0.8141964077949524,0.4285280406475067,-3.1175832748413086,0.47160629563969286,0.5137379950936445,0,0,0,0.12,0.01,0.0,0.01,0.1,0.9,-1.2,0.0,0,0,1,1,0.675,0.44
140,4,-0.5043908357620239,-0.35158663988113403,-2.199578285217285,0.41147524833933574,0.5690087008450819,0,0,0,0.12,0.01,0.0,0.01,0.1,0.9,-1.2,0.0,0,0,1,0,0.675,0.44
140,5,-0.7223222255706787,-0.026455707848072052,-2.239064931869507,0.5344371376102417,0.45345519208259893,0,0,0,0.12,0.01,0.0,0.01,0.1,0.9,-1.2,0.0,0,0,1,0,0.675,0.44
140,6,-0.18095560371875763,-0.036355551332235336,0.7819874882698059,0.6297947667779962,0.34097249281978215,0,0,0,0.12,0.01,0.0,0.01,0.1,0.9,-1.2,0.0,0,0,1,0,0.675,0.44
140,7,-0.3906196057796478,0.4297279119491577,-0.006272188853472471,0.497711049343984,0.49521179315860997,0,0,0,0.12,0.01,0.0,0.01,0.1,0.9,-1.2,0.0,0,0,1,0,0.675,0.44
141,0,-0.4264405369758606,0.2780696451663971,-0.725734531879425,0.6634202027540876,0.319815394856386,0,0,0,0.12,0.01,0.0,0.01,0.1,0.9,-1.2,0.0,0,0,1,0,0.675,0.44
141,1,-0.8130563497543335,0.35357433557510376,-3.054330348968506,0.43481769436908263,0.5567331088154266,0,0,0,0.12,0.01,0.0,0.01,0.1,0.9,-1.2,0.0,0,0,1,1,0.675,0.44
141,2,-0.11919453740119934,-0.33421045541763306,-0.8518618941307068,0.5222343294484826,0.47288035465643685,0,0,0,0.12,0.01,0.0,0.01,0.1,0.9,-1.2,0.0,0,0,1,0,0.675,0.44
141,3,-0.815182626247406,0.42850354313850403,-3.1158745288848877,0.48308151052351145,0.5011848302090629,0,0,0,0.12,0.01,0.0,0.01,0.1,0.9,-1.2,0.0,0,0,1,1,0.675,0.44
141,4,-0.5049660205841064,-0.35238194465637207,-2.194064140319824,0.41068066897281175,0.5688867395888948,0,0,0,0.12,0.01,0.0,0.01,0.1,0.9,-1.2,0.0,0,0,1,0,0.675,0.44
141,5,-0.7229359149932861,-0.027230843901634216,-2.2419209480285645,0.5338523742156688,0.4533846620125112,0,0,0,0.12,0.01,0.0,0.01,0.1,0.9,-1.2,0.0,0,0,1,0,0.675,0.44
141,6,-0.18028074502944946,-0.03569189831614494,0.7712364196777344,0.6328980443021338,0.33648763923439573,0,0,0,0.12,0.01,0.0,0.01,0.1,0.9,-1.2,0.0,0,0,1,0,0.675,0.44
141,7,-0.3896261155605316,0.42971813678741455,-0.013659772463142872,0.4225246917757822,0.5698479402508901,0,0,0,0.12,0.01,0.0,0.01,0.1,0.9,-1.2,0.0,0,0,1,0,0.675,0.44
142,0,-0.4256843030452728,0.2773895561695099,-0.7387291193008423,0.6660367143521372,0.3158248173823293,0,0,0,0.12,0.01,0.0,0.01,0.1,0.9,-1.2,0.0,0,0,1,0,0.675,0.44
142,1,-0.8140445947647095,0.3534858226776123,-3.050057888031006,0.43534186751759096,0.5555842193850274,0,0,0,0.12,0.01,0.0,0.01,0.1,0.9,-1.2,0.0,0,0,1,1,0.675,0.44
142,2,-0.1185397133231163,-0.3349599540233612,-0.8536188006401062,0.5219704648632585,0.4729296425204696,0,0,0,0.12,0.01,0.0,0.01,0.1,0.9,-1.2,0.0,0,0,1,0,0.675,0.44
142,3,-0.8161678314208984,0.42847737669944763,-3.114321708679199,0.4960459677475374,0.48707453329387496,0,0,0,0.12,0.01,0.0,0.01,0.1,0.9,-1.2,0.0,0,0,1,1,0.675,0.44
142,4,-0.5055363178253174,-0.3531797230243683,-2.1885249614715576,0.409897523252074,0.5687233635505993,0,0,0,0.12,0.01,0.0,0.01,0.1,0.9,-1.2,0.0,0,0,1,0,0.675,0.44
142,5,-0.7235514521598816,-0.028003746643662453,-2.2447776794433594,0.5331421519335892,0.45341467608841396,0,0,0,0.12,0.01,0.0,0.01,0.1,0.9,-1.2,0.0,0,0,1,0,0.675,0.44
142,6,-0.17960017919540405,-0.03503704443573952,0.7602107524871826,0.6357703533131993,0.33220591879297146,0,0,0,0.12,0.01,0.0,0.01,0.1,0.9,-1.2,0.0,0,0,1,0,0.675,0.44
142,7,-0.38863322138786316,0.429703027009964,-0.014971591532230377,0.38749561435161534,0.6042922961098104,0,0,0,0.12,0.01,0.0,0.01,0.1,0.9,-1.2,0.0,0,0,1,0,0.675,0.44
143,0,-0.42493754625320435,0.27670007944107056,-0.7519233822822571,0.6698925311011877,0.3105123227196131,0,0,0,0.12,0.01,0.0,0.01,0.1,0.9,-1.2,0.0,0,0,1,0,0.675,0.44
143,1,-0.815031886100769,0.3533931374549866,-3.0457651615142822,0.43519265135002055,0.555070751111985,0,0,0,0.12,0.01,0.0,0.01,0.1,0.9,-1.2,0.0,0,0,1,1,0.675,0.44
143,2,-0.11788630485534668,-0.33571043610572815,-0.8553683161735535,0.5217332161757369,0.4729438506272416,0,0,0,0.12,0.01,0.0,0.01,0.1,0.9,-1.2,0.0,0,0,1,0,0.675,0.44
143,3,-0.8171519041061401,0.42844998836517334,-3.1135079860687256,0.5059131628009018,0.4759908074406448,0,0,0,0.12,0.01,0.0,0.01,0.1,0.9,-1.2,0.0,0,0,1,1,0.675,0.44
143,4,-0.5061016082763672,-0.3539799451828003,-2.182962417602539,0.4091246185689582,0.5685195865244256,0,0,0,0.12,0.01,0.0,0.01,0.1,0.9,-1.2,0.0,0,0,1,0,0.675,0.44
143,5,-0.7241687178611755,-0.02877439185976982,-2.247619390487671,0.5324168493121353,0.45343402129714827,0,0,0,0.12,0.01,0.0,0.01,0.1,0.9,-1.2,0.0,0,0,1,0,0.675,0.44
143,6,-0.1789138913154602,-0.03439128026366234,0.7488956451416016,0.638195523355527,0.32834743585772985,0,0,0,0.12,0.01,0.0,0.01,0.1,0.9,-1.2,0.0,0,0,1,0,0.675,0.44
143,7,-0.3876408636569977,0.42968931794166565,-0.010888942517340183,0.3966448733990263,0.5945260097796846,0,0,0,0.12,0.01,0.0,0.01,0.1,0.9,-1.2,0.0,0,0,1,0,0.675,0.44
144,0,-0.4242005944252014,0.2760011851787567,-0.765360414981842,0.6747585762522843,0.30410752405899505,0,0,0,0.12,0.01,0.0,0.01,0.1,0.9,-1.2,0.0,0,0,1,0,0.675,0.44
144,1,-0.8160181641578674,0.35329633951187134,-3.0415217876434326,0.4337840435935314,0.5557771565483753,0,0,0,0.12,0.01,0.0,0.01,0.1,0.9,-1.2,0.0,0,0,1,1,0.675,0.44
144,2,-0.11723432689905167,-0.3364619016647339,-0.8571052551269531,0.5215645283592271,0.47288085518950945,0,0,0,0.12,0.01,0.0,0.01,0.1,0.9,-1.2,0.0,0,0,1,0,0.675,0.44
144,3,-0.8181348443031311,0.4284222722053528,-3.1136362552642822,0.5102597817005162,0.470354344028091,0,0,0,0.12,0.01,0.0,0.01,0.1,0.9,-1.2,0.0,0,0,1,1,0.675,0.44
144,4,-0.5066617727279663,-0.3547825813293457,-2.177377939224243,0.4083668262345527,0.5682704179899957,0,0,0,0.12,0.01,0.0,0.01,0.1,0.9,-1.2,0.0,0,0,1,0,0.675,0.44
144,5,-0.7247878313064575,-0.02954275533556938,-2.250436544418335,0.5317512976776522,0.45336715105663133,0,0,0,0.12,0.01,0.0,0.01,0.1,0.9,-1.2,0.0,0,0,1,0,0.675,0.44
144,6,-0.17822183668613434,-0.03375484421849251,0.7373023629188538,0.6401346188557514,0.32495488109465753,0,0,0,0.12,0.01,0.0,0.01,0.1,0.9,-1.2,0.0,0,0,1,0,0.675,0.44
144,7,-0.3866489827632904,0.42968180775642395,-0.004296726081520319,0.4343446025788667,0.5561742057860015,0,0,0,0.12,0.01,0.0,0.01,0.1,0.9,-1.2,0.0,0,0,1,0,0.675,0.44
145,0,-0.423473596572876,0.27529269456863403,-0.7791312336921692,0.6800652967425005,0.2971805109052047,0,0,0,0.12,0.01,0.0,0.01,0.1,0.9,-1.2,0.0,0,0,1,0,0.675,0.44
145,1,-0.8170033693313599,0.3531953990459442,-3.0373005867004395,0.4312931015299018,0.5575248286916558,0,0,0,0.12,0.01,0.0,0.01,0.1,0.9,-1.2,0.0,0,0,1,1,0.675,0.44
145,2,-0.11658380180597305,-0.33721432089805603,-0.858830988407135,0.5214620310022235,0.47274284780484427,0,0,0,0.12,0.01,0.0,0.01,0.1,0.9,-1.2,0.0,0,0,1,0,0.675,0.44
145,3,-0.8191165924072266,0.4283950924873352,-3.1145479679107666,0.5092026653997802,0.4700456794984437,0,0,0,0.12,0.01,0.0,0.01,0.1,0.9,-1.2,0.0,0,0,1,1,0.675,0.44
145,4,-0.5072168707847595,-0.35558754205703735,-2.1717734336853027,0.40761735936807425,0.567982585223448,0,0,0,0.12,0.01,0.0,0.01,0.1,0.9,-1.2,0.0,0,0,1,0,0.675,0.44
145,5,-0.7254086136817932,-0.03030882403254509,-2.253227710723877,0.5311656805737369,0.4531934645907528,0,0,0,0.12,0.01,0.0,0.01,0.1,0.9,-1.2,0.0,0,0,1,0,0.675,0.44
145,6,-0.1775238960981369,-0.03312794119119644,0.7254611253738403,0.6417071077716306,0.32191266084790676,0,0,0,0.12,0.01,0.0,0.01,0.1,0.9,-1.2,0.0,0,0,1,0,0.675,0.44
145,7,-0.3856576681137085,0.4296819269657135,0.004020350985229015,0.4964245172531904,0.4934028176276384,0,0,0,0.12,0.01,0.0,0.01,0.1,0.9,-1.2,0.0,0,0,1,0,0.675,0.44
146,0,-0.4227569103240967,0.2745743691921234,-0.7933201789855957,0.685281024796187,0.2902634278710493,0,0,0,0.12,0.01,0.0,0.01,0.1,0.9,-1.2,0.0,0,0,1,0,0.675,0.44
146,1,-0.8179873824119568,0.3530903160572052,-3.0330231189727783,0.42829372869253296,0.5597387315201745,0,0,0,0.12,0.01,0.0,0.01,0.1,0.9,-1.2,0.0,0,0,1,1,0.675,0.44
146,2,-0.11593476682901382,-0.33796772360801697,-0.8605530261993408,0.5213675233748313,0.47258773117991715,0,0,0,0.12,0.01,0.0,0.01,0.1,0.9,-1.2,0.0,0,0,1,0,0.675,0.44
146,3,-0.8200971484184265,0.42836910486221313,-3.1158878803253174,0.5043992027969764,0.47340474274440547,0,0,0,0.12,0.01,0.0,0.01,0.1,0.9,-1.2,0.0,0,0,1,1,0.675,0.44
146,4,-0.507766842842102,-0.35639479756355286,-2.1661505699157715,0.4068741616687187,0.5676579061070076,0,0,0,0.12,0.01,0.0,0.01,0.1,0.9,-1.2,0.0,0,0,1,0,0.675,0.44
146,5,-0.7260310649871826,-0.0310725849121809,-2.2559967041015625,0.5306401317206179,0.45293258976070533,0,0,0,0.12,0.01,0.0,0.01,0.1,0.9,-1.2,0.0,0,0,1,0,0.675,0.44
146,6,-0.1768200397491455,-0.03251074254512787,0.7134078145027161,0.6430961825662079,0.31904139735169973,0,0,0,0.12,0.01,0.0,0.01,0.1,0.9,-1.2,0.0,0,0,1,0,0.675,0.44
146,7,-0.3846670389175415,0.42968815565109253,0.008268380537629128,0.5365725381722133,0.45252088471749613,0,0,0,0.12,0.01,0.0,0.01,0.1,0.9,-1.2,0.0,0,0,1,0,0.675,0.44
147,0,-0.42205092310905457,0.2738460600376129,-0.8079729080200195,0.690126548562904,0.2836359636441272,0,0,0,0.12,0.01,0.0,0.01,0.1,0.9,-1.2,0.0,0,0,1,0,0.675,0.44
147,1,-0.818970263004303,0.35298100113868713,-3.028611898422241,0.4253589362140894,0.5618447214130163,0,0,0,0.12,0.01,0.0,0.01,0.1,0.9,-1.2,0.0,0,0,1,1,0.675,0.44
147,2,-0.11528721451759338,-0.3387220799922943,-0.8622774481773376,0.5212346794791052,0.4724617121033838,0,0,0,0.12,0.01,0.0,0.01,0.1,0.9,-1.2,0.0,0,0,1,0,0.675,0.44
147,3,-0.8210763335227966,0.4283445477485657,-3.117276906967163,0.49811959655998905,0.47815823165656357,0,0,0,0.12,0.01,0.0,0.01,0.1,0.9,-1.2,0.0,0,0,1,1,0.675,0.44
147,4,-0.5083117485046387,-0.35720422863960266,-2.1605114936828613,0.4061305015951234,0.5673031121820372,0,0,0,0.12,0.01,0.0,0.01,0.1,0.9,-1.2,0.0,0,0,1,0,0.675,0.44
147,5,-0.7266551852226257,-0.03183402866125107,-2.2587499618530273,0.5301303352805024,0.4526290808228608,0,0,0,0.12,0.01,0.0,0.01,0.1,0.9,-1.2,0.0,0,0,1,0,0.675,0.44
147,6,-0.17611022293567657,-0.031903404742479324,0.701171875,0.6444568959656032,0.3161898525771824,0,0,0,0.12,0.01,0.0,0.01,0.1,0.9,-1.2,0.0,0,0,1,0,0.675,0.44
147,7,-0.3836771249771118,0.42969733476638794,0.008983524516224861,0.5546860572888063,0.4336327436374022,0,0,0,0.12,0.01,0.0,0.01,0.1,0.9,-1.2,0.0,0,0,1,0,0.675,0.44
148,0,-0.4213562309741974,0.273107647895813,-0.8230937123298645,0.6945845949836856,0.2773160469344967,0,0,0,0.12,0.01,0.0,0.01,0.1,0.9,-1.2,0.0,0,0,1,0,0.675,0.44
148,1,-0.8199517726898193,0.35286733508110046,-3.0240252017974854,0.42279721253407004,0.5635334158610106,0,0,0,0.12,0.01,0.0,0.01,0.1,0.9,-1.2,0.0,0,0,1,1,0.675,0.44
148,2,-0.11464115232229233,-0.33947741985321045,-0.8640031814575195,0.5210762694897106,0.47235178198199956,0,0,0,0.12,0.01,0.0,0.01,0.1,0.9,-1.2,0.0,0,0,1,0,0.675,0.44
148,3,-0.8220541477203369,0.42832139134407043,-3.118431806564331,0.4922588558523062,0.48240833565312585,0,0,0,0.12,0.01,0.0,0.01,0.1,0.9,-1.2,0.0,0,0,1,1,0.675,0.44
148,4,-0.5088515281677246,-0.3580158054828644,-2.154857873916626,0.40538650671236975,0.5669180162788107,0,0,0,0.12,0.01,0.0,0.01,0.1,0.9,-1.2,0.0,0,0,1,0,0.675,0.44
148,5,-0.727280855178833,-0.032593149691820145,-2.261492967605591,0.5295900023521888,0.45232946509699945,0,0,0,0.12,0.01,0.0,0.01,0.1,0.9,-1.2,0.0,0,0,1,0,0.675,0.44
148,6,-0.1753944605588913,-0.031306080520153046,0.6887696981430054,0.6458770079590701,0.3132744388602353,0,0,0,0.12,0.01,0.0,0.01,0.1,0.9,-1.2,0.0,0,0,1,0,0.675,0.44
148,7,-0.38268792629241943,0.4297056198120117,0.006860329303890467,0.5504345198557609,0.4370699624135263,0,0,0,0.12,0.01,0.0,0.01,0.1,0.9,-1.2,0.0,0,0,1,0,0.675,0.44
149,0,-0.4206733703613281,0.27235907316207886,-0.8386613130569458,0.6988041570108238,0.2711563537199196,0,0,0,0.12,0.01,0.0,0.01,0.1,0.9,-1.2,0.0,0,0,1,0,0.675,0.44
149,1,-0.8209319710731506,0.35274919867515564,-3.0192604064941406,0.42063166391045953,0.5647808145365009,0,0,0,0.12,0.01,0.0,0.01,0.1,0.9,-1.2,0.0,0,0,1,1,0.675,0.44
149,2,-0.11399655789136887,-0.3402336537837982,-0.8657269477844238,0.520925657878492,0.4722243379253411,0,0,0,0.12,0.01,0.0,0.01,0.1,0.9,-1.2,0.0,0,0,1,0,0.675,0.44
149,3,-0.8230304718017578,0.4282992482185364,-3.1192195415496826,0.48814697449868044,0.48482214028174564,0,0,0,0.12,0.01,0.0,0.01,0.1,0.9,-1.2,0.0,0,0,1,1,0.675,0.44
149,4,-0.5093861818313599,-0.35882946848869324,-2.149190664291382,0.4046387278404415,0.5665061271819889,0,0,0,0.12,0.01,0.0,0.01,0.1,0.9,-1.2,0.0,0,0,1,0,0.675,0.44
149,5,-0.7279081344604492,-0.03334994241595268,-2.264228105545044,0.5289947794211857,0.45205851333012653,0,0,0,0.12,0.01,0.0,0.01,0.1,0.9,-1.2,0.0,0,0,1,0,0.675,0.44
149,6,-0.17467278242111206,-0.030718931928277016,0.6762058734893799,0.6473442348754118,0.31031185061576855,0,0,0,0.12,0.01,0.0,0.01,0.1,0.9,-1.2,0.0,0,0,1,0,0.675,0.44
149,7,-0.38169947266578674,0.42971062660217285,0.0035002846270799637,0.5321107585825272,0.4545387546621017,0,0,0,0.12,0.01,0.0,0.01,0.1,0.9,-1.2,0.0,0,0,1,0,0.675,0.44
150,0,-0.4200029671192169,0.2716003656387329,-0.8546493053436279,0.7029534538467783,0.26499152582088525,0,0,0,0.12,0.01,0.0,0.01,0.1,0.9,-1.2,0.0,0,0,1,0,0.675,0.44
150,1,-0.8219106793403625,0.3526264429092407,-3.0143415927886963,0.4186916068706205,0.5657568260517428,0,0,0,0.12,0.01,0.0,0.01,0.1,0.9,-1.2,0.0,0,0,1,1,0.675,0.44
150,2,-0.11335340887308121,-0.34099075198173523,-0.8674493432044983,0.5207769381271113,0.47208516724245647,0,0,0,0.12,0.01,0.0,0.01,0.1,0.9,-1.2,0.0,0,0,1,0,0.675,0.44
150,3,-0.8240052461624146,0.42827773094177246,-3.1196460723876953,0.48619436724611287,0.48498672740034093,0,0,0,0.12,0.01,0.0,0.01,0.1,0.9,-1.2,0.0,0,0,1,1,0.675,0.44
150,4,-0.5099156498908997,-0.35964521765708923,-2.1435108184814453,0.4038959080055345,0.566058761470021,0,0,0,0.12,0.01,0.0,0.01,0.1,0.9,-1.2,0.0,0,0,1,0,0.675,0.44
150,5,-0.7285369038581848,-0.03410438820719719,-2.2669551372528076,0.528330104212568,0.45183120502968055,0,0,0,0.12,0.01,0.0,0.01,0.1,0.9,-1.2,0.0,0,0,1,0,0.675,0.44
150,6,-0.17394527792930603,-0.03014213591814041,0.6634770035743713,0.6487684764028347,0.30739695652715787,0,0,0,0.12,0.01,0.0,0.01,0.1,0.9,-1.2,0.0,0,0,1,0,0.675,0.44
150,7,-0.38071179389953613,0.42971140146255493,-0.0021728791762143373,0.49073825345935845,0.4950142098814008,0,0,0,0.12,0.01,0.0,0.01,0.1,0.9,-1.2,0.0,0,0,1,0,0.675,0.44
151,0,-0.41934552788734436,0.27083152532577515,-0.8710398077964783,0.7071525693228976,0.25870606896369297,0,0,0,0.12,0.01,0.0,0.01,0.1,0.9,-1.2,0.0,0,0,1,0,0.675,0.44
151,1,-0.8228878974914551,0.35249900817871094,-3.0092971324920654,0.4167785966395358,0.5666591203213712,0,0,0,0.12,0.01,0.0,0.01,0.1,0.9,-1.2,0.0,0,0,1,1,0.675,0.44
151,2,-0.11271170526742935,-0.34174874424934387,-0.8691728115081787,0.5206122846286352,0.4719517975170556,0,0,0,0.12,0.01,0.0,0.01,0.1,0.9,-1.2,0.0,0,0,1,0,0.675,0.44
151,3,-0.8249782919883728,0.4282565116882324,-3.1198182106018066,0.48610771955303245,0.48319266973682345,0,0,0,0.12,0.01,0.0,0.01,0.1,0.9,-1.2,0.0,0,0,1,1,0.675,0.44
151,4,-0.5104397535324097,-0.3604629933834076,-2.1378190517425537,0.4031664635309404,0.5655676816335493,0,0,0,0.12,0.01,0.0,0.01,0.1,0.9,-1.2,0.0,0,0,1,0,0.675,0.44
151,5,-0.7291671633720398,-0.03485647216439247,-2.2696712017059326,0.527605756296416,0.45163805864880496,0,0,0,0.12,0.01,0.0,0.01,0.1,0.9,-1.2,0.0,0,0,1,0,0.675,0.44
151,6,-0.1732119917869568,-0.029575876891613007,0.6505791544914246,0.6500434378074179,0.3046411177231302,0,0,0,0.12,0.01,0.0,0.01,0.1,0.9,-1.2,0.0,0,0,1,0,0.675,0.44
151,7,-0.37972497940063477,0.4297083914279938,-0.004447202198207378,0.4678161982582764,0.5169952865554138,0,0,0,0.12,0.01,0.0,0.01,0.1,0.9,-1.2,0.0,0,0,1,0,0.675,0.44
152,0,-0.4187015891075134,0.27005261182785034,-0.8878267407417297,0.7114455488996841,0.2522618981523177,0,0,0,0.12,0.01,0.0,0.01,0.1,0.9,-1.2,0.0,0,0,1,0,0.675,0.44
152,1,-0.8238635063171387,0.35236674547195435,-3.004147529602051,0.41474158898894786,0.5676380263179064,0,0,0,0.12,0.01,0.0,0.01,0.1,0.9,-1.2,0.0,0,0,1,1,0.675,0.44
152,2,-0.1120714545249939,-0.34250760078430176,-0.8708961606025696,0.520442867649289,0.4718130584829132,0,0,0,0.12,0.01,0.0,0.01,0.1,0.9,-1.2,0.0,0,0,1,0,0.675,0.44
152,3,-0.8259496092796326,0.42823541164398193,-3.1198811531066895,0.4871920771113704,0.48013253741347095,0,0,0,0.12,0.01,0.0,0.01,0.1,0.9,-1.2,0.0,0,0,1,1,0.675,0.44
152,4,-0.5109584927558899,-0.3612827658653259,-2.1321170330047607,0.4024511730658882,0.5650322282326348,0,0,0,0.12,0.01,0.0,0.01,0.1,0.9,-1.2,0.0,0,0,1,0,0.675,0.44
152,5,-0.7297988533973694,-0.03560617193579674,-2.2723729610443115,0.5268248846432316,0.45147610403093225,0,0,0,0.12,0.01,0.0,0.01,0.1,0.9,-1.2,0.0,0,0,1,0,0.675,0.44
152,6,-0.1724729686975479,-0.02902032621204853,0.6375142931938171,0.6510716641559747,0.3021466767177435,0,0,0,0.12,0.01,0.0,0.01,0.1,0.9,-1.2,0.0,0,0,1,0,0.675,0.44
152,7,-0.37873905897140503,0.42970335483551025,-0.005096310283988714,0.4531164673848122,0.5307108255343468,0,0,0,0.12,0.01,0.0,0.01,0.1,0.9,-1.2,0.0,0,0,1,0,0.675,0.44
153,0,-0.4180716872215271,0.26926374435424805,-0.9050140380859375,0.7158118666473151,0.24568728792040342,0,0,0,0.12,0.01,0.0,0.01,0.1,0.9,-1.2,0.0,0,0,1,0,0.675,0.44
153,1,-0.8248373866081238,0.3522295653820038,-2.998898506164551,0.4125256945940061,0.568747896924396,0,0,0,0.12,0.01,0.0,0.01,0.1,0.9,-1.2,0.0,0,0,1,1,0.675,0.44
153,2,-0.11143269389867783,-0.3432673215866089,-0.8726164102554321,0.5202969419351866,0.47164039737069113,0,0,0,0.12,0.01,0.0,0.01,0.1,0.9,-1.2,0.0,0,0,1,0,0.675,0.44
153,3,-0.8269190788269043,0.4282144010066986,-3.1199791431427,0.4885943132525999,0.4766572517269533,0,0,0,0.12,0.01,0.0,0.01,0.1,0.9,-1.2,0.0,0,0,1,1,0.675,0.44
153,4,-0.5114718675613403,-0.36210450530052185,-2.12640643119812,0.4017470266466235,0.5644555900449658,0,0,0,0.12,0.01,0.0,0.01,0.1,0.9,-1.2,0.0,0,0,1,0,0.675,0.44
153,5,-0.7304320335388184,-0.0363534614443779,-2.2750563621520996,0.5260102159569855,0.45132285289067076,0,0,0,0.12,0.01,0.0,0.01,0.1,0.9,-1.2,0.0,0,0,1,0,0.675,0.44
153,6,-0.17172826826572418,-0.028475642204284668,0.6242927312850952,0.6517812717015923,0.29999058365271686,0,0,0,0.12,0.01,0.0,0.01,0.1,0.9,-1.2,0.0,0,0,1,0,0.675,0.44
153,7,-0.3777540624141693,0.42969903349876404,-0.004144021309912205,0.45071877920869047,0.5320817044949228,0,0,0,0.12,0.01,0.0,0.01,0.1,0.9,-1.2,0.0,0,0,1,0,0.675,0.44
154,0,-0.4174562692642212,0.26846492290496826,-0.9226105809211731,0.7201717941201058,0.23907019215461345,0,0,0,0.12,0.01,0.0,0.01,0.1,0.9,-1.2,0.0,0,0,1,0,0.675,0.44
154,1,-0.8258094787597656,0.3520873486995697,-2.9935455322265625,0.41014575822295174,0.5699734105354405,0,0,0,0.12,0.01,0.0,0.01,0.1,0.9,-1.2,0.0,0,0,1,1,0.675,0.44
154,2,-0.11079546064138412,-0.34402793645858765,-0.8743346929550171,0.5201674901657691,0.4714407122916588,0,0,0,0.12,0.01,0.0,0.01,0.1,0.9,-1.2,0.0,0,0,1,0,0.675,0.44
154,3,-0.8278865814208984,0.4281935393810272,-3.1202070713043213,0.4896906104437379,0.4733883652337523,0,0,0,0.12,0.01,0.0,0.01,0.1,0.9,-1.2,0.0,0,0,1,1,0.675,0.44
154,4,-0.511979877948761,-0.3629281222820282,-2.1206893920898438,0.4010532125876911,0.5638387575699322,0,0,0,0.12,0.01,0.0,0.01,0.1,0.9,-1.2,0.0,0,0,1,0,0.675,0.44
154,5,-0.7310665249824524,-0.03709832951426506,-2.2777187824249268,0.5251685611186456,0.45117191157956604,0,0,0,0.12,0.01,0.0,0.01,0.1,0.9,-1.2,0.0,0,0,1,0,0.675,0.44
154,6,-0.1709779053926468,-0.027941955253481865,0.6109322905540466,0.6521599440394898,0.2981899233044127,0,0,0,0.12,0.01,0.0,0.01,0.1,0.9,-1.2,0.0,0,0,1,0,0.675,0.44
154,7,-0.3767700493335724,0.4296967685222626,-0.002124262973666191,0.45891130899030863,0.5228195097581655,0,0,0,0.12,0.01,0.0,0.01,0.1,0.9,-1.2,0.0,0,0,1,0,0.675,0.44
155,0,-0.41685590147972107,0.26765620708465576,-0.9406242966651917,0.724463145858325,0.23248179661604018,0,0,0,0.12,0.01,0.0,0.01,0.1,0.9,-1.2,0.0,0,0,1,0,0.675,0.44
155,1,-0.8267797231674194,0.35193997621536255,-2.9880781173706055,0.4076554124711097,0.5712609941603601,0,0,0,0.12,0.01,0.0,0.01,0.1,0.9,-1.2,0.0,0,0,1,1,0.675,0.44
155,2,-0.11015976965427399,-0.34478941559791565,-0.8760553598403931,0.5200257058567348,0.47124263091618396,0,0,0,0.12,0.01,0.0,0.01,0.1,0.9,-1.2,0.0,0,0,1,0,0.675,0.44
155,3,-0.8288519978523254,0.4281730651855469,-3.1206014156341553,0.48998591280573756,0.4708190860689268,0,0,0,0.12,0.01,0.0,0.01,0.1,0.9,-1.2,0.0,0,0,1,1,0.675,0.44
155,4,-0.5124824643135071,-0.3637535274028778,-2.1149675846099854,0.40036841781068794,0.5631833419091606,0,0,0,0.12,0.01,0.0,0.01,0.1,0.9,-1.2,0.0,0,0,1,0,0.675,0.44
155,5,-0.731702446937561,-0.037840768694877625,-2.280358076095581,0.5243094259462668,0.45101413190743195,0,0,0,0.12,0.01,0.0,0.01,0.1,0.9,-1.2,0.0,0,0,1,0,0.675,0.44
155,6,-0.17022190988063812,-0.027419371530413628,0.5974571704864502,0.652231245613141,0.29672578039165026,0,0,0,0.12,0.01,0.0,0.01,0.1,0.9,-1.2,0.0,0,0,1,0,0.675,0.44
155,7,-0.37578704953193665,0.42969727516174316,0.002003052970394492,0.4856776464439096,0.4949404727958976,0,0,0,0.12,0.01,0.0,0.01,0.1,0.9,-1.2,0.0,0,0,1,0,0.675,0.44
156,0,-0.4162711203098297,0.2668376863002777,-0.9590575098991394,0.7286245611991248,0.22599293910605098,0,0,0,0.12,0.01,0.0,0.01,0.1,0.9,-1.2,0.0,0,0,1,0,0.675,0.44
156,1,-0.8277479410171509,0.35178735852241516,-2.9824864864349365,0.4051110544633326,0.5725541910696569,0,0,0,0.12,0.01,0.0,0.01,0.1,0.9,-1.2,0.0,0,0,1,1,0.675,0.44
156,2,-0.1095256432890892,-0.3455517888069153,-0.877779483795166,0.5198638940372015,0.4710537290058589,0,0,0,0.12,0.01,0.0,0.01,0.1,0.9,-1.2,0.0,0,0,1,0,0.675,0.44
156,3,-0.8298153281211853,0.42815306782722473,-3.121152877807617,0.489463792180569,0.4689642926697424,0,0,0,0.12,0.01,0.0,0.01,0.1,0.9,-1.2,0.0,0,0,1,1,0.675,0.44
156,4,-0.5129796862602234,-0.3645806312561035,-2.109243154525757,0.39968823932173747,0.5624939844751071,0,0,0,0.12,0.01,0.0,0.01,0.1,0.9,-1.2,0.0,0,0,1,0,0.675,0.44
156,5,-0.7323396801948547,-0.03858077526092529,-2.282973527908325,0.5234346175304455,0.4508484816440541,0,0,0,0.12,0.01,0.0,0.01,0.1,0.9,-1.2,0.0,0,0,1,0,0.675,0.44
156,6,-0.16946032643318176,-0.026907984167337418,0.5838931798934937,0.6520433153520472,0.29555424791470697,0,0,0,0.12,0.01,0.0,0.01,0.1,0.9,-1.2,0.0,0,0,1,0,0.675,0.44
156,7,-0.3748050928115845,0.4297003746032715,0.004438821692019701,0.5051072380927201,0.4743538357827073,0,0,0,0.12,0.01,0.0,0.01,0.1,0.9,-1.2,0.0,0,0,1,0,0.675,0.44
157,0,-0.4157024323940277,0.26600944995880127,-0.977907121181488,0.7326158524050331,0.21965352291921608,0,0,0,0.12,0.01,0.0,0.01,0.1,0.9,-1.2,0.0,0,0,1,0,0.675,0.44
157,1,-0.82871413230896,0.35162943601608276,-2.976763963699341,0.4025495835682516,0.5738166979411479,0,0,0,0.12,0.01,0.0,0.01,0.1,0.9,-1.2,0.0,0,0,1,1,0.675,0.44
157,2,-0.10889305174350739,-0.34631502628326416,-0.8795040845870972,0.5197124656613318,0.47084335718794185,0,0,0,0.12,0.01,0.0,0.01,0.1,0.9,-1.2,0.0,0,0,1,0,0.675,0.44
157,3,-0.8307763934135437,0.4281337261199951,-3.1218152046203613,0.48818987190716395,0.46775681197650293,0,0,0,0.12,0.01,0.0,0.01,0.1,0.9,-1.2,0.0,0,0,1,1,0.675,0.44
157,4,-0.5134716033935547,-0.36540937423706055,-2.103517532348633,0.3990055083012591,0.5617780329012861,0,0,0,0.12,0.01,0.0,0.01,0.1,0.9,-1.2,0.0,0,0,1,0,0.675,0.44
157,5,-0.7329781651496887,-0.039318352937698364,-2.2855641841888428,0.522547566542112,0.4506721261649499,0,0,0,0.12,0.01,0.0,0.01,0.1,0.9,-1.2,0.0,0,0,1,0,0.675,0.44
157,6,-0.1686931699514389,-0.02640787698328495,0.5702652335166931,0.6516418641984618,0.2946336084425293,0,0,0,0.12,0.01,0.0,0.01,0.1,0.9,-1.2,0.0,0,0,1,0,0.675,0.44
157,7,-0.37382426857948303,0.4297052025794983,0.00548966508358717,0.5181957369589619,0.4600654358124919,0,0,0,0.12,0.01,0.0,0.01,0.1,0.9,-1.2,0.0,0,0,1,0,0.675,0.44
158,0,-0.41515040397644043,0.2651716470718384,-0.9971647262573242,0.7366122275377744,0.21330151262030678,0,0,0,0.12,0.01,0.0,0.01,0.1,0.9,-1.2,0.0,0,0,1,0,0.675,0.44
158,1,-0.8296781182289124,0.35146617889404297,-2.97090744972229,0.3999898876651958,0.5750301633373067,0,0,0,0.12,0.01,0.0,0.01,0.1,0.9,-1.2,0.0,0,0,1,1,0.675,0.44
158,2,-0.10826198756694794,-0.3470790386199951,-0.8812278509140015,0.5197423988462986,0.47043833197340357,0,0,0,0.12,0.01,0.0,0.01,0.1,0.9,-1.2,0.0,0,0,1,0,0.675,0.44
158,3,-0.8317350745201111,0.4281151294708252,-3.122534990310669,0.4863812078648449,0.46697827680770143,0,0,0,0.12,0.01,0.0,0.01,0.1,0.9,-1.2,0.0,0,0,1,1,0.675,0.44
158,4,-0.5139580965042114,-0.3662397265434265,-2.097792148590088,0.3982522108617556,0.5610957524713742,0,0,0,0.12,0.01,0.0,0.01,0.1,0.9,-1.2,0.0,0,0,1,0,0.675,0.44
158,5,-0.7336178421974182,-0.040053512901067734,-2.288130044937134,0.521534104236918,0.45059869777266454,0,0,0,0.12,0.01,0.0,0.01,0.1,0.9,-1.2,0.0,0,0,1,0,0.675,0.44
158,6,-0.16790615022182465,-0.025910019874572754,0.5571913123130798,0.6544857178393421,0.29050604956712145,0,0,0,0.12,0.01,0.0,0.01,0.1,0.9,-1.2,0.0,0,0,1,0,0.675,0.44
158,7,-0.3728446066379547,0.4297100305557251,0.004779478535056114,0.5199130673507286,0.45710654067005385,0,0,0,0.12,0.01,0.0,0.01,0.1,0.9,-1.2,0.0,0,0,1,0,0.675,0.44
159,0,-0.41461554169654846,0.26432448625564575,-1.0168182849884033,0.7405986582220312,0.2069629634439233,0,0,0,0.12,0.01,0.0,0.01,0.1,0.9,-1.2,0.0,0,0,1,0,0.675,0.44
159,1,-0.8306398987770081,0.3512974679470062,-2.964916944503784,0.39743994123736154,0.5761875068446087,0,0,0,0.12,0.01,0.0,0.01,0.1,0.9,-1.2,0.0,0,0,1,1,0.675,0.44
159,2,-0.10763243585824966,-0.34784385561943054,-0.8829544186592102,0.519906576005769,0.46988535371606327,0,0,0,0.12,0.01,0.0,0.01,0.1,0.9,-1.2,0.0,0,0,1,0,0.675,0.44
159,3,-0.8326913714408875,0.42809727787971497,-3.123262405395508,0.4843369154104285,0.466328498922915,0,0,0,0.12,0.01,0.0,0.01,0.1,0.9,-1.2,0.0,0,0,1,1,0.675,0.44
159,4,-0.5144391059875488,-0.36707165837287903,-2.0920679569244385,0.3974278345905919,0.5604475363887172,0,0,0,0.12,0.01,0.0,0.01,0.1,0.9,-1.2,0.0,0,0,1,0,0.675,0.44
159,5,-0.7342586517333984,-0.0407862514257431,-2.2906711101531982,0.5203915380715397,0.45063190228948324,0,0,0,0.12,0.01,0.0,0.01,0.1,0.9,-1.2,0.0,0,0,1,0,0.675,0.44
159,6,-0.16710001230239868,-0.025414438918232918,0.5446706414222717,0.6604514931931876,0.2832987094626047,0,0,0,0.12,0.01,0.0,0.01,0.1,0.9,-1.2,0.0,0,0,1,0,0.675,0.44
159,7,-0.3718661069869995,0.42971348762512207,0.0026327904779464006,0.5104045103014057,0.4653331806241925,0,0,0,0.12,0.01,0.0,0.01,0.1,0.9,-1.2,0.0,0,0,1,0,0.675,0.44
160,0,-0.4140983521938324,0.2634681165218353,-1.0368651151657104,0.74433068374543,0.20089103838057706,0,0,0,0.12,0.01,0.0,0.01,0.1,0.9,-1.2,0.0,0,0,1,0,0.675,0.44
160,1,-0.8315992951393127,0.35112324357032776,-2.958793878555298,0.39489137606452984,0.5772981695668788,0,0,0,0.12,0.01,0.0,0.01,0.1,0.9,-1.2,0.0,0,0,1,1,0.675,0.44
160,2,-0.10700440406799316,-0.34860944747924805,-0.8846955895423889,0.5199544846998929,0.46943684220440396,0,0,0,0.12,0.01,0.0,0.01,0.1,0.9,-1.2,0.0,0,0,1,0,0.675,0.44
160,3,-0.8336451053619385,0.42808014154434204,-3.123960256576538,0.4823095755370721,0.46555400325931456,0,0,0,0.12,0.01,0.0,0.01,0.1,0.9,-1.2,0.0,0,0,1,1,0.675,0.44
160,4,-0.5149146318435669,-0.3679051101207733,-2.0863423347473145,0.3966280416531123,0.5597460075335943,0,0,0,0.12,0.01,0.0,0.01,0.1,0.9,-1.2,0.0,0,0,1,0,0.675,0.44
160,5,-0.7349006533622742,-0.041516564786434174,-2.293180465698242,0.5192665670055966,0.4506274845462223,0,0,0,0.12,0.01,0.0,0.01,0.1,0.9,-1.2,0.0,0,0,1,0,0.675,0.44
160,6,-0.16628874838352203,-0.024929819628596306,0.5319528579711914,0.6652182951852048,0.2773398145750797,0,0,0,0.12,0.01,0.0,0.01,0.1,0.9,-1.2,0.0,0,0,1,0,0.675,0.44
160,7,-0.3708888292312622,0.42971479892730713,0.0005124547751620412,0.4979311422561734,0.4764858289504917,0,0,0,0.12,0.01,0.0,0.01,0.1,0.9,-1.2,0.0,0,0,1,0,0.675,0.44
161,0,-0.41359925270080566,0.2626027762889862,-1.057303786277771,0.7477173730310052,0.19518924508728105,0,0,0,0.12,0.01,0.0,0.01,0.1,0.9,-1.2,0.0,0,0,1,0,0.675,0.44
161,1,-0.8325562477111816,0.350943386554718,-2.952540636062622,0.39233299091822094,0.5783747236394269,0,0,0,0.12,0.01,0.0,0.01,0.1,0.9,-1.2,0.0,0,0,1,1,0.675,0.44
161,2,-0.10637792944908142,-0.34937581419944763,-0.8864593505859375,0.5198296029733938,0.4691491405797678,0,0,0,0.12,0.01,0.0,0.01,0.1,0.9,-1.2,0.0,0,0,1,0,0.675,0.44
161,3,-0.8345961570739746,0.42806369066238403,-3.1246118545532227,0.4804300632809077,0.4645232591296759,0,0,0,0.12,0.01,0.0,0.01,0.1,0.9,-1.2,0.0,0,0,1,1,0.675,0.44
161,4,-0.5153845548629761,-0.3687400221824646,-2.080611228942871,0.39588888346560575,0.5589556509315196,0,0,0,0.12,0.01,0.0,0.01,0.1,0.9,-1.2,0.0,0,0,1,0,0.675,0.44
161,5,-0.7355436682701111,-0.04224444925785065,-2.2956504821777344,0.518189185133027,0.450556582937194,0,0,0,0.12,0.01,0.0,0.01,0.1,0.9,-1.2,0.0,0,0,1,0,0.675,0.44
161,6,-0.1654723882675171,-0.02445635013282299,0.5188177824020386,0.667536021321668,0.27388447418843326,0,0,0,0.12,0.01,0.0,0.01,0.1,0.9,-1.2,0.0,0,0,1,0,0.675,0.44
161,7,-0.3699128329753876,0.42971405386924744,-0.002413853770121932,0.4774258162333067,0.4956325267003481,0,0,0,0.12,0.01,0.0,0.01,0.1,0.9,-1.2,0.0,0,0,1,0,0.675,0.44
162,0,-0.41311872005462646,0.2617287337779999,-1.0781176090240479,0.7507472148471236,0.18988232702680827,0,0,0,0.12,0.01,0.0,0.01,0.1,0.9,-1.2,0.0,0,0,1,0,0.675,0.44
162,1,-0.8335106372833252,0.35075774788856506,-2.9461586475372314,0.3897549280238155,0.5794283381390568,0,0,0,0.12,0.01,0.0,0.01,0.1,0.9,-1.2,0.0,0,0,1,1,0.675,0.44
162,2,-0.10575306415557861,-0.3501429855823517,-0.8882400393486023,0.5195840169613878,0.46897010310239406,0,0,0,0.12,0.01,0.0,0.01,0.1,0.9,-1.2,0.0,0,0,1,0,0.675,0.44
162,3,-0.8355444669723511,0.4280478358268738,-3.125218629837036,0.4788072301395275,0.4631271766178272,0,0,0,0.12,0.01,0.0,0.01,0.1,0.9,-1.2,0.0,0,0,1,1,0.675,0.44
162,4,-0.5158489346504211,-0.3695763349533081,-2.074876546859741,0.3952079823527393,0.5580793210949841,0,0,0,0.12,0.01,0.0,0.01,0.1,0.9,-1.2,0.0,0,0,1,0,0.675,0.44
162,5,-0.7361878156661987,-0.04296990483999252,-2.2980804443359375,0.5171538286701812,0.45042577452500926,0,0,0,0.12,0.01,0.0,0.01,0.1,0.9,-1.2,0.0,0,0,1,0,0.675,0.44
162,6,-0.16465090215206146,-0.02399432845413685,0.505290687084198,0.6674361073375377,0.2729041731952993,0,0,0,0.12,0.01,0.0,0.01,0.1,0.9,-1.2,0.0,0,0,1,0,0.675,0.44
162,7,-0.368938148021698,0.4297119379043579,-0.0033599359448999166,0.46752662809667794,0.5041369661492328,0,0,0,0.12,0.01,0.0,0.01,0.1,0.9,-1.2,0.0,0,0,1,0,0.675,0.44
163,0,-0.41265857219696045,0.2608490586280823,-1.0991719961166382,0.7539464984032618,0.18445800208120464,0,0,0,0.12,0.01,0.0,0.01,0.1,0.9,-1.2,0.0,0,0,1,0,0.675,0.44
163,1,-0.8344623446464539,0.35056620836257935,-2.9396493434906006,0.3871500094644824,0.5804690520055493,0,0,0,0.12,0.01,0.0,0.01,0.1,0.9,-1.2,0.0,0,0,1,1,0.675,0.44
163,2,-0.10512986034154892,-0.3509109914302826,-0.8900290727615356,0.5192906983386417,0.46882675809751556,0,0,0,0.12,0.01,0.0,0.01,0.1,0.9,-1.2,0.0,0,0,1,0,0.675,0.44
163,3,-0.8364899158477783,0.42803260684013367,-3.1257925033569336,0.4773382368739594,0.46147080033459764,0,0,0,0.12,0.01,0.0,0.01,0.1,0.9,-1.2,0.0,0,0,1,1,0.675,0.44
163,4,-0.5163077712059021,-0.37041398882865906,-2.0691428184509277,0.39456739359635995,0.557135499183944,0,0,0,0.12,0.01,0.0,0.01,0.1,0.9,-1.2,0.0,0,0,1,0,0.675,0.44
163,5,-0.736832857131958,-0.0436929389834404,-2.3004744052886963,0.54364193453259,0.40983646140628327,0,0,0,0.12,0.01,0.0,0.01,0.1,0.9,-1.2,0.0,0,0,1,0,0.675,0.44
163,6,-0.16382426023483276,-0.023544013500213623,0.4915275275707245,0.6655205425837288,0.273796803035473,0,0,0,0.12,0.01,0.0,0.01,0.1,0.9,-1.2,0.0,0,0,1,0,0.675,0.44
163,7,-0.36796483397483826,0.4297094941139221,-0.0026008510030806065,0.8483833097386994,0.11524963150733322,0,0,0,0.12,0.01,0.0,0.01,0.1,0.9,-1.2,0.0,0,0,1,0,0.675,0.44
164,0,-0.41223886609077454,0.2600058317184448,-1.118820309638977,0.764889982924562,0.17135980965127404,0,0,0,0.12,0.01,0.0,0.01,0.1,0.9,-1.2,0.0,0,0,1,0,0.675,0.44
164,1,-0.8354113101959229,0.3503686189651489,-2.9330127239227295,0.38458988528260607,0.5814450039385853,0,0,0,0.12,0.01,0.0,0.01,0.1,0.9,-1.2,0.0,0,0,1,1,0.675,0.44
164,2,-0.10450833290815353,-0.35167980194091797,-0.8918194770812988,0.5190042793583134,0.46866435410268525,0,0,0,0.12,0.01,0.0,0.01,0.1,0.9,-1.2,0.0,0,0,1,0,0.675,0.44
164,3,-0.837432324886322,0.4280179738998413,-3.126354217529297,0.4761147110082475,0.45949558333379364,0,0,0,0.12,0.01,0.0,0.01,0.1,0.9,-1.2,0.0,0,0,1,1,0.675,0.44
164,4,-0.5167610049247742,-0.3712528347969055,-2.0634148120880127,0.3939506798713998,0.5561410993606254,0,0,0,0.12,0.01,0.0,0.01,0.1,0.9,-1.2,0.0,0,0,1,0,0.675,0.44
164,5,-0.7374789118766785,-0.04441355541348457,-2.3028359413146973,0.5420020786870454,0.410138550604489,0,0,0,0.12,0.01,0.0,0.01,0.1,0.9,-1.2,0.0,0,0,1,0,0.675,0.44
164,6,-0.16299250721931458,-0.023105602711439133,0.4776992201805115,0.661193725232112,0.277137938376439,0,0,0,0.12,0.01,0.0,0.01,0.1,0.9,-1.2,0.0,0,0,1,0,0.675,0.44
164,7,-0.36699289083480835,0.42970791459083557,-0.0009350234759040177,0.8486343236315967,0.11338756367080183,0,0,0,0.12,0.01,0.0,0.01,0.1,0.9,-1.2,0.0,0,0,1,0,0.675,0.44
165,0,-0.4118364453315735,0.2591567039489746,-1.138769507408142,0.7748549012253562,0.1593145700385293,0,0,0,0.12,0.01,0.0,0.01,0.1,0.9,-1.2,0.0,0,0,1,0,0.675,0.44
165,1,-0.8363573551177979,0.3501649796962738,-2.926248550415039,0.3822026954594658,0.5822166098650886,0,0,0,0.12,0.01,0.0,0.01,0.1,0.9,-1.2,0.0,0,0,1,1,0.675,0.44
165,2,-0.10388848930597305,-0.3524494469165802,-0.8936055302619934,0.5187737106026056,0.46843394053570003,0,0,0,0.12,0.01,0.0,0.01,0.1,0.9,-1.2,0.0,0,0,1,0,0.675,0.44
165,3,-0.8383716344833374,0.4280039370059967,-3.1269195079803467,0.47501177334082495,0.4573008344243728,0,0,0,0.12,0.01,0.0,0.01,0.1,0.9,-1.2,0.0,0,0,1,1,0.675,0.44
165,4,-0.5172088146209717,-0.3720928728580475,-2.057697296142578,0.39347205106940514,0.5549839978960489,0,0,0,0.12,0.01,0.0,0.01,0.1,0.9,-1.2,0.0,0,0,1,0,0.675,0.44
165,5,-0.7381194233894348,-0.04512368515133858,-2.3070738315582275,0.5294688563512356,0.4213386554552524,0,0,0,0.12,0.01,0.0,0.01,0.1,0.9,-1.2,0.0,0,0,1,0,0.675,0.44
165,6,-0.16215568780899048,-0.022679219022393227,0.46394264698028564,0.6566294959959644,0.28077388487485466,0,0,0,0.12,0.01,0.0,0.01,0.1,0.9,-1.2,0.0,0,0,1,0,0.675,0.44
165,7,-0.3660276532173157,0.42970120906829834,-0.021327603608369827,0.7158746189300831,0.2446845107848828,0,0,0,0.12,0.01,0.0,0.01,0.1,0.9,-1.2,0.0,0,0,1,0,0.675,0.44
166,0,-0.411452054977417,0.25830164551734924,-1.1594531536102295,0.7819457996169024,0.15021988269892406,0,0,0,0.12,0.01,0.0,0.01,0.1,0.9,-1.2,0.0,0,0,1,0,0.675,0.44
166,1,-0.8373004198074341,0.3499552011489868,-2.9193594455718994,0.3799838670617782,0.5827893367880143,0,0,0,0.12,0.01,0.0,0.01,0.1,0.9,-1.2,0.0,0,0,1,1,0.675,0.44
166,2,-0.10327029973268509,-0.3532198369503021,-0.8953847289085388,0.5186148834442218,0.46811944720992255,0,0,0,0.12,0.01,0.0,0.01,0.1,0.9,-1.2,0.0,0,0,1,0,0.675,0.44
166,3,-0.8393078446388245,0.42799049615859985,-3.127507448196411,0.4739692250902545,0.454943533736955,0,0,0,0.12,0.01,0.0,0.01,0.1,0.9,-1.2,0.0,0,0,1,1,0.675,0.44
166,4,-0.5176511406898499,-0.3729339838027954,-2.051992416381836,0.39307866562071286,0.5537153674298242,0,0,0,0.12,0.01,0.0,0.01,0.1,0.9,-1.2,0.0,0,0,1,0,0.675,0.44
166,5,-0.7387605905532837,-0.04582792520523071,-2.311728000640869,0.5143511040466506,0.435121442530803,0,0,0,0.12,0.01,0.0,0.01,0.1,0.9,-1.2,0.0,0,0,1,0,0.675,0.44
166,6,-0.16131393611431122,-0.022264894098043442,0.45042070746421814,0.6528816900599277,0.2836487807881557,0,0,0,0.12,0.01,0.0,0.01,0.1,0.9,-1.2,0.0,0,0,1,0,0.675,0.44
166,7,-0.36506566405296326,0.42967018485069275,-0.04712773486971855,0.5105706495294964,0.4483966785420978,0,0,0,0.12,0.01,0.0,0.01,0.1,0.9,-1.2,0.0,0,0,1,0,0.675,0.44
167,0,-0.4110867381095886,0.2574405372142792,-1.1809226274490356,0.7859546607644883,0.14429789126798254,0,0,0,0.12,0.01,0.0,0.01,0.1,0.9,-1.2,0.0,0,0,1,0,0.675,0.44
167,1,-0.8382404446601868,0.34973928332328796,-2.9123570919036865,0.3778339450427474,0.5832650239399491,0,0,0,0.12,0.01,0.0,0.01,0.1,0.9,-1.2,0.0,0,0,1,1,0.675,0.44
167,2,-0.10265374183654785,-0.35399094223976135,-0.8971618413925171,0.5184923327485269,0.4677563988646324,0,0,0,0.12,0.01,0.0,0.01,0.1,0.9,-1.2,0.0,0,0,1,0,0.675,0.44
167,3,-0.8402407169342041,0.42797765135765076,-3.1281309127807617,0.4728915556856803,0.45251913223775103,0,0,0,0.12,0.01,0.0,0.01,0.1,0.9,-1.2,0.0,0,0,1,1,0.675,0.44
167,4,-0.5180879235267639,-0.3737761378288269,-2.046309471130371,0.39269319743315095,0.5524123552401888,0,0,0,0.12,0.01,0.0,0.01,0.1,0.9,-1.2,0.0,0,0,1,0,0.675,0.44
167,5,-0.739404022693634,-0.04652833193540573,-2.315702199935913,0.5027295171304067,0.4454044283346812,0,0,0,0.12,0.01,0.0,0.01,0.1,0.9,-1.2,0.0,0,0,1,0,0.675,0.44
167,6,-0.1604672521352768,-0.021862482652068138,0.43718141317367554,0.6500737313992839,0.2856395001642842,0,0,0,0.12,0.01,0.0,0.01,0.1,0.9,-1.2,0.0,0,0,1,0,0.675,0.44
167,7,-0.36410629749298096,0.4296160936355591,-0.06549270451068878,0.31019786138479544,0.6469371006971137,0,0,0,0.12,0.01,0.0,0.01,0.1,0.9,-1.2,0.0,0,0,1,0,0.675,0.44
168,0,-0.41074138879776,0.2565734386444092,-1.2030004262924194,0.7876552829841954,0.1407901754279752,0,0,0,0.12,0.01,0.0,0.01,0.1,0.9,-1.2,0.0,0,0,1,0,0.675,0.44
168,1,-0.8391773700714111,0.34951716661453247,-2.905254602432251,0.3756271617355003,0.5837716443596229,0,0,0,0.12,0.01,0.0,0.01,0.1,0.9,-1.2,0.0,0,0,1,1,0.675,0.44
168,2,-0.10203880816698074,-0.3547627627849579,-0.8989450335502625,0.518338965097941,0.46741165049883027,0,0,0,0.12,0.01,0.0,0.01,0.1,0.9,-1.2,0.0,0,0,1,0,0.675,0.44
168,3,-0.8411702513694763,0.4279654622077942,-3.1287992000579834,0.47160147624712223,0.45020676655072933,0,0,0,0.12,0.01,0.0,0.01,0.1,0.9,-1.2,0.0,0,0,1,1,0.675,0.44
168,4,-0.5185191631317139,-0.3746192753314972,-2.0406558513641357,0.39226512254671525,0.5511264389614634,0,0,0,0.12,0.01,0.0,0.01,0.1,0.9,-1.2,0.0,0,0,1,0,0.675,0.44
168,5,-0.7400489449501038,-0.04722548648715019,-2.3186984062194824,0.4961891459180353,0.450604052667475,0,0,0,0.12,0.01,0.0,0.01,0.1,0.9,-1.2,0.0,0,0,1,0,0.675,0.44
168,6,-0.15961600840091705,-0.021471764892339706,0.4241831302642822,0.6477480700215283,0.2872040698329028,0,0,0,0.12,0.01,0.0,0.01,0.1,0.9,-1.2,0.0,0,0,1,0,0.675,0.44
168,7,-0.3631494343280792,0.42954903841018677,-0.07052067667245865,0.16700672521165943,0.7881969867748823,0,0,0,0.12,0.01,0.0,0.01,0.1,0.9,-1.2,0.0,0,0,1,0,0.675,0.44
169,0,-0.41041648387908936,0.25570055842399597,-1.2254693508148193,0.7879652258351929,0.13879509005988774,0,0,0,0.12,0.01,0.0,0.01,0.1,0.9,-1.2,0.0,0,0,1,0,0.675,0.44
169,1,-0.8401110768318176,0.34928885102272034,-2.8980586528778076,0.37326124930071325,0.5844130752117683,0,0,0,0.12,0.01,0.0,0.01,0.1,0.9,-1.2,0.0,0,0,1,1,0.675,0.44
169,2,-0.10142551362514496,-0.35553526878356934,-0.900737464427948,0.5181301606950873,0.4671098219098931,0,0,0,0.12,0.01,0.0,0.01,0.1,0.9,-1.2,0.0,0,0,1,0,0.675,0.44
169,3,-0.8420962691307068,0.42795395851135254,-3.129514694213867,0.46997501950098675,0.448130999995931,0,0,0,0.12,0.01,0.0,0.01,0.1,0.9,-1.2,0.0,0,0,1,1,0.675,0.44
169,4,-0.5189448595046997,-0.3754633665084839,-2.035034418106079,0.3917630289341974,0.5498899246905279,0,0,0,0.12,0.01,0.0,0.01,0.1,0.9,-1.2,0.0,0,0,1,0,0.675,0.44
169,5,-0.7406948208808899,-0.04791999235749245,-2.3208770751953125,0.49382326941508886,0.451628586244396,0,0,0,0.12,0.01,0.0,0.01,0.1,0.9,-1.2,0.0,0,0,1,0,0.675,0.44
169,6,-0.1587604284286499,-0.021092494949698448,0.4113622307777405,0.6452821247456468,0.28896453453322285,0,0,0,0.12,0.01,0.0,0.01,0.1,0.9,-1.2,0.0,0,0,1,0,0.675,0.44
169,7,-0.3621942102909088,0.4294836223125458,-0.06150149926543236,0.1061806611819047,0.8472086854176741,0,0,0,0.12,0.01,0.0,0.01,0.1,0.9,-1.2,0.0,0,0,1,0,0.675,0.44
170,0,-0.41011232137680054,0.2548222839832306,-1.2481518983840942,0.7875356614243862,0.1376754105436924,0,0,0,0.12,0.01,0.0,0.01,0.1,0.9,-1.2,0.0,0,0,1,0,0.675,0.44
170,1,-0.8410414457321167,0.3490541875362396,-2.890768051147461,0.37068907407629903,0.5852381786931713,0,0,0,0.12,0.01,0.0,0.01,0.1,0.9,-1.2,0.0,0,0,1,1,0.675,0.44
170,2,-0.10081389546394348,-0.3563084900379181,-0.9025357365608215,0.5178835637275017,0.46683309009635093,0,0,0,0.12,0.01,0.0,0.01,0.1,0.9,-1.2,0.0,0,0,1,0,0.675,0.44
170,3,-0.8430187702178955,0.4279431104660034,-3.130268096923828,0.4680394842877047,0.44626590463975496,0,0,0,0.12,0.01,0.0,0.01,0.1,0.9,-1.2,0.0,0,0,1,1,0.675,0.44
170,4,-0.5193649530410767,-0.3763083517551422,-2.0294437408447266,0.39119169620978933,0.5486990460921516,0,0,0,0.12,0.01,0.0,0.01,0.1,0.9,-1.2,0.0,0,0,1,0,0.675,0.44
170,5,-0.7413410544395447,-0.04861229285597801,-2.3225724697113037,0.49380161956626023,0.4503093700043575,0,0,0,0.12,0.01,0.0,0.01,0.1,0.9,-1.2,0.0,0,0,1,0,0.675,0.44
170,6,-0.15790073573589325,-0.020724443718791008,0.3986796438694,0.6421940206802217,0.2914009214126738,0,0,0,0.12,0.01,0.0,0.01,0.1,0.9,-1.2,0.0,0,0,1,0,0.675,0.44
170,7,-0.3612399399280548,0.4294331967830658,-0.04173946753144264,0.1279504192212844,0.8238293039461352,0,0,0,0.12,0.01,0.0,0.01,0.1,0.9,-1.2,0.0,0,0,1,0,0.675,0.44
171,0,-0.40982893109321594,0.25393903255462646,-1.2709338665008545,0.7867891077753757,0.13703269913227814,0,0,0,0.12,0.01,0.0,0.01,0.1,0.9,-1.2,0.0,0,0,1,0,0.675,0.44
171,1,-0.8419684171676636,0.34881314635276794,-2.883373498916626,0.3679386712888607,0.5862216613908878,0,0,0,0.12,0.01,0.0,0.01,0.1,0.9,-1.2,0.0,0,0,1,1,0.675,0.44
171,2,-0.1002039909362793,-0.35708239674568176,-0.9043364524841309,0.5178217979084327,0.46635597032200543,0,0,0,0.12,0.01,0.0,0.01,0.1,0.9,-1.2,0.0,0,0,1,0,0.675,0.44
171,3,-0.8439375758171082,0.4279330372810364,-3.1310412883758545,0.46568996006560803,0.4447178215353442,0,0,0,0.12,0.01,0.0,0.01,0.1,0.9,-1.2,0.0,0,0,1,1,0.675,0.44
171,4,-0.5197795033454895,-0.3771541118621826,-2.0238797664642334,0.39049316537291184,0.5476019870051705,0,0,0,0.12,0.01,0.0,0.01,0.1,0.9,-1.2,0.0,0,0,1,0,0.675,0.44
171,5,-0.7419874668121338,-0.0493025928735733,-2.3240902423858643,0.494374713170933,0.44839380098540854,0,0,0,0.12,0.01,0.0,0.01,0.1,0.9,-1.2,0.0,0,0,1,0,0.675,0.44
171,6,-0.15702025592327118,-0.020360641181468964,0.38550350069999695,0.6350554949896191,0.29794840744568374,0,0,0,0.12,0.01,0.0,0.01,0.1,0.9,-1.2,0.0,0,0,1,0,0.675,0.44
171,7,-0.3602864742279053,0.42940565943717957,-0.016665402799844742,0.2153478789267643,0.7349353504242795,0,0,0,0.12,0.01,0.0,0.01,0.1,0.9,-1.2,0.0,0,0,1,0,0.675,0.44
172,0,-0.40956568717956543,0.2530512511730194,-1.2937506437301636,0.7857251135588633,0.13687223513116964,0,0,0,0.12,0.01,0.0,0.01,0.1,0.9,-1.2,0.0,0,0,1,0,0.675,0.44
172,1,-0.8428918719291687,0.34856554865837097,-2.8758621215820312,0.36508583913837656,0.5872908245464684,0,0,0,0.12,0.01,0.0,0.01,0.1,0.9,-1.2,0.0,0,0,1,1,0.675,0.44
172,2,-0.09959584474563599,-0.3578570485115051,-0.9061399102210999,0.5179217123930968,0.4657022690827332,0,0,0,0.12,0.01,0.0,0.01,0.1,0.9,-1.2,0.0,0,0,1,0,0.675,0.44
172,3,-0.8448525667190552,0.42792370915412903,-3.1318156719207764,0.46305365253106295,0.4433612139163857,0,0,0,0.12,0.01,0.0,0.01,0.1,0.9,-1.2,0.0,0,0,1,1,0.675,0.44
172,4,-0.5201886296272278,-0.3780005872249603,-2.018338441848755,0.38971207287220033,0.5465564951667402,0,0,0,0.12,0.01,0.0,0.01,0.1,0.9,-1.2,0.0,0,0,1,0,0.675,0.44
172,5,-0.7426339983940125,-0.0499909482896328,-2.325620651245117,0.4945435304568887,0.4468822102619528,0,0,0,0.12,0.01,0.0,0.01,0.1,0.9,-1.2,0.0,0,0,1,0,0.675,0.44
172,6,-0.15612183511257172,-0.02000345289707184,0.37199240922927856,0.6245036071122025,0.3079648667990828,0,0,0,0.12,0.01,0.0,0.01,0.1,0.9,-1.2,0.0,0,0,1,0,0.675,0.44
172,7,-0.3593342900276184,0.42940258979797363,0.008323770016431808,0.34287294072468394,0.6058721907679308,0,0,0,0.12,0.01,0.0,0.01,0.1,0.9,-1.2,0.0,0,0,1,0,0.675,0.44
173,0,-0.4093226492404938,0.2521592080593109,-1.3165680170059204,0.7841844971828213,0.13734163683130815,0,0,0,0.12,0.01,0.0,0.01,0.1,0.9,-1.2,0.0,0,0,1,0,0.675,0.44
173,1,-0.8438117504119873,0.34831133484840393,-2.8682219982147217,0.3622293060642849,0.5883507544177402,0,0,0,0.12,0.01,0.0,0.01,0.1,0.9,-1.2,0.0,0,0,1,1,0.675,0.44
173,2,-0.09898947179317474,-0.3586324155330658,-0.9079571962356567,0.5179311833981931,0.46512649434762593,0,0,0,0.12,0.01,0.0,0.01,0.1,0.9,-1.2,0.0,0,0,1,0,0.675,0.44
173,3,-0.8457637429237366,0.42791512608528137,-3.1325671672821045,0.4602565437181996,0.4420730799809887,0,0,0,0.12,0.01,0.0,0.01,0.1,0.9,-1.2,0.0,0,0,1,1,0.675,0.44
173,4,-0.5205923318862915,-0.3788476884365082,-2.012812614440918,0.388960346275427,0.5454604181708315,0,0,0,0.12,0.01,0.0,0.01,0.1,0.9,-1.2,0.0,0,0,1,0,0.675,0.44
173,5,-0.7432807087898254,-0.05067731440067291,-2.3272299766540527,0.49404861607201567,0.4460385831391049,0,0,0,0.12,0.01,0.0,0.01,0.1,0.9,-1.2,0.0,0,0,1,0,0.675,0.44
173,6,-0.15522034466266632,-0.0196588933467865,0.3589426577091217,0.6145840449585669,0.3173926310286767,0,0,0,0.12,0.01,0.0,0.01,0.1,0.9,-1.2,0.0,0,0,1,0,0.675,0.44
173,7,-0.3583838641643524,0.4294206202030182,0.02772407792508602,0.4755209311948337,0.4715506210817776,0,0,0,0.12,0.01,0.0,0.01,0.1,0.9,-1.2,0.0,0,0,1,0,0.675,0.44
174,0,-0.4091000258922577,0.25126320123672485,-1.339356541633606,0.7821424029039028,0.1384612300230381,0,0,0,0.12,0.01,0.0,0.01,0.1,0.9,-1.2,0.0,0,0,1,0,0.675,0.44
174,1,-0.8447278738021851,0.3480505049228668,-2.860445261001587,0.35946433151919926,0.5893107811097377,0,0,0,0.12,0.01,0.0,0.01,0.1,0.9,-1.2,0.0,0,0,1,1,0.675,0.44
174,2,-0.09838487207889557,-0.3594084680080414,-0.9097976684570312,0.5177712189189999,0.4647075189121159,0,0,0,0.12,0.01,0.0,0.01,0.1,0.9,-1.2,0.0,0,0,1,0,0.675,0.44
174,3,-0.846670925617218,0.4279072880744934,-3.13327693939209,0.45741122098996356,0.44074375299380103,0,0,0,0.12,0.01,0.0,0.01,0.1,0.9,-1.2,0.0,0,0,1,1,0.675,0.44
174,4,-0.5209906101226807,-0.3796952962875366,-2.0072970390319824,0.3882762288296226,0.5442764068400856,0,0,0,0.12,0.01,0.0,0.01,0.1,0.9,-1.2,0.0,0,0,1,0,0.675,0.44
174,5,-0.743927538394928,-0.05136164277791977,-2.328904151916504,0.49296847881412753,0.4457861393537497,0,0,0,0.12,0.01,0.0,0.01,0.1,0.9,-1.2,0.0,0,0,1,0,0.675,0.44
174,6,-0.1543167531490326,-0.019326644018292427,0.34662845730781555,0.6067742491190702,0.32475050445148657,0,0,0,0.12,0.01,0.0,0.01,0.1,0.9,-1.2,0.0,0,0,1,0,0.675,0.44
174,7,-0.357435405254364,0.42945319414138794,0.038811180740594864,0.5877388729889064,0.3575489506881566,0,0,0,0.12,0.01,0.0,0.01,0.1,0.9,-1.2,0.0,0,0,1,0,0.675,0.44
175,0,-0.4088982045650482,0.25036343932151794,-1.36207914352417,0.7796697054920202,0.14015364303016611,0,0,0,0.12,0.01,0.0,0.01,0.1,0.9,-1.2,0.0,0,0,1,0,0.675,0.44
175,1,-0.845640242099762,0.34778299927711487,-2.8525309562683105,0.3568578718438663,0.5901084186300718,0,0,0,0.12,0.01,0.0,0.01,0.1,0.9,-1.2,0.0,0,0,1,1,0.675,0.44
175,2,-0.09778205305337906,-0.3601851761341095,-0.911657452583313,0.5174568729517564,0.464430169570674,0,0,0,0.12,0.01,0.0,0.01,0.1,0.9,-1.2,0.0,0,0,1,0,0.675,0.44
175,3,-0.8475740551948547,0.427900105714798,-3.1339354515075684,0.4547164170539071,0.43917724206093056,0,0,0,0.12,0.01,0.0,0.01,0.1,0.9,-1.2,0.0,0,0,1,1,0.675,0.44
175,4,-0.52138352394104,-0.38054341077804565,-2.001793384552002,0.38765451857460814,0.5430099015532606,0,0,0,0.12,0.01,0.0,0.01,0.1,0.9,-1.2,0.0,0,0,1,0,0.675,0.44
175,5,-0.7445746660232544,-0.05204391106963158,-2.330599546432495,0.49152536714343503,0.44590453779430916,0,0,0,0.12,0.01,0.0,0.01,0.1,0.9,-1.2,0.0,0,0,1,0,0.675,0.44
175,6,-0.15341147780418396,-0.019005997106432915,0.3350652754306793,0.6012810741605801,0.3298304404077488,0,0,0,0.12,0.01,0.0,0.01,0.1,0.9,-1.2,0.0,0,0,1,0,0.675,0.44
175,7,-0.3564888536930084,0.42949214577674866,0.04056653007864952,0.6613124868120575,0.28217623026710514,0,0,0,0.12,0.01,0.0,0.01,0.1,0.9,-1.2,0.0,0,0,1,0,0.675,0.44
176,0,-0.40871739387512207,0.24946025013923645,-1.38469660282135,0.7768758159094736,0.14230237193766393,0,0,0,0.12,0.01,0.0,0.01,0.1,0.9,-1.2,0.0,0,0,1,0,0.675,0.44
176,1,-0.8465487360954285,0.3475087881088257,-2.844484329223633,0.35443733069015526,0.5907209124891659,0,0,0,0.12,0.01,0.0,0.01,0.1,0.9,-1.2,0.0,0,0,1,1,0.675,0.44
176,2,-0.09718100726604462,-0.36096256971359253,-0.9135284423828125,0.5170374652863506,0.46424482851018867,0,0,0,0.12,0.01,0.0,0.01,0.1,0.9,-1.2,0.0,0,0,1,0,0.675,0.44
176,3,-0.8484730124473572,0.4278935492038727,-3.1345407962799072,0.45224272452914105,0.43730581558621545,0,0,0,0.12,0.01,0.0,0.01,0.1,0.9,-1.2,0.0,0,0,1,1,0.675,0.44
176,4,-0.5217710137367249,-0.3813919723033905,-1.9963061809539795,0.3870753062007289,0.5416811096432347,0,0,0,0.12,0.01,0.0,0.01,0.1,0.9,-1.2,0.0,0,0,1,0,0.675,0.44
176,5,-0.7452220320701599,-0.05272413045167923,-2.3322744369506836,0.48993641428943463,0.44617807574276147,0,0,0,0.12,0.01,0.0,0.01,0.1,0.9,-1.2,0.0,0,0,1,0,0.675,0.44
176,6,-0.15250451862812042,-0.01869620382785797,0.32411545515060425,0.5975361662205488,0.33320049473678764,0,0,0,0.12,0.01,0.0,0.01,0.1,0.9,-1.2,0.0,0,0,1,0,0.675,0.44
176,7,-0.35554397106170654,0.42952901124954224,0.034032903611660004,0.6889389642497863,0.2528249732235108,0,0,0,0.12,0.01,0.0,0.01,0.1,0.9,-1.2,0.0,0,0,1,0,0.675,0.44
177,0,-0.40855759382247925,0.24855393171310425,-1.4071733951568604,0.7738683672066075,0.14479316757961702,0,0,0,0.12,0.01,0.0,0.01,0.1,0.9,-1.2,0.0,0,0,1,0,0.675,0.44
177,1,-0.8474532961845398,0.3472278416156769,-2.836315870285034,0.3521953910481933,0.591159632812738,0,0,0,0.12,0.01,0.0,0.01,0.1,0.9,-1.2,0.0,0,0,1,1,0.675,0.44
177,2,-0.09658172726631165,-0.3617405593395233,-0.9154022932052612,0.5165693340106935,0.46409503843345934,0,0,0,0.12,0.01,0.0,0.01,0.1,0.9,-1.2,0.0,0,0,1,0,0.675,0.44
177,3,-0.8493677973747253,0.427887499332428,-3.135103940963745,0.4501242283652257,0.43499836885233406,0,0,0,0.12,0.01,0.0,0.01,0.1,0.9,-1.2,0.0,0,0,1,1,0.675,0.44
177,4,-0.5221530199050903,-0.3822409510612488,-1.9908404350280762,0.38651905808111753,0.5403095647368756,0,0,0,0.12,0.01,0.0,0.01,0.1,0.9,-1.2,0.0,0,0,1,0,0.675,0.44
177,5,-0.7458695769309998,-0.05340231955051422,-2.33389949798584,0.4883429611256915,0.4464667832323714,0,0,0,0.12,0.01,0.0,0.01,0.1,0.9,-1.2,0.0,0,0,1,0,0.675,0.44
177,6,-0.15159568190574646,-0.018396640196442604,0.31360578536987305,0.5947774113283205,0.33562301982783793,0,0,0,0.12,0.01,0.0,0.01,0.1,0.9,-1.2,0.0,0,0,1,0,0.675,0.44
177,7,-0.3546005189418793,0.42955654859542847,0.021715031936764717,0.6722805218559876,0.2678599639075621,0,0,0,0.12,0.01,0.0,0.01,0.1,0.9,-1.2,0.0,0,0,1,0,0.675,0.44
178,0,-0.40841859579086304,0.24764490127563477,-1.4294800758361816,0.7706967647689709,0.14757197540818365,0,0,0,0.12,0.01,0.0,0.01,0.1,0.9,-1.2,0.0,0,0,1,0,0.675,0.44
178,1,-0.8483538031578064,0.3469400703907013,-2.828038454055786,0.35010022954868125,0.5914608733184451,0,0,0,0.12,0.01,0.0,0.01,0.1,0.9,-1.2,0.0,0,0,1,1,0.675,0.44
178,2,-0.09598424285650253,-0.36251917481422424,-0.9172699451446533,0.516107234389574,0.46392580565711794,0,0,0,0.12,0.01,0.0,0.01,0.1,0.9,-1.2,0.0,0,0,1,0,0.675,0.44
178,3,-0.8502581715583801,0.42788195610046387,-3.1356422901153564,0.4482881927936677,0.43233037944143965,0,0,0,0.12,0.01,0.0,0.01,0.1,0.9,-1.2,0.0,0,0,1,1,0.675,0.44
178,4,-0.5225295424461365,-0.3830902576446533,-1.9854005575180054,0.3859679949071094,0.5389133441660716,0,0,0,0.12,0.01,0.0,0.01,0.1,0.9,-1.2,0.0,0,0,1,0,0.675,0.44
178,5,-0.7465172410011292,-0.05407852306962013,-2.335461378097534,0.486808656784308,0.44670796480535263,0,0,0,0.12,0.01,0.0,0.01,0.1,0.9,-1.2,0.0,0,0,1,0,0.675,0.44
178,6,-0.15068484842777252,-0.018106859177350998,0.3033945560455322,0.5923474278128151,0.33775456288695294,0,0,0,0.12,0.01,0.0,0.01,0.1,0.9,-1.2,0.0,0,0,1,0,0.675,0.44
178,7,-0.3536584973335266,0.4295702874660492,0.0069663627073168755,0.6210156094112719,0.3175635922870313,0,0,0,0.12,0.01,0.0,0.01,0.1,0.9,-1.2,0.0,0,0,1,0,0.675,0.44
179,0,-0.40829992294311523,0.24673357605934143,-1.4515951871871948,0.7673508332440571,0.1506455733111186,0,0,0,0.12,0.01,0.0,0.01,0.1,0.9,-1.2,0.0,0,0,1,0,0.675,0.44
179,1,-0.8492501378059387,0.34664538502693176,-2.819664478302002,0.3480985613103648,0.5916813163522938,0,0,0,0.12,0.01,0.0,0.01,0.1,0.9,-1.2,0.0,0,0,1,1,0.675,0.44
179,2,-0.09538856148719788,-0.3632984161376953,-0.9191253781318665,0.5156941988194951,0.46369391897072704,0,0,0,0.12,0.01,0.0,0.01,0.1,0.9,-1.2,0.0,0,0,1,0,0.675,0.44
179,3,-0.8511441946029663,0.42787688970565796,-3.136181592941284,0.44666013355153816,0.42937996749979246,0,0,0,0.12,0.01,0.0,0.01,0.1,0.9,-1.2,0.0,0,0,1,1,0.675,0.44
179,4,-0.5229006409645081,-0.3839398920536041,-1.979988932609558,0.3854118971408436,0.5375027866779736,0,0,0,0.12,0.01,0.0,0.01,0.1,0.9,-1.2,0.0,0,0,1,0,0.675,0.44
179,5,-0.7471650838851929,-0.05475278198719025,-2.3369572162628174,0.4853420514198619,0.4468939047721546,0,0,0,0.12,0.01,0.0,0.01,0.1,0.9,-1.2,0.0,0,0,1,0,0.675,0.44
179,6,-0.14977195858955383,-0.017826559022068977,0.29339540004730225,0.5898205335925092,0.3400193158795367,0,0,0,0.12,0.01,0.0,0.01,0.1,0.9,-1.2,0.0,0,0,1,0,0.675,0.44
179,7,-0.3527179956436157,0.429569274187088,-0.007997758686542511,0.5444937732175247,0.3925295088335618,0,0,0,0.12,0.01,0.0,0.01,0.1,0.9,-1.2,0.0,0,0,1,0,0.675,0.44
180,0,-0.40820103883743286,0.24582034349441528,-1.473502516746521,0.7637622988720117,0.15407979125784055,0,0,0,0.12,0.01,0.0,0.01,0.1,0.9,-1.2,0.0,0,0,1,0,0.675,0.44
180,1,-0.8501423001289368,0.3463436961174011,-2.811203956604004,0.3461492345122918,0.591865928432502,0,0,0,0.12,0.01,0.0,0.01,0.1,0.9,-1.2,0.0,0,0,1,1,0.675,0.44
180,2,-0.09479473531246185,-0.3640782833099365,-0.9209696650505066,0.5153173477770566,0.46341231750233175,0,0,0,0.12,0.01,0.0,0.01,0.1,0.9,-1.2,0.0,0,0,1,0,0.675,0.44
180,3,-0.8520256876945496,0.42787232995033264,-3.1367454528808594,0.4450785426114121,0.4263109656359633,0,0,0,0.12,0.01,0.0,0.01,0.1,0.9,-1.2,0.0,0,0,1,1,0.675,0.44
180,4,-0.5232663750648499,-0.38478976488113403,-1.9746066331863403,0.3848561135146016,0.5360727223542339,0,0,0,0.12,0.01,0.0,0.01,0.1,0.9,-1.2,0.0,0,0,1,0,0.675,0.44
180,5,-0.7478130459785461,-0.05542515218257904,-2.338390350341797,0.1285085802752528,0.7840825194638219,0,0,0,0.12,0.01,0.0,0.01,0.1,0.9,-1.2,0.0,0,0,1,0,0.675,0.44
180,6,-0.1488570272922516,-0.01755553111433983,0.28357431292533875,0.46340889919186945,0.4405119301042426,0,0,0,0.12,0.01,0.0,0.01,0.1,0.9,-1.2,0.0,0,0,1,0,0.675,0.44
180,7,-0.35177919268608093,0.4295558035373688,-0.019102199003100395,0.4675387657269026,0.46789211863436453,0,0,0,0.12,0.01,0.0,0.01,0.1,0.9,-1.2,0.0,0,0,1,0,0.675,0.44
181,0,-0.40812161564826965,0.24490554630756378,-1.4951858520507812,0.759844595636113,0.15795851305605615,0,0,0,0.12,0.01,0.0,0.01,0.1,0.9,-1.2,0.0,0,0,1,0,0.675,0.44
181,1,-0.8510301113128662,0.3460349142551422,-2.8026645183563232,0.3442100335293275,0.5920600246257324,0,0,0,0.12,0.01,0.0,0.01,0.1,0.9,-1.2,0.0,0,0,1,1,0.675,0.44
181,2,-0.09420277178287506,-0.3648587763309479,-0.9228087067604065,0.5149372024138342,0.4631203012864221,0,0,0,0.12,0.01,0.0,0.01,0.1,0.9,-1.2,0.0,0,0,1,0,0.675,0.44
181,3,-0.8529026508331299,0.4278683364391327,-3.137352466583252,0.44336082143984074,0.42331008510389095,0,0,0,0.12,0.01,0.0,0.01,0.1,0.9,-1.2,0.0,0,0,1,1,0.675,0.44
181,4,-0.5236267447471619,-0.3856397271156311,-1.9692541360855103,0.38429876726338763,0.5346252663784274,0,0,0,0.12,0.01,0.0,0.01,0.1,0.9,-1.2,0.0,0,0,1,0,0.675,0.44
181,5,-0.7484610676765442,-0.056095682084560394,-2.339764356613159,0.1350354553031826,0.776379287166605,0,0,0,0.12,0.01,0.0,0.01,0.1,0.9,-1.2,0.0,0,0,1,0,0.675,0.44
181,6,-0.14794017374515533,-0.017293598502874374,0.2739337682723999,0.46827003206722295,0.4359507278013989,0,0,0,0.12,0.01,0.0,0.01,0.1,0.9,-1.2,0.0,0,0,1,0,0.675,0.44
181,7,-0.350842148065567,0.42953401803970337,-0.025402026250958443,0.4020795828101037,0.5317379230263832,0,0,0,0.12,0.01,0.0,0.01,0.1,0.9,-1.2,0.0,0,0,1,0,0.675,0.44
182,0,-0.40806156396865845,0.2439894825220108,-1.5166243314743042,0.7553836919949912,0.1624382517649269,0,0,0,0.12,0.01,0.0,0.01,0.1,0.9,-1.2,0.0,0,0,1,0,0.675,0.44
182,1,-0.851913571357727,0.34571903944015503,-2.7940492630004883,0.34236618887861164,0.5921870766929825,0,0,0,0.12,0.01,0.0,0.01,0.1,0.9,-1.2,0.0,0,0,1,1,0.675,0.44
182,2,-0.0936126783490181,-0.3656398355960846,-0.9246450066566467,0.5140678329768319,0.4633089260754447,0,0,0,0.12,0.01,0.0,0.01,0.1,0.9,-1.2,0.0,0,0,1,0,0.675,0.44
182,3,-0.8537750244140625,0.4278649091720581,-3.1380105018615723,0.44149841390598316,0.4203943458939742,0,0,0,0.12,0.01,0.0,0.01,0.1,0.9,-1.2,0.0,0,0,1,1,0.675,0.44
182,4,-0.5239819288253784,-0.38648977875709534,-1.9639322757720947,0.3839002715540966,0.5330321324871937,0,0,0,0.12,0.01,0.0,0.01,0.1,0.9,-1.2,0.0,0,0,1,0,0.675,0.44
182,5,-0.749094545841217,-0.0567580983042717,-2.3216280937194824,0.23291033657452542,0.677647827545195,0,0,0,0.12,0.01,0.0,0.01,0.1,0.9,-1.2,0.0,0,0,1,0,0.675,0.44
182,6,-0.14705824851989746,-0.017048455774784088,0.2712967097759247,0.5049393919427018,0.39957706656865066,0,0,0,0.12,0.01,0.0,0.01,0.1,0.9,-1.2,0.0,0,0,1,0,0.675,0.44
182,7,-0.3499067425727844,0.42950889468193054,-0.026475584134459496,0.35848391871325774,0.5737406529916068,0,0,0,0.12,0.01,0.0,0.01,0.1,0.9,-1.2,0.0,0,0,1,0,0.675,0.44
183,0,-0.40802112221717834,0.24307245016098022,-1.5377912521362305,0.7507322878897117,0.1671904473245217,0,0,0,0.12,0.01,0.0,0.01,0.1,0.9,-1.2,0.0,0,0,1,0,0.675,0.44
183,1,-0.852792501449585,0.3453960716724396,-2.7853589057922363,0.3400758186399318,0.592795105832877,0,0,0,0.12,0.01,0.0,0.01,0.1,0.9,-1.2,0.0,0,0,1,1,0.675,0.44
183,2,-0.09302443265914917,-0.3664214611053467,-0.9264764189720154,0.5129691950472248,0.4637110837308514,0,0,0,0.12,0.01,0.0,0.01,0.1,0.9,-1.2,0.0,0,0,1,0,0.675,0.44
183,3,-0.8546426296234131,0.42786213755607605,-3.1387150287628174,0.43900017596223695,0.41805334233305114,0,0,0,0.12,0.01,0.0,0.01,0.1,0.9,-1.2,0.0,0,0,1,1,0.675,0.44
183,4,-0.5243318676948547,-0.38733983039855957,-1.958641529083252,0.3830159293366535,0.5319320572661297,0,0,0,0.12,0.01,0.0,0.01,0.1,0.9,-1.2,0.0,0,0,1,0,0.675,0.44
183,5,-0.7497094869613647,-0.057431336492300034,-2.2990124225616455,0.35310002177416294,0.5565100112611153,0,0,0,0.12,0.01,0.0,0.01,0.1,0.9,-1.2,0.0,0,0,1,0,0.675,0.44
183,6,-0.14618432521820068,-0.016806328669190407,0.2701146900653839,0.5474244328661885,0.3573948768452678,0,0,0,0.12,0.01,0.0,0.01,0.1,0.9,-1.2,0.0,0,0,1,0,0.675,0.44
183,7,-0.3489729166030884,0.4294849634170532,-0.022925008088350296,0.3411701231754415,0.5895116419040567,0,0,0,0.12,0.01,0.0,0.01,0.1,0.9,-1.2,0.0,0,0,1,0,0.675,0.44
184,0,-0.40800032019615173,0.2421547919511795,-1.5586503744125366,0.7459353997418087,0.17218432882340734,0,0,0,0.12,0.01,0.0,0.01,0.1,0.9,-1.2,0.0,0,0,1,0,0.675,0.44
184,1,-0.8536670207977295,0.345066100358963,-2.7765979766845703,0.3373310669050059,0.5938949481859366,0,0,0,0.12,0.01,0.0,0.01,0.1,0.9,-1.2,0.0,0,0,1,1,0.675,0.44
184,2,-0.0924379974603653,-0.36720362305641174,-0.9282755851745605,0.5120052325409628,0.4639605653601908,0,0,0,0.12,0.01,0.0,0.01,0.1,0.9,-1.2,0.0,0,0,1,0,0.675,0.44
184,3,-0.8555054664611816,0.42785999178886414,-3.139457941055298,0.4359153803836193,0.41623911294828997,0,0,0,0.12,0.01,0.0,0.01,0.1,0.9,-1.2,0.0,0,0,1,1,0.675,0.44
184,4,-0.5246766209602356,-0.3881898522377014,-1.9533904790878296,0.38156663370744237,0.531393955224595,0,0,0,0.12,0.01,0.0,0.01,0.1,0.9,-1.2,0.0,0,0,1,0,0.675,0.44
184,5,-0.7503095865249634,-0.05811653286218643,-2.282015323638916,0.4471320750947641,0.4613529798750235,0,0,0,0.12,0.01,0.0,0.01,0.1,0.9,-1.2,0.0,0,0,1,0,0.675,0.44
184,6,-0.1453041285276413,-0.01656418852508068,0.2666170001029968,0.5776853204363447,0.3274684309369464,0,0,0,0.12,0.01,0.0,0.01,0.1,0.9,-1.2,0.0,0,0,1,0,0.675,0.44
184,7,-0.3480405807495117,0.42946603894233704,-0.016028443351387978,0.35000701823285724,0.5791902335638651,0,0,0,0.12,0.01,0.0,0.01,0.1,0.9,-1.2,0.0,0,0,1,0,0.675,0.44
185,0,-0.4079986810684204,0.2412368506193161,-1.5791810750961304,0.7408634723254627,0.17754945148740348,0,0,0,0.12,0.01,0.0,0.01,0.1,0.9,-1.2,0.0,0,0,1,0,0.675,0.44
185,1,-0.8545370697975159,0.34472912549972534,-2.7677416801452637,0.33444183732060856,0.5951783094307952,0,0,0,0.12,0.01,0.0,0.01,0.1,0.9,-1.2,0.0,0,0,1,1,0.675,0.44
185,2,-0.09185333549976349,-0.3679862320423126,-0.9300259947776794,0.5113473564141706,0.4638866156584307,0,0,0,0.12,0.01,0.0,0.01,0.1,0.9,-1.2,0.0,0,0,1,0,0.675,0.44
185,3,-0.8563635349273682,0.42785850167274475,-3.1402039527893066,0.4324361054551891,0.41476357296583133,0,0,0,0.12,0.01,0.0,0.01,0.1,0.9,-1.2,0.0,0,0,1,1,0.675,0.44
185,4,-0.5250161290168762,-0.3890398144721985,-1.9481538534164429,0.37985396739894933,0.531110223560981,0,0,0,0.12,0.01,0.0,0.01,0.1,0.9,-1.2,0.0,0,0,1,0,0.675,0.44
185,5,-0.750899612903595,-0.05880900099873543,-2.2731728553771973,0.5023401093074431,0.40494826320918903,0,0,0,0.12,0.01,0.0,0.01,0.1,0.9,-1.2,0.0,0,0,1,0,0.675,0.44
185,6,-0.14441487193107605,-0.016324322670698166,0.2599599361419678,0.59148144886195,0.3140529377728767,0,0,0,0.12,0.01,0.0,0.01,0.1,0.9,-1.2,0.0,0,0,1,0,0.675,0.44
185,7,-0.3471096456050873,0.42945462465286255,-0.007466872688382864,0.38076446485581605,0.5469913678163032,0,0,0,0.12,0.01,0.0,0.01,0.1,0.9,-1.2,0.0,0,0,1,0,0.675,0.44
186,0,-0.4080159664154053,0.24033108353614807,-1.5997956991195679,0.7332186846259708,0.1855891199585322,0,0,0,0.12,0.01,0.0,0.01,0.1,0.9,-1.2,0.0,0,0,1,0,0.675,0.44
186,1,-0.8554025888442993,0.3443850874900818,-2.7587568759918213,0.33176483054058464,0.5962943301687964,0,0,0,0.12,0.01,0.0,0.01,0.1,0.9,-1.2,0.0,0,0,1,1,0.675,0.44
186,2,-0.09127040952444077,-0.36876925826072693,-0.9317338466644287,0.5109862734004356,0.46350001800810325,0,0,0,0.12,0.01,0.0,0.01,0.1,0.9,-1.2,0.0,0,0,1,0,0.675,0.44
186,3,-0.8572166562080383,0.4278576374053955,-3.140913248062134,0.4288869160518644,0.4133152705326083,0,0,0,0.12,0.01,0.0,0.01,0.1,0.9,-1.2,0.0,0,0,1,1,0.675,0.44
186,4,-0.5253504514694214,-0.3898897171020508,-1.9428929090499878,0.37827123984115074,0.5306817711947684,0,0,0,0.12,0.01,0.0,0.01,0.1,0.9,-1.2,0.0,0,0,1,0,0.675,0.44
186,5,-0.7514852285385132,-0.059503789991140366,-2.2713332176208496,0.5240155782297343,0.38208010534494224,0,0,0,0.12,0.01,0.0,0.01,0.1,0.9,-1.2,0.0,0,0,1,0,0.675,0.44
186,6,-0.14351734519004822,-0.016090137884020805,0.25080403685569763,0.59148211951147,0.3144591880332383,0,0,0,0.12,0.01,0.0,0.01,0.1,0.9,-1.2,0.0,0,0,1,0,0.675,0.44
186,7,-0.34618014097213745,0.42945152521133423,0.0009441848378628492,0.4258531697136317,0.500488363947257,0,0,0,0.12,0.01,0.0,0.01,0.1,0.9,-1.2,0.0,0,0,1,0,0.675,0.44
187,0,-0.4080521762371063,0.23943454027175903,-1.6203595399856567,0.7235389316360342,0.19575310108262425,0,0,0,0.12,0.01,0.0,0.01,0.1,0.9,-1.2,0.0,0,0,1,0,0.675,0.44
187,1,-0.8562634587287903,0.3440339267253876,-2.7496278285980225,0.3295448983355331,0.596998754675789,0,0,0,0.12,0.01,0.0,0.01,0.1,0.9,-1.2,0.0,0,0,1,1,0.675,0.44
187,2,-0.09068921208381653,-0.3695526719093323,-0.933416485786438,0.5108003214957272,0.4629238053200688,0,0,0,0.12,0.01,0.0,0.01,0.1,0.9,-1.2,0.0,0,0,1,0,0.675,0.44
187,3,-0.8580648899078369,0.42785730957984924,-3.141557455062866,0.4255992815844975,0.41156631251645476,0,0,0,0.12,0.01,0.0,0.01,0.1,0.9,-1.2,0.0,0,0,1,1,0.675,0.44
187,4,-0.5256795287132263,-0.3907395303249359,-1.937585711479187,0.3770787513252881,0.529844185114226,0,0,0,0.12,0.01,0.0,0.01,0.1,0.9,-1.2,0.0,0,0,1,0,0.675,0.44
187,5,-0.7520705461502075,-0.06019727140665054,-2.273972511291504,0.5241337611920781,0.3808054134600215,0,0,0,0.12,0.01,0.0,0.01,0.1,0.9,-1.2,0.0,0,0,1,0,0.675,0.44
187,6,-0.14261402189731598,-0.01586412638425827,0.2403416633605957,0.5832372331457729,0.32312416793531223,0,0,0,0.12,0.01,0.0,0.01,0.1,0.9,-1.2,0.0,0,0,1,0,0.675,0.44
187,7,-0.3452520966529846,0.42945563793182373,0.007386366371065378,0.47437284325547513,0.4505674448113889,0,0,0,0.12,0.01,0.0,0.01,0.1,0.9,-1.2,0.0,0,0,1,0,0.675,0.44
188,0,-0.40810537338256836,0.23855328559875488,-1.640926480293274,0.7114760240032283,0.20838082232932167,0,0,0,0.12,0.01,0.0,0.01,0.1,0.9,-1.2,0.0,0,0,1,0,0.675,0.44
188,1,-0.8571196794509888,0.3436754047870636,-2.7403628826141357,0.3278193196577861,0.5972578206734822,0,0,0,0.12,0.01,0.0,0.01,0.1,0.9,-1.2,0.0,0,0,1,1,0.675,0.44
188,2,-0.09010977298021317,-0.37033647298812866,-0.9350939989089966,0.5106384919713882,0.46230982078801125,0,0,0,0.12,0.01,0.0,0.01,0.1,0.9,-1.2,0.0,0,0,1,0,0.675,0.44
188,3,-0.8589080572128296,0.42785751819610596,3.141057014465332,0.42264935095386147,0.4094466296903646,0,0,0,0.12,0.01,0.0,0.01,0.1,0.9,-1.2,0.0,0,0,1,1,0.675,0.44
188,4,-0.5260032415390015,-0.3915892541408539,-1.9322360754013062,0.3763573345563837,0.5285137715913824,0,0,0,0.12,0.01,0.0,0.01,0.1,0.9,-1.2,0.0,0,0,1,0,0.675,0.44
188,5,-0.752657949924469,-0.06088743358850479,-2.2786521911621094,0.5141074456444267,0.3897043071517465,0,0,0,0.12,0.01,0.0,0.01,0.1,0.9,-1.2,0.0,0,0,1,0,0.675,0.44
188,6,-0.1417074352502823,-0.01564757339656353,0.22968049347400665,0.5719441514767292,0.33482810442079286,0,0,0,0.12,0.01,0.0,0.01,0.1,0.9,-1.2,0.0,0,0,1,0,0.675,0.44
188,7,-0.3443255126476288,0.4294643700122833,0.010683116503059864,0.5161245591440895,0.4074370734891197,0,0,0,0.12,0.01,0.0,0.01,0.1,0.9,-1.2,0.0,0,0,1,0,0.675,0.44
189,0,-0.40817517042160034,0.2376875877380371,-1.661344051361084,0.6977576315760163,0.2227315008283111,0,0,0,0.12,0.01,0.0,0.01,0.1,0.9,-1.2,0.0,0,0,1,0,0.675,0.44
189,1,-0.8579710721969604,0.3433094620704651,-2.7309887409210205,0.3265146264269222,0.5971467247769963,0,0,0,0.12,0.01,0.0,0.01,0.1,0.9,-1.2,0.0,0,0,1,1,0.675,0.44
189,2,-0.08953213691711426,-0.3711206316947937,-0.936782956123352,0.5103747637646749,0.4617844431025431,0,0,0,0.12,0.01,0.0,0.01,0.1,0.9,-1.2,0.0,0,0,1,0,0.675,0.44
189,3,-0.8597462773323059,0.4278581738471985,3.1405439376831055,0.42012005005745967,0.40687872017950927,0,0,0,0.12,0.01,0.0,0.01,0.1,0.9,-1.2,0.0,0,0,1,1,0.675,0.44
189,4,-0.5263217091560364,-0.3924388289451599,-1.9268680810928345,0.37602458649913856,0.5267707878943245,0,0,0,0.12,0.01,0.0,0.01,0.1,0.9,-1.2,0.0,0,0,1,0,0.675,0.44
189,5,-0.7532482147216797,-0.061573632061481476,-2.283684492111206,0.5018554328857516,0.40085190544737825,0,0,0,0.12,0.01,0.0,0.01,0.1,0.9,-1.2,0.0,0,0,1,0,0.675,0.44
189,6,-0.14079949259757996,-0.015440677292644978,0.21954141557216644,0.5611294430800464,0.34603483256616335,0,0,0,0.12,0.01,0.0,0.01,0.1,0.9,-1.2,0.0,0,0,1,0,0.675,0.44
189,7,-0.34340035915374756,0.42947447299957275,0.010388648137450218,0.5434337973159173,0.3787934661347052,0,0,0,0.12,0.01,0.0,0.01,0.1,0.9,-1.2,0.0,0,0,1,0,0.675,0.44
190,0,-0.4082624614238739,0.23682065308094025,-1.6808465719223022,0.6862691048290044,0.2348962422702997,0,0,0,0.12,0.01,0.0,0.01,0.1,0.9,-1.2,0.0,0,0,1,0,0.675,0.44
190,1,-0.8588176369667053,0.3429360091686249,-2.7215383052825928,0.32553720720363466,0.5967575287048736,0,0,0,0.12,0.01,0.0,0.01,0.1,0.9,-1.2,0.0,0,0,1,1,0.675,0.44
190,2,-0.0889563262462616,-0.3719051778316498,-0.9384893774986267,0.5099513786693501,0.4614053708652568,0,0,0,0.12,0.01,0.0,0.01,0.1,0.9,-1.2,0.0,0,0,1,0,0.675,0.44
190,3,-0.8605793714523315,0.42785924673080444,3.1400647163391113,0.41797000034567866,0.4038949622321411,0,0,0,0.12,0.01,0.0,0.01,0.1,0.9,-1.2,0.0,0,0,1,1,0.675,0.44
190,4,-0.5266348719596863,-0.39328813552856445,-1.921514630317688,0.3759377332967101,0.5247557429033937,0,0,0,0.12,0.01,0.0,0.01,0.1,0.9,-1.2,0.0,0,0,1,0,0.675,0.44
190,5,-0.7538411021232605,-0.062256038188934326,-2.2881951332092285,0.491587211859871,0.4100521900528182,0,0,0,0.12,0.01,0.0,0.01,0.1,0.9,-1.2,0.0,0,0,1,0,0.675,0.44
190,6,-0.13989119231700897,-0.015242950059473515,0.21023941040039062,0.5526483179012432,0.35490607014502146,0,0,0,0.12,0.01,0.0,0.01,0.1,0.9,-1.2,0.0,0,0,1,0,0.675,0.44
190,7,-0.34247657656669617,0.42948290705680847,0.007019530516117811,0.5536699691800184,0.36727478112897205,0,0,0,0.12,0.01,0.0,0.01,0.1,0.9,-1.2,0.0,0,0,1,0,0.675,0.44
191,0,-0.4083668887615204,0.23595236241817474,-1.699293851852417,0.6777524140393035,0.24412449330932923,0,0,0,0.12,0.01,0.0,0.01,0.1,0.9,-1.2,0.0,0,0,1,0,0.675,0.44
191,1,-0.8596592545509338,0.34255504608154297,-2.7120399475097656,0.3247614790311713,0.5962176035532097,0,0,0,0.12,0.01,0.0,0.01,0.1,0.9,-1.2,0.0,0,0,1,1,0.675,0.44
191,2,-0.08838235586881638,-0.3726901113986969,-0.9402066469192505,0.5094028912295482,0.4611376919041493,0,0,0,0.12,0.01,0.0,0.01,0.1,0.9,-1.2,0.0,0,0,1,0,0.675,0.44
191,3,-0.8614073991775513,0.42786070704460144,3.1395905017852783,0.4161167034970494,0.4005815496577053,0,0,0,0.12,0.01,0.0,0.01,0.1,0.9,-1.2,0.0,0,0,1,1,0.675,0.44
191,4,-0.5269429087638855,-0.3941371738910675,-1.9162051677703857,0.3759445399937955,0.5226181893648776,0,0,0,0.12,0.01,0.0,0.01,0.1,0.9,-1.2,0.0,0,0,1,0,0.675,0.44
191,5,-0.7544360756874084,-0.06293515861034393,-2.2919158935546875,0.48457148454268945,0.4160354457132004,0,0,0,0.12,0.01,0.0,0.01,0.1,0.9,-1.2,0.0,0,0,1,0,0.675,0.44
191,6,-0.1389828473329544,-0.01505362056195736,0.20179161429405212,0.5467220056421552,0.361219931804439,0,0,0,0.12,0.01,0.0,0.01,0.1,0.9,-1.2,0.0,0,0,1,0,0.675,0.44
191,7,-0.34155407547950745,0.42948734760284424,0.00229772855527699,0.5512990325840299,0.36841303406636083,0,0,0,0.12,0.01,0.0,0.01,0.1,0.9,-1.2,0.0,0,0,1,0,0.675,0.44
192,0,-0.4084877371788025,0.23508316278457642,-1.7167963981628418,0.6717121041492482,0.2509071194454174,0,0,0,0.12,0.01,0.0,0.01,0.1,0.9,-1.2,0.0,0,0,1,0,0.675,0.44
192,1,-0.8604959845542908,0.34216663241386414,-2.702516555786133,0.32409252576831754,0.5956240112304313,0,0,0,0.12,0.01,0.0,0.01,0.1,0.9,-1.2,0.0,0,0,1,1,0.675,0.44
192,2,-0.0878102108836174,-0.37347540259361267,-0.9419223666191101,0.5087977498240565,0.4609125406079199,0,0,0,0.12,0.01,0.0,0.01,0.1,0.9,-1.2,0.0,0,0,1,0,0.675,0.44
192,3,-0.8622303009033203,0.42786258459091187,3.1390926837921143,0.4143710828577788,0.39713012210971993,0,0,0,0.12,0.01,0.0,0.01,0.1,0.9,-1.2,0.0,0,0,1,1,0.675,0.44
192,4,-0.527245819568634,-0.39498579502105713,-1.9109598398208618,0.37594801643571646,0.5204515411547683,0,0,0,0.12,0.01,0.0,0.01,0.1,0.9,-1.2,0.0,0,0,1,0,0.675,0.44
192,5,-0.7550325989723206,-0.06361151486635208,-2.294926404953003,0.4804446050870301,0.4191643049967408,0,0,0,0.12,0.01,0.0,0.01,0.1,0.9,-1.2,0.0,0,0,1,0,0.675,0.44
192,6,-0.13807430863380432,-0.014871913939714432,0.19404733180999756,0.5427398698643692,0.36558675595960544,0,0,0,0.12,0.01,0.0,0.01,0.1,0.9,-1.2,0.0,0,0,1,0,0.675,0.44
192,7,-0.3406328856945038,0.42948636412620544,-0.005402984097599983,0.5258466405110036,0.3926837044520701,0,0,0,0.12,0.01,0.0,0.01,0.1,0.9,-1.2,0.0,0,0,1,0,0.675,0.44
193,0,-0.4086240828037262,0.2342137098312378,-1.7335695028305054,0.6671381725892606,0.2562508449926791,0,0,0,0.12,0.01,0.0,0.01,0.1,0.9,-1.2,0.0,0,0,1,0,0.675,0.44
193,1,-0.8613278269767761,0.34177088737487793,-2.6929821968078613,0.3234714747341136,0.5950375317661304,0,0,0,0.12,0.01,0.0,0.01,0.1,0.9,-1.2,0.0,0,0,1,1,0.675,0.44
193,2,-0.08723986148834229,-0.3742609918117523,-0.94362872838974,0.5081850469705438,0.4606805264356757,0,0,0,0.12,0.01,0.0,0.01,0.1,0.9,-1.2,0.0,0,0,1,0,0.675,0.44
193,3,-0.8630480766296387,0.42786484956741333,3.138547897338867,0.4126651023856121,0.3936108017930072,0,0,0,0.12,0.01,0.0,0.01,0.1,0.9,-1.2,0.0,0,0,1,1,0.675,0.44
193,4,-0.5275436639785767,-0.3958339989185333,-1.9057880640029907,0.3759087263314935,0.5182902277738837,0,0,0,0.12,0.01,0.0,0.01,0.1,0.9,-1.2,0.0,0,0,1,0,0.675,0.44
193,5,-0.7556302547454834,-0.06428548693656921,-2.2974355220794678,0.4782402210190827,0.42040363026112976,0,0,0,0.12,0.01,0.0,0.01,0.1,0.9,-1.2,0.0,0,0,1,0,0.675,0.44
193,6,-0.13716529309749603,-0.014697199687361717,0.18681351840496063,0.5398679832492249,0.36883981427808826,0,0,0,0.12,0.01,0.0,0.01,0.1,0.9,-1.2,0.0,0,0,1,0,0.675,0.44
193,7,-0.3397129476070404,0.42947936058044434,-0.011436562985181808,0.498907609170251,0.41846241217298014,0,0,0,0.12,0.01,0.0,0.01,0.1,0.9,-1.2,0.0,0,0,1,0,0.675,0.44
194,0,-0.40877506136894226,0.23334458470344543,-1.7498091459274292,0.6630774344449996,0.26110551700534845,0,0,0,0.12,0.01,0.0,0.01,0.1,0.9,-1.2,0.0,0,0,1,0,0.675,0.44
194,1,-0.8621547818183899,0.3413679003715515,-2.683443546295166,0.32288353994199065,0.5944746200769303,0,0,0,0.12,0.01,0.0,0.01,0.1,0.9,-1.2,0.0,0,0,1,1,0.675,0.44
194,2,-0.08667130023241043,-0.37504684925079346,-0.9453241229057312,0.5075709158639523,0.46043539698318514,0,0,0,0.12,0.01,0.0,0.01,0.1,0.9,-1.2,0.0,0,0,1,0,0.675,0.44
194,3,-0.8638606071472168,0.427867591381073,3.1379449367523193,0.41078999132240346,0.39023396879112193,0,0,0,0.12,0.01,0.0,0.01,0.1,0.9,-1.2,0.0,0,0,1,1,0.675,0.44
194,4,-0.5278363823890686,-0.39668169617652893,-1.9006922245025635,0.3758296897698972,0.5161255070875552,0,0,0,0.12,0.01,0.0,0.01,0.1,0.9,-1.2,0.0,0,0,1,0,0.675,0.44
194,5,-0.7562287449836731,-0.06495732814073563,-2.299649715423584,0.4770060251681139,0.42070441737491593,0,0,0,0.12,0.01,0.0,0.01,0.1,0.9,-1.2,0.0,0,0,1,0,0.675,0.44
194,6,-0.13625550270080566,-0.014529015868902206,0.17992986738681793,0.5373882244778222,0.37169597638124763,0,0,0,0.12,0.01,0.0,0.01,0.1,0.9,-1.2,0.0,0,0,1,0,0.675,0.44
194,7,-0.3387942612171173,0.42946669459342957,-0.016274526715278625,0.4687146980171381,0.44751323872755183,0,0,0,0.12,0.01,0.0,0.01,0.1,0.9,-1.2,0.0,0,0,1,0,0.675,0.44
195,0,-0.40894001722335815,0.23247620463371277,-1.7656433582305908,0.6588937024242671,0.26610332926442304,0,0,0,0.12,0.01,0.0,0.01,0.1,0.9,-1.2,0.0,0,0,1,0,0.675,0.44
195,1,-0.8629767894744873,0.3409576416015625,-2.673903465270996,0.32232740641787716,0.5939373063926391,0,0,0,0.12,0.01,0.0,0.01,0.1,0.9,-1.2,0.0,0,0,1,1,0.675,0.44
195,2,-0.08610451966524124,-0.3758329451084137,-0.9470076560974121,0.5069584425097811,0.46017370861708057,0,0,0,0.12,0.01,0.0,0.01,0.1,0.9,-1.2,0.0,0,0,1,0,0.675,0.44
195,3,-0.8646679520606995,0.4278707802295685,3.1372792720794678,0.4087592669843942,0.38698992048508823,0,0,0,0.12,0.01,0.0,0.01,0.1,0.9,-1.2,0.0,0,0,1,1,0.675,0.44
195,4,-0.5281240344047546,-0.3975287973880768,-1.8956712484359741,0.3757341958368014,0.5139260433828641,0,0,0,0.12,0.01,0.0,0.01,0.1,0.9,-1.2,0.0,0,0,1,0,0.675,0.44
195,5,-0.7568280696868896,-0.06562718003988266,-2.3017163276672363,0.47605877420910964,0.4207493732213103,0,0,0,0.12,0.01,0.0,0.01,0.1,0.9,-1.2,0.0,0,0,1,0,0.675,0.44
195,6,-0.13534483313560486,-0.01436703372746706,0.17329566180706024,0.5348461836216972,0.37460756603498,0,0,0,0.12,0.01,0.0,0.01,0.1,0.9,-1.2,0.0,0,0,1,0,0.675,0.44
195,7,-0.3378767967224121,0.42945003509521484,-0.01948518306016922,0.44026420767731816,0.47483988349013173,0,0,0,0.12,0.01,0.0,0.01,0.1,0.9,-1.2,0.0,0,0,1,0,0.675,0.44
196,0,-0.40911850333213806,0.2316088229417801,-1.7811262607574463,0.6542972760461172,0.27152915427462243,0,0,0,0.12,0.01,0.0,0.01,0.1,0.9,-1.2,0.0,0,0,1,0,0.675,0.44
196,1,-0.8637938499450684,0.3405401110649109,-2.6643619537353516,0.3218250128583129,0.5934054401560609,0,0,0,0.12,0.01,0.0,0.01,0.1,0.9,-1.2,0.0,0,0,1,1,0.675,0.44
196,2,-0.08553954213857651,-0.3766193091869354,-0.9486770629882812,0.5063607589229284,0.4598823889271082,0,0,0,0.12,0.01,0.0,0.01,0.1,0.9,-1.2,0.0,0,0,1,0,0.675,0.44
196,3,-0.8654700517654419,0.42787447571754456,3.1365585327148438,0.4064947284286577,0.38395900358504464,0,0,0,0.12,0.01,0.0,0.01,0.1,0.9,-1.2,0.0,0,0,1,1,0.675,0.44
196,4,-0.5284067392349243,-0.3983752429485321,-1.890723705291748,0.3756569491625199,0.511648072123491,0,0,0,0.12,0.01,0.0,0.01,0.1,0.9,-1.2,0.0,0,0,1,0,0.675,0.44
196,5,-0.7574281096458435,-0.0662950947880745,-2.303715705871582,0.47502825395058124,0.42090841396857775,0,0,0,0.12,0.01,0.0,0.01,0.1,0.9,-1.2,0.0,0,0,1,0,0.675,0.44
196,6,-0.13443326950073242,-0.014211002737283707,0.16686852276325226,0.5320433913564461,0.3777709664011221,0,0,0,0.12,0.01,0.0,0.01,0.1,0.9,-1.2,0.0,0,0,1,0,0.675,0.44
196,7,-0.3369605541229248,0.429431289434433,-0.020752549171447754,0.41840774392936425,0.4955971779837828,0,0,0,0.12,0.01,0.0,0.01,0.1,0.9,-1.2,0.0,0,0,1,0,0.675,0.44
197,0,-0.40931034088134766,0.23074254393577576,-1.7962572574615479,0.6492772545039373,0.27738846881988477,0,0,0,0.12,0.01,0.0,0.01,0.1,0.9,-1.2,0.0,0,0,1,0,0.675,0.44
197,1,-0.8646059632301331,0.3401152789592743,-2.6548194885253906,0.321394113397935,0.5928623997208089,0,0,0,0.12,0.01,0.0,0.01,0.1,0.9,-1.2,0.0,0,0,1,1,0.675,0.44
197,2,-0.08497639000415802,-0.37740588188171387,-0.9503325819969177,0.5057733160965255,0.45956568889691324,0,0,0,0.12,0.01,0.0,0.01,0.1,0.9,-1.2,0.0,0,0,1,0,0.675,0.44
197,3,-0.8662668466567993,0.4278787672519684,3.1357932090759277,0.4038822381858251,0.38125762053686174,0,0,0,0.12,0.01,0.0,0.01,0.1,0.9,-1.2,0.0,0,0,1,1,0.675,0.44
197,4,-0.5286844968795776,-0.39922091364860535,-1.885849952697754,0.37562394069627997,0.509253919849832,0,0,0,0.12,0.01,0.0,0.01,0.1,0.9,-1.2,0.0,0,0,1,0,0.675,0.44
197,5,-0.7580289244651794,-0.0669611319899559,-2.3056766986846924,0.4737860927287365,0.4213098516758655,0,0,0,0.12,0.01,0.0,0.01,0.1,0.9,-1.2,0.0,0,0,1,0,0.675,0.44
197,6,-0.13352087140083313,-0.014060715213418007,0.16064777970314026,0.5289800921214843,0.38118337004053343,0,0,0,0.12,0.01,0.0,0.01,0.1,0.9,-1.2,0.0,0,0,1,0,0.675,0.44
197,7,-0.33604541420936584,0.42941251397132874,-0.019943099468946457,0.4073573980522216,0.5055820312309205,0,0,0,0.12,0.01,0.0,0.01,0.1,0.9,-1.2,0.0,0,0,1,0,0.675,0.44
198,0,-0.4095154404640198,0.2298775017261505,-1.811008334159851,0.6439542158065663,0.28355527086869603,0,0,0,0.12,0.01,0.0,0.01,0.1,0.9,-1.2,0.0,0,0,1,0,0.675,0.44
198,1,-0.8654129505157471,0.3396831452846527,-2.645277500152588,0.32105546275845537,0.5922880860162638,0,0,0,0.12,0.01,0.0,0.01,0.1,0.9,-1.2,0.0,0,0,1,1,0.675,0.44
198,2,-0.08441509306430817,-0.3781927227973938,-0.9519780874252319,0.5051692768729579,0.45925044568410994,0,0,0,0.12,0.01,0.0,0.01,0.1,0.9,-1.2,0.0,0,0,1,0,0.675,0.44
198,3,-0.8670583367347717,0.4278836250305176,3.134997844696045,0.4010076545061628,0.3788045026479204,0,0,0,0.12,0.01,0.0,0.01,0.1,0.9,-1.2,0.0,0,0,1,1,0.675,0.44
198,4,-0.5289574265480042,-0.40006569027900696,-1.8810524940490723,0.37566161630515943,0.5067031932079327,0,0,0,0.12,0.01,0.0,0.01,0.1,0.9,-1.2,0.0,0,0,1,0,0.675,0.44
198,5,-0.7586303949356079,-0.06762533634901047,-2.3075973987579346,0.472344043618509,0.4219422312914641,0,0,0,0.12,0.01,0.0,0.01,0.1,0.9,-1.2,0.0,0,0,1,0,0.675,0.44
198,6,-0.13260775804519653,-0.013915976509451866,0.15465278923511505,0.5257533159584924,0.3847455415396766,0,0,0,0.12,0.01,0.0,0.01,0.1,0.9,-1.2,0.0,0,0,1,0,0.675,0.44
198,7,-0.33513134717941284,0.4293953478336334,-0.017429009079933167,0.4081376709972901,0.5037741146052794,0,0,0,0.12,0.01,0.0,0.01,0.1,0.9,-1.2,0.0,0,0,1,0,0.675,0.44
199,0,-0.40973374247550964,0.22901377081871033,-1.8253470659255981,0.6384970681849905,0.2898554069813303,0,0,0,0.12,0.01,0.0,0.01,0.1,0.9,-1.2,0.0,0,0,1,0,0.675,0.44
199,1,-0.8662149310112,0.33924368023872375,-2.6357381343841553,0.32082501722806206,0.5916679732657124,0,0,0,0.12,0.01,0.0,0.01,0.1,0.9,-1.2,0.0,0,0,1,1,0.675,0.44
199,2,-0.08385564386844635,-0.37897974252700806,-0.9536157250404358,0.5045370675200672,0.4589481138115672,0,0,0,0.12,0.01,0.0,0.01,0.1,0.9,-1.2,0.0,0,0,1,0,0.675,0.44
199,3,-0.8678445219993591,0.4278891384601593,3.1341946125030518,0.3978003202405085,0.37667227402066095,0,0,0,0.12,0.01,0.0,0.01,0.1,0.9,-1.2,0.0,0,0,1,1,0.675,0.44
199,4,-0.5292257070541382,-0.4009094536304474,-1.876336693763733,0.3757793167995682,0.5039694448543319,0,0,0,0.12,0.01,0.0,0.01,0.1,0.9,-1.2,0.0,0,0,1,0,0.675,0.44
199,5,-0.7592325806617737,-0.06828776746988297,-2.3094635009765625,0.47077203243546284,0.422735448185875,0,0,0,0.12,0.01,0.0,0.01,0.1,0.9,-1.2,0.0,0,0,1,0,0.675,0.44
199,6,-0.13169407844543457,-0.01377660222351551,0.14890442788600922,0.5224799592266949,0.38833861758604926,0,0,0,0.12,0.01,0.0,0.01,0.1,0.9,-1.2,0.0,0,0,1,0,0.675,0.44
199,7,-0.3342183232307434,0.4293808341026306,-0.014084627851843834,0.41833892172861636,0.49258014851521914,0,0,0,0.12,0.01,0.0,0.01,0.1,0.9,-1.2,0.0,0,0,1,0,0.675,0.44
200,0,-0.40996500849723816,0.22815141081809998,-1.839248776435852,0.6330527534239344,0.2961374054200596,0,0,0,0.12,0.01,0.0,0.01,0.1,0.9,-1.2,0.0,0,0,1,0,0.675,0.44
200,1,-0.8670118451118469,0.3387969732284546,-2.626206159591675,0.32071145585000294,0.5909935016351959,0,0,0,0.12,0.01,0.0,0.01,0.1,0.9,-1.2,0.0,0,0,1,1,0.675,0.44
200,2,-0.08329803496599197,-0.37976697087287903,-0.9552427530288696,0.5038866735311147,0.4586485289720897,0,0,0,0.12,0.01,0.0,0.01,0.1,0.9,-1.2,0.0,0,0,1,0,0.675,0.44
200,3,-0.8686254024505615,0.4278952479362488,3.1334028244018555,0.394395089172975,0.3747291207078539,0,0,0,0.12,0.01,0.0,0.01,0.1,0.9,-1.2,0.0,0,0,1,1,0.675,0.44
200,4,-0.5294893383979797,-0.4017520546913147,-1.871710181236267,0.3759925658406623,0.5010161106882683,0,0,0,0.12,0.01,0.0,0.01,0.1,0.9,-1.2,0.0,0,0,1,0,0.675,0.44
200,5,-0.759835422039032,-0.06894850730895996,-2.3112595081329346,0.46914905821452974,0.4236103245102323,0,0,0,0.12,0.01,0.0,0.01,0.1,0.9,-1.2,0.0,0,0,1,0,0.675,0.44
200,6,-0.1307799220085144,-0.013642397709190845,0.14341630041599274,0.5192588511508105,0.3918622788388136,0,0,0,0.12,0.01,0.0,0.01,0.1,0.9,-1.2,0.0,0,0,1,0,0.675,0.44
200,7,-0.3333062529563904,0.42936941981315613,-0.01088316086679697,0.43406971503066544,0.47588572692108627,0,0,0,0.12,0.01,0.0,0.01,0.1,0.9,-1.2,0.0,0,0,1,0,0.675,0.44
201,0,-0.4102087914943695,0.22729045152664185,-1.8526989221572876,0.6277316657276361,0.30228658044622264,0,0,0,0.12,0.01,0.0,0.01,0.1,0.9,-1.2,0.0,0,0,1,0,0.675,0.44
201,1,-0.8678037524223328,0.33834314346313477,-2.6166858673095703,0.3207258470916781,0.5902539602851835,0,0,0,0.12,0.01,0.0,0.01,0.1,0.9,-1.2,0.0,0,0,1,1,0.675,0.44
201,2,-0.08274223655462265,-0.38055431842803955,-0.9568563103675842,0.5032333786266641,0.45833634784046856,0,0,0,0.12,0.01,0.0,0.01,0.1,0.9,-1.2,0.0,0,0,1,0,0.675,0.44
201,3,-0.8694009184837341,0.4279019236564636,3.132643938064575,0.3908939437907542,0.37287460994307153,0,0,0,0.12,0.01,0.0,0.01,0.1,0.9,-1.2,0.0,0,0,1,1,0.675,0.44
201,4,-0.5297483801841736,-0.40259337425231934,-1.8671818971633911,0.37631260209522027,0.49780656046428906,0,0,0,0.12,0.01,0.0,0.01,0.1,0.9,-1.2,0.0,0,0,1,0,0.675,0.44
201,5,-0.760438859462738,-0.06960763037204742,-2.3129751682281494,0.4675294276707775,0.4245121363169544,0,0,0,0.12,0.01,0.0,0.01,0.1,0.9,-1.2,0.0,0,0,1,0,0.675,0.44
201,6,-0.1298653781414032,-0.013513158075511456,0.13819339871406555,0.5161612636809517,0.39524435927818513,0,0,0,0.12,0.01,0.0,0.01,0.1,0.9,-1.2,0.0,0,0,1,0,0.675,0.44
201,7,-0.33239519596099854,0.42936089634895325,-0.008327591232955456,0.4525703058376791,0.45644600533099156,0,0,0,0.12,0.01,0.0,0.01,0.1,0.9,-1.2,0.0,0,0,1,0,0.675,0.44
202,0,-0.4104643762111664,0.22643084824085236,-1.865696907043457,0.6226017836177268,0.3082317348873696,0,0,0,0.12,0.01,0.0,0.01,0.1,0.9,-1.2,0.0,0,0,1,0,0.675,0.44
202,1,-0.8685906529426575,0.33788228034973145,-2.6071839332580566,0.32085980102094835,0.589457679543169,0,0,0,0.12,0.01,0.0,0.01,0.1,0.9,-1.2,0.0,0,0,1,1,0.675,0.44
202,2,-0.08218821883201599,-0.38134175539016724,-0.9584576487541199,0.502568926814469,0.4580195879903712,0,0,0,0.12,0.01,0.0,0.01,0.1,0.9,-1.2,0.0,0,0,1,0,0.675,0.44
202,3,-0.870171070098877,0.42790913581848145,3.1319336891174316,0.38737087153777355,0.3710358271659923,0,0,0,0.12,0.01,0.0,0.01,0.1,0.9,-1.2,0.0,0,0,1,1,0.675,0.44
202,4,-0.5300028920173645,-0.403433233499527,-1.8627623319625854,0.37674966666609255,0.494299618268905,0,0,0,0.12,0.01,0.0,0.01,0.1,0.9,-1.2,0.0,0,0,1,0,0.675,0.44
202,5,-0.7610428929328918,-0.07026520371437073,-2.314603805541992,0.4659568438015015,0.42539604812049564,0,0,0,0.12,0.01,0.0,0.01,0.1,0.9,-1.2,0.0,0,0,1,0,0.675,0.44
202,6,-0.12895052134990692,-0.01338865701109171,0.13323219120502472,0.5132329783765347,0.39843883892616916,0,0,0,0.12,0.01,0.0,0.01,0.1,0.9,-1.2,0.0,0,0,1,0,0.675,0.44
202,7,-0.3314850628376007,0.42935454845428467,-0.006479486357420683,0.4722937168838892,0.4358054576156225,0,0,0,0.12,0.01,0.0,0.01,0.1,0.9,-1.2,0.0,0,0,1,0,0.675,0.44
203,0,-0.41073137521743774,0.22557267546653748,-1.878251314163208,0.6176789914714301,0.3139539445293938,0,0,0,0.12,0.01,0.0,0.01,0.1,0.9,-1.2,0.0,0,0,1,0,0.675,0.44
203,1,-0.869372546672821,0.337414413690567,-2.5977065563201904,0.32111582397702987,0.5886014378141994,0,0,0,0.12,0.01,0.0,0.01,0.1,0.9,-1.2,0.0,0,0,1,1,0.675,0.44
203,2,-0.0816359743475914,-0.3821292817592621,-0.960049033164978,0.5018734518875134,0.45771805602416865,0,0,0,0.12,0.01,0.0,0.01,0.1,0.9,-1.2,0.0,0,0,1,0,0.675,0.44
203,3,-0.8709359169006348,0.4279167652130127,3.131279945373535,0.3840311130494373,0.3690109292059643,0,0,0,0.12,0.01,0.0,0.01,0.1,0.9,-1.2,0.0,0,0,1,1,0.675,0.44
203,4,-0.5302528738975525,-0.4042714536190033,-1.8584638833999634,0.37732612008497596,0.49043507462098723,0,0,0,0.12,0.01,0.0,0.01,0.1,0.9,-1.2,0.0,0,0,1,0,0.675,0.44
203,5,-0.7616474628448486,-0.07092128694057465,-2.3161444664001465,0.46443583562831064,0.42625759050389145,0,0,0,0.12,0.01,0.0,0.01,0.1,0.9,-1.2,0.0,0,0,1,0,0.675,0.44
203,6,-0.12803539633750916,-0.013268653303384781,0.12852135300636292,0.5104850838004026,0.4014343908013431,0,0,0,0.12,0.01,0.0,0.01,0.1,0.9,-1.2,0.0,0,0,1,0,0.675,0.44
203,7,-0.3305758833885193,0.42934927344322205,-0.005812602583318949,0.48907061518282224,0.41813389359861086,0,0,0,0.12,0.01,0.0,0.01,0.1,0.9,-1.2,0.0,0,0,1,0,0.675,0.44
204,0,-0.41100940108299255,0.22471600770950317,-1.8903768062591553,0.6129532462504307,0.3194612854573331,0,0,0,0.12,0.01,0.0,0.01,0.1,0.9,-1.2,0.0,0,0,1,0,0.675,0.44
204,1,-0.8701494932174683,0.33693960309028625,-2.5882604122161865,0.32149453939969774,0.5876850884956575,0,0,0,0.12,0.01,0.0,0.01,0.1,0.9,-1.2,0.0,0,0,1,1,0.675,0.44
204,2,-0.08108551055192947,-0.3829168677330017,-0.9616288542747498,0.5011526475869649,0.45742576017746983,0,0,0,0.12,0.01,0.0,0.01,0.1,0.9,-1.2,0.0,0,0,1,0,0.675,0.44
204,3,-0.871695339679718,0.4279248118400574,3.1306850910186768,0.380862098231756,0.36681290338949035,0,0,0,0.12,0.01,0.0,0.01,0.1,0.9,-1.2,0.0,0,0,1,1,0.675,0.44
204,4,-0.5304983854293823,-0.40510785579681396,-1.8543009757995605,0.37805959124924515,0.4861498222791972,0,0,0,0.12,0.01,0.0,0.01,0.1,0.9,-1.2,0.0,0,0,1,0,0.675,0.44
204,5,-0.7622525691986084,-0.07157595455646515,-2.3175981044769287,0.4629715009202304,0.4270909504423795,0,0,0,0.12,0.01,0.0,0.01,0.1,0.9,-1.2,0.0,0,0,1,0,0.675,0.44
204,6,-0.12712004780769348,-0.013152898289263248,0.12404512614011765,0.507905649846685,0.40424282580028764,0,0,0,0.12,0.01,0.0,0.01,0.1,0.9,-1.2,0.0,0,0,1,0,0.675,0.44
204,7,-0.3296675980091095,0.42934373021125793,-0.006981211248785257,0.4974734159418974,0.40886235514193436,0,0,0,0.12,0.01,0.0,0.01,0.1,0.9,-1.2,0.0,0,0,1,0,0.675,0.44
205,0,-0.4112981855869293,0.223860964179039,-1.9020895957946777,0.6084050364003715,0.32477118306297686,0,0,0,0.12,0.01,0.0,0.01,0.1,0.9,-1.2,0.0,0,0,1,0,0.675,0.44
205,1,-0.8709214329719543,0.3364578187465668,-2.5788514614105225,0.32199393847397456,0.5867099251467834,0,0,0,0.12,0.01,0.0,0.01,0.1,0.9,-1.2,0.0,0,0,1,1,0.675,0.44
205,2,-0.080536849796772,-0.3837044835090637,-0.9631934762001038,0.5004272842223499,0.4571216321175244,0,0,0,0.12,0.01,0.0,0.01,0.1,0.9,-1.2,0.0,0,0,1,0,0.675,0.44
205,3,-0.8724494576454163,0.4279332160949707,3.130138874053955,0.3779066942138667,0.3644027568893437,0,0,0,0.12,0.01,0.0,0.01,0.1,0.9,-1.2,0.0,0,0,1,1,0.675,0.44
205,4,-0.5307396054267883,-0.4059421718120575,-1.8502904176712036,0.3789632027847354,0.4813751870887693,0,0,0,0.12,0.01,0.0,0.01,0.1,0.9,-1.2,0.0,0,0,1,0,0.675,0.44
205,5,-0.7628581523895264,-0.07222925871610641,-2.318967819213867,0.4615595129459363,0.4278999778301258,0,0,0,0.12,0.01,0.0,0.01,0.1,0.9,-1.2,0.0,0,0,1,0,0.675,0.44
205,6,-0.1262044906616211,-0.01304115355014801,0.11978905647993088,0.5054862641133224,0.4068724967204177,0,0,0,0.12,0.01,0.0,0.01,0.1,0.9,-1.2,0.0,0,0,1,0,0.675,0.44
205,7,-0.3287602663040161,0.42933663725852966,-0.009393204003572464,0.49808041845699824,0.4074123641357752,0,0,0,0.12,0.01,0.0,0.01,0.1,0.9,-1.2,0.0,0,0,1,0,0.675,0.44
206,0,-0.41159749031066895,0.22300761938095093,-1.9134057760238647,0.6040108141378333,0.3299056354089806,0,0,0,0.12,0.01,0.0,0.01,0.1,0.9,-1.2,0.0,0,0,1,0,0.675,0.44
206,1,-0.8716883063316345,0.3359690308570862,-2.569486379623413,0.3226073612245738,0.5856823693242849,0,0,0,0.12,0.01,0.0,0.01,0.1,0.9,-1.2,0.0,0,0,1,1,0.675,0.44
206,2,-0.07999000698328018,-0.3844921290874481,-0.9647425413131714,0.49969192377095195,0.4568110502624038,0,0,0,0.12,0.01,0.0,0.01,0.1,0.9,-1.2,0.0,0,0,1,0,0.675,0.44
206,3,-0.8731981515884399,0.4279419779777527,3.129629135131836,0.3751168636218608,0.3618306132420003,0,0,0,0.12,0.01,0.0,0.01,0.1,0.9,-1.2,0.0,0,0,1,1,0.675,0.44
206,4,-0.5309764742851257,-0.40677404403686523,-1.846451759338379,0.38006323378732354,0.47601813275167787,0,0,0,0.12,0.01,0.0,0.01,0.1,0.9,-1.2,0.0,0,0,1,0,0.675,0.44
206,5,-0.7634641528129578,-0.07288128137588501,-2.3202567100524902,0.4601956767569079,0.4286889272202954,0,0,0,0.12,0.01,0.0,0.01,0.1,0.9,-1.2,0.0,0,0,1,0,0.675,0.44
206,6,-0.12528878450393677,-0.01293320395052433,0.1157422661781311,0.5032274607438593,0.4093229290228339,0,0,0,0.12,0.01,0.0,0.01,0.1,0.9,-1.2,0.0,0,0,1,0,0.675,0.44
206,7,-0.327853798866272,0.4293270409107208,-0.012248165905475616,0.4929949287904885,0.41167650179728,0,0,0,0.12,0.01,0.0,0.01,0.1,0.9,-1.2,0.0,0,0,1,0,0.675,0.44
207,0,-0.4119069576263428,0.22215606272220612,-1.9243403673171997,0.599741377558722,0.33489211586473994,0,0,0,0.12,0.01,0.0,0.01,0.1,0.9,-1.2,0.0,0,0,1,0,0.675,0.44
207,1,-0.8724501132965088,0.33547329902648926,-2.560171604156494,0.3233285956497417,0.5846076793555989,0,0,0,0.12,0.01,0.0,0.01,0.1,0.9,-1.2,0.0,0,0,1,1,0.675,0.44
207,2,-0.0794450119137764,-0.3852798044681549,-0.9662784337997437,0.4989347094422762,0.4565054541700896,0,0,0,0.12,0.01,0.0,0.01,0.1,0.9,-1.2,0.0,0,0,1,0,0.675,0.44
207,3,-0.8739414811134338,0.42795103788375854,3.1291415691375732,0.3725137869028532,0.3590780338140047,0,0,0,0.12,0.01,0.0,0.01,0.1,0.9,-1.2,0.0,0,0,1,1,0.675,0.44
207,4,-0.5312092900276184,-0.4076031446456909,-1.842807412147522,0.38137784179835893,0.4699787837585869,0,0,0,0.12,0.01,0.0,0.01,0.1,0.9,-1.2,0.0,0,0,1,0,0.675,0.44
207,5,-0.7640705704689026,-0.0735320895910263,-2.3214669227600098,0.45888752524135235,0.42944925244572035,0,0,0,0.12,0.01,0.0,0.01,0.1,0.9,-1.2,0.0,0,0,1,0,0.675,0.44
207,6,-0.1243729218840599,-0.01282886229455471,0.11189424991607666,0.5011185614208608,0.4116043837924571,0,0,0,0.12,0.01,0.0,0.01,0.1,0.9,-1.2,0.0,0,0,1,0,0.675,0.44
207,7,-0.32694822549819946,0.42931461334228516,-0.015256141312420368,0.48300574976671473,0.4208618525816129,0,0,0,0.12,0.01,0.0,0.01,0.1,0.9,-1.2,0.0,0,0,1,0,0.675,0.44
208,0,-0.41222622990608215,0.22130632400512695,-1.9349052906036377,0.5955795197500828,0.33974663925031384,0,0,0,0.12,0.01,0.0,0.01,0.1,0.9,-1.2,0.0,0,0,1,0,0.675,0.44
208,1,-0.8732069134712219,0.3349706530570984,-2.550912857055664,0.32415170864519616,0.5834910730892704,0,0,0,0.12,0.01,0.0,0.01,0.1,0.9,-1.2,0.0,0,0,1,1,0.675,0.44
208,2,-0.07890184223651886,-0.3860674798488617,-0.9678006768226624,0.49815294215730926,0.45620730450101604,0,0,0,0.12,0.01,0.0,0.01,0.1,0.9,-1.2,0.0,0,0,1,0,0.675,0.44
208,3,-0.874679446220398,0.42796042561531067,3.1286637783050537,0.36998672865712184,0.3562564692608164,0,0,0,0.12,0.01,0.0,0.01,0.1,0.9,-1.2,0.0,0,0,1,1,0.675,0.44
208,4,-0.5314380526542664,-0.40842902660369873,-1.8393841981887817,0.3829326141238939,0.46313284751169576,0,0,0,0.12,0.01,0.0,0.01,0.1,0.9,-1.2,0.0,0,0,1,0,0.675,0.44
208,5,-0.7646774053573608,-0.07418176531791687,-2.322600841522217,0.457637230683291,0.4301784235945105,0,0,0,0.12,0.01,0.0,0.01,0.1,0.9,-1.2,0.0,0,0,1,0,0.675,0.44
208,6,-0.12345694750547409,-0.012727965600788593,0.10823226720094681,0.4991308248985559,0.41374530425183476,0,0,0,0.12,0.01,0.0,0.01,0.1,0.9,-1.2,0.0,0,0,1,0,0.675,0.44
208,7,-0.3260435163974762,0.4292995035648346,-0.01819980889558792,0.4693878272899291,0.433689357864032,0,0,0,0.12,0.01,0.0,0.01,0.1,0.9,-1.2,0.0,0,0,1,0,0.675,0.44
209,0,-0.41255488991737366,0.22045838832855225,-1.9451122283935547,0.5915108141326118,0.34448190361030806,0,0,0,0.12,0.01,0.0,0.01,0.1,0.9,-1.2,0.0,0,0,1,0,0.675,0.44
209,1,-0.8739587664604187,0.3344612121582031,-2.541715621948242,0.3250704972737075,0.5823375613696335,0,0,0,0.12,0.01,0.0,0.01,0.1,0.9,-1.2,0.0,0,0,1,1,0.675,0.44
209,2,-0.07836047559976578,-0.3868550956249237,-0.9693059921264648,0.49736446622032054,0.45589857813697926,0,0,0,0.12,0.01,0.0,0.01,0.1,0.9,-1.2,0.0,0,0,1,0,0.675,0.44
209,3,-0.8754120469093323,0.4279700815677643,3.128183603286743,0.36756874107344967,0.35333423830048216,0,0,0,0.12,0.01,0.0,0.01,0.1,0.9,-1.2,0.0,0,0,1,1,0.675,0.44
209,4,-0.5316629409790039,-0.4092511832714081,-1.8362127542495728,0.38475454499911643,0.4553336436491075,0,0,0,0.12,0.01,0.0,0.01,0.1,0.9,-1.2,0.0,0,0,1,0,0.675,0.44
209,5,-0.7652844786643982,-0.07483039051294327,-2.3236618041992188,0.45645369479680814,0.43086658527826516,0,0,0,0.12,0.01,0.0,0.01,0.1,0.9,-1.2,0.0,0,0,1,0,0.675,0.44
209,6,-0.12254087626934052,-0.012630370445549488,0.10474351793527603,0.49723070489761934,0.4157791174710025,0,0,0,0.12,0.01,0.0,0.01,0.1,0.9,-1.2,0.0,0,0,1,0,0.675,0.44
209,7,-0.3251396417617798,0.429282009601593,-0.020625639706850052,0.45479454081689874,0.447502300327663,0,0,0,0.12,0.01,0.0,0.01,0.1,0.9,-1.2,0.0,0,0,1,0,0.675,0.44
210,0,-0.41289255023002625,0.21961228549480438,-1.9549709558486938,0.5875228298883893,0.34910914766974654,0,0,0,0.12,0.01,0.0,0.01,0.1,0.9,-1.2,0.0,0,0,1,0,0.675,0.44
210,1,-0.8747056722640991,0.3339451253414154,-2.5325851440429688,0.3260783636148577,0.5811524308149214,0,0,0,0.12,0.01,0.0,0.01,0.1,0.9,-1.2,0.0,0,0,1,1,0.675,0.44
210,2,-0.07782089710235596,-0.38764265179634094,-0.970792829990387,0.49657180020925806,0.4555763392675181,0,0,0,0.12,0.01,0.0,0.01,0.1,0.9,-1.2,0.0,0,0,1,0,0.675,0.44
210,3,-0.8761392831802368,0.4279800355434418,3.1276938915252686,0.36515677656575246,0.3504156998212714,0,0,0,0.12,0.01,0.0,0.01,0.1,0.9,-1.2,0.0,0,0,1,1,0.675,0.44
210,4,-0.5318840146064758,-0.4100690186023712,-1.8333287239074707,0.38687819365365783,0.4464002239336225,0,0,0,0.12,0.01,0.0,0.01,0.1,0.9,-1.2,0.0,0,0,1,0,0.675,0.44
210,5,-0.7658919095993042,-0.07547801733016968,-2.324652910232544,0.45534678924572203,0.431503329391363,0,0,0,0.12,0.01,0.0,0.01,0.1,0.9,-1.2,0.0,0,0,1,0,0.675,0.44
210,6,-0.12162471562623978,-0.012535938993096352,0.10141787678003311,0.49539565550791914,0.4177278329182894,0,0,0,0.12,0.01,0.0,0.01,0.1,0.9,-1.2,0.0,0,0,1,0,0.675,0.44
210,7,-0.32423660159111023,0.42926278710365295,-0.022076545283198357,0.44250227335650194,0.4590242373589828,0,0,0,0.12,0.01,0.0,0.01,0.1,0.9,-1.2,0.0,0,0,1,0,0.675,0.44
211,0,-0.4132389724254608,0.21876804530620575,-1.9644898176193237,0.5835978866270572,0.35364456170286823,0,0,0,0.12,0.01,0.0,0.01,0.1,0.9,-1.2,0.0,0,0,1,0,0.675,0.44
211,1,-0.875447690486908,0.33342245221138,-2.5235259532928467,0.3271709789999286,0.579938639187022,0,0,0,0.12,0.01,0.0,0.01,0.1,0.9,-1.2,0.0,0,0,1,1,0.675,0.44
211,2,-0.07728306204080582,-0.38843005895614624,-0.9722638130187988,0.4957561866212143,0.4552592261862503,0,0,0,0.12,0.01,0.0,0.01,0.1,0.9,-1.2,0.0,0,0,1,0,0.675,0.44
211,3,-0.8768612146377563,0.42799025774002075,3.127187967300415,0.36275752875375394,0.3474957695288693,0,0,0,0.12,0.01,0.0,0.01,0.1,0.9,-1.2,0.0,0,0,1,1,0.675,0.44
211,4,-0.5321012735366821,-0.41088181734085083,-1.8307734727859497,0.38935175140944256,0.43610737124833326,0,0,0,0.12,0.01,0.0,0.01,0.1,0.9,-1.2,0.0,0,0,1,0,0.675,0.44
211,5,-0.7664995789527893,-0.07612470537424088,-2.3255774974823,0.45432381950994555,0.4320808736167329,0,0,0,0.12,0.01,0.0,0.01,0.1,0.9,-1.2,0.0,0,0,1,0,0.675,0.44
211,6,-0.12070849537849426,-0.012444534339010715,0.098246730864048,0.49358793076680313,0.41962871971918936,0,0,0,0.12,0.01,0.0,0.01,0.1,0.9,-1.2,0.0,0,0,1,0,0.675,0.44
211,7,-0.32333439588546753,0.42924264073371887,-0.022446516901254654,0.4344051962156782,0.46636218974394705,0,0,0,0.12,0.01,0.0,0.01,0.1,0.9,-1.2,0.0,0,0,1,0,0.675,0.44
212,0,-0.4135938584804535,0.21792568266391754,-1.9736766815185547,0.5797337934185752,0.3580889061282387,0,0,0,0.12,0.01,0.0,0.01,0.1,0.9,-1.2,0.0,0,0,1,0,0.675,0.44
212,1,-0.87618488073349,0.3328933119773865,-2.514542818069458,0.3283474240072035,0.5786959734194017,0,0,0,0.12,0.01,0.0,0.01,0.1,0.9,-1.2,0.0,0,0,1,1,0.675,0.44
212,2,-0.07674697041511536,-0.3892173171043396,-0.973720133304596,0.49490834513567894,0.4549559231672385,0,0,0,0.12,0.01,0.0,0.01,0.1,0.9,-1.2,0.0,0,0,1,0,0.675,0.44
212,3,-0.8775777816772461,0.4280007779598236,3.126664400100708,0.36029076442794955,0.3446545614234909,0,0,0,0.12,0.01,0.0,0.01,0.1,0.9,-1.2,0.0,0,0,1,1,0.675,0.44
212,4,-0.5323149561882019,-0.4116887152194977,-1.8285961151123047,0.3922146271061304,0.42420032517200684,0,0,0,0.12,0.01,0.0,0.01,0.1,0.9,-1.2,0.0,0,0,1,0,0.675,0.44
212,5,-0.7671075463294983,-0.07677050679922104,-2.3264400959014893,0.45339432708226235,0.43258914001978854,0,0,0,0.12,0.01,0.0,0.01,0.1,0.9,-1.2,0.0,0,0,1,0,0.675,0.44
212,6,-0.11979225277900696,-0.012356008403003216,0.09522106498479843,0.49178261558845016,0.42150633533165477,0,0,0,0.12,0.01,0.0,0.01,0.1,0.9,-1.2,0.0,0,0,1,0,0.675,0.44
212,7,-0.3224329352378845,0.4292224943637848,-0.021995173767209053,0.43088892730600403,0.4691317316638751,0,0,0,0.12,0.01,0.0,0.01,0.1,0.9,-1.2,0.0,0,0,1,0,0.675,0.44
213,0,-0.4139569103717804,0.21708522737026215,-1.9825377464294434,0.5759280929684162,0.36244356535677924,0,0,0,0.12,0.01,0.0,0.01,0.1,0.9,-1.2,0.0,0,0,1,0,0.675,0.44
213,1,-0.8769172430038452,0.3323577344417572,-2.5056395530700684,0.32959992716252856,0.57743065526545,0,0,0,0.12,0.01,0.0,0.01,0.1,0.9,-1.2,0.0,0,0,1,1,0.675,0.44
213,2,-0.07621263712644577,-0.39000436663627625,-0.9751587510108948,0.4940334603500526,0.45466094758985837,0,0,0,0.12,0.01,0.0,0.01,0.1,0.9,-1.2,0.0,0,0,1,0,0.675,0.44
213,3,-0.8782890439033508,0.42801156640052795,3.1261227130889893,0.3577920135279943,0.3418588701466273,0,0,0,0.12,0.01,0.0,0.01,0.1,0.9,-1.2,0.0,0,0,1,1,0.675,0.44
213,4,-0.5325250625610352,-0.4124886691570282,-1.8268547058105469,0.3955350056827502,0.41034971321220826,0,0,0,0.12,0.01,0.0,0.01,0.1,0.9,-1.2,0.0,0,0,1,0,0.675,0.44
213,5,-0.7677156925201416,-0.07741546630859375,-2.3272452354431152,0.4525680584695048,0.4330178456518941,0,0,0,0.12,0.01,0.0,0.01,0.1,0.9,-1.2,0.0,0,0,1,0,0.675,0.44
213,6,-0.11887601017951965,-0.012270214967429638,0.092335045337677,0.48996855093131314,0.4233715407740091,0,0,0,0.12,0.01,0.0,0.01,0.1,0.9,-1.2,0.0,0,0,1,0,0.675,0.44
213,7,-0.3215322196483612,0.429203063249588,-0.02106034941971302,0.4316062017440287,0.46767994918828326,0,0,0,0.12,0.01,0.0,0.01,0.1,0.9,-1.2,0.0,0,0,1,0,0.675,0.44
214,0,-0.41432785987854004,0.21624667942523956,-1.9910789728164673,0.5722088335089733,0.3666790010399768,0,0,0,0.12,0.01,0.0,0.01,0.1,0.9,-1.2,0.0,0,0,1,0,0.675,0.44
214,1,-0.8776447772979736,0.3318157196044922,-2.4968202114105225,0.3309274728188171,0.5761423294654235,0,0,0,0.12,0.01,0.0,0.01,0.1,0.9,-1.2,0.0,0,0,1,1,0.675,0.44
214,2,-0.07568006962537766,-0.39079126715660095,-0.9765766859054565,0.4931310694356061,0.45437410663174616,0,0,0,0.12,0.01,0.0,0.01,0.1,0.9,-1.2,0.0,0,0,1,0,0.675,0.44
214,3,-0.8789949417114258,0.4280226528644562,3.1255667209625244,0.3552012662536763,0.3391693015449382,0,0,0,0.12,0.01,0.0,0.01,0.1,0.9,-1.2,0.0,0,0,1,1,0.675,0.44
214,4,-0.5327317118644714,-0.4132804572582245,-1.8256175518035889,0.3993934802541763,0.3941602893342942,0,0,0,0.12,0.01,0.0,0.01,0.1,0.9,-1.2,0.0,0,0,1,0,0.675,0.44
214,5,-0.768324077129364,-0.07805963605642319,-2.3279993534088135,0.45185420846047203,0.433357497701027,0,0,0,0.12,0.01,0.0,0.01,0.1,0.9,-1.2,0.0,0,0,1,0,0.675,0.44
214,6,-0.11796072870492935,-0.012187006883323193,0.0896206945180893,0.4883488081300845,0.4250215031301389,0,0,0,0.12,0.01,0.0,0.01,0.1,0.9,-1.2,0.0,0,0,1,0,0.675,0.44
214,7,-0.3206322491168976,0.42918479442596436,-0.019818659871816635,0.4364858279042631,0.46207666303583084,0,0,0,0.12,0.01,0.0,0.01,0.1,0.9,-1.2,0.0,0,0,1,0,0.675,0.44
215,0,-0.41470643877983093,0.2154100239276886,-1.9993057250976562,0.5686383235915977,0.3707309376732033,0,0,0,0.12,0.01,0.0,0.01,0.1,0.9,-1.2,0.0,0,0,1,0,0.675,0.44
215,1,-0.8783674836158752,0.33126726746559143,-2.488088369369507,0.33232325472147994,0.5748361333438581,0,0,0,0.12,0.01,0.0,0.01,0.1,0.9,-1.2,0.0,0,0,1,1,0.675,0.44
215,2,-0.0751492977142334,-0.39157792925834656,-0.9779745936393738,0.4921623152386221,0.4541340786326853,0,0,0,0.12,0.01,0.0,0.01,0.1,0.9,-1.2,0.0,0,0,1,0,0.675,0.44
215,3,-0.8796955943107605,0.4280340373516083,3.124999761581421,0.35251498448995444,0.33659142029138706,0,0,0,0.12,0.01,0.0,0.01,0.1,0.9,-1.2,0.0,0,0,1,1,0.675,0.44
215,4,-0.5329350829124451,-0.4140625,-1.8249658346176147,0.40390649384778843,0.3751412933416952,0,0,0,0.12,0.01,0.0,0.01,0.1,0.9,-1.2,0.0,0,0,1,0,0.675,0.44
215,5,-0.7689326405525208,-0.07870306074619293,-2.3287079334259033,0.45127167331437684,0.43358860386152653,0,0,0,0.12,0.01,0.0,0.01,0.1,0.9,-1.2,0.0,0,0,1,0,0.675,0.44
215,6,-0.11704866588115692,-0.012106343172490597,0.08715898543596268,0.4874040016625629,0.42597608475940363,0,0,0,0.12,0.01,0.0,0.01,0.1,0.9,-1.2,0.0,0,0,1,0,0.675,0.44
215,7,-0.3197329640388489,0.4291677474975586,-0.01845471002161503,0.44473341998062604,0.4531136364082288,0,0,0,0.12,0.01,0.0,0.01,0.1,0.9,-1.2,0.0,0,0,1,0,0.675,0.44
216,0,-0.4150923192501068,0.21457523107528687,-2.007225751876831,0.5651875679527839,0.3746292049849907,0,0,0,0.12,0.01,0.0,0.01,0.1,0.9,-1.2,0.0,0,0,1,0,0.675,0.44
216,1,-0.87908536195755,0.3307124972343445,-2.479447364807129,0.33378879826313884,0.5735089917873677,0,0,0,0.12,0.01,0.0,0.01,0.1,0.9,-1.2,0.0,0,0,1,1,0.675,0.44
216,2,-0.0746203139424324,-0.39236441254615784,-0.9793530106544495,0.49113073375258803,0.4539361355062926,0,0,0,0.12,0.01,0.0,0.01,0.1,0.9,-1.2,0.0,0,0,1,0,0.675,0.44
216,3,-0.8803908824920654,0.42804577946662903,3.1244280338287354,0.3496186132878609,0.33423960252100743,0,0,0,0.12,0.01,0.0,0.01,0.1,0.9,-1.2,0.0,0,0,1,1,0.675,0.44
216,4,-0.533135175704956,-0.41483303904533386,-1.8250123262405396,0.409174721473535,0.3527436444818178,0,0,0,0.12,0.01,0.0,0.01,0.1,0.9,-1.2,0.0,0,0,1,0,0.675,0.44
216,5,-0.7695414423942566,-0.07934578508138657,-2.329378128051758,0.4508412369552842,0.4336900821861038,0,0,0,0.12,0.01,0.0,0.01,0.1,0.9,-1.2,0.0,0,0,1,0,0.675,0.44
216,6,-0.11613789200782776,-0.01202784851193428,0.0848713219165802,0.4867350065667088,0.42663500667029064,0,0,0,0.12,0.01,0.0,0.01,0.1,0.9,-1.2,0.0,0,0,1,0,0.675,0.44
216,7,-0.3188343942165375,0.4291517436504364,-0.017390361055731773,0.45407910579477523,0.4430583572980287,0,0,0,0.12,0.01,0.0,0.01,0.1,0.9,-1.2,0.0,0,0,1,0,0.675,0.44
217,0,-0.415485143661499,0.21374231576919556,-2.0148508548736572,0.5618241605430564,0.3784064474433938,0,0,0,0.12,0.01,0.0,0.01,0.1,0.9,-1.2,0.0,0,0,1,0,0.675,0.44
217,1,-0.8797984719276428,0.33015143871307373,-2.470900535583496,0.3353157176044007,0.5721673832867125,0,0,0,0.12,0.01,0.0,0.01,0.1,0.9,-1.2,0.0,0,0,1,1,0.675,0.44
217,2,-0.07409310340881348,-0.39315059781074524,-0.9807072281837463,0.49005947957039153,0.4537562881946537,0,0,0,0.12,0.01,0.0,0.01,0.1,0.9,-1.2,0.0,0,0,1,0,0.675,0.44
217,3,-0.8810809850692749,0.42805781960487366,3.1238584518432617,0.34662331232289917,0.3320044170929944,0,0,0,0.12,0.01,0.0,0.01,0.1,0.9,-1.2,0.0,0,0,1,1,0.675,0.44
217,4,-0.5333320498466492,-0.4155898988246918,-1.8258675336837769,0.4154642316410293,0.32618342909124,0,0,0,0.12,0.01,0.0,0.01,0.1,0.9,-1.2,0.0,0,0,1,0,0.675,0.44
217,5,-0.770150363445282,-0.07998786121606827,-2.3300180435180664,0.45058582199461245,0.43363847362153746,0,0,0,0.12,0.01,0.0,0.01,0.1,0.9,-1.2,0.0,0,0,1,0,0.675,0.44
217,6,-0.1152275875210762,-0.011951370164752007,0.08268388360738754,0.48598778864425507,0.4273528395028702,0,0,0,0.12,0.01,0.0,0.01,0.1,0.9,-1.2,0.0,0,0,1,0,0.675,0.44
217,7,-0.3179365396499634,0.42913639545440674,-0.017038941383361816,0.4619348950743496,0.43449708744289295,0,0,0,0.12,0.01,0.0,0.01,0.1,0.9,-1.2,0.0,0,0,1,0,0.675,0.44
218,0,-0.41588470339775085,0.21291126310825348,-2.0221924781799316,0.5585171673724023,0.3820938374570043,0,0,0,0.12,0.01,0.0,0.01,0.1,0.9,-1.2,0.0,0,0,1,0,0.675,0.44
218,1,-0.8805068731307983,0.3295842707157135,-2.4624507427215576,0.3369122443836152,0.5708015860874237,0,0,0,0.12,0.01,0.0,0.01,0.1,0.9,-1.2,0.0,0,0,1,1,0.675,0.44
218,2,-0.07356763631105423,-0.39393648505210876,-0.9820311665534973,0.4889705464041983,0.45357152970664155,0,0,0,0.12,0.01,0.0,0.01,0.1,0.9,-1.2,0.0,0,0,1,0,0.675,0.44
218,3,-0.8817657828330994,0.42807018756866455,3.123305082321167,0.34349228180767316,0.3299222465622304,0,0,0,0.12,0.01,0.0,0.01,0.1,0.9,-1.2,0.0,0,0,1,1,0.675,0.44
218,4,-0.5335256457328796,-0.4163304269313812,-1.8276660442352295,0.42317873872521244,0.29447614513632936,0,0,0,0.12,0.01,0.0,0.01,0.1,0.9,-1.2,0.0,0,0,1,0,0.675,0.44
218,5,-0.7707594633102417,-0.08062932640314102,-2.3306374549865723,0.4505358960548024,0.4334030125221629,0,0,0,0.12,0.01,0.0,0.01,0.1,0.9,-1.2,0.0,0,0,1,0,0.675,0.44
218,6,-0.11431712657213211,-0.01187686063349247,0.08054796606302261,0.48492678291743635,0.4283655654674208,0,0,0,0.12,0.01,0.0,0.01,0.1,0.9,-1.2,0.0,0,0,1,0,0.675,0.44
218,7,-0.3170394003391266,0.4291211664676666,-0.017401129007339478,0.4673836975351151,0.42834602305738373,0,0,0,0.12,0.01,0.0,0.01,0.1,0.9,-1.2,0.0,0,0,1,0,0.675,0.44
219,0,-0.4162907302379608,0.21208207309246063,-2.029259204864502,0.5552714013028077,0.38568662176848134,0,0,0,0.12,0.01,0.0,0.01,0.1,0.9,-1.2,0.0,0,0,1,0,0.675,0.44
219,1,-0.8812106847763062,0.32901111245155334,-2.4541008472442627,0.33858027155485293,0.5694077998867974,0,0,0,0.12,0.01,0.0,0.01,0.1,0.9,-1.2,0.0,0,0,1,1,0.675,0.44
219,2,-0.07304387539625168,-0.39472198486328125,-0.9833234548568726,0.48785186129722513,0.4533930985340127,0,0,0,0.12,0.01,0.0,0.01,0.1,0.9,-1.2,0.0,0,0,1,0,0.675,0.44
219,3,-0.8824453353881836,0.42808282375335693,3.122776985168457,0.34033919718244454,0.32787899825594047,0,0,0,0.12,0.01,0.0,0.01,0.1,0.9,-1.2,0.0,0,0,1,1,0.675,0.44
219,4,-0.5337159633636475,-0.4170514941215515,-1.8305810689926147,0.43291014249499643,0.25641125624005,0,0,0,0.12,0.01,0.0,0.01,0.1,0.9,-1.2,0.0,0,0,1,0,0.675,0.44
219,5,-0.7713687419891357,-0.08127018809318542,-2.331247329711914,0.4507259442824916,0.4329489157181188,0,0,0,0.12,0.01,0.0,0.01,0.1,0.9,-1.2,0.0,0,0,1,0,0.675,0.44
219,6,-0.11340653151273727,-0.011804291978478432,0.07846494019031525,0.4835781267799974,0.4296477028212904,0,0,0,0.12,0.01,0.0,0.01,0.1,0.9,-1.2,0.0,0,0,1,0,0.675,0.44
219,7,-0.3161429464817047,0.4291054904460907,-0.018207721412181854,0.47067566051563237,0.42435340747753164,0,0,0,0.12,0.01,0.0,0.01,0.1,0.9,-1.2,0.0,0,0,1,0,0.675,0.44
220,0,-0.4167030155658722,0.21125471591949463,-2.036057472229004,0.5520953079381058,0.3891763547739914,0,0,0,0.12,0.01,0.0,0.01,0.1,0.9,-1.2,0.0,0,0,1,0,0.675,0.44
220,1,-0.881909966468811,0.3284320533275604,-2.4458541870117188,0.34032056350308526,0.5679834721605196,0,0,0,0.12,0.01,0.0,0.01,0.1,0.9,-1.2,0.0,0,0,1,1,0.675,0.44
220,2,-0.07252179086208344,-0.3955070972442627,-0.984585702419281,0.48666557266596316,0.45325747535344607,0,0,0,0.12,0.01,0.0,0.01,0.1,0.9,-1.2,0.0,0,0,1,0,0.675,0.44
220,3,-0.8831196427345276,0.4280956983566284,3.122283458709717,0.3372298465798822,0.3258099569250616,0,0,0,0.12,0.01,0.0,0.01,0.1,0.9,-1.2,0.0,0,0,1,1,0.675,0.44
220,4,-0.5339027643203735,-0.41774946451187134,-1.8348332643508911,0.44557961724615897,0.2104599187531391,0,0,0,0.12,0.01,0.0,0.01,0.1,0.9,-1.2,0.0,0,0,1,0,0.675,0.44
220,5,-0.7719782590866089,-0.08191048353910446,-2.3318612575531006,0.45118646671588974,0.43224586198512954,0,0,0,0.12,0.01,0.0,0.01,0.1,0.9,-1.2,0.0,0,0,1,0,0.675,0.44
220,6,-0.11249582469463348,-0.011733615770936012,0.07645203918218613,0.4820451408249298,0.4310968846458038,0,0,0,0.12,0.01,0.0,0.01,0.1,0.9,-1.2,0.0,0,0,1,0,0.675,0.44
220,7,-0.31524723768234253,0.429088830947876,-0.019390007480978966,0.4712065934986718,0.42312176229051274,0,0,0,0.12,0.01,0.0,0.01,0.1,0.9,-1.2,0.0,0,0,1,0,0.675,0.44
221,0,-0.4171212613582611,0.21042920649051666,-2.042593002319336,0.5490013607613481,0.39255050338583825,0,0,0,0.12,0.01,0.0,0.01,0.1,0.9,-1.2,0.0,0,0,1,0,0.675,0.44
221,1,-0.882604718208313,0.3278471529483795,-2.4377143383026123,0.3421219062057584,0.5665376711639315,0,0,0,0.12,0.01,0.0,0.01,0.1,0.9,-1.2,0.0,0,0,1,1,0.675,0.44
221,2,-0.0720013752579689,-0.3962917625904083,-0.9858165979385376,0.48538644775446427,0.4531883432001255,0,0,0,0.12,0.01,0.0,0.01,0.1,0.9,-1.2,0.0,0,0,1,0,0.675,0.44
221,3,-0.8837888240814209,0.42810875177383423,3.121828556060791,0.3342714917016632,0.32360982782119446,0,0,0,0.12,0.01,0.0,0.01,0.1,0.9,-1.2,0.0,0,0,1,1,0.675,0.44
221,4,-0.5340858101844788,-0.4184199869632721,-1.8407039642333984,0.46261048943325583,0.1547034320183128,0,0,0,0.12,0.01,0.0,0.01,0.1,0.9,-1.2,0.0,0,0,1,0,0.675,0.44
221,5,-0.7725878953933716,-0.08255020529031754,-2.3324942588806152,0.45195935485505806,0.43125184061384453,0,0,0,0.12,0.01,0.0,0.01,0.1,0.9,-1.2,0.0,0,0,1,0,0.675,0.44
221,6,-0.11158503592014313,-0.01166475284844637,0.07452487200498581,0.480420832415632,0.4326211168565237,0,0,0,0.12,0.01,0.0,0.01,0.1,0.9,-1.2,0.0,0,0,1,0,0.675,0.44
221,7,-0.31435224413871765,0.4290708005428314,-0.020983142778277397,0.46814656595031645,0.42547881265838705,0,0,0,0.12,0.01,0.0,0.01,0.1,0.9,-1.2,0.0,0,0,1,0,0.675,0.44
222,0,-0.41754525899887085,0.20960551500320435,-2.048872470855713,0.5459871287320681,0.3958115582491331,0,0,0,0.12,0.01,0.0,0.01,0.1,0.9,-1.2,0.0,0,0,1,0,0.675,0.44
222,1,-0.8832949995994568,0.32725653052330017,-2.42968487739563,0.3439855632662388,0.5650674047589687,0,0,0,0.12,0.01,0.0,0.01,0.1,0.9,-1.2,0.0,0,0,1,1,0.675,0.44
222,2,-0.07148262113332748,-0.39707592129707336,-0.98701012134552,0.48400477001961995,0.45319380929175096,0,0,0,0.12,0.01,0.0,0.01,0.1,0.9,-1.2,0.0,0,0,1,0,0.675,0.44
222,3,-0.884452760219574,0.42812201380729675,3.121410608291626,0.33137992708664615,0.3213613858940057,0,0,0,0.12,0.01,0.0,0.01,0.1,0.9,-1.2,0.0,0,0,1,1,0.675,0.44
222,4,-0.5342647433280945,-0.4190581738948822,-1.8485559225082397,0.4862148889739381,0.08667938621450795,0,0,0,0.12,0.01,0.0,0.01,0.1,0.9,-1.2,0.0,0,0,1,0,0.675,0.44
222,5,-0.7731978297233582,-0.08318933844566345,-2.333164691925049,0.45308249950069823,0.4299294972453651,0,0,0,0.12,0.01,0.0,0.01,0.1,0.9,-1.2,0.0,0,0,1,0,0.675,0.44
222,6,-0.11067420244216919,-0.011597603559494019,0.07269556075334549,0.47876948916984974,0.43415700590537604,0,0,0,0.12,0.01,0.0,0.01,0.1,0.9,-1.2,0.0,0,0,1,0,0.675,0.44
222,7,-0.31345799565315247,0.4290512800216675,-0.02275804802775383,0.46234683199593074,0.43057080106070983,0,0,0,0.12,0.01,0.0,0.01,0.1,0.9,-1.2,0.0,0,0,1,0,0.675,0.44
223,0,-0.4179747998714447,0.2087836116552353,-2.054903030395508,0.5430512837326912,0.3989606090628715,0,0,0,0.12,0.01,0.0,0.01,0.1,0.9,-1.2,0.0,0,0,1,0,0.675,0.44
223,1,-0.8839807510375977,0.32666015625,-2.4217684268951416,0.34590483444291337,0.5635773466293218,0,0,0,0.12,0.01,0.0,0.01,0.1,0.9,-1.2,0.0,0,0,1,1,0.675,0.44
223,2,-0.07096554338932037,-0.3978596031665802,-0.9881606101989746,0.4824977845737364,0.45329430393486964,0,0,0,0.12,0.01,0.0,0.01,0.1,0.9,-1.2,0.0,0,0,1,0,0.675,0.44
223,3,-0.8851115107536316,0.4281354248523712,3.121021270751953,0.3286275002514921,0.31899484662655964,0,0,0,0.12,0.01,0.0,0.01,0.1,0.9,-1.2,0.0,0,0,1,1,0.675,0.44
223,4,-0.5344389081001282,-0.4196585714817047,-1.8588632345199585,0.5197278525343929,0.0032364461907353082,0,0,0,0.12,0.01,0.0,0.01,0.1,0.9,-1.2,0.0,0,0,1,0,0.675,0.44
223,5,-0.7738080620765686,-0.08382788300514221,-2.333892822265625,0.4545923336241599,0.4282433525826577,0,0,0,0.12,0.01,0.0,0.01,0.1,0.9,-1.2,0.0,0,0,1,0,0.675,0.44
223,6,-0.10976333916187286,-0.011532062664628029,0.07097534090280533,0.47715583387915045,0.43564137872155745,0,0,0,0.12,0.01,0.0,0.01,0.1,0.9,-1.2,0.0,0,0,1,0,0.675,0.44
223,7,-0.3125644624233246,0.42903023958206177,-0.02430683933198452,0.45562269384343207,0.4365803391269965,0,0,0,0.12,0.01,0.0,0.01,0.1,0.9,-1.2,0.0,0,0,1,0,0.675,0.44
224,0,-0.4184095859527588,0.2079634666442871,-2.060692310333252,0.5401799904186401,0.40201137196234144,0,0,0,0.12,0.01,0.0,0.01,0.1,0.9,-1.2,0.0,0,0,1,0,0.675,0.44
224,1,-0.8846620321273804,0.3260580897331238,-2.413968563079834,0.34786706953188956,0.5620780012116713,0,0,0,0.12,0.01,0.0,0.01,0.1,0.9,-1.2,0.0,0,0,1,1,0.675,0.44
224,2,-0.07045013457536697,-0.39864271879196167,-0.9892644882202148,0.4808168927665053,0.4535356839661302,0,0,0,0.12,0.01,0.0,0.01,0.1,0.9,-1.2,0.0,0,0,1,0,0.675,0.44
224,3,-0.8857651352882385,0.4281489849090576,3.1206552982330322,0.3259803870768541,0.31654439176607196,0,0,0,0.12,0.01,0.0,0.01,0.1,0.9,-1.2,0.0,0,0,1,1,0.675,0.44
224,4,-0.534607470035553,-0.42021557688713074,-1.872257113456726,0.5680406273711,-0.09972621811511857,0,0,0,0.12,0.01,0.0,0.01,0.1,0.9,-1.2,0.0,0,0,1,0,0.675,0.44
224,5,-0.7744186520576477,-0.08446580916643143,-2.3347020149230957,0.45650867695334174,0.42617442136285083,0,0,0,0.12,0.01,0.0,0.01,0.1,0.9,-1.2,0.0,0,0,1,0,0.675,0.44
224,6,-0.10885247588157654,-0.011468027718365192,0.06937047839164734,0.4756105580365145,0.4370444974864043,0,0,0,0.12,0.01,0.0,0.01,0.1,0.9,-1.2,0.0,0,0,1,0,0.675,0.44
224,7,-0.3116717040538788,0.42900800704956055,-0.025423487648367882,0.4494781182329644,0.44200208921027284,0,0,0,0.12,0.01,0.0,0.01,0.1,0.9,-1.2,0.0,0,0,1,0,0.675,0.44
225,0,-0.4188494086265564,0.20714505016803741,-2.0662477016448975,0.5373649271156724,0.40497181099391616,0,0,0,0.12,0.01,0.0,0.01,0.1,0.9,-1.2,0.0,0,0,1,0,0.675,0.44
225,1,-0.8853389620780945,0.32545042037963867,-2.406287908554077,0.3498697224158821,0.5605702456932488,0,0,0,0.12,0.01,0.0,0.01,0.1,0.9,-1.2,0.0,0,0,1,1,0.675,0.44
225,2,-0.0699363648891449,-0.399425208568573,-0.9903153777122498,0.47891930764515134,0.45395727926891116,0,0,0,0.12,0.01,0.0,0.01,0.1,0.9,-1.2,0.0,0,0,1,0,0.675,0.44
225,3,-0.8864136338233948,0.42816266417503357,3.120304584503174,0.32344950027883435,0.3139981549221239,0,0,0,0.12,0.01,0.0,0.01,0.1,0.9,-1.2,0.0,0,0,1,1,0.675,0.44
225,4,-0.5347693562507629,-0.42072364687919617,-1.8895819187164307,0.6379126571994077,-0.22743391626885043,0,0,0,0.12,0.01,0.0,0.01,0.1,0.9,-1.2,0.0,0,0,1,0,0.675,0.44
225,5,-0.7750296592712402,-0.08510307222604752,-2.335618257522583,0.45883794930307076,0.4237175354686577,0,0,0,0.12,0.01,0.0,0.01,0.1,0.9,-1.2,0.0,0,0,1,0,0.675,0.44
225,6,-0.1079416424036026,-0.011405402794480324,0.06787709146738052,0.4741105290978087,0.43839056762765516,0,0,0,0.12,0.01,0.0,0.01,0.1,0.9,-1.2,0.0,0,0,1,0,0.675,0.44
225,7,-0.3107796311378479,0.42898494005203247,-0.026162806898355484,0.4442700805936942,0.4464786586488595,0,0,0,0.12,0.01,0.0,0.01,0.1,0.9,-1.2,0.0,0,0,1,0,0.675,0.44
226,0,-0.4192940592765808,0.20632831752300262,-2.07157564163208,0.5345949272844871,0.4078526158597389,0,0,0,0.12,0.01,0.0,0.01,0.1,0.9,-1.2,0.0,0,0,1,0,0.675,0.44
226,1,-0.8860114812850952,0.32483726739883423,-2.398728370666504,0.3519055684431513,0.5590588609353582,0,0,0,0.12,0.01,0.0,0.01,0.1,0.9,-1.2,0.0,0,0,1,1,0.675,0.44
226,2,-0.06942419707775116,-0.4002070724964142,-0.9913007616996765,0.47677179408082065,0.45458779501906327,0,0,0,0.12,0.01,0.0,0.01,0.1,0.9,-1.2,0.0,0,0,1,0,0.675,0.44
226,3,-0.8870570659637451,0.42817649245262146,3.119962215423584,0.3209288212023759,0.31146406209840527,0,0,0,0.12,0.01,0.0,0.01,0.1,0.9,-1.2,0.0,0,0,1,1,0.675,0.44
226,4,-0.5349233150482178,-0.4211779236793518,-1.9119799137115479,0.7379781781261511,-0.3862743853157109,0,0,0,0.12,0.01,0.0,0.01,0.1,0.9,-1.2,0.0,0,0,1,0,0.675,0.44
226,5,-0.7756412029266357,-0.0857396349310875,-2.3366684913635254,0.4615635995619708,0.4208907957322186,0,0,0,0.12,0.01,0.0,0.01,0.1,0.9,-1.2,0.0,0,0,1,0,0.675,0.44
226,6,-0.10703086107969284,-0.01134410034865141,0.06648701429367065,0.4726186160911509,0.4397178526054433,0,0,0,0.12,0.01,0.0,0.01,0.1,0.9,-1.2,0.0,0,0,1,0,0.675,0.44
226,7,-0.3098883330821991,0.4289614260196686,-0.026587970554828644,0.44036619530990534,0.4496421350352484,0,0,0,0.12,0.01,0.0,0.01,0.1,0.9,-1.2,0.0,0,0,1,0,0.675,0.44
227,0,-0.41974326968193054,0.20551326870918274,-2.0766820907592773,0.5318651071403382,0.41065867034455555,0,0,0,0.12,0.01,0.0,0.01,0.1,0.9,-1.2,0.0,0,0,1,0,0.675,0.44
227,1,-0.8866797685623169,0.3242187798023224,-2.391291379928589,0.35398357550046655,0.557533388935111,0,0,0,0.12,0.01,0.0,0.01,0.1,0.9,-1.2,0.0,0,0,1,1,0.675,0.44
227,2,-0.06891357153654099,-0.4009881615638733,-0.992205798625946,0.47434566251612414,0.4554496622862745,0,0,0,0.12,0.01,0.0,0.01,0.1,0.9,-1.2,0.0,0,0,1,0,0.675,0.44
227,3,-0.8876953721046448,0.4281904399394989,3.1196208000183105,0.3184305542300327,0.3089272863079922,0,0,0,0.12,0.01,0.0,0.01,0.1,0.9,-1.2,0.0,0,0,1,1,0.675,0.44
227,4,-0.5350682735443115,-0.4215749204158783,-1.9409929513931274,0.877758976679769,-0.5830473868665366,0,0,0,0.12,0.01,0.0,0.01,0.1,0.9,-1.2,0.0,0,0,1,0,0.675,0.44
227,5,-0.776253342628479,-0.08637542277574539,-2.337881326675415,0.46461956897440737,0.417761870234577,0,0,0,0.12,0.01,0.0,0.01,0.1,0.9,-1.2,0.0,0,0,1,0,0.675,0.44
227,6,-0.10612013936042786,-0.011284037493169308,0.0651974305510521,0.4711270262230685,0.4410345624457548,0,0,0,0.12,0.01,0.0,0.01,0.1,0.9,-1.2,0.0,0,0,1,0,0.675,0.44
227,7,-0.3089977502822876,0.42893773317337036,-0.026623699814081192,0.43854988391047284,0.4507086200034066,0,0,0,0.12,0.01,0.0,0.01,0.1,0.9,-1.2,0.0,0,0,1,0,0.675,0.44
228,0,-0.42019689083099365,0.20469985902309418,-2.0815720558166504,0.5291733215126833,0.41339152357246084,0,0,0,0.12,0.01,0.0,0.01,0.1,0.9,-1.2,0.0,0,0,1,0,0.675,0.44
228,1,-0.8873439431190491,0.3235950767993927,-2.383978843688965,0.3561006585480932,0.5559948881743189,0,0,0,0.12,0.01,0.0,0.01,0.1,0.9,-1.2,0.0,0,0,1,1,0.675,0.44
228,2,-0.0684044286608696,-0.40176841616630554,-0.99301677942276,0.471601857287921,0.45657371129270635,0,0,0,0.12,0.01,0.0,0.01,0.1,0.9,-1.2,0.0,0,0,1,0,0.675,0.44
228,3,-0.8883286118507385,0.4282044768333435,3.1192786693573,0.3159921651245234,0.3063502425788762,0,0,0,0.12,0.01,0.0,0.01,0.1,0.9,-1.2,0.0,0,0,1,1,0.675,0.44
228,4,-0.5352040529251099,-0.4219129979610443,-1.978671669960022,1.0644459240833708,-0.8221337907711455,0,0,0,0.12,0.01,0.0,0.01,0.1,0.9,-1.2,0.0,0,0,1,0,0.675,0.44
228,5,-0.7768661975860596,-0.08701036125421524,-2.3392837047576904,0.46791606696244337,0.4144214436233416,0,0,0,0.12,0.01,0.0,0.01,0.1,0.9,-1.2,0.0,0,0,1,0,0.675,0.44
228,6,-0.10520951449871063,-0.011225131340324879,0.06400994211435318,0.46964590185777333,0.4423304951797328,0,0,0,0.12,0.01,0.0,0.01,0.1,0.9,-1.2,0.0,0,0,1,0,0.675,0.44
228,7,-0.3081079125404358,0.42891421914100647,-0.026281269267201424,0.43936653542353576,0.4491321880833917,0,0,0,0.12,0.01,0.0,0.01,0.1,0.9,-1.2,0.0,0,0,1,0,0.675,0.44
229,0,-0.42065468430519104,0.20388807356357574,-2.086250066757202,0.5265193854877965,0.4160514796664697,0,0,0,0.12,0.01,0.0,0.01,0.1,0.9,-1.2,0.0,0,0,1,0,0.675,0.44
229,1,-0.888003945350647,0.32296624779701233,-2.3767926692962646,0.35825061000767483,0.554447122440903,0,0,0,0.12,0.01,0.0,0.01,0.1,0.9,-1.2,0.0,0,0,1,1,0.675,0.44
229,2,-0.06789670884609222,-0.4025477468967438,-0.9937179088592529,0.46848882310965445,0.4580006492795668,0,0,0,0.12,0.01,0.0,0.01,0.1,0.9,-1.2,0.0,0,0,1,0,0.675,0.44
229,3,-0.8889568448066711,0.4282186031341553,3.1189355850219727,0.3135955897224864,0.3037526640044728,0,0,0,0.12,0.01,0.0,0.01,0.1,0.9,-1.2,0.0,0,0,1,1,0.675,0.44
229,4,-0.5353304147720337,-0.42219313979148865,-2.0276336669921875,1.2970196224479569,-1.1001376427440537,0,0,0,0.12,0.01,0.0,0.01,0.1,0.9,-1.2,0.0,0,0,1,0,0.675,0.44
229,5,-0.7774800062179565,-0.08764432370662689,-2.3408985137939453,0.47130366250497924,0.4110200198032178,0,0,0,0.12,0.01,0.0,0.01,0.1,0.9,-1.2,0.0,0,0,1,0,0.675,0.44
229,6,-0.10429899394512177,-0.011167294345796108,0.06292268633842468,0.46819022435956853,0.44359001379198176,0,0,0,0.12,0.01,0.0,0.01,0.1,0.9,-1.2,0.0,0,0,1,0,0.675,0.44
229,7,-0.3072187900543213,0.42889106273651123,-0.025803130120038986,0.44199745489991316,0.4457307593640029,0,0,0,0.12,0.01,0.0,0.01,0.1,0.9,-1.2,0.0,0,0,1,0,0.675,0.44
230,0,-0.42111650109291077,0.20307786762714386,-2.0907204151153564,0.523904387383024,0.4186368542627889,0,0,0,0.12,0.01,0.0,0.01,0.1,0.9,-1.2,0.0,0,0,1,0,0.675,0.44
230,1,-0.8886599540710449,0.3223324120044708,-2.369734287261963,0.36043794903497,0.5528843208815645,0,0,0,0.12,0.01,0.0,0.01,0.1,0.9,-1.2,0.0,0,0,1,1,0.675,0.44
230,2,-0.06739035993814468,-0.40332603454589844,-0.99428790807724,0.46495892835602015,0.4597643391992167,0,0,0,0.12,0.01,0.0,0.01,0.1,0.9,-1.2,0.0,0,0,1,0,0.675,0.44
230,3,-0.8895800113677979,0.4282328188419342,3.118588447570801,0.3112145968185071,0.30115809958118156,0,0,0,0.12,0.01,0.0,0.01,0.1,0.9,-1.2,0.0,0,0,1,1,0.675,0.44
230,4,-0.535447359085083,-0.42241916060447693,-2.0909390449523926,1.5587526402991145,-1.398787765912327,0,0,0,0.12,0.01,0.0,0.01,0.1,0.9,-1.2,0.0,0,0,1,0,0.675,0.44
230,5,-0.7780948281288147,-0.0882771834731102,-2.342743158340454,0.47459771249378724,0.40774307634746026,0,0,0,0.12,0.01,0.0,0.01,0.1,0.9,-1.2,0.0,0,0,1,0,0.675,0.44
230,6,-0.10338859260082245,-0.011110429652035236,0.061930492520332336,0.4667632761729259,0.44480864374513446,0,0,0,0.12,0.01,0.0,0.01,0.1,0.9,-1.2,0.0,0,0,1,0,0.675,0.44
230,7,-0.30633044242858887,0.42886829376220703,-0.02547815442085266,0.4451787608587893,0.44176648679135716,0,0,0,0.12,0.01,0.0,0.01,0.1,0.9,-1.2,0.0,0,0,1,0,0.675,0.44
231,0,-0.42158639430999756,0.20226210355758667,-2.095339059829712,0.519369618673684,0.4231000973983984,0,0,0,0.12,0.01,0.0,0.01,0.1,0.9,-1.2,0.0,0,0,1,0,0.675,0.44
231,1,-0.8893119692802429,0.3216935694217682,-2.3628056049346924,0.3627154435390766,0.5512513910060589,0,0,0,0.12,0.01,0.0,0.01,0.1,0.9,-1.2,0.0,0,0,1,1,0.675,0.44
231,2,-0.06688530743122101,-0.40410315990448,-0.9947014451026917,0.46096191494172717,0.4618979326038966,0,0,0,0.12,0.01,0.0,0.01,0.1,0.9,-1.2,0.0,0,0,1,0,0.675,0.44
231,3,-0.8901981711387634,0.4282471239566803,3.118234395980835,0.30886481403410715,0.29855211378037655,0,0,0,0.12,0.01,0.0,0.01,0.1,0.9,-1.2,0.0,0,0,1,1,0.675,0.44
231,4,-0.5355552434921265,-0.42259734869003296,-2.1716110706329346,1.8148341062791409,-1.6827471885211531,0,0,0,0.12,0.01,0.0,0.01,0.1,0.9,-1.2,0.0,0,0,1,0,0.675,0.44
231,5,-0.7787109017372131,-0.08890880644321442,-2.34482479095459,0.47763101937176616,0.4047707450210867,0,0,0,0.12,0.01,0.0,0.01,0.1,0.9,-1.2,0.0,0,0,1,0,0.675,0.44
231,6,-0.10247833281755447,-0.01105443574488163,0.061031803488731384,0.4653241877145829,0.44602975801753386,0,0,0,0.12,0.01,0.0,0.01,0.1,0.9,-1.2,0.0,0,0,1,0,0.675,0.44
231,7,-0.30544283986091614,0.4288458526134491,-0.0253683403134346,0.4486804694751693,0.4374644070049332,0,0,0,0.12,0.01,0.0,0.01,0.1,0.9,-1.2,0.0,0,0,1,0,0.675,0.44
232,0,-0.42206084728240967,0.2014470249414444,-2.0998101234436035,0.5145809391429645,0.42778023687098193,0,0,0,0.12,0.01,0.0,0.01,0.1,0.9,-1.2,0.0,0,0,1,0,0.675,0.44
232,1,-0.889959990978241,0.32104983925819397,-2.3560080528259277,0.3650305553387791,0.5495991424609034,0,0,0,0.12,0.01,0.0,0.01,0.1,0.9,-1.2,0.0,0,0,1,1,0.675,0.44
232,2,-0.06638147681951523,-0.40487900376319885,-0.9949331879615784,0.4564186939946019,0.46445977594939825,0,0,0,0.12,0.01,0.0,0.01,0.1,0.9,-1.2,0.0,0,0,1,0,0.675,0.44
232,3,-0.8908113837242126,0.42826154828071594,3.117873191833496,0.3064402403510499,0.29604201892247917,0,0,0,0.12,0.01,0.0,0.01,0.1,0.9,-1.2,0.0,0,0,1,1,0.675,0.44
232,4,-0.5356547832489014,-0.42273569107055664,-2.271662473678589,2.0234043736579013,-1.9106191609623027,0,0,0,0.12,0.01,0.0,0.01,0.1,0.9,-1.2,0.0,0,0,1,0,0.675,0.44
232,5,-0.7793284058570862,-0.0895390585064888,-2.3471388816833496,0.4801764536164673,0.4023191284872619,0,0,0,0.12,0.01,0.0,0.01,0.1,0.9,-1.2,0.0,0,0,1,0,0.675,0.44
232,6,-0.10156823694705963,-0.010999218560755253,0.06022918224334717,0.463980196645554,0.4471400988790431,0,0,0,0.12,0.01,0.0,0.01,0.1,0.9,-1.2,0.0,0,0,1,0,0.675,0.44
232,7,-0.3045560121536255,0.42882344126701355,-0.025413427501916885,0.452126452281403,0.4332024366117244,0,0,0,0.12,0.01,0.0,0.01,0.1,0.9,-1.2,0.0,0,0,1,0,0.675,0.44
233,0,-0.4225388169288635,0.2006339728832245,-2.1039342880249023,0.510639920050068,0.43157671470029824,0,0,0,0.12,0.01,0.0,0.01,0.1,0.9,-1.2,0.0,0,0,1,0,0.675,0.44
233,1,-0.8906040191650391,0.32040122151374817,-2.3493471145629883,0.36734957893701536,0.5479596118131067,0,0,0,0.12,0.01,0.0,0.01,0.1,0.9,-1.2,0.0,0,0,1,1,0.675,0.44
233,2,-0.06587875634431839,-0.40565335750579834,-0.9949458837509155,0.4512929331219748,0.4674609292590066,0,0,0,0.12,0.01,0.0,0.01,0.1,0.9,-1.2,0.0,0,0,1,0,0.675,0.44
233,3,-0.8914196491241455,0.42827609181404114,3.1175031661987305,0.30390593098333685,0.293663057816712,0,0,0,0.12,0.01,0.0,0.01,0.1,0.9,-1.2,0.0,0,0,1,1,0.675,0.44
233,4,-0.5357474684715271,-0.4228425621986389,-2.390882730484009,2.154614398625851,-2.0537767134580616,0,0,0,0.12,0.01,0.0,0.01,0.1,0.9,-1.2,0.0,0,0,1,0,0.675,0.44
233,5,-0.7799474596977234,-0.0901678279042244,-2.349667549133301,0.48209805553157603,0.4005204909543249,0,0,0,0.12,0.01,0.0,0.01,0.1,0.9,-1.2,0.0,0,0,1,0,0.675,0.44
233,6,-0.10065831243991852,-0.01094469428062439,0.059523921459913254,0.4627968853316315,0.44807116333627633,0,0,0,0.12,0.01,0.0,0.01,0.1,0.9,-1.2,0.0,0,0,1,0,0.675,0.44
233,7,-0.3036700189113617,0.42880088090896606,-0.025682030245661736,0.4548654230642901,0.42963156380170714,0,0,0,0.12,0.01,0.0,0.01,0.1,0.9,-1.2,0.0,0,0,1,0,0.675,0.44
234,0,-0.4230199158191681,0.19982212781906128,-2.1076629161834717,0.5078394187439079,0.43419655432814414,0,0,0,0.12,0.01,0.0,0.01,0.1,0.9,-1.2,0.0,0,0,1,0,0.675,0.44
234,1,-0.8912442326545715,0.3197478950023651,-2.342824935913086,0.3696652844020714,0.5463382408550392,0,0,0,0.12,0.01,0.0,0.01,0.1,0.9,-1.2,0.0,0,0,1,1,0.675,0.44
234,2,-0.06537701189517975,-0.40642601251602173,-0.9947062730789185,0.4455033241888388,0.4709528983453408,0,0,0,0.12,0.01,0.0,0.01,0.1,0.9,-1.2,0.0,0,0,1,0,0.675,0.44
234,3,-0.8920229077339172,0.4282907247543335,3.117128849029541,0.30132240897436613,0.2913499390480948,0,0,0,0.12,0.01,0.0,0.01,0.1,0.9,-1.2,0.0,0,0,1,1,0.675,0.44
234,4,-0.5358358025550842,-0.4229249954223633,-2.5262033939361572,2.199260109248046,-2.104601406636123,0,0,0,0.12,0.01,0.0,0.01,0.1,0.9,-1.2,0.0,0,0,1,0,0.675,0.44
234,5,-0.7805682420730591,-0.09079504013061523,-2.3523783683776855,0.48339677800533426,0.39937179337146617,0,0,0,0.12,0.01,0.0,0.01,0.1,0.9,-1.2,0.0,0,0,1,0,0.675,0.44
234,6,-0.09974859654903412,-0.010890782810747623,0.05890577659010887,0.4617716865707019,0.44882462452167476,0,0,0,0.12,0.01,0.0,0.01,0.1,0.9,-1.2,0.0,0,0,1,0,0.675,0.44
234,7,-0.30278480052948,0.42877793312072754,-0.0263117253780365,0.45587790147604146,0.42776828869043193,0,0,0,0.12,0.01,0.0,0.01,0.1,0.9,-1.2,0.0,0,0,1,0,0.675,0.44
235,0,-0.4235038161277771,0.19901207089424133,-2.1110496520996094,0.5059258205147963,0.43589402611530004,0,0,0,0.12,0.01,0.0,0.01,0.1,0.9,-1.2,0.0,0,0,1,0,0.675,0.44
235,1,-0.8918806314468384,0.3190899193286896,-2.336441993713379,0.05317116359420974,0.8390457572584514,0,0,0,0.12,0.01,0.0,0.01,0.1,0.9,-1.2,0.0,0,0,1,1,0.675,0.44
235,2,-0.06487610191106796,-0.4071967303752899,-0.9941843152046204,0.43893792718213376,0.47501448303896604,0,0,0,0.12,0.01,0.0,0.01,0.1,0.9,-1.2,0.0,0,0,1,0,0.675,0.44
235,3,-0.8926212787628174,0.4283055067062378,3.116758346557617,0.2985581508321359,0.2892355570154593,0,0,0,0.12,0.01,0.0,0.01,0.1,0.9,-1.2,0.0,0,0,1,1,0.675,0.44
235,4,-0.5359227061271667,-0.4229796230792999,-2.6722941398620605,5.7425959300658125,-5.807120752002897,0,0,0,0.12,0.01,0.0,0.01,0.1,0.9,-1.2,0.0,0,0,1,0,0.675,0.44
235,5,-0.7811908721923828,-0.09142062067985535,-2.355229139328003,0.48438391325227315,0.39855935933836417,0,0,0,0.12,0.01,0.0,0.01,0.1,0.9,-1.2,0.0,0,0,1,0,0.675,0.44
235,6,-0.09883908927440643,-0.010837414301931858,0.05836089700460434,0.7858716470305949,0.10010061439823811,0,0,0,0.12,0.01,0.0,0.01,0.1,0.9,-1.2,0.0,0,0,1,0,0.675,0.44
235,7,-0.3019004464149475,0.42875435948371887,-0.027240736410021782,0.5525814346875892,0.28867440895178453,0,0,0,0.12,0.01,0.0,0.01,0.1,0.9,-1.2,0.0,0,0,1,0,0.675,0.44
236,0,-0.4239902198314667,0.19820371270179749,-2.1141886711120605,0.5044178725594798,0.4371505020743092,0,0,0,0.12,0.01,0.0,0.01,0.1,0.9,-1.2,0.0,0,0,1,0,0.675,0.44
236,1,-0.8925133347511292,0.31842750310897827,-2.330197334289551,0.06055246989817046,0.8332716305962145,0,0,0,0.12,0.01,0.0,0.01,0.1,0.9,-1.2,0.0,0,0,1,1,0.675,0.44
236,2,-0.06437590718269348,-0.40796518325805664,-0.9933425188064575,0.4314465386048467,0.47975452121342116,0,0,0,0.12,0.01,0.0,0.01,0.1,0.9,-1.2,0.0,0,0,1,0,0.675,0.44
236,3,-0.893214762210846,0.42832037806510925,3.11639666557312,0.295730836272336,0.2872008610962859,0,0,0,0.12,0.01,0.0,0.01,0.1,0.9,-1.2,0.0,0,0,1,1,0.675,0.44
236,4,-0.5360107421875,-0.42301133275032043,-2.8229260444641113,5.44658874002766,-5.49973401082229,0,0,0,0.12,0.01,0.0,0.01,0.1,0.9,-1.2,0.0,0,0,1,0,0.675,0.44
236,5,-0.7818153500556946,-0.09204453229904175,-2.3581745624542236,0.485177731459052,0.3979623556686336,0,0,0,0.12,0.01,0.0,0.01,0.1,0.9,-1.2,0.0,0,0,1,0,0.675,0.44
236,6,-0.09792983531951904,-0.010784528218209743,0.05788090080022812,0.781524170228259,0.1043276302134828,0,0,0,0.12,0.01,0.0,0.01,0.1,0.9,-1.2,0.0,0,0,1,0,0.675,0.44
236,7,-0.30101698637008667,0.4287300109863281,-0.028224114328622818,0.5493781162983731,0.2917265103572056,0,0,0,0.12,0.01,0.0,0.01,0.1,0.9,-1.2,0.0,0,0,1,0,0.675,0.44
237,0,-0.4244789779186249,0.19739699363708496,-2.1171610355377197,0.5020913696947255,0.43919435971353876,0,0,0,0.12,0.01,0.0,0.01,0.1,0.9,-1.2,0.0,0,0,1,0,0.675,0.44
237,1,-0.893125593662262,0.3177715241909027,-2.3068761825561523,0.14488333478800886,0.7508278487599648,0,0,0,0.12,0.01,0.0,0.01,0.1,0.9,-1.2,0.0,0,0,1,1,0.675,0.44
237,2,-0.06387629359960556,-0.408731073141098,-0.9921374917030334,0.4202928637460183,0.48796706448045263,0,0,0,0.12,0.01,0.0,0.01,0.1,0.9,-1.2,0.0,0,0,1,0,0.675,0.44
237,3,-0.8938033580780029,0.4283353090286255,3.1160550117492676,0.2922177658476131,0.2861581101022465,0,0,0,0.12,0.01,0.0,0.01,0.1,0.9,-1.2,0.0,0,0,1,1,0.675,0.44
237,4,-0.5359669923782349,-0.4229952096939087,3.098984718322754,4.548568768340006,-4.553155071480975,0,0,0,0.12,0.01,0.0,0.01,0.1,0.9,-1.2,0.0,0,0,1,0,0.675,0.44
237,5,-0.7824417352676392,-0.09266673028469086,-2.3611879348754883,0.48449301715266885,0.39896613363849937,0,0,0,0.12,0.01,0.0,0.01,0.1,0.9,-1.2,0.0,0,0,1,0,0.675,0.44
237,6,-0.09703989326953888,-0.010738647542893887,0.03852451592683792,0.6938018298319689,0.19226728914462413,0,0,0,0.12,0.01,0.0,0.01,0.1,0.9,-1.2,0.0,0,0,1,0,0.675,0.44
237,7,-0.30016762018203735,0.42870423197746277,-0.03578672930598259,0.5165082452050234,0.3244275214919066,0,0,0,0.12,0.01,0.0,0.01,0.1,0.9,-1.2,0.0,0,0,1,0,0.675,0.44
238,0,-0.42496997117996216,0.19659189879894257,-2.1200106143951416,0.49883338635823543,0.442130120340373,0,0,0,0.12,0.01,0.0,0.01,0.1,0.9,-1.2,0.0,0,0,1,0,0.675,0.44
238,1,-0.8937174081802368,0.31710168719291687,-2.27964448928833,0.2486216737120886,0.6488699005753259,0,0,0,0.12,0.01,0.0,0.01,0.1,0.9,-1.2,0.0,0,0,1,1,0.675,0.44
238,2,-0.06337711960077286,-0.4094940423965454,-0.9905158877372742,0.40765423197839706,0.4973475275507167,0,0,0,0.12,0.01,0.0,0.01,0.1,0.9,-1.2,0.0,0,0,1,0,0.675,0.44
238,3,-0.8943870663642883,0.4283502995967865,3.1157402992248535,0.28951606929730406,0.2845782262044049,0,0,0,0.12,0.01,0.0,0.01,0.1,0.9,-1.2,0.0,0,0,1,1,0.675,0.44
238,4,-0.5359115600585938,-0.423032283782959,2.6721951961517334,3.441292535821029,-3.3824672813807215,0,0,0,0.12,0.01,0.0,0.01,0.1,0.9,-1.2,0.0,0,0,1,0,0.675,0.44
238,5,-0.7830702066421509,-0.0932871550321579,-2.364252805709839,0.4813055596609664,0.4025105633477616,0,0,0,0.12,0.01,0.0,0.01,0.1,0.9,-1.2,0.0,0,0,1,0,0.675,0.44
238,6,-0.09615403413772583,-0.010714534670114517,0.014684869907796383,0.5841275324726336,0.30201317168233466,0,0,0,0.12,0.01,0.0,0.01,0.1,0.9,-1.2,0.0,0,0,1,0,0.675,0.44
238,7,-0.29932713508605957,0.4286707639694214,-0.04483410343527794,0.4648312054285675,0.37585189717915957,0,0,0,0.12,0.01,0.0,0.01,0.1,0.9,-1.2,0.0,0,0,1,0,0.675,0.44
239,0,-0.4254646301269531,0.1957857757806778,-2.1225600242614746,0.4957770505349759,0.4448198279936191,0,0,0,0.12,0.01,0.0,0.01,0.1,0.9,-1.2,0.0,0,0,1,0,0.675,0.44
239,1,-0.8942928314208984,0.3164154589176178,-2.257190227508545,0.33194922210947375,0.5671070933125844,0,0,0,0.12,0.01,0.0,0.01,0.1,0.9,-1.2,0.0,0,0,1,1,0.675,0.44
239,2,-0.06287814676761627,-0.4102536737918854,-0.9882646203041077,0.3976613286121553,0.5036100742236906,0,0,0,0.12,0.01,0.0,0.01,0.1,0.9,-1.2,0.0,0,0,1,0,0.675,0.44
239,3,-0.8949661254882812,0.4283653497695923,3.1155002117156982,0.2879403554279797,0.2820814527194508,0,0,0,0.12,0.01,0.0,0.01,0.1,0.9,-1.2,0.0,0,0,1,1,0.675,0.44
239,4,-0.5360288023948669,-0.42298442125320435,2.4597012996673584,2.998871140208714,-2.920626580741875,0,0,0,0.12,0.01,0.0,0.01,0.1,0.9,-1.2,0.0,0,0,1,0,0.675,0.44
239,5,-0.7837007641792297,-0.09390583634376526,-2.3672797679901123,0.4827043460670085,0.40140509139865926,0,0,0,0.12,0.01,0.0,0.01,0.1,0.9,-1.2,0.0,0,0,1,0,0.675,0.44
239,6,-0.09526777267456055,-0.01071040891110897,-0.004165894351899624,0.4951434353213611,0.3908030172962841,0,0,0,0.12,0.01,0.0,0.01,0.1,0.9,-1.2,0.0,0,0,1,0,0.675,0.44
239,7,-0.2984871566295624,0.4286298155784607,-0.05205021798610687,0.408776710522601,0.4315339226599247,0,0,0,0.12,0.01,0.0,0.01,0.1,0.9,-1.2,0.0,0,0,1,0,0.675,0.44
240,0,-0.4259618818759918,0.19497977197170258,-2.1247966289520264,0.4932020107958722,0.4469864567067218,0,0,0,0.12,0.01,0.0,0.01,0.1,0.9,-1.2,0.0,0,0,1,0,0.675,0.44
240,1,-0.8948556780815125,0.3157166540622711,-2.241685628890991,0.3840347143572142,0.5164424565869996,0,0,0,0.12,0.01,0.0,0.01,0.1,0.9,-1.2,0.0,0,0,1,1,0.675,0.44
240,2,-0.062378983944654465,-0.4110093414783478,-0.9852575063705444,0.3833077913388775,0.5138616794481708,0,0,0,0.12,0.01,0.0,0.01,0.1,0.9,-1.2,0.0,0,0,1,0,0.675,0.44
240,3,-0.8955408930778503,0.42838039994239807,3.115309238433838,0.2872145058208759,0.27889413818776065,0,0,0,0.12,0.01,0.0,0.01,0.1,0.9,-1.2,0.0,0,0,1,1,0.675,0.44
240,4,-0.5359711647033691,-0.4230425953865051,2.1717803478240967,2.255959935193204,-2.1340391930986873,0,0,0,0.12,0.01,0.0,0.01,0.1,0.9,-1.2,0.0,0,0,1,0,0.675,0.44
240,5,-0.7843334674835205,-0.0945228636264801,-2.3701064586639404,0.47862505709026226,0.40591055358554956,0,0,0,0.12,0.01,0.0,0.01,0.1,0.9,-1.2,0.0,0,0,1,0,0.675,0.44
240,6,-0.09438155591487885,-0.010720149613916874,-0.015612632036209106,0.4386186769516701,0.4469673463790183,0,0,0,0.12,0.01,0.0,0.01,0.1,0.9,-1.2,0.0,0,0,1,0,0.675,0.44
240,7,-0.2976476848125458,0.42858389019966125,-0.05593669414520264,0.3589541424899238,0.480889667114721,0,0,0,0.12,0.01,0.0,0.01,0.1,0.9,-1.2,0.0,0,0,1,0,0.675,0.44
241,0,-0.4264604151248932,0.194175586104393,-2.1268105506896973,0.4908598043812244,0.44888138986697507,0,0,0,0.12,0.01,0.0,0.01,0.1,0.9,-1.2,0.0,0,0,1,0,0.675,0.44
241,1,-0.8954105377197266,0.31500953435897827,-2.2322611808776855,0.4084869454926237,0.49334176077187214,0,0,0,0.12,0.01,0.0,0.01,0.1,0.9,-1.2,0.0,0,0,1,1,0.675,0.44
241,2,-0.06187928467988968,-0.4117603302001953,-0.9816392064094543,0.36808545337152404,0.5243960524992951,0,0,0,0.12,0.01,0.0,0.01,0.1,0.9,-1.2,0.0,0,0,1,0,0.675,0.44
241,3,-0.8961114883422852,0.42839545011520386,3.115100145339966,0.2867603737201888,0.2755291622791093,0,0,0,0.12,0.01,0.0,0.01,0.1,0.9,-1.2,0.0,0,0,1,1,0.675,0.44
241,4,-0.5359874367713928,-0.4229954481124878,1.9297399520874023,1.7140864199030073,-1.5772980367767486,0,0,0,0.12,0.01,0.0,0.01,0.1,0.9,-1.2,0.0,0,0,1,0,0.675,0.44
241,5,-0.7849681377410889,-0.0951383039355278,-2.3729560375213623,0.47789441483581385,0.40705681902801666,0,0,0,0.12,0.01,0.0,0.01,0.1,0.9,-1.2,0.0,0,0,1,0,0.675,0.44
241,6,-0.09349565953016281,-0.010737097822129726,-0.020528994500637054,0.41107575264109725,0.4740769449220742,0,0,0,0.12,0.01,0.0,0.01,0.1,0.9,-1.2,0.0,0,0,1,0,0.675,0.44
241,7,-0.296808660030365,0.42853638529777527,-0.055920328944921494,0.3235338619306417,0.5158081957742839,0,0,0,0.12,0.01,0.0,0.01,0.1,0.9,-1.2,0.0,0,0,1,0,0.675,0.44
242,0,-0.4269599914550781,0.19337309896945953,-2.128635883331299,0.48870894645408974,0.45054611231132163,0,0,0,0.12,0.01,0.0,0.01,0.1,0.9,-1.2,0.0,0,0,1,0,0.675,0.44
242,1,-0.8959611058235168,0.31429722905158997,-2.2268803119659424,0.41462066625565536,0.4885257198908901,0,0,0,0.12,0.01,0.0,0.01,0.1,0.9,-1.2,0.0,0,0,1,1,0.675,0.44
242,2,-0.061378754675388336,-0.4125058650970459,-0.9772180914878845,0.35055227600178673,0.5365713683501724,0,0,0,0.12,0.01,0.0,0.01,0.1,0.9,-1.2,0.0,0,0,1,0,0.675,0.44
242,3,-0.8966782093048096,0.4284105598926544,3.1148154735565186,0.2550273334280416,0.17965902931533606,0,0,0,0.12,0.01,0.0,0.01,0.1,0.9,-1.2,0.0,0,0,1,1,0.675,0.44
242,4,-0.5360109210014343,-0.42290055751800537,1.7647886276245117,1.444775089829784,-1.3141071947511251,0,0,0,0.12,0.01,0.0,0.01,0.1,0.9,-1.2,0.0,0,0,1,0,0.675,0.44
242,5,-0.7856048345565796,-0.09575223177671432,-2.375582218170166,0.47907628519462386,0.4063107182271596,0,0,0,0.12,0.01,0.0,0.01,0.1,0.9,-1.2,0.0,0,0,1,0,0.675,0.44
242,6,-0.09261013567447662,-0.010756193660199642,-0.021019866690039635,0.40320149110072717,0.4814852173495903,0,0,0,0.12,0.01,0.0,0.01,0.1,0.9,-1.2,0.0,0,0,1,0,0.675,0.44
242,7,-0.29596996307373047,0.4284905791282654,-0.0522984154522419,0.3019942991466507,0.48076363876152184,0,0,0,0.12,0.01,0.0,0.01,0.1,0.9,-1.2,0.0,0,0,1,0,0.675,0.44
243,0,-0.42746055126190186,0.19257217645645142,-2.130295991897583,0.48670448075924705,0.4520247458299559,0,0,0,0.12,0.01,0.0,0.01,0.1,0.9,-1.2,0.0,0,0,1,0,0.675,0.44
243,1,-0.8965096473693848,0.31358158588409424,-2.223555088043213,0.41166437449635646,0.49277823386011943,0,0,0,0.12,0.01,0.0,0.01,0.1,0.9,-1.2,0.0,0,0,1,1,0.675,0.44
243,2,-0.06087706238031387,-0.41324514150619507,-0.9719025492668152,0.3297163625736496,0.5512584070186356,0,0,0,0.12,0.01,0.0,0.01,0.1,0.9,-1.2,0.0,0,0,1,0,0.675,0.44
243,3,-0.8972410559654236,0.42842572927474976,3.114431858062744,0.2546151043839644,0.1781246302656938,0,0,0,0.12,0.01,0.0,0.01,0.1,0.9,-1.2,0.0,0,0,1,1,0.675,0.44
243,4,-0.5360251665115356,-0.4227674603462219,1.6429308652877808,1.4017936180695345,-1.289442394243126,0,0,0,0.12,0.01,0.0,0.01,0.1,0.9,-1.2,0.0,0,0,1,0,0.675,0.44
243,5,-0.7862433791160583,-0.09636484831571579,-2.3780953884124756,0.4812084519188381,0.404640666313889,0,0,0,0.12,0.01,0.0,0.01,0.1,0.9,-1.2,0.0,0,0,1,0,0.675,0.44
243,6,-0.09172499924898148,-0.01077438984066248,-0.019180448725819588,0.4056330455507696,0.47856275904517764,0,0,0,0.12,0.01,0.0,0.01,0.1,0.9,-1.2,0.0,0,0,1,0,0.675,0.44
243,7,-0.2951315641403198,0.42844894528388977,-0.04602636396884918,0.30042548802720515,0.4828940448440412,0,0,0,0.12,0.01,0.0,0.01,0.1,0.9,-1.2,0.0,0,0,1,0,0.675,0.44
244,0,-0.42796191573143005,0.19177275896072388,-2.131807565689087,0.48230751340396055,0.45587287361615064,0,0,0,0.12,0.01,0.0,0.01,0.1,0.9,-1.2,0.0,0,0,1,0,0.675,0.44
244,1,-0.8970569968223572,0.31286340951919556,-2.2208704948425293,0.411621336146314,0.4943228920259882,0,0,0,0.12,0.01,0.0,0.01,0.1,0.9,-1.2,0.0,0,0,1,1,0.675,0.44
244,2,-0.060373976826667786,-0.41397711634635925,-0.9655710458755493,0.30472940802914,0.5691491901840557,0,0,0,0.12,0.01,0.0,0.01,0.1,0.9,-1.2,0.0,0,0,1,0,0.675,0.44
244,3,-0.8977010846138,0.42843863368034363,3.112227439880371,0.2574767684316469,0.17187801844121683,0,0,0,0.12,0.01,0.0,0.01,0.1,0.9,-1.2,0.0,0,0,1,1,0.675,0.44
244,4,-0.5360257625579834,-0.4226357042789459,1.543106198310852,1.5269166249131525,-1.4335964936112724,0,0,0,0.12,0.01,0.0,0.01,0.1,0.9,-1.2,0.0,0,0,1,0,0.675,0.44
244,5,-0.7868837118148804,-0.09697619080543518,-2.3806495666503906,0.4823908073741734,0.4039631025951565,0,0,0,0.12,0.01,0.0,0.01,0.1,0.9,-1.2,0.0,0,0,1,0,0.675,0.44
244,6,-0.09084028750658035,-0.010790335945785046,-0.016536900773644447,0.4110583190265957,0.47261761385762063,0,0,0,0.12,0.01,0.0,0.01,0.1,0.9,-1.2,0.0,0,0,1,0,0.675,0.44
244,7,-0.2943382263183594,0.4284147024154663,-0.03973563015460968,0.3122123944542757,0.4715555441596159,0,0,0,0.12,0.01,0.0,0.01,0.1,0.9,-1.2,0.0,0,0,1,0,0.675,0.44
245,0,-0.42846396565437317,0.19097478687763214,-2.1331841945648193,0.47741315040774474,0.4601830514889228,0,0,0,0.12,0.01,0.0,0.01,0.1,0.9,-1.2,0.0,0,0,1,0,0.675,0.44
245,1,-0.8976032733917236,0.3121427893638611,-2.2180604934692383,0.4139121919207012,0.4935613126226032,0,0,0,0.12,0.01,0.0,0.01,0.1,0.9,-1.2,0.0,0,0,1,1,0.675,0.44
245,2,-0.059869322925806046,-0.4147006869316101,-0.9580330848693848,0.2750627912002701,0.5905950151962143,0,0,0,0.12,0.01,0.0,0.01,0.1,0.9,-1.2,0.0,0,0,1,0,0.675,0.44
245,3,-0.8981339931488037,0.42845186591148376,3.109541177749634,0.25820916932023896,0.1673861439903842,0,0,0,0.12,0.01,0.0,0.01,0.1,0.9,-1.2,0.0,0,0,1,1,0.675,0.44
245,4,-0.5360159873962402,-0.42251771688461304,1.448433518409729,1.7544834701320426,-1.6766983581682937,0,0,0,0.12,0.01,0.0,0.01,0.1,0.9,-1.2,0.0,0,0,1,0,0.675,0.44
245,5,-0.7875259518623352,-0.09758620709180832,-2.383324384689331,0.48212079402217556,0.40475674275150614,0,0,0,0.12,0.01,0.0,0.01,0.1,0.9,-1.2,0.0,0,0,1,0,0.675,0.44
245,6,-0.08995602279901505,-0.010803783312439919,-0.013947416096925735,0.41597046759815026,0.4671571621587773,0,0,0,0.12,0.01,0.0,0.01,0.1,0.9,-1.2,0.0,0,0,1,0,0.675,0.44
245,7,-0.2935555577278137,0.42838582396507263,-0.03332342207431793,0.33447462859622085,0.44967239555844224,0,0,0,0.12,0.01,0.0,0.01,0.1,0.9,-1.2,0.0,0,0,1,0,0.675,0.44
246,0,-0.42896637320518494,0.1901785135269165,-2.134281635284424,0.47339534268550487,0.46357697739429854,0,0,0,0.12,0.01,0.0,0.01,0.1,0.9,-1.2,0.0,0,0,1,0,0.675,0.44
246,1,-0.8981484174728394,0.3114194869995117,-2.215155839920044,0.41707161820630306,0.4919037445714069,0,0,0,0.12,0.01,0.0,0.01,0.1,0.9,-1.2,0.0,0,0,1,1,0.675,0.44
246,2,-0.05936290696263313,-0.41541457176208496,-0.9490442276000977,0.2402706939590239,0.6158435743438937,0,0,0,0.12,0.01,0.0,0.01,0.1,0.9,-1.2,0.0,0,0,1,0,0.675,0.44
246,3,-0.898563802242279,0.4284661114215851,3.1065914630889893,0.2547840734673177,0.16701609290116678,0,0,0,0.12,0.01,0.0,0.01,0.1,0.9,-1.2,0.0,0,0,1,1,0.675,0.44
246,4,-0.536001443862915,-0.4224100410938263,1.3461322784423828,2.0297725714324146,-1.9637087203143266,0,0,0,0.12,0.01,0.0,0.01,0.1,0.9,-1.2,0.0,0,0,1,0,0.675,0.44
246,5,-0.7881701588630676,-0.09819483757019043,-2.386077880859375,0.4807922169726067,0.40661776809285344,0,0,0,0.12,0.01,0.0,0.01,0.1,0.9,-1.2,0.0,0,0,1,0,0.675,0.44
246,6,-0.08907222747802734,-0.010815007612109184,-0.01171038206666708,0.4191026034168467,0.463447516936852,0,0,0,0.12,0.01,0.0,0.01,0.1,0.9,-1.2,0.0,0,0,1,0,0.675,0.44
246,7,-0.29277223348617554,0.4283619225025177,-0.027498887851834297,0.36384880659703817,0.4206088173615494,0,0,0,0.12,0.01,0.0,0.01,0.1,0.9,-1.2,0.0,0,0,1,0,0.675,0.44
247,0,-0.42946872115135193,0.18938395380973816,-2.1350338459014893,0.47060160574317245,0.46570749345421525,0,0,0,0.12,0.01,0.0,0.01,0.1,0.9,-1.2,0.0,0,0,1,0,0.675,0.44
247,1,-0.8986924290657043,0.3106934130191803,-2.2123255729675293,0.4203228661739426,0.4901283076084061,0,0,0,0.12,0.01,0.0,0.01,0.1,0.9,-1.2,0.0,0,0,1,1,0.675,0.44
247,2,-0.05885446444153786,-0.41611719131469727,-0.9383222460746765,0.1997226353227671,0.6453057054937308,0,0,0,0.12,0.01,0.0,0.01,0.1,0.9,-1.2,0.0,0,0,1,0,0.675,0.44
247,3,-0.8989898562431335,0.4284815490245819,3.103431224822998,0.24666524938198492,0.1712859768524511,0,0,0,0.12,0.01,0.0,0.01,0.1,0.9,-1.2,0.0,0,0,1,1,0.675,0.44
247,4,-0.535984456539154,-0.422320693731308,1.2286484241485596,2.2268056507177616,-2.1665105643637443,0,0,0,0.12,0.01,0.0,0.01,0.1,0.9,-1.2,0.0,0,0,1,0,0.675,0.44
247,5,-0.788816511631012,-0.09880204498767853,-2.3888144493103027,0.4786731647885706,0.40927326207986814,0,0,0,0.12,0.01,0.0,0.01,0.1,0.9,-1.2,0.0,0,0,1,0,0.675,0.44
247,6,-0.08818896114826202,-0.010824394412338734,-0.009823985397815704,0.4204222097388451,0.46152113533104017,0,0,0,0.12,0.01,0.0,0.01,0.1,0.9,-1.2,0.0,0,0,1,0,0.675,0.44
247,7,-0.29198840260505676,0.4283423125743866,-0.023178743198513985,0.3954746519145509,0.3892121519031982,0,0,0,0.12,0.01,0.0,0.01,0.1,0.9,-1.2,0.0,0,0,1,0,0.675,0.44
248,0,-0.4299708604812622,0.18859083950519562,-2.135488748550415,0.4687918355525309,0.46681518053404747,0,0,0,0.12,0.01,0.0,0.01,0.1,0.9,-1.2,0.0,0,0,1,0,0.675,0.44
248,1,-0.8992353081703186,0.309964656829834,-2.2096521854400635,0.42326070412601846,0.4886402930358468,0,0,0,0.12,0.01,0.0,0.01,0.1,0.9,-1.2,0.0,0,0,1,1,0.675,0.44
248,2,-0.05834359675645828,-0.41680648922920227,-0.9255563020706177,0.15262234542510866,0.6795568433032239,0,0,0,0.12,0.01,0.0,0.01,0.1,0.9,-1.2,0.0,0,0,1,0,0.675,0.44
248,3,-0.8994120955467224,0.4284982979297638,3.1003198623657227,0.23408314612062314,0.17995482656805176,0,0,0,0.12,0.01,0.0,0.01,0.1,0.9,-1.2,0.0,0,0,1,1,0.675,0.44
248,4,-0.5359635353088379,-0.4222453534603119,1.0919708013534546,2.288318162165718,-2.228321736060219,0,0,0,0.12,0.01,0.0,0.01,0.1,0.9,-1.2,0.0,0,0,1,0,0.675,0.44
248,5,-0.7894648313522339,-0.09940783679485321,-2.3914542198181152,0.4762116566262719,0.4122762188353064,0,0,0,0.12,0.01,0.0,0.01,0.1,0.9,-1.2,0.0,0,0,1,0,0.675,0.44
248,6,-0.08730623871088028,-0.010832255706191063,-0.008188938722014427,0.4203246978771501,0.4609832616794295,0,0,0,0.12,0.01,0.0,0.01,0.1,0.9,-1.2,0.0,0,0,1,0,0.675,0.44
248,7,-0.29120418429374695,0.42832547426223755,-0.020883146673440933,0.4245691525696856,0.36026785495289737,0,0,0,0.12,0.01,0.0,0.01,0.1,0.9,-1.2,0.0,0,0,1,0,0.675,0.44
249,0,-0.4304726719856262,0.18779891729354858,-2.1357359886169434,0.4675288424658438,0.46733853958371674,0,0,0,0.12,0.01,0.0,0.01,0.1,0.9,-1.2,0.0,0,0,1,0,0.675,0.44
249,1,-0.8997771739959717,0.30923330783843994,-2.207153558731079,0.425798868549935,0.48752596436632484,0,0,0,0.12,0.01,0.0,0.01,0.1,0.9,-1.2,0.0,0,0,1,1,0.675,0.44
249,2,-0.05782978609204292,-0.41748008131980896,-0.9104028344154358,0.09800324942530504,0.7193526813799013,0,0,0,0.12,0.01,0.0,0.01,0.1,0.9,-1.2,0.0,0,0,1,0,0.675,0.44
249,3,-0.8998304009437561,0.4285162389278412,3.0975778102874756,0.21820489988057964,0.19184739961893207,0,0,0,0.12,0.01,0.0,0.01,0.1,0.9,-1.2,0.0,0,0,1,1,0.675,0.44
249,4,-0.5359346270561218,-0.4221806824207306,0.9400491118431091,2.214010634640684,-2.1497480731406116,0,0,0,0.12,0.01,0.0,0.01,0.1,0.9,-1.2,0.0,0,0,1,0,0.675,0.44
249,5,-0.7901151776313782,-0.10001228749752045,-2.393937587738037,0.4736988594686276,0.415337736352753,0,0,0,0.12,0.01,0.0,0.01,0.1,0.9,-1.2,0.0,0,0,1,0,0.675,0.44
249,6,-0.08642411231994629,-0.010838774032890797,-0.006698659621179104,0.4192419842545242,0.461402933233574,0,0,0,0.12,0.01,0.0,0.01,0.1,0.9,-1.2,0.0,0,0,1,0,0.675,0.44
249,7,-0.29041972756385803,0.4283096194267273,-0.02063104137778282,0.44783715214683173,0.33708228859947564,0,0,0,0.12,0.01,0.0,0.01,0.1,0.9,-1.2,0.0,0,0,1,0,0.675,0.44
250,0,-0.4309741258621216,0.1870078444480896,-2.135854482650757,0.46642554101778727,0.46766555013821864,0,0,0,0.12,0.01,0.0,0.01,0.1,0.9,-1.2,0.0,0,0,1,0,0.675,0.44
250,1,-0.9003181457519531,0.30849945545196533,-2.204814910888672,0.42800290557587994,0.4867194774464284,0,0,0,0.12,0.01,0.0,0.01,0.1,0.9,-1.2,0.0,0,0,1,0,0.675,0.44
250,2,-0.057312481105327606,-0.4181351363658905,-0.8924758434295654,0.034901625110709406,0.7654838500479819,0,0,0,0.12,0.01,0.0,0.01,0.1,0.9,-1.2,0.0,0,0,1,0,0.675,0.44
250,3,-0.9002448320388794,0.4285350441932678,3.0955190658569336,0.20090262327253264,0.20509375896394805,0,0,0,0.12,0.01,0.0,0.01,0.1,0.9,-1.2,0.0,0,0,1,0,0.675,0.44
250,4,-0.5358946919441223,-0.4221257269382477,0.7819058895111084,2.0313486009938244,-1.9593981355530743,0,0,0,0.12,0.01,0.0,0.01,0.1,0.9,-1.2,0.0,0,0,1,0,0.675,0.44
250,5,-0.7907673716545105,-0.10061552375555038,-2.3962340354919434,0.4712531810405758,0.4183405990001652,0,0,0,0.12,0.01,0.0,0.01,0.1,0.9,-1.2,0.0,0,0,1,0,0.675,0.44
250,6,-0.08554261177778244,-0.01084402296692133,-0.00525436969473958,0.4175523445128765,0.46240258960730174,0,0,0,0.12,0.01,0.0,0.01,0.1,0.9,-1.2,0.0,0,0,1,0,0.675,0.44
250,7,-0.2896350920200348,0.42829301953315735,-0.022376272827386856,0.46239113165777895,0.32255340264397875,0,0,0,0.12,0.01,0.0,0.01,0.1,0.9,-1.2,0.0,0,0,1,0,0.675,0.44
251,0,-0.4314752519130707,0.1862175166606903,-2.1358957290649414,0.46522826625969005,0.4680503539833825,0,0,0,0.12,0.01,0.0,0.01,0.1,0.9,-1.2,0.0,0,0,1,0,0.675,0.44
251,1,-0.9008581638336182,0.3077631890773773,-2.2026102542877197,0.430001831089023,0.48609169718169837,0,0,0,0.12,0.01,0.0,0.01,0.1,0.9,-1.2,0.0,0,0,1,0,0.675,0.44
251,2,-0.056791286915540695,-0.4187685251235962,-0.8713309168815613,-0.03749619662272879,0.8186695450495477,0,0,0,0.12,0.01,0.0,0.01,0.1,0.9,-1.2,0.0,0,0,1,0,0.675,0.44
251,3,-0.900655210018158,0.42855432629585266,3.0943892002105713,0.18409413342617775,0.21778437251902788,0,0,0,0.12,0.01,0.0,0.01,0.1,0.9,-1.2,0.0,0,0,1,0,0.675,0.44
251,4,-0.5358426570892334,-0.42207977175712585,0.6273584365844727,1.7807780565405589,-1.6991708190823298,0,0,0,0.12,0.01,0.0,0.01,0.1,0.9,-1.2,0.0,0,0,1,0,0.675,0.44
251,5,-0.7914212942123413,-0.10121769458055496,-2.3983354568481445,0.4689167539114765,0.4212427934174724,0,0,0,0.12,0.01,0.0,0.01,0.1,0.9,-1.2,0.0,0,0,1,0,0.675,0.44
251,6,-0.08466176688671112,-0.010847989469766617,-0.0037866621278226376,0.4154927824860283,0.4637457634085945,0,0,0,0.12,0.01,0.0,0.01,0.1,0.9,-1.2,0.0,0,0,1,0,0.675,0.44
251,7,-0.2888503968715668,0.42827433347702026,-0.0259543564170599,0.46651528137247295,0.318400821513727,0,0,0,0.12,0.01,0.0,0.01,0.1,0.9,-1.2,0.0,0,0,1,0,0.675,0.44
252,0,-0.43197596073150635,0.18542785942554474,-2.135881185531616,0.463852173488266,0.4685786898921661,0,0,0,0.12,0.01,0.0,0.01,0.1,0.9,-1.2,0.0,0,0,1,0,0.675,0.44
252,1,-0.9013974666595459,0.30702465772628784,-2.2005157470703125,0.4319122285126292,0.48552598054422497,0,0,0,0.12,0.01,0.0,0.01,0.1,0.9,-1.2,0.0,0,0,1,0,0.675,0.44
252,2,-0.056266121566295624,-0.4193769097328186,-0.8464585542678833,-0.11965677803620743,0.8794200784550612,0,0,0,0.12,0.01,0.0,0.01,0.1,0.9,-1.2,0.0,0,0,1,0,0.675,0.44
252,3,-0.9010615348815918,0.4285736083984375,3.094325065612793,0.16974089762053982,0.2279678759924363,0,0,0,0.12,0.01,0.0,0.01,0.1,0.9,-1.2,0.0,0,0,1,0,0.675,0.44
252,4,-0.5357790589332581,-0.42204099893569946,0.48456552624702454,1.505754351698087,-1.4139953778015835,0,0,0,0.12,0.01,0.0,0.01,0.1,0.9,-1.2,0.0,0,0,1,0,0.675,0.44
252,5,-0.792076826095581,-0.10181894898414612,-2.400244951248169,0.4667460838924788,0.42398686011920944,0,0,0,0.12,0.01,0.0,0.01,0.1,0.9,-1.2,0.0,0,0,1,0,0.675,0.44
252,6,-0.08378159999847412,-0.010850608348846436,-0.0023236176930367947,0.41285574089011506,0.4656408463863436,0,0,0,0.12,0.01,0.0,0.01,0.1,0.9,-1.2,0.0,0,0,1,0,0.675,0.44
252,7,-0.28806576132774353,0.4282524883747101,-0.03074038028717041,0.4607359788525727,0.32408815406673885,0,0,0,0.12,0.01,0.0,0.01,0.1,0.9,-1.2,0.0,0,0,1,0,0.675,0.44
253,0,-0.4324761927127838,0.1846388876438141,-2.1358091831207275,0.462315782819836,0.4692324549807622,0,0,0,0.12,0.01,0.0,0.01,0.1,0.9,-1.2,0.0,0,0,1,0,0.675,0.44
253,1,-0.9019360542297363,0.3062838912010193,-2.198516368865967,0.4338103035344976,0.4849455854044062,0,0,0,0.12,0.01,0.0,0.01,0.1,0.9,-1.2,0.0,0,0,1,0,0.675,0.44
253,2,-0.05573730915784836,-0.4199570119380951,-0.8172937631607056,-0.2115622263103697,0.947961638465521,0,0,0,0.12,0.01,0.0,0.01,0.1,0.9,-1.2,0.0,0,0,1,0,0.675,0.44
253,3,-0.9014638066291809,0.4285925328731537,3.095309019088745,0.15899309062759043,0.23450613475044604,0,0,0,0.12,0.01,0.0,0.01,0.1,0.9,-1.2,0.0,0,0,1,0,0.675,0.44
253,4,-0.5357042551040649,-0.4220072031021118,0.35889488458633423,1.2406396155825141,-1.1392611151209358,0,0,0,0.12,0.01,0.0,0.01,0.1,0.9,-1.2,0.0,0,0,1,0,0.675,0.44
253,5,-0.7927337884902954,-0.102419413626194,-2.4019691944122314,0.46478237457651733,0.4265312974892175,0,0,0,0.12,0.01,0.0,0.01,0.1,0.9,-1.2,0.0,0,0,1,0,0.675,0.44
253,6,-0.08290215581655502,-0.010851784609258175,-0.0012840352719649673,0.40770926802376994,0.47001955182333693,0,0,0,0.12,0.01,0.0,0.01,0.1,0.9,-1.2,0.0,0,0,1,0,0.675,0.44
253,7,-0.2872812747955322,0.4282267391681671,-0.035878248512744904,0.44705813911196673,0.3375928423142722,0,0,0,0.12,0.01,0.0,0.01,0.1,0.9,-1.2,0.0,0,0,1,0,0.675,0.44
254,0,-0.4329758882522583,0.18385061621665955,-2.135668992996216,0.4606823984594022,0.46994822583487883,0,0,0,0.12,0.01,0.0,0.01,0.1,0.9,-1.2,0.0,0,0,1,0,0.675,0.44
254,1,-0.9024739861488342,0.3055410385131836,-2.1966054439544678,0.4357231343823963,0.4843237315576977,0,0,0,0.12,0.01,0.0,0.01,0.1,0.9,-1.2,0.0,0,0,1,0,0.675,0.44
254,2,-0.055205486714839935,-0.42050546407699585,-0.7832369208335876,-0.3122785083282093,1.0238815537917714,0,0,0,0.12,0.01,0.0,0.01,0.1,0.9,-1.2,0.0,0,0,1,0,0.675,0.44
254,3,-0.9018619656562805,0.42861074209213257,3.0971899032592773,0.15269240779179621,0.23656517225008913,0,0,0,0.12,0.01,0.0,0.01,0.1,0.9,-1.2,0.0,0,0,1,0,0.675,0.44
254,4,-0.5356183052062988,-0.42197751998901367,0.2526225447654724,1.0016218705247584,-0.8915662227343263,0,0,0,0.12,0.01,0.0,0.01,0.1,0.9,-1.2,0.0,0,0,1,0,0.675,0.44
254,5,-0.7933921813964844,-0.10301920771598816,-2.4035189151763916,0.4630057173717105,0.4288952988636411,0,0,0,0.12,0.01,0.0,0.01,0.1,0.9,-1.2,0.0,0,0,1,0,0.675,0.44
254,6,-0.08202344924211502,-0.010851403698325157,0.0019703800790011883,0.41160908761038456,0.4653323548792395,0,0,0,0.12,0.01,0.0,0.01,0.1,0.9,-1.2,0.0,0,0,1,0,0.675,0.44
254,7,-0.28649699687957764,0.42819690704345703,-0.04069729149341583,0.42779169166988285,0.356589995971261,0,0,0,0.12,0.01,0.0,0.01,0.1,0.9,-1.2,0.0,0,0,1,0,0.675,0.44
255,0,-0.43347492814064026,0.18306311964988708,-2.1354503631591797,0.4590038453873251,0.47067376024164215,0,0,0,0.12,0.01,0.0,0.01,0.1,0.9,-1.2,0.0,0,0,1,0,0.675,0.44
255,1,-0.9030113816261292,0.30479612946510315,-2.194782018661499,0.4376669907771999,0.4836442684925145,0,0,0,0.12,0.01,0.0,0.01,0.1,0.9,-1.2,0.0,0,0,1,0,0.675,0.44
255,2,-0.05467132851481438,-0.4210190773010254,-0.7436765432357788,-0.419518045006779,1.1057269487962993,0,0,0,0.12,0.01,0.0,0.01,0.1,0.9,-1.2,0.0,0,0,1,0,0.675,0.44
255,3,-0.9022558927536011,0.42862793803215027,3.0997283458709717,0.15125082760639244,0.23373402327709142,0,0,0,0.12,0.01,0.0,0.01,0.1,0.9,-1.2,0.0,0,0,1,0,0.675,0.44
255,4,-0.5355214476585388,-0.42195287346839905,0.16545964777469635,0.7885569630215118,-0.6707906870195816,0,0,0,0.12,0.01,0.0,0.01,0.1,0.9,-1.2,0.0,0,0,1,0,0.675,0.44
255,5,-0.7940518856048584,-0.10361842066049576,-2.4049072265625,0.46134489829523506,0.4311488861324078,0,0,0,0.12,0.01,0.0,0.01,0.1,0.9,-1.2,0.0,0,0,1,0,0.675,0.44
255,6,-0.0811455175280571,-0.010849288664758205,0.0037649492733180523,0.40821844343621544,0.4679094552568692,0,0,0,0.12,0.01,0.0,0.01,0.1,0.9,-1.2,0.0,0,0,1,0,0.675,0.44
255,7,-0.2857130169868469,0.4281633198261261,-0.04472697153687477,0.40537037101570933,0.3786395028513255,0,0,0,0.12,0.01,0.0,0.01,0.1,0.9,-1.2,0.0,0,0,1,0,0.675,0.44
256,0,-0.43397319316864014,0.18227644264698029,-2.135145425796509,0.45731133251513884,0.47137665719662253,0,0,0,0.12,0.01,0.0,0.01,0.1,0.9,-1.2,0.0,0,0,1,0,0.675,0.44
256,1,-0.9035481810569763,0.30404922366142273,-2.193047046661377,0.4396212966952899,0.48292735499996164,0,0,0,0.12,0.01,0.0,0.01,0.1,0.9,-1.2,0.0,0,0,1,0,0.675,0.44
256,2,-0.054135166108608246,-0.42149439454078674,-0.6980324983596802,-0.5287791647223422,1.1901749529150911,0,0,0,0.12,0.01,0.0,0.01,0.1,0.9,-1.2,0.0,0,0,1,0,0.675,0.44
256,3,-0.9026457071304321,0.4286437928676605,3.1026227474212646,0.1550823492042576,0.22560363588409077,0,0,0,0.12,0.01,0.0,0.01,0.1,0.9,-1.2,0.0,0,0,1,0,0.675,0.44
256,4,-0.535414457321167,-0.4219348132610321,0.09572888910770416,0.5947487794530488,-0.47015852413297665,0,0,0,0.12,0.01,0.0,0.01,0.1,0.9,-1.2,0.0,0,0,1,0,0.675,0.44
256,5,-0.7947128415107727,-0.10421715676784515,-2.4061477184295654,0.45971983238388753,0.4333704753286674,0,0,0,0.12,0.01,0.0,0.01,0.1,0.9,-1.2,0.0,0,0,1,0,0.675,0.44
256,6,-0.08026837557554245,-0.010845315642654896,0.005568274296820164,0.4039181986207643,0.4713729104643188,0,0,0,0.12,0.01,0.0,0.01,0.1,0.9,-1.2,0.0,0,0,1,0,0.675,0.44
256,7,-0.28492942452430725,0.4281269311904907,-0.04754943773150444,0.3831073730161787,0.4004335911104083,0,0,0,0.12,0.01,0.0,0.01,0.1,0.9,-1.2,0.0,0,0,1,0,0.675,0.44
257,0,-0.4344705045223236,0.1814906895160675,-2.134747266769409,0.4556248938454287,0.4720353925811155,0,0,0,0.12,0.01,0.0,0.01,0.1,0.9,-1.2,0.0,0,0,1,0,0.675,0.44
257,1,-0.9040844440460205,0.3033003807067871,-2.191403388977051,0.44157009384414586,0.48218984344223115,0,0,0,0.12,0.01,0.0,0.01,0.1,0.9,-1.2,0.0,0,0,1,0,0.675,0.44
257,2,-0.05359653756022453,-0.42192769050598145,-0.6458352208137512,-0.6327763228978178,1.2713955073918366,0,0,0,0.12,0.01,0.0,0.01,0.1,0.9,-1.2,0.0,0,0,1,0,0.675,0.44
257,3,-0.9030312299728394,0.42865824699401855,3.105536699295044,0.16357367033710934,0.21277899747142334,0,0,0,0.12,0.01,0.0,0.01,0.1,0.9,-1.2,0.0,0,0,1,0,0.675,0.44
257,4,-0.535298764705658,-0.42192432284355164,0.04154443368315697,0.41518088770184725,-0.28456690502438753,0,0,0,0.12,0.01,0.0,0.01,0.1,0.9,-1.2,0.0,0,0,1,0,0.675,0.44
257,5,-0.7953749299049377,-0.10481550544500351,-2.4072492122650146,0.4581079527875088,0.43558054714001204,0,0,0,0.12,0.01,0.0,0.01,0.1,0.9,-1.2,0.0,0,0,1,0,0.675,0.44
257,6,-0.07939206063747406,-0.010839639231562614,0.007551123853772879,0.39931430944007806,0.4751156317372901,0,0,0,0.12,0.01,0.0,0.01,0.1,0.9,-1.2,0.0,0,0,1,0,0.675,0.44
257,7,-0.2841462790966034,0.4280889332294464,-0.048828620463609695,0.3643999083184423,0.41859018968113043,0,0,0,0.12,0.01,0.0,0.01,0.1,0.9,-1.2,0.0,0,0,1,0,0.675,0.44
258,0,-0.4349668622016907,0.18070562183856964,-2.1342594623565674,0.45380075391404623,0.4727918941152812,0,0,0,0.12,0.01,0.0,0.01,0.1,0.9,-1.2,0.0,0,0,1,0,0.675,0.44
258,1,-0.9046202301979065,0.30254966020584106,-2.1898529529571533,0.4434875155683614,0.4814578984979533,0,0,0,0.12,0.01,0.0,0.01,0.1,0.9,-1.2,0.0,0,0,1,0,0.675,0.44
258,2,-0.05305461212992668,-0.42231541872024536,-0.5868692994117737,-0.7218166419420977,1.3412094541941424,0,0,0,0.12,0.01,0.0,0.01,0.1,0.9,-1.2,0.0,0,0,1,0,0.675,0.44
258,3,-0.9034125804901123,0.4286714196205139,3.108105421066284,0.17534694769762008,0.1966313948354915,0,0,0,0.12,0.01,0.0,0.01,0.1,0.9,-1.2,0.0,0,0,1,0,0.675,0.44
258,4,-0.535175621509552,-0.4219210147857666,0.001454749726690352,0.2506777290192415,-0.11473665572078721,0,0,0,0.12,0.01,0.0,0.01,0.1,0.9,-1.2,0.0,0,0,1,0,0.675,0.44
258,5,-0.7960380911827087,-0.10541354864835739,-2.408215284347534,0.45653611863932136,0.437751169549613,0,0,0,0.12,0.01,0.0,0.01,0.1,0.9,-1.2,0.0,0,0,1,0,0.675,0.44
258,6,-0.07851231843233109,-0.010832029394805431,0.01000117976218462,0.39541699616629894,0.4781241801528235,0,0,0,0.12,0.01,0.0,0.01,0.1,0.9,-1.2,0.0,0,0,1,0,0.675,0.44
258,7,-0.28336358070373535,0.4280506670475006,-0.04848693311214447,0.3519125872649166,0.43046197356806076,0,0,0,0.12,0.01,0.0,0.01,0.1,0.9,-1.2,0.0,0,0,1,0,0.675,0.44
259,0,-0.4354621469974518,0.17992140352725983,-2.1336841583251953,0.45186713286202723,0.47361645154196447,0,0,0,0.12,0.01,0.0,0.01,0.1,0.9,-1.2,0.0,0,0,1,0,0.675,0.44
259,1,-0.9051555395126343,0.30179715156555176,-2.1883974075317383,0.4453580928734109,0.4807481812545493,0,0,0,0.12,0.01,0.0,0.01,0.1,0.9,-1.2,0.0,0,0,1,0,0.675,0.44
259,2,-0.052508529275655746,-0.42265525460243225,-0.5213433504104614,-0.7857014966302234,1.3906391692452746,0,0,0,0.12,0.01,0.0,0.01,0.1,0.9,-1.2,0.0,0,0,1,0,0.675,0.44
259,3,-0.9037895798683167,0.4286835491657257,3.1099915504455566,0.1886574389642183,0.1788974640661772,0,0,0,0.12,0.01,0.0,0.01,0.1,0.9,-1.2,0.0,0,0,1,0,0.675,0.44
259,4,-0.5350462794303894,-0.42192336916923523,-0.025721414014697075,0.10599758237208694,0.0347394296566072,0,0,0,0.12,0.01,0.0,0.01,0.1,0.9,-1.2,0.0,0,0,1,0,0.675,0.44
259,5,-0.7967022061347961,-0.10601139813661575,-2.4090471267700195,0.45507510084084074,0.43981049877234907,0,0,0,0.12,0.01,0.0,0.01,0.1,0.9,-1.2,0.0,0,0,1,0,0.675,0.44
259,6,-0.07763087004423141,-0.010822076350450516,0.012857276946306229,0.39193395675106285,0.48069252668933626,0,0,0,0.12,0.01,0.0,0.01,0.1,0.9,-1.2,0.0,0,0,1,0,0.675,0.44
259,7,-0.2825813591480255,0.4280132055282593,-0.046805400401353836,0.3463505337933932,0.4353562165995206,0,0,0,0.12,0.01,0.0,0.01,0.1,0.9,-1.2,0.0,0,0,1,0,0.675,0.44
260,0,-0.4359562397003174,0.17913804948329926,-2.133009672164917,0.4499338784828094,0.4743974885330292,0,0,0,0.12,0.01,0.0,0.01,0.1,0.9,-1.2,0.0,0,0,1,0,0.675,0.44
260,1,-0.9056904911994934,0.30104291439056396,-2.187035322189331,0.4471695174541628,0.48007419211004615,0,0,0,0.12,0.01,0.0,0.01,0.1,0.9,-1.2,0.0,0,0,1,0,0.675,0.44
260,2,-0.0519573912024498,-0.42294633388519287,-0.45005691051483154,-0.8158863511274425,1.4117399778555004,0,0,0,0.12,0.01,0.0,0.01,0.1,0.9,-1.2,0.0,0,0,1,0,0.675,0.44
260,3,-0.9041622281074524,0.42869505286216736,3.1109442710876465,0.20126451232038356,0.16181119106210853,0,0,0,0.12,0.01,0.0,0.01,0.1,0.9,-1.2,0.0,0,0,1,0,0.675,0.44
260,4,-0.534911572933197,-0.4219287633895874,-0.04089965298771858,-0.010591421104524977,0.15581131336793744,0,0,0,0.12,0.01,0.0,0.01,0.1,0.9,-1.2,0.0,0,0,1,0,0.675,0.44
260,5,-0.7973672151565552,-0.10660913586616516,-2.4097471237182617,0.4538122784009971,0.4416707385667763,0,0,0,0.12,0.01,0.0,0.01,0.1,0.9,-1.2,0.0,0,0,1,0,0.675,0.44
260,6,-0.07674963772296906,-0.010809492319822311,0.016002969816327095,0.3883802849659178,0.48330790215642727,0,0,0,0.12,0.01,0.0,0.01,0.1,0.9,-1.2,0.0,0,0,1,0,0.675,0.44
260,7,-0.28179970383644104,0.42797741293907166,-0.04424704983830452,0.34734371525009666,0.43364670652190657,0,0,0,0.12,0.01,0.0,0.01,0.1,0.9,-1.2,0.0,0,0,1,0,0.675,0.44
261,0,-0.43644899129867554,0.17835552990436554,-2.1322312355041504,0.4480311051601038,0.4751039966350927,0,0,0,0.12,0.01,0.0,0.01,0.1,0.9,-1.2,0.0,0,0,1,0,0.675,0.44
261,1,-0.9062250852584839,0.30028700828552246,-2.1857643127441406,0.4489159750203914,0.47944240100576213,0,0,0,0.12,0.01,0.0,0.01,0.1,0.9,-1.2,0.0,0,0,1,0,0.675,0.44
261,2,-0.05140025168657303,-0.4231894314289093,-0.37447184324264526,-0.807532136325536,1.399455611591039,0,0,0,0.12,0.01,0.0,0.01,0.1,0.9,-1.2,0.0,0,0,1,0,0.675,0.44
261,3,-0.9045305252075195,0.4287062883377075,3.110816240310669,0.21139908712164557,0.1471401365493139,0,0,0,0.12,0.01,0.0,0.01,0.1,0.9,-1.2,0.0,0,0,1,0,0.675,0.44
261,4,-0.5347719192504883,-0.4219352602958679,-0.045440997928380966,-0.09575116360789057,0.24534997070437192,0,0,0,0.12,0.01,0.0,0.01,0.1,0.9,-1.2,0.0,0,0,1,0,0.675,0.44
261,5,-0.7980331182479858,-0.10720685869455338,-2.4103219509124756,0.45278438903059937,0.44329485319886225,0,0,0,0.12,0.01,0.0,0.01,0.1,0.9,-1.2,0.0,0,0,1,0,0.675,0.44
261,6,-0.07586876302957535,-0.010794049128890038,0.019393984228372574,0.3845900117406925,0.48613740811251793,0,0,0,0.12,0.01,0.0,0.01,0.1,0.9,-1.2,0.0,0,0,1,0,0.675,0.44
261,7,-0.28101858496665955,0.4279438555240631,-0.04123562201857567,0.3541661973929923,0.42605776825184405,0,0,0,0.12,0.01,0.0,0.01,0.1,0.9,-1.2,0.0,0,0,1,0,0.675,0.44
262,0,-0.43694034218788147,0.1775738149881363,-2.1313488483428955,0.4461605258789211,0.47573342839811755,0,0,0,0.12,0.01,0.0,0.01,0.1,0.9,-1.2,0.0,0,0,1,0,0.675,0.44
262,1,-0.9067594408988953,0.2995295524597168,-2.1845815181732178,0.4506057997426853,0.47884578507329373,0,0,0,0.12,0.01,0.0,0.01,0.1,0.9,-1.2,0.0,0,0,1,0,0.675,0.44
262,2,-0.05083596333861351,-0.4233863353729248,-0.2966524660587311,-0.7599639439656786,1.3521575474813037,0,0,0,0.12,0.01,0.0,0.01,0.1,0.9,-1.2,0.0,0,0,1,0,0.675,0.44
262,3,-0.9048942923545837,0.42871761322021484,3.1096315383911133,0.21772267475005821,0.13621626243713658,0,0,0,0.12,0.01,0.0,0.01,0.1,0.9,-1.2,0.0,0,0,1,0,0.675,0.44
262,4,-0.5346277356147766,-0.4219416081905365,-0.0412241667509079,-0.15070520867076354,0.3047267400142236,0,0,0,0.12,0.01,0.0,0.01,0.1,0.9,-1.2,0.0,0,0,1,0,0.675,0.44
262,5,-0.798699676990509,-0.10780464857816696,-2.4107844829559326,0.45198703559372955,0.44468688217665625,0,0,0,0.12,0.01,0.0,0.01,0.1,0.9,-1.2,0.0,0,0,1,0,0.675,0.44
262,6,-0.07498828321695328,-0.010775548405945301,0.02301671914756298,0.3805583337167764,0.48918680159053557,0,0,0,0.12,0.01,0.0,0.01,0.1,0.9,-1.2,0.0,0,0,1,0,0.675,0.44
262,7,-0.2802380621433258,0.42791274189949036,-0.0381493903696537,0.36565973135889307,0.41374264386235937,0,0,0,0.12,0.01,0.0,0.01,0.1,0.9,-1.2,0.0,0,0,1,0,0.675,0.44
263,0,-0.43743017315864563,0.17679288983345032,-2.1303656101226807,0.44431196215203816,0.4762951874489445,0,0,0,0.12,0.01,0.0,0.01,0.1,0.9,-1.2,0.0,0,0,1,0,0.675,0.44
263,1,-0.9072935581207275,0.298770546913147,-2.183483123779297,0.4522398039342737,0.4782841280458594,0,0,0,0.12,0.01,0.0,0.01,0.1,0.9,-1.2,0.0,0,0,1,0,0.675,0.44
263,2,-0.05026334524154663,-0.42353904247283936,-0.2190622240304947,-0.6757446230013483,1.2709951699335686,0,0,0,0.12,0.01,0.0,0.01,0.1,0.9,-1.2,0.0,0,0,1,0,0.675,0.44
263,3,-0.9052535891532898,0.4287292957305908,3.10754132270813,0.21956932994204723,0.12970339802426137,0,0,0,0.12,0.01,0.0,0.01,0.1,0.9,-1.2,0.0,0,0,1,0,0.675,0.44
263,4,-0.5344790816307068,-0.4219471514225006,-0.030476441606879234,-0.18013742893362752,0.338694501215465,0,0,0,0.12,0.01,0.0,0.01,0.1,0.9,-1.2,0.0,0,0,1,0,0.675,0.44
263,5,-0.7993670105934143,-0.1084025576710701,-2.4111504554748535,0.45137258520463036,0.44589421996733625,0,0,0,0.12,0.01,0.0,0.01,0.1,0.9,-1.2,0.0,0,0,1,0,0.675,0.44
263,6,-0.07410821318626404,-0.010753791779279709,0.02687787264585495,0.37638606298717264,0.4923571778461097,0,0,0,0.12,0.01,0.0,0.01,0.1,0.9,-1.2,0.0,0,0,1,0,0.675,0.44
263,7,-0.2794581949710846,0.4278840124607086,-0.035461943596601486,0.379865350224303,0.39865410139389157,0,0,0,0.12,0.01,0.0,0.01,0.1,0.9,-1.2,0.0,0,0,1,0,0.675,0.44
264,0,-0.43791839480400085,0.17601273953914642,-2.129286050796509,0.44247812431922795,0.47679721909889333,0,0,0,0.12,0.01,0.0,0.01,0.1,0.9,-1.2,0.0,0,0,1,0,0.675,0.44
264,1,-0.9078274965286255,0.2980101406574249,-2.1824660301208496,0.4538297299599093,0.47774670083766757,0,0,0,0.12,0.01,0.0,0.01,0.1,0.9,-1.2,0.0,0,0,1,0,0.675,0.44
264,2,-0.0496816486120224,-0.42364880442619324,-0.14429537951946259,-0.558869786373642,1.1584333254018098,0,0,0,0.12,0.01,0.0,0.01,0.1,0.9,-1.2,0.0,0,0,1,0,0.675,0.44
264,3,-0.9056081771850586,0.4287417232990265,3.104792356491089,0.21596084159318005,0.128565866532888,0,0,0,0.12,0.01,0.0,0.01,0.1,0.9,-1.2,0.0,0,0,1,0,0.675,0.44
264,4,-0.5343259572982788,-0.4219512343406677,-0.015393702313303947,-0.18885275904574994,0.35206812803187965,0,0,0,0.12,0.01,0.0,0.01,0.1,0.9,-1.2,0.0,0,0,1,0,0.675,0.44
264,5,-0.8000349402427673,-0.10900065302848816,-2.4114365577697754,0.4508968692124144,0.4469606179892762,0,0,0,0.12,0.01,0.0,0.01,0.1,0.9,-1.2,0.0,0,0,1,0,0.675,0.44
264,6,-0.07322853058576584,-0.010728564113378525,0.030997365713119507,0.3722045844570563,0.4955190593226983,0,0,0,0.12,0.01,0.0,0.01,0.1,0.9,-1.2,0.0,0,0,1,0,0.675,0.44
264,7,-0.27867910265922546,0.4278572201728821,-0.03362170234322548,0.3942739237857833,0.383298231212996,0,0,0,0.12,0.01,0.0,0.01,0.1,0.9,-1.2,0.0,0,0,1,0,0.675,0.44
265,0,-0.43840494751930237,0.1752333641052246,-2.128113269805908,0.4406569346330738,0.47724183951395993,0,0,0,0.12,0.01,0.0,0.01,0.1,0.9,-1.2,0.0,0,0,1,0,0.675,0.44
265,1,-0.9083613157272339,0.29724830389022827,-2.1815264225006104,0.4553801526027278,0.47722922668880674,0,0,0,0.12,0.01,0.0,0.01,0.1,0.9,-1.2,0.0,0,0,1,0,0.675,0.44
265,2,-0.049091167747974396,-0.4237166941165924,-0.07484693080186844,-0.4145056814144643,1.0182303399036916,0,0,0,0.12,0.01,0.0,0.01,0.1,0.9,-1.2,0.0,0,0,1,0,0.675,0.44
265,3,-0.9059581756591797,0.42875510454177856,3.1016879081726074,0.2067469374817772,0.13294574454603952,0,0,0,0.12,0.01,0.0,0.01,0.1,0.9,-1.2,0.0,0,0,1,0,0.675,0.44
265,4,-0.5341683030128479,-0.421953022480011,0.003146552247926593,-0.17756961027605753,0.34555291871054394,0,0,0,0.12,0.01,0.0,0.01,0.1,0.9,-1.2,0.0,0,0,1,0,0.675,0.44
265,5,-0.8007034659385681,-0.10959896445274353,-2.411655902862549,0.4505175800962274,0.44792844336797555,0,0,0,0.12,0.01,0.0,0.01,0.1,0.9,-1.2,0.0,0,0,1,0,0.675,0.44
265,6,-0.07234926521778107,-0.010699600912630558,0.03539609909057617,0.36815553949060026,0.49853372528372236,0,0,0,0.12,0.01,0.0,0.01,0.1,0.9,-1.2,0.0,0,0,1,0,0.675,0.44
265,7,-0.2779008150100708,0.42783159017562866,-0.03281392902135849,0.40685382273612947,0.3697057685572055,0,0,0,0.12,0.01,0.0,0.01,0.1,0.9,-1.2,0.0,0,0,1,0,0.675,0.44
266,0,-0.43888968229293823,0.17445474863052368,-2.1268503665924072,0.4388523406808318,0.47762629319978345,0,0,0,0.12,0.01,0.0,0.01,0.1,0.9,-1.2,0.0,0,0,1,0,0.675,0.44
266,1,-0.9088950753211975,0.29648515582084656,-2.180661916732788,0.4569059801830004,0.47671757213938737,0,0,0,0.12,0.01,0.0,0.01,0.1,0.9,-1.2,0.0,0,0,1,0,0.675,0.44
266,2,-0.048493437469005585,-0.4237446188926697,-0.013005242682993412,-0.24971837031233624,0.8563572786985666,0,0,0,0.12,0.01,0.0,0.01,0.1,0.9,-1.2,0.0,0,0,1,0,0.675,0.44
266,3,-0.906303346157074,0.4287694990634918,3.0985937118530273,0.1925170190116615,0.1422404878357201,0,0,0,0.12,0.01,0.0,0.01,0.1,0.9,-1.2,0.0,0,0,1,0,0.675,0.44
266,4,-0.5340059995651245,-0.42195168137550354,0.02135396935045719,-0.15566781099894772,0.3284365379438711,0,0,0,0.12,0.01,0.0,0.01,0.1,0.9,-1.2,0.0,0,0,1,0,0.675,0.44
266,5,-0.8013725280761719,-0.11019754409790039,-2.4118175506591797,0.4502201344094436,0.44881216034077,0,0,0,0.12,0.01,0.0,0.01,0.1,0.9,-1.2,0.0,0,0,1,0,0.675,0.44
266,6,-0.07147045433521271,-0.010666659101843834,0.040083013474941254,0.3643552938564767,0.5012893399135123,0,0,0,0.12,0.01,0.0,0.01,0.1,0.9,-1.2,0.0,0,0,1,0,0.675,0.44
266,7,-0.27712348103523254,0.42780619859695435,-0.03298336640000343,0.4162552654602901,0.3592263162276372,0,0,0,0.12,0.01,0.0,0.01,0.1,0.9,-1.2,0.0,0,0,1,0,0.675,0.44
267,0,-0.43937253952026367,0.17367687821388245,-2.125500202178955,0.43706432436348147,0.47795119430183225,0,0,0,0.12,0.01,0.0,0.01,0.1,0.9,-1.2,0.0,0,0,1,0,0.675,0.44
267,1,-0.9094287753105164,0.2957206964492798,-2.179870367050171,0.4584173233426311,0.47620150733821603,0,0,0,0.12,0.01,0.0,0.01,0.1,0.9,-1.2,0.0,0,0,1,0,0.675,0.44
267,2,-0.04789092391729355,-0.4237361550331116,0.039272550493478775,-0.07401150536432287,0.6816792495240214,0,0,0,0.12,0.01,0.0,0.01,0.1,0.9,-1.2,0.0,0,0,1,0,0.675,0.44
267,3,-0.9066436290740967,0.42878472805023193,3.0958986282348633,0.1749234444543133,0.15479580097949408,0,0,0,0.12,0.01,0.0,0.01,0.1,0.9,-1.2,0.0,0,0,1,0,0.675,0.44
267,4,-0.5338389873504639,-0.42194661498069763,0.039836522191762924,-0.1207804533662283,0.29831039933580994,0,0,0,0.12,0.01,0.0,0.01,0.1,0.9,-1.2,0.0,0,0,1,0,0.675,0.44
267,5,-0.8020420670509338,-0.11079641431570053,-2.4119272232055664,0.4499937500663244,0.44962278941197764,0,0,0,0.12,0.01,0.0,0.01,0.1,0.9,-1.2,0.0,0,0,1,0,0.675,0.44
267,6,-0.07059215754270554,-0.010629492811858654,0.04505038633942604,0.3608960390243107,0.503698599323315,0,0,0,0.12,0.01,0.0,0.01,0.1,0.9,-1.2,0.0,0,0,1,0,0.675,0.44
267,7,-0.27634716033935547,0.42778030037879944,-0.0340433195233345,0.4215597807097556,0.35277798784493186,0,0,0,0.12,0.01,0.0,0.01,0.1,0.9,-1.2,0.0,0,0,1,0,0.675,0.44
268,0,-0.4398534595966339,0.1728997528553009,-2.1240651607513428,0.43529245168038166,0.4782175728671953,0,0,0,0.12,0.01,0.0,0.01,0.1,0.9,-1.2,0.0,0,0,1,0,0.675,0.44
268,1,-0.9099624752998352,0.29495498538017273,-2.1791508197784424,0.4599195342911127,0.4756756204711554,0,0,0,0.12,0.01,0.0,0.01,0.1,0.9,-1.2,0.0,0,0,1,0,0.675,0.44
268,2,-0.047286342829465866,-0.4236980676651001,0.08037026971578598,0.0992872094878612,0.5074155950775684,0,0,0,0.12,0.01,0.0,0.01,0.1,0.9,-1.2,0.0,0,0,1,0,0.675,0.44
268,3,-0.9069790244102478,0.428800493478775,3.093959093093872,0.15608606850358459,0.16849606121328858,0,0,0,0.12,0.01,0.0,0.01,0.1,0.9,-1.2,0.0,0,0,1,0,0.675,0.44
268,4,-0.5336673855781555,-0.4219377636909485,0.05713862553238869,-0.0781090634760216,0.2603041308817223,0,0,0,0.12,0.01,0.0,0.01,0.1,0.9,-1.2,0.0,0,0,1,0,0.675,0.44
268,5,-0.8027121424674988,-0.11139562726020813,-2.4119904041290283,0.4498139721012358,0.4503844279193636,0,0,0,0.12,0.01,0.0,0.01,0.1,0.9,-1.2,0.0,0,0,1,0,0.675,0.44
268,6,-0.06971447169780731,-0.010587858967483044,0.050278808921575546,0.35792037712233804,0.5056236101518319,0,0,0,0.12,0.01,0.0,0.01,0.1,0.9,-1.2,0.0,0,0,1,0,0.675,0.44
268,7,-0.27557191252708435,0.4277532994747162,-0.03590933606028557,0.42210667780202815,0.35101980516153386,0,0,0,0.12,0.01,0.0,0.01,0.1,0.9,-1.2,0.0,0,0,1,0,0.675,0.44
269,0,-0.4403323233127594,0.17212335765361786,-2.1225483417510986,0.4335331120858099,0.4784296950926874,0,0,0,0.12,0.01,0.0,0.01,0.1,0.9,-1.2,0.0,0,0,1,0,0.675,0.44
269,1,-0.910496175289154,0.29418811202049255,-2.1785027980804443,0.4614197990062133,0.4751327851650819,0,0,0,0.12,0.01,0.0,0.01,0.1,0.9,-1.2,0.0,0,0,1,0,0.675,0.44
269,2,-0.046682022511959076,-0.42363837361335754,0.10933734476566315,0.25700424356277435,0.3471235807437137,0,0,0,0.12,0.01,0.0,0.01,0.1,0.9,-1.2,0.0,0,0,1,0,0.675,0.44
269,3,-0.907309353351593,0.42881646752357483,3.093031167984009,0.13802788989602535,0.18132554156721623,0,0,0,0.12,0.01,0.0,0.01,0.1,0.9,-1.2,0.0,0,0,1,0,0.675,0.44
269,4,-0.5334911942481995,-0.4219256043434143,0.07231628149747849,-0.03274049534838876,0.2194570966009446,0,0,0,0.12,0.01,0.0,0.01,0.1,0.9,-1.2,0.0,0,0,1,0,0.675,0.44
269,5,-0.8033826947212219,-0.11199519783258438,-2.412013053894043,0.4496436909476033,0.4511339470109233,0,0,0,0.12,0.01,0.0,0.01,0.1,0.9,-1.2,0.0,0,0,1,0,0.675,0.44
269,6,-0.0688374862074852,-0.010541529394686222,0.055741772055625916,0.3555793189087647,0.5069177127799254,0,0,0,0.12,0.01,0.0,0.01,0.1,0.9,-1.2,0.0,0,0,1,0,0.675,0.44
269,7,-0.27479788661003113,0.4277247488498688,-0.03830993175506592,0.4181846513518876,0.3536593184700424,0,0,0,0.12,0.01,0.0,0.01,0.1,0.9,-1.2,0.0,0,0,1,0,0.675,0.44
270,0,-0.44080907106399536,0.1713477075099945,-2.120952844619751,0.4317792847335574,0.4785948202430966,0,0,0,0.12,0.01,0.0,0.01,0.1,0.9,-1.2,0.0,0,0,1,0,0.675,0.44
270,1,-0.9110299944877625,0.29342010617256165,-2.1779260635375977,0.4629254214584829,0.47456587626337987,0,0,0,0.12,0.01,0.0,0.01,0.1,0.9,-1.2,0.0,0,0,1,0,0.675,0.44
270,2,-0.04607963189482689,-0.4235653281211853,0.12608902156352997,0.3888406138289935,0.21176600648274363,0,0,0,0.12,0.01,0.0,0.01,0.1,0.9,-1.2,0.0,0,0,1,0,0.675,0.44
270,3,-0.9076345562934875,0.4288323223590851,3.0932416915893555,0.12251050491867418,0.19153271893920543,0,0,0,0.12,0.01,0.0,0.01,0.1,0.9,-1.2,0.0,0,0,1,0,0.675,0.44
270,4,-0.5333105325698853,-0.42191076278686523,0.08474533259868622,0.011046466783172958,0.1800316298450161,0,0,0,0.12,0.01,0.0,0.01,0.1,0.9,-1.2,0.0,0,0,1,0,0.675,0.44
270,5,-0.8040536642074585,-0.11259515583515167,-2.411998987197876,0.4494520885733774,0.45190174748619305,0,0,0,0.12,0.01,0.0,0.01,0.1,0.9,-1.2,0.0,0,0,1,0,0.675,0.44
270,6,-0.06796134263277054,-0.010490315966308117,0.06140176206827164,0.35398366736232395,0.5074730248564566,0,0,0,0.12,0.01,0.0,0.01,0.1,0.9,-1.2,0.0,0,0,1,0,0.675,0.44
270,7,-0.2740251123905182,0.4276943504810333,-0.04081078991293907,0.41095292502388,0.3595318800832368,0,0,0,0.12,0.01,0.0,0.01,0.1,0.9,-1.2,0.0,0,0,1,0,0.675,0.44
271,0,-0.441283643245697,0.17057278752326965,-2.1192805767059326,0.6219599610002788,0.2557030553189962,0,0,0,0.12,0.01,0.0,0.01,0.1,0.9,-1.2,0.0,0,0,1,0,0.675,0.44
271,1,-0.9115639328956604,0.2926510274410248,-2.1774208545684814,0.46443665317165705,0.4739745230330243,0,0,0,0.12,0.01,0.0,0.01,0.1,0.9,-1.2,0.0,0,0,1,0,0.675,0.44
271,2,-0.04548028111457825,-0.4234864115715027,0.13148188591003418,0.4891539462195141,0.1076750509156483,0,0,0,0.12,0.01,0.0,0.01,0.1,0.9,-1.2,0.0,0,0,1,0,0.675,0.44
271,3,-0.9079545736312866,0.4288477301597595,3.094552993774414,0.11089521079909737,0.19776756137955256,0,0,0,0.12,0.01,0.0,0.01,0.1,0.9,-1.2,0.0,0,0,1,0,0.675,0.44
271,4,-0.5331254005432129,-0.4218938946723938,0.09419569373130798,2.3331767309232134,-2.1777726102395434,0,0,0,0.12,0.01,0.0,0.01,0.1,0.9,-1.2,0.0,0,0,1,0,0.675,0.44
271,5,-0.8047250509262085,-0.1131955161690712,-2.411949872970581,0.44921636809575943,0.45271026860010233,0,0,0,0.12,0.01,0.0,0.01,0.1,0.9,-1.2,0.0,0,0,1,0,0.675,0.44
271,6,-0.06708618253469467,-0.010434083640575409,0.06720851361751556,0.35316716390074243,0.5072577123123313,0,0,0,0.12,0.01,0.0,0.01,0.1,0.9,-1.2,0.0,0,0,1,0,0.675,0.44
271,7,-0.2732536792755127,0.42766210436820984,-0.04307618737220764,0.401684031800923,0.3673616787627367,0,0,0,0.12,0.01,0.0,0.01,0.1,0.9,-1.2,0.0,0,0,1,0,0.675,0.44
272,0,-0.4417559504508972,0.1697985976934433,-2.1175341606140137,0.6223072377332528,0.2527094515672844,0,0,0,0.12,0.01,0.0,0.01,0.1,0.9,-1.2,0.0,0,0,1,0,0.675,0.44
272,1,-0.9120980501174927,0.29188093543052673,-2.1769886016845703,0.4659476154302315,0.4733646637941643,0,0,0,0.12,0.01,0.0,0.01,0.1,0.9,-1.2,0.0,0,0,1,0,0.675,0.44
272,2,-0.044884197413921356,-0.42340779304504395,0.12714362144470215,0.5567914981304419,0.03652052693974852,0,0,0,0.12,0.01,0.0,0.01,0.1,0.9,-1.2,0.0,0,0,1,0,0.675,0.44
272,3,-0.9082693457603455,0.4288623631000519,3.096804141998291,0.10430968917283955,0.1989096590193754,0,0,0,0.12,0.01,0.0,0.01,0.1,0.9,-1.2,0.0,0,0,1,0,0.675,0.44
272,4,-0.5329360961914062,-0.42187535762786865,0.10072973370552063,2.3428603487744852,-2.184708006931834,0,0,0,0.12,0.01,0.0,0.01,0.1,0.9,-1.2,0.0,0,0,1,0,0.675,0.44
272,5,-0.8053968548774719,-0.11379630863666534,-2.411865711212158,0.4489325587238954,0.4535630043063475,0,0,0,0.12,0.01,0.0,0.01,0.1,0.9,-1.2,0.0,0,0,1,0,0.675,0.44
272,6,-0.06621216982603073,-0.010372764430940151,0.07310429960489273,0.3530832217928095,0.5063183618787603,0,0,0,0.12,0.01,0.0,0.01,0.1,0.9,-1.2,0.0,0,0,1,0,0.675,0.44
272,7,-0.2724836766719818,0.42762818932533264,-0.04495678469538689,0.3912400768794807,0.3762859536609856,0,0,0,0.12,0.01,0.0,0.01,0.1,0.9,-1.2,0.0,0,0,1,0,0.675,0.44
273,0,-0.44222837686538696,0.16902722418308258,-2.1282224655151367,0.5680918105483249,0.30434787193534807,0,0,0,0.12,0.01,0.0,0.01,0.1,0.9,-1.2,0.0,0,0,1,0,0.675,0.44
273,1,-0.9126323461532593,0.2911098897457123,-2.1766300201416016,0.4675060465311055,0.4726896331335063,0,0,0,0.12,0.01,0.0,0.01,0.1,0.9,-1.2,0.0,0,0,1,0,0.675,0.44
273,2,-0.04429115727543831,-0.4233343005180359,0.11519128829240799,0.5936778610144599,-0.003478748122309012,0,0,0,0.12,0.01,0.0,0.01,0.1,0.9,-1.2,0.0,0,0,1,0,0.675,0.44
273,3,-0.9085788130760193,0.4288758635520935,3.0997371673583984,0.10395125834219852,0.19377868088013728,0,0,0,0.12,0.01,0.0,0.01,0.1,0.9,-1.2,0.0,0,0,1,0,0.675,0.44
273,4,-0.5327739119529724,-0.421859472990036,-0.02508263662457466,1.9888899646612377,-1.807864996037123,0,0,0,0.12,0.01,0.0,0.01,0.1,0.9,-1.2,0.0,0,0,1,0,0.675,0.44
273,5,-0.8060689568519592,-0.1143975630402565,-2.4117395877838135,0.44915200227898167,0.45389496332007845,0,0,0,0.12,0.01,0.0,0.01,0.1,0.9,-1.2,0.0,0,0,1,0,0.675,0.44
273,6,-0.06533948332071304,-0.010306349024176598,0.07903163880109787,0.3535910694523277,0.5047879965381203,0,0,0,0.12,0.01,0.0,0.01,0.1,0.9,-1.2,0.0,0,0,1,0,0.675,0.44
273,7,-0.2717151641845703,0.4275929927825928,-0.04633016511797905,0.3807611918809081,0.3851763152716493,0,0,0,0.12,0.01,0.0,0.01,0.1,0.9,-1.2,0.0,0,0,1,0,0.675,0.44
274,0,-0.44269827008247375,0.16828304529190063,-2.141354560852051,0.5032099682300067,0.3666173618824505,0,0,0,0.12,0.01,0.0,0.01,0.1,0.9,-1.2,0.0,0,0,1,0,0.675,0.44
274,1,-0.9131669998168945,0.2903379201889038,-2.1763453483581543,0.46915136806735364,0.4719146586202684,0,0,0,0.12,0.01,0.0,0.01,0.1,0.9,-1.2,0.0,0,0,1,0,0.675,0.44
274,2,-0.043700624257326126,-0.4232698380947113,0.09789533913135529,0.6032519881000354,-0.01565563123129155,0,0,0,0.12,0.01,0.0,0.01,0.1,0.9,-1.2,0.0,0,0,1,0,0.675,0.44
274,3,-0.9088828563690186,0.42888808250427246,3.1030123233795166,0.10990307410630906,0.18232511798467912,0,0,0,0.12,0.01,0.0,0.01,0.1,0.9,-1.2,0.0,0,0,1,0,0.675,0.44
274,4,-0.5326250195503235,-0.4218645393848419,-0.18483968079090118,1.5045610225422186,-1.3000332719309133,0,0,0,0.12,0.01,0.0,0.01,0.1,0.9,-1.2,0.0,0,0,1,0,0.675,0.44
274,5,-0.80674147605896,-0.11499928683042526,-2.411574125289917,0.449027481931159,0.45452946100859937,0,0,0,0.12,0.01,0.0,0.01,0.1,0.9,-1.2,0.0,0,0,1,0,0.675,0.44
274,6,-0.06446826457977295,-0.010234875604510307,0.08493754267692566,0.3546361489545054,0.5026935176600272,0,0,0,0.12,0.01,0.0,0.01,0.1,0.9,-1.2,0.0,0,0,1,0,0.675,0.44
274,7,-0.2709481716156006,0.4275570809841156,-0.047031059861183167,0.37125077152594865,0.39311305379524886,0,0,0,0.12,0.01,0.0,0.01,0.1,0.9,-1.2,0.0,0,0,1,0,0.675,0.44
275,0,-0.4431736171245575,0.1675504744052887,-2.151393175125122,0.45145256964420916,0.41563378127360706,0,0,0,0.12,0.01,0.0,0.01,0.1,0.9,-1.2,0.0,0,0,1,0,0.675,0.44
275,1,-0.9137018918991089,0.2895650863647461,-2.176138401031494,0.47094179474196474,0.47098009503998706,0,0,0,0.12,0.01,0.0,0.01,0.1,0.9,-1.2,0.0,0,0,1,0,0.675,0.44
275,2,-0.04311211407184601,-0.423217236995697,0.07745735347270966,0.5897020603087133,-0.004273107137936884,0,0,0,0.12,0.01,0.0,0.01,0.1,0.9,-1.2,0.0,0,0,1,0,0.675,0.44
275,3,-0.9091814756393433,0.42889901995658875,3.1062076091766357,0.12134578379767127,0.16535753455979638,0,0,0,0.12,0.01,0.0,0.01,0.1,0.9,-1.2,0.0,0,0,1,0,0.675,0.44
275,4,-0.5324814915657043,-0.421904981136322,-0.32432547211647034,1.008455328378023,-0.7899545502989904,0,0,0,0.12,0.01,0.0,0.01,0.1,0.9,-1.2,0.0,0,0,1,0,0.675,0.44
275,5,-0.8074142932891846,-0.11560150980949402,-2.4113948345184326,0.4480412405734279,0.456004341244199,0,0,0,0.12,0.01,0.0,0.01,0.1,0.9,-1.2,0.0,0,0,1,0,0.675,0.44
275,6,-0.06359867751598358,-0.010158413089811802,0.0907767042517662,0.3559561633049998,0.5003007985175101,0,0,0,0.12,0.01,0.0,0.01,0.1,0.9,-1.2,0.0,0,0,1,0,0.675,0.44
275,7,-0.2701827585697174,0.4275210201740265,-0.04697684571146965,0.3644638995950472,0.39830341531584146,0,0,0,0.12,0.01,0.0,0.01,0.1,0.9,-1.2,0.0,0,0,1,0,0.675,0.44
276,0,-0.44365355372428894,0.16682417690753937,-2.1571197509765625,0.41804997933428606,0.44618691193539783,0,0,0,0.12,0.01,0.0,0.01,0.1,0.9,-1.2,0.0,0,0,1,0,0.675,0.44
276,1,-0.9142371416091919,0.2887914478778839,-2.176018476486206,0.47279073542298916,0.4699719970828091,0,0,0,0.12,0.01,0.0,0.01,0.1,0.9,-1.2,0.0,0,0,1,0,0.675,0.44
276,2,-0.042525287717580795,-0.42317792773246765,0.055884942412376404,0.5580578877621556,0.025586502344045494,0,0,0,0.12,0.01,0.0,0.01,0.1,0.9,-1.2,0.0,0,0,1,0,0.675,0.44
276,3,-0.9094746112823486,0.4289088547229767,3.1088809967041016,0.13636828817743102,0.14476354561430177,0,0,0,0.12,0.01,0.0,0.01,0.1,0.9,-1.2,0.0,0,0,1,0,0.675,0.44
276,4,-0.5323099493980408,-0.4219800531864166,-0.4300095736980438,0.5325768170675931,-0.31073487082335327,0,0,0,0.12,0.01,0.0,0.01,0.1,0.9,-1.2,0.0,0,0,1,0,0.675,0.44
276,5,-0.8080873489379883,-0.11620420962572098,-2.411193370819092,0.44562002658166233,0.4589098429747646,0,0,0,0.12,0.01,0.0,0.01,0.1,0.9,-1.2,0.0,0,0,1,0,0.675,0.44
276,6,-0.06273086369037628,-0.010077054612338543,0.09650617837905884,0.3574319632183149,0.4977354256977007,0,0,0,0.12,0.01,0.0,0.01,0.1,0.9,-1.2,0.0,0,0,1,0,0.675,0.44
276,7,-0.2694189250469208,0.42748531699180603,-0.04628573730587959,0.36083410592923515,0.4002993264590705,0,0,0,0.12,0.01,0.0,0.01,0.1,0.9,-1.2,0.0,0,0,1,0,0.675,0.44
277,0,-0.44413474202156067,0.16610215604305267,-2.1591243743896484,0.4003615629440443,0.46094748856962753,0,0,0,0.12,0.01,0.0,0.01,0.1,0.9,-1.2,0.0,0,0,1,0,0.675,0.44
277,1,-0.9147728681564331,0.28801706433296204,-2.175999641418457,0.4745430889891834,0.4690448698235303,0,0,0,0.12,0.01,0.0,0.01,0.1,0.9,-1.2,0.0,0,0,1,0,0.675,0.44
277,2,-0.04193999245762825,-0.4231518805027008,0.034893639385700226,0.5138155181101751,0.06816852501116272,0,0,0,0.12,0.01,0.0,0.01,0.1,0.9,-1.2,0.0,0,0,1,0,0.675,0.44
277,3,-0.9097623229026794,0.42891791462898254,3.1106348037719727,0.15231392723554443,0.12317987340456178,0,0,0,0.12,0.01,0.0,0.01,0.1,0.9,-1.2,0.0,0,0,1,0,0.675,0.44
277,4,-0.5321255326271057,-0.4220808148384094,-0.5001541376113892,0.09047797990654954,0.1268717430749034,0,0,0,0.12,0.01,0.0,0.01,0.1,0.9,-1.2,0.0,0,0,1,0,0.675,0.44
277,5,-0.8087606430053711,-0.11680740118026733,-2.4109184741973877,0.4425424033486658,0.46246197878481815,0,0,0,0.12,0.01,0.0,0.01,0.1,0.9,-1.2,0.0,0,0,1,0,0.675,0.44
277,6,-0.06186492368578911,-0.009990916587412357,0.10209931433200836,0.3590036114956575,0.4950642505381865,0,0,0,0.12,0.01,0.0,0.01,0.1,0.9,-1.2,0.0,0,0,1,0,0.675,0.44
277,7,-0.2686566114425659,0.42745035886764526,-0.04519866779446602,0.3600021824096412,0.3994527831817895,0,0,0,0.12,0.01,0.0,0.01,0.1,0.9,-1.2,0.0,0,0,1,0,0.675,0.44
278,0,-0.4446147382259369,0.1653829663991928,-2.158607244491577,0.3931517034385695,0.4651584595825183,0,0,0,0.12,0.01,0.0,0.01,0.1,0.9,-1.2,0.0,0,0,1,0,0.675,0.44
278,1,-0.9153090715408325,0.28724202513694763,-2.1760880947113037,0.4761089689517695,0.4682885997509282,0,0,0,0.12,0.01,0.0,0.01,0.1,0.9,-1.2,0.0,0,0,1,0,0.675,0.44
278,2,-0.041356161236763,-0.42313796281814575,0.01582399755716324,0.4624799473646024,0.11778265401097748,0,0,0,0.12,0.01,0.0,0.01,0.1,0.9,-1.2,0.0,0,0,1,0,0.675,0.44
278,3,-0.9100444316864014,0.4289265275001526,3.111189365386963,0.1667515171829435,0.10302399265134604,0,0,0,0.12,0.01,0.0,0.01,0.1,0.9,-1.2,0.0,0,0,1,0,0.675,0.44
278,4,-0.5319374799728394,-0.42219269275665283,-0.5363571047782898,-0.2981946122991094,0.5072249871837149,0,0,0,0.12,0.01,0.0,0.01,0.1,0.9,-1.2,0.0,0,0,1,0,0.675,0.44
278,5,-0.8094340562820435,-0.11741115897893906,-2.410475969314575,0.4398042483543512,0.4656646327758673,0,0,0,0.12,0.01,0.0,0.01,0.1,0.9,-1.2,0.0,0,0,1,0,0.675,0.44
278,6,-0.06100093945860863,-0.00990013126283884,0.10754109919071198,0.3606199043429049,0.4923436624371854,0,0,0,0.12,0.01,0.0,0.01,0.1,0.9,-1.2,0.0,0,0,1,0,0.675,0.44
278,7,-0.2678959369659424,0.4274163842201233,-0.04389354586601257,0.36161447754553905,0.3961105824405754,0,0,0,0.12,0.01,0.0,0.01,0.1,0.9,-1.2,0.0,0,0,1,0,0.675,0.44
279,0,-0.4450921416282654,0.1646655946969986,-2.1567230224609375,0.3914374728616076,0.46379959388415043,0,0,0,0.12,0.01,0.0,0.01,0.1,0.9,-1.2,0.0,0,0,1,0,0.675,0.44
279,1,-0.9158458709716797,0.2864663898944855,-2.1762778759002686,0.47748419918552837,0.4677076014088014,0,0,0,0.12,0.01,0.0,0.01,0.1,0.9,-1.2,0.0,0,0,1,0,0.675,0.44
279,2,-0.04077387601137161,-0.4231342673301697,-0.0010253265500068665,0.4070321492127382,0.17135886631689437,0,0,0,0.12,0.01,0.0,0.01,0.1,0.9,-1.2,0.0,0,0,1,0,0.675,0.44
279,3,-0.9103208780288696,0.4289349317550659,3.110427141189575,0.1781065248839446,0.08586319452599804,0,0,0,0.12,0.01,0.0,0.01,0.1,0.9,-1.2,0.0,0,0,1,0,0.675,0.44
279,4,-0.531751275062561,-0.4223058521747589,-0.5411606431007385,-0.6181279391177436,0.8184242665894765,0,0,0,0.12,0.01,0.0,0.01,0.1,0.9,-1.2,0.0,0,0,1,0,0.675,0.44
279,5,-0.8101075291633606,-0.1180155947804451,-2.4098093509674072,0.43803000934452646,0.4678941916671313,0,0,0,0.12,0.01,0.0,0.01,0.1,0.9,-1.2,0.0,0,0,1,0,0.675,0.44
279,6,-0.060138944536447525,-0.009804854169487953,0.11282151937484741,0.3621945721701514,0.4896629708214868,0,0,0,0.12,0.01,0.0,0.01,0.1,0.9,-1.2,0.0,0,0,1,0,0.675,0.44
279,7,-0.2671368420124054,0.42738357186317444,-0.042483486235141754,0.36548885419970356,0.3904512254893223,0,0,0,0.12,0.01,0.0,0.01,0.1,0.9,-1.2,0.0,0,0,1,0,0.675,0.44
280,0,-0.44556620717048645,0.16394968330860138,-2.1542892456054688,0.3917299778927593,0.46035531444656563,0,0,0,0.12,0.01,0.0,0.01,0.1,0.9,-1.2,0.0,0,0,1,0,0.675,0.44
280,1,-0.9163833260536194,0.28569021821022034,-2.176553964614868,0.47871818908198394,0.4672530018474289,0,0,0,0.12,0.01,0.0,0.01,0.1,0.9,-1.2,0.0,0,0,1,0,0.675,0.44
280,2,-0.04019331559538841,-0.42313870787620544,-0.013343763537704945,0.35714329380954923,0.21916918854747594,0,0,0,0.12,0.01,0.0,0.01,0.1,0.9,-1.2,0.0,0,0,1,0,0.675,0.44
280,3,-0.9105916619300842,0.4289434850215912,3.1084251403808594,0.18461236591541988,0.07345860962664859,0,0,0,0.12,0.01,0.0,0.01,0.1,0.9,-1.2,0.0,0,0,1,0,0.675,0.44
280,4,-0.5315704941749573,-0.4224139451980591,-0.5182524919509888,-0.8585064939428578,1.0520553521085987,0,0,0,0.12,0.01,0.0,0.01,0.1,0.9,-1.2,0.0,0,0,1,0,0.675,0.44
280,5,-0.8107808828353882,-0.1186208501458168,-2.4089300632476807,0.4374055707467819,0.46896489024030924,0,0,0,0.12,0.01,0.0,0.01,0.1,0.9,-1.2,0.0,0,0,1,0,0.675,0.44
280,6,-0.05927896499633789,-0.009705256670713425,0.11793407797813416,0.3636445782941383,0.48710664288582384,0,0,0,0.12,0.01,0.0,0.01,0.1,0.9,-1.2,0.0,0,0,1,0,0.675,0.44
280,7,-0.2663794457912445,0.42735186219215393,-0.04117486998438835,0.37072697570789265,0.3833697111321648,0,0,0,0.12,0.01,0.0,0.01,0.1,0.9,-1.2,0.0,0,0,1,0,0.675,0.44
281,0,-0.44603675603866577,0.163235142827034,-2.151764392852783,0.39209129618583677,0.45675955010475167,0,0,0,0.12,0.01,0.0,0.01,0.1,0.9,-1.2,0.0,0,0,1,0,0.675,0.44
281,1,-0.9169214367866516,0.2849135398864746,-2.1769018173217773,0.47987660512277946,0.466859730631615,0,0,0,0.12,0.01,0.0,0.01,0.1,0.9,-1.2,0.0,0,0,1,0,0.675,0.44
281,2,-0.03961467742919922,-0.4231492578983307,-0.022433899343013763,0.3107532282631607,0.2633348087508469,0,0,0,0.12,0.01,0.0,0.01,0.1,0.9,-1.2,0.0,0,0,1,0,0.675,0.44
281,3,-0.9108566641807556,0.42895251512527466,3.1053788661956787,0.18481704189642398,0.06725430891648801,0,0,0,0.12,0.01,0.0,0.01,0.1,0.9,-1.2,0.0,0,0,1,0,0.675,0.44
281,4,-0.5313942432403564,-0.42251279950141907,-0.4722375273704529,-1.013445225508737,1.2035595299320692,0,0,0,0.12,0.01,0.0,0.01,0.1,0.9,-1.2,0.0,0,0,1,0,0.675,0.44
281,5,-0.8114540576934814,-0.11922703683376312,-2.4078972339630127,0.4377444200776783,0.4690649099088941,0,0,0,0.12,0.01,0.0,0.01,0.1,0.9,-1.2,0.0,0,0,1,0,0.675,0.44
281,6,-0.058421000838279724,-0.00960152130573988,0.12287966907024384,0.3649096874902457,0.48473497345946126,0,0,0,0.12,0.01,0.0,0.01,0.1,0.9,-1.2,0.0,0,0,1,0,0.675,0.44
281,7,-0.2656237483024597,0.4273211359977722,-0.04022606834769249,0.37616471488693676,0.3760292724826006,0,0,0,0.12,0.01,0.0,0.01,0.1,0.9,-1.2,0.0,0,0,1,0,0.675,0.44
282,0,-0.44650375843048096,0.16252204775810242,-2.1493418216705322,0.3917339638755972,0.4537968440963571,0,0,0,0.12,0.01,0.0,0.01,0.1,0.9,-1.2,0.0,0,0,1,0,0.675,0.44
282,1,-0.9174602627754211,0.28413641452789307,-2.1773107051849365,0.4810164284518489,0.4664714622685185,0,0,0,0.12,0.01,0.0,0.01,0.1,0.9,-1.2,0.0,0,0,1,0,0.675,0.44
282,2,-0.03903815895318985,-0.42316389083862305,-0.027981257066130638,0.2710439832853214,0.3007326452089413,0,0,0,0.12,0.01,0.0,0.01,0.1,0.9,-1.2,0.0,0,0,1,0,0.675,0.44
282,3,-0.9111157059669495,0.4289623200893402,3.1016016006469727,0.17759632863736727,0.06836155257486723,0,0,0,0.12,0.01,0.0,0.01,0.1,0.9,-1.2,0.0,0,0,1,0,0.675,0.44
282,4,-0.531218945980072,-0.42259863018989563,-0.40847018361091614,-1.0809770815315847,1.2714287482443456,0,0,0,0.12,0.01,0.0,0.01,0.1,0.9,-1.2,0.0,0,0,1,0,0.675,0.44
282,5,-0.812126874923706,-0.11983423680067062,-2.4067881107330322,0.43869987204350447,0.46854343936167747,0,0,0,0.12,0.01,0.0,0.01,0.1,0.9,-1.2,0.0,0,0,1,0,0.675,0.44
282,6,-0.05756503343582153,-0.009493818506598473,0.12766782939434052,0.3659680101056016,0.4825700906138503,0,0,0,0.12,0.01,0.0,0.01,0.1,0.9,-1.2,0.0,0,0,1,0,0.675,0.44
282,7,-0.26486989855766296,0.4272910952568054,-0.039740581065416336,0.380929214876641,0.369302468377601,0,0,0,0.12,0.01,0.0,0.01,0.1,0.9,-1.2,0.0,0,0,1,0,0.675,0.44
283,0,-0.44696730375289917,0.16181054711341858,-2.1470565795898438,0.3905389721924458,0.45158394021447557,0,0,0,0.12,0.01,0.0,0.01,0.1,0.9,-1.2,0.0,0,0,1,0,0.675,0.44
283,1,-0.9179999232292175,0.28335893154144287,-2.1777749061584473,0.4821629643094052,0.46606342795972927,0,0,0,0.12,0.01,0.0,0.01,0.1,0.9,-1.2,0.0,0,0,1,0,0.675,0.44
283,2,-0.038463886827230453,-0.42318084836006165,-0.030252965167164803,0.23905300146834516,0.33039189332230423,0,0,0,0.12,0.01,0.0,0.01,0.1,0.9,-1.2,0.0,0,0,1,0,0.675,0.44
283,3,-0.9113687872886658,0.4289730489253998,3.0975115299224854,0.16279555803201468,0.07692235762216776,0,0,0,0.12,0.01,0.0,0.01,0.1,0.9,-1.2,0.0,0,0,1,0,0.675,0.44
283,4,-0.5310410261154175,-0.42266884446144104,-0.33275967836380005,-1.0668916990247266,1.2610898007836835,0,0,0,0.12,0.01,0.0,0.01,0.1,0.9,-1.2,0.0,0,0,1,0,0.675,0.44
283,5,-0.812799334526062,-0.12044249475002289,-2.4056732654571533,0.4399260374207849,0.4677484539847022,0,0,0,0.12,0.01,0.0,0.01,0.1,0.9,-1.2,0.0,0,0,1,0,0.675,0.44
283,6,-0.05671102926135063,-0.009382300078868866,0.13231375813484192,0.36682444453203344,0.48060703635251856,0,0,0,0.12,0.01,0.0,0.01,0.1,0.9,-1.2,0.0,0,0,1,0,0.675,0.44
283,7,-0.26411789655685425,0.4272613227367401,-0.039659228175878525,0.38457495336605135,0.3636344038956063,0,0,0,0.12,0.01,0.0,0.01,0.1,0.9,-1.2,0.0,0,0,1,0,0.675,0.44
284,0,-0.4474274516105652,0.16110080480575562,-2.144871711730957,0.3886725616758361,0.4499537634546265,0,0,0,0.12,0.01,0.0,0.01,0.1,0.9,-1.2,0.0,0,0,1,0,0.675,0.44
284,1,-0.918540358543396,0.28258106112480164,-2.1782925128936768,0.4833364191447394,0.46561554046524595,0,0,0,0.12,0.01,0.0,0.01,0.1,0.9,-1.2,0.0,0,0,1,0,0.675,0.44
284,2,-0.037891920655965805,-0.42319831252098083,-0.029719052836298943,0.21524720605283867,0.3518999296817194,0,0,0,0.12,0.01,0.0,0.01,0.1,0.9,-1.2,0.0,0,0,1,0,0.675,0.44
284,3,-0.9116156697273254,0.4289845824241638,3.0936100482940674,0.14207102557238965,0.09127360383453936,0,0,0,0.12,0.01,0.0,0.01,0.1,0.9,-1.2,0.0,0,0,1,0,0.675,0.44
284,4,-0.5308578014373779,-0.4227224588394165,-0.2511008083820343,-0.985361305281807,1.1857252691241988,0,0,0,0.12,0.01,0.0,0.01,0.1,0.9,-1.2,0.0,0,0,1,0,0.675,0.44
284,5,-0.8134714365005493,-0.12105181068181992,-2.404601812362671,0.4411500081649905,0.46695417312468235,0,0,0,0.12,0.01,0.0,0.01,0.1,0.9,-1.2,0.0,0,0,1,0,0.675,0.44
284,6,-0.055858954787254333,-0.00926708709448576,0.13683383166790009,0.36749172513797934,0.4788330763070279,0,0,0,0.12,0.01,0.0,0.01,0.1,0.9,-1.2,0.0,0,0,1,0,0.675,0.44
284,7,-0.2633678913116455,0.4272315502166748,-0.039939187467098236,0.38683020618733593,0.35929704162302784,0,0,0,0.12,0.01,0.0,0.01,0.1,0.9,-1.2,0.0,0,0,1,0,0.675,0.44
285,0,-0.447884202003479,0.16039292514324188,-2.142733335494995,0.3863681626326826,0.4486734199516985,0,0,0,0.12,0.01,0.0,0.01,0.1,0.9,-1.2,0.0,0,0,1,0,0.675,0.44
285,1,-0.9190816283226013,0.2818028926849365,-2.1788647174835205,0.48453021093910387,0.46513444140846083,0,0,0,0.12,0.01,0.0,0.01,0.1,0.9,-1.2,0.0,0,0,1,0,0.675,0.44
285,2,-0.037322234362363815,-0.4232146441936493,-0.026958120986819267,0.19958784126353807,0.3653291866867488,0,0,0,0.12,0.01,0.0,0.01,0.1,0.9,-1.2,0.0,0,0,1,0,0.675,0.44
285,3,-0.9118563532829285,0.4289966821670532,3.0904228687286377,0.11791350940306522,0.10892627140442991,0,0,0,0.12,0.01,0.0,0.01,0.1,0.9,-1.2,0.0,0,0,1,0,0.675,0.44
285,4,-0.5306675434112549,-0.42276033759117126,-0.1691908836364746,-0.8567959494536732,1.064473820442519,0,0,0,0.12,0.01,0.0,0.01,0.1,0.9,-1.2,0.0,0,0,1,0,0.675,0.44
285,5,-0.814143180847168,-0.12166214734315872,-2.4035980701446533,0.4421907939072639,0.46634206398763345,0,0,0,0.12,0.01,0.0,0.01,0.1,0.9,-1.2,0.0,0,0,1,0,0.675,0.44
285,6,-0.05500878021121025,-0.00914827547967434,0.1412433683872223,0.3679822958571006,0.47723600496229646,0,0,0,0.12,0.01,0.0,0.01,0.1,0.9,-1.2,0.0,0,0,1,0,0.675,0.44
285,7,-0.26261988282203674,0.42720144987106323,-0.040600791573524475,0.38710094676394957,0.356884288927121,0,0,0,0.12,0.01,0.0,0.01,0.1,0.9,-1.2,0.0,0,0,1,0,0.675,0.44
286,0,-0.448337584733963,0.15968702733516693,-2.140594720840454,0.3838149337379314,0.44755458549577226,0,0,0,0.12,0.01,0.0,0.01,0.1,0.9,-1.2,0.0,0,0,1,0,0.675,0.44
286,1,-0.9196237921714783,0.2810244858264923,-2.1794936656951904,0.48574457400610427,0.4646200752897026,0,0,0,0.12,0.01,0.0,0.01,0.1,0.9,-1.2,0.0,0,0,1,0,0.675,0.44
286,2,-0.036754779517650604,-0.4232287108898163,-0.022508159279823303,0.19163197344292526,0.37113612824927444,0,0,0,0.12,0.01,0.0,0.01,0.1,0.9,-1.2,0.0,0,0,1,0,0.675,0.44
286,3,-0.9120906591415405,0.42900899052619934,3.088383913040161,0.09348254121243975,0.1267286070495842,0,0,0,0.12,0.01,0.0,0.01,0.1,0.9,-1.2,0.0,0,0,1,0,0.675,0.44
286,4,-0.5304694771766663,-0.42278435826301575,-0.09187018126249313,-0.7023352944714707,0.9173483216626329,0,0,0,0.12,0.01,0.0,0.01,0.1,0.9,-1.2,0.0,0,0,1,0,0.675,0.44
286,5,-0.8148146271705627,-0.12227343767881393,-2.40266489982605,0.44296770481916997,0.4659923395648327,0,0,0,0.12,0.01,0.0,0.01,0.1,0.9,-1.2,0.0,0,0,1,0,0.675,0.44
286,6,-0.0541604720056057,-0.009025946259498596,0.14555683732032776,0.3683190768150565,0.475793021401954,0,0,0,0.12,0.01,0.0,0.01,0.1,0.9,-1.2,0.0,0,0,1,0,0.675,0.44
286,7,-0.2618739604949951,0.42717087268829346,-0.041581157594919205,0.38538415592073055,0.3563986881458894,0,0,0,0.12,0.01,0.0,0.01,0.1,0.9,-1.2,0.0,0,0,1,0,0.675,0.44
287,0,-0.44878751039505005,0.15898317098617554,-2.138425350189209,0.3811374186111272,0.4464743853973566,0,0,0,0.12,0.01,0.0,0.01,0.1,0.9,-1.2,0.0,0,0,1,0,0.675,0.44
287,1,-0.9201669096946716,0.280245840549469,-2.180180549621582,0.4869808402756818,0.4640710505743853,0,0,0,0.12,0.01,0.0,0.01,0.1,0.9,-1.2,0.0,0,0,1,0,0.675,0.44
287,2,-0.0361894927918911,-0.4232397675514221,-0.01687508448958397,0.19062379955095876,0.3700739944096125,0,0,0,0.12,0.01,0.0,0.01,0.1,0.9,-1.2,0.0,0,0,1,0,0.675,0.44
287,3,-0.9123184680938721,0.4290212392807007,3.0877649784088135,0.07106499574661475,0.14240458406924983,0,0,0,0.12,0.01,0.0,0.01,0.1,0.9,-1.2,0.0,0,0,1,0,0.675,0.44
287,4,-0.530263364315033,-0.4227960705757141,-0.022684525698423386,-0.5382998935411282,0.7599343411157435,0,0,0,0.12,0.01,0.0,0.01,0.1,0.9,-1.2,0.0,0,0,1,0,0.675,0.44
287,5,-0.8154858350753784,-0.12288561463356018,-2.401791572570801,0.44347749935336717,0.46590770496181827,0,0,0,0.12,0.01,0.0,0.01,0.1,0.9,-1.2,0.0,0,0,1,0,0.675,0.44
287,6,-0.053314004093408585,-0.008900171145796776,0.1497877836227417,0.3685386907103149,0.4744678009507568,0,0,0,0.12,0.01,0.0,0.01,0.1,0.9,-1.2,0.0,0,0,1,0,0.675,0.44
287,7,-0.2611301839351654,0.42713963985443115,-0.04265487194061279,0.3822192736676447,0.3573000840136297,0,0,0,0.12,0.01,0.0,0.01,0.1,0.9,-1.2,0.0,0,0,1,0,0.675,0.44
288,0,-0.44923391938209534,0.15828144550323486,-2.1362078189849854,0.3784067441606639,0.4453615735387686,0,0,0,0.12,0.01,0.0,0.01,0.1,0.9,-1.2,0.0,0,0,1,0,0.675,0.44
288,1,-0.9207109808921814,0.27946698665618896,-2.1809275150299072,0.4882288916254241,0.46349760459421085,0,0,0,0.12,0.01,0.0,0.01,0.1,0.9,-1.2,0.0,0,0,1,0,0.675,0.44
288,2,-0.035626307129859924,-0.42324745655059814,-0.010616893880069256,0.1952291812547523,0.36346237996732406,0,0,0,0.12,0.01,0.0,0.01,0.1,0.9,-1.2,0.0,0,0,1,0,0.675,0.44
288,3,-0.9125396609306335,0.42903316020965576,3.0886385440826416,0.05259119289586615,0.1540364740543597,0,0,0,0.12,0.01,0.0,0.01,0.1,0.9,-1.2,0.0,0,0,1,0,0.675,0.44
288,4,-0.530049741268158,-0.42279568314552307,0.03629564866423607,-0.372906852282286,0.6001006250751022,0,0,0,0.12,0.01,0.0,0.01,0.1,0.9,-1.2,0.0,0,0,1,0,0.675,0.44
288,5,-0.8161568641662598,-0.12349862605333328,-2.4009618759155273,0.44379386548187,0.4660142933926418,0,0,0,0.12,0.01,0.0,0.01,0.1,0.9,-1.2,0.0,0,0,1,0,0.675,0.44
288,6,-0.052469346672296524,-0.008771025575697422,0.15394741296768188,0.36867252190002675,0.47322907846084356,0,0,0,0.12,0.01,0.0,0.01,0.1,0.9,-1.2,0.0,0,0,1,0,0.675,0.44
288,7,-0.26038867235183716,0.42710772156715393,-0.04364167898893356,0.3782141983742724,0.3589803993468274,0,0,0,0.12,0.01,0.0,0.01,0.1,0.9,-1.2,0.0,0,0,1,0,0.675,0.44
289,0,-0.4496767222881317,0.1575818806886673,-2.133934497833252,0.3756544718823382,0.44418536328459285,0,0,0,0.12,0.01,0.0,0.01,0.1,0.9,-1.2,0.0,0,0,1,0,0.675,0.44
289,1,-0.9212560653686523,0.2786880135536194,-2.181736946105957,0.48947777449019253,0.46291075051896274,0,0,0,0.12,0.01,0.0,0.01,0.1,0.9,-1.2,0.0,0,0,1,0,0.675,0.44
289,2,-0.035065166652202606,-0.4232517182826996,-0.004450326785445213,0.20325779516216072,0.353469137363474,0,0,0,0.12,0.01,0.0,0.01,0.1,0.9,-1.2,0.0,0,0,1,0,0.675,0.44
289,3,-0.9127541780471802,0.4290444552898407,3.090883493423462,0.03989183736564328,0.15980494188545533,0,0,0,0.12,0.01,0.0,0.01,0.1,0.9,-1.2,0.0,0,0,1,0,0.675,0.44
289,4,-0.529829740524292,-0.422783762216568,0.08408606052398682,-0.21178236232464495,0.44337452576821035,0,0,0,0.12,0.01,0.0,0.01,0.1,0.9,-1.2,0.0,0,0,1,0,0.675,0.44
289,5,-0.8168277740478516,-0.12411244958639145,-2.4001572132110596,0.44401003156922325,0.466218340050955,0,0,0,0.12,0.01,0.0,0.01,0.1,0.9,-1.2,0.0,0,0,1,0,0.675,0.44
289,6,-0.051626481115818024,-0.008638584055006504,0.1580440104007721,0.3687539234214036,0.4720436797089369,0,0,0,0.12,0.01,0.0,0.01,0.1,0.9,-1.2,0.0,0,0,1,0,0.675,0.44
289,7,-0.259649395942688,0.4270751178264618,-0.0445270836353302,0.3734139789233736,0.3613948832859465,0,0,0,0.12,0.01,0.0,0.01,0.1,0.9,-1.2,0.0,0,0,1,0,0.675,0.44
290,0,-0.4501159191131592,0.1568845510482788,-2.131603956222534,0.3728686174833797,0.44295738129973194,0,0,0,0.12,0.01,0.0,0.01,0.1,0.9,-1.2,0.0,0,0,1,0,0.675,0.44
290,1,-0.9218021035194397,0.27790892124176025,-2.182610034942627,0.4907254155014919,0.4623126213217808,0,0,0,0.12,0.01,0.0,0.01,0.1,0.9,-1.2,0.0,0,0,1,0,0.675,0.44
290,2,-0.03450603038072586,-0.4232526421546936,0.002573626581579447,0.2176973033826341,0.33710517397713763,0,0,0,0.12,0.01,0.0,0.01,0.1,0.9,-1.2,0.0,0,0,1,0,0.675,0.44
290,3,-0.9129619002342224,0.42905476689338684,3.0942413806915283,0.03522159251895738,0.15746518876823593,0,0,0,0.12,0.01,0.0,0.01,0.1,0.9,-1.2,0.0,0,0,1,0,0.675,0.44
290,4,-0.5296034216880798,-0.4227617084980011,0.12053152173757553,-0.05996044609509008,0.29487598571739687,0,0,0,0.12,0.01,0.0,0.01,0.1,0.9,-1.2,0.0,0,0,1,0,0.675,0.44
290,5,-0.8174984455108643,-0.12472707778215408,-2.399362325668335,0.44415943183693085,0.4664858146688065,0,0,0,0.12,0.01,0.0,0.01,0.1,0.9,-1.2,0.0,0,0,1,0,0.675,0.44
290,6,-0.05078538879752159,-0.008502921089529991,0.16208451986312866,0.3688050915171921,0.47088911042906645,0,0,0,0.12,0.01,0.0,0.01,0.1,0.9,-1.2,0.0,0,0,1,0,0.675,0.44
290,7,-0.25891250371932983,0.4270419776439667,-0.04528689756989479,0.368139613325744,0.36422349149450745,0,0,0,0.12,0.01,0.0,0.01,0.1,0.9,-1.2,0.0,0,0,1,0,0.675,0.44
291,0,-0.4505513310432434,0.15618953108787537,-2.1292171478271484,0.3700469263022172,0.44168256445477144,0,0,0,0.12,0.01,0.0,0.01,0.1,0.9,-1.2,0.0,0,0,1,0,0.675,0.44
291,1,-0.9223492741584778,0.27712976932525635,-2.183547258377075,0.4919669189524989,0.46170841073271235,0,0,0,0.12,0.01,0.0,0.01,0.1,0.9,-1.2,0.0,0,0,1,0,0.675,0.44
291,2,-0.0339488722383976,-0.42325034737586975,0.007344728335738182,0.22845808824663338,0.32441570201749625,0,0,0,0.12,0.01,0.0,0.01,0.1,0.9,-1.2,0.0,0,0,1,0,0.675,0.44
291,3,-0.9131627678871155,0.4290638566017151,3.0983293056488037,0.039981688064533234,0.14561349650005723,0,0,0,0.12,0.01,0.0,0.01,0.1,0.9,-1.2,0.0,0,0,1,0,0.675,0.44
291,4,-0.5293733477592468,-0.4227311611175537,0.14578694105148315,0.07839992546038914,0.1589972535471411,0,0,0,0.12,0.01,0.0,0.01,0.1,0.9,-1.2,0.0,0,0,1,0,0.675,0.44
291,5,-0.8181689977645874,-0.12534253299236298,-2.398568868637085,0.44430329332603175,0.4667537616704588,0,0,0,0.12,0.01,0.0,0.01,0.1,0.9,-1.2,0.0,0,0,1,0,0.675,0.44
291,6,-0.04994606599211693,-0.00836410466581583,0.16607463359832764,0.3688547804371607,0.46973685479004273,0,0,0,0.12,0.01,0.0,0.01,0.1,0.9,-1.2,0.0,0,0,1,0,0.675,0.44
291,7,-0.2581779658794403,0.4270084798336029,-0.04579976201057434,0.36309648370603603,0.36676316642900425,0,0,0,0.12,0.01,0.0,0.01,0.1,0.9,-1.2,0.0,0,0,1,0,0.675,0.44
292,0,-0.4509829878807068,0.15549685060977936,-2.126774787902832,0.36716717127535603,0.440384212696812,0,0,0,0.12,0.01,0.0,0.01,0.1,0.9,-1.2,0.0,0,0,1,0,0.675,0.44
292,1,-0.9228975772857666,0.27635064721107483,-2.1845486164093018,0.4932017186030358,0.46109886380586923,0,0,0,0.12,0.01,0.0,0.01,0.1,0.9,-1.2,0.0,0,0,1,0,0.675,0.44
292,2,-0.03339367359876633,-0.42324522137641907,0.011554654687643051,0.24054350475378197,0.3104024328797324,0,0,0,0.12,0.01,0.0,0.01,0.1,0.9,-1.2,0.0,0,0,1,0,0.675,0.44
292,3,-0.9133567214012146,0.42907169461250305,3.102612257003784,0.05377766803610954,0.1246372280944523,0,0,0,0.12,0.01,0.0,0.01,0.1,0.9,-1.2,0.0,0,0,1,0,0.675,0.44
292,4,-0.5291414856910706,-0.4226948618888855,0.1603710800409317,0.19774524018854156,0.041609981202182636,0,0,0,0.12,0.01,0.0,0.01,0.1,0.9,-1.2,0.0,0,0,1,0,0.675,0.44
292,5,-0.8188393115997314,-0.12595880031585693,-2.3977718353271484,0.4444397591093814,0.46702248826229215,0,0,0,0.12,0.01,0.0,0.01,0.1,0.9,-1.2,0.0,0,0,1,0,0.675,0.44
292,6,-0.049108508974313736,-0.008222190663218498,0.17001815140247345,0.36892101707361963,0.4685685282716867,0,0,0,0.12,0.01,0.0,0.01,0.1,0.9,-1.2,0.0,0,0,1,0,0.675,0.44
292,7,-0.25744590163230896,0.4269748628139496,-0.04597499594092369,0.35897669322260534,0.36832383148900355,0,0,0,0.12,0.01,0.0,0.01,0.1,0.9,-1.2,0.0,0,0,1,0,0.675,0.44
293,0,-0.45141077041625977,0.15480659902095795,-2.124277353286743,0.36422350875660553,0.4390712095089278,0,0,0,0.12,0.01,0.0,0.01,0.1,0.9,-1.2,0.0,0,0,1,0,0.675,0.44
293,1,-0.9234470725059509,0.2755715250968933,-2.185614824295044,0.494424577294986,0.4604897541411712,0,0,0,0.12,0.01,0.0,0.01,0.1,0.9,-1.2,0.0,0,0,1,0,0.675,0.44
293,2,-0.032840434461832047,-0.4232378304004669,0.015052903443574905,0.25282417800061635,0.29619337056047984,0,0,0,0.12,0.01,0.0,0.01,0.1,0.9,-1.2,0.0,0,0,1,0,0.675,0.44
293,3,-0.9135435819625854,0.42907842993736267,3.106445074081421,0.07454936599020938,0.09658340717072507,0,0,0,0.12,0.01,0.0,0.01,0.1,0.9,-1.2,0.0,0,0,1,0,0.675,0.44
293,4,-0.5289077162742615,-0.4226559102535248,0.16514289379119873,0.29279878272887677,-0.051683659695353205,0,0,0,0.12,0.01,0.0,0.01,0.1,0.9,-1.2,0.0,0,0,1,0,0.675,0.44
293,5,-0.8195094466209412,-0.12657590210437775,-2.3969712257385254,0.4445051044823098,0.4673542886375022,0,0,0,0.12,0.01,0.0,0.01,0.1,0.9,-1.2,0.0,0,0,1,0,0.675,0.44
293,6,-0.04827272146940231,-0.008077223785221577,0.17391569912433624,0.3690218614013429,0.46736601129458,0,0,0,0.12,0.01,0.0,0.01,0.1,0.9,-1.2,0.0,0,0,1,0,0.675,0.44
293,7,-0.2567163109779358,0.42694130539894104,-0.04585960879921913,0.35587873025843864,0.3688093228726649,0,0,0,0.12,0.01,0.0,0.01,0.1,0.9,-1.2,0.0,0,0,1,0,0.675,0.44
294,0,-0.45183461904525757,0.15411882102489471,-2.1217238903045654,0.3612133228258468,0.4377492702527664,0,0,0,0.12,0.01,0.0,0.01,0.1,0.9,-1.2,0.0,0,0,1,0,0.675,0.44
294,1,-0.9239978194236755,0.27479255199432373,-2.1867456436157227,0.495621934351273,0.45989505964820815,0,0,0,0.12,0.01,0.0,0.01,0.1,0.9,-1.2,0.0,0,0,1,0,0.675,0.44
294,2,-0.03228915482759476,-0.4232286810874939,0.017742078751325607,0.2644077372755066,0.2826832699571594,0,0,0,0.12,0.01,0.0,0.01,0.1,0.9,-1.2,0.0,0,0,1,0,0.675,0.44
294,3,-0.913723349571228,0.4290844202041626,3.1091854572296143,0.09828147668520847,0.0654590092213925,0,0,0,0.12,0.01,0.0,0.01,0.1,0.9,-1.2,0.0,0,0,1,0,0.675,0.44
294,4,-0.52867192029953,-0.4226168990135193,0.16131626069545746,0.36083735813034723,-0.11790320564640706,0,0,0,0.12,0.01,0.0,0.01,0.1,0.9,-1.2,0.0,0,0,1,0,0.675,0.44
294,5,-0.8201794028282166,-0.12719383835792542,-2.3961660861968994,0.4444515147609768,0.4677958449916782,0,0,0,0.12,0.01,0.0,0.01,0.1,0.9,-1.2,0.0,0,0,1,0,0.675,0.44
294,6,-0.04743871092796326,-0.007929239422082901,0.17776595056056976,0.3691641092896659,0.4661221503615181,0,0,0,0.12,0.01,0.0,0.01,0.1,0.9,-1.2,0.0,0,0,1,0,0.675,0.44
294,7,-0.2559892535209656,0.426908016204834,-0.04558626934885979,0.3536322939585051,0.36839190838829666,0,0,0,0.12,0.01,0.0,0.01,0.1,0.9,-1.2,0.0,0,0,1,0,0.675,0.44
295,0,-0.45225444436073303,0.15343357622623444,-2.119112730026245,0.35813915766267784,0.43641823493452064,0,0,0,0.12,0.01,0.0,0.01,0.1,0.9,-1.2,0.0,0,0,1,0,0.675,0.44
295,1,-0.9245497584342957,0.2740136981010437,-2.187941074371338,0.4967923993375181,0.4593165879938722,0,0,0,0.12,0.01,0.0,0.01,0.1,0.9,-1.2,0.0,0,0,1,0,0.675,0.44
295,2,-0.03173983469605446,-0.42321833968162537,0.01947539672255516,0.2741752029268712,0.2709949850232631,0,0,0,0.12,0.01,0.0,0.01,0.1,0.9,-1.2,0.0,0,0,1,0,0.675,0.44
295,3,-0.913895845413208,0.42908987402915955,3.110311269760132,0.12239950895747849,0.03383882343330673,0,0,0,0.12,0.01,0.0,0.01,0.1,0.9,-1.2,0.0,0,0,1,0,0.675,0.44
295,4,-0.5284340977668762,-0.42257949709892273,0.15052935481071472,0.40284067480122104,-0.15788588015591157,0,0,0,0.12,0.01,0.0,0.01,0.1,0.9,-1.2,0.0,0,0,1,0,0.675,0.44
295,5,-0.8208490610122681,-0.12781259417533875,-2.3953521251678467,0.4442649017654435,0.46836041103973225,0,0,0,0.12,0.01,0.0,0.01,0.1,0.9,-1.2,0.0,0,0,1,0,0.675,0.44
295,6,-0.04660649597644806,-0.007778278086334467,0.181566521525383,0.36935458959510026,0.46483005701134505,0,0,0,0.12,0.01,0.0,0.01,0.1,0.9,-1.2,0.0,0,0,1,0,0.675,0.44
295,7,-0.2552647888660431,0.42687511444091797,-0.045195214450359344,0.35226317395131956,0.36704734812814815,0,0,0,0.12,0.01,0.0,0.01,0.1,0.9,-1.2,0.0,0,0,1,0,0.675,0.44
296,0,-0.45267024636268616,0.1527509093284607,-2.1164417266845703,0.3550117477184272,0.43506963407936333,0,0,0,0.12,0.01,0.0,0.01,0.1,0.9,-1.2,0.0,0,0,1,0,0.675,0.44
296,1,-0.9251030683517456,0.2732350528240204,-2.1891989707946777,0.49794702790486145,0.4587436411548919,0,0,0,0.12,0.01,0.0,0.01,0.1,0.9,-1.2,0.0,0,0,1,0,0.675,0.44
296,2,-0.031192461028695107,-0.4232073724269867,0.02026256173849106,0.28150494658688346,0.2617558065678711,0,0,0,0.12,0.01,0.0,0.01,0.1,0.9,-1.2,0.0,0,0,1,0,0.675,0.44
296,3,-0.9140609502792358,0.42909500002861023,3.109541177749634,0.1447807150887885,0.0038456869316659103,0,0,0,0.12,0.01,0.0,0.01,0.1,0.9,-1.2,0.0,0,0,1,0,0.675,0.44
296,4,-0.528194010257721,-0.4225447177886963,0.13466249406337738,0.42213181873232003,-0.17492341717153667,0,0,0,0.12,0.01,0.0,0.01,0.1,0.9,-1.2,0.0,0,0,1,0,0.675,0.44
296,5,-0.8215185403823853,-0.12843215465545654,-2.394521951675415,0.4439580865157791,0.4690349869476609,0,0,0,0.12,0.01,0.0,0.01,0.1,0.9,-1.2,0.0,0,0,1,0,0.675,0.44
296,6,-0.04577607661485672,-0.007624386809766293,0.18531422317028046,0.36959585637147685,0.46348681956236115,0,0,0,0.12,0.01,0.0,0.01,0.1,0.9,-1.2,0.0,0,0,1,0,0.675,0.44
296,7,-0.2545429468154907,0.42684265971183777,-0.044666603207588196,0.3519251050530448,0.3646230397643075,0,0,0,0.12,0.01,0.0,0.01,0.1,0.9,-1.2,0.0,0,0,1,0,0.675,0.44
297,0,-0.4530819356441498,0.15207089483737946,-2.1137092113494873,0.3518384658990192,0.43369865778109556,0,0,0,0.12,0.01,0.0,0.01,0.1,0.9,-1.2,0.0,0,0,1,0,0.675,0.44
297,1,-0.9256577491760254,0.2724566161632538,-2.190518379211426,0.4990829557381039,0.45817938146969023,0,0,0,0.12,0.01,0.0,0.01,0.1,0.9,-1.2,0.0,0,0,1,0,0.675,0.44
297,2,-0.030647005885839462,-0.4231962263584137,0.020281003788113594,0.2864491251703705,0.2549188228848968,0,0,0,0.12,0.01,0.0,0.01,0.1,0.9,-1.2,0.0,0,0,1,0,0.675,0.44
297,3,-0.9142186045646667,0.42910006642341614,3.106816291809082,0.16304242023756385,-0.02213432797720311,0,0,0,0.12,0.01,0.0,0.01,0.1,0.9,-1.2,0.0,0,0,1,0,0.675,0.44
297,4,-0.5279514193534851,-0.4225134551525116,0.11556495726108551,0.42233905026345525,-0.17268115112214358,0,0,0,0.12,0.01,0.0,0.01,0.1,0.9,-1.2,0.0,0,0,1,0,0.675,0.44
297,5,-0.8221878409385681,-0.1290525197982788,-2.393667697906494,0.4435459885357574,0.4698039379359528,0,0,0,0.12,0.01,0.0,0.01,0.1,0.9,-1.2,0.0,0,0,1,0,0.675,0.44
297,6,-0.04494747519493103,-0.00746762752532959,0.1890047788619995,0.36988236871040964,0.46209780010901796,0,0,0,0.12,0.01,0.0,0.01,0.1,0.9,-1.2,0.0,0,0,1,0,0.675,0.44
297,7,-0.25382381677627563,0.42681074142456055,-0.04408868029713631,0.352423753831775,0.36131438961228624,0,0,0,0.12,0.01,0.0,0.01,0.1,0.9,-1.2,0.0,0,0,1,0,0.675,0.44
298,0,-0.45348942279815674,0.1513935774564743,-2.1109135150909424,0.3486288680689004,0.43229831317499606,0,0,0,0.12,0.01,0.0,0.01,0.1,0.9,-1.2,0.0,0,0,1,0,0.675,0.44
298,1,-0.9262137413024902,0.27167844772338867,-2.191898822784424,0.5001944021492385,0.4576299472541429,0,0,0,0.12,0.01,0.0,0.01,0.1,0.9,-1.2,0.0,0,0,1,0,0.675,0.44
298,2,-0.030103454366326332,-0.4231852889060974,0.019731853157281876,0.2891976441977588,0.2502974067093762,0,0,0,0.12,0.01,0.0,0.01,0.1,0.9,-1.2,0.0,0,0,1,0,0.675,0.44
298,3,-0.9143686890602112,0.42910540103912354,3.102229118347168,0.17403076372976967,-0.04094992361899086,0,0,0,0.12,0.01,0.0,0.01,0.1,0.9,-1.2,0.0,0,0,1,0,0.675,0.44
298,4,-0.5277060866355896,-0.4224865436553955,0.0948631763458252,0.4066897046830874,-0.15445843460824302,0,0,0,0.12,0.01,0.0,0.01,0.1,0.9,-1.2,0.0,0,0,1,0,0.675,0.44
298,5,-0.8228568434715271,-0.12967368960380554,-2.3927807807922363,0.4430557766592094,0.47063985675219805,0,0,0,0.12,0.01,0.0,0.01,0.1,0.9,-1.2,0.0,0,0,1,0,0.675,0.44
298,6,-0.04412069171667099,-0.007308073807507753,0.19263359904289246,0.370206260845307,0.46067068560397273,0,0,0,0.12,0.01,0.0,0.01,0.1,0.9,-1.2,0.0,0,0,1,0,0.675,0.44
298,7,-0.2531073987483978,0.42677929997444153,-0.043618496507406235,0.35309953517215764,0.35778116160137147,0,0,0,0.12,0.01,0.0,0.01,0.1,0.9,-1.2,0.0,0,0,1,0,0.675,0.44
299,0,-0.45389267802238464,0.15071900188922882,-2.1080539226531982,0.34539012941961694,0.4308650609528501,0,0,0,0.12,0.01,0.0,0.01,0.1,0.9,-1.2,0.0,0,0,1,0,0.675,0.44
299,1,-0.9267711639404297,0.27090054750442505,-2.1933388710021973,0.5012878676680942,0.4570893148155789,0,0,0,0.12,0.01,0.0,0.01,0.1,0.9,-1.2,0.0,0,0,1,0,0.675,0.44
299,2,-0.02956179529428482,-0.42317482829093933,0.01872164197266102,0.28977352144093615,0.24787074564127823,0,0,0,0.12,0.01,0.0,0.01,0.1,0.9,-1.2,0.0,0,0,1,0,0.675,0.44
299,3,-0.9145110249519348,0.4291113615036011,3.0960323810577393,0.17382415685528246,-0.048693056439098985,0,0,0,0.12,0.01,0.0,0.01,0.1,0.9,-1.2,0.0,0,0,1,0,0.675,0.44
299,4,-0.5274578928947449,-0.4224647581577301,0.07394159585237503,0.37791747917046875,-0.12307579387536374,0,0,0,0.12,0.01,0.0,0.01,0.1,0.9,-1.2,0.0,0,0,1,0,0.675,0.44
299,5,-0.8235255479812622,-0.13029569387435913,-2.3918538093566895,0.44251051242649503,0.4715191454142338,0,0,0,0.12,0.01,0.0,0.01,0.1,0.9,-1.2,0.0,0,0,1,0,0.675,0.44
299,6,-0.043295733630657196,-0.007145806215703487,0.19619733095169067,0.37056046095953504,0.4592124882592149,0,0,0,0.12,0.01,0.0,0.01,0.1,0.9,-1.2,0.0,0,0,1,0,0.675,0.44
299,7,-0.25239378213882446,0.4267483353614807,-0.04331576079130173,0.35372957847459,0.3542472992147715,0,0,0,0.12,0.01,0.0,0.01,0.1,0.9,-1.2,0.0,0,0,1,0,0.675,0.44
300,0,-0.45429161190986633,0.15004722774028778,-2.1051299571990967,0.3421332959675294,0.42939119295840444,0,0,0,0.12,0.01,0.0,0.01,0.1,0.9,-1.2,0.0,0,0,1,0,0.675,0.44
300,1,-0.9273300766944885,0.27012303471565247,-2.1948370933532715,0.5023670046820946,0.4565541893944434,0,0,0,0.12,0.01,0.0,0.01,0.1,0.9,-1.2,0.0,0,0,1,0,0.675,0.44
300,2,-0.02902200259268284,-0.42316505312919617,0.0173665601760149,0.28830012956973905,0.24751624187114843,0,0,0,0.12,0.01,0.0,0.01,0.1,0.9,-1.2,0.0,0,0,1,0,0.675,0.44
300,3,-0.9146454930305481,0.4291181266307831,3.088688611984253,0.16012107854465782,-0.0430786860523635,0,0,0,0.12,0.01,0.0,0.01,0.1,0.9,-1.2,0.0,0,0,1,0,0.675,0.44
300,4,-0.5272066593170166,-0.4224485158920288,0.0539914034307003,0.3390114251418141,-0.081609481935027,0,0,0,0.12,0.01,0.0,0.01,0.1,0.9,-1.2,0.0,0,0,1,0,0.675,0.44
300,5,-0.8241939544677734,-0.13091856241226196,-2.390880584716797,0.44193305952538253,0.4724186422110677,0,0,0,0.12,0.01,0.0,0.01,0.1,0.9,-1.2,0.0,0,0,1,0,0.675,0.44
300,6,-0.04247260466217995,-0.006980900652706623,0.19969387352466583,0.37094480777766053,0.4577231905362433,0,0,0,0.12,0.01,0.0,0.01,0.1,0.9,-1.2,0.0,0,0,1,0,0.675,0.44
300,7,-0.25168296694755554,0.4267176389694214,-0.043119657784700394,0.35420083350367937,0.35082567387394514,0,0,0,0.12,0.01,0.0,0.01,0.1,0.9,-1.2,0.0,0,0,1,0,0.675,0.44
301,0,-0.4546862244606018,0.14937828481197357,-2.102141857147217,0.3388556789105296,0.42788118613311055,0,0,0,0.12,0.01,0.0,0.01,0.1,0.9,-1.2,0.0,0,0,1,0,0.675,0.44
301,1,-0.9278904795646667,0.2693459093570709,-2.19639253616333,0.5034360051933299,0.45602031938400167,0,0,0,0.12,0.01,0.0,0.01,0.1,0.9,-1.2,0.0,0,0,1,0,0.675,0.44
301,2,-0.028484053909778595,-0.42315608263015747,0.01588432677090168,0.2853269841346824,0.24868271091841826,0,0,0,0.12,0.01,0.0,0.01,0.1,0.9,-1.2,0.0,0,0,1,0,0.675,0.44
301,3,-0.9147720336914062,0.4291256070137024,3.0809240341186523,0.1339228434567281,-0.025118490875227092,0,0,0,0.12,0.01,0.0,0.01,0.1,0.9,-1.2,0.0,0,0,1,0,0.675,0.44
301,4,-0.5269525647163391,-0.42243751883506775,0.036016739904880524,0.29396450299727145,-0.03412017006384554,0,0,0,0.12,0.01,0.0,0.01,0.1,0.9,-1.2,0.0,0,0,1,0,0.675,0.44
301,5,-0.8248619437217712,-0.1315423548221588,-2.3898582458496094,0.4413562494724811,0.47330563483538035,0,0,0,0.12,0.01,0.0,0.01,0.1,0.9,-1.2,0.0,0,0,1,0,0.675,0.44
301,6,-0.04165131226181984,-0.006813427433371544,0.2031211405992508,0.371351816223944,0.4562102775107973,0,0,0,0.12,0.01,0.0,0.01,0.1,0.9,-1.2,0.0,0,0,1,0,0.675,0.44
301,7,-0.2509750723838806,0.42668718099594116,-0.04302294924855232,0.35448790054757434,0.3475422217325465,0,0,0,0.12,0.01,0.0,0.01,0.1,0.9,-1.2,0.0,0,0,1,0,0.675,0.44
302,0,-0.4550764262676239,0.14871223270893097,-2.0990898609161377,0.3355677474995496,0.42632737264434084,0,0,0,0.12,0.01,0.0,0.01,0.1,0.9,-1.2,0.0,0,0,1,0,0.675,0.44
302,1,-0.9284524917602539,0.2685692608356476,-2.198004961013794,0.5045023550640867,0.45548063615448026,0,0,0,0.12,0.01,0.0,0.01,0.1,0.9,-1.2,0.0,0,0,1,0,0.675,0.44
302,2,-0.02794792503118515,-0.423147976398468,0.01449089776724577,0.2814672376453182,0.2507558081806401,0,0,0,0.12,0.01,0.0,0.01,0.1,0.9,-1.2,0.0,0,0,1,0,0.675,0.44
302,3,-0.9148904085159302,0.42913347482681274,3.073648452758789,0.09998590075581751,0.00042612529188909955,0,0,0,0.12,0.01,0.0,0.01,0.1,0.9,-1.2,0.0,0,0,1,0,0.675,0.44
302,4,-0.5266957879066467,-0.42243102192878723,0.02075773850083351,0.24685997127324083,0.015271630298795916,0,0,0,0.12,0.01,0.0,0.01,0.1,0.9,-1.2,0.0,0,0,1,0,0.675,0.44
302,5,-0.8255295157432556,-0.13216710090637207,-2.388784885406494,0.4408111503551715,0.47414899559514584,0,0,0,0.12,0.01,0.0,0.01,0.1,0.9,-1.2,0.0,0,0,1,0,0.675,0.44
302,6,-0.04083186015486717,-0.0066434480249881744,0.20647644996643066,0.3717771098361599,0.45467818524974707,0,0,0,0.12,0.01,0.0,0.01,0.1,0.9,-1.2,0.0,0,0,1,0,0.675,0.44
302,7,-0.25027012825012207,0.4266568422317505,-0.04310421645641327,0.35411752666904595,0.3448702553324494,0,0,0,0.12,0.01,0.0,0.01,0.1,0.9,-1.2,0.0,0,0,1,0,0.675,0.44
303,0,-0.45546218752861023,0.14804910123348236,-2.095974922180176,0.3322702788364172,0.42473052511103154,0,0,0,0.12,0.01,0.0,0.01,0.1,0.9,-1.2,0.0,0,0,1,0,0.675,0.44
303,1,-0.92901611328125,0.26779311895370483,-2.199673652648926,0.5055735296747408,0.4549274855115691,0,0,0,0.12,0.01,0.0,0.01,0.1,0.9,-1.2,0.0,0,0,1,0,0.675,0.44
303,2,-0.027413591742515564,-0.42314067482948303,0.013237884268164635,0.2769583955386361,0.25349618047683625,0,0,0,0.12,0.01,0.0,0.01,0.1,0.9,-1.2,0.0,0,0,1,0,0.675,0.44
303,3,-0.9150005578994751,0.4291413724422455,3.0677480697631836,0.06419329272391557,0.027684801055171498,0,0,0,0.12,0.01,0.0,0.01,0.1,0.9,-1.2,0.0,0,0,1,0,0.675,0.44
303,4,-0.526436448097229,-0.42242786288261414,0.008609435521066189,0.20157555447507866,0.06268604888032901,0,0,0,0.12,0.01,0.0,0.01,0.1,0.9,-1.2,0.0,0,0,1,0,0.675,0.44
303,5,-0.826196551322937,-0.13279281556606293,-2.387660264968872,0.4403245596640936,0.4749224634415277,0,0,0,0.12,0.01,0.0,0.01,0.1,0.9,-1.2,0.0,0,0,1,0,0.675,0.44
303,6,-0.040014252066612244,-0.006471020169556141,0.20975759625434875,0.37220626807237406,0.4531412150857375,0,0,0,0.12,0.01,0.0,0.01,0.1,0.9,-1.2,0.0,0,0,1,0,0.675,0.44
303,7,-0.2495681345462799,0.4266265034675598,-0.04337797313928604,0.3528529507385894,0.34304754908211976,0,0,0,0.12,0.01,0.0,0.01,0.1,0.9,-1.2,0.0,0,0,1,0,0.675,0.44
304,0,-0.45584341883659363,0.14738894999027252,-2.0927979946136475,0.3289688613124162,0.42308696249053174,0,0,0,0.12,0.01,0.0,0.01,0.1,0.9,-1.2,0.0,0,0,1,0,0.675,0.44
304,1,-0.929581344127655,0.26701751351356506,-2.2013981342315674,0.5066506340526233,0.45435994124187135,0,0,0,0.12,0.01,0.0,0.01,0.1,0.9,-1.2,0.0,0,0,1,0,0.675,0.44
304,2,-0.026881039142608643,-0.42313405871391296,0.012085256166756153,0.2718139421256986,0.25688962824020717,0,0,0,0.12,0.01,0.0,0.01,0.1,0.9,-1.2,0.0,0,0,1,0,0.675,0.44
304,3,-0.9151023626327515,0.4291490614414215,3.0638270378112793,0.030789585163907875,0.052427082011385094,0,0,0,0.12,0.01,0.0,0.01,0.1,0.9,-1.2,0.0,0,0,1,0,0.675,0.44
304,4,-0.5261747241020203,-0.42242711782455444,-0.0003523216291796416,0.16044873513729402,0.10580560050456696,0,0,0,0.12,0.01,0.0,0.01,0.1,0.9,-1.2,0.0,0,0,1,0,0.675,0.44
304,5,-0.8268631100654602,-0.13341949880123138,-2.3864855766296387,0.43991583853950417,0.4756071540714272,0,0,0,0.12,0.01,0.0,0.01,0.1,0.9,-1.2,0.0,0,0,1,0,0.675,0.44
304,6,-0.039198484271764755,-0.006296205334365368,0.2129632830619812,0.37263155766399925,0.4516075175198691,0,0,0,0.12,0.01,0.0,0.01,0.1,0.9,-1.2,0.0,0,0,1,0,0.675,0.44
304,7,-0.24886921048164368,0.42659613490104675,-0.043725498020648956,0.3510593382452918,0.34170917591104977,0,0,0,0.12,0.01,0.0,0.01,0.1,0.9,-1.2,0.0,0,0,1,0,0.675,0.44
305,0,-0.4562200903892517,0.14673180878162384,-2.089560031890869,0.32566341089154827,0.42139861656282795,0,0,0,0.12,0.01,0.0,0.01,0.1,0.9,-1.2,0.0,0,0,1,0,0.675,0.44
305,1,-0.9301482439041138,0.26624244451522827,-2.203179359436035,0.5077325107331413,0.4537793396239145,0,0,0,0.12,0.01,0.0,0.01,0.1,0.9,-1.2,0.0,0,0,1,0,0.675,0.44
305,2,-0.026350248605012894,-0.4231279790401459,0.011118912138044834,0.2664821578200609,0.2604863213364332,0,0,0,0.12,0.01,0.0,0.01,0.1,0.9,-1.2,0.0,0,0,1,0,0.675,0.44
305,3,-0.9151957035064697,0.4291563630104065,3.0620930194854736,0.002830610451605447,0.07161079269895301,0,0,0,0.12,0.01,0.0,0.01,0.1,0.9,-1.2,0.0,0,0,1,0,0.675,0.44
305,4,-0.5259108543395996,-0.42242804169654846,-0.00605677580460906,0.12537328642481033,0.14276533085233506,0,0,0,0.12,0.01,0.0,0.01,0.1,0.9,-1.2,0.0,0,0,1,0,0.675,0.44
305,5,-0.8275291323661804,-0.13404715061187744,-2.385265588760376,0.4395822747749438,0.47620583929594845,0,0,0,0.12,0.01,0.0,0.01,0.1,0.9,-1.2,0.0,0,0,1,0,0.675,0.44
305,6,-0.038384560495615005,-0.006119073368608952,0.21609297394752502,0.3730450130641157,0.45008493888977225,0,0,0,0.12,0.01,0.0,0.01,0.1,0.9,-1.2,0.0,0,0,1,0,0.675,0.44
305,7,-0.24817335605621338,0.42656564712524414,-0.044035788625478745,0.34897967156216286,0.3406123918648086,0,0,0,0.12,0.01,0.0,0.01,0.1,0.9,-1.2,0.0,0,0,1,0,0.675,0.44
306,0,-0.4565922021865845,0.1460777223110199,-2.0862627029418945,0.32235371392949397,0.4196685619951887,0,0,0,0.12,0.01,0.0,0.01,0.1,0.9,-1.2,0.0,0,0,1,0,0.675,0.44
306,1,-0.930716872215271,0.2654680013656616,-2.2050178050994873,0.5088204915966545,0.45318446798662787,0,0,0,0.12,0.01,0.0,0.01,0.1,0.9,-1.2,0.0,0,0,1,0,0.675,0.44
306,2,-0.025821203365921974,-0.4231222867965698,0.010524104349315166,0.2617301240641792,0.26351834385803147,0,0,0,0.12,0.01,0.0,0.01,0.1,0.9,-1.2,0.0,0,0,1,0,0.675,0.44
306,3,-0.9152803421020508,0.4291631281375885,3.0624473094940186,-0.01681985349677788,0.08238166214250313,0,0,0,0.12,0.01,0.0,0.01,0.1,0.9,-1.2,0.0,0,0,1,0,0.675,0.44
306,4,-0.5256450176239014,-0.42242997884750366,-0.00871190708130598,0.0971798918795515,0.17276546139002552,0,0,0,0.12,0.01,0.0,0.01,0.1,0.9,-1.2,0.0,0,0,1,0,0.675,0.44
306,5,-0.8281946778297424,-0.1346758008003235,-2.3840067386627197,0.43930932578158544,0.47673324051785304,0,0,0,0.12,0.01,0.0,0.01,0.1,0.9,-1.2,0.0,0,0,1,0,0.675,0.44
306,6,-0.0375724658370018,-0.005939701572060585,0.21914637088775635,0.37343841574483666,0.44858193614191255,0,0,0,0.12,0.01,0.0,0.01,0.1,0.9,-1.2,0.0,0,0,1,0,0.675,0.44
306,7,-0.2474806308746338,0.4265350103378296,-0.044338252395391464,0.34645442185223535,0.33991785826861426,0,0,0,0.12,0.01,0.0,0.01,0.1,0.9,-1.2,0.0,0,0,1,0,0.675,0.44
307,0,-0.45695963501930237,0.14542672038078308,-2.0829076766967773,0.31906570559849307,0.41787175768504575,0,0,0,0.12,0.01,0.0,0.01,0.1,0.9,-1.2,0.0,0,0,1,0,0.675,0.44
307,1,-0.9312871694564819,0.2646941840648651,-2.2069144248962402,0.5098994379138271,0.45259058426863746,0,0,0,0.12,0.01,0.0,0.01,0.1,0.9,-1.2,0.0,0,0,1,0,0.675,0.44
307,2,-0.02529389038681984,-0.4231168329715729,0.010312866419553757,0.2577839424991344,0.2657617995357778,0,0,0,0.12,0.01,0.0,0.01,0.1,0.9,-1.2,0.0,0,0,1,0,0.675,0.44
307,3,-0.9153563380241394,0.4291691482067108,3.0645391941070557,-0.022487107794753044,0.07907969890164468,0,0,0,0.12,0.01,0.0,0.01,0.1,0.9,-1.2,0.0,0,0,1,0,0.675,0.44
307,4,-0.5253772139549255,-0.4224323332309723,-0.008540990762412548,0.07649475512537517,0.19520595493283713,0,0,0,0.12,0.01,0.0,0.01,0.1,0.9,-1.2,0.0,0,0,1,0,0.675,0.44
307,5,-0.8288595676422119,-0.13530544936656952,-2.38271427154541,0.43908576408809996,0.4772010024409833,0,0,0,0.12,0.01,0.0,0.01,0.1,0.9,-1.2,0.0,0,0,1,0,0.675,0.44
307,6,-0.03676324710249901,-0.00575841823592782,0.22208599746227264,0.37366757552440744,0.4472431166905583,0,0,0,0.12,0.01,0.0,0.01,0.1,0.9,-1.2,0.0,0,0,1,0,0.675,0.44
307,7,-0.24679109454154968,0.42650431394577026,-0.044672634452581406,0.3434733011097373,0.3396373532443582,0,0,0,0.12,0.01,0.0,0.01,0.1,0.9,-1.2,0.0,0,0,1,0,0.675,0.44
308,0,-0.4573224186897278,0.14477886259555817,-2.079495906829834,0.3159180528377358,0.41589192087899995,0,0,0,0.12,0.01,0.0,0.01,0.1,0.9,-1.2,0.0,0,0,1,0,0.675,0.44
308,1,-0.9318592548370361,0.2639210522174835,-2.2088699340820312,0.5109748442330497,0.4519923727354866,0,0,0,0.12,0.01,0.0,0.01,0.1,0.9,-1.2,0.0,0,0,1,0,0.675,0.44
308,2,-0.024768322706222534,-0.4231114685535431,0.010332529433071613,0.2543925033700668,0.2674765600073136,0,0,0,0.12,0.01,0.0,0.01,0.1,0.9,-1.2,0.0,0,0,1,0,0.675,0.44
308,3,-0.9154234528541565,0.4291742146015167,3.0678164958953857,-0.003801641939768399,0.05133916619289836,0,0,0,0.12,0.01,0.0,0.01,0.1,0.9,-1.2,0.0,0,0,1,0,0.675,0.44
308,4,-0.5251076221466064,-0.4224344491958618,-0.006087206769734621,0.06309792485915569,0.21032494220055195,0,0,0,0.12,0.01,0.0,0.01,0.1,0.9,-1.2,0.0,0,0,1,0,0.675,0.44
308,5,-0.8295238614082336,-0.13593612611293793,-2.381392240524292,0.43891239137456095,0.47760838298991054,0,0,0,0.12,0.01,0.0,0.01,0.1,0.9,-1.2,0.0,0,0,1,0,0.675,0.44
308,6,-0.03596102073788643,-0.005576235707849264,0.22477860748767853,0.3732501925734576,0.4465532837601606,0,0,0,0.12,0.01,0.0,0.01,0.1,0.9,-1.2,0.0,0,0,1,0,0.675,0.44
308,7,-0.24610476195812225,0.42647355794906616,-0.0449628084897995,0.3402597704478255,0.33954962105074016,0,0,0,0.12,0.01,0.0,0.01,0.1,0.9,-1.2,0.0,0,0,1,0,0.675,0.44
309,0,-0.45768049359321594,0.14413417875766754,-2.0760302543640137,0.31282620355242846,0.41381598785763624,0,0,0,0.12,0.01,0.0,0.01,0.1,0.9,-1.2,0.0,0,0,1,0,0.675,0.44
309,1,-0.9324331879615784,0.2631486654281616,-2.210883855819702,0.5120419708068851,0.4513948115531918,0,0,0,0.12,0.01,0.0,0.01,0.1,0.9,-1.2,0.0,0,0,1,0,0.675,0.44
309,2,-0.024244463071227074,-0.4231060743331909,0.010520589537918568,0.2514661432296387,0.26874519576724853,0,0,0,0.12,0.01,0.0,0.01,0.1,0.9,-1.2,0.0,0,0,1,0,0.675,0.44
309,3,-0.915481686592102,0.42917829751968384,3.071373701095581,0.052711584181593385,-0.014316931874559848,0,0,0,0.12,0.01,0.0,0.01,0.1,0.9,-1.2,0.0,0,0,1,0,0.675,0.44
309,4,-0.5248362421989441,-0.42243561148643494,-0.0023020412772893906,0.05564830769418584,0.21947043071867123,0,0,0,0.12,0.01,0.0,0.01,0.1,0.9,-1.2,0.0,0,0,1,0,0.675,0.44
309,5,-0.8301874399185181,-0.1365678906440735,-2.380044937133789,0.4387875701934313,0.47795713882146124,0,0,0,0.12,0.01,0.0,0.01,0.1,0.9,-1.2,0.0,0,0,1,0,0.675,0.44
309,6,-0.03516276180744171,-0.005392362829297781,0.2274429053068161,0.373019592829722,0.44567803852937843,0,0,0,0.12,0.01,0.0,0.01,0.1,0.9,-1.2,0.0,0,0,1,0,0.675,0.44
309,7,-0.24542169272899628,0.4264427721500397,-0.04510851949453354,0.3372173098741573,0.33925177772655074,0,0,0,0.12,0.01,0.0,0.01,0.1,0.9,-1.2,0.0,0,0,1,0,0.675,0.44
310,0,-0.45803385972976685,0.14349274337291718,-2.0725204944610596,0.3098195325609197,0.41161512024440866,0,0,0,0.12,0.01,0.0,0.01,0.1,0.9,-1.2,0.0,0,0,1,0,0.675,0.44
310,1,-0.9330089688301086,0.2623770833015442,-2.212956190109253,0.5130937075628881,0.4508051300034877,0,0,0,0.12,0.01,0.0,0.01,0.1,0.9,-1.2,0.0,0,0,1,0,0.675,0.44
310,2,-0.02372228540480137,-0.4231005012989044,0.010917316190898418,0.24935387180929064,0.2692233462464345,0,0,0,0.12,0.01,0.0,0.01,0.1,0.9,-1.2,0.0,0,0,1,0,0.675,0.44
310,3,-0.9155309200286865,0.42918160557746887,3.0736448764801025,0.16697786536959044,-0.1378219963326775,0,0,0,0.12,0.01,0.0,0.01,0.1,0.9,-1.2,0.0,0,0,1,0,0.675,0.44
310,4,-0.5245631337165833,-0.4224354326725006,0.003436471102759242,0.05670648950236995,0.22009035807949343,0,0,0,0.12,0.01,0.0,0.01,0.1,0.9,-1.2,0.0,0,0,1,0,0.675,0.44
310,5,-0.8308503031730652,-0.1372007429599762,-2.378676652908325,0.43870256965013305,0.47825612003950324,0,0,0,0.12,0.01,0.0,0.01,0.1,0.9,-1.2,0.0,0,0,1,0,0.675,0.44
310,6,-0.03437066078186035,-0.00520764896646142,0.23025353252887726,0.3736833256927554,0.4439115601333554,0,0,0,0.12,0.01,0.0,0.01,0.1,0.9,-1.2,0.0,0,0,1,0,0.675,0.44
310,7,-0.24474191665649414,0.42641210556030273,-0.04511870816349983,0.33452623825430783,0.33856606740594003,0,0,0,0.12,0.01,0.0,0.01,0.1,0.9,-1.2,0.0,0,0,1,0,0.675,0.44
311,0,-0.4583824872970581,0.14285457134246826,-2.0689733028411865,0.30676079262530315,0.40942978392804164,0,0,0,0.12,0.01,0.0,0.01,0.1,0.9,-1.2,0.0,0,0,1,0,0.675,0.44
311,1,-0.9335867166519165,0.2616063356399536,-2.2150871753692627,0.51412628023488,0.45022745998042135,0,0,0,0.12,0.01,0.0,0.01,0.1,0.9,-1.2,0.0,0,0,1,0,0.675,0.44
311,2,-0.023201769217848778,-0.4230946898460388,0.011518945917487144,0.2480592883635293,0.2688975774239768,0,0,0,0.12,0.01,0.0,0.01,0.1,0.9,-1.2,0.0,0,0,1,0,0.675,0.44
311,3,-0.9155710935592651,0.4291843771934509,3.0721466541290283,0.39898175753696874,-0.37916008018001035,0,0,0,0.12,0.01,0.0,0.01,0.1,0.9,-1.2,0.0,0,0,1,0,0.675,0.44
311,4,-0.5242883563041687,-0.42243367433547974,0.008715517818927765,0.059639903309677014,0.21879771113124097,0,0,0,0.12,0.01,0.0,0.01,0.1,0.9,-1.2,0.0,0,0,1,0,0.675,0.44
311,5,-0.831512451171875,-0.13783468306064606,-2.377291679382324,0.43864249573114983,0.4785201610529079,0,0,0,0.12,0.01,0.0,0.01,0.1,0.9,-1.2,0.0,0,0,1,0,0.675,0.44
311,6,-0.03358009085059166,-0.0050209686160087585,0.2330409735441208,0.3744934215226368,0.44199853995655014,0,0,0,0.12,0.01,0.0,0.01,0.1,0.9,-1.2,0.0,0,0,1,0,0.675,0.44
311,7,-0.24406546354293823,0.42638155817985535,-0.04507554695010185,0.3319325780485905,0.3377465272332394,0,0,0,0.12,0.01,0.0,0.01,0.1,0.9,-1.2,0.0,0,0,1,0,0.675,0.44
312,0,-0.45872634649276733,0.14221973717212677,-2.0653953552246094,0.30361915319076865,0.40729349167236,0,0,0,0.12,0.01,0.0,0.01,0.1,0.9,-1.2,0.0,0,0,1,0,0.675,0.44
312,1,-0.934166431427002,0.26083648204803467,-2.217275857925415,0.5151445585295378,0.4496571105912509,0,0,0,0.12,0.01,0.0,0.01,0.1,0.9,-1.2,0.0,0,0,1,0,0.675,0.44
312,2,-0.02268289402127266,-0.42308855056762695,0.012220470234751701,0.24736356741550186,0.2679865955674388,0,0,0,0.12,0.01,0.0,0.01,0.1,0.9,-1.2,0.0,0,0,1,0,0.675,0.44
312,3,-0.9156020283699036,0.42918652296066284,3.0631117820739746,1.0615696282767813,-1.051142998942093,0,0,0,0.12,0.01,0.0,0.01,0.1,0.9,-1.2,0.0,0,0,1,0,0.675,0.44
312,4,-0.5240118503570557,-0.4224303662776947,0.0142512246966362,0.06641641156296879,0.213625014857243,0,0,0,0.12,0.01,0.0,0.01,0.1,0.9,-1.2,0.0,0,0,1,0,0.675,0.44
312,5,-0.8321738243103027,-0.13846972584724426,-2.375892162322998,0.43860084900791535,0.47875564208095184,0,0,0,0.12,0.01,0.0,0.01,0.1,0.9,-1.2,0.0,0,0,1,0,0.675,0.44
312,6,-0.032790906727313995,-0.0048323082737624645,0.23574765026569366,0.3752111759208045,0.4401773247696556,0,0,0,0.12,0.01,0.0,0.01,0.1,0.9,-1.2,0.0,0,0,1,0,0.675,0.44
312,7,-0.24339237809181213,0.42635124921798706,-0.04498971626162529,0.32957331241975074,0.3366580217896914,0,0,0,0.12,0.01,0.0,0.01,0.1,0.9,-1.2,0.0,0,0,1,0,0.675,0.44
313,0,-0.4590654671192169,0.1415882706642151,-2.06178617477417,0.30040125547430263,0.4052016884229447,0,0,0,0.12,0.01,0.0,0.01,0.1,0.9,-1.2,0.0,0,0,1,0,0.675,0.44
313,1,-0.9347481727600098,0.26006758213043213,-2.2195205688476562,0.5161623316179886,0.4490801138509139,0,0,0,0.12,0.01,0.0,0.01,0.1,0.9,-1.2,0.0,0,0,1,0,0.675,0.44
313,2,-0.02216564491391182,-0.42308205366134644,0.012938163243234158,0.24704224463486962,0.2667137921235533,0,0,0,0.12,0.01,0.0,0.01,0.1,0.9,-1.2,0.0,0,0,1,0,0.675,0.44
313,3,-0.9156237244606018,0.4291874170303345,3.039121150970459,3.9631167016835973,-3.962025066130431,0,0,0,0.12,0.01,0.0,0.01,0.1,0.9,-1.2,0.0,0,0,1,0,0.675,0.44
313,4,-0.5237337350845337,-0.4224255681037903,0.01983996294438839,0.07626145337742063,0.20534152532893923,0,0,0,0.12,0.01,0.0,0.01,0.1,0.9,-1.2,0.0,0,0,1,0,0.675,0.44
313,5,-0.8328344821929932,-0.13910582661628723,-2.3744802474975586,0.43855808226547066,0.47898240836181816,0,0,0,0.12,0.01,0.0,0.01,0.1,0.9,-1.2,0.0,0,0,1,0,0.675,0.44
313,6,-0.032003048807382584,-0.004641726613044739,0.23835188150405884,0.3757439753307251,0.4385406473384949,0,0,0,0.12,0.01,0.0,0.01,0.1,0.9,-1.2,0.0,0,0,1,0,0.675,0.44
313,7,-0.24272269010543823,0.4263211786746979,-0.04478941485285759,0.3276967928577585,0.3350535108875113,0,0,0,0.12,0.01,0.0,0.01,0.1,0.9,-1.2,0.0,0,0,1,0,0.675,0.44
314,0,-0.4593998193740845,0.1409602016210556,-2.0581421852111816,0.29709287615176727,0.4031720545733304,0,0,0,0.12,0.01,0.0,0.01,0.1,0.9,-1.2,0.0,0,0,1,0,0.675,0.44
314,1,-0.9353318810462952,0.2592996060848236,-2.2218210697174072,0.5172311886931564,0.4484452381943557,0,0,0,0.12,0.01,0.0,0.01,0.1,0.9,-1.2,0.0,0,0,1,0,0.675,0.44
314,2,-0.021650008857250214,-0.4230751693248749,0.013670528307557106,0.24713305681373196,0.2650410130677073,0,0,0,0.12,0.01,0.0,0.01,0.1,0.9,-1.2,0.0,0,0,1,0,0.675,0.44
314,3,-0.9156352281570435,0.429185688495636,2.9742848873138428,6.28,-6.28,0,0,0,0.12,0.01,0.0,0.01,0.1,0.9,-1.2,0.0,0,0,1,0,0.675,0.44
314,4,-0.5234540700912476,-0.42241939902305603,0.02516724169254303,0.08796202680996615,0.19515458204814234,0,0,0,0.12,0.01,0.0,0.01,0.1,0.9,-1.2,0.0,0,0,1,0,0.675,0.44
314,5,-0.8334944248199463,-0.13974297046661377,-2.373058557510376,0.43848916509410085,0.47922584793309025,0,0,0,0.12,0.01,0.0,0.01,0.1,0.9,-1.2,0.0,0,0,1,0,0.675,0.44
314,6,-0.03121650218963623,-0.00444931723177433,0.24085716903209686,0.37610107812776894,0.43707907047376293,0,0,0,0.12,0.01,0.0,0.01,0.1,0.9,-1.2,0.0,0,0,1,0,0.675,0.44
314,7,-0.2420564442873001,0.42629143595695496,-0.04449036717414856,0.32637654984803716,0.3328608945527502,0,0,0,0.12,0.01,0.0,0.01,0.1,0.9,-1.2,0.0,0,0,1,0,0.675,0.44
315,0,-0.4597293734550476,0.14033560454845428,-2.0544583797454834,0.2934421304492428,0.4014645215244816,0,0,0,0.12,0.01,0.0,0.01,0.1,0.9,-1.2,0.0,0,0,1,0,0.675,0.44
315,1,-0.9359176754951477,0.2585326135158539,-2.224177122116089,0.5191570282492532,0.4469574331727134,0,0,0,0.12,0.01,0.0,0.01,0.1,0.9,-1.2,0.0,0,0,1,0,0.675,0.44
315,2,-0.021135976538062096,-0.42306798696517944,0.014414919540286064,0.2475274483704919,0.2630773504233008,0,0,0,0.12,0.01,0.0,0.01,0.1,0.9,-1.2,0.0,0,0,1,0,0.675,0.44
315,3,-0.9156184792518616,0.42917829751968384,2.735055685043335,5.950099147624354,-5.962193432032149,0,0,0,0.12,0.01,0.0,0.01,0.1,0.9,-1.2,0.0,0,0,1,0,0.675,0.44
315,4,-0.5231727957725525,-0.42241185903549194,0.029862046241760254,0.10037730423666687,0.1842004230811432,0,0,0,0.12,0.01,0.0,0.01,0.1,0.9,-1.2,0.0,0,0,1,0,0.675,0.44
315,5,-0.8341535925865173,-0.14038114249706268,-2.3716278076171875,0.43836531671080314,0.47951712576356204,0,0,0,0.12,0.01,0.0,0.01,0.1,0.9,-1.2,0.0,0,0,1,0,0.675,0.44
315,6,-0.03043128363788128,-0.004255178850144148,0.24327541887760162,0.3763272204858952,0.4357479176061459,0,0,0,0.12,0.01,0.0,0.01,0.1,0.9,-1.2,0.0,0,0,1,0,0.675,0.44
315,7,-0.24139364063739777,0.4262620210647583,-0.044209763407707214,0.3252082372563547,0.33048618784969386,0,0,0,0.12,0.01,0.0,0.01,0.1,0.9,-1.2,0.0,0,0,1,0,0.675,0.44
316,0,-0.4600541293621063,0.13971447944641113,-2.0507302284240723,0.29032974288149777,0.3991947884829432,0,0,0,0.12,0.01,0.0,0.01,0.1,0.9,-1.2,0.0,0,0,1,0,0.675,0.44
316,1,-0.9365054368972778,0.2577666640281677,-2.2265923023223877,0.5198133139674325,0.4467244596417289,0,0,0,0.12,0.01,0.0,0.01,0.1,0.9,-1.2,0.0,0,0,1,0,0.675,0.44
316,2,-0.02062353305518627,-0.42306044697761536,0.015099216252565384,0.24807325623153734,0.2609735367524715,0,0,0,0.12,0.01,0.0,0.01,0.1,0.9,-1.2,0.0,0,0,1,0,0.675,0.44
316,3,-0.9156131744384766,0.42919814586639404,2.3181545734405518,6.101197019821461,-6.11744758919483,0,0,0,0.12,0.01,0.0,0.01,0.1,0.9,-1.2,0.0,0,0,1,0,0.675,0.44
316,4,-0.5228900909423828,-0.4224030077457428,0.03373691812157631,0.11280168247112146,0.17318435359111914,0,0,0,0.12,0.01,0.0,0.01,0.1,0.9,-1.2,0.0,0,0,1,0,0.675,0.44
316,5,-0.8348120450973511,-0.14102035760879517,-2.3701863288879395,0.438442368141121,0.4795883110848006,0,0,0,0.12,0.01,0.0,0.01,0.1,0.9,-1.2,0.0,0,0,1,0,0.675,0.44
316,6,-0.02964741364121437,-0.0040594046004116535,0.2456202358007431,0.37647297947986713,0.43449679047481427,0,0,0,0.12,0.01,0.0,0.01,0.1,0.9,-1.2,0.0,0,0,1,0,0.675,0.44
316,7,-0.24073433876037598,0.4262329638004303,-0.04400692507624626,0.3240358625567295,0.3280863965832852,0,0,0,0.12,0.01,0.0,0.01,0.1,0.9,-1.2,0.0,0,0,1,0,0.675,0.44
317,0,-0.46037405729293823,0.13909688591957092,-2.0469374656677246,0.2906406624785508,0.39345299167718034,0,0,0,0.12,0.01,0.0,0.01,0.1,0.9,-1.2,0.0,0,0,1,0,0.675,0.44
317,1,-0.9370954036712646,0.2570017874240875,-2.2291152477264404,0.5121795476526214,0.4547055422216461,0,0,0,0.12,0.01,0.0,0.01,0.1,0.9,-1.2,0.0,0,0,1,0,0.675,0.44
317,2,-0.020112669095396996,-0.4230526387691498,0.0156561229377985,0.24845815418309064,0.25904291154795794,0,0,0,0.12,0.01,0.0,0.01,0.1,0.9,-1.2,0.0,0,0,1,0,0.675,0.44
317,3,-0.9157506227493286,0.4293460249900818,2.135350465774536,-6.28,6.28,0,0,0,0.12,0.01,0.0,0.01,0.1,0.9,-1.2,0.0,0,0,1,0,0.675,0.44
317,4,-0.5226059556007385,-0.4223930239677429,0.036805883049964905,0.12488931587178315,0.16245281526606475,0,0,0,0.12,0.01,0.0,0.01,0.1,0.9,-1.2,0.0,0,0,1,0,0.675,0.44
317,5,-0.8354696035385132,-0.1416606456041336,-2.368730306625366,0.4394771770912899,0.47864517407829626,0,0,0,0.12,0.01,0.0,0.01,0.1,0.9,-1.2,0.0,0,0,1,0,0.675,0.44
317,6,-0.028864901512861252,-0.0038620696868747473,0.24790336191654205,0.37658391736950303,0.43328024602923965,0,0,0,0.12,0.01,0.0,0.01,0.1,0.9,-1.2,0.0,0,0,1,0,0.675,0.44
317,7,-0.24007856845855713,0.4262041747570038,-0.04382292553782463,0.32291860670626626,0.3256031742614462,0,0,0,0.12,0.01,0.0,0.01,0.1,0.9,-1.2,0.0,0,0,1,0,0.675,0.44
318,0,-0.4606891870498657,0.13848285377025604,-2.0431067943573,0.2881278477181861,0.3905338563452294,0,0,0,0.12,0.01,0.0,0.01,0.1,0.9,-1.2,0.0,0,0,1,0,0.675,0.44
318,1,-0.9376875758171082,0.25623807311058044,-2.231686592102051,0.511044552671671,0.45622981513762456,0,0,0,0.12,0.01,0.0,0.01,0.1,0.9,-1.2,0.0,0,0,1,0,0.675,0.44
318,2,-0.019603369757533073,-0.4230445921421051,0.016097791492938995,0.24868774505117933,0.25727927593728506,0,0,0,0.12,0.01,0.0,0.01,0.1,0.9,-1.2,0.0,0,0,1,0,0.675,0.44
318,3,-0.9157618880271912,0.4293662905693054,1.9670546054840088,6.28,-6.28,0,0,0,0.12,0.01,0.0,0.01,0.1,0.9,-1.2,0.0,0,0,1,0,0.675,0.44
318,4,-0.5223204493522644,-0.422382116317749,0.0391167551279068,0.13634581143543437,0.15230243628337664,0,0,0,0.12,0.01,0.0,0.01,0.1,0.9,-1.2,0.0,0,0,1,0,0.675,0.44
318,5,-0.8361263871192932,-0.1423020362854004,-2.367271900177002,0.4395336143998244,0.47871295284947357,0,0,0,0.12,0.01,0.0,0.01,0.1,0.9,-1.2,0.0,0,0,1,0,0.675,0.44
318,6,-0.028083758428692818,-0.0036632318515330553,0.25013190507888794,0.37668558546222924,0.4320726733573508,0,0,0,0.12,0.01,0.0,0.01,0.1,0.9,-1.2,0.0,0,0,1,0,0.675,0.44
318,7,-0.2394263595342636,0.42617568373680115,-0.043624501675367355,0.3220080301389412,0.3228862717523857,0,0,0,0.12,0.01,0.0,0.01,0.1,0.9,-1.2,0.0,0,0,1,0,0.675,0.44
319,0,-0.4609995484352112,0.13787244260311127,-2.0394394397735596,0.2848119331801246,0.3884010122811486,0,0,0,0.12,0.01,0.0,0.01,0.1,0.9,-1.2,0.0,0,0,1,0,0.675,0.44
319,1,-0.9382818937301636,0.25547555088996887,-2.233825922012329,0.5129523167100069,0.45470310359333793,0,0,0,0.12,0.01,0.0,0.01,0.1,0.9,-1.2,0.0,0,0,1,0,0.675,0.44
319,2,-0.01909562386572361,-0.4230363070964813,0.01648319885134697,0.24894537247267032,0.2554992862835858,0,0,0,0.12,0.01,0.0,0.01,0.1,0.9,-1.2,0.0,0,0,1,0,0.675,0.44
319,3,-0.9157639145851135,0.42937448620796204,2.2525532245635986,-6.28,6.28,0,0,0,0.12,0.01,0.0,0.01,0.1,0.9,-1.2,0.0,0,0,1,0,0.675,0.44
319,4,-0.5220335721969604,-0.422370582818985,0.04064018651843071,0.14649613023532956,0.14341055034862432,0,0,0,0.12,0.01,0.0,0.01,0.1,0.9,-1.2,0.0,0,0,1,0,0.675,0.44
319,5,-0.8367822170257568,-0.14294447004795074,-2.3658692836761475,0.43917378943922003,0.47918942409990345,0,0,0,0.12,0.01,0.0,0.01,0.1,0.9,-1.2,0.0,0,0,1,0,0.675,0.44
319,6,-0.02730398438870907,-0.003462931839749217,0.2523079812526703,0.37678645804989735,0.4308657173765857,0,0,0,0.12,0.01,0.0,0.01,0.1,0.9,-1.2,0.0,0,0,1,0,0.675,0.44
319,7,-0.23877772688865662,0.4261474311351776,-0.04348599165678024,0.3209582146594571,0.32028279934429654,0,0,0,0.12,0.01,0.0,0.01,0.1,0.9,-1.2,0.0,0,0,1,0,0.675,0.44
320,0,-0.46130526065826416,0.13726575672626495,-2.03582501411438,0.28123675175735524,0.38651092461517284,0,0,0,0.12,0.01,0.0,0.01,0.1,0.9,-1.2,0.0,0,0,1,0,0.675,0.44
320,1,-0.9388779401779175,0.25471392273902893,-2.235780954360962,0.5159458835400664,0.4520769397936738,0,0,0,0.12,0.01,0.0,0.01,0.1,0.9,-1.2,0.0,0,0,1,0,0.675,0.44
320,2,-0.01858941838145256,-0.4230278730392456,0.016823220998048782,0.24915839571699475,0.2537761197592321,0,0,0,0.12,0.01,0.0,0.01,0.1,0.9,-1.2,0.0,0,0,1,0,0.675,0.44
320,3,-0.9157671928405762,0.42937296628952026,1.9706809520721436,6.28,-6.28,0,0,0,0.12,0.01,0.0,0.01,0.1,0.9,-1.2,0.0,0,0,1,0,0.675,0.44
320,4,-0.5217453837394714,-0.4223587214946747,0.04134943708777428,0.15467213355200946,0.13644720352989972,0,0,0,0.12,0.01,0.0,0.01,0.1,0.9,-1.2,0.0,0,0,1,0,0.675,0.44
320,5,-0.8374372720718384,-0.14358793199062347,-2.3644802570343018,0.438604710054516,0.47986662631023014,0,0,0,0.12,0.01,0.0,0.01,0.1,0.9,-1.2,0.0,0,0,1,0,0.675,0.44
320,6,-0.026525583118200302,-0.0032612020149827003,0.2544318437576294,0.3768862955374884,0.4296592004494501,0,0,0,0.12,0.01,0.0,0.01,0.1,0.9,-1.2,0.0,0,0,1,0,0.675,0.44
320,7,-0.23813271522521973,0.4261193871498108,-0.043475404381752014,0.3194954616797543,0.3180674689041995,0,0,0,0.12,0.01,0.0,0.01,0.1,0.9,-1.2,0.0,0,0,1,0,0.675,0.44
321,0,-0.46160635352134705,0.1366628259420395,-2.032179594039917,0.2777591168884289,0.3845141708847034,0,0,0,0.12,0.01,0.0,0.01,0.1,0.9,-1.2,0.0,0,0,1,0,0.675,0.44
321,1,-0.9394758343696594,0.2539531886577606,-2.237813711166382,0.5184928279775907,0.44988875571305265,0,0,0,0.12,0.01,0.0,0.01,0.1,0.9,-1.2,0.0,0,0,1,0,0.675,0.44
321,2,-0.01808474212884903,-0.42301931977272034,0.017079949378967285,0.24917425446833508,0.25226162142430403,0,0,0,0.12,0.01,0.0,0.01,0.1,0.9,-1.2,0.0,0,0,1,0,0.675,0.44
321,3,-0.915767252445221,0.42937448620796204,2.251763105392456,6.28,-6.28,0,0,0,0.12,0.01,0.0,0.01,0.1,0.9,-1.2,0.0,0,0,1,0,0.675,0.44
321,4,-0.5214559435844421,-0.42234671115875244,0.04133648797869682,0.1608074425130466,0.13148205295509305,0,0,0,0.12,0.01,0.0,0.01,0.1,0.9,-1.2,0.0,0,0,1,0,0.675,0.44
321,5,-0.8380914926528931,-0.144232377409935,-2.363067388534546,0.43809747715182445,0.48047041873745777,0,0,0,0.12,0.01,0.0,0.01,0.1,0.9,-1.2,0.0,0,0,1,0,0.675,0.44
321,6,-0.02574854902923107,-0.0030580738093703985,0.2565044164657593,0.37698624487597776,0.4284519756249683,0,0,0,0.12,0.01,0.0,0.01,0.1,0.9,-1.2,0.0,0,0,1,0,0.675,0.44
321,7,-0.23749135434627533,0.4260915219783783,-0.04352917894721031,0.3177839553804322,0.3160770499258117,0,0,0,0.12,0.01,0.0,0.01,0.1,0.9,-1.2,0.0,0,0,1,0,0.675,0.44
322,0,-0.46190279722213745,0.13606366515159607,-2.028477668762207,0.27458277901776135,0.38220497408740217,0,0,0,0.12,0.01,0.0,0.01,0.1,0.9,-1.2,0.0,0,0,1,0,0.675,0.44
322,1,-0.9400755167007446,0.2531934082508087,-2.240027666091919,0.5195598001085132,0.4491652255453259,0,0,0,0.12,0.01,0.0,0.01,0.1,0.9,-1.2,0.0,0,0,1,0,0.675,0.44
322,2,-0.017581580206751823,-0.4230106770992279,0.01725338213145733,0.2489544935292467,0.25099412726695697,0,0,0,0.12,0.01,0.0,0.01,0.1,0.9,-1.2,0.0,0,0,1,0,0.675,0.44
322,3,-0.9157752394676208,0.4293730556964874,1.9663609266281128,6.28,-6.28,0,0,0,0.12,0.01,0.0,0.01,0.1,0.9,-1.2,0.0,0,0,1,0,0.675,0.44
322,4,-0.5211653113365173,-0.4223347306251526,0.04080718010663986,0.165175151620308,0.1282435538431014,0,0,0,0.12,0.01,0.0,0.01,0.1,0.9,-1.2,0.0,0,0,1,0,0.675,0.44
322,5,-0.8387448787689209,-0.1448778212070465,-2.3616132736206055,0.43769362736623574,0.48095992039758867,0,0,0,0.12,0.01,0.0,0.01,0.1,0.9,-1.2,0.0,0,0,1,0,0.675,0.44
322,6,-0.02497287467122078,-0.0028535861056298018,0.25852692127227783,0.3770948397617329,0.427236045648576,0,0,0,0.12,0.01,0.0,0.01,0.1,0.9,-1.2,0.0,0,0,1,0,0.675,0.44
322,7,-0.23685365915298462,0.42606377601623535,-0.04354972019791603,0.31605277755855016,0.31408323547245565,0,0,0,0.12,0.01,0.0,0.01,0.1,0.9,-1.2,0.0,0,0,1,0,0.675,0.44
323,0,-0.4621945917606354,0.1354682743549347,-2.0247209072113037,0.2715933558705422,0.3797054651019004,0,0,0,0.12,0.01,0.0,0.01,0.1,0.9,-1.2,0.0,0,0,1,0,0.675,0.44
323,1,-0.9406771063804626,0.25243470072746277,-2.2424137592315674,0.519598203127711,0.44946168142047616,0,0,0,0.12,0.01,0.0,0.01,0.1,0.9,-1.2,0.0,0,0,1,0,0.675,0.44
323,2,-0.017079921439290047,-0.4230019748210907,0.017391029745340347,0.24861244005175415,0.249860846576969,0,0,0,0.12,0.01,0.0,0.01,0.1,0.9,-1.2,0.0,0,0,1,0,0.675,0.44
323,3,-0.9157805442810059,0.4293725788593292,1.7835463285446167,6.28,-6.28,0,0,0,0.12,0.01,0.0,0.01,0.1,0.9,-1.2,0.0,0,0,1,0,0.675,0.44
323,4,-0.520873486995697,-0.4223228991031647,0.039900679141283035,0.16796581187510007,0.12654184064603333,0,0,0,0.12,0.01,0.0,0.01,0.1,0.9,-1.2,0.0,0,0,1,0,0.675,0.44
323,5,-0.8393974304199219,-0.145524263381958,-2.3601198196411133,0.4374126808985082,0.48131537267128544,0,0,0,0.12,0.01,0.0,0.01,0.1,0.9,-1.2,0.0,0,0,1,0,0.675,0.44
323,6,-0.02419855259358883,-0.0026477868668735027,0.2604992985725403,0.3772069133766395,0.4260161005012291,0,0,0,0.12,0.01,0.0,0.01,0.1,0.9,-1.2,0.0,0,0,1,0,0.675,0.44
323,7,-0.23621965944766998,0.42603617906570435,-0.043564826250076294,0.31425640312220454,0.3121328619382203,0,0,0,0.12,0.01,0.0,0.01,0.1,0.9,-1.2,0.0,0,0,1,0,0.675,0.44
324,0,-0.4624817371368408,0.13487666845321655,-2.020928144454956,0.26870464108603886,0.37710608221870967,0,0,0,0.12,0.01,0.0,0.01,0.1,0.9,-1.2,0.0,0,0,1,0,0.675,0.44
324,1,-0.9412807822227478,0.25167718529701233,-2.2448832988739014,0.519259130636089,0.4501286390630077,0,0,0,0.12,0.01,0.0,0.01,0.1,0.9,-1.2,0.0,0,0,1,0,0.675,0.44
324,2,-0.016579754650592804,-0.4229932427406311,0.017508912831544876,0.2481666810871141,0.24884259625663593,0,0,0,0.12,0.01,0.0,0.01,0.1,0.9,-1.2,0.0,0,0,1,0,0.675,0.44
324,3,-0.9157805442810059,0.4293725788593292,1.7835454940795898,6.28,-6.28,0,0,0,0.12,0.01,0.0,0.01,0.1,0.9,-1.2,0.0,0,0,1,0,0.675,0.44
324,4,-0.5205804705619812,-0.42231133580207825,0.03866198658943176,0.1691028889013159,0.1264545206236017,0,0,0,0.12,0.01,0.0,0.01,0.1,0.9,-1.2,0.0,0,0,1,0,0.675,0.44
324,5,-0.8400490880012512,-0.1461717039346695,-2.3585939407348633,0.4372164309407618,0.48157522078500725,0,0,0,0.12,0.01,0.0,0.01,0.1,0.9,-1.2,0.0,0,0,1,0,0.675,0.44
324,6,-0.023425569757819176,-0.0024407305754721165,0.2624204754829407,0.3773181924158464,0.42479689032493734,0,0,0,0.12,0.01,0.0,0.01,0.1,0.9,-1.2,0.0,0,0,1,0,0.675,0.44
324,7,-0.23558937013149261,0.4260086715221405,-0.04364756494760513,0.3120494993923392,0.31057173883931977,0,0,0,0.12,0.01,0.0,0.01,0.1,0.9,-1.2,0.0,0,0,1,0,0.675,0.44
325,0,-0.4627642333507538,0.13428889214992523,-2.0171139240264893,0.26640219034833645,0.3739183491261509,0,0,0,0.12,0.01,0.0,0.01,0.1,0.9,-1.2,0.0,0,0,1,0,0.675,0.44
325,1,-0.9418865442276001,0.2509208619594574,-2.2473580837249756,0.5179502627212476,0.45175019294434077,0,0,0,0.12,0.01,0.0,0.01,0.1,0.9,-1.2,0.0,0,0,1,0,0.675,0.44
325,2,-0.01608107052743435,-0.4229845404624939,0.017524920403957367,0.24728868753805933,0.24826865046128457,0,0,0,0.12,0.01,0.0,0.01,0.1,0.9,-1.2,0.0,0,0,1,0,0.675,0.44
325,3,-0.9157949090003967,0.42939692735671997,1.4913910627365112,6.238814876935056,-6.28,0,0,0,0.12,0.01,0.0,0.01,0.1,0.9,-1.2,0.0,0,0,1,0,0.675,0.44
325,4,-0.5202863812446594,-0.4223001301288605,0.03718087822198868,0.16871168949403045,0.12785667441092255,0,0,0,0.12,0.01,0.0,0.01,0.1,0.9,-1.2,0.0,0,0,1,0,0.675,0.44
325,5,-0.8406997919082642,-0.14682020246982574,-2.3570432662963867,0.43723428329599046,0.4816021911226496,0,0,0,0.12,0.01,0.0,0.01,0.1,0.9,-1.2,0.0,0,0,1,0,0.675,0.44
325,6,-0.022653914988040924,-0.00223247311078012,0.26429036259651184,0.37742300908446563,0.423583904100654,0,0,0,0.12,0.01,0.0,0.01,0.1,0.9,-1.2,0.0,0,0,1,0,0.675,0.44
325,7,-0.2349628359079361,0.4259813129901886,-0.04376990720629692,0.3096209364212309,0.3092130226813997,0,0,0,0.12,0.01,0.0,0.01,0.1,0.9,-1.2,0.0,0,0,1,0,0.675,0.44
326,0,-0.46304214000701904,0.13370496034622192,-2.013286828994751,0.2638665619266706,0.3709654626476092,0,0,0,0.12,0.01,0.0,0.01,0.1,0.9,-1.2,0.0,0,0,1,0,0.675,0.44
326,1,-0.9424943327903748,0.25016576051712036,-2.249802589416504,0.5172266646725653,0.45277699982099556,0,0,0,0.12,0.01,0.0,0.01,0.1,0.9,-1.2,0.0,0,0,1,0,0.675,0.44
326,2,-0.01558384858071804,-0.4229758083820343,0.01777290552854538,0.24709153043168713,0.24702480567556687,0,0,0,0.12,0.01,0.0,0.01,0.1,0.9,-1.2,0.0,0,0,1,0,0.675,0.44
326,3,-0.9158046841621399,0.42939382791519165,1.3090544939041138,5.602561117651336,-5.664883082302683,0,0,0,0.12,0.01,0.0,0.01,0.1,0.9,-1.2,0.0,0,0,1,0,0.675,0.44
326,4,-0.5199912190437317,-0.42228934168815613,0.03565042093396187,0.16725784684646955,0.1302833244658626,0,0,0,0.12,0.01,0.0,0.01,0.1,0.9,-1.2,0.0,0,0,1,0,0.675,0.44
326,5,-0.8413495421409607,-0.14746978878974915,-2.3554749488830566,0.43708334602688936,0.4817938979687771,0,0,0,0.12,0.01,0.0,0.01,0.1,0.9,-1.2,0.0,0,0,1,0,0.675,0.44
326,6,-0.02188357710838318,-0.002023065695539117,0.2661096155643463,0.37752176280635497,0.4223769212184558,0,0,0,0.12,0.01,0.0,0.01,0.1,0.9,-1.2,0.0,0,0,1,0,0.675,0.44
326,7,-0.23434005677700043,0.42595404386520386,-0.04382728412747383,0.3072206587435516,0.30780760339481505,0,0,0,0.12,0.01,0.0,0.01,0.1,0.9,-1.2,0.0,0,0,1,0,0.675,0.44
327,0,-0.4633154571056366,0.13312490284442902,-2.00948166847229,0.26106696073675567,0.36829890067910737,0,0,0,0.12,0.01,0.0,0.01,0.1,0.9,-1.2,0.0,0,0,1,0,0.675,0.44
327,1,-0.9431042075157166,0.24941189587116241,-2.2521579265594482,0.5180039432989846,0.4523096653474083,0,0,0,0.12,0.01,0.0,0.01,0.1,0.9,-1.2,0.0,0,0,1,0,0.675,0.44
327,2,-0.015088080428540707,-0.4229670763015747,0.017597472295165062,0.24550099965173344,0.24718574885290517,0,0,0,0.12,0.01,0.0,0.01,0.1,0.9,-1.2,0.0,0,0,1,0,0.675,0.44
327,3,-0.9157851338386536,0.4294064939022064,1.1130255460739136,5.052938423764392,-5.088358945858164,0,0,0,0.12,0.01,0.0,0.01,0.1,0.9,-1.2,0.0,0,0,1,0,0.675,0.44
327,4,-0.519694983959198,-0.42227903008461,0.03422702103853226,0.16510937284046476,0.13336598206943212,0,0,0,0.12,0.01,0.0,0.01,0.1,0.9,-1.2,0.0,0,0,1,0,0.675,0.44
327,5,-0.841998279094696,-0.1481204479932785,-2.3539035320281982,0.43697587169242763,0.48192914806770415,0,0,0,0.12,0.01,0.0,0.01,0.1,0.9,-1.2,0.0,0,0,1,0,0.675,0.44
327,6,-0.021114548668265343,-0.0018125515198335052,0.26787811517715454,0.3776123340722917,0.4211780611875655,0,0,0,0.12,0.01,0.0,0.01,0.1,0.9,-1.2,0.0,0,0,1,0,0.675,0.44
327,7,-0.233721062541008,0.42592692375183105,-0.04380788654088974,0.30497713647155766,0.30622814335556026,0,0,0,0.12,0.01,0.0,0.01,0.1,0.9,-1.2,0.0,0,0,1,0,0.675,0.44
328,0,-0.4635842740535736,0.1325487643480301,-2.005693197250366,0.25829981609859687,0.3656978125902154,0,0,0,0.12,0.01,0.0,0.01,0.1,0.9,-1.2,0.0,0,0,1,0,0.675,0.44
328,1,-0.9437160491943359,0.24865922331809998,-2.254443407058716,0.5225168126195231,0.44817194766108615,0,0,0,0.12,0.01,0.0,0.01,0.1,0.9,-1.2,0.0,0,0,1,0,0.675,0.44
328,2,-0.014593755826354027,-0.4229584038257599,0.017704438418149948,0.24464176049234354,0.24662660608289755,0,0,0,0.12,0.01,0.0,0.01,0.1,0.9,-1.2,0.0,0,0,1,0,0.675,0.44
328,3,-0.9156360626220703,0.42960256338119507,0.8266482353210449,5.133606224236288,-5.195899396118917,0,0,0,0.12,0.01,0.0,0.01,0.1,0.9,-1.2,0.0,0,0,1,0,0.675,0.44
328,4,-0.5193977952003479,-0.42226913571357727,0.03292390704154968,0.16244024572020166,0.13693206968659766,0,0,0,0.12,0.01,0.0,0.01,0.1,0.9,-1.2,0.0,0,0,1,0,0.675,0.44
328,5,-0.8426459431648254,-0.1487722098827362,-2.352323055267334,0.4380139438294307,0.4808716448165044,0,0,0,0.12,0.01,0.0,0.01,0.1,0.9,-1.2,0.0,0,0,1,0,0.675,0.44
328,6,-0.020346825942397118,-0.0016009657410904765,0.26959484815597534,0.3776872791609516,0.41999452931072795,0,0,0,0.12,0.01,0.0,0.01,0.1,0.9,-1.2,0.0,0,0,1,0,0.675,0.44
328,7,-0.2331058531999588,0.4258999526500702,-0.04379158094525337,0.30262632494698405,0.30474035615195394,0,0,0,0.12,0.01,0.0,0.01,0.1,0.9,-1.2,0.0,0,0,1,0,0.675,0.44
329,0,-0.46384862065315247,0.13197652995586395,-2.0019025802612305,0.2550254263317713,0.36357327323793087,0,0,0,0.12,0.01,0.0,0.01,0.1,0.9,-1.2,0.0,0,0,1,0,0.675,0.44
329,1,-0.9443297982215881,0.24790774285793304,-2.256751537322998,0.5260591674934236,0.4449588488449248,0,0,0,0.12,0.01,0.0,0.01,0.1,0.9,-1.2,0.0,0,0,1,0,0.675,0.44
329,2,-0.014100862666964531,-0.4229497015476227,0.017822477966547012,0.2437843619444628,0.24607620252582832,0,0,0,0.12,0.01,0.0,0.01,0.1,0.9,-1.2,0.0,0,0,1,0,0.675,0.44
329,3,-0.9155377745628357,0.42966917157173157,0.4860464334487915,4.309032152503357,-4.292210026740656,0,0,0,0.12,0.01,0.0,0.01,0.1,0.9,-1.2,0.0,0,0,1,0,0.675,0.44
329,4,-0.5190996527671814,-0.42225953936576843,0.03173236921429634,0.15944371378911887,0.140787593955861,0,0,0,0.12,0.01,0.0,0.01,0.1,0.9,-1.2,0.0,0,0,1,0,0.675,0.44
329,5,-0.8432925939559937,-0.14942502975463867,-2.3507328033447266,0.43819255365198595,0.48069088922673714,0,0,0,0.12,0.01,0.0,0.01,0.1,0.9,-1.2,0.0,0,0,1,0,0.675,0.44
329,6,-0.019580405205488205,-0.0013883401406928897,0.271260142326355,0.3777391375307442,0.4188339649434685,0,0,0,0.12,0.01,0.0,0.01,0.1,0.9,-1.2,0.0,0,0,1,0,0.675,0.44
329,7,-0.23249447345733643,0.42587316036224365,-0.04379913583397865,0.30014530403638806,0.3033681751964001,0,0,0,0.12,0.01,0.0,0.01,0.1,0.9,-1.2,0.0,0,0,1,0,0.675,0.44
330,0,-0.46410855650901794,0.13140816986560822,-1.9981051683425903,0.24591906927653454,0.36759350634983873,0,0,0,0.12,0.01,0.0,0.01,0.1,0.9,-1.2,0.0,0,0,1,0,0.675,0.44
330,1,-0.9449456334114075,0.24715745449066162,-2.2593109607696533,0.5469882325374076,0.4245960279263071,0,0,0,0.12,0.01,0.0,0.01,0.1,0.9,-1.2,0.0,0,0,1,0,0.675,0.44
330,2,-0.013609389774501324,-0.42294102907180786,0.017758065834641457,0.2422507187903511,0.2462133088528527,0,0,0,0.12,0.01,0.0,0.01,0.1,0.9,-1.2,0.0,0,0,1,0,0.675,0.44
330,3,-0.9149279594421387,0.4298943877220154,0.22243161499500275,3.930380385953313,-3.848949011999494,0,0,0,0.12,0.01,0.0,0.01,0.1,0.9,-1.2,0.0,0,0,1,0,0.675,0.44
330,4,-0.5188005566596985,-0.42225024104118347,0.030752116814255714,0.1564190430933555,0.14463287159856955,0,0,0,0.12,0.01,0.0,0.01,0.1,0.9,-1.2,0.0,0,0,1,0,0.675,0.44
330,5,-0.8439382314682007,-0.15007884800434113,-2.3491992950439453,0.4389799230412838,0.4798886782808903,0,0,0,0.12,0.01,0.0,0.01,0.1,0.9,-1.2,0.0,0,0,1,0,0.675,0.44
330,6,-0.018815280869603157,-0.00117470882833004,0.2728762626647949,0.377779418626398,0.4176848586410581,0,0,0,0.12,0.01,0.0,0.01,0.1,0.9,-1.2,0.0,0,0,1,0,0.675,0.44
330,7,-0.23188692331314087,0.4258466064929962,-0.04374261200428009,0.29792153639099483,0.30172544913985844,0,0,0,0.12,0.01,0.0,0.01,0.1,0.9,-1.2,0.0,0,0,1,0,0.675,0.44
331,0,-0.46436411142349243,0.13084369897842407,-1.9942731857299805,0.24862907886060584,0.35923857927766933,0,0,0,0.12,0.01,0.0,0.01,0.1,0.9,-1.2,0.0,0,0,1,0,0.675,0.44
331,1,-0.9455636739730835,0.24640856683254242,-2.262120246887207,0.529547362199577,0.44211551679059635,0,0,0,0.12,0.01,0.0,0.01,0.1,0.9,-1.2,0.0,0,0,1,0,0.675,0.44
331,2,-0.013119327835738659,-0.42293232679367065,0.017814891412854195,0.2410616939287158,0.2460159892816571,0,0,0,0.12,0.01,0.0,0.01,0.1,0.9,-1.2,0.0,0,0,1,0,0.675,0.44
331,3,-0.915301501750946,0.4298292398452759,-0.11155108362436295,2.9106108907266712,-2.6993666354223342,0,0,0,0.12,0.01,0.0,0.01,0.1,0.9,-1.2,0.0,0,0,1,0,0.675,0.44
331,4,-0.5185006260871887,-0.42224112153053284,0.030086152255535126,0.15389738441313328,0.14793782471810754,0,0,0,0.12,0.01,0.0,0.01,0.1,0.9,-1.2,0.0,0,0,1,0,0.675,0.44
331,5,-0.8445828557014465,-0.1507335901260376,-2.3476908206939697,0.4378174899168681,0.4810247661523152,0,0,0,0.12,0.01,0.0,0.01,0.1,0.9,-1.2,0.0,0,0,1,0,0.675,0.44
331,6,-0.018051449209451675,-0.0009601112687960267,0.27444589138031006,0.377812049548688,0.41654334290736666,0,0,0,0.12,0.01,0.0,0.01,0.1,0.9,-1.2,0.0,0,0,1,0,0.675,0.44
331,7,-0.23128321766853333,0.4258202314376831,-0.04358283430337906,0.2959853966160989,0.2997823398188377,0,0,0,0.12,0.01,0.0,0.01,0.1,0.9,-1.2,0.0,0,0,1,0,0.675,0.44
332,0,-0.4646153450012207,0.13028286397457123,-1.9900630712509155,0.24938423354390923,0.3530105261110896,0,0,0,0.12,0.01,0.0,0.01,0.1,0.9,-1.2,0.0,0,0,1,0,0.675,0.44
332,1,-0.9461844563484192,0.24566125869750977,-2.2661359310150146,0.5149007679130919,0.45696643579937146,0,0,0,0.12,0.01,0.0,0.01,0.1,0.9,-1.2,0.0,0,0,1,0,0.675,0.44
332,2,-0.012630665674805641,-0.42292359471321106,0.018050551414489746,0.24039943110301387,0.24530245769665351,0,0,0,0.12,0.01,0.0,0.01,0.1,0.9,-1.2,0.0,0,0,1,0,0.675,0.44
332,3,-0.9154015779495239,0.4298333525657654,-0.44182610511779785,2.0272687101606133,-1.7188776755574942,0,0,0,0.12,0.01,0.0,0.01,0.1,0.9,-1.2,0.0,0,0,1,0,0.675,0.44
332,4,-0.5181998014450073,-0.42223215103149414,0.029682433232665062,0.15178070032775792,0.15080007350265592,0,0,0,0.12,0.01,0.0,0.01,0.1,0.9,-1.2,0.0,0,0,1,0,0.675,0.44
332,5,-0.8452265858650208,-0.15138927102088928,-2.3462300300598145,0.4367752701568698,0.482032653636923,0,0,0,0.12,0.01,0.0,0.01,0.1,0.9,-1.2,0.0,0,0,1,0,0.675,0.44
332,6,-0.017288899049162865,-0.0007445926312357187,0.275969922542572,0.37783758824592323,0.41540915781730914,0,0,0,0.12,0.01,0.0,0.01,0.1,0.9,-1.2,0.0,0,0,1,0,0.675,0.44
332,7,-0.2306833565235138,0.4257941246032715,-0.04341523349285126,0.29417004832299964,0.29770651808706505,0,0,0,0.12,0.01,0.0,0.01,0.1,0.9,-1.2,0.0,0,0,1,0,0.675,0.44
333,0,-0.4648619592189789,0.12972602248191833,-1.9860705137252808,0.24326970751732171,0.35383448426276864,0,0,0,0.12,0.01,0.0,0.01,0.1,0.9,-1.2,0.0,0,0,1,0,0.675,0.44
333,1,-0.9468083381652832,0.24491626024246216,-2.269460439682007,0.5180455273363896,0.4541545683171444,0,0,0,0.12,0.01,0.0,0.01,0.1,0.9,-1.2,0.0,0,0,1,0,0.675,0.44
333,2,-0.012143392115831375,-0.4229148030281067,0.018246665596961975,0.23962571029720883,0.24471042747439756,0,0,0,0.12,0.01,0.0,0.01,0.1,0.9,-1.2,0.0,0,0,1,0,0.675,0.44
333,3,-0.9151996374130249,0.4296782612800598,-0.6804178953170776,0.8989828897271418,-0.590374775007751,0,0,0,0.12,0.01,0.0,0.01,0.1,0.9,-1.2,0.0,0,0,1,0,0.675,0.44
333,4,-0.5178982615470886,-0.4222232699394226,0.029403505846858025,0.14977370938164986,0.1535158530821105,0,0,0,0.12,0.01,0.0,0.01,0.1,0.9,-1.2,0.0,0,0,1,0,0.675,0.44
333,5,-0.8458693623542786,-0.1520458459854126,-2.3447158336639404,0.434957765372762,0.48386458274506633,0,0,0,0.12,0.01,0.0,0.01,0.1,0.9,-1.2,0.0,0,0,1,0,0.675,0.44
333,6,-0.016527624800801277,-0.0005282009369693696,0.2774486243724823,0.3778544480848131,0.4142842476320448,0,0,0,0.12,0.01,0.0,0.01,0.1,0.9,-1.2,0.0,0,0,1,0,0.675,0.44
333,7,-0.23008736968040466,0.42576828598976135,-0.043305009603500366,0.292249151962797,0.29572706530710047,0,0,0,0.12,0.01,0.0,0.01,0.1,0.9,-1.2,0.0,0,0,1,0,0.675,0.44
334,0,-0.46510422229766846,0.12917324900627136,-1.9823508262634277,0.2353571828381575,0.35649279990033733,0,0,0,0.12,0.01,0.0,0.01,0.1,0.9,-1.2,0.0,0,0,1,0,0.675,0.44
334,1,-0.9474343657493591,0.2441728562116623,-2.2717111110687256,0.529142815857914,0.4433902909459801,0,0,0,0.12,0.01,0.0,0.01,0.1,0.9,-1.2,0.0,0,0,1,0,0.675,0.44
334,2,-0.011657497845590115,-0.42290595173835754,0.01833300292491913,0.23852687833349345,0.2444533729787624,0,0,0,0.12,0.01,0.0,0.01,0.1,0.9,-1.2,0.0,0,0,1,0,0.675,0.44
334,3,-0.9149753451347351,0.42946675419807434,-0.8235523700714111,-0.5114716408030622,0.7532342639939421,0,0,0,0.12,0.01,0.0,0.01,0.1,0.9,-1.2,0.0,0,0,1,0,0.675,0.44
334,4,-0.5175959467887878,-0.42221441864967346,0.029255336150527,0.14800736777327278,0.15595593579270625,0,0,0,0.12,0.01,0.0,0.01,0.1,0.9,-1.2,0.0,0,0,1,0,0.675,0.44
334,5,-0.8465110659599304,-0.1527033895254135,-2.3431272506713867,0.43312682424691396,0.4857140609154396,0,0,0,0.12,0.01,0.0,0.01,0.1,0.9,-1.2,0.0,0,0,1,0,0.675,0.44
334,6,-0.015767613425850868,-0.00031098275212571025,0.27888309955596924,0.37785960612118075,0.41317121806323703,0,0,0,0.12,0.01,0.0,0.01,0.1,0.9,-1.2,0.0,0,0,1,0,0.675,0.44
334,7,-0.22949527204036713,0.4257426857948303,-0.04319987818598747,0.2903514615910379,0.29371635991164763,0,0,0,0.12,0.01,0.0,0.01,0.1,0.9,-1.2,0.0,0,0,1,0,0.675,0.44
335,0,-0.46534231305122375,0.12862442433834076,-1.9784841537475586,0.22803845392573677,0.35857204211842214,0,0,0,0.12,0.01,0.0,0.01,0.1,0.9,-1.2,0.0,0,0,1,0,0.675,0.44
335,1,-0.9480621814727783,0.2434305101633072,-2.2739217281341553,0.5396615964037255,0.4331861037152931,0,0,0,0.12,0.01,0.0,0.01,0.1,0.9,-1.2,0.0,0,0,1,0,0.675,0.44
335,2,-0.011172971688210964,-0.4228970408439636,0.01850704848766327,0.2377166976213469,0.24391744239330154,0,0,0,0.12,0.01,0.0,0.01,0.1,0.9,-1.2,0.0,0,0,1,0,0.675,0.44
335,3,-0.9147738814353943,0.4292307198047638,-0.8900688290596008,-2.291937073657436,2.438719740102215,0,0,0,0.12,0.01,0.0,0.01,0.1,0.9,-1.2,0.0,0,0,1,0,0.675,0.44
335,4,-0.5172929167747498,-0.42220553755760193,0.029345760121941566,0.14691036012140393,0.15769250128301504,0,0,0,0.12,0.01,0.0,0.01,0.1,0.9,-1.2,0.0,0,0,1,0,0.675,0.44
335,5,-0.8471516966819763,-0.15336202085018158,-2.3414220809936523,0.43168264886736024,0.487170753270396,0,0,0,0.12,0.01,0.0,0.01,0.1,0.9,-1.2,0.0,0,0,1,0,0.675,0.44
335,6,-0.015008856542408466,-9.297934593632817e-05,0.2802741825580597,0.3778537358957207,0.41206927636090157,0,0,0,0.12,0.01,0.0,0.01,0.1,0.9,-1.2,0.0,0,0,1,0,0.675,0.44
335,7,-0.22890706360340118,0.4257173538208008,-0.04303934425115585,0.28872847047692246,0.291423564282599,0,0,0,0.12,0.01,0.0,0.01,0.1,0.9,-1.2,0.0,0,0,1,0,0.675,0.44
336,0,-0.4655761420726776,0.12807942926883698,-1.9742704629898071,0.22302878972258197,0.3583503854635753,0,0,0,0.12,0.01,0.0,0.01,0.1,0.9,-1.2,0.0,0,0,1,0,0.675,0.44
336,1,-0.9486920237541199,0.24268946051597595,-2.2767879962921143,0.543794239801349,0.42934200640302733,0,0,0,0.12,0.01,0.0,0.01,0.1,0.9,-1.2,0.0,0,0,1,0,0.675,0.44
336,2,-0.010689804330468178,-0.42288804054260254,0.018856262788176537,0.2375044957057675,0.24279336777766145,0,0,0,0.12,0.01,0.0,0.01,0.1,0.9,-1.2,0.0,0,0,1,0,0.675,0.44
336,3,-0.9146171808242798,0.4290318191051483,-0.8641306161880493,-3.5063784045299644,3.5841988024434204,0,0,0,0.12,0.01,0.0,0.01,0.1,0.9,-1.2,0.0,0,0,1,0,0.675,0.44
336,4,-0.5169891715049744,-0.4221965968608856,0.02965523488819599,0.14649346008383715,0.15871617660439527,0,0,0,0.12,0.01,0.0,0.01,0.1,0.9,-1.2,0.0,0,0,1,0,0.675,0.44
336,5,-0.8477911353111267,-0.15402182936668396,-2.3395884037017822,0.4310703965133795,0.48777245560225163,0,0,0,0.12,0.01,0.0,0.01,0.1,0.9,-1.2,0.0,0,0,1,0,0.675,0.44
336,6,-0.014251352287828922,0.00012577508459798992,0.2816216051578522,0.3778322450625876,0.4109833724987526,0,0,0,0.12,0.01,0.0,0.01,0.1,0.9,-1.2,0.0,0,0,1,0,0.675,0.44
336,7,-0.22832275927066803,0.42569226026535034,-0.04287511110305786,0.28716538487514875,0.2890635317699013,0,0,0,0.12,0.01,0.0,0.01,0.1,0.9,-1.2,0.0,0,0,1,0,0.675,0.44
337,0,-0.4658055007457733,0.12753818929195404,-1.9697173833847046,0.22087549234889253,0.3552805278155972,0,0,0,0.12,0.01,0.0,0.01,0.1,0.9,-1.2,0.0,0,0,1,0,0.675,0.44
337,1,-0.9493244886398315,0.24195022881031036,-2.2803897857666016,0.5405072856433171,0.4328905057423336,0,0,0,0.12,0.01,0.0,0.01,0.1,0.9,-1.2,0.0,0,0,1,0,0.675,0.44
337,2,-0.010207987390458584,-0.4228789806365967,0.01907358132302761,0.23690229276548436,0.24206865211595485,0,0,0,0.12,0.01,0.0,0.01,0.1,0.9,-1.2,0.0,0,0,1,0,0.675,0.44
337,3,-0.9145094752311707,0.4289076030254364,-0.721819281578064,-3.6530282043191042,3.7287499822946644,0,0,0,0.12,0.01,0.0,0.01,0.1,0.9,-1.2,0.0,0,0,1,0,0.675,0.44
337,4,-0.5166848301887512,-0.4221875071525574,0.030034657567739487,0.14648615816456292,0.1592987229503968,0,0,0,0.12,0.01,0.0,0.01,0.1,0.9,-1.2,0.0,0,0,1,0,0.675,0.44
337,5,-0.848429262638092,-0.15468290448188782,-2.3376476764678955,0.4314299078700336,0.48736883680846377,0,0,0,0.12,0.01,0.0,0.01,0.1,0.9,-1.2,0.0,0,0,1,0,0.675,0.44
337,6,-0.013495096005499363,0.0003452518431004137,0.28292497992515564,0.377798937265016,0.40991047769393785,0,0,0,0.12,0.01,0.0,0.01,0.1,0.9,-1.2,0.0,0,0,1,0,0.675,0.44
337,7,-0.22774234414100647,0.4256673753261566,-0.04279293119907379,0.28533018494955603,0.28696911667474206,0,0,0,0.12,0.01,0.0,0.01,0.1,0.9,-1.2,0.0,0,0,1,0,0.675,0.44
338,0,-0.4660303294658661,0.12700065970420837,-1.9649626016616821,0.22102600795843003,0.3499190761365712,0,0,0,0.12,0.01,0.0,0.01,0.1,0.9,-1.2,0.0,0,0,1,0,0.675,0.44
338,1,-0.9499600529670715,0.24121326208114624,-2.284360885620117,0.5325156541439215,0.44112007898367245,0,0,0,0.12,0.01,0.0,0.01,0.1,0.9,-1.2,0.0,0,0,1,0,0.675,0.44
338,2,-0.00972751248627901,-0.42286986112594604,0.01916670612990856,0.23593941420099393,0.24171397000768527,0,0,0,0.12,0.01,0.0,0.01,0.1,0.9,-1.2,0.0,0,0,1,0,0.675,0.44
338,3,-0.9144411683082581,0.42885589599609375,-0.488003134727478,-3.0998243505549268,3.233914401609881,0,0,0,0.12,0.01,0.0,0.01,0.1,0.9,-1.2,0.0,0,0,1,0,0.675,0.44
338,4,-0.5163798332214355,-0.4221782982349396,0.030414599925279617,0.14663152622497114,0.1596972174712416,0,0,0,0.12,0.01,0.0,0.01,0.1,0.9,-1.2,0.0,0,0,1,0,0.675,0.44
338,5,-0.8490660786628723,-0.15534523129463196,-2.3356518745422363,0.4324904794850707,0.4862313155970216,0,0,0,0.12,0.01,0.0,0.01,0.1,0.9,-1.2,0.0,0,0,1,0,0.675,0.44
338,6,-0.01274008397012949,0.0005654239212162793,0.2841857671737671,0.3777543325322039,0.4088503103358382,0,0,0,0.12,0.01,0.0,0.01,0.1,0.9,-1.2,0.0,0,0,1,0,0.675,0.44
338,7,-0.22716586291790009,0.425642728805542,-0.042762771248817444,0.28336440103686306,0.2850002191718771,0,0,0,0.12,0.01,0.0,0.01,0.1,0.9,-1.2,0.0,0,0,1,0,0.675,0.44
339,0,-0.46625059843063354,0.12646685540676117,-1.9601987600326538,0.22180409341153529,0.3439640292614994,0,0,0,0.12,0.01,0.0,0.01,0.1,0.9,-1.2,0.0,0,0,1,0,0.675,0.44
339,1,-0.9505987167358398,0.24047863483428955,-2.288195848464966,0.5249412510755012,0.4489248540041496,0,0,0,0.12,0.01,0.0,0.01,0.1,0.9,-1.2,0.0,0,0,1,0,0.675,0.44
339,2,-0.009248367510735989,-0.42286065220832825,0.019334804266691208,0.23526834792126308,0.24107650571833955,0,0,0,0.12,0.01,0.0,0.01,0.1,0.9,-1.2,0.0,0,0,1,0,0.675,0.44
339,3,-0.9143730998039246,0.42883574962615967,-0.2291094809770584,-2.3531823340512648,2.5597239318944354,0,0,0,0.12,0.01,0.0,0.01,0.1,0.9,-1.2,0.0,0,0,1,0,0.675,0.44
339,4,-0.5160742998123169,-0.42216894030570984,0.030858976766467094,0.14717163201780878,0.15967048648385446,0,0,0,0.12,0.01,0.0,0.01,0.1,0.9,-1.2,0.0,0,0,1,0,0.675,0.44
339,5,-0.8497015833854675,-0.156008780002594,-2.3336689472198486,0.43367227228728844,0.48495230761917524,0,0,0,0.12,0.01,0.0,0.01,0.1,0.9,-1.2,0.0,0,0,1,0,0.675,0.44
339,6,-0.01198630966246128,0.0007862625643610954,0.2854064106941223,0.37770980619299066,0.4077919123281275,0,0,0,0.12,0.01,0.0,0.01,0.1,0.9,-1.2,0.0,0,0,1,0,0.675,0.44
339,7,-0.22659330070018768,0.4256182909011841,-0.04268808662891388,0.28153129098852503,0.28289405824700964,0,0,0,0.12,0.01,0.0,0.01,0.1,0.9,-1.2,0.0,0,0,1,0,0.675,0.44
340,0,-0.46646636724472046,0.12593680620193481,-1.9555951356887817,0.22131441996203907,0.33934290244472975,0,0,0,0.12,0.01,0.0,0.01,0.1,0.9,-1.2,0.0,0,0,1,0,0.675,0.44
340,1,-0.9512402415275574,0.2397461086511612,-2.2915267944335938,0.5224661029061266,0.451643189124208,0,0,0,0.12,0.01,0.0,0.01,0.1,0.9,-1.2,0.0,0,0,1,0,0.675,0.44
340,2,-0.008770544081926346,-0.4228513538837433,0.01960757188498974,0.23498539415465225,0.24005972060097824,0,0,0,0.12,0.01,0.0,0.01,0.1,0.9,-1.2,0.0,0,0,1,0,0.675,0.44
340,3,-0.9142566919326782,0.4287979304790497,0.002507228869944811,-1.7540167360081504,2.018524864174349,0,0,0,0.12,0.01,0.0,0.01,0.1,0.9,-1.2,0.0,0,0,1,0,0.675,0.44
340,4,-0.5157681703567505,-0.42215943336486816,0.0313895046710968,0.14815988026762728,0.15916497625207182,0,0,0,0.12,0.01,0.0,0.01,0.1,0.9,-1.2,0.0,0,0,1,0,0.675,0.44
340,5,-0.8503357768058777,-0.15667347609996796,-2.3317534923553467,0.4344045489920205,0.4841185242043906,0,0,0,0.12,0.01,0.0,0.01,0.1,0.9,-1.2,0.0,0,0,1,0,0.675,0.44
340,6,-0.011233765631914139,0.001007734565064311,0.286588579416275,0.37766395281259874,0.4067365698962941,0,0,0,0.12,0.01,0.0,0.01,0.1,0.9,-1.2,0.0,0,0,1,0,0.675,0.44
340,7,-0.22602465748786926,0.4255940616130829,-0.04257361590862274,0.2798183956310352,0.28066440437583123,0,0,0,0.12,0.01,0.0,0.01,0.1,0.9,-1.2,0.0,0,0,1,0,0.675,0.44
341,0,-0.46667784452438354,0.12541057169437408,-1.9512182474136353,0.2202880530352932,0.3353274316792148,0,0,0,0.12,0.01,0.0,0.01,0.1,0.9,-1.2,0.0,0,0,1,0,0.675,0.44
341,1,-0.9518840909004211,0.2390153408050537,-2.2943122386932373,0.5245268780743544,0.4498339455569321,0,0,0,0.12,0.01,0.0,0.01,0.1,0.9,-1.2,0.0,0,0,1,0,0.675,0.44
341,2,-0.008294032886624336,-0.42284196615219116,0.01983441598713398,0.23462653226595018,0.23912799291868123,0,0,0,0.12,0.01,0.0,0.01,0.1,0.9,-1.2,0.0,0,0,1,0,0.675,0.44
341,3,-0.9140944480895996,0.4288209080696106,0.18903648853302002,-1.0719214423841052,1.3752015575116687,0,0,0,0.12,0.01,0.0,0.01,0.1,0.9,-1.2,0.0,0,0,1,0,0.675,0.44
341,4,-0.5154615640640259,-0.42214977741241455,0.03188295289874077,0.14923305019068425,0.15854325190854365,0,0,0,0.12,0.01,0.0,0.01,0.1,0.9,-1.2,0.0,0,0,1,0,0.675,0.44
341,5,-0.8509687185287476,-0.15733925998210907,-2.329922914505005,0.43505171096175005,0.4833464308992119,0,0,0,0.12,0.01,0.0,0.01,0.1,0.9,-1.2,0.0,0,0,1,0,0.675,0.44
341,6,-0.01048243883997202,0.0012298030778765678,0.28773221373558044,0.3776117741851794,0.4056887448043836,0,0,0,0.12,0.01,0.0,0.01,0.1,0.9,-1.2,0.0,0,0,1,0,0.675,0.44
341,7,-0.2254599630832672,0.4255700409412384,-0.042511552572250366,0.27793316550380376,0.27860499911182735,0,0,0,0.12,0.01,0.0,0.01,0.1,0.9,-1.2,0.0,0,0,1,0,0.675,0.44
342,0,-0.46688517928123474,0.12488818168640137,-1.9470036029815674,0.21772695590147068,0.3329676885496706,0,0,0,0.12,0.01,0.0,0.01,0.1,0.9,-1.2,0.0,0,0,1,0,0.675,0.44
342,1,-0.9525299668312073,0.23828603327274323,-2.296844005584717,0.5319415831956597,0.44270349498656075,0,0,0,0.12,0.01,0.0,0.01,0.1,0.9,-1.2,0.0,0,0,1,0,0.675,0.44
342,2,-0.007818823680281639,-0.42283254861831665,0.019966140389442444,0.23396100583821947,0.23851130422800365,0,0,0,0.12,0.01,0.0,0.01,0.1,0.9,-1.2,0.0,0,0,1,0,0.675,0.44
342,3,-0.9138203263282776,0.42889246344566345,0.3295414447784424,-0.3161190515547447,0.6331024533301047,0,0,0,0.12,0.01,0.0,0.01,0.1,0.9,-1.2,0.0,0,0,1,0,0.675,0.44
342,4,-0.5151544809341431,-0.422139972448349,0.03223805129528046,0.15008715519813892,0.15811025371642712,0,0,0,0.12,0.01,0.0,0.01,0.1,0.9,-1.2,0.0,0,0,1,0,0.675,0.44
342,5,-0.8516004085540771,-0.15800608694553375,-2.328153133392334,0.43564153692050445,0.4826162956066562,0,0,0,0.12,0.01,0.0,0.01,0.1,0.9,-1.2,0.0,0,0,1,0,0.675,0.44
342,6,-0.009732318110764027,0.0014524294529110193,0.28883737325668335,0.37755574400966085,0.4046459633534678,0,0,0,0.12,0.01,0.0,0.01,0.1,0.9,-1.2,0.0,0,0,1,0,0.675,0.44
342,7,-0.22489918768405914,0.42554619908332825,-0.04251812398433685,0.27577663601722086,0.27681552230034506,0,0,0,0.12,0.01,0.0,0.01,0.1,0.9,-1.2,0.0,0,0,1,0,0.675,0.44
343,0,-0.467088520526886,0.12436959892511368,-1.9429008960723877,0.21535925722635335,0.3304586543985551,0,0,0,0.12,0.01,0.0,0.01,0.1,0.9,-1.2,0.0,0,0,1,0,0.675,0.44
343,1,-0.953177809715271,0.23755815625190735,-2.299448013305664,0.5387273666534231,0.4361921909179881,0,0,0,0.12,0.01,0.0,0.01,0.1,0.9,-1.2,0.0,0,0,1,0,0.675,0.44
343,2,-0.00734490854665637,-0.422823041677475,0.02013326622545719,0.23347883329741498,0.2377202321494387,0,0,0,0.12,0.01,0.0,0.01,0.1,0.9,-1.2,0.0,0,0,1,0,0.675,0.44
343,3,-0.9135376214981079,0.42900484800338745,0.42426738142967224,0.515110097686719,-0.20798357562251,0,0,0,0.12,0.01,0.0,0.01,0.1,0.9,-1.2,0.0,0,0,1,0,0.675,0.44
343,4,-0.514846920967102,-0.4221300184726715,0.032532673329114914,0.15095919421003096,0.15762901255800493,0,0,0,0.12,0.01,0.0,0.01,0.1,0.9,-1.2,0.0,0,0,1,0,0.675,0.44
343,5,-0.8522307872772217,-0.158673956990242,-2.3264336585998535,0.4361747503234723,0.48192256689530827,0,0,0,0.12,0.01,0.0,0.01,0.1,0.9,-1.2,0.0,0,0,1,0,0.675,0.44
343,6,-0.008983394131064415,0.0016755764372646809,0.28990501165390015,0.37748688694002375,0.4036171412849214,0,0,0,0.12,0.01,0.0,0.01,0.1,0.9,-1.2,0.0,0,0,1,0,0.675,0.44
343,7,-0.22434237599372864,0.4255225360393524,-0.04250381886959076,0.27364929571668734,0.274995902628497,0,0,0,0.12,0.01,0.0,0.01,0.1,0.9,-1.2,0.0,0,0,1,0,0.675,0.44
344,0,-0.46728795766830444,0.12385476380586624,-1.938812255859375,0.21343287146008955,0.327549434543481,0,0,0,0.12,0.01,0.0,0.01,0.1,0.9,-1.2,0.0,0,0,1,0,0.675,0.44
344,1,-0.9538278579711914,0.23683184385299683,-2.30248761177063,0.5424750302732931,0.4327075029908671,0,0,0,0.12,0.01,0.0,0.01,0.1,0.9,-1.2,0.0,0,0,1,0,0.675,0.44
344,2,-0.006872278638184071,-0.4228135049343109,0.020398089662194252,0.23329078433271358,0.23664344074968388,0,0,0,0.12,0.01,0.0,0.01,0.1,0.9,-1.2,0.0,0,0,1,0,0.675,0.44
344,3,-0.9132528305053711,0.42914217710494995,0.46768876910209656,1.3328989261261035,-1.0494190865627335,0,0,0,0.12,0.01,0.0,0.01,0.1,0.9,-1.2,0.0,0,0,1,0,0.675,0.44
344,4,-0.5145389437675476,-0.42211994528770447,0.03285278379917145,0.15204097268517805,0.15690799119536092,0,0,0,0.12,0.01,0.0,0.01,0.1,0.9,-1.2,0.0,0,0,1,0,0.675,0.44
344,5,-0.8528599739074707,-0.15934282541275024,-2.3247616291046143,0.43656764837892326,0.4813523450216506,0,0,0,0.12,0.01,0.0,0.01,0.1,0.9,-1.2,0.0,0,0,1,0,0.675,0.44
344,6,-0.008235659450292587,0.00189921201672405,0.2909351587295532,0.3774062011810825,0.40260098237070585,0,0,0,0.12,0.01,0.0,0.01,0.1,0.9,-1.2,0.0,0,0,1,0,0.675,0.44
344,7,-0.22378948330879211,0.4254990816116333,-0.04242603853344917,0.2717328678241833,0.27296578778113284,0,0,0,0.12,0.01,0.0,0.01,0.1,0.9,-1.2,0.0,0,0,1,0,0.675,0.44
345,0,-0.4674850404262543,0.12333963066339493,-1.9345744848251343,0.21221578188293216,0.3239200704539514,0,0,0,0.12,0.01,0.0,0.01,0.1,0.9,-1.2,0.0,0,0,1,0,0.675,0.44
345,1,-0.9544805288314819,0.2361074984073639,-2.306002616882324,0.5426868281024964,0.4327441373210877,0,0,0,0.12,0.01,0.0,0.01,0.1,0.9,-1.2,0.0,0,0,1,0,0.675,0.44
345,2,-0.006400925572961569,-0.4228038787841797,0.020618513226509094,0.23304051551313304,0.23563715425043205,0,0,0,0.12,0.01,0.0,0.01,0.1,0.9,-1.2,0.0,0,0,1,0,0.675,0.44
345,3,-0.9129777550697327,0.42928221821784973,0.45381131768226624,1.963564417399814,-1.7011367893595,0,0,0,0.12,0.01,0.0,0.01,0.1,0.9,-1.2,0.0,0,0,1,0,0.675,0.44
345,4,-0.5142305493354797,-0.4221097528934479,0.03314584493637085,0.15333002422277411,0.155948881168919,0,0,0,0.12,0.01,0.0,0.01,0.1,0.9,-1.2,0.0,0,0,1,0,0.675,0.44
345,5,-0.8534878492355347,-0.1600126475095749,-2.323133945465088,0.4367445069400149,0.48098940075957014,0,0,0,0.12,0.01,0.0,0.01,0.1,0.9,-1.2,0.0,0,0,1,0,0.675,0.44
345,6,-0.007489109877496958,0.002123308600857854,0.2919273376464844,0.377279922247487,0.40163190674726396,0,0,0,0.12,0.01,0.0,0.01,0.1,0.9,-1.2,0.0,0,0,1,0,0.675,0.44
345,7,-0.22324053943157196,0.4254758059978485,-0.042358264327049255,0.269904632565255,0.2708273935349037,0,0,0,0.12,0.01,0.0,0.01,0.1,0.9,-1.2,0.0,0,0,1,0,0.675,0.44
346,0,-0.4676802456378937,0.12282276153564453,-1.9301621913909912,0.21156074964320867,0.3197000984021404,0,0,0,0.12,0.01,0.0,0.01,0.1,0.9,-1.2,0.0,0,0,1,0,0.675,0.44
346,1,-0.9551360607147217,0.23538540303707123,-2.309814214706421,0.5405032196044613,0.43516181325915554,0,0,0,0.12,0.01,0.0,0.01,0.1,0.9,-1.2,0.0,0,0,1,0,0.675,0.44
346,2,-0.005930838640779257,-0.42279425263404846,0.020684322342276573,0.23227001551239676,0.2351591455593806,0,0,0,0.12,0.01,0.0,0.01,0.1,0.9,-1.2,0.0,0,0,1,0,0.675,0.44
346,3,-0.9127170443534851,0.429404616355896,0.38173624873161316,2.28110731578897,-2.020869264374481,0,0,0,0.12,0.01,0.0,0.01,0.1,0.9,-1.2,0.0,0,0,1,0,0.675,0.44
346,4,-0.513921856880188,-0.4220995008945465,0.0333205871284008,0.15451060763114244,0.155067811100547,0,0,0,0.12,0.01,0.0,0.01,0.1,0.9,-1.2,0.0,0,0,1,0,0.675,0.44
346,5,-0.8541145324707031,-0.16068337857723236,-2.3215415477752686,0.43665002020422855,0.4808946427481946,0,0,0,0.12,0.01,0.0,0.01,0.1,0.9,-1.2,0.0,0,0,1,0,0.675,0.44
346,6,-0.006743742618709803,0.0023478420916944742,0.292881578207016,0.37710584651443557,0.4007122968533317,0,0,0,0.12,0.01,0.0,0.01,0.1,0.9,-1.2,0.0,0,0,1,0,0.675,0.44
346,7,-0.22269554436206818,0.42545270919799805,-0.04235388711094856,0.2680474515354881,0.26869064613220606,0,0,0,0.12,0.01,0.0,0.01,0.1,0.9,-1.2,0.0,0,0,1,0,0.675,0.44
347,0,-0.46787139773368835,0.12230975925922394,-1.9258313179016113,0.21068660922419222,0.3157352953397116,0,0,0,0.12,0.01,0.0,0.01,0.1,0.9,-1.2,0.0,0,0,1,0,0.675,0.44
347,1,-0.955794632434845,0.23466570675373077,-2.3136813640594482,0.5377271852750926,0.4381610669832082,0,0,0,0.12,0.01,0.0,0.01,0.1,0.9,-1.2,0.0,0,0,1,0,0.675,0.44
347,2,-0.005462010391056538,-0.42278456687927246,0.020700862631201744,0.23138910254527442,0.23479968586872704,0,0,0,0.12,0.01,0.0,0.01,0.1,0.9,-1.2,0.0,0,0,1,0,0.675,0.44
347,3,-0.912466287612915,0.429495245218277,0.26193273067474365,2.2878612458565186,-2.0046694159367036,0,0,0,0.12,0.01,0.0,0.01,0.1,0.9,-1.2,0.0,0,0,1,0,0.675,0.44
347,4,-0.5136128067970276,-0.42208918929100037,0.03339843824505806,0.15543451219665053,0.1544137069596147,0,0,0,0.12,0.01,0.0,0.01,0.1,0.9,-1.2,0.0,0,0,1,0,0.675,0.44
347,5,-0.8547400236129761,-0.1613549441099167,-2.3199703693389893,0.43624432103664745,0.481106507610966,0,0,0,0.12,0.01,0.0,0.01,0.1,0.9,-1.2,0.0,0,0,1,0,0.675,0.44
347,6,-0.005999556742608547,0.0025727886240929365,0.29380184412002563,0.3769258572914229,0.39980020977476977,0,0,0,0.12,0.01,0.0,0.01,0.1,0.9,-1.2,0.0,0,0,1,0,0.675,0.44
347,7,-0.22215449810028076,0.4254298210144043,-0.04235221445560455,0.2661886915823389,0.2665589943269323,0,0,0,0.12,0.01,0.0,0.01,0.1,0.9,-1.2,0.0,0,0,1,0,0.675,0.44
348,0,-0.46805858612060547,0.12180079519748688,-1.9216282367706299,0.20909559211886958,0.3125390461906092,0,0,0,0.12,0.01,0.0,0.01,0.1,0.9,-1.2,0.0,0,0,1,0,0.675,0.44
348,1,-0.9564560651779175,0.23394836485385895,-2.317420244216919,0.5361563511719837,0.43995088855122183,0,0,0,0.12,0.01,0.0,0.01,0.1,0.9,-1.2,0.0,0,0,1,0,0.675,0.44
348,2,-0.004994432907551527,-0.42277488112449646,0.0208299458026886,0.23081654905594884,0.23414044976912438,0,0,0,0.12,0.01,0.0,0.01,0.1,0.9,-1.2,0.0,0,0,1,0,0.675,0.44
348,3,-0.9122106432914734,0.4295461177825928,0.11510556936264038,2.0621753869918384,-1.7387756346133747,0,0,0,0.12,0.01,0.0,0.01,0.1,0.9,-1.2,0.0,0,0,1,0,0.675,0.44
348,4,-0.5133033990859985,-0.42207884788513184,0.033463623374700546,0.15629409232031016,0.15379385671724172,0,0,0,0.12,0.01,0.0,0.01,0.1,0.9,-1.2,0.0,0,0,1,0,0.675,0.44
348,5,-0.8553643822669983,-0.16202732920646667,-2.318403482437134,0.43556717036471926,0.48158809544338615,0,0,0,0.12,0.01,0.0,0.01,0.1,0.9,-1.2,0.0,0,0,1,0,0.675,0.44
348,6,-0.0052565522491931915,0.002798123052343726,0.2946932315826416,0.37675987831689756,0.3988754237499055,0,0,0,0.12,0.01,0.0,0.01,0.1,0.9,-1.2,0.0,0,0,1,0,0.675,0.44
348,7,-0.2216174453496933,0.4254071116447449,-0.04229338839650154,0.2644666587592691,0.2642955625770956,0,0,0,0.12,0.01,0.0,0.01,0.1,0.9,-1.2,0.0,0,0,1,0,0.675,0.44
349,0,-0.4682419002056122,0.12129589170217514,-1.917547583580017,0.20642349460615436,0.31049510499940597,0,0,0,0.12,0.01,0.0,0.01,0.1,0.9,-1.2,0.0,0,0,1,0,0.675,0.44
349,1,-0.9571202993392944,0.233233243227005,-2.3209645748138428,0.5369370621427101,0.4393924433008629,0,0,0,0.12,0.01,0.0,0.01,0.1,0.9,-1.2,0.0,0,0,1,0,0.675,0.44
349,2,-0.004528098274022341,-0.4227651357650757,0.02102172002196312,0.230472388580584,0.23326042024776988,0,0,0,0.12,0.01,0.0,0.01,0.1,0.9,-1.2,0.0,0,0,1,0,0.675,0.44
349,3,-0.9119315147399902,0.4295530915260315,-0.03587426245212555,1.6761323706184195,-1.3110882834468651,0,0,0,0.12,0.01,0.0,0.01,0.1,0.9,-1.2,0.0,0,0,1,0,0.675,0.44
349,4,-0.5129937529563904,-0.4220684766769409,0.03350697085261345,0.15706765704541348,0.15323179907412388,0,0,0,0.12,0.01,0.0,0.01,0.1,0.9,-1.2,0.0,0,0,1,0,0.675,0.44
349,5,-0.855987548828125,-0.16270053386688232,-2.316819667816162,0.4347085659436878,0.4822517330713574,0,0,0,0.12,0.01,0.0,0.01,0.1,0.9,-1.2,0.0,0,0,1,0,0.675,0.44
349,6,-0.004514721687883139,0.003023821162059903,0.2955573797225952,0.3766137094427868,0.3979321389268115,0,0,0,0.12,0.01,0.0,0.01,0.1,0.9,-1.2,0.0,0,0,1,0,0.675,0.44
349,7,-0.2210843712091446,0.4253845810890198,-0.04223073273897171,0.2627096101716299,0.2620730474516611,0,0,0,0.12,0.01,0.0,0.01,0.1,0.9,-1.2,0.0,0,0,1,0,0.675,0.44
350,0,-0.4684215188026428,0.12079492956399918,-1.9135397672653198,0.20323467566738512,0.3090153901361427,0,0,0,0.12,0.01,0.0,0.01,0.1,0.9,-1.2,0.0,0,0,1,0,0.675,0.44
350,1,-0.9577870965003967,0.2325202077627182,-2.324373960494995,0.5386699472062104,0.43787639993505545,0,0,0,0.12,0.01,0.0,0.01,0.1,0.9,-1.2,0.0,0,0,1,0,0.675,0.44
350,2,-0.004062998108565807,-0.4227553606033325,0.021127013489603996,0.2298696516065173,0.23264680523590514,0,0,0,0.12,0.01,0.0,0.01,0.1,0.9,-1.2,0.0,0,0,1,0,0.675,0.44
350,3,-0.9116559624671936,0.42951563000679016,-0.17431528866291046,1.1630870683475636,-0.7688557191177512,0,0,0,0.12,0.01,0.0,0.01,0.1,0.9,-1.2,0.0,0,0,1,0,0.675,0.44
350,4,-0.5126838684082031,-0.4220581352710724,0.03341112658381462,0.1573125327297843,0.15317002885850306,0,0,0,0.12,0.01,0.0,0.01,0.1,0.9,-1.2,0.0,0,0,1,0,0.675,0.44
350,5,-0.856609582901001,-0.16337454319000244,-2.3151988983154297,0.43376150810472264,0.4830034068847488,0,0,0,0.12,0.01,0.0,0.01,0.1,0.9,-1.2,0.0,0,0,1,0,0.675,0.44
350,6,-0.0037740536499768496,0.0032498561777174473,0.29639315605163574,0.37647020209096327,0.39698744427897076,0,0,0,0.12,0.01,0.0,0.01,0.1,0.9,-1.2,0.0,0,0,1,0,0.675,0.44
350,7,-0.22055529057979584,0.425362229347229,-0.042247235774993896,0.2606741053130091,0.26013494906168566,0,0,0,0.12,0.01,0.0,0.01,0.1,0.9,-1.2,0.0,0,0,1,0,0.675,0.44
351,0,-0.46859753131866455,0.12029768526554108,-1.9095247983932495,0.1987629637270919,0.30891810803117836,0,0,0,0.12,0.01,0.0,0.01,0.1,0.9,-1.2,0.0,0,0,1,0,0.675,0.44
351,1,-0.9584563970565796,0.23180924355983734,-2.3277978897094727,0.5424358899479953,0.43434136558713043,0,0,0,0.12,0.01,0.0,0.01,0.1,0.9,-1.2,0.0,0,0,1,0,0.675,0.44
351,2,-0.00359912496060133,-0.42274555563926697,0.02117197960615158,0.2290826272259266,0.23222454078097035,0,0,0,0.12,0.01,0.0,0.01,0.1,0.9,-1.2,0.0,0,0,1,0,0.675,0.44
351,3,-0.9113297462463379,0.4294276535511017,-0.28542062640190125,0.5181284047038184,-0.1143515504271613,0,0,0,0.12,0.01,0.0,0.01,0.1,0.9,-1.2,0.0,0,0,1,0,0.675,0.44
351,4,-0.5123738050460815,-0.42204782366752625,0.03321416303515434,0.15715834030342785,0.15348050466346058,0,0,0,0.12,0.01,0.0,0.01,0.1,0.9,-1.2,0.0,0,0,1,0,0.675,0.44
351,5,-0.8572303652763367,-0.164049431681633,-2.3135268688201904,0.4327852490922814,0.48378863301068503,0,0,0,0.12,0.01,0.0,0.01,0.1,0.9,-1.2,0.0,0,0,1,0,0.675,0.44
351,6,-0.0030345357954502106,0.0034762006253004074,0.29719939827919006,0.37632976077828295,0.39604105449881666,0,0,0,0.12,0.01,0.0,0.01,0.1,0.9,-1.2,0.0,0,0,1,0,0.675,0.44
351,7,-0.22003017365932465,0.42534002661705017,-0.042310167104005814,0.25841491160957286,0.2584260231438451,0,0,0,0.12,0.01,0.0,0.01,0.1,0.9,-1.2,0.0,0,0,1,0,0.675,0.44
352,0,-0.4687700569629669,0.11980399489402771,-1.9054522514343262,0.1934577719461778,0.3097457988965651,0,0,0,0.12,0.01,0.0,0.01,0.1,0.9,-1.2,0.0,0,0,1,0,0.675,0.44
352,1,-0.9591283202171326,0.2311004251241684,-2.331321954727173,0.5471669014550471,0.42985085882174734,0,0,0,0.12,0.01,0.0,0.01,0.1,0.9,-1.2,0.0,0,0,1,0,0.675,0.44
352,2,-0.003136470215395093,-0.4227357506752014,0.02130436711013317,0.2285331138976593,0.23157302051701353,0,0,0,0.12,0.01,0.0,0.01,0.1,0.9,-1.2,0.0,0,0,1,0,0.675,0.44
352,3,-0.910963773727417,0.42929986119270325,-0.360678106546402,-0.19690173839031283,0.5920590457767112,0,0,0,0.12,0.01,0.0,0.01,0.1,0.9,-1.2,0.0,0,0,1,0,0.675,0.44
352,4,-0.5120635032653809,-0.4220375418663025,0.033046871423721313,0.15700137076930742,0.1537667864744212,0,0,0,0.12,0.01,0.0,0.01,0.1,0.9,-1.2,0.0,0,0,1,0,0.675,0.44
352,5,-0.8578498363494873,-0.16472525894641876,-2.3117964267730713,0.4318829150563063,0.4845009474391161,0,0,0,0.12,0.01,0.0,0.01,0.1,0.9,-1.2,0.0,0,0,1,0,0.675,0.44
352,6,-0.002296159975230694,0.0037028277292847633,0.29797592759132385,0.3761826775268476,0.3951026775642474,0,0,0,0.12,0.01,0.0,0.01,0.1,0.9,-1.2,0.0,0,0,1,0,0.675,0.44
352,7,-0.2195090353488922,0.42531800270080566,-0.04232290759682655,0.2563001676846167,0.256578309888778,0,0,0,0.12,0.01,0.0,0.01,0.1,0.9,-1.2,0.0,0,0,1,0,0.675,0.44
353,0,-0.4689391553401947,0.11931357532739639,-1.9012318849563599,0.18833801046030876,0.3104503165183747,0,0,0,0.12,0.01,0.0,0.01,0.1,0.9,-1.2,0.0,0,0,1,0,0.675,0.44
353,1,-0.9598029255867004,0.2303938865661621,-2.3350741863250732,0.5507390852404348,0.42651721282475064,0,0,0,0.12,0.01,0.0,0.01,0.1,0.9,-1.2,0.0,0,0,1,0,0.675,0.44
353,2,-0.0026750264223665,-0.4227259159088135,0.02151680923998356,0.22823402223346068,0.23067823114636107,0,0,0,0.12,0.01,0.0,0.01,0.1,0.9,-1.2,0.0,0,0,1,0,0.675,0.44
353,3,-0.9105888605117798,0.4291493594646454,-0.391907662153244,-0.8536115697216471,1.2312097659897288,0,0,0,0.12,0.01,0.0,0.01,0.1,0.9,-1.2,0.0,0,0,1,0,0.675,0.44
353,4,-0.5117530226707458,-0.4220272898674011,0.03294062614440918,0.15694539716963118,0.1539265615629738,0,0,0,0.12,0.01,0.0,0.01,0.1,0.9,-1.2,0.0,0,0,1,0,0.675,0.44
353,5,-0.8584679961204529,-0.16540205478668213,-2.310004949569702,0.43116379475333433,0.48502527976296195,0,0,0,0.12,0.01,0.0,0.01,0.1,0.9,-1.2,0.0,0,0,1,0,0.675,0.44
353,6,-0.0015589197864755988,0.003929713275283575,0.2987217903137207,0.37602748593718044,0.39417401829331883,0,0,0,0.12,0.01,0.0,0.01,0.1,0.9,-1.2,0.0,0,0,1,0,0.675,0.44
353,7,-0.21899186074733734,0.4252960979938507,-0.042282912880182266,0.2542442738469167,0.25467633610410256,0,0,0,0.12,0.01,0.0,0.01,0.1,0.9,-1.2,0.0,0,0,1,0,0.675,0.44
354,0,-0.4691048860549927,0.11882614344358444,-1.8967891931533813,0.18423275340295012,0.3101833940675241,0,0,0,0.12,0.01,0.0,0.01,0.1,0.9,-1.2,0.0,0,0,1,0,0.675,0.44
354,1,-0.9604805707931519,0.2296898514032364,-2.3391366004943848,0.551806693798421,0.4256790821491498,0,0,0,0.12,0.01,0.0,0.01,0.1,0.9,-1.2,0.0,0,0,1,0,0.675,0.44
354,2,-0.0022147861309349537,-0.42271605134010315,0.021649202331900597,0.22769708680618603,0.23002858710776966,0,0,0,0.12,0.01,0.0,0.01,0.1,0.9,-1.2,0.0,0,0,1,0,0.675,0.44
354,3,-0.9102222919464111,0.4289976954460144,-0.37409913539886475,-1.3156996694075822,1.6808170106875657,0,0,0,0.12,0.01,0.0,0.01,0.1,0.9,-1.2,0.0,0,0,1,0,0.675,0.44
354,4,-0.5114424824714661,-0.42201709747314453,0.0328204371035099,0.15674687884457578,0.15420447327487002,0,0,0,0.12,0.01,0.0,0.01,0.1,0.9,-1.2,0.0,0,0,1,0,0.675,0.44
354,5,-0.8590847253799438,-0.16607989370822906,-2.3081562519073486,0.43073337280939394,0.48524935042669,0,0,0,0.12,0.01,0.0,0.01,0.1,0.9,-1.2,0.0,0,0,1,0,0.675,0.44
354,6,-0.0008228105143643916,0.004156836308538914,0.29943591356277466,0.37585212081580927,0.3932673206934376,0,0,0,0.12,0.01,0.0,0.01,0.1,0.9,-1.2,0.0,0,0,1,0,0.675,0.44
354,7,-0.21847864985466003,0.42527440190315247,-0.042277563363313675,0.25213324635118,0.2528342643490459,0,0,0,0.12,0.01,0.0,0.01,0.1,0.9,-1.2,0.0,0,0,1,0,0.675,0.44
355,0,-0.4692671298980713,0.1183416098356247,-1.8921198844909668,0.18147336336535821,0.3086108377321302,0,0,0,0.12,0.01,0.0,0.01,0.1,0.9,-1.2,0.0,0,0,1,0,0.675,0.44
355,1,-0.9611613154411316,0.22898855805397034,-2.3434576988220215,0.5504952124798804,0.42720871646756825,0,0,0,0.12,0.01,0.0,0.01,0.1,0.9,-1.2,0.0,0,0,1,0,0.675,0.44
355,2,-0.0017557422397658229,-0.42270615696907043,0.021657472476363182,0.2267870614072275,0.2297589769819784,0,0,0,0.12,0.01,0.0,0.01,0.1,0.9,-1.2,0.0,0,0,1,0,0.675,0.44
355,3,-0.9098653793334961,0.42886385321617126,-0.3099738359451294,-1.5208220494928113,1.8895825458707562,0,0,0,0.12,0.01,0.0,0.01,0.1,0.9,-1.2,0.0,0,0,1,0,0.675,0.44
355,4,-0.511131763458252,-0.4220069348812103,0.0326688215136528,0.15639871484883253,0.15460726492754992,0,0,0,0.12,0.01,0.0,0.01,0.1,0.9,-1.2,0.0,0,0,1,0,0.675,0.44
355,5,-0.8597000241279602,-0.16675874590873718,-2.306260824203491,0.43063907745067515,0.4851208436232384,0,0,0,0.12,0.01,0.0,0.01,0.1,0.9,-1.2,0.0,0,0,1,0,0.675,0.44
355,6,-8.782753138802946e-05,0.004384177736938,0.30011865496635437,0.3756592548584825,0.3923804485106581,0,0,0,0.12,0.01,0.0,0.01,0.1,0.9,-1.2,0.0,0,0,1,0,0.675,0.44
355,7,-0.2179694026708603,0.42525285482406616,-0.04231434687972069,0.24984268256436062,0.2511766164659433,0,0,0,0.12,0.01,0.0,0.01,0.1,0.9,-1.2,0.0,0,0,1,0,0.675,0.44
356,0,-0.46942582726478577,0.11786006391048431,-1.8872877359390259,0.1799587584578963,0.30583796133160873,0,0,0,0.12,0.01,0.0,0.01,0.1,0.9,-1.2,0.0,0,0,1,0,0.675,0.44
356,1,-0.961845338344574,0.2282901257276535,-2.3478808403015137,0.5479597915965135,0.4299513230961745,0,0,0,0.12,0.01,0.0,0.01,0.1,0.9,-1.2,0.0,0,0,1,0,0.675,0.44
356,2,-0.001297887065447867,-0.42269623279571533,0.02169550582766533,0.22597815802212445,0.22939557621363912,0,0,0,0.12,0.01,0.0,0.01,0.1,0.9,-1.2,0.0,0,0,1,0,0.675,0.44
356,3,-0.9095116853713989,0.4287605881690979,-0.21110351383686066,-1.4894575688773435,1.8794809493953033,0,0,0,0.12,0.01,0.0,0.01,0.1,0.9,-1.2,0.0,0,0,1,0,0.675,0.44
356,4,-0.5108209848403931,-0.4219968020915985,0.032571423798799515,0.15615504041545641,0.1548812781251167,0,0,0,0.12,0.01,0.0,0.01,0.1,0.9,-1.2,0.0,0,0,1,0,0.675,0.44
356,5,-0.860313892364502,-0.16743862628936768,-2.304337978363037,0.43085527411342445,0.4846622348701876,0,0,0,0.12,0.01,0.0,0.01,0.1,0.9,-1.2,0.0,0,0,1,0,0.675,0.44
356,6,0.0006460337317548692,0.0046117184683680534,0.3007727563381195,0.37545922414799465,0.3915033636854099,0,0,0,0.12,0.01,0.0,0.01,0.1,0.9,-1.2,0.0,0,0,1,0,0.675,0.44
356,7,-0.21746408939361572,0.4252315163612366,-0.042304474860429764,0.2477505137640504,0.2493268022817107,0,0,0,0.12,0.01,0.0,0.01,0.1,0.9,-1.2,0.0,0,0,1,0,0.675,0.44
357,0,-0.46958088874816895,0.11738171428442001,-1.8823895454406738,0.17932955152929964,0.3022382187133914,0,0,0,0.12,0.01,0.0,0.01,0.1,0.9,-1.2,0.0,0,0,1,0,0.675,0.44
357,1,-0.962532639503479,0.2275945544242859,-2.3522374629974365,0.5457118697834441,0.4323978475856355,0,0,0,0.12,0.01,0.0,0.01,0.1,0.9,-1.2,0.0,0,0,1,0,0.675,0.44
357,2,-0.0008412133902311325,-0.42268630862236023,0.021859770640730858,0.22553076185866147,0.22867731414155212,0,0,0,0.12,0.01,0.0,0.01,0.1,0.9,-1.2,0.0,0,0,1,0,0.675,0.44
357,3,-0.9091480374336243,0.4286971688270569,-0.09415707737207413,-1.2754149519315565,1.6969343506208268,0,0,0,0.12,0.01,0.0,0.01,0.1,0.9,-1.2,0.0,0,0,1,0,0.675,0.44
357,4,-0.5105101466178894,-0.4219866693019867,0.03256092220544815,0.15615551415273468,0.15488762911966525,0,0,0,0.12,0.01,0.0,0.01,0.1,0.9,-1.2,0.0,0,0,1,0,0.675,0.44
357,5,-0.8609263300895691,-0.16811946034431458,-2.3024117946624756,0.43130612691003867,0.48394733349721847,0,0,0,0.12,0.01,0.0,0.01,0.1,0.9,-1.2,0.0,0,0,1,0,0.675,0.44
357,6,0.0013787796488031745,0.004839436616748571,0.30140092968940735,0.3752612474015485,0.3906267878958453,0,0,0,0.12,0.01,0.0,0.01,0.1,0.9,-1.2,0.0,0,0,1,0,0.675,0.44
357,7,-0.21696272492408752,0.4252103269100189,-0.04221116006374359,0.2458567128497621,0.24728687545475755,0,0,0,0.12,0.01,0.0,0.01,0.1,0.9,-1.2,0.0,0,0,1,0,0.675,0.44
358,0,-0.46973228454589844,0.11690676212310791,-1.8775207996368408,0.17920059987830486,0.298208852321631,0,0,0,0.12,0.01,0.0,0.01,0.1,0.9,-1.2,0.0,0,0,1,0,0.675,0.44
358,1,-0.9632229804992676,0.22690172493457794,-2.3564257621765137,0.544813767205388,0.43348775791057886,0,0,0,0.12,0.01,0.0,0.01,0.1,0.9,-1.2,0.0,0,0,1,0,0.675,0.44
358,2,-0.0003857142583001405,-0.42267632484436035,0.022029723972082138,0.2251513615571804,0.2278982087648563,0,0,0,0.12,0.01,0.0,0.01,0.1,0.9,-1.2,0.0,0,0,1,0,0.675,0.44
358,3,-0.9087619185447693,0.42868107557296753,0.024517206475138664,-0.9224856401315713,1.3748758638731027,0,0,0,0.12,0.01,0.0,0.01,0.1,0.9,-1.2,0.0,0,0,1,0,0.675,0.44
358,4,-0.510199248790741,-0.42197656631469727,0.03253605589270592,0.15604315749196768,0.15498278984041453,0,0,0,0.12,0.01,0.0,0.01,0.1,0.9,-1.2,0.0,0,0,1,0,0.675,0.44
358,5,-0.8615373969078064,-0.16880127787590027,-2.3005053997039795,0.4319089623751054,0.4830578592954268,0,0,0,0.12,0.01,0.0,0.01,0.1,0.9,-1.2,0.0,0,0,1,0,0.675,0.44
358,6,0.0021103639155626297,0.005067313089966774,0.3020303249359131,0.37516595558125837,0.38965038820307385,0,0,0,0.12,0.01,0.0,0.01,0.1,0.9,-1.2,0.0,0,0,1,0,0.675,0.44
358,7,-0.2164653092622757,0.425189346075058,-0.042123615741729736,0.24398238342450432,0.24523755032374092,0,0,0,0.12,0.01,0.0,0.01,0.1,0.9,-1.2,0.0,0,0,1,0,0.675,0.44
359,0,-0.46988001465797424,0.11643536388874054,-1.8727530241012573,0.1792468439431306,0.2940872300772552,0,0,0,0.12,0.01,0.0,0.01,0.1,0.9,-1.2,0.0,0,0,1,0,0.675,0.44
359,1,-0.9639162421226501,0.2262115478515625,-2.360445499420166,0.5456366208135964,0.4328514072358726,0,0,0,0.12,0.01,0.0,0.01,0.1,0.9,-1.2,0.0,0,0,1,0,0.675,0.44
359,2,6.86168932588771e-05,-0.4226663410663605,0.022098232060670853,0.22443256786053586,0.2274648446779926,0,0,0,0.12,0.01,0.0,0.01,0.1,0.9,-1.2,0.0,0,0,1,0,0.675,0.44
359,3,-0.9083423018455505,0.4287172555923462,0.13198280334472656,-0.45090395633383334,0.9245412391821914,0,0,0,0.12,0.01,0.0,0.01,0.1,0.9,-1.2,0.0,0,0,1,0,0.675,0.44
359,4,-0.5098883509635925,-0.4219664931297302,0.032432444393634796,0.1556282221073649,0.15535755169443868,0,0,0,0.12,0.01,0.0,0.01,0.1,0.9,-1.2,0.0,0,0,1,0,0.675,0.44
359,5,-0.8621469736099243,-0.16948401927947998,-2.2986364364624023,0.4325942651926736,0.48206243351109224,0,0,0,0.12,0.01,0.0,0.01,0.1,0.9,-1.2,0.0,0,0,1,0,0.675,0.44
359,6,0.0028409219812601805,0.005295365583151579,0.30258244276046753,0.37487758869198595,0.3888696265790102,0,0,0,0.12,0.01,0.0,0.01,0.1,0.9,-1.2,0.0,0,0,1,0,0.675,0.44
359,7,-0.21597181260585785,0.42516857385635376,-0.04210168123245239,0.24193996104677337,0.24336820927183012,0,0,0,0.12,0.01,0.0,0.01,0.1,0.9,-1.2,0.0,0,0,1,0,0.675,0.44
360,0,-0.4700241982936859,0.11596759408712387,-1.8681281805038452,0.17923841734972115,0.29010676483068354,0,0,0,0.12,0.01,0.0,0.01,0.1,0.9,-1.2,0.0,0,0,1,0,0.675,0.44
360,1,-0.9646123647689819,0.2255239486694336,-2.3643765449523926,0.547779599620679,0.4308899841767758,0,0,0,0.12,0.01,0.0,0.01,0.1,0.9,-1.2,0.0,0,0,1,0,0.675,0.44
360,2,0.0005217872094362974,-0.4226562976837158,0.022160867229104042,0.22374983251261596,0.22700188934636228,0,0,0,0.12,0.01,0.0,0.01,0.1,0.9,-1.2,0.0,0,0,1,0,0.675,0.44
360,3,-0.9078869223594666,0.4288003444671631,0.21782492101192474,1.063805769075989,-0.6009357970854036,0,0,0,0.12,0.01,0.0,0.01,0.1,0.9,-1.2,0.0,0,0,1,0,0.675,0.44
360,4,-0.5095774531364441,-0.4219564199447632,0.032347194850444794,0.15523962783704817,0.15568329286683977,0,0,0,0.12,0.01,0.0,0.01,0.1,0.9,-1.2,0.0,0,0,1,0,0.675,0.44
360,5,-0.8627551198005676,-0.1701676845550537,-2.296816825866699,0.7964395937703631,0.09692620661034368,0,0,0,0.12,0.01,0.0,0.01,0.1,0.9,-1.2,0.0,0,0,1,0,0.675,0.44
360,6,0.0035704150795936584,0.005523488856852055,0.30313679575920105,0.37468667205501016,0.38799397770237504,0,0,0,0.12,0.01,0.0,0.01,0.1,0.9,-1.2,0.0,0,0,1,0,0.675,0.44
360,7,-0.21548223495483398,0.42514798045158386,-0.04208381101489067,0.2398733469888034,0.24153617292200902,0,0,0,0.12,0.01,0.0,0.01,0.1,0.9,-1.2,0.0,0,0,1,0,0.675,0.44
361,0,-0.470164954662323,0.1155034601688385,-1.863661527633667,0.17948755522137871,0.2859224091016651,0,0,0,0.12,0.01,0.0,0.01,0.1,0.9,-1.2,0.0,0,0,1,0,0.675,0.44
361,1,-0.9653112888336182,0.22483894228935242,-2.3683347702026367,0.5495255715083784,0.4293132298755936,0,0,0,0.12,0.01,0.0,0.01,0.1,0.9,-1.2,0.0,0,0,1,0,0.675,0.44
361,2,0.0009738036314956844,-0.42264628410339355,0.02233700081706047,0.22335795922964075,0.22625447944910068,0,0,0,0.12,0.01,0.0,0.01,0.1,0.9,-1.2,0.0,0,0,1,0,0.675,0.44
361,3,-0.9074256420135498,0.4289177358150482,0.2726796269416809,1.5652029589318497,-1.1141060665749771,0,0,0,0.12,0.01,0.0,0.01,0.1,0.9,-1.2,0.0,0,0,1,0,0.675,0.44
361,4,-0.5092666149139404,-0.42194637656211853,0.032351840287446976,0.15503832337059625,0.15579918387732858,0,0,0,0.12,0.01,0.0,0.01,0.1,0.9,-1.2,0.0,0,0,1,0,0.675,0.44
361,5,-0.8633618354797363,-0.17085222899913788,-2.2950549125671387,0.7923393278446529,0.10072928377720392,0,0,0,0.12,0.01,0.0,0.01,0.1,0.9,-1.2,0.0,0,0,1,0,0.675,0.44
361,6,0.0042987908236682415,0.005751677788794041,0.30365678668022156,0.3744550016753864,0.387161466754179,0,0,0,0.12,0.01,0.0,0.01,0.1,0.9,-1.2,0.0,0,0,1,0,0.675,0.44
361,7,-0.2149965763092041,0.4251275658607483,-0.042002029716968536,0.2379977457464028,0.239526236778469,0,0,0,0.12,0.01,0.0,0.01,0.1,0.9,-1.2,0.0,0,0,1,0,0.675,0.44
362,0,-0.47030243277549744,0.11504290997982025,-1.859349012374878,0.17949900624337523,0.28195785882887514,0,0,0,0.12,0.01,0.0,0.01,0.1,0.9,-1.2,0.0,0,0,1,0,0.675,0.44
362,1,-0.9660130739212036,0.22415664792060852,-2.372418165206909,0.5501869144359446,0.42880596495477197,0,0,0,0.12,0.01,0.0,0.01,0.1,0.9,-1.2,0.0,0,0,1,0,0.675,0.44
362,2,0.0014246725477278233,-0.4226362109184265,0.022540682926774025,0.223101741097004,0.2253777920984916,0,0,0,0.12,0.01,0.0,0.01,0.1,0.9,-1.2,0.0,0,0,1,0,0.675,0.44
362,3,-0.9069774746894836,0.42904162406921387,0.23548538982868195,1.7956296191806695,-1.342130600034704,0,0,0,0.12,0.01,0.0,0.01,0.1,0.9,-1.2,0.0,0,0,1,0,0.675,0.44
362,4,-0.5089558362960815,-0.4219363331794739,0.0323898009955883,0.15497320711405105,0.1557058709880608,0,0,0,0.12,0.01,0.0,0.01,0.1,0.9,-1.2,0.0,0,0,1,0,0.675,0.44
362,5,-0.8639608025550842,-0.17152078449726105,-2.3143482208251953,0.6934897672042855,0.19968643080139092,0,0,0,0.12,0.01,0.0,0.01,0.1,0.9,-1.2,0.0,0,0,1,0,0.675,0.44
362,6,0.005026082042604685,0.005979948211461306,0.3041516840457916,0.374215386092329,0.38633916598591805,0,0,0,0.12,0.01,0.0,0.01,0.1,0.9,-1.2,0.0,0,0,1,0,0.675,0.44
362,7,-0.2145148068666458,0.42510735988616943,-0.04190460965037346,0.23622374756603615,0.23742852585048307,0,0,0,0.12,0.01,0.0,0.01,0.1,0.9,-1.2,0.0,0,0,1,0,0.675,0.44
363,0,-0.4704367220401764,0.11458596587181091,-1.8552035093307495,0.1788417728775229,0.2787345615989481,0,0,0,0.12,0.01,0.0,0.01,0.1,0.9,-1.2,0.0,0,0,1,0,0.675,0.44
363,1,-0.9667178988456726,0.22347721457481384,-2.37662410736084,0.5504704593290188,0.4286657692323826,0,0,0,0.12,0.01,0.0,0.01,0.1,0.9,-1.2,0.0,0,0,1,0,0.675,0.44
363,2,0.0018743998371064663,-0.4226261079311371,0.022623607888817787,0.22249554828937212,0.22485736771290146,0,0,0,0.12,0.01,0.0,0.01,0.1,0.9,-1.2,0.0,0,0,1,0,0.675,0.44
363,3,-0.9065336585044861,0.42913490533828735,0.14849403500556946,1.8010536561075023,-1.3271020481649212,0,0,0,0.12,0.01,0.0,0.01,0.1,0.9,-1.2,0.0,0,0,1,0,0.675,0.44
363,4,-0.5086451172828674,-0.42192625999450684,0.03239337354898453,0.15374028376326782,0.15659979292168397,0,0,0,0.12,0.01,0.0,0.01,0.1,0.9,-1.2,0.0,0,0,1,0,0.675,0.44
363,5,-0.8645735383033752,-0.1721706986427307,-2.3386852741241455,0.5695964232846061,0.32359491430084314,0,0,0,0.12,0.01,0.0,0.01,0.1,0.9,-1.2,0.0,0,0,1,0,0.675,0.44
363,6,0.005752298049628735,0.006208281964063644,0.30462646484375,0.37398076249998546,0.3855140785987999,0,0,0,0.12,0.01,0.0,0.01,0.1,0.9,-1.2,0.0,0,0,1,0,0.675,0.44
363,7,-0.21403692662715912,0.4250873327255249,-0.0418718084692955,0.2342584002779041,0.2355364691450085,0,0,0,0.12,0.01,0.0,0.01,0.1,0.9,-1.2,0.0,0,0,1,0,0.675,0.44
364,0,-0.4705679416656494,0.11413265019655228,-1.8512145280838013,0.17719346860320567,0.2766058685454607,0,0,0,0.12,0.01,0.0,0.01,0.1,0.9,-1.2,0.0,0,0,1,0,0.675,0.44
364,1,-0.9674257040023804,0.22280071675777435,-2.3808863162994385,0.551206084881298,0.42806979736281214,0,0,0,0.12,0.01,0.0,0.01,0.1,0.9,-1.2,0.0,0,0,1,0,0.675,0.44
364,2,0.0023229920770972967,-0.42261600494384766,0.022622020915150642,0.2216100816586811,0.22462208820788082,0,0,0,0.12,0.01,0.0,0.01,0.1,0.9,-1.2,0.0,0,0,1,0,0.675,0.44
364,3,-0.9060825705528259,0.4291824996471405,0.041482727974653244,1.6384106774539566,-1.1347684760303116,0,0,0,0.12,0.01,0.0,0.01,0.1,0.9,-1.2,0.0,0,0,1,0,0.675,0.44
364,4,-0.5083345770835876,-0.4219162166118622,0.03239886835217476,0.15140062624138179,0.15843906945068056,0,0,0,0.12,0.01,0.0,0.01,0.1,0.9,-1.2,0.0,0,0,1,0,0.675,0.44
364,5,-0.8652008771896362,-0.17280644178390503,-2.3574137687683105,0.46965685016478015,0.42332849376832543,0,0,0,0.12,0.01,0.0,0.01,0.1,0.9,-1.2,0.0,0,0,1,0,0.675,0.44
364,6,0.006477447226643562,0.0064366539008915424,0.3050808906555176,0.37375071522870756,0.3846863818438938,0,0,0,0.12,0.01,0.0,0.01,0.1,0.9,-1.2,0.0,0,0,1,0,0.675,0.44
364,7,-0.21356292068958282,0.4250674843788147,-0.041872862726449966,0.23219725714187298,0.23375516905327168,0,0,0,0.12,0.01,0.0,0.01,0.1,0.9,-1.2,0.0,0,0,1,0,0.675,0.44
365,0,-0.47069621086120605,0.1136828139424324,-1.8473349809646606,0.17436214620563759,0.27577025359180196,0,0,0,0.12,0.01,0.0,0.01,0.1,0.9,-1.2,0.0,0,0,1,0,0.675,0.44
365,1,-0.9681366086006165,0.22212716937065125,-2.3851685523986816,0.5529600405424667,0.42645793917478797,0,0,0,0.12,0.01,0.0,0.01,0.1,0.9,-1.2,0.0,0,0,1,0,0.675,0.44
365,2,0.002770455554127693,-0.42260584235191345,0.02270379476249218,0.221036094253337,0.22408003824445047,0,0,0,0.12,0.01,0.0,0.01,0.1,0.9,-1.2,0.0,0,0,1,0,0.675,0.44
365,3,-0.9056119918823242,0.42917826771736145,-0.06848224252462387,1.3355410715048952,-0.8038590570395632,0,0,0,0.12,0.01,0.0,0.01,0.1,0.9,-1.2,0.0,0,0,1,0,0.675,0.44
365,4,-0.5080243349075317,-0.42190614342689514,0.03253132477402687,0.14879589352859024,0.16043005313621997,0,0,0,0.12,0.01,0.0,0.01,0.1,0.9,-1.2,0.0,0,0,1,0,0.675,0.44
365,5,-0.8658375144004822,-0.17343294620513916,-2.3677966594696045,0.4072147292322037,0.48545167024670866,0,0,0,0.12,0.01,0.0,0.01,0.1,0.9,-1.2,0.0,0,0,1,0,0.675,0.44
365,6,0.007201541215181351,0.00666503282263875,0.3055124878883362,0.37350932073921206,0.3838721184697723,0,0,0,0.12,0.01,0.0,0.01,0.1,0.9,-1.2,0.0,0,0,1,0,0.675,0.44
365,7,-0.21309275925159454,0.4250478446483612,-0.041814517229795456,0.23039547609133493,0.23172961665349237,0,0,0,0.12,0.01,0.0,0.01,0.1,0.9,-1.2,0.0,0,0,1,0,0.675,0.44
366,0,-0.470821738243103,0.11323622614145279,-1.8434901237487793,0.1707001086576039,0.27584912811684065,0,0,0,0.12,0.01,0.0,0.01,0.1,0.9,-1.2,0.0,0,0,1,0,0.675,0.44
366,1,-0.9688504338264465,0.22145655751228333,-2.389491081237793,0.5549872225182452,0.424575238857945,0,0,0,0.12,0.01,0.0,0.01,0.1,0.9,-1.2,0.0,0,0,1,0,0.675,0.44
366,2,0.0032167965546250343,-0.42259570956230164,0.022886091843247414,0.22071560367906015,0.22328940883314694,0,0,0,0.12,0.01,0.0,0.01,0.1,0.9,-1.2,0.0,0,0,1,0,0.675,0.44
366,3,-0.9051361680030823,0.42911651730537415,-0.1689644604921341,0.8963124798615876,-0.3469803379853669,0,0,0,0.12,0.01,0.0,0.01,0.1,0.9,-1.2,0.0,0,0,1,0,0.675,0.44
366,4,-0.507714569568634,-0.4218960702419281,0.03281499817967415,0.14633513889566574,0.1622135499928841,0,0,0,0.12,0.01,0.0,0.01,0.1,0.9,-1.2,0.0,0,0,1,0,0.675,0.44
366,5,-0.866477906703949,-0.17405523359775543,-2.370835781097412,0.37814202542494824,0.5141832566719146,0,0,0,0.12,0.01,0.0,0.01,0.1,0.9,-1.2,0.0,0,0,1,0,0.675,0.44
366,6,0.007924587465822697,0.00689339404925704,0.3059227168560028,0.37325857235906185,0.3830690567302936,0,0,0,0.12,0.01,0.0,0.01,0.1,0.9,-1.2,0.0,0,0,1,0,0.675,0.44
366,7,-0.21262644231319427,0.42502838373184204,-0.04170458763837814,0.22879168897538335,0.22951983899206968,0,0,0,0.12,0.01,0.0,0.01,0.1,0.9,-1.2,0.0,0,0,1,0,0.675,0.44
367,0,-0.4709445536136627,0.11279256641864777,-1.839587688446045,0.16615123074763344,0.276917839829988,0,0,0,0.12,0.01,0.0,0.01,0.1,0.9,-1.2,0.0,0,0,1,0,0.675,0.44
367,1,-0.9695671796798706,0.22078891098499298,-2.3939175605773926,0.5574298584477116,0.42228542923768275,0,0,0,0.12,0.01,0.0,0.01,0.1,0.9,-1.2,0.0,0,0,1,0,0.675,0.44
367,2,0.003662019968032837,-0.42258551716804504,0.023011840879917145,0.22028204822637065,0.22261592721842302,0,0,0,0.12,0.01,0.0,0.01,0.1,0.9,-1.2,0.0,0,0,1,0,0.675,0.44
367,3,-0.9046343564987183,0.4290017783641815,-0.24883344769477844,0.35592328438585613,0.19709915986234333,0,0,0,0.12,0.01,0.0,0.01,0.1,0.9,-1.2,0.0,0,0,1,0,0.675,0.44
367,4,-0.5074053406715393,-0.4218859076499939,0.03318900987505913,0.14424849661638517,0.16359432426641207,0,0,0,0.12,0.01,0.0,0.01,0.1,0.9,-1.2,0.0,0,0,1,0,0.675,0.44
367,5,-0.8671183586120605,-0.17467713356018066,-2.3689587116241455,0.3715166576527685,0.5204728714800746,0,0,0,0.12,0.01,0.0,0.01,0.1,0.9,-1.2,0.0,0,0,1,0,0.675,0.44
367,6,0.00864658784121275,0.00712171895429492,0.3063141703605652,0.37300433415701917,0.3822716901845641,0,0,0,0.12,0.01,0.0,0.01,0.1,0.9,-1.2,0.0,0,0,1,0,0.675,0.44
367,7,-0.21216395497322083,0.4250091016292572,-0.04164417088031769,0.22708622129041828,0.22742491452615582,0,0,0,0.12,0.01,0.0,0.01,0.1,0.9,-1.2,0.0,0,0,1,0,0.675,0.44
368,0,-0.4710647761821747,0.11235157400369644,-1.835554838180542,0.16133769865571607,0.2783344734138335,0,0,0,0.12,0.01,0.0,0.01,0.1,0.9,-1.2,0.0,0,0,1,0,0.675,0.44
368,1,-0.970287024974823,0.22012433409690857,-2.398477792739868,0.5595836719955689,0.42028909116132196,0,0,0,0.12,0.01,0.0,0.01,0.1,0.9,-1.2,0.0,0,0,1,0,0.675,0.44
368,2,0.004106130450963974,-0.42257529497146606,0.023043015971779823,0.21958046641950843,0.22221410784120324,0,0,0,0.12,0.01,0.0,0.01,0.1,0.9,-1.2,0.0,0,0,1,0,0.675,0.44
368,3,-0.9041157960891724,0.4288499057292938,-0.2988334894180298,-0.1934970781394385,0.7390796706267737,0,0,0,0.12,0.01,0.0,0.01,0.1,0.9,-1.2,0.0,0,0,1,0,0.675,0.44
368,4,-0.5070968270301819,-0.42187562584877014,0.03366587683558464,0.1428059274275802,0.16432583984536905,0,0,0,0.12,0.01,0.0,0.01,0.1,0.9,-1.2,0.0,0,0,1,0,0.675,0.44
368,5,-0.8677564263343811,-0.17530100047588348,-2.3645777702331543,0.3764444828351378,0.5152093529383301,0,0,0,0.12,0.01,0.0,0.01,0.1,0.9,-1.2,0.0,0,0,1,0,0.675,0.44
368,6,0.009367544203996658,0.007349993567913771,0.30668455362319946,0.37273593291427237,0.3814906324467506,0,0,0,0.12,0.01,0.0,0.01,0.1,0.9,-1.2,0.0,0,0,1,0,0.675,0.44
368,7,-0.211705282330513,0.4249899983406067,-0.04165550321340561,0.22522598967757057,0.22549694313798116,0,0,0,0.12,0.01,0.0,0.01,0.1,0.9,-1.2,0.0,0,0,1,0,0.675,0.44
369,0,-0.47118237614631653,0.11191297322511673,-1.8313206434249878,0.15701089834418694,0.27932311559471684,0,0,0,0.12,0.01,0.0,0.01,0.1,0.9,-1.2,0.0,0,0,1,0,0.675,0.44
369,1,-0.9710099697113037,0.21946296095848083,-2.4031982421875,0.5606748018881939,0.41935436385658775,0,0,0,0.12,0.01,0.0,0.01,0.1,0.9,-1.2,0.0,0,0,1,0,0.675,0.44
369,2,0.004549132194370031,-0.4225651025772095,0.02311820350587368,0.2189618770056876,0.22173215709389127,0,0,0,0.12,0.01,0.0,0.01,0.1,0.9,-1.2,0.0,0,0,1,0,0.675,0.44
369,3,-0.9035927653312683,0.4286806285381317,-0.3120174705982208,-0.6458287933617277,1.180748591735904,0,0,0,0.12,0.01,0.0,0.01,0.1,0.9,-1.2,0.0,0,0,1,0,0.675,0.44
369,4,-0.5067890286445618,-0.42186516523361206,0.03431029990315437,0.1423789816365045,0.16404721565391606,0,0,0,0.12,0.01,0.0,0.01,0.1,0.9,-1.2,0.0,0,0,1,0,0.675,0.44
369,5,-0.8683910369873047,-0.17592787742614746,-2.3594274520874023,0.38507457380212406,0.5062342106827393,0,0,0,0.12,0.01,0.0,0.01,0.1,0.9,-1.2,0.0,0,0,1,0,0.675,0.44
369,6,0.010087480768561363,0.0075782062485814095,0.30702921748161316,0.37243487401396563,0.38074485497086713,0,0,0,0.12,0.01,0.0,0.01,0.1,0.9,-1.2,0.0,0,0,1,0,0.675,0.44
369,7,-0.2112504094839096,0.4249710738658905,-0.041652463376522064,0.22348873062877445,0.22345726446361752,0,0,0,0.12,0.01,0.0,0.01,0.1,0.9,-1.2,0.0,0,0,1,0,0.675,0.44
370,0,-0.47129735350608826,0.1114765852689743,-1.826851725578308,0.15375145874703508,0.279288444893712,0,0,0,0.12,0.01,0.0,0.01,0.1,0.9,-1.2,0.0,0,0,1,0,0.675,0.44
370,1,-0.9717362523078918,0.2188049703836441,-2.4080681800842285,0.5603981708696077,0.41978143699858683,0,0,0,0.12,0.01,0.0,0.01,0.1,0.9,-1.2,0.0,0,0,1,0,0.675,0.44
370,2,0.004991029389202595,-0.4225548505783081,0.023298123851418495,0.21872405219884555,0.22087328623918853,0,0,0,0.12,0.01,0.0,0.01,0.1,0.9,-1.2,0.0,0,0,1,0,0.675,0.44
370,3,-0.903071939945221,0.4285150468349457,-0.28692349791526794,-0.9336113353703022,1.4639346619579792,0,0,0,0.12,0.01,0.0,0.01,0.1,0.9,-1.2,0.0,0,0,1,0,0.675,0.44
370,4,-0.5064818859100342,-0.42185452580451965,0.03509062901139259,0.14288146017460904,0.16284429313273352,0,0,0,0.12,0.01,0.0,0.01,0.1,0.9,-1.2,0.0,0,0,1,0,0.675,0.44
370,5,-0.8690220713615417,-0.17655791342258453,-2.354473114013672,0.3930186071100202,0.4979307613668475,0,0,0,0.12,0.01,0.0,0.01,0.1,0.9,-1.2,0.0,0,0,1,0,0.675,0.44
370,6,0.010806435719132423,0.007806347217410803,0.3073491156101227,0.3721026793559746,0.38003295506632767,0,0,0,0.12,0.01,0.0,0.01,0.1,0.9,-1.2,0.0,0,0,1,0,0.675,0.44
370,7,-0.21079930663108826,0.42495229840278625,-0.04159970581531525,0.221927609019184,0.221252505011654,0,0,0,0.12,0.01,0.0,0.01,0.1,0.9,-1.2,0.0,0,0,1,0,0.675,0.44
371,0,-0.4714096188545227,0.11104240268468857,-1.8221714496612549,0.15183873273074142,0.27794327043355,0,0,0,0.12,0.01,0.0,0.01,0.1,0.9,-1.2,0.0,0,0,1,0,0.675,0.44
371,1,-0.9724658727645874,0.2181505262851715,-2.413024425506592,0.5590247605494069,0.4212956334897472,0,0,0,0.12,0.01,0.0,0.01,0.1,0.9,-1.2,0.0,0,0,1,0,0.675,0.44
371,2,0.005431825295090675,-0.42254459857940674,0.023451756685972214,0.21839571539950653,0.22010802681851105,0,0,0,0.12,0.01,0.0,0.01,0.1,0.9,-1.2,0.0,0,0,1,0,0.675,0.44
371,3,-0.9025542140007019,0.4283719062805176,-0.22906915843486786,-1.0417471151568478,1.5789107899882384,0,0,0,0.12,0.01,0.0,0.01,0.1,0.9,-1.2,0.0,0,0,1,0,0.675,0.44
371,4,-0.5061755180358887,-0.42184361815452576,0.035869453102350235,0.1440467414713757,0.16098232294550968,0,0,0,0.12,0.01,0.0,0.01,0.1,0.9,-1.2,0.0,0,0,1,0,0.675,0.44
371,5,-0.8696497678756714,-0.17719079554080963,-2.3500847816467285,0.3985858346891333,0.4919886801767421,0,0,0,0.12,0.01,0.0,0.01,0.1,0.9,-1.2,0.0,0,0,1,0,0.675,0.44
371,6,0.011524396948516369,0.00803440436720848,0.30765220522880554,0.37176673045835906,0.3793280280522306,0,0,0,0.12,0.01,0.0,0.01,0.1,0.9,-1.2,0.0,0,0,1,0,0.675,0.44
371,7,-0.21035200357437134,0.42493370175361633,-0.04157907888293266,0.22035017114527067,0.21907604235761324,0,0,0,0.12,0.01,0.0,0.01,0.1,0.9,-1.2,0.0,0,0,1,0,0.675,0.44
372,0,-0.4715190529823303,0.11061054468154907,-1.8173513412475586,0.15122268238472025,0.2753421004731747,0,0,0,0.12,0.01,0.0,0.01,0.1,0.9,-1.2,0.0,0,0,1,0,0.675,0.44
372,1,-0.9731989502906799,0.21749967336654663,-2.417975425720215,0.557307469058413,0.42314238626919326,0,0,0,0.12,0.01,0.0,0.01,0.1,0.9,-1.2,0.0,0,0,1,0,0.675,0.44
372,2,0.005871522706001997,-0.42253434658050537,0.023473789915442467,0.217652128960034,0.21976120588646256,0,0,0,0.12,0.01,0.0,0.01,0.1,0.9,-1.2,0.0,0,0,1,0,0.675,0.44
372,3,-0.9020330905914307,0.4282660186290741,-0.14887474477291107,-0.9871431879954307,1.5414703183131184,0,0,0,0.12,0.01,0.0,0.01,0.1,0.9,-1.2,0.0,0,0,1,0,0.675,0.44
372,4,-0.5058698654174805,-0.42183253169059753,0.03656256943941116,0.14544063138180344,0.15889058185405167,0,0,0,0.12,0.01,0.0,0.01,0.1,0.9,-1.2,0.0,0,0,1,0,0.675,0.44
372,5,-0.8702746033668518,-0.17782603204250336,-2.346276044845581,0.40168377889980567,0.4885009811938833,0,0,0,0.12,0.01,0.0,0.01,0.1,0.9,-1.2,0.0,0,0,1,0,0.675,0.44
372,6,0.0122413644567132,0.008262365125119686,0.30794256925582886,0.3714480709236397,0.378609328349279,0,0,0,0.12,0.01,0.0,0.01,0.1,0.9,-1.2,0.0,0,0,1,0,0.675,0.44
372,7,-0.20990845561027527,0.42491522431373596,-0.04164351150393486,0.2184727581438227,0.21721219101579953,0,0,0,0.12,0.01,0.0,0.01,0.1,0.9,-1.2,0.0,0,0,1,0,0.675,0.44
373,0,-0.4716256558895111,0.11018121987581253,-1.8124891519546509,0.15162073734327378,0.27177558180765093,0,0,0,0.12,0.01,0.0,0.01,0.1,0.9,-1.2,0.0,0,0,1,0,0.675,0.44
373,1,-0.9739353656768799,0.21685239672660828,-2.4228403568267822,0.556033499608118,0.42453389607898534,0,0,0,0.12,0.01,0.0,0.01,0.1,0.9,-1.2,0.0,0,0,1,0,0.675,0.44
373,2,0.006310125347226858,-0.4225240647792816,0.023471059277653694,0.21686086257744241,0.21946573058318686,0,0,0,0.12,0.01,0.0,0.01,0.1,0.9,-1.2,0.0,0,0,1,0,0.675,0.44
373,3,-0.9014998078346252,0.4282073676586151,-0.05840349197387695,-0.7967270720784535,1.3726526606862417,0,0,0,0.12,0.01,0.0,0.01,0.1,0.9,-1.2,0.0,0,0,1,0,0.675,0.44
373,4,-0.5055648684501648,-0.421821266412735,0.037184711545705795,0.14707171093702834,0.15655706156014879,0,0,0,0.12,0.01,0.0,0.01,0.1,0.9,-1.2,0.0,0,0,1,0,0.675,0.44
373,5,-0.8708968758583069,-0.17846322059631348,-2.3429038524627686,0.40294553712467046,0.4868353418960204,0,0,0,0.12,0.01,0.0,0.01,0.1,0.9,-1.2,0.0,0,0,1,0,0.675,0.44
373,6,0.012957346625626087,0.008490215986967087,0.30821800231933594,0.37113152086458867,0.37789179742612183,0,0,0,0.12,0.01,0.0,0.01,0.1,0.9,-1.2,0.0,0,0,1,0,0.675,0.44
373,7,-0.20946864783763885,0.4248969256877899,-0.0417233482003212,0.21662461569922786,0.21533382126671455,0,0,0,0.12,0.01,0.0,0.01,0.1,0.9,-1.2,0.0,0,0,1,0,0.675,0.44
374,0,-0.4717293679714203,0.10975465178489685,-1.8076838254928589,0.1527593421496682,0.26752415423018405,0,0,0,0.12,0.01,0.0,0.01,0.1,0.9,-1.2,0.0,0,0,1,0,0.675,0.44
374,1,-0.9746749401092529,0.2162085920572281,-2.4275848865509033,0.5556068138238888,0.42506554564266386,0,0,0,0.12,0.01,0.0,0.01,0.1,0.9,-1.2,0.0,0,0,1,0,0.675,0.44
374,2,0.006747636012732983,-0.42251378297805786,0.023584801703691483,0.2164089472039723,0.21883415272392995,0,0,0,0.12,0.01,0.0,0.01,0.1,0.9,-1.2,0.0,0,0,1,0,0.675,0.44
374,3,-0.9009485840797424,0.4282016456127167,0.031108222901821136,-0.4926923630463857,1.0878538606393116,0,0,0,0.12,0.01,0.0,0.01,0.1,0.9,-1.2,0.0,0,0,1,0,0.675,0.44
374,4,-0.5052605867385864,-0.4218098819255829,0.03774029016494751,0.14882599156914195,0.15409366446914236,0,0,0,0.12,0.01,0.0,0.01,0.1,0.9,-1.2,0.0,0,0,1,0,0.675,0.44
374,5,-0.8715169429779053,-0.1791020631790161,-2.3397974967956543,0.40312624149881704,0.4862373454038014,0,0,0,0.12,0.01,0.0,0.01,0.1,0.9,-1.2,0.0,0,0,1,0,0.675,0.44
374,6,0.013672344386577606,0.008717942982912064,0.30847686529159546,0.3708171290877241,0.37717550568553027,0,0,0,0.12,0.01,0.0,0.01,0.1,0.9,-1.2,0.0,0,0,1,0,0.675,0.44
374,7,-0.2090325951576233,0.4248787462711334,-0.04173891246318817,0.21492052280968713,0.2133273164027305,0,0,0,0.12,0.01,0.0,0.01,0.1,0.9,-1.2,0.0,0,0,1,0,0.675,0.44
375,0,-0.47183021903038025,0.10933101922273636,-1.8030158281326294,0.15433655040487512,0.26289506895318765,0,0,0,0.12,0.01,0.0,0.01,0.1,0.9,-1.2,0.0,0,0,1,0,0.675,0.44
375,1,-0.9754176139831543,0.21556814014911652,-2.43222975730896,0.5560340798255091,0.42473084565437985,0,0,0,0.12,0.01,0.0,0.01,0.1,0.9,-1.2,0.0,0,0,1,0,0.675,0.44
375,2,0.0071840593591332436,-0.4225034713745117,0.02374783717095852,0.21613830959142052,0.21802457535921735,0,0,0,0.12,0.01,0.0,0.01,0.1,0.9,-1.2,0.0,0,0,1,0,0.675,0.44
375,3,-0.9003757238388062,0.4282478988170624,0.10979000478982925,-0.10076026946743352,0.7080565574808918,0,0,0,0.12,0.01,0.0,0.01,0.1,0.9,-1.2,0.0,0,0,1,0,0.675,0.44
375,4,-0.5049570202827454,-0.4217984080314636,0.0381460040807724,0.15040163553170768,0.1518020495135346,0,0,0,0.12,0.01,0.0,0.01,0.1,0.9,-1.2,0.0,0,0,1,0,0.675,0.44
375,5,-0.872134804725647,-0.17974242568016052,-2.336820125579834,0.40283792332843105,0.48609531803890904,0,0,0,0.12,0.01,0.0,0.01,0.1,0.9,-1.2,0.0,0,0,1,0,0.675,0.44
375,6,0.0143863121047616,0.008945534005761147,0.30872324109077454,0.3705110422102627,0.37645424690564305,0,0,0,0.12,0.01,0.0,0.01,0.1,0.9,-1.2,0.0,0,0,1,0,0.675,0.44
375,7,-0.2086002677679062,0.42486071586608887,-0.04174138978123665,0.21326066060892906,0.21129476026662025,0,0,0,0.12,0.01,0.0,0.01,0.1,0.9,-1.2,0.0,0,0,1,0,0.675,0.44
376,0,-0.47192829847335815,0.1089104488492012,-1.7985442876815796,0.15597555330043603,0.25826981374973484,0,0,0,0.12,0.01,0.0,0.01,0.1,0.9,-1.2,0.0,0,0,1,0,0.675,0.44
376,1,-0.9761632680892944,0.21493098139762878,-2.4368293285369873,0.557061013884009,0.42378562956386706,0,0,0,0.12,0.01,0.0,0.01,0.1,0.9,-1.2,0.0,0,0,1,0,0.675,0.44
376,2,0.0076193977147340775,-0.4224931597709656,0.02381441742181778,0.21556326427623665,0.21752307138279045,0,0,0,0.12,0.01,0.0,0.01,0.1,0.9,-1.2,0.0,0,0,1,0,0.675,0.44
376,3,-0.8997805714607239,0.42833444476127625,0.16967983543872833,0.3288827152802018,0.2824017791198226,0,0,0,0.12,0.01,0.0,0.01,0.1,0.9,-1.2,0.0,0,0,1,0,0.675,0.44
376,4,-0.5046541690826416,-0.4217868447303772,0.03833947330713272,0.1516012592217132,0.1498783485987977,0,0,0,0.12,0.01,0.0,0.01,0.1,0.9,-1.2,0.0,0,0,1,0,0.675,0.44
376,5,-0.8727505803108215,-0.18038426339626312,-2.3338849544525146,0.4024649129924806,0.4860253466548887,0,0,0,0.12,0.01,0.0,0.01,0.1,0.9,-1.2,0.0,0,0,1,0,0.675,0.44
376,6,0.015099250711500645,0.009172976948320866,0.30895817279815674,0.370222626285249,0.3757188338473499,0,0,0,0.12,0.01,0.0,0.01,0.1,0.9,-1.2,0.0,0,0,1,0,0.675,0.44
376,7,-0.20817165076732635,0.42484280467033386,-0.04181466996669769,0.21133045334391742,0.20955090742535445,0,0,0,0.12,0.01,0.0,0.01,0.1,0.9,-1.2,0.0,0,0,1,0,0.675,0.44
377,0,-0.47202375531196594,0.10849300771951675,-1.7943053245544434,0.15774134283926983,0.25355794543358784,0,0,0,0.12,0.01,0.0,0.01,0.1,0.9,-1.2,0.0,0,0,1,0,0.675,0.44
377,1,-0.9769118428230286,0.21429714560508728,-2.441443681716919,0.5577216198260103,0.4231941054051604,0,0,0,0.12,0.01,0.0,0.01,0.1,0.9,-1.2,0.0,0,0,1,0,0.675,0.44
377,2,0.008053654804825783,-0.42248281836509705,0.02381945587694645,0.21482758798280982,0.21718538723310205,0,0,0,0.12,0.01,0.0,0.01,0.1,0.9,-1.2,0.0,0,0,1,0,0.675,0.44
377,3,-0.8991824984550476,0.42844951152801514,0.2035835236310959,0.7359501597837058,-0.12661980366264258,0,0,0,0.12,0.01,0.0,0.01,0.1,0.9,-1.2,0.0,0,0,1,0,0.675,0.44
377,4,-0.5043520331382751,-0.4217752516269684,0.03837340325117111,0.15248847698820772,0.1482611825500613,0,0,0,0.12,0.01,0.0,0.01,0.1,0.9,-1.2,0.0,0,0,1,0,0.675,0.44
377,5,-0.8733641505241394,-0.1810275912284851,-2.3309507369995117,0.4022025721376093,0.4858321292097418,0,0,0,0.12,0.01,0.0,0.01,0.1,0.9,-1.2,0.0,0,0,1,0,0.675,0.44
377,6,0.015811162069439888,0.009400265291333199,0.30917730927467346,0.36992990391995645,0.3749905882522847,0,0,0,0.12,0.01,0.0,0.01,0.1,0.9,-1.2,0.0,0,0,1,0,0.675,0.44
377,7,-0.2077467292547226,0.4248250126838684,-0.04192965477705002,0.20922885892928544,0.20799745561539232,0,0,0,0.12,0.01,0.0,0.01,0.1,0.9,-1.2,0.0,0,0,1,0,0.675,0.44
378,0,-0.47211670875549316,0.10807868838310242,-1.790306806564331,0.15941561780596908,0.24897806324337785,0,0,0,0.12,0.01,0.0,0.01,0.1,0.9,-1.2,0.0,0,0,1,0,0.675,0.44
378,1,-0.9776633381843567,0.21366670727729797,-2.4461185932159424,0.5576907404926584,0.42328381452290553,0,0,0,0.12,0.01,0.0,0.01,0.1,0.9,-1.2,0.0,0,0,1,0,0.675,0.44
378,2,0.008486833423376083,-0.4224724769592285,0.023912258446216583,0.21435120701333724,0.2165917754218892,0,0,0,0.12,0.01,0.0,0.01,0.1,0.9,-1.2,0.0,0,0,1,0,0.675,0.44
378,3,-0.8985854387283325,0.42857685685157776,0.20793594419956207,1.0645977512954579,-0.45840420881498917,0,0,0,0.12,0.01,0.0,0.01,0.1,0.9,-1.2,0.0,0,0,1,0,0.675,0.44
378,4,-0.5040506720542908,-0.42176365852355957,0.038333673030138016,0.15326294774604127,0.14675122027802184,0,0,0,0.12,0.01,0.0,0.01,0.1,0.9,-1.2,0.0,0,0,1,0,0.675,0.44
378,5,-0.8739755153656006,-0.18167243897914886,-2.3280069828033447,0.40209728221126245,0.48546928425602265,0,0,0,0.12,0.01,0.0,0.01,0.1,0.9,-1.2,0.0,0,0,1,0,0.675,0.44
378,6,0.01652204990386963,0.009627391584217548,0.3093768060207367,0.3696165025371348,0.3742859423023427,0,0,0,0.12,0.01,0.0,0.01,0.1,0.9,-1.2,0.0,0,0,1,0,0.675,0.44
378,7,-0.20732548832893372,0.4248073399066925,-0.04199030250310898,0.2072473864635604,0.20634340237768717,0,0,0,0.12,0.01,0.0,0.01,0.1,0.9,-1.2,0.0,0,0,1,0,0.675,0.44
379,0,-0.47220727801322937,0.10766749829053879,-1.7865560054779053,0.1606595439370648,0.24487725668587526,0,0,0,0.12,0.01,0.0,0.01,0.1,0.9,-1.2,0.0,0,0,1,0,0.675,0.44
379,1,-0.9784179329872131,0.2130398005247116,-2.4508423805236816,0.5571817944850768,0.4238451530132448,0,0,0,0.12,0.01,0.0,0.01,0.1,0.9,-1.2,0.0,0,0,1,0,0.675,0.44
379,2,0.008918939158320427,-0.42246213555336,0.024084195494651794,0.21410268382438968,0.21577346487632443,0,0,0,0.12,0.01,0.0,0.01,0.1,0.9,-1.2,0.0,0,0,1,0,0.675,0.44
379,3,-0.8979884386062622,0.4286995828151703,0.1833772361278534,1.2822201235798685,-0.6753249748257486,0,0,0,0.12,0.01,0.0,0.01,0.1,0.9,-1.2,0.0,0,0,1,0,0.675,0.44
379,4,-0.5037499666213989,-0.4217521548271179,0.03822164982557297,0.15378414296794618,0.14548934793781554,0,0,0,0.12,0.01,0.0,0.01,0.1,0.9,-1.2,0.0,0,0,1,0,0.675,0.44
379,5,-0.8745846152305603,-0.1823187917470932,-2.325059413909912,0.402127070183663,0.48495824838170565,0,0,0,0.12,0.01,0.0,0.01,0.1,0.9,-1.2,0.0,0,0,1,0,0.675,0.44
379,6,0.01723192073404789,0.009854347445070744,0.30955982208251953,0.3692929179952668,0.37359410211581723,0,0,0,0.12,0.01,0.0,0.01,0.1,0.9,-1.2,0.0,0,0,1,0,0.675,0.44
379,7,-0.20690789818763733,0.42478978633880615,-0.04199717566370964,0.20538934271147097,0.20458570916841182,0,0,0,0.12,0.01,0.0,0.01,0.1,0.9,-1.2,0.0,0,0,1,0,0.675,0.44
380,0,-0.4722956120967865,0.10725942999124527,-1.7830474376678467,0.16111084892641894,0.241626857973224,0,0,0,0.12,0.01,0.0,0.01,0.1,0.9,-1.2,0.0,0,0,1,0,0.675,0.44
380,1,-0.9791755080223083,0.21241648495197296,-2.4555718898773193,0.5566370437407547,0.4244400908684677,0,0,0,0.12,0.01,0.0,0.01,0.1,0.9,-1.2,0.0,0,0,1,0,0.675,0.44
380,2,0.009349972940981388,-0.42245179414749146,0.024180280044674873,0.21361712163431773,0.2151955013896691,0,0,0,0.12,0.01,0.0,0.01,0.1,0.9,-1.2,0.0,0,0,1,0,0.675,0.44
380,3,-0.897389829158783,0.4288002848625183,0.134539395570755,1.3744739662860879,-0.7601439725612649,0,0,0,0.12,0.01,0.0,0.01,0.1,0.9,-1.2,0.0,0,0,1,0,0.675,0.44
380,4,-0.5034500360488892,-0.42174074053764343,0.0379926860332489,0.15392486288420223,0.14460351035722233,0,0,0,0.12,0.01,0.0,0.01,0.1,0.9,-1.2,0.0,0,0,1,0,0.675,0.44
380,5,-0.8751913905143738,-0.1829666644334793,-2.3221189975738525,0.4022446615933874,0.4843465940714381,0,0,0,0.12,0.01,0.0,0.01,0.1,0.9,-1.2,0.0,0,0,1,0,0.675,0.44
380,6,0.01794077642261982,0.010081124491989613,0.309731662273407,0.3689713529176962,0.37290268625542994,0,0,0,0.12,0.01,0.0,0.01,0.1,0.9,-1.2,0.0,0,0,1,0,0.675,0.44
380,7,-0.20649394392967224,0.4247724115848541,-0.04203704744577408,0.20352526025246964,0.2028541414313377,0,0,0,0.12,0.01,0.0,0.01,0.1,0.9,-1.2,0.0,0,0,1,0,0.675,0.44
381,0,-0.4723818302154541,0.1068543791770935,-1.7797515392303467,0.16051452413028128,0.23949579343372934,0,0,0,0.12,0.01,0.0,0.01,0.1,0.9,-1.2,0.0,0,0,1,0,0.675,0.44
381,1,-0.9799361824989319,0.2117968052625656,-2.460270643234253,0.5564938255829448,0.4246353438811665,0,0,0,0.12,0.01,0.0,0.01,0.1,0.9,-1.2,0.0,0,0,1,0,0.675,0.44
381,2,0.009779938496649265,-0.4224414527416229,0.02416624315083027,0.2127870201066753,0.21496583233320507,0,0,0,0.12,0.01,0.0,0.01,0.1,0.9,-1.2,0.0,0,0,1,0,0.675,0.44
381,3,-0.896786093711853,0.42886441946029663,0.06885489076375961,1.3399512263596054,-0.7122505995094771,0,0,0,0.12,0.01,0.0,0.01,0.1,0.9,-1.2,0.0,0,0,1,0,0.675,0.44
381,4,-0.5031508207321167,-0.4217294156551361,0.037680987268686295,0.1537812094515977,0.1439964730912032,0,0,0,0.12,0.01,0.0,0.01,0.1,0.9,-1.2,0.0,0,0,1,0,0.675,0.44
381,5,-0.8757959604263306,-0.18361598253250122,-2.319195032119751,0.40240546818200673,0.4836787903743592,0,0,0,0.12,0.01,0.0,0.01,0.1,0.9,-1.2,0.0,0,0,1,0,0.675,0.44
381,6,0.01864861696958542,0.01030771154910326,0.3098922371864319,0.3686542456750862,0.3722091967458733,0,0,0,0.12,0.01,0.0,0.01,0.1,0.9,-1.2,0.0,0,0,1,0,0.675,0.44
381,7,-0.20608361065387726,0.42475512623786926,-0.04212033376097679,0.20144961747532544,0.20135350552195844,0,0,0,0.12,0.01,0.0,0.01,0.1,0.9,-1.2,0.0,0,0,1,0,0.675,0.44
382,0,-0.4724661111831665,0.10645218938589096,-1.7766108512878418,0.15873358084521788,0.23863225744404298,0,0,0,0.12,0.01,0.0,0.01,0.1,0.9,-1.2,0.0,0,0,1,0,0.675,0.44
382,1,-0.9806997776031494,0.2111807018518448,-2.4649300575256348,0.5569869720320283,0.42419917947248825,0,0,0,0.12,0.01,0.0,0.01,0.1,0.9,-1.2,0.0,0,0,1,0,0.675,0.44
382,2,0.010208839550614357,-0.422431081533432,0.024191495031118393,0.21210410078486086,0.21459154407063846,0,0,0,0.12,0.01,0.0,0.01,0.1,0.9,-1.2,0.0,0,0,1,0,0.675,0.44
382,3,-0.8961729407310486,0.42888277769088745,-0.0051800464279949665,1.1836856508207063,-0.5405184531163911,0,0,0,0.12,0.01,0.0,0.01,0.1,0.9,-1.2,0.0,0,0,1,0,0.675,0.44
382,4,-0.5028523802757263,-0.42171820998191833,0.037374719977378845,0.15356775367028033,0.14345506584876266,0,0,0,0.12,0.01,0.0,0.01,0.1,0.9,-1.2,0.0,0,0,1,0,0.675,0.44
382,5,-0.8763983249664307,-0.18426667153835297,-2.3162951469421387,0.40257228553437363,0.4829924589381301,0,0,0,0.12,0.01,0.0,0.01,0.1,0.9,-1.2,0.0,0,0,1,0,0.675,0.44
382,6,0.019355449825525284,0.01053409930318594,0.3100380301475525,0.36832240283351747,0.37153252899784234,0,0,0,0.12,0.01,0.0,0.01,0.1,0.9,-1.2,0.0,0,0,1,0,0.675,0.44
382,7,-0.20567686855793,0.4247380197048187,-0.04216185584664345,0.19961371611220405,0.1996327977313323,0,0,0,0.12,0.01,0.0,0.01,0.1,0.9,-1.2,0.0,0,0,1,0,0.675,0.44
383,0,-0.47254857420921326,0.10605261474847794,-1.7735459804534912,0.1558982530099982,0.2389099499719506,0,0,0,0.12,0.01,0.0,0.01,0.1,0.9,-1.2,0.0,0,0,1,0,0.675,0.44
383,1,-0.9814662337303162,0.21056810021400452,-2.469571828842163,0.5580353112649744,0.4232139615583593,0,0,0,0.12,0.01,0.0,0.01,0.1,0.9,-1.2,0.0,0,0,1,0,0.675,0.44
383,2,0.010636679828166962,-0.4224207103252411,0.02433524653315544,0.2117755141649741,0.21386629076857389,0,0,0,0.12,0.01,0.0,0.01,0.1,0.9,-1.2,0.0,0,0,1,0,0.675,0.44
383,3,-0.8955480456352234,0.4288540780544281,-0.07750646770000458,0.9252496274291142,-0.2692141445456609,0,0,0,0.12,0.01,0.0,0.01,0.1,0.9,-1.2,0.0,0,0,1,0,0.675,0.44
383,4,-0.5025546550750732,-0.4217071235179901,0.03708334267139435,0.15332297798338773,0.14293937567528844,0,0,0,0.12,0.01,0.0,0.01,0.1,0.9,-1.2,0.0,0,0,1,0,0.675,0.44
383,5,-0.8769985437393188,-0.18491867184638977,-2.3134238719940186,0.4027210088376293,0.4823119429941884,0,0,0,0.12,0.01,0.0,0.01,0.1,0.9,-1.2,0.0,0,0,1,0,0.675,0.44
383,6,0.020061280578374863,0.010760276578366756,0.31016892194747925,0.3679716382013761,0.3708771076215304,0,0,0,0.12,0.01,0.0,0.01,0.1,0.9,-1.2,0.0,0,0,1,0,0.675,0.44
383,7,-0.20527370274066925,0.42472103238105774,-0.04212300851941109,0.19802814655721082,0.19767966932833303,0,0,0,0.12,0.01,0.0,0.01,0.1,0.9,-1.2,0.0,0,0,1,0,0.675,0.44
384,0,-0.47262924909591675,0.10565534979104996,-1.7704650163650513,0.1524404088416034,0.23988207183695498,0,0,0,0.12,0.01,0.0,0.01,0.1,0.9,-1.2,0.0,0,0,1,0,0.675,0.44
384,1,-0.9822355508804321,0.2099589854478836,-2.4742376804351807,0.5590923672887743,0.422224676015669,0,0,0,0.12,0.01,0.0,0.01,0.1,0.9,-1.2,0.0,0,0,1,0,0.675,0.44
384,2,0.011063462123274803,-0.42241033911705017,0.024470634758472443,0.21141212135677032,0.21317956894512488,0,0,0,0.12,0.01,0.0,0.01,0.1,0.9,-1.2,0.0,0,0,1,0,0.675,0.44
384,3,-0.8949190974235535,0.4287807047367096,-0.1405307650566101,0.5884209687491606,0.07501723220146189,0,0,0,0.12,0.01,0.0,0.01,0.1,0.9,-1.2,0.0,0,0,1,0,0.675,0.44
384,4,-0.5022576451301575,-0.42169615626335144,0.036713093519210815,0.1527770155378253,0.1427188819936841,0,0,0,0.12,0.01,0.0,0.01,0.1,0.9,-1.2,0.0,0,0,1,0,0.675,0.44
384,5,-0.8775965571403503,-0.18557195365428925,-2.3105826377868652,0.4028431477752588,0.4816460308822729,0,0,0,0.12,0.01,0.0,0.01,0.1,0.9,-1.2,0.0,0,0,1,0,0.675,0.44
384,6,0.020766116678714752,0.01098623313009739,0.3102889955043793,0.36761799624272445,0.37022694775751963,0,0,0,0.12,0.01,0.0,0.01,0.1,0.9,-1.2,0.0,0,0,1,0,0.675,0.44
384,7,-0.20487409830093384,0.4247041940689087,-0.0420936718583107,0.19650455590014587,0.1956812513279425,0,0,0,0.12,0.01,0.0,0.01,0.1,0.9,-1.2,0.0,0,0,1,0,0.675,0.44
385,0,-0.47270825505256653,0.10526010394096375,-1.767281413078308,0.14863359320563316,0.24128026377755168,0,0,0,0.12,0.01,0.0,0.01,0.1,0.9,-1.2,0.0,0,0,1,0,0.675,0.44
385,1,-0.9830076694488525,0.20935338735580444,-2.4789671897888184,0.5600095593435627,0.4213791883485454,0,0,0,0.12,0.01,0.0,0.01,0.1,0.9,-1.2,0.0,0,0,1,0,0.675,0.44
385,2,0.011489189229905605,-0.42239993810653687,0.024496028199791908,0.21074951583293414,0.21279414599987534,0,0,0,0.12,0.01,0.0,0.01,0.1,0.9,-1.2,0.0,0,0,1,0,0.675,0.44
385,3,-0.8942804336547852,0.42867159843444824,-0.18632608652114868,0.22567565810962306,0.43945668565945045,0,0,0,0.12,0.01,0.0,0.01,0.1,0.9,-1.2,0.0,0,0,1,0,0.675,0.44
385,4,-0.5019614696502686,-0.4216853380203247,0.03628818690776825,0.15196938614664485,0.1427560021418531,0,0,0,0.12,0.01,0.0,0.01,0.1,0.9,-1.2,0.0,0,0,1,0,0.675,0.44
385,5,-0.8781924247741699,-0.1862265169620514,-2.3077707290649414,0.4029474554675662,0.48098608869136933,0,0,0,0.12,0.01,0.0,0.01,0.1,0.9,-1.2,0.0,0,0,1,0,0.675,0.44
385,6,0.02146996557712555,0.011211960576474667,0.31039959192276,0.3672560621639494,0.3695872853854891,0,0,0,0.12,0.01,0.0,0.01,0.1,0.9,-1.2,0.0,0,0,1,0,0.675,0.44
385,7,-0.20447804033756256,0.42468753457069397,-0.0421377457678318,0.19492049006764248,0.19375972958262608,0,0,0,0.12,0.01,0.0,0.01,0.1,0.9,-1.2,0.0,0,0,1,0,0.675,0.44
386,0,-0.4727855324745178,0.10486666113138199,-1.7639379501342773,0.14494089298804655,0.24262927956024755,0,0,0,0.12,0.01,0.0,0.01,0.1,0.9,-1.2,0.0,0,0,1,0,0.675,0.44
386,1,-0.9837827086448669,0.2087513655424118,-2.4837687015533447,0.5605757557232748,0.420885530821525,0,0,0,0.12,0.01,0.0,0.01,0.1,0.9,-1.2,0.0,0,0,1,0,0.675,0.44
386,2,0.011913864873349667,-0.42238953709602356,0.024512873962521553,0.2100543129663914,0.212445135094598,0,0,0,0.12,0.01,0.0,0.01,0.1,0.9,-1.2,0.0,0,0,1,0,0.675,0.44
386,3,-0.8936346769332886,0.42853936553001404,-0.20919394493103027,-0.10133074642175634,0.7647831928824802,0,0,0,0.12,0.01,0.0,0.01,0.1,0.9,-1.2,0.0,0,0,1,0,0.675,0.44
386,4,-0.5016660094261169,-0.4216746687889099,0.0359051376581192,0.15119240879642304,0.14275671840084259,0,0,0,0.12,0.01,0.0,0.01,0.1,0.9,-1.2,0.0,0,0,1,0,0.675,0.44
386,5,-0.8787860870361328,-0.18688233196735382,-2.3049862384796143,0.4030463913471024,0.48031941857034754,0,0,0,0.12,0.01,0.0,0.01,0.1,0.9,-1.2,0.0,0,0,1,0,0.675,0.44
386,6,0.0221728328615427,0.011437453329563141,0.3104979395866394,0.3668835538937461,0.36896117743712553,0,0,0,0.12,0.01,0.0,0.01,0.1,0.9,-1.2,0.0,0,0,1,0,0.675,0.44
386,7,-0.20408549904823303,0.4246709942817688,-0.04219720512628555,0.19333879667917667,0.19185049813588678,0,0,0,0.12,0.01,0.0,0.01,0.1,0.9,-1.2,0.0,0,0,1,0,0.675,0.44
387,0,-0.472861111164093,0.10447485744953156,-1.7604005336761475,0.1418116515277368,0.24346469587102113,0,0,0,0.12,0.01,0.0,0.01,0.1,0.9,-1.2,0.0,0,0,1,0,0.675,0.44
387,1,-0.9845606684684753,0.20815305411815643,-2.488633632659912,0.5606547338496061,0.420875992106357,0,0,0,0.12,0.01,0.0,0.01,0.1,0.9,-1.2,0.0,0,0,1,0,0.675,0.44
387,2,0.01233749184757471,-0.42237913608551025,0.024639451876282692,0.20968428661018618,0.21177365969032041,0,0,0,0.12,0.01,0.0,0.01,0.1,0.9,-1.2,0.0,0,0,1,0,0.675,0.44
387,3,-0.8929854035377502,0.42839914560317993,-0.20678743720054626,-0.34371823497047166,1.005786601974866,0,0,0,0.12,0.01,0.0,0.01,0.1,0.9,-1.2,0.0,0,0,1,0,0.675,0.44
387,4,-0.5013713240623474,-0.42166414856910706,0.03559007868170738,0.15053422077600853,0.14263486043508156,0,0,0,0.12,0.01,0.0,0.01,0.1,0.9,-1.2,0.0,0,0,1,0,0.675,0.44
387,5,-0.8793774843215942,-0.18753942847251892,-2.3022289276123047,0.4031448110182377,0.4796412245194821,0,0,0,0.12,0.01,0.0,0.01,0.1,0.9,-1.2,0.0,0,0,1,0,0.675,0.44
387,6,0.022874722257256508,0.011662703938782215,0.3105837106704712,0.3664954129443413,0.36835350358626784,0,0,0,0.12,0.01,0.0,0.01,0.1,0.9,-1.2,0.0,0,0,1,0,0.675,0.44
387,7,-0.20369645953178406,0.4246545732021332,-0.04221033304929733,0.1919549840218015,0.18975795929370445,0,0,0,0.12,0.01,0.0,0.01,0.1,0.9,-1.2,0.0,0,0,1,0,0.675,0.44
388,0,-0.47293490171432495,0.10408461093902588,-1.7566683292388916,0.1396355658489656,0.24338319602427963,0,0,0,0.12,0.01,0.0,0.01,0.1,0.9,-1.2,0.0,0,0,1,0,0.675,0.44
388,1,-0.9853416681289673,0.2075585573911667,-2.4935407638549805,0.5602285450547695,0.42136428894104966,0,0,0,0.12,0.01,0.0,0.01,0.1,0.9,-1.2,0.0,0,0,1,0,0.675,0.44
388,2,0.012760073877871037,-0.42236873507499695,0.02479943260550499,0.2094079666768643,0.2110114878977207,0,0,0,0.12,0.01,0.0,0.01,0.1,0.9,-1.2,0.0,0,0,1,0,0.675,0.44
388,3,-0.8923349976539612,0.4282674789428711,-0.18095436692237854,-0.4764767954382636,1.1405655214819648,0,0,0,0.12,0.01,0.0,0.01,0.1,0.9,-1.2,0.0,0,0,1,0,0.675,0.44
388,4,-0.50107741355896,-0.42165374755859375,0.0352846123278141,0.1498708576904821,0.1425134389651728,0,0,0,0.12,0.01,0.0,0.01,0.1,0.9,-1.2,0.0,0,0,1,0,0.675,0.44
388,5,-0.879966676235199,-0.1881977766752243,-2.2994987964630127,0.40324745683739005,0.47894628734519673,0,0,0,0.12,0.01,0.0,0.01,0.1,0.9,-1.2,0.0,0,0,1,0,0.675,0.44
388,6,0.023575641214847565,0.011887708678841591,0.31066107749938965,0.3661073166904658,0.3677488844814092,0,0,0,0.12,0.01,0.0,0.01,0.1,0.9,-1.2,0.0,0,0,1,0,0.675,0.44
388,7,-0.20331092178821564,0.4246383011341095,-0.04222772270441055,0.190677738644196,0.1875734563097225,0,0,0,0.12,0.01,0.0,0.01,0.1,0.9,-1.2,0.0,0,0,1,0,0.675,0.44
389,0,-0.47300684452056885,0.10369595140218735,-1.7527756690979004,0.13857671700604393,0.24221447028033305,0,0,0,0.12,0.01,0.0,0.01,0.1,0.9,-1.2,0.0,0,0,1,0,0.675,0.44
389,1,-0.986125648021698,0.20696794986724854,-2.49845814704895,0.5595075853773794,0.42213662782223604,0,0,0,0.12,0.01,0.0,0.01,0.1,0.9,-1.2,0.0,0,0,1,0,0.675,0.44
389,2,0.013181612826883793,-0.42235830426216125,0.02485204115509987,0.20883912035593163,0.2105447929226481,0,0,0,0.12,0.01,0.0,0.01,0.1,0.9,-1.2,0.0,0,0,1,0,0.675,0.44
389,3,-0.8916814923286438,0.4281592071056366,-0.13696537911891937,-0.49576652943568617,1.1662230580993214,0,0,0,0.12,0.01,0.0,0.01,0.1,0.9,-1.2,0.0,0,0,1,0,0.675,0.44
389,4,-0.5007842779159546,-0.42164346575737,0.03496968373656273,0.1491436656570974,0.14245086945528357,0,0,0,0.12,0.01,0.0,0.01,0.1,0.9,-1.2,0.0,0,0,1,0,0.675,0.44
389,5,-0.880553662776947,-0.1888573318719864,-2.2967958450317383,0.4033517847811193,0.4782369126523524,0,0,0,0.12,0.01,0.0,0.01,0.1,0.9,-1.2,0.0,0,0,1,0,0.675,0.44
389,6,0.02427559345960617,0.012112462893128395,0.3107331097126007,0.365729391994154,0.36713743167909435,0,0,0,0.12,0.01,0.0,0.01,0.1,0.9,-1.2,0.0,0,0,1,0,0.675,0.44
389,7,-0.20292885601520538,0.42462214827537537,-0.04233065992593765,0.18920511269623178,0.1855995032781945,0,0,0,0.12,0.01,0.0,0.01,0.1,0.9,-1.2,0.0,0,0,1,0,0.675,0.44
390,0,-0.47307685017585754,0.10330900549888611,-1.7487884759902954,0.1386264365420942,0.23996587579387385,0,0,0,0.12,0.01,0.0,0.01,0.1,0.9,-1.2,0.0,0,0,1,0,0.675,0.44
390,1,-0.9869126081466675,0.20638124644756317,-2.5033507347106934,0.5587807146477076,0.4229015859199193,0,0,0,0.12,0.01,0.0,0.01,0.1,0.9,-1.2,0.0,0,0,1,0,0.675,0.44
390,2,0.013602112419903278,-0.42234787344932556,0.024836769327521324,0.20806381703938975,0.21028753517542353,0,0,0,0.12,0.01,0.0,0.01,0.1,0.9,-1.2,0.0,0,0,1,0,0.675,0.44
390,3,-0.8910217881202698,0.42808517813682556,-0.08208055794239044,-0.4105954012854088,1.0903577647192466,0,0,0,0.12,0.01,0.0,0.01,0.1,0.9,-1.2,0.0,0,0,1,0,0.675,0.44
390,4,-0.5004919171333313,-0.4216332733631134,0.03470377251505852,0.14856808799244026,0.1422319172050848,0,0,0,0.12,0.01,0.0,0.01,0.1,0.9,-1.2,0.0,0,0,1,0,0.675,0.44
390,5,-0.8811384439468384,-0.1895180195569992,-2.2941203117370605,0.4034575610244194,0.4775131554520211,0,0,0,0.12,0.01,0.0,0.01,0.1,0.9,-1.2,0.0,0,0,1,0,0.675,0.44
390,6,0.024974586442112923,0.012336960062384605,0.31079724431037903,0.3653519149097512,0.36652928635749127,0,0,0,0.12,0.01,0.0,0.01,0.1,0.9,-1.2,0.0,0,0,1,0,0.675,0.44
390,7,-0.2025502473115921,0.4246060848236084,-0.0424901582300663,0.1875510748868488,0.1838230553621746,0,0,0,0.12,0.01,0.0,0.01,0.1,0.9,-1.2,0.0,0,0,1,0,0.675,0.44
391,0,-0.4731449484825134,0.10292395204305649,-1.7447887659072876,0.13960090996849786,0.23682152507674445,0,0,0,0.12,0.01,0.0,0.01,0.1,0.9,-1.2,0.0,0,0,1,0,0.675,0.44
391,1,-0.987702488899231,0.20579835772514343,-2.508194923400879,0.5582760486944514,0.423429736103217,0,0,0,0.12,0.01,0.0,0.01,0.1,0.9,-1.2,0.0,0,0,1,0,0.675,0.44
391,2,0.014021574519574642,-0.42233744263648987,0.02490612305700779,0.20753584448945434,0.2097858970915088,0,0,0,0.12,0.01,0.0,0.01,0.1,0.9,-1.2,0.0,0,0,1,0,0.675,0.44
391,3,-0.890353262424469,0.4280506670475006,-0.0241519995033741,-0.23793656174085248,0.9273378903045427,0,0,0,0.12,0.01,0.0,0.01,0.1,0.9,-1.2,0.0,0,0,1,0,0.675,0.44
391,4,-0.5002003312110901,-0.42162320017814636,0.03450900316238403,0.14814579772314393,0.1418547005716864,0,0,0,0.12,0.01,0.0,0.01,0.1,0.9,-1.2,0.0,0,0,1,0,0.675,0.44
391,5,-0.8817210793495178,-0.19017979502677917,-2.291473150253296,0.4035518365892166,0.47678784551298664,0,0,0,0.12,0.01,0.0,0.01,0.1,0.9,-1.2,0.0,0,0,1,0,0.675,0.44
391,6,0.02567262388765812,0.012561195529997349,0.31085044145584106,0.36496377378388023,0.36593508333281893,0,0,0,0.12,0.01,0.0,0.01,0.1,0.9,-1.2,0.0,0,0,1,0,0.675,0.44
391,7,-0.2021750956773758,0.42459017038345337,-0.04261322692036629,0.18612523936434006,0.18183631635503555,0,0,0,0.12,0.01,0.0,0.01,0.1,0.9,-1.2,0.0,0,0,1,0,0.675,0.44
392,0,-0.4732111096382141,0.10254097729921341,-1.7408608198165894,0.14126453170449985,0.23301812639562833,0,0,0,0.12,0.01,0.0,0.01,0.1,0.9,-1.2,0.0,0,0,1,0,0.675,0.44
392,1,-0.9884951710700989,0.20521925389766693,-2.512986660003662,0.5580568324573507,0.4236574161998759,0,0,0,0.12,0.01,0.0,0.01,0.1,0.9,-1.2,0.0,0,0,1,0,0.675,0.44
392,2,0.014440003782510757,-0.4223270118236542,0.025062445551156998,0.20726913701948746,0.20902570593896286,0,0,0,0.12,0.01,0.0,0.01,0.1,0.9,-1.2,0.0,0,0,1,0,0.675,0.44
392,3,-0.8896752595901489,0.42805543541908264,0.029864376410841942,1.6110725977423745e-05,0.6970887009424186,0,0,0,0.12,0.01,0.0,0.01,0.1,0.9,-1.2,0.0,0,0,1,0,0.675,0.44
392,4,-0.49990954995155334,-0.4216131865978241,0.034306492656469345,0.14773263014343463,0.14146284781905927,0,0,0,0.12,0.01,0.0,0.01,0.1,0.9,-1.2,0.0,0,0,1,0,0.675,0.44
392,5,-0.8823016881942749,-0.19084256887435913,-2.2888553142547607,0.40362541408527775,0.47607023983012753,0,0,0,0.12,0.01,0.0,0.01,0.1,0.9,-1.2,0.0,0,0,1,0,0.675,0.44
392,6,0.026369713246822357,0.012785164639353752,0.3108947277069092,0.3645733884536312,0.36534664118656657,0,0,0,0.12,0.01,0.0,0.01,0.1,0.9,-1.2,0.0,0,0,1,0,0.675,0.44
392,7,-0.20180337131023407,0.4245743155479431,-0.04270164668560028,0.18471382794736843,0.1798533028566935,0,0,0,0.12,0.01,0.0,0.01,0.1,0.9,-1.2,0.0,0,0,1,0,0.675,0.44
393,0,-0.473275363445282,0.1021602526307106,-1.7370774745941162,0.14331965473201372,0.2288544592568626,0,0,0,0.12,0.01,0.0,0.01,0.1,0.9,-1.2,0.0,0,0,1,0,0.675,0.44
393,1,-0.9892905354499817,0.2046438455581665,-2.5177392959594727,0.5580345970877421,0.4236739295235861,0,0,0,0.12,0.01,0.0,0.01,0.1,0.9,-1.2,0.0,0,0,1,0,0.675,0.44
393,2,0.014857403002679348,-0.4223165810108185,0.02515692077577114,0.20681100205962435,0.20845992250855186,0,0,0,0.12,0.01,0.0,0.01,0.1,0.9,-1.2,0.0,0,0,1,0,0.675,0.44
393,3,-0.8889889121055603,0.428093820810318,0.07302072644233704,0.26829392349343834,0.43351041639227333,0,0,0,0.12,0.01,0.0,0.01,0.1,0.9,-1.2,0.0,0,0,1,0,0.675,0.44
393,4,-0.49961957335472107,-0.4216032922267914,0.03403591364622116,0.14705283470609049,0.14133285455248498,0,0,0,0.12,0.01,0.0,0.01,0.1,0.9,-1.2,0.0,0,0,1,0,0.675,0.44
393,5,-0.8828801512718201,-0.19150635600090027,-2.286266565322876,0.4036774672244975,0.4753609262729696,0,0,0,0.12,0.01,0.0,0.01,0.1,0.9,-1.2,0.0,0,0,1,0,0.675,0.44
393,6,0.027065856382250786,0.013008860871195793,0.3109339475631714,0.36419280285914085,0.36475185637395235,0,0,0,0.12,0.01,0.0,0.01,0.1,0.9,-1.2,0.0,0,0,1,0,0.675,0.44
393,7,-0.20143505930900574,0.4245585501194,-0.04285040870308876,0.1831035759034048,0.17808879951811923,0,0,0,0.12,0.01,0.0,0.01,0.1,0.9,-1.2,0.0,0,0,1,0,0.675,0.44
394,0,-0.4733377695083618,0.10178190469741821,-1.7334941625595093,0.14546258625469127,0.22463770332851493,0,0,0,0.12,0.01,0.0,0.01,0.1,0.9,-1.2,0.0,0,0,1,0,0.675,0.44
394,1,-0.9900886416435242,0.20407213270664215,-2.522472381591797,0.5580881063607652,0.423602360043196,0,0,0,0.12,0.01,0.0,0.01,0.1,0.9,-1.2,0.0,0,0,1,0,0.675,0.44
394,2,0.015273773111402988,-0.4223061203956604,0.02515445463359356,0.2060931771162571,0.20815624304975855,0,0,0,0.12,0.01,0.0,0.01,0.1,0.9,-1.2,0.0,0,0,1,0,0.675,0.44
394,3,-0.888295590877533,0.42815646529197693,0.10076715797185898,0.5294998721792564,0.17446811631180187,0,0,0,0.12,0.01,0.0,0.01,0.1,0.9,-1.2,0.0,0,0,1,0,0.675,0.44
394,4,-0.4993303716182709,-0.42159348726272583,0.03375661000609398,0.14631053764631707,0.14126074354836982,0,0,0,0.12,0.01,0.0,0.01,0.1,0.9,-1.2,0.0,0,0,1,0,0.675,0.44
394,5,-0.8834565281867981,-0.1921711266040802,-2.283705472946167,0.4037139832036338,0.4746538580401102,0,0,0,0.12,0.01,0.0,0.01,0.1,0.9,-1.2,0.0,0,0,1,0,0.675,0.44
394,6,0.027761057019233704,0.013232281431555748,0.310967355966568,0.36381760568697036,0.364154961394481,0,0,0,0.12,0.01,0.0,0.01,0.1,0.9,-1.2,0.0,0,0,1,0,0.675,0.44
394,7,-0.2010701447725296,0.4245428740978241,-0.04306972771883011,0.18126126116851257,0.17657725029846744,0,0,0,0.12,0.01,0.0,0.01,0.1,0.9,-1.2,0.0,0,0,1,0,0.675,0.44
395,0,-0.4733984172344208,0.10140600800514221,-1.7301442623138428,0.14742125560033642,0.2206413001896111,0,0,0,0.12,0.01,0.0,0.01,0.1,0.9,-1.2,0.0,0,0,1,0,0.675,0.44
395,1,-0.9908893704414368,0.20350417494773865,-2.5272011756896973,0.5580732223130189,0.42358911069860833,0,0,0,0.12,0.01,0.0,0.01,0.1,0.9,-1.2,0.0,0,0,1,0,0.675,0.44
395,2,0.015689119696617126,-0.4222956597805023,0.025194115936756134,0.20550287527852004,0.20772808032221843,0,0,0,0.12,0.01,0.0,0.01,0.1,0.9,-1.2,0.0,0,0,1,0,0.675,0.44
395,3,-0.88759845495224,0.428232342004776,0.11032624542713165,0.7494934015452845,-0.044415634173153265,0,0,0,0.12,0.01,0.0,0.01,0.1,0.9,-1.2,0.0,0,0,1,0,0.675,0.44
395,4,-0.49904200434684753,-0.42158377170562744,0.03354591876268387,0.14574278854078002,0.1410098228579169,0,0,0,0.12,0.01,0.0,0.01,0.1,0.9,-1.2,0.0,0,0,1,0,0.675,0.44
395,5,-0.8840307593345642,-0.19283688068389893,-2.2811710834503174,0.4037407004314239,0.47394329672281194,0,0,0,0.12,0.01,0.0,0.01,0.1,0.9,-1.2,0.0,0,0,1,0,0.675,0.44
395,6,0.02845531888306141,0.013455420732498169,0.3109912574291229,0.363431715039937,0.36357168051746663,0,0,0,0.12,0.01,0.0,0.01,0.1,0.9,-1.2,0.0,0,0,1,0,0.675,0.44
395,7,-0.20070862770080566,0.42452725768089294,-0.04326770827174187,0.1793929298241817,0.17511240049999124,0,0,0,0.12,0.01,0.0,0.01,0.1,0.9,-1.2,0.0,0,0,1,0,0.675,0.44
396,0,-0.4734574556350708,0.10103258490562439,-1.727038025856018,0.14894458128301574,0.21712086127908758,0,0,0,0.12,0.01,0.0,0.01,0.1,0.9,-1.2,0.0,0,0,1,0,0.675,0.44
396,1,-0.9916927218437195,0.20294003188610077,-2.531933069229126,0.557940084551244,0.42368702211532105,0,0,0,0.12,0.01,0.0,0.01,0.1,0.9,-1.2,0.0,0,0,1,0,0.675,0.44
396,2,0.016103442758321762,-0.4222852289676666,0.025340097025036812,0.20518650323591542,0.20702855079927138,0,0,0,0.12,0.01,0.0,0.01,0.1,0.9,-1.2,0.0,0,0,1,0,0.675,0.44
396,3,-0.8868992924690247,0.4283091723918915,0.10152363777160645,0.9045722762353224,-0.1976874152428907,0,0,0,0.12,0.01,0.0,0.01,0.1,0.9,-1.2,0.0,0,0,1,0,0.675,0.44
396,4,-0.49875444173812866,-0.4215741753578186,0.03337937965989113,0.14521426853352612,0.14071606698817188,0,0,0,0.12,0.01,0.0,0.01,0.1,0.9,-1.2,0.0,0,0,1,0,0.675,0.44
396,5,-0.8846028447151184,-0.19350361824035645,-2.278663158416748,0.40376245645869596,0.473224106747023,0,0,0,0.12,0.01,0.0,0.01,0.1,0.9,-1.2,0.0,0,0,1,0,0.675,0.44
396,6,0.0291486494243145,0.013678276911377907,0.3110058307647705,0.3630381663048706,0.3629989783560791,0,0,0,0.12,0.01,0.0,0.01,0.1,0.9,-1.2,0.0,0,0,1,0,0.675,0.44
396,7,-0.20035044848918915,0.42451173067092896,-0.04340401291847229,0.17769700873983346,0.17349615107881583,0,0,0,0.12,0.01,0.0,0.01,0.1,0.9,-1.2,0.0,0,0,1,0,0.675,0.44
397,0,-0.47351497411727905,0.10066157579421997,-1.7241641283035278,0.1497848109749764,0.21433287100515663,0,0,0,0.12,0.01,0.0,0.01,0.1,0.9,-1.2,0.0,0,0,1,0,0.675,0.44
397,1,-0.9924988150596619,0.2023797631263733,-2.536665916442871,0.5577774461151451,0.42381067911373677,0,0,0,0.12,0.01,0.0,0.01,0.1,0.9,-1.2,0.0,0,0,1,0,0.675,0.44
397,2,0.016516748815774918,-0.42227476835250854,0.025467414408922195,0.2048524153507183,0.20634953853722118,0,0,0,0.12,0.01,0.0,0.01,0.1,0.9,-1.2,0.0,0,0,1,0,0.675,0.44
397,3,-0.8861974477767944,0.4283750057220459,0.07673230767250061,0.9831272108563562,-0.2725828630932947,0,0,0,0.12,0.01,0.0,0.01,0.1,0.9,-1.2,0.0,0,0,1,0,0.675,0.44
397,4,-0.49846768379211426,-0.42156463861465454,0.033190466463565826,0.14464389491356422,0.14046058845244835,0,0,0,0.12,0.01,0.0,0.01,0.1,0.9,-1.2,0.0,0,0,1,0,0.675,0.44
397,5,-0.8851727247238159,-0.19417130947113037,-2.27618145942688,0.40378370802146707,0.47249195058601584,0,0,0,0.12,0.01,0.0,0.01,0.1,0.9,-1.2,0.0,0,0,1,0,0.675,0.44
397,6,0.029841050505638123,0.013900844380259514,0.3110150098800659,0.3626438513040852,0.36242978427407024,0,0,0,0.12,0.01,0.0,0.01,0.1,0.9,-1.2,0.0,0,0,1,0,0.675,0.44
397,7,-0.19999560713768005,0.42449629306793213,-0.04354726895689964,0.17597599101116226,0.17192603874156906,0,0,0,0.12,0.01,0.0,0.01,0.1,0.9,-1.2,0.0,0,0,1,0,0.675,0.44
398,0,-0.47357112169265747,0.10029289871454239,-1.7214912176132202,0.14975052990232918,0.21247875772202993,0,0,0,0.12,0.01,0.0,0.01,0.1,0.9,-1.2,0.0,0,0,1,0,0.675,0.44
398,1,-0.9933075308799744,0.201823428273201,-2.5413923263549805,0.5577001559838356,0.42384833215627066,0,0,0,0.12,0.01,0.0,0.01,0.1,0.9,-1.2,0.0,0,0,1,0,0.675,0.44
398,2,0.016929036006331444,-0.4222642779350281,0.02548188716173172,0.2042135054933869,0.20597764302612906,0,0,0,0.12,0.01,0.0,0.01,0.1,0.9,-1.2,0.0,0,0,1,0,0.675,0.44
398,3,-0.8854920864105225,0.42841875553131104,0.040185410529375076,0.9809158986763283,-0.2648060268120096,0,0,0,0.12,0.01,0.0,0.01,0.1,0.9,-1.2,0.0,0,0,1,0,0.675,0.44
398,4,-0.4981817603111267,-0.42155516147613525,0.032999806106090546,0.14408512350907168,0.14018936517844358,0,0,0,0.12,0.01,0.0,0.01,0.1,0.9,-1.2,0.0,0,0,1,0,0.675,0.44
398,5,-0.8857405185699463,-0.19483989477157593,-2.273725748062134,0.40380057351812343,0.47175082905069365,0,0,0,0.12,0.01,0.0,0.01,0.1,0.9,-1.2,0.0,0,0,1,0,0.675,0.44
398,6,0.030532527714967728,0.014123120345175266,0.31101974844932556,0.362250255979405,0.36186231430639215,0,0,0,0.12,0.01,0.0,0.01,0.1,0.9,-1.2,0.0,0,0,1,0,0.675,0.44
398,7,-0.1996440887451172,0.42448097467422485,-0.043745994567871094,0.17416222056809508,0.17046963015135685,0,0,0,0.12,0.01,0.0,0.01,0.1,0.9,-1.2,0.0,0,0,1,0,0.675,0.44
399,0,-0.47362595796585083,0.09992638975381851,-1.7189689874649048,0.14878279149128423,0.21162527621196286,0,0,0,0.12,0.01,0.0,0.01,0.1,0.9,-1.2,0.0,0,0,1,0,0.675,0.44
399,1,-0.994118869304657,0.20127099752426147,-2.546109437942505,0.5577788241590699,0.4237319938455383,0,0,0,0.12,0.01,0.0,0.01,0.1,0.9,-1.2,0.0,0,0,1,0,0.675,0.44
399,2,0.01734030805528164,-0.42225381731987,0.025482075288891792,0.20348916061251443,0.20569395415456015,0,0,0,0.12,0.01,0.0,0.01,0.1,0.9,-1.2,0.0,0,0,1,0,0.675,0.44
399,3,-0.8847821354866028,0.42843273282051086,-0.0029932348988950253,0.9004423684890581,-0.1778485245521379,0,0,0,0.12,0.01,0.0,0.01,0.1,0.9,-1.2,0.0,0,0,1,0,0.675,0.44
399,4,-0.49789664149284363,-0.42154577374458313,0.03287070617079735,0.14368724240465441,0.13975385413961136,0,0,0,0.12,0.01,0.0,0.01,0.1,0.9,-1.2,0.0,0,0,1,0,0.675,0.44
399,5,-0.8863061666488647,-0.19550932943820953,-2.2712957859039307,0.40381806113776453,0.4709957935566019,0,0,0,0.12,0.01,0.0,0.01,0.1,0.9,-1.2,0.0,0,0,1,0,0.675,0.44
399,6,0.031223077327013016,0.014345094561576843,0.31102749705314636,0.36188678525321305,0.361267282739951,0,0,0,0.12,0.01,0.0,0.01,0.1,0.9,-1.2,0.0,0,0,1,0,0.675,0.44
399,7,-0.19929586350917816,0.42446571588516235,-0.04393365606665611,0.17232595982197704,0.16905532179232655,0,0,0,0.12,0.01,0.0,0.01,0.1,0.9,-1.2,0.0,0,0,1,0,0.675,0.44
400,0,-0.4736795723438263,0.09956183284521103,-1.7165307998657227,0.14696562203479713,0.2116908439724355,0,0,0,0.12,0.01,0.0,0.01,0.1,0.9,-1.2,0.0,0,0,1,0,0.675,0.44
400,1,-0.9949327707290649,0.20072244107723236,-2.550821304321289,0.5580054965689999,0.42347075074163854,0,0,0,0.12,0.01,0.0,0.01,0.1,0.9,-1.2,0.0,0,0,1,0,0.675,0.44
400,2,0.01775057055056095,-0.4222433567047119,0.025588998571038246,0.20308380175791504,0.2050941700819897,0,0,0,0.12,0.01,0.0,0.01,0.1,0.9,-1.2,0.0,0,0,1,0,0.675,0.44
400,3,-0.8840671181678772,0.4284138083457947,-0.046665631234645844,0.7544767491155115,-0.025949143581911662,0,0,0,0.12,0.01,0.0,0.01,0.1,0.9,-1.2,0.0,0,0,1,0,0.675,0.44
400,4,-0.4976123571395874,-0.4215364456176758,0.032780785113573074,0.14343172292326645,0.13917082567597674,0,0,0,0.12,0.01,0.0,0.01,0.1,0.9,-1.2,0.0,0,0,1,0,0.675,0.44
400,5,-0.8868698477745056,-0.19617953896522522,-2.268892288208008,0.4038274993521573,0.4702355752366184,0,0,0,0.12,0.01,0.0,0.01,0.1,0.9,-1.2,0.0,0,0,1,0,0.675,0.44
400,6,0.03191273286938667,0.01456677820533514,0.3110053241252899,0.3614286028168016,0.36076934706952046,0,0,0,0.12,0.01,0.0,0.01,0.1,0.9,-1.2,0.0,0,0,1,0,0.675,0.44
400,7,-0.19895091652870178,0.4244505763053894,-0.044045619666576385,0.17081701812338074,0.16733300629068176,0,0,0,0.12,0.01,0.0,0.01,0.1,0.9,-1.2,0.0,0,0,1,0,0.675,0.44
401,0,-0.47373202443122864,0.09919898957014084,-1.7141034603118896,0.14452271185448443,0.21244917787978373,0,0,0,0.12,0.01,0.0,0.01,0.1,0.9,-1.2,0.0,0,0,1,0,0.675,0.44
401,1,-0.9957491755485535,0.20017769932746887,-2.5555379390716553,0.5582943306504994,0.42315008777982904,0,0,0,0.12,0.01,0.0,0.01,0.1,0.9,-1.2,0.0,0,0,1,0,0.675,0.44
401,2,0.01815982162952423,-0.42223286628723145,0.02573658898472786,0.20284044158569983,0.2043344436872799,0,0,0,0.12,0.01,0.0,0.01,0.1,0.9,-1.2,0.0,0,0,1,0,0.675,0.44
401,3,-0.8833473920822144,0.4283638298511505,-0.08566617220640182,0.5633632869633449,0.16947337675964688,0,0,0,0.12,0.01,0.0,0.01,0.1,0.9,-1.2,0.0,0,0,1,0,0.675,0.44
401,4,-0.4973289370536804,-0.4215272068977356,0.03263578936457634,0.14301086478242236,0.1387498576163356,0,0,0,0.12,0.01,0.0,0.01,0.1,0.9,-1.2,0.0,0,0,1,0,0.675,0.44
401,5,-0.8874314427375793,-0.1968504786491394,-2.2665164470672607,0.4038240983026104,0.4694755003912373,0,0,0,0.12,0.01,0.0,0.01,0.1,0.9,-1.2,0.0,0,0,1,0,0.675,0.44
401,6,0.03260147199034691,0.014788159169256687,0.3109930753707886,0.36101911337937553,0.36022540060911934,0,0,0,0.12,0.01,0.0,0.01,0.1,0.9,-1.2,0.0,0,0,1,0,0.675,0.44
401,7,-0.19860920310020447,0.42443549633026123,-0.04412959888577461,0.16936465309441384,0.16557142926871482,0,0,0,0.12,0.01,0.0,0.01,0.1,0.9,-1.2,0.0,0,0,1,0,0.675,0.44
402,0,-0.47378337383270264,0.09883762896060944,-1.7116177082061768,0.14179662183623806,0.21354850813049778,0,0,0,0.12,0.01,0.0,0.01,0.1,0.9,-1.2,0.0,0,0,1,0,0.675,0.44
402,1,-0.9965680241584778,0.19963675737380981,-2.560269832611084,0.5584982760874609,0.42291544595080804,0,0,0,0.12,0.01,0.0,0.01,0.1,0.9,-1.2,0.0,0,0,1,0,0.675,0.44
402,2,0.018568068742752075,-0.42222240567207336,0.02578829973936081,0.20226320256336636,0.20391139756099283,0,0,0,0.12,0.01,0.0,0.01,0.1,0.9,-1.2,0.0,0,0,1,0,0.675,0.44
402,3,-0.8826243281364441,0.42828869819641113,-0.11513727903366089,0.35778039664416905,0.3774746659359396,0,0,0,0.12,0.01,0.0,0.01,0.1,0.9,-1.2,0.0,0,0,1,0,0.675,0.44
402,4,-0.4970463216304779,-0.4215180277824402,0.032422564923763275,0.14244445691153004,0.1384694921012263,0,0,0,0.12,0.01,0.0,0.01,0.1,0.9,-1.2,0.0,0,0,1,0,0.675,0.44
402,5,-0.8879910707473755,-0.1975221484899521,-2.2641677856445312,0.4038107498164722,0.46871261758846555,0,0,0,0.12,0.01,0.0,0.01,0.1,0.9,-1.2,0.0,0,0,1,0,0.675,0.44
402,6,0.03328929841518402,0.015009231865406036,0.31097742915153503,0.36060812975002066,0.35968545173572763,0,0,0,0.12,0.01,0.0,0.01,0.1,0.9,-1.2,0.0,0,0,1,0,0.675,0.44
402,7,-0.1982707381248474,0.4244205355644226,-0.04427453503012657,0.16785879270505769,0.163880632954122,0,0,0,0.12,0.01,0.0,0.01,0.1,0.9,-1.2,0.0,0,0,1,0,0.675,0.44
403,0,-0.4738336205482483,0.09847753494977951,-1.7090193033218384,0.13914378024794993,0.2146231379344231,0,0,0,0.12,0.01,0.0,0.01,0.1,0.9,-1.2,0.0,0,0,1,0,0.675,0.44
403,1,-0.9973894357681274,0.19909967482089996,-2.5650224685668945,0.5585257849990342,0.4228561677635696,0,0,0,0.12,0.01,0.0,0.01,0.1,0.9,-1.2,0.0,0,0,1,0,0.675,0.44
403,2,0.018975311890244484,-0.4222119152545929,0.025776319205760956,0.2015336160786339,0.20364302347825086,0,0,0,0.12,0.01,0.0,0.01,0.1,0.9,-1.2,0.0,0,0,1,0,0.675,0.44
403,3,-0.8818988800048828,0.42819681763648987,-0.13169093430042267,0.1700919854360434,0.5662850749773173,0,0,0,0.12,0.01,0.0,0.01,0.1,0.9,-1.2,0.0,0,0,1,0,0.675,0.44
403,4,-0.49676454067230225,-0.42150890827178955,0.03223112225532532,0.14200484457933862,0.13805863555944006,0,0,0,0.12,0.01,0.0,0.01,0.1,0.9,-1.2,0.0,0,0,1,0,0.675,0.44
403,5,-0.8885486125946045,-0.19819453358650208,-2.261845111846924,0.40379538299232304,0.4679391169390124,0,0,0,0.12,0.01,0.0,0.01,0.1,0.9,-1.2,0.0,0,0,1,0,0.675,0.44
403,6,0.03397621586918831,0.015229996293783188,0.31094595789909363,0.36015198373396623,0.3591936454812742,0,0,0,0.12,0.01,0.0,0.01,0.1,0.9,-1.2,0.0,0,0,1,0,0.675,0.44
403,7,-0.19793549180030823,0.42440566420555115,-0.044456616044044495,0.16630980838123927,0.16224896442111364,0,0,0,0.12,0.01,0.0,0.01,0.1,0.9,-1.2,0.0,0,0,1,0,0.675,0.44
404,0,-0.4738827049732208,0.09811858087778091,-1.7062788009643555,0.13685004409861945,0.21537871662067987,0,0,0,0.12,0.01,0.0,0.01,0.1,0.9,-1.2,0.0,0,0,1,0,0.675,0.44
404,1,-0.9982132911682129,0.1985664814710617,-2.569791316986084,0.5583726999842534,0.42297360920077454,0,0,0,0.12,0.01,0.0,0.01,0.1,0.9,-1.2,0.0,0,0,1,0,0.675,0.44
404,2,0.019381552934646606,-0.4222014248371124,0.025847168639302254,0.20104993003568813,0.203131192744158,0,0,0,0.12,0.01,0.0,0.01,0.1,0.9,-1.2,0.0,0,0,1,0,0.675,0.44
404,3,-0.881170928478241,0.42809778451919556,-0.13390503823757172,0.026196279283617573,0.7110535123385443,0,0,0,0.12,0.01,0.0,0.01,0.1,0.9,-1.2,0.0,0,0,1,0,0.675,0.44
404,4,-0.49648362398147583,-0.4214998781681061,0.032101377844810486,0.14177449859753974,0.1374350854001867,0,0,0,0.12,0.01,0.0,0.01,0.1,0.9,-1.2,0.0,0,0,1,0,0.675,0.44
404,5,-0.8891040682792664,-0.19886761903762817,-2.2595489025115967,0.4037812701074415,0.46715142814237537,0,0,0,0.12,0.01,0.0,0.01,0.1,0.9,-1.2,0.0,0,0,1,0,0.675,0.44
404,6,0.03466222807765007,0.015450449660420418,0.3109164535999298,0.35971272139396226,0.35868787617836434,0,0,0,0.12,0.01,0.0,0.01,0.1,0.9,-1.2,0.0,0,0,1,0,0.675,0.44
404,7,-0.19760344922542572,0.42439088225364685,-0.04459725692868233,0.16495597864982833,0.16043781731727372,0,0,0,0.12,0.01,0.0,0.01,0.1,0.9,-1.2,0.0,0,0,1,0,0.675,0.44
405,0,-0.47393059730529785,0.09776069968938828,-1.7033946514129639,0.13516891935667383,0.21555151602426184,0,0,0,0.12,0.01,0.0,0.01,0.1,0.9,-1.2,0.0,0,0,1,0,0.675,0.44
405,1,-0.9990396499633789,0.1980372965335846,-2.574565887451172,0.5580586034151888,0.42324520765811446,0,0,0,0.12,0.01,0.0,0.01,0.1,0.9,-1.2,0.0,0,0,1,0,0.675,0.44
405,2,0.01978679560124874,-0.42219093441963196,0.02599909156560898,0.20081149539134074,0.20237691202977134,0,0,0,0.12,0.01,0.0,0.01,0.1,0.9,-1.2,0.0,0,0,1,0,0.675,0.44
405,3,-0.8804411888122559,0.42800140380859375,-0.12264236062765121,-0.05921787480444515,0.798022453585573,0,0,0,0.12,0.01,0.0,0.01,0.1,0.9,-1.2,0.0,0,0,1,0,0.675,0.44
405,4,-0.49620354175567627,-0.4214909076690674,0.031967900693416595,0.14160759868104764,0.1367436188272684,0,0,0,0.12,0.01,0.0,0.01,0.1,0.9,-1.2,0.0,0,0,1,0,0.675,0.44
405,5,-0.8896574974060059,-0.19954141974449158,-2.257279396057129,0.40376688920065434,0.46635071553185914,0,0,0,0.12,0.01,0.0,0.01,0.1,0.9,-1.2,0.0,0,0,1,0,0.675,0.44
405,6,0.0353473462164402,0.015670590102672577,0.3108934760093689,0.35930604880509387,0.35815273577513684,0,0,0,0.12,0.01,0.0,0.01,0.1,0.9,-1.2,0.0,0,0,1,0,0.675,0.44
405,7,-0.1972745805978775,0.4243761897087097,-0.04470673203468323,0.16377124111342142,0.15847334344697284,0,0,0,0.12,0.01,0.0,0.01,0.1,0.9,-1.2,0.0,0,0,1,0,0.675,0.44
406,0,-0.47397729754447937,0.09740391373634338,-1.7003883123397827,0.13423186629046246,0.21500298292409137,0,0,0,0.12,0.01,0.0,0.01,0.1,0.9,-1.2,0.0,0,0,1,0,0.675,0.44
406,1,-0.9998685717582703,0.19751214981079102,-2.579333543777466,0.5576606227138644,0.4235910938999051,0,0,0,0.12,0.01,0.0,0.01,0.1,0.9,-1.2,0.0,0,0,1,0,0.675,0.44
406,2,0.020191043615341187,-0.4221804440021515,0.026087453588843346,0.200379545630861,0.20181850081498554,0,0,0,0.12,0.01,0.0,0.01,0.1,0.9,-1.2,0.0,0,0,1,0,0.675,0.44
406,3,-0.879709005355835,0.4279170036315918,-0.1006167009472847,-0.08112400724928073,0.8225687737707346,0,0,0,0.12,0.01,0.0,0.01,0.1,0.9,-1.2,0.0,0,0,1,0,0.675,0.44
406,4,-0.49592429399490356,-0.42148202657699585,0.03178459033370018,0.14131932095142488,0.13617034121898527,0,0,0,0.12,0.01,0.0,0.01,0.1,0.9,-1.2,0.0,0,0,1,0,0.675,0.44
406,5,-0.8902087807655334,-0.2002158761024475,-2.255037307739258,0.4037523661672621,0.46553679360751804,0,0,0,0.12,0.01,0.0,0.01,0.1,0.9,-1.2,0.0,0,0,1,0,0.675,0.44
406,6,0.0360315702855587,0.015890421345829964,0.31086400151252747,0.35888396784744997,0.35763616278685795,0,0,0,0.12,0.01,0.0,0.01,0.1,0.9,-1.2,0.0,0,0,1,0,0.675,0.44
406,7,-0.19694887101650238,0.42436158657073975,-0.04487319663167,0.16250037332936074,0.15661118248538233,0,0,0,0.12,0.01,0.0,0.01,0.1,0.9,-1.2,0.0,0,0,1,0,0.675,0.44
407,0,-0.4740227460861206,0.09704829007387161,-1.6973018646240234,0.13408012803238545,0.2136871356185087,0,0,0,0.12,0.01,0.0,0.01,0.1,0.9,-1.2,0.0,0,0,1,0,0.675,0.44
407,1,-1.0006999969482422,0.19699105620384216,-2.584082841873169,0.5572732224806454,0.4239142999307012,0,0,0,0.12,0.01,0.0,0.01,0.1,0.9,-1.2,0.0,0,0,1,0,0.675,0.44
407,2,0.020594295114278793,-0.422169953584671,0.026078246533870697,0.19964941319783697,0.20156014981905448,0,0,0,0.12,0.01,0.0,0.01,0.1,0.9,-1.2,0.0,0,0,1,0,0.675,0.44
407,3,-0.8789733648300171,0.42785200476646423,-0.07172197848558426,-0.04231674823733426,0.7872616783139333,0,0,0,0.12,0.01,0.0,0.01,0.1,0.9,-1.2,0.0,0,0,1,0,0.675,0.44
407,4,-0.4956459403038025,-0.4214732050895691,0.031601209193468094,0.1411050153997544,0.13552002179354397,0,0,0,0.12,0.01,0.0,0.01,0.1,0.9,-1.2,0.0,0,0,1,0,0.675,0.44
407,5,-0.8907580375671387,-0.2008909434080124,-2.2528223991394043,0.4037370345413582,0.46471009041668015,0,0,0,0.12,0.01,0.0,0.01,0.1,0.9,-1.2,0.0,0,0,1,0,0.675,0.44
407,6,0.03671490401029587,0.01610994152724743,0.31082189083099365,0.35842743777036623,0.35715725756883665,0,0,0,0.12,0.01,0.0,0.01,0.1,0.9,-1.2,0.0,0,0,1,0,0.675,0.44
407,7,-0.19662633538246155,0.42434707283973694,-0.04511123150587082,0.16109273743735278,0.15490232992066422,0,0,0,0.12,0.01,0.0,0.01,0.1,0.9,-1.2,0.0,0,0,1,0,0.675,0.44
408,0,-0.4740668833255768,0.09669394791126251,-1.694189429283142,0.13466085949832884,0.21165431579654725,0,0,0,0.12,0.01,0.0,0.01,0.1,0.9,-1.2,0.0,0,0,1,0,0.675,0.44
408,1,-1.00153386592865,0.19647398591041565,-2.5888075828552246,0.556951070639733,0.4241586677101814,0,0,0,0.12,0.01,0.0,0.01,0.1,0.9,-1.2,0.0,0,0,1,0,0.675,0.44
408,2,0.02099655754864216,-0.42215946316719055,0.026107413694262505,0.19903800281278872,0.20118575898416258,0,0,0,0.12,0.01,0.0,0.01,0.1,0.9,-1.2,0.0,0,0,1,0,0.675,0.44
408,3,-0.8782335519790649,0.42781057953834534,-0.04035628214478493,0.047657458281555626,0.7010205106973262,0,0,0,0.12,0.01,0.0,0.01,0.1,0.9,-1.2,0.0,0,0,1,0,0.675,0.44
408,4,-0.49536842107772827,-0.4214644432067871,0.031463541090488434,0.141082057854638,0.1346735263853217,0,0,0,0.12,0.01,0.0,0.01,0.1,0.9,-1.2,0.0,0,0,1,0,0.675,0.44
408,5,-0.8913053870201111,-0.20156656205654144,-2.2506349086761475,0.4037122054354898,0.4638791756375082,0,0,0,0.12,0.01,0.0,0.01,0.1,0.9,-1.2,0.0,0,0,1,0,0.675,0.44
408,6,0.0373973473906517,0.016329148784279823,0.3107800781726837,0.3579806454243784,0.3566723101076955,0,0,0,0.12,0.01,0.0,0.01,0.1,0.9,-1.2,0.0,0,0,1,0,0.675,0.44
408,7,-0.19630691409111023,0.4243326485157013,-0.0453379787504673,0.15979058282277273,0.15310572846033885,0,0,0,0.12,0.01,0.0,0.01,0.1,0.9,-1.2,0.0,0,0,1,0,0.675,0.44
409,0,-0.4741097688674927,0.09634100645780563,-1.6911101341247559,0.13579763858327976,0.2090805879353512,0,0,0,0.12,0.01,0.0,0.01,0.1,0.9,-1.2,0.0,0,0,1,0,0.675,0.44
409,1,-1.0023701190948486,0.1959608793258667,-2.5935070514678955,0.5567115855959764,0.42430624239169457,0,0,0,0.12,0.01,0.0,0.01,0.1,0.9,-1.2,0.0,0,0,1,0,0.675,0.44
409,2,0.021397829055786133,-0.4221489727497101,0.026243016123771667,0.19874040526197084,0.20049970108225218,0,0,0,0.12,0.01,0.0,0.01,0.1,0.9,-1.2,0.0,0,0,1,0,0.675,0.44
409,3,-0.8774895071983337,0.4277929961681366,-0.01096227578818798,0.1727375537292625,0.579260572777543,0,0,0,0.12,0.01,0.0,0.01,0.1,0.9,-1.2,0.0,0,0,1,0,0.675,0.44
409,4,-0.4950917661190033,-0.4214557707309723,0.03130820021033287,0.1410151882847416,0.13386721771158103,0,0,0,0.12,0.01,0.0,0.01,0.1,0.9,-1.2,0.0,0,0,1,0,0.675,0.44
409,5,-0.8918507099151611,-0.2022426724433899,-2.248476266860962,0.40367206781564463,0.4630498006993701,0,0,0,0.12,0.01,0.0,0.01,0.1,0.9,-1.2,0.0,0,0,1,0,0.675,0.44
409,6,0.0380789078772068,0.016548043116927147,0.3107467293739319,0.357574644348048,0.3561496708184254,0,0,0,0.12,0.01,0.0,0.01,0.1,0.9,-1.2,0.0,0,0,1,0,0.675,0.44
409,7,-0.19599062204360962,0.4243183135986328,-0.045519907027482986,0.15869034033579607,0.15112554330067857,0,0,0,0.12,0.01,0.0,0.01,0.1,0.9,-1.2,0.0,0,0,1,0,0.675,0.44
410,0,-0.4741513431072235,0.09598961472511292,-1.6881204843521118,0.13727301444406062,0.20618605528479067,0,0,0,0.12,0.01,0.0,0.01,0.1,0.9,-1.2,0.0,0,0,1,0,0.675,0.44
410,1,-1.0032085180282593,0.19545167684555054,-2.5981857776641846,0.556531975294838,0.4243804120762253,0,0,0,0.12,0.01,0.0,0.01,0.1,0.9,-1.2,0.0,0,0,1,0,0.675,0.44
410,2,0.021798113361001015,-0.4221384823322296,0.026366189122200012,0.19840565532014215,0.19985323936178842,0,0,0,0.12,0.01,0.0,0.01,0.1,0.9,-1.2,0.0,0,0,1,0,0.675,0.44
410,3,-0.8767415881156921,0.4277958571910858,0.013654372654855251,0.316234465200919,0.4383422774481593,0,0,0,0.12,0.01,0.0,0.01,0.1,0.9,-1.2,0.0,0,0,1,0,0.675,0.44
410,4,-0.49481600522994995,-0.42144718766212463,0.0310544203966856,0.14065220593268005,0.1333531475180951,0,0,0,0.12,0.01,0.0,0.01,0.1,0.9,-1.2,0.0,0,0,1,0,0.675,0.44
410,5,-0.8923941254615784,-0.20291925966739655,-2.2463462352752686,0.40361154571091873,0.462227160782459,0,0,0,0.12,0.01,0.0,0.01,0.1,0.9,-1.2,0.0,0,0,1,0,0.675,0.44
410,6,0.038759585469961166,0.0167666245251894,0.3107093572616577,0.35716500550764657,0.355634185967268,0,0,0,0.12,0.01,0.0,0.01,0.1,0.9,-1.2,0.0,0,0,1,0,0.675,0.44
410,7,-0.19567742943763733,0.4243040084838867,-0.04573329538106918,0.15742279265380668,0.14933078314804268,0,0,0,0.12,0.01,0.0,0.01,0.1,0.9,-1.2,0.0,0,0,1,0,0.675,0.44
411,0,-0.47419169545173645,0.09563986212015152,-1.685265302658081,0.13884636971653305,0.20321476247607861,0,0,0,0.12,0.01,0.0,0.01,0.1,0.9,-1.2,0.0,0,0,1,0,0.675,0.44
411,1,-1.004049301147461,0.19494637846946716,-2.6028497219085693,0.556373406169437,0.4244215600514187,0,0,0,0.12,0.01,0.0,0.01,0.1,0.9,-1.2,0.0,0,0,1,0,0.675,0.44
411,2,0.022197416052222252,-0.42212799191474915,0.026380999013781548,0.1977435989151566,0.19953655769723963,0,0,0,0.12,0.01,0.0,0.01,0.1,0.9,-1.2,0.0,0,0,1,0,0.675,0.44
411,3,-0.8759905695915222,0.4278135597705841,0.029497798532247543,0.4528569314336787,0.30359133745670214,0,0,0,0.12,0.01,0.0,0.01,0.1,0.9,-1.2,0.0,0,0,1,0,0.675,0.44
411,4,-0.49454107880592346,-0.42143869400024414,0.030739236623048782,0.14010169898839311,0.13302242959170027,0,0,0,0.12,0.01,0.0,0.01,0.1,0.9,-1.2,0.0,0,0,1,0,0.675,0.44
411,5,-0.892935574054718,-0.203596293926239,-2.244243860244751,0.40353788155737796,0.4614035962181958,0,0,0,0.12,0.01,0.0,0.01,0.1,0.9,-1.2,0.0,0,0,1,0,0.675,0.44
411,6,0.039439380168914795,0.01698489300906658,0.3106585144996643,0.3567110216966566,0.35516590710964835,0,0,0,0.12,0.01,0.0,0.01,0.1,0.9,-1.2,0.0,0,0,1,0,0.675,0.44
411,7,-0.19536732137203217,0.4242897927761078,-0.04603330418467522,0.15597131704195505,0.14774057413236136,0,0,0,0.12,0.01,0.0,0.01,0.1,0.9,-1.2,0.0,0,0,1,0,0.675,0.44
412,0,-0.47423088550567627,0.09529182314872742,-1.6825731992721558,0.14028441975414338,0.20040506055057464,0,0,0,0.12,0.01,0.0,0.01,0.1,0.9,-1.2,0.0,0,0,1,0,0.675,0.44
412,1,-1.0048922300338745,0.19444498419761658,-2.60750412940979,0.5562080377289044,0.4244593149474871,0,0,0,0.12,0.01,0.0,0.01,0.1,0.9,-1.2,0.0,0,0,1,0,0.675,0.44
412,2,0.022595735266804695,-0.4221174716949463,0.026381079107522964,0.19707541883166377,0.1992277282458966,0,0,0,0.12,0.01,0.0,0.01,0.1,0.9,-1.2,0.0,0,0,1,0,0.675,0.44
412,3,-0.875236988067627,0.4278394281864166,0.035782963037490845,0.5676061663009752,0.19036017328719018,0,0,0,0.12,0.01,0.0,0.01,0.1,0.9,-1.2,0.0,0,0,1,0,0.675,0.44
412,4,-0.4942670464515686,-0.4214302897453308,0.030462341383099556,0.1396541469650283,0.1325856871051774,0,0,0,0.12,0.01,0.0,0.01,0.1,0.9,-1.2,0.0,0,0,1,0,0.675,0.44
412,5,-0.8934750556945801,-0.2042737752199173,-2.2421681880950928,0.4034534530391487,0.46057678892709886,0,0,0,0.12,0.01,0.0,0.01,0.1,0.9,-1.2,0.0,0,0,1,0,0.675,0.44
412,6,0.040118299424648285,0.017202842980623245,0.31060725450515747,0.35626653546026665,0.3546916473514704,0,0,0,0.12,0.01,0.0,0.01,0.1,0.9,-1.2,0.0,0,0,1,0,0.675,0.44
412,7,-0.19506028294563293,0.42427557706832886,-0.04635336995124817,0.1543050884561807,0.1463841021699637,0,0,0,0.12,0.01,0.0,0.01,0.1,0.9,-1.2,0.0,0,0,1,0,0.675,0.44
413,0,-0.47426897287368774,0.0949455127120018,-1.680054783821106,0.14139895377060283,0.19795103135207787,0,0,0,0.12,0.01,0.0,0.01,0.1,0.9,-1.2,0.0,0,0,1,0,0.675,0.44
413,1,-1.0057374238967896,0.19394758343696594,-2.6121506690979004,0.5560263415314068,0.42450535097347597,0,0,0,0.12,0.01,0.0,0.01,0.1,0.9,-1.2,0.0,0,0,1,0,0.675,0.44
413,2,0.022993074730038643,-0.4221069812774658,0.026485906913876534,0.19668093958337754,0.19864790997068435,0,0,0,0.12,0.01,0.0,0.01,0.1,0.9,-1.2,0.0,0,0,1,0,0.675,0.44
413,3,-0.8744814395904541,0.4278666079044342,0.032500945031642914,0.6487762314348465,0.1107566374273056,0,0,0,0.12,0.01,0.0,0.01,0.1,0.9,-1.2,0.0,0,0,1,0,0.675,0.44
413,4,-0.493993878364563,-0.4214220345020294,0.03023250214755535,0.13922489021140702,0.13212766911667218,0,0,0,0.12,0.01,0.0,0.01,0.1,0.9,-1.2,0.0,0,0,1,0,0.675,0.44
413,5,-0.8940125107765198,-0.2049517035484314,-2.2401187419891357,0.40336440902192006,0.45974041122954473,0,0,0,0.12,0.01,0.0,0.01,0.1,0.9,-1.2,0.0,0,0,1,0,0.675,0.44
413,6,0.04079635068774223,0.01742047630250454,0.31056302785873413,0.3558504474690384,0.354191611952501,0,0,0,0.12,0.01,0.0,0.01,0.1,0.9,-1.2,0.0,0,0,1,0,0.675,0.44
413,7,-0.19475629925727844,0.4242614507675171,-0.046625807881355286,0.15285591089284128,0.1448312321945458,0,0,0,0.12,0.01,0.0,0.01,0.1,0.9,-1.2,0.0,0,0,1,0,0.675,0.44
414,0,-0.47430598735809326,0.09460090100765228,-1.6777020692825317,0.14204966472173725,0.19599813772653546,0,0,0,0.12,0.01,0.0,0.01,0.1,0.9,-1.2,0.0,0,0,1,0,0.675,0.44
414,1,-1.006584882736206,0.19345422089099884,-2.616790294647217,0.5558325175671578,0.42455749469709386,0,0,0,0.12,0.01,0.0,0.01,0.1,0.9,-1.2,0.0,0,0,1,0,0.675,0.44
414,2,0.023389436304569244,-0.42209649085998535,0.026629004627466202,0.19639939548956684,0.19795709369195175,0,0,0,0.12,0.01,0.0,0.01,0.1,0.9,-1.2,0.0,0,0,1,0,0.675,0.44
414,3,-0.873724102973938,0.427888423204422,0.020910976454615593,0.6901119338444832,0.07129639516552659,0,0,0,0.12,0.01,0.0,0.01,0.1,0.9,-1.2,0.0,0,0,1,0,0.675,0.44
414,4,-0.493721604347229,-0.4214138388633728,0.029975583776831627,0.13875536123282398,0.13170709213250192,0,0,0,0.12,0.01,0.0,0.01,0.1,0.9,-1.2,0.0,0,0,1,0,0.675,0.44
414,5,-0.8945480585098267,-0.20563003420829773,-2.238095998764038,0.4032714759422157,0.45889355787507563,0,0,0,0.12,0.01,0.0,0.01,0.1,0.9,-1.2,0.0,0,0,1,0,0.675,0.44
414,6,0.04147353395819664,0.017637792974710464,0.31051692366600037,0.35543528797705576,0.35369374749581406,0,0,0,0.12,0.01,0.0,0.01,0.1,0.9,-1.2,0.0,0,0,1,0,0.675,0.44
414,7,-0.1944553256034851,0.4242473542690277,-0.046881671994924545,0.15138429544725943,0.14332008220395517,0,0,0,0.12,0.01,0.0,0.01,0.1,0.9,-1.2,0.0,0,0,1,0,0.675,0.44
415,0,-0.47434207797050476,0.0942578911781311,-1.6754919290542603,0.1421310530381116,0.19465736287070187,0,0,0,0.12,0.01,0.0,0.01,0.1,0.9,-1.2,0.0,0,0,1,0,0.675,0.44
415,1,-1.0074344873428345,0.19296494126319885,-2.621422290802002,0.5556452726240477,0.4245991254930177,0,0,0,0.12,0.01,0.0,0.01,0.1,0.9,-1.2,0.0,0,0,1,0,0.675,0.44
415,2,0.023784823715686798,-0.4220860004425049,0.02667987160384655,0.19583845535865327,0.19754796822914586,0,0,0,0.12,0.01,0.0,0.01,0.1,0.9,-1.2,0.0,0,0,1,0,0.675,0.44
415,3,-0.8729649186134338,0.42789897322654724,0.003304968122392893,0.6903805723347956,0.07322251890513358,0,0,0,0.12,0.01,0.0,0.01,0.1,0.9,-1.2,0.0,0,0,1,0,0.675,0.44
415,4,-0.49345019459724426,-0.42140576243400574,0.02968764305114746,0.13813970094052883,0.13142942781122594,0,0,0,0.12,0.01,0.0,0.01,0.1,0.9,-1.2,0.0,0,0,1,0,0.675,0.44
415,5,-0.8950815796852112,-0.2063087373971939,-2.2360992431640625,0.4031760654391714,0.458034936433845,0,0,0,0.12,0.01,0.0,0.01,0.1,0.9,-1.2,0.0,0,0,1,0,0.675,0.44
415,6,0.0421498566865921,0.01785479485988617,0.31046098470687866,0.3549865985939413,0.3532319163253397,0,0,0,0.12,0.01,0.0,0.01,0.1,0.9,-1.2,0.0,0,0,1,0,0.675,0.44
415,7,-0.19415737688541412,0.4242333471775055,-0.047193389385938644,0.1498431259118633,0.14189851346382334,0,0,0,0.12,0.01,0.0,0.01,0.1,0.9,-1.2,0.0,0,0,1,0,0.675,0.44
416,0,-0.47437727451324463,0.0939163863658905,-1.6733896732330322,0.14163048940651352,0.19394607466704908,0,0,0,0.12,0.01,0.0,0.01,0.1,0.9,-1.2,0.0,0,0,1,0,0.675,0.44
416,1,-1.0082862377166748,0.19247972965240479,-2.6260459423065186,0.5554788986671909,0.4246174415122525,0,0,0,0.12,0.01,0.0,0.01,0.1,0.9,-1.2,0.0,0,0,1,0,0.675,0.44
416,2,0.024179236963391304,-0.422075480222702,0.026672909036278725,0.19514489059114642,0.19727343435621075,0,0,0,0.12,0.01,0.0,0.01,0.1,0.9,-1.2,0.0,0,0,1,0,0.675,0.44
416,3,-0.8722037672996521,0.4278939664363861,-0.018134912475943565,0.6503339278699533,0.11559338688834755,0,0,0,0.12,0.01,0.0,0.01,0.1,0.9,-1.2,0.0,0,0,1,0,0.675,0.44
416,4,-0.49317970871925354,-0.42139774560928345,0.029442649334669113,0.1376936670996493,0.13097924621326265,0,0,0,0.12,0.01,0.0,0.01,0.1,0.9,-1.2,0.0,0,0,1,0,0.675,0.44
416,5,-0.8956131935119629,-0.20698776841163635,-2.234128713607788,0.4030789350619414,0.45716378935669866,0,0,0,0.12,0.01,0.0,0.01,0.1,0.9,-1.2,0.0,0,0,1,0,0.675,0.44
416,6,0.04282531514763832,0.018071481958031654,0.3104025423526764,0.35452898577765873,0.3527818696109827,0,0,0,0.12,0.01,0.0,0.01,0.1,0.9,-1.2,0.0,0,0,1,0,0.675,0.44
416,7,-0.1938624083995819,0.42421939969062805,-0.0475294403731823,0.14825792061146184,0.1405399645680578,0,0,0,0.12,0.01,0.0,0.01,0.1,0.9,-1.2,0.0,0,0,1,0,0.675,0.44
417,0,-0.47441160678863525,0.09357623010873795,-1.6713513135910034,0.14061444292983577,0.19379887689629033,0,0,0,0.12,0.01,0.0,0.01,0.1,0.9,-1.2,0.0,0,0,1,0,0.675,0.44
417,1,-1.009140133857727,0.19199857115745544,-2.6306614875793457,0.5553284067987114,0.4246181469084113,0,0,0,0.12,0.01,0.0,0.01,0.1,0.9,-1.2,0.0,0,0,1,0,0.675,0.44
417,2,0.02457267977297306,-0.42206496000289917,0.02674766816198826,0.19469215647560392,0.19676033480781285,0,0,0,0.12,0.01,0.0,0.01,0.1,0.9,-1.2,0.0,0,0,1,0,0.675,0.44
417,3,-0.8714408874511719,0.4278715252876282,-0.039849720895290375,0.5797569740677265,0.18829536548610648,0,0,0,0.12,0.01,0.0,0.01,0.1,0.9,-1.2,0.0,0,0,1,0,0.675,0.44
417,4,-0.49291008710861206,-0.4213898479938507,0.02925853803753853,0.13737136015279955,0.13040182104722792,0,0,0,0.12,0.01,0.0,0.01,0.1,0.9,-1.2,0.0,0,0,1,0,0.675,0.44
417,5,-0.8961428999900818,-0.20766708254814148,-2.232184648513794,0.4029759752924057,0.45628440497569117,0,0,0,0.12,0.01,0.0,0.01,0.1,0.9,-1.2,0.0,0,0,1,0,0.675,0.44
417,6,0.043499916791915894,0.01828785613179207,0.31035155057907104,0.3541030151249859,0.35230304175596505,0,0,0,0.12,0.01,0.0,0.01,0.1,0.9,-1.2,0.0,0,0,1,0,0.675,0.44
417,7,-0.19357040524482727,0.424205482006073,-0.047811515629291534,0.1467828175953516,0.13908907557214412,0,0,0,0.12,0.01,0.0,0.01,0.1,0.9,-1.2,0.0,0,0,1,0,0.675,0.44
418,0,-0.474445104598999,0.0932372659444809,-1.6693307161331177,0.13922425110691575,0.19407192866450756,0,0,0,0.12,0.01,0.0,0.01,0.1,0.9,-1.2,0.0,0,0,1,0,0.675,0.44
418,1,-1.0099960565567017,0.19152140617370605,-2.635270357131958,0.5551783408680019,0.42461645941352283,0,0,0,0.12,0.01,0.0,0.01,0.1,0.9,-1.2,0.0,0,0,1,0,0.675,0.44
418,2,0.024965152144432068,-0.4220544695854187,0.026900533586740494,0.19443431422389626,0.19605454876743675,0,0,0,0.12,0.01,0.0,0.01,0.1,0.9,-1.2,0.0,0,0,1,0,0.675,0.44
418,3,-0.8706763386726379,0.42783257365226746,-0.05920980125665665,0.49013189884322117,0.27961529878480007,0,0,0,0.12,0.01,0.0,0.01,0.1,0.9,-1.2,0.0,0,0,1,0,0.675,0.44
418,4,-0.4926413595676422,-0.42138200998306274,0.029041938483715057,0.13701635552291275,0.1298537259018004,0,0,0,0.12,0.01,0.0,0.01,0.1,0.9,-1.2,0.0,0,0,1,0,0.675,0.44
418,5,-0.8966707587242126,-0.20834660530090332,-2.2302680015563965,0.40286160153694256,0.45540254669837854,0,0,0,0.12,0.01,0.0,0.01,0.1,0.9,-1.2,0.0,0,0,1,0,0.675,0.44
418,6,0.04417366161942482,0.018503913655877113,0.3103020191192627,0.3536810509689216,0.35182294921799856,0,0,0,0.12,0.01,0.0,0.01,0.1,0.9,-1.2,0.0,0,0,1,0,0.675,0.44
418,7,-0.19328133761882782,0.4241916537284851,-0.04804854840040207,0.14556482420824435,0.1373992861662063,0,0,0,0.12,0.01,0.0,0.01,0.1,0.9,-1.2,0.0,0,0,1,0,0.675,0.44
419,0,-0.4744778275489807,0.09289934486150742,-1.6672853231430054,0.1376494319921908,0.1945707647317472,0,0,0,0.12,0.01,0.0,0.01,0.1,0.9,-1.2,0.0,0,0,1,0,0.675,0.44
419,1,-1.0108540058135986,0.19104818999767303,-2.639873743057251,0.5550035380005918,0.42463652862309603,0,0,0,0.12,0.01,0.0,0.01,0.1,0.9,-1.2,0.0,0,0,1,0,0.675,0.44
419,2,0.025356659665703773,-0.42204394936561584,0.02699020877480507,0.1940252229173209,0.19550185952591642,0,0,0,0.12,0.01,0.0,0.01,0.1,0.9,-1.2,0.0,0,0,1,0,0.675,0.44
419,3,-0.869910478591919,0.42778030037879944,-0.07393523305654526,0.3959883273945322,0.37496711598773097,0,0,0,0.12,0.01,0.0,0.01,0.1,0.9,-1.2,0.0,0,0,1,0,0.675,0.44
419,4,-0.492373526096344,-0.42137429118156433,0.028740622103214264,0.13637761173780213,0.1295861214584564,0,0,0,0.12,0.01,0.0,0.01,0.1,0.9,-1.2,0.0,0,0,1,0,0.675,0.44
419,5,-0.8971967697143555,-0.20902633666992188,-2.2283787727355957,0.40273591407760995,0.45451811424270266,0,0,0,0.12,0.01,0.0,0.01,0.1,0.9,-1.2,0.0,0,0,1,0,0.675,0.44
419,6,0.0448465496301651,0.018719658255577087,0.31024134159088135,0.3532176098144882,0.35138719470135044,0,0,0,0.12,0.01,0.0,0.01,0.1,0.9,-1.2,0.0,0,0,1,0,0.675,0.44
419,7,-0.19299522042274475,0.4241778552532196,-0.04832146316766739,0.14422208187566282,0.13585084559931276,0,0,0,0.12,0.01,0.0,0.01,0.1,0.9,-1.2,0.0,0,0,1,0,0.675,0.44
420,0,-0.47450974583625793,0.09256233274936676,-1.66518235206604,0.13609614463152048,0.1950827589481914,0,0,0,0.12,0.01,0.0,0.01,0.1,0.9,-1.2,0.0,0,0,1,0,0.675,0.44
420,1,-1.011713981628418,0.19057892262935638,-2.6444718837738037,0.5547907650282577,0.42468997837994543,0,0,0,0.12,0.01,0.0,0.01,0.1,0.9,-1.2,0.0,0,0,1,0,0.675,0.44
420,2,0.025747202336788177,-0.422033429145813,0.02698332816362381,0.19332374812888525,0.19524352071953396,0,0,0,0.12,0.01,0.0,0.01,0.1,0.9,-1.2,0.0,0,0,1,0,0.675,0.44
420,3,-0.8691434860229492,0.4277191758155823,-0.0825810581445694,0.311060113243157,0.46073939151377047,0,0,0,0.12,0.01,0.0,0.01,0.1,0.9,-1.2,0.0,0,0,1,0,0.675,0.44
420,4,-0.4921066164970398,-0.4213666617870331,0.02842717245221138,0.13572849265112474,0.12932606109605238,0,0,0,0.12,0.01,0.0,0.01,0.1,0.9,-1.2,0.0,0,0,1,0,0.675,0.44
420,5,-0.8977208733558655,-0.20970624685287476,-2.2265164852142334,0.4026022882922209,0.4536279706494295,0,0,0,0.12,0.01,0.0,0.01,0.1,0.9,-1.2,0.0,0,0,1,0,0.675,0.44
420,6,0.04551858827471733,0.018935086205601692,0.31017857789993286,0.35274651961426584,0.35096177143950613,0,0,0,0.12,0.01,0.0,0.01,0.1,0.9,-1.2,0.0,0,0,1,0,0.675,0.44
420,7,-0.19271200895309448,0.4241641163825989,-0.04865283891558647,0.14276932551159677,0.13442875073657218,0,0,0,0.12,0.01,0.0,0.01,0.1,0.9,-1.2,0.0,0,0,1,0,0.675,0.44
421,0,-0.4745408594608307,0.09222614765167236,-1.6630030870437622,0.13474568077039312,0.19542036108065056,0,0,0,0.12,0.01,0.0,0.01,0.1,0.9,-1.2,0.0,0,0,1,0,0.675,0.44
421,1,-1.0125759840011597,0.19011364877223969,-2.6490635871887207,0.5545329802525876,0.4247820622431401,0,0,0,0.12,0.01,0.0,0.01,0.1,0.9,-1.2,0.0,0,0,1,0,0.675,0.44
421,2,0.02613678202033043,-0.42202290892601013,0.027009597048163414,0.1927188739034613,0.1948907569196741,0,0,0,0.12,0.01,0.0,0.01,0.1,0.9,-1.2,0.0,0,0,1,0,0.675,0.44
421,3,-0.8683755993843079,0.4276539385318756,-0.08466890454292297,0.24556100043804616,0.5269269975706818,0,0,0,0.12,0.01,0.0,0.01,0.1,0.9,-1.2,0.0,0,0,1,0,0.675,0.44
421,4,-0.4918406009674072,-0.421359121799469,0.02818629890680313,0.13531878782744552,0.12882330821518753,0,0,0,0.12,0.01,0.0,0.01,0.1,0.9,-1.2,0.0,0,0,1,0,0.675,0.44
421,5,-0.8982431292533875,-0.21038633584976196,-2.224680185317993,0.40246751775804696,0.4527247858994847,0,0,0,0.12,0.01,0.0,0.01,0.1,0.9,-1.2,0.0,0,0,1,0,0.675,0.44
421,6,0.04618978127837181,0.01915019564330578,0.31012314558029175,0.35230172758653616,0.3505133282606318,0,0,0,0.12,0.01,0.0,0.01,0.1,0.9,-1.2,0.0,0,0,1,0,0.675,0.44
421,7,-0.19243168830871582,0.42415040731430054,-0.04896765947341919,0.14135431510718094,0.13298494356362592,0,0,0,0.12,0.01,0.0,0.01,0.1,0.9,-1.2,0.0,0,0,1,0,0.675,0.44
422,0,-0.4745711386203766,0.09189073741436005,-1.6607447862625122,0.13370898573017354,0.19546729119205242,0,0,0,0.12,0.01,0.0,0.01,0.1,0.9,-1.2,0.0,0,0,1,0,0.675,0.44
422,1,-1.0134398937225342,0.18965241312980652,-2.653646469116211,0.5542404013881286,0.424900833963434,0,0,0,0.12,0.01,0.0,0.01,0.1,0.9,-1.2,0.0,0,0,1,0,0.675,0.44
422,2,0.026525402441620827,-0.42201241850852966,0.02713882550597191,0.1923830724623307,0.1942709468934432,0,0,0,0.12,0.01,0.0,0.01,0.1,0.9,-1.2,0.0,0,0,1,0,0.675,0.44
422,3,-0.8676066994667053,0.4275892376899719,-0.08063272386789322,0.20557611174910054,0.5676332216706993,0,0,0,0.12,0.01,0.0,0.01,0.1,0.9,-1.2,0.0,0,0,1,0,0.675,0.44
422,4,-0.4915754795074463,-0.42135170102119446,0.027979020029306412,0.13498643942932792,0.1282403676881342,0,0,0,0.12,0.01,0.0,0.01,0.1,0.9,-1.2,0.0,0,0,1,0,0.675,0.44
422,5,-0.8987634778022766,-0.2110666036605835,-2.2228710651397705,0.40232658562670676,0.4518137556551841,0,0,0,0.12,0.01,0.0,0.01,0.1,0.9,-1.2,0.0,0,0,1,0,0.675,0.44
422,6,0.04686012491583824,0.019364992156624794,0.31007128953933716,0.3518649603589047,0.35005960209531894,0,0,0,0.12,0.01,0.0,0.01,0.1,0.9,-1.2,0.0,0,0,1,0,0.675,0.44
422,7,-0.19215424358844757,0.42413678765296936,-0.04923491179943085,0.14022922247092473,0.13126781851609004,0,0,0,0.12,0.01,0.0,0.01,0.1,0.9,-1.2,0.0,0,0,1,0,0.675,0.44
423,0,-0.47460055351257324,0.09155610203742981,-1.6584187746047974,0.1330741601661961,0.19512996499974322,0,0,0,0.12,0.01,0.0,0.01,0.1,0.9,-1.2,0.0,0,0,1,0,0.675,0.44
423,1,-1.014305830001831,0.18919529020786285,-2.658217430114746,0.5539340255913534,0.4250235082450114,0,0,0,0.12,0.01,0.0,0.01,0.1,0.9,-1.2,0.0,0,0,1,0,0.675,0.44
423,2,0.02691306360065937,-0.4220018982887268,0.027259567752480507,0.1920599635347862,0.19364020269064713,0,0,0,0.12,0.01,0.0,0.01,0.1,0.9,-1.2,0.0,0,0,1,0,0.675,0.44
423,3,-0.866836667060852,0.42752939462661743,-0.071671262383461,0.19333922664177167,0.5807219167565132,0,0,0,0.12,0.01,0.0,0.01,0.1,0.9,-1.2,0.0,0,0,1,0,0.675,0.44
423,4,-0.49131128191947937,-0.4213443696498871,0.02772601693868637,0.13455540795300677,0.12775390486742783,0,0,0,0.12,0.01,0.0,0.01,0.1,0.9,-1.2,0.0,0,0,1,0,0.675,0.44
423,5,-0.899281919002533,-0.21174700558185577,-2.2210888862609863,0.4021873235349905,0.45088657144257915,0,0,0,0.12,0.01,0.0,0.01,0.1,0.9,-1.2,0.0,0,0,1,0,0.675,0.44
423,6,0.04752963036298752,0.019579479470849037,0.3100145757198334,0.35140990913840364,0.3496276169922726,0,0,0,0.12,0.01,0.0,0.01,0.1,0.9,-1.2,0.0,0,0,1,0,0.675,0.44
423,7,-0.19187967479228973,0.42412322759628296,-0.04951958730816841,0.1391266830576522,0.12954441231359412,0,0,0,0.12,0.01,0.0,0.01,0.1,0.9,-1.2,0.0,0,0,1,0,0.675,0.44
424,0,-0.47462910413742065,0.09122228622436523,-1.6560468673706055,0.13286648051480998,0.19438003642816792,0,0,0,0.12,0.01,0.0,0.01,0.1,0.9,-1.2,0.0,0,0,1,0,0.675,0.44
424,1,-1.0151736736297607,0.1887422800064087,-2.6627748012542725,0.5536285837078643,0.4251337449168611,0,0,0,0.12,0.01,0.0,0.01,0.1,0.9,-1.2,0.0,0,0,1,0,0.675,0.44
424,2,0.02729976736009121,-0.42199137806892395,0.02728184498846531,0.19143801078452224,0.19331059708939438,0,0,0,0.12,0.01,0.0,0.01,0.1,0.9,-1.2,0.0,0,0,1,0,0.675,0.44
424,3,-0.8660653233528137,0.4274779260158539,-0.059497710317373276,0.2076298763244143,0.5673991272957334,0,0,0,0.12,0.01,0.0,0.01,0.1,0.9,-1.2,0.0,0,0,1,0,0.675,0.44
424,4,-0.4910479784011841,-0.4213370978832245,0.027454853057861328,0.13414543695031145,0.12724277549208662,0,0,0,0.12,0.01,0.0,0.01,0.1,0.9,-1.2,0.0,0,0,1,0,0.675,0.44
424,5,-0.8997985124588013,-0.21242749691009521,-2.2193336486816406,0.40204277385311804,0.44995013128680506,0,0,0,0.12,0.01,0.0,0.01,0.1,0.9,-1.2,0.0,0,0,1,0,0.675,0.44
424,6,0.04819829761981964,0.01979365572333336,0.3099554479122162,0.3509449141066754,0.3492086155373371,0,0,0,0.12,0.01,0.0,0.01,0.1,0.9,-1.2,0.0,0,0,1,0,0.675,0.44
424,7,-0.19160793721675873,0.42410969734191895,-0.04987458139657974,0.13781226750280504,0.12804936293695326,0,0,0,0.12,0.01,0.0,0.01,0.1,0.9,-1.2,0.0,0,0,1,0,0.675,0.44
425,0,-0.4746567904949188,0.0908893272280693,-1.6536576747894287,0.13305033229840812,0.19324945426927986,0,0,0,0.12,0.01,0.0,0.01,0.1,0.9,-1.2,0.0,0,0,1,0,0.675,0.44
425,1,-1.0160435438156128,0.18829336762428284,-2.6673171520233154,0.5533444566428242,0.4252102093995037,0,0,0,0.12,0.01,0.0,0.01,0.1,0.9,-1.2,0.0,0,0,1,0,0.675,0.44
425,2,0.027685517445206642,-0.4219808578491211,0.0272943377494812,0.19078938014508348,0.19300942771433732,0,0,0,0.12,0.01,0.0,0.01,0.1,0.9,-1.2,0.0,0,0,1,0,0.675,0.44
425,3,-0.865292489528656,0.427436888217926,-0.04607616364955902,0.2439172740774446,0.532103193203897,0,0,0,0.12,0.01,0.0,0.01,0.1,0.9,-1.2,0.0,0,0,1,0,0.675,0.44
425,4,-0.4907855987548828,-0.42132991552352905,0.027242332696914673,0.13393571262193185,0.12652859802412528,0,0,0,0.12,0.01,0.0,0.01,0.1,0.9,-1.2,0.0,0,0,1,0,0.675,0.44
425,5,-0.9003133177757263,-0.21310804784297943,-2.2176055908203125,0.4018931732176524,0.44900425815594375,0,0,0,0.12,0.01,0.0,0.01,0.1,0.9,-1.2,0.0,0,0,1,0,0.675,0.44
425,6,0.04886612668633461,0.020007526502013206,0.30990251898765564,0.3504965209106302,0.3487761712928915,0,0,0,0.12,0.01,0.0,0.01,0.1,0.9,-1.2,0.0,0,0,1,0,0.675,0.44
425,7,-0.19133904576301575,0.4240962564945221,-0.05024705454707146,0.13660359287980992,0.1264656791615109,0,0,0,0.12,0.01,0.0,0.01,0.1,0.9,-1.2,0.0,0,0,1,0,0.675,0.44
426,0,-0.47468358278274536,0.09055729955434799,-1.6512832641601562,0.13355418727199658,0.19181022360523123,0,0,0,0.12,0.01,0.0,0.01,0.1,0.9,-1.2,0.0,0,0,1,0,0.675,0.44
426,1,-1.016915202140808,0.1878485083580017,-2.671844959259033,0.5530778435560734,0.4252560468820065,0,0,0,0.12,0.01,0.0,0.01,0.1,0.9,-1.2,0.0,0,0,1,0,0.675,0.44
426,2,0.028070315718650818,-0.42197033762931824,0.027408013120293617,0.19043768505592712,0.19241317053298587,0,0,0,0.12,0.01,0.0,0.01,0.1,0.9,-1.2,0.0,0,0,1,0,0.675,0.44
426,3,-0.8645182847976685,0.4274066388607025,-0.03331102058291435,0.29522061031993463,0.4817056091434137,0,0,0,0.12,0.01,0.0,0.01,0.1,0.9,-1.2,0.0,0,0,1,0,0.675,0.44
426,4,-0.49052414298057556,-0.4213228225708008,0.027057813480496407,0.13382813542366914,0.1257094720077426,0,0,0,0.12,0.01,0.0,0.01,0.1,0.9,-1.2,0.0,0,0,1,0,0.675,0.44
426,5,-0.9008262753486633,-0.21378858387470245,-2.21590518951416,0.4017327375439124,0.4480546765300317,0,0,0,0.12,0.01,0.0,0.01,0.1,0.9,-1.2,0.0,0,0,1,0,0.675,0.44
426,6,0.049533117562532425,0.02022109180688858,0.3098549544811249,0.35006625835137767,0.3483286958531816,0,0,0,0.12,0.01,0.0,0.01,0.1,0.9,-1.2,0.0,0,0,1,0,0.675,0.44
426,7,-0.1910729557275772,0.42408287525177,-0.05057293921709061,0.1356034283536069,0.12469133688038667,0,0,0,0.12,0.01,0.0,0.01,0.1,0.9,-1.2,0.0,0,0,1,0,0.675,0.44
427,0,-0.47470954060554504,0.09022627025842667,-1.6489536762237549,0.13425090965951814,0.19019085111890896,0,0,0,0.12,0.01,0.0,0.01,0.1,0.9,-1.2,0.0,0,0,1,0,0.675,0.44
427,1,-1.0177886486053467,0.18740764260292053,-2.6763598918914795,0.5528250115243837,0.4252752287061765,0,0,0,0.12,0.01,0.0,0.01,0.1,0.9,-1.2,0.0,0,0,1,0,0.675,0.44
427,2,0.028454162180423737,-0.4219598174095154,0.027556519955396652,0.1901912156905439,0.19171365458113887,0,0,0,0.12,0.01,0.0,0.01,0.1,0.9,-1.2,0.0,0,0,1,0,0.675,0.44
427,3,-0.8637427091598511,0.42738574743270874,-0.022738603875041008,0.35319223870232463,0.4244851780991281,0,0,0,0.12,0.01,0.0,0.01,0.1,0.9,-1.2,0.0,0,0,1,0,0.675,0.44
427,4,-0.49026361107826233,-0.4213158190250397,0.02679353952407837,0.13349993626938103,0.12510774929656746,0,0,0,0.12,0.01,0.0,0.01,0.1,0.9,-1.2,0.0,0,0,1,0,0.675,0.44
427,5,-0.9013375043869019,-0.2144690901041031,-2.214233160018921,0.40155611104740246,0.44710668258891945,0,0,0,0.12,0.01,0.0,0.01,0.1,0.9,-1.2,0.0,0,0,1,0,0.675,0.44
427,6,0.05019927769899368,0.02043435350060463,0.3098035454750061,0.3496175042169687,0.3479028114301566,0,0,0,0.12,0.01,0.0,0.01,0.1,0.9,-1.2,0.0,0,0,1,0,0.675,0.44
427,7,-0.19080966711044312,0.42406952381134033,-0.05089806392788887,0.13460100483234871,0.12293656874362481,0,0,0,0.12,0.01,0.0,0.01,0.1,0.9,-1.2,0.0,0,0,1,0,0.675,0.44
428,0,-0.4747346341609955,0.0898962989449501,-1.6466941833496094,0.1350090803403594,0.18852522952368478,0,0,0,0.12,0.01,0.0,0.01,0.1,0.9,-1.2,0.0,0,0,1,0,0.675,0.44
428,1,-1.0186638832092285,0.18697074055671692,-2.680863380432129,0.55257777786882,0.4252767124113314,0,0,0,0.12,0.01,0.0,0.01,0.1,0.9,-1.2,0.0,0,0,1,0,0.675,0.44
428,2,0.028837060555815697,-0.4219492971897125,0.02760941907763481,0.18965089598028503,0.19130983671815552,0,0,0,0.12,0.01,0.0,0.01,0.1,0.9,-1.2,0.0,0,0,1,0,0.675,0.44
428,3,-0.8629661202430725,0.4273717403411865,-0.01540947426110506,0.4097617477470724,0.36850456294476114,0,0,0,0.12,0.01,0.0,0.01,0.1,0.9,-1.2,0.0,0,0,1,0,0.675,0.44
428,4,-0.4900040030479431,-0.4213089346885681,0.026437971740961075,0.13286492502975056,0.12480997764778545,0,0,0,0.12,0.01,0.0,0.01,0.1,0.9,-1.2,0.0,0,0,1,0,0.675,0.44
428,5,-0.9018469452857971,-0.21514953672885895,-2.2125890254974365,0.40136401517029824,0.44615949528578697,0,0,0,0.12,0.01,0.0,0.01,0.1,0.9,-1.2,0.0,0,0,1,0,0.675,0.44
428,6,0.050864607095718384,0.020647309720516205,0.30974656343460083,0.3491506135716696,0.3474982225641946,0,0,0,0.12,0.01,0.0,0.01,0.1,0.9,-1.2,0.0,0,0,1,0,0.675,0.44
428,7,-0.19054915010929108,0.42405620217323303,-0.05129750818014145,0.13336737773683163,0.1214310643884888,0,0,0,0.12,0.01,0.0,0.01,0.1,0.9,-1.2,0.0,0,0,1,0,0.675,0.44
429,0,-0.47475889325141907,0.0895674079656601,-1.6445212364196777,0.13570926896995356,0.1869354117684955,0,0,0,0.12,0.01,0.0,0.01,0.1,0.9,-1.2,0.0,0,0,1,0,0.675,0.44
429,1,-1.019540786743164,0.18653780221939087,-2.6853573322296143,0.5523194485894642,0.42527796685777086,0,0,0,0.12,0.01,0.0,0.01,0.1,0.9,-1.2,0.0,0,0,1,0,0.675,0.44
429,2,0.029219012707471848,-0.4219387471675873,0.02759680524468422,0.18895796602160733,0.19106026823132236,0,0,0,0.12,0.01,0.0,0.01,0.1,0.9,-1.2,0.0,0,0,1,0,0.675,0.44
429,3,-0.8621886968612671,0.4273616671562195,-0.012032913975417614,0.45751382633230275,0.3212193079374116,0,0,0,0.12,0.01,0.0,0.01,0.1,0.9,-1.2,0.0,0,0,1,0,0.675,0.44
429,4,-0.4897453188896179,-0.4213021397590637,0.026098866015672684,0.13228813946883197,0.12445108949501996,0,0,0,0.12,0.01,0.0,0.01,0.1,0.9,-1.2,0.0,0,0,1,0,0.675,0.44
429,5,-0.9023546576499939,-0.21582990884780884,-2.2109715938568115,0.40116167537279257,0.4452078891604411,0,0,0,0.12,0.01,0.0,0.01,0.1,0.9,-1.2,0.0,0,0,1,0,0.675,0.44
429,6,0.051529113203287125,0.020859964191913605,0.309692919254303,0.34868625378132917,0.3470941426801576,0,0,0,0.12,0.01,0.0,0.01,0.1,0.9,-1.2,0.0,0,0,1,0,0.675,0.44
429,7,-0.1902914047241211,0.4240429103374481,-0.05174744501709938,0.1319877831041932,0.12008970698713062,0,0,0,0.12,0.01,0.0,0.01,0.1,0.9,-1.2,0.0,0,0,1,0,0.675,0.44
430,0,-0.47478237748146057,0.08923961222171783,-1.6424407958984375,0.13625366453952048,0.18552287454777508,0,0,0,0.12,0.01,0.0,0.01,0.1,0.9,-1.2,0.0,0,0,1,0,0.675,0.44
430,1,-1.0204194784164429,0.18610890209674835,-2.6898422241210938,0.5520480385772938,0.42528210964276847,0,0,0,0.12,0.01,0.0,0.01,0.1,0.9,-1.2,0.0,0,0,1,0,0.675,0.44
430,2,0.02960001863539219,-0.4219282269477844,0.027659205719828606,0.18844314678455046,0.19063512222027132,0,0,0,0.12,0.01,0.0,0.01,0.1,0.9,-1.2,0.0,0,0,1,0,0.675,0.44
430,3,-0.8614105582237244,0.427352637052536,-0.012821946293115616,0.4911373810866622,0.28799838255850996,0,0,0,0.12,0.01,0.0,0.01,0.1,0.9,-1.2,0.0,0,0,1,0,0.675,0.44
430,4,-0.48948755860328674,-0.4212954342365265,0.025833498686552048,0.13193276015285366,0.12386787446972018,0,0,0,0.12,0.01,0.0,0.01,0.1,0.9,-1.2,0.0,0,0,1,0,0.675,0.44
430,5,-0.9028605222702026,-0.21651019155979156,-2.209380626678467,0.4009546129486419,0.44424604489590164,0,0,0,0.12,0.01,0.0,0.01,0.1,0.9,-1.2,0.0,0,0,1,0,0.675,0.44
430,6,0.052192796021699905,0.02107231505215168,0.3096469044685364,0.34825062430735126,0.3466643127119969,0,0,0,0.12,0.01,0.0,0.01,0.1,0.9,-1.2,0.0,0,0,1,0,0.675,0.44
430,7,-0.19003640115261078,0.4240296483039856,-0.05216851085424423,0.13067668278393182,0.11869776646915046,0,0,0,0.12,0.01,0.0,0.01,0.1,0.9,-1.2,0.0,0,0,1,0,0.675,0.44
431,0,-0.47480517625808716,0.08891288191080093,-1.6404496431350708,0.136568013088046,0.1843644944269076,0,0,0,0.12,0.01,0.0,0.01,0.1,0.9,-1.2,0.0,0,0,1,0,0.675,0.44
431,1,-1.0212998390197754,0.18568408489227295,-2.6943178176879883,0.5517611096641456,0.42529247300415896,0,0,0,0.12,0.01,0.0,0.01,0.1,0.9,-1.2,0.0,0,0,1,0,0.675,0.44
431,2,0.02998008392751217,-0.42191770672798157,0.027801917865872383,0.18816963249235594,0.1899700421711878,0,0,0,0.12,0.01,0.0,0.01,0.1,0.9,-1.2,0.0,0,0,1,0,0.675,0.44
431,3,-0.8606320023536682,0.4273418188095093,-0.016992993652820587,0.5092765212095967,0.2702310562096843,0,0,0,0.12,0.01,0.0,0.01,0.1,0.9,-1.2,0.0,0,0,1,0,0.675,0.44
431,4,-0.4892307221889496,-0.4212888479232788,0.025567609816789627,0.1315349519482769,0.12332538960064278,0,0,0,0.12,0.01,0.0,0.01,0.1,0.9,-1.2,0.0,0,0,1,0,0.675,0.44
431,5,-0.9033645987510681,-0.21719036996364594,-2.2078163623809814,0.4007431415776681,0.44327376802163615,0,0,0,0.12,0.01,0.0,0.01,0.1,0.9,-1.2,0.0,0,0,1,0,0.675,0.44
431,6,0.052855659276247025,0.02128436788916588,0.3096022307872772,0.3478093905777943,0.34624282881307483,0,0,0,0.12,0.01,0.0,0.01,0.1,0.9,-1.2,0.0,0,0,1,0,0.675,0.44
431,7,-0.18978413939476013,0.42401641607284546,-0.05255960673093796,0.12945592412378304,0.11723417034719474,0,0,0,0.12,0.01,0.0,0.01,0.1,0.9,-1.2,0.0,0,0,1,0,0.675,0.44
432,0,-0.47482725977897644,0.08858738094568253,-1.638543725013733,0.13660278126292397,0.1835141260952456,0,0,0,0.12,0.01,0.0,0.01,0.1,0.9,-1.2,0.0,0,0,1,0,0.675,0.44
432,1,-1.0221818685531616,0.18526338040828705,-2.698784112930298,0.5514562126601527,0.4253125194107702,0,0,0,0.12,0.01,0.0,0.01,0.1,0.9,-1.2,0.0,0,0,1,0,0.675,0.44
432,2,0.030359206721186638,-0.4219071865081787,0.027893444523215294,0.18773727098409085,0.1894656868844852,0,0,0,0.12,0.01,0.0,0.01,0.1,0.9,-1.2,0.0,0,0,1,0,0.675,0.44
432,3,-0.8598530888557434,0.4273267686367035,-0.023558080196380615,0.5119747945460223,0.2678736022320844,0,0,0,0.12,0.01,0.0,0.01,0.1,0.9,-1.2,0.0,0,0,1,0,0.675,0.44
432,4,-0.48897483944892883,-0.4212823808193207,0.025244634598493576,0.13091926374355078,0.12299822173198939,0,0,0,0.12,0.01,0.0,0.01,0.1,0.9,-1.2,0.0,0,0,1,0,0.675,0.44
432,5,-0.9038669466972351,-0.21787041425704956,-2.2062785625457764,0.4005260040740013,0.44229189849100115,0,0,0,0.12,0.01,0.0,0.01,0.1,0.9,-1.2,0.0,0,0,1,0,0.675,0.44
432,6,0.05351770296692848,0.02149612456560135,0.3095533549785614,0.3473504041432836,0.3458417798281215,0,0,0,0.12,0.01,0.0,0.01,0.1,0.9,-1.2,0.0,0,0,1,0,0.675,0.44
432,7,-0.18953455984592438,0.4240032136440277,-0.05298895016312599,0.1281193941278775,0.115904733593909,0,0,0,0.12,0.01,0.0,0.01,0.1,0.9,-1.2,0.0,0,0,1,0,0.675,0.44
433,0,-0.4748486876487732,0.08826355636119843,-1.6367233991622925,0.13631267605502403,0.1830235892705222,0,0,0,0.12,0.01,0.0,0.01,0.1,0.9,-1.2,0.0,0,0,1,0,0.675,0.44
433,1,-1.0230655670166016,0.18484681844711304,-2.703240156173706,0.5511362019186867,0.4253400501603233,0,0,0,0.12,0.01,0.0,0.01,0.1,0.9,-1.2,0.0,0,0,1,0,0.675,0.44
433,2,0.030737388879060745,-0.42189666628837585,0.02790050394833088,0.18705011961373716,0.1892177307852802,0,0,0,0.12,0.01,0.0,0.01,0.1,0.9,-1.2,0.0,0,0,1,0,0.675,0.44
433,3,-0.8590739369392395,0.4273056983947754,-0.03163395822048187,0.499902709475131,0.2802284517377902,0,0,0,0.12,0.01,0.0,0.01,0.1,0.9,-1.2,0.0,0,0,1,0,0.675,0.44
433,4,-0.4887199103832245,-0.4212759733200073,0.024934101849794388,0.13036266346882677,0.122610207596313,0,0,0,0.12,0.01,0.0,0.01,0.1,0.9,-1.2,0.0,0,0,1,0,0.675,0.44
433,5,-0.9043675065040588,-0.21855029463768005,-2.2047672271728516,0.40030431065120636,0.44129914727649755,0,0,0,0.12,0.01,0.0,0.01,0.1,0.9,-1.2,0.0,0,0,1,0,0.675,0.44
433,6,0.054178930819034576,0.02170758880674839,0.30950555205345154,0.34688968414834537,0.34544490819403134,0,0,0,0.12,0.01,0.0,0.01,0.1,0.9,-1.2,0.0,0,0,1,0,0.675,0.44
433,7,-0.1892876923084259,0.4239901006221771,-0.05346576124429703,0.12679976185132152,0.1145799312991988,0,0,0,0.12,0.01,0.0,0.01,0.1,0.9,-1.2,0.0,0,0,1,0,0.675,0.44
434,0,-0.4748694896697998,0.0879409983754158,-1.6349551677703857,0.13575476506956313,0.18283340235940718,0,0,0,0.12,0.01,0.0,0.01,0.1,0.9,-1.2,0.0,0,0,1,0,0.675,0.44
434,1,-1.0239508152008057,0.18443436920642853,-2.7076849937438965,0.5508096770789798,0.42536676363681003,0,0,0,0.12,0.01,0.0,0.01,0.1,0.9,-1.2,0.0,0,0,1,0,0.675,0.44
434,2,0.03111463412642479,-0.4218861162662506,0.02794770337641239,0.18651948210469405,0.1888148701501735,0,0,0,0.12,0.01,0.0,0.01,0.1,0.9,-1.2,0.0,0,0,1,0,0.675,0.44
434,3,-0.8582946062088013,0.42727771401405334,-0.040194813162088394,0.4756664558157247,0.30464840691239425,0,0,0,0.12,0.01,0.0,0.01,0.1,0.9,-1.2,0.0,0,0,1,0,0.675,0.44
434,4,-0.48846590518951416,-0.4212696850299835,0.024703510105609894,0.12998398889006996,0.12204215179977988,0,0,0,0.12,0.01,0.0,0.01,0.1,0.9,-1.2,0.0,0,0,1,0,0.675,0.44
434,5,-0.9048663377761841,-0.21922993659973145,-2.203282356262207,0.4000759466343484,0.44029792707628385,0,0,0,0.12,0.01,0.0,0.01,0.1,0.9,-1.2,0.0,0,0,1,0,0.675,0.44
434,6,0.05483934283256531,0.021918760612607002,0.3094649612903595,0.3464477141914734,0.34503196873088987,0,0,0,0.12,0.01,0.0,0.01,0.1,0.9,-1.2,0.0,0,0,1,0,0.675,0.44
434,7,-0.18904347717761993,0.42397698760032654,-0.05391713231801987,0.12546480480679228,0.11328918453208253,0,0,0,0.12,0.01,0.0,0.01,0.1,0.9,-1.2,0.0,0,0,1,0,0.675,0.44
435,0,-0.4748896658420563,0.08761956542730331,-1.6332123279571533,0.13501470897767204,0.18285581852820262,0,0,0,0.12,0.01,0.0,0.01,0.1,0.9,-1.2,0.0,0,0,1,0,0.675,0.44
435,1,-1.0248377323150635,0.18402595818042755,-2.712117910385132,0.5504740644677402,0.42539505469958777,0,0,0,0.12,0.01,0.0,0.01,0.1,0.9,-1.2,0.0,0,0,1,0,0.675,0.44
435,2,0.03149094432592392,-0.42187559604644775,0.02809467725455761,0.18624560642532584,0.188157482859571,0,0,0,0.12,0.01,0.0,0.01,0.1,0.9,-1.2,0.0,0,0,1,0,0.675,0.44
435,3,-0.8575153350830078,0.4272429347038269,-0.04811873286962509,0.44381709492493493,0.33654628598403113,0,0,0,0.12,0.01,0.0,0.01,0.1,0.9,-1.2,0.0,0,0,1,0,0.675,0.44
435,4,-0.48821282386779785,-0.4212634563446045,0.024479392915964127,0.12967908908616615,0.12139701317060873,0,0,0,0.12,0.01,0.0,0.01,0.1,0.9,-1.2,0.0,0,0,1,0,0.675,0.44
435,5,-0.9053635001182556,-0.21990932524204254,-2.201824903488159,0.39983582669315954,0.43929326361598353,0,0,0,0.12,0.01,0.0,0.01,0.1,0.9,-1.2,0.0,0,0,1,0,0.675,0.44
435,6,0.05549894645810127,0.022129645571112633,0.3094276487827301,0.3460096569464894,0.3446178583695202,0,0,0,0.12,0.01,0.0,0.01,0.1,0.9,-1.2,0.0,0,0,1,0,0.675,0.44
435,7,-0.18880192935466766,0.4239639341831207,-0.054320305585861206,0.1243665455553241,0.11178076875474974,0,0,0,0.12,0.01,0.0,0.01,0.1,0.9,-1.2,0.0,0,0,1,0,0.675,0.44
436,0,-0.4749092757701874,0.08729920536279678,-1.6314730644226074,0.1341582759220279,0.1830237285297238,0,0,0,0.12,0.01,0.0,0.01,0.1,0.9,-1.2,0.0,0,0,1,0,0.675,0.44
436,1,-1.025726079940796,0.18362154066562653,-2.716538190841675,0.5501387355640468,0.42541489621848483,0,0,0,0.12,0.01,0.0,0.01,0.1,0.9,-1.2,0.0,0,0,1,0,0.675,0.44
436,2,0.031866319477558136,-0.4218650460243225,0.02822503075003624,0.18595932969556278,0.18751398673548278,0,0,0,0.12,0.01,0.0,0.01,0.1,0.9,-1.2,0.0,0,0,1,0,0.675,0.44
436,3,-0.8567360639572144,0.4272024929523468,-0.05445723235607147,0.4098178133116173,0.37044721993346935,0,0,0,0.12,0.01,0.0,0.01,0.1,0.9,-1.2,0.0,0,0,1,0,0.675,0.44
436,4,-0.48796069622039795,-0.421257346868515,0.024162620306015015,0.12904948492130305,0.12107449273982979,0,0,0,0.12,0.01,0.0,0.01,0.1,0.9,-1.2,0.0,0,0,1,0,0.675,0.44
436,5,-0.9058589935302734,-0.22058840095996857,-2.200394630432129,0.39958241826804924,0.43828704708305555,0,0,0,0.12,0.01,0.0,0.01,0.1,0.9,-1.2,0.0,0,0,1,0,0.675,0.44
436,6,0.05615773797035217,0.022340241819620132,0.30938655138015747,0.3455507761716206,0.3442270749331157,0,0,0,0.12,0.01,0.0,0.01,0.1,0.9,-1.2,0.0,0,0,1,0,0.675,0.44
436,7,-0.1885630041360855,0.4239509105682373,-0.05473450943827629,0.12325500270729398,0.11030345836276674,0,0,0,0.12,0.01,0.0,0.01,0.1,0.9,-1.2,0.0,0,0,1,0,0.675,0.44
437,0,-0.47492825984954834,0.08697989583015442,-1.6297224760055542,0.13328291793427577,0.1832360742513169,0,0,0,0.12,0.01,0.0,0.01,0.1,0.9,-1.2,0.0,0,0,1,0,0.675,0.44
437,1,-1.026615858078003,0.18322108685970306,-2.7209460735321045,0.5497958136760959,0.42543344962956825,0,0,0,0.12,0.01,0.0,0.01,0.1,0.9,-1.2,0.0,0,0,1,0,0.675,0.44
437,2,0.03224076330661774,-0.42185449600219727,0.02824714221060276,0.1853440521446724,0.1872012199672203,0,0,0,0.12,0.01,0.0,0.01,0.1,0.9,-1.2,0.0,0,0,1,0,0.675,0.44
437,3,-0.8559569716453552,0.4271579682826996,-0.05864401161670685,0.37833533794652047,0.40169920413721977,0,0,0,0.12,0.01,0.0,0.01,0.1,0.9,-1.2,0.0,0,0,1,0,0.675,0.44
437,4,-0.48770952224731445,-0.4212513267993927,0.02379145286977291,0.1282720402895172,0.12089721997392579,0,0,0,0.12,0.01,0.0,0.01,0.1,0.9,-1.2,0.0,0,0,1,0,0.675,0.44
437,5,-0.9063528180122375,-0.22126716375350952,-2.198991298675537,0.3993183664511135,0.4372766323854038,0,0,0,0.12,0.01,0.0,0.01,0.1,0.9,-1.2,0.0,0,0,1,0,0.675,0.44
437,6,0.05681572109460831,0.02255055122077465,0.3093439042568207,0.3450809353538075,0.3438499337486705,0,0,0,0.12,0.01,0.0,0.01,0.1,0.9,-1.2,0.0,0,0,1,0,0.675,0.44
437,7,-0.18832668662071228,0.42393791675567627,-0.055208880454301834,0.1219813914549386,0.10900632128595954,0,0,0,0.12,0.01,0.0,0.01,0.1,0.9,-1.2,0.0,0,0,1,0,0.675,0.44
438,0,-0.47494664788246155,0.08666161447763443,-1.6279512643814087,0.1324670027363719,0.1834126998316823,0,0,0,0.12,0.01,0.0,0.01,0.1,0.9,-1.2,0.0,0,0,1,0,0.675,0.44
438,1,-1.0275070667266846,0.18282464146614075,-2.7253410816192627,0.5494478688800124,0.4254470123684617,0,0,0,0.12,0.01,0.0,0.01,0.1,0.9,-1.2,0.0,0,0,1,0,0.675,0.44
438,2,0.03261427581310272,-0.4218439757823944,0.028247466310858727,0.18462222940986808,0.18699642889434637,0,0,0,0.12,0.01,0.0,0.01,0.1,0.9,-1.2,0.0,0,0,1,0,0.675,0.44
438,3,-0.8551781177520752,0.4271112084388733,-0.06051279231905937,0.35286428368558015,0.4268376048756687,0,0,0,0.12,0.01,0.0,0.01,0.1,0.9,-1.2,0.0,0,0,1,0,0.675,0.44
438,4,-0.48745930194854736,-0.42124539613723755,0.023488130420446396,0.12769241180649057,0.12052077505359399,0,0,0,0.12,0.01,0.0,0.01,0.1,0.9,-1.2,0.0,0,0,1,0,0.675,0.44
438,5,-0.9068449139595032,-0.2219455987215042,-2.1976139545440674,0.39904982768161656,0.43625568426983,0,0,0,0.12,0.01,0.0,0.01,0.1,0.9,-1.2,0.0,0,0,1,0,0.675,0.44
438,6,0.05747290328145027,0.022760573774576187,0.3093075454235077,0.34462439428718444,0.3434621750220502,0,0,0,0.12,0.01,0.0,0.01,0.1,0.9,-1.2,0.0,0,0,1,0,0.675,0.44
438,7,-0.18809297680854797,0.42392492294311523,-0.055696405470371246,0.12059976541803365,0.1078350207824897,0,0,0,0.12,0.01,0.0,0.01,0.1,0.9,-1.2,0.0,0,0,1,0,0.675,0.44
439,0,-0.474964439868927,0.0863444060087204,-1.6261574029922485,0.13176396376048743,0.18349695318783105,0,0,0,0.12,0.01,0.0,0.01,0.1,0.9,-1.2,0.0,0,0,1,0,0.675,0.44
439,1,-1.0283998250961304,0.18243221938610077,-2.7297236919403076,0.5490969151607964,0.4254527359851387,0,0,0,0.12,0.01,0.0,0.01,0.1,0.9,-1.2,0.0,0,0,1,0,0.675,0.44
439,2,0.03298686072230339,-0.42183342576026917,0.028345506638288498,0.1842272613743144,0.1864667202731771,0,0,0,0.12,0.01,0.0,0.01,0.1,0.9,-1.2,0.0,0,0,1,0,0.675,0.44
439,3,-0.8543994426727295,0.42706385254859924,-0.06016264483332634,0.3354986496028299,0.4437983446064596,0,0,0,0.12,0.01,0.0,0.01,0.1,0.9,-1.2,0.0,0,0,1,0,0.675,0.44
439,4,-0.4872100353240967,-0.42123958468437195,0.02325768955051899,0.12727955582823236,0.1199749499252848,0,0,0,0.12,0.01,0.0,0.01,0.1,0.9,-1.2,0.0,0,0,1,0,0.675,0.44
439,5,-0.9073353409767151,-0.22262369096279144,-2.196262836456299,0.3987739621953109,0.43522674447735754,0,0,0,0.12,0.01,0.0,0.01,0.1,0.9,-1.2,0.0,0,0,1,0,0.675,0.44
439,6,0.05812928080558777,0.02297031506896019,0.30927780270576477,0.3441847539718594,0.3430602573577915,0,0,0,0.12,0.01,0.0,0.01,0.1,0.9,-1.2,0.0,0,0,1,0,0.675,0.44
439,7,-0.187861829996109,0.4239119589328766,-0.05614091828465462,0.11936038949580158,0.10653964958100355,0,0,0,0.12,0.01,0.0,0.01,0.1,0.9,-1.2,0.0,0,0,1,0,0.675,0.44
440,0,-0.4749816358089447,0.08602830022573471,-1.6243455410003662,0.13119917017856267,0.1834620644386706,0,0,0,0.12,0.01,0.0,0.01,0.1,0.9,-1.2,0.0,0,0,1,0,0.675,0.44
440,1,-1.0292940139770508,0.1820438951253891,-2.734093427658081,0.5487400718226891,0.4254525475010412,0,0,0,0.12,0.01,0.0,0.01,0.1,0.9,-1.2,0.0,0,0,1,0,0.675,0.44
440,2,0.03335851803421974,-0.4218228757381439,0.02848980389535427,0.1839672381062942,0.18580367620988317,0,0,0,0.12,0.01,0.0,0.01,0.1,0.9,-1.2,0.0,0,0,1,0,0.675,0.44
440,3,-0.8536210656166077,0.4270175099372864,-0.05792300030589104,0.32732592371510866,0.4515155121941626,0,0,0,0.12,0.01,0.0,0.01,0.1,0.9,-1.2,0.0,0,0,1,0,0.675,0.44
440,4,-0.4869617223739624,-0.4212338626384735,0.02299691177904606,0.1267742240916857,0.11951967830547007,0,0,0,0.12,0.01,0.0,0.01,0.1,0.9,-1.2,0.0,0,0,1,0,0.675,0.44
440,5,-0.9078240990638733,-0.22330142557621002,-2.1949384212493896,0.39849237145898625,0.43418815193655214,0,0,0,0.12,0.01,0.0,0.01,0.1,0.9,-1.2,0.0,0,0,1,0,0.675,0.44
440,6,0.058784857392311096,0.02317977510392666,0.3092479407787323,0.34373363052111716,0.34267232622403054,0,0,0,0.12,0.01,0.0,0.01,0.1,0.9,-1.2,0.0,0,0,1,0,0.675,0.44
440,7,-0.18763324618339539,0.4238990545272827,-0.05657106637954712,0.11827418647095747,0.10511025347426349,0,0,0,0.12,0.01,0.0,0.01,0.1,0.9,-1.2,0.0,0,0,1,0,0.675,0.44
441,0,-0.47499823570251465,0.08571327477693558,-1.6225221157073975,0.13079114404296613,0.18328614386940265,0,0,0,0.12,0.01,0.0,0.01,0.1,0.9,-1.2,0.0,0,0,1,0,0.675,0.44
441,1,-1.0301895141601562,0.18165968358516693,-2.738450527191162,0.5483773070075887,0.4254455250999553,0,0,0,0.12,0.01,0.0,0.01,0.1,0.9,-1.2,0.0,0,0,1,0,0.675,0.44
441,2,0.033729251474142075,-0.42181235551834106,0.028553485870361328,0.18342123183259135,0.18542852250090475,0,0,0,0.12,0.01,0.0,0.01,0.1,0.9,-1.2,0.0,0,0,1,0,0.675,0.44
441,3,-0.8528429269790649,0.42697346210479736,-0.05432291701436043,0.3281415122181935,0.45020240372113757,0,0,0,0.12,0.01,0.0,0.01,0.1,0.9,-1.2,0.0,0,0,1,0,0.675,0.44
441,4,-0.48671436309814453,-0.42122822999954224,0.02268943190574646,0.12613621815674195,0.11919502452380767,0,0,0,0.12,0.01,0.0,0.01,0.1,0.9,-1.2,0.0,0,0,1,0,0.675,0.44
441,5,-0.9083111882209778,-0.22397874295711517,-2.19364070892334,0.3982066922475061,0.43313815066326045,0,0,0,0.12,0.01,0.0,0.01,0.1,0.9,-1.2,0.0,0,0,1,0,0.675,0.44
441,6,0.059439633041620255,0.02338895946741104,0.3092159032821655,0.34326926438678074,0.34230020077358914,0,0,0,0.12,0.01,0.0,0.01,0.1,0.9,-1.2,0.0,0,0,1,0,0.675,0.44
441,7,-0.1874072104692459,0.4238862097263336,-0.057046640664339066,0.11717343706007673,0.1037139407980852,0,0,0,0.12,0.01,0.0,0.01,0.1,0.9,-1.2,0.0,0,0,1,0,0.675,0.44
442,0,-0.47501420974731445,0.08539888262748718,-1.6206804513931274,0.13057786175639124,0.18292582085698159,0,0,0,0.12,0.01,0.0,0.01,0.1,0.9,-1.2,0.0,0,0,1,0,0.675,0.44
442,1,-1.0310864448547363,0.18127956986427307,-2.74279522895813,0.5480153767953823,0.42542407823696643,0,0,0,0.12,0.01,0.0,0.01,0.1,0.9,-1.2,0.0,0,0,1,0,0.675,0.44
442,2,0.03409905731678009,-0.4218018054962158,0.028565416112542152,0.1827579796941527,0.18517201536581435,0,0,0,0.12,0.01,0.0,0.01,0.1,0.9,-1.2,0.0,0,0,1,0,0.675,0.44
442,3,-0.8520650267601013,0.426932692527771,-0.050048116594552994,0.33668521900085646,0.4411161158570842,0,0,0,0.12,0.01,0.0,0.01,0.1,0.9,-1.2,0.0,0,0,1,0,0.675,0.44
442,4,-0.48646795749664307,-0.4212226867675781,0.022433724254369736,0.12567692734898542,0.11868974826632525,0,0,0,0.12,0.01,0.0,0.01,0.1,0.9,-1.2,0.0,0,0,1,0,0.675,0.44
442,5,-0.9087966084480286,-0.2246556282043457,-2.192368984222412,0.3979192716335542,0.43207469160802303,0,0,0,0.12,0.01,0.0,0.01,0.1,0.9,-1.2,0.0,0,0,1,0,0.675,0.44
442,6,0.06009361147880554,0.023597870022058487,0.3091880679130554,0.34280867159818507,0.3419272822096458,0,0,0,0.12,0.01,0.0,0.01,0.1,0.9,-1.2,0.0,0,0,1,0,0.675,0.44
442,7,-0.1871836930513382,0.4238734245300293,-0.05755198374390602,0.11612779534432519,0.10227944814589392,0,0,0,0.12,0.01,0.0,0.01,0.1,0.9,-1.2,0.0,0,0,1,0,0.675,0.44
443,0,-0.4750295579433441,0.08508504927158356,-1.6188286542892456,0.1305413474190292,0.18239653810381318,0,0,0,0.12,0.01,0.0,0.01,0.1,0.9,-1.2,0.0,0,0,1,0,0.675,0.44
443,1,-1.0319846868515015,0.18090353906154633,-2.7471275329589844,0.5476515748773689,0.4253906151975518,0,0,0,0.12,0.01,0.0,0.01,0.1,0.9,-1.2,0.0,0,0,1,0,0.675,0.44
443,2,0.034467943012714386,-0.4217912554740906,0.02865692414343357,0.18232920754862642,0.18468278657483247,0,0,0,0.12,0.01,0.0,0.01,0.1,0.9,-1.2,0.0,0,0,1,0,0.675,0.44
443,3,-0.8512874841690063,0.42689549922943115,-0.04577292501926422,0.350719151102519,0.4264848856101274,0,0,0,0.12,0.01,0.0,0.01,0.1,0.9,-1.2,0.0,0,0,1,0,0.675,0.44
443,4,-0.486222505569458,-0.4212172031402588,0.022255919873714447,0.12553071666497903,0.11786906730394647,0,0,0,0.12,0.01,0.0,0.01,0.1,0.9,-1.2,0.0,0,0,1,0,0.675,0.44
443,5,-0.9092804193496704,-0.22533202171325684,-2.1911237239837646,0.39762884633104295,0.4309991572662165,0,0,0,0.12,0.01,0.0,0.01,0.1,0.9,-1.2,0.0,0,0,1,0,0.675,0.44
443,6,0.06074679642915726,0.023806508630514145,0.3091675341129303,0.34236502850466516,0.3415403941828654,0,0,0,0.12,0.01,0.0,0.01,0.1,0.9,-1.2,0.0,0,0,1,0,0.675,0.44
443,7,-0.18696266412734985,0.42386066913604736,-0.05802687630057335,0.11522462571708192,0.10071848725231658,0,0,0,0.12,0.01,0.0,0.01,0.1,0.9,-1.2,0.0,0,0,1,0,0.675,0.44
444,0,-0.4750443398952484,0.0847717672586441,-1.616979718208313,0.13062672481494714,0.18175385727924534,0,0,0,0.12,0.01,0.0,0.01,0.1,0.9,-1.2,0.0,0,0,1,0,0.675,0.44
444,1,-1.032884120941162,0.18053150177001953,-2.7514474391937256,0.5472924648671094,0.42533815513563716,0,0,0,0.12,0.01,0.0,0.01,0.1,0.9,-1.2,0.0,0,0,1,0,0.675,0.44
444,2,0.03483590483665466,-0.42178067564964294,0.028821930289268494,0.182152898730748,0.18394231635142055,0,0,0,0.12,0.01,0.0,0.01,0.1,0.9,-1.2,0.0,0,0,1,0,0.675,0.44
444,3,-0.85051029920578,0.42686161398887634,-0.04200783371925354,0.3678300363028583,0.4087110775505962,0,0,0,0.12,0.01,0.0,0.01,0.1,0.9,-1.2,0.0,0,0,1,0,0.675,0.44
444,4,-0.48597803711891174,-0.4212118089199066,0.02203855663537979,0.12530208712602467,0.1171286445281425,0,0,0,0.12,0.01,0.0,0.01,0.1,0.9,-1.2,0.0,0,0,1,0,0.675,0.44
444,5,-0.9097626209259033,-0.22600789368152618,-2.189906120300293,0.39732421193091505,0.42992305007012255,0,0,0,0.12,0.01,0.0,0.01,0.1,0.9,-1.2,0.0,0,0,1,0,0.675,0.44
444,6,0.0613991841673851,0.024014880880713463,0.30914920568466187,0.34191977179938354,0.34115786158150635,0,0,0,0.12,0.01,0.0,0.01,0.1,0.9,-1.2,0.0,0,0,1,0,0.675,0.44
444,7,-0.18674413859844208,0.4238479435443878,-0.05848313495516777,0.11443173929035956,0.09906353012740318,0,0,0,0.12,0.01,0.0,0.01,0.1,0.9,-1.2,0.0,0,0,1,0,0.675,0.44
445,0,-0.47505849599838257,0.08445902913808823,-1.6151459217071533,0.13079504909158463,0.18103618679403546,0,0,0,0.12,0.01,0.0,0.01,0.1,0.9,-1.2,0.0,0,0,1,0,0.675,0.44
445,1,-1.0337848663330078,0.1801634281873703,-2.755755662918091,0.5469303950508663,0.4252744093696048,0,0,0,0.12,0.01,0.0,0.01,0.1,0.9,-1.2,0.0,0,0,1,0,0.675,0.44
445,2,0.03520295396447182,-0.4217701256275177,0.028923731297254562,0.18174794829699187,0.18343206726697298,0,0,0,0.12,0.01,0.0,0.01,0.1,0.9,-1.2,0.0,0,0,1,0,0.675,0.44
445,3,-0.8497335910797119,0.42683038115501404,-0.03911101818084717,0.38565456056968594,0.3901528201065836,0,0,0,0.12,0.01,0.0,0.01,0.1,0.9,-1.2,0.0,0,0,1,0,0.675,0.44
445,4,-0.4857345223426819,-0.4212064743041992,0.021703941747546196,0.124823838517505,0.11663573975817552,0,0,0,0.12,0.01,0.0,0.01,0.1,0.9,-1.2,0.0,0,0,1,0,0.675,0.44
445,5,-0.9102432727813721,-0.22668321430683136,-2.188716173171997,0.39700744123095455,0.4288440588033778,0,0,0,0.12,0.01,0.0,0.01,0.1,0.9,-1.2,0.0,0,0,1,0,0.675,0.44
445,6,0.06205078586935997,0.02422298491001129,0.3091287910938263,0.3414568811777983,0.34079600273333455,0,0,0,0.12,0.01,0.0,0.01,0.1,0.9,-1.2,0.0,0,0,1,0,0.675,0.44
445,7,-0.1865280717611313,0.42383524775505066,-0.05899136886000633,0.11355073422882007,0.0975127699902351,0,0,0,0.12,0.01,0.0,0.01,0.1,0.9,-1.2,0.0,0,0,1,0,0.675,0.44
446,0,-0.47507205605506897,0.08414682000875473,-1.6133360862731934,0.13098308560420005,0.18030878785084756,0,0,0,0.12,0.01,0.0,0.01,0.1,0.9,-1.2,0.0,0,0,1,0,0.675,0.44
446,1,-1.0346866846084595,0.17979931831359863,-2.7600531578063965,0.5465578237690942,0.42520709837293463,0,0,0,0.12,0.01,0.0,0.01,0.1,0.9,-1.2,0.0,0,0,1,0,0.675,0.44
446,2,0.03556907922029495,-0.42175954580307007,0.02892366424202919,0.1810739950231318,0.1831928177782293,0,0,0,0.12,0.01,0.0,0.01,0.1,0.9,-1.2,0.0,0,0,1,0,0.675,0.44
446,3,-0.8489574790000916,0.4268009066581726,-0.03738244250416756,0.4017298686758034,0.3732715379938133,0,0,0,0.12,0.01,0.0,0.01,0.1,0.9,-1.2,0.0,0,0,1,0,0.675,0.44
446,4,-0.4854919910430908,-0.42120125889778137,0.021344956010580063,0.12424469153724847,0.11624090213931859,0,0,0,0.12,0.01,0.0,0.01,0.1,0.9,-1.2,0.0,0,0,1,0,0.675,0.44
446,5,-0.9107223749160767,-0.22735796868801117,-2.1875531673431396,0.3966796594017079,0.4277611775047252,0,0,0,0.12,0.01,0.0,0.01,0.1,0.9,-1.2,0.0,0,0,1,0,0.675,0.44
446,6,0.06270159780979156,0.02443082630634308,0.3091106414794922,0.34099166729498975,0.34043920896004565,0,0,0,0.12,0.01,0.0,0.01,0.1,0.9,-1.2,0.0,0,0,1,0,0.675,0.44
446,7,-0.18631446361541748,0.4238225519657135,-0.05956604704260826,0.11244537136447948,0.09620217778789479,0,0,0,0.12,0.01,0.0,0.01,0.1,0.9,-1.2,0.0,0,0,1,0,0.675,0.44
447,0,-0.47508504986763,0.08383513987064362,-1.6115565299987793,0.13115068127204657,0.17961085985611203,0,0,0,0.12,0.01,0.0,0.01,0.1,0.9,-1.2,0.0,0,0,1,0,0.675,0.44
447,1,-1.0355898141860962,0.17943918704986572,-2.7643399238586426,0.546173646501947,0.42513750547940676,0,0,0,0.12,0.01,0.0,0.01,0.1,0.9,-1.2,0.0,0,0,1,0,0.675,0.44
447,2,0.03593429550528526,-0.4217489957809448,0.028951046988368034,0.18043373047338732,0.18292131007684462,0,0,0,0.12,0.01,0.0,0.01,0.1,0.9,-1.2,0.0,0,0,1,0,0.675,0.44
447,3,-0.8481820821762085,0.42677223682403564,-0.03698594123125076,0.414064000580011,0.3600613370206969,0,0,0,0.12,0.01,0.0,0.01,0.1,0.9,-1.2,0.0,0,0,1,0,0.675,0.44
447,4,-0.48525041341781616,-0.4211961627006531,0.021066417917609215,0.12388842358268864,0.11562200830303067,0,0,0,0.12,0.01,0.0,0.01,0.1,0.9,-1.2,0.0,0,0,1,0,0.675,0.44
447,5,-0.9111998081207275,-0.22803214192390442,-2.1864163875579834,0.39634900492054165,0.42666602927821934,0,0,0,0.12,0.01,0.0,0.01,0.1,0.9,-1.2,0.0,0,0,1,0,0.675,0.44
447,6,0.06335163116455078,0.024638405069708824,0.30910006165504456,0.340545247506824,0.34006630330112886,0,0,0,0.12,0.01,0.0,0.01,0.1,0.9,-1.2,0.0,0,0,1,0,0.675,0.44
447,7,-0.18610328435897827,0.42380988597869873,-0.06014513596892357,0.11139401815321914,0.09485357977959641,0,0,0,0.12,0.01,0.0,0.01,0.1,0.9,-1.2,0.0,0,0,1,0,0.675,0.44
448,0,-0.4750974476337433,0.08352398127317429,-1.6098090410232544,0.13126007522416291,0.178983382331608,0,0,0,0.12,0.01,0.0,0.01,0.1,0.9,-1.2,0.0,0,0,1,0,0.675,0.44
448,1,-1.0364938974380493,0.17908309400081635,-2.768615961074829,0.5457722567480311,0.42507153521363883,0,0,0,0.12,0.01,0.0,0.01,0.1,0.9,-1.2,0.0,0,0,1,0,0.675,0.44
448,2,0.036298591643571854,-0.4217384159564972,0.029079776257276535,0.18013181418985377,0.1823129442253684,0,0,0,0.12,0.01,0.0,0.01,0.1,0.9,-1.2,0.0,0,0,1,0,0.675,0.44
448,3,-0.8474074006080627,0.4267435073852539,-0.03780633956193924,0.4218557616200667,0.3513257364306229,0,0,0,0.12,0.01,0.0,0.01,0.1,0.9,-1.2,0.0,0,0,1,0,0.675,0.44
448,4,-0.4850097894668579,-0.42119112610816956,0.020818380638957024,0.1236996244178967,0.11483344030511816,0,0,0,0.12,0.01,0.0,0.01,0.1,0.9,-1.2,0.0,0,0,1,0,0.675,0.44
448,5,-0.9116756916046143,-0.22870571911334991,-2.1853065490722656,0.39601048664502636,0.42556384368486855,0,0,0,0.12,0.01,0.0,0.01,0.1,0.9,-1.2,0.0,0,0,1,0,0.675,0.44
448,6,0.06400087475776672,0.024845726788043976,0.30909445881843567,0.3401041156462397,0.3396909111329351,0,0,0,0.12,0.01,0.0,0.01,0.1,0.9,-1.2,0.0,0,0,1,0,0.675,0.44
448,7,-0.18589454889297485,0.42379724979400635,-0.06069483608007431,0.11049147756710077,0.09337259022579172,0,0,0,0.12,0.01,0.0,0.01,0.1,0.9,-1.2,0.0,0,0,1,0,0.675,0.44
449,0,-0.4751093089580536,0.08321333676576614,-1.6080925464630127,0.1312915108361467,0.1784451582274214,0,0,0,0.12,0.01,0.0,0.01,0.1,0.9,-1.2,0.0,0,0,1,0,0.675,0.44
449,1,-1.037399172782898,0.17873109877109528,-2.772880792617798,0.5453524551109107,0.42501062539064577,0,0,0,0.12,0.01,0.0,0.01,0.1,0.9,-1.2,0.0,0,0,1,0,0.675,0.44
449,2,0.03666197881102562,-0.42172786593437195,0.02920898050069809,0.17978544105474406,0.18175064455087728,0,0,0,0.12,0.01,0.0,0.01,0.1,0.9,-1.2,0.0,0,0,1,0,0.675,0.44
449,3,-0.8466336727142334,0.42671382427215576,-0.03951583430171013,0.42509517965576704,0.34707345666625444,0,0,0,0.12,0.01,0.0,0.01,0.1,0.9,-1.2,0.0,0,0,1,0,0.675,0.44
449,4,-0.48477014899253845,-0.4211862087249756,0.020498143509030342,0.12328763721286447,0.11426686825455039,0,0,0,0.12,0.01,0.0,0.01,0.1,0.9,-1.2,0.0,0,0,1,0,0.675,0.44
449,5,-0.912149965763092,-0.22937868535518646,-2.1842236518859863,0.395669531592745,0.4244487168699321,0,0,0,0.12,0.01,0.0,0.01,0.1,0.9,-1.2,0.0,0,0,1,0,0.675,0.44
449,6,0.06464933604001999,0.025052791461348534,0.3090878129005432,0.33965064968563985,0.3393306544830613,0,0,0,0.12,0.01,0.0,0.01,0.1,0.9,-1.2,0.0,0,0,1,0,0.675,0.44
449,7,-0.18568819761276245,0.42378464341163635,-0.061266954988241196,0.10960295428015256,0.09189330409787633,0,0,0,0.12,0.01,0.0,0.01,0.1,0.9,-1.2,0.0,0,0,1,0,0.675,0.44
450,0,-0.4751206040382385,0.08290319889783859,-1.6064029932022095,0.13124666891110603,0.17799504318224724,0,0,0,0.12,0.01,0.0,0.01,0.1,0.9,-1.2,0.0,0,0,1,0,0.675,0.44
450,1,-1.038305640220642,0.17838318645954132,-2.7771341800689697,0.5449154868642413,0.4249535903414166,0,0,0,0.12,0.01,0.0,0.01,0.1,0.9,-1.2,0.0,0,0,1,0,0.675,0.44
450,2,0.03702445328235626,-0.4217172861099243,0.02924712747335434,0.1792030385039051,0.18142571539662286,0,0,0,0.12,0.01,0.0,0.01,0.1,0.9,-1.2,0.0,0,0,1,0,0.675,0.44
450,3,-0.8458609580993652,0.42668259143829346,-0.04183317720890045,0.42402543781490837,0.3470588708093592,0,0,0,0.12,0.01,0.0,0.01,0.1,0.9,-1.2,0.0,0,0,1,0,0.675,0.44
450,4,-0.4845314919948578,-0.4211813509464264,0.020138928666710854,0.12284947506325868,0.11372416146857116,0,0,0,0.12,0.01,0.0,0.01,0.1,0.9,-1.2,0.0,0,0,1,0,0.675,0.44
450,5,-0.9126227498054504,-0.2300509661436081,-2.1831674575805664,0.39532074272253653,0.42332616508385995,0,0,0,0.12,0.01,0.0,0.01,0.1,0.9,-1.2,0.0,0,0,1,0,0.675,0.44
450,6,0.06529701501131058,0.025259606540203094,0.3090812861919403,0.33918533097229425,0.3389849327949481,0,0,0,0.12,0.01,0.0,0.01,0.1,0.9,-1.2,0.0,0,0,1,0,0.675,0.44
450,7,-0.18548424541950226,0.42377209663391113,-0.06190082058310509,0.10872046827178924,0.0904246252884296,0,0,0,0.12,0.01,0.0,0.01,0.1,0.9,-1.2,0.0,0,0,1,0,0.675,0.44
451,0,-0.4751313626766205,0.08259354531764984,-1.6047347784042358,0.13110950131602003,0.17765075425916002,0,0,0,0.12,0.01,0.0,0.01,0.1,0.9,-1.2,0.0,0,0,1,0,0.675,0.44
451,1,-1.0392130613327026,0.17803937196731567,-2.781374931335449,0.5444674590366486,0.4248943230373261,0,0,0,0.12,0.01,0.0,0.01,0.1,0.9,-1.2,0.0,0,0,1,0,0.675,0.44
451,2,0.03738601878285408,-0.4217067062854767,0.029280701652169228,0.1786005065429744,0.18112264418715865,0,0,0,0.12,0.01,0.0,0.01,0.1,0.9,-1.2,0.0,0,0,1,0,0.675,0.44
451,3,-0.8450892567634583,0.4266493022441864,-0.044526245445013046,0.4188267919848818,0.35109653736845065,0,0,0,0.12,0.01,0.0,0.01,0.1,0.9,-1.2,0.0,0,0,1,0,0.675,0.44
451,4,-0.4842938184738159,-0.42117661237716675,0.01985342428088188,0.12260939582277354,0.1129818816573519,0,0,0,0.12,0.01,0.0,0.01,0.1,0.9,-1.2,0.0,0,0,1,0,0.675,0.44
451,5,-0.9130939245223999,-0.2307225614786148,-2.182137966156006,0.3949698956669042,0.4221905319034387,0,0,0,0.12,0.01,0.0,0.01,0.1,0.9,-1.2,0.0,0,0,1,0,0.675,0.44
451,6,0.06594391167163849,0.02546617016196251,0.30908092856407166,0.3387320523503645,0.33862985322443406,0,0,0,0.12,0.01,0.0,0.01,0.1,0.9,-1.2,0.0,0,0,1,0,0.675,0.44
451,7,-0.1852826625108719,0.4237595498561859,-0.06255315244197845,0.10776109106696528,0.08904843919121345,0,0,0,0.12,0.01,0.0,0.01,0.1,0.9,-1.2,0.0,0,0,1,0,0.675,0.44
452,0,-0.47514161467552185,0.08228437602519989,-1.6030820608139038,0.13090018557335814,0.17739089204047245,0,0,0,0.12,0.01,0.0,0.01,0.1,0.9,-1.2,0.0,0,0,1,0,0.675,0.44
452,1,-1.0401214361190796,0.17769956588745117,-2.785602569580078,0.5440069145734842,0.4248342805330222,0,0,0,0.12,0.01,0.0,0.01,0.1,0.9,-1.2,0.0,0,0,1,0,0.675,0.44
452,2,0.037746675312519073,-0.42169612646102905,0.029412077739834785,0.17828623958387727,0.18053252987107882,0,0,0,0.12,0.01,0.0,0.01,0.1,0.9,-1.2,0.0,0,0,1,0,0.675,0.44
452,3,-0.8443188071250916,0.42661386728286743,-0.04728468134999275,0.41056391396122266,0.3581179102460833,0,0,0,0.12,0.01,0.0,0.01,0.1,0.9,-1.2,0.0,0,0,1,0,0.675,0.44
452,4,-0.48405712842941284,-0.4211719334125519,0.019611211493611336,0.12258838115745449,0.112018883242074,0,0,0,0.12,0.01,0.0,0.01,0.1,0.9,-1.2,0.0,0,0,1,0,0.675,0.44
452,5,-0.91356360912323,-0.23139341175556183,-2.181135654449463,0.39460928545768603,0.42104970111076484,0,0,0,0.12,0.01,0.0,0.01,0.1,0.9,-1.2,0.0,0,0,1,0,0.675,0.44
452,6,0.06659003347158432,0.025672487914562225,0.3090874254703522,0.33828916463956626,0.33826706495180336,0,0,0,0.12,0.01,0.0,0.01,0.1,0.9,-1.2,0.0,0,0,1,0,0.675,0.44
452,7,-0.18508343398571014,0.42374706268310547,-0.06318148225545883,0.10706302019248973,0.087427636064186,0,0,0,0.12,0.01,0.0,0.01,0.1,0.9,-1.2,0.0,0,0,1,0,0.675,0.44
453,0,-0.47515133023262024,0.08197568356990814,-1.6014384031295776,0.13064299529246284,0.1771910041029076,0,0,0,0.12,0.01,0.0,0.01,0.1,0.9,-1.2,0.0,0,0,1,0,0.675,0.44
453,1,-1.041030764579773,0.17736373841762543,-2.78981614112854,0.5435426687822099,0.42476405147459556,0,0,0,0.12,0.01,0.0,0.01,0.1,0.9,-1.2,0.0,0,0,1,0,0.675,0.44
453,2,0.03810642659664154,-0.4216855466365814,0.029573943465948105,0.1780549102992988,0.17986102760124442,0,0,0,0.12,0.01,0.0,0.01,0.1,0.9,-1.2,0.0,0,0,1,0,0.675,0.44
453,3,-0.8435495495796204,0.4265764057636261,-0.04974379390478134,0.40080505026853525,0.3665521799179272,0,0,0,0.12,0.01,0.0,0.01,0.1,0.9,-1.2,0.0,0,0,1,0,0.675,0.44
453,4,-0.48382142186164856,-0.42116737365722656,0.019271505996584892,0.12225982024903241,0.11136161312823352,0,0,0,0.12,0.01,0.0,0.01,0.1,0.9,-1.2,0.0,0,0,1,0,0.675,0.44
453,5,-0.9140318036079407,-0.23206350207328796,-2.180161476135254,0.3942343669926819,0.4199082774126831,0,0,0,0.12,0.01,0.0,0.01,0.1,0.9,-1.2,0.0,0,0,1,0,0.675,0.44
453,6,0.06723538786172867,0.025878561660647392,0.3090953528881073,0.33784037116865834,0.33791286464829723,0,0,0,0.12,0.01,0.0,0.01,0.1,0.9,-1.2,0.0,0,0,1,0,0.675,0.44
453,7,-0.18488655984401703,0.423734575510025,-0.06381501257419586,0.10634293888247383,0.085844146865245,0,0,0,0.12,0.01,0.0,0.01,0.1,0.9,-1.2,0.0,0,0,1,0,0.675,0.44
454,0,-0.47516050934791565,0.08166743814945221,-1.5997977256774902,0.13036552938569268,0.177022865685337,0,0,0,0.12,0.01,0.0,0.01,0.1,0.9,-1.2,0.0,0,0,1,0,0.675,0.44
454,1,-1.0419410467147827,0.17703182995319366,-2.794015884399414,0.5430747178580952,0.4246834012481974,0,0,0,0.12,0.01,0.0,0.01,0.1,0.9,-1.2,0.0,0,0,1,0,0.675,0.44
454,2,0.03846527263522148,-0.4216749668121338,0.029619574546813965,0.1774730268075221,0.17954165906169478,0,0,0,0.12,0.01,0.0,0.01,0.1,0.9,-1.2,0.0,0,0,1,0,0.675,0.44
454,3,-0.8427816033363342,0.42653730511665344,-0.051664769649505615,0.3910018724210067,0.3749484497301773,0,0,0,0.12,0.01,0.0,0.01,0.1,0.9,-1.2,0.0,0,0,1,0,0.675,0.44
454,4,-0.4835866689682007,-0.4211629033088684,0.01881139911711216,0.1216238201960742,0.11100987481029635,0,0,0,0.12,0.01,0.0,0.01,0.1,0.9,-1.2,0.0,0,0,1,0,0.675,0.44
454,5,-0.914498507976532,-0.23273280262947083,-2.1792144775390625,0.39384712011775447,0.4187642213586859,0,0,0,0.12,0.01,0.0,0.01,0.1,0.9,-1.2,0.0,0,0,1,0,0.675,0.44
454,6,0.06787997484207153,0.026084396988153458,0.3091033101081848,0.3373812286536439,0.3375716359932677,0,0,0,0.12,0.01,0.0,0.01,0.1,0.9,-1.2,0.0,0,0,1,0,0.675,0.44
454,7,-0.18469201028347015,0.4237220585346222,-0.06451699137687683,0.10529823484208696,0.08460085211012253,0,0,0,0.12,0.01,0.0,0.01,0.1,0.9,-1.2,0.0,0,0,1,0,0.675,0.44
455,0,-0.47516921162605286,0.08135964721441269,-1.5981559753417969,0.13008908902864894,0.17686356628675023,0,0,0,0.12,0.01,0.0,0.01,0.1,0.9,-1.2,0.0,0,0,1,0,0.675,0.44
455,1,-1.0428521633148193,0.17670385539531708,-2.7982017993927,0.542601366165075,0.4245933102341559,0,0,0,0.12,0.01,0.0,0.01,0.1,0.9,-1.2,0.0,0,0,1,0,0.675,0.44
455,2,0.038823213428258896,-0.42166435718536377,0.02962310053408146,0.1767985167692712,0.17931637738241643,0,0,0,0.12,0.01,0.0,0.01,0.1,0.9,-1.2,0.0,0,0,1,0,0.675,0.44
455,3,-0.8420150279998779,0.42649707198143005,-0.052987851202487946,0.38208560494895727,0.3823789522219107,0,0,0,0.12,0.01,0.0,0.01,0.1,0.9,-1.2,0.0,0,0,1,0,0.675,0.44
455,4,-0.4833528995513916,-0.4211585521697998,0.018376795575022697,0.12103441227914642,0.11060933898447203,0,0,0,0.12,0.01,0.0,0.01,0.1,0.9,-1.2,0.0,0,0,1,0,0.675,0.44
455,5,-0.9149637818336487,-0.23340128362178802,-2.1782939434051514,0.39344981634901605,0.4176154402465956,0,0,0,0.12,0.01,0.0,0.01,0.1,0.9,-1.2,0.0,0,0,1,0,0.675,0.44
455,6,0.06852378696203232,0.02628999575972557,0.30911633372306824,0.33693040543438385,0.33722488946078827,0,0,0,0.12,0.01,0.0,0.01,0.1,0.9,-1.2,0.0,0,0,1,0,0.675,0.44
455,7,-0.18449977040290833,0.42370954155921936,-0.06526932865381241,0.10409509544923336,0.0835311471884009,0,0,0,0.12,0.01,0.0,0.01,0.1,0.9,-1.2,0.0,0,0,1,0,0.675,0.44
456,0,-0.4751773476600647,0.08105233311653137,-1.5965094566345215,0.12984142252499783,0.1766848211616782,0,0,0,0.12,0.01,0.0,0.01,0.1,0.9,-1.2,0.0,0,0,1,0,0.675,0.44
456,1,-1.0437641143798828,0.17637984454631805,-2.8023736476898193,0.5421237368137708,0.4244923572986254,0,0,0,0.12,0.01,0.0,0.01,0.1,0.9,-1.2,0.0,0,0,1,0,0.675,0.44
456,2,0.03918025270104408,-0.42165377736091614,0.029712550342082977,0.17632890343713306,0.17888745069456555,0,0,0,0.12,0.01,0.0,0.01,0.1,0.9,-1.2,0.0,0,0,1,0,0.675,0.44
456,3,-0.8412498831748962,0.42645615339279175,-0.053720250725746155,0.3746410107683304,0.38826345443018645,0,0,0,0.12,0.01,0.0,0.01,0.1,0.9,-1.2,0.0,0,0,1,0,0.675,0.44
456,4,-0.4831201434135437,-0.42115435004234314,0.018041295930743217,0.1206569868381667,0.10999628424089673,0,0,0,0.12,0.01,0.0,0.01,0.1,0.9,-1.2,0.0,0,0,1,0,0.675,0.44
456,5,-0.9154275059700012,-0.23406894505023956,-2.1773998737335205,0.39304650005498415,0.4164577108939599,0,0,0,0.12,0.01,0.0,0.01,0.1,0.9,-1.2,0.0,0,0,1,0,0.675,0.44
456,6,0.06916683167219162,0.02649535983800888,0.30913689732551575,0.336495943252623,0.33686416607660064,0,0,0,0.12,0.01,0.0,0.01,0.1,0.9,-1.2,0.0,0,0,1,0,0.675,0.44
456,7,-0.18430982530117035,0.42369702458381653,-0.06600034981966019,0.10293609198113655,0.08243287805537011,0,0,0,0.12,0.01,0.0,0.01,0.1,0.9,-1.2,0.0,0,0,1,0,0.675,0.44
457,0,-0.47518497705459595,0.08074747025966644,-1.5947879552841187,0.1299065425009251,0.1762220786004543,0,0,0,0.12,0.01,0.0,0.01,0.1,0.9,-1.2,0.0,0,0,1,0,0.675,0.44
457,1,-1.0446770191192627,0.17605984210968018,-2.806532144546509,0.5416342043912815,0.42438745259876975,0,0,0,0.12,0.01,0.0,0.01,0.1,0.9,-1.2,0.0,0,0,1,0,0.675,0.44
457,2,0.03953639417886734,-0.4216431677341461,0.029861414805054665,0.17607361863641613,0.17824568559141285,0,0,0,0.12,0.01,0.0,0.01,0.1,0.9,-1.2,0.0,0,0,1,0,0.675,0.44
457,3,-0.8404862284660339,0.42641499638557434,-0.05385284870862961,0.369295940864988,0.39197482062488015,0,0,0,0.12,0.01,0.0,0.01,0.1,0.9,-1.2,0.0,0,0,1,0,0.675,0.44
457,4,-0.4828883409500122,-0.42115023732185364,0.017697395756840706,0.12015059432567544,0.10951061704574637,0,0,0,0.12,0.01,0.0,0.01,0.1,0.9,-1.2,0.0,0,0,1,0,0.675,0.44
457,5,-0.9158897399902344,-0.23473575711250305,-2.176532745361328,0.39262682958238126,0.4152997656286478,0,0,0,0.12,0.01,0.0,0.01,0.1,0.9,-1.2,0.0,0,0,1,0,0.675,0.44
457,6,0.06980910897254944,0.026700492948293686,0.3091602325439453,0.3360597274973445,0.33650734203314253,0,0,0,0.12,0.01,0.0,0.01,0.1,0.9,-1.2,0.0,0,0,1,0,0.675,0.44
457,7,-0.18412216007709503,0.4236845374107361,-0.06670379638671875,0.10183226053686771,0.08130475397137964,0,0,0,0.12,0.01,0.0,0.01,0.1,0.9,-1.2,0.0,0,0,1,0,0.675,0.44
458,0,-0.4751920700073242,0.08044500648975372,-1.5929949283599854,0.13028548817143465,0.17547304769053437,0,0,0,0.12,0.01,0.0,0.01,0.1,0.9,-1.2,0.0,0,0,1,0,0.675,0.44
458,1,-1.0455906391143799,0.17574389278888702,-2.8106770515441895,0.5411358194705798,0.42427512832910297,0,0,0,0.12,0.01,0.0,0.01,0.1,0.9,-1.2,0.0,0,0,1,0,0.675,0.44
458,2,0.03989163413643837,-0.4216325879096985,0.029948588460683823,0.1755865721580659,0.17783741070059195,0,0,0,0.12,0.01,0.0,0.01,0.1,0.9,-1.2,0.0,0,0,1,0,0.675,0.44
458,3,-0.8397241234779358,0.42637401819229126,-0.05343851074576378,0.3663985144025563,0.39316850792105207,0,0,0,0.12,0.01,0.0,0.01,0.1,0.9,-1.2,0.0,0,0,1,0,0.675,0.44
458,4,-0.4826575517654419,-0.4211462140083313,0.01726575568318367,0.11928806922027761,0.10938008406570263,0,0,0,0.12,0.01,0.0,0.01,0.1,0.9,-1.2,0.0,0,0,1,0,0.675,0.44
458,5,-0.9163505434989929,-0.2354016900062561,-2.175692081451416,0.3921926055864654,0.4141399826093354,0,0,0,0.12,0.01,0.0,0.01,0.1,0.9,-1.2,0.0,0,0,1,0,0.675,0.44
458,6,0.07045061886310577,0.026905396953225136,0.30918219685554504,0.3356116678343778,0.33616444805993984,0,0,0,0.12,0.01,0.0,0.01,0.1,0.9,-1.2,0.0,0,0,1,0,0.675,0.44
458,7,-0.18393674492835999,0.423672080039978,-0.0674324780702591,0.10062716159970385,0.08030260350554363,0,0,0,0.12,0.01,0.0,0.01,0.1,0.9,-1.2,0.0,0,0,1,0,0.675,0.44
459,0,-0.4751985967159271,0.08014294505119324,-1.59121572971344,0.13067202658837196,0.17472226528937462,0,0,0,0.12,0.01,0.0,0.01,0.1,0.9,-1.2,0.0,0,0,1,0,0.675,0.44
459,1,-1.0465049743652344,0.1754319965839386,-2.8148086071014404,0.5406237711121599,0.42415965898732755,0,0,0,0.12,0.01,0.0,0.01,0.1,0.9,-1.2,0.0,0,0,1,0,0.675,0.44
459,2,0.04024597629904747,-0.42162197828292847,0.029976824298501015,0.17495735925190228,0.1775725539351247,0,0,0,0.12,0.01,0.0,0.01,0.1,0.9,-1.2,0.0,0,0,1,0,0.675,0.44
459,3,-0.8389635682106018,0.42633357644081116,-0.05266435816884041,0.3657246507305148,0.3920741402011869,0,0,0,0.12,0.01,0.0,0.01,0.1,0.9,-1.2,0.0,0,0,1,0,0.675,0.44
459,4,-0.48242777585983276,-0.4211423099040985,0.01685233786702156,0.11845626614292552,0.10921733894149374,0,0,0,0.12,0.01,0.0,0.01,0.1,0.9,-1.2,0.0,0,0,1,0,0.675,0.44
459,5,-0.9168098568916321,-0.23606671392917633,-2.174877405166626,0.39175619385147753,0.41296724774932203,0,0,0,0.12,0.01,0.0,0.01,0.1,0.9,-1.2,0.0,0,0,1,0,0.675,0.44
459,6,0.07109136134386063,0.02711007557809353,0.3092062175273895,0.3351587241871613,0.33582900107071223,0,0,0,0.12,0.01,0.0,0.01,0.1,0.9,-1.2,0.0,0,0,1,0,0.675,0.44
459,7,-0.1837535798549652,0.42365968227386475,-0.06819351762533188,0.0995351396407434,0.07920358852488313,0,0,0,0.12,0.01,0.0,0.01,0.1,0.9,-1.2,0.0,0,0,1,0,0.675,0.44
460,0,-0.47520458698272705,0.07984115183353424,-1.5894755125045776,0.13100595031963738,0.17402666057361216,0,0,0,0.12,0.01,0.0,0.01,0.1,0.9,-1.2,0.0,0,0,1,0,0.675,0.44
460,1,-1.0474201440811157,0.17512410879135132,-2.8189265727996826,0.5401076143766124,0.42403083386176044,0,0,0,0.12,0.01,0.0,0.01,0.1,0.9,-1.2,0.0,0,0,1,0,0.675,0.44
460,2,0.04059942066669464,-0.42161136865615845,0.030069196596741676,0.17451032950321949,0.17712694452365124,0,0,0,0.12,0.01,0.0,0.01,0.1,0.9,-1.2,0.0,0,0,1,0,0.675,0.44
460,3,-0.8382046818733215,0.42629390954971313,-0.05175648629665375,0.3667463989659791,0.3892204432085509,0,0,0,0.12,0.01,0.0,0.01,0.1,0.9,-1.2,0.0,0,0,1,0,0.675,0.44
460,4,-0.48219895362854004,-0.4211384952068329,0.01656743884086609,0.11803829894831827,0.10863925291725944,0,0,0,0.12,0.01,0.0,0.01,0.1,0.9,-1.2,0.0,0,0,1,0,0.675,0.44
460,5,-0.9172677397727966,-0.23673079907894135,-2.1740877628326416,0.39131883134631146,0.41178068170758253,0,0,0,0.12,0.01,0.0,0.01,0.1,0.9,-1.2,0.0,0,0,1,0,0.675,0.44
460,6,0.07173135131597519,0.027314530685544014,0.3092372417449951,0.3347181084601287,0.33548384876567083,0,0,0,0.12,0.01,0.0,0.01,0.1,0.9,-1.2,0.0,0,0,1,0,0.675,0.44
460,7,-0.18357263505458832,0.42364728450775146,-0.06892886757850647,0.09852128550969534,0.0780412323716981,0,0,0,0.12,0.01,0.0,0.01,0.1,0.9,-1.2,0.0,0,0,1,0,0.675,0.44
461,0,-0.475210040807724,0.07953960448503494,-1.58777916431427,0.1312550079548537,0.17341729286072857,0,0,0,0.12,0.01,0.0,0.01,0.1,0.9,-1.2,0.0,0,0,1,0,0.675,0.44
461,1,-1.0483359098434448,0.1748201549053192,-2.8230302333831787,0.5395867829901335,0.42388892120298166,0,0,0,0.12,0.01,0.0,0.01,0.1,0.9,-1.2,0.0,0,0,1,0,0.675,0.44
461,2,0.04095197096467018,-0.4216007590293884,0.030240455642342567,0.17429186059111293,0.17645396636849706,0,0,0,0.12,0.01,0.0,0.01,0.1,0.9,-1.2,0.0,0,0,1,0,0.675,0.44
461,3,-0.8374475240707397,0.42625507712364197,-0.05085192993283272,0.36899749228246154,0.38507332614176326,0,0,0,0.12,0.01,0.0,0.01,0.1,0.9,-1.2,0.0,0,0,1,0,0.675,0.44
461,4,-0.4819711446762085,-0.42113474011421204,0.016313515603542328,0.1178179016798377,0.10786240487400292,0,0,0,0.12,0.01,0.0,0.01,0.1,0.9,-1.2,0.0,0,0,1,0,0.675,0.44
461,5,-0.9177241921424866,-0.23739388585090637,-2.1733241081237793,0.3908766835821775,0.4105844169961307,0,0,0,0.12,0.01,0.0,0.01,0.1,0.9,-1.2,0.0,0,0,1,0,0.675,0.44
461,6,0.07237057387828827,0.02751876600086689,0.3092736303806305,0.3342833737473017,0.33513549765543876,0,0,0,0.12,0.01,0.0,0.01,0.1,0.9,-1.2,0.0,0,0,1,0,0.675,0.44
461,7,-0.18339388072490692,0.42363494634628296,-0.06962519884109497,0.09785406328245186,0.07654757760957694,0,0,0,0.12,0.01,0.0,0.01,0.1,0.9,-1.2,0.0,0,0,1,0,0.675,0.44
462,0,-0.47521498799324036,0.07923831790685654,-1.5861233472824097,0.1314457412301083,0.1728685144843082,0,0,0,0.12,0.01,0.0,0.01,0.1,0.9,-1.2,0.0,0,0,1,0,0.675,0.44
462,1,-1.0492522716522217,0.1745201051235199,-2.827120304107666,0.5390578471322226,0.4237369932036234,0,0,0,0.12,0.01,0.0,0.01,0.1,0.9,-1.2,0.0,0,0,1,0,0.675,0.44
462,2,0.04130362719297409,-0.421590119600296,0.030349016189575195,0.17392047930424834,0.17593556951815464,0,0,0,0.12,0.01,0.0,0.01,0.1,0.9,-1.2,0.0,0,0,1,0,0.675,0.44
462,3,-0.8366921544075012,0.42621704936027527,-0.05001886934041977,0.3721702989916702,0.379939884247313,0,0,0,0.12,0.01,0.0,0.01,0.1,0.9,-1.2,0.0,0,0,1,0,0.675,0.44
462,4,-0.48174431920051575,-0.42113110423088074,0.015934878960251808,0.11722230826169773,0.10745862211435514,0,0,0,0.12,0.01,0.0,0.01,0.1,0.9,-1.2,0.0,0,0,1,0,0.675,0.44
462,5,-0.9181792736053467,-0.2380559891462326,-2.1725869178771973,0.3904246943398612,0.4093832714156015,0,0,0,0.12,0.01,0.0,0.01,0.1,0.9,-1.2,0.0,0,0,1,0,0.675,0.44
462,6,0.07300904393196106,0.027722783386707306,0.309310644865036,0.33383841821301863,0.3347999899710329,0,0,0,0.12,0.01,0.0,0.01,0.1,0.9,-1.2,0.0,0,0,1,0,0.675,0.44
462,7,-0.18321731686592102,0.42362257838249207,-0.07033468782901764,0.09703671040607002,0.07521861193108054,0,0,0,0.12,0.01,0.0,0.01,0.1,0.9,-1.2,0.0,0,0,1,0,0.675,0.44
463,0,-0.47521939873695374,0.07893729209899902,-1.5845022201538086,0.1315780368005947,0.17237963412645305,0,0,0,0.12,0.01,0.0,0.01,0.1,0.9,-1.2,0.0,0,0,1,0,0.675,0.44
463,1,-1.0501692295074463,0.1742239147424698,-2.8311967849731445,0.5385226105151095,0.42357312694216587,0,0,0,0.12,0.01,0.0,0.01,0.1,0.9,-1.2,0.0,0,0,1,0,0.675,0.44
463,2,0.04165439307689667,-0.4215794801712036,0.030364280566573143,0.17326420145610993,0.1757032017173367,0,0,0,0.12,0.01,0.0,0.01,0.1,0.9,-1.2,0.0,0,0,1,0,0.675,0.44
463,3,-0.8359386324882507,0.4261796176433563,-0.049364879727363586,0.3755699741615191,0.374513591550456,0,0,0,0.12,0.01,0.0,0.01,0.1,0.9,-1.2,0.0,0,0,1,0,0.675,0.44
463,4,-0.4815184772014618,-0.4211275577545166,0.01547671016305685,0.11644246138549787,0.10723770700477618,0,0,0,0.12,0.01,0.0,0.01,0.1,0.9,-1.2,0.0,0,0,1,0,0.675,0.44
463,5,-0.918632984161377,-0.23871704936027527,-2.1718761920928955,0.3899617920631648,0.40817873375470637,0,0,0,0.12,0.01,0.0,0.01,0.1,0.9,-1.2,0.0,0,0,1,0,0.675,0.44
463,6,0.07364676147699356,0.02792658843100071,0.3093492388725281,0.33338783343222583,0.33447279374215155,0,0,0,0.12,0.01,0.0,0.01,0.1,0.9,-1.2,0.0,0,0,1,0,0.675,0.44
463,7,-0.18304292857646942,0.42361021041870117,-0.07110662758350372,0.09605256991287921,0.0740707687864616,0,0,0,0.12,0.01,0.0,0.01,0.1,0.9,-1.2,0.0,0,0,1,0,0.675,0.44
464,0,-0.4752233326435089,0.0786365419626236,-1.5829105377197266,0.1316667231621639,0.17193656834937174,0,0,0,0.12,0.01,0.0,0.01,0.1,0.9,-1.2,0.0,0,0,1,0,0.675,0.44
464,1,-1.0510867834091187,0.17393161356449127,-2.8352601528167725,0.5379767714521316,0.42340126647740334,0,0,0,0.12,0.01,0.0,0.01,0.1,0.9,-1.2,0.0,0,0,1,0,0.675,0.44
464,2,0.04200426861643791,-0.4215688705444336,0.030414236709475517,0.17266059665235195,0.17541959138361302,0,0,0,0.12,0.01,0.0,0.01,0.1,0.9,-1.2,0.0,0,0,1,0,0.675,0.44
464,3,-0.8351870179176331,0.4261426627635956,-0.04902692884206772,0.3785233783096202,0.36946722990571185,0,0,0,0.12,0.01,0.0,0.01,0.1,0.9,-1.2,0.0,0,0,1,0,0.675,0.44
464,4,-0.481293648481369,-0.421124130487442,0.015114671550691128,0.11592127991320712,0.10675738143322841,0,0,0,0.12,0.01,0.0,0.01,0.1,0.9,-1.2,0.0,0,0,1,0,0.675,0.44
464,5,-0.9190852642059326,-0.23937708139419556,-2.1711912155151367,0.38949456863968923,0.40696397370726517,0,0,0,0.12,0.01,0.0,0.01,0.1,0.9,-1.2,0.0,0,0,1,0,0.675,0.44
464,6,0.07428372651338577,0.02813018299639225,0.30939438939094543,0.332949021039498,0.3341361497063516,0,0,0,0.12,0.01,0.0,0.01,0.1,0.9,-1.2,0.0,0,0,1,0,0.675,0.44
464,7,-0.18287068605422974,0.4235978424549103,-0.07189931720495224,0.09501026468848943,0.07299596173191311,0,0,0,0.12,0.01,0.0,0.01,0.1,0.9,-1.2,0.0,0,0,1,0,0.675,0.44
465,0,-0.4752267599105835,0.07833608984947205,-1.5813437700271606,0.1317178342699554,0.1715326871514771,0,0,0,0.12,0.01,0.0,0.01,0.1,0.9,-1.2,0.0,0,0,1,0,0.675,0.44
465,1,-1.0520048141479492,0.17364323139190674,-2.8393099308013916,0.5374172983599471,0.42322438378803257,0,0,0,0.12,0.01,0.0,0.01,0.1,0.9,-1.2,0.0,0,0,1,0,0.675,0.44
465,2,0.042353253811597824,-0.4215582311153412,0.030551550909876823,0.17234867257492764,0.17484561162574072,0,0,0,0.12,0.01,0.0,0.01,0.1,0.9,-1.2,0.0,0,0,1,0,0.675,0.44
465,3,-0.8344374299049377,0.42610594630241394,-0.049041878432035446,0.3805630374001549,0.3652678561163856,0,0,0,0.12,0.01,0.0,0.01,0.1,0.9,-1.2,0.0,0,0,1,0,0.675,0.44
465,4,-0.48106980323791504,-0.4211207926273346,0.014852016232907772,0.11573353151654922,0.10594201346063889,0,0,0,0.12,0.01,0.0,0.01,0.1,0.9,-1.2,0.0,0,0,1,0,0.675,0.44
465,5,-0.9195361733436584,-0.2400360405445099,-2.1705322265625,0.38901963923392996,0.4057424953180719,0,0,0,0.12,0.01,0.0,0.01,0.1,0.9,-1.2,0.0,0,0,1,0,0.675,0.44
465,6,0.0749199315905571,0.028333570808172226,0.3094460070133209,0.33252007244086196,0.33379232408547466,0,0,0,0.12,0.01,0.0,0.01,0.1,0.9,-1.2,0.0,0,0,1,0,0.675,0.44
465,7,-0.18270057439804077,0.4235855042934418,-0.07266420125961304,0.09417784834971663,0.07172640537152057,0,0,0,0.12,0.01,0.0,0.01,0.1,0.9,-1.2,0.0,0,0,1,0,0.675,0.44
466,0,-0.47522974014282227,0.07803592830896378,-1.5797985792160034,0.13172840297934804,0.1711707490611335,0,0,0,0.12,0.01,0.0,0.01,0.1,0.9,-1.2,0.0,0,0,1,0,0.675,0.44
466,1,-1.052923321723938,0.17335882782936096,-2.84334659576416,0.5368392630235238,0.4230474070890861,0,0,0,0.12,0.01,0.0,0.01,0.1,0.9,-1.2,0.0,0,0,1,0,0.675,0.44
466,2,0.0427013523876667,-0.4215475916862488,0.03067856840789318,0.17199736158083828,0.1743125387029752,0,0,0,0.12,0.01,0.0,0.01,0.1,0.9,-1.2,0.0,0,0,1,0,0.675,0.44
466,3,-0.8336899280548096,0.4260692298412323,-0.049319203943014145,0.3817047819719787,0.3618990435971741,0,0,0,0.12,0.01,0.0,0.01,0.1,0.9,-1.2,0.0,0,0,1,0,0.675,0.44
466,4,-0.48084697127342224,-0.42111754417419434,0.01452595368027687,0.11540779936733629,0.10526382457789991,0,0,0,0.12,0.01,0.0,0.01,0.1,0.9,-1.2,0.0,0,0,1,0,0.675,0.44
466,5,-0.9199856519699097,-0.24069391191005707,-2.1698999404907227,0.38854010707765824,0.4045111953553556,0,0,0,0.12,0.01,0.0,0.01,0.1,0.9,-1.2,0.0,0,0,1,0,0.675,0.44
466,6,0.07555539160966873,0.028536753728985786,0.30949875712394714,0.33208267369674377,0.3334592135865815,0,0,0,0.12,0.01,0.0,0.01,0.1,0.9,-1.2,0.0,0,0,1,0,0.675,0.44
466,7,-0.18253260850906372,0.42357319593429565,-0.07342357933521271,0.09349429175114778,0.07032332256579252,0,0,0,0.12,0.01,0.0,0.01,0.1,0.9,-1.2,0.0,0,0,1,0,0.675,0.44
467,0,-0.47523224353790283,0.07773607224225998,-1.578271508216858,0.13170683476840472,0.17084306385601544,0,0,0,0.12,0.01,0.0,0.01,0.1,0.9,-1.2,0.0,0,0,1,0,0.675,0.44
467,1,-1.053842306137085,0.17307840287685394,-2.84736967086792,0.5362439530220561,0.4228686911735005,0,0,0,0.12,0.01,0.0,0.01,0.1,0.9,-1.2,0.0,0,0,1,0,0.675,0.44
467,2,0.04304856061935425,-0.42153695225715637,0.030729353427886963,0.17141142931731573,0.17401530894486078,0,0,0,0.12,0.01,0.0,0.01,0.1,0.9,-1.2,0.0,0,0,1,0,0.675,0.44
467,3,-0.8329445719718933,0.4260323643684387,-0.049782611429691315,0.38202780322612634,0.3592809454959501,0,0,0,0.12,0.01,0.0,0.01,0.1,0.9,-1.2,0.0,0,0,1,0,0.675,0.44
467,4,-0.4806251525878906,-0.42111441493034363,0.014102283865213394,0.11478065842878281,0.10488635903108659,0,0,0,0.12,0.01,0.0,0.01,0.1,0.9,-1.2,0.0,0,0,1,0,0.675,0.44
467,5,-0.920433759689331,-0.2413506656885147,-2.1692938804626465,0.3880558557549569,0.40327019023503335,0,0,0,0.12,0.01,0.0,0.01,0.1,0.9,-1.2,0.0,0,0,1,0,0.675,0.44
467,6,0.07619009912014008,0.02873973548412323,0.3095510005950928,0.3316294021793352,0.3331443004421248,0,0,0,0.12,0.01,0.0,0.01,0.1,0.9,-1.2,0.0,0,0,1,0,0.675,0.44
467,7,-0.1823667287826538,0.4235609173774719,-0.0742301344871521,0.092820207106435,0.0689260861999157,0,0,0,0.12,0.01,0.0,0.01,0.1,0.9,-1.2,0.0,0,0,1,0,0.675,0.44
468,0,-0.4752342998981476,0.07743652909994125,-1.576759696006775,0.13165641459994223,0.17054586973614788,0,0,0,0.12,0.01,0.0,0.01,0.1,0.9,-1.2,0.0,0,0,1,0,0.675,0.44
468,1,-1.0547617673873901,0.1728019416332245,-2.8513786792755127,0.5356329331212132,0.4226866712756069,0,0,0,0.12,0.01,0.0,0.01,0.1,0.9,-1.2,0.0,0,0,1,0,0.675,0.44
468,2,0.04339488595724106,-0.42152631282806396,0.030791789293289185,0.17085117659219898,0.17369385996213757,0,0,0,0.12,0.01,0.0,0.01,0.1,0.9,-1.2,0.0,0,0,1,0,0.675,0.44
468,3,-0.8322014808654785,0.4259951412677765,-0.0504361055791378,0.38123816259657356,0.35770678512300036,0,0,0,0.12,0.01,0.0,0.01,0.1,0.9,-1.2,0.0,0,0,1,0,0.675,0.44
468,4,-0.4804043173789978,-0.4211113452911377,0.01373985130339861,0.11443091712343002,0.10422978021753523,0,0,0,0.12,0.01,0.0,0.01,0.1,0.9,-1.2,0.0,0,0,1,0,0.675,0.44
468,5,-0.9208805561065674,-0.24200628697872162,-2.1687138080596924,0.3875635954179486,0.4020227102003376,0,0,0,0.12,0.01,0.0,0.01,0.1,0.9,-1.2,0.0,0,0,1,0,0.675,0.44
468,6,0.07682406157255173,0.028942516073584557,0.30960768461227417,0.33117861371085533,0.33282922882988564,0,0,0,0.12,0.01,0.0,0.01,0.1,0.9,-1.2,0.0,0,0,1,0,0.675,0.44
468,7,-0.18220295011997223,0.42354872822761536,-0.07507593929767609,0.09242216826918544,0.06726910589692174,0,0,0,0.12,0.01,0.0,0.01,0.1,0.9,-1.2,0.0,0,0,1,0,0.675,0.44
469,0,-0.47523587942123413,0.0771373063325882,-1.5752602815628052,0.13157415117279025,0.1702815917585757,0,0,0,0.12,0.01,0.0,0.01,0.1,0.9,-1.2,0.0,0,0,1,0,0.675,0.44
469,1,-1.0556814670562744,0.1725294142961502,-2.8553731441497803,0.5350055737440123,0.42250167894916396,0,0,0,0.12,0.01,0.0,0.01,0.1,0.9,-1.2,0.0,0,0,1,0,0.675,0.44
469,2,0.043740324676036835,-0.42151564359664917,0.030943889170885086,0.17059099799523286,0.1730733203279025,0,0,0,0.12,0.01,0.0,0.01,0.1,0.9,-1.2,0.0,0,0,1,0,0.675,0.44
469,3,-0.8314606547355652,0.42595744132995605,-0.05125392973423004,0.37927257948183973,0.3572390682194237,0,0,0,0.12,0.01,0.0,0.01,0.1,0.9,-1.2,0.0,0,0,1,0,0.675,0.44
469,4,-0.48018449544906616,-0.42110833525657654,0.013498355634510517,0.11453733538176539,0.10311666931126592,0,0,0,0.12,0.01,0.0,0.01,0.1,0.9,-1.2,0.0,0,0,1,0,0.675,0.44
469,5,-0.9213259816169739,-0.2426607310771942,-2.1681599617004395,0.38706838297867074,0.4007640559670996,0,0,0,0.12,0.01,0.0,0.01,0.1,0.9,-1.2,0.0,0,0,1,0,0.675,0.44
469,6,0.07745727896690369,0.029145099222660065,0.30967235565185547,0.33074081832674046,0.3325036675283621,0,0,0,0.12,0.01,0.0,0.01,0.1,0.9,-1.2,0.0,0,0,1,0,0.675,0.44
469,7,-0.1820412427186966,0.4235365390777588,-0.07591620087623596,0.09207952384730562,0.06557145352581754,0,0,0,0.12,0.01,0.0,0.01,0.1,0.9,-1.2,0.0,0,0,1,0,0.675,0.44
470,0,-0.47523701190948486,0.0768384039402008,-1.5737709999084473,0.13147705413206326,0.17003462098733674,0,0,0,0.12,0.01,0.0,0.01,0.1,0.9,-1.2,0.0,0,0,1,0,0.675,0.44
470,1,-1.056601643562317,0.17226074635982513,-2.8593521118164062,0.5343746360504829,0.4223006550109185,0,0,0,0.12,0.01,0.0,0.01,0.1,0.9,-1.2,0.0,0,0,1,0,0.675,0.44
470,2,0.044084880501031876,-0.4215049743652344,0.031107179820537567,0.17035352007279295,0.17243154033293825,0,0,0,0.12,0.01,0.0,0.01,0.1,0.9,-1.2,0.0,0,0,1,0,0.675,0.44
470,3,-0.8307222127914429,0.4259192645549774,-0.05210764333605766,0.37660343564880233,0.3574051745997634,0,0,0,0.12,0.01,0.0,0.01,0.1,0.9,-1.2,0.0,0,0,1,0,0.675,0.44
470,4,-0.4799656867980957,-0.42110544443130493,0.013194982893764973,0.1144371470510727,0.10220845136048734,0,0,0,0.12,0.01,0.0,0.01,0.1,0.9,-1.2,0.0,0,0,1,0,0.675,0.44
470,5,-0.9217701554298401,-0.2433139532804489,-2.167633056640625,0.38655635304484703,0.3995082121368851,0,0,0,0.12,0.01,0.0,0.01,0.1,0.9,-1.2,0.0,0,0,1,0,0.675,0.44
470,6,0.07808975130319595,0.029347488656640053,0.30974164605140686,0.330307593663694,0.332175681272982,0,0,0,0.12,0.01,0.0,0.01,0.1,0.9,-1.2,0.0,0,0,1,0,0.675,0.44
470,7,-0.1818816065788269,0.4235243499279022,-0.07677240669727325,0.0917066143620883,0.06391910148969547,0,0,0,0.12,0.01,0.0,0.01,0.1,0.9,-1.2,0.0,0,0,1,0,0.675,0.44
471,0,-0.4752376973628998,0.07653982192277908,-1.5722894668579102,0.13136519273140113,0.1698032490410598,0,0,0,0.12,0.01,0.0,0.01,0.1,0.9,-1.2,0.0,0,0,1,0,0.675,0.44
471,1,-1.0575220584869385,0.17199589312076569,-2.8633155822753906,0.533733561538985,0.4220899195439312,0,0,0,0.12,0.01,0.0,0.01,0.1,0.9,-1.2,0.0,0,0,1,0,0.675,0.44
471,2,0.04442855715751648,-0.4214943051338196,0.031162479892373085,0.16978517594445278,0.17212205705534886,0,0,0,0.12,0.01,0.0,0.01,0.1,0.9,-1.2,0.0,0,0,1,0,0.675,0.44
471,3,-0.8299862146377563,0.4258805811405182,-0.05287593603134155,0.3736239137270878,0.3578115640065243,0,0,0,0.12,0.01,0.0,0.01,0.1,0.9,-1.2,0.0,0,0,1,0,0.675,0.44
471,4,-0.47974786162376404,-0.4211026430130005,0.012699956074357033,0.11383111753470135,0.10180559775822925,0,0,0,0.12,0.01,0.0,0.01,0.1,0.9,-1.2,0.0,0,0,1,0,0.675,0.44
471,5,-0.9222129583358765,-0.24396595358848572,-2.167133092880249,0.38603359847353963,0.398249145457277,0,0,0,0.12,0.01,0.0,0.01,0.1,0.9,-1.2,0.0,0,0,1,0,0.675,0.44
471,6,0.07872147858142853,0.029549691826105118,0.3098120391368866,0.3298669048048885,0.33185736458521775,0,0,0,0.12,0.01,0.0,0.01,0.1,0.9,-1.2,0.0,0,0,1,0,0.675,0.44
471,7,-0.18172401189804077,0.42351216077804565,-0.07769855111837387,0.09116367671949858,0.06245163406865602,0,0,0,0.12,0.01,0.0,0.01,0.1,0.9,-1.2,0.0,0,0,1,0,0.675,0.44
472,0,-0.4752379357814789,0.07624157518148422,-1.5708141326904297,0.1312540948743083,0.16957233544643147,0,0,0,0.12,0.01,0.0,0.01,0.1,0.9,-1.2,0.0,0,0,1,0,0.675,0.44
472,1,-1.0584425926208496,0.17173482477664948,-2.8672637939453125,0.5330787032646712,0.421872761865181,0,0,0,0.12,0.01,0.0,0.01,0.1,0.9,-1.2,0.0,0,0,1,0,0.675,0.44
472,2,0.044771354645490646,-0.4214836061000824,0.031179269775748253,0.16913281127609453,0.17189757779441633,0,0,0,0.12,0.01,0.0,0.01,0.1,0.9,-1.2,0.0,0,0,1,0,0.675,0.44
472,3,-0.8292527794837952,0.42584148049354553,-0.05355037376284599,0.37047424848357785,0.3583184189053381,0,0,0,0.12,0.01,0.0,0.01,0.1,0.9,-1.2,0.0,0,0,1,0,0.675,0.44
472,4,-0.47953104972839355,-0.4210999608039856,0.012165280058979988,0.11308413768790126,0.10154287492253422,0,0,0,0.12,0.01,0.0,0.01,0.1,0.9,-1.2,0.0,0,0,1,0,0.675,0.44
472,5,-0.9226544499397278,-0.24461671710014343,-2.166659116744995,0.3855001674551011,0.3969871653657912,0,0,0,0.12,0.01,0.0,0.01,0.1,0.9,-1.2,0.0,0,0,1,0,0.675,0.44
472,6,0.0793524757027626,0.02975171059370041,0.3098861873149872,0.3294271137174296,0.33154065352118733,0,0,0,0.12,0.01,0.0,0.01,0.1,0.9,-1.2,0.0,0,0,1,0,0.675,0.44
472,7,-0.1815684586763382,0.4234999418258667,-0.07869905233383179,0.09030894377169202,0.061310609794286985,0,0,0,0.12,0.01,0.0,0.01,0.1,0.9,-1.2,0.0,0,0,1,0,0.675,0.44
473,0,-0.47523772716522217,0.07594365626573563,-1.5693438053131104,0.13113930065221815,0.16934505861215565,0,0,0,0.12,0.01,0.0,0.01,0.1,0.9,-1.2,0.0,0,0,1,0,0.675,0.44
473,1,-1.0593634843826294,0.1714775711297989,-2.871196746826172,0.5324155735752142,0.42164319278983703,0,0,0,0.12,0.01,0.0,0.01,0.1,0.9,-1.2,0.0,0,0,1,0,0.675,0.44
473,2,0.045113272964954376,-0.4214729368686676,0.03127722814679146,0.16867022748045438,0.171484956788497,0,0,0,0.12,0.01,0.0,0.01,0.1,0.9,-1.2,0.0,0,0,1,0,0.675,0.44
473,3,-0.8285218477249146,0.425802081823349,-0.05415760725736618,0.3672164676359919,0.3588647248574468,0,0,0,0.12,0.01,0.0,0.01,0.1,0.9,-1.2,0.0,0,0,1,0,0.675,0.44
473,4,-0.47931525111198425,-0.42109736800193787,0.011777647770941257,0.11280091835843946,0.10081543789518452,0,0,0,0.12,0.01,0.0,0.01,0.1,0.9,-1.2,0.0,0,0,1,0,0.675,0.44
473,5,-0.923094630241394,-0.24526619911193848,-2.166210412979126,0.38496013291981773,0.3957180201182071,0,0,0,0.12,0.01,0.0,0.01,0.1,0.9,-1.2,0.0,0,0,1,0,0.675,0.44
473,6,0.07998272776603699,0.029953546822071075,0.3099677562713623,0.3290002068413339,0.3312130251990714,0,0,0,0.12,0.01,0.0,0.01,0.1,0.9,-1.2,0.0,0,0,1,0,0.675,0.44
473,7,-0.18141493201255798,0.42348772287368774,-0.0797194093465805,0.08943374275068952,0.060204775940373406,0,0,0,0.12,0.01,0.0,0.01,0.1,0.9,-1.2,0.0,0,0,1,0,0.675,0.44
474,0,-0.47523707151412964,0.07564607262611389,-1.5678783655166626,0.13103663062154397,0.16910592580736533,0,0,0,0.12,0.01,0.0,0.01,0.1,0.9,-1.2,0.0,0,0,1,0,0.675,0.44
474,1,-1.0602843761444092,0.1712241768836975,-2.8751142024993896,0.5317355491550687,0.4214097164241548,0,0,0,0.12,0.01,0.0,0.01,0.1,0.9,-1.2,0.0,0,0,1,0,0.675,0.44
474,2,0.04545431211590767,-0.4214622676372528,0.03142954036593437,0.1683584527408535,0.17092295723801304,0,0,0,0.12,0.01,0.0,0.01,0.1,0.9,-1.2,0.0,0,0,1,0,0.675,0.44
474,3,-0.8277935981750488,0.42576247453689575,-0.05465397611260414,0.3641057346561033,0.3591967489025515,0,0,0,0.12,0.01,0.0,0.01,0.1,0.9,-1.2,0.0,0,0,1,0,0.675,0.44
474,4,-0.47910046577453613,-0.4210949242115021,0.011448688805103302,0.11260044346009034,0.10000434746588928,0,0,0,0.12,0.01,0.0,0.01,0.1,0.9,-1.2,0.0,0,0,1,0,0.675,0.44
474,5,-0.92353355884552,-0.24591439962387085,-2.1657874584198,0.3844134315972274,0.39444177298498695,0,0,0,0.12,0.01,0.0,0.01,0.1,0.9,-1.2,0.0,0,0,1,0,0.675,0.44
474,6,0.08061224222183228,0.030155204236507416,0.31005433201789856,0.3285810727264334,0.3308801275108407,0,0,0,0.12,0.01,0.0,0.01,0.1,0.9,-1.2,0.0,0,0,1,0,0.675,0.44
474,7,-0.18126340210437775,0.4234755039215088,-0.08072377741336823,0.08862003700080959,0.05905218406375798,0,0,0,0.12,0.01,0.0,0.01,0.1,0.9,-1.2,0.0,0,0,1,0,0.675,0.44
475,0,-0.4752359688282013,0.07534881681203842,-1.5664174556732178,0.1309359014782973,0.1688632129874162,0,0,0,0.12,0.01,0.0,0.01,0.1,0.9,-1.2,0.0,0,0,1,0,0.675,0.44
475,1,-1.061205506324768,0.17097465693950653,-2.879016160964966,0.531042337601965,0.4211681483332462,0,0,0,0.12,0.01,0.0,0.01,0.1,0.9,-1.2,0.0,0,0,1,0,0.675,0.44
475,2,0.04579447582364082,-0.4214515686035156,0.03152536228299141,0.167911045347232,0.17049778243444524,0,0,0,0.12,0.01,0.0,0.01,0.1,0.9,-1.2,0.0,0,0,1,0,0.675,0.44
475,3,-0.8270680904388428,0.4257226884365082,-0.05497416481375694,0.36141288557359463,0.3590438934295486,0,0,0,0.12,0.01,0.0,0.01,0.1,0.9,-1.2,0.0,0,0,1,0,0.675,0.44
475,4,-0.4788866937160492,-0.42109256982803345,0.010981205850839615,0.11204560041285243,0.09954704404019629,0,0,0,0.12,0.01,0.0,0.01,0.1,0.9,-1.2,0.0,0,0,1,0,0.675,0.44
475,5,-0.9239711761474609,-0.24656127393245697,-2.1653904914855957,0.3838578239883524,0.39316090188368735,0,0,0,0.12,0.01,0.0,0.01,0.1,0.9,-1.2,0.0,0,0,1,0,0.675,0.44
475,6,0.08124101907014847,0.03035668656229973,0.3101408779621124,0.3281447047904095,0.3305664305970111,0,0,0,0.12,0.01,0.0,0.01,0.1,0.9,-1.2,0.0,0,0,1,0,0.675,0.44
475,7,-0.18111386895179749,0.4234633147716522,-0.08174537122249603,0.0879371918435014,0.057784422517307914,0,0,0,0.12,0.01,0.0,0.01,0.1,0.9,-1.2,0.0,0,0,1,0,0.675,0.44
476,0,-0.4752344489097595,0.07505189627408981,-1.5649619102478027,0.13084297605745568,0.16861171296842326,0,0,0,0.12,0.01,0.0,0.01,0.1,0.9,-1.2,0.0,0,0,1,0,0.675,0.44
476,1,-1.0621267557144165,0.17072904109954834,-2.8829023838043213,0.5303337896205522,0.4209204589985274,0,0,0,0.12,0.01,0.0,0.01,0.1,0.9,-1.2,0.0,0,0,1,0,0.675,0.44
476,2,0.04613376408815384,-0.42144086956977844,0.03157380595803261,0.16731206479341978,0.17022516426770692,0,0,0,0.12,0.01,0.0,0.01,0.1,0.9,-1.2,0.0,0,0,1,0,0.675,0.44
476,3,-0.8263453245162964,0.4256828725337982,-0.055143482983112335,0.3592268558973363,0.35831913027820084,0,0,0,0.12,0.01,0.0,0.01,0.1,0.9,-1.2,0.0,0,0,1,0,0.675,0.44
476,4,-0.47867390513420105,-0.421090304851532,0.010440110228955746,0.11130706704009724,0.0992728646958952,0,0,0,0.12,0.01,0.0,0.01,0.1,0.9,-1.2,0.0,0,0,1,0,0.675,0.44
476,5,-0.9244075417518616,-0.24720682203769684,-2.1650190353393555,0.3832959318758677,0.391872665822344,0,0,0,0.12,0.01,0.0,0.01,0.1,0.9,-1.2,0.0,0,0,1,0,0.675,0.44
476,6,0.08186905831098557,0.030557993799448013,0.310228168964386,0.3276987811382545,0.3302643755618798,0,0,0,0.12,0.01,0.0,0.01,0.1,0.9,-1.2,0.0,0,0,1,0,0.675,0.44
476,7,-0.1809663027524948,0.42345118522644043,-0.08281077444553375,0.08742797215141754,0.05635892014346619,0,0,0,0.12,0.01,0.0,0.01,0.1,0.9,-1.2,0.0,0,0,1,0,0.675,0.44
477,0,-0.4752325117588043,0.07475530356168747,-1.5635119676589966,0.1307627686894581,0.16834460407131457,0,0,0,0.12,0.01,0.0,0.01,0.1,0.9,-1.2,0.0,0,0,1,0,0.675,0.44
477,1,-1.0630481243133545,0.17048729956150055,-2.886772632598877,0.5296125580888457,0.42066339949553544,0,0,0,0.12,0.01,0.0,0.01,0.1,0.9,-1.2,0.0,0,0,1,0,0.675,0.44
477,2,0.046472180634737015,-0.42143017053604126,0.031684231013059616,0.1668837727407842,0.16978319870429942,0,0,0,0.12,0.01,0.0,0.01,0.1,0.9,-1.2,0.0,0,0,1,0,0.675,0.44
477,3,-0.8256253600120544,0.42564308643341064,-0.0552508570253849,0.3573029727456126,0.3572672515395131,0,0,0,0.12,0.01,0.0,0.01,0.1,0.9,-1.2,0.0,0,0,1,0,0.675,0.44
477,4,-0.4784621596336365,-0.4210881292819977,0.010050101205706596,0.11104859087523442,0.09851827051583308,0,0,0,0.12,0.01,0.0,0.01,0.1,0.9,-1.2,0.0,0,0,1,0,0.675,0.44
477,5,-0.9248426556587219,-0.24785101413726807,-2.164672613143921,0.3827319447015928,0.390572934963782,0,0,0,0.12,0.01,0.0,0.01,0.1,0.9,-1.2,0.0,0,0,1,0,0.675,0.44
477,6,0.08249636739492416,0.03075912594795227,0.3103218972682953,0.3272640928561663,0.3299532309238935,0,0,0,0.12,0.01,0.0,0.01,0.1,0.9,-1.2,0.0,0,0,1,0,0.675,0.44
477,7,-0.18082068860530853,0.42343905568122864,-0.08389415591955185,0.0869225269609875,0.05494418680129583,0,0,0,0.12,0.01,0.0,0.01,0.1,0.9,-1.2,0.0,0,0,1,0,0.675,0.44
478,0,-0.4752301275730133,0.07445904612541199,-1.5620681047439575,0.13068831259704844,0.16806903188728078,0,0,0,0.12,0.01,0.0,0.01,0.1,0.9,-1.2,0.0,0,0,1,0,0.675,0.44
478,1,-1.063969373703003,0.170249342918396,-2.8906266689300537,0.5288753894160199,0.42040016381045114,0,0,0,0.12,0.01,0.0,0.01,0.1,0.9,-1.2,0.0,0,0,1,0,0.675,0.44
478,2,0.04680972173810005,-0.4214194715023041,0.03186473622918129,0.1666546779082705,0.1691436154438566,0,0,0,0.12,0.01,0.0,0.01,0.1,0.9,-1.2,0.0,0,0,1,0,0.675,0.44
478,3,-0.8249083757400513,0.42560338973999023,-0.05533084273338318,0.3555725692134784,0.3559582354206158,0,0,0,0.12,0.01,0.0,0.01,0.1,0.9,-1.2,0.0,0,0,1,0,0.675,0.44
478,4,-0.4782513976097107,-0.42108604311943054,0.009779591113328934,0.11117129857798906,0.09738168780544906,0,0,0,0.12,0.01,0.0,0.01,0.1,0.9,-1.2,0.0,0,0,1,0,0.675,0.44
478,5,-0.9252764582633972,-0.24849380552768707,-2.16435170173645,0.3821603340517996,0.38926789337282197,0,0,0,0.12,0.01,0.0,0.01,0.1,0.9,-1.2,0.0,0,0,1,0,0.675,0.44
478,6,0.08312294632196426,0.030960090458393097,0.3104231059551239,0.32683959042245153,0.32963392699545613,0,0,0,0.12,0.01,0.0,0.01,0.1,0.9,-1.2,0.0,0,0,1,0,0.675,0.44
478,7,-0.18067702651023865,0.42342695593833923,-0.08497438579797745,0.08660924064409779,0.05335289610135509,0,0,0,0.12,0.01,0.0,0.01,0.1,0.9,-1.2,0.0,0,0,1,0,0.675,0.44
479,0,-0.4752272963523865,0.07416312396526337,-1.560631275177002,0.13062683676671819,0.16777752901125118,0,0,0,0.12,0.01,0.0,0.01,0.1,0.9,-1.2,0.0,0,0,1,0,0.675,0.44
479,1,-1.0648906230926514,0.1700151413679123,-2.8944640159606934,0.528129237795975,0.42012320170292644,0,0,0,0.12,0.01,0.0,0.01,0.1,0.9,-1.2,0.0,0,0,1,0,0.675,0.44
479,2,0.04714639484882355,-0.4214087426662445,0.031980689615011215,0.16626308150998637,0.16866751722582293,0,0,0,0.12,0.01,0.0,0.01,0.1,0.9,-1.2,0.0,0,0,1,0,0.675,0.44
479,3,-0.8241943120956421,0.42556387186050415,-0.05534663051366806,0.3542819255092068,0.3541464573643283,0,0,0,0.12,0.01,0.0,0.01,0.1,0.9,-1.2,0.0,0,0,1,0,0.675,0.44
479,4,-0.4780416786670685,-0.42108407616615295,0.00935063324868679,0.11080911449756353,0.09672949023876459,0,0,0,0.12,0.01,0.0,0.01,0.1,0.9,-1.2,0.0,0,0,1,0,0.675,0.44
479,5,-0.925709068775177,-0.24913518130779266,-2.1640567779541016,0.3815761097638805,0.38796229279349254,0,0,0,0.12,0.01,0.0,0.01,0.1,0.9,-1.2,0.0,0,0,1,0,0.675,0.44
479,6,0.08374879509210587,0.031160889193415642,0.31052714586257935,0.3264136034045355,0.32931819381378724,0,0,0,0.12,0.01,0.0,0.01,0.1,0.9,-1.2,0.0,0,0,1,0,0.675,0.44
479,7,-0.18053528666496277,0.42341485619544983,-0.0860782042145729,0.08627791544425033,0.051794321928148056,0,0,0,0.12,0.01,0.0,0.01,0.1,0.9,-1.2,0.0,0,0,1,0,0.675,0.44
480,0,-0.4752240478992462,0.07386753708124161,-1.5592024326324463,0.13058052251443888,0.1674677055109975,0,0,0,0.12,0.01,0.0,0.01,0.1,0.9,-1.2,0.0,0,0,1,0,0.675,0.44
480,1,-1.0658118724822998,0.16978462040424347,-2.898284673690796,0.5273779556346793,0.4198284223484141,0,0,0,0.12,0.01,0.0,0.01,0.1,0.9,-1.2,0.0,0,0,1,0,0.675,0.44
480,2,0.0474821962416172,-0.42139801383018494,0.0320097878575325,0.16560442781881365,0.16845975780054057,0,0,0,0.12,0.01,0.0,0.01,0.1,0.9,-1.2,0.0,0,0,1,0,0.675,0.44
480,3,-0.8234832286834717,0.42552450299263,-0.05530328303575516,0.35336796307870605,0.3518946382968738,0,0,0,0.12,0.01,0.0,0.01,0.1,0.9,-1.2,0.0,0,0,1,0,0.675,0.44
480,4,-0.47783294320106506,-0.42108219861984253,0.008702607825398445,0.10984933575147798,0.09667426148897003,0,0,0,0.12,0.01,0.0,0.01,0.1,0.9,-1.2,0.0,0,0,1,0,0.675,0.44
480,5,-0.9261404871940613,-0.24977511167526245,-2.163787841796875,0.38097590780984975,0.3866600933002271,0,0,0,0.12,0.01,0.0,0.01,0.1,0.9,-1.2,0.0,0,0,1,0,0.675,0.44
480,6,0.08437391370534897,0.03136152774095535,0.3106323182582855,0.32597982412337223,0.3290123986625775,0,0,0,0.12,0.01,0.0,0.01,0.1,0.9,-1.2,0.0,0,0,1,0,0.675,0.44
480,7,-0.1803954690694809,0.42340269684791565,-0.08725347369909286,0.08550200333192098,0.05069429705546153,0,0,0,0.12,0.01,0.0,0.01,0.1,0.9,-1.2,0.0,0,0,1,0,0.675,0.44
481,0,-0.47522038221359253,0.07357227802276611,-1.5577822923660278,0.1305395693275695,0.16714891486432504,0,0,0,0.12,0.01,0.0,0.01,0.1,0.9,-1.2,0.0,0,0,1,0,0.675,0.44
481,1,-1.0667328834533691,0.16955779492855072,-2.9020886421203613,0.5266100467335995,0.41952708352686807,0,0,0,0.12,0.01,0.0,0.01,0.1,0.9,-1.2,0.0,0,0,1,0,0.675,0.44
481,2,0.047817129641771317,-0.42138728499412537,0.032076071947813034,0.1650430782127475,0.16815618440627103,0,0,0,0.12,0.01,0.0,0.01,0.1,0.9,-1.2,0.0,0,0,1,0,0.675,0.44
481,3,-0.8227753043174744,0.4254853427410126,-0.05529189482331276,0.3525661298715921,0.3494687607801108,0,0,0,0.12,0.01,0.0,0.01,0.1,0.9,-1.2,0.0,0,0,1,0,0.675,0.44
481,4,-0.4776252210140228,-0.42108047008514404,0.008122151717543602,0.10899212524739298,0.09651580884608238,0,0,0,0.12,0.01,0.0,0.01,0.1,0.9,-1.2,0.0,0,0,1,0,0.675,0.44
481,5,-0.9265706539154053,-0.25041359663009644,-2.163543939590454,0.3803693895844352,0.3853513354750741,0,0,0,0.12,0.01,0.0,0.01,0.1,0.9,-1.2,0.0,0,0,1,0,0.675,0.44
481,6,0.08499830216169357,0.03156201168894768,0.31074258685112,0.32555232867514466,0.32870240584099913,0,0,0,0.12,0.01,0.0,0.01,0.1,0.9,-1.2,0.0,0,0,1,0,0.675,0.44
481,7,-0.18025755882263184,0.4233905076980591,-0.08848711848258972,0.08445952286967179,0.04987511584511855,0,0,0,0.12,0.01,0.0,0.01,0.1,0.9,-1.2,0.0,0,0,1,0,0.675,0.44
482,0,-0.4752162992954254,0.07327736169099808,-1.5563722848892212,1.6559316049900124,-1.3852399419632024,0,0,0,0.12,0.01,0.0,0.01,0.1,0.9,-1.2,0.0,0,0,1,0,0.675,0.44
482,1,-1.067653775215149,0.16933469474315643,-2.905876398086548,0.3206071991517265,0.6054408412382882,0,0,0,0.12,0.01,0.0,0.01,0.1,0.9,-1.2,0.0,0,0,1,0,0.675,0.44
482,2,0.04815119504928589,-0.4213765561580658,0.03222513571381569,0.16471123147372926,0.1676242406332043,0,0,0,0.12,0.01,0.0,0.01,0.1,0.9,-1.2,0.0,0,0,1,0,0.675,0.44
482,3,-0.8220704793930054,0.4254463016986847,-0.05537044629454613,0.3515587272685756,0.3471866426426182,0,0,0,0.12,0.01,0.0,0.01,0.1,0.9,-1.2,0.0,0,0,1,0,0.675,0.44
482,4,-0.47741854190826416,-0.4210788607597351,0.007775753736495972,0.10877931204627714,0.09571275028396883,0,0,0,0.12,0.01,0.0,0.01,0.1,0.9,-1.2,0.0,0,0,1,0,0.675,0.44
482,5,-0.9269996285438538,-0.2510506212711334,-2.1633245944976807,0.37975373311702465,0.3840393181258037,0,0,0,0.12,0.01,0.0,0.01,0.1,0.9,-1.2,0.0,0,0,1,0,0.675,0.44
482,6,0.08562196791172028,0.03176233917474747,0.31086021661758423,0.32514086334038766,0.32837823064993826,0,0,0,0.12,0.01,0.0,0.01,0.1,0.9,-1.2,0.0,0,0,1,0,0.675,0.44
482,7,-0.1801215410232544,0.4233782887458801,-0.08971432596445084,0.0833342648667746,0.049152406342560725,0,0,0,0.12,0.01,0.0,0.01,0.1,0.9,-1.2,0.0,0,0,1,0,0.675,0.44
483,0,-0.47521182894706726,0.0729827880859375,-1.5549731254577637,1.6414742422535689,-1.3710185838177475,0,0,0,0.12,0.01,0.0,0.01,0.1,0.9,-1.2,0.0,0,0,1,0,0.675,0.44
483,1,-1.0685745477676392,0.1691153347492218,-2.9096477031707764,0.3237002387109533,0.6010979518827663,0,0,0,0.12,0.01,0.0,0.01,0.1,0.9,-1.2,0.0,0,0,1,0,0.675,0.44
483,2,0.048484399914741516,-0.42136579751968384,0.03236130252480507,0.16437389087035953,0.16709892321273986,0,0,0,0.12,0.01,0.0,0.01,0.1,0.9,-1.2,0.0,0,0,1,0,0.675,0.44
483,3,-0.8213688731193542,0.42540740966796875,-0.055498503148555756,0.3505164215803402,0.344878273224805,0,0,0,0.12,0.01,0.0,0.01,0.1,0.9,-1.2,0.0,0,0,1,0,0.675,0.44
483,4,-0.4772128462791443,-0.42107734084129333,0.007416336331516504,0.1085611267128721,0.09491489994137138,0,0,0,0.12,0.01,0.0,0.01,0.1,0.9,-1.2,0.0,0,0,1,0,0.675,0.44
483,5,-0.9274274110794067,-0.251686155796051,-2.16313099861145,0.3791297405368938,0.38272300070456133,0,0,0,0.12,0.01,0.0,0.01,0.1,0.9,-1.2,0.0,0,0,1,0,0.675,0.44
483,6,0.08624490350484848,0.03196251764893532,0.3109811246395111,0.3247237521868448,0.3280617278355856,0,0,0,0.12,0.01,0.0,0.01,0.1,0.9,-1.2,0.0,0,0,1,0,0.675,0.44
483,7,-0.17998738586902618,0.42336609959602356,-0.09091836214065552,0.08247267654832145,0.04818176278177956,0,0,0,0.12,0.01,0.0,0.01,0.1,0.9,-1.2,0.0,0,0,1,0,0.675,0.44
484,0,-0.4752195477485657,0.07253226637840271,-1.6461974382400513,1.3759882245830124,-1.0952836070827074,0,0,0,0.12,0.01,0.0,0.01,0.1,0.9,-1.2,0.0,0,0,1,0,0.675,0.44
484,1,-1.0694794654846191,0.16889995336532593,-2.9023962020874023,0.38100955904330713,0.5425784188428928,0,0,0,0.12,0.01,0.0,0.01,0.1,0.9,-1.2,0.0,0,0,1,0,0.675,0.44
484,2,0.0488167367875576,-0.4213550388813019,0.03243021294474602,0.1638255056366677,0.16678605113174966,0,0,0,0.12,0.01,0.0,0.01,0.1,0.9,-1.2,0.0,0,0,1,0,0.675,0.44
484,3,-0.8206705451011658,0.42536863684654236,-0.05562536418437958,0.3504911448765247,0.3418009493541271,0,0,0,0.12,0.01,0.0,0.01,0.1,0.9,-1.2,0.0,0,0,1,0,0.675,0.44
484,4,-0.477008193731308,-0.4210759401321411,0.006828548852354288,0.12093845517304708,0.08152530579897595,0,0,0,0.12,0.01,0.0,0.01,0.1,0.9,-1.2,0.0,0,0,1,0,0.675,0.44
484,5,-0.9278540015220642,-0.25232017040252686,-2.1629631519317627,0.3792017952028478,0.38084987248742935,0,0,0,0.12,0.01,0.0,0.01,0.1,0.9,-1.2,0.0,0,0,1,0,0.675,0.44
484,6,0.08686710894107819,0.03216254338622093,0.311101496219635,0.3239929027294328,0.328074400928099,0,0,0,0.12,0.01,0.0,0.01,0.1,0.9,-1.2,0.0,0,0,1,0,0.675,0.44
484,7,-0.179855078458786,0.42335397005081177,-0.09212948381900787,0.09747017395317242,0.030683939935568116,0,0,0,0.12,0.01,0.0,0.01,0.1,0.9,-1.2,0.0,0,0,1,0,0.675,0.44
485,0,-0.4752928614616394,0.07197637856006622,-1.7623448371887207,1.0341740633953032,-0.745233931731027,0,0,0,0.12,0.01,0.0,0.01,0.1,0.9,-1.2,0.0,0,0,1,0,0.675,0.44
485,1,-1.0703773498535156,0.16867652535438538,-2.8925955295562744,0.4506593946836438,0.4716562624551807,0,0,0,0.12,0.01,0.0,0.01,0.1,0.9,-1.2,0.0,0,0,1,0,0.675,0.44
485,2,0.049148209393024445,-0.4213442802429199,0.03251516819000244,0.1633088140525837,0.16644261788940234,0,0,0,0.12,0.01,0.0,0.01,0.1,0.9,-1.2,0.0,0,0,1,0,0.675,0.44
485,3,-0.8199755549430847,0.42532989382743835,-0.05579303577542305,0.35037915941807984,0.3388382292118335,0,0,0,0.12,0.01,0.0,0.01,0.1,0.9,-1.2,0.0,0,0,1,0,0.675,0.44
485,4,-0.4768045246601105,-0.42107462882995605,0.006240348797291517,0.14266413309755402,0.05885900697526858,0,0,0,0.12,0.01,0.0,0.01,0.1,0.9,-1.2,0.0,0,0,1,0,0.675,0.44
485,5,-0.9282793998718262,-0.2529526650905609,-2.162820816040039,0.3796454013204724,0.3787800728463977,0,0,0,0.12,0.01,0.0,0.01,0.1,0.9,-1.2,0.0,0,0,1,0,0.675,0.44
485,6,0.08748859167098999,0.03236242011189461,0.31122472882270813,0.3226991799041516,0.32856018279344973,0,0,0,0.12,0.01,0.0,0.01,0.1,0.9,-1.2,0.0,0,0,1,0,0.675,0.44
485,7,-0.17972461879253387,0.42334187030792236,-0.09336475282907486,0.13040675572677327,-0.005288067977864271,0,0,0,0.12,0.01,0.0,0.01,0.1,0.9,-1.2,0.0,0,0,1,0,0.675,0.44
486,0,-0.47541746497154236,0.07146482169628143,-1.8615319728851318,0.7298365545147928,-0.4376240980500254,0,0,0,0.12,0.01,0.0,0.01,0.1,0.9,-1.2,0.0,0,0,1,0,0.675,0.44
486,1,-1.0712720155715942,0.1684453934431076,-2.8860981464385986,0.5036226917014405,0.41734607927939454,0,0,0,0.12,0.01,0.0,0.01,0.1,0.9,-1.2,0.0,0,0,1,0,0.675,0.44
486,2,0.049478817731142044,-0.42133352160453796,0.0326823890209198,0.16302400978069367,0.16586863843936855,0,0,0,0.12,0.01,0.0,0.01,0.1,0.9,-1.2,0.0,0,0,1,0,0.675,0.44
486,3,-0.8192837238311768,0.42529115080833435,-0.056102946400642395,0.3485507327811771,0.3373427432281918,0,0,0,0.12,0.01,0.0,0.01,0.1,0.9,-1.2,0.0,0,0,1,0,0.675,0.44
486,4,-0.47660189867019653,-0.42107343673706055,0.005242905579507351,0.15974165384519484,0.04090874011766528,0,0,0,0.12,0.01,0.0,0.01,0.1,0.9,-1.2,0.0,0,0,1,0,0.675,0.44
486,5,-0.9287036657333374,-0.2535836696624756,-2.1627418994903564,0.37961822418219077,0.37722254129403604,0,0,0,0.12,0.01,0.0,0.01,0.1,0.9,-1.2,0.0,0,0,1,0,0.675,0.44
486,6,0.0881093367934227,0.03256215900182724,0.31137335300445557,0.3212143262607132,0.32913952267346036,0,0,0,0.12,0.01,0.0,0.01,0.1,0.9,-1.2,0.0,0,0,1,0,0.675,0.44
486,7,-0.17959652841091156,0.4233298599720001,-0.09549884498119354,0.16441502421058782,-0.042199924577847776,0,0,0,0.12,0.01,0.0,0.01,0.1,0.9,-1.2,0.0,0,0,1,0,0.675,0.44
487,0,-0.47556599974632263,0.07101761549711227,-1.9351933002471924,0.49212646331289006,-0.1999907478282709,0,0,0,0.12,0.01,0.0,0.01,0.1,0.9,-1.2,0.0,0,0,1,0,0.675,0.44
487,1,-1.0721644163131714,0.1682107150554657,-2.8843605518341064,0.5328171392404496,0.3867646912611068,0,0,0,0.12,0.01,0.0,0.01,0.1,0.9,-1.2,0.0,0,0,1,0,0.675,0.44
487,2,0.049808569252491,-0.4213227331638336,0.032846830785274506,0.16276203198333325,0.16527356104950364,0,0,0,0.12,0.01,0.0,0.01,0.1,0.9,-1.2,0.0,0,0,1,0,0.675,0.44
487,3,-0.8185949921607971,0.42525234818458557,-0.05652971938252449,0.34516549409729474,0.33716344534057147,0,0,0,0.12,0.01,0.0,0.01,0.1,0.9,-1.2,0.0,0,0,1,0,0.675,0.44
487,4,-0.4764001965522766,-0.4210725426673889,0.003235809039324522,0.1681639947697279,0.031652709026658794,0,0,0,0.12,0.01,0.0,0.01,0.1,0.9,-1.2,0.0,0,0,1,0,0.675,0.44
487,5,-0.929127037525177,-0.2542133331298828,-2.162754535675049,0.37893845250203856,0.3763032991687989,0,0,0,0.12,0.01,0.0,0.01,0.1,0.9,-1.2,0.0,0,0,1,0,0.675,0.44
487,6,0.08872921019792557,0.03276175633072853,0.31158164143562317,0.31985372243471233,0.329541683811473,0,0,0,0.12,0.01,0.0,0.01,0.1,0.9,-1.2,0.0,0,0,1,0,0.675,0.44
487,7,-0.17947137355804443,0.4233178496360779,-0.09976783394813538,0.19032666336370757,-0.0707456643469458,0,0,0,0.12,0.01,0.0,0.01,0.1,0.9,-1.2,0.0,0,0,1,0,0.675,0.44
488,0,-0.47572052478790283,0.07063256204128265,-1.984702229499817,0.3209063369870924,-0.030338879311158654,0,0,0,0.12,0.01,0.0,0.01,0.1,0.9,-1.2,0.0,0,0,1,0,0.675,0.44
488,1,-1.0730555057525635,0.1679767370223999,-2.8866374492645264,0.5421054607634048,0.3760719650979538,0,0,0,0.12,0.01,0.0,0.01,0.1,0.9,-1.2,0.0,0,0,1,0,0.675,0.44
488,2,0.050137460231781006,-0.4213119447231293,0.03290647640824318,0.1621738668272269,0.16500708500649808,0,0,0,0.12,0.01,0.0,0.01,0.1,0.9,-1.2,0.0,0,0,1,0,0.675,0.44
488,3,-0.8179095387458801,0.42521342635154724,-0.05692468211054802,0.34090041848701597,0.3376640107961261,0,0,0,0.12,0.01,0.0,0.01,0.1,0.9,-1.2,0.0,0,0,1,0,0.675,0.44
488,4,-0.4761993885040283,-0.42107224464416504,-0.002422027988359332,0.1597108177177717,0.039299837566156196,0,0,0,0.12,0.01,0.0,0.01,0.1,0.9,-1.2,0.0,0,0,1,0,0.675,0.44
488,5,-0.929549515247345,-0.2548416554927826,-2.1628332138061523,0.37775764183384486,0.375841882664141,0,0,0,0.12,0.01,0.0,0.01,0.1,0.9,-1.2,0.0,0,0,1,0,0.675,0.44
488,6,0.08934801816940308,0.032961226999759674,0.31186360120773315,0.31878974765625057,0.3296273079505915,0,0,0,0.12,0.01,0.0,0.01,0.1,0.9,-1.2,0.0,0,0,1,0,0.675,0.44
488,7,-0.17934921383857727,0.42330536246299744,-0.10651712864637375,0.20230456946327113,-0.08507572619153879,0,0,0,0.12,0.01,0.0,0.01,0.1,0.9,-1.2,0.0,0,0,1,0,0.675,0.44
489,0,-0.4758721888065338,0.07029806822538376,-2.0149149894714355,0.20418325701910253,0.08444994052690269,0,0,0,0.12,0.01,0.0,0.01,0.1,0.9,-1.2,0.0,0,0,1,0,0.675,0.44
489,1,-1.073946237564087,0.1677463948726654,-2.8913519382476807,0.5393416061916367,0.3774169907054885,0,0,0,0.12,0.01,0.0,0.01,0.1,0.9,-1.2,0.0,0,0,1,0,0.675,0.44
489,2,0.05046549066901207,-0.42130112648010254,0.03295157849788666,0.16156713335776574,0.16476144225334874,0,0,0,0.12,0.01,0.0,0.01,0.1,0.9,-1.2,0.0,0,0,1,0,0.675,0.44
489,3,-0.8172276020050049,0.4251744747161865,-0.05720344930887222,0.33638068456111314,0.3382626531654798,0,0,0,0.12,0.01,0.0,0.01,0.1,0.9,-1.2,0.0,0,0,1,0,0.675,0.44
489,4,-0.4759994447231293,-0.4210728704929352,-0.006258416920900345,0.15028867391828257,0.047901419122183715,0,0,0,0.12,0.01,0.0,0.01,0.1,0.9,-1.2,0.0,0,0,1,0,0.675,0.44
489,5,-0.9299712181091309,-0.25546860694885254,-2.162931442260742,0.3763371756516992,0.3755679080046119,0,0,0,0.12,0.01,0.0,0.01,0.1,0.9,-1.2,0.0,0,0,1,0,0.675,0.44
489,6,0.08996570110321045,0.033160608261823654,0.31221264600753784,0.3180523918378995,0.3293853594552828,0,0,0,0.12,0.01,0.0,0.01,0.1,0.9,-1.2,0.0,0,0,1,0,0.675,0.44
489,7,-0.17922985553741455,0.423291951417923,-0.11531750857830048,0.19869208342764053,-0.08358721441957626,0,0,0,0.12,0.01,0.0,0.01,0.1,0.9,-1.2,0.0,0,0,1,0,0.675,0.44
490,0,-0.4760165512561798,0.07000042498111725,-2.0310165882110596,0.12799334481288138,0.1588322226710206,0,0,0,0.12,0.01,0.0,0.01,0.1,0.9,-1.2,0.0,0,0,1,0,0.675,0.44
490,1,-1.0748368501663208,0.16752119362354279,-2.897047519683838,0.5316725765660772,0.3836489523455133,0,0,0,0.12,0.01,0.0,0.01,0.1,0.9,-1.2,0.0,0,0,1,0,0.675,0.44
490,2,0.05079266428947449,-0.4212903380393982,0.033077314496040344,0.16113636147736513,0.1643429373526672,0,0,0,0.12,0.01,0.0,0.01,0.1,0.9,-1.2,0.0,0,0,1,0,0.675,0.44
490,3,-0.8165493607521057,0.4251355826854706,-0.057363804429769516,0.33190495466843506,0.3387006452117834,0,0,0,0.12,0.01,0.0,0.01,0.1,0.9,-1.2,0.0,0,0,1,0,0.675,0.44
490,4,-0.4758002758026123,-0.4210745394229889,-0.010593879967927933,0.13404915689812388,0.06330474258078844,0,0,0,0.12,0.01,0.0,0.01,0.1,0.9,-1.2,0.0,0,0,1,0,0.675,0.44
490,5,-0.9303920269012451,-0.25609415769577026,-2.1630098819732666,0.3749083272184969,0.3752518900666594,0,0,0,0.12,0.01,0.0,0.01,0.1,0.9,-1.2,0.0,0,0,1,0,0.675,0.44
490,6,0.09058227390050888,0.03335992246866226,0.31261149048805237,0.31759763582356526,0.3288706459223454,0,0,0,0.12,0.01,0.0,0.01,0.1,0.9,-1.2,0.0,0,0,1,0,0.675,0.44
490,7,-0.17911304533481598,0.42327746748924255,-0.12523862719535828,0.18166279230917912,-0.06852486912812214,0,0,0,0.12,0.01,0.0,0.01,0.1,0.9,-1.2,0.0,0,0,1,0,0.675,0.44
491,0,-0.4761529266834259,0.06972794234752655,-2.037393569946289,0.08008600863059066,0.20519794432084063,0,0,0,0.12,0.01,0.0,0.01,0.1,0.9,-1.2,0.0,0,0,1,0,0.675,0.44
491,1,-1.0757273435592651,0.16730158030986786,-2.9027678966522217,0.5237467813715955,0.3901153874173144,0,0,0,0.12,0.01,0.0,0.01,0.1,0.9,-1.2,0.0,0,0,1,0,0.675,0.44
491,2,0.051118992269039154,-0.42127951979637146,0.033235207200050354,0.1608213689281645,0.16381148434141252,0,0,0,0.12,0.01,0.0,0.01,0.1,0.9,-1.2,0.0,0,0,1,0,0.675,0.44
491,3,-0.8158750534057617,0.4250968396663666,-0.05737150087952614,0.3278219246430227,0.33865563635398666,0,0,0,0.12,0.01,0.0,0.01,0.1,0.9,-1.2,0.0,0,0,1,0,0.675,0.44
491,4,-0.4756019711494446,-0.4210771322250366,-0.014401047490537167,0.11517253526228677,0.08132261029702413,0,0,0,0.12,0.01,0.0,0.01,0.1,0.9,-1.2,0.0,0,0,1,0,0.675,0.44
491,5,-0.9308119416236877,-0.2567182779312134,-2.163048505783081,0.373608179956241,0.3747638979856535,0,0,0,0.12,0.01,0.0,0.01,0.1,0.9,-1.2,0.0,0,0,1,0,0.675,0.44
491,6,0.09119777381420135,0.03355919569730759,0.3130362629890442,0.31733370736726235,0.3281785754810958,0,0,0,0.12,0.01,0.0,0.01,0.1,0.9,-1.2,0.0,0,0,1,0,0.675,0.44
491,7,-0.17899854481220245,0.4232620298862457,-0.13518139719963074,0.1557307222982825,-0.04446592723335635,0,0,0,0.12,0.01,0.0,0.01,0.1,0.9,-1.2,0.0,0,0,1,0,0.675,0.44
492,0,-0.47628268599510193,0.06947129219770432,-2.03737473487854,0.05098314849495167,0.23300532730460885,0,0,0,0.12,0.01,0.0,0.01,0.1,0.9,-1.2,0.0,0,0,1,0,0.675,0.44
492,1,-1.0766175985336304,0.16708731651306152,-2.908068895339966,0.5177005562452675,0.394678291353762,0,0,0,0.12,0.01,0.0,0.01,0.1,0.9,-1.2,0.0,0,0,1,0,0.675,0.44
492,2,0.05144446715712547,-0.4212687015533447,0.03333578258752823,0.16031674457285977,0.16347180890347385,0,0,0,0.12,0.01,0.0,0.01,0.1,0.9,-1.2,0.0,0,0,1,0,0.675,0.44
492,3,-0.8152047395706177,0.42505842447280884,-0.057169679552316666,0.32461514627928056,0.33766267144685463,0,0,0,0.12,0.01,0.0,0.01,0.1,0.9,-1.2,0.0,0,0,1,0,0.675,0.44
492,4,-0.4754045009613037,-0.4210803508758545,-0.017102448269724846,0.09677225106601545,0.09884594625587634,0,0,0,0.12,0.01,0.0,0.01,0.1,0.9,-1.2,0.0,0,0,1,0,0.675,0.44
492,5,-0.931230902671814,-0.2573409676551819,-2.1630449295043945,0.3724893229965163,0.37406093897781845,0,0,0,0.12,0.01,0.0,0.01,0.1,0.9,-1.2,0.0,0,0,1,0,0.675,0.44
492,6,0.09181226789951324,0.033758435398340225,0.3134618401527405,0.3171455400282444,0.327423022479385,0,0,0,0.12,0.01,0.0,0.01,0.1,0.9,-1.2,0.0,0,0,1,0,0.675,0.44
492,7,-0.17888616025447845,0.42324596643447876,-0.14418402314186096,0.12635839919534997,-0.0169140938946374,0,0,0,0.12,0.01,0.0,0.01,0.1,0.9,-1.2,0.0,0,0,1,0,0.675,0.44
493,0,-0.4764067530632019,0.06922472268342972,-2.0333025455474854,0.03397848830875472,0.2489126659804909,0,0,0,0.12,0.01,0.0,0.01,0.1,0.9,-1.2,0.0,0,0,1,0,0.675,0.44
493,1,-1.0775076150894165,0.16687797009944916,-2.912868022918701,0.5139144483222967,0.3969564017639154,0,0,0,0.12,0.01,0.0,0.01,0.1,0.9,-1.2,0.0,0,0,1,0,0.675,0.44
493,2,0.05176909267902374,-0.421257883310318,0.033411070704460144,0.1597160013472488,0.16323057691698764,0,0,0,0.12,0.01,0.0,0.01,0.1,0.9,-1.2,0.0,0,0,1,0,0.675,0.44
493,3,-0.8145385384559631,0.42502039670944214,-0.05677306652069092,0.3223546189453918,0.3356616454932373,0,0,0,0.12,0.01,0.0,0.01,0.1,0.9,-1.2,0.0,0,0,1,0,0.675,0.44
493,4,-0.4752078950405121,-0.421083927154541,-0.01848595216870308,0.08054577394957976,0.11418258563046023,0,0,0,0.12,0.01,0.0,0.01,0.1,0.9,-1.2,0.0,0,0,1,0,0.675,0.44
493,5,-0.931648850440979,-0.2579621970653534,-2.163007974624634,0.3715396662382389,0.37316118281800503,0,0,0,0.12,0.01,0.0,0.01,0.1,0.9,-1.2,0.0,0,0,1,0,0.675,0.44
493,6,0.09242580085992813,0.03395764157176018,0.3138716220855713,0.3169618619820159,0.3266744242766816,0,0,0,0.12,0.01,0.0,0.01,0.1,0.9,-1.2,0.0,0,0,1,0,0.675,0.44
493,7,-0.17877572774887085,0.42322954535484314,-0.1515752673149109,0.09751509829594093,0.01014170841144126,0,0,0,0.12,0.01,0.0,0.01,0.1,0.9,-1.2,0.0,0,0,1,0,0.675,0.44
494,0,-0.47652631998062134,0.06898430734872818,-2.0267553329467773,0.024519249377412226,0.25741909486277637,0,0,0,0.12,0.01,0.0,0.01,0.1,0.9,-1.2,0.0,0,0,1,0,0.675,0.44
494,1,-1.0783971548080444,0.16667307913303375,-2.9172682762145996,0.5118796648055254,0.3974582730263533,0,0,0,0.12,0.01,0.0,0.01,0.1,0.9,-1.2,0.0,0,0,1,0,0.675,0.44
494,2,0.05209287256002426,-0.42124703526496887,0.03355657681822777,0.1593505020999733,0.1627563957309898,0,0,0,0.12,0.01,0.0,0.01,0.1,0.9,-1.2,0.0,0,0,1,0,0.675,0.44
494,3,-0.8138765096664429,0.4249829351902008,-0.05629846081137657,0.32088388548789126,0.33281592978539365,0,0,0,0.12,0.01,0.0,0.01,0.1,0.9,-1.2,0.0,0,0,1,0,0.675,0.44
494,4,-0.4750121533870697,-0.4210876226425171,-0.018653614446520805,0.06707701359197535,0.12675547327592931,0,0,0,0.12,0.01,0.0,0.01,0.1,0.9,-1.2,0.0,0,0,1,0,0.675,0.44
494,5,-0.9320657849311829,-0.25858190655708313,-2.162951707839966,0.37072086712322044,0.37210887292423445,0,0,0,0.12,0.01,0.0,0.01,0.1,0.9,-1.2,0.0,0,0,1,0,0.675,0.44
494,6,0.0930384173989296,0.03415680304169655,0.3142615854740143,0.3167470347683214,0.32596710803105605,0,0,0,0.12,0.01,0.0,0.01,0.1,0.9,-1.2,0.0,0,0,1,0,0.675,0.44
494,7,-0.17866720259189606,0.42321282625198364,-0.15702572464942932,0.0709709589778565,0.03491927036651147,0,0,0,0.12,0.01,0.0,0.01,0.1,0.9,-1.2,0.0,0,0,1,0,0.675,0.44
495,0,-0.47664207220077515,0.06874734908342361,-2.0187571048736572,0.01965246189206012,0.2614337743464195,0,0,0,0.12,0.01,0.0,0.01,0.1,0.9,-1.2,0.0,0,0,1,0,0.675,0.44
495,1,-1.0792860984802246,0.16647231578826904,-2.9214234352111816,0.510853312454454,0.3969271560094438,0,0,0,0.12,0.01,0.0,0.01,0.1,0.9,-1.2,0.0,0,0,1,0,0.675,0.44
495,2,0.052415814250707626,-0.42123618721961975,0.033752135932445526,0.159115792938795,0.16215351062146194,0,0,0,0.12,0.01,0.0,0.01,0.1,0.9,-1.2,0.0,0,0,1,0,0.675,0.44
495,3,-0.8132186532020569,0.42494601011276245,-0.055846769362688065,0.31983733679430837,0.3294951865516389,0,0,0,0.12,0.01,0.0,0.01,0.1,0.9,-1.2,0.0,0,0,1,0,0.675,0.44
495,4,-0.47481730580329895,-0.421091228723526,-0.017766181379556656,0.05662663617418762,0.136309843871131,0,0,0,0.12,0.01,0.0,0.01,0.1,0.9,-1.2,0.0,0,0,1,0,0.675,0.44
495,5,-0.932481586933136,-0.25920015573501587,-2.1628901958465576,0.3699899959473245,0.370950932511843,0,0,0,0.12,0.01,0.0,0.01,0.1,0.9,-1.2,0.0,0,0,1,0,0.675,0.44
495,6,0.09365012496709824,0.034355901181697845,0.314632385969162,0.3164995570895282,0.3253017405751141,0,0,0,0.12,0.01,0.0,0.01,0.1,0.9,-1.2,0.0,0,0,1,0,0.675,0.44
495,7,-0.1785605251789093,0.42319589853286743,-0.16049394011497498,0.0476330022891701,0.056506400219565565,0,0,0,0.12,0.01,0.0,0.01,0.1,0.9,-1.2,0.0,0,0,1,0,0.675,0.44
496,0,-0.4767545461654663,0.06851213425397873,-2.009953498840332,0.017516673197391013,0.2627871626714445,0,0,0,0.12,0.01,0.0,0.01,0.1,0.9,-1.2,0.0,0,0,1,0,0.675,0.44
496,1,-1.0801743268966675,0.16627547144889832,-2.9254648685455322,0.5102041701128458,0.3959943910787131,0,0,0,0.12,0.01,0.0,0.01,0.1,0.9,-1.2,0.0,0,0,1,0,0.675,0.44
496,2,0.05273791402578354,-0.42122530937194824,0.0338674858212471,0.15867364479269905,0.16176000164780693,0,0,0,0.12,0.01,0.0,0.01,0.1,0.9,-1.2,0.0,0,0,1,0,0.675,0.44
496,3,-0.8125650882720947,0.42490965127944946,-0.05543041229248047,0.31921826803437153,0.3257001737380894,0,0,0,0.12,0.01,0.0,0.01,0.1,0.9,-1.2,0.0,0,0,1,0,0.675,0.44
496,4,-0.47462332248687744,-0.4210945665836334,-0.0159006267786026,0.0495309577780193,0.14251151220031322,0,0,0,0.12,0.01,0.0,0.01,0.1,0.9,-1.2,0.0,0,0,1,0,0.675,0.44
496,5,-0.9328963756561279,-0.25981685519218445,-2.1628358364105225,0.36930238665637627,0.3697345310300862,0,0,0,0.12,0.01,0.0,0.01,0.1,0.9,-1.2,0.0,0,0,1,0,0.675,0.44
496,6,0.09426093846559525,0.03455492854118347,0.31498289108276367,0.3162037164250468,0.3246930807551289,0,0,0,0.12,0.01,0.0,0.01,0.1,0.9,-1.2,0.0,0,0,1,0,0.675,0.44
496,7,-0.178455650806427,0.42317885160446167,-0.16211779415607452,0.02784395675927108,0.074560704717341,0,0,0,0.12,0.01,0.0,0.01,0.1,0.9,-1.2,0.0,0,0,1,0,0.675,0.44
497,0,-0.4768640697002411,0.06827763468027115,-2.000739097595215,0.01696668368427899,0.2626017798796401,0,0,0,0.12,0.01,0.0,0.01,0.1,0.9,-1.2,0.0,0,0,1,0,0.675,0.44
497,1,-1.081061840057373,0.1660824865102768,-2.929474353790283,0.5095447020039688,0.3950479908480514,0,0,0,0.12,0.01,0.0,0.01,0.1,0.9,-1.2,0.0,0,0,1,0,0.675,0.44
497,2,0.053059171885252,-0.42121443152427673,0.033922258764505386,0.15804159270010487,0.1615584231785725,0,0,0,0.12,0.01,0.0,0.01,0.1,0.9,-1.2,0.0,0,0,1,0,0.675,0.44
497,3,-0.8119158744812012,0.42487379908561707,-0.055044274777173996,0.31897432019080707,0.3214858133617442,0,0,0,0.12,0.01,0.0,0.01,0.1,0.9,-1.2,0.0,0,0,1,0,0.675,0.44
497,4,-0.47443026304244995,-0.4210974872112274,-0.013175527565181255,0.04592293445642884,0.14523094947759216,0,0,0,0.12,0.01,0.0,0.01,0.1,0.9,-1.2,0.0,0,0,1,0,0.675,0.44
497,5,-0.9333100318908691,-0.26043200492858887,-2.1627962589263916,0.3686410333433022,0.3684784029207358,0,0,0,0.12,0.01,0.0,0.01,0.1,0.9,-1.2,0.0,0,0,1,0,0.675,0.44
497,6,0.09487085789442062,0.03475388139486313,0.31531283259391785,0.3158489743706844,0.3241510113242009,0,0,0,0.12,0.01,0.0,0.01,0.1,0.9,-1.2,0.0,0,0,1,0,0.675,0.44
497,7,-0.17835253477096558,0.42316195368766785,-0.16211573779582977,0.01274419340939832,0.08794991161970782,0,0,0,0.12,0.01,0.0,0.01,0.1,0.9,-1.2,0.0,0,0,1,0,0.675,0.44
498,0,-0.476970911026001,0.06804324686527252,-1.991349220275879,0.01731190854641809,0.26155390566256626,0,0,0,0.12,0.01,0.0,0.01,0.1,0.9,-1.2,0.0,0,0,1,0,0.675,0.44
498,1,-1.0819485187530518,0.1658933311700821,-2.933488130569458,0.5087017034287847,0.3942613388304315,0,0,0,0.12,0.01,0.0,0.01,0.1,0.9,-1.2,0.0,0,0,1,0,0.675,0.44
498,2,0.053379591554403305,-0.4212035536766052,0.03402698412537575,0.15754791512988028,0.16122058615185803,0,0,0,0.12,0.01,0.0,0.01,0.1,0.9,-1.2,0.0,0,0,1,0,0.675,0.44
498,3,-0.811271071434021,0.4248383939266205,-0.05475930497050285,0.3187901100918214,0.31716921712909535,0,0,0,0.12,0.01,0.0,0.01,0.1,0.9,-1.2,0.0,0,0,1,0,0.675,0.44
498,4,-0.4742380678653717,-0.42109978199005127,-0.009915273636579514,0.04541121463514824,0.14485844929479103,0,0,0,0.12,0.01,0.0,0.01,0.1,0.9,-1.2,0.0,0,0,1,0,0.675,0.44
498,5,-0.9337226748466492,-0.2610456049442291,-2.1627755165100098,0.3679913298372025,0.3671981080290085,0,0,0,0.12,0.01,0.0,0.01,0.1,0.9,-1.2,0.0,0,0,1,0,0.675,0.44
498,6,0.09547989070415497,0.03495275601744652,0.3156282603740692,0.3154492795929582,0.32366074915078563,0,0,0,0.12,0.01,0.0,0.01,0.1,0.9,-1.2,0.0,0,0,1,0,0.675,0.44
498,7,-0.17825111746788025,0.42314547300338745,-0.16074341535568237,0.0034133293997503796,0.09560257705338224,0,0,0,0.12,0.01,0.0,0.01,0.1,0.9,-1.2,0.0,0,0,1,0,0.675,0.44
499,0,-0.47707515954971313,0.06780864298343658,-1.981921672821045,0.018152129892349666,0.26003460859870864,0,0,0,0.12,0.01,0.0,0.01,0.1,0.9,-1.2,0.0,0,0,1,0,0.675,0.44
499,1,-1.0828344821929932,0.16570806503295898,-2.937511920928955,0.5076527580341202,0.3936569109836715,0,0,0,0.12,0.01,0.0,0.01,0.1,0.9,-1.2,0.0,0,0,1,0,0.675,0.44
499,2,0.053699180483818054,-0.42119264602661133,0.03419696167111397,0.157281006289745,0.1606576195227855,0,0,0,0.12,0.01,0.0,0.01,0.1,0.9,-1.2,0.0,0,0,1,0,0.675,0.44
499,3,-0.8106306791305542,0.42480334639549255,-0.0546565018594265,0.31828993654825327,0.3131273379268444,0,0,0,0.12,0.01,0.0,0.01,0.1,0.9,-1.2,0.0,0,0,1,0,0.675,0.44
499,4,-0.4740467667579651,-0.42110130190849304,-0.006580097135156393,0.04708172287748217,0.14230740163519026,0,0,0,0.12,0.01,0.0,0.01,0.1,0.9,-1.2,0.0,0,0,1,0,0.675,0.44
499,5,-0.9341341853141785,-0.26165759563446045,-2.162776470184326,0.36734948234167186,0.36589803619775685,0,0,0,0.12,0.01,0.0,0.01,0.1,0.9,-1.2,0.0,0,0,1,0,0.675,0.44
499,6,0.09608802199363708,0.03515154868364334,0.3159375786781311,0.31502631100082773,0.3232004365119897,0,0,0,0.12,0.01,0.0,0.01,0.1,0.9,-1.2,0.0,0,0,1,0,0.675,0.44
499,7,-0.17815135419368744,0.42312949895858765,-0.15829873085021973,-0.0002739580029585318,0.09764638558569931,0,0,0,0.12,0.01,0.0,0.01,0.1,0.9,-1.2,0.0,0,0,1,0,0.675,0.44
500,0,-0.4771769940853119,0.06757364422082901,-1.9725345373153687,0.019252396865983182,0.2582725214518116,0,0,0,0.12,0.01,0.0,0.01,0.1,0.9,-1.2,0.0,0,0,1,0,0.675,0.44
500,1,-1.0837194919586182,0.16552667319774628,-2.9415361881256104,0.5064381979748324,0.3931947923854276,0,0,0,0.12,0.01,0.0,0.01,0.1,0.9,-1.2,0.0,0,0,1,0,0.675,0.44
500,2,0.054017938673496246,-0.42118173837661743,0.03434157744050026,0.15692640589310222,0.16018454982207722,0,0,0,0.12,0.01,0.0,0.01,0.1,0.9,-1.2,0.0,0,0,1,0,0.675,0.44
500,3,-0.8099947571754456,0.4247685968875885,-0.054721515625715256,0.3174412191014401,0.309394842376221,0,0,0,0.12,0.01,0.0,0.01,0.1,0.9,-1.2,0.0,0,0,1,0,0.675,0.44
500,4,-0.4738563597202301,-0.4211020767688751,-0.003533573355525732,0.049865487397762066,0.1386436192382853,0,0,0,0.12,0.01,0.0,0.01,0.1,0.9,-1.2,0.0,0,0,1,0,0.675,0.44
500,5,-0.9345446228981018,-0.2622680068016052,-2.162801504135132,0.36670573197536543,0.3645884231454842,0,0,0,0.12,0.01,0.0,0.01,0.1,0.9,-1.2,0.0,0,0,1,0,0.675,0.44
500,6,0.09669525921344757,0.0353502593934536,0.3162440359592438,0.3145927186002811,0.3227564697275082,0,0,0,0.12,0.01,0.0,0.01,0.1,0.9,-1.2,0.0,0,0,1,0,0.675,0.44
500,7,-0.17805320024490356,0.4231141209602356,-0.15516196191310883,0.0013294715895223702,0.09443433093885897,0,0,0,0.12,0.01,0.0,0.01,0.1,0.9,-1.2,0.0,0,0,1,0,0.675,0.44
501,0,-0.47727641463279724,0.06733815371990204,-1.9632307291030884,0.02049126486229776,0.2563879861409676,0,0,0,0.12,0.01,0.0,0.01,0.1,0.9,-1.2,0.0,0,0,1,0,0.675,0.44
501,1,-1.0846036672592163,0.16534921526908875,-2.945547342300415,0.5051227226873762,0.39281052201782396,0,0,0,0.12,0.01,0.0,0.01,0.1,0.9,-1.2,0.0,0,0,1,0,0.675,0.44
501,2,0.05433586239814758,-0.42117083072662354,0.03443086892366409,0.15640375380386012,0.15988149876724583,0,0,0,0.12,0.01,0.0,0.01,0.1,0.9,-1.2,0.0,0,0,1,0,0.675,0.44
501,3,-0.8093633651733398,0.4247339963912964,-0.05487480014562607,0.31632208134704326,0.3058944413465908,0,0,0,0.12,0.01,0.0,0.01,0.1,0.9,-1.2,0.0,0,0,1,0,0.675,0.44
501,4,-0.47366681694984436,-0.4211021959781647,0.0016542524099349976,0.06057356945365473,0.12706066020637943,0,0,0,0.12,0.01,0.0,0.01,0.1,0.9,-1.2,0.0,0,0,1,0,0.675,0.44
501,5,-0.934954047203064,-0.2628767788410187,-2.1628518104553223,0.3660550497018267,0.36327435751329173,0,0,0,0.12,0.01,0.0,0.01,0.1,0.9,-1.2,0.0,0,0,1,0,0.675,0.44
501,6,0.09730160981416702,0.03554887697100639,0.3165469169616699,0.3141434777303808,0.32233440990008183,0,0,0,0.12,0.01,0.0,0.01,0.1,0.9,-1.2,0.0,0,0,1,0,0.675,0.44
501,7,-0.17795664072036743,0.42309921979904175,-0.15174809098243713,0.006418534631345493,0.08776616204300143,0,0,0,0.12,0.01,0.0,0.01,0.1,0.9,-1.2,0.0,0,0,1,0,0.675,0.44
502,0,-0.47737351059913635,0.06710212677717209,-1.9540332555770874,0.021794547171945126,0.2544516428991608,0,0,0,0.12,0.01,0.0,0.01,0.1,0.9,-1.2,0.0,0,0,1,0,0.675,0.44
502,1,-1.0854867696762085,0.165175661444664,-2.9495341777801514,0.5037548348713602,0.3924558355998313,0,0,0,0.12,0.01,0.0,0.01,0.1,0.9,-1.2,0.0,0,0,1,0,0.675,0.44
502,2,0.05465296283364296,-0.42115989327430725,0.03454836457967758,0.15599427362536464,0.159467212952623,0,0,0,0.12,0.01,0.0,0.01,0.1,0.9,-1.2,0.0,0,0,1,0,0.675,0.44
502,3,-0.8087365627288818,0.4246995449066162,-0.05510629341006279,0.31496115760496357,0.3025994674713304,0,0,0,0.12,0.01,0.0,0.01,0.1,0.9,-1.2,0.0,0,0,1,0,0.675,0.44
502,4,-0.47347813844680786,-0.42110174894332886,0.0036094537936151028,0.06355612973495779,0.12319477399066629,0,0,0,0.12,0.01,0.0,0.01,0.1,0.9,-1.2,0.0,0,0,1,0,0.675,0.44
502,5,-0.9353623986244202,-0.2634839117527008,-2.1629271507263184,0.36539929457856124,0.36195451668547685,0,0,0,0.12,0.01,0.0,0.01,0.1,0.9,-1.2,0.0,0,0,1,0,0.675,0.44
502,6,0.09790707379579544,0.035747405141592026,0.31684789061546326,0.3136867165061694,0.3219258308914441,0,0,0,0.12,0.01,0.0,0.01,0.1,0.9,-1.2,0.0,0,0,1,0,0.675,0.44
502,7,-0.17786164581775665,0.4230847954750061,-0.1484462022781372,0.01404347536225901,0.07858856501917257,0,0,0,0.12,0.01,0.0,0.01,0.1,0.9,-1.2,0.0,0,0,1,0,0.675,0.44
503,0,-0.4774683117866516,0.06686555594205856,-1.9449540376663208,0.023128454105188427,0.2524963277418117,0,0,0,0.12,0.01,0.0,0.01,0.1,0.9,-1.2,0.0,0,0,1,0,0.675,0.44
503,1,-1.0863690376281738,0.16500596702098846,-2.9534895420074463,0.5023719125746162,0.3920931762696831,0,0,0,0.12,0.01,0.0,0.01,0.1,0.9,-1.2,0.0,0,0,1,0,0.675,0.44
503,2,0.05496923252940178,-0.4211489260196686,0.03473407030105591,0.15582060752270993,0.1588191694224042,0,0,0,0.12,0.01,0.0,0.01,0.1,0.9,-1.2,0.0,0,0,1,0,0.675,0.44
503,3,-0.8081144094467163,0.4246651232242584,-0.0554623007774353,0.31305931432661793,0.29980863706650956,0,0,0,0.12,0.01,0.0,0.01,0.1,0.9,-1.2,0.0,0,0,1,0,0.675,0.44
503,4,-0.473290354013443,-0.42110082507133484,0.006162268575280905,0.06965007221094176,0.11621713305124239,0,0,0,0.12,0.01,0.0,0.01,0.1,0.9,-1.2,0.0,0,0,1,0,0.675,0.44
503,5,-0.9357696771621704,-0.2640893757343292,-2.163027286529541,0.3647367586470839,0.36063037020194566,0,0,0,0.12,0.01,0.0,0.01,0.1,0.9,-1.2,0.0,0,0,1,0,0.675,0.44
503,6,0.09851165860891342,0.0359458364546299,0.31715163588523865,0.313235608658024,0.3215175589712179,0,0,0,0.12,0.01,0.0,0.01,0.1,0.9,-1.2,0.0,0,0,1,0,0.675,0.44
503,7,-0.17776818573474884,0.4230708181858063,-0.14550922811031342,0.023393723873508847,0.06771095493613395,0,0,0,0.12,0.01,0.0,0.01,0.1,0.9,-1.2,0.0,0,0,1,0,0.675,0.44
504,0,-0.477560818195343,0.06662844866514206,-1.9359986782073975,0.02446080535606662,0.25055359512611114,0,0,0,0.12,0.01,0.0,0.01,0.1,0.9,-1.2,0.0,0,0,1,0,0.675,0.44
504,1,-1.0872502326965332,0.16484005749225616,-2.957409620285034,0.5009881536617137,0.3917087633953237,0,0,0,0.12,0.01,0.0,0.01,0.1,0.9,-1.2,0.0,0,0,1,0,0.675,0.44
504,2,0.05528467521071434,-0.4211379587650299,0.03489968553185463,0.15557605041222058,0.15824377523704092,0,0,0,0.12,0.01,0.0,0.01,0.1,0.9,-1.2,0.0,0,0,1,0,0.675,0.44
504,3,-0.8074968457221985,0.42463070154190063,-0.055926259607076645,0.3106254274807704,0.2975149219073522,0,0,0,0.12,0.01,0.0,0.01,0.1,0.9,-1.2,0.0,0,0,1,0,0.675,0.44
504,4,-0.47310346364974976,-0.42109954357147217,0.00846241693943739,0.07613476136269058,0.10884682318625964,0,0,0,0.12,0.01,0.0,0.01,0.1,0.9,-1.2,0.0,0,0,1,0,0.675,0.44
504,5,-0.9361759424209595,-0.26469317078590393,-2.1631529331207275,0.3640649574333571,0.35930487937389394,0,0,0,0.12,0.01,0.0,0.01,0.1,0.9,-1.2,0.0,0,0,1,0,0.675,0.44
504,6,0.09911536425352097,0.03614417836070061,0.3174588680267334,0.3127939509978142,0.3211053204903755,0,0,0,0.12,0.01,0.0,0.01,0.1,0.9,-1.2,0.0,0,0,1,0,0.675,0.44
504,7,-0.1776762306690216,0.4230573773384094,-0.14310844242572784,0.03470373685051925,0.054900432279806066,0,0,0,0.12,0.01,0.0,0.01,0.1,0.9,-1.2,0.0,0,0,1,0,0.675,0.44
505,0,-0.47765111923217773,0.06639081984758377,-1.9271695613861084,0.02579917748668967,0.2486134246995133,0,0,0,0.12,0.01,0.0,0.01,0.1,0.9,-1.2,0.0,0,0,1,0,0.675,0.44
505,1,-1.0881303548812866,0.16467788815498352,-2.961293935775757,0.4996069024292386,0.39129937188945635,0,0,0,0.12,0.01,0.0,0.01,0.1,0.9,-1.2,0.0,0,0,1,0,0.675,0.44
505,2,0.05559929087758064,-0.42112699151039124,0.03497224673628807,0.15504557233623828,0.1579562391681257,0,0,0,0.12,0.01,0.0,0.01,0.1,0.9,-1.2,0.0,0,0,1,0,0.675,0.44
505,3,-0.8068840503692627,0.42459625005722046,-0.05640210956335068,0.30793858440731897,0.2954403075375663,0,0,0,0.12,0.01,0.0,0.01,0.1,0.9,-1.2,0.0,0,0,1,0,0.675,0.44
505,4,-0.47291746735572815,-0.42109790444374084,0.010162710212171078,0.08203112192658632,0.102062234205921,0,0,0,0.12,0.01,0.0,0.01,0.1,0.9,-1.2,0.0,0,0,1,0,0.675,0.44
505,5,-0.9365811944007874,-0.26529523730278015,-2.163304090499878,0.3633787536668582,0.3579835390997129,0,0,0,0.12,0.01,0.0,0.01,0.1,0.9,-1.2,0.0,0,0,1,0,0.675,0.44
505,6,0.09971818327903748,0.03634243085980415,0.31776541471481323,0.3123492973463408,0.3207016808374055,0,0,0,0.12,0.01,0.0,0.01,0.1,0.9,-1.2,0.0,0,0,1,0,0.675,0.44
505,7,-0.17758573591709137,0.423044353723526,-0.1413872390985489,0.04692698444569071,0.0411997494534258,0,0,0,0.12,0.01,0.0,0.01,0.1,0.9,-1.2,0.0,0,0,1,0,0.675,0.44
506,0,-0.47773921489715576,0.06615269184112549,-1.9184666872024536,0.027129672749170497,0.24669048907028748,0,0,0,0.12,0.01,0.0,0.01,0.1,0.9,-1.2,0.0,0,0,1,0,0.675,0.44
506,1,-1.089009404182434,0.16451938450336456,-2.9651429653167725,0.49822869352602406,0.3908644671032485,0,0,0,0.12,0.01,0.0,0.01,0.1,0.9,-1.2,0.0,0,0,1,0,0.675,0.44
506,2,0.055913083255290985,-0.4211159944534302,0.035026486963033676,0.1544949354765487,0.15769097784780742,0,0,0,0.12,0.01,0.0,0.01,0.1,0.9,-1.2,0.0,0,0,1,0,0.675,0.44
506,3,-0.8062759041786194,0.4245617985725403,-0.056840360164642334,0.3051937927452566,0.29339068038783056,0,0,0,0.12,0.01,0.0,0.01,0.1,0.9,-1.2,0.0,0,0,1,0,0.675,0.44
506,4,-0.4727323353290558,-0.42109596729278564,0.011270738206803799,0.08722755408925759,0.09597471260385765,0,0,0,0.12,0.01,0.0,0.01,0.1,0.9,-1.2,0.0,0,0,1,0,0.675,0.44
506,5,-0.936985433101654,-0.2658956050872803,-2.1634790897369385,0.3626813100286904,0.35666342511687843,0,0,0,0.12,0.01,0.0,0.01,0.1,0.9,-1.2,0.0,0,0,1,0,0.675,0.44
506,6,0.10032013803720474,0.03654060512781143,0.318069189786911,0.31189186859717105,0.3203162403048065,0,0,0,0.12,0.01,0.0,0.01,0.1,0.9,-1.2,0.0,0,0,1,0,0.675,0.44
506,7,-0.17749673128128052,0.423031747341156,-0.1405014842748642,0.059701819585913106,0.02697155190790327,0,0,0,0.12,0.01,0.0,0.01,0.1,0.9,-1.2,0.0,0,0,1,0,0.675,0.44
507,0,-0.4778251349925995,0.065914086997509,-1.9098899364471436,0.028468416614802167,0.24476720245334357,0,0,0,0.12,0.01,0.0,0.01,0.1,0.9,-1.2,0.0,0,0,1,0,0.675,0.44
507,1,-1.089887261390686,0.1643645167350769,-2.9689576625823975,0.49684464292339814,0.3904132310885953,0,0,0,0.12,0.01,0.0,0.01,0.1,0.9,-1.2,0.0,0,0,1,0,0.675,0.44
507,2,0.056226056069135666,-0.4211050271987915,0.0351526215672493,0.15409721425827316,0.1572747082347078,0,0,0,0.12,0.01,0.0,0.01,0.1,0.9,-1.2,0.0,0,0,1,0,0.675,0.44
507,3,-0.8056725859642029,0.4245273172855377,-0.0572800412774086,0.3022194816417751,0.2915397570781651,0,0,0,0.12,0.01,0.0,0.01,0.1,0.9,-1.2,0.0,0,0,1,0,0.675,0.44
507,4,-0.47254809737205505,-0.42109382152557373,0.012030036188662052,0.09221609831926371,0.09009375273111318,0,0,0,0.12,0.01,0.0,0.01,0.1,0.9,-1.2,0.0,0,0,1,0,0.675,0.44
507,5,-0.9373886585235596,-0.2664942145347595,-2.1636767387390137,0.36197797606182514,0.3553393070917088,0,0,0,0.12,0.01,0.0,0.01,0.1,0.9,-1.2,0.0,0,0,1,0,0.675,0.44
507,6,0.10092122107744217,0.03673870489001274,0.31837397813796997,0.31144206058594,0.3199286030569433,0,0,0,0.12,0.01,0.0,0.01,0.1,0.9,-1.2,0.0,0,0,1,0,0.675,0.44
507,7,-0.17740917205810547,0.4230193793773651,-0.14053675532341003,0.07166735622384361,0.013571726351000759,0,0,0,0.12,0.01,0.0,0.01,0.1,0.9,-1.2,0.0,0,0,1,0,0.675,0.44
508,0,-0.4779089093208313,0.0656750276684761,-1.901438593864441,0.02981909153800101,0.24284059765000254,0,0,0,0.12,0.01,0.0,0.01,0.1,0.9,-1.2,0.0,0,0,1,0,0.675,0.44
508,1,-1.0907639265060425,0.16421328485012054,-2.9727389812469482,0.4954526358323401,0.389947719029873,0,0,0,0.12,0.01,0.0,0.01,0.1,0.9,-1.2,0.0,0,0,1,0,0.675,0.44
508,2,0.05653821676969528,-0.42109403014183044,0.035309430211782455,0.1538175368922002,0.1567421829087489,0,0,0,0.12,0.01,0.0,0.01,0.1,0.9,-1.2,0.0,0,0,1,0,0.675,0.44
508,3,-0.8050740361213684,0.42449289560317993,-0.057741694152355194,0.29906149902715085,0.2898433586083472,0,0,0,0.12,0.01,0.0,0.01,0.1,0.9,-1.2,0.0,0,0,1,0,0.675,0.44
508,4,-0.47236472368240356,-0.42109155654907227,0.012520777992904186,0.09701935643180742,0.08439633553997145,0,0,0,0.12,0.01,0.0,0.01,0.1,0.9,-1.2,0.0,0,0,1,0,0.675,0.44
508,5,-0.9377908706665039,-0.2670910656452179,-2.1638967990875244,0.3612658162975063,0.3540144185161838,0,0,0,0.12,0.01,0.0,0.01,0.1,0.9,-1.2,0.0,0,0,1,0,0.675,0.44
508,6,0.10152143985033035,0.03693673014640808,0.31868377327919006,0.31101543704683354,0.31952368219678834,0,0,0,0.12,0.01,0.0,0.01,0.1,0.9,-1.2,0.0,0,0,1,0,0.675,0.44
508,7,-0.17732307314872742,0.42300713062286377,-0.1415044367313385,0.08196258722239907,0.0018588435799462048,0,0,0,0.12,0.01,0.0,0.01,0.1,0.9,-1.2,0.0,0,0,1,0,0.675,0.44
509,0,-0.4779905676841736,0.06543553620576859,-1.8931127786636353,0.031172970055290447,0.2409186868680036,0,0,0,0.12,0.01,0.0,0.01,0.1,0.9,-1.2,0.0,0,0,1,0,0.675,0.44
509,1,-1.0916392803192139,0.1640656739473343,-2.976487398147583,0.4940474534203956,0.38947350738740466,0,0,0,0.12,0.01,0.0,0.01,0.1,0.9,-1.2,0.0,0,0,1,0,0.675,0.44
509,2,0.05684956908226013,-0.4210830330848694,0.03541310504078865,0.15337097457252608,0.15637844988502397,0,0,0,0.12,0.01,0.0,0.01,0.1,0.9,-1.2,0.0,0,0,1,0,0.675,0.44
509,3,-0.8044803142547607,0.42445847392082214,-0.05815836042165756,0.2958552427562069,0.2881672792164493,0,0,0,0.12,0.01,0.0,0.01,0.1,0.9,-1.2,0.0,0,0,1,0,0.675,0.44
509,4,-0.4721822738647461,-0.4210892915725708,0.012574147433042526,0.10086545154524466,0.0796553064875541,0,0,0,0.12,0.01,0.0,0.01,0.1,0.9,-1.2,0.0,0,0,1,0,0.675,0.44
509,5,-0.9381920695304871,-0.2676861584186554,-2.1641390323638916,0.36054911247636656,0.3526844180450262,0,0,0,0.12,0.01,0.0,0.01,0.1,0.9,-1.2,0.0,0,0,1,0,0.675,0.44
509,6,0.10212080180644989,0.03713468462228775,0.3189966380596161,0.3106019417749845,0.3191110570920504,0,0,0,0.12,0.01,0.0,0.01,0.1,0.9,-1.2,0.0,0,0,1,0,0.675,0.44
509,7,-0.17723841965198517,0.4229949414730072,-0.14336232841014862,0.09033670373070596,-0.007917025161865933,0,0,0,0.12,0.01,0.0,0.01,0.1,0.9,-1.2,0.0,0,0,1,0,0.675,0.44
510,0,-0.4780701696872711,0.06519562751054764,-1.8849129676818848,0.032534505834086194,0.23899597335864756,0,0,0,0.12,0.01,0.0,0.01,0.1,0.9,-1.2,0.0,0,0,1,0,0.675,0.44
510,1,-1.0925134420394897,0.16392166912555695,-2.980203151702881,0.49263060535466613,0.3889890268894441,0,0,0,0.12,0.01,0.0,0.01,0.1,0.9,-1.2,0.0,0,0,1,0,0.675,0.44
510,2,0.05716009810566902,-0.4210720360279083,0.03548784181475639,0.1528195770852873,0.15612175740072043,0,0,0,0.12,0.01,0.0,0.01,0.1,0.9,-1.2,0.0,0,0,1,0,0.675,0.44
510,3,-0.8038914203643799,0.4244241416454315,-0.05847662687301636,0.2928886812417657,0.2862257558615058,0,0,0,0.12,0.01,0.0,0.01,0.1,0.9,-1.2,0.0,0,0,1,0,0.675,0.44
510,4,-0.47200071811676025,-0.4210870563983917,0.012114863842725754,0.10346656144574809,0.07615820466562581,0,0,0,0.12,0.01,0.0,0.01,0.1,0.9,-1.2,0.0,0,0,1,0,0.675,0.44
510,5,-0.9385923147201538,-0.26827946305274963,-2.164403200149536,0.3598238150200735,0.35135371288443706,0,0,0,0.12,0.01,0.0,0.01,0.1,0.9,-1.2,0.0,0,0,1,0,0.675,0.44
510,6,0.10271931439638138,0.03733256459236145,0.31930893659591675,0.31019487653198713,0.3186974259811354,0,0,0,0.12,0.01,0.0,0.01,0.1,0.9,-1.2,0.0,0,0,1,0,0.675,0.44
510,7,-0.17715519666671753,0.4229828119277954,-0.14602768421173096,0.097043146975149,-0.016008948571790534,0,0,0,0.12,0.01,0.0,0.01,0.1,0.9,-1.2,0.0,0,0,1,0,0.675,0.44
511,0,-0.4781477153301239,0.06495533138513565,-1.8768391609191895,0.03390173806644239,0.23707367287182055,0,0,0,0.12,0.01,0.0,0.01,0.1,0.9,-1.2,0.0,0,0,1,0,0.675,0.44
511,1,-1.093386173248291,0.16378124058246613,-2.983886241912842,0.4911992680571875,0.3884974587418237,0,0,0,0.12,0.01,0.0,0.01,0.1,0.9,-1.2,0.0,0,0,1,0,0.675,0.44
511,2,0.05746981129050255,-0.42106103897094727,0.035622019320726395,0.15243021372695104,0.15570472951989042,0,0,0,0.12,0.01,0.0,0.01,0.1,0.9,-1.2,0.0,0,0,1,0,0.675,0.44
511,3,-0.8033074140548706,0.42438989877700806,-0.0587349571287632,0.2900257999661427,0.2841568296191234,0,0,0,0.12,0.01,0.0,0.01,0.1,0.9,-1.2,0.0,0,0,1,0,0.675,0.44
511,4,-0.47182005643844604,-0.4210849404335022,0.011350201442837715,0.10519575786854791,0.07353250968192056,0,0,0,0.12,0.01,0.0,0.01,0.1,0.9,-1.2,0.0,0,0,1,0,0.675,0.44
511,5,-0.9389916062355042,-0.2688709497451782,-2.1646883487701416,0.35909173859327154,0.3500207267883508,0,0,0,0.12,0.01,0.0,0.01,0.1,0.9,-1.2,0.0,0,0,1,0,0.675,0.44
511,6,0.10331698507070541,0.03753037005662918,0.3196215331554413,0.3097913427034853,0.3182855682691099,0,0,0,0.12,0.01,0.0,0.01,0.1,0.9,-1.2,0.0,0,0,1,0,0.675,0.44
511,7,-0.1770733743906021,0.4229707717895508,-0.1493719220161438,0.10269562309767935,-0.023029254434368346,0,0,0,0.12,0.01,0.0,0.01,0.1,0.9,-1.2,0.0,0,0,1,0,0.675,0.44
512,0,-0.4782232642173767,0.06471465528011322,-1.8688918352127075,0.03526718132485097,0.2351582277537471,0,0,0,0.12,0.01,0.0,0.01,0.1,0.9,-1.2,0.0,0,0,1,0,0.675,0.44
512,1,-1.0942575931549072,0.16364432871341705,-2.987536668777466,0.48975390622350234,0.38799863627222514,0,0,0,0.12,0.01,0.0,0.01,0.1,0.9,-1.2,0.0,0,0,1,0,0.675,0.44
512,2,0.057778723537921906,-0.4210500121116638,0.035803765058517456,0.15220758412350638,0.15512245800028818,0,0,0,0.12,0.01,0.0,0.01,0.1,0.9,-1.2,0.0,0,0,1,0,0.675,0.44
512,3,-0.8027283549308777,0.42435577511787415,-0.05899876728653908,0.2870930505690905,0.2821357773842481,0,0,0,0.12,0.01,0.0,0.01,0.1,0.9,-1.2,0.0,0,0,1,0,0.675,0.44
512,4,-0.47164028882980347,-0.4210829734802246,0.010516160167753696,0.10665323464035008,0.07117847474456813,0,0,0,0.12,0.01,0.0,0.01,0.1,0.9,-1.2,0.0,0,0,1,0,0.675,0.44
512,5,-0.9393898844718933,-0.26946061849594116,-2.164994716644287,0.35835339651830195,0.34868518485300537,0,0,0,0.12,0.01,0.0,0.01,0.1,0.9,-1.2,0.0,0,0,1,0,0.675,0.44
512,6,0.10391382873058319,0.03772810101509094,0.319936603307724,0.3094005145372175,0.31786625010359065,0,0,0,0.12,0.01,0.0,0.01,0.1,0.9,-1.2,0.0,0,0,1,0,0.675,0.44
512,7,-0.1769929677248001,0.42295870184898376,-0.15325124561786652,0.10685513898954606,-0.028542652579405057,0,0,0,0.12,0.01,0.0,0.01,0.1,0.9,-1.2,0.0,0,0,1,0,0.675,0.44
513,0,-0.47829684615135193,0.06447362899780273,-1.8610708713531494,0.03664038886916209,0.2332405317794127,0,0,0,0.12,0.01,0.0,0.01,0.1,0.9,-1.2,0.0,0,0,1,0,0.675,0.44
513,1,-1.0951275825500488,0.16351085901260376,-2.9911539554595947,0.4882997891259392,0.3874869325804512,0,0,0,0.12,0.01,0.0,0.01,0.1,0.9,-1.2,0.0,0,0,1,0,0.675,0.44
513,2,0.058086831122636795,-0.421038955450058,0.03593314811587334,0.15185910296019928,0.154668004993826,0,0,0,0.12,0.01,0.0,0.01,0.1,0.9,-1.2,0.0,0,0,1,0,0.675,0.44
513,3,-0.8021541833877563,0.4243217706680298,-0.05925031378865242,0.28414768111915484,0.2801058279254924,0,0,0,0.12,0.01,0.0,0.01,0.1,0.9,-1.2,0.0,0,0,1,0,0.675,0.44
513,4,-0.4714614152908325,-0.42108115553855896,0.009561624377965927,0.10769395104124001,0.06924039551542352,0,0,0,0.12,0.01,0.0,0.01,0.1,0.9,-1.2,0.0,0,0,1,0,0.675,0.44
513,5,-0.9397872090339661,-0.27004843950271606,-2.1653223037719727,0.35760459217597457,0.34735146251152543,0,0,0,0.12,0.01,0.0,0.01,0.1,0.9,-1.2,0.0,0,0,1,0,0.675,0.44
513,6,0.10450983792543411,0.037925753742456436,0.3202518820762634,0.3090187027300945,0.31744339920624587,0,0,0,0.12,0.01,0.0,0.01,0.1,0.9,-1.2,0.0,0,0,1,0,0.675,0.44
513,7,-0.17691396176815033,0.4229465126991272,-0.15757378935813904,0.10902884289223976,-0.03205927893121071,0,0,0,0.12,0.01,0.0,0.01,0.1,0.9,-1.2,0.0,0,0,1,0,0.675,0.44
514,0,-0.47836846113204956,0.06423226743936539,-1.8533763885498047,0.03802592695417757,0.2313141709500278,0,0,0,0.12,0.01,0.0,0.01,0.1,0.9,-1.2,0.0,0,0,1,0,0.675,0.44
514,1,-1.0959961414337158,0.16338078677654266,-2.9947381019592285,0.48683660503843396,0.3869630766250792,0,0,0,0.12,0.01,0.0,0.01,0.1,0.9,-1.2,0.0,0,0,1,0,0.675,0.44
514,2,0.05839412659406662,-0.42102792859077454,0.03598976880311966,0.15123613086649126,0.15448989066175275,0,0,0,0.12,0.01,0.0,0.01,0.1,0.9,-1.2,0.0,0,0,1,0,0.675,0.44
514,3,-0.8015849590301514,0.42428797483444214,-0.05943211168050766,0.28149088950719353,0.27776912121210573,0,0,0,0.12,0.01,0.0,0.01,0.1,0.9,-1.2,0.0,0,0,1,0,0.675,0.44
514,4,-0.4712834358215332,-0.42107954621315,0.00829248409718275,0.10760785512170261,0.0684293819264465,0,0,0,0.12,0.01,0.0,0.01,0.1,0.9,-1.2,0.0,0,0,1,0,0.675,0.44
514,5,-0.9401835203170776,-0.2706344425678253,-2.1656713485717773,0.3568443294757511,0.34602097308696245,0,0,0,0.12,0.01,0.0,0.01,0.1,0.9,-1.2,0.0,0,0,1,0,0.675,0.44
514,6,0.10510502010583878,0.03812333941459656,0.32056257128715515,0.3086331621539697,0.31702952228664305,0,0,0,0.12,0.01,0.0,0.01,0.1,0.9,-1.2,0.0,0,0,1,0,0.675,0.44
514,7,-0.17683637142181396,0.42293408513069153,-0.16225986182689667,0.10851871942089517,-0.03288585667417961,0,0,0,0.12,0.01,0.0,0.01,0.1,0.9,-1.2,0.0,0,0,1,0,0.675,0.44
515,0,-0.478438138961792,0.06399058550596237,-1.8458083868026733,0.03942431842684704,0.22937972510457078,0,0,0,0.12,0.01,0.0,0.01,0.1,0.9,-1.2,0.0,0,0,1,0,0.675,0.44
515,1,-1.0968632698059082,0.163254052400589,-2.998289108276367,0.4853638883112689,0.3864276532651166,0,0,0,0.12,0.01,0.0,0.01,0.1,0.9,-1.2,0.0,0,0,1,0,0.675,0.44
515,2,0.05870061367750168,-0.4210168719291687,0.03606824949383736,0.15069974141684006,0.15422713083657788,0,0,0,0.12,0.01,0.0,0.01,0.1,0.9,-1.2,0.0,0,0,1,0,0.675,0.44
515,3,-0.8010207414627075,0.4242543578147888,-0.05955849960446358,0.2790328191542377,0.27521622907879445,0,0,0,0.12,0.01,0.0,0.01,0.1,0.9,-1.2,0.0,0,0,1,0,0.675,0.44
515,4,-0.47110632061958313,-0.4210782051086426,0.006792210973799229,0.10647052001623289,0.0686688773665033,0,0,0,0.12,0.01,0.0,0.01,0.1,0.9,-1.2,0.0,0,0,1,0,0.675,0.44
515,5,-0.9405789375305176,-0.27121856808662415,-2.1660406589508057,0.35607349674461625,0.34469294746162155,0,0,0,0.12,0.01,0.0,0.01,0.1,0.9,-1.2,0.0,0,0,1,0,0.675,0.44
515,6,0.10569937527179718,0.03832085803151131,0.32086846232414246,0.3082437476487794,0.31662494331878044,0,0,0,0.12,0.01,0.0,0.01,0.1,0.9,-1.2,0.0,0,0,1,0,0.675,0.44
515,7,-0.17676018178462982,0.4229213297367096,-0.16718949377536774,0.104832552379035,-0.030533537274264343,0,0,0,0.12,0.01,0.0,0.01,0.1,0.9,-1.2,0.0,0,0,1,0,0.675,0.44
516,0,-0.4785059690475464,0.06374861299991608,-1.8383675813674927,0.04082240265333819,0.22744752365624737,0,0,0,0.12,0.01,0.0,0.01,0.1,0.9,-1.2,0.0,0,0,1,0,0.675,0.44
516,1,-1.0977287292480469,0.16313062608242035,-3.00180721282959,0.4838812067610049,0.3858815119165158,0,0,0,0.12,0.01,0.0,0.01,0.1,0.9,-1.2,0.0,0,0,1,0,0.675,0.44
516,2,0.059006307274103165,-0.42100584506988525,0.03622257336974144,0.15032986753390798,0.1537996435840272,0,0,0,0.12,0.01,0.0,0.01,0.1,0.9,-1.2,0.0,0,0,1,0,0.675,0.44
516,3,-0.80046147108078,0.4242209792137146,-0.05970513075590134,0.2766046483426932,0.2726187150568124,0,0,0,0.12,0.01,0.0,0.01,0.1,0.9,-1.2,0.0,0,0,1,0,0.675,0.44
516,4,-0.4709301292896271,-0.4210771322250366,0.005459940992295742,0.10542806814207374,0.06881334056363762,0,0,0,0.12,0.01,0.0,0.01,0.1,0.9,-1.2,0.0,0,0,1,0,0.675,0.44
516,5,-0.9409733414649963,-0.27180081605911255,-2.1664299964904785,0.3552931168711533,0.34336707800265653,0,0,0,0.12,0.01,0.0,0.01,0.1,0.9,-1.2,0.0,0,0,1,0,0.675,0.44
516,6,0.10629291832447052,0.03851831331849098,0.3211740553379059,0.30786083035158957,0.31621893353772323,0,0,0,0.12,0.01,0.0,0.01,0.1,0.9,-1.2,0.0,0,0,1,0,0.675,0.44
516,7,-0.1766854077577591,0.42290830612182617,-0.17216892540454865,0.09894613268158912,-0.025978059492330553,0,0,0,0.12,0.01,0.0,0.01,0.1,0.9,-1.2,0.0,0,0,1,0,0.675,0.44
517,0,-0.47857192158699036,0.0635063573718071,-1.831054925918579,0.04221774868484791,0.22552035518172922,0,0,0,0.12,0.01,0.0,0.01,0.1,0.9,-1.2,0.0,0,0,1,0,0.675,0.44
517,1,-1.098592758178711,0.16301052272319794,-3.0052921772003174,0.48238966310064085,0.38532343065698854,0,0,0,0.12,0.01,0.0,0.01,0.1,0.9,-1.2,0.0,0,0,1,0,0.675,0.44
517,2,0.05931120365858078,-0.4209947884082794,0.03637738153338432,0.1499873933694934,0.15334654475230222,0,0,0,0.12,0.01,0.0,0.01,0.1,0.9,-1.2,0.0,0,0,1,0,0.675,0.44
517,3,-0.7999072074890137,0.4241878092288971,-0.05988524481654167,0.27413201590419906,0.27005141715167863,0,0,0,0.12,0.01,0.0,0.01,0.1,0.9,-1.2,0.0,0,0,1,0,0.675,0.44
517,4,-0.47075483202934265,-0.42107632756233215,0.004449853207916021,0.10490808033237625,0.06843410289993118,0,0,0,0.12,0.01,0.0,0.01,0.1,0.9,-1.2,0.0,0,0,1,0,0.675,0.44
517,5,-0.9413668513298035,-0.2723811864852905,-2.1668388843536377,0.35450491990407235,0.34204115782419914,0,0,0,0.12,0.01,0.0,0.01,0.1,0.9,-1.2,0.0,0,0,1,0,0.675,0.44
517,6,0.10688565671443939,0.038715705275535583,0.32148149609565735,0.3074896659679716,0.3158061180286104,0,0,0,0.12,0.01,0.0,0.01,0.1,0.9,-1.2,0.0,0,0,1,0,0.675,0.44
517,7,-0.1766120195388794,0.4228951632976532,-0.17696669697761536,0.09258725154873203,-0.020942066197360255,0,0,0,0.12,0.01,0.0,0.01,0.1,0.9,-1.2,0.0,0,0,1,0,0.675,0.44
518,0,-0.4786360561847687,0.06326383352279663,-1.823870301246643,0.04359843095066285,0.22360692660091186,0,0,0,0.12,0.01,0.0,0.01,0.1,0.9,-1.2,0.0,0,0,1,0,0.675,0.44
518,1,-1.0994551181793213,0.16289369761943817,-3.008744478225708,0.48088780485131627,0.3847555176164877,0,0,0,0.12,0.01,0.0,0.01,0.1,0.9,-1.2,0.0,0,0,1,0,0.675,0.44
518,2,0.059615299105644226,-0.4209837019443512,0.03647559508681297,0.14950022334113106,0.1530397809122564,0,0,0,0.12,0.01,0.0,0.01,0.1,0.9,-1.2,0.0,0,0,1,0,0.675,0.44
518,3,-0.7993579506874084,0.4241548776626587,-0.060042157769203186,0.2718290483012612,0.26730306992383646,0,0,0,0.12,0.01,0.0,0.01,0.1,0.9,-1.2,0.0,0,0,1,0,0.675,0.44
518,4,-0.47058042883872986,-0.4210757911205292,0.0033282183576375246,0.10366234331602121,0.06878027171617483,0,0,0,0.12,0.01,0.0,0.01,0.1,0.9,-1.2,0.0,0,0,1,0,0.675,0.44
518,5,-0.9417594075202942,-0.2729596197605133,-2.167267322540283,0.35370541088326424,0.34071963556067497,0,0,0,0.12,0.01,0.0,0.01,0.1,0.9,-1.2,0.0,0,0,1,0,0.675,0.44
518,6,0.1074775829911232,0.03891303390264511,0.32178795337677,0.30712230987200445,0.3153940241848498,0,0,0,0.12,0.01,0.0,0.01,0.1,0.9,-1.2,0.0,0,0,1,0,0.675,0.44
518,7,-0.17653997242450714,0.42288199067115784,-0.18142516911029816,0.08695851872836657,-0.01662621508513996,0,0,0,0.12,0.01,0.0,0.01,0.1,0.9,-1.2,0.0,0,0,1,0,0.675,0.44
519,0,-0.47869840264320374,0.06302107870578766,-1.816813588142395,0.044960422148549575,0.22171013272777795,0,0,0,0.12,0.01,0.0,0.01,0.1,0.9,-1.2,0.0,0,0,1,0,0.675,0.44
519,1,-1.1003159284591675,0.16278015077114105,-3.0121638774871826,0.479372997693894,0.38418046671879524,0,0,0,0.12,0.01,0.0,0.01,0.1,0.9,-1.2,0.0,0,0,1,0,0.675,0.44
519,2,0.0599186010658741,-0.42097264528274536,0.0365779884159565,0.14896715564667296,0.1527806134706824,0,0,0,0.12,0.01,0.0,0.01,0.1,0.9,-1.2,0.0,0,0,1,0,0.675,0.44
519,3,-0.7988137602806091,0.424122154712677,-0.060160089284181595,0.26970742281627336,0.2643629497652085,0,0,0,0.12,0.01,0.0,0.01,0.1,0.9,-1.2,0.0,0,0,1,0,0.675,0.44
519,4,-0.4704069197177887,-0.4210754632949829,0.001735756522975862,0.10080306349729261,0.07074025155569355,0,0,0,0.12,0.01,0.0,0.01,0.1,0.9,-1.2,0.0,0,0,1,0,0.675,0.44
519,5,-0.9421510696411133,-0.27353614568710327,-2.167714834213257,0.3528998616466394,0.33939676253701545,0,0,0,0.12,0.01,0.0,0.01,0.1,0.9,-1.2,0.0,0,0,1,0,0.675,0.44
519,6,0.10806871950626373,0.039110295474529266,0.3220917880535126,0.306745130729076,0.3149959853178296,0,0,0,0.12,0.01,0.0,0.01,0.1,0.9,-1.2,0.0,0,0,1,0,0.675,0.44
519,7,-0.17646926641464233,0.42286887764930725,-0.18550363183021545,0.08292675772799109,-0.013893194590936648,0,0,0,0.12,0.01,0.0,0.01,0.1,0.9,-1.2,0.0,0,0,1,0,0.675,0.44
520,0,-0.4787589907646179,0.06277810037136078,-1.809883713722229,0.04629493791198021,0.2198383406963419,0,0,0,0.12,0.01,0.0,0.01,0.1,0.9,-1.2,0.0,0,0,1,0,0.675,0.44
520,1,-1.1011749505996704,0.162669837474823,-3.0155506134033203,0.4778484249892756,0.3835956310448126,0,0,0,0.12,0.01,0.0,0.01,0.1,0.9,-1.2,0.0,0,0,1,0,0.675,0.44
520,2,0.0602211058139801,-0.42096155881881714,0.036750584840774536,0.1486685202350906,0.15228853366467443,0,0,0,0.12,0.01,0.0,0.01,0.1,0.9,-1.2,0.0,0,0,1,0,0.675,0.44
520,3,-0.798274576663971,0.424089640378952,-0.06030595302581787,0.26754854599844285,0.2614513190566413,0,0,0,0.12,0.01,0.0,0.01,0.1,0.9,-1.2,0.0,0,0,1,0,0.675,0.44
520,4,-0.47023433446884155,-0.42107534408569336,0.0005151932127773762,0.09874338298181827,0.07190024466176693,0,0,0,0.12,0.01,0.0,0.01,0.1,0.9,-1.2,0.0,0,0,1,0,0.675,0.44
520,5,-0.942541778087616,-0.27411073446273804,-2.168180465698242,0.3520879916523858,0.33807407099257264,0,0,0,0.12,0.01,0.0,0.01,0.1,0.9,-1.2,0.0,0,0,1,0,0.675,0.44
520,6,0.10865907371044159,0.03930748626589775,0.32239532470703125,0.3063662606583091,0.3146039289130716,0,0,0,0.12,0.01,0.0,0.01,0.1,0.9,-1.2,0.0,0,0,1,0,0.675,0.44
520,7,-0.17639987170696259,0.42285585403442383,-0.18922998011112213,0.08069426673201956,-0.012944036300462855,0,0,0,0.12,0.01,0.0,0.01,0.1,0.9,-1.2,0.0,0,0,1,0,0.675,0.44
521,0,-0.4788178503513336,0.06253492832183838,-1.8030794858932495,0.0476113820638078,0.21798032874208514,0,0,0,0.12,0.01,0.0,0.01,0.1,0.9,-1.2,0.0,0,0,1,0,0.675,0.44
521,1,-1.1020323038101196,0.16256268322467804,-3.018904447555542,0.4763143208031759,0.3830007169241802,0,0,0,0.12,0.01,0.0,0.01,0.1,0.9,-1.2,0.0,0,0,1,0,0.675,0.44
521,2,0.06052281707525253,-0.42095044255256653,0.036940623074769974,0.14844296745544636,0.1517251295637492,0,0,0,0.12,0.01,0.0,0.01,0.1,0.9,-1.2,0.0,0,0,1,0,0.675,0.44
521,3,-0.7977404594421387,0.42405736446380615,-0.060522135347127914,0.26526566512170496,0.2586567186635428,0,0,0,0.12,0.01,0.0,0.01,0.1,0.9,-1.2,0.0,0,0,1,0,0.675,0.44
521,4,-0.47006264328956604,-0.42107537388801575,-0.0018974331906065345,0.09314399500770876,0.0765999601276367,0,0,0,0.12,0.01,0.0,0.01,0.1,0.9,-1.2,0.0,0,0,1,0,0.675,0.44
521,5,-0.942931592464447,-0.2746833562850952,-2.16866397857666,0.35126914440290624,0.3367519194017202,0,0,0,0.12,0.01,0.0,0.01,0.1,0.9,-1.2,0.0,0,0,1,0,0.675,0.44
521,6,0.10924863815307617,0.039504602551460266,0.3227004408836365,0.30599406308482613,0.3142092531268743,0,0,0,0.12,0.01,0.0,0.01,0.1,0.9,-1.2,0.0,0,0,1,0,0.675,0.44
521,7,-0.17633181810379028,0.4228428900241852,-0.19268563389778137,0.07979910678901737,-0.013317740035439195,0,0,0,0.12,0.01,0.0,0.01,0.1,0.9,-1.2,0.0,0,0,1,0,0.675,0.44
522,0,-0.4788750410079956,0.06229158863425255,-1.7963989973068237,0.04890276661288702,0.2161432636700872,0,0,0,0.12,0.01,0.0,0.01,0.1,0.9,-1.2,0.0,0,0,1,0,0.675,0.44
522,1,-1.1028879880905151,0.1624586284160614,-3.0222251415252686,0.47476911535412875,0.3823980093941012,0,0,0,0.12,0.01,0.0,0.01,0.1,0.9,-1.2,0.0,0,0,1,0,0.675,0.44
522,2,0.06082373484969139,-0.4209393262863159,0.037057019770145416,0.147990687366989,0.15139038992259227,0,0,0,0.12,0.01,0.0,0.01,0.1,0.9,-1.2,0.0,0,0,1,0,0.675,0.44
522,3,-0.7972114682197571,0.4240252375602722,-0.06076157093048096,0.2628824542708403,0.2559561897568697,0,0,0,0.12,0.01,0.0,0.01,0.1,0.9,-1.2,0.0,0,0,1,0,0.675,0.44
522,4,-0.46989181637763977,-0.42107558250427246,-0.002768152393400669,0.09176307206317015,0.07708042080239227,0,0,0,0.12,0.01,0.0,0.01,0.1,0.9,-1.2,0.0,0,0,1,0,0.675,0.44
522,5,-0.9433203935623169,-0.2752540707588196,-2.169166088104248,0.35044411801168457,0.3354298672788428,0,0,0,0.12,0.01,0.0,0.01,0.1,0.9,-1.2,0.0,0,0,1,0,0.675,0.44
522,6,0.10983741283416748,0.03970165178179741,0.32300397753715515,0.3056161304413149,0.31382436552655,0,0,0,0.12,0.01,0.0,0.01,0.1,0.9,-1.2,0.0,0,0,1,0,0.675,0.44
522,7,-0.17626506090164185,0.42282986640930176,-0.1959947943687439,0.07887687957854009,-0.01365440762610174,0,0,0,0.12,0.01,0.0,0.01,0.1,0.9,-1.2,0.0,0,0,1,0,0.675,0.44
523,0,-0.4789305329322815,0.062048111110925674,-1.7898406982421875,0.05018637351834976,0.2143098933235387,0,0,0,0.12,0.01,0.0,0.01,0.1,0.9,-1.2,0.0,0,0,1,0,0.675,0.44
523,1,-1.1037418842315674,0.1623576134443283,-3.025512933731079,0.47321858315666687,0.38178149552146423,0,0,0,0.12,0.01,0.0,0.01,0.1,0.9,-1.2,0.0,0,0,1,0,0.675,0.44
523,2,0.06112385913729668,-0.4209281802177429,0.037126678973436356,0.14742235235475823,0.15117301650739387,0,0,0,0.12,0.01,0.0,0.01,0.1,0.9,-1.2,0.0,0,0,1,0,0.675,0.44
523,3,-0.7966874837875366,0.423993319272995,-0.06097850576043129,0.2606295638034839,0.25312039328117186,0,0,0,0.12,0.01,0.0,0.01,0.1,0.9,-1.2,0.0,0,0,1,0,0.675,0.44
523,4,-0.4697219133377075,-0.4210759401321411,-0.002888640621677041,0.09240662340514716,0.07553610916740838,0,0,0,0.12,0.01,0.0,0.01,0.1,0.9,-1.2,0.0,0,0,1,0,0.675,0.44
523,5,-0.9437083601951599,-0.27582281827926636,-2.1696858406066895,0.34960928875752056,0.3341118959730092,0,0,0,0.12,0.01,0.0,0.01,0.1,0.9,-1.2,0.0,0,0,1,0,0.675,0.44
523,6,0.11042539775371552,0.03989863023161888,0.3233025074005127,0.30522648678878456,0.3134553016557345,0,0,0,0.12,0.01,0.0,0.01,0.1,0.9,-1.2,0.0,0,0,1,0,0.675,0.44
523,7,-0.17619961500167847,0.42281678318977356,-0.19927498698234558,0.07749810778624455,-0.01352431588894765,0,0,0,0.12,0.01,0.0,0.01,0.1,0.9,-1.2,0.0,0,0,1,0,0.675,0.44
524,0,-0.47898438572883606,0.06180451437830925,-1.7834031581878662,0.05145163725434319,0.21248902489127144,0,0,0,0.12,0.01,0.0,0.01,0.1,0.9,-1.2,0.0,0,0,1,0,0.675,0.44
524,1,-1.1045938730239868,0.16225959360599518,-3.0287678241729736,0.4716592357436113,0.38115543863383006,0,0,0,0.12,0.01,0.0,0.01,0.1,0.9,-1.2,0.0,0,0,1,0,0.675,0.44
524,2,0.061423201113939285,-0.4209170639514923,0.037249621003866196,0.14695306458065238,0.15085859260967052,0,0,0,0.12,0.01,0.0,0.01,0.1,0.9,-1.2,0.0,0,0,1,0,0.675,0.44
524,3,-0.7961686253547668,0.4239615797996521,-0.06120488420128822,0.25835686415056036,0.2503015449680919,0,0,0,0.12,0.01,0.0,0.01,0.1,0.9,-1.2,0.0,0,0,1,0,0.675,0.44
524,4,-0.4695529043674469,-0.4210764169692993,-0.003069892292842269,0.09281874429329412,0.07422351110831721,0,0,0,0.12,0.01,0.0,0.01,0.1,0.9,-1.2,0.0,0,0,1,0,0.675,0.44
524,5,-0.9440953731536865,-0.27638956904411316,-2.1702229976654053,0.3487659148004661,0.33279746257990495,0,0,0,0.12,0.01,0.0,0.01,0.1,0.9,-1.2,0.0,0,0,1,0,0.675,0.44
524,6,0.11101260781288147,0.04009554907679558,0.3235985338687897,0.3048311445762693,0.3130959298561038,0,0,0,0.12,0.01,0.0,0.01,0.1,0.9,-1.2,0.0,0,0,1,0,0.675,0.44
524,7,-0.17613548040390015,0.4228036105632782,-0.20254631340503693,0.07535143721538505,-0.012617705051478944,0,0,0,0.12,0.01,0.0,0.01,0.1,0.9,-1.2,0.0,0,0,1,0,0.675,0.44
525,0,-0.4790366590023041,0.06156082823872566,-1.7770854234695435,0.05268964028420407,0.21068972492156068,0,0,0,0.12,0.01,0.0,0.01,0.1,0.9,-1.2,0.0,0,0,1,0,0.675,0.44
525,1,-1.105444073677063,0.162164568901062,-3.031989812850952,0.4700937531450947,0.3805172779103558,0,0,0,0.12,0.01,0.0,0.01,0.1,0.9,-1.2,0.0,0,0,1,0,0.675,0.44
525,2,0.06172175332903862,-0.4209059178829193,0.037428949028253555,0.14667421749854576,0.15035548635696877,0,0,0,0.12,0.01,0.0,0.01,0.1,0.9,-1.2,0.0,0,0,1,0,0.675,0.44
525,3,-0.7956547737121582,0.42393001914024353,-0.06149362772703171,0.2559022172614402,0.24766243851935205,0,0,0,0.12,0.01,0.0,0.01,0.1,0.9,-1.2,0.0,0,0,1,0,0.675,0.44
525,4,-0.4693847894668579,-0.4210769832134247,-0.0038867767434567213,0.09141618542399638,0.07472601003918417,0,0,0,0.12,0.01,0.0,0.01,0.1,0.9,-1.2,0.0,0,0,1,0,0.675,0.44
525,5,-0.9444814920425415,-0.2769543528556824,-2.170776844024658,0.3479162012462508,0.33148418317986617,0,0,0,0.12,0.01,0.0,0.01,0.1,0.9,-1.2,0.0,0,0,1,0,0.675,0.44
525,6,0.11159903556108475,0.0402924083173275,0.3238971531391144,0.3044442404937748,0.3127316962051388,0,0,0,0.12,0.01,0.0,0.01,0.1,0.9,-1.2,0.0,0,0,1,0,0.675,0.44
525,7,-0.1760726273059845,0.4227904677391052,-0.20576629042625427,0.07362327691887999,-0.012115992277614111,0,0,0,0.12,0.01,0.0,0.01,0.1,0.9,-1.2,0.0,0,0,1,0,0.675,0.44
526,0,-0.47908732295036316,0.0613170750439167,-1.7708866596221924,0.053910165365208824,0.2088996774597271,0,0,0,0.12,0.01,0.0,0.01,0.1,0.9,-1.2,0.0,0,0,1,0,0.675,0.44
526,1,-1.1062923669815063,0.16207250952720642,-3.0351791381835938,0.46851837729194906,0.3798712482573674,0,0,0,0.12,0.01,0.0,0.01,0.1,0.9,-1.2,0.0,0,0,1,0,0.675,0.44
526,2,0.06201951950788498,-0.4208947718143463,0.03757859393954277,0.14629291856298574,0.1499561432599055,0,0,0,0.12,0.01,0.0,0.01,0.1,0.9,-1.2,0.0,0,0,1,0,0.675,0.44
526,3,-0.795146107673645,0.4238986670970917,-0.061815813183784485,0.2533989896861192,0.24507268761719503,0,0,0,0.12,0.01,0.0,0.01,0.1,0.9,-1.2,0.0,0,0,1,0,0.675,0.44
526,4,-0.46921759843826294,-0.4210776686668396,-0.004756942857056856,0.08980713012238585,0.07543594417551912,0,0,0,0.12,0.01,0.0,0.01,0.1,0.9,-1.2,0.0,0,0,1,0,0.675,0.44
526,5,-0.9448667168617249,-0.2775171101093292,-2.1713473796844482,0.34706007053326504,0.33017249296237094,0,0,0,0.12,0.01,0.0,0.01,0.1,0.9,-1.2,0.0,0,0,1,0,0.675,0.44
526,6,0.11218468099832535,0.040489211678504944,0.3241990804672241,0.3040673918016106,0.31236110265181966,0,0,0,0.12,0.01,0.0,0.01,0.1,0.9,-1.2,0.0,0,0,1,0,0.675,0.44
526,7,-0.17601101100444794,0.42277735471725464,-0.208878293633461,0.07250095184829652,-0.012206603101758372,0,0,0,0.12,0.01,0.0,0.01,0.1,0.9,-1.2,0.0,0,0,1,0,0.675,0.44
527,0,-0.4791364371776581,0.06107327714562416,-1.7648050785064697,0.05509231367862176,0.20714037737095403,0,0,0,0.12,0.01,0.0,0.01,0.1,0.9,-1.2,0.0,0,0,1,0,0.675,0.44
527,1,-1.1071388721466064,0.1619834005832672,-3.0383360385894775,0.466935531178536,0.3792149862851481,0,0,0,0.12,0.01,0.0,0.01,0.1,0.9,-1.2,0.0,0,0,1,0,0.675,0.44
527,2,0.06231650710105896,-0.4208835959434509,0.03767799586057663,0.14578850593873932,0.14968179139783905,0,0,0,0.12,0.01,0.0,0.01,0.1,0.9,-1.2,0.0,0,0,1,0,0.675,0.44
527,3,-0.794642448425293,0.42386746406555176,-0.06210217997431755,0.2509832864019345,0.24239559123783602,0,0,0,0.12,0.01,0.0,0.01,0.1,0.9,-1.2,0.0,0,0,1,0,0.675,0.44
527,4,-0.4690513014793396,-0.42107847332954407,-0.005203636363148689,0.08933500975551946,0.07500864535388606,0,0,0,0.12,0.01,0.0,0.01,0.1,0.9,-1.2,0.0,0,0,1,0,0.675,0.44
527,5,-0.9452510476112366,-0.2780778706073761,-2.1719348430633545,0.346195607869907,0.3288644259283107,0,0,0,0.12,0.01,0.0,0.01,0.1,0.9,-1.2,0.0,0,0,1,0,0.675,0.44
527,6,0.11276956647634506,0.040685951709747314,0.3245013952255249,0.303690258741376,0.31199413132667814,0,0,0,0.12,0.01,0.0,0.01,0.1,0.9,-1.2,0.0,0,0,1,0,0.675,0.44
527,7,-0.17595063149929047,0.4227644205093384,-0.21190860867500305,0.07336949911269364,-0.014268521036235653,0,0,0,0.12,0.01,0.0,0.01,0.1,0.9,-1.2,0.0,0,0,1,0,0.675,0.44
528,0,-0.47918403148651123,0.060829464346170425,-1.75883948802948,0.05624469778518996,0.2054010365249602,0,0,0,0.12,0.01,0.0,0.01,0.1,0.9,-1.2,0.0,0,0,1,0,0.675,0.44
528,1,-1.1079833507537842,0.161897212266922,-3.0414602756500244,0.46534104244096813,0.37855361803190174,0,0,0,0.12,0.01,0.0,0.01,0.1,0.9,-1.2,0.0,0,0,1,0,0.675,0.44
528,2,0.06261271238327026,-0.42087242007255554,0.03780972957611084,0.14536460444593155,0.14932841852045334,0,0,0,0.12,0.01,0.0,0.01,0.1,0.9,-1.2,0.0,0,0,1,0,0.675,0.44
528,3,-0.7941439747810364,0.4238364100456238,-0.06236838176846504,0.24859479332662304,0.23969492053293504,0,0,0,0.12,0.01,0.0,0.01,0.1,0.9,-1.2,0.0,0,0,1,0,0.675,0.44
528,4,-0.4688858985900879,-0.4210793375968933,-0.005472717806696892,0.08946171288382684,0.0739835512172016,0,0,0,0.12,0.01,0.0,0.01,0.1,0.9,-1.2,0.0,0,0,1,0,0.675,0.44
528,5,-0.9456344842910767,-0.2786366045475006,-2.1725380420684814,0.34532648276681566,0.32755690861349446,0,0,0,0.12,0.01,0.0,0.01,0.1,0.9,-1.2,0.0,0,0,1,0,0.675,0.44
528,6,0.1133536845445633,0.04088263213634491,0.32480379939079285,0.303309593836948,0.31163385089190326,0,0,0,0.12,0.01,0.0,0.01,0.1,0.9,-1.2,0.0,0,0,1,0,0.675,0.44
528,7,-0.1758914589881897,0.42275166511535645,-0.2149064689874649,0.07617695806446981,-0.018249133507642262,0,0,0,0.12,0.01,0.0,0.01,0.1,0.9,-1.2,0.0,0,0,1,0,0.675,0.44
529,0,-0.4792301058769226,0.060585666447877884,-1.7529875040054321,0.05736826875721644,0.2036821343609171,0,0,0,0.12,0.01,0.0,0.01,0.1,0.9,-1.2,0.0,0,0,1,0,0.675,0.44
529,1,-1.1088258028030396,0.1618138998746872,-3.0445520877838135,0.4637393145726322,0.3778826803995967,0,0,0,0.12,0.01,0.0,0.01,0.1,0.9,-1.2,0.0,0,0,1,0,0.675,0.44
529,2,0.0629081279039383,-0.42086121439933777,0.038005467504262924,0.14515348879794296,0.14876360090275592,0,0,0,0.12,0.01,0.0,0.01,0.1,0.9,-1.2,0.0,0,0,1,0,0.675,0.44
529,3,-0.7936505079269409,0.4238055348396301,-0.06267721205949783,0.2460842172267268,0.2371202369568517,0,0,0,0.12,0.01,0.0,0.01,0.1,0.9,-1.2,0.0,0,0,1,0,0.675,0.44
529,4,-0.4687213897705078,-0.42108026146888733,-0.006025987211614847,0.08885248510800078,0.07369507343806551,0,0,0,0.12,0.01,0.0,0.01,0.1,0.9,-1.2,0.0,0,0,1,0,0.675,0.44
529,5,-0.9460170865058899,-0.27919334173202515,-2.17315673828125,0.34445008268617877,0.326252553555734,0,0,0,0.12,0.01,0.0,0.01,0.1,0.9,-1.2,0.0,0,0,1,0,0.675,0.44
529,6,0.11393705010414124,0.04107924550771713,0.32510897517204285,0.3029315019220969,0.3112739776997903,0,0,0,0.12,0.01,0.0,0.01,0.1,0.9,-1.2,0.0,0,0,1,0,0.675,0.44
529,7,-0.17583347856998444,0.42273905873298645,-0.2179800271987915,0.08041784125647759,-0.023643165410377743,0,0,0,0.12,0.01,0.0,0.01,0.1,0.9,-1.2,0.0,0,0,1,0,0.675,0.44
530,0,-0.4792747497558594,0.06034190580248833,-1.7472469806671143,0.05845736085808625,0.20198713124358306,0,0,0,0.12,0.01,0.0,0.01,0.1,0.9,-1.2,0.0,0,0,1,0,0.675,0.44
530,1,-1.109666347503662,0.16173338890075684,-3.0476112365722656,0.46213075633487816,0.37720206265010714,0,0,0,0.12,0.01,0.0,0.01,0.1,0.9,-1.2,0.0,0,0,1,0,0.675,0.44
530,2,0.06320277601480484,-0.42085000872612,0.038182538002729416,0.14487139840927524,0.1482716653743704,0,0,0,0.12,0.01,0.0,0.01,0.1,0.9,-1.2,0.0,0,0,1,0,0.675,0.44
530,3,-0.7931621670722961,0.4237748086452484,-0.06302675604820251,0.2434195652988072,0.23470436777805126,0,0,0,0.12,0.01,0.0,0.01,0.1,0.9,-1.2,0.0,0,0,1,0,0.675,0.44
530,4,-0.46855780482292175,-0.4210812747478485,-0.00676837470382452,0.08770747041463961,0.07394364917516598,0,0,0,0.12,0.01,0.0,0.01,0.1,0.9,-1.2,0.0,0,0,1,0,0.675,0.44
530,5,-0.9463987350463867,-0.27974802255630493,-2.173790693283081,0.34357113824161944,0.3249471069785649,0,0,0,0.12,0.01,0.0,0.01,0.1,0.9,-1.2,0.0,0,0,1,0,0.675,0.44
530,6,0.11451965570449829,0.04127579554915428,0.3254166543483734,0.30256237334113617,0.31090830021996,0,0,0,0.12,0.01,0.0,0.01,0.1,0.9,-1.2,0.0,0,0,1,0,0.675,0.44
530,7,-0.1757766753435135,0.4227265417575836,-0.22125282883644104,0.08521844988043481,-0.029580550094200908,0,0,0,0.12,0.01,0.0,0.01,0.1,0.9,-1.2,0.0,0,0,1,0,0.675,0.44
531,0,-0.47931790351867676,0.06009821221232414,-1.7416162490844727,0.05953129177946833,0.20029837841134282,0,0,0,0.12,0.01,0.0,0.01,0.1,0.9,-1.2,0.0,0,0,1,0,0.675,0.44
531,1,-1.1105048656463623,0.16165563464164734,-3.050637722015381,0.4605163964890245,0.3765112724639174,0,0,0,0.12,0.01,0.0,0.01,0.1,0.9,-1.2,0.0,0,0,1,0,0.675,0.44
531,2,0.06349664181470871,-0.42083877325057983,0.03828023374080658,0.1443851377804851,0.14798530079525954,0,0,0,0.12,0.01,0.0,0.01,0.1,0.9,-1.2,0.0,0,0,1,0,0.675,0.44
531,3,-0.792678952217102,0.42374423146247864,-0.06335471570491791,0.24079052636544013,0.23225965073188046,0,0,0,0.12,0.01,0.0,0.01,0.1,0.9,-1.2,0.0,0,0,1,0,0.675,0.44
531,4,-0.46839508414268494,-0.42108234763145447,-0.007299874909222126,0.0872427720494758,0.07351250463051688,0,0,0,0.12,0.01,0.0,0.01,0.1,0.9,-1.2,0.0,0,0,1,0,0.675,0.44
531,5,-0.9467795491218567,-0.28030067682266235,-2.174440383911133,0.34268065458595853,0.3236497425431003,0,0,0,0.12,0.01,0.0,0.01,0.1,0.9,-1.2,0.0,0,0,1,0,0.675,0.44
531,6,0.11510149389505386,0.04147228226065636,0.3257225453853607,0.30218495388850586,0.3105540726579724,0,0,0,0.12,0.01,0.0,0.01,0.1,0.9,-1.2,0.0,0,0,1,0,0.675,0.44
531,7,-0.17572104930877686,0.4227140247821808,-0.2248399555683136,0.08931714673398043,-0.03480231021402384,0,0,0,0.12,0.01,0.0,0.01,0.1,0.9,-1.2,0.0,0,0,1,0,0.675,0.44
532,0,-0.4793596565723419,0.05985461547970772,-1.7360929250717163,0.06057970900997337,0.19862584094539468,0,0,0,0.12,0.01,0.0,0.01,0.1,0.9,-1.2,0.0,0,0,1,0,0.675,0.44
532,1,-1.1113413572311401,0.16158056259155273,-3.0536317825317383,0.45889711113556686,0.3758095529498214,0,0,0,0.12,0.01,0.0,0.01,0.1,0.9,-1.2,0.0,0,0,1,0,0.675,0.44
532,2,0.0637897327542305,-0.4208275377750397,0.038365643471479416,0.14384465381585013,0.1477548284820472,0,0,0,0.12,0.01,0.0,0.01,0.1,0.9,-1.2,0.0,0,0,1,0,0.675,0.44
532,3,-0.7922007441520691,0.4237138032913208,-0.0636434480547905,0.2382509589742148,0.22973234648003937,0,0,0,0.12,0.01,0.0,0.01,0.1,0.9,-1.2,0.0,0,0,1,0,0.675,0.44
532,4,-0.46823328733444214,-0.4210835099220276,-0.007612037472426891,0.08739822664337298,0.07246253333015304,0,0,0,0.12,0.01,0.0,0.01,0.1,0.9,-1.2,0.0,0,0,1,0,0.675,0.44
532,5,-0.9471594095230103,-0.2808513045310974,-2.175105094909668,0.3417855116058958,0.3223538783858645,0,0,0,0.12,0.01,0.0,0.01,0.1,0.9,-1.2,0.0,0,0,1,0,0.675,0.44
532,6,0.11568257212638855,0.041668713092803955,0.32602453231811523,0.30179685058597794,0.31021374759670023,0,0,0,0.12,0.01,0.0,0.01,0.1,0.9,-1.2,0.0,0,0,1,0,0.675,0.44
532,7,-0.17566663026809692,0.4227014482021332,-0.2288065254688263,0.09195193227394965,-0.0385496872292414,0,0,0,0.12,0.01,0.0,0.01,0.1,0.9,-1.2,0.0,0,0,1,0,0.675,0.44
533,0,-0.47940003871917725,0.05961114168167114,-1.7306759357452393,0.061611190005191385,0.19695983870422024,0,0,0,0.12,0.01,0.0,0.01,0.1,0.9,-1.2,0.0,0,0,1,0,0.675,0.44
533,1,-1.112175703048706,0.16150815784931183,-3.056593418121338,0.4572714239332947,0.3750989168908326,0,0,0,0.12,0.01,0.0,0.01,0.1,0.9,-1.2,0.0,0,0,1,0,0.675,0.44
533,2,0.06408204883337021,-0.4208163022994995,0.038517825305461884,0.14348264514663117,0.1473477882220517,0,0,0,0.12,0.01,0.0,0.01,0.1,0.9,-1.2,0.0,0,0,1,0,0.675,0.44
533,3,-0.7917276620864868,0.4236835837364197,-0.06394615024328232,0.23571915688631856,0.22720729050519145,0,0,0,0.12,0.01,0.0,0.01,0.1,0.9,-1.2,0.0,0,0,1,0,0.675,0.44
533,4,-0.4680723547935486,-0.42108476161956787,-0.008057059720158577,0.0871613342955363,0.07180566893074392,0,0,0,0.12,0.01,0.0,0.01,0.1,0.9,-1.2,0.0,0,0,1,0,0.675,0.44
533,5,-0.947538435459137,-0.2813998758792877,-2.175783634185791,0.34088412039704374,0.32106146103911354,0,0,0,0.12,0.01,0.0,0.01,0.1,0.9,-1.2,0.0,0,0,1,0,0.675,0.44
533,6,0.11626289784908295,0.041865091770887375,0.3263266384601593,0.3014115942247564,0.3098735558263606,0,0,0,0.12,0.01,0.0,0.01,0.1,0.9,-1.2,0.0,0,0,1,0,0.675,0.44
533,7,-0.1756133735179901,0.422688752412796,-0.23311614990234375,0.09254857641832358,-0.04025142383949285,0,0,0,0.12,0.01,0.0,0.01,0.1,0.9,-1.2,0.0,0,0,1,0,0.675,0.44
534,0,-0.47943902015686035,0.05936780944466591,-1.7253639698028564,0.0626256362555949,0.19530085762753802,0,0,0,0.12,0.01,0.0,0.01,0.1,0.9,-1.2,0.0,0,0,1,0,0.675,0.44
534,1,-1.11300790309906,0.16143839061260223,-3.059523105621338,0.4556404122207852,0.374378763785532,0,0,0,0.12,0.01,0.0,0.01,0.1,0.9,-1.2,0.0,0,0,1,0,0.675,0.44
534,2,0.06437359005212784,-0.42080506682395935,0.038698937743902206,0.14318756276865888,0.1468750435660274,0,0,0,0.12,0.01,0.0,0.01,0.1,0.9,-1.2,0.0,0,0,1,0,0.675,0.44
534,3,-0.7912596464157104,0.42365357279777527,-0.06428655982017517,0.233126898037834,0.22475386716182724,0,0,0,0.12,0.01,0.0,0.01,0.1,0.9,-1.2,0.0,0,0,1,0,0.675,0.44
534,4,-0.46791234612464905,-0.4210861027240753,-0.008732834830880165,0.08624723783798229,0.07182781168155658,0,0,0,0.12,0.01,0.0,0.01,0.1,0.9,-1.2,0.0,0,0,1,0,0.675,0.44
534,5,-0.947916567325592,-0.2819463610649109,-2.176476240158081,0.33997480762202353,0.31977458107273965,0,0,0,0.12,0.01,0.0,0.01,0.1,0.9,-1.2,0.0,0,0,1,0,0.675,0.44
534,6,0.11684246361255646,0.042061422020196915,0.3266330659389496,0.301038385526887,0.30952423702026266,0,0,0,0.12,0.01,0.0,0.01,0.1,0.9,-1.2,0.0,0,0,1,0,0.675,0.44
534,7,-0.17556127905845642,0.42267605662345886,-0.2376619428396225,0.09262838118105385,-0.04142285786896202,0,0,0,0.12,0.01,0.0,0.01,0.1,0.9,-1.2,0.0,0,0,1,0,0.675,0.44
535,0,-0.4794766902923584,0.059124644845724106,-1.7201558351516724,0.06360373012623342,0.19366705305972545,0,0,0,0.12,0.01,0.0,0.01,0.1,0.9,-1.2,0.0,0,0,1,0,0.675,0.44
535,1,-1.1138380765914917,0.16137126088142395,-3.062420606613159,0.4540039263076041,0.3736494221382882,0,0,0,0.12,0.01,0.0,0.01,0.1,0.9,-1.2,0.0,0,0,1,0,0.675,0.44
535,2,0.06466436386108398,-0.4207938015460968,0.03882887586951256,0.1427665804444967,0.14653001679785865,0,0,0,0.12,0.01,0.0,0.01,0.1,0.9,-1.2,0.0,0,0,1,0,0.675,0.44
535,3,-0.7907966375350952,0.4236237108707428,-0.06461450457572937,0.2305419819464739,0.2223042173275892,0,0,0,0.12,0.01,0.0,0.01,0.1,0.9,-1.2,0.0,0,0,1,0,0.675,0.44
535,4,-0.46775323152542114,-0.4210875332355499,-0.009345903061330318,0.08548996074144213,0.0716938652282539,0,0,0,0.12,0.01,0.0,0.01,0.1,0.9,-1.2,0.0,0,0,1,0,0.675,0.44
535,5,-0.9482938647270203,-0.2824907898902893,-2.177182912826538,0.33906051416824196,0.3184899399714676,0,0,0,0.12,0.01,0.0,0.01,0.1,0.9,-1.2,0.0,0,0,1,0,0.675,0.44
535,6,0.11742127686738968,0.042257703840732574,0.32694265246391296,0.30067591782919545,0.3091668594230018,0,0,0,0.12,0.01,0.0,0.01,0.1,0.9,-1.2,0.0,0,0,1,0,0.675,0.44
535,7,-0.17551030218601227,0.4226634204387665,-0.2423095405101776,0.09328013600453063,-0.04315109120353384,0,0,0,0.12,0.01,0.0,0.01,0.1,0.9,-1.2,0.0,0,0,1,0,0.675,0.44
536,0,-0.479513019323349,0.05888167396187782,-1.7150505781173706,0.06455279227838928,0.19205074671163147,0,0,0,0.12,0.01,0.0,0.01,0.1,0.9,-1.2,0.0,0,0,1,0,0.675,0.44
536,1,-1.1146661043167114,0.1613067239522934,-3.065286159515381,0.45236088039271344,0.37291257379658715,0,0,0,0.12,0.01,0.0,0.01,0.1,0.9,-1.2,0.0,0,0,1,0,0.675,0.44
536,2,0.06495437026023865,-0.42078253626823425,0.038930416107177734,0.142246126173052,0.1462859818954142,0,0,0,0.12,0.01,0.0,0.01,0.1,0.9,-1.2,0.0,0,0,1,0,0.675,0.44
536,3,-0.7903387546539307,0.42359405755996704,-0.06489317119121552,0.22816188231307688,0.219663430301364,0,0,0,0.12,0.01,0.0,0.01,0.1,0.9,-1.2,0.0,0,0,1,0,0.675,0.44
536,4,-0.4675949811935425,-0.4210890531539917,-0.009742413647472858,0.08532873827693407,0.07096481781723554,0,0,0,0.12,0.01,0.0,0.01,0.1,0.9,-1.2,0.0,0,0,1,0,0.675,0.44
536,5,-0.9486703276634216,-0.2830331325531006,-2.177903175354004,0.338137236520063,0.3172121969020256,0,0,0,0.12,0.01,0.0,0.01,0.1,0.9,-1.2,0.0,0,0,1,0,0.675,0.44
536,6,0.1179993599653244,0.042453933507204056,0.32725265622138977,0.3003119464797951,0.3088134888725304,0,0,0,0.12,0.01,0.0,0.01,0.1,0.9,-1.2,0.0,0,0,1,0,0.675,0.44
536,7,-0.17546041309833527,0.42265093326568604,-0.24701499938964844,0.0956454315739171,-0.046572882826854414,0,0,0,0.12,0.01,0.0,0.01,0.1,0.9,-1.2,0.0,0,0,1,0,0.675,0.44
537,0,-0.4795480966567993,0.05863892287015915,-1.7100462913513184,0.0654629058018513,0.19046090181915087,0,0,0,0.12,0.01,0.0,0.01,0.1,0.9,-1.2,0.0,0,0,1,0,0.675,0.44
537,1,-1.1154918670654297,0.16124476492404938,-3.068120002746582,0.45071444339120653,0.3721652286592695,0,0,0,0.12,0.01,0.0,0.01,0.1,0.9,-1.2,0.0,0,0,1,0,0.675,0.44
537,2,0.06524360924959183,-0.4207712411880493,0.03908579796552658,0.1419097881345681,0.14585946988774023,0,0,0,0.12,0.01,0.0,0.01,0.1,0.9,-1.2,0.0,0,0,1,0,0.675,0.44
537,3,-0.7898858189582825,0.4235645830631256,-0.06516657769680023,0.22580830231069196,0.2170102201426161,0,0,0,0.12,0.01,0.0,0.01,0.1,0.9,-1.2,0.0,0,0,1,0,0.675,0.44
537,4,-0.46743765473365784,-0.42109060287475586,-0.010136228986084461,0.08531434924127367,0.0700904419946501,0,0,0,0.12,0.01,0.0,0.01,0.1,0.9,-1.2,0.0,0,0,1,0,0.675,0.44
537,5,-0.9490459561347961,-0.2835733890533447,-2.178636312484741,0.33720804349548683,0.3159387002789272,0,0,0,0.12,0.01,0.0,0.01,0.1,0.9,-1.2,0.0,0,0,1,0,0.675,0.44
537,6,0.11857669800519943,0.04265010729432106,0.3275637924671173,0.29994566241408643,0.3084646960148687,0,0,0,0.12,0.01,0.0,0.01,0.1,0.9,-1.2,0.0,0,0,1,0,0.675,0.44
537,7,-0.17541158199310303,0.4226386249065399,-0.25180497765541077,0.10016327460848032,-0.05212507506452738,0,0,0,0.12,0.01,0.0,0.01,0.1,0.9,-1.2,0.0,0,0,1,0,0.675,0.44
538,0,-0.47958189249038696,0.058396417647600174,-1.7051409482955933,0.06633701768620112,0.18889480981128115,0,0,0,0.12,0.01,0.0,0.01,0.1,0.9,-1.2,0.0,0,0,1,0,0.675,0.44
538,1,-1.116315484046936,0.16118532419204712,-3.0709221363067627,0.44906044989389593,0.3714119097633918,0,0,0,0.12,0.01,0.0,0.01,0.1,0.9,-1.2,0.0,0,0,1,0,0.675,0.44
538,2,0.06553208082914352,-0.4207599461078644,0.039287269115448,0.14169277380332954,0.1453150050796508,0,0,0,0.12,0.01,0.0,0.01,0.1,0.9,-1.2,0.0,0,0,1,0,0.675,0.44
538,3,-0.7894379496574402,0.4235352873802185,-0.06548748910427094,0.22332438690368925,0.21450245516593658,0,0,0,0.12,0.01,0.0,0.01,0.1,0.9,-1.2,0.0,0,0,1,0,0.675,0.44
538,4,-0.4672812223434448,-0.4210922122001648,-0.010721108876168728,0.08480314848478412,0.06971497895662213,0,0,0,0.12,0.01,0.0,0.01,0.1,0.9,-1.2,0.0,0,0,1,0,0.675,0.44
538,5,-0.949420690536499,-0.28411155939102173,-2.1793816089630127,0.33627960316492583,0.3146626032178256,0,0,0,0.12,0.01,0.0,0.01,0.1,0.9,-1.2,0.0,0,0,1,0,0.675,0.44
538,6,0.11915329843759537,0.04284622520208359,0.3278781771659851,0.29958454194965584,0.3081130641370751,0,0,0,0.12,0.01,0.0,0.01,0.1,0.9,-1.2,0.0,0,0,1,0,0.675,0.44
538,7,-0.17536382377147675,0.42262646555900574,-0.25676989555358887,0.10630557369908596,-0.059280720171540034,0,0,0,0.12,0.01,0.0,0.01,0.1,0.9,-1.2,0.0,0,0,1,0,0.675,0.44
539,0,-0.4796144366264343,0.058154184371232986,-1.7003321647644043,0.06718972054571537,0.18733811649232476,0,0,0,0.12,0.01,0.0,0.01,0.1,0.9,-1.2,0.0,0,0,1,0,0.675,0.44
539,1,-1.117136836051941,0.16112834215164185,-3.073692798614502,0.4474008814937897,0.37065141037632743,0,0,0,0.12,0.01,0.0,0.01,0.1,0.9,-1.2,0.0,0,0,1,0,0.675,0.44
539,2,0.06581979244947433,-0.42074862122535706,0.0394413024187088,0.14136435670502362,0.14488379078261676,0,0,0,0.12,0.01,0.0,0.01,0.1,0.9,-1.2,0.0,0,0,1,0,0.675,0.44
539,3,-0.788995087146759,0.4235061705112457,-0.06582893431186676,0.22078929613043824,0.21206291248391115,0,0,0,0.12,0.01,0.0,0.01,0.1,0.9,-1.2,0.0,0,0,1,0,0.675,0.44
539,4,-0.46712565422058105,-0.4210939109325409,-0.011355545371770859,0.08411741437472495,0.06951513705693092,0,0,0,0.12,0.01,0.0,0.01,0.1,0.9,-1.2,0.0,0,0,1,0,0.675,0.44
539,5,-0.9497945308685303,-0.284647673368454,-2.1801395416259766,0.33534322937426697,0.3133931879192816,0,0,0,0.12,0.01,0.0,0.01,0.1,0.9,-1.2,0.0,0,0,1,0,0.675,0.44
539,6,0.1197291687130928,0.04304228723049164,0.32819369435310364,0.2992271922891605,0.3077602244550716,0,0,0,0.12,0.01,0.0,0.01,0.1,0.9,-1.2,0.0,0,0,1,0,0.675,0.44
539,7,-0.17531713843345642,0.42261430621147156,-0.26204827427864075,0.11197957082162127,-0.0659544026709579,0,0,0,0.12,0.01,0.0,0.01,0.1,0.9,-1.2,0.0,0,0,1,0,0.675,0.44
540,0,-0.4796457588672638,0.057912249118089676,-1.69561767578125,-1.6362083048927718,1.8743619115459855,0,0,0,0.12,0.01,0.0,0.01,0.1,0.9,-1.2,0.0,0,0,1,0,0.675,0.44
540,1,-1.1179559230804443,0.1610737442970276,-3.0764319896698,0.44573747450558704,0.3698820537880226,0,0,0,0.12,0.01,0.0,0.01,0.1,0.9,-1.2,0.0,0,0,1,0,0.675,0.44
540,2,0.06610673666000366,-0.42073729634284973,0.039529599249362946,0.14082126717038487,0.14466879864267973,0,0,0,0.12,0.01,0.0,0.01,0.1,0.9,-1.2,0.0,0,0,1,0,0.675,0.44
540,3,-0.788557231426239,0.4234772324562073,-0.06613720208406448,0.21836908163062066,0.20952565966614753,0,0,0,0.12,0.01,0.0,0.01,0.1,0.9,-1.2,0.0,0,0,1,0,0.675,0.44
540,4,-0.4669709801673889,-0.42109566926956177,-0.011840042658150196,0.08390341357429795,0.06884549899856275,0,0,0,0.12,0.01,0.0,0.01,0.1,0.9,-1.2,0.0,0,0,1,0,0.675,0.44
540,5,-0.9501675367355347,-0.2851817011833191,-2.1809098720550537,0.33440139044948636,0.31212822447589816,0,0,0,0.12,0.01,0.0,0.01,0.1,0.9,-1.2,0.0,0,0,1,0,0.675,0.44
540,6,0.12030429393053055,0.04323830083012581,0.3285060524940491,-0.08228634105727525,0.5804981719116911,0,0,0,0.12,0.01,0.0,0.01,0.1,0.9,-1.2,0.0,0,0,1,0,0.675,0.44
540,7,-0.17527152597904205,0.4226020574569702,-0.26777219772338867,0.11571324824604871,-0.07067832558665159,0,0,0,0.12,0.01,0.0,0.01,0.1,0.9,-1.2,0.0,0,0,1,0,0.675,0.44
541,0,-0.47967591881752014,0.05767063796520233,-1.6909960508346558,-1.6257206953584475,1.8638649291812703,0,0,0,0.12,0.01,0.0,0.01,0.1,0.9,-1.2,0.0,0,0,1,0,0.675,0.44
541,1,-1.1187728643417358,0.16102151572704315,-3.0791397094726562,0.44407185458550685,0.36910239315619237,0,0,0,0.12,0.01,0.0,0.01,0.1,0.9,-1.2,0.0,0,0,1,0,0.675,0.44
541,2,0.0663929134607315,-0.4207259714603424,0.03963860124349594,0.14032382555420958,0.14440958909575383,0,0,0,0.12,0.01,0.0,0.01,0.1,0.9,-1.2,0.0,0,0,1,0,0.675,0.44
541,3,-0.7881243824958801,0.42344847321510315,-0.06642767041921616,0.21602258137427402,0.20693248459137847,0,0,0,0.12,0.01,0.0,0.01,0.1,0.9,-1.2,0.0,0,0,1,0,0.675,0.44
541,4,-0.4668172001838684,-0.4210974872112274,-0.012259664945304394,0.08392682347861473,0.06794062580498512,0,0,0,0.12,0.01,0.0,0.01,0.1,0.9,-1.2,0.0,0,0,1,0,0.675,0.44
541,5,-0.9505396485328674,-0.2857136130332947,-2.181691884994507,0.3334557854352163,0.31086601384304297,0,0,0,0.12,0.01,0.0,0.01,0.1,0.9,-1.2,0.0,0,0,1,0,0.675,0.44
541,6,0.1208786740899086,0.0434342660009861,0.328815221786499,-0.07929585029093655,0.5775771205565158,0,0,0,0.12,0.01,0.0,0.01,0.1,0.9,-1.2,0.0,0,0,1,0,0.675,0.44
541,7,-0.17522701621055603,0.42258960008621216,-0.273945689201355,0.11600143345073101,-0.07195374624803898,0,0,0,0.12,0.01,0.0,0.01,0.1,0.9,-1.2,0.0,0,0,1,0,0.675,0.44
542,0,-0.47968724370002747,0.05763572081923485,-1.5843541622161865,-1.305676515763775,1.5614595670161404,0,0,0,0.12,0.01,0.0,0.01,0.1,0.9,-1.2,0.0,0,0,1,0,0.675,0.44
542,1,-1.1195874214172363,0.16097159683704376,-3.0818161964416504,0.44240466610248164,0.36831267818157587,0,0,0,0.12,0.01,0.0,0.01,0.1,0.9,-1.2,0.0,0,0,1,0,0.675,0.44
542,2,0.06667833775281906,-0.4207146167755127,0.03981446847319603,0.1445036503082086,0.13959789550249085,0,0,0,0.12,0.01,0.0,0.01,0.1,0.9,-1.2,0.0,0,0,1,0,0.675,0.44
542,3,-0.7876964211463928,0.4234199523925781,-0.0667557418346405,0.20945904014121547,0.20788505318153844,0,0,0,0.12,0.01,0.0,0.01,0.1,0.9,-1.2,0.0,0,0,1,0,0.675,0.44
542,4,-0.46666431427001953,-0.42109939455986023,-0.012822031043469906,0.05738253938368982,0.09351850999184423,0,0,0,0.12,0.01,0.0,0.01,0.1,0.9,-1.2,0.0,0,0,1,0,0.675,0.44
542,5,-0.9509109258651733,-0.2862434387207031,-2.1824846267700195,0.3316607124445686,0.31026182106754685,0,0,0,0.12,0.01,0.0,0.01,0.1,0.9,-1.2,0.0,0,0,1,0,0.675,0.44
542,6,0.12132291495800018,0.04358820989727974,0.34925442934036255,-0.014170101360316692,0.5132516533889727,0,0,0,0.12,0.01,0.0,0.01,0.1,0.9,-1.2,0.0,0,0,1,0,0.675,0.44
542,7,-0.17518357932567596,0.4225769639015198,-0.28044411540031433,0.02620581057767959,0.017342590867470784,0,0,0,0.12,0.01,0.0,0.01,0.1,0.9,-1.2,0.0,0,0,1,0,0.675,0.44
543,0,-0.47969263792037964,0.05773242563009262,-1.4498357772827148,-0.8924854533031953,1.1673948900059237,0,0,0,0.12,0.01,0.0,0.01,0.1,0.9,-1.2,0.0,0,0,1,0,0.675,0.44
543,1,-1.1203995943069458,0.1609240025281906,-3.0844616889953613,0.44073243052989,0.3675163277861501,0,0,0,0.12,0.01,0.0,0.01,0.1,0.9,-1.2,0.0,0,0,1,0,0.675,0.44
543,2,0.06696300953626633,-0.42070329189300537,0.03998928144574165,0.14907260882145398,0.1344441856216765,0,0,0,0.12,0.01,0.0,0.01,0.1,0.9,-1.2,0.0,0,0,1,0,0.675,0.44
543,3,-0.7872734069824219,0.4233916103839874,-0.06711617857217789,0.199768058953545,0.21151915937874563,0,0,0,0.12,0.01,0.0,0.01,0.1,0.9,-1.2,0.0,0,0,1,0,0.675,0.44
543,4,-0.4665122926235199,-0.4211013913154602,-0.013492344878613949,0.01335181467324321,0.13653346724718982,0,0,0,0.12,0.01,0.0,0.01,0.1,0.9,-1.2,0.0,0,0,1,0,0.675,0.44
543,5,-0.9512814283370972,-0.28677117824554443,-2.183288812637329,0.32934870739165906,0.3100601194363439,0,0,0,0.12,0.01,0.0,0.01,0.1,0.9,-1.2,0.0,0,0,1,0,0.675,0.44
543,6,0.12173158675432205,0.04374164715409279,0.3745338022708893,0.06663411155337023,0.43316534861928296,0,0,0,0.12,0.01,0.0,0.01,0.1,0.9,-1.2,0.0,0,0,1,0,0.675,0.44
543,7,-0.17514118552207947,0.4225642681121826,-0.2870369851589203,-0.11322050763650188,0.15655992402119884,0,0,0,0.12,0.01,0.0,0.01,0.1,0.9,-1.2,0.0,0,0,1,0,0.675,0.44
544,0,-0.4796956777572632,0.057766612619161606,-1.334805965423584,-0.5375950960677751,0.82446700616299,0,0,0,0.12,0.01,0.0,0.01,0.1,0.9,-1.2,0.0,0,0,1,0,0.675,0.44
544,1,-1.1212095022201538,0.16087870299816132,-3.087076425552368,0.4390478355895105,0.36672262120141363,0,0,0,0.12,0.01,0.0,0.01,0.1,0.9,-1.2,0.0,0,0,1,0,0.675,0.44
544,2,0.06724699586629868,-0.42069193720817566,0.03984927386045456,0.15166695007100395,0.13127367607340523,0,0,0,0.12,0.01,0.0,0.01,0.1,0.9,-1.2,0.0,0,0,1,0,0.675,0.44
544,3,-0.786855936050415,0.4233635365962982,-0.06723116338253021,0.1922493609661966,0.21321764261771142,0,0,0,0.12,0.01,0.0,0.01,0.1,0.9,-1.2,0.0,0,0,1,0,0.675,0.44
544,4,-0.46636122465133667,-0.4211033582687378,-0.012602661736309528,-0.018409355012578996,0.1673041120449734,0,0,0,0.12,0.01,0.0,0.01,0.1,0.9,-1.2,0.0,0,0,1,0,0.675,0.44
544,5,-0.9516509175300598,-0.2872966527938843,-2.1840622425079346,0.3274236644443644,0.3095218216243612,0,0,0,0.12,0.01,0.0,0.01,0.1,0.9,-1.2,0.0,0,0,1,0,0.675,0.44
544,6,0.12214595079421997,0.043909553438425064,0.3957858681678772,0.13566248666055483,0.3645078038095685,0,0,0,0.12,0.01,0.0,0.01,0.1,0.9,-1.2,0.0,0,0,1,0,0.675,0.44
544,7,-0.17509934306144714,0.42255181074142456,-0.2886115610599518,-0.22039029550772943,0.2632974813602571,0,0,0,0.12,0.01,0.0,0.01,0.1,0.9,-1.2,0.0,0,0,1,0,0.675,0.44
545,0,-0.47967392206192017,0.057711873203516006,-1.249550700187683,-0.2741365695449362,0.5668987000438223,0,0,0,0.12,0.01,0.0,0.01,0.1,0.9,-1.2,0.0,0,0,1,0,0.675,0.44
545,1,-1.1220171451568604,0.16083566844463348,-3.089660406112671,0.43734698220403023,0.3659358747371929,0,0,0,0.12,0.01,0.0,0.01,0.1,0.9,-1.2,0.0,0,0,1,0,0.675,0.44
545,2,0.06753039360046387,-0.4206806719303131,0.03936499357223511,0.15198062086523637,0.13038619136392013,0,0,0,0.12,0.01,0.0,0.01,0.1,0.9,-1.2,0.0,0,0,1,0,0.675,0.44
545,3,-0.786444365978241,0.42333588004112244,-0.06687501072883606,0.18918246842806366,0.2108485021453616,0,0,0,0.12,0.01,0.0,0.01,0.1,0.9,-1.2,0.0,0,0,1,0,0.675,0.44
545,4,-0.4662111699581146,-0.42110490798950195,-0.008787964470684528,-0.02918366515613828,0.1771047803161267,0,0,0,0.12,0.01,0.0,0.01,0.1,0.9,-1.2,0.0,0,0,1,0,0.675,0.44
545,5,-0.952019453048706,-0.2878198027610779,-2.1847681999206543,0.32604088235611645,0.30848614525084767,0,0,0,0.12,0.01,0.0,0.01,0.1,0.9,-1.2,0.0,0,0,1,0,0.675,0.44
545,6,0.12257100641727448,0.04409173130989075,0.4110984802246094,0.1867996965106929,0.3134864653888737,0,0,0,0.12,0.01,0.0,0.01,0.1,0.9,-1.2,0.0,0,0,1,0,0.675,0.44
545,7,-0.17505775392055511,0.42253947257995605,-0.2810986340045929,-0.2844229342367784,0.3266634160604612,0,0,0,0.12,0.01,0.0,0.01,0.1,0.9,-1.2,0.0,0,0,1,0,0.675,0.44
546,0,-0.47962185740470886,0.0575808547437191,-1.1919807195663452,-0.09632646370803757,0.39132525850212024,0,0,0,0.12,0.01,0.0,0.01,0.1,0.9,-1.2,0.0,0,0,1,0,0.675,0.44
546,1,-1.1228222846984863,0.16079485416412354,-3.0922136306762695,0.43562737955329056,0.36515911565544956,0,0,0,0.12,0.01,0.0,0.01,0.1,0.9,-1.2,0.0,0,0,1,0,0.675,0.44
546,2,0.06781322509050369,-0.42066964507102966,0.03868771716952324,0.15045935795985294,0.1313340873888867,0,0,0,0.12,0.01,0.0,0.01,0.1,0.9,-1.2,0.0,0,0,1,0,0.675,0.44
546,3,-0.7860386371612549,0.4233088195323944,-0.06618409603834152,0.19042746332331406,0.20452703925923593,0,0,0,0.12,0.01,0.0,0.01,0.1,0.9,-1.2,0.0,0,0,1,0,0.675,0.44
546,4,-0.46606209874153137,-0.4211057722568512,-0.0026688864454627037,-0.021310061766273404,0.16825980003035726,0,0,0,0.12,0.01,0.0,0.01,0.1,0.9,-1.2,0.0,0,0,1,0,0.675,0.44
546,5,-0.9523868560791016,-0.28834068775177,-2.185419797897339,0.3250965570625607,0.30704062231213414,0,0,0,0.12,0.01,0.0,0.01,0.1,0.9,-1.2,0.0,0,0,1,0,0.675,0.44
546,6,0.12300639599561691,0.04428503289818764,0.42094168066978455,0.22132433050091713,0.27894389040057216,0,0,0,0.12,0.01,0.0,0.01,0.1,0.9,-1.2,0.0,0,0,1,0,0.675,0.44
546,7,-0.17501652240753174,0.4225272536277771,-0.265624463558197,-0.31405131533712327,0.35546048000425273,0,0,0,0.12,0.01,0.0,0.01,0.1,0.9,-1.2,0.0,0,0,1,0,0.675,0.44
547,0,-0.47954198718070984,0.05739612504839897,-1.155753493309021,0.01561051547395362,0.27975118219984396,0,0,0,0.12,0.01,0.0,0.01,0.1,0.9,-1.2,0.0,0,0,1,0,0.675,0.44
547,1,-1.1236251592636108,0.1607562154531479,-3.0947349071502686,0.43390374925301706,0.3643765494568522,0,0,0,0.12,0.01,0.0,0.01,0.1,0.9,-1.2,0.0,0,0,1,0,0.675,0.44
547,2,0.06809549778699875,-0.42065882682800293,0.03794867917895317,0.14781139066964002,0.13340675064772756,0,0,0,0.12,0.01,0.0,0.01,0.1,0.9,-1.2,0.0,0,0,1,0,0.675,0.44
547,3,-0.7856383919715881,0.4232824444770813,-0.06544391065835953,0.19479077825862126,0.19536343445462032,0,0,0,0.12,0.01,0.0,0.01,0.1,0.9,-1.2,0.0,0,0,1,0,0.675,0.44
547,4,-0.4659140110015869,-0.42110583186149597,0.004745253827422857,-3.389584123132802e-05,0.14599526988564965,0,0,0,0.12,0.01,0.0,0.01,0.1,0.9,-1.2,0.0,0,0,1,0,0.675,0.44
547,5,-0.9527532458305359,-0.28885936737060547,-2.186052083969116,0.32438866731580823,0.30537171724382317,0,0,0,0.12,0.01,0.0,0.01,0.1,0.9,-1.2,0.0,0,0,1,0,0.675,0.44
547,6,0.12344994395971298,0.044485874474048615,0.42658206820487976,0.24300039400457998,0.25719302306771613,0,0,0,0.12,0.01,0.0,0.01,0.1,0.9,-1.2,0.0,0,0,1,0,0.675,0.44
547,7,-0.17497578263282776,0.4225155711174011,-0.24506503343582153,-0.31744620115122907,0.3579450576063168,0,0,0,0.12,0.01,0.0,0.01,0.1,0.9,-1.2,0.0,0,0,1,0,0.675,0.44
548,0,-0.47944095730781555,0.05717696249485016,-1.134354591369629,0.08195191104614502,0.2128713480690741,0,0,0,0.12,0.01,0.0,0.01,0.1,0.9,-1.2,0.0,0,0,1,0,0.675,0.44
548,1,-1.1244255304336548,0.16071967780590057,-3.0972232818603516,0.43218591175675486,0.36357871331572433,0,0,0,0.12,0.01,0.0,0.01,0.1,0.9,-1.2,0.0,0,0,1,0,0.675,0.44
548,2,0.06837719678878784,-0.4206482768058777,0.03724034130573273,0.14444409857357277,0.1361971293870138,0,0,0,0.12,0.01,0.0,0.01,0.1,0.9,-1.2,0.0,0,0,1,0,0.675,0.44
548,3,-0.7852432131767273,0.42325669527053833,-0.06489908695220947,0.20085172352707772,0.18469692769133658,0,0,0,0.12,0.01,0.0,0.01,0.1,0.9,-1.2,0.0,0,0,1,0,0.675,0.44
548,4,-0.46576690673828125,-0.42110493779182434,0.011415339075028896,0.02692004554101898,0.11802399642637298,0,0,0,0.12,0.01,0.0,0.01,0.1,0.9,-1.2,0.0,0,0,1,0,0.675,0.44
548,5,-0.9531185030937195,-0.2893758714199066,-2.1866962909698486,0.3237599582252285,0.3036301284256198,0,0,0,0.12,0.01,0.0,0.01,0.1,0.9,-1.2,0.0,0,0,1,0,0.675,0.44
548,6,0.12389930337667465,0.04469134286046028,0.42931264638900757,0.25572207158451987,0.24437526280039834,0,0,0,0.12,0.01,0.0,0.01,0.1,0.9,-1.2,0.0,0,0,1,0,0.675,0.44
548,7,-0.17493553459644318,0.42250511050224304,-0.22196289896965027,-0.29518928501843594,0.3347673465692916,0,0,0,0.12,0.01,0.0,0.01,0.1,0.9,-1.2,0.0,0,0,1,0,0.675,0.44
549,0,-0.4793262183666229,0.05693694204092026,-1.1225192546844482,0.11890253597615981,0.17494743889452194,0,0,0,0.12,0.01,0.0,0.01,0.1,0.9,-1.2,0.0,0,0,1,0,0.675,0.44
549,1,-1.1252235174179077,0.1606852263212204,-3.0996789932250977,0.4304752701187861,0.3627643233870732,0,0,0,0.12,0.01,0.0,0.01,0.1,0.9,-1.2,0.0,0,0,1,0,0.675,0.44
549,2,0.06865832954645157,-0.42063790559768677,0.036670636385679245,0.1409824870722889,0.13907944334572564,0,0,0,0.12,0.01,0.0,0.01,0.1,0.9,-1.2,0.0,0,0,1,0,0.675,0.44
549,3,-0.784852921962738,0.42323142290115356,-0.06475627422332764,0.20725686940106924,0.17381776777353708,0,0,0,0.12,0.01,0.0,0.01,0.1,0.9,-1.2,0.0,0,0,1,0,0.675,0.44
549,4,-0.4656207859516144,-0.4211030602455139,0.016732636839151382,0.05626442401394831,0.08763625354781164,0,0,0,0.12,0.01,0.0,0.01,0.1,0.9,-1.2,0.0,0,0,1,0,0.675,0.44
549,5,-0.9534827470779419,-0.28989019989967346,-2.187371253967285,0.3231147632419994,0.3019092574298451,0,0,0,0.12,0.01,0.0,0.01,0.1,0.9,-1.2,0.0,0,0,1,0,0.675,0.44
549,6,0.12435247749090195,0.04489937797188759,0.43018195033073425,0.26264638026690346,0.23734762946629662,0,0,0,0.12,0.01,0.0,0.01,0.1,0.9,-1.2,0.0,0,0,1,0,0.675,0.44
549,7,-0.17489579319953918,0.4224964678287506,-0.19829148054122925,-0.24466241176235998,0.28334425414908254,0,0,0,0.12,0.01,0.0,0.01,0.1,0.9,-1.2,0.0,0,0,1,0,0.675,0.44
550,0,-0.4792034924030304,0.056685034185647964,-1.1164865493774414,0.13799384904133613,0.15466605949176015,0,0,0,0.12,0.01,0.0,0.01,0.1,0.9,-1.2,0.0,0,0,1,0,0.675,0.44
550,1,-1.12601900100708,0.1606527715921402,-3.102102279663086,0.42877693866214067,0.36192886139431685,0,0,0,0.12,0.01,0.0,0.01,0.1,0.9,-1.2,0.0,0,0,1,0,0.675,0.44
550,2,0.06893888860940933,-0.4206276535987854,0.03634335845708847,0.13795887356913653,0.14152122610890305,0,0,0,0.12,0.01,0.0,0.01,0.1,0.9,-1.2,0.0,0,0,1,0,0.675,0.44
550,3,-0.7844672799110413,0.4232063591480255,-0.06519504636526108,0.21266962845386325,0.16401819627224148,0,0,0,0.12,0.01,0.0,0.01,0.1,0.9,-1.2,0.0,0,0,1,0,0.675,0.44
550,4,-0.4654756784439087,-0.421100378036499,0.020270949229598045,0.0851438051758944,0.057696937888985965,0,0,0,0.12,0.01,0.0,0.01,0.1,0.9,-1.2,0.0,0,0,1,0,0.675,0.44
550,5,-0.9538459777832031,-0.290402352809906,-2.1880836486816406,0.3224079680958902,0.30025451654995333,0,0,0,0.12,0.01,0.0,0.01,0.1,0.9,-1.2,0.0,0,0,1,0,0.675,0.44
550,6,0.12480756640434265,0.04510816931724548,0.4299409091472626,0.26604016083102927,0.2338476930298258,0,0,0,0.12,0.01,0.0,0.01,0.1,0.9,-1.2,0.0,0,0,1,0,0.675,0.44
550,7,-0.17485661804676056,0.4224896728992462,-0.17586688697338104,-0.16960256046224834,0.20740972703863383,0,0,0,0.12,0.01,0.0,0.01,0.1,0.9,-1.2,0.0,0,0,1,0,0.675,0.44
551,0,-0.4790765643119812,0.05642689764499664,-1.113775372505188,0.1468375118249763,0.14451967759190906,0,0,0,0.12,0.01,0.0,0.01,0.1,0.9,-1.2,0.0,0,0,1,0,0.675,0.44
551,1,-1.1268121004104614,0.16062232851982117,-3.104494333267212,0.42708796211474087,0.3610758786559806,0,0,0,0.12,0.01,0.0,0.01,0.1,0.9,-1.2,0.0,0,0,1,0,0.675,0.44
551,2,0.06921888142824173,-0.4206174910068512,0.036261677742004395,0.13547718705135908,0.14341893611949355,0,0,0,0.12,0.01,0.0,0.01,0.1,0.9,-1.2,0.0,0,0,1,0,0.675,0.44
551,3,-0.7840861678123474,0.42318132519721985,-0.06627984344959259,0.21637015380902275,0.15599037370638863,0,0,0,0.12,0.01,0.0,0.01,0.1,0.9,-1.2,0.0,0,0,1,0,0.675,0.44
551,4,-0.4653316140174866,-0.4210972785949707,0.021845782175660133,0.1111356363613723,0.030639703480470352,0,0,0,0.12,0.01,0.0,0.01,0.1,0.9,-1.2,0.0,0,0,1,0,0.675,0.44
551,5,-0.9542081952095032,-0.29091230034828186,-2.1888339519500732,0.32162702870704085,0.2986779730286464,0,0,0,0.12,0.01,0.0,0.01,0.1,0.9,-1.2,0.0,0,0,1,0,0.675,0.44
551,6,0.125263974070549,0.0453171543776989,0.4290669858455658,0.2673799648226984,0.2324009285031073,0,0,0,0.12,0.01,0.0,0.01,0.1,0.9,-1.2,0.0,0,0,1,0,0.675,0.44
551,7,-0.17481814324855804,0.4224840998649597,-0.1566205471754074,-0.08337574628803689,0.12030431804869134,0,0,0,0.12,0.01,0.0,0.01,0.1,0.9,-1.2,0.0,0,0,1,0,0.675,0.44
552,0,-0.47894781827926636,0.05616594851016998,-1.1128485202789307,0.15015798544548403,0.1398381915126001,0,0,0,0.12,0.01,0.0,0.01,0.1,0.9,-1.2,0.0,0,0,1,0,0.675,0.44
552,1,-1.1276028156280518,0.1605938822031021,-3.106855630874634,0.42540873096954995,0.3602055211209042,0,0,0,0.12,0.01,0.0,0.01,0.1,0.9,-1.2,0.0,0,0,1,0,0.675,0.44
552,2,0.06949830055236816,-0.42060738801956177,0.036347441375255585,0.13337887273150503,0.14493088974636972,0,0,0,0.12,0.01,0.0,0.01,0.1,0.9,-1.2,0.0,0,0,1,0,0.675,0.44
552,3,-0.7837094068527222,0.42315614223480225,-0.0679154023528099,0.21819065404011265,0.14988382267878997,0,0,0,0.12,0.01,0.0,0.01,0.1,0.9,-1.2,0.0,0,0,1,0,0.675,0.44
552,4,-0.465188592672348,-0.4210941791534424,0.021352197974920273,0.13219810760941067,0.008517178526262856,0,0,0,0.12,0.01,0.0,0.01,0.1,0.9,-1.2,0.0,0,0,1,0,0.675,0.44
552,5,-0.9545694589614868,-0.291420042514801,-2.1896185874938965,0.32077260899175025,0.2971789629496255,0,0,0,0.12,0.01,0.0,0.01,0.1,0.9,-1.2,0.0,0,0,1,0,0.675,0.44
552,6,0.12572123110294342,0.04552588239312172,0.4278841018676758,0.2676752237298293,0.23199864945628212,0,0,0,0.12,0.01,0.0,0.01,0.1,0.9,-1.2,0.0,0,0,1,0,0.675,0.44
552,7,-0.1747804880142212,0.4224790632724762,-0.14231295883655548,-0.00048270745401039067,0.036517708731933975,0,0,0,0.12,0.01,0.0,0.01,0.1,0.9,-1.2,0.0,0,0,1,0,0.675,0.44
553,0,-0.4788189232349396,0.05590464174747467,-1.1128016710281372,0.15075501106516392,0.1378549704717013,0,0,0,0.12,0.01,0.0,0.01,0.1,0.9,-1.2,0.0,0,0,1,0,0.675,0.44
553,1,-1.128390908241272,0.16056737303733826,-3.1091878414154053,0.4237321986526417,0.3593259082466198,0,0,0,0.12,0.01,0.0,0.01,0.1,0.9,-1.2,0.0,0,0,1,0,0.675,0.44
553,2,0.06977713108062744,-0.42059722542762756,0.036563266068696976,0.1317605612278264,0.14596036696431228,0,0,0,0.12,0.01,0.0,0.01,0.1,0.9,-1.2,0.0,0,0,1,0,0.675,0.44
553,3,-0.7833370566368103,0.4231305718421936,-0.06994672119617462,0.21806773102503105,0.1457479938246699,0,0,0,0.12,0.01,0.0,0.01,0.1,0.9,-1.2,0.0,0,0,1,0,0.675,0.44
553,4,-0.46504664421081543,-0.42109137773513794,0.018873626366257668,0.14730488656416288,-0.00763567684545865,0,0,0,0.12,0.01,0.0,0.01,0.1,0.9,-1.2,0.0,0,0,1,0,0.675,0.44
553,5,-0.954929769039154,-0.2919255495071411,-2.190432548522949,0.3198559829289434,0.29574668917112373,0,0,0,0.12,0.01,0.0,0.01,0.1,0.9,-1.2,0.0,0,0,1,0,0.675,0.44
553,6,0.12617900967597961,0.04573407769203186,0.4265570640563965,0.26742963230049316,0.2321380552109509,0,0,0,0.12,0.01,0.0,0.01,0.1,0.9,-1.2,0.0,0,0,1,0,0.675,0.44
553,7,-0.17474372684955597,0.4224741458892822,-0.13393135368824005,0.07016878845310015,-0.03503341870522302,0,0,0,0.12,0.01,0.0,0.01,0.1,0.9,-1.2,0.0,0,0,1,0,0.675,0.44
554,0,-0.4786904454231262,0.05564374476671219,-1.1131454706192017,0.1501027873539166,0.13710737910039858,0,0,0,0.12,0.01,0.0,0.01,0.1,0.9,-1.2,0.0,0,0,1,0,0.675,0.44
554,1,-1.1291766166687012,0.1605428159236908,-3.1114914417266846,0.42205603658216295,0.3584402030800074,0,0,0,0.12,0.01,0.0,0.01,0.1,0.9,-1.2,0.0,0,0,1,0,0.675,0.44
554,2,0.07005538046360016,-0.4205870032310486,0.036953117698431015,0.13075328078195048,0.1463758924968581,0,0,0,0.12,0.01,0.0,0.01,0.1,0.9,-1.2,0.0,0,0,1,0,0.675,0.44
554,3,-0.782969057559967,0.423104465007782,-0.07226884365081787,0.21600987178018788,0.1435683800584962,0,0,0,0.12,0.01,0.0,0.01,0.1,0.9,-1.2,0.0,0,0,1,0,0.675,0.44
554,4,-0.4649057686328888,-0.4210890829563141,0.014754354022443295,0.15663832737856428,-0.01799741699152512,0,0,0,0.12,0.01,0.0,0.01,0.1,0.9,-1.2,0.0,0,0,1,0,0.675,0.44
554,5,-0.9552891850471497,-0.2924288511276245,-2.191270112991333,0.3188920487133761,0.2943656574519376,0,0,0,0.12,0.01,0.0,0.01,0.1,0.9,-1.2,0.0,0,0,1,0,0.675,0.44
554,6,0.12663708627223969,0.045941658318042755,0.42518243193626404,0.2669492066215156,0.23251262304080744,0,0,0,0.12,0.01,0.0,0.01,0.1,0.9,-1.2,0.0,0,0,1,0,0.675,0.44
554,7,-0.17470782995224,0.4224693775177002,-0.1314629465341568,0.12923494058146495,-0.09498791845932025,0,0,0,0.12,0.01,0.0,0.01,0.1,0.9,-1.2,0.0,0,0,1,0,0.675,0.44
555,0,-0.478562593460083,0.05538370832800865,-1.1136311292648315,0.1489509928192437,0.13685146093708866,0,0,0,0.12,0.01,0.0,0.01,0.1,0.9,-1.2,0.0,0,0,1,0,0.675,0.44
555,1,-1.1299598217010498,0.16052013635635376,-3.113767147064209,0.4203786533699487,0.3575505334510352,0,0,0,0.12,0.01,0.0,0.01,0.1,0.9,-1.2,0.0,0,0,1,0,0.675,0.44
555,2,0.07033302634954453,-0.42057666182518005,0.037489138543605804,0.1303676765379939,0.14616750665330555,0,0,0,0.12,0.01,0.0,0.01,0.1,0.9,-1.2,0.0,0,0,1,0,0.675,0.44
555,3,-0.7826054096221924,0.42307770252227783,-0.07479154318571091,0.21204066935430826,0.14331673916925128,0,0,0,0.12,0.01,0.0,0.01,0.1,0.9,-1.2,0.0,0,0,1,0,0.675,0.44
555,4,-0.46476590633392334,-0.4210873246192932,0.00954593624919653,0.16159561586689372,-0.023966419819110837,0,0,0,0.12,0.01,0.0,0.01,0.1,0.9,-1.2,0.0,0,0,1,0,0.675,0.44
555,5,-0.9556475877761841,-0.29292991757392883,-2.1921262741088867,0.3178966627682089,0.2930205478107096,0,0,0,0.12,0.01,0.0,0.01,0.1,0.9,-1.2,0.0,0,0,1,0,0.675,0.44
555,6,0.1270953267812729,0.046148572117090225,0.42381614446640015,0.26640229591623127,0.2329538249085826,0,0,0,0.12,0.01,0.0,0.01,0.1,0.9,-1.2,0.0,0,0,1,0,0.675,0.44
555,7,-0.17467279732227325,0.42246484756469727,-0.1341719925403595,0.18047322963367063,-0.14708855261097506,0,0,0,0.12,0.01,0.0,0.01,0.1,0.9,-1.2,0.0,0,0,1,0,0.675,0.44
556,0,-0.4784354567527771,0.05512480065226555,-1.1141400337219238,0.14767150824767047,0.13671992475289413,0,0,0,0.12,0.01,0.0,0.01,0.1,0.9,-1.2,0.0,0,0,1,0,0.675,0.44
556,1,-1.1307404041290283,0.16049930453300476,-3.1160154342651367,0.4186989662869069,0.3566582801120189,0,0,0,0.12,0.01,0.0,0.01,0.1,0.9,-1.2,0.0,0,0,1,0,0.675,0.44
556,2,0.07061007618904114,-0.420566201210022,0.03805218264460564,0.1302620351470947,0.1456764459453583,0,0,0,0.12,0.01,0.0,0.01,0.1,0.9,-1.2,0.0,0,0,1,0,0.675,0.44
556,3,-0.7822459936141968,0.4230502247810364,-0.07736600190401077,0.2064578400184047,0.14469201702581524,0,0,0,0.12,0.01,0.0,0.01,0.1,0.9,-1.2,0.0,0,0,1,0,0.675,0.44
556,4,-0.46462705731391907,-0.42108625173568726,0.003939695190638304,0.16359429426626468,-0.026963833646338222,0,0,0,0.12,0.01,0.0,0.01,0.1,0.9,-1.2,0.0,0,0,1,0,0.675,0.44
556,5,-0.9560050964355469,-0.29342880845069885,-2.192997932434082,0.31687616747735553,0.29170483904959144,0,0,0,0.12,0.01,0.0,0.01,0.1,0.9,-1.2,0.0,0,0,1,0,0.675,0.44
556,6,0.12755367159843445,0.04635480418801308,0.42248091101646423,0.26585794553833186,0.23339264526290718,0,0,0,0.12,0.01,0.0,0.01,0.1,0.9,-1.2,0.0,0,0,1,0,0.675,0.44
556,7,-0.17463865876197815,0.4224604666233063,-0.14120663702487946,0.22509602832619002,-0.19254206123772913,0,0,0,0.12,0.01,0.0,0.01,0.1,0.9,-1.2,0.0,0,0,1,0,0.675,0.44
557,0,-0.47830912470817566,0.05486714839935303,-1.1146221160888672,0.14644134799177327,0.13653745492761454,0,0,0,0.12,0.01,0.0,0.01,0.1,0.9,-1.2,0.0,0,0,1,0,0.675,0.44
557,1,-1.1315186023712158,0.16048026084899902,-3.1182358264923096,0.41702123746989533,0.35575965776325896,0,0,0,0.12,0.01,0.0,0.01,0.1,0.9,-1.2,0.0,0,0,1,0,0.675,0.44
557,2,0.07088652998209,-0.42055559158325195,0.03857302665710449,0.1302766700270401,0.14506224794361725,0,0,0,0.12,0.01,0.0,0.01,0.1,0.9,-1.2,0.0,0,0,1,0,0.675,0.44
557,3,-0.7818909287452698,0.42302215099334717,-0.07981323450803757,0.199966629483169,0.1469889083128515,0,0,0,0.12,0.01,0.0,0.01,0.1,0.9,-1.2,0.0,0,0,1,0,0.675,0.44
557,4,-0.46448925137519836,-0.4210859537124634,-0.0034497103188186884,0.15831962708321207,-0.022670154608160176,0,0,0,0.12,0.01,0.0,0.01,0.1,0.9,-1.2,0.0,0,0,1,0,0.675,0.44
557,5,-0.9563616514205933,-0.2939254641532898,-2.193882703781128,0.3158367794057394,0.29041237420830474,0,0,0,0.12,0.01,0.0,0.01,0.1,0.9,-1.2,0.0,0,0,1,0,0.675,0.44
557,6,0.12801209092140198,0.046560343354940414,0.42118409276008606,0.2653498161673558,0.23379598966836806,0,0,0,0.12,0.01,0.0,0.01,0.1,0.9,-1.2,0.0,0,0,1,0,0.675,0.44
557,7,-0.17460541427135468,0.42245587706565857,-0.15197287499904633,0.2588578692438549,-0.22710808057212298,0,0,0,0.12,0.01,0.0,0.01,0.1,0.9,-1.2,0.0,0,0,1,0,0.675,0.44
558,0,-0.4781835377216339,0.05461079627275467,-1.1150619983673096,0.1453477468348616,0.1362191114567644,0,0,0,0.12,0.01,0.0,0.01,0.1,0.9,-1.2,0.0,0,0,1,0,0.675,0.44
558,1,-1.1322941780090332,0.16046297550201416,-3.120429039001465,0.41534266341362913,0.3548572910961059,0,0,0,0.12,0.01,0.0,0.01,0.1,0.9,-1.2,0.0,0,0,1,0,0.675,0.44
558,2,0.0711623877286911,-0.4205448627471924,0.039096396416425705,0.1304936730582136,0.14424341681414662,0,0,0,0.12,0.01,0.0,0.01,0.1,0.9,-1.2,0.0,0,0,1,0,0.675,0.44
558,3,-0.7815400958061218,0.42299363017082214,-0.08201734721660614,0.19314227237460768,0.149633370497249,0,0,0,0.12,0.01,0.0,0.01,0.1,0.9,-1.2,0.0,0,0,1,0,0.675,0.44
558,4,-0.46435239911079407,-0.4210865795612335,-0.009630929678678513,0.15376177229620475,-0.019091842553391625,0,0,0,0.12,0.01,0.0,0.01,0.1,0.9,-1.2,0.0,0,0,1,0,0.675,0.44
558,5,-0.9567172527313232,-0.29441994428634644,-2.1947782039642334,0.31478598306466177,0.28913572838019297,0,0,0,0.12,0.01,0.0,0.01,0.1,0.9,-1.2,0.0,0,0,1,0,0.675,0.44
558,6,0.12847059965133667,0.04676520451903343,0.41992685198783875,0.2648946309567219,0.23414755220405992,0,0,0,0.12,0.01,0.0,0.01,0.1,0.9,-1.2,0.0,0,0,1,0,0.675,0.44
558,7,-0.1745731085538864,0.42245063185691833,-0.16600868105888367,0.2750721998442915,-0.24411240368383194,0,0,0,0.12,0.01,0.0,0.01,0.1,0.9,-1.2,0.0,0,0,1,0,0.675,0.44
559,0,-0.47805875539779663,0.05435574799776077,-1.1154608726501465,0.14440167670596044,0.13575442905079924,0,0,0,0.12,0.01,0.0,0.01,0.1,0.9,-1.2,0.0,0,0,1,0,0.675,0.44
559,1,-1.13306725025177,0.1604474037885666,-3.1225948333740234,0.41366904450636344,0.35394567774552865,0,0,0,0.12,0.01,0.0,0.01,0.1,0.9,-1.2,0.0,0,0,1,0,0.675,0.44
559,2,0.07143763452768326,-0.42053404450416565,0.03965536132454872,0.13096742747072324,0.14316515209432498,0,0,0,0.12,0.01,0.0,0.01,0.1,0.9,-1.2,0.0,0,0,1,0,0.675,0.44
559,3,-0.7811934947967529,0.42296478152275085,-0.08394571393728256,0.18626949209674498,0.15234243851200438,0,0,0,0.12,0.01,0.0,0.01,0.1,0.9,-1.2,0.0,0,0,1,0,0.675,0.44
559,4,-0.46421658992767334,-0.421088308095932,-0.016025610268115997,0.14519913337691026,-0.011503367047144946,0,0,0,0.12,0.01,0.0,0.01,0.1,0.9,-1.2,0.0,0,0,1,0,0.675,0.44
559,5,-0.9570719003677368,-0.294912189245224,-2.1956825256347656,0.3137271611011727,0.28787169773214033,0,0,0,0.12,0.01,0.0,0.01,0.1,0.9,-1.2,0.0,0,0,1,0,0.675,0.44
559,6,0.12892919778823853,0.046969398856163025,0.41870641708374023,0.2644901436129142,0.23444987718672264,0,0,0,0.12,0.01,0.0,0.01,0.1,0.9,-1.2,0.0,0,0,1,0,0.675,0.44
559,7,-0.17454177141189575,0.42244455218315125,-0.18260233104228973,0.27204081674043107,-0.24186950993660855,0,0,0,0.12,0.01,0.0,0.01,0.1,0.9,-1.2,0.0,0,0,1,0,0.675,0.44
560,0,-0.47793471813201904,0.05410199239850044,-1.1158279180526733,0.14357386548855203,0.13517199437282185,0,0,0,0.12,0.01,0.0,0.01,0.1,0.9,-1.2,0.0,0,0,1,0,0.675,0.44
560,1,-1.1338376998901367,0.1604335457086563,-3.1247334480285645,0.4119965151322544,0.35302892174595,0,0,0,0.12,0.01,0.0,0.01,0.1,0.9,-1.2,0.0,0,0,1,0,0.675,0.44
560,2,0.07171227782964706,-0.42052310705184937,0.04018329456448555,0.13154341855511864,0.14198250493540565,0,0,0,0.12,0.01,0.0,0.01,0.1,0.9,-1.2,0.0,0,0,1,0,0.675,0.44
560,3,-0.7808511257171631,0.42293572425842285,-0.08557344973087311,0.17960944582086016,0.1548576969994981,0,0,0,0.12,0.01,0.0,0.01,0.1,0.9,-1.2,0.0,0,0,1,0,0.675,0.44
560,4,-0.464081734418869,-0.4210910201072693,-0.022218098863959312,0.13412572453745542,-0.0014044196439617668,0,0,0,0.12,0.01,0.0,0.01,0.1,0.9,-1.2,0.0,0,0,1,0,0.675,0.44
560,5,-0.9574257135391235,-0.2954022288322449,-2.196594715118408,0.31266134981460514,0.286619186360169,0,0,0,0.12,0.01,0.0,0.01,0.1,0.9,-1.2,0.0,0,0,1,0,0.675,0.44
560,6,0.12938787043094635,0.04717295616865158,0.41751471161842346,0.26410893655964285,0.23473002456477735,0,0,0,0.12,0.01,0.0,0.01,0.1,0.9,-1.2,0.0,0,0,1,0,0.675,0.44
560,7,-0.1745113879442215,0.4224378168582916,-0.2005971372127533,0.2554306860410704,-0.22605006651516094,0,0,0,0.12,0.01,0.0,0.01,0.1,0.9,-1.2,0.0,0,0,1,0,0.675,0.44
561,0,-0.47781139612197876,0.05384950339794159,-1.1161739826202393,0.1427963770794307,0.13453726993327988,0,0,0,0.12,0.01,0.0,0.01,0.1,0.9,-1.2,0.0,0,0,1,0,0.675,0.44
561,1,-1.1346056461334229,0.16042137145996094,-3.126845359802246,0.4103272778770826,0.35210482051158926,0,0,0,0.12,0.01,0.0,0.01,0.1,0.9,-1.2,0.0,0,0,1,0,0.675,0.44
561,2,0.07198631018400192,-0.42051205039024353,0.04060995951294899,0.13201866320239516,0.14089801141155747,0,0,0,0.12,0.01,0.0,0.01,0.1,0.9,-1.2,0.0,0,0,1,0,0.675,0.44
561,3,-0.7805129289627075,0.4229065477848053,-0.08685291558504105,0.17345801273135897,0.15688475689144377,0,0,0,0.12,0.01,0.0,0.01,0.1,0.9,-1.2,0.0,0,0,1,0,0.675,0.44
561,4,-0.4639478921890259,-0.4210945963859558,-0.027852989733219147,0.12190009216792552,0.009845097260403933,0,0,0,0.12,0.01,0.0,0.01,0.1,0.9,-1.2,0.0,0,0,1,0,0.675,0.44
561,5,-0.9577785730361938,-0.29589006304740906,-2.197514772415161,0.3115914242310032,0.2853756172614589,0,0,0,0.12,0.01,0.0,0.01,0.1,0.9,-1.2,0.0,0,0,1,0,0.675,0.44
561,6,0.12984663248062134,0.047375913709402084,0.41634881496429443,0.2637309073967098,0.2350074112850071,0,0,0,0.12,0.01,0.0,0.01,0.1,0.9,-1.2,0.0,0,0,1,0,0.675,0.44
561,7,-0.1744818389415741,0.4224308729171753,-0.2186688929796219,0.2367237674662358,-0.2081272991964108,0,0,0,0.12,0.01,0.0,0.01,0.1,0.9,-1.2,0.0,0,0,1,0,0.675,0.44
562,0,-0.47768881916999817,0.053598273545503616,-1.1165088415145874,0.1420085323110605,0.1339088785394644,0,0,0,0.12,0.01,0.0,0.01,0.1,0.9,-1.2,0.0,0,0,1,0,0.675,0.44
562,1,-1.1353710889816284,0.16041086614131927,-3.1289308071136475,0.40866396380175,0.35117086219083427,0,0,0,0.12,0.01,0.0,0.01,0.1,0.9,-1.2,0.0,0,0,1,0,0.675,0.44
562,2,0.07225973904132843,-0.42050090432167053,0.04096590727567673,0.1324360370150219,0.13986918335050239,0,0,0,0.12,0.01,0.0,0.01,0.1,0.9,-1.2,0.0,0,0,1,0,0.675,0.44
562,3,-0.7801789045333862,0.42287734150886536,-0.08777641505002975,0.167983515707543,0.15825702384323828,0,0,0,0.12,0.01,0.0,0.01,0.1,0.9,-1.2,0.0,0,0,1,0,0.675,0.44
562,4,-0.4638150632381439,-0.42109882831573486,-0.03271885961294174,0.1097660697650993,0.021000709419242133,0,0,0,0.12,0.01,0.0,0.01,0.1,0.9,-1.2,0.0,0,0,1,0,0.675,0.44
562,5,-0.9581305980682373,-0.29637566208839417,-2.198441505432129,0.31051874317777406,0.28414016805040593,0,0,0,0.12,0.01,0.0,0.01,0.1,0.9,-1.2,0.0,0,0,1,0,0.675,0.44
562,6,0.1303054392337799,0.04757828637957573,0.4152096211910248,0.2633540365772097,0.23528292440606674,0,0,0,0.12,0.01,0.0,0.01,0.1,0.9,-1.2,0.0,0,0,1,0,0.675,0.44
562,7,-0.17445296049118042,0.4224241375923157,-0.23580487072467804,0.22661073832787237,-0.19877657248653133,0,0,0,0.12,0.01,0.0,0.01,0.1,0.9,-1.2,0.0,0,0,1,0,0.675,0.44
563,0,-0.4775669276714325,0.05334828048944473,-1.1168373823165894,0.14118970210366477,0.13330497567839394,0,0,0,0.12,0.01,0.0,0.01,0.1,0.9,-1.2,0.0,0,0,1,0,0.675,0.44
563,1,-1.1361339092254639,0.16040199995040894,-3.1309902667999268,0.4069995930165311,0.3502347419291476,0,0,0,0.12,0.01,0.0,0.01,0.1,0.9,-1.2,0.0,0,0,1,0,0.675,0.44
563,2,0.0725325495004654,-0.42048966884613037,0.04131561517715454,0.1329820452078667,0.13870951553737257,0,0,0,0.12,0.01,0.0,0.01,0.1,0.9,-1.2,0.0,0,0,1,0,0.675,0.44
563,3,-0.7798490524291992,0.4228481948375702,-0.08840817213058472,0.16314707622045804,0.15901719108110138,0,0,0,0.12,0.01,0.0,0.01,0.1,0.9,-1.2,0.0,0,0,1,0,0.675,0.44
563,4,-0.46368321776390076,-0.42110350728034973,-0.036790236830711365,0.09846699627192004,0.03132082132546917,0,0,0,0.12,0.01,0.0,0.01,0.1,0.9,-1.2,0.0,0,0,1,0,0.675,0.44
563,5,-0.9584816694259644,-0.2968590557575226,-2.199374198913574,0.30944872874407353,0.28290753584714345,0,0,0,0.12,0.01,0.0,0.01,0.1,0.9,-1.2,0.0,0,0,1,0,0.675,0.44
563,6,0.13076429069042206,0.04778008162975311,0.41409817337989807,0.26299001152528834,0.23554499571309973,0,0,0,0.12,0.01,0.0,0.01,0.1,0.9,-1.2,0.0,0,0,1,0,0.675,0.44
563,7,-0.17442476749420166,0.42241761088371277,-0.25169607996940613,0.22628871576403556,-0.19919364379261906,0,0,0,0.12,0.01,0.0,0.01,0.1,0.9,-1.2,0.0,0,0,1,0,0.675,0.44
564,0,-0.4774457514286041,0.053099531680345535,-1.1171598434448242,0.14035976139624656,0.13270672949234902,0,0,0,0.12,0.01,0.0,0.01,0.1,0.9,-1.2,0.0,0,0,1,0,0.675,0.44
564,1,-1.1368941068649292,0.16039472818374634,-3.133024215698242,0.4053388373940857,0.34929131101671146,0,0,0,0.12,0.01,0.0,0.01,0.1,0.9,-1.2,0.0,0,0,1,0,0.675,0.44
564,2,0.07280474901199341,-0.42047837376594543,0.041636690497398376,0.1335532201312643,0.13752295245899143,0,0,0,0.12,0.01,0.0,0.01,0.1,0.9,-1.2,0.0,0,0,1,0,0.675,0.44
564,3,-0.7795232534408569,0.42281925678253174,-0.08881981670856476,0.15900962257520226,0.15910561179979774,0,0,0,0.12,0.01,0.0,0.01,0.1,0.9,-1.2,0.0,0,0,1,0,0.675,0.44
564,4,-0.4635523557662964,-0.42110851407051086,-0.04009527713060379,0.0882868523231185,0.04052274874537821,0,0,0,0.12,0.01,0.0,0.01,0.1,0.9,-1.2,0.0,0,0,1,0,0.675,0.44
564,5,-0.9588318467140198,-0.2973402440547943,-2.200312614440918,0.30838162825742477,0.2816780097659517,0,0,0,0.12,0.01,0.0,0.01,0.1,0.9,-1.2,0.0,0,0,1,0,0.675,0.44
564,6,0.1312231570482254,0.04798131436109543,0.41301408410072327,0.26263451112271596,0.23579815494059272,0,0,0,0.12,0.01,0.0,0.01,0.1,0.9,-1.2,0.0,0,0,1,0,0.675,0.44
564,7,-0.17439736425876617,0.42241108417510986,-0.26677948236465454,0.23069237529068268,-0.2043191025289801,0,0,0,0.12,0.01,0.0,0.01,0.1,0.9,-1.2,0.0,0,0,1,0,0.675,0.44
565,0,-0.47732529044151306,0.05285203829407692,-1.1174745559692383,0.13953240498956077,0.1320991040760673,0,0,0,0.12,0.01,0.0,0.01,0.1,0.9,-1.2,0.0,0,0,1,0,0.675,0.44
565,1,-1.137651801109314,0.1603890210390091,-3.1350326538085938,0.403680179363816,0.3483423850473473,0,0,0,0.12,0.01,0.0,0.01,0.1,0.9,-1.2,0.0,0,0,1,0,0.675,0.44
565,2,0.07307633012533188,-0.4204670190811157,0.04185422509908676,0.13393103295947076,0.13652751630162238,0,0,0,0.12,0.01,0.0,0.01,0.1,0.9,-1.2,0.0,0,0,1,0,0.675,0.44
565,3,-0.7792015671730042,0.4227905571460724,-0.08903131633996964,0.15557509369195108,0.15851995640456076,0,0,0,0.12,0.01,0.0,0.01,0.1,0.9,-1.2,0.0,0,0,1,0,0.675,0.44
565,4,-0.4634225070476532,-0.4211138188838959,-0.04263796657323837,0.0792974504431375,0.04853616927064576,0,0,0,0.12,0.01,0.0,0.01,0.1,0.9,-1.2,0.0,0,0,1,0,0.675,0.44
565,5,-0.9591810703277588,-0.2978192865848541,-2.2012569904327393,0.3073204750728864,0.2804483776378375,0,0,0,0.12,0.01,0.0,0.01,0.1,0.9,-1.2,0.0,0,0,1,0,0.675,0.44
565,6,0.13168206810951233,0.048181984573602676,0.41195622086524963,0.2622906130688726,0.23603965221471204,0,0,0,0.12,0.01,0.0,0.01,0.1,0.9,-1.2,0.0,0,0,1,0,0.675,0.44
565,7,-0.17437081038951874,0.42240431904792786,-0.28171980381011963,0.23324432361294592,-0.20758660274912683,0,0,0,0.12,0.01,0.0,0.01,0.1,0.9,-1.2,0.0,0,0,1,0,0.675,0.44
566,0,-0.4772055149078369,0.05260580778121948,-1.117780327796936,0.13873815129322034,0.1314532201476671,0,0,0,0.12,0.01,0.0,0.01,0.1,0.9,-1.2,0.0,0,0,1,0,0.675,0.44
566,1,-1.138406753540039,0.16038481891155243,-3.1370158195495605,0.40202722443515754,0.3473848949534228,0,0,0,0.12,0.01,0.0,0.01,0.1,0.9,-1.2,0.0,0,0,1,0,0.675,0.44
566,2,0.0733472928404808,-0.420455664396286,0.04197338968515396,0.13404992359021925,0.1357901082720397,0,0,0,0.12,0.01,0.0,0.01,0.1,0.9,-1.2,0.0,0,0,1,0,0.675,0.44
566,3,-0.7788838744163513,0.4227621853351593,-0.08905158191919327,0.1529751000421331,0.15713025355169316,0,0,0,0.12,0.01,0.0,0.01,0.1,0.9,-1.2,0.0,0,0,1,0,0.675,0.44
566,4,-0.4632936120033264,-0.4211193919181824,-0.044446706771850586,0.0714861797648474,0.05537339574517762,0,0,0,0.12,0.01,0.0,0.01,0.1,0.9,-1.2,0.0,0,0,1,0,0.675,0.44
566,5,-0.9595293998718262,-0.29829612374305725,-2.202207326889038,0.30625546348128635,0.279229220032355,0,0,0,0.12,0.01,0.0,0.01,0.1,0.9,-1.2,0.0,0,0,1,0,0.675,0.44
566,6,0.13214069604873657,0.04838195815682411,0.410936176776886,0.26200326949836955,0.2362246248078133,0,0,0,0.12,0.01,0.0,0.01,0.1,0.9,-1.2,0.0,0,0,1,0,0.675,0.44
566,7,-0.17434513568878174,0.42239701747894287,-0.2969300448894501,0.22623224779453227,-0.20130165144290874,0,0,0,0.12,0.01,0.0,0.01,0.1,0.9,-1.2,0.0,0,0,1,0,0.675,0.44
567,0,-0.47708648443222046,0.05236084386706352,-1.1180775165557861,0.13798008113814153,0.1307653710274621,0,0,0,0.12,0.01,0.0,0.01,0.1,0.9,-1.2,0.0,0,0,1,0,0.675,0.44
567,1,-1.1391592025756836,0.16038207709789276,-3.13897442817688,0.40037791074133056,0.3464206641831385,0,0,0,0.12,0.01,0.0,0.01,0.1,0.9,-1.2,0.0,0,0,1,0,0.675,0.44
567,2,0.07361763715744019,-0.4204443097114563,0.042073819786310196,0.13418471948734978,0.13503613932498237,0,0,0,0.12,0.01,0.0,0.01,0.1,0.9,-1.2,0.0,0,0,1,0,0.675,0.44
567,3,-0.7785702347755432,0.42273420095443726,-0.0889444425702095,0.1511545879430504,0.15499233178427502,0,0,0,0.12,0.01,0.0,0.01,0.1,0.9,-1.2,0.0,0,0,1,0,0.675,0.44
567,4,-0.4631657302379608,-0.4211251437664032,-0.04562923312187195,0.06483375896747337,0.06105606387321723,0,0,0,0.12,0.01,0.0,0.01,0.1,0.9,-1.2,0.0,0,0,1,0,0.675,0.44
567,5,-0.9598768353462219,-0.29877081513404846,-2.2031633853912354,0.3051939177123094,0.27801303390588517,0,0,0,0.12,0.01,0.0,0.01,0.1,0.9,-1.2,0.0,0,0,1,0,0.675,0.44
567,6,0.13259810209274292,0.048580870032310486,0.40998756885528564,0.2618711055213292,0.23625459662138626,0,0,0,0.12,0.01,0.0,0.01,0.1,0.9,-1.2,0.0,0,0,1,0,0.675,0.44
567,7,-0.17432041466236115,0.42238906025886536,-0.3123793601989746,0.20631438651722692,-0.18213475653570912,0,0,0,0.12,0.01,0.0,0.01,0.1,0.9,-1.2,0.0,0,0,1,0,0.675,0.44
568,0,-0.4769681394100189,0.052117154002189636,-1.11836838722229,0.13724790185694874,0.13004570037121596,0,0,0,0.12,0.01,0.0,0.01,0.1,0.9,-1.2,0.0,0,0,1,0,0.675,0.44
568,1,-1.139909029006958,0.16038081049919128,-3.1409084796905518,0.3987307387147197,0.34545166914126785,0,0,0,0.12,0.01,0.0,0.01,0.1,0.9,-1.2,0.0,0,0,1,0,0.675,0.44
568,2,0.07388736307621002,-0.4204329252243042,0.04218351095914841,0.13440337452040743,0.13419679132355616,0,0,0,0.12,0.01,0.0,0.01,0.1,0.9,-1.2,0.0,0,0,1,0,0.675,0.44
568,3,-0.7782605886459351,0.42270660400390625,-0.08880514651536942,0.1498363802294853,0.15238363648842548,0,0,0,0.12,0.01,0.0,0.01,0.1,0.9,-1.2,0.0,0,0,1,0,0.675,0.44
568,4,-0.4630388021469116,-0.4211309850215912,-0.04631708934903145,0.05927123754762009,0.06565329552151367,0,0,0,0.12,0.01,0.0,0.01,0.1,0.9,-1.2,0.0,0,0,1,0,0.675,0.44
568,5,-0.960223376750946,-0.29924333095550537,-2.2041244506835938,0.3041351705277424,0.27680048649664113,0,0,0,0.12,0.01,0.0,0.01,0.1,0.9,-1.2,0.0,0,0,1,0,0.675,0.44
568,6,0.13305559754371643,0.048779308795928955,0.4090562164783478,0.26173363036105024,0.23628993922284264,0,0,0,0.12,0.01,0.0,0.01,0.1,0.9,-1.2,0.0,0,0,1,0,0.675,0.44
568,7,-0.17429663240909576,0.42238056659698486,-0.32749706506729126,0.17697561548460922,-0.15356785075177154,0,0,0,0.12,0.01,0.0,0.01,0.1,0.9,-1.2,0.0,0,0,1,0,0.675,0.44
569,0,-0.4768505096435547,0.051874734461307526,-1.1186559200286865,0.13649972151661594,0.12933478880976954,0,0,0,0.12,0.01,0.0,0.01,0.1,0.9,-1.2,0.0,0,0,1,0,0.675,0.44
569,1,-1.1406563520431519,0.16038097441196442,3.140366792678833,0.3970896831526661,0.34447423305369385,0,0,0,0.12,0.01,0.0,0.01,0.1,0.9,-1.2,0.0,0,0,1,0,0.675,0.44
569,2,0.07415647059679031,-0.4204215705394745,0.042239997535943985,0.13443350931356737,0.13354459265519789,0,0,0,0.12,0.01,0.0,0.01,0.1,0.9,-1.2,0.0,0,0,1,0,0.675,0.44
569,3,-0.7779548168182373,0.4226793944835663,-0.08868106454610825,0.14890307832210542,0.14942192387134554,0,0,0,0.12,0.01,0.0,0.01,0.1,0.9,-1.2,0.0,0,0,1,0,0.675,0.44
569,4,-0.4629128873348236,-0.42113685607910156,-0.04657920077443123,0.054803064812622565,0.06916251147846172,0,0,0,0.12,0.01,0.0,0.01,0.1,0.9,-1.2,0.0,0,0,1,0,0.675,0.44
569,5,-0.9605690240859985,-0.2997136414051056,-2.2050909996032715,0.30307843924946665,0.27559295652918936,0,0,0,0.12,0.01,0.0,0.01,0.1,0.9,-1.2,0.0,0,0,1,0,0.675,0.44
569,6,0.13351313769817352,0.04897728189826012,0.4081317186355591,0.26155691220063304,0.2363637201617327,0,0,0,0.12,0.01,0.0,0.01,0.1,0.9,-1.2,0.0,0,0,1,0,0.675,0.44
569,7,-0.17427368462085724,0.4223719835281372,-0.341416597366333,0.1498915982717252,-0.12725322892009977,0,0,0,0.12,0.01,0.0,0.01,0.1,0.9,-1.2,0.0,0,0,1,0,0.675,0.44
570,0,-0.47673356533050537,0.05163358896970749,-1.118942379951477,0.13570846070420084,0.12865900050032797,0,0,0,0.12,0.01,0.0,0.01,0.1,0.9,-1.2,0.0,0,0,1,0,0.675,0.44
570,1,-1.141400933265686,0.16038256883621216,3.1384804248809814,0.3954499314327814,0.3434940030078314,0,0,0,0.12,0.01,0.0,0.01,0.1,0.9,-1.2,0.0,0,0,1,0,0.675,0.44
570,2,0.07442495226860046,-0.42041024565696716,0.042209163308143616,0.13417827839592678,0.13317689543029085,0,0,0,0.12,0.01,0.0,0.01,0.1,0.9,-1.2,0.0,0,0,1,0,0.675,0.44
570,3,-0.7776530385017395,0.42265257239341736,-0.0885743647813797,0.14834554443882048,0.14611734499408666,0,0,0,0.12,0.01,0.0,0.01,0.1,0.9,-1.2,0.0,0,0,1,0,0.675,0.44
570,4,-0.4627878963947296,-0.42114266753196716,-0.04642551764845848,0.05171863210115315,0.07129436510887263,0,0,0,0.12,0.01,0.0,0.01,0.1,0.9,-1.2,0.0,0,0,1,0,0.675,0.44
570,5,-0.9609137773513794,-0.3001817762851715,-2.2060632705688477,0.3020196575391037,0.2743946891558426,0,0,0,0.12,0.01,0.0,0.01,0.1,0.9,-1.2,0.0,0,0,1,0,0.675,0.44
570,6,0.13397076725959778,0.049174800515174866,0.40721312165260315,0.2613250774069816,0.23649118722238247,0,0,0,0.12,0.01,0.0,0.01,0.1,0.9,-1.2,0.0,0,0,1,0,0.675,0.44
570,7,-0.1742514967918396,0.42236363887786865,-0.3534332811832428,0.13461852304750854,-0.11272428788358145,0,0,0,0.12,0.01,0.0,0.01,0.1,0.9,-1.2,0.0,0,0,1,0,0.675,0.44
571,0,-0.47661736607551575,0.051393717527389526,-1.119227647781372,0.13485882983623232,0.12803350581707273,0,0,0,0.12,0.01,0.0,0.01,0.1,0.9,-1.2,0.0,0,0,1,0,0.675,0.44
571,1,-1.14214289188385,0.16038556396961212,3.1366171836853027,0.39381188789421784,0.3425102766413046,0,0,0,0.12,0.01,0.0,0.01,0.1,0.9,-1.2,0.0,0,0,1,0,0.675,0.44
571,2,0.07469281554222107,-0.4203989505767822,0.042155638337135315,0.13382394834973455,0.1329071350433624,0,0,0,0.12,0.01,0.0,0.01,0.1,0.9,-1.2,0.0,0,0,1,0,0.675,0.44
571,3,-0.7773550748825073,0.4226261377334595,-0.0885157659649849,0.14809284516513183,0.14253976038754151,0,0,0,0.12,0.01,0.0,0.01,0.1,0.9,-1.2,0.0,0,0,1,0,0.675,0.44
571,4,-0.4626638889312744,-0.4211483895778656,-0.045936793088912964,0.049915429463842684,0.07215209651901407,0,0,0,0.12,0.01,0.0,0.01,0.1,0.9,-1.2,0.0,0,0,1,0,0.675,0.44
571,5,-0.9612576961517334,-0.3006477653980255,-2.207041025161743,0.30096178911715016,0.27320266105145946,0,0,0,0.12,0.01,0.0,0.01,0.1,0.9,-1.2,0.0,0,0,1,0,0.675,0.44
571,6,0.13442844152450562,0.0493718683719635,0.40630409121513367,0.26105306185715,0.2366571065045138,0,0,0,0.12,0.01,0.0,0.01,0.1,0.9,-1.2,0.0,0,0,1,0,0.675,0.44
571,7,-0.17423002421855927,0.42235568165779114,-0.36354997754096985,0.13527378409322027,-0.11408646932955506,0,0,0,0.12,0.01,0.0,0.01,0.1,0.9,-1.2,0.0,0,0,1,0,0.675,0.44
572,0,-0.47650182247161865,0.05115514248609543,-1.119508981704712,0.13397017746096093,0.12743949265355628,0,0,0,0.12,0.01,0.0,0.01,0.1,0.9,-1.2,0.0,0,0,1,0,0.675,0.44
572,1,-1.142882227897644,0.1603899449110031,3.134777069091797,0.39217515026717603,0.3415245291075188,0,0,0,0.12,0.01,0.0,0.01,0.1,0.9,-1.2,0.0,0,0,1,0,0.675,0.44
572,2,0.07496006041765213,-0.4203876852989197,0.04214048385620117,0.13354746192930256,0.13255866676332442,0,0,0,0.12,0.01,0.0,0.01,0.1,0.9,-1.2,0.0,0,0,1,0,0.675,0.44
572,3,-0.7770609855651855,0.42260003089904785,-0.0885709673166275,0.14784811565128356,0.1389864521339795,0,0,0,0.12,0.01,0.0,0.01,0.1,0.9,-1.2,0.0,0,0,1,0,0.675,0.44
572,4,-0.4625408351421356,-0.4211539924144745,-0.0452645942568779,0.04906529104935907,0.07206385665905692,0,0,0,0.12,0.01,0.0,0.01,0.1,0.9,-1.2,0.0,0,0,1,0,0.675,0.44
572,5,-0.9616007208824158,-0.3011115789413452,-2.2080235481262207,0.29990607985743317,0.2720157455515024,0,0,0,0.12,0.01,0.0,0.01,0.1,0.9,-1.2,0.0,0,0,1,0,0.675,0.44
572,6,0.13488617539405823,0.04956849291920662,0.40540868043899536,0.26075359581657603,0.23684871794036672,0,0,0,0.12,0.01,0.0,0.01,0.1,0.9,-1.2,0.0,0,0,1,0,0.675,0.44
572,7,-0.17420926690101624,0.4223480522632599,-0.37245818972587585,0.14919807892533296,-0.1286811692664241,0,0,0,0.12,0.01,0.0,0.01,0.1,0.9,-1.2,0.0,0,0,1,0,0.675,0.44
573,0,-0.47638705372810364,0.05091787502169609,-1.1197824478149414,1.6102334260242002,-1.3231866657035365,0,0,0,0.12,0.01,0.0,0.01,0.1,0.9,-1.2,0.0,0,0,1,0,0.675,0.44
573,1,-1.1436189413070679,0.16039566695690155,3.1329598426818848,0.39054123815536623,0.34053524080276365,0,0,0,0.12,0.01,0.0,0.01,0.1,0.9,-1.2,0.0,0,0,1,0,0.675,0.44
573,2,0.07522667944431305,-0.4203764498233795,0.042131662368774414,0.13325737983596012,0.13222281067955804,0,0,0,0.12,0.01,0.0,0.01,0.1,0.9,-1.2,0.0,0,0,1,0,0.675,0.44
573,3,-0.7767707705497742,0.4225742220878601,-0.088768370449543,0.14747950896713258,0.1355884326985168,0,0,0,0.12,0.01,0.0,0.01,0.1,0.9,-1.2,0.0,0,0,1,0,0.675,0.44
573,4,-0.46241873502731323,-0.4211595058441162,-0.04451977461576462,0.04874895661091242,0.0714490696885642,0,0,0,0.12,0.01,0.0,0.01,0.1,0.9,-1.2,0.0,0,0,1,0,0.675,0.44
573,5,-0.9619428515434265,-0.301573246717453,-2.209010601043701,-0.0685050849217461,0.5212304655808495,0,0,0,0.12,0.01,0.0,0.01,0.1,0.9,-1.2,0.0,0,0,1,0,0.675,0.44
573,6,0.13534395396709442,0.04976467043161392,0.4045293927192688,0.2604374277158167,0.237055571122608,0,0,0,0.12,0.01,0.0,0.01,0.1,0.9,-1.2,0.0,0,0,1,0,0.675,0.44
573,7,-0.1741892248392105,0.42234060168266296,-0.3812081515789032,0.170475723335141,-0.15060090843736532,0,0,0,0.12,0.01,0.0,0.01,0.1,0.9,-1.2,0.0,0,0,1,0,0.675,0.44
574,0,-0.47627297043800354,0.050681937485933304,-1.1200450658798218,1.6082506902278002,-1.3228369183600481,0,0,0,0.12,0.01,0.0,0.01,0.1,0.9,-1.2,0.0,0,0,1,0,0.675,0.44
574,1,-1.1443530321121216,0.16040267050266266,3.1311655044555664,0.38890854154463184,0.3395443197644197,0,0,0,0.12,0.01,0.0,0.01,0.1,0.9,-1.2,0.0,0,0,1,0,0.675,0.44
574,2,0.07549267262220383,-0.42036524415016174,0.042077239602804184,0.1328002120881618,0.13205329519218792,0,0,0,0.12,0.01,0.0,0.01,0.1,0.9,-1.2,0.0,0,0,1,0,0.675,0.44
574,3,-0.7764843106269836,0.42254868149757385,-0.08907441049814224,0.14703450237819796,0.1322976287691867,0,0,0,0.12,0.01,0.0,0.01,0.1,0.9,-1.2,0.0,0,0,1,0,0.675,0.44
574,4,-0.46229755878448486,-0.4211649000644684,-0.04372479394078255,0.049003553729939094,0.07026995982558765,0,0,0,0.12,0.01,0.0,0.01,0.1,0.9,-1.2,0.0,0,0,1,0,0.675,0.44
574,5,-0.9622840881347656,-0.30203279852867126,-2.2100026607513428,-0.06768070899356815,0.5185934826027295,0,0,0,0.12,0.01,0.0,0.01,0.1,0.9,-1.2,0.0,0,0,1,0,0.675,0.44
574,6,0.1358017772436142,0.04996040090918541,0.4036681354045868,0.26011784663942344,0.23726446637365334,0,0,0,0.12,0.01,0.0,0.01,0.1,0.9,-1.2,0.0,0,0,1,0,0.675,0.44
574,7,-0.1741698980331421,0.42233315110206604,-0.3907678425312042,0.19213187238530038,-0.17288188552812453,0,0,0,0.12,0.01,0.0,0.01,0.1,0.9,-1.2,0.0,0,0,1,0,0.675,0.44
575,0,-0.4760691523551941,0.0502176508307457,-1.2103829383850098,1.3608500638593037,-1.0676704326260884,0,0,0,0.12,0.01,0.0,0.01,0.1,0.9,-1.2,0.0,0,0,1,0,0.675,0.44
575,1,-1.1450845003128052,0.16041094064712524,3.1293935775756836,0.3882063478957725,0.3377133756149696,0,0,0,0.12,0.01,0.0,0.01,0.1,0.9,-1.2,0.0,0,0,1,0,0.675,0.44
575,2,0.07575803995132446,-0.42035409808158875,0.042008280754089355,0.13222685306345924,0.13199928552830711,0,0,0,0.12,0.01,0.0,0.01,0.1,0.9,-1.2,0.0,0,0,1,0,0.675,0.44
575,3,-0.776201605796814,0.4225233793258667,-0.08946431428194046,0.15806997731774333,0.11865048691184038,0,0,0,0.12,0.01,0.0,0.01,0.1,0.9,-1.2,0.0,0,0,1,0,0.675,0.44
575,4,-0.4621772766113281,-0.42117011547088623,-0.04289250820875168,0.09236317124851226,0.026161477000637052,0,0,0,0.12,0.01,0.0,0.01,0.1,0.9,-1.2,0.0,0,0,1,0,0.675,0.44
575,5,-0.9625670909881592,-0.3024161756038666,-2.1936376094818115,-0.014026421396401813,0.4637802124902281,0,0,0,0.12,0.01,0.0,0.01,0.1,0.9,-1.2,0.0,0,0,1,0,0.675,0.44
575,6,0.13625966012477875,0.05015569552779198,0.4028264880180359,0.2598020164618961,0.23746874645848354,0,0,0,0.12,0.01,0.0,0.01,0.1,0.9,-1.2,0.0,0,0,1,0,0.675,0.44
575,7,-0.17415136098861694,0.4223254919052124,-0.4017443060874939,0.32132120164730626,-0.3032114535073288,0,0,0,0.12,0.01,0.0,0.01,0.1,0.9,-1.2,0.0,0,0,1,0,0.675,0.44
576,0,-0.47589921951293945,0.049676064401865005,-1.3232464790344238,1.0450151486103898,-0.7455235941117172,0,0,0,0.12,0.01,0.0,0.01,0.1,0.9,-1.2,0.0,0,0,1,0,0.675,0.44
576,1,-1.1458133459091187,0.1604204624891281,3.1276440620422363,0.3875502446034312,0.3358539244792104,0,0,0,0.12,0.01,0.0,0.01,0.1,0.9,-1.2,0.0,0,0,1,0,0.675,0.44
576,2,0.07602278888225555,-0.42034298181533813,0.04199106618762016,0.13176978198363515,0.13182806404755382,0,0,0,0.12,0.01,0.0,0.01,0.1,0.9,-1.2,0.0,0,0,1,0,0.675,0.44
576,3,-0.7759226560592651,0.42249828577041626,-0.08996094763278961,0.17047287884198567,0.10391403374231914,0,0,0,0.12,0.01,0.0,0.01,0.1,0.9,-1.2,0.0,0,0,1,0,0.675,0.44
576,4,-0.4620579481124878,-0.4211752116680145,-0.042106397449970245,0.15063372699768351,-0.032673229260752654,0,0,0,0.12,0.01,0.0,0.01,0.1,0.9,-1.2,0.0,0,0,1,0,0.675,0.44
576,5,-0.9628274440765381,-0.3027847111225128,-2.173025369644165,0.053007569200350234,0.3955732620889411,0,0,0,0.12,0.01,0.0,0.01,0.1,0.9,-1.2,0.0,0,0,1,0,0.675,0.44
576,6,0.13671757280826569,0.050350554287433624,0.4020044505596161,0.2594958463427122,0.23766256182226578,0,0,0,0.12,0.01,0.0,0.01,0.1,0.9,-1.2,0.0,0,0,1,0,0.675,0.44
576,7,-0.17413362860679626,0.4223175048828125,-0.4142633080482483,0.5462188606520727,-0.5294134539922313,0,0,0,0.12,0.01,0.0,0.01,0.1,0.9,-1.2,0.0,0,0,1,0,0.675,0.44
577,0,-0.4757952392101288,0.04915143921971321,-1.4205355644226074,0.7667691281389616,-0.4655452540468594,0,0,0,0.12,0.01,0.0,0.01,0.1,0.9,-1.2,0.0,0,0,1,0,0.675,0.44
577,1,-1.146539568901062,0.16043119132518768,3.1258671283721924,0.3865248695644832,0.33435689055590867,0,0,0,0.12,0.01,0.0,0.01,0.1,0.9,-1.2,0.0,0,0,1,0,0.675,0.44
577,2,0.07628690451383591,-0.4203318655490875,0.042014990001916885,0.1314417863029507,0.13152752874908177,0,0,0,0.12,0.01,0.0,0.01,0.1,0.9,-1.2,0.0,0,0,1,0,0.675,0.44
577,3,-0.7756465673446655,0.422473281621933,-0.0911976620554924,0.17763148799235287,0.09425852641766606,0,0,0,0.12,0.01,0.0,0.01,0.1,0.9,-1.2,0.0,0,0,1,0,0.675,0.44
577,4,-0.46193939447402954,-0.42118027806282043,-0.043843433260917664,0.1993394896805388,-0.0817901671350104,0,0,0,0.12,0.01,0.0,0.01,0.1,0.9,-1.2,0.0,0,0,1,0,0.675,0.44
577,5,-0.9630791544914246,-0.30315765738487244,-2.155482530593872,0.11108867538835016,0.336083102098451,0,0,0,0.12,0.01,0.0,0.01,0.1,0.9,-1.2,0.0,0,0,1,0,0.675,0.44
577,6,0.137175515294075,0.050544995814561844,0.40120065212249756,0.25918422559043824,0.23786096355178893,0,0,0,0.12,0.01,0.0,0.01,0.1,0.9,-1.2,0.0,0,0,1,0,0.675,0.44
577,7,-0.17411714792251587,0.42230916023254395,-0.4343750476837158,0.8055734997234413,-0.7899804869285891,0,0,0,0.12,0.01,0.0,0.01,0.1,0.9,-1.2,0.0,0,0,1,0,0.675,0.44
578,0,-0.4757421910762787,0.04867183789610863,-1.4942430257797241,0.5525386378548593,-0.2526845083020181,0,0,0,0.12,0.01,0.0,0.01,0.1,0.9,-1.2,0.0,0,0,1,0,0.675,0.44
578,1,-1.1472632884979248,0.16044320166110992,3.1240487098693848,0.385128079925809,0.333225191558566,0,0,0,0.12,0.01,0.0,0.01,0.1,0.9,-1.2,0.0,0,0,1,0,0.675,0.44
578,2,0.07655039429664612,-0.4203208088874817,0.04201194643974304,0.13095263679722519,0.13138892213603287,0,0,0,0.12,0.01,0.0,0.01,0.1,0.9,-1.2,0.0,0,0,1,0,0.675,0.44
578,3,-0.7753728628158569,0.4224480986595154,-0.09336942434310913,0.1780395109224472,0.09110404066561127,0,0,0,0.12,0.01,0.0,0.01,0.1,0.9,-1.2,0.0,0,0,1,0,0.675,0.44
578,4,-0.46182143688201904,-0.4211859405040741,-0.049487702548503876,0.22716743431781639,-0.10990649394487252,0,0,0,0.12,0.01,0.0,0.01,0.1,0.9,-1.2,0.0,0,0,1,0,0.675,0.44
578,5,-0.9633238911628723,-0.3035338222980499,-2.1424994468688965,0.15554624896268998,0.2900361706711753,0,0,0,0.12,0.01,0.0,0.01,0.1,0.9,-1.2,0.0,0,0,1,0,0.675,0.44
578,6,0.13763348758220673,0.05073902755975723,0.40041422843933105,0.258860140121762,0.23807075711410833,0,0,0,0.12,0.01,0.0,0.01,0.1,0.9,-1.2,0.0,0,0,1,0,0.675,0.44
578,7,-0.1741020530462265,0.42230045795440674,-0.46897462010383606,1.0392287014317036,-1.0246243331846119,0,0,0,0.12,0.01,0.0,0.01,0.1,0.9,-1.2,0.0,0,0,1,0,0.675,0.44
579,0,-0.47572091221809387,0.048242516815662384,-1.545857310295105,0.4006399468825429,-0.10358252686720776,0,0,0,0.12,0.01,0.0,0.01,0.1,0.9,-1.2,0.0,0,0,1,0,0.675,0.44
579,1,-1.1479843854904175,0.16045650839805603,3.1222083568573,0.38348085799911535,0.33234064659378015,0,0,0,0.12,0.01,0.0,0.01,0.1,0.9,-1.2,0.0,0,0,1,0,0.675,0.44
579,2,0.07681325823068619,-0.42030978202819824,0.041977133601903915,0.13032394973082478,0.13139035972313945,0,0,0,0.12,0.01,0.0,0.01,0.1,0.9,-1.2,0.0,0,0,1,0,0.675,0.44
579,3,-0.7751016616821289,0.42242249846458435,-0.09617622196674347,0.17260044658865809,0.09355932628426675,0,0,0,0.12,0.01,0.0,0.01,0.1,0.9,-1.2,0.0,0,0,1,0,0.675,0.44
579,4,-0.4617040157318115,-0.42119261622428894,-0.05865732207894325,0.23262327979270228,-0.11557366023722893,0,0,0,0.12,0.01,0.0,0.01,0.1,0.9,-1.2,0.0,0,0,1,0,0.675,0.44
579,5,-0.9635636806488037,-0.30391156673431396,-2.1337661743164062,0.18721855318946112,0.25667553507881896,0,0,0,0.12,0.01,0.0,0.01,0.1,0.9,-1.2,0.0,0,0,1,0,0.675,0.44
579,6,0.13809147477149963,0.05093266814947128,0.3996464014053345,0.2585276281048526,0.23828653343422523,0,0,0,0.12,0.01,0.0,0.01,0.1,0.9,-1.2,0.0,0,0,1,0,0.675,0.44
579,7,-0.17408767342567444,0.4222922623157501,-0.521359920501709,1.2262219522213365,-1.212238200574162,0,0,0,0.12,0.01,0.0,0.01,0.1,0.9,-1.2,0.0,0,0,1,0,0.675,0.44
580,0,-0.4757176339626312,0.047857046127319336,-1.5800633430480957,0.29866010089610734,-0.0048335208484999274,0,0,0,0.12,0.01,0.0,0.01,0.1,0.9,-1.2,0.0,0,0,1,0,0.675,0.44
580,1,-1.1487030982971191,0.160471111536026,3.1203720569610596,0.38171175978162986,0.33157702424546975,0,0,0,0.12,0.01,0.0,0.01,0.1,0.9,-1.2,0.0,0,0,1,0,0.675,0.44
580,2,0.07707549631595612,-0.4202987551689148,0.04198278486728668,0.1298198171470834,0.13126891175764072,0,0,0,0.12,0.01,0.0,0.01,0.1,0.9,-1.2,0.0,0,0,1,0,0.675,0.44
580,3,-0.7748332619667053,0.42239630222320557,-0.09919323027133942,0.16287295365944018,0.10011230563506972,0,0,0,0.12,0.01,0.0,0.01,0.1,0.9,-1.2,0.0,0,0,1,0,0.675,0.44
580,4,-0.46158692240715027,-0.4212004244327545,-0.0700732097029686,0.2199638959035904,-0.1030977468953163,0,0,0,0.12,0.01,0.0,0.01,0.1,0.9,-1.2,0.0,0,0,1,0,0.675,0.44
580,5,-0.9638001918792725,-0.3042895495891571,-2.1283979415893555,0.2087383149761918,0.23342366231491538,0,0,0,0.12,0.01,0.0,0.01,0.1,0.9,-1.2,0.0,0,0,1,0,0.675,0.44
580,6,0.13854947686195374,0.05112592503428459,0.39889848232269287,0.2581838578313923,0.2385099023252391,0,0,0,0.12,0.01,0.0,0.01,0.1,0.9,-1.2,0.0,0,0,1,0,0.675,0.44
580,7,-0.17407292127609253,0.4222855269908905,-0.590582013130188,1.3655335403927649,-1.3516821622797337,0,0,0,0.12,0.01,0.0,0.01,0.1,0.9,-1.2,0.0,0,0,1,0,0.675,0.44
581,0,-0.47572430968284607,0.047505494207143784,-1.6017485857009888,0.23284935391213743,0.05774605834219605,0,0,0,0.12,0.01,0.0,0.01,0.1,0.9,-1.2,0.0,0,0,1,0,0.675,0.44
581,1,-1.1494190692901611,0.16048698127269745,3.118558883666992,0.37991108257130907,0.3308463517968244,0,0,0,0.12,0.01,0.0,0.01,0.1,0.9,-1.2,0.0,0,0,1,0,0.675,0.44
581,2,0.0773371011018753,-0.42028775811195374,0.042051903903484344,0.12945499189225113,0.13100973598631943,0,0,0,0.12,0.01,0.0,0.01,0.1,0.9,-1.2,0.0,0,0,1,0,0.675,0.44
581,3,-0.7745678424835205,0.42236948013305664,-0.10203615576028824,0.1504752464019718,0.10919897487526514,0,0,0,0.12,0.01,0.0,0.01,0.1,0.9,-1.2,0.0,0,0,1,0,0.675,0.44
581,4,-0.4614701569080353,-0.42120930552482605,-0.08222029358148575,0.19539752092734056,-0.07872501250878053,0,0,0,0.12,0.01,0.0,0.01,0.1,0.9,-1.2,0.0,0,0,1,0,0.675,0.44
581,5,-0.9640344977378845,-0.3046669661998749,-2.12549090385437,0.2228171059321138,0.21759958775532517,0,0,0,0.12,0.01,0.0,0.01,0.1,0.9,-1.2,0.0,0,0,1,0,0.675,0.44
581,6,0.13900752365589142,0.051318805664777756,0.3981703221797943,0.25785638717675685,0.2387136039349985,0,0,0,0.12,0.01,0.0,0.01,0.1,0.9,-1.2,0.0,0,0,1,0,0.675,0.44
581,7,-0.1740572303533554,0.42228004336357117,-0.6736441850662231,1.4433651147956077,-1.4291636208618108,0,0,0,0.12,0.01,0.0,0.01,0.1,0.9,-1.2,0.0,0,0,1,0,0.675,0.44
582,0,-0.4757366180419922,0.04717845842242241,-1.6149598360061646,0.1916654250475193,0.09583972479378931,0,0,0,0.12,0.01,0.0,0.01,0.1,0.9,-1.2,0.0,0,0,1,0,0.675,0.44
582,1,-1.1501325368881226,0.16050408780574799,3.116779327392578,0.37812863110295863,0.3300988245130387,0,0,0,0.12,0.01,0.0,0.01,0.1,0.9,-1.2,0.0,0,0,1,0,0.675,0.44
582,2,0.07759808003902435,-0.42027679085731506,0.04211895167827606,0.12903643538973142,0.13080622861364075,0,0,0,0.12,0.01,0.0,0.01,0.1,0.9,-1.2,0.0,0,0,1,0,0.675,0.44
582,3,-0.7743056416511536,0.4223422408103943,-0.10437913984060287,0.13723092942257678,0.1190441283700868,0,0,0,0.12,0.01,0.0,0.01,0.1,0.9,-1.2,0.0,0,0,1,0,0.675,0.44
582,4,-0.46135368943214417,-0.4212192893028259,-0.09375467896461487,0.1641910824259357,-0.04774753034911911,0,0,0,0.12,0.01,0.0,0.01,0.1,0.9,-1.2,0.0,0,0,1,0,0.675,0.44
582,5,-0.9642672538757324,-0.3050433397293091,-2.124297857284546,0.23171728452176701,0.20695391694574702,0,0,0,0.12,0.01,0.0,0.01,0.1,0.9,-1.2,0.0,0,0,1,0,0.675,0.44
582,6,0.1394655704498291,0.05151128023862839,0.3974722623825073,0.25760642231862946,0.2388389652832229,0,0,0,0.12,0.01,0.0,0.01,0.1,0.9,-1.2,0.0,0,0,1,0,0.675,0.44
582,7,-0.17404115200042725,0.4222741723060608,-0.7671821713447571,1.443500094790513,-1.4286778399017996,0,0,0,0.12,0.01,0.0,0.01,0.1,0.9,-1.2,0.0,0,0,1,0,0.675,0.44
583,0,-0.4757516384124756,0.04686850309371948,-1.6226863861083984,0.16658382571575658,0.11799425922992211,0,0,0,0.12,0.01,0.0,0.01,0.1,0.9,-1.2,0.0,0,0,1,0,0.675,0.44
583,1,-1.1508435010910034,0.16052237153053284,3.1150364875793457,0.3763904415178596,0.3293091811132134,0,0,0,0.12,0.01,0.0,0.01,0.1,0.9,-1.2,0.0,0,0,1,0,0.675,0.44
583,2,0.07785844057798386,-0.4202658236026764,0.042147062718868256,0.12850921214589392,0.13071272908678733,0,0,0,0.12,0.01,0.0,0.01,0.1,0.9,-1.2,0.0,0,0,1,0,0.675,0.44
583,3,-0.774046778678894,0.4223147928714752,-0.10598763823509216,0.12458313419279032,0.12824489758554522,0,0,0,0.12,0.01,0.0,0.01,0.1,0.9,-1.2,0.0,0,0,1,0,0.675,0.44
583,4,-0.46123749017715454,-0.4212304651737213,-0.10372637957334518,0.12992977159127253,-0.013763127792921234,0,0,0,0.12,0.01,0.0,0.01,0.1,0.9,-1.2,0.0,0,0,1,0,0.675,0.44
583,5,-0.9644988775253296,-0.30541834235191345,-2.1242759227752686,0.23707310430918174,0.19985898263539836,0,0,0,0.12,0.01,0.0,0.01,0.1,0.9,-1.2,0.0,0,0,1,0,0.675,0.44
583,6,0.13992369174957275,0.051703378558158875,0.39677760004997253,0.25735999983645486,0.2389636750807662,0,0,0,0.12,0.01,0.0,0.01,0.1,0.9,-1.2,0.0,0,0,1,0,0.675,0.44
583,7,-0.17402638494968414,0.42226576805114746,-0.8670387864112854,1.3718377257226866,-1.3565104118077915,0,0,0,0.12,0.01,0.0,0.01,0.1,0.9,-1.2,0.0,0,0,1,0,0.675,0.44
584,0,-0.4757678508758545,0.0465703010559082,-1.626990556716919,0.15171362251838755,0.13008253484168936,0,0,0,0.12,0.01,0.0,0.01,0.1,0.9,-1.2,0.0,0,0,1,0,0.675,0.44
584,1,-1.1515518426895142,0.16054178774356842,3.113330364227295,0.37469952649289967,0.3284745281297505,0,0,0,0.12,0.01,0.0,0.01,0.1,0.9,-1.2,0.0,0,0,1,0,0.675,0.44
584,2,0.07811817526817322,-0.4202548563480377,0.04219065234065056,0.1280213476204949,0.13058139075993724,0,0,0,0.12,0.01,0.0,0.01,0.1,0.9,-1.2,0.0,0,0,1,0,0.675,0.44
584,3,-0.7737912535667419,0.4222874641418457,-0.1067829355597496,0.5795620912218982,-0.4912373655939991,0,0,0,0.12,0.01,0.0,0.01,0.1,0.9,-1.2,0.0,0,0,1,0,0.675,0.44
584,4,-0.46112164855003357,-0.42124277353286743,-0.11159747838973999,0.09519575509530678,0.020644508569415673,0,0,0,0.12,0.01,0.0,0.01,0.1,0.9,-1.2,0.0,0,0,1,0,0.675,0.44
584,5,-0.9647297263145447,-0.30579179525375366,-2.1250193119049072,0.24010978840074526,0.19509140946187983,0,0,0,0.12,0.01,0.0,0.01,0.1,0.9,-1.2,0.0,0,0,1,0,0.675,0.44
584,6,0.1403818130493164,0.0518951341509819,0.3960975408554077,0.25713623248170586,0.23906951464582707,0,0,0,0.12,0.01,0.0,0.01,0.1,0.9,-1.2,0.0,0,0,1,0,0.675,0.44
584,7,-0.1740148961544037,0.4222537577152252,-0.9679529666900635,-2.4142042493078835,2.5239188765738136,0,0,0,0.12,0.01,0.0,0.01,0.1,0.9,-1.2,0.0,0,0,1,0,0.675,0.44
585,0,-0.47578445076942444,0.04628024622797966,-1.6292328834533691,0.14315898730850332,0.13597841546440012,0,0,0,0.12,0.01,0.0,0.01,0.1,0.9,-1.2,0.0,0,0,1,0,0.675,0.44
585,1,-1.1522576808929443,0.16056230664253235,3.1116578578948975,0.3730522345731596,0.3275983978082796,0,0,0,0.12,0.01,0.0,0.01,0.1,0.9,-1.2,0.0,0,0,1,0,0.675,0.44
585,2,0.07837729156017303,-0.42024391889572144,0.04229631647467613,0.1276686201687205,0.13031652468487143,0,0,0,0.12,0.01,0.0,0.01,0.1,0.9,-1.2,0.0,0,0,1,0,0.675,0.44
585,3,-0.7735391855239868,0.4222604036331177,-0.1068039983510971,0.586185661792885,-0.5020615958572733,0,0,0,0.12,0.01,0.0,0.01,0.1,0.9,-1.2,0.0,0,0,1,0,0.675,0.44
585,4,-0.46100619435310364,-0.42125606536865234,-0.11712658405303955,0.061848061546935125,0.05362435950313658,0,0,0,0.12,0.01,0.0,0.01,0.1,0.9,-1.2,0.0,0,0,1,0,0.675,0.44
585,5,-0.964959979057312,-0.3061635494232178,-2.1262505054473877,0.24166778443823045,0.1918115544461232,0,0,0,0.12,0.01,0.0,0.01,0.1,0.9,-1.2,0.0,0,0,1,0,0.675,0.44
585,6,0.14083993434906006,0.05208655819296837,0.3954377770423889,0.2568216553035632,0.23926756474343386,0,0,0,0.12,0.01,0.0,0.01,0.1,0.9,-1.2,0.0,0,0,1,0,0.675,0.44
585,7,-0.1740112602710724,0.4222389757633209,-1.064781904220581,-2.703520315708181,2.7994931964292733,0,0,0,0.12,0.01,0.0,0.01,0.1,0.9,-1.2,0.0,0,0,1,0,0.675,0.44
586,0,-0.4758011996746063,0.04599599167704582,-1.6302833557128906,0.14240743610652917,0.13364280369487766,0,0,0,0.12,0.01,0.0,0.01,0.1,0.9,-1.2,0.0,0,0,1,0,0.675,0.44
586,1,-1.1529608964920044,0.16058392822742462,3.110016107559204,0.36930263035078276,0.3290858865521409,0,0,0,0.12,0.01,0.0,0.01,0.1,0.9,-1.2,0.0,0,0,1,0,0.675,0.44
586,2,0.07863578200340271,-0.42023298144340515,0.0424191989004612,0.12736884572284218,0.12999959967358116,0,0,0,0.12,0.01,0.0,0.01,0.1,0.9,-1.2,0.0,0,0,1,0,0.675,0.44
586,3,-0.7734185457229614,0.4222480058670044,-0.13686546683311462,0.5835012036954496,-0.5015853110348318,0,0,0,0.12,0.01,0.0,0.01,0.1,0.9,-1.2,0.0,0,0,1,0,0.675,0.44
586,4,-0.46089112758636475,-0.4212699234485626,-0.12025080621242523,0.032008510613782855,0.08307043782438472,0,0,0,0.12,0.01,0.0,0.01,0.1,0.9,-1.2,0.0,0,0,1,0,0.675,0.44
586,5,-0.9651899337768555,-0.30653345584869385,-2.127789258956909,0.24228489083520802,0.18948251324422924,0,0,0,0.12,0.01,0.0,0.01,0.1,0.9,-1.2,0.0,0,0,1,0,0.675,0.44
586,6,0.1412980556488037,0.05227764695882797,0.39479178190231323,0.2591184650446223,0.2369597579454137,0,0,0,0.12,0.01,0.0,0.01,0.1,0.9,-1.2,0.0,0,0,1,0,0.675,0.44
586,7,-0.17395946383476257,0.42216920852661133,-0.9445501565933228,-2.5434277439253865,2.645954214944178,0,0,0,0.12,0.01,0.0,0.01,0.1,0.9,-1.2,0.0,0,0,1,0,0.675,0.44
587,0,-0.4758179187774658,0.0457160510122776,-1.6306824684143066,0.14364524125336364,0.1291324949336176,0,0,0,0.12,0.01,0.0,0.01,0.1,0.9,-1.2,0.0,0,0,1,0,0.675,0.44
587,1,-1.1536616086959839,0.16060660779476166,3.1084020137786865,0.3650175067812866,0.3311882284253174,0,0,0,0.12,0.01,0.0,0.01,0.1,0.9,-1.2,0.0,0,0,1,0,0.675,0.44
587,2,0.07889366149902344,-0.42022204399108887,0.042500969022512436,0.1269507113231894,0.12980276315076383,0,0,0,0.12,0.01,0.0,0.01,0.1,0.9,-1.2,0.0,0,0,1,0,0.675,0.44
587,3,-0.7733346819877625,0.4222365915775299,-0.17493745684623718,0.5628607344844704,-0.4826107916453248,0,0,0,0.12,0.01,0.0,0.01,0.1,0.9,-1.2,0.0,0,0,1,0,0.675,0.44
587,4,-0.4607764482498169,-0.42128390073776245,-0.12102293968200684,0.0075609570028599546,0.10711509383894836,0,0,0,0.12,0.01,0.0,0.01,0.1,0.9,-1.2,0.0,0,0,1,0,0.675,0.44
587,5,-0.9654196500778198,-0.3069014847278595,-2.12951922416687,0.24230983594547972,0.1877556767116858,0,0,0,0.12,0.01,0.0,0.01,0.1,0.9,-1.2,0.0,0,0,1,0,0.675,0.44
587,6,0.14175619184970856,0.05246839299798012,0.39415687322616577,0.26160422202428507,0.23444977167764974,0,0,0,0.12,0.01,0.0,0.01,0.1,0.9,-1.2,0.0,0,0,1,0,0.675,0.44
587,7,-0.17388927936553955,0.42210930585861206,-0.7542759776115417,-2.151154098726194,2.269809728182237,0,0,0,0.12,0.01,0.0,0.01,0.1,0.9,-1.2,0.0,0,0,1,0,0.675,0.44
588,0,-0.47583451867103577,0.04543927684426308,-1.6310189962387085,0.14447013135621056,0.12499161962798133,0,0,0,0.12,0.01,0.0,0.01,0.1,0.9,-1.2,0.0,0,0,1,0,0.675,0.44
588,1,-1.1543599367141724,0.16063033044338226,3.106940269470215,0.361171149926999,0.33286837367453304,0,0,0,0.12,0.01,0.0,0.01,0.1,0.9,-1.2,0.0,0,0,1,0,0.675,0.44
588,2,0.07915091514587402,-0.4202111065387726,0.04256846755743027,0.12649692463546192,0.1296426219973048,0,0,0,0.12,0.01,0.0,0.01,0.1,0.9,-1.2,0.0,0,0,1,0,0.675,0.44
588,3,-0.7732551693916321,0.42222121357917786,-0.21309086680412292,0.5192812905435366,-0.4407424554948611,0,0,0,0.12,0.01,0.0,0.01,0.1,0.9,-1.2,0.0,0,0,1,0,0.675,0.44
588,4,-0.4606621265411377,-0.42129769921302795,-0.11963407695293427,-0.01066157794589606,0.12493926114434807,0,0,0,0.12,0.01,0.0,0.01,0.1,0.9,-1.2,0.0,0,0,1,0,0.675,0.44
588,5,-0.9656491279602051,-0.3072676658630371,-2.1313650608062744,0.24197577296301065,0.18639750422433676,0,0,0,0.12,0.01,0.0,0.01,0.1,0.9,-1.2,0.0,0,0,1,0,0.675,0.44
588,6,0.14221441745758057,0.052658811211586,0.3933940827846527,0.26360596410699505,0.2324073494248806,0,0,0,0.12,0.01,0.0,0.01,0.1,0.9,-1.2,0.0,0,0,1,0,0.675,0.44
588,7,-0.17380939424037933,0.4220603406429291,-0.5692194104194641,-1.7402300166821383,1.8734462040400408,0,0,0,0.12,0.01,0.0,0.01,0.1,0.9,-1.2,0.0,0,0,1,0,0.675,0.44
589,0,-0.47585102915763855,0.04516526684165001,-1.6315436363220215,0.14452112136210046,0.12159600438748754,0,0,0,0.12,0.01,0.0,0.01,0.1,0.9,-1.2,0.0,0,0,1,0,0.675,0.44
589,1,-1.155056118965149,0.1606549322605133,3.10569429397583,0.3580174431331766,0.3338687434665548,0,0,0,0.12,0.01,0.0,0.01,0.1,0.9,-1.2,0.0,0,0,1,0,0.675,0.44
589,2,0.07940755784511566,-0.4202001392841339,0.04268517717719078,0.12624518987463498,0.1292813527889392,0,0,0,0.12,0.01,0.0,0.01,0.1,0.9,-1.2,0.0,0,0,1,0,0.675,0.44
589,3,-0.7731783986091614,0.42220181226730347,-0.25012457370758057,0.4545745202600181,-0.37787940588585733,0,0,0,0.12,0.01,0.0,0.01,0.1,0.9,-1.2,0.0,0,0,1,0,0.675,0.44
589,4,-0.46054819226264954,-0.4213111996650696,-0.11646126210689545,-0.023161766112067408,0.1370519744159958,0,0,0,0.12,0.01,0.0,0.01,0.1,0.9,-1.2,0.0,0,0,1,0,0.675,0.44
589,5,-0.9658783674240112,-0.3076319396495819,-2.1332807540893555,0.24141935100766496,0.1852715552785746,0,0,0,0.12,0.01,0.0,0.01,0.1,0.9,-1.2,0.0,0,0,1,0,0.675,0.44
589,6,0.14267279207706451,0.05284880846738815,0.39246442914009094,0.2656055813915832,0.23037882388757636,0,0,0,0.12,0.01,0.0,0.01,0.1,0.9,-1.2,0.0,0,0,1,0,0.675,0.44
589,7,-0.17371030151844025,0.4220077693462372,-0.4085577428340912,-1.4110516442046173,1.553921399830342,0,0,0,0.12,0.01,0.0,0.01,0.1,0.9,-1.2,0.0,0,0,1,0,0.675,0.44
590,0,-0.47586750984191895,0.044894084334373474,-1.6322643756866455,0.1435218732377382,0.1191920657137541,0,0,0,0.12,0.01,0.0,0.01,0.1,0.9,-1.2,0.0,0,0,1,0,0.675,0.44
590,1,-1.155750036239624,0.16068026423454285,3.1046483516693115,0.35550901847519445,0.33423432154021687,0,0,0,0.12,0.01,0.0,0.01,0.1,0.9,-1.2,0.0,0,0,1,0,0.675,0.44
590,2,0.07966358959674835,-0.4201892018318176,0.04283711686730385,0.1260678958355605,0.12884653692849282,0,0,0,0.12,0.01,0.0,0.01,0.1,0.9,-1.2,0.0,0,0,1,0,0.675,0.44
590,3,-0.7731040716171265,0.42217934131622314,-0.2844689190387726,0.37793459408859037,-0.3032465618191126,0,0,0,0.12,0.01,0.0,0.01,0.1,0.9,-1.2,0.0,0,0,1,0,0.675,0.44
590,4,-0.46043461561203003,-0.42132431268692017,-0.11195232719182968,-0.030861357720362755,0.14437828448580467,0,0,0,0.12,0.01,0.0,0.01,0.1,0.9,-1.2,0.0,0,0,1,0,0.675,0.44
590,5,-0.9661073088645935,-0.30799439549446106,-2.135237693786621,0.24072816942117164,0.18429070736982878,0,0,0,0.12,0.01,0.0,0.01,0.1,0.9,-1.2,0.0,0,0,1,0,0.675,0.44
590,6,0.1431313455104828,0.05303829908370972,0.3913898766040802,0.2675772649661374,0.2283806758507419,0,0,0,0.12,0.01,0.0,0.01,0.1,0.9,-1.2,0.0,0,0,1,0,0.675,0.44
590,7,-0.1735895276069641,0.42195746302604675,-0.27630504965782166,-1.155941429429122,1.3049629804421148,0,0,0,0.12,0.01,0.0,0.01,0.1,0.9,-1.2,0.0,0,0,1,0,0.675,0.44
591,0,-0.47588402032852173,0.044625893235206604,-1.633129358291626,0.140937134876663,0.11826510702091998,0,0,0,0.12,0.01,0.0,0.01,0.1,0.9,-1.2,0.0,0,0,1,0,0.675,0.44
591,1,-1.1564418077468872,0.16070617735385895,3.103757619857788,0.3535025610616783,0.33410454848498305,0,0,0,0.12,0.01,0.0,0.01,0.1,0.9,-1.2,0.0,0,0,1,0,0.675,0.44
591,2,0.0799189954996109,-0.42017823457717896,0.04295175522565842,0.12584881886541285,0.1284544278711136,0,0,0,0.12,0.01,0.0,0.01,0.1,0.9,-1.2,0.0,0,0,1,0,0.675,0.44
591,3,-0.7730318307876587,0.4221551716327667,-0.3146114945411682,0.3018126162965435,-0.2292742329914707,0,0,0,0.12,0.01,0.0,0.01,0.1,0.9,-1.2,0.0,0,0,1,0,0.675,0.44
591,4,-0.4603213667869568,-0.42133691906929016,-0.10650532692670822,-0.034407781644921316,0.1475655010186243,0,0,0,0.12,0.01,0.0,0.01,0.1,0.9,-1.2,0.0,0,0,1,0,0.675,0.44
591,5,-0.9663360714912415,-0.30835503339767456,-2.137218475341797,0.23994514472470443,0.18341192476763563,0,0,0,0.12,0.01,0.0,0.01,0.1,0.9,-1.2,0.0,0,0,1,0,0.675,0.44
591,6,0.14359009265899658,0.05322723090648651,0.3901689946651459,0.26887072985815225,0.2270276063139516,0,0,0,0.12,0.01,0.0,0.01,0.1,0.9,-1.2,0.0,0,0,1,0,0.675,0.44
591,7,-0.17345252633094788,0.42192935943603516,-0.16799066960811615,-0.9004140397649019,1.0539080551009385,0,0,0,0.12,0.01,0.0,0.01,0.1,0.9,-1.2,0.0,0,0,1,0,0.675,0.44
592,0,-0.4759005606174469,0.0443609282374382,-1.6340641975402832,0.13743513507528224,0.11819485144929967,0,0,0,0.12,0.01,0.0,0.01,0.1,0.9,-1.2,0.0,0,0,1,0,0.675,0.44
592,1,-1.157131314277649,0.16073256731033325,3.1029767990112305,0.35184634500963635,0.33362888520734363,0,0,0,0.12,0.01,0.0,0.01,0.1,0.9,-1.2,0.0,0,0,1,0,0.675,0.44
592,2,0.0801737979054451,-0.42016729712486267,0.04302474111318588,0.12549193781911974,0.12820116597116343,0,0,0,0.12,0.01,0.0,0.01,0.1,0.9,-1.2,0.0,0,0,1,0,0.675,0.44
592,3,-0.7729616761207581,0.4221304655075073,-0.33960333466529846,0.2361171162804712,-0.16581450320092328,0,0,0,0.12,0.01,0.0,0.01,0.1,0.9,-1.2,0.0,0,0,1,0,0.675,0.44
592,4,-0.4602084159851074,-0.42134889960289,-0.10044829547405243,-0.03426297241811856,0.14707581186657057,0,0,0,0.12,0.01,0.0,0.01,0.1,0.9,-1.2,0.0,0,0,1,0,0.675,0.44
592,5,-0.9665645956993103,-0.30871379375457764,-2.1392109394073486,0.23910360175714418,0.18260227006330568,0,0,0,0.12,0.01,0.0,0.01,0.1,0.9,-1.2,0.0,0,0,1,0,0.675,0.44
592,6,0.14404906332492828,0.05341557413339615,0.3888036906719208,0.2695241601085004,0.22629254750258362,0,0,0,0.12,0.01,0.0,0.01,0.1,0.9,-1.2,0.0,0,0,1,0,0.675,0.44
592,7,-0.1733057200908661,0.4219159483909607,-0.078343465924263,-0.6532025296946811,0.8093475063105867,0,0,0,0.12,0.01,0.0,0.01,0.1,0.9,-1.2,0.0,0,0,1,0,0.675,0.44
593,0,-0.47591716051101685,0.044099561870098114,-1.6349586248397827,0.13349561600699572,0.11852718682274672,0,0,0,0.12,0.01,0.0,0.01,0.1,0.9,-1.2,0.0,0,0,1,0,0.675,0.44
593,1,-1.1578187942504883,0.16075937449932098,3.102268695831299,0.3504161539705467,0.3329305347768593,0,0,0,0.12,0.01,0.0,0.01,0.1,0.9,-1.2,0.0,0,0,1,0,0.675,0.44
593,2,0.08042798936367035,-0.420156329870224,0.04311919957399368,0.12527116524995158,0.12781254065214806,0,0,0,0.12,0.01,0.0,0.01,0.1,0.9,-1.2,0.0,0,0,1,0,0.675,0.44
593,3,-0.7728935480117798,0.42210569977760315,-0.3593218922615051,0.1843188132381433,-0.11629654720783171,0,0,0,0.12,0.01,0.0,0.01,0.1,0.9,-1.2,0.0,0,0,1,0,0.675,0.44
593,4,-0.46009576320648193,-0.421360045671463,-0.09408791363239288,-0.030465401884993866,0.142948478636226,0,0,0,0.12,0.01,0.0,0.01,0.1,0.9,-1.2,0.0,0,0,1,0,0.675,0.44
593,5,-0.9667929410934448,-0.3090706765651703,-2.141207456588745,0.23822431349856638,0.1818411490906976,0,0,0,0.12,0.01,0.0,0.01,0.1,0.9,-1.2,0.0,0,0,1,0,0.675,0.44
593,6,0.1445082277059555,0.05360328406095505,0.3873406648635864,0.2696507551623438,0.2260654888199712,0,0,0,0.12,0.01,0.0,0.01,0.1,0.9,-1.2,0.0,0,0,1,0,0.675,0.44
593,7,-0.17315319180488586,0.42191484570503235,-0.00684973644092679,-0.41965438574896957,0.5767364814911953,0,0,0,0.12,0.01,0.0,0.01,0.1,0.9,-1.2,0.0,0,0,1,0,0.675,0.44
594,0,-0.4759337306022644,0.04384205862879753,-1.6357343196868896,0.12960841024091968,0.11880299186536541,0,0,0,0.12,0.01,0.0,0.01,0.1,0.9,-1.2,0.0,0,0,1,0,0.675,0.44
594,1,-1.1585040092468262,0.16078656911849976,3.101607084274292,0.349116958362263,0.332105182426769,0,0,0,0.12,0.01,0.0,0.01,0.1,0.9,-1.2,0.0,0,0,1,0,0.675,0.44
594,2,0.08068156242370605,-0.4201453924179077,0.043255846947431564,0.12516190247711695,0.127314014862208,0,0,0,0.12,0.01,0.0,0.01,0.1,0.9,-1.2,0.0,0,0,1,0,0.675,0.44
594,3,-0.7728275656700134,0.4220809042453766,-0.37435755133628845,0.1448611964908178,-0.07914351424842431,0,0,0,0.12,0.01,0.0,0.01,0.1,0.9,-1.2,0.0,0,0,1,0,0.675,0.44
594,4,-0.45998337864875793,-0.421370267868042,-0.0877154991030693,-0.0234911943803506,0.13565671248538066,0,0,0,0.12,0.01,0.0,0.01,0.1,0.9,-1.2,0.0,0,0,1,0,0.675,0.44
594,5,-0.9670211672782898,-0.3094257116317749,-2.1432039737701416,0.23731809971222884,0.18111801030745506,0,0,0,0.12,0.01,0.0,0.01,0.1,0.9,-1.2,0.0,0,0,1,0,0.675,0.44
594,6,0.14496760070323944,0.05379032343626022,0.3858267664909363,0.2694542176187537,0.22615041666621946,0,0,0,0.12,0.01,0.0,0.01,0.1,0.9,-1.2,0.0,0,0,1,0,0.675,0.44
594,7,-0.17299775779247284,0.42192092537879944,0.048366133123636246,-0.20948513360669108,0.36613357575585337,0,0,0,0.12,0.01,0.0,0.01,0.1,0.9,-1.2,0.0,0,0,1,0,0.675,0.44
595,0,-0.4759502112865448,0.0435885526239872,-1.636352300643921,0.12597369376270676,0.11883694704921342,0,0,0,0.12,0.01,0.0,0.01,0.1,0.9,-1.2,0.0,0,0,1,0,0.675,0.44
595,1,-1.1591871976852417,0.160814106464386,3.1009740829467773,0.3478849868115508,0.3312172551813996,0,0,0,0.12,0.01,0.0,0.01,0.1,0.9,-1.2,0.0,0,0,1,0,0.675,0.44
595,2,0.08093453198671341,-0.42013442516326904,0.043369438499212265,0.12506984312270306,0.12679882209565022,0,0,0,0.12,0.01,0.0,0.01,0.1,0.9,-1.2,0.0,0,0,1,0,0.675,0.44
595,3,-0.7727640271186829,0.4220559597015381,-0.38563016057014465,0.11416816793964166,-0.05077473901794215,0,0,0,0.12,0.01,0.0,0.01,0.1,0.9,-1.2,0.0,0,0,1,0,0.675,0.44
595,4,-0.45987123250961304,-0.42137959599494934,-0.08158637583255768,-0.014182756628158214,0.12603906818783533,0,0,0,0.12,0.01,0.0,0.01,0.1,0.9,-1.2,0.0,0,0,1,0,0.675,0.44
595,5,-0.9672492742538452,-0.3097788393497467,-2.1451973915100098,0.23638480292788086,0.18043253434667056,0,0,0,0.12,0.01,0.0,0.01,0.1,0.9,-1.2,0.0,0,0,1,0,0.675,0.44
595,6,0.1454271376132965,0.053976647555828094,0.38429081439971924,0.26901404219296027,0.22647016090724423,0,0,0,0.12,0.01,0.0,0.01,0.1,0.9,-1.2,0.0,0,0,1,0,0.675,0.44
595,7,-0.1728413850069046,0.421932578086853,0.08651034533977509,-0.029125845973259984,0.18437071794725138,0,0,0,0.12,0.01,0.0,0.01,0.1,0.9,-1.2,0.0,0,0,1,0,0.675,0.44
596,0,-0.47596660256385803,0.04333905875682831,-1.6368095874786377,0.12270866498058251,0.11852563754016945,0,0,0,0.12,0.01,0.0,0.01,0.1,0.9,-1.2,0.0,0,0,1,0,0.675,0.44
596,1,-1.1598681211471558,0.16084200143814087,3.1003596782684326,0.3466821050896593,0.3303053045020155,0,0,0,0.12,0.01,0.0,0.01,0.1,0.9,-1.2,0.0,0,0,1,0,0.675,0.44
596,2,0.08118689060211182,-0.42012348771095276,0.04342455789446831,0.12480367958369976,0.1264588361996102,0,0,0,0.12,0.01,0.0,0.01,0.1,0.9,-1.2,0.0,0,0,1,0,0.675,0.44
596,3,-0.7727028727531433,0.4220309555530548,-0.3940396308898926,-0.7109845278758421,0.9227090774077786,0,0,0,0.12,0.01,0.0,0.01,0.1,0.9,-1.2,0.0,0,0,1,0,0.675,0.44
596,4,-0.45975935459136963,-0.4213881492614746,-0.07589733600616455,-0.0035512205506143374,0.1151034888172922,0,0,0,0.12,0.01,0.0,0.01,0.1,0.9,-1.2,0.0,0,0,1,0,0.675,0.44
596,5,-0.9674772024154663,-0.31013014912605286,-2.1471850872039795,0.2354410766848486,0.17976827628527473,0,0,0,0.12,0.01,0.0,0.01,0.1,0.9,-1.2,0.0,0,0,1,0,0.675,0.44
596,6,0.1458868533372879,0.05416221171617508,0.3827526569366455,0.2683931328202296,0.22696414218892572,0,0,0,0.12,0.01,0.0,0.01,0.1,0.9,-1.2,0.0,0,0,1,0,0.675,0.44
596,7,-0.17268598079681396,0.42194798588752747,0.10966502875089645,-6.207923283861953,6.196859441759067,0,0,0,0.12,0.01,0.0,0.01,0.1,0.9,-1.2,0.0,0,0,1,0,0.675,0.44
597,0,-0.4759828448295593,0.04309353977441788,-1.6371214389801025,0.11984928906937342,0.11784010170916813,0,0,0,0.12,0.01,0.0,0.01,0.1,0.9,-1.2,0.0,0,0,1,0,0.675,0.44
597,1,-1.1605470180511475,0.16087020933628082,3.0997581481933594,0.34549341013507184,0.32938345858975115,0,0,0,0.12,0.01,0.0,0.01,0.1,0.9,-1.2,0.0,0,0,1,0,0.675,0.44
597,2,0.08143864572048187,-0.4201125502586365,0.043470416218042374,0.12454874477598309,0.12610878386285665,0,0,0,0.12,0.01,0.0,0.01,0.1,0.9,-1.2,0.0,0,0,1,0,0.675,0.44
597,3,-0.7726441025733948,0.42200616002082825,-0.4002595543861389,-0.7383813573598705,0.9473088248252712,0,0,0,0.12,0.01,0.0,0.01,0.1,0.9,-1.2,0.0,0,0,1,0,0.675,0.44
597,4,-0.4596477448940277,-0.4213961660861969,-0.07081447541713715,0.006968091929052925,0.10428043106784954,0,0,0,0.12,0.01,0.0,0.01,0.1,0.9,-1.2,0.0,0,0,1,0,0.675,0.44
597,5,-0.9677050113677979,-0.31047964096069336,-2.1491639614105225,0.2344923164221448,0.17911930424245173,0,0,0,0.12,0.01,0.0,0.01,0.1,0.9,-1.2,0.0,0,0,1,0,0.675,0.44
597,6,0.14634674787521362,0.05434699356555939,0.3812374472618103,0.26770019791459954,0.22752612568998423,0,0,0,0.12,0.01,0.0,0.01,0.1,0.9,-1.2,0.0,0,0,1,0,0.675,0.44
597,7,-0.17253175377845764,0.42196568846702576,0.11971517652273178,-6.28,6.28,0,0,0,0.12,0.01,0.0,0.01,0.1,0.9,-1.2,0.0,0,0,1,0,0.675,0.44
598,0,-0.4759988784790039,0.042851898819208145,-1.6373131275177002,0.11705399040331894,0.11824896450886675,0,0,0,0.12,0.01,0.0,0.01,0.1,0.9,-1.2,0.0,0,0,1,0,0.675,0.44
598,1,-1.1612237691879272,0.16089875996112823,3.0991671085357666,0.3460406606427079,0.3265546614894027,0,0,0,0.12,0.01,0.0,0.01,0.1,0.9,-1.2,0.0,0,0,1,0,0.675,0.44
598,2,0.08168978989124298,-0.4201016128063202,0.04355667158961296,0.12444845888576422,0.1256047978643426,0,0,0,0.12,0.01,0.0,0.01,0.1,0.9,-1.2,0.0,0,0,1,0,0.675,0.44
598,3,-0.7724744081497192,0.42194023728370667,-0.3555547893047333,-0.14111335635425798,0.1937364681089138,0,0,0,0.12,0.01,0.0,0.01,0.1,0.9,-1.2,0.0,0,0,1,0,0.675,0.44
598,4,-0.4595364034175873,-0.4214037358760834,-0.06647881120443344,0.016611748786687273,0.09433235838818609,0,0,0,0.12,0.01,0.0,0.01,0.1,0.9,-1.2,0.0,0,0,1,0,0.675,0.44
598,5,-0.9679325222969055,-0.3108273446559906,-2.1511330604553223,0.23354612695053786,0.17847765577956465,0,0,0,0.12,0.01,0.0,0.01,0.1,0.9,-1.2,0.0,0,0,1,0,0.675,0.44
598,6,0.14680682122707367,0.05453099310398102,0.37976542115211487,0.2648158046108585,0.23029929672657434,0,0,0,0.12,0.01,0.0,0.01,0.1,0.9,-1.2,0.0,0,0,1,0,0.675,0.44
598,7,-0.17250588536262512,0.421948105096817,0.47463709115982056,1.2309600701535286,-1.092075302263552,0,0,0,0.12,0.01,0.0,0.01,0.1,0.9,-1.2,0.0,0,0,1,0,0.675,0.44
599,0,-0.47601476311683655,0.04261399433016777,-1.6374164819717407,0.11310794693195189,0.11994995433128512,0,0,0,0.12,0.01,0.0,0.01,0.1,0.9,-1.2,0.0,0,0,1,0,0.675,0.44
599,1,-1.1618983745574951,0.16092759370803833,3.098585844039917,0.34712433918546765,0.323116599478015,0,0,0,0.12,0.01,0.0,0.01,0.1,0.9,-1.2,0.0,0,0,1,0,0.675,0.44
599,2,0.08194032311439514,-0.4200907051563263,0.04364394769072533,0.12434640663657316,0.1251036660095679,0,0,0,0.12,0.01,0.0,0.01,0.1,0.9,-1.2,0.0,0,0,1,0,0.675,0.44
599,3,-0.7722752094268799,0.4218747019767761,-0.296725332736969,-0.38203931820893505,0.42889063281321743,0,0,0,0.12,0.01,0.0,0.01,0.1,0.9,-1.2,0.0,0,0,1,0,0.675,0.44
599,4,-0.4594253599643707,-0.4214109778404236,-0.06292211264371872,0.02482562137173291,0.08581251280976657,0,0,0,0.12,0.01,0.0,0.01,0.1,0.9,-1.2,0.0,0,0,1,0,0.675,0.44
599,5,-0.9681597948074341,-0.31117331981658936,-2.153092384338379,0.232600647337633,0.17784540044526492,0,0,0,0.12,0.01,0.0,0.01,0.1,0.9,-1.2,0.0,0,0,1,0,0.675,0.44
599,6,0.14726705849170685,0.05471424013376236,0.3783382177352905,0.26069911809246316,0.23424408344943748,0,0,0,0.12,0.01,0.0,0.01,0.1,0.9,-1.2,0.0,0,0,1,0,0.675,0.44
599,7,-0.17250458896160126,0.42195844650268555,0.8510772585868835,2.3505685966253385,-2.246196549737464,0,0,0,0.12,0.01,0.0,0.01,0.1,0.9,-1.2,0.0,0,0,1,0,0.675,0.44
600,0,-0.4760304391384125,0.0423787422478199,-1.6374071836471558,0.11041766959885446,0.1195415053917995,0,0,0,0.12,0.01,0.0,0.01,0.1,0.9,-1.2,0.0,0,0,1,0,0.675,0.44
600,1,-1.1625707149505615,0.1609567552804947,3.0979115962982178,0.34607034098797856,0.32200277674502314,0,0,0,0.12,0.01,0.0,0.01,0.1,0.9,-1.2,0.0,0,0,1,0,0.675,0.44
600,2,0.08219026029109955,-0.42007976770401,0.04367446526885033,0.12415153277900513,0.1246962200305194,0,0,0,0.12,0.01,0.0,0.01,0.1,0.9,-1.2,0.0,0,0,1,0,0.675,0.44
600,3,-0.7721946239471436,0.42185118794441223,-0.2755119204521179,-0.3385586571079452,0.38285422512709694,0,0,0,0.12,0.01,0.0,0.01,0.1,0.9,-1.2,0.0,0,0,1,0,0.675,0.44
600,4,-0.45931458473205566,-0.42141789197921753,-0.06006154790520668,0.03206954256242612,0.0782626260762801,0,0,0,0.12,0.01,0.0,0.01,0.1,0.9,-1.2,0.0,0,0,1,0,0.675,0.44
600,5,-0.9683868288993835,-0.31151753664016724,-2.155041456222534,0.23165848354481322,0.1772199024758472,0,0,0,0.12,0.01,0.0,0.01,0.1,0.9,-1.2,0.0,0,0,1,0,0.675,0.44
600,6,0.14772741496562958,0.05489681661128998,0.3770730495452881,0.2558138650186214,0.23883459155486494,0,0,0,0.12,0.01,0.0,0.01,0.1,0.9,-1.2,0.0,0,0,1,0,0.675,0.44
600,7,-0.17248043417930603,0.42203977704048157,0.7765864729881287,2.4536013718033116,-2.3536206300640385,0,0,0,0.12,0.01,0.0,0.01,0.1,0.9,-1.2,0.0,0,0,1,0,0.675,0.44
