step,agent_id,pos_x,pos_y,angle,left_speed,right_speed,role,is_anchored,knows_target,w_target,w_center,w_rand,k_diff,lambda_anchor,lambda_release,base_x,base_y,chain_connected,rescued_count,is_alive,is_colliding,target_0_x,target_0_y
1,0,-0.5229710936546326,0.3237711787223816,1.234511137008667,6.28,2.644800544350636,0,0,0,0.02,0.08,0.03,0.15,0.9,0.1,-1.2,0.0,0,0,1,1,0.675,0.44
1,1,-0.6730259656906128,0.31541797518730164,-0.997061550617218,1.126099595204598,-6.28,0,0,0,0.02,0.08,0.03,0.15,0.9,0.1,-1.2,0.0,0,0,1,0,0.675,0.44
1,2,-0.22165368497371674,-0.28064078092575073,-0.5355637669563293,6.28,6.28,0,0,0,0.02,0.08,0.03,0.15,0.9,0.1,-1.2,0.0,0,0,1,1,0.675,0.44
1,3,-0.6736018061637878,0.43577635288238525,-1.3034350872039795,6.28,6.28,0,0,0,0.02,0.08,0.03,0.15,0.9,0.1,-1.2,0.0,0,0,1,0,0.675,0.44
1,4,-0.3707371652126312,-0.28036078810691833,-0.061826080083847046,0.43117241911630605,-6.28,0,0,0,0.02,0.08,0.03,0.15,0.9,0.1,-1.2,0.0,0,0,1,0,0.675,0.44
1,5,-0.6754712462425232,0.08148935437202454,-0.5274192690849304,6.28,5.316204681673386,0,0,0,0.02,0.08,0.03,0.15,0.9,0.1,-1.2,0.0,0,0,1,0,0.675,0.44
1,6,-0.22674594819545746,-0.16133566200733185,1.0232676267623901,6.28,6.28,0,0,0,0.02,0.08,0.03,0.15,0.9,0.1,-1.2,0.0,0,0,1,1,0.675,0.44
1,7,-0.5279832482337952,0.4397461712360382,2.9944875240325928,-6.28,0.4167515081445902,0,0,0,0.02,0.08,0.03,0.15,0.9,0.1,-1.2,0.0,0,0,1,1,0.675,0.44
2,0,-0.5220153331756592,0.32659676671028137,1.2552241086959839,6.28,2.8975696682354055,0,0,0,0.02,0.08,0.03,0.15,0.9,0.1,-1.2,0.0,0,0,1,1,0.675,0.44
2,1,-0.671308696269989,0.3126978874206543,-1.0190167427062988,1.5957541793782926,-6.28,0,0,0,0.02,0.08,0.03,0.15,0.9,0.1,-1.2,0.0,0,0,1,0,0.675,0.44
2,2,-0.2196723371744156,-0.281995564699173,-0.6649880409240723,6.28,6.28,0,0,0,0.02,0.08,0.03,0.15,0.9,0.1,-1.2,0.0,0,0,1,0,0.675,0.44
2,3,-0.6726693511009216,0.43329373002052307,-1.1163877248764038,0.450903737171901,-6.28,0,0,0,0.02,0.08,0.03,0.15,0.9,0.1,-1.2,0.0,0,0,1,0,0.675,0.44
2,4,-0.36797642707824707,-0.28054773807525635,-0.075830839574337,0.4008753218677816,-6.28,0,0,0,0.02,0.08,0.03,0.15,0.9,0.1,-1.2,0.0,0,0,1,0,0.675,0.44
2,5,-0.6751581430435181,0.08199425786733627,-0.16209766268730164,0.7099053939266547,-6.28,0,0,0,0.02,0.08,0.03,0.15,0.9,0.1,-1.2,0.0,0,0,1,0,0.675,0.44
2,6,-0.22665762901306152,-0.1608191579580307,0.7075320482254028,6.28,6.28,0,0,0,0.02,0.08,0.03,0.15,0.9,0.1,-1.2,0.0,0,0,1,0,0.675,0.44
2,7,-0.5283360481262207,0.44013988971710205,2.687352418899536,-6.28,0.3515096333861767,0,0,0,0.02,0.08,0.03,0.15,0.9,0.1,-1.2,0.0,0,0,1,1,0.675,0.44
3,0,-0.5193580985069275,0.3338729739189148,1.156748652458191,6.28,6.28,0,0,0,0.02,0.08,0.03,0.15,0.9,0.1,-1.2,0.0,0,0,1,1,0.675,0.44
3,1,-0.67281574010849,0.3158571422100067,-1.2327667474746704,4.220329267784828,-5.068632688106667,0,0,0,0.02,0.08,0.03,0.15,0.9,0.1,-1.2,0.0,0,0,1,1,0.675,0.44
3,2,-0.2115585058927536,-0.2887120544910431,-0.6908254623413086,6.28,6.28,0,0,0,0.02,0.08,0.03,0.15,0.9,0.1,-1.2,0.0,0,0,1,0,0.675,0.44
3,3,-0.6676650047302246,0.4239622950553894,-1.079653263092041,0.33795577919488934,-6.28,0,0,0,0.02,0.08,0.03,0.15,0.9,0.1,-1.2,0.0,0,0,1,1,0.675,0.44
3,4,-0.37192967534065247,-0.2798440754413605,-0.2729930877685547,0.3969713003976416,-6.28,0,0,0,0.02,0.08,0.03,0.15,0.9,0.1,-1.2,0.0,0,0,1,0,0.675,0.44
3,5,-0.6651626825332642,0.08065492659807205,-0.15194502472877502,0.8292265030505335,-6.28,0,0,0,0.02,0.08,0.03,0.15,0.9,0.1,-1.2,0.0,0,0,1,0,0.675,0.44
3,6,-0.2180459201335907,-0.15361911058425903,0.6893052458763123,6.28,6.28,0,0,0,0.02,0.08,0.03,0.15,0.9,0.1,-1.2,0.0,0,0,1,0,0.675,0.44
3,7,-0.5239390134811401,0.4384300708770752,2.887432813644409,-6.28,0.1791161027831653,0,0,0,0.02,0.08,0.03,0.15,0.9,0.1,-1.2,0.0,0,0,1,1,0.675,0.44
4,0,-0.5151914954185486,0.34202027320861816,1.0350513458251953,6.28,6.28,0,0,0,0.02,0.08,0.03,0.15,0.9,0.1,-1.2,0.0,0,0,1,1,0.675,0.44
4,1,-0.6738601922988892,0.32057344913482666,-1.5120904445648193,6.28,5.694623626752858,0,0,0,0.02,0.08,0.03,0.15,0.9,0.1,-1.2,0.0,0,0,1,1,0.675,0.44
4,2,-0.20188793540000916,-0.2967042624950409,-0.6906310319900513,6.28,6.28,0,0,0,0.02,0.08,0.03,0.15,0.9,0.1,-1.2,0.0,0,0,1,0,0.675,0.44
4,3,-0.6683622002601624,0.4258480370044708,-1.2702009677886963,0.3185480045314527,-6.28,0,0,0,0.02,0.08,0.03,0.15,0.9,0.1,-1.2,0.0,0,0,1,1,0.675,0.44
4,4,-0.37736672163009644,-0.27761533856391907,-0.5116814374923706,0.4368800277718222,-6.28,0,0,0,0.02,0.08,0.03,0.15,0.9,0.1,-1.2,0.0,0,0,1,0,0.675,0.44
4,5,-0.6669157147407532,0.08130267262458801,-0.3540891408920288,5.229896637544035,-2.782609908092653,0,0,0,0.02,0.08,0.03,0.15,0.9,0.1,-1.2,0.0,0,0,1,0,0.675,0.44
4,6,-0.2083958387374878,-0.14560219645500183,0.6923652291297913,6.28,6.28,0,0,0,0.02,0.08,0.03,0.15,0.9,0.1,-1.2,0.0,0,0,1,0,0.675,0.44
4,7,-0.517883837223053,0.4375980496406555,3.1303720474243164,-6.28,0.08143502735975111,0,0,0,0.02,0.08,0.03,0.15,0.9,0.1,-1.2,0.0,0,0,1,1,0.675,0.44
5,0,-0.5088721513748169,0.3520747423171997,1.0111122131347656,6.28,6.28,0,0,0,0.02,0.08,0.03,0.15,0.9,0.1,-1.2,0.0,0,0,1,1,0.675,0.44
5,1,-0.6737971305847168,0.32192403078079224,-1.8684568405151367,6.28,6.28,0,0,0,0.02,0.08,0.03,0.15,0.9,0.1,-1.2,0.0,0,0,1,1,0.675,0.44
5,2,-0.19221146404743195,-0.3046954870223999,-0.690537691116333,6.28,6.28,0,0,0,0.02,0.08,0.03,0.15,0.9,0.1,-1.2,0.0,0,0,1,0,0.675,0.44
5,3,-0.6694704294204712,0.43172788619995117,-1.5055079460144043,2.1767224505319924,-6.28,0,0,0,0.02,0.08,0.03,0.15,0.9,0.1,-1.2,0.0,0,0,1,1,0.675,0.44
5,4,-0.38201797008514404,-0.27418291568756104,-0.784025251865387,0.5756393725248811,-6.28,0,0,0,0.02,0.08,0.03,0.15,0.9,0.1,-1.2,0.0,0,0,1,0,0.675,0.44
5,5,-0.6719808578491211,0.08376453071832657,-0.6112270951271057,6.28,6.28,0,0,0,0.02,0.08,0.03,0.15,0.9,0.1,-1.2,0.0,0,0,1,0,0.675,0.44
5,6,-0.19876062870025635,-0.13759833574295044,0.6932015419006348,6.28,6.28,0,0,0,0.02,0.08,0.03,0.15,0.9,0.1,-1.2,0.0,0,0,1,0,0.675,0.44
5,7,-0.5135298371315002,0.43796995282173157,-2.9664511680603027,-6.28,0.06955483594241751,0,0,0,0.02,0.08,0.03,0.15,0.9,0.1,-1.2,0.0,0,0,1,1,0.675,0.44
6,0,-0.5021976828575134,0.362705260515213,1.0119351148605347,6.28,6.28,0,0,0,0.02,0.08,0.03,0.15,0.9,0.1,-1.2,0.0,0,0,1,1,0.675,0.44
6,1,-0.6766379475593567,0.3140961229801178,-1.9159787893295288,6.28,6.28,0,0,0,0.02,0.08,0.03,0.15,0.9,0.1,-1.2,0.0,0,0,1,0,0.675,0.44
6,2,-0.18253076076507568,-0.3126918375492096,-0.6904730200767517,6.28,6.28,0,0,0,0.02,0.08,0.03,0.15,0.9,0.1,-1.2,0.0,0,0,1,0,0.675,0.44
6,3,-0.6691727638244629,0.43763619661331177,-1.7408957481384277,6.28,6.28,0,0,0,0.02,0.08,0.03,0.15,0.9,0.1,-1.2,0.0,0,0,1,0,0.675,0.44
6,4,-0.38375091552734375,-0.2721821069717407,-0.9299176335334778,0.9919019125543632,-6.28,0,0,0,0.02,0.08,0.03,0.15,0.9,0.1,-1.2,0.0,0,0,1,0,0.675,0.44
6,5,-0.671438455581665,0.08304790407419205,-0.8948386311531067,6.28,6.28,0,0,0,0.02,0.08,0.03,0.15,0.9,0.1,-1.2,0.0,0,0,1,0,0.675,0.44
6,6,-0.18911167979240417,-0.12958593666553497,0.6933600306510925,6.28,6.28,0,0,0,0.02,0.08,0.03,0.15,0.9,0.1,-1.2,0.0,0,0,1,0,0.675,0.44
6,7,-0.510259211063385,0.4388270378112793,-2.834827423095703,-6.28,0.3387392579641865,0,0,0,0.02,0.08,0.03,0.15,0.9,0.1,-1.2,0.0,0,0,1,1,0.675,0.44
7,0,-0.49583351612091064,0.37049931287765503,0.9820833206176758,6.28,6.28,0,0,0,0.02,0.08,0.03,0.15,0.9,0.1,-1.2,0.0,0,0,1,1,0.675,0.44
7,1,-0.6808160543441772,0.30239295959472656,-1.9184322357177734,6.28,6.28,0,0,0,0.02,0.08,0.03,0.15,0.9,0.1,-1.2,0.0,0,0,1,0,0.675,0.44
7,2,-0.172847718000412,-0.32069072127342224,-0.6904022097587585,6.28,6.28,0,0,0,0.02,0.08,0.03,0.15,0.9,0.1,-1.2,0.0,0,0,1,0,0.675,0.44
7,3,-0.6687445044517517,0.43908342719078064,-1.9246023893356323,6.28,6.28,0,0,0,0.02,0.08,0.03,0.15,0.9,0.1,-1.2,0.0,0,0,1,0,0.675,0.44
7,4,-0.3861639201641083,-0.26849955320358276,-1.1576582193374634,3.9127340499646346,-5.763151395535605,0,0,0,0.02,0.08,0.03,0.15,0.9,0.1,-1.2,0.0,0,0,1,0,0.675,0.44
7,5,-0.6652382612228394,0.07442669570446014,-0.9484813213348389,6.28,6.28,0,0,0,0.02,0.08,0.03,0.15,0.9,0.1,-1.2,0.0,0,0,1,0,0.675,0.44
7,6,-0.1794545203447342,-0.12156468629837036,0.693369448184967,6.28,6.28,0,0,0,0.02,0.08,0.03,0.15,0.9,0.1,-1.2,0.0,0,0,1,0,0.675,0.44
7,7,-0.5052715539932251,0.4423181116580963,-2.638800621032715,6.28,6.28,0,0,0,0.02,0.08,0.03,0.15,0.9,0.1,-1.2,0.0,0,0,1,1,0.675,0.44
8,0,-0.4913668632507324,0.3750292658805847,0.9749325513839722,6.28,6.28,0,0,0,0.02,0.08,0.03,0.15,0.9,0.1,-1.2,0.0,0,0,1,1,0.675,0.44
8,1,-0.6850524544715881,0.2906080186367035,-1.9185242652893066,6.28,6.28,0,0,0,0.02,0.08,0.03,0.15,0.9,0.1,-1.2,0.0,0,0,1,0,0.675,0.44
8,2,-0.1631632298231125,-0.32868966460227966,-0.6903472542762756,6.28,6.28,0,0,0,0.02,0.08,0.03,0.15,0.9,0.1,-1.2,0.0,0,0,1,0,0.675,0.44
8,3,-0.6724810600280762,0.42980873584747314,-1.959934949874878,6.28,4.670555729711348,0,0,0,0.02,0.08,0.03,0.15,0.9,0.1,-1.2,0.0,0,0,1,0,0.675,0.44
8,4,-0.3873177766799927,-0.2656969726085663,-1.3493999242782593,6.28,2.7839907294020234,0,0,0,0.02,0.08,0.03,0.15,0.9,0.1,-1.2,0.0,0,0,1,0,0.675,0.44
8,5,-0.6579161882400513,0.06425119936466217,-0.9466121196746826,6.28,6.28,0,0,0,0.02,0.08,0.03,0.15,0.9,0.1,-1.2,0.0,0,0,1,0,0.675,0.44
8,6,-0.1697947233915329,-0.11353889852762222,0.693361759185791,6.28,6.28,0,0,0,0.02,0.08,0.03,0.15,0.9,0.1,-1.2,0.0,0,0,1,0,0.675,0.44
8,7,-0.5032902359962463,0.44639480113983154,-2.530205726623535,6.28,6.28,0,0,0,0.02,0.08,0.03,0.15,0.9,0.1,-1.2,0.0,0,0,1,1,0.675,0.44
9,0,-0.484315425157547,0.37953582406044006,0.9753282070159912,6.28,6.28,0,0,0,0.02,0.08,0.03,0.15,0.9,0.1,-1.2,0.0,0,0,1,1,0.675,0.44
9,1,-0.6893157362937927,0.27881282567977905,-1.9188101291656494,6.28,6.28,0,0,0,0.02,0.08,0.03,0.15,0.9,0.1,-1.2,0.0,0,0,1,0,0.675,0.44
9,2,-0.15347814559936523,-0.3366885483264923,-0.6903266906738281,6.28,6.28,0,0,0,0.02,0.08,0.03,0.15,0.9,0.1,-1.2,0.0,0,0,1,0,0.675,0.44
9,3,-0.6772221922874451,0.4181673228740692,-1.9589670896530151,0.7851683779732416,-6.28,0,0,0,0.02,0.08,0.03,0.15,0.9,0.1,-1.2,0.0,0,0,1,0,0.675,0.44
9,4,-0.387478232383728,-0.26474806666374207,-1.6243200302124023,6.28,6.28,0,0,0,0.02,0.08,0.03,0.15,0.9,0.1,-1.2,0.0,0,0,1,0,0.675,0.44
9,5,-0.6505951881408691,0.0540863536298275,-0.9458898901939392,6.28,6.28,0,0,0,0.02,0.08,0.03,0.15,0.9,0.1,-1.2,0.0,0,0,1,0,0.675,0.44
9,6,-0.1601344496011734,-0.10551147907972336,0.6933637261390686,6.28,6.28,0,0,0,0.02,0.08,0.03,0.15,0.9,0.1,-1.2,0.0,0,0,1,0,0.675,0.44
9,7,-0.5104221701622009,0.44835609197616577,-2.481825828552246,6.28,6.28,0,0,0,0.02,0.08,0.03,0.15,0.9,0.1,-1.2,0.0,0,0,1,1,0.675,0.44
10,0,-0.4772725999355316,0.3873801529407501,0.9755734205245972,6.28,6.28,0,0,0,0.02,0.08,0.03,0.15,0.9,0.1,-1.2,0.0,0,0,1,1,0.675,0.44
10,1,-0.6935946941375732,0.26700982451438904,-1.918961524963379,6.28,6.28,0,0,0,0.02,0.08,0.03,0.15,0.9,0.1,-1.2,0.0,0,0,1,0,0.675,0.44
10,2,-0.1437930464744568,-0.3446875214576721,-0.6903474926948547,6.28,6.28,0,0,0,0.02,0.08,0.03,0.15,0.9,0.1,-1.2,0.0,0,0,1,0,0.675,0.44
10,3,-0.681685745716095,0.40770119428634644,-2.0085272789001465,1.352700808180221,-6.28,0,0,0,0.02,0.08,0.03,0.15,0.9,0.1,-1.2,0.0,0,0,1,0,0.675,0.44
10,4,-0.3885074555873871,-0.27202749252319336,-1.7755146026611328,6.28,6.28,0,0,0,0.02,0.08,0.03,0.15,0.9,0.1,-1.2,0.0,0,0,1,0,0.675,0.44
10,5,-0.6432591080665588,0.04391062259674072,-0.9456633925437927,6.28,6.28,0,0,0,0.02,0.08,0.03,0.15,0.9,0.1,-1.2,0.0,0,0,1,0,0.675,0.44
10,6,-0.15047422051429749,-0.097483791410923,0.6933763027191162,6.28,6.28,0,0,0,0.02,0.08,0.03,0.15,0.9,0.1,-1.2,0.0,0,0,1,0,0.675,0.44
10,7,-0.5203691720962524,0.44624248147010803,-2.4820821285247803,6.28,6.28,0,0,0,0.02,0.08,0.03,0.15,0.9,0.1,-1.2,0.0,0,0,1,1,0.675,0.44
11,0,-0.47022363543510437,0.39660751819610596,0.9768754839897156,6.28,6.28,0,0,0,0.02,0.08,0.03,0.15,0.9,0.1,-1.2,0.0,0,0,1,1,0.675,0.44
11,1,-0.6978819370269775,0.25520414113998413,-1.9190043210983276,6.28,6.28,0,0,0,0.02,0.08,0.03,0.15,0.9,0.1,-1.2,0.0,0,0,1,0,0.675,0.44
11,2,-0.13410842418670654,-0.35268664360046387,-0.6904020309448242,6.28,6.28,0,0,0,0.02,0.08,0.03,0.15,0.9,0.1,-1.2,0.0,0,0,1,0,0.675,0.44
11,3,-0.6806495189666748,0.40902143716812134,-2.239105463027954,6.28,1.632955715322478,0,0,0,0.02,0.08,0.03,0.15,0.9,0.1,-1.2,0.0,0,0,1,0,0.675,0.44
11,4,-0.3912038207054138,-0.2835252285003662,-1.801047921180725,6.28,6.28,0,0,0,0.02,0.08,0.03,0.15,0.9,0.1,-1.2,0.0,0,0,1,0,0.675,0.44
11,5,-0.6359134316444397,0.03372840955853462,-0.9456097483634949,6.28,6.28,0,0,0,0.02,0.08,0.03,0.15,0.9,0.1,-1.2,0.0,0,0,1,0,0.675,0.44
11,6,-0.1408141553401947,-0.0894559696316719,0.6933863759040833,6.28,6.28,0,0,0,0.02,0.08,0.03,0.15,0.9,0.1,-1.2,0.0,0,0,1,0,0.675,0.44
11,7,-0.530292272567749,0.4405704736709595,-2.4816787242889404,6.28,6.28,0,0,0,0.02,0.08,0.03,0.15,0.9,0.1,-1.2,0.0,0,0,1,1,0.675,0.44
12,0,-0.4631962180137634,0.40701737999916077,0.9769198298454285,6.28,6.28,0,0,0,0.02,0.08,0.03,0.15,0.9,0.1,-1.2,0.0,0,0,1,1,0.675,0.44
12,1,-0.702167809009552,0.24339811503887177,-1.9190031290054321,6.28,6.28,0,0,0,0.02,0.08,0.03,0.15,0.9,0.1,-1.2,0.0,0,0,1,0,0.675,0.44
12,2,-0.12442493438720703,-0.36068591475486755,-0.6904686689376831,6.28,6.28,0,0,0,0.02,0.08,0.03,0.15,0.9,0.1,-1.2,0.0,0,0,1,0,0.675,0.44
12,3,-0.6774808764457703,0.4120717942714691,-2.5307414531707764,6.28,6.28,0,0,0,0.02,0.08,0.03,0.15,0.9,0.1,-1.2,0.0,0,0,1,0,0.675,0.44
12,4,-0.3940657675266266,-0.2957352101802826,-1.799993872642517,6.28,6.28,0,0,0,0.02,0.08,0.03,0.15,0.9,0.1,-1.2,0.0,0,0,1,0,0.675,0.44
12,5,-0.6285637617111206,0.02354419231414795,-0.9456055164337158,6.28,6.28,0,0,0,0.02,0.08,0.03,0.15,0.9,0.1,-1.2,0.0,0,0,1,0,0.675,0.44
12,6,-0.13115425407886505,-0.08142812550067902,0.6933911442756653,6.28,6.28,0,0,0,0.02,0.08,0.03,0.15,0.9,0.1,-1.2,0.0,0,0,1,0,0.675,0.44
12,7,-0.5402095317840576,0.43287521600723267,-2.481388568878174,-6.28,0.978772854791414,0,0,0,0.02,0.08,0.03,0.15,0.9,0.1,-1.2,0.0,0,0,1,1,0.675,0.44
13,0,-0.45616838335990906,0.41742709279060364,0.9769517779350281,6.28,6.28,0,0,0,0.02,0.08,0.03,0.15,0.9,0.1,-1.2,0.0,0,0,1,1,0.675,0.44
13,1,-0.706453263759613,0.23159223794937134,-1.9189924001693726,6.28,6.28,0,0,0,0.02,0.08,0.03,0.15,0.9,0.1,-1.2,0.0,0,0,1,0,0.675,0.44
13,2,-0.11474259942770004,-0.36868518590927124,-0.6905239820480347,6.28,6.28,0,0,0,0.02,0.08,0.03,0.15,0.9,0.1,-1.2,0.0,0,0,1,0,0.675,0.44
13,3,-0.6825072765350342,0.40937915444374084,-2.730400562286377,6.28,6.28,0,0,0,0.02,0.08,0.03,0.15,0.9,0.1,-1.2,0.0,0,0,1,0,0.675,0.44
13,4,-0.39690959453582764,-0.3079567551612854,-1.7996866703033447,6.28,6.28,0,0,0,0.02,0.08,0.03,0.15,0.9,0.1,-1.2,0.0,0,0,1,0,0.675,0.44
13,5,-0.6212130188941956,0.013359690085053444,-0.9456108212471008,6.28,6.28,0,0,0,0.02,0.08,0.03,0.15,0.9,0.1,-1.2,0.0,0,0,1,0,0.675,0.44
13,6,-0.12149453908205032,-0.07340037077665329,0.6933929324150085,6.28,6.28,0,0,0,0.02,0.08,0.03,0.15,0.9,0.1,-1.2,0.0,0,0,1,0,0.675,0.44
13,7,-0.550126314163208,0.4251740872859955,-2.4812707901000977,1.4537969577312695,-6.28,0,0,0,0.02,0.08,0.03,0.15,0.9,0.1,-1.2,0.0,0,0,1,1,0.675,0.44
14,0,-0.4491405189037323,0.4278370141983032,0.9769732356071472,6.28,6.28,0,0,0,0.02,0.08,0.03,0.15,0.9,0.1,-1.2,0.0,0,0,1,1,0.675,0.44
14,1,-0.710738480091095,0.2197863906621933,-1.9189796447753906,6.28,6.28,0,0,0,0.02,0.08,0.03,0.15,0.9,0.1,-1.2,0.0,0,0,1,0,0.675,0.44
14,2,-0.10506090521812439,-0.3766845762729645,-0.6905497312545776,6.28,6.28,0,0,0,0.02,0.08,0.03,0.15,0.9,0.1,-1.2,0.0,0,0,1,0,0.675,0.44
14,3,-0.6934301853179932,0.4050327241420746,-2.764711856842041,6.28,6.28,0,0,0,0.02,0.08,0.03,0.15,0.9,0.1,-1.2,0.0,0,0,1,0,0.675,0.44
14,4,-0.3997524678707123,-0.3201868236064911,-1.799674391746521,6.28,6.28,0,0,0,0.02,0.08,0.03,0.15,0.9,0.1,-1.2,0.0,0,0,1,0,0.675,0.44
14,5,-0.6138622760772705,0.003175263525918126,-0.9456117749214172,6.28,6.28,0,0,0,0.02,0.08,0.03,0.15,0.9,0.1,-1.2,0.0,0,0,1,0,0.675,0.44
14,6,-0.11183495819568634,-0.0653727576136589,0.6933909058570862,6.28,6.28,0,0,0,0.02,0.08,0.03,0.15,0.9,0.1,-1.2,0.0,0,0,1,0,0.675,0.44
14,7,-0.5491535663604736,0.42642268538475037,-2.2694129943847656,-6.28,0.8969632280155293,0,0,0,0.02,0.08,0.03,0.15,0.9,0.1,-1.2,0.0,0,0,1,1,0.675,0.44
15,0,-0.4421125650405884,0.43824711441993713,0.9769710302352905,0.41783472601621546,-6.28,0,0,0,0.02,0.08,0.03,0.15,0.9,0.1,-1.2,0.0,0,0,1,1,0.675,0.44
15,1,-0.7150236368179321,0.20798036456108093,-1.9189685583114624,6.28,6.28,0,0,0,0.02,0.08,0.03,0.15,0.9,0.1,-1.2,0.0,0,0,1,0,0.675,0.44
15,2,-0.09537913650274277,-0.38468414545059204,-0.6905389428138733,6.28,6.28,0,0,0,0.02,0.08,0.03,0.15,0.9,0.1,-1.2,0.0,0,0,1,0,0.675,0.44
15,3,-0.7050892114639282,0.4004136919975281,-2.7633707523345947,6.28,6.28,0,0,0,0.02,0.08,0.03,0.15,0.9,0.1,-1.2,0.0,0,0,1,0,0.675,0.44
15,4,-0.40260049700737,-0.33242008090019226,-1.799657940864563,6.28,6.28,0,0,0,0.02,0.08,0.03,0.15,0.9,0.1,-1.2,0.0,0,0,1,0,0.675,0.44
15,5,-0.6065115332603455,-0.0070090871304273605,-0.9456098675727844,6.28,6.28,0,0,0,0.02,0.08,0.03,0.15,0.9,0.1,-1.2,0.0,0,0,1,0,0.675,0.44
15,6,-0.10217543691396713,-0.05734531953930855,0.6933819651603699,6.28,6.28,0,0,0,0.02,0.08,0.03,0.15,0.9,0.1,-1.2,0.0,0,0,1,0,0.675,0.44
15,7,-0.545971691608429,0.43011659383773804,-2.4368247985839844,-6.28,1.0053761772316663,0,0,0,0.02,0.08,0.03,0.15,0.9,0.1,-1.2,0.0,0,0,1,1,0.675,0.44
16,0,-0.43508440256118774,0.44865715503692627,0.9769409894943237,0.3862536665378932,-6.28,0,0,0,0.02,0.08,0.03,0.15,0.9,0.1,-1.2,0.0,0,0,1,1,0.675,0.44
16,1,-0.7193088531494141,0.1961740106344223,-1.9189635515213013,6.28,6.28,0,0,0,0.02,0.08,0.03,0.15,0.9,0.1,-1.2,0.0,0,0,1,0,0.675,0.44
16,2,-0.08569664508104324,-0.3926839530467987,-0.6905096173286438,6.28,6.28,0,0,0,0.02,0.08,0.03,0.15,0.9,0.1,-1.2,0.0,0,0,1,0,0.675,0.44
16,3,-0.7167443037033081,0.39578476548194885,-2.7627949714660645,6.28,6.28,0,0,0,0.02,0.08,0.03,0.15,0.9,0.1,-1.2,0.0,0,0,1,0,0.675,0.44
16,4,-0.40544959902763367,-0.34465375542640686,-1.7995765209197998,6.28,6.28,0,0,0,0.02,0.08,0.03,0.15,0.9,0.1,-1.2,0.0,0,0,1,0,0.675,0.44
16,5,-0.5991607904434204,-0.01719340868294239,-0.9456081390380859,6.28,6.28,0,0,0,0.02,0.08,0.03,0.15,0.9,0.1,-1.2,0.0,0,0,1,0,0.675,0.44
16,6,-0.09251585602760315,-0.04931799694895744,0.6933690905570984,6.28,6.28,0,0,0,0.02,0.08,0.03,0.15,0.9,0.1,-1.2,0.0,0,0,1,0,0.675,0.44
16,7,-0.5420381426811218,0.4336020052433014,-2.2853968143463135,5.254349217483179,6.28,0,0,0,0.02,0.08,0.03,0.15,0.9,0.1,-1.2,0.0,0,0,1,1,0.675,0.44
17,0,-0.43641209602355957,0.4486367702484131,0.8598845601081848,0.40982102934632864,-6.28,0,0,0,0.02,0.08,0.03,0.15,0.9,0.1,-1.2,0.0,0,0,1,1,0.675,0.44
17,1,-0.723594069480896,0.1843673437833786,-1.9189668893814087,6.28,6.28,0,0,0,0.02,0.08,0.03,0.15,0.9,0.1,-1.2,0.0,0,0,1,0,0.675,0.44
17,2,-0.07601341605186462,-0.40068379044532776,-0.6904658675193787,6.28,6.28,0,0,0,0.02,0.08,0.03,0.15,0.9,0.1,-1.2,0.0,0,0,1,0,0.675,0.44
17,3,-0.7284058332443237,0.39114415645599365,-2.7626633644104004,6.28,6.28,0,0,0,0.02,0.08,0.03,0.15,0.9,0.1,-1.2,0.0,0,0,1,0,0.675,0.44
17,4,-0.4082973897457123,-0.3568868041038513,-1.7994637489318848,6.28,6.28,0,0,0,0.02,0.08,0.03,0.15,0.9,0.1,-1.2,0.0,0,0,1,0,0.675,0.44
17,5,-0.5918100476264954,-0.027377724647521973,-0.945608913898468,6.28,6.28,0,0,0,0.02,0.08,0.03,0.15,0.9,0.1,-1.2,0.0,0,0,1,0,0.675,0.44
17,6,-0.08285614103078842,-0.04129070043563843,0.6933612823486328,6.28,6.28,0,0,0,0.02,0.08,0.03,0.15,0.9,0.1,-1.2,0.0,0,0,1,0,0.675,0.44
17,7,-0.5393319725990295,0.43762144446372986,-1.9998873472213745,6.28,6.28,0,0,0,0.02,0.08,0.03,0.15,0.9,0.1,-1.2,0.0,0,0,1,1,0.675,0.44
18,0,-0.4387924075126648,0.4461424648761749,0.7161601781845093,0.4002221666034575,-6.28,0,0,0,0.02,0.08,0.03,0.15,0.9,0.1,-1.2,0.0,0,0,1,1,0.675,0.44
18,1,-0.727879524230957,0.17256049811840057,-1.9189761877059937,6.28,6.28,0,0,0,0.02,0.08,0.03,0.15,0.9,0.1,-1.2,0.0,0,0,1,0,0.675,0.44
18,2,-0.0663294866681099,-0.40868330001831055,-0.6904081702232361,6.28,6.28,0,0,0,0.02,0.08,0.03,0.15,0.9,0.1,-1.2,0.0,0,0,1,0,0.675,0.44
18,3,-0.7400713562965393,0.3864990472793579,-2.7627155780792236,6.28,6.28,0,0,0,0.02,0.08,0.03,0.15,0.9,0.1,-1.2,0.0,0,0,1,0,0.675,0.44
18,4,-0.41114363074302673,-0.3691191077232361,-1.7993675470352173,6.28,6.28,0,0,0,0.02,0.08,0.03,0.15,0.9,0.1,-1.2,0.0,0,0,1,0,0.675,0.44
18,5,-0.5844593048095703,-0.037562038749456406,-0.945610523223877,6.28,6.28,0,0,0,0.02,0.08,0.03,0.15,0.9,0.1,-1.2,0.0,0,0,1,0,0.675,0.44
18,6,-0.07319626212120056,-0.03326333314180374,0.6933630704879761,6.28,6.28,0,0,0,0.02,0.08,0.03,0.15,0.9,0.1,-1.2,0.0,0,0,1,0,0.675,0.44
18,7,-0.5422174334526062,0.42991456389427185,-1.9100717306137085,-1.6407387222589518,5.522749986821559,0,0,0,0.02,0.08,0.03,0.15,0.9,0.1,-1.2,0.0,0,0,1,1,0.675,0.44
19,0,-0.44365471601486206,0.4427758753299713,0.4798843562602997,0.32781835744682963,-6.28,0,0,0,0.02,0.08,0.03,0.15,0.9,0.1,-1.2,0.0,0,0,1,1,0.675,0.44
19,1,-0.7321650385856628,0.16075366735458374,-1.9189870357513428,6.28,6.28,0,0,0,0.02,0.08,0.03,0.15,0.9,0.1,-1.2,0.0,0,0,1,0,0.675,0.44
19,2,-0.05664488300681114,-0.4166826903820038,-0.6903808116912842,6.28,6.28,0,0,0,0.02,0.08,0.03,0.15,0.9,0.1,-1.2,0.0,0,0,1,0,0.675,0.44
19,3,-0.751738965511322,0.38185396790504456,-2.7627875804901123,6.28,6.28,0,0,0,0.02,0.08,0.03,0.15,0.9,0.1,-1.2,0.0,0,0,1,0,0.675,0.44
19,4,-0.4139889180660248,-0.38135117292404175,-1.799322485923767,6.28,6.28,0,0,0,0.02,0.08,0.03,0.15,0.9,0.1,-1.2,0.0,0,0,1,0,0.675,0.44
19,5,-0.5771085619926453,-0.04774635285139084,-0.9456101059913635,6.28,6.28,0,0,0,0.02,0.08,0.03,0.15,0.9,0.1,-1.2,0.0,0,0,1,0,0.675,0.44
19,6,-0.06353623420000076,-0.025235813111066818,0.6933695077896118,6.28,6.28,0,0,0,0.02,0.08,0.03,0.15,0.9,0.1,-1.2,0.0,0,0,1,0,0.675,0.44
19,7,-0.5462847948074341,0.41822221875190735,-1.9035181999206543,-6.28,0.4279425488337485,0,0,0,0.02,0.08,0.03,0.15,0.9,0.1,-1.2,0.0,0,0,1,1,0.675,0.44
20,0,-0.44913747906684875,0.4406440258026123,0.2428504377603531,6.28,6.0362594614357565,0,0,0,0.02,0.08,0.03,0.15,0.9,0.1,-1.2,0.0,0,0,1,1,0.675,0.44
20,1,-0.7364506721496582,0.14894706010818481,-1.9189969301223755,6.28,6.28,0,0,0,0.02,0.08,0.03,0.15,0.9,0.1,-1.2,0.0,0,0,1,0,0.675,0.44
20,2,-0.04696009308099747,-0.4246821701526642,-0.6904017925262451,5.649644383371907,6.28,0,0,0,0.02,0.08,0.03,0.15,0.9,0.1,-1.2,0.0,0,0,1,0,0.675,0.44
20,3,-0.7634077072143555,0.37720978260040283,-2.7628445625305176,6.28,6.28,0,0,0,0.02,0.08,0.03,0.15,0.9,0.1,-1.2,0.0,0,0,1,0,0.675,0.44
20,4,-0.4168340265750885,-0.3935836851596832,-1.7993327379226685,6.28,6.28,0,0,0,0.02,0.08,0.03,0.15,0.9,0.1,-1.2,0.0,0,0,1,0,0.675,0.44
20,5,-0.5697578191757202,-0.05793066695332527,-0.9456085562705994,6.28,6.28,0,0,0,0.02,0.08,0.03,0.15,0.9,0.1,-1.2,0.0,0,0,1,0,0.675,0.44
20,6,-0.05387615039944649,-0.017208127304911613,0.6933757066726685,6.28,6.28,0,0,0,0.02,0.08,0.03,0.15,0.9,0.1,-1.2,0.0,0,0,1,0,0.675,0.44
20,7,-0.5480220317840576,0.41316747665405273,-1.7129169702529907,-6.28,0.24972813691080398,0,0,0,0.02,0.08,0.03,0.15,0.9,0.1,-1.2,0.0,0,0,1,1,0.675,0.44
21,0,-0.45503339171409607,0.4398748278617859,0.010854983702301979,6.28,6.28,0,0,0,0.02,0.08,0.03,0.15,0.9,0.1,-1.2,0.0,0,0,1,1,0.675,0.44
21,1,-0.7407363057136536,0.13714078068733215,-1.9190025329589844,6.28,6.28,0,0,0,0.02,0.08,0.03,0.15,0.9,0.1,-1.2,0.0,0,0,1,0,0.675,0.44
21,2,-0.03727586194872856,-0.4326818585395813,-0.6904628276824951,-6.28,0.48693639441363956,0,0,0,0.02,0.08,0.03,0.15,0.9,0.1,-1.2,0.0,0,0,1,0,0.675,0.44
21,3,-0.775077760219574,0.37256574630737305,-2.7628583908081055,6.28,6.28,0,0,0,0.02,0.08,0.03,0.15,0.9,0.1,-1.2,0.0,0,0,1,0,0.675,0.44
21,4,-0.4196797013282776,-0.40581685304641724,-1.7993946075439453,6.28,6.28,0,0,0,0.02,0.08,0.03,0.15,0.9,0.1,-1.2,0.0,0,0,1,0,0.675,0.44
21,5,-0.5624070763587952,-0.0681149810552597,-0.9456087350845337,6.28,6.28,0,0,0,0.02,0.08,0.03,0.15,0.9,0.1,-1.2,0.0,0,0,1,0,0.675,0.44
21,6,-0.04421611875295639,-0.009180322289466858,0.6933839917182922,6.28,6.28,0,0,0,0.02,0.08,0.03,0.15,0.9,0.1,-1.2,0.0,0,0,1,0,0.675,0.44
21,7,-0.5481041669845581,0.4166811406612396,-1.457511305809021,-6.28,0.45337104433174485,0,0,0,0.02,0.08,0.03,0.15,0.9,0.1,-1.2,0.0,0,0,1,1,0.675,0.44
22,0,-0.4465859830379486,0.43950989842414856,-0.04958929494023323,6.28,6.28,0,0,0,0.02,0.08,0.03,0.15,0.9,0.1,-1.2,0.0,0,0,1,1,0.675,0.44
22,1,-0.7450218200683594,0.12533481419086456,-1.919000267982483,6.28,6.28,0,0,0,0.02,0.08,0.03,0.15,0.9,0.1,-1.2,0.0,0,0,1,0,0.675,0.44
22,2,-0.027938159182667732,-0.44030848145484924,-0.6726932525634766,-6.28,0.06791457907055765,0,0,0,0.02,0.08,0.03,0.15,0.9,0.1,-1.2,0.0,0,0,1,0,0.675,0.44
22,3,-0.7867497205734253,0.36792102456092834,-2.762847900390625,6.28,6.28,0,0,0,0.02,0.08,0.03,0.15,0.9,0.1,-1.2,0.0,0,0,1,0,0.675,0.44
22,4,-0.42252659797668457,-0.41805025935173035,-1.7994972467422485,6.28,6.28,0,0,0,0.02,0.08,0.03,0.15,0.9,0.1,-1.2,0.0,0,0,1,0,0.675,0.44
22,5,-0.5550563335418701,-0.07829929143190384,-0.9456104040145874,6.28,6.28,0,0,0,0.02,0.08,0.03,0.15,0.9,0.1,-1.2,0.0,0,0,1,0,0.675,0.44
22,6,-0.03455622121691704,-0.0011524882866069674,0.6933934092521667,5.684300563209543,6.28,0,0,0,0.02,0.08,0.03,0.15,0.9,0.1,-1.2,0.0,0,0,1,0,0.675,0.44
22,7,-0.5493749380111694,0.42219680547714233,-1.2048406600952148,-6.28,2.3735888367376634,0,0,0,0.02,0.08,0.03,0.15,0.9,0.1,-1.2,0.0,0,0,1,1,0.675,0.44
23,0,-0.4340733587741852,0.4389059245586395,-0.05027347430586815,6.28,6.28,0,0,0,0.02,0.08,0.03,0.15,0.9,0.1,-1.2,0.0,0,0,1,1,0.675,0.44
23,1,-0.7493071556091309,0.11352904140949249,-1.9189906120300293,6.28,6.28,0,0,0,0.02,0.08,0.03,0.15,0.9,0.1,-1.2,0.0,0,0,1,0,0.675,0.44
23,2,-0.029844719916582108,-0.4393022656440735,-0.472797691822052,-6.28,0.1578134871693601,0,0,0,0.02,0.08,0.03,0.15,0.9,0.1,-1.2,0.0,0,0,1,0,0.675,0.44
23,3,-0.7984234094619751,0.3632754683494568,-2.762830972671509,6.28,6.28,0,0,0,0.02,0.08,0.03,0.15,0.9,0.1,-1.2,0.0,0,0,1,0,0.675,0.44
23,4,-0.42537498474121094,-0.4302840232849121,-1.7995927333831787,0.6729649812478457,-6.28,0,0,0,0.02,0.08,0.03,0.15,0.9,0.1,-1.2,0.0,0,0,1,0,0.675,0.44
23,5,-0.5477055907249451,-0.08848360180854797,-0.9456106424331665,6.28,6.28,0,0,0,0.02,0.08,0.03,0.15,0.9,0.1,-1.2,0.0,0,0,1,0,0.675,0.44
23,6,-0.024896496906876564,0.0068752700462937355,0.6933968663215637,6.0480195732086885,6.28,0,0,0,0.02,0.08,0.03,0.15,0.9,0.1,-1.2,0.0,0,0,1,0,0.675,0.44
23,7,-0.5520201921463013,0.42707565426826477,-0.9344940185546875,3.446599824592035,6.28,0,0,0,0.02,0.08,0.03,0.15,0.9,0.1,-1.2,0.0,0,0,1,1,0.675,0.44
24,0,-0.42153728008270264,0.43828698992729187,-0.0502663291990757,6.28,6.28,0,0,0,0.02,0.08,0.03,0.15,0.9,0.1,-1.2,0.0,0,0,1,0,0.675,0.44
24,1,-0.7535923719406128,0.10172323882579803,-1.9189788103103638,6.28,6.28,0,0,0,0.02,0.08,0.03,0.15,0.9,0.1,-1.2,0.0,0,0,1,0,0.675,0.44
24,2,-0.03562842682003975,-0.43712103366851807,-0.24499092996120453,-6.28,1.3146255234375452,0,0,0,0.02,0.08,0.03,0.15,0.9,0.1,-1.2,0.0,0,0,1,0,0.675,0.44
24,3,-0.8100968599319458,0.3586297333240509,-2.7627992630004883,6.28,6.28,0,0,0,0.02,0.08,0.03,0.15,0.9,0.1,-1.2,0.0,0,0,1,0,0.675,0.44
24,4,-0.4282242953777313,-0.44251805543899536,-1.7996362447738647,0.30968290779100766,-6.28,0,0,0,0.02,0.08,0.03,0.15,0.9,0.1,-1.2,0.0,0,0,1,0,0.675,0.44
24,5,-0.54035484790802,-0.09866791218519211,-0.9456089735031128,6.28,6.28,0,0,0,0.02,0.08,0.03,0.15,0.9,0.1,-1.2,0.0,0,0,1,0,0.675,0.44
24,6,-0.015644367784261703,0.014647727832198143,0.7102571129798889,5.386698482333534,6.28,0,0,0,0.02,0.08,0.03,0.15,0.9,0.1,-1.2,0.0,0,0,1,0,0.675,0.44
24,7,-0.5528064370155334,0.4276990592479706,-0.7358344197273254,5.816848986404748,6.204517311793951,0,0,0,0.02,0.08,0.03,0.15,0.9,0.1,-1.2,0.0,0,0,1,0,0.675,0.44
25,0,-0.4089996814727783,0.43765488266944885,-0.050422780215740204,6.28,6.28,0,0,0,0.02,0.08,0.03,0.15,0.9,0.1,-1.2,0.0,0,0,1,0,0.675,0.44
25,1,-0.75787752866745,0.08991722762584686,-1.9189693927764893,6.28,6.28,0,0,0,0.02,0.08,0.03,0.15,0.9,0.1,-1.2,0.0,0,0,1,0,0.675,0.44
25,2,-0.041546598076820374,-0.4362920820713043,-0.008021603338420391,6.139197206550133,6.28,0,0,0,0.02,0.08,0.03,0.15,0.9,0.1,-1.2,0.0,0,0,1,0,0.675,0.44
25,3,-0.8217676877975464,0.35398414731025696,-2.7627389430999756,6.28,6.28,0,0,0,0.02,0.08,0.03,0.15,0.9,0.1,-1.2,0.0,0,0,1,0,0.675,0.44
25,4,-0.42754265666007996,-0.4425700008869171,-1.9282329082489014,0.22548888093234243,-6.28,0,0,0,0.02,0.08,0.03,0.15,0.9,0.1,-1.2,0.0,0,0,1,0,0.675,0.44
25,5,-0.533004105091095,-0.10885223001241684,-0.9456081390380859,6.28,6.28,0,0,0,0.02,0.08,0.03,0.15,0.9,0.1,-1.2,0.0,0,0,1,0,0.675,0.44
25,6,-0.006405046209692955,0.022699134424328804,0.7211368680000305,4.996161698780871,6.28,0,0,0,0.02,0.08,0.03,0.15,0.9,0.1,-1.2,0.0,0,0,1,0,0.675,0.44
25,7,-0.5467015504837036,0.42305874824523926,-0.613558828830719,-2.828390281737356,4.797642165383214,0,0,0,0.02,0.08,0.03,0.15,0.9,0.1,-1.2,0.0,0,0,1,0,0.675,0.44
26,0,-0.3964586853981018,0.43702009320259094,-0.050416406244039536,6.28,6.28,0,0,0,0.02,0.08,0.03,0.15,0.9,0.1,-1.2,0.0,0,0,1,0,0.675,0.44
26,1,-0.7621627449989319,0.07811088114976883,-1.9189647436141968,6.28,6.28,0,0,0,0.02,0.08,0.03,0.15,0.9,0.1,-1.2,0.0,0,0,1,0,0.675,0.44
26,2,-0.04656520113348961,-0.4369089901447296,0.28653061389923096,6.28,6.28,0,0,0,0.02,0.08,0.03,0.15,0.9,0.1,-1.2,0.0,0,0,1,0,0.675,0.44
26,3,-0.8334367871284485,0.34933868050575256,-2.762727737426758,6.28,6.28,0,0,0,0.02,0.08,0.03,0.15,0.9,0.1,-1.2,0.0,0,0,1,0,0.675,0.44
26,4,-0.4260828197002411,-0.4392588436603546,-2.074230909347534,0.13778041334759628,-6.28,0,0,0,0.02,0.08,0.03,0.15,0.9,0.1,-1.2,0.0,0,0,1,0,0.675,0.44
26,5,-0.5256533622741699,-0.11903654783964157,-0.9456095099449158,4.540203526000692,6.28,0,0,0,0.02,0.08,0.03,0.15,0.9,0.1,-1.2,0.0,0,0,1,0,0.675,0.44
26,6,0.002379002282395959,0.030577121302485466,0.7479408979415894,5.33973939395148,6.28,0,0,0,0.02,0.08,0.03,0.15,0.9,0.1,-1.2,0.0,0,0,1,0,0.675,0.44
26,7,-0.5370938777923584,0.4166021943092346,-0.5833963751792908,-6.28,3.5312447036245183,0,0,0,0.02,0.08,0.03,0.15,0.9,0.1,-1.2,0.0,0,0,1,0,0.675,0.44
27,0,-0.3839161694049835,0.4363865852355957,-0.050405003130435944,6.28,6.28,0,0,0,0.02,0.08,0.03,0.15,0.9,0.1,-1.2,0.0,0,0,1,0,0.675,0.44
27,1,-0.7664480209350586,0.06630422174930573,-1.918966293334961,6.28,6.28,0,0,0,0.02,0.08,0.03,0.15,0.9,0.1,-1.2,0.0,0,0,1,0,0.675,0.44
27,2,-0.03718040511012077,-0.43397971987724304,0.3135746419429779,6.28,6.28,0,0,0,0.02,0.08,0.03,0.15,0.9,0.1,-1.2,0.0,0,0,1,0,0.675,0.44
27,3,-0.8451056480407715,0.34469348192214966,-2.7627217769622803,6.28,6.28,0,0,0,0.02,0.08,0.03,0.15,0.9,0.1,-1.2,0.0,0,0,1,0,0.675,0.44
27,4,-0.4222538471221924,-0.4338696599006653,-2.330324172973633,0.13821399651619826,-6.28,0,0,0,0.02,0.08,0.03,0.15,0.9,0.1,-1.2,0.0,0,0,1,0,0.675,0.44
27,5,-0.5183026194572449,-0.1292208582162857,-0.9456105828285217,1.7915955237664882,6.28,0,0,0,0.02,0.08,0.03,0.15,0.9,0.1,-1.2,0.0,0,0,1,0,0.675,0.44
27,6,0.010562757961452007,0.03845088183879852,0.7905400991439819,5.125933000015877,6.28,0,0,0,0.02,0.08,0.03,0.15,0.9,0.1,-1.2,0.0,0,0,1,0,0.675,0.44
27,7,-0.5336715579032898,0.41451922059059143,-0.3648636043071747,-6.28,3.597130499131829,0,0,0,0.02,0.08,0.03,0.15,0.9,0.1,-1.2,0.0,0,0,1,0,0.675,0.44
28,0,-0.3713730573654175,0.43575382232666016,-0.05044462904334068,6.28,6.28,0,0,0,0.02,0.08,0.03,0.15,0.9,0.1,-1.2,0.0,0,0,1,0,0.675,0.44
28,1,-0.7707334160804749,0.0544973723590374,-1.918974757194519,6.28,6.28,0,0,0,0.02,0.08,0.03,0.15,0.9,0.1,-1.2,0.0,0,0,1,0,0.675,0.44
28,2,-0.025236593559384346,-0.4301423132419586,0.3133399486541748,6.28,6.28,0,0,0,0.02,0.08,0.03,0.15,0.9,0.1,-1.2,0.0,0,0,1,0,0.675,0.44
28,3,-0.8567751049995422,0.3400479257106781,-2.762704372406006,6.28,6.244807821178172,0,0,0,0.02,0.08,0.03,0.15,0.9,0.1,-1.2,0.0,0,0,1,0,0.675,0.44
28,4,-0.41795700788497925,-0.4303407371044159,-2.579021453857422,3.475668551065223,-6.28,0,0,0,0.02,0.08,0.03,0.15,0.9,0.1,-1.2,0.0,0,0,1,0,0.675,0.44
28,5,-0.511630654335022,-0.13818030059337616,-0.8964408040046692,-0.9204086084567187,5.610180836562282,0,0,0,0.02,0.08,0.03,0.15,0.9,0.1,-1.2,0.0,0,0,1,0,0.675,0.44
28,6,0.01853710412979126,0.04680892080068588,0.8261662125587463,5.081428091137006,6.171137150280013,0,0,0,0.02,0.08,0.03,0.15,0.9,0.1,-1.2,0.0,0,0,1,0,0.675,0.44
28,7,-0.5355022549629211,0.41484957933425903,-0.031674280762672424,-6.28,3.949177645323834,0,0,0,0.02,0.08,0.03,0.15,0.9,0.1,-1.2,0.0,0,0,1,0,0.675,0.44
29,0,-0.358829528093338,0.4351211190223694,-0.05046503245830536,6.28,6.28,0,0,0,0.02,0.08,0.03,0.15,0.9,0.1,-1.2,0.0,0,0,1,0,0.675,0.44
29,1,-0.7750189900398254,0.042690541595220566,-1.9189872741699219,6.28,6.28,0,0,0,0.02,0.08,0.03,0.15,0.9,0.1,-1.2,0.0,0,0,1,0,0.675,0.44
29,2,-0.013296530582010746,-0.42628851532936096,0.3134574294090271,6.28,6.28,0,0,0,0.02,0.08,0.03,0.15,0.9,0.1,-1.2,0.0,0,0,1,0,0.675,0.44
29,3,-0.8684449195861816,0.3354019522666931,-2.7626852989196777,6.28,5.74463793612659,0,0,0,0.02,0.08,0.03,0.15,0.9,0.1,-1.2,0.0,0,0,1,0,0.675,0.44
29,4,-0.4134722054004669,-0.4278653860092163,-2.801330804824829,4.493113267973108,2.4402138406484903,0,0,0,0.02,0.08,0.03,0.15,0.9,0.1,-1.2,0.0,0,0,1,0,0.675,0.44
29,5,-0.505898654460907,-0.1446515917778015,-0.7572377324104309,-3.8158380505819696,4.697356556180286,0,0,0,0.02,0.08,0.03,0.15,0.9,0.1,-1.2,0.0,0,0,1,0,0.675,0.44
29,6,0.026145005598664284,0.055364299565553665,0.8652269840240479,5.095582415258716,5.740089182735894,0,0,0,0.02,0.08,0.03,0.15,0.9,0.1,-1.2,0.0,0,0,1,0,0.675,0.44
29,7,-0.5375702977180481,0.4145129919052124,0.3562796413898468,-4.466448048088868,4.464581292269808,0,0,0,0.02,0.08,0.03,0.15,0.9,0.1,-1.2,0.0,0,0,1,0,0.675,0.44
30,0,-0.346285343170166,0.4344882071018219,-0.05044214800000191,6.28,6.28,0,0,0,0.02,0.08,0.03,0.15,0.9,0.1,-1.2,0.0,0,0,1,0,0.675,0.44
30,1,-0.779304563999176,0.030883928760886192,-1.918997883796692,6.28,6.28,0,0,0,0.02,0.08,0.03,0.15,0.9,0.1,-1.2,0.0,0,0,1,0,0.675,0.44
30,2,-0.0013550620060414076,-0.42242178320884705,0.31366226077079773,6.28,6.28,0,0,0,0.02,0.08,0.03,0.15,0.9,0.1,-1.2,0.0,0,0,1,0,0.675,0.44
30,3,-0.8800885677337646,0.33077073097229004,-2.7637431621551514,6.28,5.631814730629568,0,0,0,0.02,0.08,0.03,0.15,0.9,0.1,-1.2,0.0,0,0,1,0,0.675,0.44
30,4,-0.41347241401672363,-0.42771613597869873,-3.009723663330078,2.8873614886814023,3.5693442305511573,0,0,0,0.02,0.08,0.03,0.15,0.9,0.1,-1.2,0.0,0,0,1,0,0.675,0.44
30,5,-0.5016307234764099,-0.14803794026374817,-0.5398438572883606,-2.3840476116199047,5.307679434667175,0,0,0,0.02,0.08,0.03,0.15,0.9,0.1,-1.2,0.0,0,0,1,0,0.675,0.44
30,6,0.03330262005329132,0.06408705562353134,0.9039943218231201,5.077269029850452,5.2199858305507005,0,0,0,0.02,0.08,0.03,0.15,0.9,0.1,-1.2,0.0,0,0,1,0,0.675,0.44
30,7,-0.5340347290039062,0.41625431180000305,0.491680771112442,-6.211453166883769,3.9421062901816204,0,0,0,0.02,0.08,0.03,0.15,0.9,0.1,-1.2,0.0,0,0,1,0,0.675,0.44
31,0,-0.3337405323982239,0.43385499715805054,-0.05044158548116684,6.28,6.28,0,0,0,0.02,0.08,0.03,0.15,0.9,0.1,-1.2,0.0,0,0,1,0,0.675,0.44
31,1,-0.7835901975631714,0.019077641889452934,-1.9190021753311157,6.28,6.28,0,0,0,0.02,0.08,0.03,0.15,0.9,0.1,-1.2,0.0,0,0,1,0,0.675,0.44
31,2,0.010590419173240662,-0.41854774951934814,0.31376340985298157,6.28,5.6902426276664935,0,0,0,0.02,0.08,0.03,0.15,0.9,0.1,-1.2,0.0,0,0,1,0,0.675,0.44
31,3,-0.891381025314331,0.32635498046875,-2.7791647911071777,6.28,5.525467523250456,0,0,0,0.02,0.08,0.03,0.15,0.9,0.1,-1.2,0.0,0,0,1,0,0.675,0.44
31,4,-0.4195384085178375,-0.42824533581733704,-3.0973892211914062,3.305452119277889,1.71258550485745,0,0,0,0.02,0.08,0.03,0.15,0.9,0.1,-1.2,0.0,0,0,1,0,0.675,0.44
31,5,-0.49982979893684387,-0.14888067543506622,-0.24193333089351654,1.8137585583451232,6.28,0,0,0,0.02,0.08,0.03,0.15,0.9,0.1,-1.2,0.0,0,0,1,0,0.675,0.44
31,6,0.03993474319577217,0.07276146113872528,0.9296996593475342,5.066459154293941,4.688125813796116,0,0,0,0.02,0.08,0.03,0.15,0.9,0.1,-1.2,0.0,0,0,1,0,0.675,0.44
31,7,-0.532827615737915,0.41691961884498596,0.7890623211860657,-5.096418001957196,4.253439572824039,0,0,0,0.02,0.08,0.03,0.15,0.9,0.1,-1.2,0.0,0,0,1,0,0.675,0.44
32,0,-0.3211953341960907,0.43322160840034485,-0.050475042313337326,6.28,6.28,0,0,0,0.02,0.08,0.03,0.15,0.9,0.1,-1.2,0.0,0,0,1,0,0.675,0.44
32,1,-0.7878757119178772,0.007271675392985344,-1.9189993143081665,6.28,6.28,0,0,0,0.02,0.08,0.03,0.15,0.9,0.1,-1.2,0.0,0,0,1,0,0.675,0.44
32,2,0.022537244483828545,-0.4146701395511627,0.3138276934623718,6.28,4.249559701319364,0,0,0,0.02,0.08,0.03,0.15,0.9,0.1,-1.2,0.0,0,0,1,0,0.675,0.44
32,3,-0.9026404023170471,0.32222145795822144,-2.8033673763275146,6.28,5.742523954228504,0,0,0,0.02,0.08,0.03,0.15,0.9,0.1,-1.2,0.0,0,0,1,0,0.675,0.44
32,4,-0.4261019229888916,-0.4284985065460205,-3.091315984725952,3.2078388703798435,-0.10100777286892564,0,0,0,0.02,0.08,0.03,0.15,0.9,0.1,-1.2,0.0,0,0,1,0,0.675,0.44
32,5,-0.49770888686180115,-0.14904648065567017,0.06204052269458771,4.475143443307033,6.28,0,0,0,0.02,0.08,0.03,0.15,0.9,0.1,-1.2,0.0,0,0,1,0,0.675,0.44
32,6,0.04610482230782509,0.08113941550254822,0.9380240440368652,5.071778705949332,4.181992241507027,0,0,0,0.02,0.08,0.03,0.15,0.9,0.1,-1.2,0.0,0,0,1,0,0.675,0.44
32,7,-0.5329445004463196,0.41737088561058044,1.1039282083511353,-2.834873421762885,5.034843860674119,0,0,0,0.02,0.08,0.03,0.15,0.9,0.1,-1.2,0.0,0,0,1,0,0.675,0.44
33,0,-0.3086501359939575,0.4325881600379944,-0.05049179494380951,6.28,6.28,0,0,0,0.02,0.08,0.03,0.15,0.9,0.1,-1.2,0.0,0,0,1,0,0.675,0.44
33,1,-0.7921610474586487,-0.004534105770289898,-1.918990969657898,6.28,6.158903351562143,0,0,0,0.02,0.08,0.03,0.15,0.9,0.1,-1.2,0.0,0,0,1,0,0.675,0.44
33,2,0.03405666723847389,-0.41099950671195984,0.2971552908420563,6.28,3.6248366559671057,0,0,0,0.02,0.08,0.03,0.15,0.9,0.1,-1.2,0.0,0,0,1,0,0.675,0.44
33,3,-0.9139171838760376,0.3184182345867157,-2.8317339420318604,6.28,5.280506193526025,0,0,0,0.02,0.08,0.03,0.15,0.9,0.1,-1.2,0.0,0,0,1,0,0.675,0.44
33,4,-0.43140846490859985,-0.4287218451499939,-3.1304636001586914,3.5276672156432207,-1.2799081900992924,0,0,0,0.02,0.08,0.03,0.15,0.9,0.1,-1.2,0.0,0,0,1,0,0.675,0.44
33,5,-0.49104177951812744,-0.14779873192310333,0.26454174518585205,5.832135450130586,6.28,0,0,0,0.02,0.08,0.03,0.15,0.9,0.1,-1.2,0.0,0,0,1,0,0.675,0.44
33,6,0.05195493996143341,0.08907963335514069,0.9280471205711365,5.169244248859965,3.7616320955824034,0,0,0,0.02,0.08,0.03,0.15,0.9,0.1,-1.2,0.0,0,0,1,0,0.675,0.44
33,7,-0.5320994853973389,0.42008623480796814,1.3220767974853516,-3.9818821883871083,4.6217541621646046,0,0,0,0.02,0.08,0.03,0.15,0.9,0.1,-1.2,0.0,0,0,1,0,0.675,0.44
34,0,-0.29610544443130493,0.43195486068725586,-0.05046195536851883,6.28,6.28,0,0,0,0.02,0.08,0.03,0.15,0.9,0.1,-1.2,0.0,0,0,1,0,0.675,0.44
34,1,-0.7964463233947754,-0.016339901834726334,-1.9189798831939697,6.28,6.077739766198735,0,0,0,0.02,0.08,0.03,0.15,0.9,0.1,-1.2,0.0,0,0,1,0,0.675,0.44
34,2,0.044471196830272675,-0.4080613851547241,0.23561060428619385,6.28,3.088378415778209,0,0,0,0.02,0.08,0.03,0.15,0.9,0.1,-1.2,0.0,0,0,1,0,0.675,0.44
34,3,-0.9254049062728882,0.3148876428604126,-2.8533859252929688,6.28,5.436080633424194,0,0,0,0.02,0.08,0.03,0.15,0.9,0.1,-1.2,0.0,0,0,1,0,0.675,0.44
34,4,-0.4348894953727722,-0.4286319613456726,3.048403024673462,2.8495815459375584,0.10893696178347258,0,0,0,0.02,0.08,0.03,0.15,0.9,0.1,-1.2,0.0,0,0,1,0,0.675,0.44
34,5,-0.48142001032829285,-0.14463075995445251,0.35205432772636414,6.083028124805261,6.28,0,0,0,0.02,0.08,0.03,0.15,0.9,0.1,-1.2,0.0,0,0,1,0,0.675,0.44
34,6,0.05764254555106163,0.09650665521621704,0.9000638127326965,5.33923945374386,3.44240235738857,0,0,0,0.02,0.08,0.03,0.15,0.9,0.1,-1.2,0.0,0,0,1,0,0.675,0.44
34,7,-0.5319252014160156,0.42213916778564453,1.6461181640625,-3.2686922834490115,4.854291790103,0,0,0,0.02,0.08,0.03,0.15,0.9,0.1,-1.2,0.0,0,0,1,0,0.675,0.44
35,0,-0.2835615277290344,0.43132179975509644,-0.05041804909706116,6.28,6.28,0,0,0,0.02,0.08,0.03,0.15,0.9,0.1,-1.2,0.0,0,0,1,0,0.675,0.44
35,1,-0.8007115125656128,-0.028050033375620842,-1.92240571975708,6.28,6.02573820141326,0,0,0,0.02,0.08,0.03,0.15,0.9,0.1,-1.2,0.0,0,0,1,0,0.675,0.44
35,2,0.05431633070111275,-0.4060983955860138,0.14628152549266815,6.28,2.975886422924218,0,0,0,0.02,0.08,0.03,0.15,0.9,0.1,-1.2,0.0,0,0,1,0,0.675,0.44
35,3,-0.9366225600242615,0.31172242760658264,-2.885169267654419,6.28,5.539223718885562,0,0,0,0.02,0.08,0.03,0.15,0.9,0.1,-1.2,0.0,0,0,1,0,0.675,0.44
35,4,-0.43727123737335205,-0.42824921011924744,2.889244318008423,-0.17880377719922888,3.0166599634868376,0,0,0,0.02,0.08,0.03,0.15,0.9,0.1,-1.2,0.0,0,0,1,0,0.675,0.44
35,5,-0.4704095125198364,-0.14037376642227173,0.37685999274253845,6.28,6.28,0,0,0,0.02,0.08,0.03,0.15,0.9,0.1,-1.2,0.0,0,0,1,0,0.675,0.44
35,6,0.06337105482816696,0.10344558209180832,0.8539869785308838,5.553736151541641,3.250568984662125,0,0,0,0.02,0.08,0.03,0.15,0.9,0.1,-1.2,0.0,0,0,1,0,0.675,0.44
35,7,-0.5321018695831299,0.42303240299224854,1.9947155714035034,0.32868154234661184,6.269541016676885,0,0,0,0.02,0.08,0.03,0.15,0.9,0.1,-1.2,0.0,0,0,1,0,0.675,0.44
36,0,-0.27101823687553406,0.4306890368461609,-0.05040063336491585,6.28,6.28,0,0,0,0.02,0.08,0.03,0.15,0.9,0.1,-1.2,0.0,0,0,1,0,0.675,0.44
36,1,-0.8050050735473633,-0.039655257016420364,-1.9290164709091187,6.28,6.220390978380307,0,0,0,0.02,0.08,0.03,0.15,0.9,0.1,-1.2,0.0,0,0,1,0,0.675,0.44
36,2,0.0637587383389473,-0.4051775634288788,0.03768226131796837,6.28,3.073219485725976,0,0,0,0.02,0.08,0.03,0.15,0.9,0.1,-1.2,0.0,0,0,1,0,0.675,0.44
36,3,-0.9479681849479675,0.3089292049407959,-2.9159696102142334,6.28,5.625577035998041,0,0,0,0.02,0.08,0.03,0.15,0.9,0.1,-1.2,0.0,0,0,1,0,0.675,0.44
36,4,-0.43988901376724243,-0.4273800551891327,2.7764062881469727,-3.454321310993378,4.60355240958566,0,0,0,0.02,0.08,0.03,0.15,0.9,0.1,-1.2,0.0,0,0,1,0,0.675,0.44
36,5,-0.45900189876556396,-0.13579846918582916,0.38475432991981506,6.246108801280316,6.28,0,0,0,0.02,0.08,0.03,0.15,0.9,0.1,-1.2,0.0,0,0,1,0,0.675,0.44
36,6,0.06934621930122375,0.10992803424596786,0.7905524969100952,5.799393552015509,3.2082435911195617,0,0,0,0.02,0.08,0.03,0.15,0.9,0.1,-1.2,0.0,0,0,1,0,0.675,0.44
36,7,-0.5328207612037659,0.4240613281726837,2.3377251625061035,2.912779186785996,6.28,0,0,0,0.02,0.08,0.03,0.15,0.9,0.1,-1.2,0.0,0,0,1,0,0.675,0.44
37,0,-0.25847533345222473,0.43005645275115967,-0.050409089773893356,6.28,6.28,0,0,0,0.02,0.08,0.03,0.15,0.9,0.1,-1.2,0.0,0,0,1,0,0.675,0.44
37,1,-0.8093674182891846,-0.051173437386751175,-1.937659740447998,6.28,5.905433651040308,0,0,0,0.02,0.08,0.03,0.15,0.9,0.1,-1.2,0.0,0,0,1,0,0.675,0.44
37,2,0.07304702699184418,-0.4053334593772888,-0.07778847217559814,6.28,3.730879220434084,0,0,0,0.02,0.08,0.03,0.15,0.9,0.1,-1.2,0.0,0,0,1,0,0.675,0.44
37,3,-0.9594612717628479,0.30645430088043213,-2.944138288497925,6.28,5.495754649715331,0,0,0,0.02,0.08,0.03,0.15,0.9,0.1,-1.2,0.0,0,0,1,0,0.675,0.44
37,4,-0.44255974888801575,-0.4263782501220703,2.8474504947662354,-4.2460685438205035,4.540937169520978,0,0,0,0.02,0.08,0.03,0.15,0.9,0.1,-1.2,0.0,0,0,1,0,0.675,0.44
37,5,-0.4474071264266968,-0.1310945749282837,0.38572534918785095,6.28,6.28,0,0,0,0.02,0.08,0.03,0.15,0.9,0.1,-1.2,0.0,0,0,1,0,0.675,0.44
37,6,0.07575943320989609,0.11596263945102692,0.7122898101806641,6.28,3.560962226909544,0,0,0,0.02,0.08,0.03,0.15,0.9,0.1,-1.2,0.0,0,0,1,0,0.675,0.44
37,7,-0.5362128615379333,0.4267451763153076,2.550839900970459,1.8776304914236275,6.28,0,0,0,0.02,0.08,0.03,0.15,0.9,0.1,-1.2,0.0,0,0,1,0,0.675,0.44
38,0,-0.2459324598312378,0.4294239282608032,-0.05041719228029251,6.28,6.28,0,0,0,0.02,0.08,0.03,0.15,0.9,0.1,-1.2,0.0,0,0,1,0,0.675,0.44
38,1,-0.8138660788536072,-0.06279519200325012,-1.9411386251449585,6.28,6.039951638028398,0,0,0,0.02,0.08,0.03,0.15,0.9,0.1,-1.2,0.0,0,0,1,0,0.675,0.44
38,2,0.08230706304311752,-0.40656447410583496,-0.19113638997077942,6.28,4.139026097184174,0,0,0,0.02,0.08,0.03,0.15,0.9,0.1,-1.2,0.0,0,0,1,0,0.675,0.44
38,3,-0.9710848331451416,0.30428093671798706,-2.9698917865753174,6.28,5.674807374527377,0,0,0,0.02,0.08,0.03,0.15,0.9,0.1,-1.2,0.0,0,0,1,0,0.675,0.44
38,4,-0.4440363347530365,-0.426034539937973,3.098508596420288,-2.0666152185758104,5.3863563484509935,0,0,0,0.02,0.08,0.03,0.15,0.9,0.1,-1.2,0.0,0,0,1,0,0.675,0.44
38,5,-0.4357963502407074,-0.12637947499752045,0.3865070939064026,6.28,6.28,0,0,0,0.02,0.08,0.03,0.15,0.9,0.1,-1.2,0.0,0,0,1,0,0.675,0.44
38,6,0.08279038965702057,0.12153837829828262,0.6230901479721069,6.28,3.824265601347304,0,0,0,0.02,0.08,0.03,0.15,0.9,0.1,-1.2,0.0,0,0,1,0,0.675,0.44
38,7,-0.5399920344352722,0.42925453186035156,2.5871167182922363,-4.218772826917087,4.556450480072716,0,0,0,0.02,0.08,0.03,0.15,0.9,0.1,-1.2,0.0,0,0,1,0,0.675,0.44
39,0,-0.23338906466960907,0.42879125475883484,-0.0504162572324276,6.28,5.9665077736694245,0,0,0,0.02,0.08,0.03,0.15,0.9,0.1,-1.2,0.0,0,0,1,0,0.675,0.44
39,1,-0.8183445334434509,-0.07419633120298386,-1.9520933628082275,6.28,5.694676078941031,0,0,0,0.02,0.08,0.03,0.15,0.9,0.1,-1.2,0.0,0,0,1,0,0.675,0.44
39,2,0.09190621227025986,-0.40890243649482727,-0.28527137637138367,6.28,4.533838937541293,0,0,0,0.02,0.08,0.03,0.15,0.9,0.1,-1.2,0.0,0,0,1,0,0.675,0.44
39,3,-0.982668936252594,0.30242788791656494,-2.9989774227142334,6.28,5.776634664630115,0,0,0,0.02,0.08,0.03,0.15,0.9,0.1,-1.2,0.0,0,0,1,0,0.675,0.44
39,4,-0.4452192783355713,-0.42612993717193604,-2.851505994796753,1.1215248386438454,6.28,0,0,0,0.02,0.08,0.03,0.15,0.9,0.1,-1.2,0.0,0,0,1,0,0.675,0.44
39,5,-0.424169659614563,-0.1216457411646843,0.38670170307159424,6.28,6.28,0,0,0,0.02,0.08,0.03,0.15,0.9,0.1,-1.2,0.0,0,0,1,0,0.675,0.44
39,6,0.09090019762516022,0.12682192027568817,0.5281513929367065,6.28,4.208071427463753,0,0,0,0.02,0.08,0.03,0.15,0.9,0.1,-1.2,0.0,0,0,1,0,0.675,0.44
39,7,-0.547303318977356,0.4332086145877838,2.735846996307373,-6.28,1.8184403503892763,0,0,0,0.02,0.08,0.03,0.15,0.9,0.1,-1.2,0.0,0,0,1,0,0.675,0.44
40,0,-0.22084492444992065,0.42815834283828735,-0.05042232573032379,6.28,6.077306284158916,0,0,0,0.02,0.08,0.03,0.15,0.9,0.1,-1.2,0.0,0,0,1,0,0.675,0.44
40,1,-0.8229761123657227,-0.0855841264128685,-1.961555004119873,6.28,5.528430364913005,0,0,0,0.02,0.08,0.03,0.15,0.9,0.1,-1.2,0.0,0,0,1,0,0.675,0.44
40,2,0.10170057415962219,-0.41219207644462585,-0.36320531368255615,5.798737690446717,4.217427131734165,0,0,0,0.02,0.08,0.03,0.15,0.9,0.1,-1.2,0.0,0,0,1,0,0.675,0.44
40,3,-0.9944283962249756,0.3008871078491211,-3.0235655307769775,6.28,5.695025834660421,0,0,0,0.02,0.08,0.03,0.15,0.9,0.1,-1.2,0.0,0,0,1,0,0.675,0.44
40,4,-0.447438508272171,-0.4273242652416229,-2.5418314933776855,1.5114414871312183,4.165800665190238,0,0,0,0.02,0.08,0.03,0.15,0.9,0.1,-1.2,0.0,0,0,1,0,0.675,0.44
40,5,-0.4125368297100067,-0.11690907925367355,0.38668376207351685,6.210326389782994,6.28,0,0,0,0.02,0.08,0.03,0.15,0.9,0.1,-1.2,0.0,0,0,1,0,0.675,0.44
40,6,0.09979120641946793,0.1315041333436966,0.43971332907676697,6.28,4.370940622913023,0,0,0,0.02,0.08,0.03,0.15,0.9,0.1,-1.2,0.0,0,0,1,0,0.675,0.44
40,7,-0.5492538213729858,0.43392983078956604,3.0201306343078613,2.416209437023696,6.28,0,0,0,0.02,0.08,0.03,0.15,0.9,0.1,-1.2,0.0,0,0,1,0,0.675,0.44
41,0,-0.20855224132537842,0.42750295996665955,-0.059427205473184586,6.28,6.10130644109563,0,0,0,0.02,0.08,0.03,0.15,0.9,0.1,-1.2,0.0,0,0,1,0,0.675,0.44
41,1,-0.8276431560516357,-0.09668727964162827,-1.9797569513320923,6.28,4.812062444762447,0,0,0,0.02,0.08,0.03,0.15,0.9,0.1,-1.2,0.0,0,0,1,0,0.675,0.44
41,2,0.11160212755203247,-0.4163273274898529,-0.42714422941207886,3.9755728339649083,4.674074450341864,0,0,0,0.02,0.08,0.03,0.15,0.9,0.1,-1.2,0.0,0,0,1,0,0.675,0.44
41,3,-1.006374478340149,0.29959022998809814,-3.0427706241607666,6.28,5.31523702957039,0,0,0,0.02,0.08,0.03,0.15,0.9,0.1,-1.2,0.0,0,0,1,0,0.675,0.44
41,4,-0.4523119032382965,-0.4316684901714325,-2.3083205223083496,0.7995849316593501,-6.28,0,0,0,0.02,0.08,0.03,0.15,0.9,0.1,-1.2,0.0,0,0,1,0,0.675,0.44
41,5,-0.40090411901474,-0.11217248439788818,0.38668084144592285,6.226031231349331,6.28,0,0,0,0.02,0.08,0.03,0.15,0.9,0.1,-1.2,0.0,0,0,1,0,0.675,0.44
41,6,0.10936091095209122,0.13557082414627075,0.36389994621276855,6.28,4.76587971105895,0,0,0,0.02,0.08,0.03,0.15,0.9,0.1,-1.2,0.0,0,0,1,0,0.675,0.44
41,7,-0.5457092523574829,0.43407005071640015,-2.959625005722046,6.28,6.28,0,0,0,0.02,0.08,0.03,0.15,0.9,0.1,-1.2,0.0,0,0,1,0,0.675,0.44
42,0,-0.19624049961566925,0.4267202615737915,-0.06734155118465424,6.28,5.681142864124462,0,0,0,0.02,0.08,0.03,0.15,0.9,0.1,-1.2,0.0,0,0,1,0,0.675,0.44
42,1,-0.8324728608131409,-0.10749989002943039,-2.005136728286743,6.28,4.515715836312058,0,0,0,0.02,0.08,0.03,0.15,0.9,0.1,-1.2,0.0,0,0,1,0,0.675,0.44
42,2,0.12074144929647446,-0.4208002984523773,-0.4835678040981293,-0.2491658233988399,5.229920470854791,0,0,0,0.02,0.08,0.03,0.15,0.9,0.1,-1.2,0.0,0,0,1,0,0.675,0.44
42,3,-1.0183660984039307,0.2985202372074127,-3.064356803894043,6.28,4.979033873103766,0,0,0,0.02,0.08,0.03,0.15,0.9,0.1,-1.2,0.0,0,0,1,0,0.675,0.44
42,4,-0.45599207282066345,-0.43625548481941223,-2.1909658908843994,0.2626213810320521,-6.28,0,0,0,0.02,0.08,0.03,0.15,0.9,0.1,-1.2,0.0,0,0,1,0,0.675,0.44
42,5,-0.3893260657787323,-0.10744953900575638,0.38867178559303284,5.84385249299513,6.28,0,0,0,0.02,0.08,0.03,0.15,0.9,0.1,-1.2,0.0,0,0,1,0,0.675,0.44
42,6,0.11938675493001938,0.1390126794576645,0.29532739520072937,6.28,4.847469025983348,0,0,0,0.02,0.08,0.03,0.15,0.9,0.1,-1.2,0.0,0,0,1,0,0.675,0.44
42,7,-0.5516377687454224,0.43227100372314453,-2.7875542640686035,6.28,6.28,0,0,0,0.02,0.08,0.03,0.15,0.9,0.1,-1.2,0.0,0,0,1,0,0.675,0.44
43,0,-0.18389350175857544,0.4258473813533783,-0.0738440603017807,6.28,5.000589370352,0,0,0,0.02,0.08,0.03,0.15,0.9,0.1,-1.2,0.0,0,0,1,0,0.675,0.44
43,1,-0.8373916745185852,-0.11760338395833969,-2.0518746376037598,6.28,4.413644070369665,0,0,0,0.02,0.08,0.03,0.15,0.9,0.1,-1.2,0.0,0,0,1,0,0.675,0.44
43,2,0.12860701978206635,-0.4249928295612335,-0.47414740920066833,-6.28,3.473381547974096,0,0,0,0.02,0.08,0.03,0.15,0.9,0.1,-1.2,0.0,0,0,1,0,0.675,0.44
43,3,-1.030102252960205,0.29778051376342773,-3.0986242294311523,6.28,5.140979092164574,0,0,0,0.02,0.08,0.03,0.15,0.9,0.1,-1.2,0.0,0,0,1,0,0.675,0.44
43,4,-0.45378386974334717,-0.4337347149848938,-2.3751635551452637,0.4046570809614902,-6.28,0,0,0,0.02,0.08,0.03,0.15,0.9,0.1,-1.2,0.0,0,0,1,0,0.675,0.44
43,5,-0.37776046991348267,-0.1026998832821846,0.39071035385131836,5.810875175799102,6.28,0,0,0,0.02,0.08,0.03,0.15,0.9,0.1,-1.2,0.0,0,0,1,0,0.675,0.44
43,6,0.12994484603405,0.14190009236335754,0.2389146387577057,6.28,5.381141663980052,0,0,0,0.02,0.08,0.03,0.15,0.9,0.1,-1.2,0.0,0,0,1,0,0.675,0.44
43,7,-0.5625995993614197,0.427916020154953,-2.761970281600952,6.126817687165232,6.28,0,0,0,0.02,0.08,0.03,0.15,0.9,0.1,-1.2,0.0,0,0,1,0,0.675,0.44
44,0,-0.17188626527786255,0.424877792596817,-0.09197032451629639,6.28,4.086343408282187,0,0,0,0.02,0.08,0.03,0.15,0.9,0.1,-1.2,0.0,0,0,1,0,0.675,0.44
44,1,-0.8426738381385803,-0.12709137797355652,-2.112041473388672,6.28,4.489939856016744,0,0,0,0.02,0.08,0.03,0.15,0.9,0.1,-1.2,0.0,0,0,1,0,0.675,0.44
44,2,0.13381218910217285,-0.42737478017807007,-0.31424617767333984,-5.757701118851995,3.886681711773844,0,0,0,0.02,0.08,0.03,0.15,0.9,0.1,-1.2,0.0,0,0,1,0,0.675,0.44
44,3,-1.041548728942871,0.2975255250930786,3.136927366256714,6.28,5.230917968637478,0,0,0,0.02,0.08,0.03,0.15,0.9,0.1,-1.2,0.0,0,0,1,0,0.675,0.44
44,4,-0.44904544949531555,-0.4301474690437317,-2.6404056549072266,3.0064812416133413,-6.28,0,0,0,0.02,0.08,0.03,0.15,0.9,0.1,-1.2,0.0,0,0,1,0,0.675,0.44
44,5,-0.3664996922016144,-0.09800448268651962,0.40344521403312683,5.642788930349103,6.28,0,0,0,0.02,0.08,0.03,0.15,0.9,0.1,-1.2,0.0,0,0,1,0,0.675,0.44
44,6,0.14078207314014435,0.14425796270370483,0.1875714361667633,6.28,5.777001976647794,0,0,0,0.02,0.08,0.03,0.15,0.9,0.1,-1.2,0.0,0,0,1,0,0.675,0.44
44,7,-0.5742446184158325,0.4232935905456543,-2.762892484664917,5.814378297232577,6.28,0,0,0,0.02,0.08,0.03,0.15,0.9,0.1,-1.2,0.0,0,0,1,0,0.675,0.44
45,0,-0.16053372621536255,0.42364928126335144,-0.1323317438364029,4.7807535441035105,3.3752368747050476,0,0,0,0.02,0.08,0.03,0.15,0.9,0.1,-1.2,0.0,0,0,1,0,0.675,0.44
45,1,-0.8484711050987244,-0.1361057013273239,-2.1770620346069336,6.28,4.579735283117734,0,0,0,0.02,0.08,0.03,0.15,0.9,0.1,-1.2,0.0,0,0,1,0,0.675,0.44
45,2,0.13262680172920227,-0.42732077836990356,0.0044642966240644455,1.1928712390419953,6.28,0,0,0,0.02,0.08,0.03,0.15,0.9,0.1,-1.2,0.0,0,0,1,0,0.675,0.44
45,3,-1.0529359579086304,0.2978106439113617,3.0957841873168945,6.28,5.180264154349072,0,0,0,0.02,0.08,0.03,0.15,0.9,0.1,-1.2,0.0,0,0,1,0,0.675,0.44
45,4,-0.44607865810394287,-0.42876487970352173,-2.808117151260376,4.978344152125807,-2.8904769834947155,0,0,0,0.02,0.08,0.03,0.15,0.9,0.1,-1.2,0.0,0,0,1,0,0.675,0.44
45,5,-0.3554088771343231,-0.09317192435264587,0.4198535084724426,5.097764138610246,6.28,0,0,0,0.02,0.08,0.03,0.15,0.9,0.1,-1.2,0.0,0,0,1,0,0.675,0.44
45,6,0.15215513110160828,0.1461910754442215,0.1517503410577774,6.28,5.954439775632864,0,0,0,0.02,0.08,0.03,0.15,0.9,0.1,-1.2,0.0,0,0,1,0,0.675,0.44
45,7,-0.5857808589935303,0.4186933934688568,-2.7587857246398926,6.0106833785205795,3.9617387812055087,0,0,0,0.02,0.08,0.03,0.15,0.9,0.1,-1.2,0.0,0,0,1,0,0.675,0.44
46,0,-0.15011735260486603,0.4219541549682617,-0.20341907441616058,0.5834154264335419,3.998934447771747,0,0,0,0.02,0.08,0.03,0.15,0.9,0.1,-1.2,0.0,0,0,1,0,0.675,0.44
46,1,-0.8548654317855835,-0.1447542905807495,-2.2405614852905273,5.672137941176146,4.296845828240663,0,0,0,0.02,0.08,0.03,0.15,0.9,0.1,-1.2,0.0,0,0,1,0,0.675,0.44
46,2,0.13147448003292084,-0.42755094170570374,0.379703164100647,5.5782521505872875,6.28,0,0,0,0.02,0.08,0.03,0.15,0.9,0.1,-1.2,0.0,0,0,1,0,0.675,0.44
46,3,-1.0644062757492065,0.2985483705997467,3.05846905708313,6.28,5.448281362667586,0,0,0,0.02,0.08,0.03,0.15,0.9,0.1,-1.2,0.0,0,0,1,0,0.675,0.44
46,4,-0.4450407028198242,-0.42850083112716675,-3.0337605476379395,5.953944482261568,-0.18499840336220347,0,0,0,0.02,0.08,0.03,0.15,0.9,0.1,-1.2,0.0,0,0,1,0,0.675,0.44
46,5,-0.34453651309013367,-0.08819597959518433,0.44117164611816406,4.432096402712432,6.28,0,0,0,0.02,0.08,0.03,0.15,0.9,0.1,-1.2,0.0,0,0,1,0,0.675,0.44
46,6,0.16401554644107819,0.14786197245121002,0.1309661716222763,6.28,6.103035943718843,0,0,0,0.02,0.08,0.03,0.15,0.9,0.1,-1.2,0.0,0,0,1,0,0.675,0.44
46,7,-0.5970281958580017,0.4140917956829071,-2.744549036026001,5.5186003188580175,1.3073701611209256,0,0,0,0.02,0.08,0.03,0.15,0.9,0.1,-1.2,0.0,0,0,1,0,0.675,0.44
47,0,-0.141723170876503,0.4199649691581726,-0.2592778205871582,-3.3192524974565583,4.585623884892654,0,0,0,0.02,0.08,0.03,0.15,0.9,0.1,-1.2,0.0,0,0,1,0,0.675,0.44
47,1,-0.8618399500846863,-0.15305371582508087,-2.3009397983551025,5.240799224767464,4.152834617700797,0,0,0,0.02,0.08,0.03,0.15,0.9,0.1,-1.2,0.0,0,0,1,0,0.675,0.44
47,2,0.13618552684783936,-0.42487090826034546,0.6001027822494507,5.440382005993021,6.28,0,0,0,0.02,0.08,0.03,0.15,0.9,0.1,-1.2,0.0,0,0,1,0,0.675,0.44
47,3,-1.0758190155029297,0.29970550537109375,3.020350217819214,6.28,5.9541435462834915,0,0,0,0.02,0.08,0.03,0.15,0.9,0.1,-1.2,0.0,0,0,1,0,0.675,0.44
47,4,-0.44684383273124695,-0.42855069041252136,2.9868004322052,6.28,2.1117749422537013,0,0,0,0.02,0.08,0.03,0.15,0.9,0.1,-1.2,0.0,0,0,1,0,0.675,0.44
47,5,-0.3342244327068329,-0.08313149213790894,0.4790397584438324,4.385718215135843,6.28,0,0,0,0.02,0.08,0.03,0.15,0.9,0.1,-1.2,0.0,0,0,1,0,0.675,0.44
47,6,0.1761258840560913,0.1493709832429886,0.11816128343343735,6.28,6.244960861703159,0,0,0,0.02,0.08,0.03,0.15,0.9,0.1,-1.2,0.0,0,0,1,0,0.675,0.44
47,7,-0.6066731810569763,0.4102085530757904,-2.7992734909057617,5.106021986494364,-0.5145109005296876,0,0,0,0.02,0.08,0.03,0.15,0.9,0.1,-1.2,0.0,0,0,1,0,0.675,0.44
48,0,-0.1365811675786972,0.4186807870864868,-0.17221936583518982,-3.8639078843227104,4.558405414645428,0,0,0,0.02,0.08,0.03,0.15,0.9,0.1,-1.2,0.0,0,0,1,0,0.675,0.44
48,1,-0.8687938451766968,-0.16044092178344727,-2.3514373302459717,5.398886834983009,4.141636867688558,0,0,0,0.02,0.08,0.03,0.15,0.9,0.1,-1.2,0.0,0,0,1,0,0.675,0.44
48,2,0.14497579634189606,-0.4183141589164734,0.6546213626861572,4.272665827064411,3.5358443784979063,0,0,0,0.02,0.08,0.03,0.15,0.9,0.1,-1.2,0.0,0,0,1,0,0.675,0.44
48,3,-1.087384581565857,0.3012999892234802,2.9893620014190674,6.28,6.131734299325661,0,0,0,0.02,0.08,0.03,0.15,0.9,0.1,-1.2,0.0,0,0,1,0,0.675,0.44
48,4,-0.4512592852115631,-0.42715170979499817,2.731295585632324,6.176373506279437,3.055344572065135,0,0,0,0.02,0.08,0.03,0.15,0.9,0.1,-1.2,0.0,0,0,1,0,0.675,0.44
48,5,-0.32472532987594604,-0.07788749784231186,0.5395590662956238,4.186508907713178,6.28,0,0,0,0.02,0.08,0.03,0.15,0.9,0.1,-1.2,0.0,0,0,1,0,0.675,0.44
48,6,0.18839921057224274,0.15077732503414154,0.11094000935554504,6.28,6.28,0,0,0,0.02,0.08,0.03,0.15,0.9,0.1,-1.2,0.0,0,0,1,0,0.675,0.44
48,7,-0.6138275861740112,0.4080461859703064,-2.932661533355713,4.946647501835684,-0.22918882241749308,0,0,0,0.02,0.08,0.03,0.15,0.9,0.1,-1.2,0.0,0,0,1,0,0.675,0.44
49,0,-0.13465473055839539,0.4184499979019165,0.07547780126333237,-2.0229535796060003,4.827749395794728,0,0,0,0.02,0.08,0.03,0.15,0.9,0.1,-1.2,0.0,0,0,1,0,0.675,0.44
49,1,-0.8756228089332581,-0.16705866158008575,-2.391479730606079,5.237971263478658,3.829714910665918,0,0,0,0.02,0.08,0.03,0.15,0.9,0.1,-1.2,0.0,0,0,1,0,0.675,0.44
49,2,0.15412262082099915,-0.4110850989818573,0.6844298839569092,3.862459325765464,-2.002583248578391,0,0,0,0.02,0.08,0.03,0.15,0.9,0.1,-1.2,0.0,0,0,1,0,0.675,0.44
49,3,-1.0993295907974243,0.3032524585723877,2.9735400676727295,6.28,5.894532565402293,0,0,0,0.02,0.08,0.03,0.15,0.9,0.1,-1.2,0.0,0,0,1,0,0.675,0.44
49,4,-0.457905650138855,-0.4234682321548462,2.550795793533325,-4.773991897430538,4.4375843336003316,0,0,0,0.02,0.08,0.03,0.15,0.9,0.1,-1.2,0.0,0,0,1,0,0.675,0.44
49,5,-0.3157375156879425,-0.07211794704198837,0.6060412526130676,3.9732978308573155,6.28,0,0,0,0.02,0.08,0.03,0.15,0.9,0.1,-1.2,0.0,0,0,1,0,0.675,0.44
49,6,0.20082053542137146,0.15214090049266815,0.10882756114006042,6.28,6.28,0,0,0,0.02,0.08,0.03,0.15,0.9,0.1,-1.2,0.0,0,0,1,0,0.675,0.44
49,7,-0.6188355684280396,0.40740683674812317,-3.1214005947113037,4.7915813091394295,0.9824258117700126,0,0,0,0.02,0.08,0.03,0.15,0.9,0.1,-1.2,0.0,0,0,1,0,0.675,0.44
50,0,-0.1336950808763504,0.4186587929725647,0.3772355020046234,0.21990315360358412,5.360255683524449,0,0,0,0.02,0.08,0.03,0.15,0.9,0.1,-1.2,0.0,0,0,1,0,0.675,0.44
50,1,-0.8827112317085266,-0.17340244352817535,-2.4343395233154297,5.588168523170771,3.7203156619010342,0,0,0,0.02,0.08,0.03,0.15,0.9,0.1,-1.2,0.0,0,0,1,0,0.675,0.44
50,2,0.16078320145606995,-0.4056772291660309,0.6684887409210205,4.305422364717409,-3.098706247398626,0,0,0,0.02,0.08,0.03,0.15,0.9,0.1,-1.2,0.0,0,0,1,0,0.675,0.44
50,3,-1.1115057468414307,0.3053711950778961,2.9667704105377197,6.28,5.739323725892382,0,0,0,0.02,0.08,0.03,0.15,0.9,0.1,-1.2,0.0,0,0,1,0,0.675,0.44
50,4,-0.46499812602996826,-0.41791239380836487,2.4122631549835205,-6.28,2.435123845000821,0,0,0,0.02,0.08,0.03,0.15,0.9,0.1,-1.2,0.0,0,0,1,0,0.675,0.44
50,5,-0.3073037266731262,-0.06584697216749191,0.678306519985199,4.248256087017367,6.28,0,0,0,0.02,0.08,0.03,0.15,0.9,0.1,-1.2,0.0,0,0,1,0,0.675,0.44
50,6,0.2132992297410965,0.15350152552127838,0.10867119580507278,6.28,6.28,0,0,0,0.02,0.08,0.03,0.15,0.9,0.1,-1.2,0.0,0,0,1,0,0.675,0.44
50,7,-0.6230950355529785,0.40775370597839355,2.9609792232513428,4.823990432093021,1.6825726057790715,0,0,0,0.02,0.08,0.03,0.15,0.9,0.1,-1.2,0.0,0,0,1,0,0.675,0.44
51,0,-0.13173580169677734,0.42003482580184937,0.6620662808418274,1.1728917287357654,4.997109067278986,0,0,0,0.02,0.08,0.03,0.15,0.9,0.1,-1.2,0.0,0,0,1,0,0.675,0.44
51,1,-0.8898113369941711,-0.17919836938381195,-2.4827373027801514,4.133566384586166,2.8413655083916605,0,0,0,0.02,0.08,0.03,0.15,0.9,0.1,-1.2,0.0,0,0,1,0,0.675,0.44
51,2,0.16330721974372864,-0.40383508801460266,0.49524182081222534,4.309773043282655,-2.2551493470043487,0,0,0,0.02,0.08,0.03,0.15,0.9,0.1,-1.2,0.0,0,0,1,0,0.675,0.44
51,3,-1.1235004663467407,0.3075515031814575,2.9539430141448975,6.28,5.6262825556891345,0,0,0,0.02,0.08,0.03,0.15,0.9,0.1,-1.2,0.0,0,0,1,0,0.675,0.44
51,4,-0.46605029702186584,-0.4168218970298767,2.648707389831543,-6.28,2.9942209551107424,0,0,0,0.02,0.08,0.03,0.15,0.9,0.1,-1.2,0.0,0,0,1,0,0.675,0.44
51,5,-0.2995268702507019,-0.05909466743469238,0.7579302191734314,2.960929332544731,6.28,0,0,0,0.02,0.08,0.03,0.15,0.9,0.1,-1.2,0.0,0,0,1,0,0.675,0.44
51,6,0.2257848083972931,0.15486423671245575,0.10870365053415298,6.28,6.28,0,0,0,0.02,0.08,0.03,0.15,0.9,0.1,-1.2,0.0,0,0,1,0,0.675,0.44
51,7,-0.628097653388977,0.40912580490112305,2.803807497024536,4.6247327564676075,1.786701618591764,0,0,0,0.02,0.08,0.03,0.15,0.9,0.1,-1.2,0.0,0,0,1,0,0.675,0.44
52,0,-0.12815135717391968,0.42357319593429565,0.8914744853973389,4.782922834672603,-5.00476822839591,0,0,0,0.02,0.08,0.03,0.15,0.9,0.1,-1.2,0.0,0,0,1,0,0.675,0.44
52,1,-0.8972901105880737,-0.18466439843177795,-2.5451972484588623,3.7117977407358533,2.9442750034409073,0,0,0,0.02,0.08,0.03,0.15,0.9,0.1,-1.2,0.0,0,0,1,0,0.675,0.44
52,2,0.16455009579658508,-0.4033074378967285,0.2445848286151886,4.405795824993179,-0.8508423565111525,0,0,0,0.02,0.08,0.03,0.15,0.9,0.1,-1.2,0.0,0,0,1,0,0.675,0.44
52,3,-1.135334849357605,0.30990657210350037,2.9334163665771484,5.834923522808293,5.592313776623766,0,0,0,0.02,0.08,0.03,0.15,0.9,0.1,-1.2,0.0,0,0,1,0,0.675,0.44
52,4,-0.46372440457344055,-0.4175378382205963,2.9912190437316895,-4.048435640277946,4.633491937976919,0,0,0,0.02,0.08,0.03,0.15,0.9,0.1,-1.2,0.0,0,0,1,0,0.675,0.44
52,5,-0.2921851575374603,-0.05162625387310982,0.8313289284706116,2.1149394980903353,6.057064367151669,0,0,0,0.02,0.08,0.03,0.15,0.9,0.1,-1.2,0.0,0,0,1,0,0.675,0.44
52,6,0.23827046155929565,0.15622712671756744,0.10871928185224533,6.28,6.28,0,0,0,0.02,0.08,0.03,0.15,0.9,0.1,-1.2,0.0,0,0,1,0,0.675,0.44
52,7,-0.6336631178855896,0.41150856018066406,2.678555965423584,4.084020771781198,1.4144552319617185,0,0,0,0.02,0.08,0.03,0.15,0.9,0.1,-1.2,0.0,0,0,1,0,0.675,0.44
53,0,-0.12470194697380066,0.42847052216529846,1.0540679693222046,1.1809288900651007,-6.28,0,0,0,0.02,0.08,0.03,0.15,0.9,0.1,-1.2,0.0,0,0,1,0,0.675,0.44
53,1,-0.9035671949386597,-0.18869471549987793,-2.5951132774353027,3.3563972053784883,2.884925788853689,0,0,0,0.02,0.08,0.03,0.15,0.9,0.1,-1.2,0.0,0,0,1,0,0.675,0.44
53,2,0.16636909544467926,-0.40306299924850464,0.005602508317679167,4.512344779051363,0.34216762315813604,0,0,0,0.02,0.08,0.03,0.15,0.9,0.1,-1.2,0.0,0,0,1,0,0.675,0.44
53,3,-1.1470390558242798,0.3125131130218506,2.9089407920837402,5.157305914778442,5.5465862695365065,0,0,0,0.02,0.08,0.03,0.15,0.9,0.1,-1.2,0.0,0,0,1,0,0.675,0.44
53,4,-0.4649897515773773,-0.4174858629703522,-3.1231207847595215,-2.5478786525450596,5.231319427454716,0,0,0,0.02,0.08,0.03,0.15,0.9,0.1,-1.2,0.0,0,0,1,0,0.675,0.44
53,5,-0.28610196709632874,-0.044322628527879715,0.9389029741287231,1.904786786138636,5.549668947160619,0,0,0,0.02,0.08,0.03,0.15,0.9,0.1,-1.2,0.0,0,0,1,0,0.675,0.44
53,6,0.25075632333755493,0.1575898826122284,0.10872885584831238,6.28,6.206998250810288,0,0,0,0.02,0.08,0.03,0.15,0.9,0.1,-1.2,0.0,0,0,1,0,0.675,0.44
53,7,-0.6390480399131775,0.41457274556159973,2.569227457046509,2.8918629068807884,1.0212861420242738,0,0,0,0.02,0.08,0.03,0.15,0.9,0.1,-1.2,0.0,0,0,1,0,0.675,0.44
54,0,-0.12426786869764328,0.4294091463088989,0.800447404384613,0.8085589106308432,-6.28,0,0,0,0.02,0.08,0.03,0.15,0.9,0.1,-1.2,0.0,0,0,1,0,0.675,0.44
54,1,-0.9093673825263977,-0.19208042323589325,-2.625601053237915,3.390211596016765,2.874584750409245,0,0,0,0.02,0.08,0.03,0.15,0.9,0.1,-1.2,0.0,0,0,1,0,0.675,0.44
54,2,0.16945460438728333,-0.4033939838409424,-0.19416014850139618,4.595426645153806,1.158229091201473,0,0,0,0.02,0.08,0.03,0.15,0.9,0.1,-1.2,0.0,0,0,1,0,0.675,0.44
54,3,-1.158258080482483,0.3152637779712677,2.8965790271759033,4.394496971219395,5.357057290603253,0,0,0,0.02,0.08,0.03,0.15,0.9,0.1,-1.2,0.0,0,0,1,0,0.675,0.44
54,4,-0.46690893173217773,-0.4176124930381775,-2.8520097732543945,-0.7143322934235696,5.9522283575884485,0,0,0,0.02,0.08,0.03,0.15,0.9,0.1,-1.2,0.0,0,0,1,0,0.675,0.44
54,5,-0.281556636095047,-0.037257641553878784,1.073161005973816,1.5894454850136552,4.851598688623298,0,0,0,0.02,0.08,0.03,0.15,0.9,0.1,-1.2,0.0,0,0,1,0,0.675,0.44
54,6,0.26324233412742615,0.15895257890224457,0.10872391611337662,6.28,6.085042129539276,0,0,0,0.02,0.08,0.03,0.15,0.9,0.1,-1.2,0.0,0,0,1,0,0.675,0.44
54,7,-0.643660306930542,0.4178542196750641,2.47428560256958,-0.981175243102295,2.920699447525397,0,0,0,0.02,0.08,0.03,0.15,0.9,0.1,-1.2,0.0,0,0,1,0,0.675,0.44
55,0,-0.12732943892478943,0.4271914064884186,0.49283140897750854,2.4503086800451803,-6.28,2,1,1,0.02,0.08,0.03,0.15,0.9,0.1,-1.2,0.0,0,0,1,0,0.675,0.44
55,1,-0.9148984551429749,-0.19513998925685883,-2.6441001892089844,3.878557461444748,2.978804959802289,0,0,0,0.02,0.08,0.03,0.15,0.9,0.1,-1.2,0.0,0,0,1,0,0.675,0.44
55,2,0.17378823459148407,-0.4046395719051361,-0.35070207715034485,-2.7751443586315587,4.558934995095861,2,1,1,0.02,0.08,0.03,0.15,0.9,0.1,-1.2,0.0,0,0,1,0,0.675,0.44
55,3,-1.1687854528427124,0.3178790807723999,2.9062159061431885,-1.485619038617919,5.1103486067919,2,1,1,0.02,0.08,0.03,0.15,0.9,0.1,-1.2,0.0,0,0,1,0,0.675,0.44
55,4,-0.4687756597995758,-0.4187659025192261,-2.5227510929107666,-2.2653766085315232,3.769793849151183,2,1,1,0.02,0.08,0.03,0.15,0.9,0.1,-1.2,0.0,0,0,1,0,0.675,0.44
55,5,-0.27835455536842346,-0.030355697497725487,1.2035484313964844,5.023717728762046,6.28,2,1,1,0.02,0.08,0.03,0.15,0.9,0.1,-1.2,0.0,0,0,1,0,0.675,0.44
55,6,0.2756713628768921,0.16030074656009674,0.10665423423051834,5.261745362005615,6.28,2,1,1,0.02,0.08,0.03,0.15,0.9,0.1,-1.2,0.0,0,0,1,0,0.675,0.44
55,7,-0.6468932032585144,0.4206063747406006,2.402533769607544,-6.28,2.3326504816771245,2,1,1,0.02,0.08,0.03,0.15,0.9,0.1,-1.2,0.0,0,0,1,0,0.675,0.44
56,0,-0.12910988926887512,0.4263492226600647,0.3405507206916809,4.515498410663105,-4.36932060532833,2,1,1,0.02,0.08,0.03,0.15,0.9,0.1,-1.2,0.0,0,0,1,0,0.675,0.44
56,1,-0.9204226732254028,-0.19807912409305573,-2.6618051528930664,4.0577943291640235,2.9678267669856715,0,0,0,0.02,0.08,0.03,0.15,0.9,0.1,-1.2,0.0,0,0,1,0,0.675,0.44
56,2,0.1788541078567505,-0.4068809151649475,-0.4771290421485901,-4.31794110121429,4.4817573573929375,2,1,1,0.02,0.08,0.03,0.15,0.9,0.1,-1.2,0.0,0,0,1,0,0.675,0.44
56,3,-1.1784825325012207,0.32008737325668335,2.936432361602783,-1.6759545914306992,5.045578668522095,2,1,1,0.02,0.08,0.03,0.15,0.9,0.1,-1.2,0.0,0,0,1,0,0.675,0.44
56,4,-0.4717731773853302,-0.4216490089893341,-2.256462574005127,6.28,-6.28,2,1,1,0.02,0.08,0.03,0.15,0.9,0.1,-1.2,0.0,0,0,1,0,0.675,0.44
56,5,-0.27632778882980347,-0.02399967424571514,1.3220045566558838,4.358033132906663,6.28,2,1,1,0.02,0.08,0.03,0.15,0.9,0.1,-1.2,0.0,0,0,1,0,0.675,0.44
56,6,0.28799378871917725,0.16159109771251678,0.10062620788812637,4.624840621412128,6.28,2,1,1,0.02,0.08,0.03,0.15,0.9,0.1,-1.2,0.0,0,0,1,0,0.675,0.44
56,7,-0.648627519607544,0.42215386033058167,2.4996039867401123,-6.28,1.615176667156634,2,1,1,0.02,0.08,0.03,0.15,0.9,0.1,-1.2,0.0,0,0,1,0,0.675,0.44
57,0,-0.13045623898506165,0.425904780626297,0.11747881025075912,6.28,0.27689399891710625,2,1,1,0.02,0.08,0.03,0.15,0.9,0.1,-1.2,0.0,0,0,1,0,0.675,0.44
57,1,-0.9264387488365173,-0.20111356675624847,-2.690696954727173,3.537301980267037,2.999896171108354,0,0,0,0.02,0.08,0.03,0.15,0.9,0.1,-1.2,0.0,0,0,1,0,0.675,0.44
57,2,0.18111878633499146,-0.40803050994873047,-0.29312342405319214,-5.6920021311089055,4.192336611588056,2,1,1,0.02,0.08,0.03,0.15,0.9,0.1,-1.2,0.0,0,0,1,0,0.675,0.44
57,3,-1.1832929849624634,0.3208566904067993,3.1290600299835205,-1.2793820956132802,5.129654129231872,2,1,1,0.02,0.08,0.03,0.15,0.9,0.1,-1.2,0.0,0,0,1,0,0.675,0.44
57,4,-0.4730243384838104,-0.42353934049606323,-2.031777858734131,2.960163441589135,-6.28,2,1,1,0.02,0.08,0.03,0.15,0.9,0.1,-1.2,0.0,0,0,1,0,0.675,0.44
57,5,-0.2741844058036804,-0.013971368782222271,1.3826093673706055,4.218925882720753,4.0583685444356945,2,1,1,0.02,0.08,0.03,0.15,0.9,0.1,-1.2,0.0,0,0,1,0,0.675,0.44
57,6,0.2996326684951782,0.16285468637943268,0.12806852161884308,3.3217116299944864,6.28,2,1,1,0.02,0.08,0.03,0.15,0.9,0.1,-1.2,0.0,0,0,1,0,0.675,0.44
57,7,-0.6461394429206848,0.42084673047065735,2.7710351943969727,-6.28,3.501874281651285,2,1,1,0.02,0.08,0.03,0.15,0.9,0.1,-1.2,0.0,0,0,1,0,0.675,0.44
58,0,-0.13056030869483948,0.4259440004825592,-0.19234085083007812,6.28,5.038504274013872,2,1,1,0.02,0.08,0.03,0.15,0.9,0.1,-1.2,0.0,0,0,1,0,0.675,0.44
58,1,-0.9327841401100159,-0.20405183732509613,-2.7276949882507324,2.994447273029116,3.0973836958276966,0,0,0,0.02,0.08,0.03,0.15,0.9,0.1,-1.2,0.0,0,0,1,0,0.675,0.44
58,2,0.18159037828445435,-0.4081234633922577,0.009849144145846367,-4.386283448455395,4.487173984316649,2,1,1,0.02,0.08,0.03,0.15,0.9,0.1,-1.2,0.0,0,0,1,0,0.675,0.44
58,3,-1.186537265777588,0.32052698731422424,-2.9105772972106934,0.22817120337141858,5.2796602355626945,2,1,1,0.02,0.08,0.03,0.15,0.9,0.1,-1.2,0.0,0,0,1,0,0.675,0.44
58,4,-0.4731232821941376,-0.42383313179016113,-2.3522000312805176,2.0288329054846566,-6.28,2,1,1,0.02,0.08,0.03,0.15,0.9,0.1,-1.2,0.0,0,0,1,0,0.675,0.44
58,5,-0.27247071266174316,-0.003377397544682026,1.4472107887268066,3.548978595636809,2.7291992597712253,2,1,1,0.02,0.08,0.03,0.15,0.9,0.1,-1.2,0.0,0,0,1,0,0.675,0.44
58,6,0.3105439245700836,0.1645074337720871,0.1822427213191986,3.3584775993089706,6.28,2,1,1,0.02,0.08,0.03,0.15,0.9,0.1,-1.2,0.0,0,0,1,0,0.675,0.44
58,7,-0.642120361328125,0.41992849111557007,3.080552816390991,-2.845324540401037,4.990358317161138,2,1,1,0.02,0.08,0.03,0.15,0.9,0.1,-1.2,0.0,0,0,1,0,0.675,0.44
59,0,-0.12557119131088257,0.42424288392066956,-0.4449491798877716,6.28,6.28,2,1,1,0.02,0.08,0.03,0.15,0.9,0.1,-1.2,0.0,0,0,1,0,0.675,0.44
59,1,-0.938893735408783,-0.20663829147815704,-2.7504756450653076,2.685793887775038,3.2644414790462517,0,0,0,0.02,0.08,0.03,0.15,0.9,0.1,-1.2,0.0,0,0,1,0,0.675,0.44
59,2,0.1805696040391922,-0.40830156207084656,0.38217779994010925,-2.1485193782234555,5.166523244299925,2,1,1,0.02,0.08,0.03,0.15,0.9,0.1,-1.2,0.0,0,0,1,0,0.675,0.44
59,3,-1.1895418167114258,0.319379597902298,-2.658768892288208,1.3035422238809626,5.363312094572836,2,1,1,0.02,0.08,0.03,0.15,0.9,0.1,-1.2,0.0,0,0,1,0,0.675,0.44
59,4,-0.47109368443489075,-0.42254629731178284,-2.729111909866333,3.6112734241086444,-6.28,2,1,1,0.02,0.08,0.03,0.15,0.9,0.1,-1.2,0.0,0,0,1,0,0.675,0.44
59,5,-0.2715108096599579,0.0053015281446278095,1.4560543298721313,2.28759041496575,2.043879680883103,2,1,1,0.02,0.08,0.03,0.15,0.9,0.1,-1.2,0.0,0,0,1,0,0.675,0.44
59,6,0.32018008828163147,0.16666792333126068,0.27764278650283813,4.025262200068251,6.28,2,1,1,0.02,0.08,0.03,0.15,0.9,0.1,-1.2,0.0,0,0,1,0,0.675,0.44
59,7,-0.641468346118927,0.4198046624660492,-2.9366161823272705,-0.22626425192943006,5.824169127803949,2,1,1,0.02,0.08,0.03,0.15,0.9,0.1,-1.2,0.0,0,0,1,0,0.675,0.44
60,0,-0.11653134226799011,0.41918057203292847,-0.5349058508872986,2.2535080625999657,6.187310405508808,2,1,1,0.02,0.08,0.03,0.15,0.9,0.1,-1.2,0.0,0,0,1,0,0.675,0.44
60,1,-0.9446154832839966,-0.20897288620471954,-2.7512433528900146,2.6645879016689524,3.350898456488077,0,0,0,0.02,0.08,0.03,0.15,0.9,0.1,-1.2,0.0,0,0,1,0,0.675,0.44
60,2,0.1805555373430252,-0.4083656072616577,0.7465565204620361,0.5890945165113716,5.922751512684591,2,1,1,0.02,0.08,0.03,0.15,0.9,0.1,-1.2,0.0,0,0,1,0,0.675,0.44
60,3,-1.1938334703445435,0.31643903255462646,-2.4331018924713135,2.063864540735501,5.356899783900581,2,1,1,0.02,0.08,0.03,0.15,0.9,0.1,-1.2,0.0,0,0,1,0,0.675,0.44
60,4,-0.4731365740299225,-0.4235207438468933,-2.802349805831909,2.9921466740657707,-6.28,2,1,1,0.02,0.08,0.03,0.15,0.9,0.1,-1.2,0.0,0,0,1,0,0.675,0.44
60,5,-0.2707017660140991,0.011926010251045227,1.4312485456466675,0.506797457398889,2.0888612919430765,2,1,1,0.02,0.08,0.03,0.15,0.9,0.1,-1.2,0.0,0,0,1,0,0.675,0.44
60,6,0.32931408286094666,0.16976481676101685,0.3809327483177185,4.922708571250723,6.28,2,1,1,0.02,0.08,0.03,0.15,0.9,0.1,-1.2,0.0,0,0,1,0,0.675,0.44
60,7,-0.6437065601348877,0.41915303468704224,-2.685384750366211,1.5950367930884946,6.102860871804682,2,1,1,0.02,0.08,0.03,0.15,0.9,0.1,-1.2,0.0,0,0,1,0,0.675,0.44
61,0,-0.10603974759578705,0.4128399193286896,-0.5436261892318726,-1.0164128134688297,5.481403738357854,2,1,1,0.02,0.08,0.03,0.15,0.9,0.1,-1.2,0.0,0,0,1,0,0.675,0.44
61,1,-0.9501312971115112,-0.21127799153327942,-2.7341208457946777,2.8271200909348,3.423722059135179,0,0,0,0.02,0.08,0.03,0.15,0.9,0.1,-1.2,0.0,0,0,1,0,0.675,0.44
61,2,0.1819509118795395,-0.40654852986335754,1.0617046356201172,3.396606211679096,6.28,2,1,1,0.02,0.08,0.03,0.15,0.9,0.1,-1.2,0.0,0,0,1,0,0.675,0.44
61,3,-1.198336124420166,0.3118106722831726,-2.2537219524383545,2.9320847973902713,5.170591245054833,2,1,1,0.02,0.08,0.03,0.15,0.9,0.1,-1.2,0.0,0,0,1,0,0.675,0.44
61,4,-0.47424954175949097,-0.42375481128692627,-3.017651319503784,3.8605368698880227,-5.874361521506963,2,1,1,0.02,0.08,0.03,0.15,0.9,0.1,-1.2,0.0,0,0,1,0,0.675,0.44
61,5,-0.2700076103210449,0.016598941758275032,1.4181787967681885,-1.1252197948870164,2.8098035184320924,2,1,1,0.02,0.08,0.03,0.15,0.9,0.1,-1.2,0.0,0,0,1,0,0.675,0.44
61,6,0.33856892585754395,0.17395073175430298,0.46550053358078003,5.150814104668882,6.013357643187503,2,1,1,0.02,0.08,0.03,0.15,0.9,0.1,-1.2,0.0,0,0,1,0,0.675,0.44
61,7,-0.6473888158798218,0.41667845845222473,-2.4418106079101562,2.7452747864564793,5.5502525669823735,2,1,1,0.02,0.08,0.03,0.15,0.9,0.1,-1.2,0.0,0,0,1,0,0.675,0.44
62,0,-0.09798114746809006,0.4083217978477478,-0.4309096932411194,-0.8434301311983142,5.5022489312211205,2,1,1,0.02,0.08,0.03,0.15,0.9,0.1,-1.2,0.0,0,0,1,0,0.675,0.44
62,1,-0.9556173086166382,-0.21371445059776306,-2.7106640338897705,2.687788669617096,3.4772254564538474,0,0,0,0.02,0.08,0.03,0.15,0.9,0.1,-1.2,0.0,0,0,1,0,0.675,0.44
62,2,0.18397757411003113,-0.40211954712867737,1.258005976676941,4.3062655076973115,6.28,2,1,1,0.02,0.08,0.03,0.15,0.9,0.1,-1.2,0.0,0,0,1,0,0.675,0.44
62,3,-1.2025158405303955,0.30584457516670227,-2.1089859008789062,3.542560440621956,4.869659560589281,2,1,1,0.02,0.08,0.03,0.15,0.9,0.1,-1.2,0.0,0,0,1,0,0.675,0.44
62,4,-0.4753834307193756,-0.42375725507736206,3.0662310123443604,4.825741149274039,-3.6415105534469365,2,1,1,0.02,0.08,0.03,0.15,0.9,0.1,-1.2,0.0,0,0,1,0,0.675,0.44
62,5,-0.2695833742618561,0.019510330632328987,1.4608618021011353,-2.2727489280359205,3.4629350113527244,2,1,1,0.02,0.08,0.03,0.15,0.9,0.1,-1.2,0.0,0,0,1,0,0.675,0.44
62,6,0.34825387597084045,0.17918124794960022,0.5195559859275818,5.511405743032762,5.946894355314264,2,1,1,0.02,0.08,0.03,0.15,0.9,0.1,-1.2,0.0,0,0,1,0,0.675,0.44
62,7,-0.6521824598312378,0.41178098320961,-2.2575008869171143,2.52445105323071,4.154089858831157,2,1,1,0.02,0.08,0.03,0.15,0.9,0.1,-1.2,0.0,0,0,1,0,0.675,0.44
63,0,-0.09307537227869034,0.4065515398979187,-0.2166076898574829,0.7513542893384427,5.924885353907492,2,1,1,0.02,0.08,0.03,0.15,0.9,0.1,-1.2,0.0,0,0,1,0,0.675,0.44
63,1,-0.9612253308296204,-0.21636803448200226,-2.689025402069092,2.973308920723851,3.5138861344945247,0,0,0,0.02,0.08,0.03,0.15,0.9,0.1,-1.2,0.0,0,0,1,0,0.675,0.44
63,2,0.18615885078907013,-0.39364418387413025,1.3854553699493408,4.91170088657962,6.28,2,1,1,0.02,0.08,0.03,0.15,0.9,0.1,-1.2,0.0,0,0,1,0,0.675,0.44
63,3,-1.206304907798767,0.2986777126789093,-2.012253522872925,3.962044609487847,4.463275235416829,2,1,1,0.02,0.08,0.03,0.15,0.9,0.1,-1.2,0.0,0,0,1,0,0.675,0.44
63,4,-0.47520145773887634,-0.4238760471343994,2.7745676040649414,6.28,0.20727592606500228,2,1,1,0.02,0.08,0.03,0.15,0.9,0.1,-1.2,0.0,0,0,1,0,0.675,0.44
63,5,-0.26945140957832336,0.021375788375735283,1.5826215744018555,-1.8799329918916405,3.3571781682874766,2,1,1,0.02,0.08,0.03,0.15,0.9,0.1,-1.2,0.0,0,0,1,0,0.675,0.44
63,6,0.3578426241874695,0.1848929077386856,0.5529677271842957,5.642766158511164,5.834667315231878,2,1,1,0.02,0.08,0.03,0.15,0.9,0.1,-1.2,0.0,0,0,1,0,0.675,0.44
63,7,-0.6568078398704529,0.4053051471710205,-2.1367695331573486,2.300365119489009,3.3416953558521603,2,1,1,0.02,0.08,0.03,0.15,0.9,0.1,-1.2,0.0,0,0,1,0,0.675,0.44
64,0,-0.08845352381467819,0.40604639053344727,0.008602524176239967,2.532285346530202,6.28,2,1,1,0.02,0.08,0.03,0.15,0.9,0.1,-1.2,0.0,0,0,1,0,0.675,0.44
64,1,-0.9667521119117737,-0.21913935244083405,-2.662637710571289,2.3960740586755334,3.6793900464311786,0,0,0,0.02,0.08,0.03,0.15,0.9,0.1,-1.2,0.0,0,0,1,0,0.675,0.44
64,2,0.18763430416584015,-0.3833737373352051,1.47158944606781,5.260969673117933,6.28,2,1,1,0.02,0.08,0.03,0.15,0.9,0.1,-1.2,0.0,0,0,1,0,0.675,0.44
64,3,-1.2096612453460693,0.2908971905708313,-1.955108642578125,4.017973146471468,4.255712359951034,2,1,1,0.02,0.08,0.03,0.15,0.9,0.1,-1.2,0.0,0,0,1,0,0.675,0.44
64,4,-0.4767509698867798,-0.42320510745048523,2.457162618637085,6.28,3.2268673968897197,2,1,1,0.02,0.08,0.03,0.15,0.9,0.1,-1.2,0.0,0,0,1,0,0.675,0.44
64,5,-0.2695576250553131,0.02267736755311489,1.7727200984954834,-1.7359973203762007,3.3824603221221436,2,1,1,0.02,0.08,0.03,0.15,0.9,0.1,-1.2,0.0,0,0,1,0,0.675,0.44
64,6,0.3674771189689636,0.19097886979579926,0.570907473564148,5.671902765230193,5.659423226872327,2,1,1,0.02,0.08,0.03,0.15,0.9,0.1,-1.2,0.0,0,0,1,0,0.675,0.44
64,7,-0.6603409051895142,0.3992757201194763,-2.0707151889801025,2.1776943908175097,3.3570274077873803,2,1,1,0.02,0.08,0.03,0.15,0.9,0.1,-1.2,0.0,0,0,1,0,0.675,0.44
65,0,-0.08259768038988113,0.4067366421222687,0.21244820952415466,3.5088313912469777,6.28,2,1,1,0.02,0.08,0.03,0.15,0.9,0.1,-1.2,0.0,0,0,1,0,0.675,0.44
65,1,-0.9724187254905701,-0.22216352820396423,-2.6418986320495605,2.470382070821586,3.793412573771232,0,0,0,0.02,0.08,0.03,0.15,0.9,0.1,-1.2,0.0,0,0,1,0,0.675,0.44
65,2,0.18839187920093536,-0.37225839495658875,1.52985680103302,4.166469680351157,5.752897394305515,2,1,1,0.02,0.08,0.03,0.15,0.9,0.1,-1.2,0.0,0,0,1,0,0.675,0.44
65,3,-1.212692141532898,0.28302180767059326,-1.9313410520553589,3.7961223211063926,4.230637253339583,2,1,1,0.02,0.08,0.03,0.15,0.9,0.1,-1.2,0.0,0,0,1,0,0.675,0.44
65,4,-0.48024094104766846,-0.4193393588066101,2.191645383834839,4.531986941028092,2.2530241344089776,2,1,1,0.02,0.08,0.03,0.15,0.9,0.1,-1.2,0.0,0,0,1,0,0.675,0.44
65,5,-0.26997601985931396,0.02404467575252056,1.9619147777557373,-2.6970362504349046,3.8470761757073633,2,1,1,0.02,0.08,0.03,0.15,0.9,0.1,-1.2,0.0,0,0,1,0,0.675,0.44
65,6,0.3770991861820221,0.1972263902425766,0.5790649056434631,6.27994959529048,6.28,2,1,1,0.02,0.08,0.03,0.15,0.9,0.1,-1.2,0.0,0,0,1,0,0.675,0.44
65,7,-0.6630187630653381,0.39406856894493103,-2.0301198959350586,2.2330548652228344,2.9189099152429083,2,1,1,0.02,0.08,0.03,0.15,0.9,0.1,-1.2,0.0,0,0,1,0,0.675,0.44
66,0,-0.07494386285543442,0.4091233015060425,0.36749956011772156,3.6998991470953797,6.28,2,1,1,0.02,0.08,0.03,0.15,0.9,0.1,-1.2,0.0,0,0,1,0,0.675,0.44
66,1,-0.9777762293815613,-0.22520163655281067,-2.602043628692627,2.985957433146045,3.8159008477614433,0,0,0,0.02,0.08,0.03,0.15,0.9,0.1,-1.2,0.0,0,0,1,0,0.675,0.44
66,2,0.1886347383260727,-0.3607713580131531,1.5685287714004517,3.8980615943573063,5.740935346268381,2,1,1,0.02,0.08,0.03,0.15,0.9,0.1,-1.2,0.0,0,0,1,0,0.675,0.44
66,3,-1.2155687808990479,0.275223970413208,-1.921119213104248,3.4980079883367377,4.1839625579923645,2,1,1,0.02,0.08,0.03,0.15,0.9,0.1,-1.2,0.0,0,0,1,0,0.675,0.44
66,4,-0.484710156917572,-0.4118790328502655,2.048459529876709,-0.5875324118840782,2.5429566014516456,2,1,1,0.02,0.08,0.03,0.15,0.9,0.1,-1.2,0.0,0,0,1,0,0.675,0.44
66,5,-0.27073386311531067,0.025473250076174736,2.1433119773864746,-2.57551582666958,3.657160490682844,2,1,1,0.02,0.08,0.03,0.15,0.9,0.1,-1.2,0.0,0,0,1,0,0.675,0.44
66,6,0.3866000771522522,0.2034548670053482,0.5797841548919678,6.28,6.28,2,1,1,0.02,0.08,0.03,0.15,0.9,0.1,-1.2,0.0,0,0,1,0,0.675,0.44
66,7,-0.6653813719749451,0.3890342116355896,-1.9896996021270752,2.2685801013897424,2.2259342874664867,2,1,1,0.02,0.08,0.03,0.15,0.9,0.1,-1.2,0.0,0,0,1,0,0.675,0.44
67,0,-0.06642504781484604,0.41299745440483093,0.47914353013038635,2.415320806879458,5.143016500831514,2,1,1,0.02,0.08,0.03,0.15,0.9,0.1,-1.2,0.0,0,0,1,0,0.675,0.44
67,1,-0.9830489754676819,-0.22851647436618805,-2.5557966232299805,2.6498152591435358,3.9832221025799766,0,0,0,0.02,0.08,0.03,0.15,0.9,0.1,-1.2,0.0,0,0,1,0,0.675,0.44
67,2,0.1884404569864273,-0.35053056478500366,1.6198621988296509,3.721814462132451,4.329379278840579,2,1,1,0.02,0.08,0.03,0.15,0.9,0.1,-1.2,0.0,0,0,1,0,0.675,0.44
67,3,-1.218295693397522,0.2676190435886383,-1.9072626829147339,3.6987953451237807,3.884712423183049,2,1,1,0.02,0.08,0.03,0.15,0.9,0.1,-1.2,0.0,0,0,1,0,0.675,0.44
67,4,-0.48772159218788147,-0.40538233518600464,1.9567766189575195,-2.553281193668207,3.5917924103086794,2,1,1,0.02,0.08,0.03,0.15,0.9,0.1,-1.2,0.0,0,0,1,0,0.675,0.44
67,5,-0.2715100646018982,0.02646992914378643,2.364067554473877,1.1414630555511882,2.6423643867911184,2,1,1,0.02,0.08,0.03,0.15,0.9,0.1,-1.2,0.0,0,0,1,0,0.675,0.44
67,6,0.39690330624580383,0.210199236869812,0.5795546174049377,6.28,6.28,2,1,1,0.02,0.08,0.03,0.15,0.9,0.1,-1.2,0.0,0,0,1,0,0.675,0.44
67,7,-0.6674320101737976,0.38422131538391113,-1.962137222290039,0.15067339587330508,3.229805557739977,2,1,1,0.02,0.08,0.03,0.15,0.9,0.1,-1.2,0.0,0,0,1,0,0.675,0.44
68,0,-0.0578305646777153,0.41794949769973755,0.5708174705505371,2.19664594170686,2.843157443474222,2,1,1,0.02,0.08,0.03,0.15,0.9,0.1,-1.2,0.0,0,0,1,0,0.675,0.44
68,1,-0.9885593056678772,-0.2323189526796341,-2.523160219192505,2.841288368293116,4.063502996910278,0,0,0,0.02,0.08,0.03,0.15,0.9,0.1,-1.2,0.0,0,0,1,0,0.675,0.44
68,2,0.18768811225891113,-0.3408607244491577,1.6827080249786377,3.3752153279455754,4.106280925531001,2,1,1,0.02,0.08,0.03,0.15,0.9,0.1,-1.2,0.0,0,0,1,0,0.675,0.44
68,3,-1.220786452293396,0.26027944684028625,-1.8848905563354492,3.964056900232418,3.4112147557452523,2,1,1,0.02,0.08,0.03,0.15,0.9,0.1,-1.2,0.0,0,0,1,0,0.675,0.44
68,4,-0.4888039231300354,-0.4027416706085205,2.0291032791137695,-1.995036575406686,3.378881583712903,2,1,1,0.02,0.08,0.03,0.15,0.9,0.1,-1.2,0.0,0,0,1,0,0.675,0.44
68,5,-0.2723669111728668,0.027176911011338234,2.585939645767212,2.0243177695740493,1.4747722599038404,2,1,1,0.02,0.08,0.03,0.15,0.9,0.1,-1.2,0.0,0,0,1,0,0.675,0.44
68,6,0.4074130654335022,0.2170768529176712,0.5794932246208191,6.28,6.28,2,1,1,0.02,0.08,0.03,0.15,0.9,0.1,-1.2,0.0,0,0,1,0,0.675,0.44
68,7,-0.6691706776618958,0.3799368441104889,-1.958661675453186,0.20585723390307736,2.8960302902248833,2,1,1,0.02,0.08,0.03,0.15,0.9,0.1,-1.2,0.0,0,0,1,0,0.675,0.44
69,0,-0.051228128373622894,0.42261257767677307,0.6668153405189514,4.255889064498493,-6.1060169999080385,2,1,1,0.02,0.08,0.03,0.15,0.9,0.1,-1.2,0.0,0,0,1,0,0.675,0.44
69,1,-0.9939167499542236,-0.23628833889961243,-2.4798786640167236,2.444947746710946,4.215737412756219,0,0,0,0.02,0.08,0.03,0.15,0.9,0.1,-1.2,0.0,0,0,1,0,0.675,0.44
69,2,0.1865895837545395,-0.33255311846733093,1.7128970623016357,4.805486938684266,4.549580720116965,2,1,1,0.02,0.08,0.03,0.15,0.9,0.1,-1.2,0.0,0,0,1,0,0.675,0.44
69,3,-1.223085880279541,0.2530311942100525,-1.8747879266738892,3.90945331740921,3.23102472984398,2,1,1,0.02,0.08,0.03,0.15,0.9,0.1,-1.2,0.0,0,0,1,0,0.675,0.44
69,4,-0.4894034266471863,-0.401684045791626,2.2249653339385986,-2.040307906232107,3.4309982015622853,2,1,1,0.02,0.08,0.03,0.15,0.9,0.1,-1.2,0.0,0,0,1,0,0.675,0.44
69,5,-0.2752034366130829,0.028702519834041595,2.673860549926758,2.8977312302042484,0.5908996666609274,2,1,1,0.02,0.08,0.03,0.15,0.9,0.1,-1.2,0.0,0,0,1,0,0.675,0.44
69,6,0.41792264580726624,0.22395440936088562,0.5794907808303833,5.450350784613507,6.28,2,1,1,0.02,0.08,0.03,0.15,0.9,0.1,-1.2,0.0,0,0,1,0,0.675,0.44
69,7,-0.6704469919204712,0.3765663802623749,-1.8725807666778564,0.8329960497105043,2.563117196968802,2,1,1,0.02,0.08,0.03,0.15,0.9,0.1,-1.2,0.0,0,0,1,0,0.675,0.44
70,0,-0.046966493129730225,0.4261651039123535,0.7040911912918091,1.000071706113307,-6.28,2,1,1,0.02,0.08,0.03,0.15,0.9,0.1,-1.2,0.0,0,0,1,0,0.675,0.44
70,1,-0.9992307424545288,-0.24061369895935059,-2.436140775680542,2.6729297170549553,4.275951597505096,0,0,0,0.02,0.08,0.03,0.15,0.9,0.1,-1.2,0.0,0,0,1,0,0.675,0.44
70,2,0.18542328476905823,-0.3250495195388794,1.7373219728469849,4.867266237566566,4.4234803533718825,2,1,1,0.02,0.08,0.03,0.15,0.9,0.1,-1.2,0.0,0,0,1,0,0.675,0.44
70,3,-1.2253291606903076,0.24596045911312103,-1.8890947103500366,3.764440026171834,3.1764222169810488,2,1,1,0.02,0.08,0.03,0.15,0.9,0.1,-1.2,0.0,0,0,1,0,0.675,0.44
70,4,-0.4903011620044708,-0.40070730447769165,2.4201669692993164,-3.3896326140116297,4.0795296518725666,2,1,1,0.02,0.08,0.03,0.15,0.9,0.1,-1.2,0.0,0,0,1,0,0.675,0.44
70,5,-0.27837860584259033,0.030280428007245064,2.6679978370666504,3.179956075090124,0.12800324659074988,2,1,1,0.02,0.08,0.03,0.15,0.9,0.1,-1.2,0.0,0,0,1,0,0.675,0.44
70,6,0.42843201756477356,0.23083195090293884,0.5794782638549805,5.4019183402505435,6.17808879040799,2,1,1,0.02,0.08,0.03,0.15,0.9,0.1,-1.2,0.0,0,0,1,0,0.675,0.44
70,7,-0.6712485551834106,0.3735077679157257,-1.7753700017929077,1.4652597514289183,2.1748599501949997,2,1,1,0.02,0.08,0.03,0.15,0.9,0.1,-1.2,0.0,0,0,1,0,0.675,0.44
71,0,-0.04747511446475983,0.4259955585002899,0.41429996490478516,3.049369485819358,-6.28,2,1,1,0.02,0.08,0.03,0.15,0.9,0.1,-1.2,0.0,0,0,1,0,0.675,0.44
71,1,-1.0042275190353394,-0.24509494006633759,-2.3777780532836914,2.639801603591173,4.348915539271562,0,0,0,0.02,0.08,0.03,0.15,0.9,0.1,-1.2,0.0,0,0,1,0,0.675,0.44
71,2,0.18390832841396332,-0.31620103120803833,1.7347999811172485,4.684309187001434,4.29263419695968,2,1,1,0.02,0.08,0.03,0.15,0.9,0.1,-1.2,0.0,0,0,1,0,0.675,0.44
71,3,-1.2276469469070435,0.23915529251098633,-1.912163257598877,3.6754730485560043,3.069306793174384,2,1,1,0.02,0.08,0.03,0.15,0.9,0.1,-1.2,0.0,0,0,1,0,0.675,0.44
71,4,-0.4914318919181824,-0.39988234639167786,2.6120243072509766,-3.8507681284285598,4.2546424362994255,2,1,1,0.02,0.08,0.03,0.15,0.9,0.1,-1.2,0.0,0,0,1,0,0.675,0.44
71,5,-0.28144076466560364,0.03194335103034973,2.5988810062408447,2.869303395653811,0.2862003392924398,2,1,1,0.02,0.08,0.03,0.15,0.9,0.1,-1.2,0.0,0,0,1,0,0.675,0.44
71,6,0.4383379817008972,0.23741966485977173,0.6029492020606995,5.3143298089886395,5.846723465284288,2,1,1,0.02,0.08,0.03,0.15,0.9,0.1,-1.2,0.0,0,0,1,0,0.675,0.44
71,7,-0.6718043684959412,0.370210736989975,-1.7077515125274658,1.952389775882504,2.1306769054955796,2,1,1,0.02,0.08,0.03,0.15,0.9,0.1,-1.2,0.0,0,0,1,0,0.675,0.44
72,0,-0.05134519562125206,0.4250420928001404,0.10930512845516205,6.05555806644981,-1.2094790565174713,2,1,1,0.02,0.08,0.03,0.15,0.9,0.1,-1.2,0.0,0,0,1,0,0.675,0.44
72,1,-1.0090680122375488,-0.2500033378601074,-2.3202450275421143,2.7385636883192426,4.387394626847763,0,0,0,0.02,0.08,0.03,0.15,0.9,0.1,-1.2,0.0,0,0,1,0,0.675,0.44
72,2,0.18244390189647675,-0.3070108890533447,1.720088005065918,4.716634248278863,4.282378627648167,2,1,1,0.02,0.08,0.03,0.15,0.9,0.1,-1.2,0.0,0,0,1,0,0.675,0.44
72,3,-1.230053424835205,0.232601135969162,-1.9334940910339355,3.409539541190223,3.17889256056224,2,1,1,0.02,0.08,0.03,0.15,0.9,0.1,-1.2,0.0,0,0,1,0,0.675,0.44
72,4,-0.49218428134918213,-0.3995163142681122,2.861189126968384,-3.2194116299687283,3.996435808298779,2,1,1,0.02,0.08,0.03,0.15,0.9,0.1,-1.2,0.0,0,0,1,0,0.675,0.44
72,5,-0.2842256426811218,0.03380022197961807,2.496670722961426,2.4346159199382154,0.889602934369914,2,1,1,0.02,0.08,0.03,0.15,0.9,0.1,-1.2,0.0,0,0,1,0,0.675,0.44
72,6,0.44781437516212463,0.24412913620471954,0.6308908462524414,5.114282521202238,5.715794162287223,2,1,1,0.02,0.08,0.03,0.15,0.9,0.1,-1.2,0.0,0,0,1,0,0.675,0.44
72,7,-0.6722171902656555,0.3666457235813141,-1.6757718324661255,2.3156887458717095,1.4459296207810417,2,1,1,0.02,0.08,0.03,0.15,0.9,0.1,-1.2,0.0,0,0,1,0,0.675,0.44
73,0,-0.05041036754846573,0.425028532743454,-0.052295345813035965,6.28,1.3545042115030845,2,1,1,0.02,0.08,0.03,0.15,0.9,0.1,-1.2,0.0,0,0,1,0,0.675,0.44
73,1,-1.0136743783950806,-0.2552502751350403,-2.2609341144561768,2.566961261257464,4.44969168718889,0,0,0,0.02,0.08,0.03,0.15,0.9,0.1,-1.2,0.0,0,0,1,0,0.675,0.44
73,2,0.18116217851638794,-0.29806098341941833,1.7057102918624878,5.142703079959806,4.378719145689216,2,1,1,0.02,0.08,0.03,0.15,0.9,0.1,-1.2,0.0,0,0,1,0,0.675,0.44
73,3,-1.232542872428894,0.22624482214450836,-1.9561011791229248,3.4069083668502307,3.032945620025599,2,1,1,0.02,0.08,0.03,0.15,0.9,0.1,-1.2,0.0,0,0,1,0,0.675,0.44
73,4,-0.49263474345207214,-0.39941251277923584,-3.1404759883880615,-2.010003474188248,3.4844026610785597,2,1,1,0.02,0.08,0.03,0.15,0.9,0.1,-1.2,0.0,0,0,1,0,0.675,0.44
73,5,-0.28668269515037537,0.03583503141999245,2.40252423286438,2.604601802049797,1.300995066347304,2,1,1,0.02,0.08,0.03,0.15,0.9,0.1,-1.2,0.0,0,0,1,0,0.675,0.44
73,6,0.45682284235954285,0.2508590519428253,0.6513677835464478,4.924669257273739,5.306288041777565,2,1,1,0.02,0.08,0.03,0.15,0.9,0.1,-1.2,0.0,0,0,1,0,0.675,0.44
73,7,-0.6726021766662598,0.3626704514026642,-1.6657742261886597,2.6605348844100094,0.8129262071083925,2,1,1,0.02,0.08,0.03,0.15,0.9,0.1,-1.2,0.0,0,0,1,0,0.675,0.44
74,0,-0.04594000056385994,0.42438408732414246,-0.2856985330581665,6.28,4.049833058899792,2,1,1,0.02,0.08,0.03,0.15,0.9,0.1,-1.2,0.0,0,0,1,0,0.675,0.44
74,1,-1.018033742904663,-0.2608530819416046,-2.20257568359375,2.6340718904637916,4.458809691222047,0,0,0,0.02,0.08,0.03,0.15,0.9,0.1,-1.2,0.0,0,0,1,0,0.675,0.44
74,2,0.18001596629619598,-0.2891388535499573,1.6906527280807495,5.350310772111153,4.383243643999516,2,1,1,0.02,0.08,0.03,0.15,0.9,0.1,-1.2,0.0,0,0,1,0,0.675,0.44
74,3,-1.2350881099700928,0.2201021909713745,-1.967830777168274,3.187103784980546,3.131127112347835,2,1,1,0.02,0.08,0.03,0.15,0.9,0.1,-1.2,0.0,0,0,1,0,0.675,0.44
74,4,-0.4930852949619293,-0.39948758482933044,-2.8696553707122803,-1.1858276017736191,3.197104649795035,2,1,1,0.02,0.08,0.03,0.15,0.9,0.1,-1.2,0.0,0,0,1,0,0.675,0.44
74,5,-0.289035439491272,0.03813456371426582,2.3410401344299316,2.7087662857179344,1.488589001101304,2,1,1,0.02,0.08,0.03,0.15,0.9,0.1,-1.2,0.0,0,0,1,0,0.675,0.44
74,6,0.46542486548423767,0.25754690170288086,0.6719412803649902,5.0682172130572845,5.611365012933405,2,1,1,0.02,0.08,0.03,0.15,0.9,0.1,-1.2,0.0,0,0,1,0,0.675,0.44
74,7,-0.6729859709739685,0.3588655889034271,-1.6889933347702026,2.9218161204022657,0.43369843247098966,2,1,1,0.02,0.08,0.03,0.15,0.9,0.1,-1.2,0.0,0,0,1,0,0.675,0.44
75,0,-0.039323095232248306,0.4217379093170166,-0.4847729802131653,6.28,4.782310428170936,2,1,1,0.02,0.08,0.03,0.15,0.9,0.1,-1.2,0.0,0,0,1,0,0.675,0.44
75,1,-1.022017478942871,-0.2666586637496948,-2.138078451156616,2.9192939912437756,4.405928675609981,0,0,0,0.02,0.08,0.03,0.15,0.9,0.1,-1.2,0.0,0,0,1,0,0.675,0.44
75,2,0.1789894700050354,-0.2797781825065613,1.6660947799682617,5.037629761471767,4.374528140935217,2,1,1,0.02,0.08,0.03,0.15,0.9,0.1,-1.2,0.0,0,0,1,0,0.675,0.44
75,3,-1.2376378774642944,0.21411992609500885,-1.9810906648635864,2.863649569638581,3.3060700491637145,2,1,1,0.02,0.08,0.03,0.15,0.9,0.1,-1.2,0.0,0,0,1,0,0.675,0.44
75,4,-0.4941851794719696,-0.3999638557434082,-2.6604597568511963,-2.2271709070324164,3.7023568710357124,2,1,1,0.02,0.08,0.03,0.15,0.9,0.1,-1.2,0.0,0,0,1,0,0.675,0.44
75,5,-0.2916010618209839,0.04092078655958176,2.2936618328094482,1.9378951296670048,1.685300399317066,2,1,1,0.02,0.08,0.03,0.15,0.9,0.1,-1.2,0.0,0,0,1,0,0.675,0.44
75,6,0.4734743535518646,0.26405444741249084,0.6868215203285217,5.001628830860941,5.152173931285606,2,1,1,0.02,0.08,0.03,0.15,0.9,0.1,-1.2,0.0,0,0,1,0,0.675,0.44
75,7,-0.6734785437583923,0.35536953806877136,-1.7470632791519165,3.193613523133136,-0.1490513621643548,2,1,1,0.02,0.08,0.03,0.15,0.9,0.1,-1.2,0.0,0,0,1,0,0.675,0.44
76,0,-0.03089355118572712,0.41667500138282776,-0.5941399335861206,1.9840411692441342,5.077628439439105,2,1,1,0.02,0.08,0.03,0.15,0.9,0.1,-1.2,0.0,0,0,1,0,0.675,0.44
76,1,-1.0256325006484985,-0.27274593710899353,-2.073551893234253,3.1758192193479027,4.313885790950192,0,0,0,0.02,0.08,0.03,0.15,0.9,0.1,-1.2,0.0,0,0,1,0,0.675,0.44
76,2,0.17821112275123596,-0.27011847496032715,1.6334937810897827,4.696599308960077,4.347152915499497,2,1,1,0.02,0.08,0.03,0.15,0.9,0.1,-1.2,0.0,0,0,1,0,0.675,0.44
76,3,-1.2401938438415527,0.20830336213111877,-1.9857386350631714,3.2288199414093337,2.9003123528909582,2,1,1,0.02,0.08,0.03,0.15,0.9,0.1,-1.2,0.0,0,0,1,0,0.675,0.44
76,4,-0.49576708674430847,-0.40098240971565247,-2.4992012977600098,-3.002863814153663,3.9826432960414806,2,1,1,0.02,0.08,0.03,0.15,0.9,0.1,-1.2,0.0,0,0,1,0,0.675,0.44
76,5,-0.29426732659339905,0.04408501088619232,2.2502806186676025,2.1508514447007143,1.9984775030836417,2,1,1,0.02,0.08,0.03,0.15,0.9,0.1,-1.2,0.0,0,0,1,0,0.675,0.44
76,6,0.4816094636917114,0.2708347737789154,0.7047207951545715,5.168918747101281,5.12746835907891,2,1,1,0.02,0.08,0.03,0.15,0.9,0.1,-1.2,0.0,0,0,1,0,0.675,0.44
76,7,-0.6741901636123657,0.35206788778305054,-1.8301188945770264,3.1387904140124983,0.4035124859804661,2,1,1,0.02,0.08,0.03,0.15,0.9,0.1,-1.2,0.0,0,0,1,0,0.675,0.44
77,0,-0.02205207757651806,0.4102919101715088,-0.6546614170074463,0.2961944919202722,5.170678045216826,2,1,1,0.02,0.08,0.03,0.15,0.9,0.1,-1.2,0.0,0,0,1,0,0.675,0.44
77,1,-1.0289573669433594,-0.2792215347290039,-2.018930435180664,3.4429704854154295,4.197365063845891,0,0,0,0.02,0.08,0.03,0.15,0.9,0.1,-1.2,0.0,0,0,1,0,0.675,0.44
77,2,0.17774462699890137,-0.26065340638160706,1.6080713272094727,5.1211236959459745,4.505856171185156,2,1,1,0.02,0.08,0.03,0.15,0.9,0.1,-1.2,0.0,0,0,1,0,0.675,0.44
77,3,-1.2426753044128418,0.202612042427063,-1.9715020656585693,2.88776989243745,3.2052187780239443,2,1,1,0.02,0.08,0.03,0.15,0.9,0.1,-1.2,0.0,0,0,1,0,0.675,0.44
77,4,-0.4969424605369568,-0.40203312039375305,-2.3019399642944336,-3.4998233478006715,4.163762704604566,2,1,1,0.02,0.08,0.03,0.15,0.9,0.1,-1.2,0.0,0,0,1,0,0.675,0.44
77,5,-0.29657864570617676,0.04702046513557434,2.2346644401550293,1.3296185942395344,2.331183549642233,2,1,1,0.02,0.08,0.03,0.15,0.9,0.1,-1.2,0.0,0,0,1,0,0.675,0.44
77,6,0.4893883466720581,0.27752357721328735,0.712732195854187,5.386781830439777,5.241732156356141,2,1,1,0.02,0.08,0.03,0.15,0.9,0.1,-1.2,0.0,0,0,1,0,0.675,0.44
77,7,-0.6751319766044617,0.34910848736763,-1.9417542219161987,3.3601539396381366,-0.10723050551855601,2,1,1,0.02,0.08,0.03,0.15,0.9,0.1,-1.2,0.0,0,0,1,0,0.675,0.44
78,0,-0.015773387625813484,0.4056103527545929,-0.5763559341430664,0.9201126539919741,5.158936276363591,2,1,1,0.02,0.08,0.03,0.15,0.9,0.1,-1.2,0.0,0,0,1,0,0.675,0.44
78,1,-1.032033920288086,-0.28601375222206116,-1.9764870405197144,3.7317455618868616,4.0485048082195725,0,0,0,0.02,0.08,0.03,0.15,0.9,0.1,-1.2,0.0,0,0,1,0,0.675,0.44
78,2,0.17748090624809265,-0.25154048204421997,1.5937485694885254,5.11574120154389,4.526147871227126,2,1,1,0.02,0.08,0.03,0.15,0.9,0.1,-1.2,0.0,0,0,1,0,0.675,0.44
78,3,-1.2450562715530396,0.19698204100131989,-1.9777781963348389,2.66975048108608,3.3717051301859984,2,1,1,0.02,0.08,0.03,0.15,0.9,0.1,-1.2,0.0,0,0,1,0,0.675,0.44
78,4,-0.497566819190979,-0.4029066860675812,-2.0631699562072754,-3.393556708803082,4.132359071480099,2,1,1,0.02,0.08,0.03,0.15,0.9,0.1,-1.2,0.0,0,0,1,0,0.675,0.44
78,5,-0.29905590415000916,0.05021493136882782,2.2286574840545654,1.6490783542824685,2.394406745524143,2,1,1,0.02,0.08,0.03,0.15,0.9,0.1,-1.2,0.0,0,0,1,0,0.675,0.44
78,6,0.49715089797973633,0.28424426913261414,0.7124590277671814,5.444582506233823,5.289980501716959,2,1,1,0.02,0.08,0.03,0.15,0.9,0.1,-1.2,0.0,0,0,1,0,0.675,0.44
78,7,-0.6765486598014832,0.3459720015525818,-2.042257785797119,3.569018119532323,-0.52210799817381,2,1,1,0.02,0.08,0.03,0.15,0.9,0.1,-1.2,0.0,0,0,1,0,0.675,0.44
79,0,-0.01071760430932045,0.40276649594306946,-0.41616731882095337,2.1426480465494637,5.1302700844887585,2,1,1,0.02,0.08,0.03,0.15,0.9,0.1,-1.2,0.0,0,0,1,0,0.675,0.44
79,1,-1.0349218845367432,-0.29304826259613037,-1.9472934007644653,4.053778117340583,3.8136809716443896,0,0,0,0.02,0.08,0.03,0.15,0.9,0.1,-1.2,0.0,0,0,1,0,0.675,0.44
79,2,0.1773439645767212,-0.24203069508075714,1.5741245746612549,5.525259045129915,4.571239794557912,2,1,1,0.02,0.08,0.03,0.15,0.9,0.1,-1.2,0.0,0,0,1,0,0.675,0.44
79,3,-1.2474737167358398,0.19136177003383636,-1.970552682876587,2.156199975200808,3.629735597158129,2,1,1,0.02,0.08,0.03,0.15,0.9,0.1,-1.2,0.0,0,0,1,0,0.675,0.44
79,4,-0.49781477451324463,-0.40358632802963257,-1.797524333000183,-3.2015919628005465,4.067680291688552,2,1,1,0.02,0.08,0.03,0.15,0.9,0.1,-1.2,0.0,0,0,1,0,0.675,0.44
79,5,-0.3013750910758972,0.05317188426852226,2.2557761669158936,0.8945490810880903,2.522412713289663,2,1,1,0.02,0.08,0.03,0.15,0.9,0.1,-1.2,0.0,0,0,1,0,0.675,0.44
79,6,0.5051554441452026,0.29113510251045227,0.7079440951347351,5.4320776145255065,5.352194266458799,2,1,1,0.02,0.08,0.03,0.15,0.9,0.1,-1.2,0.0,0,0,1,0,0.675,0.44
79,7,-0.6782129406929016,0.34310880303382874,-2.1589736938476562,3.5664439383744027,-0.19090850060424977,2,1,1,0.02,0.08,0.03,0.15,0.9,0.1,-1.2,0.0,0,0,1,0,0.675,0.44
80,0,-0.005080711096525192,0.4007827043533325,-0.2621203064918518,3.2876720171747795,4.933020314714928,2,1,1,0.02,0.08,0.03,0.15,0.9,0.1,-1.2,0.0,0,0,1,0,0.675,0.44
80,1,-1.0377049446105957,-0.3002779185771942,-1.9331227540969849,4.0043009699470735,3.8401152845137605,0,0,0,0.02,0.08,0.03,0.15,0.9,0.1,-1.2,0.0,0,0,1,0,0.675,0.44
80,2,0.1774095892906189,-0.2323904186487198,1.553228735923767,5.687423067771278,4.5843006298858695,2,1,1,0.02,0.08,0.03,0.15,0.9,0.1,-1.2,0.0,0,0,1,0,0.675,0.44
80,3,-1.2497986555099487,0.18570972979068756,-1.9464818239212036,2.531827922596935,3.4217579890638836,2,1,1,0.02,0.08,0.03,0.15,0.9,0.1,-1.2,0.0,0,0,1,0,0.675,0.44
80,4,-0.4978678822517395,-0.4043113589286804,-1.5315299034118652,-4.185637938809118,4.40604053283546,2,1,1,0.02,0.08,0.03,0.15,0.9,0.1,-1.2,0.0,0,0,1,0,0.675,0.44
80,5,-0.303928017616272,0.05620869994163513,2.283811569213867,0.6361288688887469,2.479593221117129,2,1,1,0.02,0.08,0.03,0.15,0.9,0.1,-1.2,0.0,0,0,1,0,0.675,0.44
80,6,0.5133123993873596,0.2980804741382599,0.7024755477905273,5.413882006047303,5.40880705034918,2,1,1,0.02,0.08,0.03,0.15,0.9,0.1,-1.2,0.0,0,0,1,0,0.675,0.44
80,7,-0.6800880432128906,0.3406517803668976,-2.2984278202056885,3.642369981305761,-0.10790935481329901,2,1,1,0.02,0.08,0.03,0.15,0.9,0.1,-1.2,0.0,0,0,1,0,0.675,0.44
81,0,0.0017694211564958096,0.3993834853172302,-0.145977184176445,3.915548778867177,4.730761916400715,2,1,1,0.02,0.08,0.03,0.15,0.9,0.1,-1.2,0.0,0,0,1,0,0.675,0.44
81,1,-1.040484070777893,-0.30761778354644775,-1.9378198385238647,3.816734165353797,3.9617634807625484,0,0,0,0.02,0.08,0.03,0.15,0.9,0.1,-1.2,0.0,0,0,1,0,0.675,0.44
81,2,0.17772077023983002,-0.2223869264125824,1.5221952199935913,5.615461939554546,4.692951316359801,2,1,1,0.02,0.08,0.03,0.15,0.9,0.1,-1.2,0.0,0,0,1,0,0.675,0.44
81,3,-1.2518720626831055,0.18011729419231415,-1.8957079648971558,2.9434043141555217,3.0068883109194506,2,1,1,0.02,0.08,0.03,0.15,0.9,0.1,-1.2,0.0,0,0,1,0,0.675,0.44
81,4,-0.49773454666137695,-0.40495574474334717,-1.26774001121521,-3.4320604788400564,4.243504228081901,2,1,1,0.02,0.08,0.03,0.15,0.9,0.1,-1.2,0.0,0,0,1,0,0.675,0.44
81,5,-0.3062998652458191,0.058841247111558914,2.3348090648651123,0.8701038225477896,2.204262206078748,2,1,1,0.02,0.08,0.03,0.15,0.9,0.1,-1.2,0.0,0,0,1,0,0.675,0.44
81,6,0.52154940366745,0.30502548813819885,0.6991031169891357,5.427733009158877,5.463836128414365,2,1,1,0.02,0.08,0.03,0.15,0.9,0.1,-1.2,0.0,0,0,1,0,0.675,0.44
81,7,-0.6824561953544617,0.33833521604537964,-2.432842969894409,3.6543339132169352,0.2505200757707205,2,1,1,0.02,0.08,0.03,0.15,0.9,0.1,-1.2,0.0,0,0,1,0,0.675,0.44
82,0,0.009745839983224869,0.39853739738464355,-0.07600083947181702,4.078833740099356,4.634154516847196,2,1,1,0.02,0.08,0.03,0.15,0.9,0.1,-1.2,0.0,0,0,1,0,0.675,0.44
82,1,-1.0433239936828613,-0.31493473052978516,-1.9442943334579468,3.6185866508292674,4.06935296643695,0,0,0,0.02,0.08,0.03,0.15,0.9,0.1,-1.2,0.0,0,0,1,0,0.675,0.44
82,2,0.17839829623699188,-0.21216906607151031,1.484313726425171,5.7050731253959475,4.774857924654026,2,1,1,0.02,0.08,0.03,0.15,0.9,0.1,-1.2,0.0,0,0,1,0,0.675,0.44
82,3,-1.2536619901657104,0.1744077056646347,-1.858128547668457,2.57634511592284,3.3620895381411717,2,1,1,0.02,0.08,0.03,0.15,0.9,0.1,-1.2,0.0,0,0,1,0,0.675,0.44
82,4,-0.4975096583366394,-0.40542733669281006,-0.9616880416870117,-2.1532916485384996,3.937876322594057,2,1,1,0.02,0.08,0.03,0.15,0.9,0.1,-1.2,0.0,0,0,1,0,0.675,0.44
82,5,-0.30856218934059143,0.06107373535633087,2.398062229156494,1.2462627028504691,1.733530845733516,2,1,1,0.02,0.08,0.03,0.15,0.9,0.1,-1.2,0.0,0,0,1,0,0.675,0.44
82,6,0.5298320055007935,0.3119792640209198,0.6984083652496338,5.683910809268409,5.977171096139216,2,1,1,0.02,0.08,0.03,0.15,0.9,0.1,-1.2,0.0,0,0,1,0,0.675,0.44
82,7,-0.6852667927742004,0.3362388610839844,-2.5646135807037354,3.6451780711179467,0.6715877961106704,2,1,1,0.02,0.08,0.03,0.15,0.9,0.1,-1.2,0.0,0,0,1,0,0.675,0.44
83,0,0.01830265112221241,0.3980744183063507,-0.04017620161175728,4.182376646815418,4.249619808200157,2,1,1,0.02,0.08,0.03,0.15,0.9,0.1,-1.2,0.0,0,0,1,0,0.675,0.44
83,1,-1.0461673736572266,-0.3221891522407532,-1.941409945487976,3.9179836693074392,3.918465208903891,0,0,0,0.02,0.08,0.03,0.15,0.9,0.1,-1.2,0.0,0,0,1,0,0.675,0.44
83,2,0.17946279048919678,-0.20192094147205353,1.450528860092163,5.47791552259995,4.936687124173384,2,1,1,0.02,0.08,0.03,0.15,0.9,0.1,-1.2,0.0,0,0,1,0,0.675,0.44
83,3,-1.2553013563156128,0.16868673264980316,-1.8501020669937134,2.6233811780569383,3.3104825900404213,2,1,1,0.02,0.08,0.03,0.15,0.9,0.1,-1.2,0.0,0,0,1,0,0.675,0.44
83,4,-0.4969647526741028,-0.4059511423110962,-0.6288146376609802,-1.8113462831072256,4.109209430194393,2,1,1,0.02,0.08,0.03,0.15,0.9,0.1,-1.2,0.0,0,0,1,0,0.675,0.44
83,5,-0.3108867406845093,0.06310024112462997,2.44848895072937,2.24915889435755,1.1441348777419573,2,1,1,0.02,0.08,0.03,0.15,0.9,0.1,-1.2,0.0,0,0,1,0,0.675,0.44
83,6,0.5381606221199036,0.3189758360385895,0.6994308233261108,5.544414698376123,5.574349970326956,2,1,1,0.02,0.08,0.03,0.15,0.9,0.1,-1.2,0.0,0,0,1,0,0.675,0.44
83,7,-0.6886067390441895,0.3343561291694641,-2.6865198612213135,3.681212584428416,0.6111556484592339,2,1,1,0.02,0.08,0.03,0.15,0.9,0.1,-1.2,0.0,0,0,1,0,0.675,0.44
84,0,0.02699163183569908,0.3978224992752075,-0.01927250437438488,4.324200941759161,3.6695342385962273,2,1,1,0.02,0.08,0.03,0.15,0.9,0.1,-1.2,0.0,0,0,1,0,0.675,0.44
84,1,-1.0489226579666138,-0.32938623428344727,-1.9276642799377441,3.5596042602588605,4.106248645565925,0,0,0,0.02,0.08,0.03,0.15,0.9,0.1,-1.2,0.0,0,0,1,0,0.675,0.44
84,2,0.1808794140815735,-0.19157125055789948,1.4179052114486694,5.153731749073336,5.037228995083282,2,1,1,0.02,0.08,0.03,0.15,0.9,0.1,-1.2,0.0,0,0,1,0,0.675,0.44
84,3,-1.2568918466567993,0.16296298801898956,-1.8276617527008057,2.553886049139309,3.3720235783457313,2,1,1,0.02,0.08,0.03,0.15,0.9,0.1,-1.2,0.0,0,0,1,0,0.675,0.44
84,4,-0.4955315589904785,-0.406708300113678,-0.35883432626724243,-0.6606668500391037,3.9087414639788833,2,1,1,0.02,0.08,0.03,0.15,0.9,0.1,-1.2,0.0,0,0,1,0,0.675,0.44
84,5,-0.31322282552719116,0.06497900933027267,2.471503973007202,3.0514597803569345,0.729765930205415,2,1,1,0.02,0.08,0.03,0.15,0.9,0.1,-1.2,0.0,0,0,1,0,0.675,0.44
84,6,0.546943187713623,0.3264107406139374,0.7080178260803223,5.703527054714154,5.766845670359432,2,1,1,0.02,0.08,0.03,0.15,0.9,0.1,-1.2,0.0,0,0,1,0,0.675,0.44
84,7,-0.6925115585327148,0.3327123522758484,-2.793843984603882,3.6541170038216064,0.625348969555621,2,1,1,0.02,0.08,0.03,0.15,0.9,0.1,-1.2,0.0,0,0,1,0,0.675,0.44
85,0,0.03547608479857445,0.39769989252090454,-0.013993862085044384,3.2102530500085846,3.7885836281494396,2,1,1,0.02,0.08,0.03,0.15,0.9,0.1,-1.2,0.0,0,0,1,0,0.675,0.44
85,1,-1.0516252517700195,-0.336710661649704,-1.9244427680969238,3.9120702601996453,3.8996807107506393,0,0,0,0.02,0.08,0.03,0.15,0.9,0.1,-1.2,0.0,0,0,1,0,0.675,0.44
85,2,0.18259219825267792,-0.1812864989042282,1.3962401151657104,4.169806543882553,3.612739170946824,2,1,1,0.02,0.08,0.03,0.15,0.9,0.1,-1.2,0.0,0,0,1,0,0.675,0.44
85,3,-1.2583296298980713,0.15720480680465698,-1.8028457164764404,2.1686351452241204,3.659604364663094,2,1,1,0.02,0.08,0.03,0.15,0.9,0.1,-1.2,0.0,0,0,1,0,0.675,0.44
85,4,-0.4931565523147583,-0.4072813093662262,-0.11731420457363129,-0.27069931028998984,3.968209470163568,2,1,1,0.02,0.08,0.03,0.15,0.9,0.1,-1.2,0.0,0,0,1,0,0.675,0.44
85,5,-0.3158041536808014,0.06704980134963989,2.4438235759735107,3.0717973244986694,0.4607169378211637,2,1,1,0.02,0.08,0.03,0.15,0.9,0.1,-1.2,0.0,0,0,1,0,0.675,0.44
85,6,0.5554538369178772,0.3337332308292389,0.7109977602958679,5.886065452994158,6.100330203481997,2,1,1,0.02,0.08,0.03,0.15,0.9,0.1,-1.2,0.0,0,0,1,0,0.675,0.44
85,7,-0.6966254711151123,0.3314620554447174,-2.900857448577881,3.57159190853944,1.0555795625802205,2,1,1,0.02,0.08,0.03,0.15,0.9,0.1,-1.2,0.0,0,0,1,0,0.675,0.44
86,0,0.043555617332458496,0.39754652976989746,-0.03206136077642441,3.0245168557724385,3.4891014063652386,2,1,1,0.02,0.08,0.03,0.15,0.9,0.1,-1.2,0.0,0,0,1,0,0.675,0.44
86,1,-1.0542538166046143,-0.3439486026763916,-1.9090816974639893,4.00025539575788,3.7674498565422936,0,0,0,0.02,0.08,0.03,0.15,0.9,0.1,-1.2,0.0,0,0,1,0,0.675,0.44
86,2,0.18442301452159882,-0.17121845483779907,1.3893791437149048,3.662054856787239,3.3243471499301043,2,1,1,0.02,0.08,0.03,0.15,0.9,0.1,-1.2,0.0,0,0,1,0,0.675,0.44
86,3,-1.259617805480957,0.1514180302619934,-1.7750197649002075,1.9740660802415952,3.7742837566504193,2,1,1,0.02,0.08,0.03,0.15,0.9,0.1,-1.2,0.0,0,0,1,0,0.675,0.44
86,4,-0.4897463917732239,-0.4073450267314911,0.07220508903265,-0.4024325470458754,4.148426639119141,2,1,1,0.02,0.08,0.03,0.15,0.9,0.1,-1.2,0.0,0,0,1,0,0.675,0.44
86,5,-0.318570077419281,0.06951629370450974,2.370720386505127,3.3675198017124095,0.49292257359795055,2,1,1,0.02,0.08,0.03,0.15,0.9,0.1,-1.2,0.0,0,0,1,0,0.675,0.44
86,6,0.5640853047370911,0.3411804735660553,0.7129530906677246,5.774234581367117,5.816607653889501,2,1,1,0.02,0.08,0.03,0.15,0.9,0.1,-1.2,0.0,0,0,1,0,0.675,0.44
86,7,-0.7008338570594788,0.3306559920310974,-3.00740122795105,3.379269649994458,1.8983782509256193,2,1,1,0.02,0.08,0.03,0.15,0.9,0.1,-1.2,0.0,0,0,1,0,0.675,0.44
87,0,0.050750087946653366,0.3973167836666107,-0.020769977942109108,3.144094604946711,2.9602292394952223,2,1,1,0.02,0.08,0.03,0.15,0.9,0.1,-1.2,0.0,0,0,1,0,0.675,0.44
87,1,-1.056807518005371,-0.3513006865978241,-1.9055835008621216,3.623171621665233,4.098444904992518,0,0,0,0.02,0.08,0.03,0.15,0.9,0.1,-1.2,0.0,0,0,1,0,0.675,0.44
87,2,0.18596389889717102,-0.1630900800228119,1.3727422952651978,3.889193495056293,3.289568513237314,2,1,1,0.02,0.08,0.03,0.15,0.9,0.1,-1.2,0.0,0,0,1,0,0.675,0.44
87,3,-1.260688066482544,0.1456662118434906,-1.72732412815094,2.1584244990041386,3.705995936156778,2,1,1,0.02,0.08,0.03,0.15,0.9,0.1,-1.2,0.0,0,0,1,0,0.675,0.44
87,4,-0.48578333854675293,-0.40673649311065674,0.23639464378356934,-0.11192332476574023,4.048872931707692,2,1,1,0.02,0.08,0.03,0.15,0.9,0.1,-1.2,0.0,0,0,1,0,0.675,0.44
87,5,-0.321039080619812,0.07211997359991074,2.280900001525879,3.4940778072634444,0.6615279112300174,2,1,1,0.02,0.08,0.03,0.15,0.9,0.1,-1.2,0.0,0,0,1,0,0.675,0.44
87,6,0.5730551481246948,0.3489753305912018,0.719440758228302,5.953478220258584,6.235436301413682,2,1,1,0.02,0.08,0.03,0.15,0.9,0.1,-1.2,0.0,0,0,1,0,0.675,0.44
87,7,-0.7053756713867188,0.33026185631752014,-3.0992281436920166,3.114690299924313,2.3806208047948814,2,1,1,0.02,0.08,0.03,0.15,0.9,0.1,-1.2,0.0,0,0,1,0,0.675,0.44
88,0,0.057360950857400894,0.3972339332103729,-0.004027010407298803,3.1934106955987662,2.654409286569447,2,1,1,0.02,0.08,0.03,0.15,0.9,0.1,-1.2,0.0,0,0,1,0,0.675,0.44
88,1,-1.0593774318695068,-0.3586404025554657,-1.912305235862732,3.864941767222648,3.82112616613915,0,0,0,0.02,0.08,0.03,0.15,0.9,0.1,-1.2,0.0,0,0,1,0,0.675,0.44
88,2,0.18742115795612335,-0.15608952939510345,1.3592008352279663,3.567050010453401,3.1285910244089368,2,1,1,0.02,0.08,0.03,0.15,0.9,0.1,-1.2,0.0,0,0,1,0,0.675,0.44
88,3,-1.261427640914917,0.13994456827640533,-1.6661537885665894,2.3428790260985246,3.6311008937972744,2,1,1,0.02,0.08,0.03,0.15,0.9,0.1,-1.2,0.0,0,0,1,0,0.675,0.44
88,4,-0.48207834362983704,-0.4055321216583252,0.3989294171333313,-0.2830057960522301,4.071518307221105,2,1,1,0.02,0.08,0.03,0.15,0.9,0.1,-1.2,0.0,0,0,1,0,0.675,0.44
88,5,-0.32337796688079834,0.07511476427316666,2.1816813945770264,3.754127630569551,1.128477206848052,2,1,1,0.02,0.08,0.03,0.15,0.9,0.1,-1.2,0.0,0,0,1,0,0.675,0.44
88,6,0.5818181037902832,0.35668298602104187,0.7221802473068237,5.910404082066133,6.204171491277743,2,1,1,0.02,0.08,0.03,0.15,0.9,0.1,-1.2,0.0,0,0,1,0,0.675,0.44
88,7,-0.7105082273483276,0.3302239179611206,3.124396800994873,2.821200824416893,2.6887728072207393,2,1,1,0.02,0.08,0.03,0.15,0.9,0.1,-1.2,0.0,0,0,1,0,0.675,0.44
89,0,0.06354726105928421,0.3972266912460327,-0.005828768480569124,2.96876778353949,2.98004285083905,2,1,1,0.02,0.08,0.03,0.15,0.9,0.1,-1.2,0.0,0,0,1,0,0.675,0.44
89,1,-1.0619475841522217,-0.36593160033226013,-1.9006156921386719,3.5303832988959054,4.170464028413956,0,0,0,0.02,0.08,0.03,0.15,0.9,0.1,-1.2,0.0,0,0,1,0,0.675,0.44
89,2,0.18897823989391327,-0.14912210404872894,1.3400400876998901,3.342427238747107,3.0000831576682603,2,1,1,0.02,0.08,0.03,0.15,0.9,0.1,-1.2,0.0,0,0,1,0,0.675,0.44
89,3,-1.2618201971054077,0.13411232829093933,-1.6099388599395752,2.1061502342843745,3.7677370814070033,2,1,1,0.02,0.08,0.03,0.15,0.9,0.1,-1.2,0.0,0,0,1,0,0.675,0.44
89,4,-0.4786067306995392,-0.4037553071975708,0.5473297238349915,-0.09804275864601225,3.9475552588251483,2,1,1,0.02,0.08,0.03,0.15,0.9,0.1,-1.2,0.0,0,0,1,0,0.675,0.44
89,5,-0.3255574405193329,0.07858967781066895,2.08182430267334,4.41223635408381,1.9204864331328417,2,1,1,0.02,0.08,0.03,0.15,0.9,0.1,-1.2,0.0,0,0,1,0,0.675,0.44
89,6,0.5908508896827698,0.36468827724456787,0.7304273247718811,5.723135776817288,5.872415331396329,2,1,1,0.02,0.08,0.03,0.15,0.9,0.1,-1.2,0.0,0,0,1,0,0.675,0.44
89,7,-0.7159516215324402,0.33042389154434204,3.0935654640197754,2.91453140394929,2.1775917218160488,2,1,1,0.02,0.08,0.03,0.15,0.9,0.1,-1.2,0.0,0,0,1,0,0.675,0.44
90,0,0.0694461315870285,0.39716243743896484,-0.021768804639577866,3.0981947026845162,2.578996697880444,2,1,1,0.02,0.08,0.03,0.15,0.9,0.1,-1.2,0.0,0,0,1,0,0.675,0.44
90,1,-1.0644173622131348,-0.37321749329566956,-1.8984737396240234,3.7876054239895685,3.866415864817404,0,0,0,0.02,0.08,0.03,0.15,0.9,0.1,-1.2,0.0,0,0,1,0,0.675,0.44
90,2,0.19058866798877716,-0.1425241231918335,1.3235349655151367,3.0371687358495576,2.8404862934473183,2,1,1,0.02,0.08,0.03,0.15,0.9,0.1,-1.2,0.0,0,0,1,0,0.675,0.44
90,3,-1.2619085311889648,0.12815868854522705,-1.5628650188446045,2.1047988564487166,3.7745095054959528,2,1,1,0.02,0.08,0.03,0.15,0.9,0.1,-1.2,0.0,0,0,1,0,0.675,0.44
90,4,-0.4754959046840668,-0.40153494477272034,0.6986380815505981,0.30921030990509674,3.768424864604583,2,1,1,0.02,0.08,0.03,0.15,0.9,0.1,-1.2,0.0,0,0,1,0,0.675,0.44
90,5,-0.3276730179786682,0.08283228427171707,1.9881267547607422,4.693780700948755,2.4491495756897153,2,1,1,0.02,0.08,0.03,0.15,0.9,0.1,-1.2,0.0,0,0,1,0,0.675,0.44
90,6,0.5998471975326538,0.37282446026802063,0.7407423853874207,5.84229101973456,1.764007620847147,2,1,1,0.02,0.08,0.03,0.15,0.9,0.1,-1.2,0.0,0,0,1,0,0.675,0.44
90,7,-0.7214462161064148,0.33073100447654724,3.084873914718628,3.0165494098953007,1.4952033533475941,2,1,1,0.02,0.08,0.03,0.15,0.9,0.1,-1.2,0.0,0,0,1,0,0.675,0.44
91,0,0.07537288218736649,0.39701128005981445,-0.02510654553771019,3.1636455288495595,2.2923540679564023,2,1,1,0.02,0.08,0.03,0.15,0.9,0.1,-1.2,0.0,0,0,1,0,0.675,0.44
91,1,-1.066853404045105,-0.38051971793174744,-1.8807848691940308,3.5612280174549893,4.164151162631551,0,0,0,0.02,0.08,0.03,0.15,0.9,0.1,-1.2,0.0,0,0,1,0,0.675,0.44
91,2,0.19219925999641418,-0.13631689548492432,1.3108879327774048,2.883222997630932,2.7228073771344645,2,1,1,0.02,0.08,0.03,0.15,0.9,0.1,-1.2,0.0,0,0,1,0,0.675,0.44
91,3,-1.2617088556289673,0.12226574867963791,-1.5071563720703125,2.116326231881805,3.767219817306812,2,1,1,0.02,0.08,0.03,0.15,0.9,0.1,-1.2,0.0,0,0,1,0,0.675,0.44
91,4,-0.47273898124694824,-0.398863285779953,0.8426896333694458,0.6120462097244619,3.684996375893716,2,1,1,0.02,0.08,0.03,0.15,0.9,0.1,-1.2,0.0,0,0,1,0,0.675,0.44
91,5,-0.3298673629760742,0.0884660854935646,1.899604082107544,5.046375960955703,2.882498611131921,2,1,1,0.02,0.08,0.03,0.15,0.9,0.1,-1.2,0.0,0,0,1,0,0.675,0.44
91,6,0.6084526777267456,0.38075026869773865,0.7470158934593201,5.786138621840697,1.7041119900387316,2,1,1,0.02,0.08,0.03,0.15,0.9,0.1,-1.2,0.0,0,0,1,0,0.675,0.44
91,7,-0.7266092300415039,0.3310665786266327,3.063385486602783,2.936580419855541,1.6675151099984984,2,1,1,0.02,0.08,0.03,0.15,0.9,0.1,-1.2,0.0,0,0,1,0,0.675,0.44
92,0,0.08110173791646957,0.3968389928340912,-0.03959091752767563,2.9585344683260724,2.588405945959487,2,1,1,0.02,0.08,0.03,0.15,0.9,0.1,-1.2,0.0,0,0,1,0,0.675,0.44
92,1,-1.0691510438919067,-0.38783031702041626,-1.874021291732788,3.7304540426716386,3.944424288849461,0,0,0,0.02,0.08,0.03,0.15,0.9,0.1,-1.2,0.0,0,0,1,0,0.675,0.44
92,2,0.1937599927186966,-0.13055390119552612,1.3030098676681519,2.725519357502662,2.5908334271309745,2,1,1,0.02,0.08,0.03,0.15,0.9,0.1,-1.2,0.0,0,0,1,0,0.675,0.44
92,3,-1.2611666917800903,0.11640999466180801,-1.4485958814620972,2.4042411614509636,3.656876359061839,2,1,1,0.02,0.08,0.03,0.15,0.9,0.1,-1.2,0.0,0,0,1,0,0.675,0.44
92,4,-0.4702538549900055,-0.39568662643432617,0.96804279088974,0.8842075665885346,3.661713021435306,2,1,1,0.02,0.08,0.03,0.15,0.9,0.1,-1.2,0.0,0,0,1,0,0.675,0.44
92,5,-0.33184829354286194,0.09515918791294098,1.8188567161560059,5.036751108586746,3.154268538671939,2,1,1,0.02,0.08,0.03,0.15,0.9,0.1,-1.2,0.0,0,0,1,0,0.675,0.44
92,6,0.6147975325584412,0.3862740099430084,0.6329860091209412,5.741267190472512,2.130117817624183,2,1,1,0.02,0.08,0.03,0.15,0.9,0.1,-1.2,0.0,0,0,1,0,0.675,0.44
92,7,-0.7312152981758118,0.33151477575302124,3.0155301094055176,2.847544832962362,1.823092824315035,2,1,1,0.02,0.08,0.03,0.15,0.9,0.1,-1.2,0.0,0,0,1,0,0.675,0.44
93,0,0.08659505844116211,0.39655742049217224,-0.06778959184885025,2.962445880610544,2.1260661540824732,2,1,1,0.02,0.08,0.03,0.15,0.9,0.1,-1.2,0.0,0,0,1,0,0.675,0.44
93,1,-1.0714055299758911,-0.39520421624183655,-1.8565287590026855,2.557962732477681,4.450649619610273,0,0,0,0.02,0.08,0.03,0.15,0.9,0.1,-1.2,0.0,0,0,1,0,0.675,0.44
93,2,0.19527484476566315,-0.12509971857070923,1.29716157913208,2.8561120950544607,2.4969924665213044,2,1,1,0.02,0.08,0.03,0.15,0.9,0.1,-1.2,0.0,0,0,1,0,0.675,0.44
93,3,-1.2602832317352295,0.11059252172708511,-1.3905577659606934,2.9531461396344576,3.362359123359783,2,1,1,0.02,0.08,0.03,0.15,0.9,0.1,-1.2,0.0,0,0,1,0,0.675,0.44
93,4,-0.46804746985435486,-0.39205023646354675,1.0784581899642944,-0.054006343318088734,4.1738995608841325,2,1,1,0.02,0.08,0.03,0.15,0.9,0.1,-1.2,0.0,0,0,1,0,0.675,0.44
93,5,-0.33346500992774963,0.10275374352931976,1.7419577836990356,4.987910482520216,3.3982579525273655,2,1,1,0.02,0.08,0.03,0.15,0.9,0.1,-1.2,0.0,0,0,1,0,0.675,0.44
93,6,0.6211701035499573,0.39030721783638,0.4885497987270355,5.5973993352529865,2.600734759223713,2,1,1,0.02,0.08,0.03,0.15,0.9,0.1,-1.2,0.0,0,0,1,0,0.675,0.44
93,7,-0.7357505559921265,0.3321968615055084,2.969214677810669,2.879318619180765,1.3442995851654982,2,1,1,0.02,0.08,0.03,0.15,0.9,0.1,-1.2,0.0,0,0,1,0,0.675,0.44
94,0,0.09210702776908875,0.3961277902126312,-0.08425631374120712,2.8394090470414883,2.340746980617614,2,1,1,0.02,0.08,0.03,0.15,0.9,0.1,-1.2,0.0,0,0,1,0,0.675,0.44
94,1,-1.073522925376892,-0.4025915563106537,-1.846240758895874,2.292428612629621,4.6459494188270085,0,0,0,0.02,0.08,0.03,0.15,0.9,0.1,-1.2,0.0,0,0,1,0,0.675,0.44
94,2,0.19674043357372284,-0.1199285164475441,1.2922711372375488,2.410170734636278,2.2765627198295895,2,1,1,0.02,0.08,0.03,0.15,0.9,0.1,-1.2,0.0,0,0,1,0,0.675,0.44
94,3,-1.2590419054031372,0.10463578253984451,-1.3418015241622925,2.6048188442467644,3.5736685657305407,2,1,1,0.02,0.08,0.03,0.15,0.9,0.1,-1.2,0.0,0,0,1,0,0.675,0.44
94,4,-0.4661290645599365,-0.3879844546318054,1.1779634952545166,0.29479440505355803,4.255174949592217,2,1,1,0.02,0.08,0.03,0.15,0.9,0.1,-1.2,0.0,0,0,1,0,0.675,0.44
94,5,-0.3345702290534973,0.11080008745193481,1.673290491104126,5.102342721684396,3.679438225221727,2,1,1,0.02,0.08,0.03,0.15,0.9,0.1,-1.2,0.0,0,0,1,0,0.675,0.44
94,6,0.6282874941825867,0.39351630210876465,0.3580077886581421,5.418125945812985,3.226634367534653,2,1,1,0.02,0.08,0.03,0.15,0.9,0.1,-1.2,0.0,0,0,1,0,0.675,0.44
94,7,-0.7403215765953064,0.33308765292167664,2.93157696723938,2.8413623289187306,0.9605095948909531,2,1,1,0.02,0.08,0.03,0.15,0.9,0.1,-1.2,0.0,0,0,1,0,0.675,0.44
95,0,0.09726372361183167,0.39563629031181335,-0.11034862697124481,2.7789142614019884,1.9204346276284863,2,1,1,0.02,0.08,0.03,0.15,0.9,0.1,-1.2,0.0,0,0,1,0,0.675,0.44
95,1,-1.0753371715545654,-0.40950119495391846,-1.7914950847625732,2.1057871043450747,4.131636435598075,0,0,0,0.02,0.08,0.03,0.15,0.9,0.1,-1.2,0.0,0,0,1,0,0.675,0.44
95,2,0.19823281466960907,-0.11479434370994568,1.2812327146530151,2.536896656852999,2.14188855974011,2,1,1,0.02,0.08,0.03,0.15,0.9,0.1,-1.2,0.0,0,0,1,0,0.675,0.44
95,3,-1.2575149536132812,0.09850527346134186,-1.3196829557418823,2.4088687159387887,3.6434959777523157,2,1,1,0.02,0.08,0.03,0.15,0.9,0.1,-1.2,0.0,0,0,1,0,0.675,0.44
95,4,-0.464754581451416,-0.3840021789073944,1.3163069486618042,0.7895456834266377,4.31411332493136,2,1,1,0.02,0.08,0.03,0.15,0.9,0.1,-1.2,0.0,0,0,1,0,0.675,0.44
95,5,-0.3351741135120392,0.11910710483789444,1.6149051189422607,5.408797077272445,3.90536802296966,2,1,1,0.02,0.08,0.03,0.15,0.9,0.1,-1.2,0.0,0,0,1,0,0.675,0.44
95,6,0.6360252499580383,0.39593449234962463,0.24756073951721191,5.14997247608525,3.889891449242412,2,1,1,0.02,0.08,0.03,0.15,0.9,0.1,-1.2,0.0,0,0,1,0,0.675,0.44
95,7,-0.7445187568664551,0.3340807259082794,2.8813276290893555,2.6731029933714385,1.1738405336225748,2,1,1,0.02,0.08,0.03,0.15,0.9,0.1,-1.2,0.0,0,0,1,0,0.675,0.44
96,0,0.1023874282836914,0.3950116038322449,-0.13019341230392456,2.6695267731655004,2.11790776993327,2,1,1,0.02,0.08,0.03,0.15,0.9,0.1,-1.2,0.0,0,0,1,0,0.675,0.44
96,1,-1.076621413230896,-0.41634082794189453,-1.7118245363235474,-0.6432121446325669,3.3792579717897104,0,0,0,0.02,0.08,0.03,0.15,0.9,0.1,-1.2,0.0,0,0,1,0,0.675,0.44
96,2,0.1996275782585144,-0.11017958074808121,1.2749464511871338,2.952532024053836,1.9364410034370185,2,1,1,0.02,0.08,0.03,0.15,0.9,0.1,-1.2,0.0,0,0,1,0,0.675,0.44
96,3,-1.2558691501617432,0.09243790805339813,-1.2868667840957642,2.053387518827944,3.7216825594653815,2,1,1,0.02,0.08,0.03,0.15,0.9,0.1,-1.2,0.0,0,0,1,0,0.675,0.44
96,4,-0.4639376997947693,-0.37960246205329895,1.4574265480041504,1.4836029146289074,4.253401371592742,2,1,1,0.02,0.08,0.03,0.15,0.9,0.1,-1.2,0.0,0,0,1,0,0.675,0.44
96,5,-0.3353331983089447,0.1278071254491806,1.5638855695724487,5.2205422825115875,4.07732616040559,2,1,1,0.02,0.08,0.03,0.15,0.9,0.1,-1.2,0.0,0,0,1,0,0.675,0.44
96,6,0.6443402767181396,0.3976587653160095,0.16317033767700195,4.740443509183018,4.376407388554603,2,1,1,0.02,0.08,0.03,0.15,0.9,0.1,-1.2,0.0,0,0,1,0,0.675,0.44
96,7,-0.7482459545135498,0.33518728613853455,2.8177268505096436,2.460659978279373,1.273173498097457,2,1,1,0.02,0.08,0.03,0.15,0.9,0.1,-1.2,0.0,0,0,1,0,0.675,0.44
97,0,0.1071346178650856,0.3943328559398651,-0.15780328214168549,2.526441407947602,2.2107540912937513,2,1,1,0.02,0.08,0.03,0.15,0.9,0.1,-1.2,0.0,0,0,1,0,0.675,0.44
97,1,-1.0772902965545654,-0.422687828540802,-1.638290524482727,-6.28,5.286028632952753,0,0,0,0.02,0.08,0.03,0.15,0.9,0.1,-1.2,0.0,0,0,1,0,0.675,0.44
97,2,0.20101377367973328,-0.10570811480283737,1.262900710105896,3.061527985069148,1.6906939096313387,2,1,1,0.02,0.08,0.03,0.15,0.9,0.1,-1.2,0.0,0,0,1,0,0.675,0.44
97,3,-1.2540251016616821,0.08655949681997299,-1.2402150630950928,1.6998835886841632,3.729194409061156,2,1,1,0.02,0.08,0.03,0.15,0.9,0.1,-1.2,0.0,0,0,1,0,0.675,0.44
97,4,-0.4637013375759125,-0.37460729479789734,1.584281325340271,2.1775431838638686,4.109208311951089,2,1,1,0.02,0.08,0.03,0.15,0.9,0.1,-1.2,0.0,0,0,1,0,0.675,0.44
97,5,-0.3350370526313782,0.13701005280017853,1.511708378791809,5.312370278456751,4.261900857302135,2,1,1,0.02,0.08,0.03,0.15,0.9,0.1,-1.2,0.0,0,0,1,0,0.675,0.44
97,6,0.6531524062156677,0.3988482654094696,0.11070803552865982,4.249301182781235,4.544155980247874,2,1,1,0.02,0.08,0.03,0.15,0.9,0.1,-1.2,0.0,0,0,1,0,0.675,0.44
97,7,-0.7518491744995117,0.33651241660118103,2.7624197006225586,2.2621458769256115,1.0806670188492296,2,1,1,0.02,0.08,0.03,0.15,0.9,0.1,-1.2,0.0,0,0,1,0,0.675,0.44
98,0,0.11183597147464752,0.39352816343307495,-0.17929862439632416,2.480534312529334,2.9921248883609834,2,1,1,0.02,0.08,0.03,0.15,0.9,0.1,-1.2,0.0,0,0,1,0,0.675,0.44
98,1,-1.0773640871047974,-0.4261327087879181,-1.5111026763916016,-6.28,2.7769447469865796,0,0,0,0.02,0.08,0.03,0.15,0.9,0.1,-1.2,0.0,0,0,1,0,0.675,0.44
98,2,0.20254141092300415,-0.10110653936862946,1.231536626815796,3.4914183510704007,1.2989686106624005,2,1,1,0.02,0.08,0.03,0.15,0.9,0.1,-1.2,0.0,0,0,1,0,0.675,0.44
98,3,-1.251964807510376,0.08106615394353867,-1.1744730472564697,2.2779246618595796,3.521706835251499,2,1,1,0.02,0.08,0.03,0.15,0.9,0.1,-1.2,0.0,0,0,1,0,0.675,0.44
98,4,-0.46408385038375854,-0.3690090477466583,1.686700463294983,2.0622702084386697,4.277105970168905,2,1,1,0.02,0.08,0.03,0.15,0.9,0.1,-1.2,0.0,0,0,1,0,0.675,0.44
98,5,-0.3342840373516083,0.14628027379512787,1.46908438205719,5.298463013679862,4.438187559288348,2,1,1,0.02,0.08,0.03,0.15,0.9,0.1,-1.2,0.0,0,0,1,0,0.675,0.44
98,6,0.6621838808059692,0.3997218906879425,0.08989617973566055,3.9402296476472163,4.162946261612477,2,1,1,0.02,0.08,0.03,0.15,0.9,0.1,-1.2,0.0,0,0,1,0,0.675,0.44
98,7,-0.755304753780365,0.33798450231552124,2.718600034713745,2.0150032821806865,1.1882104255545454,2,1,1,0.02,0.08,0.03,0.15,0.9,0.1,-1.2,0.0,0,0,1,0,0.675,0.44
99,0,0.11650007963180542,0.39264607429504395,-0.19202695786952972,2.456889712737695,3.4822675223990855,2,1,1,0.02,0.08,0.03,0.15,0.9,0.1,-1.2,0.0,0,0,1,0,0.675,0.44
99,1,-1.0774909257888794,-0.42581337690353394,-1.1505557298660278,-6.28,1.8324647929410687,0,0,0,0.02,0.08,0.03,0.15,0.9,0.1,-1.2,0.0,0,0,1,0,0.675,0.44
99,2,0.2042257934808731,-0.09663116931915283,1.1857937574386597,3.1452169338873834,1.2141625420940285,2,1,1,0.02,0.08,0.03,0.15,0.9,0.1,-1.2,0.0,0,0,1,0,0.675,0.44
99,3,-1.2496488094329834,0.07605800777673721,-1.0921032428741455,2.5477221761241795,3.1853087052800113,2,1,1,0.02,0.08,0.03,0.15,0.9,0.1,-1.2,0.0,0,0,1,0,0.675,0.44
99,4,-0.46504929661750793,-0.362912654876709,1.760196328163147,2.789486521786841,4.062749217061054,2,1,1,0.02,0.08,0.03,0.15,0.9,0.1,-1.2,0.0,0,0,1,0,0.675,0.44
99,5,-0.3331436812877655,0.15572978556156158,1.4316521883010864,4.099950667868087,-1.752630093623329,2,1,1,0.02,0.08,0.03,0.15,0.9,0.1,-1.2,0.0,0,0,1,0,0.675,0.44
99,6,0.6709955930709839,0.4005107879638672,0.09591055661439896,3.6773511565233257,3.53893640508951,2,1,1,0.02,0.08,0.03,0.15,0.9,0.1,-1.2,0.0,0,0,1,0,0.675,0.44
99,7,-0.7583942413330078,0.3394524157047272,2.6771457195281982,1.63177878844042,2.0307286526922965,2,1,1,0.02,0.08,0.03,0.15,0.9,0.1,-1.2,0.0,0,0,1,0,0.675,0.44
100,0,0.12172937393188477,0.39164164662361145,-0.1798560470342636,2.383628922127927,3.1042911786205645,2,1,1,0.02,0.08,0.03,0.15,0.9,0.1,-1.2,0.0,0,0,1,0,0.675,0.44
100,1,-1.0790221691131592,-0.42387232184410095,-0.7864316701889038,-6.28,3.426035472067378,0,0,0,0.02,0.08,0.03,0.15,0.9,0.1,-1.2,0.0,0,0,1,0,0.675,0.44
100,2,0.20615819096565247,-0.09225226938724518,1.114442229270935,3.3110202270330147,0.9346544605714815,2,1,1,0.02,0.08,0.03,0.15,0.9,0.1,-1.2,0.0,0,0,1,0,0.675,0.44
100,3,-1.246888279914856,0.07113681733608246,-1.0362906455993652,1.8629570831569515,3.101006361610572,2,1,1,0.02,0.08,0.03,0.15,0.9,0.1,-1.2,0.0,0,0,1,0,0.675,0.44
100,4,-0.4664669930934906,-0.3567483127117157,1.8357796669006348,3.453106623809341,3.71760520428327,2,1,1,0.02,0.08,0.03,0.15,0.9,0.1,-1.2,0.0,0,0,1,0,0.675,0.44
100,5,-0.3316446542739868,0.165316641330719,1.4002048969268799,3.8057132655089454,-1.7169742053389385,2,1,1,0.02,0.08,0.03,0.15,0.9,0.1,-1.2,0.0,0,0,1,0,0.675,0.44
100,6,0.6791945695877075,0.40133464336395264,0.10456334799528122,3.4393605228099853,2.747083294272599,2,1,1,0.02,0.08,0.03,0.15,0.9,0.1,-1.2,0.0,0,0,1,0,0.675,0.44
100,7,-0.7612577676773071,0.34094831347465515,2.645684003829956,1.2788308233213967,2.535169947454816,2,1,1,0.02,0.08,0.03,0.15,0.9,0.1,-1.2,0.0,0,0,1,0,0.675,0.44
101,0,0.12749463319778442,0.39067310094833374,-0.1473587304353714,2.3972048337889915,3.158913012723588,2,1,1,0.02,0.08,0.03,0.15,0.9,0.1,-1.2,0.0,0,0,1,0,0.675,0.44
101,1,-1.078256607055664,-0.4245699644088745,-0.6688287854194641,-6.28,3.272362342706635,0,0,0,0.02,0.08,0.03,0.15,0.9,0.1,-1.2,0.0,0,0,1,0,0.675,0.44
101,2,0.20825369656085968,-0.088327556848526,1.0447043180465698,3.499783040683799,0.6107195255653921,2,1,1,0.02,0.08,0.03,0.15,0.9,0.1,-1.2,0.0,0,0,1,0,0.675,0.44
101,3,-1.243908405303955,0.066306471824646,-1.007405161857605,1.1957472090731385,3.086370312595659,2,1,1,0.02,0.08,0.03,0.15,0.9,0.1,-1.2,0.0,0,0,1,0,0.675,0.44
101,4,-0.46842658519744873,-0.3502904176712036,1.8870632648468018,3.651924260203252,3.3652512636053253,2,1,1,0.02,0.08,0.03,0.15,0.9,0.1,-1.2,0.0,0,0,1,0,0.675,0.44
101,5,-0.3308619260787964,0.16907817125320435,1.2295618057250977,3.5007455251960082,-0.4311998265993237,2,1,1,0.02,0.08,0.03,0.15,0.9,0.1,-1.2,0.0,0,0,1,0,0.675,0.44
101,6,0.6865468621253967,0.40211158990859985,0.10234706103801727,3.2619906301966304,2.3923433956476736,2,1,1,0.02,0.08,0.03,0.15,0.9,0.1,-1.2,0.0,0,0,1,0,0.675,0.44
101,7,-0.7643924951553345,0.3426569998264313,2.651156425476074,0.8925765194989306,3.090977292426786,2,1,1,0.02,0.08,0.03,0.15,0.9,0.1,-1.2,0.0,0,0,1,0,0.675,0.44
102,0,0.1330239176750183,0.38993316888809204,-0.11988598853349686,2.39180363816834,3.2838545001909214,2,1,1,0.02,0.08,0.03,0.15,0.9,0.1,-1.2,0.0,0,0,1,0,0.675,0.44
102,1,-1.078693151473999,-0.42398881912231445,-0.4086237847805023,-5.067005679748225,4.314810097812468,0,0,0,0.02,0.08,0.03,0.15,0.9,0.1,-1.2,0.0,0,0,1,0,0.675,0.44
102,2,0.2105335146188736,-0.0847160592675209,0.9643698334693909,3.5391438081375735,0.44019930147230596,2,1,1,0.02,0.08,0.03,0.15,0.9,0.1,-1.2,0.0,0,0,1,0,0.675,0.44
102,3,-1.241146206855774,0.062094803899526596,-0.9655360579490662,1.7701305020957088,2.76521410220709,2,1,1,0.02,0.08,0.03,0.15,0.9,0.1,-1.2,0.0,0,0,1,0,0.675,0.44
102,4,-0.47072678804397583,-0.3435690104961395,1.903343677520752,3.636943240167052,3.094493999412824,2,1,1,0.02,0.08,0.03,0.15,0.9,0.1,-1.2,0.0,0,0,1,0,0.675,0.44
102,5,-0.32993701100349426,0.17103184759616852,1.0319502353668213,3.537708819562012,1.112061216373714,2,1,1,0.02,0.08,0.03,0.15,0.9,0.1,-1.2,0.0,0,0,1,0,0.675,0.44
102,6,0.6929104328155518,0.4027213454246521,0.08185528963804245,3.0747269599434404,2.664744500231312,2,1,1,0.02,0.08,0.03,0.15,0.9,0.1,-1.2,0.0,0,0,1,0,0.675,0.44
102,7,-0.7677565813064575,0.34439095854759216,2.689340114593506,0.5557306964769156,3.327858813591813,2,1,1,0.02,0.08,0.03,0.15,0.9,0.1,-1.2,0.0,0,0,1,0,0.675,0.44
103,0,0.13853462040424347,0.38934093713760376,-0.09339985996484756,2.2984727545655286,3.107029091658541,2,1,1,0.02,0.08,0.03,0.15,0.9,0.1,-1.2,0.0,0,0,1,0,0.675,0.44
103,1,-1.0772602558135986,-0.42424601316452026,-0.2058708816766739,-2.911365490913768,4.902176875244147,0,0,0,0.02,0.08,0.03,0.15,0.9,0.1,-1.2,0.0,0,0,1,0,0.675,0.44
103,2,0.2130434811115265,-0.08141914755105972,0.8664841055870056,3.744564924858002,0.18109988205774682,2,1,1,0.02,0.08,0.03,0.15,0.9,0.1,-1.2,0.0,0,0,1,0,0.675,0.44
103,3,-1.238610029220581,0.058633770793676376,-0.8992651700973511,2.0552327154240886,2.4558669925639967,2,1,1,0.02,0.08,0.03,0.15,0.9,0.1,-1.2,0.0,0,0,1,0,0.675,0.44
103,4,-0.4730265736579895,-0.3369167149066925,1.8967128992080688,3.643616681515391,2.5061748119602503,2,1,1,0.02,0.08,0.03,0.15,0.9,0.1,-1.2,0.0,0,0,1,0,0.675,0.44
103,5,-0.3282855153083801,0.17330588400363922,0.8799147009849548,3.0946826061559483,2.106311676112923,2,1,1,0.02,0.08,0.03,0.15,0.9,0.1,-1.2,0.0,0,0,1,0,0.675,0.44
103,6,0.6986583471298218,0.40311935544013977,0.052537791430950165,2.7832267707042506,3.079485255658093,2,1,1,0.02,0.08,0.03,0.15,0.9,0.1,-1.2,0.0,0,0,1,0,0.675,0.44
103,7,-0.7713636755943298,0.3460085690021515,2.7600433826446533,0.7961110105493772,2.8213385795517416,2,1,1,0.02,0.08,0.03,0.15,0.9,0.1,-1.2,0.0,0,0,1,0,0.675,0.44
104,0,0.14416903257369995,0.3888959288597107,-0.06310167908668518,2.3495803337753425,3.1680123720108866,2,1,1,0.02,0.08,0.03,0.15,0.9,0.1,-1.2,0.0,0,0,1,0,0.675,0.44
104,1,-1.0773630142211914,-0.42434507608413696,0.09578076004981995,0.25860300402188036,5.886121586107472,0,0,0,0.02,0.08,0.03,0.15,0.9,0.1,-1.2,0.0,0,0,1,0,0.675,0.44
104,2,0.21579119563102722,-0.0784958153963089,0.759107768535614,3.243956424366441,0.6798840103637273,2,1,1,0.02,0.08,0.03,0.15,0.9,0.1,-1.2,0.0,0,0,1,0,0.675,0.44
104,3,-1.2357978820800781,0.0552801676094532,-0.854213297367096,2.7234700935635106,1.8563208729111067,2,1,1,0.02,0.08,0.03,0.15,0.9,0.1,-1.2,0.0,0,0,1,0,0.675,0.44
104,4,-0.47515565156936646,-0.33047595620155334,1.8791261911392212,3.515765451340412,2.656172430380364,2,1,1,0.02,0.08,0.03,0.15,0.9,0.1,-1.2,0.0,0,0,1,0,0.675,0.44
104,5,-0.32536840438842773,0.1764495074748993,0.7829514741897583,2.477838753870996,2.736008689590422,2,1,1,0.02,0.08,0.03,0.15,0.9,0.1,-1.2,0.0,0,0,1,0,0.675,0.44
104,6,0.7043761014938354,0.4033591151237488,0.03481364622712135,2.858601124623517,2.5437397348612767,2,1,1,0.02,0.08,0.03,0.15,0.9,0.1,-1.2,0.0,0,0,1,0,0.675,0.44
104,7,-0.7750518321990967,0.34730544686317444,2.853503942489624,0.6013510344746172,2.807752598559761,2,1,1,0.02,0.08,0.03,0.15,0.9,0.1,-1.2,0.0,0,0,1,0,0.675,0.44
105,0,0.14962252974510193,0.3886318504810333,-0.03413809463381767,2.454695536828075,3.263384169825877,2,1,1,0.02,0.08,0.03,0.15,0.9,0.1,-1.2,0.0,0,0,1,0,0.675,0.44
105,1,-1.075535774230957,-0.4239417016506195,0.4225333034992218,2.9232755132581016,6.28,0,0,0,0.02,0.08,0.03,0.15,0.9,0.1,-1.2,0.0,0,0,1,0,0.675,0.44
105,2,0.21879950165748596,-0.07594689726829529,0.6372213363647461,3.422868412027147,0.7486770856237593,2,1,1,0.02,0.08,0.03,0.15,0.9,0.1,-1.2,0.0,0,0,1,0,0.675,0.44
105,3,-1.232804775238037,0.05193604156374931,-0.8350508213043213,2.025653220656089,2.008159977445596,2,1,1,0.02,0.08,0.03,0.15,0.9,0.1,-1.2,0.0,0,0,1,0,0.675,0.44
105,4,-0.47697290778160095,-0.3244793117046356,1.8431861400604248,3.259143156114139,3.2414838139634137,2,1,1,0.02,0.08,0.03,0.15,0.9,0.1,-1.2,0.0,0,0,1,0,0.675,0.44
105,5,-0.32166624069213867,0.17993004620075226,0.7385004758834839,2.096049170334775,3.150442276756329,2,1,1,0.02,0.08,0.03,0.15,0.9,0.1,-1.2,0.0,0,0,1,0,0.675,0.44
105,6,0.7102104425430298,0.4035574793815613,0.04039132967591286,-4.544080795674963,4.466116098777839,2,1,1,0.02,0.08,0.03,0.15,0.9,0.1,-1.2,0.0,0,0,1,0,0.675,0.44
105,7,-0.7786129713058472,0.34821000695228577,2.9298787117004395,0.0031072638509066844,3.0932524408797524,2,1,1,0.02,0.08,0.03,0.15,0.9,0.1,-1.2,0.0,0,0,1,0,0.675,0.44
106,0,0.1551169455051422,0.38852059841156006,-0.0059389397501945496,2.567986900784736,3.3456564630784937,2,1,1,0.02,0.08,0.03,0.15,0.9,0.1,-1.2,0.0,0,0,1,0,0.675,0.44
106,1,-1.0711690187454224,-0.42120736837387085,0.6702180504798889,3.581805914794875,3.6804762410556022,0,0,0,0.02,0.08,0.03,0.15,0.9,0.1,-1.2,0.0,0,0,1,0,0.675,0.44
106,2,0.22210822999477386,-0.07375376671552658,0.538768470287323,3.813123400171789,0.4817475188673762,2,1,1,0.02,0.08,0.03,0.15,0.9,0.1,-1.2,0.0,0,0,1,0,0.675,0.44
106,3,-1.2297556400299072,0.048538971692323685,-0.8566665649414062,1.7404439075920035,1.8450778684876856,2,1,1,0.02,0.08,0.03,0.15,0.9,0.1,-1.2,0.0,0,0,1,0,0.675,0.44
106,4,-0.4785340130329132,-0.3185115456581116,1.8109426498413086,2.986641744034293,3.6169090197184666,2,1,1,0.02,0.08,0.03,0.15,0.9,0.1,-1.2,0.0,0,0,1,0,0.675,0.44
106,5,-0.31779778003692627,0.18340758979320526,0.7391924262046814,1.7782706544392555,3.403252266288474,2,1,1,0.02,0.08,0.03,0.15,0.9,0.1,-1.2,0.0,0,0,1,0,0.675,0.44
106,6,0.7157004475593567,0.4037737548351288,0.03378720581531525,-4.9832348075633455,4.483415592465417,2,1,1,0.02,0.08,0.03,0.15,0.9,0.1,-1.2,0.0,0,0,1,0,0.675,0.44
106,7,-0.7820112109184265,0.34881362318992615,3.005986213684082,-0.6951368376616518,3.386136319291766,2,1,1,0.02,0.08,0.03,0.15,0.9,0.1,-1.2,0.0,0,0,1,0,0.675,0.44
107,0,0.16079525649547577,0.3885696232318878,0.023198530077934265,2.697454117009892,3.7658057984086653,2,1,1,0.02,0.08,0.03,0.15,0.9,0.1,-1.2,0.0,0,0,1,0,0.675,0.44
107,1,-1.0649645328521729,-0.4153553247451782,0.8264393210411072,4.530492523555536,-5.100143887208848,0,0,0,0.02,0.08,0.03,0.15,0.9,0.1,-1.2,0.0,0,0,1,0,0.675,0.44
107,2,0.2257382571697235,-0.07180382311344147,0.445859432220459,3.80277840591593,0.7383246848328285,2,1,1,0.02,0.08,0.03,0.15,0.9,0.1,-1.2,0.0,0,0,1,0,0.675,0.44
107,3,-1.2270612716674805,0.04539145901799202,-0.8633221387863159,2.3166784329290553,1.1342391506545142,2,1,1,0.02,0.08,0.03,0.15,0.9,0.1,-1.2,0.0,0,0,1,0,0.675,0.44
107,4,-0.4800191819667816,-0.31225061416625977,1.8043675422668457,4.016735433973434,2.4050573073606016,2,1,1,0.02,0.08,0.03,0.15,0.9,0.1,-1.2,0.0,0,0,1,0,0.675,0.44
107,5,-0.3139660060405731,0.18697407841682434,0.7709342837333679,1.5791178105207337,3.569788554516231,2,1,1,0.02,0.08,0.03,0.15,0.9,0.1,-1.2,0.0,0,0,1,0,0.675,0.44
107,6,0.7167096138000488,0.40378376841545105,0.28712233901023865,-3.0527510319473583,4.5120897376347795,2,1,1,0.02,0.08,0.03,0.15,0.9,0.1,-1.2,0.0,0,0,1,0,0.675,0.44
107,7,-0.785159170627594,0.3491021990776062,3.1082236766815186,-1.7988935627399782,3.9244107592943736,2,1,1,0.02,0.08,0.03,0.15,0.9,0.1,-1.2,0.0,0,0,1,0,0.675,0.44
108,0,0.16666646301746368,0.38878685235977173,0.050588738173246384,2.655276158918831,4.127598563816868,2,1,1,0.02,0.08,0.03,0.15,0.9,0.1,-1.2,0.0,0,0,1,0,0.675,0.44
108,1,-1.0599806308746338,-0.409589946269989,0.8555573225021362,4.130221532531139,-6.28,0,0,0,0.02,0.08,0.03,0.15,0.9,0.1,-1.2,0.0,0,0,1,0,0.675,0.44
108,2,0.2296856790781021,-0.07017005234956741,0.3336228132247925,4.031663822766134,0.6157999432884905,2,1,1,0.02,0.08,0.03,0.15,0.9,0.1,-1.2,0.0,0,0,1,0,0.675,0.44
108,3,-1.224671721458435,0.04259872063994408,-0.8604791760444641,-6.28,6.28,2,1,1,0.02,0.08,0.03,0.15,0.9,0.1,-1.2,0.0,0,0,1,0,0.675,0.44
108,4,-0.48157602548599243,-0.30585405230522156,1.822054386138916,4.252667855613202,1.9454515918926003,2,1,1,0.02,0.08,0.03,0.15,0.9,0.1,-1.2,0.0,0,0,1,0,0.675,0.44
108,5,-0.31032100319862366,0.19067558646202087,0.8241851329803467,1.7428820437700103,3.672926584562245,2,1,1,0.02,0.08,0.03,0.15,0.9,0.1,-1.2,0.0,0,0,1,0,0.675,0.44
108,6,0.7163980007171631,0.403608500957489,0.6310038566589355,-0.5635526223062435,4.9834586348278656,2,1,1,0.02,0.08,0.03,0.15,0.9,0.1,-1.2,0.0,0,0,1,0,0.675,0.44
108,7,-0.7879587411880493,0.3490303158760071,-3.03773832321167,-1.9803151579951466,3.981010164632685,2,1,1,0.02,0.08,0.03,0.15,0.9,0.1,-1.2,0.0,0,0,1,0,0.675,0.44
109,0,0.1730068475008011,0.38921287655830383,0.0860820859670639,2.610826199508371,4.098746233926252,2,1,1,0.02,0.08,0.03,0.15,0.9,0.1,-1.2,0.0,0,0,1,0,0.675,0.44
109,1,-1.0594102144241333,-0.4088152050971985,0.5819078087806702,4.105437869287874,-6.01658047122844,0,0,0,0.02,0.08,0.03,0.15,0.9,0.1,-1.2,0.0,0,0,1,0,0.675,0.44
109,2,0.23400869965553284,-0.06893768161535263,0.22421398758888245,3.298949769966389,-0.20410921092540446,2,1,1,0.02,0.08,0.03,0.15,0.9,0.1,-1.2,0.0,0,0,1,0,0.675,0.44
109,3,-1.222429633140564,0.039940375834703445,-0.8929218649864197,-6.28,6.091540809894869,2,1,1,0.02,0.08,0.03,0.15,0.9,0.1,-1.2,0.0,0,0,1,0,0.675,0.44
109,4,-0.48311829566955566,-0.29958102107048035,1.7812026739120483,4.072508379910069,2.351481662186398,2,1,1,0.02,0.08,0.03,0.15,0.9,0.1,-1.2,0.0,0,0,1,0,0.675,0.44
109,5,-0.3069343864917755,0.19456671178340912,0.8916520476341248,3.7528646108164843,2.8926410088132353,2,1,1,0.02,0.08,0.03,0.15,0.9,0.1,-1.2,0.0,0,0,1,0,0.675,0.44
109,6,0.7171522974967957,0.4043431878089905,0.9535281658172607,1.0926360116508875,5.412419200695831,2,1,1,0.02,0.08,0.03,0.15,0.9,0.1,-1.2,0.0,0,0,1,0,0.675,0.44
109,7,-0.790206253528595,0.3486191928386688,-2.846605062484741,-1.7311708188730002,3.92220697028109,2,1,1,0.02,0.08,0.03,0.15,0.9,0.1,-1.2,0.0,0,0,1,0,0.675,0.44
110,0,0.17968904972076416,0.38994041085243225,0.13500891625881195,2.625005580539677,4.163122152179876,2,1,1,0.02,0.08,0.03,0.15,0.9,0.1,-1.2,0.0,0,0,1,0,0.675,0.44
110,1,-1.0605167150497437,-0.4092043936252594,0.19103379547595978,4.690065942659465,-3.6921264374662894,0,0,0,0.02,0.08,0.03,0.15,0.9,0.1,-1.2,0.0,0,0,1,0,0.675,0.44
110,2,0.2385740727186203,-0.06816662102937698,0.10680349916219711,3.109548960166654,0.38669716667198983,2,1,1,0.02,0.08,0.03,0.15,0.9,0.1,-1.2,0.0,0,0,1,0,0.675,0.44
110,3,-1.22218656539917,0.03950449824333191,-0.5368197560310364,-6.28,5.084549148482829,2,1,1,0.02,0.08,0.03,0.15,0.9,0.1,-1.2,0.0,0,0,1,0,0.675,0.44
110,4,-0.48422813415527344,-0.29343104362487793,1.7047978639602661,3.911308425317734,2.6694257255321676,2,1,1,0.02,0.08,0.03,0.15,0.9,0.1,-1.2,0.0,0,0,1,0,0.675,0.44
110,5,-0.30370697379112244,0.1988530457019806,0.9599404335021973,3.6087645687087777,2.8236476426679453,2,1,1,0.02,0.08,0.03,0.15,0.9,0.1,-1.2,0.0,0,0,1,0,0.675,0.44
110,6,0.7189201712608337,0.4075393080711365,1.194555640220642,1.8220766788063545,5.121915430301281,2,1,1,0.02,0.08,0.03,0.15,0.9,0.1,-1.2,0.0,0,0,1,0,0.675,0.44
110,7,-0.7921160459518433,0.3478424549102783,-2.6374669075012207,-2.158211264937045,4.255427774734642,2,1,1,0.02,0.08,0.03,0.15,0.9,0.1,-1.2,0.0,0,0,1,0,0.675,0.44
111,0,0.1863301396369934,0.39101442694664,0.18721924722194672,2.7794034895628816,3.5841219327182343,2,1,1,0.02,0.08,0.03,0.15,0.9,0.1,-1.2,0.0,0,0,1,0,0.675,0.44
111,1,-1.0582103729248047,-0.40910041332244873,-0.031832270324230194,5.225531530476919,-1.7558987944144948,0,0,0,0.02,0.08,0.03,0.15,0.9,0.1,-1.2,0.0,0,0,1,0,0.675,0.44
111,2,0.24197736382484436,-0.06799103319644928,-0.015928510576486588,3.205551916374437,0.4208893127786382,2,1,1,0.02,0.08,0.03,0.15,0.9,0.1,-1.2,0.0,0,0,1,0,0.675,0.44
111,3,-1.2227157354354858,0.03974243998527527,-0.07662253826856613,-6.28,4.1681331392753185,2,1,1,0.02,0.08,0.03,0.15,0.9,0.1,-1.2,0.0,0,0,1,0,0.675,0.44
111,4,-0.48486852645874023,-0.2870793640613556,1.6400668621063232,3.782299477992987,2.960085796690938,2,1,1,0.02,0.08,0.03,0.15,0.9,0.1,-1.2,0.0,0,0,1,0,0.675,0.44
111,5,-0.30007556080818176,0.20411844551563263,0.949206531047821,3.9312577414270606,3.0286421774852497,2,1,1,0.02,0.08,0.03,0.15,0.9,0.1,-1.2,0.0,0,0,1,0,0.675,0.44
111,6,0.7206647992134094,0.4130476415157318,1.3663394451141357,0.8721509010326537,4.177457570581323,2,1,1,0.02,0.08,0.03,0.15,0.9,0.1,-1.2,0.0,0,0,1,0,0.675,0.44
111,7,-0.793914258480072,0.34661799669265747,-2.436035394668579,-1.9056178297523456,4.331659809974735,2,1,1,0.02,0.08,0.03,0.15,0.9,0.1,-1.2,0.0,0,0,1,0,0.675,0.44
112,0,0.19295208156108856,0.3924461901187897,0.24093611538410187,2.8124502223969383,3.817648470118837,2,1,1,0.02,0.08,0.03,0.15,0.9,0.1,-1.2,0.0,0,0,1,0,0.675,0.44
112,1,-1.0559751987457275,-0.40926843881607056,-0.30925625562667847,5.757160132194846,0.4171712949657506,0,0,0,0.02,0.08,0.03,0.15,0.9,0.1,-1.2,0.0,0,0,1,0,0.675,0.44
112,2,0.24538463354110718,-0.06822977215051651,-0.11632240563631058,3.5301822424290785,-0.3188596009875706,2,1,1,0.02,0.08,0.03,0.15,0.9,0.1,-1.2,0.0,0,0,1,0,0.675,0.44
112,3,-1.2227542400360107,0.039717115461826324,0.011431875638663769,-6.28,4.209718490591556,2,1,1,0.02,0.08,0.03,0.15,0.9,0.1,-1.2,0.0,0,0,1,0,0.675,0.44
112,4,-0.48515287041664124,-0.2805355489253998,1.5931189060211182,3.622477197819607,3.213539821381146,2,1,1,0.02,0.08,0.03,0.15,0.9,0.1,-1.2,0.0,0,0,1,0,0.675,0.44
112,5,-0.296240895986557,0.20933327078819275,0.9207938313484192,3.8470479572883254,3.2632908807259553,2,1,1,0.02,0.08,0.03,0.15,0.9,0.1,-1.2,0.0,0,0,1,0,0.675,0.44
112,6,0.7216184139251709,0.419695645570755,1.4958330392837524,-6.28,4.8621839572998,2,1,1,0.02,0.08,0.03,0.15,0.9,0.1,-1.2,0.0,0,0,1,0,0.675,0.44
112,7,-0.7953928709030151,0.34508028626441956,-2.2155814170837402,-0.8429265432016022,4.1867778297010325,2,1,1,0.02,0.08,0.03,0.15,0.9,0.1,-1.2,0.0,0,0,1,0,0.675,0.44
113,0,0.19918307662010193,0.394105464220047,0.27429166436195374,2.784624452744408,3.550187023626536,2,1,1,0.02,0.08,0.03,0.15,0.9,0.1,-1.2,0.0,0,0,1,0,0.675,0.44
113,1,-1.0534441471099854,-0.4107102155685425,-0.6101316213607788,6.0172983302250795,2.062703907067588,0,0,0,0.02,0.08,0.03,0.15,0.9,0.1,-1.2,0.0,0,0,1,0,0.675,0.44
113,2,0.24893586337566376,-0.0688251256942749,-0.21347498893737793,3.647193509902744,-0.8049885770192333,2,1,1,0.02,0.08,0.03,0.15,0.9,0.1,-1.2,0.0,0,0,1,0,0.675,0.44
113,3,-1.221415400505066,0.03970702365040779,0.19525131583213806,-6.266244768461212,4.184795111777637,2,1,1,0.02,0.08,0.03,0.15,0.9,0.1,-1.2,0.0,0,0,1,0,0.675,0.44
113,4,-0.48518240451812744,-0.27382683753967285,1.5614371299743652,3.899565961509155,2.9651785063702927,2,1,1,0.02,0.08,0.03,0.15,0.9,0.1,-1.2,0.0,0,0,1,0,0.675,0.44
113,5,-0.2920146882534027,0.21472883224487305,0.8897326588630676,3.8083061894861943,3.4711371542458713,2,1,1,0.02,0.08,0.03,0.15,0.9,0.1,-1.2,0.0,0,0,1,0,0.675,0.44
113,6,0.7217283248901367,0.42514559626579285,1.6141740083694458,3.0543275712154907,-6.28,2,1,1,0.02,0.08,0.03,0.15,0.9,0.1,-1.2,0.0,0,0,1,0,0.675,0.44
113,7,-0.7966158390045166,0.34304356575012207,-1.994922161102295,-0.11745311543995968,4.164621936567263,2,1,1,0.02,0.08,0.03,0.15,0.9,0.1,-1.2,0.0,0,0,1,0,0.675,0.44
114,0,0.20548368990421295,0.39598822593688965,0.30808693170547485,2.783626761779717,2.7935222476625303,2,1,1,0.02,0.08,0.03,0.15,0.9,0.1,-1.2,0.0,0,0,1,0,0.675,0.44
114,1,-1.0495127439498901,-0.4142422676086426,-0.8334201574325562,5.149516625313623,2.708901219384104,0,0,0,0.02,0.08,0.03,0.15,0.9,0.1,-1.2,0.0,0,0,1,0,0.675,0.44
114,2,0.2521119713783264,-0.06970550119876862,-0.34127673506736755,3.333833773992112,0.03487484913451168,2,1,1,0.02,0.08,0.03,0.15,0.9,0.1,-1.2,0.0,0,0,1,0,0.675,0.44
114,3,-1.2203054428100586,0.03970583528280258,0.5018528699874878,-5.00746822047949,4.345802404567768,2,1,1,0.02,0.08,0.03,0.15,0.9,0.1,-1.2,0.0,0,0,1,0,0.675,0.44
114,4,-0.485045850276947,-0.2670123875141144,1.5443536043167114,3.57624202594683,3.439677230701376,2,1,1,0.02,0.08,0.03,0.15,0.9,0.1,-1.2,0.0,0,0,1,0,0.675,0.44
114,5,-0.2874877452850342,0.22017216682434082,0.8669022917747498,4.045319216853937,3.579608900454079,2,1,1,0.02,0.08,0.03,0.15,0.9,0.1,-1.2,0.0,0,0,1,0,0.675,0.44
114,6,0.7218735814094543,0.42508500814437866,1.955217719078064,-6.28,2.8127666381586978,2,1,1,0.02,0.08,0.03,0.15,0.9,0.1,-1.2,0.0,0,0,1,0,0.675,0.44
114,7,-0.7975857853889465,0.3401227295398712,-1.80697762966156,0.6540546193291127,3.975275453991091,2,1,1,0.02,0.08,0.03,0.15,0.9,0.1,-1.2,0.0,0,0,1,0,0.675,0.44
115,0,0.21154572069644928,0.3980195224285126,0.33659815788269043,2.678763436168032,3.0822081016767724,2,1,1,0.02,0.08,0.03,0.15,0.9,0.1,-1.2,0.0,0,0,1,0,0.675,0.44
115,1,-1.045064926147461,-0.42004725337028503,-0.9943379759788513,-0.7139739796892561,2.782605740177215,0,0,0,0.02,0.08,0.03,0.15,0.9,0.1,-1.2,0.0,0,0,1,0,0.675,0.44
115,2,0.2547863721847534,-0.07087168097496033,-0.4937792420387268,3.169023165428067,0.18200248461433774,2,1,1,0.02,0.08,0.03,0.15,0.9,0.1,-1.2,0.0,0,0,1,0,0.675,0.44
115,3,-1.2166498899459839,0.04229792580008507,0.6430140137672424,-5.093848995658682,4.3156513898300535,2,1,1,0.02,0.08,0.03,0.15,0.9,0.1,-1.2,0.0,0,0,1,0,0.675,0.44
115,4,-0.4847802221775055,-0.26015907526016235,1.51537024974823,3.5092022838813333,3.6030189743883465,2,1,1,0.02,0.08,0.03,0.15,0.9,0.1,-1.2,0.0,0,0,1,0,0.675,0.44
115,5,-0.2827549874782562,0.22565731406211853,0.8533422946929932,4.2828532438945475,3.5498767155195003,2,1,1,0.02,0.08,0.03,0.15,0.9,0.1,-1.2,0.0,0,0,1,0,0.675,0.44
115,6,0.7228246927261353,0.42249491810798645,1.7574506998062134,-6.28,4.7305622359782005,2,1,1,0.02,0.08,0.03,0.15,0.9,0.1,-1.2,0.0,0,0,1,0,0.675,0.44
115,7,-0.7981851696968079,0.33626803755760193,-1.6516672372817993,0.940247475936595,3.8930499257468787,2,1,1,0.02,0.08,0.03,0.15,0.9,0.1,-1.2,0.0,0,0,1,0,0.675,0.44
116,0,0.2169390469789505,0.3999464809894562,0.3421807289123535,2.65424924743269,2.590750726584458,2,1,1,0.02,0.08,0.03,0.15,0.9,0.1,-1.2,0.0,0,0,1,0,0.675,0.44
116,1,-1.041164755821228,-0.4267893135547638,-1.0977327823638916,-6.28,1.4258752840918363,0,0,0,0.02,0.08,0.03,0.15,0.9,0.1,-1.2,0.0,0,0,1,0,0.675,0.44
116,2,0.257548063993454,-0.07261049747467041,-0.6178880333900452,2.76457645638257,0.5736823081190707,2,1,1,0.02,0.08,0.03,0.15,0.9,0.1,-1.2,0.0,0,0,1,0,0.675,0.44
116,3,-1.216261625289917,0.04255400225520134,0.986972987651825,-3.0953384375070883,4.760018726478891,2,1,1,0.02,0.08,0.03,0.15,0.9,0.1,-1.2,0.0,0,0,1,0,0.675,0.44
116,4,-0.4843340814113617,-0.25318825244903564,1.5050617456436157,3.3008314718985168,3.824057625203716,2,1,1,0.02,0.08,0.03,0.15,0.9,0.1,-1.2,0.0,0,0,1,0,0.675,0.44
116,5,-0.2777465581893921,0.2313140332698822,0.8379185795783997,4.166517739150642,3.6416565752068357,2,1,1,0.02,0.08,0.03,0.15,0.9,0.1,-1.2,0.0,0,0,1,0,0.675,0.44
116,6,0.7234311699867249,0.41949012875556946,1.955783724784851,-3.6821285416155014,4.30847920472593,2,1,1,0.02,0.08,0.03,0.15,0.9,0.1,-1.2,0.0,0,0,1,0,0.675,0.44
116,7,-0.7982538938522339,0.331768274307251,-1.5284186601638794,1.2051588898364705,4.33493914807628,2,1,1,0.02,0.08,0.03,0.15,0.9,0.1,-1.2,0.0,0,0,1,0,0.675,0.44
117,0,0.2223219871520996,0.4018903970718384,0.35347503423690796,2.3367757695252176,2.881859881585849,2,1,1,0.02,0.08,0.03,0.15,0.9,0.1,-1.2,0.0,0,0,1,0,0.675,0.44
117,1,-1.0397250652313232,-0.4296249747276306,-1.0149940252304077,-6.28,0.516673753198179,0,0,0,0.02,0.08,0.03,0.15,0.9,0.1,-1.2,0.0,0,0,1,0,0.675,0.44
117,2,0.2601684629917145,-0.07470449060201645,-0.7248561382293701,3.05758990835562,-0.4314213999903008,2,1,1,0.02,0.08,0.03,0.15,0.9,0.1,-1.2,0.0,0,0,1,0,0.675,0.44
117,3,-1.2162493467330933,0.043083880096673965,1.3315192461013794,-1.1964087077939771,5.21309902085216,2,1,1,0.02,0.08,0.03,0.15,0.9,0.1,-1.2,0.0,0,0,1,0,0.675,0.44
117,4,-0.4838641285896301,-0.2461119443178177,1.506909966468811,3.6207045747313704,3.68467057422195,2,1,1,0.02,0.08,0.03,0.15,0.9,0.1,-1.2,0.0,0,0,1,0,0.675,0.44
117,5,-0.2724732458591461,0.23704978823661804,0.8140329718589783,4.023861429557836,3.735151683020192,2,1,1,0.02,0.08,0.03,0.15,0.9,0.1,-1.2,0.0,0,0,1,0,0.675,0.44
117,6,0.7225319743156433,0.4204007387161255,2.263640880584717,-3.233094246206154,4.404346766512996,2,1,1,0.02,0.08,0.03,0.15,0.9,0.1,-1.2,0.0,0,0,1,0,0.675,0.44
117,7,-0.797793447971344,0.32699984312057495,-1.4225298166275024,1.5593650217935786,4.5096683139662455,2,1,1,0.02,0.08,0.03,0.15,0.9,0.1,-1.2,0.0,0,0,1,0,0.675,0.44
118,0,0.22733356058597565,0.4037542939186096,0.35445690155029297,1.802103977133444,3.0718626870500203,2,1,1,0.02,0.08,0.03,0.15,0.9,0.1,-1.2,0.0,0,0,1,0,0.675,0.44
118,1,-1.0419386625289917,-0.4269373416900635,-0.7702171206474304,-6.28,1.505251822755424,0,0,0,0.02,0.08,0.03,0.15,0.9,0.1,-1.2,0.0,0,0,1,0,0.675,0.44
118,2,0.262568861246109,-0.07702592015266418,-0.8071742057800293,2.2780368799593487,0.4268996307724721,2,1,1,0.02,0.08,0.03,0.15,0.9,0.1,-1.2,0.0,0,0,1,0,0.675,0.44
118,3,-1.215989351272583,0.04553309082984924,1.6193461418151855,0.7190670598248977,5.686106200627064,2,1,1,0.02,0.08,0.03,0.15,0.9,0.1,-1.2,0.0,0,0,1,0,0.675,0.44
118,4,-0.483448326587677,-0.23900260031223297,1.5224292278289795,3.7851468923685583,3.510932804918533,2,1,1,0.02,0.08,0.03,0.15,0.9,0.1,-1.2,0.0,0,0,1,0,0.675,0.44
118,5,-0.2670491337776184,0.24267363548278809,0.794098973274231,3.8289469370967053,3.8308001172623203,2,1,1,0.02,0.08,0.03,0.15,0.9,0.1,-1.2,0.0,0,0,1,0,0.675,0.44
118,6,0.7210878133773804,0.4219060242176056,2.5330283641815186,-6.28,3.2787923496594664,2,1,1,0.02,0.08,0.03,0.15,0.9,0.1,-1.2,0.0,0,0,1,0,0.675,0.44
118,7,-0.7967108488082886,0.3217085897922516,-1.313995599746704,1.8350171346693813,4.883536285499552,2,1,1,0.02,0.08,0.03,0.15,0.9,0.1,-1.2,0.0,0,0,1,0,0.675,0.44
119,0,0.23222343623638153,0.4055901765823364,0.36929818987846375,1.4122049299770334,3.011329309084484,2,1,1,0.02,0.08,0.03,0.15,0.9,0.1,-1.2,0.0,0,0,1,0,0.675,0.44
119,1,-1.0462095737457275,-0.4237440824508667,-0.4962247610092163,-6.24809062698725,4.099181778550412,0,0,0,0.02,0.08,0.03,0.15,0.9,0.1,-1.2,0.0,0,0,1,0,0.675,0.44
119,2,0.26438620686531067,-0.07911577820777893,-0.9204734563827515,2.9858192679853124,-1.098473494695709,2,1,1,0.02,0.08,0.03,0.15,0.9,0.1,-1.2,0.0,0,0,1,0,0.675,0.44
119,3,-1.216639518737793,0.04914034530520439,1.8642991781234741,-4.237455722330751,4.473757652127358,2,1,1,0.02,0.08,0.03,0.15,0.9,0.1,-1.2,0.0,0,0,1,0,0.675,0.44
119,4,-0.48312997817993164,-0.23174144327640533,1.5280085802078247,3.7802645122710303,3.450590414073127,2,1,1,0.02,0.08,0.03,0.15,0.9,0.1,-1.2,0.0,0,0,1,0,0.675,0.44
119,5,-0.2615659534931183,0.24817684292793274,0.7823277711868286,3.23196982958852,4.079745771645947,2,1,1,0.02,0.08,0.03,0.15,0.9,0.1,-1.2,0.0,0,0,1,0,0.675,0.44
119,6,0.7201098799705505,0.4223768711090088,2.8596975803375244,-6.28,2.8939702944602073,2,1,1,0.02,0.08,0.03,0.15,0.9,0.1,-1.2,0.0,0,0,1,0,0.675,0.44
119,7,-0.7948922514915466,0.3160245418548584,-1.2091212272644043,2.394633643925041,4.857169954729286,2,1,1,0.02,0.08,0.03,0.15,0.9,0.1,-1.2,0.0,0,0,1,0,0.675,0.44
120,0,0.23680619895458221,0.4074438810348511,0.4088195562362671,1.2174679445822674,2.9644054190730706,2,1,1,0.02,0.08,0.03,0.15,0.9,0.1,-1.2,0.0,0,0,1,0,0.675,0.44
120,1,-1.0496565103530884,-0.4222613573074341,-0.23373399674892426,-1.3198922725955975,4.970918412872566,0,0,0,0.02,0.08,0.03,0.15,0.9,0.1,-1.2,0.0,0,0,1,0,0.675,0.44
120,2,0.26591700315475464,-0.08132584393024445,-0.9968602061271667,3.7882201875283883,-2.8574869994164773,2,1,1,0.02,0.08,0.03,0.15,0.9,0.1,-1.2,0.0,0,0,1,0,0.675,0.44
120,3,-1.2188886404037476,0.05456330254673958,2.0503454208374023,-3.403202356515335,4.549664527384945,2,1,1,0.02,0.08,0.03,0.15,0.9,0.1,-1.2,0.0,0,0,1,0,0.675,0.44
120,4,-0.48280489444732666,-0.22445224225521088,1.5207164287567139,2.2883020420080302,4.090183674430687,2,1,1,0.02,0.08,0.03,0.15,0.9,0.1,-1.2,0.0,0,0,1,0,0.675,0.44
120,5,-0.25610634684562683,0.2535771131515503,0.7804387211799622,2.9237193080175845,4.15263814686906,2,1,1,0.02,0.08,0.03,0.15,0.9,0.1,-1.2,0.0,0,0,1,0,0.675,0.44
120,6,0.7217536568641663,0.42224523425102234,-3.0697338581085205,-1.0381220879083164,5.254860262380752,2,1,1,0.02,0.08,0.03,0.15,0.9,0.1,-1.2,0.0,0,0,1,0,0.675,0.44
120,7,-0.7922382950782776,0.30998826026916504,-1.1027013063430786,2.7760431408100477,5.300531982009859,2,1,1,0.02,0.08,0.03,0.15,0.9,0.1,-1.2,0.0,0,0,1,0,0.675,0.44
121,0,0.24090681970119476,0.4093356728553772,0.46272385120391846,1.2918991932807469,2.537097415072668,2,1,1,0.02,0.08,0.03,0.15,0.9,0.1,-1.2,0.0,0,0,1,0,0.675,0.44
121,1,-1.0469645261764526,-0.4227869510650635,-0.07881991565227509,-0.6194509296051695,5.282625796863704,0,0,0,0.02,0.08,0.03,0.15,0.9,0.1,-1.2,0.0,0,0,1,0,0.675,0.44
121,2,0.266948401927948,-0.08310189843177795,-1.1245828866958618,4.288017874930042,-4.024098906724309,2,1,1,0.02,0.08,0.03,0.15,0.9,0.1,-1.2,0.0,0,0,1,0,0.675,0.44
121,3,-1.219642162322998,0.05580511316657066,2.3302700519561768,-2.363056957767439,4.7989335223207705,2,1,1,0.02,0.08,0.03,0.15,0.9,0.1,-1.2,0.0,0,0,1,0,0.675,0.44
121,4,-0.48240604996681213,-0.2172204703092575,1.5094319581985474,2.1868985127210956,4.2417150664201335,2,1,1,0.02,0.08,0.03,0.15,0.9,0.1,-1.2,0.0,0,0,1,0,0.675,0.44
121,5,-0.2508995234966278,0.2588092088699341,0.8044224977493286,2.574744919077064,4.176366325857046,2,1,1,0.02,0.08,0.03,0.15,0.9,0.1,-1.2,0.0,0,0,1,0,0.675,0.44
121,6,0.7214222550392151,0.4220205545425415,-2.8492610454559326,-5.005953730807244,4.283119999190231,2,1,1,0.02,0.08,0.03,0.15,0.9,0.1,-1.2,0.0,0,0,1,0,0.675,0.44
121,7,-0.7887148261070251,0.30376940965652466,-1.0121049880981445,3.35815647487396,5.260164027968989,2,1,1,0.02,0.08,0.03,0.15,0.9,0.1,-1.2,0.0,0,0,1,0,0.675,0.44
122,0,0.24464051425457,0.4113296866416931,0.5230651497840881,1.2382804490053194,1.8424991271409885,2,1,1,0.02,0.08,0.03,0.15,0.9,0.1,-1.2,0.0,0,0,1,0,0.675,0.44
122,1,-1.043623685836792,-0.422705739736557,0.1514020562171936,1.0016752590032252,5.577067620765274,0,0,0,0.02,0.08,0.03,0.15,0.9,0.1,-1.2,0.0,0,0,1,0,0.675,0.44
122,2,0.2673623561859131,-0.08415467292070389,-1.3406695127487183,4.319303530244282,-4.105266563976551,2,1,1,0.02,0.08,0.03,0.15,0.9,0.1,-1.2,0.0,0,0,1,0,0.675,0.44
122,3,-1.2202950716018677,0.056227002292871475,2.622317314147949,-0.9191855612102412,4.993588025974543,2,1,1,0.02,0.08,0.03,0.15,0.9,0.1,-1.2,0.0,0,0,1,0,0.675,0.44
122,4,-0.4820892810821533,-0.2106797844171524,1.5577408075332642,1.9520201597135485,2.593513772987117,2,1,1,0.02,0.08,0.03,0.15,0.9,0.1,-1.2,0.0,0,0,1,0,0.675,0.44
122,5,-0.2460469901561737,0.26402655243873596,0.8450965881347656,2.8712407223340515,4.085898270302294,2,1,1,0.02,0.08,0.03,0.15,0.9,0.1,-1.2,0.0,0,0,1,0,0.675,0.44
122,6,0.7177299857139587,0.4205667972564697,-2.652886152267456,-4.53409217296901,4.445188071812938,2,1,1,0.02,0.08,0.03,0.15,0.9,0.1,-1.2,0.0,0,0,1,0,0.675,0.44
122,7,-0.7842307686805725,0.29725003242492676,-0.9239141345024109,1.96412595150715,4.492742880684456,2,1,1,0.02,0.08,0.03,0.15,0.9,0.1,-1.2,0.0,0,0,1,0,0.675,0.44
123,0,0.2479698807001114,0.413361132144928,0.5702856779098511,0.6680849906801253,1.5755797785898709,2,1,1,0.02,0.08,0.03,0.15,0.9,0.1,-1.2,0.0,0,0,1,0,0.675,0.44
123,1,-1.039297342300415,-0.4215701222419739,0.36638832092285156,0.5697820928668735,4.552926698449672,0,0,0,0.02,0.08,0.03,0.15,0.9,0.1,-1.2,0.0,0,0,1,0,0.675,0.44
123,2,0.26743465662002563,-0.08460528403520584,-1.6245639324188232,4.312328190731995,-4.059456823305775,2,1,1,0.02,0.08,0.03,0.15,0.9,0.1,-1.2,0.0,0,0,1,0,0.675,0.44
123,3,-1.2219034433364868,0.05683707818388939,2.895944356918335,0.504364109347541,4.959705258079182,2,1,1,0.02,0.08,0.03,0.15,0.9,0.1,-1.2,0.0,0,0,1,0,0.675,0.44
123,4,-0.4822086691856384,-0.20425759255886078,1.6283466815948486,3.4911087738007605,1.50159969557378,2,1,1,0.02,0.08,0.03,0.15,0.9,0.1,-1.2,0.0,0,0,1,0,0.675,0.44
123,5,-0.24164366722106934,0.2692332863807678,0.8988701701164246,3.4413064015169677,3.8441281364068423,2,1,1,0.02,0.08,0.03,0.15,0.9,0.1,-1.2,0.0,0,0,1,0,0.675,0.44
123,6,0.7173401713371277,0.4203915297985077,-2.336603879928589,-1.9109078731695335,5.291331023895585,2,1,1,0.02,0.08,0.03,0.15,0.9,0.1,-1.2,0.0,0,0,1,0,0.675,0.44
123,7,-0.7788463234901428,0.290658563375473,-0.8527923226356506,1.77847104582118,4.380131600197702,2,1,1,0.02,0.08,0.03,0.15,0.9,0.1,-1.2,0.0,0,0,1,0,0.675,0.44
124,0,0.2506599426269531,0.4151471257209778,0.5959177613258362,1.0081773936987777,0.3438925888890461,2,1,1,0.02,0.08,0.03,0.15,0.9,0.1,-1.2,0.0,0,0,1,0,0.675,0.44
124,1,-1.0339497327804565,-0.418941468000412,0.5476700663566589,2.465537430481927,0.5648345689790168,0,0,0,0.02,0.08,0.03,0.15,0.9,0.1,-1.2,0.0,0,0,1,0,0.675,0.44
124,2,0.2673240005970001,-0.08518943935632706,-1.9650031328201294,3.7836905926238407,-2.723862631456866,2,1,1,0.02,0.08,0.03,0.15,0.9,0.1,-1.2,0.0,0,0,1,0,0.675,0.44
124,3,-1.2251461744308472,0.05721044912934303,3.129150629043579,1.238335670600444,4.902876429649548,2,1,1,0.02,0.08,0.03,0.15,0.9,0.1,-1.2,0.0,0,0,1,0,0.675,0.44
124,4,-0.4826011061668396,-0.19933782517910004,1.6612340211868286,3.4451316685014985,1.3381634927948942,2,1,1,0.02,0.08,0.03,0.15,0.9,0.1,-1.2,0.0,0,0,1,0,0.675,0.44
124,5,-0.23746700584888458,0.2747475206851959,0.9443119764328003,3.7581693543480954,3.4443468691909644,2,1,1,0.02,0.08,0.03,0.15,0.9,0.1,-1.2,0.0,0,0,1,0,0.675,0.44
124,6,0.7174727916717529,0.42068013548851013,-1.981590747833252,1.6343263038702278,6.28,2,1,1,0.02,0.08,0.03,0.15,0.9,0.1,-1.2,0.0,0,0,1,0,0.675,0.44
124,7,-0.7740896344184875,0.28560885787010193,-0.7670285105705261,2.2518251505899642,3.7296881221351716,2,1,1,0.02,0.08,0.03,0.15,0.9,0.1,-1.2,0.0,0,0,1,0,0.675,0.44
125,0,0.2526361644268036,0.4165266752243042,0.6255629062652588,3.291201452271042,-2.57585391584608,2,1,1,0.02,0.08,0.03,0.15,0.9,0.1,-1.2,0.0,0,0,1,0,0.675,0.44
125,1,-1.0294829607009888,-0.41578659415245056,0.695966362953186,4.296047803589147,-3.549406169733188,0,0,0,0.02,0.08,0.03,0.15,0.9,0.1,-1.2,0.0,0,0,1,0,0.675,0.44
125,2,0.2671909034252167,-0.08539588749408722,-2.32293963432312,3.445709944310797,-1.545338167609525,2,1,1,0.02,0.08,0.03,0.15,0.9,0.1,-1.2,0.0,0,0,1,0,0.675,0.44
125,3,-1.2303457260131836,0.056771595031023026,-2.9748241901397705,1.7562117118371154,4.412848156054203,2,1,1,0.02,0.08,0.03,0.15,0.9,0.1,-1.2,0.0,0,0,1,0,0.675,0.44
125,4,-0.48298293352127075,-0.19445255398750305,1.6095976829528809,3.487767998784224,1.1938994015596414,2,1,1,0.02,0.08,0.03,0.15,0.9,0.1,-1.2,0.0,0,0,1,0,0.675,0.44
125,5,-0.233315572142601,0.2806514501571655,0.964138388633728,4.605983810784337,-3.0925558891136227,2,1,1,0.02,0.08,0.03,0.15,0.9,0.1,-1.2,0.0,0,0,1,0,0.675,0.44
125,6,0.7168661952018738,0.4183078110218048,-1.672465205192566,1.5545669154076087,6.28,2,1,1,0.02,0.08,0.03,0.15,0.9,0.1,-1.2,0.0,0,0,1,0,0.675,0.44
125,7,-0.7694262862205505,0.28148913383483887,-0.6763663291931152,1.8780148867895523,3.572830074499339,2,1,1,0.02,0.08,0.03,0.15,0.9,0.1,-1.2,0.0,0,0,1,0,0.675,0.44
126,0,0.253872275352478,0.4174271821975708,0.6132329702377319,4.139503946647048,-3.894840904309156,2,1,1,0.02,0.08,0.03,0.15,0.9,0.1,-1.2,0.0,0,0,1,0,0.675,0.44
126,1,-1.0269051790237427,-0.413548082113266,0.6687519550323486,4.468344139268076,-4.5248405705611106,0,0,0,0.02,0.08,0.03,0.15,0.9,0.1,-1.2,0.0,0,0,1,0,0.675,0.44
126,2,0.26658856868743896,-0.08583218604326248,-2.607278347015381,3.8435624535735844,-1.6051668122859346,2,1,1,0.02,0.08,0.03,0.15,0.9,0.1,-1.2,0.0,0,0,1,0,0.675,0.44
126,3,-1.2365094423294067,0.05526750534772873,-2.8279521465301514,1.7603518876269535,3.8231851077695387,2,1,1,0.02,0.08,0.03,0.15,0.9,0.1,-1.2,0.0,0,0,1,0,0.675,0.44
126,4,-0.48300790786743164,-0.18962326645851135,1.5361500978469849,3.914570244809877,0.7075067881226391,2,1,1,0.02,0.08,0.03,0.15,0.9,0.1,-1.2,0.0,0,0,1,0,0.675,0.44
126,5,-0.22920607030391693,0.2865837514400482,0.9579404592514038,4.575044074560698,-3.393955310354052,2,1,1,0.02,0.08,0.03,0.15,0.9,0.1,-1.2,0.0,0,0,1,0,0.675,0.44
126,6,0.7169281244277954,0.41183650493621826,-1.490001916885376,-4.822192629390457,4.641972855414084,2,1,1,0.02,0.08,0.03,0.15,0.9,0.1,-1.2,0.0,0,0,1,0,0.675,0.44
126,7,-0.7646061182022095,0.2778852880001068,-0.6167352795600891,1.405324864324206,3.241255579907006,2,1,1,0.02,0.08,0.03,0.15,0.9,0.1,-1.2,0.0,0,0,1,0,0.675,0.44
127,0,0.25458064675331116,0.4178836941719055,0.4433576166629791,4.049926597940267,-3.003347247885275,2,1,1,0.02,0.08,0.03,0.15,0.9,0.1,-1.2,0.0,0,0,1,0,0.675,0.44
127,1,-1.0259430408477783,-0.4128439128398895,0.43298837542533875,4.4988372477660805,-3.9162689261822763,0,0,0,0.02,0.08,0.03,0.15,0.9,0.1,-1.2,0.0,0,0,1,0,0.675,0.44
127,2,0.2648915648460388,-0.08659178018569946,-2.823544979095459,3.7849009165903293,-1.0218359963872454,2,1,1,0.02,0.08,0.03,0.15,0.9,0.1,-1.2,0.0,0,0,1,0,0.675,0.44
127,3,-1.242500901222229,0.052954092621803284,-2.718721628189087,0.8927446366719605,3.6851920007945447,2,1,1,0.02,0.08,0.03,0.15,0.9,0.1,-1.2,0.0,0,0,1,0,0.675,0.44
127,4,-0.4826725423336029,-0.1849307417869568,1.4566879272460938,3.4785631322636346,0.8538014607530838,2,1,1,0.02,0.08,0.03,0.15,0.9,0.1,-1.2,0.0,0,0,1,0,0.675,0.44
127,5,-0.22761951386928558,0.28871697187423706,0.738340437412262,4.720209088733962,-1.8652687084340438,2,1,1,0.02,0.08,0.03,0.15,0.9,0.1,-1.2,0.0,0,0,1,0,0.675,0.44
127,6,0.7180380821228027,0.40443119406700134,-1.3388912677764893,-6.28,5.086136855467951,2,1,1,0.02,0.08,0.03,0.15,0.9,0.1,-1.2,0.0,0,0,1,0,0.675,0.44
127,7,-0.7599884867668152,0.2747989296913147,-0.558927595615387,1.5654744931662499,2.4315847508607686,2,1,1,0.02,0.08,0.03,0.15,0.9,0.1,-1.2,0.0,0,0,1,0,0.675,0.44
128,0,0.2548994719982147,0.41800495982170105,0.17459896206855774,3.7472440515494503,-1.8057114126941025,2,1,1,0.02,0.08,0.03,0.15,0.9,0.1,-1.2,0.0,0,0,1,0,0.675,0.44
128,1,-1.02585768699646,-0.41277605295181274,0.12202522158622742,4.623637214747458,-1.9692728076908839,0,0,0,0.02,0.08,0.03,0.15,0.9,0.1,-1.2,0.0,0,0,1,0,0.675,0.44
128,2,0.2627299427986145,-0.08709364384412766,-3.011850357055664,3.7154079769806168,-0.5342768380361403,2,1,1,0.02,0.08,0.03,0.15,0.9,0.1,-1.2,0.0,0,0,1,0,0.675,0.44
128,3,-1.24777090549469,0.05031561851501465,-2.6353261470794678,0.5509822332693419,3.196631714750709,2,1,1,0.02,0.08,0.03,0.15,0.9,0.1,-1.2,0.0,0,0,1,0,0.675,0.44
128,4,-0.48192813992500305,-0.18035846948623657,1.35004723072052,3.708616993587936,0.40647619214463393,2,1,1,0.02,0.08,0.03,0.15,0.9,0.1,-1.2,0.0,0,0,1,0,0.675,0.44
128,5,-0.22657790780067444,0.2894594371318817,0.4575454890727997,4.866939971243767,0.01945527846487216,2,1,1,0.02,0.08,0.03,0.15,0.9,0.1,-1.2,0.0,0,0,1,0,0.675,0.44
128,6,0.7182865142822266,0.40336981415748596,-1.0146373510360718,-4.857596370399842,4.51712520520614,2,1,1,0.02,0.08,0.03,0.15,0.9,0.1,-1.2,0.0,0,0,1,0,0.675,0.44
128,7,-0.7558412551879883,0.2723703980445862,-0.4955737888813019,1.0819765488220108,2.0011639895488744,2,1,1,0.02,0.08,0.03,0.15,0.9,0.1,-1.2,0.0,0,0,1,0,0.675,0.44
129,0,0.2554419934749603,0.41801145672798157,-0.09373919665813446,3.267312949663431,-0.6153694956058078,2,1,1,0.02,0.08,0.03,0.15,0.9,0.1,-1.2,0.0,0,0,1,0,0.675,0.44
129,1,-1.0256675481796265,-0.41282156109809875,-0.22132638096809387,4.773967621895954,-0.11528602141280368,0,0,0,0.02,0.08,0.03,0.15,0.9,0.1,-1.2,0.0,0,0,1,0,0.675,0.44
129,2,0.26009437441825867,-0.08719959855079651,3.098170042037964,3.895268898936295,-0.5366918958956631,2,1,1,0.02,0.08,0.03,0.15,0.9,0.1,-1.2,0.0,0,0,1,0,0.675,0.44
129,3,-1.2520534992218018,0.047689758241176605,-2.5338966846466064,0.2910556153383363,2.734893327192285,2,1,1,0.02,0.08,0.03,0.15,0.9,0.1,-1.2,0.0,0,0,1,0,0.675,0.44
129,4,-0.48075956106185913,-0.17612402141094208,1.2535395622253418,4.020621819642532,-0.2225538243484367,2,1,1,0.02,0.08,0.03,0.15,0.9,0.1,-1.2,0.0,0,0,1,0,0.675,0.44
129,5,-0.224491149187088,0.29018571972846985,0.20347192883491516,4.91783983784618,1.4330159327731409,2,1,1,0.02,0.08,0.03,0.15,0.9,0.1,-1.2,0.0,0,0,1,0,0.675,0.44
129,6,0.7175142765045166,0.4042835235595703,-0.6005924344062805,-2.714522886820203,4.499526543729174,2,1,1,0.02,0.08,0.03,0.15,0.9,0.1,-1.2,0.0,0,0,1,0,0.675,0.44
129,7,-0.7521697878837585,0.2704905569553375,-0.458436518907547,1.5471642012265165,1.0690065406246914,2,1,1,0.02,0.08,0.03,0.15,0.9,0.1,-1.2,0.0,0,0,1,0,0.675,0.44
130,0,0.25687435269355774,0.41766345500946045,-0.30944129824638367,3.1505801856736118,0.8301757653548401,2,1,1,0.02,0.08,0.03,0.15,0.9,0.1,-1.2,0.0,0,0,1,0,0.675,0.44
130,1,-1.0239428281784058,-0.41366276144981384,-0.5000081658363342,4.846256111381253,0.48579987369156663,0,0,0,0.02,0.08,0.03,0.15,0.9,0.1,-1.2,0.0,0,0,1,0,0.675,0.44
130,2,0.25704509019851685,-0.08682087063789368,2.9447174072265625,3.4259195292784206,0.43065073137173343,2,1,1,0.02,0.08,0.03,0.15,0.9,0.1,-1.2,0.0,0,0,1,0,0.675,0.44
130,3,-1.2553495168685913,0.04514665529131889,-2.43147349357605,-0.8964912112015851,3.242204025013673,2,1,1,0.02,0.08,0.03,0.15,0.9,0.1,-1.2,0.0,0,0,1,0,0.675,0.44
130,4,-0.4792618155479431,-0.17224223911762238,1.1422418355941772,4.083955105411216,-0.42526420046514884,2,1,1,0.02,0.08,0.03,0.15,0.9,0.1,-1.2,0.0,0,0,1,0,0.675,0.44
130,5,-0.2202043980360031,0.2906472980976105,0.015203670598566532,4.517577544291633,2.164555914545056,2,1,1,0.02,0.08,0.03,0.15,0.9,0.1,-1.2,0.0,0,0,1,0,0.675,0.44
130,6,0.7183650135993958,0.403929203748703,-0.3308512270450592,-1.3803365330002721,4.680695380358885,2,1,1,0.02,0.08,0.03,0.15,0.9,0.1,-1.2,0.0,0,0,1,0,0.675,0.44
130,7,-0.7492207288742065,0.269091933965683,-0.4266335368156433,0.7498777879636175,1.3156273044576485,2,1,1,0.02,0.08,0.03,0.15,0.9,0.1,-1.2,0.0,0,0,1,0,0.675,0.44
131,0,0.2591148018836975,0.4167255163192749,-0.4592828154563904,1.961891021071884,2.104049903429644,2,1,1,0.02,0.08,0.03,0.15,0.9,0.1,-1.2,0.0,0,0,1,0,0.675,0.44
131,1,-1.0203852653503418,-0.41606006026268005,-0.7146369218826294,3.8365335619262537,1.1223763418333532,0,0,0,0.02,0.08,0.03,0.15,0.9,0.1,-1.2,0.0,0,0,1,0,0.675,0.44
131,2,0.25385528802871704,-0.0859236866235733,2.790234327316284,3.5799699808875,0.39788411890760156,2,1,1,0.02,0.08,0.03,0.15,0.9,0.1,-1.2,0.0,0,0,1,0,0.675,0.44
131,3,-1.2578223943710327,0.042809341102838516,-2.336331605911255,-1.633751750984408,3.5480668065607324,2,1,1,0.02,0.08,0.03,0.15,0.9,0.1,-1.2,0.0,0,0,1,0,0.675,0.44
131,4,-0.47743239998817444,-0.16883593797683716,0.999580979347229,3.787224456463176,0.0757879994558952,2,1,1,0.02,0.08,0.03,0.15,0.9,0.1,-1.2,0.0,0,0,1,0,0.675,0.44
131,5,-0.21424108743667603,0.29030221700668335,-0.1187489852309227,4.7845581916129465,2.312160353064863,2,1,1,0.02,0.08,0.03,0.15,0.9,0.1,-1.2,0.0,0,0,1,0,0.675,0.44
131,6,0.7201158404350281,0.4036521315574646,-0.03510658070445061,0.20950811791486423,4.4566674200352105,2,1,1,0.02,0.08,0.03,0.15,0.9,0.1,-1.2,0.0,0,0,1,0,0.675,0.44
131,7,-0.7467507123947144,0.2679814100265503,-0.4336985647678375,1.3047030084622595,0.7359047689411847,2,1,1,0.02,0.08,0.03,0.15,0.9,0.1,-1.2,0.0,0,0,1,0,0.675,0.44
132,0,0.26230868697166443,0.41492170095443726,-0.5523035526275635,0.7767994697590946,3.1090810821113286,2,1,1,0.02,0.08,0.03,0.15,0.9,0.1,-1.2,0.0,0,0,1,0,0.675,0.44
132,1,-1.0167899131774902,-0.4196259677410126,-0.8776472806930542,-0.5315030182550491,1.5856570919356607,0,0,0,0.02,0.08,0.03,0.15,0.9,0.1,-1.2,0.0,0,0,1,0,0.675,0.44
132,2,0.25045347213745117,-0.08441691845655441,2.6740033626556396,2.766736029674161,-1.072068879967291,2,1,1,0.02,0.08,0.03,0.15,0.9,0.1,-1.2,0.0,0,0,1,0,0.675,0.44
132,3,-1.2594726085662842,0.040893614292144775,-2.2014920711517334,-1.707564420958038,3.572698089721573,2,1,1,0.02,0.08,0.03,0.15,0.9,0.1,-1.2,0.0,0,0,1,0,0.675,0.44
132,4,-0.4752097725868225,-0.16589021682739258,0.8427712917327881,3.9556042789604327,-0.058078556655636465,2,1,1,0.02,0.08,0.03,0.15,0.9,0.1,-1.2,0.0,0,0,1,0,0.675,0.44
132,5,-0.20777027308940887,0.2892081141471863,-0.20994125306606293,2.862915001550732,1.4201358310308356,2,1,1,0.02,0.08,0.03,0.15,0.9,0.1,-1.2,0.0,0,0,1,0,0.675,0.44
132,6,0.7228529453277588,0.40392428636550903,0.21454963088035583,1.6292870489909568,4.464445358199584,2,1,1,0.02,0.08,0.03,0.15,0.9,0.1,-1.2,0.0,0,0,1,0,0.675,0.44
132,7,-0.7447746992111206,0.2670716643333435,-0.4212203025817871,1.7943998006093342,0.22257371115575256,2,1,1,0.02,0.08,0.03,0.15,0.9,0.1,-1.2,0.0,0,0,1,0,0.675,0.44
133,0,0.26571619510650635,0.41274493932724,-0.5637851357460022,-0.14474320357989734,3.7694981361505757,2,1,1,0.02,0.08,0.03,0.15,0.9,0.1,-1.2,0.0,0,0,1,0,0.675,0.44
133,1,-1.0137907266616821,-0.42367398738861084,-0.9859800338745117,-6.28,3.3297343823080423,0,0,0,0.02,0.08,0.03,0.15,0.9,0.1,-1.2,0.0,0,0,1,0,0.675,0.44
133,2,0.24702750146389008,-0.08244392275810242,2.5638439655303955,1.6477031673472426,-0.10888473650979887,2,1,1,0.02,0.08,0.03,0.15,0.9,0.1,-1.2,0.0,0,0,1,0,0.675,0.44
133,3,-1.260533094406128,0.039190396666526794,-2.0267159938812256,-1.4336208474703838,3.44060437710008,2,1,1,0.02,0.08,0.03,0.15,0.9,0.1,-1.2,0.0,0,0,1,0,0.675,0.44
133,4,-0.472469687461853,-0.16322457790374756,0.7068285942077637,3.080368592702752,-0.9781367535773868,2,1,1,0.02,0.08,0.03,0.15,0.9,0.1,-1.2,0.0,0,0,1,0,0.675,0.44
133,5,-0.20098543167114258,0.28747323155403137,-0.2954956889152527,2.145665910268266,1.3147463819630019,2,1,1,0.02,0.08,0.03,0.15,0.9,0.1,-1.2,0.0,0,0,1,0,0.675,0.44
133,6,0.7268965840339661,0.40521177649497986,0.383236825466156,2.2042787273037328,4.50328259030832,2,1,1,0.02,0.08,0.03,0.15,0.9,0.1,-1.2,0.0,0,0,1,0,0.675,0.44
133,7,-0.7429085969924927,0.2662338614463806,-0.4332340359687805,2.4846932347582524,-0.4964951936803439,2,1,1,0.02,0.08,0.03,0.15,0.9,0.1,-1.2,0.0,0,0,1,0,0.675,0.44
134,0,0.2690715491771698,0.4107196629047394,-0.4967605471611023,-0.029064027346139068,3.8630512493615807,2,1,1,0.02,0.08,0.03,0.15,0.9,0.1,-1.2,0.0,0,0,1,0,0.675,0.44
134,1,-1.0128105878829956,-0.42519667744636536,-0.944257378578186,-6.28,2.2119044912234016,0,0,0,0.02,0.08,0.03,0.15,0.9,0.1,-1.2,0.0,0,0,1,0,0.675,0.44
134,2,0.2452928125858307,-0.0811733603477478,2.4338338375091553,2.6594148949716336,-1.332452353850904,2,1,1,0.02,0.08,0.03,0.15,0.9,0.1,-1.2,0.0,0,0,1,0,0.675,0.44
134,3,-1.2612131834030151,0.037437114864587784,-1.841740608215332,-1.0758116543461962,3.0840914096949446,2,1,1,0.02,0.08,0.03,0.15,0.9,0.1,-1.2,0.0,0,0,1,0,0.675,0.44
134,4,-0.4693443477153778,-0.1609071046113968,0.5681448578834534,3.5261747801773815,-1.4520976875329494,2,1,1,0.02,0.08,0.03,0.15,0.9,0.1,-1.2,0.0,0,0,1,0,0.675,0.44
134,5,-0.19637838006019592,0.2859131395816803,-0.35396596789360046,-5.813016619839022,4.34750772629515,2,1,1,0.02,0.08,0.03,0.15,0.9,0.1,-1.2,0.0,0,0,1,0,0.675,0.44
134,6,0.7320678234100342,0.4076717495918274,0.4939991235733032,2.5771528883100463,3.5895769994420728,2,1,1,0.02,0.08,0.03,0.15,0.9,0.1,-1.2,0.0,0,0,1,0,0.675,0.44
134,7,-0.7410887479782104,0.2653513252735138,-0.48141831159591675,3.229370956063112,-1.4572044069676555,2,1,1,0.02,0.08,0.03,0.15,0.9,0.1,-1.2,0.0,0,0,1,0,0.675,0.44
135,0,0.2723935544490814,0.409130722284317,-0.37006619572639465,-0.39476372949090005,4.237723220448844,2,1,1,0.02,0.08,0.03,0.15,0.9,0.1,-1.2,0.0,0,0,1,0,0.675,0.44
135,1,-1.0143425464630127,-0.4236200749874115,-0.6564533114433289,-6.28,3.8383593800145417,0,0,0,0.02,0.08,0.03,0.15,0.9,0.1,-1.2,0.0,0,0,1,0,0.675,0.44
135,2,0.24416005611419678,-0.08009250462055206,2.3577637672424316,2.455802234644191,-1.1871653875600292,2,1,1,0.02,0.08,0.03,0.15,0.9,0.1,-1.2,0.0,0,0,1,0,0.675,0.44
135,3,-1.2615708112716675,0.03548765182495117,-1.6677494049072266,-1.2325867264832024,3.305319299336931,2,1,1,0.02,0.08,0.03,0.15,0.9,0.1,-1.2,0.0,0,0,1,0,0.675,0.44
135,4,-0.4671909809112549,-0.15971727669239044,0.4262062907218933,2.8536121302573814,-0.4393137650925607,2,1,1,0.02,0.08,0.03,0.15,0.9,0.1,-1.2,0.0,0,0,1,0,0.675,0.44
135,5,-0.19301140308380127,0.284588485956192,-0.3870774209499359,-6.28,4.183845915987268,2,1,1,0.02,0.08,0.03,0.15,0.9,0.1,-1.2,0.0,0,0,1,0,0.675,0.44
135,6,0.7377157211303711,0.4110296368598938,0.577867329120636,2.6693245864416517,2.6353121422914034,2,1,1,0.02,0.08,0.03,0.15,0.9,0.1,-1.2,0.0,0,0,1,0,0.675,0.44
135,7,-0.7393564581871033,0.2643550932407379,-0.5763530135154724,2.556878040064058,-0.46809652430911863,2,1,1,0.02,0.08,0.03,0.15,0.9,0.1,-1.2,0.0,0,0,1,0,0.675,0.44
136,0,0.2760207951068878,0.40798911452293396,-0.23290680348873138,0.021971367331421673,4.142619388090285,2,1,1,0.02,0.08,0.03,0.15,0.9,0.1,-1.2,0.0,0,0,1,0,0.675,0.44
136,1,-1.0173430442810059,-0.42210063338279724,-0.3069605827331543,-1.9962877756427369,4.657196337147755,0,0,0,0.02,0.08,0.03,0.15,0.9,0.1,-1.2,0.0,0,0,1,0,0.675,0.44
136,2,0.2432391345500946,-0.07908054441213608,2.233304500579834,2.9976011081687215,-1.7262050278371417,2,1,1,0.02,0.08,0.03,0.15,0.9,0.1,-1.2,0.0,0,0,1,0,0.675,0.44
136,3,-1.2616069316864014,0.033476706594228745,-1.516985535621643,-1.4236358602693338,3.5024554642634222,2,1,1,0.02,0.08,0.03,0.15,0.9,0.1,-1.2,0.0,0,0,1,0,0.675,0.44
136,4,-0.46523523330688477,-0.15901201963424683,0.25787830352783203,2.767223596197492,0.11522691256618446,2,1,1,0.02,0.08,0.03,0.15,0.9,0.1,-1.2,0.0,0,0,1,0,0.675,0.44
136,5,-0.19353044033050537,0.28463491797447205,-0.10499335825443268,-5.086189800425722,4.346887671872332,2,1,1,0.02,0.08,0.03,0.15,0.9,0.1,-1.2,0.0,0,0,1,0,0.675,0.44
136,6,0.7428683042526245,0.41458770632743835,0.6221005916595459,2.7910014699313286,1.27638898794828,2,1,1,0.02,0.08,0.03,0.15,0.9,0.1,-1.2,0.0,0,0,1,0,0.675,0.44
136,7,-0.7378931641578674,0.2632623314857483,-0.7294160723686218,3.3568981442612054,-1.2981265446326657,2,1,1,0.02,0.08,0.03,0.15,0.9,0.1,-1.2,0.0,0,0,1,0,0.675,0.44
137,0,0.27982550859451294,0.40738749504089355,-0.07518544048070908,0.6597897399521484,3.87970180993984,2,1,1,0.02,0.08,0.03,0.15,0.9,0.1,-1.2,0.0,0,0,1,0,0.675,0.44
137,1,-1.0173766613006592,-0.4219694137573242,-0.021837662905454636,0.4822784515421459,5.112903215663416,0,0,0,0.02,0.08,0.03,0.15,0.9,0.1,-1.2,0.0,0,0,1,0,0.675,0.44
137,2,0.24251793324947357,-0.07802263647317886,2.1027956008911133,3.5945375919101616,-2.445915741661522,2,1,1,0.02,0.08,0.03,0.15,0.9,0.1,-1.2,0.0,0,0,1,0,0.675,0.44
137,3,-1.26134192943573,0.031452205032110214,-1.359728455543518,-1.1322391314710647,3.389644472981846,2,1,1,0.02,0.08,0.03,0.15,0.9,0.1,-1.2,0.0,0,0,1,0,0.675,0.44
137,4,-0.4629902243614197,-0.15859784185886383,0.12848356366157532,2.6088253707864086,0.6946427320707653,2,1,1,0.02,0.08,0.03,0.15,0.9,0.1,-1.2,0.0,0,0,1,0,0.675,0.44
137,5,-0.19473716616630554,0.28451207280158997,0.2940109372138977,-2.5522771302375133,4.888267454853945,2,1,1,0.02,0.08,0.03,0.15,0.9,0.1,-1.2,0.0,0,0,1,0,0.675,0.44
137,6,0.7472857236862183,0.4178112745285034,0.6277374029159546,4.087941452921964,-2.4354064258825225,2,1,1,0.02,0.08,0.03,0.15,0.9,0.1,-1.2,0.0,0,0,1,0,0.675,0.44
137,7,-0.7364616394042969,0.2618171274662018,-0.8475564122200012,3.566855741536089,-1.4289756558578306,2,1,1,0.02,0.08,0.03,0.15,0.9,0.1,-1.2,0.0,0,0,1,0,0.675,0.44
138,0,0.2839348316192627,0.40739548206329346,0.07325710356235504,1.6056260762857093,3.4482206890409803,2,1,1,0.02,0.08,0.03,0.15,0.9,0.1,-1.2,0.0,0,0,1,0,0.675,0.44
138,1,-1.014620065689087,-0.42184752225875854,0.2088421881198883,1.9140177563923266,5.239312068590861,0,0,0,0.02,0.08,0.03,0.15,0.9,0.1,-1.2,0.0,0,0,1,0,0.675,0.44
138,2,0.24195879697799683,-0.07687985152006149,1.944272518157959,4.023364470814434,-3.0887938144263827,2,1,1,0.02,0.08,0.03,0.15,0.9,0.1,-1.2,0.0,0,0,1,0,0.675,0.44
138,3,-1.2607439756393433,0.02947704680263996,-1.188699722290039,-0.8223016033878948,3.5886434051463323,2,1,1,0.02,0.08,0.03,0.15,0.9,0.1,-1.2,0.0,0,0,1,0,0.675,0.44
138,4,-0.4602271020412445,-0.15839390456676483,0.030732421204447746,2.319682444322153,1.3360900587756217,2,1,1,0.02,0.08,0.03,0.15,0.9,0.1,-1.2,0.0,0,0,1,0,0.675,0.44
138,5,-0.19267570972442627,0.2854679822921753,0.5412952303886414,-0.8716754359019807,5.2493618186382385,2,1,1,0.02,0.08,0.03,0.15,0.9,0.1,-1.2,0.0,0,0,1,0,0.675,0.44
138,6,0.750805139541626,0.42030373215675354,0.5845382809638977,4.472340133196354,-4.754785955199869,2,1,1,0.02,0.08,0.03,0.15,0.9,0.1,-1.2,0.0,0,0,1,0,0.675,0.44
138,7,-0.7351930737495422,0.2601797878742218,-0.9997809529304504,3.7488071427169243,-1.409148553213781,2,1,1,0.02,0.08,0.03,0.15,0.9,0.1,-1.2,0.0,0,0,1,0,0.675,0.44
139,0,0.2883477807044983,0.40800800919532776,0.19285333156585693,1.959839628486125,2.998450476829102,2,1,1,0.02,0.08,0.03,0.15,0.9,0.1,-1.2,0.0,0,0,1,0,0.675,0.44
139,1,-1.0099786520004272,-0.42033258080482483,0.39277735352516174,3.2148867512808286,3.933897212434493,0,0,0,0.02,0.08,0.03,0.15,0.9,0.1,-1.2,0.0,0,0,1,0,0.675,0.44
139,2,0.2416292130947113,-0.07574599236249924,1.7408127784729004,4.1712711993126455,-3.164606303315845,2,1,1,0.02,0.08,0.03,0.15,0.9,0.1,-1.2,0.0,0,0,1,0,0.675,0.44
139,3,-1.2597497701644897,0.027496468275785446,-1.0266517400741577,-0.2629619943383791,3.360277596019262,2,1,1,0.02,0.08,0.03,0.15,0.9,0.1,-1.2,0.0,0,0,1,0,0.675,0.44
139,4,-0.45701101422309875,-0.158424973487854,-0.041476212441921234,2.0279524700373757,1.7990854309885438,2,1,1,0.02,0.08,0.03,0.15,0.9,0.1,-1.2,0.0,0,0,1,0,0.675,0.44
139,5,-0.19106897711753845,0.2867194712162018,0.8393650650978088,0.34918952111710444,5.5099529909659495,2,1,1,0.02,0.08,0.03,0.15,0.9,0.1,-1.2,0.0,0,0,1,0,0.675,0.44
139,6,0.7526530623435974,0.4213930070400238,0.3899022936820984,4.508686974504009,-4.036629757296498,2,1,1,0.02,0.08,0.03,0.15,0.9,0.1,-1.2,0.0,0,0,1,0,0.675,0.44
139,7,-0.7341856956481934,0.2583017647266388,-1.1731780767440796,3.937738110483889,-1.4311565022600783,2,1,1,0.02,0.08,0.03,0.15,0.9,0.1,-1.2,0.0,0,0,1,0,0.675,0.44
140,0,0.29315632581710815,0.4091654121875763,0.2668982446193695,2.184691555815051,2.1843752578513125,2,1,1,0.02,0.08,0.03,0.15,0.9,0.1,-1.2,0.0,0,0,1,0,0.675,0.44
140,1,-1.0039538145065308,-0.4173431396484375,0.5218986868858337,4.365956914740983,1.3289949360821796,0,0,0,0.02,0.08,0.03,0.15,0.9,0.1,-1.2,0.0,0,0,1,0,0.675,0.44
140,2,0.24154958128929138,-0.0747515857219696,1.4972096681594849,4.310538812276857,-3.365227240054451,2,1,1,0.02,0.08,0.03,0.15,0.9,0.1,-1.2,0.0,0,0,1,0,0.675,0.44
140,3,-1.2581870555877686,0.025337958708405495,-0.8708313703536987,-0.10311929992915247,3.6695489595740067,2,1,1,0.02,0.08,0.03,0.15,0.9,0.1,-1.2,0.0,0,0,1,0,0.675,0.44
140,4,-0.453437477350235,-0.15866373479366302,-0.082309290766716,1.5588585504947345,2.238502001774734,2,1,1,0.02,0.08,0.03,0.15,0.9,0.1,-1.2,0.0,0,0,1,0,0.675,0.44
140,5,-0.18883010745048523,0.29003089666366577,1.1090070009231567,-2.3407653158358204,3.1863906567743885,2,1,1,0.02,0.08,0.03,0.15,0.9,0.1,-1.2,0.0,0,0,1,0,0.675,0.44
140,6,0.7527421116828918,0.4215025305747986,0.08223436772823334,4.994876955907566,-2.2379062948223782,2,1,1,0.02,0.08,0.03,0.15,0.9,0.1,-1.2,0.0,0,0,1,0,0.675,0.44
140,7,-0.7334770560264587,0.25610587000846863,-1.3534221649169922,3.5949431276013786,-0.577895754568324,2,1,1,0.02,0.08,0.03,0.15,0.9,0.1,-1.2,0.0,0,0,1,0,0.675,0.44
141,0,0.2979164123535156,0.4105931222438812,0.30872347950935364,1.8526880009697864,1.8729255437384649,2,1,1,0.02,0.08,0.03,0.15,0.9,0.1,-1.2,0.0,0,0,1,0,0.675,0.44
141,1,-0.9978846311569214,-0.4135976731777191,0.5654087662696838,4.833853555381625,-0.7633691413523505,0,0,0,0.02,0.08,0.03,0.15,0.9,0.1,-1.2,0.0,0,0,1,0,0.675,0.44
141,2,0.24181240797042847,-0.0733972042798996,1.2267855405807495,4.263917642999833,-2.935713960314714,2,1,1,0.02,0.08,0.03,0.15,0.9,0.1,-1.2,0.0,0,0,1,0,0.675,0.44
141,3,-1.2560858726501465,0.023183809593319893,-0.7373855710029602,0.2989161737559405,3.2329692495072213,2,1,1,0.02,0.08,0.03,0.15,0.9,0.1,-1.2,0.0,0,0,1,0,0.675,0.44
141,4,-0.4496646523475647,-0.15901565551757812,-0.09551021456718445,1.7711094055960737,2.388846254628604,2,1,1,0.02,0.08,0.03,0.15,0.9,0.1,-1.2,0.0,0,0,1,0,0.675,0.44
141,5,-0.1869262456893921,0.2951123118400574,1.3275200128555298,-3.5004526439243664,3.9256352546745643,2,1,1,0.02,0.08,0.03,0.15,0.9,0.1,-1.2,0.0,0,0,1,0,0.675,0.44
141,6,0.7526192665100098,0.42144936323165894,-0.2490871399641037,5.434388512495594,-1.2701527812207722,2,1,1,0.02,0.08,0.03,0.15,0.9,0.1,-1.2,0.0,0,0,1,0,0.675,0.44
141,7,-0.7331622838973999,0.25364550948143005,-1.5406051874160767,3.5925742181613436,-0.3628350480446733,2,1,1,0.02,0.08,0.03,0.15,0.9,0.1,-1.2,0.0,0,0,1,0,0.675,0.44
142,0,0.3021734952926636,0.4119943082332611,0.3157535791397095,1.9267619774150673,1.0890836132746662,2,1,1,0.02,0.08,0.03,0.15,0.9,0.1,-1.2,0.0,0,0,1,0,0.675,0.44
142,1,-0.9927849769592285,-0.4105009436607361,0.48373326659202576,5.043871846287641,-1.214995720107875,0,0,0,0.02,0.08,0.03,0.15,0.9,0.1,-1.2,0.0,0,0,1,0,0.675,0.44
142,2,0.24257628619670868,-0.07190665602684021,0.9330001473426819,4.2011299585118085,-2.751296035559602,2,1,1,0.02,0.08,0.03,0.15,0.9,0.1,-1.2,0.0,0,0,1,0,0.675,0.44
142,3,-1.2533612251281738,0.021026870235800743,-0.6061608195304871,0.16807042350701143,3.7945895616918626,2,1,1,0.02,0.08,0.03,0.15,0.9,0.1,-1.2,0.0,0,0,1,0,0.675,0.44
142,4,-0.4458794891834259,-0.1593637466430664,-0.07791457325220108,2.1665697250942033,2.2722087535169986,2,1,1,0.02,0.08,0.03,0.15,0.9,0.1,-1.2,0.0,0,0,1,0,0.675,0.44
142,5,-0.18658971786499023,0.2970161736011505,1.5297062397003174,-3.888599459588118,4.147084598004408,2,1,1,0.02,0.08,0.03,0.15,0.9,0.1,-1.2,0.0,0,0,1,0,0.675,0.44
142,6,0.7544738054275513,0.42060863971710205,-0.5424824357032776,5.258144494179544,0.08594274642477057,2,1,1,0.02,0.08,0.03,0.15,0.9,0.1,-1.2,0.0,0,0,1,0,0.675,0.44
142,7,-0.7333155274391174,0.2508043646812439,-1.6977977752685547,3.3791669759250227,0.04384196044364165,2,1,1,0.02,0.08,0.03,0.15,0.9,0.1,-1.2,0.0,0,0,1,0,0.675,0.44
143,0,0.30583319067955017,0.41319549083709717,0.31617316603660583,2.769020425486339,-0.5014730364463612,2,1,1,0.02,0.08,0.03,0.15,0.9,0.1,-1.2,0.0,0,0,1,0,0.675,0.44
143,1,-0.9887529611587524,-0.40872082114219666,0.3039981722831726,5.322384594577015,-0.34587769884912994,0,0,0,0.02,0.08,0.03,0.15,0.9,0.1,-1.2,0.0,0,0,1,0,0.675,0.44
143,2,0.24391748011112213,-0.07053619623184204,0.6507274508476257,3.738906820505662,-1.513806780082412,2,1,1,0.02,0.08,0.03,0.15,0.9,0.1,-1.2,0.0,0,0,1,0,0.675,0.44
143,3,-1.2503414154052734,0.019179919734597206,-0.49755629897117615,0.3545284557176235,3.661766521757971,2,1,1,0.02,0.08,0.03,0.15,0.9,0.1,-1.2,0.0,0,0,1,0,0.675,0.44
143,4,-0.44180163741111755,-0.15963856875896454,-0.055772531777620316,1.9548721514374703,2.3338352076071187,2,1,1,0.02,0.08,0.03,0.15,0.9,0.1,-1.2,0.0,0,0,1,0,0.675,0.44
143,5,-0.1866367608308792,0.2974836528301239,1.7791093587875366,-4.340185421657837,4.395427639735018,2,1,1,0.02,0.08,0.03,0.15,0.9,0.1,-1.2,0.0,0,0,1,0,0.675,0.44
143,6,0.7573525309562683,0.41827934980392456,-0.8223379850387573,3.464244784209241,2.0809520996327593,2,1,1,0.02,0.08,0.03,0.15,0.9,0.1,-1.2,0.0,0,0,1,0,0.675,0.44
143,7,-0.7339457869529724,0.24770310521125793,-1.8386073112487793,2.972956905991938,0.612895537952802,2,1,1,0.02,0.08,0.03,0.15,0.9,0.1,-1.2,0.0,0,0,1,0,0.675,0.44
144,0,0.30884167551994324,0.41415759921073914,0.29264238476753235,2.2152536509778207,-0.08840724399559498,2,1,1,0.02,0.08,0.03,0.15,0.9,0.1,-1.2,0.0,0,0,1,0,0.675,0.44
144,1,-0.9849327802658081,-0.4079192876815796,0.08771701157093048,5.6577339486013845,0.4506972194136535,0,0,0,0.02,0.08,0.03,0.15,0.9,0.1,-1.2,0.0,0,0,1,0,0.675,0.44
144,2,0.24573296308517456,-0.06949452310800552,0.38164374232292175,3.202239029401855,-0.25812602494014825,2,1,1,0.02,0.08,0.03,0.15,0.9,0.1,-1.2,0.0,0,0,1,0,0.675,0.44
144,3,-1.2467187643051147,0.017482025548815727,-0.37108713388442993,-6.28,5.473885350726303,2,1,1,0.02,0.08,0.03,0.15,0.9,0.1,-1.2,0.0,0,0,1,0,0.675,0.44
144,4,-0.437423974275589,-0.15985672175884247,-0.04845257103443146,2.1798970849248254,2.2380750099857396,2,1,1,0.02,0.08,0.03,0.15,0.9,0.1,-1.2,0.0,0,0,1,0,0.675,0.44
144,5,-0.1867268830537796,0.29779455065727234,2.060305595397949,-4.793782335429367,4.645545881896194,2,1,1,0.02,0.08,0.03,0.15,0.9,0.1,-1.2,0.0,0,0,1,0,0.675,0.44
144,6,0.7602678537368774,0.4143013656139374,-1.045278787612915,1.658099146017762,2.032291385534757,2,1,1,0.02,0.08,0.03,0.15,0.9,0.1,-1.2,0.0,0,0,1,0,0.675,0.44
144,7,-0.7350465655326843,0.2445051372051239,-1.9599456787109375,2.9466362573064395,0.6605370725767471,2,1,1,0.02,0.08,0.03,0.15,0.9,0.1,-1.2,0.0,0,0,1,0,0.675,0.44
145,0,0.31117895245552063,0.4147830307483673,0.19481076300144196,3.1028641316821846,-1.3506305206909954,2,1,1,0.02,0.08,0.03,0.15,0.9,0.1,-1.2,0.0,0,0,1,0,0.675,0.44
145,1,-0.9802417159080505,-0.4080049693584442,-0.1197868213057518,5.822104743482242,1.031926801638532,0,0,0,0.02,0.08,0.03,0.15,0.9,0.1,-1.2,0.0,0,0,1,0,0.675,0.44
145,2,0.24808579683303833,-0.06884865462779999,0.16604353487491608,3.229456917087364,0.07252386168598475,2,1,1,0.02,0.08,0.03,0.15,0.9,0.1,-1.2,0.0,0,0,1,0,0.675,0.44
145,3,-1.2425875663757324,0.016177315264940262,-0.24159152805805206,-6.28,4.87624656537431,2,1,1,0.02,0.08,0.03,0.15,0.9,0.1,-1.2,0.0,0,0,1,0,0.675,0.44
145,4,-0.4331088364124298,-0.16004520654678345,-0.03699466213583946,2.597840612482511,1.9963150741129996,2,1,1,0.02,0.08,0.03,0.15,0.9,0.1,-1.2,0.0,0,0,1,0,0.675,0.44
145,5,-0.18677644431591034,0.2979382276535034,2.3842275142669678,-4.991823802720149,4.725147406588634,2,1,1,0.02,0.08,0.03,0.15,0.9,0.1,-1.2,0.0,0,0,1,0,0.675,0.44
145,6,0.7626951932907104,0.4095221161842346,-1.12441086769104,-0.43559427365805203,2.677917538438532,2,1,1,0.02,0.08,0.03,0.15,0.9,0.1,-1.2,0.0,0,0,1,0,0.675,0.44
145,7,-0.736554741859436,0.241290882229805,-2.049341917037964,2.965269569926494,0.46783927659657837,2,1,1,0.02,0.08,0.03,0.15,0.9,0.1,-1.2,0.0,0,0,1,0,0.675,0.44
146,0,0.3133123517036438,0.4151090085506439,0.10704692453145981,2.4617899101631853,-0.7100328583644365,2,1,1,0.02,0.08,0.03,0.15,0.9,0.1,-1.2,0.0,0,0,1,0,0.675,0.44
146,1,-0.9746635556221008,-0.4092531204223633,-0.31312283873558044,5.753977252419094,2.1941736181701548,0,0,0,0.02,0.08,0.03,0.15,0.9,0.1,-1.2,0.0,0,0,1,0,0.675,0.44
146,2,0.25096961855888367,-0.06859590858221054,0.025095416232943535,3.385297980044416,-0.053877001260022386,2,1,1,0.02,0.08,0.03,0.15,0.9,0.1,-1.2,0.0,0,0,1,0,0.675,0.44
146,3,-1.2420547008514404,0.016009962186217308,0.1379115879535675,-6.28,4.284682653681039,2,1,1,0.02,0.08,0.03,0.15,0.9,0.1,-1.2,0.0,0,0,1,0,0.675,0.44
146,4,-0.4287183880805969,-0.16019229590892792,-0.032794322818517685,2.3487802567423577,2.1161040046334225,2,1,1,0.02,0.08,0.03,0.15,0.9,0.1,-1.2,0.0,0,0,1,0,0.675,0.44
146,5,-0.18669015169143677,0.2978862524032593,2.767202854156494,-4.361899272884571,4.421595548661641,2,1,1,0.02,0.08,0.03,0.15,0.9,0.1,-1.2,0.0,0,0,1,0,0.675,0.44
146,6,0.7643970251083374,0.4058758616447449,-1.1221657991409302,-1.601650696116569,3.350144942393998,2,1,1,0.02,0.08,0.03,0.15,0.9,0.1,-1.2,0.0,0,0,1,0,0.675,0.44
146,7,-0.7383431196212769,0.23816634714603424,-2.1298794746398926,2.5243120744415766,0.9983712665619794,2,1,1,0.02,0.08,0.03,0.15,0.9,0.1,-1.2,0.0,0,0,1,0,0.675,0.44
147,0,0.3151406943798065,0.41520580649375916,-0.034503888338804245,2.3206859453485675,-0.6009479966162445,2,1,1,0.02,0.08,0.03,0.15,0.9,0.1,-1.2,0.0,0,0,1,0,0.675,0.44
147,1,-0.9686168432235718,-0.4117439389228821,-0.49675312638282776,5.261784633043148,1.4620015522250007,0,0,0,0.02,0.08,0.03,0.15,0.9,0.1,-1.2,0.0,0,0,1,0,0.675,0.44
147,2,0.2541927397251129,-0.06869988888502121,-0.08687003701925278,3.509254955352756,-0.3020094416057665,2,1,1,0.02,0.08,0.03,0.15,0.9,0.1,-1.2,0.0,0,0,1,0,0.675,0.44
147,3,-1.2429003715515137,0.015682177618145943,0.5702954530715942,-4.538132081343056,4.451091437039627,2,1,1,0.02,0.08,0.03,0.15,0.9,0.1,-1.2,0.0,0,0,1,0,0.675,0.44
147,4,-0.42416173219680786,-0.1603630930185318,-0.049202583730220795,2.63126465008728,3.6417957810765205,2,1,1,0.02,0.08,0.03,0.15,0.9,0.1,-1.2,0.0,0,0,1,0,0.675,0.44
147,5,-0.18645626306533813,0.29784879088401794,3.1342318058013916,-4.792438473486948,4.552796941185045,2,1,1,0.02,0.08,0.03,0.15,0.9,0.1,-1.2,0.0,0,0,1,0,0.675,0.44
147,6,0.7655454277992249,0.40363311767578125,-1.031252145767212,-1.8044803085476897,3.256203347708189,2,1,1,0.02,0.08,0.03,0.15,0.9,0.1,-1.2,0.0,0,0,1,0,0.675,0.44
147,7,-0.7403011918067932,0.23530414700508118,-2.2159581184387207,2.1455268665025473,1.4323870094095925,2,1,1,0.02,0.08,0.03,0.15,0.9,0.1,-1.2,0.0,0,0,1,0,0.675,0.44
148,0,0.31692108511924744,0.4150365889072418,-0.15603511035442352,1.7568763711706121,-0.09738052628607656,2,1,1,0.02,0.08,0.03,0.15,0.9,0.1,-1.2,0.0,0,0,1,0,0.675,0.44
148,1,-0.9619438052177429,-0.41582566499710083,-0.6470685005187988,3.6999910166870666,1.8712664510465233,0,0,0,0.02,0.08,0.03,0.15,0.9,0.1,-1.2,0.0,0,0,1,0,0.675,0.44
148,2,0.2574819028377533,-0.06917881220579147,-0.20513871312141418,3.184529020047464,0.6491337049677277,2,1,1,0.02,0.08,0.03,0.15,0.9,0.1,-1.2,0.0,0,0,1,0,0.675,0.44
148,3,-1.2432917356491089,0.015482483431696892,0.9388460516929626,-2.93975556190474,4.809872085884692,2,1,1,0.02,0.08,0.03,0.15,0.9,0.1,-1.2,0.0,0,0,1,0,0.675,0.44
148,4,-0.41967669129371643,-0.1606135368347168,-0.06007695570588112,2.6985658580336045,3.6303235498158317,2,1,1,0.02,0.08,0.03,0.15,0.9,0.1,-1.2,0.0,0,0,1,0,0.675,0.44
148,5,-0.18665370345115662,0.29778608679771423,-2.8537094593048096,-4.792858970764094,4.530826165753418,2,1,1,0.02,0.08,0.03,0.15,0.9,0.1,-1.2,0.0,0,0,1,0,0.675,0.44
148,6,0.7665895819664001,0.4021044671535492,-0.8696367740631104,-2.1772977641525193,3.365501484882928,2,1,1,0.02,0.08,0.03,0.15,0.9,0.1,-1.2,0.0,0,0,1,0,0.675,0.44
148,7,-0.7425009608268738,0.23257653415203094,-2.2762513160705566,2.053614713885153,1.412483572240147,2,1,1,0.02,0.08,0.03,0.15,0.9,0.1,-1.2,0.0,0,0,1,0,0.675,0.44
149,0,0.31862497329711914,0.4146788716316223,-0.2607821524143219,2.637933271616531,-1.0109595326494174,2,1,1,0.02,0.08,0.03,0.15,0.9,0.1,-1.2,0.0,0,0,1,0,0.675,0.44
149,1,-0.9565796256065369,-0.42038071155548096,-0.7828441262245178,-2.8612167416706313,4.505424253810879,0,0,0,0.02,0.08,0.03,0.15,0.9,0.1,-1.2,0.0,0,0,1,0,0.675,0.44
149,2,0.2606002688407898,-0.07003132253885269,-0.3363230526447296,2.7942524976663337,1.3781595707420329,2,1,1,0.02,0.08,0.03,0.15,0.9,0.1,-1.2,0.0,0,0,1,0,0.675,0.44
149,3,-1.2404321432113647,0.019049836322665215,1.0697267055511475,-2.3113366166391693,4.896483904103742,2,1,1,0.02,0.08,0.03,0.15,0.9,0.1,-1.2,0.0,0,0,1,0,0.675,0.44
149,4,-0.41377103328704834,-0.1609201580286026,-0.033299386501312256,1.9801304825682202,2.176565935470819,2,1,1,0.02,0.08,0.03,0.15,0.9,0.1,-1.2,0.0,0,0,1,0,0.675,0.44
149,5,-0.18675179779529572,0.2977590560913086,-2.490478754043579,-4.550556250744857,4.477901630931892,2,1,1,0.02,0.08,0.03,0.15,0.9,0.1,-1.2,0.0,0,0,1,0,0.675,0.44
149,6,0.7676563262939453,0.4010162055492401,-0.6919417381286621,-1.8464372597627337,3.5257168577296945,2,1,1,0.02,0.08,0.03,0.15,0.9,0.1,-1.2,0.0,0,0,1,0,0.675,0.44
149,7,-0.7448656558990479,0.2299087941646576,-2.306893825531006,1.5100128465988654,1.6444303789673171,2,1,1,0.02,0.08,0.03,0.15,0.9,0.1,-1.2,0.0,0,0,1,0,0.675,0.44
150,0,0.3202260434627533,0.4141838252544403,-0.3334116041660309,2.5551022999802395,-0.9958471416351571,2,1,1,0.02,0.08,0.03,0.15,0.9,0.1,-1.2,0.0,0,0,1,0,0.675,0.44
150,1,-0.9526498913764954,-0.42467373609542847,-0.8617594838142395,-6.28,2.5479415183649774,0,0,0,0.02,0.08,0.03,0.15,0.9,0.1,-1.2,0.0,0,0,1,0,0.675,0.44
150,2,0.26402711868286133,-0.07144410908222198,-0.4342573881149292,2.208259689793197,1.9819354399340956,2,1,1,0.02,0.08,0.03,0.15,0.9,0.1,-1.2,0.0,0,0,1,0,0.675,0.44
150,3,-1.2398971319198608,0.020423967391252518,1.3914456367492676,-0.6111732015353712,5.220232644525906,2,1,1,0.02,0.08,0.03,0.15,0.9,0.1,-1.2,0.0,0,0,1,0,0.675,0.44
150,4,-0.4074508845806122,-0.16102781891822815,0.0017382345395162702,2.3483811958709038,1.7970027682860024,2,1,1,0.02,0.08,0.03,0.15,0.9,0.1,-1.2,0.0,0,0,1,0,0.675,0.44
150,5,-0.18656611442565918,0.2979467213153839,-2.1547276973724365,-3.4077952792678263,4.297094906497412,2,1,1,0.02,0.08,0.03,0.15,0.9,0.1,-1.2,0.0,0,0,1,0,0.675,0.44
150,6,0.7686788439750671,0.40029454231262207,-0.500083863735199,-1.8061343838747592,3.4221074392374606,2,1,1,0.02,0.08,0.03,0.15,0.9,0.1,-1.2,0.0,0,0,1,0,0.675,0.44
150,7,-0.7472404837608337,0.22735491394996643,-2.329843044281006,0.9250732264507434,2.055729169712211,2,1,1,0.02,0.08,0.03,0.15,0.9,0.1,-1.2,0.0,0,0,1,0,0.675,0.44
151,0,0.3217480182647705,0.41357821226119995,-0.44904905557632446,1.3487290174142132,0.2395904824838129,2,1,1,0.02,0.08,0.03,0.15,0.9,0.1,-1.2,0.0,0,0,1,0,0.675,0.44
151,1,-0.9510422348976135,-0.42646002769470215,-0.6657140851020813,-6.28,1.8351457868623287,0,0,0,0.02,0.08,0.03,0.15,0.9,0.1,-1.2,0.0,0,0,1,0,0.675,0.44
151,2,0.26768574118614197,-0.07329773157835007,-0.4916241466999054,1.3592023389673007,2.540529966763123,2,1,1,0.02,0.08,0.03,0.15,0.9,0.1,-1.2,0.0,0,0,1,0,0.675,0.44
151,3,-1.2398455142974854,0.022198259830474854,1.6718827486038208,0.17660677508599085,5.4830580330591365,2,1,1,0.02,0.08,0.03,0.15,0.9,0.1,-1.2,0.0,0,0,1,0,0.675,0.44
151,4,-0.40285900235176086,-0.16098366677761078,0.013413667678833008,2.3004975601168423,1.7032079074471111,2,1,1,0.02,0.08,0.03,0.15,0.9,0.1,-1.2,0.0,0,0,1,0,0.675,0.44
151,5,-0.18660950660705566,0.2973572611808777,-1.8164423704147339,-2.6436673184584585,4.25044049849211,2,1,1,0.02,0.08,0.03,0.15,0.9,0.1,-1.2,0.0,0,0,1,0,0.675,0.44
151,6,0.7701374292373657,0.3996715247631073,-0.3098934292793274,-0.8822026778469941,3.178805009530501,2,1,1,0.02,0.08,0.03,0.15,0.9,0.1,-1.2,0.0,0,0,1,0,0.675,0.44
151,7,-0.7494645118713379,0.2250320166349411,-2.3305015563964844,1.0023239818395635,1.5428656959953775,2,1,1,0.02,0.08,0.03,0.15,0.9,0.1,-1.2,0.0,0,0,1,0,0.675,0.44
152,0,0.3231313228607178,0.41281333565711975,-0.5746936798095703,1.0841287579207488,0.5384790336302226,2,1,1,0.02,0.08,0.03,0.15,0.9,0.1,-1.2,0.0,0,0,1,0,0.675,0.44
152,1,-0.9532375335693359,-0.42534366250038147,-0.354062020778656,-5.582890260145525,3.993019712296596,0,0,0,0.02,0.08,0.03,0.15,0.9,0.1,-1.2,0.0,0,0,1,0,0.675,0.44
152,2,0.2713433504104614,-0.0753229632973671,-0.5077597498893738,0.9645495269930802,2.7095675203847134,2,1,1,0.02,0.08,0.03,0.15,0.9,0.1,-1.2,0.0,0,0,1,0,0.675,0.44
152,3,-1.2406797409057617,0.02577277272939682,1.90487802028656,1.0620233207561538,5.6745446732024245,2,1,1,0.02,0.08,0.03,0.15,0.9,0.1,-1.2,0.0,0,0,1,0,0.675,0.44
152,4,-0.3987113833427429,-0.1609443575143814,-0.002573705278337002,2.54751261976131,1.4679367923009077,2,1,1,0.02,0.08,0.03,0.15,0.9,0.1,-1.2,0.0,0,0,1,0,0.675,0.44
152,5,-0.1866500973701477,0.2966023087501526,-1.4865295886993408,-2.107671805784148,4.319611087284696,2,1,1,0.02,0.08,0.03,0.15,0.9,0.1,-1.2,0.0,0,0,1,0,0.675,0.44
152,6,0.7717325687408447,0.39931127429008484,-0.12522296607494354,0.03583089713679096,2.5907278835333747,2,1,1,0.02,0.08,0.03,0.15,0.9,0.1,-1.2,0.0,0,0,1,0,0.675,0.44
152,7,-0.7515199780464172,0.22282518446445465,-2.2977311611175537,0.9641763266593892,1.1702278961421748,2,1,1,0.02,0.08,0.03,0.15,0.9,0.1,-1.2,0.0,0,0,1,0,0.675,0.44
153,0,0.3244290351867676,0.41190454363822937,-0.6307029724121094,0.22729123266595555,1.27914766570937,2,1,1,0.02,0.08,0.03,0.15,0.9,0.1,-1.2,0.0,0,0,1,0,0.675,0.44
153,1,-0.9570066928863525,-0.42454710602760315,-0.03484148159623146,-0.7425979773247132,5.984901034265424,0,0,0,0.02,0.08,0.03,0.15,0.9,0.1,-1.2,0.0,0,0,1,0,0.675,0.44
153,2,0.27481386065483093,-0.07722043246030807,-0.4759731590747833,0.11219225936867361,3.119441268834648,2,1,1,0.02,0.08,0.03,0.15,0.9,0.1,-1.2,0.0,0,0,1,0,0.675,0.44
153,3,-1.2427990436553955,0.030303144827485085,2.1102261543273926,-3.58860154789003,4.148491474494854,2,1,1,0.02,0.08,0.03,0.15,0.9,0.1,-1.2,0.0,0,0,1,0,0.675,0.44
153,4,-0.39467892050743103,-0.16098842024803162,-0.022918399423360825,2.394391290822943,1.5221104007092576,2,1,1,0.02,0.08,0.03,0.15,0.9,0.1,-1.2,0.0,0,0,1,0,0.675,0.44
153,5,-0.18630768358707428,0.29515743255615234,-1.1884559392929077,-1.704863795154915,4.389583764207436,2,1,1,0.02,0.08,0.03,0.15,0.9,0.1,-1.2,0.0,0,0,1,0,0.675,0.44
153,6,0.7738813757896423,0.3992074131965637,0.0257221981883049,0.9805905446707119,2.095275498896945,2,1,1,0.02,0.08,0.03,0.15,0.9,0.1,-1.2,0.0,0,0,1,0,0.675,0.44
153,7,-0.7532451152801514,0.22083567082881927,-2.274564266204834,0.6067128841810163,1.430377478840789,2,1,1,0.02,0.08,0.03,0.15,0.9,0.1,-1.2,0.0,0,0,1,0,0.675,0.44
154,0,0.325717568397522,0.41093307733535767,-0.6536705493927002,-0.8736022262779676,2.2167134924136196,2,1,1,0.02,0.08,0.03,0.15,0.9,0.1,-1.2,0.0,0,0,1,0,0.675,0.44
154,1,-0.9573057293891907,-0.4244256317615509,0.24936333298683167,2.2647753748406667,6.28,0,0,0,0.02,0.08,0.03,0.15,0.9,0.1,-1.2,0.0,0,0,1,0,0.675,0.44
154,2,0.2781587243080139,-0.07884716987609863,-0.41852685809135437,0.7636153366949383,2.815158241264571,2,1,1,0.02,0.08,0.03,0.15,0.9,0.1,-1.2,0.0,0,0,1,0,0.675,0.44
154,3,-1.2463935613632202,0.0352192223072052,2.291889190673828,-4.219750016357994,4.407285628270379,2,1,1,0.02,0.08,0.03,0.15,0.9,0.1,-1.2,0.0,0,0,1,0,0.675,0.44
154,4,-0.390667587518692,-0.16113612055778503,-0.05722861364483833,2.7670770274568675,1.168585804557767,2,1,1,0.02,0.08,0.03,0.15,0.9,0.1,-1.2,0.0,0,0,1,0,0.675,0.44
154,5,-0.18525899946689606,0.2934555113315582,-0.9229229092597961,-1.5731145196204481,4.4091934018378565,2,1,1,0.02,0.08,0.03,0.15,0.9,0.1,-1.2,0.0,0,0,1,0,0.675,0.44
154,6,0.7764210104942322,0.39941906929016113,0.1261468082666397,1.5466904464571594,2.2995402360481974,2,1,1,0.02,0.08,0.03,0.15,0.9,0.1,-1.2,0.0,0,0,1,0,0.675,0.44
154,7,-0.754668653011322,0.21913614869117737,-2.264972448348999,0.5886150934250142,0.9674889999167504,2,1,1,0.02,0.08,0.03,0.15,0.9,0.1,-1.2,0.0,0,0,1,0,0.675,0.44
155,0,0.32693418860435486,0.4100085496902466,-0.6278656721115112,-1.2266543093763453,2.5696650852760357,2,1,1,0.02,0.08,0.03,0.15,0.9,0.1,-1.2,0.0,0,0,1,0,0.675,0.44
155,1,-0.9525309801101685,-0.42278656363487244,0.4695437550544739,3.2344044267408707,6.28,0,0,0,0.02,0.08,0.03,0.15,0.9,0.1,-1.2,0.0,0,0,1,0,0.675,0.44
155,2,0.28124526143074036,-0.08007954806089401,-0.32168760895729065,0.47321787756063033,2.9984471595893645,2,1,1,0.02,0.08,0.03,0.15,0.9,0.1,-1.2,0.0,0,0,1,0,0.675,0.44
155,3,-1.2476648092269897,0.03646525740623474,2.5466973781585693,-3.7632175253154654,4.338868500066112,2,1,1,0.02,0.08,0.03,0.15,0.9,0.1,-1.2,0.0,0,0,1,0,0.675,0.44
155,4,-0.38674110174179077,-0.16142524778842926,-0.08931545168161392,2.861048626383098,1.0256310804135493,2,1,1,0.02,0.08,0.03,0.15,0.9,0.1,-1.2,0.0,0,0,1,0,0.675,0.44
155,5,-0.18361453711986542,0.2916804254055023,-0.697584331035614,-0.46230607197004225,4.228274235412858,2,1,1,0.02,0.08,0.03,0.15,0.9,0.1,-1.2,0.0,0,0,1,0,0.675,0.44
155,6,0.7793654799461365,0.39988815784454346,0.1750446856021881,1.773298546791867,1.5731937437049592,2,1,1,0.02,0.08,0.03,0.15,0.9,0.1,-1.2,0.0,0,0,1,0,0.675,0.44
155,7,-0.7559702396392822,0.21754296123981476,-2.2403862476348877,0.056306952773028246,1.6120295254184118,2,1,1,0.02,0.08,0.03,0.15,0.9,0.1,-1.2,0.0,0,0,1,0,0.675,0.44
156,0,0.328074187040329,0.4092369079589844,-0.5335826277732849,-6.28,3.9655948973849138,2,1,1,0.02,0.08,0.03,0.15,0.9,0.1,-1.2,0.0,0,0,1,0,0.675,0.44
156,1,-0.9457838535308838,-0.41865959763526917,0.6494525074958801,3.403189571683806,3.751900070385978,0,0,0,0.02,0.08,0.03,0.15,0.9,0.1,-1.2,0.0,0,0,1,0,0.675,0.44
156,2,0.28462135791778564,-0.08104819059371948,-0.24288231134414673,0.7535722678396825,2.8584791811698205,2,1,1,0.02,0.08,0.03,0.15,0.9,0.1,-1.2,0.0,0,0,1,0,0.675,0.44
156,3,-1.2480878829956055,0.03665894269943237,2.8522469997406006,-2.617447098257653,4.133219096168482,2,1,1,0.02,0.08,0.03,0.15,0.9,0.1,-1.2,0.0,0,0,1,0,0.675,0.44
156,4,-0.38283249735832214,-0.16186176240444183,-0.14034312963485718,3.3318791113931976,0.423631062444586,2,1,1,0.02,0.08,0.03,0.15,0.9,0.1,-1.2,0.0,0,0,1,0,0.675,0.44
156,5,-0.18128502368927002,0.2901001572608948,-0.4875350594520569,-5.367719309568912,4.244844150869703,2,1,1,0.02,0.08,0.03,0.15,0.9,0.1,-1.2,0.0,0,0,1,0,0.675,0.44
156,6,0.7829853296279907,0.40059247612953186,0.20378850400447845,1.8666188061093374,1.3504977286005924,2,1,1,0.02,0.08,0.03,0.15,0.9,0.1,-1.2,0.0,0,0,1,0,0.675,0.44
156,7,-0.7569838762283325,0.2162373811006546,-2.223954200744629,-0.43984430439778077,2.4831490825975764,2,1,1,0.02,0.08,0.03,0.15,0.9,0.1,-1.2,0.0,0,0,1,0,0.675,0.44
157,0,0.3292693495750427,0.40861836075782776,-0.4050167202949524,-6.28,4.08230658500825,2,1,1,0.02,0.08,0.03,0.15,0.9,0.1,-1.2,0.0,0,0,1,0,0.675,0.44
157,1,-0.9387800097465515,-0.41253867745399475,0.7845342755317688,4.041503122066194,-0.32239070344975623,0,0,0,0.02,0.08,0.03,0.15,0.9,0.1,-1.2,0.0,0,0,1,0,0.675,0.44
157,2,0.28804486989974976,-0.08174921572208405,-0.1575440913438797,0.9343833866033269,2.748971796973476,2,1,1,0.02,0.08,0.03,0.15,0.9,0.1,-1.2,0.0,0,0,1,0,0.675,0.44
157,3,-1.2493319511413574,0.03681660816073418,-3.114718437194824,-1.8528902280843154,4.1323504787258285,2,1,1,0.02,0.08,0.03,0.15,0.9,0.1,-1.2,0.0,0,0,1,0,0.675,0.44
157,4,-0.3789925277233124,-0.16252043843269348,-0.20321831107139587,3.677645619061297,-0.2534345062839071,2,1,1,0.02,0.08,0.03,0.15,0.9,0.1,-1.2,0.0,0,0,1,0,0.675,0.44
157,5,-0.17805682122707367,0.2887619137763977,-0.3113880455493927,-4.894195401457938,4.342550321164372,2,1,1,0.02,0.08,0.03,0.15,0.9,0.1,-1.2,0.0,0,0,1,0,0.675,0.44
157,6,0.786352813243866,0.40130552649497986,0.2032538503408432,1.7708583430366842,1.6458177971242185,2,1,1,0.02,0.08,0.03,0.15,0.9,0.1,-1.2,0.0,0,0,1,0,0.675,0.44
157,7,-0.7579619288444519,0.21491210162639618,-2.177583694458008,-0.7075089825367016,2.3643342937119276,2,1,1,0.02,0.08,0.03,0.15,0.9,0.1,-1.2,0.0,0,0,1,0,0.675,0.44
158,0,0.3277013301849365,0.40897703170776367,-0.08791958540678024,-4.975600978468607,4.386215104063473,2,1,1,0.02,0.08,0.03,0.15,0.9,0.1,-1.2,0.0,0,0,1,0,0.675,0.44
158,1,-0.9335522651672363,-0.40702101588249207,0.8189337253570557,4.251815359057924,-1.7110419068644431,0,0,0,0.02,0.08,0.03,0.15,0.9,0.1,-1.2,0.0,0,0,1,0,0.675,0.44
158,2,0.29160475730895996,-0.08217182010412216,-0.08073858171701431,0.07843306295003787,3.2026489818038892,2,1,1,0.02,0.08,0.03,0.15,0.9,0.1,-1.2,0.0,0,0,1,0,0.675,0.44
158,3,-1.251275897026062,0.036508284509181976,-2.844332218170166,-0.9006307910253707,4.010564878320913,2,1,1,0.02,0.08,0.03,0.15,0.9,0.1,-1.2,0.0,0,0,1,0,0.675,0.44
158,4,-0.375323086977005,-0.1634344458580017,-0.29797643423080444,3.702933990281891,-0.1407659017226708,2,1,1,0.02,0.08,0.03,0.15,0.9,0.1,-1.2,0.0,0,0,1,0,0.675,0.44
158,5,-0.1782391220331192,0.28870540857315063,-0.01262759231030941,-2.7316474292506623,4.956120025615519,2,1,1,0.02,0.08,0.03,0.15,0.9,0.1,-1.2,0.0,0,0,1,0,0.675,0.44
158,6,0.7895302772521973,0.40194329619407654,0.18721656501293182,1.6020668452951594,1.217152399270689,2,1,1,0.02,0.08,0.03,0.15,0.9,0.1,-1.2,0.0,0,0,1,0,0.675,0.44
158,7,-0.7590160369873047,0.21324597299098969,-2.084453582763672,-0.5076200236799601,2.317850368213881,2,1,1,0.02,0.08,0.03,0.15,0.9,0.1,-1.2,0.0,0,0,1,0,0.675,0.44
159,0,0.3263199031352997,0.4088285267353058,0.31096237897872925,-1.501950779925211,4.991833542540512,2,1,1,0.02,0.08,0.03,0.15,0.9,0.1,-1.2,0.0,0,0,1,0,0.675,0.44
159,1,-0.9304722547531128,-0.4039032459259033,0.6971759796142578,4.5365070837617045,-1.8108708486391711,0,0,0,0.02,0.08,0.03,0.15,0.9,0.1,-1.2,0.0,0,0,1,0,0.675,0.44
159,2,0.2952694594860077,-0.08234482258558273,-0.015111323446035385,-1.8404439053581287,3.4918487847951063,2,1,1,0.02,0.08,0.03,0.15,0.9,0.1,-1.2,0.0,0,0,1,0,0.675,0.44
159,3,-1.2537606954574585,0.03542637079954147,-2.6097748279571533,-0.6828023639062246,4.04698917658008,2,1,1,0.02,0.08,0.03,0.15,0.9,0.1,-1.2,0.0,0,0,1,0,0.675,0.44
159,4,-0.3720480799674988,-0.16465124487876892,-0.4291549623012543,3.6213416247997094,0.29579362839279555,2,1,1,0.02,0.08,0.03,0.15,0.9,0.1,-1.2,0.0,0,0,1,0,0.675,0.44
159,5,-0.17897368967533112,0.28862932324409485,0.3524946868419647,1.0337689176902414,5.785975522406718,2,1,1,0.02,0.08,0.03,0.15,0.9,0.1,-1.2,0.0,0,0,1,0,0.675,0.44
159,6,0.792850136756897,0.40255552530288696,0.18001222610473633,1.2113835215640196,1.756925350715941,2,1,1,0.02,0.08,0.03,0.15,0.9,0.1,-1.2,0.0,0,0,1,0,0.675,0.44
159,7,-0.7597917318344116,0.21169054508209229,-1.9774792194366455,0.04385616826565221,2.3237518425032393,2,1,1,0.02,0.08,0.03,0.15,0.9,0.1,-1.2,0.0,0,0,1,0,0.675,0.44
160,0,0.32903262972831726,0.4096766710281372,0.5281609892845154,0.0817970572981181,5.271658756660763,2,1,1,0.02,0.08,0.03,0.15,0.9,0.1,-1.2,0.0,0,0,1,0,0.675,0.44
160,1,-0.9282020330429077,-0.40228432416915894,0.4976785480976105,4.560177682454222,-0.7809559426143846,0,0,0,0.02,0.08,0.03,0.15,0.9,0.1,-1.2,0.0,0,0,1,0,0.675,0.44
160,2,0.29863181710243225,-0.08225381374359131,0.08547136187553406,-2.25271795333094,3.811522263413583,2,1,1,0.02,0.08,0.03,0.15,0.9,0.1,-1.2,0.0,0,0,1,0,0.675,0.44
160,3,-1.2565345764160156,0.03340378403663635,-2.4141736030578613,-1.1861347727984932,4.157043150227757,2,1,1,0.02,0.08,0.03,0.15,0.9,0.1,-1.2,0.0,0,0,1,0,0.675,0.44
160,4,-0.3689389228820801,-0.166334867477417,-0.5650380253791809,3.8580182015480258,-0.424846497491457,2,1,1,0.02,0.08,0.03,0.15,0.9,0.1,-1.2,0.0,0,0,1,0,0.675,0.44
160,5,-0.17736239731311798,0.2894687354564667,0.6691427826881409,2.6728973985222026,5.913280321346425,2,1,1,0.02,0.08,0.03,0.15,0.9,0.1,-1.2,0.0,0,0,1,0,0.675,0.44
160,6,0.7957435846328735,0.40306806564331055,0.168318510055542,1.1536750668669045,1.875877893376732,2,1,1,0.02,0.08,0.03,0.15,0.9,0.1,-1.2,0.0,0,0,1,0,0.675,0.44
160,7,-0.7604125738143921,0.21002040803432465,-1.876462459564209,0.4930954908777251,2.396555807645225,2,1,1,0.02,0.08,0.03,0.15,0.9,0.1,-1.2,0.0,0,0,1,0,0.675,0.44
161,0,0.33171364665031433,0.41157960891723633,0.7984406352043152,3.0412639282696445,-0.47365233991289374,2,1,1,0.02,0.08,0.03,0.15,0.9,0.1,-1.2,0.0,0,0,1,0,0.675,0.44
161,1,-0.9257031679153442,-0.4012369215488434,0.27628445625305176,4.629720494374251,0.21719591339476318,0,0,0,0.02,0.08,0.03,0.15,0.9,0.1,-1.2,0.0,0,0,1,0,0.675,0.44
161,2,0.30061113834381104,-0.08196991682052612,0.2580491006374359,-1.9252375048960622,3.7559550614945736,2,1,1,0.02,0.08,0.03,0.15,0.9,0.1,-1.2,0.0,0,0,1,0,0.675,0.44
161,3,-1.2591161727905273,0.03066379204392433,-2.2319700717926025,-1.0691675722125358,4.073695176352464,2,1,1,0.02,0.08,0.03,0.15,0.9,0.1,-1.2,0.0,0,0,1,0,0.675,0.44
161,4,-0.36582815647125244,-0.16859692335128784,-0.685487687587738,3.7953435239800997,-0.877508209854893,2,1,1,0.02,0.08,0.03,0.15,0.9,0.1,-1.2,0.0,0,0,1,0,0.675,0.44
161,5,-0.17345432937145233,0.29340916872024536,0.8769842982292175,3.7930932202873593,0.2556172038599612,2,1,1,0.02,0.08,0.03,0.15,0.9,0.1,-1.2,0.0,0,0,1,0,0.675,0.44
161,6,0.7986394166946411,0.40356576442718506,0.1809161901473999,1.5633768032356954,1.0402343622785972,2,1,1,0.02,0.08,0.03,0.15,0.9,0.1,-1.2,0.0,0,0,1,0,0.675,0.44
161,7,-0.760989785194397,0.20783770084381104,-1.792595386505127,0.7716651316468571,2.5507223550493863,2,1,1,0.02,0.08,0.03,0.15,0.9,0.1,-1.2,0.0,0,0,1,0,0.675,0.44
162,0,0.33473217487335205,0.41545307636260986,1.0228652954101562,4.285536761737303,-3.8368945640002248,2,1,1,0.02,0.08,0.03,0.15,0.9,0.1,-1.2,0.0,0,0,1,0,0.675,0.44
162,1,-0.9222912192344666,-0.4006488025188446,0.07705478370189667,4.456488092517738,1.2644022610800136,0,0,0,0.02,0.08,0.03,0.15,0.9,0.1,-1.2,0.0,0,0,1,0,0.675,0.44
162,2,0.30212435126304626,-0.0814196914434433,0.46745747327804565,-0.9935064887812792,3.4435672803796087,2,1,1,0.02,0.08,0.03,0.15,0.9,0.1,-1.2,0.0,0,0,1,0,0.675,0.44
162,3,-1.2610324621200562,0.027678973972797394,-2.031728744506836,-1.8998659022662605,4.215535734103323,2,1,1,0.02,0.08,0.03,0.15,0.9,0.1,-1.2,0.0,0,0,1,0,0.675,0.44
162,4,-0.36324501037597656,-0.17100825905799866,-0.8291570544242859,3.5770058365877113,-1.185067623183236,2,1,1,0.02,0.08,0.03,0.15,0.9,0.1,-1.2,0.0,0,0,1,0,0.675,0.44
162,5,-0.16872486472129822,0.3000316023826599,1.0207380056381226,3.2183324345244664,-2.105709853814269,2,1,1,0.02,0.08,0.03,0.15,0.9,0.1,-1.2,0.0,0,0,1,0,0.675,0.44
162,6,0.8016015887260437,0.40414053201675415,0.20507651567459106,2.030381449421297,0.2937453724942276,2,1,1,0.02,0.08,0.03,0.15,0.9,0.1,-1.2,0.0,0,0,1,0,0.675,0.44
162,7,-0.7614978551864624,0.20509816706180573,-1.7231727838516235,-0.9747969298638487,3.965354064015308,2,1,1,0.02,0.08,0.03,0.15,0.9,0.1,-1.2,0.0,0,0,1,0,0.675,0.44
163,0,0.3362799286842346,0.4181288480758667,0.9645555019378662,4.572978270464711,-6.28,2,1,1,0.02,0.08,0.03,0.15,0.9,0.1,-1.2,0.0,0,0,1,0,0.675,0.44
163,1,-0.9177712202072144,-0.40069299936294556,-0.08830399066209793,4.527032935797174,1.7805896928301417,0,0,0,0.02,0.08,0.03,0.15,0.9,0.1,-1.2,0.0,0,0,1,0,0.675,0.44
163,2,0.30364203453063965,-0.08044727891683578,0.6707969903945923,-0.6559238624026267,3.5862447251910288,2,1,1,0.02,0.08,0.03,0.15,0.9,0.1,-1.2,0.0,0,0,1,0,0.675,0.44
163,3,-1.2622361183166504,0.024570345878601074,-1.8383501768112183,-1.9195934929460512,4.199921029913163,2,1,1,0.02,0.08,0.03,0.15,0.9,0.1,-1.2,0.0,0,0,1,0,0.675,0.44
163,4,-0.36136847734451294,-0.17338578402996063,-0.9906101226806641,3.20929207881243,-0.9711398398031593,2,1,1,0.02,0.08,0.03,0.15,0.9,0.1,-1.2,0.0,0,0,1,0,0.675,0.44
163,5,-0.1661638766527176,0.30421537160873413,0.9455057382583618,3.611768428444559,-2.9511074620068984,2,1,1,0.02,0.08,0.03,0.15,0.9,0.1,-1.2,0.0,0,0,1,0,0.675,0.44
163,6,0.8042332530021667,0.4046911597251892,0.1954459249973297,2.3654789331770147,-0.4544584158277727,2,1,1,0.02,0.08,0.03,0.15,0.9,0.1,-1.2,0.0,0,0,1,0,0.675,0.44
163,7,-0.7618817687034607,0.20188447833061218,-1.6598868370056152,-0.23109858746958206,4.138341051976201,2,1,1,0.02,0.08,0.03,0.15,0.9,0.1,-1.2,0.0,0,0,1,0,0.675,0.44
164,0,0.3368105888366699,0.41879087686538696,0.7087554335594177,4.4271398174361,-5.481707667259992,2,1,1,0.02,0.08,0.03,0.15,0.9,0.1,-1.2,0.0,0,0,1,0,0.675,0.44
164,1,-0.9123579263687134,-0.401539146900177,-0.2106342911720276,3.9901403568601967,0.37254888884860543,0,0,0,0.02,0.08,0.03,0.15,0.9,0.1,-1.2,0.0,0,0,1,0,0.675,0.44
164,2,0.30534225702285767,-0.07884002476930618,0.8354395627975464,0.21515319606534264,3.164115211022328,2,1,1,0.02,0.08,0.03,0.15,0.9,0.1,-1.2,0.0,0,0,1,0,0.675,0.44
164,3,-1.2626646757125854,0.022153666242957115,-1.6306004524230957,-2.249608854139483,4.258437538827097,2,1,1,0.02,0.08,0.03,0.15,0.9,0.1,-1.2,0.0,0,0,1,0,0.675,0.44
164,4,-0.3601614534854889,-0.17557844519615173,-1.157278060913086,-0.22572288289706058,2.641701077439517,2,1,1,0.02,0.08,0.03,0.15,0.9,0.1,-1.2,0.0,0,0,1,0,0.675,0.44
164,5,-0.1651180237531662,0.3055364191532135,0.7694449424743652,3.7649495367571104,-3.1371838403305996,2,1,1,0.02,0.08,0.03,0.15,0.9,0.1,-1.2,0.0,0,0,1,0,0.675,0.44
164,6,0.8065762519836426,0.40511274337768555,0.14297880232334137,2.4074845377474894,-0.7748573586371901,2,1,1,0.02,0.08,0.03,0.15,0.9,0.1,-1.2,0.0,0,0,1,0,0.675,0.44
164,7,-0.7619765996932983,0.19882111251354218,-1.5084151029586792,0.8186611094568894,4.529921038114519,2,1,1,0.02,0.08,0.03,0.15,0.9,0.1,-1.2,0.0,0,0,1,0,0.675,0.44
165,0,0.33584341406822205,0.4182353615760803,0.33489108085632324,4.451844698047024,-2.5695750751566417,2,1,1,0.02,0.08,0.03,0.15,0.9,0.1,-1.2,0.0,0,0,1,0,0.675,0.44
165,1,-0.9063852429389954,-0.40313515067100525,-0.30976438522338867,3.7738949396744714,0.6176738246475737,0,0,0,0.02,0.08,0.03,0.15,0.9,0.1,-1.2,0.0,0,0,1,0,0.675,0.44
165,2,0.30708417296409607,-0.07659720629453659,0.9855313301086426,0.7377980011947036,2.8487180870601922,2,1,1,0.02,0.08,0.03,0.15,0.9,0.1,-1.2,0.0,0,0,1,0,0.675,0.44
165,3,-1.262574553489685,0.019864780828356743,-1.4157238006591797,-2.066206301036453,4.231565447929477,2,1,1,0.02,0.08,0.03,0.15,0.9,0.1,-1.2,0.0,0,0,1,0,0.675,0.44
165,4,-0.3594037592411041,-0.1777188777923584,-1.3080332279205322,-1.4543217889582831,2.7768561636468303,2,1,1,0.02,0.08,0.03,0.15,0.9,0.1,-1.2,0.0,0,0,1,0,0.675,0.44
165,5,-0.16453811526298523,0.3060219883918762,0.5462851524353027,4.010814803149365,-3.2158045395597004,2,1,1,0.02,0.08,0.03,0.15,0.9,0.1,-1.2,0.0,0,0,1,0,0.675,0.44
165,6,0.8085609674453735,0.4053271412849426,0.0515640527009964,1.4632870117246364,0.45752357702687424,2,1,1,0.02,0.08,0.03,0.15,0.9,0.1,-1.2,0.0,0,0,1,0,0.675,0.44
165,7,-0.7614386677742004,0.195111945271492,-1.3488428592681885,1.6046877223529432,4.816717547406552,2,1,1,0.02,0.08,0.03,0.15,0.9,0.1,-1.2,0.0,0,0,1,0,0.675,0.44
166,0,0.33645007014274597,0.41822516918182373,0.01549940649420023,4.303698576573574,-0.7063672068649735,2,1,1,0.02,0.08,0.03,0.15,0.9,0.1,-1.2,0.0,0,0,1,0,0.675,0.44
166,1,-0.9019418358802795,-0.4048110544681549,-0.43034985661506653,3.580440653344974,0.9452542651913417,0,0,0,0.02,0.08,0.03,0.15,0.9,0.1,-1.2,0.0,0,0,1,0,0.675,0.44
166,2,0.30873027443885803,-0.0737491026520729,1.0977582931518555,1.0370030641471701,2.6137094077498197,2,1,1,0.02,0.08,0.03,0.15,0.9,0.1,-1.2,0.0,0,0,1,0,0.675,0.44
166,3,-1.2620402574539185,0.01792084611952305,-1.1879035234451294,-1.7600438032291486,4.165891799702461,2,1,1,0.02,0.08,0.03,0.15,0.9,0.1,-1.2,0.0,0,0,1,0,0.675,0.44
166,4,-0.3588031530380249,-0.18001243472099304,-1.2558414936065674,-1.8150988554069067,2.9892655716931995,2,1,1,0.02,0.08,0.03,0.15,0.9,0.1,-1.2,0.0,0,0,1,0,0.675,0.44
166,5,-0.16396450996398926,0.30631494522094727,0.30501797795295715,3.801761791512353,-2.5345896767308993,2,1,1,0.02,0.08,0.03,0.15,0.9,0.1,-1.2,0.0,0,0,1,0,0.675,0.44
166,6,0.8102527260780334,0.40533530712127686,-0.05784774199128151,1.1366968991321842,0.5590757183922413,2,1,1,0.02,0.08,0.03,0.15,0.9,0.1,-1.2,0.0,0,0,1,0,0.675,0.44
166,7,-0.7599700689315796,0.190312922000885,-1.2112065553665161,2.193426081742785,4.562974893180561,2,1,1,0.02,0.08,0.03,0.15,0.9,0.1,-1.2,0.0,0,0,1,0,0.675,0.44
167,0,0.33887001872062683,0.41808244585990906,-0.25039270520210266,4.449302503819019,-0.16247020847693255,2,1,1,0.02,0.08,0.03,0.15,0.9,0.1,-1.2,0.0,0,0,1,0,0.675,0.44
167,1,-0.898066520690918,-0.4068652093410492,-0.5441977381706238,3.542767917188155,1.1830765423989074,0,0,0,0.02,0.08,0.03,0.15,0.9,0.1,-1.2,0.0,0,0,1,0,0.675,0.44
167,2,0.3102031946182251,-0.07052960991859436,1.1773492097854614,1.0230065558960169,2.585904790894054,2,1,1,0.02,0.08,0.03,0.15,0.9,0.1,-1.2,0.0,0,0,1,0,0.675,0.44
167,3,-1.2610268592834473,0.016065146774053574,-0.9642243385314941,-0.7765144509139482,3.9735938408807376,2,1,1,0.02,0.08,0.03,0.15,0.9,0.1,-1.2,0.0,0,0,1,0,0.675,0.44
167,4,-0.35825952887535095,-0.18145979940891266,-1.1160426139831543,-1.1490722991270352,2.8754287607712077,2,1,1,0.02,0.08,0.03,0.15,0.9,0.1,-1.2,0.0,0,0,1,0,0.675,0.44
167,5,-0.16321375966072083,0.3064793646335602,0.05267106741666794,3.624678226931001,-1.5139662050445346,2,1,1,0.02,0.08,0.03,0.15,0.9,0.1,-1.2,0.0,0,0,1,0,0.675,0.44
167,6,0.8120835423469543,0.4051642119884491,-0.10917510837316513,0.6380294441170585,1.2422252712668276,2,1,1,0.02,0.08,0.03,0.15,0.9,0.1,-1.2,0.0,0,0,1,0,0.675,0.44
167,7,-0.7574337720870972,0.1846354752779007,-1.0947091579437256,2.5376716617944735,3.9789375398051696,2,1,1,0.02,0.08,0.03,0.15,0.9,0.1,-1.2,0.0,0,0,1,0,0.675,0.44
168,0,0.3418707251548767,0.41687846183776855,-0.45806562900543213,3.5536530631363394,0.6753822433084657,2,1,1,0.02,0.08,0.03,0.15,0.9,0.1,-1.2,0.0,0,0,1,0,0.675,0.44
168,1,-0.8943414688110352,-0.4093859791755676,-0.6402148008346558,3.6973240708999433,1.0872153243635383,0,0,0,0.02,0.08,0.03,0.15,0.9,0.1,-1.2,0.0,0,0,1,0,0.675,0.44
168,2,0.31148654222488403,-0.06712938100099564,1.2362151145935059,1.5531276820429234,1.6751886802289242,2,1,1,0.02,0.08,0.03,0.15,0.9,0.1,-1.2,0.0,0,0,1,0,0.675,0.44
168,3,-1.2594772577285767,0.01429699081927538,-0.7531690001487732,0.22658534587216872,3.758322318355159,2,1,1,0.02,0.08,0.03,0.15,0.9,0.1,-1.2,0.0,0,0,1,0,0.675,0.44
168,4,-0.35765624046325684,-0.1825171560049057,-0.9506284594535828,-0.04850010798915158,2.8909508024166426,2,1,1,0.02,0.08,0.03,0.15,0.9,0.1,-1.2,0.0,0,0,1,0,0.675,0.44
168,5,-0.1622212529182434,0.30639997124671936,-0.18247291445732117,3.98604066315945,-0.8812215442037071,2,1,1,0.02,0.08,0.03,0.15,0.9,0.1,-1.2,0.0,0,0,1,0,0.675,0.44
168,6,0.8138067722320557,0.40494707226753235,-0.13243238627910614,1.522891860492121,-0.19221606513891223,2,1,1,0.02,0.08,0.03,0.15,0.9,0.1,-1.2,0.0,0,0,1,0,0.675,0.44
168,7,-0.7540632486343384,0.17881610989570618,-1.0044817924499512,2.672778055773701,3.3449434183969844,2,1,1,0.02,0.08,0.03,0.15,0.9,0.1,-1.2,0.0,0,0,1,0,0.675,0.44
169,0,0.3454379141330719,0.41474348306655884,-0.6210044026374817,1.3268625313422395,2.0590260386428314,2,1,1,0.02,0.08,0.03,0.15,0.9,0.1,-1.2,0.0,0,0,1,0,0.675,0.44
169,1,-0.8907113671302795,-0.4123459756374359,-0.7248647809028625,2.5543026501988946,1.5033724216140867,0,0,0,0.02,0.08,0.03,0.15,0.9,0.1,-1.2,0.0,0,0,1,0,0.675,0.44
169,2,0.31257879734039307,-0.06368258595466614,1.2910627126693726,1.9973844837950914,0.596038062562091,2,1,1,0.02,0.08,0.03,0.15,0.9,0.1,-1.2,0.0,0,0,1,0,0.675,0.44
169,3,-1.2570875883102417,0.012458770535886288,-0.577561616897583,0.8191439380037802,3.6405313871131995,2,1,1,0.02,0.08,0.03,0.15,0.9,0.1,-1.2,0.0,0,0,1,0,0.675,0.44
169,4,-0.3566156029701233,-0.18376819789409637,-0.803521990776062,0.9042505815442168,3.3919654500790917,2,1,1,0.02,0.08,0.03,0.15,0.9,0.1,-1.2,0.0,0,0,1,0,0.675,0.44
169,5,-0.1604720950126648,0.3058658838272095,-0.3753397464752197,4.27085572694869,-0.549325632235224,2,1,1,0.02,0.08,0.03,0.15,0.9,0.1,-1.2,0.0,0,0,1,0,0.675,0.44
169,6,0.8156326413154602,0.4047044515609741,-0.11946214735507965,2.154500794132375,-1.1341596362191668,2,1,1,0.02,0.08,0.03,0.15,0.9,0.1,-1.2,0.0,0,0,1,0,0.675,0.44
169,7,-0.7503563761711121,0.173391655087471,-0.9472793936729431,2.800088637736833,3.134726143213714,2,1,1,0.02,0.08,0.03,0.15,0.9,0.1,-1.2,0.0,0,0,1,0,0.675,0.44
170,0,0.34874194860458374,0.4120767116546631,-0.7337542772293091,-6.28,3.8336432379504264,2,1,1,0.02,0.08,0.03,0.15,0.9,0.1,-1.2,0.0,0,0,1,0,0.675,0.44
170,1,-0.8872802257537842,-0.4156639277935028,-0.8146811127662659,-0.10094324126312583,2.5154555499212528,0,0,0,0.02,0.08,0.03,0.15,0.9,0.1,-1.2,0.0,0,0,1,0,0.675,0.44
170,2,0.31344589591026306,-0.06049478054046631,1.3054009675979614,4.086159583921078,-2.8128464451053166,2,1,1,0.02,0.08,0.03,0.15,0.9,0.1,-1.2,0.0,0,0,1,0,0.675,0.44
170,3,-1.2537384033203125,0.01060587540268898,-0.4457038640975952,1.5943991513780824,3.32630983218556,2,1,1,0.02,0.08,0.03,0.15,0.9,0.1,-1.2,0.0,0,0,1,0,0.675,0.44
170,4,-0.35468143224716187,-0.1855412870645523,-0.6928106546401978,1.4427410128988645,3.933814415487818,2,1,1,0.02,0.08,0.03,0.15,0.9,0.1,-1.2,0.0,0,0,1,0,0.675,0.44
170,5,-0.1578662097454071,0.30455803871154785,-0.548039436340332,4.104778662075087,-1.9127043700395001,2,1,1,0.02,0.08,0.03,0.15,0.9,0.1,-1.2,0.0,0,0,1,0,0.675,0.44
170,6,0.8170610070228577,0.4045186936855316,-0.1633836030960083,1.5675080801802954,-0.34428540834189647,2,1,1,0.02,0.08,0.03,0.15,0.9,0.1,-1.2,0.0,0,0,1,0,0.675,0.44
170,7,-0.7466946244239807,0.16849684715270996,-0.9185685515403748,2.826258159609335,3.0144996574206195,2,1,1,0.02,0.08,0.03,0.15,0.9,0.1,-1.2,0.0,0,0,1,0,0.675,0.44
171,0,0.35132622718811035,0.40966394543647766,-0.7322138547897339,-6.28,3.442771883144871,2,1,1,0.02,0.08,0.03,0.15,0.9,0.1,-1.2,0.0,0,0,1,0,0.675,0.44
171,1,-0.8844927549362183,-0.4188050627708435,-0.8624006509780884,-1.1988407614887322,2.53007452797239,0,0,0,0.02,0.08,0.03,0.15,0.9,0.1,-1.2,0.0,0,0,1,0,0.675,0.44
171,2,0.3141821324825287,-0.05787709727883339,1.2667782306671143,4.043392357761583,-2.759210213213986,2,1,1,0.02,0.08,0.03,0.15,0.9,0.1,-1.2,0.0,0,0,1,0,0.675,0.44
171,3,-1.2497053146362305,0.008943911641836166,-0.3422533869743347,1.9665555932520944,3.0831122137346227,2,1,1,0.02,0.08,0.03,0.15,0.9,0.1,-1.2,0.0,0,0,1,0,0.675,0.44
171,4,-0.35147836804389954,-0.18794694542884827,-0.6024954915046692,1.963221654900725,3.527869995140871,2,1,1,0.02,0.08,0.03,0.15,0.9,0.1,-1.2,0.0,0,0,1,0,0.675,0.44
171,5,-0.1549520492553711,0.30242618918418884,-0.7175499796867371,4.182313307840267,-1.6116802305773783,2,1,1,0.02,0.08,0.03,0.15,0.9,0.1,-1.2,0.0,0,0,1,0,0.675,0.44
171,6,0.8181232213973999,0.4043048620223999,-0.2680078148841858,0.5373765764210442,1.0836089779428075,2,1,1,0.02,0.08,0.03,0.15,0.9,0.1,-1.2,0.0,0,0,1,0,0.675,0.44
171,7,-0.7430429458618164,0.16380326449871063,-0.9046550989151001,1.0446268417246072,3.355537881671694,2,1,1,0.02,0.08,0.03,0.15,0.9,0.1,-1.2,0.0,0,0,1,0,0.675,0.44
172,0,0.3501860499382019,0.4103452265262604,-0.43985146284103394,-6.28,3.891582303481786,2,1,1,0.02,0.08,0.03,0.15,0.9,0.1,-1.2,0.0,0,0,1,0,0.675,0.44
172,1,-0.8826943635940552,-0.4208671748638153,-0.7959628105163574,-5.919780890883332,4.724718766335535,0,0,0,0.02,0.08,0.03,0.15,0.9,0.1,-1.2,0.0,0,0,1,0,0.675,0.44
172,2,0.31471702456474304,-0.05643273517489433,1.0621167421340942,4.066691068847557,-2.7605509847495697,2,1,1,0.02,0.08,0.03,0.15,0.9,0.1,-1.2,0.0,0,0,1,0,0.675,0.44
172,3,-1.2450966835021973,0.0075040035881102085,-0.2740488350391388,-6.28,6.28,2,1,1,0.02,0.08,0.03,0.15,0.9,0.1,-1.2,0.0,0,0,1,0,0.675,0.44
172,4,-0.347102552652359,-0.1906832605600357,-0.5151534080505371,2.377914325406047,3.397437702127774,2,1,1,0.02,0.08,0.03,0.15,0.9,0.1,-1.2,0.0,0,0,1,0,0.675,0.44
172,5,-0.153203547000885,0.30062854290008545,-0.92071133852005,4.453202836003401,-1.7935411017383682,2,1,1,0.02,0.08,0.03,0.15,0.9,0.1,-1.2,0.0,0,0,1,0,0.675,0.44
172,6,0.8192458748817444,0.403942734003067,-0.34506750106811523,0.2599505078649306,1.2341651338086586,2,1,1,0.02,0.08,0.03,0.15,0.9,0.1,-1.2,0.0,0,0,1,0,0.675,0.44
172,7,-0.7394033670425415,0.15921492874622345,-0.8971304297447205,-6.28,4.421451036230152,2,1,1,0.02,0.08,0.03,0.15,0.9,0.1,-1.2,0.0,0,0,1,0,0.675,0.44
173,0,0.34814921021461487,0.4108355939388275,-0.05344739183783531,-3.655002154600416,4.731840476646598,2,1,1,0.02,0.08,0.03,0.15,0.9,0.1,-1.2,0.0,0,0,1,0,0.675,0.44
173,1,-0.881568431854248,-0.4219302833080292,-0.672527015209198,-6.28,4.349590048853667,0,0,0,0.02,0.08,0.03,0.15,0.9,0.1,-1.2,0.0,0,0,1,0,0.675,0.44
173,2,0.3154686987400055,-0.055405545979738235,0.8203621506690979,4.107871262231472,-2.8399926249888523,2,1,1,0.02,0.08,0.03,0.15,0.9,0.1,-1.2,0.0,0,0,1,0,0.675,0.44
173,3,-1.2401483058929443,0.0062531521543860435,-0.22780820727348328,-6.28,6.28,2,1,1,0.02,0.08,0.03,0.15,0.9,0.1,-1.2,0.0,0,0,1,0,0.675,0.44
173,4,-0.3422553837299347,-0.19321157038211823,-0.45380699634552,2.6362147096997415,3.134132963845498,2,1,1,0.02,0.08,0.03,0.15,0.9,0.1,-1.2,0.0,0,0,1,0,0.675,0.44
173,5,-0.15190215408802032,0.29849228262901306,-1.1261049509048462,4.53914437534399,-1.4257964986633207,2,1,1,0.02,0.08,0.03,0.15,0.9,0.1,-1.2,0.0,0,0,1,0,0.675,0.44
173,6,0.8206892013549805,0.40340664982795715,-0.34306269884109497,0.7402582969579146,0.2679783043859613,2,1,1,0.02,0.08,0.03,0.15,0.9,0.1,-1.2,0.0,0,0,1,0,0.675,0.44
173,7,-0.7364044785499573,0.15560871362686157,-0.8309215307235718,-5.981414137259551,4.378569403161699,2,1,1,0.02,0.08,0.03,0.15,0.9,0.1,-1.2,0.0,0,0,1,0,0.675,0.44
174,0,0.35131382942199707,0.41083890199661255,0.10138420015573502,-2.544568552537728,5.101495830809453,2,1,1,0.02,0.08,0.03,0.15,0.9,0.1,-1.2,0.0,0,0,1,0,0.675,0.44
174,1,-0.8821988105773926,-0.4216045141220093,-0.34402137994766235,-4.207649864647876,4.479180139675656,0,0,0,0.02,0.08,0.03,0.15,0.9,0.1,-1.2,0.0,0,0,1,0,0.675,0.44
174,2,0.3164764940738678,-0.054572489112615585,0.5794493556022644,4.2032579906515455,-3.063144698489493,2,1,1,0.02,0.08,0.03,0.15,0.9,0.1,-1.2,0.0,0,0,1,0,0.675,0.44
174,3,-1.2389036417007446,0.006012593396008015,0.1455076038837433,-6.28,4.9953118788552064,2,1,1,0.02,0.08,0.03,0.15,0.9,0.1,-1.2,0.0,0,0,1,0,0.675,0.44
174,4,-0.3370606005191803,-0.19559963047504425,-0.41426602005958557,2.5885425908097934,2.3898805277815156,2,1,1,0.02,0.08,0.03,0.15,0.9,0.1,-1.2,0.0,0,0,1,0,0.675,0.44
174,5,-0.15101273357868195,0.2959911823272705,-1.3426231145858765,4.263802877305084,-6.28,2,1,1,0.02,0.08,0.03,0.15,0.9,0.1,-1.2,0.0,0,0,1,0,0.675,0.44
174,6,0.8221251368522644,0.4029122292995453,-0.3118065595626831,0.47767644614993293,0.7413609088986346,2,1,1,0.02,0.08,0.03,0.15,0.9,0.1,-1.2,0.0,0,0,1,0,0.675,0.44
174,7,-0.7369588017463684,0.15592257678508759,-0.5111879706382751,-3.0958659600848772,4.570017863518888,2,1,1,0.02,0.08,0.03,0.15,0.9,0.1,-1.2,0.0,0,0,1,0,0.675,0.44
175,0,0.35343146324157715,0.41119542717933655,0.3879360854625702,-0.4916318232866257,5.8660818481643195,2,1,1,0.02,0.08,0.03,0.15,0.9,0.1,-1.2,0.0,0,0,1,0,0.675,0.44
175,1,-0.8833816051483154,-0.4214460253715515,0.06565988063812256,-1.8447598655603241,4.783187705771818,0,0,0,0.02,0.08,0.03,0.15,0.9,0.1,-1.2,0.0,0,0,1,0,0.675,0.44
175,2,0.31763240694999695,-0.053978417068719864,0.33542704582214355,3.6471702652227598,-1.2925826407878962,2,1,1,0.02,0.08,0.03,0.15,0.9,0.1,-1.2,0.0,0,0,1,0,0.675,0.44
175,3,-1.2386724948883057,0.006086672190576792,0.6207164525985718,-5.703550786745734,4.433016472601595,2,1,1,0.02,0.08,0.03,0.15,0.9,0.1,-1.2,0.0,0,0,1,0,0.675,0.44
175,4,-0.3317476212978363,-0.19785062968730927,-0.39317214488983154,2.5735797187313625,2.1780764755719777,2,1,1,0.02,0.08,0.03,0.15,0.9,0.1,-1.2,0.0,0,0,1,0,0.675,0.44
175,5,-0.15063223242759705,0.2929821312427521,-1.5541784763336182,3.9436955219840417,-6.28,2,1,1,0.02,0.08,0.03,0.15,0.9,0.1,-1.2,0.0,0,0,1,0,0.675,0.44
175,6,0.8231780529022217,0.40257707238197327,-0.31823408603668213,0.664487262387194,0.4490410965555702,2,1,1,0.02,0.08,0.03,0.15,0.9,0.1,-1.2,0.0,0,0,1,0,0.675,0.44
175,7,-0.7381204962730408,0.15627475082874298,-0.11501538008451462,0.3320310797423318,4.9220471669107475,2,1,1,0.02,0.08,0.03,0.15,0.9,0.1,-1.2,0.0,0,0,1,0,0.675,0.44
176,0,0.3551708161830902,0.4123910963535309,0.7088993787765503,1.4485271614085948,6.28,2,1,1,0.02,0.08,0.03,0.15,0.9,0.1,-1.2,0.0,0,0,1,0,0.675,0.44
176,1,-0.8816837072372437,-0.421254426240921,0.37091538310050964,-0.13908344531358868,4.926099412997703,0,0,0,0.02,0.08,0.03,0.15,0.9,0.1,-1.2,0.0,0,0,1,0,0.675,0.44
176,2,0.3191435933113098,-0.05365457758307457,0.06891769170761108,3.478385255042603,-0.08684914735100253,2,1,1,0.02,0.08,0.03,0.15,0.9,0.1,-1.2,0.0,0,0,1,0,0.675,0.44
176,3,-1.2386724948883057,0.006086661014705896,0.6207180619239807,-5.655815855766116,4.488652962999449,2,1,1,0.02,0.08,0.03,0.15,0.9,0.1,-1.2,0.0,0,0,1,0,0.675,0.44
176,4,-0.32699957489967346,-0.19980458915233612,-0.3954511284828186,2.427620164278503,2.3254406394979763,2,1,1,0.02,0.08,0.03,0.15,0.9,0.1,-1.2,0.0,0,0,1,0,0.675,0.44
176,5,-0.1504088044166565,0.2941195070743561,-1.901346206665039,4.0325235808487045,-6.28,2,1,1,0.02,0.08,0.03,0.15,0.9,0.1,-1.2,0.0,0,0,1,0,0.675,0.44
176,6,0.8242955803871155,0.4022088050842285,-0.3141396641731262,0.7085353792269437,0.42305016657374733,2,1,1,0.02,0.08,0.03,0.15,0.9,0.1,-1.2,0.0,0,0,1,0,0.675,0.44
176,7,-0.737149715423584,0.156314879655838,0.20852194726467133,2.878162739617021,5.603737710028171,2,1,1,0.02,0.08,0.03,0.15,0.9,0.1,-1.2,0.0,0,0,1,0,0.675,0.44
177,0,0.35820358991622925,0.41586434841156006,0.979232132434845,1.5100032394464689,6.1351323566641724,2,1,1,0.02,0.08,0.03,0.15,0.9,0.1,-1.2,0.0,0,0,1,0,0.675,0.44
177,1,-0.8794102072715759,-0.4200631082057953,0.6605727076530457,0.8741316711464514,3.9975402389943056,0,0,0,0.02,0.08,0.03,0.15,0.9,0.1,-1.2,0.0,0,0,1,0,0.675,0.44
177,2,0.3216117322444916,-0.053777437657117844,-0.14403507113456726,3.4402492927200448,0.5826959467440773,2,1,1,0.02,0.08,0.03,0.15,0.9,0.1,-1.2,0.0,0,0,1,0,0.675,0.44
177,3,-1.23917818069458,0.005654051899909973,0.9296779036521912,-3.761955085357338,4.48139071034741,2,1,1,0.02,0.08,0.03,0.15,0.9,0.1,-1.2,0.0,0,0,1,0,0.675,0.44
177,4,-0.32258111238479614,-0.20167206227779388,-0.4080946147441864,2.2758150219765354,2.7610999233595894,2,1,1,0.02,0.08,0.03,0.15,0.9,0.1,-1.2,0.0,0,0,1,0,0.675,0.44
177,5,-0.1495298147201538,0.29562488198280334,-2.301865816116333,4.296301968889565,-5.592861489895552,2,1,1,0.02,0.08,0.03,0.15,0.9,0.1,-1.2,0.0,0,0,1,0,0.675,0.44
177,6,0.8253744840621948,0.40185803174972534,-0.3183445632457733,1.3338692843246387,-0.41460877925884165,2,1,1,0.02,0.08,0.03,0.15,0.9,0.1,-1.2,0.0,0,0,1,0,0.675,0.44
177,7,-0.7331725358963013,0.1576453149318695,0.40544015169143677,2.3433359844668837,5.1070779307259295,2,1,1,0.02,0.08,0.03,0.15,0.9,0.1,-1.2,0.0,0,0,1,0,0.675,0.44
178,0,0.361497700214386,0.42217540740966797,1.1894595623016357,4.724327003462614,-6.28,2,1,1,0.02,0.08,0.03,0.15,0.9,0.1,-1.2,0.0,0,0,1,0,0.675,0.44
178,1,-0.8763399124145508,-0.4171435236930847,0.8747084736824036,0.5943385078951965,1.5030560030448905,0,0,0,0.02,0.08,0.03,0.15,0.9,0.1,-1.2,0.0,0,0,1,0,0.675,0.44
178,2,0.3249991834163666,-0.05454937741160393,-0.29292428493499756,3.4047528283554396,0.45702210051962455,2,1,1,0.02,0.08,0.03,0.15,0.9,0.1,-1.2,0.0,0,0,1,0,0.675,0.44
178,3,-1.2390623092651367,0.006853098981082439,1.2436429262161255,-1.5571767732595159,4.534002973353202,2,1,1,0.02,0.08,0.03,0.15,0.9,0.1,-1.2,0.0,0,0,1,0,0.675,0.44
178,4,-0.3182254433631897,-0.20357529819011688,-0.4138234853744507,2.3033244071675005,3.1230505094787855,2,1,1,0.02,0.08,0.03,0.15,0.9,0.1,-1.2,0.0,0,0,1,0,0.675,0.44
178,5,-0.15215088427066803,0.2930438816547394,-2.4707279205322266,4.2938773906753145,-5.508185175221063,2,1,1,0.02,0.08,0.03,0.15,0.9,0.1,-1.2,0.0,0,0,1,0,0.675,0.44
178,6,0.8264442086219788,0.401500403881073,-0.327875554561615,0.536583225910487,1.238337608434866,2,1,1,0.02,0.08,0.03,0.15,0.9,0.1,-1.2,0.0,0,0,1,0,0.675,0.44
178,7,-0.7262425422668457,0.16112884879112244,0.515078067779541,2.2802218170143584,4.610606152005731,2,1,1,0.02,0.08,0.03,0.15,0.9,0.1,-1.2,0.0,0,0,1,0,0.675,0.44
179,0,0.3637333810329437,0.42942869663238525,1.3617150783538818,-1.584718117367817,-6.28,2,1,1,0.02,0.08,0.03,0.15,0.9,0.1,-1.2,0.0,0,0,1,0,0.675,0.44
179,1,-0.8734630346298218,-0.4132887125015259,1.004073143005371,6.001685888225993,-6.28,0,0,0,0.02,0.08,0.03,0.15,0.9,0.1,-1.2,0.0,0,0,1,0,0.675,0.44
179,2,0.3287597596645355,-0.05592617392539978,-0.4011823534965515,3.3925513975360877,-0.4295979426758256,2,1,1,0.02,0.08,0.03,0.15,0.9,0.1,-1.2,0.0,0,0,1,0,0.675,0.44
179,3,-1.2389150857925415,0.0075611211359500885,1.562970757484436,0.49897084197524016,4.490934813360022,2,1,1,0.02,0.08,0.03,0.15,0.9,0.1,-1.2,0.0,0,0,1,0,0.675,0.44
179,4,-0.31365761160850525,-0.20556172728538513,-0.4009210467338562,2.453074728109959,2.4073015936064253,2,1,1,0.02,0.08,0.03,0.15,0.9,0.1,-1.2,0.0,0,0,1,0,0.675,0.44
179,5,-0.15464240312576294,0.2914981245994568,-2.6820716857910156,4.441398028346756,-4.646537728129318,2,1,1,0.02,0.08,0.03,0.15,0.9,0.1,-1.2,0.0,0,0,1,0,0.675,0.44
179,6,0.8273506164550781,0.40117624402046204,-0.37901654839515686,0.37064517975549693,1.7450586331646378,2,1,1,0.02,0.08,0.03,0.15,0.9,0.1,-1.2,0.0,0,0,1,0,0.675,0.44
179,7,-0.7197268605232239,0.16521523892879486,0.6124594807624817,4.459607453888288,-0.9303941613704302,2,1,1,0.02,0.08,0.03,0.15,0.9,0.1,-1.2,0.0,0,0,1,0,0.675,0.44
180,0,0.36363059282302856,0.4299083650112152,1.0835120677947998,-1.930000991158469,-6.28,2,1,1,0.02,0.08,0.03,0.15,0.9,0.1,-1.2,0.0,0,0,1,0,0.675,0.44
180,1,-0.8721209764480591,-0.41100117564201355,1.0508944988250732,2.9109175280880923,-1.7910526930025108,0,0,0,0.02,0.08,0.03,0.15,0.9,0.1,-1.2,0.0,0,0,1,0,0.675,0.44
180,2,0.33226099610328674,-0.0576217882335186,-0.5035010576248169,3.9195849813425845,-3.3036135402424405,2,1,1,0.02,0.08,0.03,0.15,0.9,0.1,-1.2,0.0,0,0,1,0,0.675,0.44
180,3,-1.2392139434814453,0.009482135996222496,1.8117340803146362,1.5561490083481482,4.8638353855067376,2,1,1,0.02,0.08,0.03,0.15,0.9,0.1,-1.2,0.0,0,0,1,0,0.675,0.44
180,4,-0.30870795249938965,-0.2075933963060379,-0.37442657351493835,2.4337703635543617,2.594918206291971,2,1,1,0.02,0.08,0.03,0.15,0.9,0.1,-1.2,0.0,0,0,1,0,0.675,0.44
180,5,-0.15581540763378143,0.29171881079673767,-2.9971506595611572,4.443068411082532,-4.734623569802839,2,1,1,0.02,0.08,0.03,0.15,0.9,0.1,-1.2,0.0,0,0,1,0,0.675,0.44
180,6,0.8288381695747375,0.40057605504989624,-0.37158218026161194,0.34636350536094335,1.6690924177753776,2,1,1,0.02,0.08,0.03,0.15,0.9,0.1,-1.2,0.0,0,0,1,0,0.675,0.44
180,7,-0.7141425609588623,0.16951780021190643,0.6986213326454163,4.4578512665813035,-3.133219095544814,2,1,1,0.02,0.08,0.03,0.15,0.9,0.1,-1.2,0.0,0,0,1,0,0.675,0.44
181,0,0.3598794639110565,0.4249427020549774,0.8482106328010559,1.1385369616565846,-6.28,2,1,1,0.02,0.08,0.03,0.15,0.9,0.1,-1.2,0.0,0,0,1,0,0.675,0.44
181,1,-0.8719300627708435,-0.4106452763080597,0.6990391612052917,3.081537017253956,0.742365719683632,0,0,0,0.02,0.08,0.03,0.15,0.9,0.1,-1.2,0.0,0,0,1,0,0.675,0.44
181,2,0.3349251449108124,-0.05928884446620941,-0.6312829256057739,4.24037992251299,-3.8134006638564895,2,1,1,0.02,0.08,0.03,0.15,0.9,0.1,-1.2,0.0,0,0,1,0,0.675,0.44
181,3,-1.2405978441238403,0.013513813726603985,1.976467490196228,1.987006590192468,4.893270218542027,2,1,1,0.02,0.08,0.03,0.15,0.9,0.1,-1.2,0.0,0,0,1,0,0.675,0.44
181,4,-0.3040667772293091,-0.209384948015213,-0.3699546754360199,2.4767894701468465,0.9277227771280615,2,1,1,0.02,0.08,0.03,0.15,0.9,0.1,-1.2,0.0,0,0,1,0,0.675,0.44
181,5,-0.15692932903766632,0.291635662317276,2.9637839794158936,4.659933453442119,-2.8031093479404157,2,1,1,0.02,0.08,0.03,0.15,0.9,0.1,-1.2,0.0,0,0,1,0,0.675,0.44
181,6,0.8307600021362305,0.39986878633499146,-0.32802802324295044,0.017393268745871313,1.7362957777050203,2,1,1,0.02,0.08,0.03,0.15,0.9,0.1,-1.2,0.0,0,0,1,0,0.675,0.44
181,7,-0.7108834981918335,0.1721436083316803,0.5622596144676208,4.520216251633246,-3.57032106407027,2,1,1,0.02,0.08,0.03,0.15,0.9,0.1,-1.2,0.0,0,0,1,0,0.675,0.44
182,0,0.35465919971466064,0.41992780566215515,0.7001354694366455,4.650945531548612,-5.3939452427657795,2,1,1,0.02,0.08,0.03,0.15,0.9,0.1,-1.2,0.0,0,0,1,0,0.675,0.44
182,1,-0.871207058429718,-0.4101795256137848,0.4790925979614258,2.3446570458049782,1.5364573493467366,0,0,0,0.02,0.08,0.03,0.15,0.9,0.1,-1.2,0.0,0,0,1,0,0.675,0.44
182,2,0.33575156331062317,-0.05998993664979935,-0.8618089556694031,4.233890944912021,-3.52096074242789,2,1,1,0.02,0.08,0.03,0.15,0.9,0.1,-1.2,0.0,0,0,1,0,0.675,0.44
182,3,-1.2432509660720825,0.01872488297522068,2.1062631607055664,1.8445949820198548,4.930059530906232,2,1,1,0.02,0.08,0.03,0.15,0.9,0.1,-1.2,0.0,0,0,1,0,0.675,0.44
182,4,-0.299405574798584,-0.2111833393573761,-0.3657505512237549,2.210717216187334,1.2639624849952664,2,1,1,0.02,0.08,0.03,0.15,0.9,0.1,-1.2,0.0,0,0,1,0,0.675,0.44
182,5,-0.15715515613555908,0.29160988330841064,2.608471155166626,5.037914463263202,-0.7343924758564393,2,1,1,0.02,0.08,0.03,0.15,0.9,0.1,-1.2,0.0,0,0,1,0,0.675,0.44
182,6,0.832702100276947,0.39925721287727356,-0.28120431303977966,-0.9965931053370499,2.6380775725322323,2,1,1,0.02,0.08,0.03,0.15,0.9,0.1,-1.2,0.0,0,0,1,0,0.675,0.44
182,7,-0.7093064785003662,0.17295457422733307,0.3092624843120575,4.612298711125767,-2.3804130671738477,2,1,1,0.02,0.08,0.03,0.15,0.9,0.1,-1.2,0.0,0,0,1,0,0.675,0.44
183,0,0.35065728425979614,0.4168839156627655,0.459550142288208,2.6398924231819887,0.45595336843981604,2,1,1,0.02,0.08,0.03,0.15,0.9,0.1,-1.2,0.0,0,0,1,0,0.675,0.44
183,1,-0.8682379126548767,-0.40884578227996826,0.3813914358615875,2.860520002883473,1.4349324497541487,0,0,0,0.02,0.08,0.03,0.15,0.9,0.1,-1.2,0.0,0,0,1,0,0.675,0.44
183,2,0.33598464727401733,-0.06037674844264984,-1.1408660411834717,4.035049408902057,-2.606100432963834,2,1,1,0.02,0.08,0.03,0.15,0.9,0.1,-1.2,0.0,0,0,1,0,0.675,0.44
183,3,-1.2468868494033813,0.02413361892104149,2.2200119495391846,-6.28,6.28,2,1,1,0.02,0.08,0.03,0.15,0.9,0.1,-1.2,0.0,0,0,1,0,0.675,0.44
183,4,-0.29593634605407715,-0.2125541865825653,-0.4082111418247223,1.7858073141457298,1.8081387236617292,2,1,1,0.02,0.08,0.03,0.15,0.9,0.1,-1.2,0.0,0,0,1,0,0.675,0.44
183,5,-0.15840689837932587,0.2926245927810669,2.2851345539093018,5.201323091504061,1.077760623234718,2,1,1,0.02,0.08,0.03,0.15,0.9,0.1,-1.2,0.0,0,0,1,0,0.675,0.44
183,6,0.8344497084617615,0.3987986743450165,-0.22365285456180573,-1.0624092323809005,2.264431206383335,2,1,1,0.02,0.08,0.03,0.15,0.9,0.1,-1.2,0.0,0,0,1,0,0.675,0.44
183,7,-0.7082914710044861,0.1731596440076828,0.026766696944832802,4.690523785099885,-1.000854323430421,2,1,1,0.02,0.08,0.03,0.15,0.9,0.1,-1.2,0.0,0,0,1,0,0.675,0.44
184,0,0.3500896990299225,0.41646119952201843,0.13685566186904907,3.0782335965315286,0.5967792618870366,2,1,1,0.02,0.08,0.03,0.15,0.9,0.1,-1.2,0.0,0,0,1,0,0.675,0.44
184,1,-0.8646278381347656,-0.4074883460998535,0.3435634970664978,3.0893348163429826,1.2504715348669595,0,0,0,0.02,0.08,0.03,0.15,0.9,0.1,-1.2,0.0,0,0,1,0,0.675,0.44
184,2,0.3360300064086914,-0.0605669841170311,-1.4328125715255737,4.230416808582196,-3.284333441711317,2,1,1,0.02,0.08,0.03,0.15,0.9,0.1,-1.2,0.0,0,0,1,0,0.675,0.44
184,3,-1.251104474067688,0.02910141460597515,2.3366196155548096,-6.28,6.28,2,1,1,0.02,0.08,0.03,0.15,0.9,0.1,-1.2,0.0,0,0,1,0,0.675,0.44
184,4,-0.29278525710105896,-0.21399007737636566,-0.44573748111724854,1.5398376949649168,1.9759349885252118,2,1,1,0.02,0.08,0.03,0.15,0.9,0.1,-1.2,0.0,0,0,1,0,0.675,0.44
184,5,-0.16044141352176666,0.29570361971855164,2.0347912311553955,4.714744835362285,-5.583097347659028,2,1,1,0.02,0.08,0.03,0.15,0.9,0.1,-1.2,0.0,0,0,1,0,0.675,0.44
184,6,0.8360897302627563,0.39849933981895447,-0.1094106063246727,-0.4046184304504057,1.3574573229146334,2,1,1,0.02,0.08,0.03,0.15,0.9,0.1,-1.2,0.0,0,0,1,0,0.675,0.44
184,7,-0.7066543698310852,0.17293472588062286,-0.24166224896907806,4.882874921531197,-0.4495789463248287,2,1,1,0.02,0.08,0.03,0.15,0.9,0.1,-1.2,0.0,0,0,1,0,0.675,0.44
185,0,0.35320618748664856,0.41665735840797424,0.020933592692017555,2.966334648594453,0.47622371159439547,2,1,1,0.02,0.08,0.03,0.15,0.9,0.1,-1.2,0.0,0,0,1,0,0.675,0.44
185,1,-0.8606472611427307,-0.4061501622200012,0.2982003092765808,3.982552638931795,-0.9679295300262927,0,0,0,0.02,0.08,0.03,0.15,0.9,0.1,-1.2,0.0,0,0,1,0,0.675,0.44
185,2,0.3360106348991394,-0.06120403856039047,-1.6968410015106201,4.1587367269498685,-3.0366934749585974,2,1,1,0.02,0.08,0.03,0.15,0.9,0.1,-1.2,0.0,0,0,1,0,0.675,0.44
185,3,-1.2517290115356445,0.029826359823346138,2.7350733280181885,-6.28,5.311142244976985,2,1,1,0.02,0.08,0.03,0.15,0.9,0.1,-1.2,0.0,0,0,1,0,0.675,0.44
185,4,-0.2895757555961609,-0.2155541628599167,-0.4517413079738617,1.3262800467818971,2.134347379685347,2,1,1,0.02,0.08,0.03,0.15,0.9,0.1,-1.2,0.0,0,0,1,0,0.675,0.44
185,5,-0.1626318097114563,0.30092260241508484,1.8621195554733276,4.562228623716474,-5.3798249771487585,2,1,1,0.02,0.08,0.03,0.15,0.9,0.1,-1.2,0.0,0,0,1,0,0.675,0.44
185,6,0.8373806476593018,0.3984226584434509,0.010130924172699451,-0.7796651095960987,2.4756693576036697,2,1,1,0.02,0.08,0.03,0.15,0.9,0.1,-1.2,0.0,0,0,1,0,0.675,0.44
185,7,-0.7036268711090088,0.1717899590730667,-0.4562852680683136,4.262422820473414,-0.17882614375822162,2,1,1,0.02,0.08,0.03,0.15,0.9,0.1,-1.2,0.0,0,0,1,0,0.675,0.44
186,0,0.3567793369293213,0.4166043698787689,-0.0624304860830307,-3.6516258622593387,4.46734798236999,2,1,1,0.02,0.08,0.03,0.15,0.9,0.1,-1.2,0.0,0,0,1,0,0.675,0.44
186,1,-0.8564785718917847,-0.40499627590179443,0.23656608164310455,3.9805466858850957,-0.832531190751629,0,0,0,0.02,0.08,0.03,0.15,0.9,0.1,-1.2,0.0,0,0,1,0,0.675,0.44
186,2,0.33580726385116577,-0.0619114451110363,-1.9654186964035034,3.8565731294291927,-1.9046898099389888,2,1,1,0.02,0.08,0.03,0.15,0.9,0.1,-1.2,0.0,0,0,1,0,0.675,0.44
186,3,-1.2502245903015137,0.02914661355316639,2.975487232208252,-6.28,4.812380820334024,2,1,1,0.02,0.08,0.03,0.15,0.9,0.1,-1.2,0.0,0,0,1,0,0.675,0.44
186,4,-0.28639328479766846,-0.21708503365516663,-0.4392632246017456,1.7507155831153427,1.3746599025245945,2,1,1,0.02,0.08,0.03,0.15,0.9,0.1,-1.2,0.0,0,0,1,0,0.675,0.44
186,5,-0.16288451850414276,0.3010467290878296,1.5273405313491821,4.451808999055148,-3.8973336553551916,2,1,1,0.02,0.08,0.03,0.15,0.9,0.1,-1.2,0.0,0,0,1,0,0.675,0.44
186,6,0.8383979201316833,0.39847230911254883,0.08304890990257263,-0.6334268964029499,2.7609149762488294,2,1,1,0.02,0.08,0.03,0.15,0.9,0.1,-1.2,0.0,0,0,1,0,0.675,0.44
186,7,-0.6999801993370056,0.16954784095287323,-0.6457977294921875,4.190781004749461,-0.3271583989488312,2,1,1,0.02,0.08,0.03,0.15,0.9,0.1,-1.2,0.0,0,0,1,0,0.675,0.44
187,0,0.3602432310581207,0.41624680161476135,-0.14934808015823364,-4.75041691332529,4.482669449019178,2,1,1,0.02,0.08,0.03,0.15,0.9,0.1,-1.2,0.0,0,0,1,0,0.675,0.44
187,1,-0.8532451391220093,-0.404400497674942,0.08443024754524231,4.172511398605959,-3.036404913392121,0,0,0,0.02,0.08,0.03,0.15,0.9,0.1,-1.2,0.0,0,0,1,0,0.675,0.44
187,2,0.3355524241924286,-0.0623004250228405,-2.2424073219299316,3.926685553279853,-1.7901810389124817,2,1,1,0.02,0.08,0.03,0.15,0.9,0.1,-1.2,0.0,0,0,1,0,0.675,0.44
187,3,-1.2506011724472046,0.029362767934799194,3.0484328269958496,-5.887446631220436,4.845310276029253,2,1,1,0.02,0.08,0.03,0.15,0.9,0.1,-1.2,0.0,0,0,1,0,0.675,0.44
187,4,-0.2832358479499817,-0.21853011846542358,-0.41344568133354187,1.7364319225467244,2.780608291454646,2,1,1,0.02,0.08,0.03,0.15,0.9,0.1,-1.2,0.0,0,0,1,0,0.675,0.44
187,5,-0.16300000250339508,0.30049774050712585,1.1467286348342896,4.638155910243465,-2.7343627294550346,2,1,1,0.02,0.08,0.03,0.15,0.9,0.1,-1.2,0.0,0,0,1,0,0.675,0.44
187,6,0.8399239182472229,0.39867693185806274,0.18711790442466736,0.18223104902662154,2.204300237929222,2,1,1,0.02,0.08,0.03,0.15,0.9,0.1,-1.2,0.0,0,0,1,0,0.675,0.44
187,7,-0.6968602538108826,0.16677820682525635,-0.8078227639198303,-6.28,6.28,2,1,1,0.02,0.08,0.03,0.15,0.9,0.1,-1.2,0.0,0,0,1,0,0.675,0.44
188,0,0.3615594506263733,0.4160619378089905,0.06309197098016739,-3.4986606304669334,4.411673391409533,2,1,1,0.02,0.08,0.03,0.15,0.9,0.1,-1.2,0.0,0,0,1,0,0.675,0.44
188,1,-0.8501099348068237,-0.4043867588043213,-0.0860346183180809,3.9633730329714454,-2.4875651666603877,0,0,0,0.02,0.08,0.03,0.15,0.9,0.1,-1.2,0.0,0,0,1,0,0.675,0.44
188,2,0.33453568816185,-0.0632522776722908,-2.4681851863861084,3.941443240877175,-1.466183191772485,2,1,1,0.02,0.08,0.03,0.15,0.9,0.1,-1.2,0.0,0,0,1,0,0.675,0.44
188,3,-1.252406120300293,0.02915736474096775,-2.897526741027832,-4.8965580031937685,4.529787179108665,2,1,1,0.02,0.08,0.03,0.15,0.9,0.1,-1.2,0.0,0,0,1,0,0.675,0.44
188,4,-0.2803085446357727,-0.21980395913124084,-0.4183098077774048,1.697480099956887,3.4048245638057852,2,1,1,0.02,0.08,0.03,0.15,0.9,0.1,-1.2,0.0,0,0,1,0,0.675,0.44
188,5,-0.16284194588661194,0.3007185459136963,0.7928370833396912,4.8219956870143825,-0.7011328730863738,2,1,1,0.02,0.08,0.03,0.15,0.9,0.1,-1.2,0.0,0,0,1,0,0.675,0.44
188,6,0.8418934345245361,0.39917880296707153,0.30583128333091736,0.7268168933984299,1.7780593771126354,2,1,1,0.02,0.08,0.03,0.15,0.9,0.1,-1.2,0.0,0,0,1,0,0.675,0.44
188,7,-0.6943827271461487,0.16376085579395294,-0.9652923941612244,6.28,-6.28,2,1,1,0.02,0.08,0.03,0.15,0.9,0.1,-1.2,0.0,0,0,1,0,0.675,0.44
189,0,0.3618619740009308,0.41607406735420227,0.3965564966201782,-0.9031448605586745,4.479606318347294,2,1,1,0.02,0.08,0.03,0.15,0.9,0.1,-1.2,0.0,0,0,1,0,0.675,0.44
189,1,-0.848567545413971,-0.404649555683136,-0.32544466853141785,2.882502691856103,1.2198700692824114,0,0,0,0.02,0.08,0.03,0.15,0.9,0.1,-1.2,0.0,0,0,1,0,0.675,0.44
189,2,0.3327665328979492,-0.06438351422548294,-2.6684410572052,3.9741269586988146,-1.2631198404737165,2,1,1,0.02,0.08,0.03,0.15,0.9,0.1,-1.2,0.0,0,0,1,0,0.675,0.44
189,3,-1.256908655166626,0.027528533712029457,-2.726032018661499,-4.762056337651007,4.504254465339844,2,1,1,0.02,0.08,0.03,0.15,0.9,0.1,-1.2,0.0,0,0,1,0,0.675,0.44
189,4,-0.27642059326171875,-0.2214938998222351,-0.3915954530239105,1.1665251946492667,2.510186454284886,2,1,1,0.02,0.08,0.03,0.15,0.9,0.1,-1.2,0.0,0,0,1,0,0.675,0.44
189,5,-0.16163982450962067,0.3015890121459961,0.4798380136489868,4.916104290518859,0.24436361466083634,2,1,1,0.02,0.08,0.03,0.15,0.9,0.1,-1.2,0.0,0,0,1,0,0.675,0.44
189,6,0.8440776467323303,0.3999871015548706,0.38664838671684265,0.5273335969238655,2.1989970666916965,2,1,1,0.02,0.08,0.03,0.15,0.9,0.1,-1.2,0.0,0,0,1,0,0.675,0.44
189,7,-0.6938658356666565,0.16295388340950012,-0.6297208666801453,-6.28,6.28,2,1,1,0.02,0.08,0.03,0.15,0.9,0.1,-1.2,0.0,0,0,1,0,0.675,0.44
190,0,0.3627132773399353,0.4166000187397003,0.7325103282928467,1.1309597234495077,4.224071930669471,2,1,1,0.02,0.08,0.03,0.15,0.9,0.1,-1.2,0.0,0,0,1,0,0.675,0.44
190,1,-0.8472874760627747,-0.4052641689777374,-0.559394121170044,2.7773289509579757,2.102749083965496,0,0,0,0.02,0.08,0.03,0.15,0.9,0.1,-1.2,0.0,0,0,1,0,0.675,0.44
190,2,0.33052319288253784,-0.06526851654052734,-2.8599514961242676,3.9824928316902737,-1.031452323967816,2,1,1,0.02,0.08,0.03,0.15,0.9,0.1,-1.2,0.0,0,0,1,0,0.675,0.44
190,3,-1.2579371929168701,0.027091458439826965,-2.3985066413879395,-3.686202156788437,4.463181152519775,2,1,1,0.02,0.08,0.03,0.15,0.9,0.1,-1.2,0.0,0,0,1,0,0.675,0.44
190,4,-0.2717651426792145,-0.22328388690948486,-0.3361976742744446,0.650448515695959,3.0746702240810353,2,1,1,0.02,0.08,0.03,0.15,0.9,0.1,-1.2,0.0,0,0,1,0,0.675,0.44
190,5,-0.15816421806812286,0.30286139249801636,0.23203282058238983,4.78141417882535,1.004264805164063,2,1,1,0.02,0.08,0.03,0.15,0.9,0.1,-1.2,0.0,0,0,1,0,0.675,0.44
190,6,0.8463450074195862,0.4009852707386017,0.43029752373695374,1.1607174923246995,1.1448470056327038,2,1,1,0.02,0.08,0.03,0.15,0.9,0.1,-1.2,0.0,0,0,1,0,0.675,0.44
190,7,-0.6938912272453308,0.16290715336799622,-0.9081134796142578,-6.28,6.28,2,1,1,0.02,0.08,0.03,0.15,0.9,0.1,-1.2,0.0,0,0,1,0,0.675,0.44
191,0,0.3645191788673401,0.4186565577983856,0.9633335471153259,4.514046694636916,-5.433228010760738,2,1,1,0.02,0.08,0.03,0.15,0.9,0.1,-1.2,0.0,0,0,1,0,0.675,0.44
191,1,-0.8444097638130188,-0.4073503911495209,-0.6539037227630615,2.322417003447618,2.423075261579206,0,0,0,0.02,0.08,0.03,0.15,0.9,0.1,-1.2,0.0,0,0,1,0,0.675,0.44
191,2,0.32790178060531616,-0.06577751785516739,-3.044635772705078,4.035924389132678,-1.1278124815909258,2,1,1,0.02,0.08,0.03,0.15,0.9,0.1,-1.2,0.0,0,0,1,0,0.675,0.44
191,3,-1.2578071355819702,0.027265170589089394,-2.0434517860412598,-2.3818464745051906,4.648602091977399,2,1,1,0.02,0.08,0.03,0.15,0.9,0.1,-1.2,0.0,0,0,1,0,0.675,0.44
191,4,-0.2679924964904785,-0.22449882328510284,-0.2864394187927246,0.3314234905016738,3.362846611645677,2,1,1,0.02,0.08,0.03,0.15,0.9,0.1,-1.2,0.0,0,0,1,0,0.675,0.44
191,5,-0.15346786379814148,0.3035174310207367,0.0419410839676857,4.646681461098146,1.2931607383025499,2,1,1,0.02,0.08,0.03,0.15,0.9,0.1,-1.2,0.0,0,0,1,0,0.675,0.44
191,6,0.8487510681152344,0.40216660499572754,0.48457562923431396,0.8088321462704865,1.8473097313971931,2,1,1,0.02,0.08,0.03,0.15,0.9,0.1,-1.2,0.0,0,0,1,0,0.675,0.44
191,7,-0.6939175128936768,0.16290098428726196,-0.6261004209518433,-6.28,6.28,2,1,1,0.02,0.08,0.03,0.15,0.9,0.1,-1.2,0.0,0,0,1,0,0.675,0.44
192,0,0.3670293092727661,0.42285507917404175,1.0927163362503052,1.9846257808163819,-6.28,2,1,1,0.02,0.08,0.03,0.15,0.9,0.1,-1.2,0.0,0,0,1,0,0.675,0.44
192,1,-0.8407232165336609,-0.41028645634651184,-0.683628499507904,-0.455059945326239,2.4001430030938007,0,0,0,0.02,0.08,0.03,0.15,0.9,0.1,-1.2,0.0,0,0,1,0,0.675,0.44
192,2,0.32496175169944763,-0.06580805778503418,3.060134172439575,3.5769545791525843,-1.984190129367485,2,1,1,0.02,0.08,0.03,0.15,0.9,0.1,-1.2,0.0,0,0,1,0,0.675,0.44
192,3,-1.257721185684204,0.02740456536412239,-1.7222667932510376,0.21417883343553024,5.458118440492783,2,1,1,0.02,0.08,0.03,0.15,0.9,0.1,-1.2,0.0,0,0,1,0,0.675,0.44
192,4,-0.26439353823661804,-0.22543059289455414,-0.20891964435577393,0.45802254152660593,3.2480497346391224,2,1,1,0.02,0.08,0.03,0.15,0.9,0.1,-1.2,0.0,0,0,1,0,0.675,0.44
192,5,-0.14792996644973755,0.3033351004123688,-0.10064002871513367,3.2082750216863976,0.875674817245892,2,1,1,0.02,0.08,0.03,0.15,0.9,0.1,-1.2,0.0,0,0,1,0,0.675,0.44
192,6,0.8508486747741699,0.40330806374549866,0.4958033263683319,0.38761488404571476,2.404460319126765,2,1,1,0.02,0.08,0.03,0.15,0.9,0.1,-1.2,0.0,0,0,1,0,0.675,0.44
192,7,-0.693923830986023,0.16283026337623596,-0.4429360628128052,-5.270102336907943,4.824413912673621,2,1,1,0.02,0.08,0.03,0.15,0.9,0.1,-1.2,0.0,0,0,1,0,0.675,0.44
193,0,0.3670293986797333,0.42317891120910645,0.8299212455749512,2.0643513646820364,-6.28,2,1,1,0.02,0.08,0.03,0.15,0.9,0.1,-1.2,0.0,0,0,1,0,0.675,0.44
193,1,-0.8370459079742432,-0.41331058740615845,-0.684998095035553,-2.847730559205649,3.797778134142993,0,0,0,0.02,0.08,0.03,0.15,0.9,0.1,-1.2,0.0,0,0,1,0,0.675,0.44
193,2,0.32195770740509033,-0.06529659032821655,2.875671625137329,3.603418988904054,-2.3074830088205203,2,1,1,0.02,0.08,0.03,0.15,0.9,0.1,-1.2,0.0,0,0,1,0,0.675,0.44
193,3,-1.2577102184295654,0.026098936796188354,-1.4449527263641357,1.420923409538981,5.732508774887661,2,1,1,0.02,0.08,0.03,0.15,0.9,0.1,-1.2,0.0,0,0,1,0,0.675,0.44
193,4,-0.2607369124889374,-0.2260274440050125,-0.10672255605459213,0.7303250377650163,2.9698466462047954,2,1,1,0.02,0.08,0.03,0.15,0.9,0.1,-1.2,0.0,0,0,1,0,0.675,0.44
193,5,-0.14210470020771027,0.30239933729171753,-0.2205221951007843,2.8227642297686706,0.752118283720204,2,1,1,0.02,0.08,0.03,0.15,0.9,0.1,-1.2,0.0,0,0,1,0,0.675,0.44
193,6,0.8531089425086975,0.4045630693435669,0.5248131155967712,0.5364520236077926,2.0365827046374387,2,1,1,0.02,0.08,0.03,0.15,0.9,0.1,-1.2,0.0,0,0,1,0,0.675,0.44
193,7,-0.693923830986023,0.16283024847507477,-0.44293487071990967,-5.2269652917478115,4.825899077440161,2,1,1,0.02,0.08,0.03,0.15,0.9,0.1,-1.2,0.0,0,0,1,0,0.675,0.44
194,0,0.3645005524158478,0.4213448762893677,0.4920511543750763,4.362239548001536,-4.761891192399691,2,1,1,0.02,0.08,0.03,0.15,0.9,0.1,-1.2,0.0,0,0,1,0,0.675,0.44
194,1,-0.8350808620452881,-0.41485679149627686,-0.6037912964820862,-3.3501534740710497,4.108020548066932,0,0,0,0.02,0.08,0.03,0.15,0.9,0.1,-1.2,0.0,0,0,1,0,0.675,0.44
194,2,0.31998297572135925,-0.06458187848329544,2.674752712249756,4.715322378348092,-5.563699986676394,2,1,1,0.02,0.08,0.03,0.15,0.9,0.1,-1.2,0.0,0,0,1,0,0.675,0.44
194,3,-1.2566092014312744,0.0217390488833189,-1.2315022945404053,2.216780958935196,5.78140356289406,2,1,1,0.02,0.08,0.03,0.15,0.9,0.1,-1.2,0.0,0,0,1,0,0.675,0.44
194,4,-0.25703567266464233,-0.22623619437217712,-0.0071931276470422745,-1.5181995453556505,2.980763029380629,2,1,1,0.02,0.08,0.03,0.15,0.9,0.1,-1.2,0.0,0,0,1,0,0.675,0.44
194,5,-0.1377750039100647,0.30121922492980957,-0.31048527359962463,3.172692035553688,-0.16284786604531393,2,1,1,0.02,0.08,0.03,0.15,0.9,0.1,-1.2,0.0,0,0,1,0,0.675,0.44
194,6,0.8554622530937195,0.4060157537460327,0.5887800455093384,-0.25491012960281706,2.66269219984271,2,1,1,0.02,0.08,0.03,0.15,0.9,0.1,-1.2,0.0,0,0,1,0,0.675,0.44
194,7,-0.6940575242042542,0.1628340631723404,-0.05326700210571289,-1.7675066228768694,3.6678044700479866,2,1,1,0.02,0.08,0.03,0.15,0.9,0.1,-1.2,0.0,0,0,1,0,0.675,0.44
195,0,0.36405107378959656,0.4210797846317291,0.30846598744392395,5.043538396763332,-2.7192020315760153,2,1,1,0.02,0.08,0.03,0.15,0.9,0.1,-1.2,0.0,0,0,1,0,0.675,0.44
195,1,-0.8340944647789001,-0.41546157002449036,-0.3962421119213104,-3.5040028198857307,4.245708661383134,0,0,0,0.02,0.08,0.03,0.15,0.9,0.1,-1.2,0.0,0,0,1,0,0.675,0.44
195,2,0.31845346093177795,-0.06360357254743576,2.45336651802063,4.498245412743825,-4.615157511658754,2,1,1,0.02,0.08,0.03,0.15,0.9,0.1,-1.2,0.0,0,0,1,0,0.675,0.44
195,3,-1.2539232969284058,0.015876315534114838,-1.059781551361084,2.880969601496069,5.608883021531847,2,1,1,0.02,0.08,0.03,0.15,0.9,0.1,-1.2,0.0,0,0,1,0,0.675,0.44
195,4,-0.25330495834350586,-0.22609783709049225,0.07642126083374023,-1.4438923859294932,2.729189550574037,2,1,1,0.02,0.08,0.03,0.15,0.9,0.1,-1.2,0.0,0,0,1,0,0.675,0.44
195,5,-0.1343272179365158,0.29996728897094727,-0.38456612825393677,-6.28,4.581178061500701,2,1,1,0.02,0.08,0.03,0.15,0.9,0.1,-1.2,0.0,0,0,1,0,0.675,0.44
195,6,0.8575952649116516,0.40753331780433655,0.6451318860054016,-1.2362285558271904,3.3736295256527797,2,1,1,0.02,0.08,0.03,0.15,0.9,0.1,-1.2,0.0,0,0,1,0,0.675,0.44
195,7,-0.692677915096283,0.16295401751995087,0.2833557724952698,-0.1228425102610245,3.134898089833941,2,1,1,0.02,0.08,0.03,0.15,0.9,0.1,-1.2,0.0,0,0,1,0,0.675,0.44
196,0,0.3642660975456238,0.42117542028427124,0.028558863326907158,5.791086981222725,-0.6399677263931626,2,1,1,0.02,0.08,0.03,0.15,0.9,0.1,-1.2,0.0,0,0,1,0,0.675,0.44
196,1,-0.8333249092102051,-0.41571077704429626,-0.13832876086235046,-0.8692139098563884,3.597533986918042,0,0,0,0.02,0.08,0.03,0.15,0.9,0.1,-1.2,0.0,0,0,1,0,0.675,0.44
196,2,0.31860676407814026,-0.06361142545938492,2.102905511856079,4.230061661924739,-2.8558537067071788,2,1,1,0.02,0.08,0.03,0.15,0.9,0.1,-1.2,0.0,0,0,1,0,0.675,0.44
196,3,-1.2497963905334473,0.009621583856642246,-0.918233335018158,1.6281125534817413,4.282358281192228,2,1,1,0.02,0.08,0.03,0.15,0.9,0.1,-1.2,0.0,0,0,1,0,0.675,0.44
196,4,-0.25139904022216797,-0.2258591651916504,0.21877753734588623,-1.4190937255131615,2.824913825726899,2,1,1,0.02,0.08,0.03,0.15,0.9,0.1,-1.2,0.0,0,0,1,0,0.675,0.44
196,5,-0.13149020075798035,0.2986639142036438,-0.4926048815250397,-6.28,5.05511361424229,2,1,1,0.02,0.08,0.03,0.15,0.9,0.1,-1.2,0.0,0,0,1,0,0.675,0.44
196,6,0.8594927787780762,0.4090740978717804,0.737683892250061,-1.8866805218637004,3.7060655517292895,2,1,1,0.02,0.08,0.03,0.15,0.9,0.1,-1.2,0.0,0,0,1,0,0.675,0.44
196,7,-0.6904634833335876,0.1637433022260666,0.5114614963531494,1.0100785005907524,3.0214842226286427,2,1,1,0.02,0.08,0.03,0.15,0.9,0.1,-1.2,0.0,0,0,1,0,0.675,0.44
197,0,0.36579430103302,0.42096230387687683,-0.2877819538116455,6.28,1.526119328324925,2,1,1,0.02,0.08,0.03,0.15,0.9,0.1,-1.2,0.0,0,0,1,0,0.675,0.44
197,1,-0.832525372505188,-0.41574230790138245,0.13613083958625793,-0.41488870189737415,3.3295060764367492,0,0,0,0.02,0.08,0.03,0.15,0.9,0.1,-1.2,0.0,0,0,1,0,0.675,0.44
197,2,0.318590372800827,-0.06359589844942093,1.729387640953064,4.17793262960303,-1.389896836814225,2,1,1,0.02,0.08,0.03,0.15,0.9,0.1,-1.2,0.0,0,0,1,0,0.675,0.44
197,3,-1.2443352937698364,0.0032556939404457808,-0.8056303262710571,4.9556664946090425,-5.263590716298638,2,1,1,0.02,0.08,0.03,0.15,0.9,0.1,-1.2,0.0,0,0,1,0,0.675,0.44
197,4,-0.25012660026550293,-0.22546756267547607,0.36812567710876465,-0.7342279935929941,2.207446151708778,2,1,1,0.02,0.08,0.03,0.15,0.9,0.1,-1.2,0.0,0,0,1,0,0.675,0.44
197,5,-0.13209713995456696,0.2988240420818329,-0.20083780586719513,-6.008332936246298,4.649051686144567,2,1,1,0.02,0.08,0.03,0.15,0.9,0.1,-1.2,0.0,0,0,1,0,0.675,0.44
197,6,0.8610285520553589,0.4106498956680298,0.8880155682563782,-2.227594618023962,3.8411996697120796,2,1,1,0.02,0.08,0.03,0.15,0.9,0.1,-1.2,0.0,0,0,1,0,0.675,0.44
197,7,-0.6880688667297363,0.16529667377471924,0.6454253792762756,1.5159845809570602,3.0062980623348174,2,1,1,0.02,0.08,0.03,0.15,0.9,0.1,-1.2,0.0,0,0,1,0,0.675,0.44
198,0,0.3698331117630005,0.4190968871116638,-0.5642142295837402,-1.1605016097293923,2.13327899989596,2,1,1,0.02,0.08,0.03,0.15,0.9,0.1,-1.2,0.0,0,0,1,0,0.675,0.44
198,1,-0.8302122950553894,-0.41516008973121643,0.3241548538208008,0.24706131631056574,4.0435393320888755,0,0,0,0.02,0.08,0.03,0.15,0.9,0.1,-1.2,0.0,0,0,1,0,0.675,0.44
198,2,0.3185787498950958,-0.062326595187187195,1.4193933010101318,3.9741983156445126,-0.6125435540884506,2,1,1,0.02,0.08,0.03,0.15,0.9,0.1,-1.2,0.0,0,0,1,0,0.675,0.44
198,3,-1.239533543586731,-0.0012931713135913014,-0.701606273651123,6.28,-6.28,2,1,1,0.02,0.08,0.03,0.15,0.9,0.1,-1.2,0.0,0,0,1,0,0.675,0.44
198,4,-0.2488633245229721,-0.22488060593605042,0.5169605016708374,0.059260742967171855,1.4268485682509628,2,1,1,0.02,0.08,0.03,0.15,0.9,0.1,-1.2,0.0,0,0,1,0,0.675,0.44
198,5,-0.1327226161956787,0.2987934350967407,0.2262556105852127,-2.739628351721182,4.39960433357595,2,1,1,0.02,0.08,0.03,0.15,0.9,0.1,-1.2,0.0,0,0,1,0,0.675,0.44
198,6,0.8621076345443726,0.41221103072166443,1.0782028436660767,-2.531341308373098,3.9104552668672445,2,1,1,0.02,0.08,0.03,0.15,0.9,0.1,-1.2,0.0,0,0,1,0,0.675,0.44
198,7,-0.6851162910461426,0.1677241027355194,0.7231926321983337,1.3965651619121846,1.714974984317289,2,1,1,0.02,0.08,0.03,0.15,0.9,0.1,-1.2,0.0,0,0,1,0,0.675,0.44
199,0,0.3754013180732727,0.41464170813560486,-0.7712349891662598,-6.28,4.829194770142676,2,1,1,0.02,0.08,0.03,0.15,0.9,0.1,-1.2,0.0,0,0,1,0,0.675,0.44
199,1,-0.8275463581085205,-0.41405725479125977,0.4598245918750763,0.3488881152976051,3.5336768019091593,0,0,0,0.02,0.08,0.03,0.15,0.9,0.1,-1.2,0.0,0,0,1,0,0.675,0.44
199,2,0.3192906081676483,-0.05997572839260101,1.195072054862976,3.6343456337599522,-0.4086001848513258,2,1,1,0.02,0.08,0.03,0.15,0.9,0.1,-1.2,0.0,0,0,1,0,0.675,0.44
199,3,-1.238778829574585,-0.001803120831027627,-0.9728420376777649,6.28,-6.28,2,1,1,0.02,0.08,0.03,0.15,0.9,0.1,-1.2,0.0,0,0,1,0,0.675,0.44
199,4,-0.24763253331184387,-0.22408638894557953,0.6293239593505859,-0.1226521975316551,2.1178038616298966,2,1,1,0.02,0.08,0.03,0.15,0.9,0.1,-1.2,0.0,0,0,1,0,0.675,0.44
199,5,-0.12960469722747803,0.30024686455726624,0.44028764963150024,-1.0383069640038916,4.661966434172156,2,1,1,0.02,0.08,0.03,0.15,0.9,0.1,-1.2,0.0,0,0,1,0,0.675,0.44
199,6,0.8627634048461914,0.4137443006038666,1.2887238264083862,-3.7579083016757884,4.280723471118692,2,1,1,0.02,0.08,0.03,0.15,0.9,0.1,-1.2,0.0,0,0,1,0,0.675,0.44
199,7,-0.6818917989730835,0.17074106633663177,0.7785421013832092,1.4815571588483256,1.287344491110015,2,1,1,0.02,0.08,0.03,0.15,0.9,0.1,-1.2,0.0,0,0,1,0,0.675,0.44
200,0,0.3770226538181305,0.41299718618392944,-0.7146444320678711,-6.28,4.446836689244052,2,1,1,0.02,0.08,0.03,0.15,0.9,0.1,-1.2,0.0,0,0,1,0,0.675,0.44
200,1,-0.824072539806366,-0.4120402932167053,0.5922375321388245,0.5719019887389012,2.6941243293343717,0,0,0,0.02,0.08,0.03,0.15,0.9,0.1,-1.2,0.0,0,0,1,0,0.675,0.44
200,2,0.320730596780777,-0.05707740783691406,1.0287929773330688,3.9096798659731182,-0.6795211393609106,2,1,1,0.02,0.08,0.03,0.15,0.9,0.1,-1.2,0.0,0,0,1,0,0.675,0.44
200,3,-1.238694190979004,-0.0017178473062813282,-1.4058750867843628,3.724556179883557,-3.2096365295505698,2,1,1,0.02,0.08,0.03,0.15,0.9,0.1,-1.2,0.0,0,0,1,0,0.675,0.44
200,4,-0.2464660108089447,-0.22317169606685638,0.6880932450294495,-0.3491406030586348,2.729178835450096,2,1,1,0.02,0.08,0.03,0.15,0.9,0.1,-1.2,0.0,0,0,1,0,0.675,0.44
200,5,-0.1273149847984314,0.3015674352645874,0.6979023218154907,0.48960939121221286,5.088624161717194,2,1,1,0.02,0.08,0.03,0.15,0.9,0.1,-1.2,0.0,0,0,1,0,0.675,0.44
200,6,0.8630340695381165,0.4151521623134613,1.5129029750823975,-4.384957117766431,4.4392329866741065,2,1,1,0.02,0.08,0.03,0.15,0.9,0.1,-1.2,0.0,0,0,1,0,0.675,0.44
200,7,-0.6795157194137573,0.17315426468849182,0.7976769804954529,1.415949875130633,1.2825381989681262,2,1,1,0.02,0.08,0.03,0.15,0.9,0.1,-1.2,0.0,0,0,1,0,0.675,0.44
201,0,0.37630367279052734,0.41339111328125,-0.3671569228172302,-5.599272228009468,4.421506858594185,2,1,1,0.02,0.08,0.03,0.15,0.9,0.1,-1.2,0.0,0,0,1,0,0.675,0.44
201,1,-0.8209149837493896,-0.40964165329933167,0.7080098390579224,1.1300077477045978,1.7357404671579597,0,0,0,0.02,0.08,0.03,0.15,0.9,0.1,-1.2,0.0,0,0,1,0,0.675,0.44
201,2,0.32260000705718994,-0.054416898638010025,0.884326696395874,3.408538204444299,-0.09282465881864065,2,1,1,0.02,0.08,0.03,0.15,0.9,0.1,-1.2,0.0,0,0,1,0,0.675,0.44
201,3,-1.2386698722839355,-0.0017177365953102708,-1.4957095384597778,3.412976301413896,-2.7610434073109174,2,1,1,0.02,0.08,0.03,0.15,0.9,0.1,-1.2,0.0,0,0,1,0,0.675,0.44
201,4,-0.24504835903644562,-0.22191889584064484,0.760457456111908,-0.6888503960222857,3.396005438182607,2,1,1,0.02,0.08,0.03,0.15,0.9,0.1,-1.2,0.0,0,0,1,0,0.675,0.44
201,5,-0.12524479627609253,0.3037818968296051,0.9341519474983215,3.0951949926162,-1.6186268740875476,2,1,1,0.02,0.08,0.03,0.15,0.9,0.1,-1.2,0.0,0,0,1,0,0.675,0.44
201,6,0.8630078434944153,0.4159057140350342,1.7885394096374512,-4.474585177937899,4.467633488493698,2,1,1,0.02,0.08,0.03,0.15,0.9,0.1,-1.2,0.0,0,0,1,0,0.675,0.44
201,7,-0.6775401830673218,0.17518672347068787,0.7942522764205933,4.395551012594017,-5.576568938239097,2,1,1,0.02,0.08,0.03,0.15,0.9,0.1,-1.2,0.0,0,0,1,0,0.675,0.44
202,0,0.37619996070861816,0.4134872555732727,-0.00209897686727345,-2.110085068987987,4.640162623273514,2,1,1,0.02,0.08,0.03,0.15,0.9,0.1,-1.2,0.0,0,0,1,0,0.675,0.44
202,1,-0.8184430003166199,-0.4073304235935211,0.7895956039428711,1.778149184057061,0.9206077992669439,0,0,0,0.02,0.08,0.03,0.15,0.9,0.1,-1.2,0.0,0,0,1,0,0.675,0.44
202,2,0.3248233199119568,-0.05207391455769539,0.7275002598762512,2.56915861365675,0.6878275831227783,2,1,1,0.02,0.08,0.03,0.15,0.9,0.1,-1.2,0.0,0,0,1,0,0.675,0.44
202,3,-1.2386751174926758,-0.0021331135649234056,-1.686701774597168,2.813958374600508,-2.020320835195338,2,1,1,0.02,0.08,0.03,0.15,0.9,0.1,-1.2,0.0,0,0,1,0,0.675,0.44
202,4,-0.24345818161964417,-0.2202499359846115,0.8626425266265869,-0.36518960528830435,3.4918821686747257,2,1,1,0.02,0.08,0.03,0.15,0.9,0.1,-1.2,0.0,0,0,1,0,0.675,0.44
202,5,-0.12259247153997421,0.3081071972846985,1.1072704792022705,2.5784529515812618,-1.341324465719836,2,1,1,0.02,0.08,0.03,0.15,0.9,0.1,-1.2,0.0,0,0,1,0,0.675,0.44
202,6,0.8629264235496521,0.41618916392326355,2.106201648712158,-2.8793961317341674,3.984145918094015,2,1,1,0.02,0.08,0.03,0.15,0.9,0.1,-1.2,0.0,0,0,1,0,0.675,0.44
202,7,-0.675635814666748,0.17711709439754486,0.7890466451644897,4.466361272737662,-5.152105702400973,2,1,1,0.02,0.08,0.03,0.15,0.9,0.1,-1.2,0.0,0,0,1,0,0.675,0.44
203,0,0.3799976110458374,0.41382667422294617,0.17355398833751678,-0.6514891158971178,4.891560420829623,2,1,1,0.02,0.08,0.03,0.15,0.9,0.1,-1.2,0.0,0,0,1,0,0.675,0.44
203,1,-0.8164235949516296,-0.40519633889198303,0.8212140202522278,4.017911773764256,-3.2738127629377742,0,0,0,0.02,0.08,0.03,0.15,0.9,0.1,-1.2,0.0,0,0,1,0,0.675,0.44
203,2,0.32743027806282043,-0.05005178973078728,0.5972133278846741,2.854590802270159,0.9434638404212485,2,1,1,0.02,0.08,0.03,0.15,0.9,0.1,-1.2,0.0,0,0,1,0,0.675,0.44
203,3,-1.2388216257095337,-0.0027444097213447094,-1.9071941375732422,2.2752034684862337,-1.2027988005094699,2,1,1,0.02,0.08,0.03,0.15,0.9,0.1,-1.2,0.0,0,0,1,0,0.675,0.44
203,4,-0.24187250435352325,-0.21813061833381653,0.9992042183876038,0.4894350113337647,3.0270647016283045,2,1,1,0.02,0.08,0.03,0.15,0.9,0.1,-1.2,0.0,0,0,1,0,0.675,0.44
203,5,-0.1216157004237175,0.3101423382759094,1.0043132305145264,1.700030894339915,-0.17011874666139312,2,1,1,0.02,0.08,0.03,0.15,0.9,0.1,-1.2,0.0,0,0,1,0,0.675,0.44
203,6,0.8629293441772461,0.416241854429245,2.467883825302124,-2.1643779921289594,4.204861632508386,2,1,1,0.02,0.08,0.03,0.15,0.9,0.1,-1.2,0.0,0,0,1,0,0.675,0.44
203,7,-0.6760318875312805,0.17692893743515015,0.5057129859924316,4.1289199282916735,-1.4698766977051927,2,1,1,0.02,0.08,0.03,0.15,0.9,0.1,-1.2,0.0,0,0,1,0,0.675,0.44
204,0,0.38306593894958496,0.4145388603210449,0.4210960865020752,0.9892870057292523,5.225155497911434,2,1,1,0.02,0.08,0.03,0.15,0.9,0.1,-1.2,0.0,0,0,1,0,0.675,0.44
204,1,-0.8145638704299927,-0.4032015800476074,0.8011476397514343,4.12149109807118,-3.4608551735613786,0,0,0,0.02,0.08,0.03,0.15,0.9,0.1,-1.2,0.0,0,0,1,0,0.675,0.44
204,2,0.330208420753479,-0.04833933711051941,0.5202241539955139,3.291819298244472,0.8370726406927667,2,1,1,0.02,0.08,0.03,0.15,0.9,0.1,-1.2,0.0,0,0,1,0,0.675,0.44
204,3,-1.2391440868377686,-0.0034474206622689962,-2.0855398178100586,1.9919405785828843,-0.5214263556033386,2,1,1,0.02,0.08,0.03,0.15,0.9,0.1,-1.2,0.0,0,0,1,0,0.675,0.44
204,4,-0.24041125178337097,-0.21545358002185822,1.1364758014678955,0.9063181360495598,2.880688603570408,2,1,1,0.02,0.08,0.03,0.15,0.9,0.1,-1.2,0.0,0,0,1,0,0.675,0.44
204,5,-0.12086959183216095,0.3111800253391266,0.8599706292152405,1.988969219159312,-0.304339028841796,2,1,1,0.02,0.08,0.03,0.15,0.9,0.1,-1.2,0.0,0,0,1,0,0.675,0.44
204,6,0.8621423840522766,0.41666653752326965,2.7765235900878906,-1.3987744191236124,4.327982190662238,2,1,1,0.02,0.08,0.03,0.15,0.9,0.1,-1.2,0.0,0,0,1,0,0.675,0.44
204,7,-0.6763519048690796,0.17679116129875183,0.12635444104671478,4.28194820294739,-0.4915277576816937,2,1,1,0.02,0.08,0.03,0.15,0.9,0.1,-1.2,0.0,0,0,1,0,0.675,0.44
205,0,0.3863936960697174,0.41654908657073975,0.640352189540863,1.5048787871399893,4.6823132213547325,2,1,1,0.02,0.08,0.03,0.15,0.9,0.1,-1.2,0.0,0,0,1,0,0.675,0.44
205,1,-0.8137532472610474,-0.4023982584476471,0.5893386006355286,3.820457406528282,-2.5918260234822763,0,0,0,0.02,0.08,0.03,0.15,0.9,0.1,-1.2,0.0,0,0,1,0,0.675,0.44
205,2,0.3334659934043884,-0.04661799222230911,0.4535745084285736,3.306168184842808,1.0505125954626817,2,1,1,0.02,0.08,0.03,0.15,0.9,0.1,-1.2,0.0,0,0,1,0,0.675,0.44
205,3,-1.2397091388702393,-0.004297596402466297,-2.2163796424865723,2.136672609508002,0.009370437839002245,2,1,1,0.02,0.08,0.03,0.15,0.9,0.1,-1.2,0.0,0,0,1,0,0.675,0.44
205,4,-0.23914146423339844,-0.2122552990913391,1.234782099723816,1.1920403366700614,2.7002255080207465,2,1,1,0.02,0.08,0.03,0.15,0.9,0.1,-1.2,0.0,0,0,1,0,0.675,0.44
205,5,-0.11986400187015533,0.3122522830963135,0.7798845767974854,3.1393703776340924,-1.4047555691579428,2,1,1,0.02,0.08,0.03,0.15,0.9,0.1,-1.2,0.0,0,0,1,0,0.675,0.44
205,6,0.8606352210044861,0.4170703887939453,3.0326006412506104,-1.642011616576755,4.626062836781021,2,1,1,0.02,0.08,0.03,0.15,0.9,0.1,-1.2,0.0,0,0,1,0,0.675,0.44
205,7,-0.6744590997695923,0.17676736414432526,-0.10874239355325699,4.198965729259526,0.13816291272756298,2,1,1,0.02,0.08,0.03,0.15,0.9,0.1,-1.2,0.0,0,0,1,0,0.675,0.44
206,0,0.3906753361225128,0.4203513562679291,0.8010587692260742,1.0003263034254384,0.8301087267368964,2,1,1,0.02,0.08,0.03,0.15,0.9,0.1,-1.2,0.0,0,0,1,0,0.675,0.44
206,1,-0.8131458163261414,-0.40206408500671387,0.3229154944419861,3.7505140675658466,-1.0517272304839544,0,0,0,0.02,0.08,0.03,0.15,0.9,0.1,-1.2,0.0,0,0,1,0,0.675,0.44
206,2,0.33718550205230713,-0.044983260333538055,0.37126442790031433,2.65129179423355,1.9221039627552647,2,1,1,0.02,0.08,0.03,0.15,0.9,0.1,-1.2,0.0,0,0,1,0,0.675,0.44
206,3,-1.2406038045883179,-0.005363243632018566,-2.310765504837036,1.909190802493256,0.2903555395341435,2,1,1,0.02,0.08,0.03,0.15,0.9,0.1,-1.2,0.0,0,0,1,0,0.675,0.44
206,4,-0.2380538135766983,-0.20868562161922455,1.3078844547271729,1.5650517204737642,2.216381375817342,2,1,1,0.02,0.08,0.03,0.15,0.9,0.1,-1.2,0.0,0,0,1,0,0.675,0.44
206,5,-0.1186448186635971,0.3133675754070282,0.7024397253990173,3.304047776783381,-1.214157621139805,2,1,1,0.02,0.08,0.03,0.15,0.9,0.1,-1.2,0.0,0,0,1,0,0.675,0.44
206,6,0.8581181168556213,0.4170795977115631,-3.037780523300171,-1.3216897682070436,4.572101224829734,2,1,1,0.02,0.08,0.03,0.15,0.9,0.1,-1.2,0.0,0,0,1,0,0.675,0.44
206,7,-0.6711965203285217,0.17607280611991882,-0.2885836064815521,4.332231440789722,-0.21736441119425756,2,1,1,0.02,0.08,0.03,0.15,0.9,0.1,-1.2,0.0,0,0,1,0,0.675,0.44
207,0,0.39469507336616516,0.42503437399864197,0.9196707010269165,3.0694875774776986,-6.28,2,1,1,0.02,0.08,0.03,0.15,0.9,0.1,-1.2,0.0,0,0,1,0,0.675,0.44
207,1,-0.8121441006660461,-0.4018954932689667,0.08509806543588638,3.928223549538526,0.03716912176705452,0,0,0,0.02,0.08,0.03,0.15,0.9,0.1,-1.2,0.0,0,0,1,0,0.675,0.44
207,2,0.3412657380104065,-0.0435849204659462,0.29068291187286377,0.5997357781538876,1.5995269952101046,2,1,1,0.02,0.08,0.03,0.15,0.9,0.1,-1.2,0.0,0,0,1,0,0.675,0.44
207,3,-1.242020606994629,-0.006789796520024538,-2.387799024581909,-3.2677058830627312,3.450596302629849,2,1,1,0.02,0.08,0.03,0.15,0.9,0.1,-1.2,0.0,0,0,1,0,0.675,0.44
207,4,-0.23716437816619873,-0.2049216479063034,1.3640422821044922,3.6706594403234813,0.6257457979224875,2,1,1,0.02,0.08,0.03,0.15,0.9,0.1,-1.2,0.0,0,0,1,0,0.675,0.44
207,5,-0.11725889146327972,0.31440168619155884,0.5584943890571594,3.008306370012968,-0.2497077770538588,2,1,1,0.02,0.08,0.03,0.15,0.9,0.1,-1.2,0.0,0,0,1,0,0.675,0.44
207,6,0.8551614880561829,0.41646504402160645,-2.820946216583252,-1.1909953969558438,4.348523495354936,2,1,1,0.02,0.08,0.03,0.15,0.9,0.1,-1.2,0.0,0,0,1,0,0.675,0.44
207,7,-0.6672921776771545,0.17458418011665344,-0.4365125596523285,-6.28,6.28,2,1,1,0.02,0.08,0.03,0.15,0.9,0.1,-1.2,0.0,0,0,1,0,0.675,0.44
208,0,0.3962666690349579,0.4272063076496124,0.935878574848175,-1.0688100519347654,-6.28,2,1,1,0.02,0.08,0.03,0.15,0.9,0.1,-1.2,0.0,0,0,1,0,0.675,0.44
208,1,-0.80983567237854,-0.401935338973999,-0.09851574897766113,3.4901853581017597,0.7517452650862939,0,0,0,0.02,0.08,0.03,0.15,0.9,0.1,-1.2,0.0,0,0,1,0,0.675,0.44
208,2,0.3456367552280426,-0.04239768907427788,0.2544000744819641,1.582244018424066,1.0660068584846738,2,1,1,0.02,0.08,0.03,0.15,0.9,0.1,-1.2,0.0,0,0,1,0,0.675,0.44
208,3,-1.2436631917953491,-0.00823462288826704,-2.4479904174804688,1.0503706644945783,-0.05732994844511599,2,1,1,0.02,0.08,0.03,0.15,0.9,0.1,-1.2,0.0,0,0,1,0,0.675,0.44
208,4,-0.23645426332950592,-0.20119096338748932,1.3929502964019775,3.719948798142113,0.38649426706630735,2,1,1,0.02,0.08,0.03,0.15,0.9,0.1,-1.2,0.0,0,0,1,0,0.675,0.44
208,5,-0.11546043306589127,0.3153352737426758,0.399277001619339,3.280467823708117,-0.4234979950667022,2,1,1,0.02,0.08,0.03,0.15,0.9,0.1,-1.2,0.0,0,0,1,0,0.675,0.44
208,6,0.852225124835968,0.4151473641395569,-2.610960006713867,-1.2004673925350502,3.973036606026939,2,1,1,0.02,0.08,0.03,0.15,0.9,0.1,-1.2,0.0,0,0,1,0,0.675,0.44
208,7,-0.6636580228805542,0.17255902290344238,-0.5921416282653809,6.28,-6.28,2,1,1,0.02,0.08,0.03,0.15,0.9,0.1,-1.2,0.0,0,0,1,0,0.675,0.44
209,0,0.39469459652900696,0.4255879521369934,0.6691733002662659,0.9707662271069402,-6.28,2,1,1,0.02,0.08,0.03,0.15,0.9,0.1,-1.2,0.0,0,0,1,0,0.675,0.44
209,1,-0.8062783479690552,-0.40257927775382996,-0.24423716962337494,3.816721589342193,1.3153416556768376,0,0,0,0.02,0.08,0.03,0.15,0.9,0.1,-1.2,0.0,0,0,1,0,0.675,0.44
209,2,0.3482215106487274,-0.041729215532541275,0.27759215235710144,0.929877985997521,1.3914986295345448,2,1,1,0.02,0.08,0.03,0.15,0.9,0.1,-1.2,0.0,0,0,1,0,0.675,0.44
209,3,-1.2441160678863525,-0.008600938133895397,-2.2697806358337402,-2.775478059483101,3.1054050249270393,2,1,1,0.02,0.08,0.03,0.15,0.9,0.1,-1.2,0.0,0,0,1,0,0.675,0.44
209,4,-0.23562026023864746,-0.19708430767059326,1.3118177652359009,3.9138193691821677,-0.46649253063609436,2,1,1,0.02,0.08,0.03,0.15,0.9,0.1,-1.2,0.0,0,0,1,0,0.675,0.44
209,5,-0.11297231167554855,0.31618690490722656,0.2760260999202728,2.7037408207012605,0.07903518267731967,2,1,1,0.02,0.08,0.03,0.15,0.9,0.1,-1.2,0.0,0,0,1,0,0.675,0.44
209,6,0.8496342301368713,0.413282573223114,-2.413957357406616,-0.9757232856165116,3.31139843867302,2,1,1,0.02,0.08,0.03,0.15,0.9,0.1,-1.2,0.0,0,0,1,0,0.675,0.44
209,7,-0.6630491614341736,0.17205482721328735,-0.2647385597229004,-6.28,6.28,2,1,1,0.02,0.08,0.03,0.15,0.9,0.1,-1.2,0.0,0,0,1,0,0.675,0.44
210,0,0.3893091678619385,0.4224691092967987,0.4268842935562134,4.728290207318858,-5.508408920540436,2,1,1,0.02,0.08,0.03,0.15,0.9,0.1,-1.2,0.0,0,0,1,0,0.675,0.44
210,1,-0.8022838830947876,-0.4038158655166626,-0.3478379547595978,3.3307248960199667,1.7006605768575223,0,0,0,0.02,0.08,0.03,0.15,0.9,0.1,-1.2,0.0,0,0,1,0,0.675,0.44
210,2,0.3506801724433899,-0.04102699086070061,0.2701475918292999,1.4837494328473486,0.9381828237629524,2,1,1,0.02,0.08,0.03,0.15,0.9,0.1,-1.2,0.0,0,0,1,0,0.675,0.44
210,3,-1.24462890625,-0.009265515021979809,-2.2543728351593018,0.23951034126841117,0.6201296734269526,2,1,1,0.02,0.08,0.03,0.15,0.9,0.1,-1.2,0.0,0,0,1,0,0.675,0.44
210,4,-0.23434290289878845,-0.1931295096874237,1.1963008642196655,3.609417125303037,0.2557245625366109,2,1,1,0.02,0.08,0.03,0.15,0.9,0.1,-1.2,0.0,0,0,1,0,0.675,0.44
210,5,-0.11019737273454666,0.31679418683052063,0.14917221665382385,2.9646434194478934,-0.9510174754820566,2,1,1,0.02,0.08,0.03,0.15,0.9,0.1,-1.2,0.0,0,0,1,0,0.675,0.44
210,6,0.8476751446723938,0.41120484471321106,-2.229973316192627,-1.6374417033018527,3.3367705942199906,2,1,1,0.02,0.08,0.03,0.15,0.9,0.1,-1.2,0.0,0,0,1,0,0.675,0.44
210,7,-0.6630455255508423,0.17199143767356873,-0.5411089062690735,6.28,-6.28,2,1,1,0.02,0.08,0.03,0.15,0.9,0.1,-1.2,0.0,0,0,1,0,0.675,0.44
211,0,0.3838909864425659,0.4206726551055908,0.14929163455963135,-0.823421736759421,2.454886612837074,2,1,1,0.02,0.08,0.03,0.15,0.9,0.1,-1.2,0.0,0,0,1,0,0.675,0.44
211,1,-0.7977128624916077,-0.40571483969688416,-0.43694162368774414,2.89130460606849,2.0092487894446704,0,0,0,0.02,0.08,0.03,0.15,0.9,0.1,-1.2,0.0,0,0,1,0,0.675,0.44
211,2,0.352979451417923,-0.04039011523127556,0.2795168459415436,0.8459875097404588,1.2740173840791067,2,1,1,0.02,0.08,0.03,0.15,0.9,0.1,-1.2,0.0,0,0,1,0,0.675,0.44
211,3,-1.2449122667312622,-0.00963238812983036,-2.0964059829711914,-4.145254897777435,4.25575356085824,2,1,1,0.02,0.08,0.03,0.15,0.9,0.1,-1.2,0.0,0,0,1,0,0.675,0.44
211,4,-0.23281767964363098,-0.18987500667572021,1.0493472814559937,3.2024316221283278,0.8255002712041662,2,1,1,0.02,0.08,0.03,0.15,0.9,0.1,-1.2,0.0,0,0,1,0,0.675,0.44
211,5,-0.10741298645734787,0.31706711649894714,0.04968663677573204,3.3165516375622253,-2.0052542720043394,2,1,1,0.02,0.08,0.03,0.15,0.9,0.1,-1.2,0.0,0,0,1,0,0.675,0.44
211,6,0.8463432788848877,0.4091825485229492,-2.0737078189849854,-2.379463572781081,3.5098237409200954,2,1,1,0.02,0.08,0.03,0.15,0.9,0.1,-1.2,0.0,0,0,1,0,0.675,0.44
211,7,-0.6630558371543884,0.1719057410955429,-0.2573443651199341,-6.28,6.266004122190258,2,1,1,0.02,0.08,0.03,0.15,0.9,0.1,-1.2,0.0,0,0,1,0,0.675,0.44
212,0,0.38509514927864075,0.42057985067367554,-0.09796874970197678,-3.0541680885401714,3.3058043040317218,2,1,1,0.02,0.08,0.03,0.15,0.9,0.1,-1.2,0.0,0,0,1,0,0.675,0.44
212,1,-0.7932168841362,-0.40800610184669495,-0.5000683665275574,-0.24650843503280073,2.0685687034050986,0,0,0,0.02,0.08,0.03,0.15,0.9,0.1,-1.2,0.0,0,0,1,0,0.675,0.44
212,2,0.35528865456581116,-0.0397319421172142,0.2674453556537628,1.011165330091331,1.199575092878412,2,1,1,0.02,0.08,0.03,0.15,0.9,0.1,-1.2,0.0,0,0,1,0,0.675,0.44
212,3,-1.245257019996643,-0.01029497105628252,-2.044452428817749,-2.914578847738468,4.072037772893699,2,1,1,0.02,0.08,0.03,0.15,0.9,0.1,-1.2,0.0,0,0,1,0,0.675,0.44
212,4,-0.23071913421154022,-0.1867186427116394,0.9241737127304077,3.1571973625926613,0.6800603223827562,2,1,1,0.02,0.08,0.03,0.15,0.9,0.1,-1.2,0.0,0,0,1,0,0.675,0.44
212,5,-0.1052451878786087,0.31705915927886963,-0.07873266935348511,3.0572488307434695,-1.6572484280793733,2,1,1,0.02,0.08,0.03,0.15,0.9,0.1,-1.2,0.0,0,0,1,0,0.675,0.44
212,6,0.8455844521522522,0.4075225591659546,-1.904125690460205,-2.9918040178451406,3.788726680748774,2,1,1,0.02,0.08,0.03,0.15,0.9,0.1,-1.2,0.0,0,0,1,0,0.675,0.44
212,7,-0.663056492805481,0.1718527227640152,-0.5375120639801025,6.28,-6.28,2,1,1,0.02,0.08,0.03,0.15,0.9,0.1,-1.2,0.0,0,0,1,0,0.675,0.44
213,0,0.3869757652282715,0.42039254307746887,-0.05158897861838341,-5.590402980353343,5.303665648646395,2,1,1,0.02,0.08,0.03,0.15,0.9,0.1,-1.2,0.0,0,0,1,0,0.675,0.44
213,1,-0.788949191570282,-0.4104549288749695,-0.5360906720161438,-1.2426477485910064,2.8222704573176807,0,0,0,0.02,0.08,0.03,0.15,0.9,0.1,-1.2,0.0,0,0,1,0,0.675,0.44
213,2,0.35739123821258545,-0.03915606066584587,0.2756398618221283,-0.17994847443904577,1.8135522451594908,2,1,1,0.02,0.08,0.03,0.15,0.9,0.1,-1.2,0.0,0,0,1,0,0.675,0.44
213,3,-1.245362639427185,-0.010534987784922123,-1.804497480392456,-2.3107509980993615,3.98224616777937,2,1,1,0.02,0.08,0.03,0.15,0.9,0.1,-1.2,0.0,0,0,1,0,0.675,0.44
213,4,-0.2281562238931656,-0.18365578353405,0.8340577483177185,2.9482705013782953,0.8038709893994261,2,1,1,0.02,0.08,0.03,0.15,0.9,0.1,-1.2,0.0,0,0,1,0,0.675,0.44
213,5,-0.10379428416490555,0.31683868169784546,-0.2566876709461212,3.3298820299818392,-1.9154001541061623,2,1,1,0.02,0.08,0.03,0.15,0.9,0.1,-1.2,0.0,0,0,1,0,0.675,0.44
213,6,0.8452728986740112,0.4063164293766022,-1.7035411596298218,-1.64763191542952,3.054812548028291,2,1,1,0.02,0.08,0.03,0.15,0.9,0.1,-1.2,0.0,0,0,1,0,0.675,0.44
213,7,-0.6630713939666748,0.1717676818370819,-0.2526839077472687,-6.28,6.109872741075303,2,1,1,0.02,0.08,0.03,0.15,0.9,0.1,-1.2,0.0,0,0,1,0,0.675,0.44
214,0,0.38755562901496887,0.4203931987285614,0.1535819172859192,-3.4270678557362153,3.7946089900936673,2,1,1,0.02,0.08,0.03,0.15,0.9,0.1,-1.2,0.0,0,0,1,0,0.675,0.44
214,1,-0.78685462474823,-0.41168975830078125,-0.4769429862499237,-2.018167845458649,3.324578417950235,0,0,0,0.02,0.08,0.03,0.15,0.9,0.1,-1.2,0.0,0,0,1,0,0.675,0.44
214,2,0.35949796438217163,-0.03855002298951149,0.28395697474479675,-0.7585286250109082,2.1123889130340796,2,1,1,0.02,0.08,0.03,0.15,0.9,0.1,-1.2,0.0,0,0,1,0,0.675,0.44
214,3,-1.245432734489441,-0.011491146869957447,-1.5476524829864502,-1.6116662682029315,3.884645545220003,2,1,1,0.02,0.08,0.03,0.15,0.9,0.1,-1.2,0.0,0,0,1,0,0.675,0.44
214,4,-0.22543537616729736,-0.1809002161026001,0.7480040788650513,2.9728942758366594,0.5806901782322572,2,1,1,0.02,0.08,0.03,0.15,0.9,0.1,-1.2,0.0,0,0,1,0,0.675,0.44
214,5,-0.10247913002967834,0.3163753151893616,-0.4275454878807068,2.4506147121721047,-0.5933027344766102,2,1,1,0.02,0.08,0.03,0.15,0.9,0.1,-1.2,0.0,0,0,1,0,0.675,0.44
214,6,0.845230758190155,0.40545278787612915,-1.4711028337478638,-0.1994236343359098,2.3411402915607034,2,1,1,0.02,0.08,0.03,0.15,0.9,0.1,-1.2,0.0,0,0,1,0,0.675,0.44
214,7,-0.6630774140357971,0.17171642184257507,-0.5333407521247864,-6.28,6.28,2,1,1,0.02,0.08,0.03,0.15,0.9,0.1,-1.2,0.0,0,0,1,0,0.675,0.44
215,0,0.38745245337486267,0.42033112049102783,0.5107964277267456,-0.5110786125627567,3.117774062261793,2,1,1,0.02,0.08,0.03,0.15,0.9,0.1,-1.2,0.0,0,0,1,0,0.675,0.44
215,1,-0.785368800163269,-0.4123614728450775,-0.34618762135505676,-2.53036494782506,3.6401841980063776,0,0,0,0.02,0.08,0.03,0.15,0.9,0.1,-1.2,0.0,0,0,1,0,0.675,0.44
215,2,0.36116883158683777,-0.03803214058279991,0.34126585721969604,-1.3135850179898374,2.3074760045249874,2,1,1,0.02,0.08,0.03,0.15,0.9,0.1,-1.2,0.0,0,0,1,0,0.675,0.44
215,3,-1.245206594467163,-0.01316466461867094,-1.3180667161941528,-0.9720289220601952,3.791708775117986,2,1,1,0.02,0.08,0.03,0.15,0.9,0.1,-1.2,0.0,0,0,1,0,0.675,0.44
215,4,-0.22257553040981293,-0.1784472018480301,0.67051762342453,3.3215887015234395,-0.23461171579346185,2,1,1,0.02,0.08,0.03,0.15,0.9,0.1,-1.2,0.0,0,0,1,0,0.675,0.44
215,5,-0.10122954845428467,0.31567952036857605,-0.6086782217025757,3.1147555240521663,-1.3389305337821493,2,1,1,0.02,0.08,0.03,0.15,0.9,0.1,-1.2,0.0,0,0,1,0,0.675,0.44
215,6,0.845481276512146,0.4042850434780121,-1.2849382162094116,-0.6433566807236647,2.9929631409699313,2,1,1,0.02,0.08,0.03,0.15,0.9,0.1,-1.2,0.0,0,0,1,0,0.675,0.44
215,7,-0.6632088422775269,0.17167894542217255,-0.2530403137207031,-6.28,6.28,2,1,1,0.02,0.08,0.03,0.15,0.9,0.1,-1.2,0.0,0,0,1,0,0.675,0.44
216,0,0.38751161098480225,0.42053449153900146,0.8259328603744507,0.9194863291131861,3.3011697153128003,2,1,1,0.02,0.08,0.03,0.15,0.9,0.1,-1.2,0.0,0,0,1,0,0.675,0.44
216,1,-0.7840530872344971,-0.4127359986305237,-0.16702011227607727,-2.81953777261153,3.82401904724613,0,0,0,0.02,0.08,0.03,0.15,0.9,0.1,-1.2,0.0,0,0,1,0,0.675,0.44
216,2,0.3624788820743561,-0.03751075640320778,0.4359784722328186,1.9946556196524265,1.7018857563647425,2,1,1,0.02,0.08,0.03,0.15,0.9,0.1,-1.2,0.0,0,0,1,0,0.675,0.44
216,3,-1.2443797588348389,-0.015409095212817192,-1.11201810836792,-0.18819342344452983,3.561154414628302,2,1,1,0.02,0.08,0.03,0.15,0.9,0.1,-1.2,0.0,0,0,1,0,0.675,0.44
216,4,-0.21967613697052002,-0.17632462084293365,0.5883550047874451,3.219497292296636,-2.246014269843238,2,1,1,0.02,0.08,0.03,0.15,0.9,0.1,-1.2,0.0,0,0,1,0,0.675,0.44
216,5,-0.09987186640501022,0.3145761489868164,-0.7315910458564758,3.7833859379305355,-2.476348625413507,2,1,1,0.02,0.08,0.03,0.15,0.9,0.1,-1.2,0.0,0,0,1,0,0.675,0.44
216,6,0.846152126789093,0.4024694859981537,-1.1794594526290894,-1.3359607180435162,3.523015625330516,2,1,1,0.02,0.08,0.03,0.15,0.9,0.1,-1.2,0.0,0,0,1,0,0.675,0.44
216,7,-0.663242518901825,0.1716841459274292,0.01829501986503601,-6.28,5.129727535319316,2,1,1,0.02,0.08,0.03,0.15,0.9,0.1,-1.2,0.0,0,0,1,0,0.675,0.44
217,0,0.388809472322464,0.42227035760879517,0.99168461561203,0.3104721978514833,1.283297813002331,2,1,1,0.02,0.08,0.03,0.15,0.9,0.1,-1.2,0.0,0,0,1,0,0.675,0.44
217,1,-0.7829003930091858,-0.4128202497959137,0.04468094930052757,-2.928528643126689,3.8998642963423356,0,0,0,0.02,0.08,0.03,0.15,0.9,0.1,-1.2,0.0,0,0,1,0,0.675,0.44
217,2,0.36342036724090576,-0.03701312467455864,0.5580411553382874,1.4157112467007311,1.3209048424929992,2,1,1,0.02,0.08,0.03,0.15,0.9,0.1,-1.2,0.0,0,0,1,0,0.675,0.44
217,3,-1.2427127361297607,-0.018117118626832962,-0.9240272641181946,0.03479716369703609,3.6383916297715535,2,1,1,0.02,0.08,0.03,0.15,0.9,0.1,-1.2,0.0,0,0,1,0,0.675,0.44
217,4,-0.21694396436214447,-0.17468979954719543,0.4716304838657379,3.681567394263921,-3.0223530290058624,2,1,1,0.02,0.08,0.03,0.15,0.9,0.1,-1.2,0.0,0,0,1,0,0.675,0.44
217,5,-0.09861578792333603,0.31329041719436646,-0.878029465675354,3.5612287548482495,-1.920198331703391,2,1,1,0.02,0.08,0.03,0.15,0.9,0.1,-1.2,0.0,0,0,1,0,0.675,0.44
217,6,0.8471508026123047,0.40039411187171936,-1.0597922801971436,-0.9611355967397449,3.4207864604905143,2,1,1,0.02,0.08,0.03,0.15,0.9,0.1,-1.2,0.0,0,0,1,0,0.675,0.44
217,7,-0.6632424592971802,0.1716841608285904,0.01829311065375805,-6.28,5.604785767906164,2,1,1,0.02,0.08,0.03,0.15,0.9,0.1,-1.2,0.0,0,0,1,0,0.675,0.44
218,0,0.39075395464897156,0.42559346556663513,1.083604097366333,0.7343233950564826,-6.28,2,1,1,0.02,0.08,0.03,0.15,0.9,0.1,-1.2,0.0,0,0,1,0,0.675,0.44
218,1,-0.7819328308105469,-0.41267555952072144,0.2773699462413788,-2.985849188693226,3.9272132795829187,0,0,0,0.02,0.08,0.03,0.15,0.9,0.1,-1.2,0.0,0,0,1,0,0.675,0.44
218,2,0.36605480313301086,-0.03528290614485741,0.5749610662460327,1.243500375548456,1.3759664466951291,2,1,1,0.02,0.08,0.03,0.15,0.9,0.1,-1.2,0.0,0,0,1,0,0.675,0.44
218,3,-1.2403010129928589,-0.020839491859078407,-0.7728926539421082,0.3535055157418074,3.593026374496424,2,1,1,0.02,0.08,0.03,0.15,0.9,0.1,-1.2,0.0,0,0,1,0,0.675,0.44
218,4,-0.21565954387187958,-0.17412780225276947,0.2927466928958893,3.72051506307728,-3.047798851967351,2,1,1,0.02,0.08,0.03,0.15,0.9,0.1,-1.2,0.0,0,0,1,0,0.675,0.44
218,5,-0.09779916703701019,0.31213849782943726,-1.085805892944336,3.6681097814302253,-1.869787983149309,2,1,1,0.02,0.08,0.03,0.15,0.9,0.1,-1.2,0.0,0,0,1,0,0.675,0.44
218,6,0.8483788371086121,0.39853155612945557,-0.8975111246109009,-0.9346278741379065,3.585469638091683,2,1,1,0.02,0.08,0.03,0.15,0.9,0.1,-1.2,0.0,0,0,1,0,0.675,0.44
218,7,-0.6638293862342834,0.17155639827251434,0.3277184069156647,-3.893803014797967,4.3124967800591705,2,1,1,0.02,0.08,0.03,0.15,0.9,0.1,-1.2,0.0,0,0,1,0,0.675,0.44
219,0,0.39170071482658386,0.4274905323982239,1.127326488494873,-1.005481229447397,-6.28,2,1,1,0.02,0.08,0.03,0.15,0.9,0.1,-1.2,0.0,0,0,1,0,0.675,0.44
219,1,-0.7810768485069275,-0.4123052656650543,0.518160879611969,1.4822865100153426,0.8926378498298323,0,0,0,0.02,0.08,0.03,0.15,0.9,0.1,-1.2,0.0,0,0,1,0,0.675,0.44
219,2,0.3685145080089569,-0.03369594365358353,0.5700349807739258,-2.3529447534727104,2.7804419913934724,2,1,1,0.02,0.08,0.03,0.15,0.9,0.1,-1.2,0.0,0,0,1,0,0.675,0.44
219,3,-1.2372852563858032,-0.023397093638777733,-0.6338878870010376,-1.7944152309005854,3.5257359738590837,2,1,1,0.02,0.08,0.03,0.15,0.9,0.1,-1.2,0.0,0,0,1,0,0.675,0.44
219,4,-0.21495024859905243,-0.1739748865365982,0.06506408751010895,2.7977099007001884,0.8049297172286304,2,1,1,0.02,0.08,0.03,0.15,0.9,0.1,-1.2,0.0,0,0,1,0,0.675,0.44
219,5,-0.09720053523778915,0.3106737732887268,-1.284281849861145,3.620382078168892,-1.6763117373970404,2,1,1,0.02,0.08,0.03,0.15,0.9,0.1,-1.2,0.0,0,0,1,0,0.675,0.44
219,6,0.8500221371650696,0.3967619240283966,-0.7399853467941284,-1.329461009519055,3.877694619185601,2,1,1,0.02,0.08,0.03,0.15,0.9,0.1,-1.2,0.0,0,0,1,0,0.675,0.44
219,7,-0.6608030200004578,0.17349033057689667,0.5691448450088501,-3.0950241911628766,4.051645082208282,2,1,1,0.02,0.08,0.03,0.15,0.9,0.1,-1.2,0.0,0,0,1,0,0.675,0.44
220,0,0.38951990008354187,0.42403262853622437,0.9305688142776489,4.965376307703864,-6.28,2,1,1,0.02,0.08,0.03,0.15,0.9,0.1,-1.2,0.0,0,0,1,0,0.675,0.44
220,1,-0.7803444266319275,-0.4117458760738373,0.7616460919380188,1.9460566689049146,-0.13476144520456929,0,0,0,0.02,0.08,0.03,0.15,0.9,0.1,-1.2,0.0,0,0,1,0,0.675,0.44
220,2,0.37073710560798645,-0.03226957842707634,0.5730595588684082,-2.3362876711509717,2.5638271806858075,2,1,1,0.02,0.08,0.03,0.15,0.9,0.1,-1.2,0.0,0,0,1,0,0.675,0.44
220,3,-1.2337439060211182,-0.025661714375019073,-0.5070056915283203,-1.368704041038895,3.2594391715171325,2,1,1,0.02,0.08,0.03,0.15,0.9,0.1,-1.2,0.0,0,0,1,0,0.675,0.44
220,4,-0.21420244872570038,-0.1740027517080307,-0.17588695883750916,2.9451970443826623,0.9222599725090104,2,1,1,0.02,0.08,0.03,0.15,0.9,0.1,-1.2,0.0,0,0,1,0,0.675,0.44
220,5,-0.09686770290136337,0.3089315593242645,-1.4784504175186157,4.603727054178782,-6.28,2,1,1,0.02,0.08,0.03,0.15,0.9,0.1,-1.2,0.0,0,0,1,0,0.675,0.44
220,6,0.8520833849906921,0.39514467120170593,-0.5820825695991516,-1.2127219099267945,3.663482537717898,2,1,1,0.02,0.08,0.03,0.15,0.9,0.1,-1.2,0.0,0,0,1,0,0.675,0.44
220,7,-0.6593554615974426,0.17450504004955292,0.8740640878677368,-0.6890103088551057,3.8553735151514776,2,1,1,0.02,0.08,0.03,0.15,0.9,0.1,-1.2,0.0,0,0,1,0,0.675,0.44
221,0,0.3849303424358368,0.4189540445804596,0.7123402953147888,2.2812874793488755,5.504268604188914,2,1,1,0.02,0.08,0.03,0.15,0.9,0.1,-1.2,0.0,0,0,1,0,0.675,0.44
221,1,-0.7789018154144287,-0.4102432131767273,0.7915863394737244,2.3316688319480074,-1.5333805233056683,0,0,0,0.02,0.08,0.03,0.15,0.9,0.1,-1.2,0.0,0,0,1,0,0.675,0.44
221,2,0.3714595139026642,-0.031791627407073975,0.7183723449707031,2.2254679329733897,-0.8299965389113472,2,1,1,0.02,0.08,0.03,0.15,0.9,0.1,-1.2,0.0,0,0,1,0,0.675,0.44
221,3,-1.2313477993011475,-0.026769649237394333,-0.31861844658851624,-1.1718834135985525,3.349721263277601,2,1,1,0.02,0.08,0.03,0.15,0.9,0.1,-1.2,0.0,0,0,1,0,0.675,0.44
221,4,-0.21124771237373352,-0.17475517094135284,-0.2824721038341522,3.218738894910832,-1.2833816634459985,2,1,1,0.02,0.08,0.03,0.15,0.9,0.1,-1.2,0.0,0,0,1,0,0.675,0.44
221,5,-0.09686077386140823,0.3070123493671417,-1.6660151481628418,4.1278219266343035,-6.28,2,1,1,0.02,0.08,0.03,0.15,0.9,0.1,-1.2,0.0,0,0,1,0,0.675,0.44
221,6,0.854347288608551,0.3939092755317688,-0.4038100838661194,-1.29584552364107,3.4508777881072135,2,1,1,0.02,0.08,0.03,0.15,0.9,0.1,-1.2,0.0,0,0,1,0,0.675,0.44
221,7,-0.658918023109436,0.17525114119052887,1.186012625694275,0.9303336692293362,3.6368348415549088,2,1,1,0.02,0.08,0.03,0.15,0.9,0.1,-1.2,0.0,0,0,1,0,0.675,0.44
222,0,0.38304460048675537,0.41757020354270935,0.3270812928676605,0.8030309494045432,5.603970166666305,2,1,1,0.02,0.08,0.03,0.15,0.9,0.1,-1.2,0.0,0,0,1,0,0.675,0.44
222,1,-0.7775264382362366,-0.408907949924469,0.7279050350189209,2.9675901934558393,-1.7479359770463962,0,0,0,0.02,0.08,0.03,0.15,0.9,0.1,-1.2,0.0,0,0,1,0,0.675,0.44
222,2,0.3716456890106201,-0.03160513564944267,0.8926618099212646,3.488803324153495,-2.766446527888846,2,1,1,0.02,0.08,0.03,0.15,0.9,0.1,-1.2,0.0,0,0,1,0,0.675,0.44
222,3,-1.2291007041931152,-0.027274109423160553,-0.13568627834320068,-1.5096521919206896,3.851589999005567,2,1,1,0.02,0.08,0.03,0.15,0.9,0.1,-1.2,0.0,0,0,1,0,0.675,0.44
222,4,-0.20762328803539276,-0.1759347915649414,-0.3524768650531769,2.6726531558284665,-0.6555251944226715,2,1,1,0.02,0.08,0.03,0.15,0.9,0.1,-1.2,0.0,0,0,1,0,0.675,0.44
222,5,-0.09659835696220398,0.30774641036987305,-2.0207858085632324,3.882202100609608,-6.28,2,1,1,0.02,0.08,0.03,0.15,0.9,0.1,-1.2,0.0,0,0,1,0,0.675,0.44
222,6,0.8566982746124268,0.39312535524368286,-0.23014457523822784,-0.7522608502306093,2.7626404351282905,2,1,1,0.02,0.08,0.03,0.15,0.9,0.1,-1.2,0.0,0,0,1,0,0.675,0.44
222,7,-0.6581458449363708,0.17811013758182526,1.389543890953064,1.9228878808047374,3.81132373313688,2,1,1,0.02,0.08,0.03,0.15,0.9,0.1,-1.2,0.0,0,0,1,0,0.675,0.44
223,0,0.3889160752296448,0.4193863868713379,0.3411763906478882,0.15667341085609346,4.766746047504282,2,1,1,0.02,0.08,0.03,0.15,0.9,0.1,-1.2,0.0,0,0,1,0,0.675,0.44
223,1,-0.7767570614814758,-0.40827178955078125,0.6042711734771729,0.9977604360738048,1.9471469280184064,0,0,0,0.02,0.08,0.03,0.15,0.9,0.1,-1.2,0.0,0,0,1,0,0.675,0.44
223,2,0.37237638235092163,-0.030700692906975746,0.8403010368347168,3.051050407688984,-2.1289190183094804,2,1,1,0.02,0.08,0.03,0.15,0.9,0.1,-1.2,0.0,0,0,1,0,0.675,0.44
223,3,-1.2266041040420532,-0.027401821687817574,0.03695521876215935,-1.3719231249334634,3.965738273417021,2,1,1,0.02,0.08,0.03,0.15,0.9,0.1,-1.2,0.0,0,0,1,0,0.675,0.44
223,4,-0.2054838240146637,-0.17684154212474823,-0.4931268095970154,3.2055833547474295,-1.1513534115949644,2,1,1,0.02,0.08,0.03,0.15,0.9,0.1,-1.2,0.0,0,0,1,0,0.675,0.44
223,5,-0.09557303041219711,0.30877721309661865,-2.421313524246216,4.284953831947534,-5.136334477024048,2,1,1,0.02,0.08,0.03,0.15,0.9,0.1,-1.2,0.0,0,0,1,0,0.675,0.44
223,6,0.8588892221450806,0.39278700947761536,-0.06267900764942169,0.25260144618476693,2.1306986304503845,2,1,1,0.02,0.08,0.03,0.15,0.9,0.1,-1.2,0.0,0,0,1,0,0.675,0.44
223,7,-0.6576363444328308,0.18247823417186737,1.5043760538101196,6.28,-6.28,2,1,1,0.02,0.08,0.03,0.15,0.9,0.1,-1.2,0.0,0,0,1,0,0.675,0.44
224,0,0.395010769367218,0.42206957936286926,0.5033582448959351,-0.4256801299630925,2.6362991438995236,2,1,1,0.02,0.08,0.03,0.15,0.9,0.1,-1.2,0.0,0,0,1,0,0.675,0.44
224,1,-0.7757742404937744,-0.4077000319957733,0.4442071318626404,1.8857475705371545,1.9416193524892773,0,0,0,0.02,0.08,0.03,0.15,0.9,0.1,-1.2,0.0,0,0,1,0,0.675,0.44
224,2,0.37299105525016785,-0.030090507119894028,0.6420838832855225,2.0850648426714793,0.22471025009800222,2,1,1,0.02,0.08,0.03,0.15,0.9,0.1,-1.2,0.0,0,0,1,0,0.675,0.44
224,3,-1.2242902517318726,-0.02712417021393776,0.2198895364999771,-1.1685218559912076,4.054502634453759,2,1,1,0.02,0.08,0.03,0.15,0.9,0.1,-1.2,0.0,0,0,1,0,0.675,0.44
224,4,-0.20377811789512634,-0.17790007591247559,-0.6184027194976807,3.662074600298848,-1.5151692043886253,2,1,1,0.02,0.08,0.03,0.15,0.9,0.1,-1.2,0.0,0,0,1,0,0.675,0.44
224,5,-0.09911320358514786,0.30562910437583923,-2.534703493118286,4.3492224604543726,-4.943241802340115,2,1,1,0.02,0.08,0.03,0.15,0.9,0.1,-1.2,0.0,0,0,1,0,0.675,0.44
224,6,0.8609263896942139,0.39279505610466003,0.06905950605869293,1.4040933418698374,1.1733529683353865,2,1,1,0.02,0.08,0.03,0.15,0.9,0.1,-1.2,0.0,0,0,1,0,0.675,0.44
224,7,-0.6574958562850952,0.1880529522895813,1.5807065963745117,-6.28,6.28,2,1,1,0.02,0.08,0.03,0.15,0.9,0.1,-1.2,0.0,0,0,1,0,0.675,0.44
225,0,0.39942365884780884,0.4249747097492218,0.6691892147064209,4.36523674782061,-6.28,2,1,1,0.02,0.08,0.03,0.15,0.9,0.1,-1.2,0.0,0,0,1,0,0.675,0.44
225,1,-0.7734036445617676,-0.40663930773735046,0.43834388256073,1.2856784277717184,1.9482767180991358,0,0,0,0.02,0.08,0.03,0.15,0.9,0.1,-1.2,0.0,0,0,1,0,0.675,0.44
225,2,0.3738109767436981,-0.029576316475868225,0.4492701590061188,2.317534375935306,1.5098884265238803,2,1,1,0.02,0.08,0.03,0.15,0.9,0.1,-1.2,0.0,0,0,1,0,0.675,0.44
225,3,-1.2218410968780518,-0.026342175900936127,0.408285915851593,-0.4845013954467764,3.938226464012682,2,1,1,0.02,0.08,0.03,0.15,0.9,0.1,-1.2,0.0,0,0,1,0,0.675,0.44
225,4,-0.20218777656555176,-0.17919883131980896,-0.7643864750862122,3.5010821532456338,-0.9863214693968541,2,1,1,0.02,0.08,0.03,0.15,0.9,0.1,-1.2,0.0,0,0,1,0,0.675,0.44
225,5,-0.1003701388835907,0.3046756684780121,-2.809412717819214,4.8042943612986155,-3.0707683344874397,2,1,1,0.02,0.08,0.03,0.15,0.9,0.1,-1.2,0.0,0,0,1,0,0.675,0.44
225,6,0.8632054328918457,0.39305952191352844,0.14629121124744415,1.5813876646760552,1.4731531445524013,2,1,1,0.02,0.08,0.03,0.15,0.9,0.1,-1.2,0.0,0,0,1,0,0.675,0.44
225,7,-0.6575940847396851,0.18913063406944275,1.2349997758865356,5.793802285387075,-6.28,2,1,1,0.02,0.08,0.03,0.15,0.9,0.1,-1.2,0.0,0,0,1,0,0.675,0.44
226,0,0.40149766206741333,0.42683741450309753,0.7888160943984985,2.529065754732207,-6.28,2,1,1,0.02,0.08,0.03,0.15,0.9,0.1,-1.2,0.0,0,0,1,0,0.675,0.44
226,1,-0.7701128721237183,-0.4050687253475189,0.44684845209121704,1.0782067290176638,1.806061562276911,0,0,0,0.02,0.08,0.03,0.15,0.9,0.1,-1.2,0.0,0,0,1,0,0.675,0.44
226,2,0.3756905794143677,-0.02880246564745903,0.35867542028427124,2.8317221305276914,1.834239874759559,2,1,1,0.02,0.08,0.03,0.15,0.9,0.1,-1.2,0.0,0,0,1,0,0.675,0.44
226,3,-1.2193586826324463,-0.024977555498480797,0.5929768681526184,0.5293532806579463,3.541077794153664,2,1,1,0.02,0.08,0.03,0.15,0.9,0.1,-1.2,0.0,0,0,1,0,0.675,0.44
226,4,-0.2007722705602646,-0.18080267310142517,-0.9409180283546448,4.008907651044311,-1.621085058355645,2,1,1,0.02,0.08,0.03,0.15,0.9,0.1,-1.2,0.0,0,0,1,0,0.675,0.44
226,5,-0.10042835772037506,0.3046407401561737,3.1177327632904053,5.507861357207775,-0.4328649775770663,2,1,1,0.02,0.08,0.03,0.15,0.9,0.1,-1.2,0.0,0,0,1,0,0.675,0.44
226,6,0.8657051920890808,0.39346328377723694,0.15261530876159668,2.1580980399972263,0.37381224521966516,2,1,1,0.02,0.08,0.03,0.15,0.9,0.1,-1.2,0.0,0,0,1,0,0.675,0.44
226,7,-0.6575381755828857,0.18913914263248444,1.5135388374328613,-6.28,6.28,2,1,1,0.02,0.08,0.03,0.15,0.9,0.1,-1.2,0.0,0,0,1,0,0.675,0.44
227,0,0.40068450570106506,0.42626580595970154,0.5012592077255249,3.327166694108305,-6.28,2,1,1,0.02,0.08,0.03,0.15,0.9,0.1,-1.2,0.0,0,0,1,0,0.675,0.44
227,1,-0.7671011686325073,-0.40360209345817566,0.4659222662448883,1.7713706579218775,1.5356028334587002,0,0,0,0.02,0.08,0.03,0.15,0.9,0.1,-1.2,0.0,0,0,1,0,0.675,0.44
227,2,0.37900081276893616,-0.02763781137764454,0.32297641038894653,2.494762947305721,1.9973373494602327,2,1,1,0.02,0.08,0.03,0.15,0.9,0.1,-1.2,0.0,0,0,1,0,0.675,0.44
227,3,-1.2167607545852661,-0.02288009598851204,0.7539446353912354,-1.3728945521971123,3.39487565283483,2,1,1,0.02,0.08,0.03,0.15,0.9,0.1,-1.2,0.0,0,0,1,0,0.675,0.44
227,4,-0.19949863851070404,-0.18289624154567719,-1.1035982370376587,4.121322131943771,-1.8312389763068928,2,1,1,0.02,0.08,0.03,0.15,0.9,0.1,-1.2,0.0,0,0,1,0,0.675,0.44
227,5,-0.10191100090742111,0.30486324429512024,2.792515516281128,6.056522378438277,1.516155688388445,2,1,1,0.02,0.08,0.03,0.15,0.9,0.1,-1.2,0.0,0,0,1,0,0.675,0.44
227,6,0.8686270713806152,0.39390817284584045,0.1477470099925995,2.1851848279688064,-0.04545715321069791,2,1,1,0.02,0.08,0.03,0.15,0.9,0.1,-1.2,0.0,0,0,1,0,0.675,0.44
227,7,-0.6575101017951965,0.18883976340293884,1.2595994472503662,4.8936455120334985,-6.28,2,1,1,0.02,0.08,0.03,0.15,0.9,0.1,-1.2,0.0,0,0,1,0,0.675,0.44
228,0,0.39812004566192627,0.42549362778663635,0.1431133896112442,4.439108851969537,-4.586606012373585,2,1,1,0.02,0.08,0.03,0.15,0.9,0.1,-1.2,0.0,0,0,1,0,0.675,0.44
228,1,-0.7644778490066528,-0.40224626660346985,0.49104464054107666,1.1344585467656885,1.5188499789158074,0,0,0,0.02,0.08,0.03,0.15,0.9,0.1,-1.2,0.0,0,0,1,0,0.675,0.44
228,2,0.38328656554222107,-0.026280920952558517,0.28947293758392334,1.691749116651432,0.48255332514641097,2,1,1,0.02,0.08,0.03,0.15,0.9,0.1,-1.2,0.0,0,0,1,0,0.675,0.44
228,3,-1.2140644788742065,-0.019998900592327118,0.8692206740379333,-1.0985043040306013,3.302640883639084,2,1,1,0.02,0.08,0.03,0.15,0.9,0.1,-1.2,0.0,0,0,1,0,0.675,0.44
228,4,-0.19859322905540466,-0.1851416826248169,-1.293558120727539,3.0342705465292643,-0.9610231822134268,2,1,1,0.02,0.08,0.03,0.15,0.9,0.1,-1.2,0.0,0,0,1,0,0.675,0.44
228,5,-0.10569204390048981,0.30687692761421204,2.532229423522949,6.0475526028536715,2.7648348432720686,2,1,1,0.02,0.08,0.03,0.15,0.9,0.1,-1.2,0.0,0,0,1,0,0.675,0.44
228,6,0.8712396621704102,0.39425531029701233,0.09685079008340836,1.8847638309801171,-0.1053260570724997,2,1,1,0.02,0.08,0.03,0.15,0.9,0.1,-1.2,0.0,0,0,1,0,0.675,0.44
228,7,-0.6575615406036377,0.18876385688781738,1.5458287000656128,5.255190223226105,-6.28,2,1,1,0.02,0.08,0.03,0.15,0.9,0.1,-1.2,0.0,0,0,1,0,0.675,0.44
229,0,0.3995788097381592,0.4255339503288269,-0.03987686336040497,4.656959670550428,-3.471595873947769,2,1,1,0.02,0.08,0.03,0.15,0.9,0.1,-1.2,0.0,0,0,1,0,0.675,0.44
229,1,-0.7616422176361084,-0.40071722865104675,0.4895325005054474,3.4813054422021033,-2.461719531017553,0,0,0,0.02,0.08,0.03,0.15,0.9,0.1,-1.2,0.0,0,0,1,0,0.675,0.44
229,2,0.38764068484306335,-0.025043534114956856,0.2685265839099884,-1.0794485461840047,1.7269490285151137,2,1,1,0.02,0.08,0.03,0.15,0.9,0.1,-1.2,0.0,0,0,1,0,0.675,0.44
229,3,-1.2126141786575317,-0.018048029392957687,1.0241267681121826,-0.6193303040880915,3.117095563737165,2,1,1,0.02,0.08,0.03,0.15,0.9,0.1,-1.2,0.0,0,0,1,0,0.675,0.44
229,4,-0.19816532731056213,-0.18741868436336517,-1.500689148902893,3.5505373720799134,-2.493642414634643,2,1,1,0.02,0.08,0.03,0.15,0.9,0.1,-1.2,0.0,0,0,1,0,0.675,0.44
229,5,-0.11092556267976761,0.3115116357803345,2.3368072509765625,3.7878791084670542,-3.7303930543029704,2,1,1,0.02,0.08,0.03,0.15,0.9,0.1,-1.2,0.0,0,0,1,0,0.675,0.44
229,6,0.8734543323516846,0.39440178871154785,0.021664390340447426,1.3144465597992216,0.5508495939823459,2,1,1,0.02,0.08,0.03,0.15,0.9,0.1,-1.2,0.0,0,0,1,0,0.675,0.44
229,7,-0.6576805710792542,0.18780377507209778,1.3096052408218384,4.681421479248691,-6.045214986467052,2,1,1,0.02,0.08,0.03,0.15,0.9,0.1,-1.2,0.0,0,0,1,0,0.675,0.44
230,0,0.40105313062667847,0.42549455165863037,-0.31453511118888855,5.163059598377287,-1.1395970328043643,2,1,1,0.02,0.08,0.03,0.15,0.9,0.1,-1.2,0.0,0,0,1,0,0.675,0.44
230,1,-0.7591880559921265,-0.39940333366394043,0.49866780638694763,5.997048509948102,-6.28,0,0,0,0.02,0.08,0.03,0.15,0.9,0.1,-1.2,0.0,0,0,1,0,0.675,0.44
230,2,0.3901934325695038,-0.02437805011868477,0.231143057346344,1.3060438593411643,-0.3294546159403725,2,1,1,0.02,0.08,0.03,0.15,0.9,0.1,-1.2,0.0,0,0,1,0,0.675,0.44
230,3,-1.2116538286209106,-0.016101853922009468,1.1813287734985352,-0.16795906641498548,3.0289675375244762,2,1,1,0.02,0.08,0.03,0.15,0.9,0.1,-1.2,0.0,0,0,1,0,0.675,0.44
230,4,-0.1981852799654007,-0.18960116803646088,-1.656692624092102,-4.684308219550643,4.641102882582205,2,1,1,0.02,0.08,0.03,0.15,0.9,0.1,-1.2,0.0,0,0,1,0,0.675,0.44
230,5,-0.11621811985969543,0.31782615184783936,2.2029924392700195,4.358214825915256,-4.313922067945778,2,1,1,0.02,0.08,0.03,0.15,0.9,0.1,-1.2,0.0,0,0,1,0,0.675,0.44
230,6,0.8753068447113037,0.39437949657440186,-0.050118088722229004,1.593307655695182,-0.07804094751586409,2,1,1,0.02,0.08,0.03,0.15,0.9,0.1,-1.2,0.0,0,0,1,0,0.675,0.44
230,7,-0.6580341458320618,0.1872221678495407,0.8675528764724731,4.479968030124838,-4.925766464441949,2,1,1,0.02,0.08,0.03,0.15,0.9,0.1,-1.2,0.0,0,0,1,0,0.675,0.44
231,0,0.40205642580986023,0.42500582337379456,-0.661340594291687,5.460268704186428,1.1591786412895309,2,1,1,0.02,0.08,0.03,0.15,0.9,0.1,-1.2,0.0,0,0,1,0,0.675,0.44
231,1,-0.7579850554466248,-0.39879193902015686,0.3340059518814087,5.331179164749884,-6.28,0,0,0,0.02,0.08,0.03,0.15,0.9,0.1,-1.2,0.0,0,0,1,0,0.675,0.44
231,2,0.3911193609237671,-0.024163618683815002,0.30158594250679016,2.909958190306233,-2.0490924214583055,2,1,1,0.02,0.08,0.03,0.15,0.9,0.1,-1.2,0.0,0,0,1,0,0.675,0.44
231,3,-1.2108899354934692,-0.013782212510704994,1.3170874118804932,0.14446617343097085,3.1697192211530227,2,1,1,0.02,0.08,0.03,0.15,0.9,0.1,-1.2,0.0,0,0,1,0,0.675,0.44
231,4,-0.1983916163444519,-0.1908911168575287,-1.856222152709961,-6.28,6.28,2,1,1,0.02,0.08,0.03,0.15,0.9,0.1,-1.2,0.0,0,0,1,0,0.675,0.44
231,5,-0.11728735268115997,0.31942227482795715,1.9612398147583008,4.034684314928968,-3.7786311300879416,2,1,1,0.02,0.08,0.03,0.15,0.9,0.1,-1.2,0.0,0,0,1,0,0.675,0.44
231,6,0.8771469593048096,0.39424434304237366,-0.08550845086574554,2.097616520361449,-0.93838319474501,2,1,1,0.02,0.08,0.03,0.15,0.9,0.1,-1.2,0.0,0,0,1,0,0.675,0.44
231,7,-0.6577696204185486,0.18722975254058838,0.8592854142189026,4.476327938070537,-4.7745251471010395,2,1,1,0.02,0.08,0.03,0.15,0.9,0.1,-1.2,0.0,0,0,1,0,0.675,0.44
232,0,0.40432441234588623,0.42261359095573425,-0.9353870749473572,2.0545833474214583,-0.4540177804722918,2,1,1,0.02,0.08,0.03,0.15,0.9,0.1,-1.2,0.0,0,0,1,0,0.675,0.44
232,1,-0.7580165863037109,-0.39870911836624146,-0.05797024816274643,3.8885984151517796,-2.9746441534614005,0,0,0,0.02,0.08,0.03,0.15,0.9,0.1,-1.2,0.0,0,0,1,0,0.675,0.44
232,2,0.39198851585388184,-0.023894131183624268,0.2753508985042572,2.5048680049562324,-1.7560064623791967,2,1,1,0.02,0.08,0.03,0.15,0.9,0.1,-1.2,0.0,0,0,1,0,0.675,0.44
232,3,-1.2103524208068848,-0.011044846847653389,1.4328874349594116,0.6681747548947197,2.684992992166285,2,1,1,0.02,0.08,0.03,0.15,0.9,0.1,-1.2,0.0,0,0,1,0,0.675,0.44
232,4,-0.19845643639564514,-0.19104032218456268,-1.632765293121338,-3.681896881897764,3.966581034752274,2,1,1,0.02,0.08,0.03,0.15,0.9,0.1,-1.2,0.0,0,0,1,0,0.675,0.44
232,5,-0.11729606986045837,0.3194557726383209,1.6633423566818237,3.428877129591354,-2.678472843290384,2,1,1,0.02,0.08,0.03,0.15,0.9,0.1,-1.2,0.0,0,0,1,0,0.675,0.44
232,6,0.8787235617637634,0.39407432079315186,-0.13782288134098053,1.7738870992519469,-0.5508984871466751,2,1,1,0.02,0.08,0.03,0.15,0.9,0.1,-1.2,0.0,0,0,1,0,0.675,0.44
232,7,-0.657282829284668,0.18776120245456696,0.5994024872779846,4.430129182289611,-3.4492921866785866,2,1,1,0.02,0.08,0.03,0.15,0.9,0.1,-1.2,0.0,0,0,1,0,0.675,0.44
233,0,0.40736234188079834,0.4174129366874695,-1.128849744796753,-6.28,4.572621921939725,2,1,1,0.02,0.08,0.03,0.15,0.9,0.1,-1.2,0.0,0,0,1,0,0.675,0.44
233,1,-0.758603572845459,-0.3985688388347626,-0.5015707612037659,3.664793597166805,0.17115526927935013,0,0,0,0.02,0.08,0.03,0.15,0.9,0.1,-1.2,0.0,0,0,1,0,0.675,0.44
233,2,0.3928544223308563,-0.023709315806627274,0.12433496117591858,2.1396719783313594,-1.155234300167806,2,1,1,0.02,0.08,0.03,0.15,0.9,0.1,-1.2,0.0,0,0,1,0,0.675,0.44
233,3,-1.2100858688354492,-0.007831691764295101,1.5400925874710083,0.7220303490595598,3.2539710522494194,2,1,1,0.02,0.08,0.03,0.15,0.9,0.1,-1.2,0.0,0,0,1,0,0.675,0.44
233,4,-0.19848933815956116,-0.19103115797042847,-1.207486867904663,-1.8874926914125871,2.9556477108090036,2,1,1,0.02,0.08,0.03,0.15,0.9,0.1,-1.2,0.0,0,0,1,0,0.675,0.44
233,5,-0.1172948107123375,0.3195137679576874,1.3506910800933838,2.8725001519454834,-1.0868175573729655,2,1,1,0.02,0.08,0.03,0.15,0.9,0.1,-1.2,0.0,0,0,1,0,0.675,0.44
233,6,0.8799420595169067,0.3938612639904022,-0.23503537476062775,0.6212269441085279,0.992047344485738,2,1,1,0.02,0.08,0.03,0.15,0.9,0.1,-1.2,0.0,0,0,1,0,0.675,0.44
233,7,-0.6568242907524109,0.1879948377609253,0.2408793419599533,4.360784818573483,-1.7951402856970704,2,1,1,0.02,0.08,0.03,0.15,0.9,0.1,-1.2,0.0,0,0,1,0,0.675,0.44
234,0,0.4083377420902252,0.41502097249031067,-1.2351540327072144,-6.28,4.335660560757372,2,1,1,0.02,0.08,0.03,0.15,0.9,0.1,-1.2,0.0,0,0,1,0,0.675,0.44
234,1,-0.7579843997955322,-0.39907097816467285,-0.7112721800804138,3.6545425183463833,-1.0324984047173167,0,0,0,0.02,0.08,0.03,0.15,0.9,0.1,-1.2,0.0,0,0,1,0,0.675,0.44
234,2,0.39362743496894836,-0.023666130378842354,-0.030534984543919563,2.741926099698681,-0.9081496459656364,2,1,1,0.02,0.08,0.03,0.15,0.9,0.1,-1.2,0.0,0,0,1,0,0.675,0.44
234,3,-1.2101269960403442,-0.0044883545488119125,1.6177442073822021,1.0136486258643316,1.441884565411134,2,1,1,0.02,0.08,0.03,0.15,0.9,0.1,-1.2,0.0,0,0,1,0,0.675,0.44
234,4,-0.19829228520393372,-0.19148312509059906,-0.9672749638557434,-0.6033559412377278,3.033780418129537,2,1,1,0.02,0.08,0.03,0.15,0.9,0.1,-1.2,0.0,0,0,1,0,0.675,0.44
234,5,-0.11701174080371857,0.31997737288475037,1.099178433418274,2.6539663192288363,0.017890131581718878,2,1,1,0.02,0.08,0.03,0.15,0.9,0.1,-1.2,0.0,0,0,1,0,0.675,0.44
234,6,0.8811022043228149,0.3935275375843048,-0.32192978262901306,-0.3076168288911857,2.1825269239257135,2,1,1,0.02,0.08,0.03,0.15,0.9,0.1,-1.2,0.0,0,0,1,0,0.675,0.44
234,7,-0.65555340051651,0.1880960613489151,-0.06722453236579895,4.272621785802726,-0.5266820244027779,2,1,1,0.02,0.08,0.03,0.15,0.9,0.1,-1.2,0.0,0,0,1,0,0.675,0.44
235,0,0.40790730714797974,0.4158185124397278,-0.9358125329017639,-6.28,3.6298931848005185,2,1,1,0.02,0.08,0.03,0.15,0.9,0.1,-1.2,0.0,0,0,1,0,0.675,0.44
235,1,-0.7557257413864136,-0.4014255106449127,-0.8685409426689148,4.008741716601699,-0.47248963515226816,0,0,0,0.02,0.08,0.03,0.15,0.9,0.1,-1.2,0.0,0,0,1,0,0.675,0.44
235,2,0.3945165276527405,-0.023752572014927864,-0.15435047447681427,3.016574752635328,-0.4583676192329132,2,1,1,0.02,0.08,0.03,0.15,0.9,0.1,-1.2,0.0,0,0,1,0,0.675,0.44
235,3,-1.2104768753051758,-0.0005721854395233095,1.705723524093628,1.8751724725722645,0.39781385833543836,2,1,1,0.02,0.08,0.03,0.15,0.9,0.1,-1.2,0.0,0,0,1,0,0.675,0.44
235,4,-0.19775062799453735,-0.19210287928581238,-0.7592703700065613,0.19760071060844728,2.8315452545089004,2,1,1,0.02,0.08,0.03,0.15,0.9,0.1,-1.2,0.0,0,0,1,0,0.675,0.44
235,5,-0.11620616167783737,0.3212547302246094,0.944346010684967,3.169887955847597,0.5460253315237137,2,1,1,0.02,0.08,0.03,0.15,0.9,0.1,-1.2,0.0,0,0,1,0,0.675,0.44
235,6,0.882548987865448,0.3930206000804901,-0.3277680277824402,0.26882853225986025,1.2093120032361775,2,1,1,0.02,0.08,0.03,0.15,0.9,0.1,-1.2,0.0,0,0,1,0,0.675,0.44
235,7,-0.6528629064559937,0.18756119906902313,-0.3211434483528137,4.345424767526823,0.04504051712252988,2,1,1,0.02,0.08,0.03,0.15,0.9,0.1,-1.2,0.0,0,0,1,0,0.675,0.44
236,0,0.4071306884288788,0.41641750931739807,-0.5207046270370483,-6.28,3.703759792852326,2,1,1,0.02,0.08,0.03,0.15,0.9,0.1,-1.2,0.0,0,0,1,0,0.675,0.44
236,1,-0.7540109753608704,-0.40372124314308167,-1.022763967514038,4.198868027654844,-0.08066620001333132,0,0,0,0.02,0.08,0.03,0.15,0.9,0.1,-1.2,0.0,0,0,1,0,0.675,0.44
236,2,0.3961215317249298,-0.024122053757309914,-0.2806234359741211,2.8384817529406887,0.31334597437221967,2,1,1,0.02,0.08,0.03,0.15,0.9,0.1,-1.2,0.0,0,0,1,0,0.675,0.44
236,3,-1.2109307050704956,0.0022174036130309105,1.7378040552139282,1.8081221674737666,0.6050908026281832,2,1,1,0.02,0.08,0.03,0.15,0.9,0.1,-1.2,0.0,0,0,1,0,0.675,0.44
236,4,-0.196128249168396,-0.19342775642871857,-0.6232491135597229,0.5849414993715691,3.1629240132077316,2,1,1,0.02,0.08,0.03,0.15,0.9,0.1,-1.2,0.0,0,0,1,0,0.675,0.44
236,5,-0.11463213711977005,0.323190838098526,0.843978762626648,2.8441089910193615,0.7348644974851958,2,1,1,0.02,0.08,0.03,0.15,0.9,0.1,-1.2,0.0,0,0,1,0,0.675,0.44
236,6,0.8842895030975342,0.3924804627895355,-0.25510892271995544,-0.17866477628044086,1.7576516546617948,2,1,1,0.02,0.08,0.03,0.15,0.9,0.1,-1.2,0.0,0,0,1,0,0.675,0.44
236,7,-0.6495263576507568,0.18606744706630707,-0.503637969493866,4.117838244135185,0.9550138280662014,2,1,1,0.02,0.08,0.03,0.15,0.9,0.1,-1.2,0.0,0,0,1,0,0.675,0.44
237,0,0.41068434715270996,0.41435909271240234,-0.3988540768623352,-6.28,3.678602526339663,2,1,1,0.02,0.08,0.03,0.15,0.9,0.1,-1.2,0.0,0,0,1,0,0.675,0.44
237,1,-0.7524916529655457,-0.40671539306640625,-1.1807258129119873,4.264872853499758,0.13957618864062354,0,0,0,0.02,0.08,0.03,0.15,0.9,0.1,-1.2,0.0,0,0,1,0,0.675,0.44
237,2,0.3983856439590454,-0.024940093979239464,-0.40420058369636536,3.570471614144016,0.13894737027469461,2,1,1,0.02,0.08,0.03,0.15,0.9,0.1,-1.2,0.0,0,0,1,0,0.675,0.44
237,3,-1.2112892866134644,0.004416143987327814,1.6964290142059326,1.7505880723669827,0.739042793945397,2,1,1,0.02,0.08,0.03,0.15,0.9,0.1,-1.2,0.0,0,0,1,0,0.675,0.44
237,4,-0.19368210434913635,-0.1950007826089859,-0.5250076651573181,0.8088742876884917,3.155189099755577,2,1,1,0.02,0.08,0.03,0.15,0.9,0.1,-1.2,0.0,0,0,1,0,0.675,0.44
237,5,-0.11218161880970001,0.32569894194602966,0.7524465322494507,2.8754221419420265,0.8716925522410731,2,1,1,0.02,0.08,0.03,0.15,0.9,0.1,-1.2,0.0,0,0,1,0,0.675,0.44
237,6,0.8858069777488708,0.3921266496181488,-0.2111949622631073,0.5558279641046268,0.90182695818455,2,1,1,0.02,0.08,0.03,0.15,0.9,0.1,-1.2,0.0,0,0,1,0,0.675,0.44
237,7,-0.6459625959396362,0.1837286800146103,-0.6567975878715515,4.033503658127133,1.4691588717987694,2,1,1,0.02,0.08,0.03,0.15,0.9,0.1,-1.2,0.0,0,0,1,0,0.675,0.44
238,0,0.4135465919971466,0.4133734703063965,-0.23276130855083466,-5.998964794278284,3.9410508371064528,2,1,1,0.02,0.08,0.03,0.15,0.9,0.1,-1.2,0.0,0,0,1,0,0.675,0.44
238,1,-0.7512534856796265,-0.4105278551578522,-1.3321038484573364,1.4567942782878713,-0.015053528485290454,0,0,0,0.02,0.08,0.03,0.15,0.9,0.1,-1.2,0.0,0,0,1,0,0.675,0.44
238,2,0.4011043310165405,-0.026279855519533157,-0.4996168315410614,3.725732753854567,0.2590578257885532,2,1,1,0.02,0.08,0.03,0.15,0.9,0.1,-1.2,0.0,0,0,1,0,0.675,0.44
238,3,-1.211523175239563,0.00666961632668972,1.6480029821395874,1.1454401409697472,1.5441993238754967,2,1,1,0.02,0.08,0.03,0.15,0.9,0.1,-1.2,0.0,0,0,1,0,0.675,0.44
238,4,-0.19048526883125305,-0.19666223227977753,-0.43465152382850647,0.9079197793620397,2.095838009246481,2,1,1,0.02,0.08,0.03,0.15,0.9,0.1,-1.2,0.0,0,0,1,0,0.675,0.44
238,5,-0.10945429652929306,0.32805687189102173,0.6750840544700623,3.202456012634368,0.9071810801834295,2,1,1,0.02,0.08,0.03,0.15,0.9,0.1,-1.2,0.0,0,0,1,0,0.675,0.44
238,6,0.8873390555381775,0.3918378949165344,-0.1501864194869995,-0.015943494209052188,1.9804425234702014,2,1,1,0.02,0.08,0.03,0.15,0.9,0.1,-1.2,0.0,0,0,1,0,0.675,0.44
238,7,-0.6422531604766846,0.18047329783439636,-0.7750828266143799,4.056269594805731,-3.8716468651071896,2,1,1,0.02,0.08,0.03,0.15,0.9,0.1,-1.2,0.0,0,0,1,0,0.675,0.44
239,0,0.41475000977516174,0.4134085476398468,0.011187277734279633,-3.8154557711950647,4.68404317947466,2,1,1,0.02,0.08,0.03,0.15,0.9,0.1,-1.2,0.0,0,0,1,0,0.675,0.44
239,1,-0.7505330443382263,-0.4148205518722534,-1.4778639078140259,6.001544415351077,-6.28,0,0,0,0.02,0.08,0.03,0.15,0.9,0.1,-1.2,0.0,0,0,1,0,0.675,0.44
239,2,0.4041639566421509,-0.028176400810480118,-0.6138548254966736,3.384492167939447,0.7467531725196891,2,1,1,0.02,0.08,0.03,0.15,0.9,0.1,-1.2,0.0,0,0,1,0,0.675,0.44
239,3,-1.2116559743881226,0.009041017852723598,1.6076396703720093,2.024255601778048,0.44609337063790455,2,1,1,0.02,0.08,0.03,0.15,0.9,0.1,-1.2,0.0,0,0,1,0,0.675,0.44
239,4,-0.18686121702194214,-0.1981595903635025,-0.35088351368904114,1.1278841940364746,1.7103249027413214,2,1,1,0.02,0.08,0.03,0.15,0.9,0.1,-1.2,0.0,0,0,1,0,0.675,0.44
239,5,-0.10647670179605484,0.3302736282348633,0.6041542291641235,2.60395179410553,0.9303353137313591,2,1,1,0.02,0.08,0.03,0.15,0.9,0.1,-1.2,0.0,0,0,1,0,0.675,0.44
239,6,0.8888078331947327,0.3916435241699219,-0.12690438330173492,-0.09425186835987798,2.127660142643628,2,1,1,0.02,0.08,0.03,0.15,0.9,0.1,-1.2,0.0,0,0,1,0,0.675,0.44
239,7,-0.6385781764984131,0.17649579048156738,-0.8689531087875366,3.5488072892717923,-3.2299957078006214,2,1,1,0.02,0.08,0.03,0.15,0.9,0.1,-1.2,0.0,0,0,1,0,0.675,0.44
240,0,0.416427880525589,0.4134964346885681,0.24412961304187775,-1.4028150252522396,5.40156787044464,2,1,1,0.02,0.08,0.03,0.15,0.9,0.1,-1.2,0.0,0,0,1,0,0.675,0.44
240,1,-0.7504363059997559,-0.41686949133872986,-1.548481822013855,6.1517437481810395,-6.28,0,0,0,0.02,0.08,0.03,0.15,0.9,0.1,-1.2,0.0,0,0,1,0,0.675,0.44
240,2,0.407235324382782,-0.030635779723525047,-0.7355366945266724,2.8044010264509107,1.0526319633091143,2,1,1,0.02,0.08,0.03,0.15,0.9,0.1,-1.2,0.0,0,0,1,0,0.675,0.44
240,3,-1.2117397785186768,0.011691915802657604,1.6118650436401367,1.8829533833981087,0.6599833077294005,2,1,1,0.02,0.08,0.03,0.15,0.9,0.1,-1.2,0.0,0,0,1,0,0.675,0.44
240,4,-0.18381203711032867,-0.1991739571094513,-0.3005733788013458,0.7306259304846843,2.495619946091442,2,1,1,0.02,0.08,0.03,0.15,0.9,0.1,-1.2,0.0,0,0,1,0,0.675,0.44
240,5,-0.10306788980960846,0.3324381113052368,0.5256725549697876,1.9760632538592302,0.8225858709419286,2,1,1,0.02,0.08,0.03,0.15,0.9,0.1,-1.2,0.0,0,0,1,0,0.675,0.44
240,6,0.8906617760658264,0.3914540112018585,-0.06845894455909729,-0.2309974421538949,2.4351924724886858,2,1,1,0.02,0.08,0.03,0.15,0.9,0.1,-1.2,0.0,0,0,1,0,0.675,0.44
240,7,-0.6377895474433899,0.17552529275417328,-1.1104018688201904,3.762528109358808,-3.2072355043917766,2,1,1,0.02,0.08,0.03,0.15,0.9,0.1,-1.2,0.0,0,0,1,0,0.675,0.44
241,0,0.417645663022995,0.41374945640563965,0.5503000020980835,1.425675100302139,6.271542002573942,2,1,1,0.02,0.08,0.03,0.15,0.9,0.1,-1.2,0.0,0,0,1,0,0.675,0.44
241,1,-0.7503415942192078,-0.4166856110095978,-1.9186463356018066,4.791556462403582,-6.28,0,0,0,0.02,0.08,0.03,0.15,0.9,0.1,-1.2,0.0,0,0,1,0,0.675,0.44
241,2,0.4101276099681854,-0.033548083156347275,-0.8339822292327881,2.8001908980470316,1.0156962715398017,2,1,1,0.02,0.08,0.03,0.15,0.9,0.1,-1.2,0.0,0,0,1,0,0.675,0.44
241,3,-1.21181058883667,0.014123544096946716,1.5674978494644165,1.1324692973354846,1.577705809156066,2,1,1,0.02,0.08,0.03,0.15,0.9,0.1,-1.2,0.0,0,0,1,0,0.675,0.44
241,4,-0.1810571849346161,-0.19997884333133698,-0.27593719959259033,0.5801084874032978,2.586380217754741,2,1,1,0.02,0.08,0.03,0.15,0.9,0.1,-1.2,0.0,0,0,1,0,0.675,0.44
241,5,-0.09985180199146271,0.33416303992271423,0.4626184403896332,1.8641706106077036,0.7088448631753127,2,1,1,0.02,0.08,0.03,0.15,0.9,0.1,-1.2,0.0,0,0,1,0,0.675,0.44
241,6,0.8926821947097778,0.39139077067375183,0.00816070195287466,-0.5494907855148806,2.8984025578626627,2,1,1,0.02,0.08,0.03,0.15,0.9,0.1,-1.2,0.0,0,0,1,0,0.675,0.44
241,7,-0.6377002596855164,0.1752435714006424,-1.3579151630401611,2.6585594938392645,-1.6874466679965048,2,1,1,0.02,0.08,0.03,0.15,0.9,0.1,-1.2,0.0,0,0,1,0,0.675,0.44
242,0,0.4198779761791229,0.41562777757644653,0.8329886198043823,2.6773601094981956,6.28,2,1,1,0.02,0.08,0.03,0.15,0.9,0.1,-1.2,0.0,0,0,1,0,0.675,0.44
242,1,-0.7503543496131897,-0.4167400002479553,-2.3687517642974854,4.448260588047802,-5.843102012569114,0,0,0,0.02,0.08,0.03,0.15,0.9,0.1,-1.2,0.0,0,0,1,0,0.675,0.44
242,2,0.4126443564891815,-0.036540139466524124,-0.9015286564826965,1.9461466003773884,1.2114551036477417,2,1,1,0.02,0.08,0.03,0.15,0.9,0.1,-1.2,0.0,0,0,1,0,0.675,0.44
242,3,-1.211743950843811,0.016529660671949387,1.5177656412124634,0.6338671373446217,2.0657347042465246,2,1,1,0.02,0.08,0.03,0.15,0.9,0.1,-1.2,0.0,0,0,1,0,0.675,0.44
242,4,-0.17800956964492798,-0.20076756179332733,-0.22236111760139465,0.39681803155855006,2.9808989147556955,2,1,1,0.02,0.08,0.03,0.15,0.9,0.1,-1.2,0.0,0,0,1,0,0.675,0.44
242,5,-0.09718646109104156,0.33541280031204224,0.4185832440853119,1.8558608187279786,0.6026220316150099,2,1,1,0.02,0.08,0.03,0.15,0.9,0.1,-1.2,0.0,0,0,1,0,0.675,0.44
242,6,0.894851803779602,0.3915022909641266,0.09859421849250793,-0.6103688970663774,3.1035648737523647,2,1,1,0.02,0.08,0.03,0.15,0.9,0.1,-1.2,0.0,0,0,1,0,0.675,0.44
242,7,-0.6376344561576843,0.1747417449951172,-1.6018186807632446,2.919789097128139,-1.564428225068322,2,1,1,0.02,0.08,0.03,0.15,0.9,0.1,-1.2,0.0,0,0,1,0,0.675,0.44
243,0,0.4237695634365082,0.42100316286087036,1.0389920473098755,-0.2575003309700393,3.6992149706586415,2,1,1,0.02,0.08,0.03,0.15,0.9,0.1,-1.2,0.0,0,0,1,0,0.675,0.44
243,1,-0.7503544092178345,-0.4167400896549225,-2.368755578994751,4.40293524477997,-6.067315158287385,0,0,0,0.02,0.08,0.03,0.15,0.9,0.1,-1.2,0.0,0,0,1,0,0.675,0.44
243,2,0.41492295265197754,-0.03960798308253288,-0.9637886881828308,2.0114570451254505,0.9715543734978019,2,1,1,0.02,0.08,0.03,0.15,0.9,0.1,-1.2,0.0,0,0,1,0,0.675,0.44
243,3,-1.2115854024887085,0.019203050062060356,1.5217761993408203,0.669387347675302,2.033422089686756,2,1,1,0.02,0.08,0.03,0.15,0.9,0.1,-1.2,0.0,0,0,1,0,0.675,0.44
243,4,-0.17488722503185272,-0.20136584341526031,-0.15363146364688873,0.14414841147479296,3.525806314043667,2,1,1,0.02,0.08,0.03,0.15,0.9,0.1,-1.2,0.0,0,0,1,0,0.675,0.44
243,5,-0.09477464854717255,0.3364276885986328,0.37811991572380066,1.9566816944238818,0.5608688541146838,2,1,1,0.02,0.08,0.03,0.15,0.9,0.1,-1.2,0.0,0,0,1,0,0.675,0.44
243,6,0.8971520066261292,0.39185938239097595,0.21468988060951233,0.5979557964295402,2.195219393629111,2,1,1,0.02,0.08,0.03,0.15,0.9,0.1,-1.2,0.0,0,0,1,0,0.675,0.44
243,7,-0.6377628445625305,0.1738182157278061,-1.7798782587051392,2.1465105119952774,-0.596093089915614,2,1,1,0.02,0.08,0.03,0.15,0.9,0.1,-1.2,0.0,0,0,1,0,0.675,0.44
244,0,0.4274531602859497,0.42849335074424744,1.1855641603469849,1.6777222068521107,-6.28,2,1,1,0.02,0.08,0.03,0.15,0.9,0.1,-1.2,0.0,0,0,1,0,0.675,0.44
244,1,-0.7507160305976868,-0.4164664149284363,-2.682960033416748,4.247337071285723,-2.5611078192393952,0,0,0,0.02,0.08,0.03,0.15,0.9,0.1,-1.2,0.0,0,0,1,0,0.675,0.44
244,2,0.41674065589904785,-0.042345691472291946,-0.9968331456184387,0.6480603637753413,1.4526458005525817,2,1,1,0.02,0.08,0.03,0.15,0.9,0.1,-1.2,0.0,0,0,1,0,0.675,0.44
244,3,-1.2114977836608887,0.022020235657691956,1.569247841835022,1.259672656953301,1.4121484971115645,2,1,1,0.02,0.08,0.03,0.15,0.9,0.1,-1.2,0.0,0,0,1,0,0.675,0.44
244,4,-0.1715715229511261,-0.20174521207809448,-0.0669877752661705,0.3726843791488332,3.4275425435315032,2,1,1,0.02,0.08,0.03,0.15,0.9,0.1,-1.2,0.0,0,0,1,0,0.675,0.44
244,5,-0.09245062619447708,0.3372959792613983,0.3348599970340729,2.059573597688057,0.5544171060842302,2,1,1,0.02,0.08,0.03,0.15,0.9,0.1,-1.2,0.0,0,0,1,0,0.675,0.44
244,6,0.8995283246040344,0.39254119992256165,0.3438108265399933,1.6860176120267216,1.1745014842365649,2,1,1,0.02,0.08,0.03,0.15,0.9,0.1,-1.2,0.0,0,0,1,0,0.675,0.44
244,7,-0.6381293535232544,0.17258800566196442,-1.9364616870880127,5.064613235851824,-5.715695985354772,2,1,1,0.02,0.08,0.03,0.15,0.9,0.1,-1.2,0.0,0,0,1,0,0.675,0.44
245,0,0.4288950562477112,0.4328222870826721,1.3263721466064453,0.7815265406819532,-6.28,2,1,1,0.02,0.08,0.03,0.15,0.9,0.1,-1.2,0.0,0,0,1,0,0.675,0.44
245,1,-0.753198504447937,-0.4170002043247223,-2.922668933868408,4.298824728600524,-1.8854122118034375,0,0,0,0.02,0.08,0.03,0.15,0.9,0.1,-1.2,0.0,0,0,1,0,0.675,0.44
245,2,0.41833725571632385,-0.04490424692630768,-1.0310994386672974,0.5727515103041132,1.30859537247027,2,1,1,0.02,0.08,0.03,0.15,0.9,0.1,-1.2,0.0,0,0,1,0,0.675,0.44
245,3,-1.2115658521652222,0.02485307678580284,1.622208833694458,1.5010495948711073,1.1288796139513737,2,1,1,0.02,0.08,0.03,0.15,0.9,0.1,-1.2,0.0,0,0,1,0,0.675,0.44
245,4,-0.16795624792575836,-0.20179739594459534,0.046228859573602676,-1.833488056718608,3.9630074571391996,2,1,1,0.02,0.08,0.03,0.15,0.9,0.1,-1.2,0.0,0,0,1,0,0.675,0.44
245,5,-0.09006581455469131,0.33806562423706055,0.28687357902526855,2.6126708300784696,0.5706202228388623,2,1,1,0.02,0.08,0.03,0.15,0.9,0.1,-1.2,0.0,0,0,1,0,0.675,0.44
245,6,0.9020575284957886,0.39357978105545044,0.4148433208465576,1.4394752478135275,1.5871299178666216,2,1,1,0.02,0.08,0.03,0.15,0.9,0.1,-1.2,0.0,0,0,1,0,0.675,0.44
245,7,-0.6387574076652527,0.17120732367038727,-2.0445785522460938,5.83746005445014,-6.002364495372366,2,1,1,0.02,0.08,0.03,0.15,0.9,0.1,-1.2,0.0,0,0,1,0,0.675,0.44
246,0,0.4278871715068817,0.4299922585487366,1.1270010471343994,0.8306429920438091,-6.28,2,1,1,0.02,0.08,0.03,0.15,0.9,0.1,-1.2,0.0,0,0,1,0,0.675,0.44
246,1,-0.7552288770675659,-0.41729679703712463,3.1150596141815186,4.747219954793714,-1.70569912863592,0,0,0,0.02,0.08,0.03,0.15,0.9,0.1,-1.2,0.0,0,0,1,0,0.675,0.44
246,2,0.41950076818466187,-0.04685986787080765,-1.015727162361145,0.19009973609797337,1.6346191112006871,2,1,1,0.02,0.08,0.03,0.15,0.9,0.1,-1.2,0.0,0,0,1,0,0.675,0.44
246,3,-1.211741328239441,0.027562491595745087,1.6373716592788696,1.0420369370908296,1.7218478408848765,2,1,1,0.02,0.08,0.03,0.15,0.9,0.1,-1.2,0.0,0,0,1,0,0.675,0.44
246,4,-0.1641700565814972,-0.20140878856182098,0.15670709311962128,-1.3488993466830401,3.7220249152960667,2,1,1,0.02,0.08,0.03,0.15,0.9,0.1,-1.2,0.0,0,0,1,0,0.675,0.44
246,5,-0.08755850791931152,0.3387356996536255,0.23482544720172882,2.3820420506217563,0.4660623997961676,2,1,1,0.02,0.08,0.03,0.15,0.9,0.1,-1.2,0.0,0,0,1,0,0.675,0.44
246,6,0.9046480059623718,0.3947497308254242,0.41145336627960205,0.8908301189276315,1.9773987013505898,2,1,1,0.02,0.08,0.03,0.15,0.9,0.1,-1.2,0.0,0,0,1,0,0.675,0.44
246,7,-0.6384720802307129,0.17153121531009674,-2.376645803451538,0.23352688493745782,1.6569165944373472,2,1,1,0.02,0.08,0.03,0.15,0.9,0.1,-1.2,0.0,0,0,1,0,0.675,0.44
247,0,0.42520371079444885,0.42594578862190247,0.850452184677124,2.947034247971697,-6.28,2,1,1,0.02,0.08,0.03,0.15,0.9,0.1,-1.2,0.0,0,0,1,0,0.675,0.44
247,1,-0.7572475075721741,-0.41698944568634033,2.877551317214966,4.912799624868628,-0.6545763777139234,0,0,0,0.02,0.08,0.03,0.15,0.9,0.1,-1.2,0.0,0,0,1,0,0.675,0.44
247,2,0.42053210735321045,-0.04848507046699524,-0.9893589019775391,0.896155800847472,1.2740554095543375,2,1,1,0.02,0.08,0.03,0.15,0.9,0.1,-1.2,0.0,0,0,1,0,0.675,0.44
247,3,-1.211912751197815,0.030169522389769554,1.6270817518234253,0.9112932351433752,1.8690026837699658,2,1,1,0.02,0.08,0.03,0.15,0.9,0.1,-1.2,0.0,0,0,1,0,0.675,0.44
247,4,-0.16174371540546417,-0.20085686445236206,0.3417702913284302,-0.5562408924225746,3.913348973371626,2,1,1,0.02,0.08,0.03,0.15,0.9,0.1,-1.2,0.0,0,0,1,0,0.675,0.44
247,5,-0.08454987406730652,0.3393523097038269,0.16687314212322235,2.136025424516821,0.2413521257885581,2,1,1,0.02,0.08,0.03,0.15,0.9,0.1,-1.2,0.0,0,0,1,0,0.675,0.44
247,6,0.9073898792266846,0.3959433436393738,0.4118882715702057,-0.010980026195535689,2.5892442306782812,2,1,1,0.02,0.08,0.03,0.15,0.9,0.1,-1.2,0.0,0,0,1,0,0.675,0.44
247,7,-0.6381786465644836,0.1716453582048416,-2.822611093521118,2.2015916664220616,-0.9201467340921379,2,1,1,0.02,0.08,0.03,0.15,0.9,0.1,-1.2,0.0,0,0,1,0,0.675,0.44
248,0,0.4235501289367676,0.4242151975631714,0.6843132376670837,4.599165634546394,-6.28,2,1,1,0.02,0.08,0.03,0.15,0.9,0.1,-1.2,0.0,0,0,1,0,0.675,0.44
248,1,-0.7599555850028992,-0.4159145653247833,2.652301073074341,3.7136613288773517,0.530671536486044,0,0,0,0.02,0.08,0.03,0.15,0.9,0.1,-1.2,0.0,0,0,1,0,0.675,0.44
248,2,0.4215678870677948,-0.050001561641693115,-0.9436085820198059,1.9283359555783406,0.547449638298325,2,1,1,0.02,0.08,0.03,0.15,0.9,0.1,-1.2,0.0,0,0,1,0,0.675,0.44
248,3,-1.2120797634124756,0.0329328328371048,1.6446293592453003,0.5967094712652653,2.209646359616345,2,1,1,0.02,0.08,0.03,0.15,0.9,0.1,-1.2,0.0,0,0,1,0,0.675,0.44
248,4,-0.15961000323295593,-0.19987298548221588,0.5258023738861084,0.19563312146453002,3.930361225567131,2,1,1,0.02,0.08,0.03,0.15,0.9,0.1,-1.2,0.0,0,0,1,0,0.675,0.44
248,5,-0.08165883272886276,0.33974096179008484,0.09872736036777496,2.4817503901554003,-0.04436482073874783,2,1,1,0.02,0.08,0.03,0.15,0.9,0.1,-1.2,0.0,0,0,1,0,0.675,0.44
248,6,0.9100331664085388,0.3971332907676697,0.4434090256690979,-0.8044917994937707,3.13047395912635,2,1,1,0.02,0.08,0.03,0.15,0.9,0.1,-1.2,0.0,0,0,1,0,0.675,0.44
248,7,-0.6396328210830688,0.17124590277671814,-2.8585550785064697,4.4279958540089055,-4.379329450963223,2,1,1,0.02,0.08,0.03,0.15,0.9,0.1,-1.2,0.0,0,0,1,0,0.675,0.44
249,0,0.422421395778656,0.42300161719322205,0.4242422580718994,4.109513565756872,-3.4137797487130346,2,1,1,0.02,0.08,0.03,0.15,0.9,0.1,-1.2,0.0,0,0,1,0,0.675,0.44
249,1,-0.76309734582901,-0.41376060247421265,2.4429421424865723,2.570518592608431,0.9187667122824884,0,0,0,0.02,0.08,0.03,0.15,0.9,0.1,-1.2,0.0,0,0,1,0,0.675,0.44
249,2,0.4228259325027466,-0.05168468877673149,-0.9228331446647644,0.8621769991292079,2.350101979368923,2,1,1,0.02,0.08,0.03,0.15,0.9,0.1,-1.2,0.0,0,0,1,0,0.675,0.44
249,3,-1.2123329639434814,0.03576608747243881,1.67863929271698,-0.20689278230706895,2.9424397812160032,2,1,1,0.02,0.08,0.03,0.15,0.9,0.1,-1.2,0.0,0,0,1,0,0.675,0.44
249,4,-0.1570175290107727,-0.19805313646793365,0.6871914863586426,-1.474696404203845,3.980104870373311,2,1,1,0.02,0.08,0.03,0.15,0.9,0.1,-1.2,0.0,0,0,1,0,0.675,0.44
249,5,-0.07919217646121979,0.339907169342041,0.03214377164840698,2.84957672721883,-0.28381845012710805,2,1,1,0.02,0.08,0.03,0.15,0.9,0.1,-1.2,0.0,0,0,1,0,0.675,0.44
249,6,0.9123820662498474,0.39833569526672363,0.5241363644599915,-0.9330937294393882,3.2269803580456973,2,1,1,0.02,0.08,0.03,0.15,0.9,0.1,-1.2,0.0,0,0,1,0,0.675,0.44
249,7,-0.6409772634506226,0.17086312174797058,-2.9339003562927246,4.561521346731236,-4.842395641412485,2,1,1,0.02,0.08,0.03,0.15,0.9,0.1,-1.2,0.0,0,0,1,0,0.675,0.44
250,0,0.4247792363166809,0.4237390458583832,0.20505110919475555,4.473383452490159,-3.0571211762617576,2,1,1,0.02,0.08,0.03,0.15,0.9,0.1,-1.2,0.0,0,0,1,0,0.675,0.44
250,1,-0.7661356925964355,-0.4107971787452698,2.3107168674468994,1.9298677923072556,0.12406723448791009,0,0,0,0.02,0.08,0.03,0.15,0.9,0.1,-1.2,0.0,0,0,1,0,0.675,0.44
250,2,0.424263596534729,-0.053624480962753296,-0.9589564204216003,1.037589928173915,1.823742577462983,2,1,1,0.02,0.08,0.03,0.15,0.9,0.1,-1.2,0.0,0,0,1,0,0.675,0.44
250,3,-1.212701678276062,0.038562092930078506,1.7312633991241455,0.5153784365465524,2.3835739898702557,2,1,1,0.02,0.08,0.03,0.15,0.9,0.1,-1.2,0.0,0,0,1,0,0.675,0.44
250,4,-0.15413731336593628,-0.19531701505184174,0.8233296275138855,-0.9838952266777369,4.2255730472528095,2,1,1,0.02,0.08,0.03,0.15,0.9,0.1,-1.2,0.0,0,0,1,0,0.675,0.44
250,5,-0.07676535844802856,0.3398924469947815,-0.052193738520145416,2.0846303200570673,0.20864805922749113,2,1,1,0.02,0.08,0.03,0.15,0.9,0.1,-1.2,0.0,0,0,1,0,0.675,0.44
250,6,0.914382815361023,0.39963498711586,0.653215765953064,-0.6077398495472882,3.1942482584025704,2,1,1,0.02,0.08,0.03,0.15,0.9,0.1,-1.2,0.0,0,0,1,0,0.675,0.44
250,7,-0.6409837603569031,0.17081329226493835,3.0694942474365234,4.3796641783463475,-3.976656921471701,2,1,1,0.02,0.08,0.03,0.15,0.9,0.1,-1.2,0.0,0,0,1,0,0.675,0.44
251,0,0.4260917901992798,0.4239765703678131,-0.05854646489024162,4.714338779206588,-1.3364234173644798,2,1,1,0.02,0.08,0.03,0.15,0.9,0.1,-1.2,0.0,0,0,1,0,0.675,0.44
251,1,-0.768481969833374,-0.40800756216049194,2.2420904636383057,1.3913816343895669,-0.1402980624036685,0,0,0,0.02,0.08,0.03,0.15,0.9,0.1,-1.2,0.0,0,0,1,0,0.675,0.44
251,2,0.4260379672050476,-0.05612404644489288,-0.9268563389778137,1.009565503058638,1.708196147757286,2,1,1,0.02,0.08,0.03,0.15,0.9,0.1,-1.2,0.0,0,0,1,0,0.675,0.44
251,3,-1.2132503986358643,0.04126181825995445,1.8310790061950684,0.327149190019612,2.6561062821358177,2,1,1,0.02,0.08,0.03,0.15,0.9,0.1,-1.2,0.0,0,0,1,0,0.675,0.44
251,4,-0.15236841142177582,-0.19310380518436432,1.002842903137207,-0.24845831898181145,4.197918678517327,2,1,1,0.02,0.08,0.03,0.15,0.9,0.1,-1.2,0.0,0,0,1,0,0.675,0.44
251,5,-0.07423640042543411,0.3396320343017578,-0.1582336723804474,1.8371397468801502,0.5600905700659053,2,1,1,0.02,0.08,0.03,0.15,0.9,0.1,-1.2,0.0,0,0,1,0,0.675,0.44
251,6,0.9161240458488464,0.4011565148830414,0.7981105446815491,-0.4435006009831037,3.2699355944939237,2,1,1,0.02,0.08,0.03,0.15,0.9,0.1,-1.2,0.0,0,0,1,0,0.675,0.44
251,7,-0.6401067972183228,0.17062029242515564,2.700249433517456,4.330481210468118,-2.679882728001278,2,1,1,0.02,0.08,0.03,0.15,0.9,0.1,-1.2,0.0,0,0,1,0,0.675,0.44
252,0,0.4268655776977539,0.4238162040710449,-0.35428181290626526,4.7675309177795295,0.747773213237779,2,1,1,0.02,0.08,0.03,0.15,0.9,0.1,-1.2,0.0,0,0,1,0,0.675,0.44
252,1,-0.7698757648468018,-0.4061436355113983,2.18023681640625,0.279373244933904,0.8316202436219061,0,0,0,0.02,0.08,0.03,0.15,0.9,0.1,-1.2,0.0,0,0,1,0,0.675,0.44
252,2,0.42783936858177185,-0.05843741446733475,-0.8942790031433105,0.2544993873679482,2.6600384964108605,2,1,1,0.02,0.08,0.03,0.15,0.9,0.1,-1.2,0.0,0,0,1,0,0.675,0.44
252,3,-1.2141013145446777,0.04400575906038284,1.905763030052185,-0.10603074995394045,3.0500106840243477,2,1,1,0.02,0.08,0.03,0.15,0.9,0.1,-1.2,0.0,0,0,1,0,0.675,0.44
252,4,-0.15095947682857513,-0.19034066796302795,1.187806248664856,0.44634743439306535,3.948151828267092,2,1,1,0.02,0.08,0.03,0.15,0.9,0.1,-1.2,0.0,0,0,1,0,0.675,0.44
252,5,-0.07192929834127426,0.33916234970092773,-0.23321369290351868,1.2327487968239066,0.8790573070152309,2,1,1,0.02,0.08,0.03,0.15,0.9,0.1,-1.2,0.0,0,0,1,0,0.675,0.44
252,6,0.917766273021698,0.40308767557144165,0.9343385100364685,-0.6157747287919509,3.506006511564906,2,1,1,0.02,0.08,0.03,0.15,0.9,0.1,-1.2,0.0,0,0,1,0,0.675,0.44
252,7,-0.6403676867485046,0.17074120044708252,2.3494715690612793,4.367063967788496,-1.2882415988953062,2,1,1,0.02,0.08,0.03,0.15,0.9,0.1,-1.2,0.0,0,0,1,0,0.675,0.44
253,0,0.4290498197078705,0.4226490259170532,-0.6007550358772278,3.313793948906763,1.9089862904738082,2,1,1,0.02,0.08,0.03,0.15,0.9,0.1,-1.2,0.0,0,0,1,0,0.675,0.44
253,1,-0.7706476449966431,-0.40496915578842163,2.1247687339782715,2.9119368838234263,-2.543990488366144,0,0,0,0.02,0.08,0.03,0.15,0.9,0.1,-1.2,0.0,0,0,1,0,0.675,0.44
253,2,0.4295855462551117,-0.06055708974599838,-0.8691322803497314,-0.3923841877992322,3.298712548610699,2,1,1,0.02,0.08,0.03,0.15,0.9,0.1,-1.2,0.0,0,0,1,0,0.675,0.44
253,3,-1.2151838541030884,0.046767525374889374,1.9842456579208374,-0.6769861735377127,3.4279933526896262,2,1,1,0.02,0.08,0.03,0.15,0.9,0.1,-1.2,0.0,0,0,1,0,0.675,0.44
253,4,-0.14984311163425446,-0.18669091165065765,1.349313497543335,0.9120574285881274,3.9290499856685472,2,1,1,0.02,0.08,0.03,0.15,0.9,0.1,-1.2,0.0,0,0,1,0,0.675,0.44
253,5,-0.06963326036930084,0.33855119347572327,-0.28223440051078796,1.6682029343139344,0.9880118765030296,2,1,1,0.02,0.08,0.03,0.15,0.9,0.1,-1.2,0.0,0,0,1,0,0.675,0.44
253,6,0.9192654490470886,0.4054315984249115,1.0654009580612183,-1.0412414264577106,3.775464206921047,2,1,1,0.02,0.08,0.03,0.15,0.9,0.1,-1.2,0.0,0,0,1,0,0.675,0.44
253,7,-0.6411793231964111,0.17189937829971313,2.0412895679473877,4.5103153139006364,-0.2463521831821358,2,1,1,0.02,0.08,0.03,0.15,0.9,0.1,-1.2,0.0,0,0,1,0,0.675,0.44
254,0,0.43272143602371216,0.4195721745491028,-0.7661964297294617,-3.4148065327324657,4.267225224502316,2,1,1,0.02,0.08,0.03,0.15,0.9,0.1,-1.2,0.0,0,0,1,0,0.675,0.44
254,1,-0.7712355256080627,-0.403997540473938,2.1296844482421875,1.6327803129396017,-1.0773156279791638,0,0,0,0.02,0.08,0.03,0.15,0.9,0.1,-1.2,0.0,0,0,1,0,0.675,0.44
254,2,0.43150395154953003,-0.0627008005976677,-0.7966561317443848,-0.4948895769329532,3.509051181722526,2,1,1,0.02,0.08,0.03,0.15,0.9,0.1,-1.2,0.0,0,0,1,0,0.675,0.44
254,3,-1.2165029048919678,0.04941040650010109,2.08927845954895,-6.28,4.887507824798519,2,1,1,0.02,0.08,0.03,0.15,0.9,0.1,-1.2,0.0,0,0,1,0,0.675,0.44
254,4,-0.1491880714893341,-0.1824328452348709,1.4786009788513184,1.147294168030745,4.137262913194271,2,1,1,0.02,0.08,0.03,0.15,0.9,0.1,-1.2,0.0,0,0,1,0,0.675,0.44
254,5,-0.06756065040826797,0.33791816234588623,-0.30105748772621155,0.8205052181780602,1.5585662566484713,2,1,1,0.02,0.08,0.03,0.15,0.9,0.1,-1.2,0.0,0,0,1,0,0.675,0.44
254,6,0.9204875826835632,0.40804317593574524,1.207321286201477,-1.2107609089993587,3.768715440621858,2,1,1,0.02,0.08,0.03,0.15,0.9,0.1,-1.2,0.0,0,0,1,0,0.675,0.44
254,7,-0.6420197486877441,0.17424270510673523,1.805470585823059,4.624766245015502,0.3963701333313814,2,1,1,0.02,0.08,0.03,0.15,0.9,0.1,-1.2,0.0,0,0,1,0,0.675,0.44
255,0,0.4363536536693573,0.4157642126083374,-0.8345516920089722,-6.28,4.314260956355649,2,1,1,0.02,0.08,0.03,0.15,0.9,0.1,-1.2,0.0,0,0,1,0,0.675,0.44
255,1,-0.7715055346488953,-0.40355581045150757,1.9800535440444946,4.881029963610153,-5.0806173264471965,0,0,0,0.02,0.08,0.03,0.15,0.9,0.1,-1.2,0.0,0,0,1,0,0.675,0.44
255,2,0.4336528480052948,-0.06466793268918991,-0.6759234666824341,0.6953166881505244,2.876157028238509,2,1,1,0.02,0.08,0.03,0.15,0.9,0.1,-1.2,0.0,0,0,1,0,0.675,0.44
255,3,-1.2180354595184326,0.051747240126132965,2.2269749641418457,-6.28,4.834469893089257,2,1,1,0.02,0.08,0.03,0.15,0.9,0.1,-1.2,0.0,0,0,1,0,0.675,0.44
255,4,-0.14902205765247345,-0.17768514156341553,1.5876437425613403,1.3269036947307489,4.000664362438643,2,1,1,0.02,0.08,0.03,0.15,0.9,0.1,-1.2,0.0,0,0,1,0,0.675,0.44
255,5,-0.0651371106505394,0.3371375501155853,-0.32261282205581665,1.016172853509259,1.7475846476485957,2,1,1,0.02,0.08,0.03,0.15,0.9,0.1,-1.2,0.0,0,0,1,0,0.675,0.44
255,6,0.921281635761261,0.4107005000114441,1.3717586994171143,-1.3068878691595378,3.534241248304864,2,1,1,0.02,0.08,0.03,0.15,0.9,0.1,-1.2,0.0,0,0,1,0,0.675,0.44
255,7,-0.6425254344940186,0.1778801530599594,1.621192216873169,4.632645668016118,0.8380424066803029,2,1,1,0.02,0.08,0.03,0.15,0.9,0.1,-1.2,0.0,0,0,1,0,0.675,0.44
256,0,0.43751129508018494,0.41452571749687195,-0.6262640357017517,-5.9246038217075645,4.255760774335275,2,1,1,0.02,0.08,0.03,0.15,0.9,0.1,-1.2,0.0,0,0,1,0,0.675,0.44
256,1,-0.7716682553291321,-0.40310630202293396,1.863163709640503,4.303818412374949,-4.224628522991335,0,0,0,0.02,0.08,0.03,0.15,0.9,0.1,-1.2,0.0,0,0,1,0,0.675,0.44
256,2,0.4361167848110199,-0.06637884676456451,-0.5372729897499084,0.94905980065796,2.9247687869451546,2,1,1,0.02,0.08,0.03,0.15,0.9,0.1,-1.2,0.0,0,0,1,0,0.675,0.44
256,3,-1.2175692319869995,0.05139020457863808,2.5733091831207275,-6.28,4.533024338232039,2,1,1,0.02,0.08,0.03,0.15,0.9,0.1,-1.2,0.0,0,0,1,0,0.675,0.44
256,4,-0.1493823379278183,-0.17250150442123413,1.6926370859146118,1.4841993310782822,3.6455861742640017,2,1,1,0.02,0.08,0.03,0.15,0.9,0.1,-1.2,0.0,0,0,1,0,0.675,0.44
256,5,-0.06282821297645569,0.3363680839538574,-0.30661749839782715,0.1103595293879463,2.238577969184441,2,1,1,0.02,0.08,0.03,0.15,0.9,0.1,-1.2,0.0,0,0,1,0,0.675,0.44
256,6,0.9215937256813049,0.41328224539756775,1.5456489324569702,-2.3313518531918613,3.6010859779658553,2,1,1,0.02,0.08,0.03,0.15,0.9,0.1,-1.2,0.0,0,0,1,0,0.675,0.44
256,7,-0.6423823237419128,0.182607963681221,1.4651432037353516,4.447353764688351,-5.96015971007698,2,1,1,0.02,0.08,0.03,0.15,0.9,0.1,-1.2,0.0,0,0,1,0,0.675,0.44
257,0,0.4365265369415283,0.4149671792984009,-0.2569970488548279,-3.7166761596272413,4.613976511160335,2,1,1,0.02,0.08,0.03,0.15,0.9,0.1,-1.2,0.0,0,0,1,0,0.675,0.44
257,1,-0.7716808319091797,-0.4031555652618408,1.5620439052581787,3.552015809359388,-1.5941586838796233,0,0,0,0.02,0.08,0.03,0.15,0.9,0.1,-1.2,0.0,0,0,1,0,0.675,0.44
257,2,0.4391466975212097,-0.067966029047966,-0.44649437069892883,0.952891568979583,3.0407041478725443,2,1,1,0.02,0.08,0.03,0.15,0.9,0.1,-1.2,0.0,0,0,1,0,0.675,0.44
257,3,-1.2164719104766846,0.050964999943971634,2.9806411266326904,-4.438122824579203,4.468000924160566,2,1,1,0.02,0.08,0.03,0.15,0.9,0.1,-1.2,0.0,0,0,1,0,0.675,0.44
257,4,-0.15028531849384308,-0.16725927591323853,1.788604497909546,1.5677524048089606,3.1983696166136757,2,1,1,0.02,0.08,0.03,0.15,0.9,0.1,-1.2,0.0,0,0,1,0,0.675,0.44
257,5,-0.060257479548454285,0.33558711409568787,-0.28086522221565247,0.3352635948782859,2.123948380410133,2,1,1,0.02,0.08,0.03,0.15,0.9,0.1,-1.2,0.0,0,0,1,0,0.675,0.44
257,6,0.9214681386947632,0.415574312210083,1.7175936698913574,-4.557558108675916,4.500435665897029,2,1,1,0.02,0.08,0.03,0.15,0.9,0.1,-1.2,0.0,0,0,1,0,0.675,0.44
257,7,-0.641452968120575,0.18787212669849396,1.3282618522644043,4.373353657184296,-6.28,2,1,1,0.02,0.08,0.03,0.15,0.9,0.1,-1.2,0.0,0,0,1,0,0.675,0.44
258,0,0.43518853187561035,0.4150126874446869,0.1366450935602188,-1.0128062516217198,5.1853940841360595,2,1,1,0.02,0.08,0.03,0.15,0.9,0.1,-1.2,0.0,0,0,1,0,0.675,0.44
258,1,-0.7716659307479858,-0.40319541096687317,1.2150648832321167,3.589744011476991,-1.8042907564579906,0,0,0,0.02,0.08,0.03,0.15,0.9,0.1,-1.2,0.0,0,0,1,0,0.675,0.44
258,2,0.44264400005340576,-0.06948063522577286,-0.37589070200920105,0.9287541244146723,1.1887997505631656,2,1,1,0.02,0.08,0.03,0.15,0.9,0.1,-1.2,0.0,0,0,1,0,0.675,0.44
258,3,-1.2204617261886597,0.05136863514780998,-3.122105360031128,-3.7558544016237456,4.563837243713283,2,1,1,0.02,0.08,0.03,0.15,0.9,0.1,-1.2,0.0,0,0,1,0,0.675,0.44
258,4,-0.1516076624393463,-0.16226382553577423,1.8679004907608032,2.7050206805116863,2.002491649920865,2,1,1,0.02,0.08,0.03,0.15,0.9,0.1,-1.2,0.0,0,0,1,0,0.675,0.44
258,5,-0.057903725653886795,0.3349703848361969,-0.21593588590621948,0.8120023945167715,-0.4190692621026895,2,1,1,0.02,0.08,0.03,0.15,0.9,0.1,-1.2,0.0,0,0,1,0,0.675,0.44
258,6,0.9211304187774658,0.41702207922935486,1.9198081493377686,-5.388168036708426,4.648626341520014,2,1,1,0.02,0.08,0.03,0.15,0.9,0.1,-1.2,0.0,0,0,1,0,0.675,0.44
258,7,-0.6416534185409546,0.18783026933670044,1.0068292617797852,4.590859714061698,-3.9239581757950384,2,1,1,0.02,0.08,0.03,0.15,0.9,0.1,-1.2,0.0,0,0,1,0,0.675,0.44
259,0,0.4355938732624054,0.41515910625457764,0.4899110794067383,0.7181591850859692,5.583178976439791,2,1,1,0.02,0.08,0.03,0.15,0.9,0.1,-1.2,0.0,0,0,1,0,0.675,0.44
259,1,-0.7708831429481506,-0.4017806053161621,0.9940716028213501,3.6137806973488256,-1.9349229955182592,0,0,0,0.02,0.08,0.03,0.15,0.9,0.1,-1.2,0.0,0,0,1,0,0.675,0.44
259,2,0.44638529419898987,-0.07080314308404922,-0.30349984765052795,-0.0020790432974773787,2.165033381029396,2,1,1,0.02,0.08,0.03,0.15,0.9,0.1,-1.2,0.0,0,0,1,0,0.675,0.44
259,3,-1.2235760688781738,0.05112432315945625,-2.9035613536834717,-2.7853493994732537,4.7972917109002795,2,1,1,0.02,0.08,0.03,0.15,0.9,0.1,-1.2,0.0,0,0,1,0,0.675,0.44
259,4,-0.153176948428154,-0.15767937898635864,1.9290183782577515,2.7397762097914753,0.43081876291828375,2,1,1,0.02,0.08,0.03,0.15,0.9,0.1,-1.2,0.0,0,0,1,0,0.675,0.44
259,5,-0.05550612881779671,0.33452266454696655,-0.15068596601486206,1.163782213935889,-0.7063767835095824,2,1,1,0.02,0.08,0.03,0.15,0.9,0.1,-1.2,0.0,0,0,1,0,0.675,0.44
259,6,0.9210553169250488,0.4172079265117645,2.2191855907440186,-4.1789653270967095,4.445924624437391,2,1,1,0.02,0.08,0.03,0.15,0.9,0.1,-1.2,0.0,0,0,1,0,0.675,0.44
259,7,-0.6424931883811951,0.1868811547756195,0.6090057492256165,4.855212333651201,-1.4361530211258806,2,1,1,0.02,0.08,0.03,0.15,0.9,0.1,-1.2,0.0,0,0,1,0,0.675,0.44
260,0,0.43834319710731506,0.41718462109565735,0.7623663544654846,0.37496203238993747,4.995266196506176,2,1,1,0.02,0.08,0.03,0.15,0.9,0.1,-1.2,0.0,0,0,1,0,0.675,0.44
260,1,-0.7697656154632568,-0.40032801032066345,0.807929277420044,3.640575302823161,-2.031299634895001,0,0,0,0.02,0.08,0.03,0.15,0.9,0.1,-1.2,0.0,0,0,1,0,0.675,0.44
260,2,0.4487738609313965,-0.07149608433246613,-0.28137269616127014,-0.8772884819917075,2.901591886992398,2,1,1,0.02,0.08,0.03,0.15,0.9,0.1,-1.2,0.0,0,0,1,0,0.675,0.44
260,3,-1.2243565320968628,0.05080012232065201,-2.5521738529205322,-0.6267589055263593,5.2898297262228,2,1,1,0.02,0.08,0.03,0.15,0.9,0.1,-1.2,0.0,0,0,1,0,0.675,0.44
260,4,-0.15486174821853638,-0.15328378975391388,1.9203208684921265,2.73162451658163,0.09434481625472182,2,1,1,0.02,0.08,0.03,0.15,0.9,0.1,-1.2,0.0,0,0,1,0,0.675,0.44
260,5,-0.054708804935216904,0.33441591262817383,-0.17283830046653748,1.9264875895918332,-0.9357503864645517,2,1,1,0.02,0.08,0.03,0.15,0.9,0.1,-1.2,0.0,0,0,1,0,0.675,0.44
260,6,0.9215025901794434,0.41682732105255127,2.5929067134857178,-2.1599877959893146,4.410883447718227,2,1,1,0.02,0.08,0.03,0.15,0.9,0.1,-1.2,0.0,0,0,1,0,0.675,0.44
260,7,-0.642185628414154,0.1869884431362152,0.2527380883693695,5.295376414019065,0.27115442301265774,2,1,1,0.02,0.08,0.03,0.15,0.9,0.1,-1.2,0.0,0,0,1,0,0.675,0.44
261,0,0.4418661594390869,0.42130589485168457,0.9569849371910095,-3.927828199002209,4.07982410980015,2,1,1,0.02,0.08,0.03,0.15,0.9,0.1,-1.2,0.0,0,0,1,0,0.675,0.44
261,1,-0.7684870362281799,-0.399194598197937,0.6148191690444946,3.6592645959638244,-2.0928800346039416,0,0,0,0.02,0.08,0.03,0.15,0.9,0.1,-1.2,0.0,0,0,1,0,0.675,0.44
261,2,0.45085597038269043,-0.07204217463731766,-0.2187906950712204,-1.8472358004124851,3.609029073239821,2,1,1,0.02,0.08,0.03,0.15,0.9,0.1,-1.2,0.0,0,0,1,0,0.675,0.44
261,3,-1.2255451679229736,0.04965268820524216,-2.229869842529297,-0.5823037649720763,5.44442101862157,2,1,1,0.02,0.08,0.03,0.15,0.9,0.1,-1.2,0.0,0,0,1,0,0.675,0.44
261,4,-0.1559843271970749,-0.14999593794345856,1.8502262830734253,2.2829034819603007,0.5663066764420701,2,1,1,0.02,0.08,0.03,0.15,0.9,0.1,-1.2,0.0,0,0,1,0,0.675,0.44
261,5,-0.05427103862166405,0.3343328833580017,-0.23409238457679749,0.9602924826419066,0.3826282510115274,2,1,1,0.02,0.08,0.03,0.15,0.9,0.1,-1.2,0.0,0,0,1,0,0.675,0.44
261,6,0.9214555025100708,0.4168681800365448,2.955526351928711,-1.6336080635126502,4.688656744814757,2,1,1,0.02,0.08,0.03,0.15,0.9,0.1,-1.2,0.0,0,0,1,0,0.675,0.44
261,7,-0.6393209099769592,0.18727794289588928,-0.018130144104361534,4.96581580464247,-0.47456685056429077,2,1,1,0.02,0.08,0.03,0.15,0.9,0.1,-1.2,0.0,0,0,1,0,0.675,0.44
262,0,0.44471704959869385,0.42601943016052246,1.1293562650680542,2.7539891143710338,-6.28,2,1,1,0.02,0.08,0.03,0.15,0.9,0.1,-1.2,0.0,0,0,1,0,0.675,0.44
262,1,-0.7670792937278748,-0.39837098121643066,0.4166618585586548,4.430582034026854,-4.1960784490613,0,0,0,0.02,0.08,0.03,0.15,0.9,0.1,-1.2,0.0,0,0,1,0,0.675,0.44
262,2,0.4528849422931671,-0.07237572222948074,-0.09743364155292511,-2.3405521911270335,3.980263148544487,2,1,1,0.02,0.08,0.03,0.15,0.9,0.1,-1.2,0.0,0,0,1,0,0.675,0.44
262,3,-1.2276173830032349,0.04604016989469528,-1.9661126136779785,0.716145431742387,5.879762614024115,2,1,1,0.02,0.08,0.03,0.15,0.9,0.1,-1.2,0.0,0,0,1,0,0.675,0.44
262,4,-0.1566733866930008,-0.1471816599369049,1.7598364353179932,1.874579821710553,0.8799596475317507,2,1,1,0.02,0.08,0.03,0.15,0.9,0.1,-1.2,0.0,0,0,1,0,0.675,0.44
262,5,-0.05341830477118492,0.3340856730937958,-0.32782605290412903,0.36631631939123466,2.946029186599929,2,1,1,0.02,0.08,0.03,0.15,0.9,0.1,-1.2,0.0,0,0,1,0,0.675,0.44
262,6,0.9195458889007568,0.41692018508911133,-3.045454263687134,-1.1252248891373744,4.739787996549123,2,1,1,0.02,0.08,0.03,0.15,0.9,0.1,-1.2,0.0,0,0,1,0,0.675,0.44
262,7,-0.634082019329071,0.18662792444229126,-0.2146347016096115,4.123976658420595,-0.7896442239725451,2,1,1,0.02,0.08,0.03,0.15,0.9,0.1,-1.2,0.0,0,0,1,0,0.675,0.44
263,0,0.44524550437927246,0.42733094096183777,1.394698143005371,2.9016513505685637,-6.28,2,1,1,0.02,0.08,0.03,0.15,0.9,0.1,-1.2,0.0,0,0,1,0,0.675,0.44
263,1,-0.7655832767486572,-0.3978586494922638,0.21521639823913574,4.426138191380467,-3.999832047977414,0,0,0,0.02,0.08,0.03,0.15,0.9,0.1,-1.2,0.0,0,0,1,0,0.675,0.44
263,2,0.45470908284187317,-0.07241148501634598,0.08278888463973999,-2.2020736057424584,4.055187331478152,2,1,1,0.02,0.08,0.03,0.15,0.9,0.1,-1.2,0.0,0,0,1,0,0.675,0.44
263,3,-1.2290719747543335,0.04176522046327591,-1.7290958166122437,1.6949405124763333,6.250620639296253,2,1,1,0.02,0.08,0.03,0.15,0.9,0.1,-1.2,0.0,0,0,1,0,0.675,0.44
263,4,-0.15710227191448212,-0.1443859189748764,1.692527413368225,1.905853063931641,0.6348113250660025,2,1,1,0.02,0.08,0.03,0.15,0.9,0.1,-1.2,0.0,0,0,1,0,0.675,0.44
263,5,-0.05222616717219353,0.3336418867111206,-0.3642728328704834,-0.6300759209930941,3.527020797647426,2,1,1,0.02,0.08,0.03,0.15,0.9,0.1,-1.2,0.0,0,0,1,0,0.675,0.44
263,6,0.9170747995376587,0.4162939488887787,-2.7953507900238037,-0.20242866929907724,4.385639637026718,2,1,1,0.02,0.08,0.03,0.15,0.9,0.1,-1.2,0.0,0,0,1,0,0.675,0.44
263,7,-0.6294631361961365,0.18519432842731476,-0.4056604504585266,-5.80982793839736,4.8435206478677495,2,1,1,0.02,0.08,0.03,0.15,0.9,0.1,-1.2,0.0,0,0,1,0,0.675,0.44
264,0,0.4446154534816742,0.4247072637081146,1.188239336013794,4.4807089818039225,-6.28,2,1,1,0.02,0.08,0.03,0.15,0.9,0.1,-1.2,0.0,0,0,1,0,0.675,0.44
264,1,-0.7650881409645081,-0.39777058362960815,-0.06887458264827728,4.363427562051762,-2.976464353019416,0,0,0,0.02,0.08,0.03,0.15,0.9,0.1,-1.2,0.0,0,0,1,0,0.675,0.44
264,2,0.4562895596027374,-0.072112537920475,0.3016577661037445,-1.6318590337143501,3.8968168961285667,2,1,1,0.02,0.08,0.03,0.15,0.9,0.1,-1.2,0.0,0,0,1,0,0.675,0.44
264,3,-1.2294385433197021,0.03582769259810448,-1.5308619737625122,-0.8957849987056519,3.503185234559078,2,1,1,0.02,0.08,0.03,0.15,0.9,0.1,-1.2,0.0,0,0,1,0,0.675,0.44
264,4,-0.15737350285053253,-0.1416274458169937,1.6526333093643188,1.8097642393709117,0.5178646458594698,2,1,1,0.02,0.08,0.03,0.15,0.9,0.1,-1.2,0.0,0,0,1,0,0.675,0.44
264,5,-0.04947221651673317,0.33267146348953247,-0.29579049348831177,-0.6327038327378732,3.4673487748511618,2,1,1,0.02,0.08,0.03,0.15,0.9,0.1,-1.2,0.0,0,0,1,0,0.675,0.44
264,6,0.9142744541168213,0.4149242639541626,-2.5675723552703857,-0.40140761221620774,4.048368553041792,2,1,1,0.02,0.08,0.03,0.15,0.9,0.1,-1.2,0.0,0,0,1,0,0.675,0.44
264,7,-0.6262590289115906,0.1834806203842163,-0.5834658741950989,-6.28,5.879427399328405,2,1,1,0.02,0.08,0.03,0.15,0.9,0.1,-1.2,0.0,0,0,1,0,0.675,0.44
265,0,0.4431209862232208,0.4223821759223938,0.8249033093452454,6.28,-6.28,2,1,1,0.02,0.08,0.03,0.15,0.9,0.1,-1.2,0.0,0,0,1,0,0.675,0.44
265,1,-0.7646662592887878,-0.3978956341743469,-0.3848741948604584,4.392095199395578,-2.5341852238221567,0,0,0,0.02,0.08,0.03,0.15,0.9,0.1,-1.2,0.0,0,0,1,0,0.675,0.44
265,2,0.457920104265213,-0.0713857039809227,0.5235360860824585,-1.2436632104777599,3.7830021151087965,2,1,1,0.02,0.08,0.03,0.15,0.9,0.1,-1.2,0.0,0,0,1,0,0.675,0.44
265,3,-1.228473424911499,0.028307374566793442,-1.3644500970840454,-0.889223813803598,3.715311877463457,2,1,1,0.02,0.08,0.03,0.15,0.9,0.1,-1.2,0.0,0,0,1,0,0.675,0.44
265,4,-0.15753307938575745,-0.1390501707792282,1.6100438833236694,2.5213265471918893,-0.3910732644742855,2,1,1,0.02,0.08,0.03,0.15,0.9,0.1,-1.2,0.0,0,0,1,0,0.675,0.44
265,5,-0.04657020419836044,0.3319580852985382,-0.1605924367904663,-1.3152148535161217,3.579966651046546,2,1,1,0.02,0.08,0.03,0.15,0.9,0.1,-1.2,0.0,0,0,1,0,0.675,0.44
265,6,0.9111784100532532,0.4124871790409088,-2.392763614654541,0.10183475301849196,3.0398662155742335,2,1,1,0.02,0.08,0.03,0.15,0.9,0.1,-1.2,0.0,0,0,1,0,0.675,0.44
265,7,-0.6264055967330933,0.18342827260494232,-0.31104570627212524,-5.697352992359081,4.809626542727909,2,1,1,0.02,0.08,0.03,0.15,0.9,0.1,-1.2,0.0,0,0,1,0,0.675,0.44
266,0,0.4455655813217163,0.4246697723865509,0.632427453994751,3.775152389670639,-6.28,2,1,1,0.02,0.08,0.03,0.15,0.9,0.1,-1.2,0.0,0,0,1,0,0.675,0.44
266,1,-0.7636685371398926,-0.3985552191734314,-0.7006096243858337,4.352838145816145,-1.7574894747374628,0,0,0,0.02,0.08,0.03,0.15,0.9,0.1,-1.2,0.0,0,0,1,0,0.675,0.44
266,2,0.45967623591423035,-0.0700974315404892,0.7233273386955261,-0.17666182310484627,3.374825048272417,2,1,1,0.02,0.08,0.03,0.15,0.9,0.1,-1.2,0.0,0,0,1,0,0.675,0.44
266,3,-1.227468490600586,0.024703925475478172,-1.2073827981948853,-0.9288986419858425,3.8900916064540874,2,1,1,0.02,0.08,0.03,0.15,0.9,0.1,-1.2,0.0,0,0,1,0,0.675,0.44
266,4,-0.1575755476951599,-0.13668064773082733,1.5649020671844482,2.814402998218034,-0.8357992214428219,2,1,1,0.02,0.08,0.03,0.15,0.9,0.1,-1.2,0.0,0,0,1,0,0.675,0.44
266,5,-0.04372640326619148,0.33168825507164,-0.016102224588394165,-2.7921625252039117,3.5155486480769023,2,1,1,0.02,0.08,0.03,0.15,0.9,0.1,-1.2,0.0,0,0,1,0,0.675,0.44
266,6,0.9086316823959351,0.4097369611263275,-2.236501932144165,-1.0355102252241875,3.074986972501445,2,1,1,0.02,0.08,0.03,0.15,0.9,0.1,-1.2,0.0,0,0,1,0,0.675,0.44
266,7,-0.6265294551849365,0.1835017204284668,0.1285496950149536,-1.2022002616396352,4.222426893634101,2,1,1,0.02,0.08,0.03,0.15,0.9,0.1,-1.2,0.0,0,0,1,0,0.675,0.44
267,0,0.45115116238594055,0.4285106360912323,0.44732666015625,1.5863900722069015,-6.28,2,1,1,0.02,0.08,0.03,0.15,0.9,0.1,-1.2,0.0,0,0,1,0,0.675,0.44
267,1,-0.7625047564506531,-0.3998582661151886,-0.9965445399284363,3.6622608526788536,-2.1709995298814446,0,0,0,0.02,0.08,0.03,0.15,0.9,0.1,-1.2,0.0,0,0,1,0,0.675,0.44
267,2,0.4613887369632721,-0.0682859867811203,0.9032076001167297,0.6548461647612535,3.0746251836821283,2,1,1,0.02,0.08,0.03,0.15,0.9,0.1,-1.2,0.0,0,0,1,0,0.675,0.44
267,3,-1.2262771129608154,0.0222014132887125,-1.0479846000671387,0.0013426579321188653,3.535750417412879,2,1,1,0.02,0.08,0.03,0.15,0.9,0.1,-1.2,0.0,0,0,1,0,0.675,0.44
267,4,-0.15748663246631622,-0.13451223075389862,1.4740020036697388,2.879980052192427,-0.938675685188595,2,1,1,0.02,0.08,0.03,0.15,0.9,0.1,-1.2,0.0,0,0,1,0,0.675,0.44
267,5,-0.041342806071043015,0.3318244516849518,0.15142235159873962,-0.7337049383350358,2.171156952235847,2,1,1,0.02,0.08,0.03,0.15,0.9,0.1,-1.2,0.0,0,0,1,0,0.675,0.44
267,6,0.9067845344543457,0.40706583857536316,-2.12294864654541,-0.935082884763324,2.5617525409995787,2,1,1,0.02,0.08,0.03,0.15,0.9,0.1,-1.2,0.0,0,0,1,0,0.675,0.44
267,7,-0.6253383755683899,0.1846432238817215,0.17928265035152435,-1.2069363719737876,3.4817888413886764,2,1,1,0.02,0.08,0.03,0.15,0.9,0.1,-1.2,0.0,0,0,1,0,0.675,0.44
268,0,0.45408621430397034,0.4293811321258545,0.233982652425766,2.1248204936419595,-6.28,2,1,1,0.02,0.08,0.03,0.15,0.9,0.1,-1.2,0.0,0,0,1,0,0.675,0.44
268,1,-0.7615136504173279,-0.40183499455451965,-1.2447975873947144,3.767109894796276,-2.471842000863515,0,0,0,0.02,0.08,0.03,0.15,0.9,0.1,-1.2,0.0,0,0,1,0,0.675,0.44
268,2,0.46310266852378845,-0.06574277579784393,1.0376884937286377,0.8855540121627715,3.0355955979956217,2,1,1,0.02,0.08,0.03,0.15,0.9,0.1,-1.2,0.0,0,0,1,0,0.675,0.44
268,3,-1.224604606628418,0.01978949084877968,-0.8805769085884094,0.20901346840013352,3.593904000603433,2,1,1,0.02,0.08,0.03,0.15,0.9,0.1,-1.2,0.0,0,0,1,0,0.675,0.44
268,4,-0.1571856439113617,-0.13253295421600342,1.3505229949951172,3.149095025346993,-1.3135664222626173,2,1,1,0.02,0.08,0.03,0.15,0.9,0.1,-1.2,0.0,0,0,1,0,0.675,0.44
268,5,-0.04030000790953636,0.3320624530315399,0.36490821838378906,-0.8295933588340252,2.597654278632136,2,1,1,0.02,0.08,0.03,0.15,0.9,0.1,-1.2,0.0,0,0,1,0,0.675,0.44
268,6,0.9057163596153259,0.40508100390434265,-1.9872790575027466,-2.434822160296751,3.5676507872301406,2,1,1,0.02,0.08,0.03,0.15,0.9,0.1,-1.2,0.0,0,0,1,0,0.675,0.44
268,7,-0.6221863627433777,0.18552784621715546,0.3969460725784302,-0.6726123762348646,3.4416360252364386,2,1,1,0.02,0.08,0.03,0.15,0.9,0.1,-1.2,0.0,0,0,1,0,0.675,0.44
269,0,0.4538080096244812,0.42918142676353455,0.055709078907966614,3.5922630478630255,-6.28,2,1,1,0.02,0.08,0.03,0.15,0.9,0.1,-1.2,0.0,0,0,1,0,0.675,0.44
269,1,-0.7610977292060852,-0.40352895855903625,-1.453739881515503,3.82691028108929,-2.645396673587306,0,0,0,0.02,0.08,0.03,0.15,0.9,0.1,-1.2,0.0,0,0,1,0,0.675,0.44
269,2,0.4647789001464844,-0.06253500282764435,1.1299817562103271,1.4729534942717353,2.4104965097500126,2,1,1,0.02,0.08,0.03,0.15,0.9,0.1,-1.2,0.0,0,0,1,0,0.675,0.44
269,3,-1.2222708463668823,0.01736312545835972,-0.7456949353218079,0.9573406680680043,3.1810400408900663,2,1,1,0.02,0.08,0.03,0.15,0.9,0.1,-1.2,0.0,0,0,1,0,0.675,0.44
269,4,-0.15664170682430267,-0.1306677609682083,1.2171319723129272,3.625499828515961,-1.9795858710332102,2,1,1,0.02,0.08,0.03,0.15,0.9,0.1,-1.2,0.0,0,0,1,0,0.675,0.44
269,5,-0.039129626005887985,0.3326229453086853,0.4951683282852173,1.4113515032051465,2.8762327900548086,2,1,1,0.02,0.08,0.03,0.15,0.9,0.1,-1.2,0.0,0,0,1,0,0.675,0.44
269,6,0.9051229953765869,0.4034801423549652,-1.8604072332382202,-1.061785623375904,2.608419466539598,2,1,1,0.02,0.08,0.03,0.15,0.9,0.1,-1.2,0.0,0,0,1,0,0.675,0.44
269,7,-0.6197033524513245,0.18681494891643524,0.5774626731872559,-3.2489515157673314,4.220301700250825,2,1,1,0.02,0.08,0.03,0.15,0.9,0.1,-1.2,0.0,0,0,1,0,0.675,0.44
270,0,0.45190897583961487,0.429193913936615,-0.16230349242687225,5.942700307498965,-0.6710271917822135,2,1,1,0.02,0.08,0.03,0.15,0.9,0.1,-1.2,0.0,0,0,1,0,0.675,0.44
270,1,-0.7610702514648438,-0.4048519432544708,-1.6706631183624268,3.3657983960910416,-1.6149673497411248,0,0,0,0.02,0.08,0.03,0.15,0.9,0.1,-1.2,0.0,0,0,1,0,0.675,0.44
270,2,0.4662913978099823,-0.05896133929491043,1.2070504426956177,1.5278210047776022,2.3224656690529333,2,1,1,0.02,0.08,0.03,0.15,0.9,0.1,-1.2,0.0,0,0,1,0,0.675,0.44
270,3,-1.2193628549575806,0.014991171658039093,-0.6260914206504822,0.852414379778579,3.4175771055984736,2,1,1,0.02,0.08,0.03,0.15,0.9,0.1,-1.2,0.0,0,0,1,0,0.675,0.44
270,4,-0.15587842464447021,-0.1289789080619812,1.0645124912261963,3.3610625705077855,-1.676868630013025,2,1,1,0.02,0.08,0.03,0.15,0.9,0.1,-1.2,0.0,0,0,1,0,0.675,0.44
270,5,-0.03768216446042061,0.33351874351501465,0.611564040184021,0.6836482039953401,3.123629251108986,2,1,1,0.02,0.08,0.03,0.15,0.9,0.1,-1.2,0.0,0,0,1,0,0.675,0.44
270,6,0.9048563241958618,0.4022746682167053,-1.666911244392395,-0.48211681283842966,2.505107725452762,2,1,1,0.02,0.08,0.03,0.15,0.9,0.1,-1.2,0.0,0,0,1,0,0.675,0.44
270,7,-0.6174558401107788,0.18854698538780212,0.7306085824966431,5.078201971918326,-6.28,2,1,1,0.02,0.08,0.03,0.15,0.9,0.1,-1.2,0.0,0,0,1,0,0.675,0.44
271,0,0.45200371742248535,0.42924824357032776,-0.4123428165912628,6.28,4.552511782166638,2,1,1,0.02,0.08,0.03,0.15,0.9,0.1,-1.2,0.0,0,0,1,0,0.675,0.44
271,1,-0.7613160610198975,-0.40599900484085083,-1.8988819122314453,3.6039045349210195,-2.0842294396572965,0,0,0,0.02,0.08,0.03,0.15,0.9,0.1,-1.2,0.0,0,0,1,0,0.675,0.44
271,2,0.46757808327674866,-0.055289946496486664,1.2483646869659424,1.8723168021272942,1.7259976950061244,2,1,1,0.02,0.08,0.03,0.15,0.9,0.1,-1.2,0.0,0,0,1,0,0.675,0.44
271,3,-1.2159531116485596,0.012767098844051361,-0.5401344895362854,1.2213174993980769,3.215346077625715,2,1,1,0.02,0.08,0.03,0.15,0.9,0.1,-1.2,0.0,0,0,1,0,0.675,0.44
271,4,-0.1549387276172638,-0.1275838166475296,0.8750321269035339,3.652198575449086,-1.960058513075908,2,1,1,0.02,0.08,0.03,0.15,0.9,0.1,-1.2,0.0,0,0,1,0,0.675,0.44
271,5,-0.03472369164228439,0.33579021692276,0.6784230470657349,0.8273245232611911,2.8742683324278633,2,1,1,0.02,0.08,0.03,0.15,0.9,0.1,-1.2,0.0,0,0,1,0,0.675,0.44
271,6,0.9048316478729248,0.4008617103099823,-1.5184379816055298,0.5721193150977025,1.88749673172627,2,1,1,0.02,0.08,0.03,0.15,0.9,0.1,-1.2,0.0,0,0,1,0,0.675,0.44
271,7,-0.6165128350257874,0.1895253211259842,0.9704219698905945,5.6860415588155115,-6.28,2,1,1,0.02,0.08,0.03,0.15,0.9,0.1,-1.2,0.0,0,0,1,0,0.675,0.44
272,0,0.4559977352619171,0.4270078241825104,-0.6402692198753357,6.28,4.050783951009801,2,1,1,0.02,0.08,0.03,0.15,0.9,0.1,-1.2,0.0,0,0,1,0,0.675,0.44
272,1,-0.7619705200195312,-0.4073837399482727,-2.0874342918395996,3.8055265890454195,-2.490868537834264,0,0,0,0.02,0.08,0.03,0.15,0.9,0.1,-1.2,0.0,0,0,1,0,0.675,0.44
272,2,0.4687419533729553,-0.051615357398986816,1.27724027633667,1.4151081128718963,1.938359713235073,2,1,1,0.02,0.08,0.03,0.15,0.9,0.1,-1.2,0.0,0,0,1,0,0.675,0.44
272,3,-1.212222933769226,0.01074299681931734,-0.4526297450065613,1.4327020986858057,3.1236135379377026,2,1,1,0.02,0.08,0.03,0.15,0.9,0.1,-1.2,0.0,0,0,1,0,0.675,0.44
272,4,-0.1537504494190216,-0.1264040470123291,0.6936530470848083,2.8407644841411446,-0.8434118007161938,2,1,1,0.02,0.08,0.03,0.15,0.9,0.1,-1.2,0.0,0,0,1,0,0.675,0.44
272,5,-0.03176502138376236,0.33833473920822144,0.7570860385894775,-1.1422754662490715,2.9389041637874125,2,1,1,0.02,0.08,0.03,0.15,0.9,0.1,-1.2,0.0,0,0,1,0,0.675,0.44
272,6,0.9050507545471191,0.398973673582077,-1.4082190990447998,-0.23503355901802156,2.917346578494839,2,1,1,0.02,0.08,0.03,0.15,0.9,0.1,-1.2,0.0,0,0,1,0,0.675,0.44
272,7,-0.6169597506523132,0.18906071782112122,0.6935995221138,4.46975123478372,-4.545253725937068,2,1,1,0.02,0.08,0.03,0.15,0.9,0.1,-1.2,0.0,0,0,1,0,0.675,0.44
273,0,0.46327489614486694,0.42077046632766724,-0.745345950126648,-6.28,6.28,2,1,1,0.02,0.08,0.03,0.15,0.9,0.1,-1.2,0.0,0,0,1,0,0.675,0.44
273,1,-0.7628673315048218,-0.40866324305534363,-2.2823235988616943,4.172907371275951,-3.37331041331992,0,0,0,0.02,0.08,0.03,0.15,0.9,0.1,-1.2,0.0,0,0,1,0,0.675,0.44
273,2,0.46977776288986206,-0.04811982065439224,1.2786288261413574,0.7363224888333958,1.9688845417320209,2,1,1,0.02,0.08,0.03,0.15,0.9,0.1,-1.2,0.0,0,0,1,0,0.675,0.44
273,3,-1.2081893682479858,0.008975026197731495,-0.3787003755569458,1.9991901529046576,2.5704383520606036,2,1,1,0.02,0.08,0.03,0.15,0.9,0.1,-1.2,0.0,0,0,1,0,0.675,0.44
273,4,-0.1523544192314148,-0.12544967234134674,0.5002892017364502,2.2759618876775667,0.08483658308361536,2,1,1,0.02,0.08,0.03,0.15,0.9,0.1,-1.2,0.0,0,0,1,0,0.675,0.44
273,5,-0.029155772179365158,0.3409907817840576,0.8316454887390137,-0.19397675144933665,2.3840497921978616,2,1,1,0.02,0.08,0.03,0.15,0.9,0.1,-1.2,0.0,0,0,1,0,0.675,0.44
273,6,0.9055214524269104,0.3966589570045471,-1.3504341840744019,-0.7250082856975447,3.4989373570993694,2,1,1,0.02,0.08,0.03,0.15,0.9,0.1,-1.2,0.0,0,0,1,0,0.675,0.44
273,7,-0.6172360777854919,0.18897125124931335,0.23966838419437408,4.508977188190261,-2.366063046777415,2,1,1,0.02,0.08,0.03,0.15,0.9,0.1,-1.2,0.0,0,0,1,0,0.675,0.44
274,0,0.47059717774391174,0.41354915499687195,-0.823756992816925,-6.28,2.9737949054648505,2,1,1,0.02,0.08,0.03,0.15,0.9,0.1,-1.2,0.0,0,0,1,0,0.675,0.44
274,1,-0.7638497948646545,-0.4096023440361023,-2.499648332595825,4.150274932379644,-3.128102440429123,0,0,0,0.02,0.08,0.03,0.15,0.9,0.1,-1.2,0.0,0,0,1,0,0.675,0.44
274,2,0.47074368596076965,-0.04485888034105301,1.292269229888916,0.6439077837675374,1.394240159332906,2,1,1,0.02,0.08,0.03,0.15,0.9,0.1,-1.2,0.0,0,0,1,0,0.675,0.44
274,3,-1.2039272785186768,0.007436903193593025,-0.31728705763816833,2.345331396177963,2.106452456985504,2,1,1,0.02,0.08,0.03,0.15,0.9,0.1,-1.2,0.0,0,0,1,0,0.675,0.44
274,4,-0.15062279999256134,-0.1246776282787323,0.35622403025627136,1.8012733889796437,0.8451112748201528,2,1,1,0.02,0.08,0.03,0.15,0.9,0.1,-1.2,0.0,0,0,1,0,0.675,0.44
274,5,-0.027758149430155754,0.34266623854637146,0.960705578327179,0.9070274356319853,1.7734833270996113,2,1,1,0.02,0.08,0.03,0.15,0.9,0.1,-1.2,0.0,0,0,1,0,0.675,0.44
274,6,0.9062072038650513,0.39411547780036926,-1.252661108970642,-1.151660228673846,4.0617485136887215,2,1,1,0.02,0.08,0.03,0.15,0.9,0.1,-1.2,0.0,0,0,1,0,0.675,0.44
274,7,-0.6172760725021362,0.18905657529830933,0.14945051074028015,4.629420539916765,-2.1147369832398164,2,1,1,0.02,0.08,0.03,0.15,0.9,0.1,-1.2,0.0,0,0,1,0,0.675,0.44
275,0,0.4721178710460663,0.41188251972198486,-0.47248393297195435,-6.28,2.5732337004558086,2,1,1,0.02,0.08,0.03,0.15,0.9,0.1,-1.2,0.0,0,0,1,0,0.675,0.44
275,1,-0.764627993106842,-0.4100729525089264,-2.756958484649658,4.1081040655952785,-2.7152717918844083,0,0,0,0.02,0.08,0.03,0.15,0.9,0.1,-1.2,0.0,0,0,1,0,0.675,0.44
275,2,0.4714851975440979,-0.04212258756160736,1.3305491209030151,0.8969714857682598,0.9185849228743447,2,1,1,0.02,0.08,0.03,0.15,0.9,0.1,-1.2,0.0,0,0,1,0,0.675,0.44
275,3,-1.1995608806610107,0.0060970536433160305,-0.2893978953361511,2.2609428795316218,2.3288893356168767,2,1,1,0.02,0.08,0.03,0.15,0.9,0.1,-1.2,0.0,0,0,1,0,0.675,0.44
275,4,-0.148442342877388,-0.1239960715174675,0.2694293260574341,2.2402092274625964,0.7607569430333975,2,1,1,0.02,0.08,0.03,0.15,0.9,0.1,-1.2,0.0,0,0,1,0,0.675,0.44
275,5,-0.026648538187146187,0.3444646894931793,1.0618029832839966,1.5608273625347382,0.9600423587242308,2,1,1,0.02,0.08,0.03,0.15,0.9,0.1,-1.2,0.0,0,0,1,0,0.675,0.44
275,6,0.9072420001029968,0.39155280590057373,-1.1114542484283447,-1.5943828241451568,4.393560470757473,2,1,1,0.02,0.08,0.03,0.15,0.9,0.1,-1.2,0.0,0,0,1,0,0.675,0.44
275,7,-0.6153968572616577,0.18914476037025452,-0.12068592011928558,4.8427862496211755,-1.0509912931904921,2,1,1,0.02,0.08,0.03,0.15,0.9,0.1,-1.2,0.0,0,0,1,0,0.675,0.44
276,0,0.46980932354927063,0.41247040033340454,-0.09794941544532776,-6.28,3.3996753966648203,2,1,1,0.02,0.08,0.03,0.15,0.9,0.1,-1.2,0.0,0,0,1,0,0.675,0.44
276,1,-0.765576183795929,-0.4102986752986908,-3.015254020690918,4.317891499967725,-4.189926854904997,0,0,0,0.02,0.08,0.03,0.15,0.9,0.1,-1.2,0.0,0,0,1,0,0.675,0.44
276,2,0.4719690680503845,-0.04000519588589668,1.3602609634399414,0.42551383439025237,1.3683508122536492,2,1,1,0.02,0.08,0.03,0.15,0.9,0.1,-1.2,0.0,0,0,1,0,0.675,0.44
276,3,-1.1952695846557617,0.0048364270478487015,-0.29223811626434326,0.191756456795804,1.8035584050989664,2,1,1,0.02,0.08,0.03,0.15,0.9,0.1,-1.2,0.0,0,0,1,0,0.675,0.44
276,4,-0.1459331065416336,-0.12337759882211685,0.2276185303926468,2.206309932193114,1.0194032634788033,2,1,1,0.02,0.08,0.03,0.15,0.9,0.1,-1.2,0.0,0,0,1,0,0.675,0.44
276,5,-0.025460198521614075,0.3467552661895752,1.1040654182434082,1.3540262367919584,0.8534284117696255,2,1,1,0.02,0.08,0.03,0.15,0.9,0.1,-1.2,0.0,0,0,1,0,0.675,0.44
276,6,0.9087399244308472,0.38906827569007874,-0.934569776058197,-1.4621274648604976,4.442460908920102,2,1,1,0.02,0.08,0.03,0.15,0.9,0.1,-1.2,0.0,0,0,1,0,0.675,0.44
276,7,-0.6128136515617371,0.1884845346212387,-0.3886549770832062,-2.7786460755949665,3.4879632751585175,2,1,1,0.02,0.08,0.03,0.15,0.9,0.1,-1.2,0.0,0,0,1,0,0.675,0.44
277,0,0.47100308537483215,0.41248059272766113,0.05613298341631889,-5.452860431893014,4.076837582635259,2,1,1,0.02,0.08,0.03,0.15,0.9,0.1,-1.2,0.0,0,0,1,0,0.675,0.44
277,1,-0.7667491436004639,-0.4102824628353119,3.0193676948547363,4.1753912165749485,-3.9203322941759153,0,0,0,0.02,0.08,0.03,0.15,0.9,0.1,-1.2,0.0,0,0,1,0,0.675,0.44
277,2,0.4723449945449829,-0.03818405419588089,1.3661350011825562,0.8775182274058123,0.8001319053601248,2,1,1,0.02,0.08,0.03,0.15,0.9,0.1,-1.2,0.0,0,0,1,0,0.675,0.44
277,3,-1.190901279449463,0.0035206391476094723,-0.2920486330986023,0.1974087321118952,1.4217942731840503,2,1,1,0.02,0.08,0.03,0.15,0.9,0.1,-1.2,0.0,0,0,1,0,0.675,0.44
277,4,-0.14306727051734924,-0.12278378754854202,0.17952363193035126,2.575492777506853,0.9291190542578653,2,1,1,0.02,0.08,0.03,0.15,0.9,0.1,-1.2,0.0,0,0,1,0,0.675,0.44
277,5,-0.024320119991898537,0.34903523325920105,1.0931116342544556,1.5860315960340696,0.3647229042244793,2,1,1,0.02,0.08,0.03,0.15,0.9,0.1,-1.2,0.0,0,0,1,0,0.675,0.44
277,6,0.9106399416923523,0.3869476914405823,-0.7287625074386597,-1.219013195472022,4.483325077430355,2,1,1,0.02,0.08,0.03,0.15,0.9,0.1,-1.2,0.0,0,0,1,0,0.675,0.44
277,7,-0.6097362041473389,0.1867925226688385,-0.6064425706863403,-3.2052127857330177,3.3884279891612965,2,1,1,0.02,0.08,0.03,0.15,0.9,0.1,-1.2,0.0,0,0,1,0,0.675,0.44
278,0,0.4733697772026062,0.41271984577178955,0.20141299068927765,-4.323624902580857,4.521596944188732,2,1,1,0.02,0.08,0.03,0.15,0.9,0.1,-1.2,0.0,0,0,1,0,0.675,0.44
278,1,-0.7670509219169617,-0.41022101044654846,2.726580858230591,4.696158624892687,-5.158826486507693,0,0,0,0.02,0.08,0.03,0.15,0.9,0.1,-1.2,0.0,0,0,1,0,0.675,0.44
278,2,0.4726942777633667,-0.036420054733753204,1.392744541168213,1.1804496315869106,0.3953660552891272,2,1,1,0.02,0.08,0.03,0.15,0.9,0.1,-1.2,0.0,0,0,1,0,0.675,0.44
278,3,-1.1884582042694092,0.0028181769885122776,-0.24543146789073944,0.3976713470456531,0.9664745594761981,2,1,1,0.02,0.08,0.03,0.15,0.9,0.1,-1.2,0.0,0,0,1,0,0.675,0.44
278,4,-0.13992629945278168,-0.1222897619009018,0.13587257266044617,2.18722251718113,1.4700817723192128,2,1,1,0.02,0.08,0.03,0.15,0.9,0.1,-1.2,0.0,0,0,1,0,0.675,0.44
278,5,-0.023262767121195793,0.35104209184646606,1.0747431516647339,2.430040946762613,-0.9484780843073151,2,1,1,0.02,0.08,0.03,0.15,0.9,0.1,-1.2,0.0,0,0,1,0,0.675,0.44
278,6,0.913030743598938,0.38520005345344543,-0.5201259851455688,-1.811306641032949,4.544064648637478,2,1,1,0.02,0.08,0.03,0.15,0.9,0.1,-1.2,0.0,0,0,1,0,0.675,0.44
278,7,-0.608708381652832,0.1860199123620987,-0.46776828169822693,-2.234113414652238,2.423616411799929,2,1,1,0.02,0.08,0.03,0.15,0.9,0.1,-1.2,0.0,0,0,1,0,0.675,0.44
279,0,0.4720883369445801,0.4122218191623688,0.5484299063682556,-0.2063150780762725,6.206952721469204,2,1,1,0.02,0.08,0.03,0.15,0.9,0.1,-1.2,0.0,0,0,1,0,0.675,0.44
279,1,-0.7671201229095459,-0.4101695120334625,2.3923840522766113,4.596971735622954,-5.039523169663022,0,0,0,0.02,0.08,0.03,0.15,0.9,0.1,-1.2,0.0,0,0,1,0,0.675,0.44
279,2,0.4729844629764557,-0.034744277596473694,1.397184133529663,2.004860219446278,-0.6528664281135769,2,1,1,0.02,0.08,0.03,0.15,0.9,0.1,-1.2,0.0,0,0,1,0,0.675,0.44
279,3,-1.1867141723632812,0.002428087405860424,-0.1964721530675888,0.00504829205516099,1.760975817464354,2,1,1,0.02,0.08,0.03,0.15,0.9,0.1,-1.2,0.0,0,0,1,0,0.675,0.44
279,4,-0.1364978849887848,-0.12191174179315567,0.08134888112545013,2.179428761267817,1.6057446478729667,2,1,1,0.02,0.08,0.03,0.15,0.9,0.1,-1.2,0.0,0,0,1,0,0.675,0.44
279,5,-0.022285984829068184,0.3527892827987671,1.0368925333023071,3.364559082981031,-2.6168698346012036,2,1,1,0.02,0.08,0.03,0.15,0.9,0.1,-1.2,0.0,0,0,1,0,0.675,0.44
279,6,0.9159670472145081,0.38387659192085266,-0.31823068857192993,-1.0763608260626691,4.285335230479586,2,1,1,0.02,0.08,0.03,0.15,0.9,0.1,-1.2,0.0,0,0,1,0,0.675,0.44
279,7,-0.6084533333778381,0.18589715659618378,-0.2363913655281067,-1.2819029556349608,1.7229249337033818,2,1,1,0.02,0.08,0.03,0.15,0.9,0.1,-1.2,0.0,0,0,1,0,0.675,0.44
280,0,0.4722540080547333,0.4123009145259857,0.8996824622154236,2.4374751171640687,6.28,2,1,1,0.02,0.08,0.03,0.15,0.9,0.1,-1.2,0.0,0,0,1,0,0.675,0.44
280,1,-0.767082154750824,-0.4102380871772766,2.010840654373169,4.33620442181787,-3.7920024607186615,0,0,0,0.02,0.08,0.03,0.15,0.9,0.1,-1.2,0.0,0,0,1,0,0.675,0.44
280,2,0.47326990962028503,-0.03317401558160782,1.3745959997177124,2.459896314884519,-1.2691033228625848,2,1,1,0.02,0.08,0.03,0.15,0.9,0.1,-1.2,0.0,0,0,1,0,0.675,0.44
280,3,-1.185257077217102,0.0021619065664708614,-0.16960905492305756,-0.009807100478517912,1.7860193084217726,2,1,1,0.02,0.08,0.03,0.15,0.9,0.1,-1.2,0.0,0,0,1,0,0.675,0.44
280,4,-0.1328791081905365,-0.1216900646686554,0.04964793100953102,1.4944781815057606,2.175974653624992,2,1,1,0.02,0.08,0.03,0.15,0.9,0.1,-1.2,0.0,0,0,1,0,0.675,0.44
280,5,-0.021436767652630806,0.3541202247142792,0.9333044290542603,3.5644868532955307,-2.955943191871039,2,1,1,0.02,0.08,0.03,0.15,0.9,0.1,-1.2,0.0,0,0,1,0,0.675,0.44
280,6,0.918746829032898,0.38325315713882446,-0.09948495030403137,-1.3613554642226247,4.165455078764721,2,1,1,0.02,0.08,0.03,0.15,0.9,0.1,-1.2,0.0,0,0,1,0,0.675,0.44
280,7,-0.6081996560096741,0.18584081530570984,-0.054601896554231644,-0.8685327514036013,1.807871120929922,2,1,1,0.02,0.08,0.03,0.15,0.9,0.1,-1.2,0.0,0,0,1,0,0.675,0.44
281,0,0.47451484203338623,0.41629838943481445,1.178598403930664,3.1004544256619613,6.28,2,1,1,0.02,0.08,0.03,0.15,0.9,0.1,-1.2,0.0,0,0,1,0,0.675,0.44
281,1,-0.7671480178833008,-0.40957528352737427,1.670515775680542,4.22392233706585,-3.0098735480229335,0,0,0,0.02,0.08,0.03,0.15,0.9,0.1,-1.2,0.0,0,0,1,0,0.675,0.44
281,2,0.4735783338546753,-0.03180905058979988,1.2943891286849976,2.61549239098321,-1.3940967656110959,2,1,1,0.02,0.08,0.03,0.15,0.9,0.1,-1.2,0.0,0,0,1,0,0.675,0.44
281,3,-1.1834797859191895,0.0019026704831048846,-0.11252746731042862,-0.1731165498834432,2.2178862598382,2,1,1,0.02,0.08,0.03,0.15,0.9,0.1,-1.2,0.0,0,0,1,0,0.675,0.44
281,4,-0.1291235387325287,-0.12154880166053772,0.02858496457338333,2.01193533337479,1.8044524421261328,2,1,1,0.02,0.08,0.03,0.15,0.9,0.1,-1.2,0.0,0,0,1,0,0.675,0.44
281,5,-0.020859817042946815,0.3548155725002289,0.7407957315444946,3.8222690971749795,-3.292165896943147,2,1,1,0.02,0.08,0.03,0.15,0.9,0.1,-1.2,0.0,0,0,1,0,0.675,0.44
281,6,0.9217865467071533,0.38325023651123047,0.09836501628160477,-0.5260964314775115,3.7809003365187053,2,1,1,0.02,0.08,0.03,0.15,0.9,0.1,-1.2,0.0,0,0,1,0,0.675,0.44
281,7,-0.6077557802200317,0.18584781885147095,0.06363695114850998,-0.22013236370579323,1.3186883488980818,2,1,1,0.02,0.08,0.03,0.15,0.9,0.1,-1.2,0.0,0,0,1,0,0.675,0.44
282,0,0.47678032517433167,0.4228428304195404,1.3021053075790405,-5.107960931056685,4.496174009897057,2,1,1,0.02,0.08,0.03,0.15,0.9,0.1,-1.2,0.0,0,0,1,0,0.675,0.44
282,1,-0.7671487927436829,-0.40872886776924133,1.34739351272583,4.205840765208787,-2.4249677535735272,0,0,0,0.02,0.08,0.03,0.15,0.9,0.1,-1.2,0.0,0,0,1,0,0.675,0.44
282,2,0.47397005558013916,-0.03064168617129326,1.1707159280776978,2.300810133758537,-0.9079652787670953,2,1,1,0.02,0.08,0.03,0.15,0.9,0.1,-1.2,0.0,0,0,1,0,0.675,0.44
282,3,-1.181540846824646,0.0017515127547085285,-0.04376932978630066,-0.49655187008129065,3.0180257313040895,2,1,1,0.02,0.08,0.03,0.15,0.9,0.1,-1.2,0.0,0,0,1,0,0.675,0.44
282,4,-0.12543369829654694,-0.12143880128860474,0.0436565987765789,1.6539617386472356,2.0236407542721557,2,1,1,0.02,0.08,0.03,0.15,0.9,0.1,-1.2,0.0,0,0,1,0,0.675,0.44
282,5,-0.02034885063767433,0.3552190661430359,0.5142793655395508,3.9870436601733035,-3.51588163532697,2,1,1,0.02,0.08,0.03,0.15,0.9,0.1,-1.2,0.0,0,0,1,0,0.675,0.44
282,6,0.9246363639831543,0.38380196690559387,0.2925761342048645,-0.06346618577051238,3.4715462462796274,2,1,1,0.02,0.08,0.03,0.15,0.9,0.1,-1.2,0.0,0,0,1,0,0.675,0.44
282,7,-0.6068947911262512,0.18594719469547272,0.16044335067272186,0.23269840097973865,1.032864716288766,2,1,1,0.02,0.08,0.03,0.15,0.9,0.1,-1.2,0.0,0,0,1,0,0.675,0.44
283,0,0.4787202477455139,0.4317205548286438,1.423132300376892,1.7388049059136725,-6.28,2,1,1,0.02,0.08,0.03,0.15,0.9,0.1,-1.2,0.0,0,0,1,0,0.675,0.44
283,1,-0.7667260766029358,-0.40773195028305054,1.0343565940856934,4.2944515430085834,-2.073740214406993,0,0,0,0.02,0.08,0.03,0.15,0.9,0.1,-1.2,0.0,0,0,1,0,0.675,0.44
283,2,0.4745132029056549,-0.02954300493001938,1.031532883644104,1.4542651764302523,0.21616610907791337,2,1,1,0.02,0.08,0.03,0.15,0.9,0.1,-1.2,0.0,0,0,1,0,0.675,0.44
283,3,-1.1793328523635864,0.0017456287750974298,0.043647002428770065,-0.22503724089146282,2.7911481135021496,2,1,1,0.02,0.08,0.03,0.15,0.9,0.1,-1.2,0.0,0,0,1,0,0.675,0.44
283,4,-0.12165181338787079,-0.1212637647986412,0.04268219694495201,2.182050899130129,1.549095448954697,2,1,1,0.02,0.08,0.03,0.15,0.9,0.1,-1.2,0.0,0,0,1,0,0.675,0.44
283,5,-0.01984558068215847,0.3554590940475464,0.26739275455474854,4.548406801677263,-4.688547400915692,2,1,1,0.02,0.08,0.03,0.15,0.9,0.1,-1.2,0.0,0,0,1,0,0.675,0.44
283,6,0.9275736808776855,0.38496607542037964,0.45263054966926575,0.05785387742623313,3.290842221519965,2,1,1,0.02,0.08,0.03,0.15,0.9,0.1,-1.2,0.0,0,0,1,0,0.675,0.44
283,7,-0.6058326363563538,0.18615810573101044,0.2226162701845169,0.7514983299522455,0.4722322501715721,2,1,1,0.02,0.08,0.03,0.15,0.9,0.1,-1.2,0.0,0,0,1,0,0.675,0.44
284,0,0.47894975543022156,0.43364235758781433,1.7378664016723633,-6.28,0.004733628578537652,2,1,1,0.02,0.08,0.03,0.15,0.9,0.1,-1.2,0.0,0,0,1,0,0.675,0.44
284,1,-0.7656625509262085,-0.4063933491706848,0.7507199645042419,4.3169753065854986,-1.3812622367864258,0,0,0,0.02,0.08,0.03,0.15,0.9,0.1,-1.2,0.0,0,0,1,0,0.675,0.44
284,2,0.4752832353115082,-0.028415098786354065,0.9131160378456116,2.9085695968714473,-1.6544575134225716,2,1,1,0.02,0.08,0.03,0.15,0.9,0.1,-1.2,0.0,0,0,1,0,0.675,0.44
284,3,-1.1766088008880615,0.0020249010995030403,0.16996647417545319,0.15368580830697684,2.4828484650482183,2,1,1,0.02,0.08,0.03,0.15,0.9,0.1,-1.2,0.0,0,0,1,0,0.675,0.44
284,4,-0.11795143783092499,-0.1210985854268074,0.05164162069559097,2.393787406292528,1.2753602267582205,2,1,1,0.02,0.08,0.03,0.15,0.9,0.1,-1.2,0.0,0,0,1,0,0.675,0.44
284,5,-0.019367177039384842,0.35556089878082275,0.005953134037554264,4.358527409128427,-4.19161381845387,2,1,1,0.02,0.08,0.03,0.15,0.9,0.1,-1.2,0.0,0,0,1,0,0.675,0.44
284,6,0.9305017590522766,0.3866455852985382,0.5816965103149414,9.009757883544911e-05,3.2952128027158425,2,1,1,0.02,0.08,0.03,0.15,0.9,0.1,-1.2,0.0,0,0,1,0,0.675,0.44
284,7,-0.6046347618103027,0.18645556271076202,0.25578513741493225,0.4606752180899792,1.4091125656127892,2,1,1,0.02,0.08,0.03,0.15,0.9,0.1,-1.2,0.0,0,0,1,0,0.675,0.44
285,0,0.47950655221939087,0.4297657310962677,1.5765467882156372,-6.28,1.5114707281457278,2,1,1,0.02,0.08,0.03,0.15,0.9,0.1,-1.2,0.0,0,0,1,0,0.675,0.44
285,1,-0.7640700340270996,-0.40496599674224854,0.5043568015098572,4.421871603146596,-1.1341489283133535,0,0,0,0.02,0.08,0.03,0.15,0.9,0.1,-1.2,0.0,0,0,1,0,0.675,0.44
285,2,0.47632166743278503,-0.027172496542334557,0.8550441861152649,4.023035749458602,-2.20963174896952,2,1,1,0.02,0.08,0.03,0.15,0.9,0.1,-1.2,0.0,0,0,1,0,0.675,0.44
285,3,-1.173827052116394,0.0026775409933179617,0.289755254983902,-2.805431455977114,3.6692599193499404,2,1,1,0.02,0.08,0.03,0.15,0.9,0.1,-1.2,0.0,0,0,1,0,0.675,0.44
285,4,-0.11423641443252563,-0.12091801315546036,0.03641429916024208,2.51212046445222,-1.3755512763101962,2,1,1,0.02,0.08,0.03,0.15,0.9,0.1,-1.2,0.0,0,0,1,0,0.675,0.44
285,5,-0.019386783242225647,0.3555814027786255,-0.3256264925003052,4.1972634009343945,-3.7246859438789572,2,1,1,0.02,0.08,0.03,0.15,0.9,0.1,-1.2,0.0,0,0,1,0,0.675,0.44
285,6,0.9331966638565063,0.38864821195602417,0.6969193816184998,-0.08949036061782559,3.378596193194577,2,1,1,0.02,0.08,0.03,0.15,0.9,0.1,-1.2,0.0,0,0,1,0,0.675,0.44
285,7,-0.6034450531005859,0.1867723912000656,0.25346454977989197,1.987597306165461,2.1458637740705626,2,1,1,0.02,0.08,0.03,0.15,0.9,0.1,-1.2,0.0,0,0,1,0,0.675,0.44
286,0,0.4795757830142975,0.42384788393974304,1.699589490890503,-6.28,4.562086470007441,2,1,1,0.02,0.08,0.03,0.15,0.9,0.1,-1.2,0.0,0,0,1,0,0.675,0.44
286,1,-0.7615365982055664,-0.403894305229187,0.29900383949279785,4.389285559059766,-0.38715258512786177,0,0,0,0.02,0.08,0.03,0.15,0.9,0.1,-1.2,0.0,0,0,1,0,0.675,0.44
286,2,0.477247029542923,-0.026205405592918396,0.7181494235992432,3.9249303531515913,-2.0437774205439343,2,1,1,0.02,0.08,0.03,0.15,0.9,0.1,-1.2,0.0,0,0,1,0,0.675,0.44
286,3,-1.1711329221725464,0.003627051832154393,0.3844214975833893,-2.6175497751037757,3.7764155659960448,2,1,1,0.02,0.08,0.03,0.15,0.9,0.1,-1.2,0.0,0,0,1,0,0.675,0.44
286,4,-0.1105559766292572,-0.1208382397890091,0.0009004699531942606,1.6616918020260878,-0.550322255591848,2,1,1,0.02,0.08,0.03,0.15,0.9,0.1,-1.2,0.0,0,0,1,0,0.675,0.44
286,5,-0.019300248473882675,0.35552147030830383,-0.6804251670837402,4.038919663495313,-3.0038211459180224,2,1,1,0.02,0.08,0.03,0.15,0.9,0.1,-1.2,0.0,0,0,1,0,0.675,0.44
286,6,0.935611367225647,0.3909049928188324,0.8119407892227173,-0.098810688965284,3.467203812115156,2,1,1,0.02,0.08,0.03,0.15,0.9,0.1,-1.2,0.0,0,0,1,0,0.675,0.44
286,7,-0.6017642617225647,0.18722304701805115,0.2781188488006592,2.136575884677411,2.2162777411953023,2,1,1,0.02,0.08,0.03,0.15,0.9,0.1,-1.2,0.0,0,0,1,0,0.675,0.44
287,0,0.48073282837867737,0.41908830404281616,1.981445550918579,4.623190483305308,5.1200334640613745,2,1,1,0.02,0.08,0.03,0.15,0.9,0.1,-1.2,0.0,0,0,1,0,0.675,0.44
287,1,-0.7583807706832886,-0.4032405614852905,0.1037229597568512,4.327207842584877,0.15806943008481109,0,0,0,0.02,0.08,0.03,0.15,0.9,0.1,-1.2,0.0,0,0,1,0,0.675,0.44
287,2,0.4786367118358612,-0.025220081210136414,0.5102419257164001,3.7144116984453324,-1.510945589769165,2,1,1,0.02,0.08,0.03,0.15,0.9,0.1,-1.2,0.0,0,0,1,0,0.675,0.44
287,3,-1.1699081659317017,0.004192908760160208,0.5874472260475159,0.6922237979436039,3.515418420660488,2,1,1,0.02,0.08,0.03,0.15,0.9,0.1,-1.2,0.0,0,0,1,0,0.675,0.44
287,4,-0.10892284661531448,-0.12088875472545624,-0.11700791865587234,2.598877724012057,-1.1055176249934853,2,1,1,0.02,0.08,0.03,0.15,0.9,0.1,-1.2,0.0,0,0,1,0,0.675,0.44
287,5,-0.019030598923563957,0.3552094101905823,-1.02273428440094,4.284699448500921,-3.359534808551121,2,1,1,0.02,0.08,0.03,0.15,0.9,0.1,-1.2,0.0,0,0,1,0,0.675,0.44
287,6,0.9377381205558777,0.39341869950294495,0.9324162006378174,0.4159118191081187,3.4195827014371676,2,1,1,0.02,0.08,0.03,0.15,0.9,0.1,-1.2,0.0,0,0,1,0,0.675,0.44
287,7,-0.5982370972633362,0.18826347589492798,0.28934556245803833,0.38115364226163,2.0194737487733763,2,1,1,0.02,0.08,0.03,0.15,0.9,0.1,-1.2,0.0,0,0,1,0,0.675,0.44
288,0,0.4816333055496216,0.4176105558872223,2.3761096000671387,6.248632936687065,4.016090600743218,2,1,1,0.02,0.08,0.03,0.15,0.9,0.1,-1.2,0.0,0,0,1,0,0.675,0.44
288,1,-0.7545584440231323,-0.4031812250614166,-0.07029855996370316,4.223842823322751,0.4953739721307436,0,0,0,0.02,0.08,0.03,0.15,0.9,0.1,-1.2,0.0,0,0,1,0,0.675,0.44
288,2,0.4803682565689087,-0.0245018620043993,0.29798346757888794,3.4637218408017323,-0.45672056153602203,2,1,1,0.02,0.08,0.03,0.15,0.9,0.1,-1.2,0.0,0,0,1,0,0.675,0.44
288,3,-1.1690258979797363,0.004931043367832899,0.814913272857666,0.9318274558594536,3.761071058750398,2,1,1,0.02,0.08,0.03,0.15,0.9,0.1,-1.2,0.0,0,0,1,0,0.675,0.44
288,4,-0.1078767478466034,-0.12107860296964645,-0.20824575424194336,2.1448822797333693,-0.28633349547576914,2,1,1,0.02,0.08,0.03,0.15,0.9,0.1,-1.2,0.0,0,0,1,0,0.675,0.44
288,5,-0.018687104806303978,0.35435590147972107,-1.3280041217803955,2.8792040608717766,-1.1835171556315127,2,1,1,0.02,0.08,0.03,0.15,0.9,0.1,-1.2,0.0,0,0,1,0,0.675,0.44
288,6,0.9395754933357239,0.3962278962135315,1.05693519115448,0.13777078699889025,3.4702947312902728,2,1,1,0.02,0.08,0.03,0.15,0.9,0.1,-1.2,0.0,0,0,1,0,0.675,0.44
288,7,-0.5941110253334045,0.18950161337852478,0.29270729422569275,-3.8559783397636784,4.103646911343067,2,1,1,0.02,0.08,0.03,0.15,0.9,0.1,-1.2,0.0,0,0,1,0,0.675,0.44
289,0,0.4749913215637207,0.4237426817417145,2.4098613262176514,-3.1927567927346368,4.322406503257891,2,1,1,0.02,0.08,0.03,0.15,0.9,0.1,-1.2,0.0,0,0,1,0,0.675,0.44
289,1,-0.7502119541168213,-0.40382692217826843,-0.22112104296684265,4.068308867233272,0.6579300763762927,0,0,0,0.02,0.08,0.03,0.15,0.9,0.1,-1.2,0.0,0,0,1,0,0.675,0.44
289,2,0.4824662208557129,-0.024088606238365173,0.10901741683483124,3.0321707464184393,1.2757696567305818,2,1,1,0.02,0.08,0.03,0.15,0.9,0.1,-1.2,0.0,0,0,1,0,0.675,0.44
289,3,-1.166793942451477,0.0077055636793375015,0.9406126141548157,1.4694985422709204,3.489413007038061,2,1,1,0.02,0.08,0.03,0.15,0.9,0.1,-1.2,0.0,0,0,1,0,0.675,0.44
289,4,-0.10651659220457077,-0.12144916504621506,-0.3281186521053314,1.6045590812849952,0.539875121883089,2,1,1,0.02,0.08,0.03,0.15,0.9,0.1,-1.2,0.0,0,0,1,0,0.675,0.44
289,5,-0.018583612516522408,0.3533865213394165,-1.6455973386764526,3.761756363325724,-2.5743036543017053,2,1,1,0.02,0.08,0.03,0.15,0.9,0.1,-1.2,0.0,0,0,1,0,0.675,0.44
289,6,0.9412264823913574,0.3995886743068695,1.166301965713501,-0.4073680781609964,3.594863789744654,2,1,1,0.02,0.08,0.03,0.15,0.9,0.1,-1.2,0.0,0,0,1,0,0.675,0.44
289,7,-0.5914486050605774,0.19034026563167572,0.33927544951438904,-4.12591527727495,4.2485904269473185,2,1,1,0.02,0.08,0.03,0.15,0.9,0.1,-1.2,0.0,0,0,1,0,0.675,0.44
290,0,0.4675726592540741,0.4306906461715698,2.347205877304077,-6.28,0.077915488204916,2,1,1,0.02,0.08,0.03,0.15,0.9,0.1,-1.2,0.0,0,0,1,0,0.675,0.44
290,1,-0.7457337379455566,-0.4051578938961029,-0.3547233045101166,3.930693175304041,0.20639318757254796,0,0,0,0.02,0.08,0.03,0.15,0.9,0.1,-1.2,0.0,0,0,1,0,0.675,0.44
290,2,0.48524045944213867,-0.024020319804549217,-0.0400765985250473,3.3496543102894614,1.4074640690223863,2,1,1,0.02,0.08,0.03,0.15,0.9,0.1,-1.2,0.0,0,0,1,0,0.675,0.44
290,3,-1.164268970489502,0.011543991044163704,1.0392916202545166,1.2801901618699982,3.654904494526049,2,1,1,0.02,0.08,0.03,0.15,0.9,0.1,-1.2,0.0,0,0,1,0,0.675,0.44
290,4,-0.10490834712982178,-0.12210295349359512,-0.4241428077220917,0.9147361978618553,1.1803125565272583,2,1,1,0.02,0.08,0.03,0.15,0.9,0.1,-1.2,0.0,0,0,1,0,0.675,0.44
290,5,-0.018868228420615196,0.35186636447906494,-1.8277168273925781,4.177197391134108,-3.4220177773054483,2,1,1,0.02,0.08,0.03,0.15,0.9,0.1,-1.2,0.0,0,0,1,0,0.675,0.44
290,6,0.9424792528152466,0.4030236005783081,1.2809478044509888,-1.3915859826613264,3.8632830880358875,2,1,1,0.02,0.08,0.03,0.15,0.9,0.1,-1.2,0.0,0,0,1,0,0.675,0.44
290,7,-0.5907974243164062,0.19058223068714142,0.5756140947341919,-2.9831811476629375,3.729024647694261,2,1,1,0.02,0.08,0.03,0.15,0.9,0.1,-1.2,0.0,0,0,1,0,0.675,0.44
291,0,0.4655887186527252,0.4328251779079437,2.5418648719787598,-6.28,-0.12488142639755367,2,1,1,0.02,0.08,0.03,0.15,0.9,0.1,-1.2,0.0,0,0,1,0,0.675,0.44
291,1,-0.7414124608039856,-0.40706366300582886,-0.47637927532196045,3.6045266591508285,0.3972615544082701,0,0,0,0.02,0.08,0.03,0.15,0.9,0.1,-1.2,0.0,0,0,1,0,0.675,0.44
291,2,0.4892370104789734,-0.024375880137085915,-0.11730775237083435,3.1172573893548225,-0.5065957721726976,2,1,1,0.02,0.08,0.03,0.15,0.9,0.1,-1.2,0.0,0,0,1,0,0.675,0.44
291,3,-1.1619598865509033,0.01586643047630787,1.1156020164489746,-0.7903444741700242,4.001527182868868,2,1,1,0.02,0.08,0.03,0.15,0.9,0.1,-1.2,0.0,0,0,1,0,0.675,0.44
291,4,-0.10305541008710861,-0.12301226705312729,-0.4717039465904236,0.905328338199069,2.8260028994813746,2,1,1,0.02,0.08,0.03,0.15,0.9,0.1,-1.2,0.0,0,0,1,0,0.675,0.44
291,5,-0.019296564161777496,0.35064905881881714,-2.033238410949707,4.172553388665108,-3.4059401818083117,2,1,1,0.02,0.08,0.03,0.15,0.9,0.1,-1.2,0.0,0,0,1,0,0.675,0.44
291,6,0.9432240724563599,0.40621417760849,1.416791558265686,-1.598160723339881,3.8433157304753287,2,1,1,0.02,0.08,0.03,0.15,0.9,0.1,-1.2,0.0,0,0,1,0,0.675,0.44
291,7,-0.5906343460083008,0.19067518413066864,0.8702404499053955,1.2143224431214685,2.648012074206699,2,1,1,0.02,0.08,0.03,0.15,0.9,0.1,-1.2,0.0,0,0,1,0,0.675,0.44
292,0,0.4698360562324524,0.4308081269264221,2.7766330242156982,-6.28,0.9684529906000813,2,1,1,0.02,0.08,0.03,0.15,0.9,0.1,-1.2,0.0,0,0,1,0,0.675,0.44
292,1,-0.7377549409866333,-0.4092376232147217,-0.6047073602676392,2.7218520385547964,-1.2937148247428336,0,0,0,0.02,0.08,0.03,0.15,0.9,0.1,-1.2,0.0,0,0,1,0,0.675,0.44
292,2,0.4938475489616394,-0.025073008611798286,-0.18381260335445404,3.0836953692542135,-0.19229175896631356,2,1,1,0.02,0.08,0.03,0.15,0.9,0.1,-1.2,0.0,0,0,1,0,0.675,0.44
292,3,-1.1599619388580322,0.020380528643727303,1.1964167356491089,-0.6935549935786702,2.921378309982664,2,1,1,0.02,0.08,0.03,0.15,0.9,0.1,-1.2,0.0,0,0,1,0,0.675,0.44
292,4,-0.10119025409221649,-0.12398111820220947,-0.4715924859046936,1.2281387221900317,2.7044271384706295,2,1,1,0.02,0.08,0.03,0.15,0.9,0.1,-1.2,0.0,0,0,1,0,0.675,0.44
292,5,-0.019750108942389488,0.34991008043289185,-2.292391538619995,4.224666951306896,-3.701614109881954,2,1,1,0.02,0.08,0.03,0.15,0.9,0.1,-1.2,0.0,0,0,1,0,0.675,0.44
292,6,0.9434317946434021,0.4088289737701416,1.5927624702453613,-2.468859913034338,3.93679367090459,2,1,1,0.02,0.08,0.03,0.15,0.9,0.1,-1.2,0.0,0,0,1,0,0.675,0.44
292,7,-0.5903120040893555,0.19115926325321198,1.136809229850769,1.6663564398859485,2.868415519217511,2,1,1,0.02,0.08,0.03,0.15,0.9,0.1,-1.2,0.0,0,0,1,0,0.675,0.44
293,0,0.47563523054122925,0.4292248487472534,3.0160961151123047,-4.157822709866665,4.6028270029266345,2,1,1,0.02,0.08,0.03,0.15,0.9,0.1,-1.2,0.0,0,0,1,0,0.675,0.44
293,1,-0.7345795631408691,-0.4117177128791809,-0.720752477645874,3.036789362874617,-2.4270753337572804,0,0,0,0.02,0.08,0.03,0.15,0.9,0.1,-1.2,0.0,0,0,1,0,0.675,0.44
293,2,0.4968086779117584,-0.025761544704437256,-0.29915979504585266,3.00711236327574,0.22303717918977506,2,1,1,0.02,0.08,0.03,0.15,0.9,0.1,-1.2,0.0,0,0,1,0,0.675,0.44
293,3,-1.1588464975357056,0.02376723103225231,1.3478312492370605,-0.07459749294642468,2.538389948690788,2,1,1,0.02,0.08,0.03,0.15,0.9,0.1,-1.2,0.0,0,0,1,0,0.675,0.44
293,4,-0.0981263667345047,-0.12546081840991974,-0.4157432019710541,1.9308332849588274,2.3178247249807495,2,1,1,0.02,0.08,0.03,0.15,0.9,0.1,-1.2,0.0,0,0,1,0,0.675,0.44
293,5,-0.020322849974036217,0.3493677079677582,-2.560103178024292,4.3055136408515615,-3.9958678241677923,2,1,1,0.02,0.08,0.03,0.15,0.9,0.1,-1.2,0.0,0,0,1,0,0.675,0.44
293,6,0.9431779384613037,0.4111447334289551,1.784193515777588,-2.665772949933651,3.73722959210781,2,1,1,0.02,0.08,0.03,0.15,0.9,0.1,-1.2,0.0,0,0,1,0,0.675,0.44
293,7,-0.5891484618186951,0.19416919350624084,1.2230477333068848,1.9389927139661367,2.6049631974192056,2,1,1,0.02,0.08,0.03,0.15,0.9,0.1,-1.2,0.0,0,0,1,0,0.675,0.44
294,0,0.47986921668052673,0.42912837862968445,-3.0299599170684814,1.5267792238921503,6.28,2,1,1,0.02,0.08,0.03,0.15,0.9,0.1,-1.2,0.0,0,0,1,0,0.675,0.44
294,1,-0.7331928610801697,-0.4130769371986389,-0.855859637260437,2.1853991970631257,-1.8566924586646,0,0,0,0.02,0.08,0.03,0.15,0.9,0.1,-1.2,0.0,0,0,1,0,0.675,0.44
294,2,0.4994589388370514,-0.026769330725073814,-0.41678839921951294,3.3013339485723434,-0.022478910247257164,2,1,1,0.02,0.08,0.03,0.15,0.9,0.1,-1.2,0.0,0,0,1,0,0.675,0.44
294,3,-1.158471703529358,0.02616952545940876,1.48308265209198,-0.2907084979322317,2.7663587562548733,2,1,1,0.02,0.08,0.03,0.15,0.9,0.1,-1.2,0.0,0,0,1,0,0.675,0.44
294,4,-0.09452178329229355,-0.126931294798851,-0.3607262670993805,1.5082087156851427,2.4565035571802984,2,1,1,0.02,0.08,0.03,0.15,0.9,0.1,-1.2,0.0,0,0,1,0,0.675,0.44
294,5,-0.020833829417824745,0.3490792214870453,-2.8371071815490723,4.320514050340467,-4.008118340773695,2,1,1,0.02,0.08,0.03,0.15,0.9,0.1,-1.2,0.0,0,0,1,0,0.675,0.44
294,6,0.9426872134208679,0.41272079944610596,2.0041372776031494,-2.456575021709349,3.310886408185849,2,1,1,0.02,0.08,0.03,0.15,0.9,0.1,-1.2,0.0,0,0,1,0,0.675,0.44
294,7,-0.5877395272254944,0.19832374155521393,1.2658510208129883,5.053158915128114,-6.28,2,1,1,0.02,0.08,0.03,0.15,0.9,0.1,-1.2,0.0,0,0,1,0,0.675,0.44
295,0,0.47915080189704895,0.4290562868118286,-2.768998861312866,4.323700584768388,6.28,2,1,1,0.02,0.08,0.03,0.15,0.9,0.1,-1.2,0.0,0,0,1,0,0.675,0.44
295,1,-0.7327255010604858,-0.41369616985321045,-1.0378482341766357,5.995414208198173,-6.28,0,0,0,0.02,0.08,0.03,0.15,0.9,0.1,-1.2,0.0,0,0,1,0,0.675,0.44
295,2,0.5022764205932617,-0.028204122558236122,-0.5180673003196716,3.604709702281823,-0.45665610838077697,2,1,1,0.02,0.08,0.03,0.15,0.9,0.1,-1.2,0.0,0,0,1,0,0.675,0.44
295,3,-1.1583936214447021,0.028584739193320274,1.5816227197647095,0.24626201930636002,2.396230013504158,2,1,1,0.02,0.08,0.03,0.15,0.9,0.1,-1.2,0.0,0,0,1,0,0.675,0.44
295,4,-0.09058428555727005,-0.12834647297859192,-0.33950933814048767,0.7278579198917692,2.757671129979148,2,1,1,0.02,0.08,0.03,0.15,0.9,0.1,-1.2,0.0,0,0,1,0,0.675,0.44
295,5,-0.021240253001451492,0.34895801544189453,3.140371322631836,4.073963936661348,-2.9917047746084537,2,1,1,0.02,0.08,0.03,0.15,0.9,0.1,-1.2,0.0,0,0,1,0,0.675,0.44
295,6,0.942097544670105,0.41374048590660095,2.2303361892700195,-2.3276564600266223,3.3160655572248383,2,1,1,0.02,0.08,0.03,0.15,0.9,0.1,-1.2,0.0,0,0,1,0,0.675,0.44
295,7,-0.5864435434341431,0.20265957713127136,1.292824625968933,5.583025666831177,-6.28,2,1,1,0.02,0.08,0.03,0.15,0.9,0.1,-1.2,0.0,0,0,1,0,0.675,0.44
296,0,0.4734688103199005,0.4260134696960449,-2.565838575363159,3.5070230176265342,6.28,2,1,1,0.02,0.08,0.03,0.15,0.9,0.1,-1.2,0.0,0,0,1,0,0.675,0.44
296,1,-0.7325474619865417,-0.41403788328170776,-1.1898841857910156,5.969210241348222,-6.28,0,0,0,0.02,0.08,0.03,0.15,0.9,0.1,-1.2,0.0,0,0,1,0,0.675,0.44
296,2,0.5050243139266968,-0.029976462945342064,-0.631036639213562,3.3877555969703628,0.250551658307116,2,1,1,0.02,0.08,0.03,0.15,0.9,0.1,-1.2,0.0,0,0,1,0,0.675,0.44
296,3,-1.1585485935211182,0.03105378895998001,1.685664176940918,-0.3621867506773854,2.9037624174883256,2,1,1,0.02,0.08,0.03,0.15,0.9,0.1,-1.2,0.0,0,0,1,0,0.675,0.44
296,4,-0.08677684515714645,-0.12963758409023285,-0.3102204501628876,-1.1736574366688173,2.6566000069457516,2,1,1,0.02,0.08,0.03,0.15,0.9,0.1,-1.2,0.0,0,0,1,0,0.675,0.44
296,5,-0.021411648020148277,0.3489495813846588,2.7939159870147705,3.8780515199650964,-1.70418419101232,2,1,1,0.02,0.08,0.03,0.15,0.9,0.1,-1.2,0.0,0,0,1,0,0.675,0.44
296,6,0.9414821267127991,0.41441288590431213,2.4377970695495605,-1.4811266949737347,3.2383177645468995,2,1,1,0.02,0.08,0.03,0.15,0.9,0.1,-1.2,0.0,0,0,1,0,0.675,0.44
296,7,-0.5865553617477417,0.202798530459404,0.9679919481277466,4.3576306673312635,-5.636554269629598,2,1,1,0.02,0.08,0.03,0.15,0.9,0.1,-1.2,0.0,0,0,1,0,0.675,0.44
297,0,0.46543440222740173,0.4201776683330536,-2.473458766937256,4.374567604819906,-3.327254571867421,2,1,1,0.02,0.08,0.03,0.15,0.9,0.1,-1.2,0.0,0,0,1,0,0.675,0.44
297,1,-0.7325626611709595,-0.4138678312301636,-1.56756591796875,5.112161340602792,-5.838847107745103,0,0,0,0.02,0.08,0.03,0.15,0.9,0.1,-1.2,0.0,0,0,1,0,0.675,0.44
297,2,0.5074649453163147,-0.0320107564330101,-0.7686416506767273,3.1138715056542594,1.5176542251809526,2,1,1,0.02,0.08,0.03,0.15,0.9,0.1,-1.2,0.0,0,0,1,0,0.675,0.44
297,3,-1.158967137336731,0.033629484474658966,1.7674996852874756,0.431552217485707,2.348847978250232,2,1,1,0.02,0.08,0.03,0.15,0.9,0.1,-1.2,0.0,0,0,1,0,0.675,0.44
297,4,-0.08333948254585266,-0.13064633309841156,-0.24658367037773132,-6.28,6.28,2,1,1,0.02,0.08,0.03,0.15,0.9,0.1,-1.2,0.0,0,0,1,0,0.675,0.44
297,5,-0.022184893488883972,0.34939560294151306,2.4849143028259277,3.8515058867926504,-1.6293263663761812,2,1,1,0.02,0.08,0.03,0.15,0.9,0.1,-1.2,0.0,0,0,1,0,0.675,0.44
297,6,0.9406938552856445,0.4149770140647888,2.6368792057037354,-0.5358714380372234,3.2260586539623604,2,1,1,0.02,0.08,0.03,0.15,0.9,0.1,-1.2,0.0,0,0,1,0,0.675,0.44
297,7,-0.5868754386901855,0.20257097482681274,0.5333854556083679,4.67450650578518,-2.7832657970692476,2,1,1,0.02,0.08,0.03,0.15,0.9,0.1,-1.2,0.0,0,0,1,0,0.675,0.44
298,0,0.45789140462875366,0.413732647895813,-2.3821091651916504,3.4308549590109068,-6.28,2,1,1,0.02,0.08,0.03,0.15,0.9,0.1,-1.2,0.0,0,0,1,0,0.675,0.44
298,1,-0.732581615447998,-0.41385483741760254,-1.9261139631271362,4.76527503470227,-5.745386854234942,0,0,0,0.02,0.08,0.03,0.15,0.9,0.1,-1.2,0.0,0,0,1,0,0.675,0.44
298,2,0.5098546147346497,-0.034627173095941544,-0.8853122591972351,2.82974693318902,1.8718386938375182,2,1,1,0.02,0.08,0.03,0.15,0.9,0.1,-1.2,0.0,0,0,1,0,0.675,0.44
298,3,-1.1595910787582397,0.03612353652715683,1.8744988441467285,-0.039190056826717,2.7717194940400285,2,1,1,0.02,0.08,0.03,0.15,0.9,0.1,-1.2,0.0,0,0,1,0,0.675,0.44
298,4,-0.08149312436580658,-0.13103897869586945,-0.12478964030742645,-6.28,6.097555061641721,2,1,1,0.02,0.08,0.03,0.15,0.9,0.1,-1.2,0.0,0,0,1,0,0.675,0.44
298,5,-0.023458339273929596,0.3506745398044586,2.2561800479888916,3.24828735891097,-0.5465935429744273,2,1,1,0.02,0.08,0.03,0.15,0.9,0.1,-1.2,0.0,0,0,1,0,0.675,0.44
298,6,0.9392210841178894,0.41561976075172424,2.8087732791900635,-0.01620184189892078,3.276162383924683,2,1,1,0.02,0.08,0.03,0.15,0.9,0.1,-1.2,0.0,0,0,1,0,0.675,0.44
298,7,-0.5856325030326843,0.2035822570323944,0.30350130796432495,4.824996550790432,-1.4202591496371433,2,1,1,0.02,0.08,0.03,0.15,0.9,0.1,-1.2,0.0,0,0,1,0,0.675,0.44
299,0,0.4558793604373932,0.41183966398239136,-2.5816030502319336,3.6091784852548514,-6.28,2,1,1,0.02,0.08,0.03,0.15,0.9,0.1,-1.2,0.0,0,0,1,0,0.675,0.44
299,1,-0.7328915596008301,-0.4142463505268097,-1.9650558233261108,4.751246509173869,-5.6975834309336815,0,0,0,0.02,0.08,0.03,0.15,0.9,0.1,-1.2,0.0,0,0,1,0,0.675,0.44
299,2,0.5124959945678711,-0.0381474643945694,-0.953029453754425,3.0831317800035074,0.9604540179794088,2,1,1,0.02,0.08,0.03,0.15,0.9,0.1,-1.2,0.0,0,0,1,0,0.675,0.44
299,3,-1.160520076751709,0.03870004788041115,1.9513660669326782,1.775985106303708,0.517537267614291,2,1,1,0.02,0.08,0.03,0.15,0.9,0.1,-1.2,0.0,0,0,1,0,0.675,0.44
299,4,-0.08127149194478989,-0.13107730448246002,0.26304376125335693,-2.53603465732572,3.7613967640062347,2,1,1,0.02,0.08,0.03,0.15,0.9,0.1,-1.2,0.0,0,0,1,0,0.675,0.44
299,5,-0.024695472791790962,0.35251444578170776,2.0646519660949707,3.199306078023443,-1.099599487847814,2,1,1,0.02,0.08,0.03,0.15,0.9,0.1,-1.2,0.0,0,0,1,0,0.675,0.44
299,6,0.936796247959137,0.4162577688694,2.9470763206481934,-0.10226903732596,3.6249473882699044,2,1,1,0.02,0.08,0.03,0.15,0.9,0.1,-1.2,0.0,0,0,1,0,0.675,0.44
299,7,-0.5837416052818298,0.20432192087173462,0.05405833572149277,4.601523131843558,-2.288668533960782,2,1,1,0.02,0.08,0.03,0.15,0.9,0.1,-1.2,0.0,0,0,1,0,0.675,0.44
300,0,0.4575134515762329,0.4124442934989929,-2.9260408878326416,4.688157515120318,-3.7454355514421307,2,1,1,0.02,0.08,0.03,0.15,0.9,0.1,-1.2,0.0,0,0,1,0,0.675,0.44
300,1,-0.7323923110961914,-0.41450035572052,-2.3383355140686035,4.527090652893982,-5.48573575825592,0,0,0,0.02,0.08,0.03,0.15,0.9,0.1,-1.2,0.0,0,0,1,0,0.675,0.44
300,2,0.5151211023330688,-0.04202653840184212,-0.9909433722496033,2.5375352265845175,1.2024242690715508,2,1,1,0.02,0.08,0.03,0.15,0.9,0.1,-1.2,0.0,0,0,1,0,0.675,0.44
300,3,-1.1616417169570923,0.041205994784832,2.0437686443328857,2.592116690256521,-0.1768121681942106,2,1,1,0.02,0.08,0.03,0.15,0.9,0.1,-1.2,0.0,0,0,1,0,0.675,0.44
300,4,-0.08157844096422195,-0.13117077946662903,0.6260361075401306,-2.4362462475689965,3.909687520519222,2,1,1,0.02,0.08,0.03,0.15,0.9,0.1,-1.2,0.0,0,0,1,0,0.675,0.44
300,5,-0.025761345401406288,0.35486167669296265,1.9194833040237427,2.818525842003497,-0.33072060888899163,2,1,1,0.02,0.08,0.03,0.15,0.9,0.1,-1.2,0.0,0,0,1,0,0.675,0.44
300,6,0.9336763620376587,0.4166755974292755,3.065556287765503,-0.27707564235172827,3.7324857989811036,2,1,1,0.02,0.08,0.03,0.15,0.9,0.1,-1.2,0.0,0,0,1,0,0.675,0.44
300,7,-0.5806822180747986,0.2040611058473587,-0.21720026433467865,4.89385401354813,-0.37779089939739063,2,1,1,0.02,0.08,0.03,0.15,0.9,0.1,-1.2,0.0,0,0,1,0,0.675,0.44
301,0,0.4575849175453186,0.41262057423591614,3.063990592956543,5.566598776690492,-1.2119404612095084,2,1,1,0.02,0.08,0.03,0.15,0.9,0.1,-1.2,0.0,0,0,1,0,0.675,0.44
301,1,-0.7335072159767151,-0.41530826687812805,-2.6178877353668213,4.46470250496797,-4.412859713168203,0,0,0,0.02,0.08,0.03,0.15,0.9,0.1,-1.2,0.0,0,0,1,0,0.675,0.44
301,2,0.5173131823539734,-0.04557867348194122,-1.0571355819702148,2.154210722458046,1.268549220951572,2,1,1,0.02,0.08,0.03,0.15,0.9,0.1,-1.2,0.0,0,0,1,0,0.675,0.44
301,3,-1.162750244140625,0.043310172855854034,2.027998447418213,2.4622561149063875,-0.05495476255435155,2,1,1,0.02,0.08,0.03,0.15,0.9,0.1,-1.2,0.0,0,0,1,0,0.675,0.44
301,4,-0.08105123788118362,-0.13072720170021057,0.8132383227348328,-0.523211282759925,2.573186909725146,2,1,1,0.02,0.08,0.03,0.15,0.9,0.1,-1.2,0.0,0,0,1,0,0.675,0.44
301,5,-0.02638253942131996,0.35699084401130676,1.7727841138839722,2.9303482795823133,-0.775136685512158,2,1,1,0.02,0.08,0.03,0.15,0.9,0.1,-1.2,0.0,0,0,1,0,0.675,0.44
301,6,0.9302040934562683,0.41672539710998535,-3.089998245239258,-0.1910562312740959,3.6696674111171554,2,1,1,0.02,0.08,0.03,0.15,0.9,0.1,-1.2,0.0,0,0,1,0,0.675,0.44
301,7,-0.5782328844070435,0.2032242715358734,-0.49976328015327454,4.416785976816397,-0.5156887356097185,2,1,1,0.02,0.08,0.03,0.15,0.9,0.1,-1.2,0.0,0,0,1,0,0.675,0.44
302,0,0.45551273226737976,0.4128503203392029,2.7880771160125732,6.147952438284594,0.930185590158799,2,1,1,0.02,0.08,0.03,0.15,0.9,0.1,-1.2,0.0,0,0,1,0,0.675,0.44
302,1,-0.7361215353012085,-0.41639360785484314,-2.8680434226989746,4.480849603195337,-4.336122320969252,0,0,0,0.02,0.08,0.03,0.15,0.9,0.1,-1.2,0.0,0,0,1,0,0.675,0.44
302,2,0.5190936326980591,-0.04895706847310066,-1.1100856065750122,2.5215717380871294,0.5127962847001285,2,1,1,0.02,0.08,0.03,0.15,0.9,0.1,-1.2,0.0,0,0,1,0,0.675,0.44
302,3,-1.1637375354766846,0.0454881526529789,1.9412950277328491,2.6246948343134497,-0.016855483377459235,2,1,1,0.02,0.08,0.03,0.15,0.9,0.1,-1.2,0.0,0,0,1,0,0.675,0.44
302,4,-0.08051205426454544,-0.12998324632644653,1.0509896278381348,-0.5731459398859402,2.499115663382039,2,1,1,0.02,0.08,0.03,0.15,0.9,0.1,-1.2,0.0,0,0,1,0,0.675,0.44
302,5,-0.026717733591794968,0.3593756854534149,1.65461003780365,2.8467575025477987,-0.8838232311133867,2,1,1,0.02,0.08,0.03,0.15,0.9,0.1,-1.2,0.0,0,0,1,0,0.675,0.44
302,6,0.9267414212226868,0.4163142442703247,-2.9507548809051514,0.0018052663231661603,3.9000899322745646,2,1,1,0.02,0.08,0.03,0.15,0.9,0.1,-1.2,0.0,0,0,1,0,0.675,0.44
302,7,-0.5751372575759888,0.2008729875087738,-0.724998950958252,4.7264460774207855,0.8838567519018635,2,1,1,0.02,0.08,0.03,0.15,0.9,0.1,-1.2,0.0,0,0,1,0,0.675,0.44
303,0,0.45249250531196594,0.41452664136886597,2.4978771209716797,6.1674362851011235,1.6809762419897434,2,1,1,0.02,0.08,0.03,0.15,0.9,0.1,-1.2,0.0,0,0,1,0,0.675,0.44
303,1,-0.7369558215141296,-0.4164847731590271,3.076021909713745,4.70221595746037,-2.866686529484954,0,0,0,0.02,0.08,0.03,0.15,0.9,0.1,-1.2,0.0,0,0,1,0,0.675,0.44
303,2,0.5205827355384827,-0.052108146250247955,-1.1442370414733887,1.5047959821967267,1.2502534105518621,2,1,1,0.02,0.08,0.03,0.15,0.9,0.1,-1.2,0.0,0,0,1,0,0.675,0.44
303,3,-1.164509654045105,0.04777391999959946,1.851110816001892,3.158481286238008,-0.2988433598387514,2,1,1,0.02,0.08,0.03,0.15,0.9,0.1,-1.2,0.0,0,0,1,0,0.675,0.44
303,4,-0.07971001416444778,-0.1282835304737091,1.1829389333724976,-0.28781161610494743,2.270071711654511,2,1,1,0.02,0.08,0.03,0.15,0.9,0.1,-1.2,0.0,0,0,1,0,0.675,0.44
303,5,-0.026771696284413338,0.36159661412239075,1.528662085533142,2.6505518234218326,-0.8021382070029944,2,1,1,0.02,0.08,0.03,0.15,0.9,0.1,-1.2,0.0,0,0,1,0,0.675,0.44
303,6,0.9233646392822266,0.41542941331863403,-2.8137459754943848,0.29671471192561705,3.6587285052680003,2,1,1,0.02,0.08,0.03,0.15,0.9,0.1,-1.2,0.0,0,0,1,0,0.675,0.44
303,7,-0.5726802349090576,0.19823743402957916,-0.9181376099586487,4.860990155540636,-5.088908596516794,2,1,1,0.02,0.08,0.03,0.15,0.9,0.1,-1.2,0.0,0,0,1,0,0.675,0.44
304,0,0.4478784203529358,0.41893985867500305,2.272200345993042,4.225196111753453,1.0133521615346068,2,1,1,0.02,0.08,0.03,0.15,0.9,0.1,-1.2,0.0,0,0,1,0,0.675,0.44
304,1,-0.7372515797615051,-0.41642606258392334,2.7215328216552734,4.9191162245182465,-1.3674033539204071,0,0,0,0.02,0.08,0.03,0.15,0.9,0.1,-1.2,0.0,0,0,1,0,0.675,0.44
304,2,0.5217992663383484,-0.054972369223833084,-1.20676589012146,-0.22399306170517405,2.303583194045659,2,1,1,0.02,0.08,0.03,0.15,0.9,0.1,-1.2,0.0,0,0,1,0,0.675,0.44
304,3,-1.1651042699813843,0.050275951623916626,1.7592720985412598,2.6918350041042367,0.27590375512748094,2,1,1,0.02,0.08,0.03,0.15,0.9,0.1,-1.2,0.0,0,0,1,0,0.675,0.44
304,4,-0.07906826585531235,-0.12645043432712555,1.289854645729065,0.17479490386990912,1.9224866826089182,2,1,1,0.02,0.08,0.03,0.15,0.9,0.1,-1.2,0.0,0,0,1,0,0.675,0.44
304,5,-0.02656766027212143,0.3635921776294708,1.3974387645721436,1.6682756331276738,0.7650979675774144,2,1,1,0.02,0.08,0.03,0.15,0.9,0.1,-1.2,0.0,0,0,1,0,0.675,0.44
304,6,0.9198367595672607,0.4139568507671356,-2.676927328109741,1.2469906530543045,2.4447553044074324,2,1,1,0.02,0.08,0.03,0.15,0.9,0.1,-1.2,0.0,0,0,1,0,0.675,0.44
304,7,-0.5700509548187256,0.1941160261631012,-1.073343276977539,4.823621464381201,-5.037500462331884,2,1,1,0.02,0.08,0.03,0.15,0.9,0.1,-1.2,0.0,0,0,1,0,0.675,0.44
305,0,0.4436190128326416,0.42505112290382385,2.087909460067749,-6.28,3.4884875457152043,2,1,1,0.02,0.08,0.03,0.15,0.9,0.1,-1.2,0.0,0,0,1,0,0.675,0.44
305,1,-0.7383376955986023,-0.41570213437080383,2.3989157676696777,4.821056131037651,-0.39245604327577227,0,0,0,0.02,0.08,0.03,0.15,0.9,0.1,-1.2,0.0,0,0,1,0,0.675,0.44
305,2,0.5227537751197815,-0.05762036517262459,-1.2281187772750854,-0.30609479964697206,1.8524425118237986,2,1,1,0.02,0.08,0.03,0.15,0.9,0.1,-1.2,0.0,0,0,1,0,0.675,0.44
305,3,-1.1654757261276245,0.05306713655591011,1.643620252609253,2.6933048275520224,0.49568003884735995,2,1,1,0.02,0.08,0.03,0.15,0.9,0.1,-1.2,0.0,0,0,1,0,0.675,0.44
305,4,-0.07860896736383438,-0.12453639507293701,1.382649540901184,1.2089160854844796,1.3518081907669022,2,1,1,0.02,0.08,0.03,0.15,0.9,0.1,-1.2,0.0,0,0,1,0,0.675,0.44
305,5,-0.026135500520467758,0.36542901396751404,1.2738286256790161,1.1871994879962227,1.0726269348489552,2,1,1,0.02,0.08,0.03,0.15,0.9,0.1,-1.2,0.0,0,0,1,0,0.675,0.44
305,6,0.9164233803749084,0.411967933177948,-2.5551114082336426,2.102517161340144,1.0923930555231893,2,1,1,0.02,0.08,0.03,0.15,0.9,0.1,-1.2,0.0,0,0,1,0,0.675,0.44
305,7,-0.5696768760681152,0.19349895417690277,-1.3887113332748413,3.755371128778505,-3.1814360929124805,2,1,1,0.02,0.08,0.03,0.15,0.9,0.1,-1.2,0.0,0,0,1,0,0.675,0.44
306,0,0.4411277174949646,0.430182546377182,1.9613021612167358,-6.28,0.6304709003534927,2,1,1,0.02,0.08,0.03,0.15,0.9,0.1,-1.2,0.0,0,0,1,0,0.675,0.44
306,1,-0.7403209805488586,-0.4130933880805969,2.1329705715179443,4.134513161304399,-0.07770287817669731,0,0,0,0.02,0.08,0.03,0.15,0.9,0.1,-1.2,0.0,0,0,1,0,0.675,0.44
306,2,0.523529589176178,-0.05969313159584999,-1.1588304042816162,-2.013702760147848,3.075173862581773,2,1,1,0.02,0.08,0.03,0.15,0.9,0.1,-1.2,0.0,0,0,1,0,0.675,0.44
306,3,-1.1655356884002686,0.05598283186554909,1.550364375114441,3.1111966443296715,0.334878292560555,2,1,1,0.02,0.08,0.03,0.15,0.9,0.1,-1.2,0.0,0,0,1,0,0.675,0.44
306,4,-0.07829461991786957,-0.12248805910348892,1.4493435621261597,2.1770843716532937,0.7392049639976794,2,1,1,0.02,0.08,0.03,0.15,0.9,0.1,-1.2,0.0,0,0,1,0,0.675,0.44
306,5,-0.025383058935403824,0.367599219083786,1.223786473274231,1.0936294954548733,0.7176329508552789,2,1,1,0.02,0.08,0.03,0.15,0.9,0.1,-1.2,0.0,0,0,1,0,0.675,0.44
306,6,0.9133903384208679,0.40978172421455383,-2.498194694519043,1.8708696517467072,1.2137051783568087,2,1,1,0.02,0.08,0.03,0.15,0.9,0.1,-1.2,0.0,0,0,1,0,0.675,0.44
306,7,-0.5697271227836609,0.19397440552711487,-1.7832175493240356,3.0331431562962,-0.9766222258264231,2,1,1,0.02,0.08,0.03,0.15,0.9,0.1,-1.2,0.0,0,0,1,0,0.675,0.44
307,0,0.4418499767780304,0.4291231334209442,2.2167398929595947,-6.28,0.4708152783600164,2,1,1,0.02,0.08,0.03,0.15,0.9,0.1,-1.2,0.0,0,0,1,0,0.675,0.44
307,1,-0.742293119430542,-0.4092775583267212,1.915573239326477,3.3503805442918173,0.11855792393323517,0,0,0,0.02,0.08,0.03,0.15,0.9,0.1,-1.2,0.0,0,0,1,0,0.675,0.44
307,2,0.5242432951927185,-0.06118423491716385,-1.0803121328353882,-2.9262173546574766,3.803633186322352,2,1,1,0.02,0.08,0.03,0.15,0.9,0.1,-1.2,0.0,0,0,1,0,0.675,0.44
307,3,-1.165341854095459,0.05911415442824364,1.471537470817566,3.075630399428425,0.5168063123901174,2,1,1,0.02,0.08,0.03,0.15,0.9,0.1,-1.2,0.0,0,0,1,0,0.675,0.44
307,4,-0.07803468406200409,-0.1200374886393547,1.465462327003479,2.1151469972360943,0.7481669419557445,2,1,1,0.02,0.08,0.03,0.15,0.9,0.1,-1.2,0.0,0,0,1,0,0.675,0.44
307,5,-0.024582216516137123,0.36974501609802246,1.2144205570220947,0.48109072042783646,1.7277507503351042,2,1,1,0.02,0.08,0.03,0.15,0.9,0.1,-1.2,0.0,0,0,1,0,0.675,0.44
307,6,0.910768985748291,0.40780261158943176,-2.5185983180999756,1.277736150957353,1.4303129638507945,2,1,1,0.02,0.08,0.03,0.15,0.9,0.1,-1.2,0.0,0,0,1,0,0.675,0.44
307,7,-0.5698881149291992,0.19362623989582062,-2.0861785411834717,2.72621943068766,0.24021723954297455,2,1,1,0.02,0.08,0.03,0.15,0.9,0.1,-1.2,0.0,0,0,1,0,0.675,0.44
308,0,0.44516721367836,0.4260251820087433,2.5107223987579346,-6.28,2.678409213425206,2,1,1,0.02,0.08,0.03,0.15,0.9,0.1,-1.2,0.0,0,0,1,0,0.675,0.44
308,1,-0.7434017658233643,-0.40520912408828735,1.7572739124298096,2.9858133535081435,-0.014193183693455083,0,0,0,0.02,0.08,0.03,0.15,0.9,0.1,-1.2,0.0,0,0,1,0,0.675,0.44
308,2,0.5248448848724365,-0.06217344477772713,-0.9218404293060303,-2.068073903655241,3.4452111107446703,2,1,1,0.02,0.08,0.03,0.15,0.9,0.1,-1.2,0.0,0,0,1,0,0.675,0.44
308,3,-1.1648520231246948,0.06247124820947647,1.378075122833252,4.6339651567145586,-6.28,2,1,1,0.02,0.08,0.03,0.15,0.9,0.1,-1.2,0.0,0,0,1,0,0.675,0.44
308,4,-0.07770178467035294,-0.1172143891453743,1.4259917736053467,1.9633919500635002,0.7902511560504161,2,1,1,0.02,0.08,0.03,0.15,0.9,0.1,-1.2,0.0,0,0,1,0,0.675,0.44
308,5,-0.023910656571388245,0.3715209662914276,1.2031503915786743,1.0050568026555518,1.0864165719057586,2,1,1,0.02,0.08,0.03,0.15,0.9,0.1,-1.2,0.0,0,0,1,0,0.675,0.44
308,6,0.9082291126251221,0.40602096915245056,-2.5443928241729736,1.5292148293358687,0.6011085145984989,2,1,1,0.02,0.08,0.03,0.15,0.9,0.1,-1.2,0.0,0,0,1,0,0.675,0.44
308,7,-0.5709081888198853,0.1921938955783844,-2.2602667808532715,2.401528385001714,0.801463383716052,2,1,1,0.02,0.08,0.03,0.15,0.9,0.1,-1.2,0.0,0,0,1,0,0.675,0.44
309,0,0.446238249540329,0.4253182113170624,2.6029019355773926,-6.28,3.513218598858539,2,1,1,0.02,0.08,0.03,0.15,0.9,0.1,-1.2,0.0,0,0,1,0,0.675,0.44
309,1,-0.7438443899154663,-0.40160319209098816,1.636094093322754,3.0317360334627907,-0.42822826742636866,0,0,0,0.02,0.08,0.03,0.15,0.9,0.1,-1.2,0.0,0,0,1,0,0.675,0.44
309,2,0.5254665613174438,-0.06283989548683167,-0.6958264112472534,-1.0961201522389554,3.053251133849957,2,1,1,0.02,0.08,0.03,0.15,0.9,0.1,-1.2,0.0,0,0,1,0,0.675,0.44
309,3,-1.164004921913147,0.06593149155378342,1.2866615056991577,4.56270164836676,-6.28,2,1,1,0.02,0.08,0.03,0.15,0.9,0.1,-1.2,0.0,0,0,1,0,0.675,0.44
309,4,-0.07722161710262299,-0.11438124626874924,1.37746000289917,2.584252162734095,0.3098440441896916,2,1,1,0.02,0.08,0.03,0.15,0.9,0.1,-1.2,0.0,0,0,1,0,0.675,0.44
309,5,-0.023163871839642525,0.37351399660110474,1.2355661392211914,0.8625472172847846,1.2836566363106972,2,1,1,0.02,0.08,0.03,0.15,0.9,0.1,-1.2,0.0,0,0,1,0,0.675,0.44
309,6,0.9059232473373413,0.4044652581214905,-2.5447776317596436,0.9201714030017664,0.9374335175626294,2,1,1,0.02,0.08,0.03,0.15,0.9,0.1,-1.2,0.0,0,0,1,0,0.675,0.44
309,7,-0.5727546811103821,0.19017785787582397,-2.357464075088501,2.295571104912221,1.1373707788901928,2,1,1,0.02,0.08,0.03,0.15,0.9,0.1,-1.2,0.0,0,0,1,0,0.675,0.44
310,0,0.44880518317222595,0.4237857758998871,2.895120859146118,-2.7722998933560286,4.822089183067845,2,1,1,0.02,0.08,0.03,0.15,0.9,0.1,-1.2,0.0,0,0,1,0,0.675,0.44
310,1,-0.7438854575157166,-0.39853888750076294,1.5297774076461792,3.518846890953489,-1.6347148941797223,0,0,0,0.02,0.08,0.03,0.15,0.9,0.1,-1.2,0.0,0,0,1,0,0.675,0.44
310,2,0.5261983275413513,-0.06331352889537811,-0.4786899983882904,-0.3802733859231636,2.8353941839615757,2,1,1,0.02,0.08,0.03,0.15,0.9,0.1,-1.2,0.0,0,0,1,0,0.675,0.44
310,3,-1.164290428161621,0.0655810609459877,0.9537156224250793,4.376090095537587,-5.216995077442571,2,1,1,0.02,0.08,0.03,0.15,0.9,0.1,-1.2,0.0,0,0,1,0,0.675,0.44
310,4,-0.0766313299536705,-0.11166965216398239,1.3349181413650513,3.0616539836509236,-0.1345240103371073,2,1,1,0.02,0.08,0.03,0.15,0.9,0.1,-1.2,0.0,0,0,1,0,0.675,0.44
310,5,-0.022488197311758995,0.37551790475845337,1.2466307878494263,1.2976658503158152,0.4361958776657666,2,1,1,0.02,0.08,0.03,0.15,0.9,0.1,-1.2,0.0,0,0,1,0,0.675,0.44
310,6,0.9040575623512268,0.4032159149646759,-2.5697827339172363,-0.21241434568402498,1.7559411184050042,2,1,1,0.02,0.08,0.03,0.15,0.9,0.1,-1.2,0.0,0,0,1,0,0.675,0.44
310,7,-0.5750524997711182,0.18803012371063232,-2.4187846183776855,2.352689979659954,1.365535953902555,2,1,1,0.02,0.08,0.03,0.15,0.9,0.1,-1.2,0.0,0,0,1,0,0.675,0.44
311,0,0.4470028579235077,0.4240700900554657,3.0762500762939453,-1.9713396003479158,5.2087080955176095,2,1,1,0.02,0.08,0.03,0.15,0.9,0.1,-1.2,0.0,0,0,1,0,0.675,0.44
311,1,-0.7436308264732361,-0.39587682485580444,1.411845326423645,3.7070381868963915,-2.156862961999871,0,0,0,0.02,0.08,0.03,0.15,0.9,0.1,-1.2,0.0,0,0,1,0,0.675,0.44
311,2,0.5275606513023376,-0.06385121494531631,-0.3104947805404663,0.22158131700641318,1.5960497916348508,2,1,1,0.02,0.08,0.03,0.15,0.9,0.1,-1.2,0.0,0,0,1,0,0.675,0.44
311,3,-1.1650397777557373,0.06498337537050247,0.5387625098228455,4.460451949509151,-4.540942725596512,2,1,1,0.02,0.08,0.03,0.15,0.9,0.1,-1.2,0.0,0,0,1,0,0.675,0.44
311,4,-0.07587708532810211,-0.10890460759401321,1.2627886533737183,3.4654854468613214,-0.6122264539998936,2,1,1,0.02,0.08,0.03,0.15,0.9,0.1,-1.2,0.0,0,0,1,0,0.675,0.44
311,5,-0.021818185225129128,0.3775450587272644,1.2590380907058716,0.8068864354983901,0.7663382588963349,2,1,1,0.02,0.08,0.03,0.15,0.9,0.1,-1.2,0.0,0,0,1,0,0.675,0.44
311,6,0.9024428725242615,0.402192085981369,-2.575810432434082,-3.662564879275304,3.7167508627751045,2,1,1,0.02,0.08,0.03,0.15,0.9,0.1,-1.2,0.0,0,0,1,0,0.675,0.44
311,7,-0.5776375532150269,0.1858544498682022,-2.4621126651763916,-0.7433039826998987,2.102725519026307,2,1,1,0.02,0.08,0.03,0.15,0.9,0.1,-1.2,0.0,0,0,1,0,0.675,0.44
312,0,0.44545337557792664,0.4239876866340637,-2.938777208328247,-0.22737844069899565,5.819838814179494,2,1,1,0.02,0.08,0.03,0.15,0.9,0.1,-1.2,0.0,0,0,1,0,0.675,0.44
312,1,-0.7431690692901611,-0.3938857614994049,1.242229700088501,4.942356932887561,-5.888382691869266,0,0,0,0.02,0.08,0.03,0.15,0.9,0.1,-1.2,0.0,0,0,1,0,0.675,0.44
312,2,0.529722273349762,-0.06437621265649796,-0.18710795044898987,-0.9672103059221775,2.562337749533219,2,1,1,0.02,0.08,0.03,0.15,0.9,0.1,-1.2,0.0,0,0,1,0,0.675,0.44
312,3,-1.1623787879943848,0.06634704023599625,0.31787803769111633,4.559851501206888,-3.2508351307419856,2,1,1,0.02,0.08,0.03,0.15,0.9,0.1,-1.2,0.0,0,0,1,0,0.675,0.44
312,4,-0.07485511898994446,-0.10616735368967056,1.1568987369537354,3.7771647721897517,-1.1366720650316342,2,1,1,0.02,0.08,0.03,0.15,0.9,0.1,-1.2,0.0,0,0,1,0,0.675,0.44
312,5,-0.02125551551580429,0.37927183508872986,1.2377984523773193,0.03820306295355385,2.081554249833343,2,1,1,0.02,0.08,0.03,0.15,0.9,0.1,-1.2,0.0,0,0,1,0,0.675,0.44
312,6,0.9010992646217346,0.4013111889362335,-2.5203826427459717,-6.061750067314659,5.850551844816578,2,1,1,0.02,0.08,0.03,0.15,0.9,0.1,-1.2,0.0,0,0,1,0,0.675,0.44
312,7,-0.5805242657661438,0.18361076712608337,-2.497802734375,6.28,-6.28,2,1,1,0.02,0.08,0.03,0.15,0.9,0.1,-1.2,0.0,0,0,1,0,0.675,0.44
313,0,0.44311240315437317,0.4231168329715729,-2.663909435272217,0.3780610555055984,5.643027419823154,2,1,1,0.02,0.08,0.03,0.15,0.9,0.1,-1.2,0.0,0,0,1,0,0.675,0.44
313,1,-0.7425089478492737,-0.392380952835083,1.0401062965393066,4.764349708906701,-5.519414968470998,0,0,0,0.02,0.08,0.03,0.15,0.9,0.1,-1.2,0.0,0,0,1,0,0.675,0.44
313,2,0.5316122770309448,-0.06465929001569748,-0.12562645971775055,0.09935437599173343,1.6010696973041885,2,1,1,0.02,0.08,0.03,0.15,0.9,0.1,-1.2,0.0,0,0,1,0,0.675,0.44
313,3,-1.160260558128357,0.06679710000753403,0.041615381836891174,4.818205982087186,-1.4456134157370528,2,1,1,0.02,0.08,0.03,0.15,0.9,0.1,-1.2,0.0,0,0,1,0,0.675,0.44
313,4,-0.07353183627128601,-0.10361950099468231,1.0195938348770142,3.501648112997871,-0.677688964095878,2,1,1,0.02,0.08,0.03,0.15,0.9,0.1,-1.2,0.0,0,0,1,0,0.675,0.44
313,5,-0.020721562206745148,0.38078585267066956,1.230591058731079,-0.39661406260255383,2.6759042055103195,2,1,1,0.02,0.08,0.03,0.15,0.9,0.1,-1.2,0.0,0,0,1,0,0.675,0.44
313,6,0.9007929563522339,0.401115745306015,-2.298227310180664,-6.28,5.694199216640541,2,1,1,0.02,0.08,0.03,0.15,0.9,0.1,-1.2,0.0,0,0,1,0,0.675,0.44
313,7,-0.5819761753082275,0.18250074982643127,-2.4246625900268555,6.130997837315931,-6.28,2,1,1,0.02,0.08,0.03,0.15,0.9,0.1,-1.2,0.0,0,0,1,0,0.675,0.44
314,0,0.4393016993999481,0.42044469714164734,-2.4189183712005615,-0.4627955388837337,3.2682947894114007,2,1,1,0.02,0.08,0.03,0.15,0.9,0.1,-1.2,0.0,0,0,1,0,0.675,0.44
314,1,-0.7428092956542969,-0.39266014099121094,0.685889482498169,4.535352775196729,-4.83868691942019,0,0,0,0.02,0.08,0.03,0.15,0.9,0.1,-1.2,0.0,0,0,1,0,0.675,0.44
314,2,0.533243715763092,-0.06479599326848984,-0.017216086387634277,-0.3688759627852986,2.0584400360247757,2,1,1,0.02,0.08,0.03,0.15,0.9,0.1,-1.2,0.0,0,0,1,0,0.675,0.44
314,3,-1.1585556268692017,0.06660766899585724,-0.2714332640171051,5.315815346115932,0.5760997302893142,2,1,1,0.02,0.08,0.03,0.15,0.9,0.1,-1.2,0.0,0,0,1,0,0.675,0.44
314,4,-0.07195308059453964,-0.10143591463565826,0.8524453639984131,3.0208809515225807,-0.007649851828562919,2,1,1,0.02,0.08,0.03,0.15,0.9,0.1,-1.2,0.0,0,0,1,0,0.675,0.44
314,5,-0.020088516175746918,0.3826944828033447,1.2877075672149658,-0.7565832996715888,2.7229185725246072,2,1,1,0.02,0.08,0.03,0.15,0.9,0.1,-1.2,0.0,0,0,1,0,0.675,0.44
314,6,0.9007487297058105,0.401082843542099,-1.8983873128890991,-6.28,6.22287983184245,2,1,1,0.02,0.08,0.03,0.15,0.9,0.1,-1.2,0.0,0,0,1,0,0.675,0.44
314,7,-0.5821654200553894,0.1822798103094101,-2.762162446975708,5.204492079874773,-5.5374505099844065,2,1,1,0.02,0.08,0.03,0.15,0.9,0.1,-1.2,0.0,0,0,1,0,0.675,0.44
315,0,0.4353870749473572,0.41612425446510315,-2.194627523422241,6.28,-6.28,2,1,1,0.02,0.08,0.03,0.15,0.9,0.1,-1.2,0.0,0,0,1,0,0.675,0.44
315,1,-0.7433522343635559,-0.3929614722728729,0.28073787689208984,4.251866891297871,-3.198059439703537,0,0,0,0.02,0.08,0.03,0.15,0.9,0.1,-1.2,0.0,0,0,1,0,0.675,0.44
315,2,0.5348852872848511,-0.06475522369146347,0.05098212882876396,0.47891814185486914,1.2858786416273817,2,1,1,0.02,0.08,0.03,0.15,0.9,0.1,-1.2,0.0,0,0,1,0,0.675,0.44
315,3,-1.1553071737289429,0.06523262709379196,-0.5259172320365906,5.822637193418355,1.9020480762079828,2,1,1,0.02,0.08,0.03,0.15,0.9,0.1,-1.2,0.0,0,0,1,0,0.675,0.44
315,4,-0.06995783746242523,-0.09947265684604645,0.700279176235199,2.4683923959605254,0.7020743879797448,2,1,1,0.02,0.08,0.03,0.15,0.9,0.1,-1.2,0.0,0,0,1,0,0.675,0.44
315,5,-0.01955994963645935,0.3848825991153717,1.3884575366973877,-0.8128782013292316,3.473704545604711,2,1,1,0.02,0.08,0.03,0.15,0.9,0.1,-1.2,0.0,0,0,1,0,0.675,0.44
315,6,0.900730550289154,0.4012296497821808,-1.6231896877288818,-5.835240950827005,5.305769437432048,2,1,1,0.02,0.08,0.03,0.15,0.9,0.1,-1.2,0.0,0,0,1,0,0.675,0.44
315,7,-0.5821365714073181,0.1822471022605896,3.0607006549835205,3.2392647488054678,-1.2904031400557954,2,1,1,0.02,0.08,0.03,0.15,0.9,0.1,-1.2,0.0,0,0,1,0,0.675,0.44
316,0,0.4336214065551758,0.41321220993995667,-2.047795057296753,6.28,-6.28,2,1,1,0.02,0.08,0.03,0.15,0.9,0.1,-1.2,0.0,0,0,1,0,0.675,0.44
316,1,-0.7407842874526978,-0.3925165832042694,0.041311461478471756,4.353232806749471,-3.15291400539774,0,0,0,0.02,0.08,0.03,0.15,0.9,0.1,-1.2,0.0,0,0,1,0,0.675,0.44
316,2,0.536561131477356,-0.06460647284984589,0.1298813819885254,-0.47029571824802346,2.149648346877546,2,1,1,0.02,0.08,0.03,0.15,0.9,0.1,-1.2,0.0,0,0,1,0,0.675,0.44
316,3,-1.1507943868637085,0.061980824917554855,-0.7071309685707092,2.541855535944678,-0.26676642234191983,2,1,1,0.02,0.08,0.03,0.15,0.9,0.1,-1.2,0.0,0,0,1,0,0.675,0.44
316,4,-0.06756565719842911,-0.09769932925701141,0.5860665440559387,1.748352191711033,1.4558523037015507,2,1,1,0.02,0.08,0.03,0.15,0.9,0.1,-1.2,0.0,0,0,1,0,0.675,0.44
316,5,-0.019298605620861053,0.3868998885154724,1.5079127550125122,-0.64528802411499,3.657743350053516,2,1,1,0.02,0.08,0.03,0.15,0.9,0.1,-1.2,0.0,0,0,1,0,0.675,0.44
316,6,0.9006293416023254,0.40085163712501526,-1.598357915878296,-5.957937316198643,5.319642555789482,2,1,1,0.02,0.08,0.03,0.15,0.9,0.1,-1.2,0.0,0,0,1,0,0.675,0.44
316,7,-0.5821365714073181,0.1822471171617508,3.0606982707977295,3.248503864069404,-1.9155099435794563,2,1,1,0.02,0.08,0.03,0.15,0.9,0.1,-1.2,0.0,0,0,1,0,0.675,0.44
317,0,0.43340227007865906,0.4126887917518616,-2.382000207901001,4.874432900167186,-6.28,2,1,1,0.02,0.08,0.03,0.15,0.9,0.1,-1.2,0.0,0,0,1,0,0.675,0.44
317,1,-0.7397840023040771,-0.39260634779930115,-0.27149611711502075,4.23988397012434,-1.818254366758354,0,0,0,0.02,0.08,0.03,0.15,0.9,0.1,-1.2,0.0,0,0,1,0,0.675,0.44
317,2,0.538267970085144,-0.06433252990245819,0.1701793521642685,0.5909853973900491,1.0782115254536178,2,1,1,0.02,0.08,0.03,0.15,0.9,0.1,-1.2,0.0,0,0,1,0,0.675,0.44
317,3,-1.145564317703247,0.05680183321237564,-0.8495039343833923,3.035633121442493,-0.7501533541142438,2,1,1,0.02,0.08,0.03,0.15,0.9,0.1,-1.2,0.0,0,0,1,0,0.675,0.44
317,4,-0.06488268077373505,-0.09607741981744766,0.5155353546142578,1.6761055340935804,1.6793766633343983,2,1,1,0.02,0.08,0.03,0.15,0.9,0.1,-1.2,0.0,0,0,1,0,0.675,0.44
317,5,-0.019314054399728775,0.38942840695381165,1.652970790863037,-1.2036525419372044,4.544453330552978,2,1,1,0.02,0.08,0.03,0.15,0.9,0.1,-1.2,0.0,0,0,1,0,0.675,0.44
317,6,0.9007261395454407,0.4005501866340637,-1.1986027956008911,-2.748811604282458,3.6240420209627877,2,1,1,0.02,0.08,0.03,0.15,0.9,0.1,-1.2,0.0,0,0,1,0,0.675,0.44
317,7,-0.5840410590171814,0.1826111078262329,2.917335033416748,4.715949948173769,-5.30944078072662,2,1,1,0.02,0.08,0.03,0.15,0.9,0.1,-1.2,0.0,0,0,1,0,0.675,0.44
318,0,0.4332613945007324,0.4125640094280243,-2.841251850128174,4.467907268328817,-5.6372787397302835,2,1,1,0.02,0.08,0.03,0.15,0.9,0.1,-1.2,0.0,0,0,1,0,0.675,0.44
318,1,-0.7387030720710754,-0.393087238073349,-0.5894418954849243,4.294762171561593,-1.2714413435886738,0,0,0,0.02,0.08,0.03,0.15,0.9,0.1,-1.2,0.0,0,0,1,0,0.675,0.44
318,2,0.5399270057678223,-0.06399036198854446,0.24944838881492615,1.1915996606049875,0.2913119426875183,2,1,1,0.02,0.08,0.03,0.15,0.9,0.1,-1.2,0.0,0,0,1,0,0.675,0.44
318,3,-1.14345383644104,0.054129261523485184,-0.956648588180542,3.1644604064476263,-0.7727103532251377,2,1,1,0.02,0.08,0.03,0.15,0.9,0.1,-1.2,0.0,0,0,1,0,0.675,0.44
318,4,-0.06207982823252678,-0.09455419331789017,0.49512961506843567,2.1288581674896325,1.4366276481174545,2,1,1,0.02,0.08,0.03,0.15,0.9,0.1,-1.2,0.0,0,0,1,0,0.675,0.44
318,5,-0.01978192664682865,0.39231860637664795,1.805136799812317,-0.7339693445743596,4.682945836127984,2,1,1,0.02,0.08,0.03,0.15,0.9,0.1,-1.2,0.0,0,0,1,0,0.675,0.44
318,6,0.9026932716369629,0.3974791467189789,-0.9910126328468323,-2.6216543014654836,3.971842634353378,2,1,1,0.02,0.08,0.03,0.15,0.9,0.1,-1.2,0.0,0,0,1,0,0.675,0.44
318,7,-0.5854383707046509,0.18304648995399475,2.7421510219573975,4.434424690837485,-4.350036892975194,2,1,1,0.02,0.08,0.03,0.15,0.9,0.1,-1.2,0.0,0,0,1,0,0.675,0.44
319,0,0.4332613945007324,0.4125639796257019,-2.841254234313965,4.453466890201482,-5.541712522151233,2,1,1,0.02,0.08,0.03,0.15,0.9,0.1,-1.2,0.0,0,0,1,0,0.675,0.44
319,1,-0.7373128533363342,-0.3943575918674469,-0.8434627056121826,4.204599118176229,-0.46242241014011787,0,0,0,0.02,0.08,0.03,0.15,0.9,0.1,-1.2,0.0,0,0,1,0,0.675,0.44
319,2,0.5415236353874207,-0.06354017555713654,0.28189802169799805,2.823706273859823,-1.7192320495909588,2,1,1,0.02,0.08,0.03,0.15,0.9,0.1,-1.2,0.0,0,0,1,0,0.675,0.44
319,3,-1.142261266708374,0.05219006910920143,-1.0821871757507324,3.143290720359556,-0.5476853573094282,2,1,1,0.02,0.08,0.03,0.15,0.9,0.1,-1.2,0.0,0,0,1,0,0.675,0.44
319,4,-0.05915180221199989,-0.09298631548881531,0.4933050870895386,1.3037685384854378,2.1302009881716772,2,1,1,0.02,0.08,0.03,0.15,0.9,0.1,-1.2,0.0,0,0,1,0,0.675,0.44
319,5,-0.020835353061556816,0.39543625712394714,1.9980920553207397,-0.19523472796510905,4.677212849585061,2,1,1,0.02,0.08,0.03,0.15,0.9,0.1,-1.2,0.0,0,0,1,0,0.675,0.44
319,6,0.9038662910461426,0.3958679735660553,-0.7489714622497559,-2.3118695495144546,4.199322400756038,2,1,1,0.02,0.08,0.03,0.15,0.9,0.1,-1.2,0.0,0,0,1,0,0.675,0.44
319,7,-0.5853047370910645,0.18290285766124725,2.4214863777160645,3.979638912207263,-1.992183439857142,2,1,1,0.02,0.08,0.03,0.15,0.9,0.1,-1.2,0.0,0,0,1,0,0.675,0.44
320,0,0.4330912232398987,0.4122856557369232,-3.1371119022369385,4.535817883398831,-3.356169302579689,2,1,1,0.02,0.08,0.03,0.15,0.9,0.1,-1.2,0.0,0,0,1,0,0.675,0.44
320,1,-0.7358064651489258,-0.39647987484931946,-1.051824927330017,4.136197576024714,-0.14400514537708728,0,0,0,0.02,0.08,0.03,0.15,0.9,0.1,-1.2,0.0,0,0,1,0,0.675,0.44
320,2,0.5429821610450745,-0.0631198137998581,0.26000478863716125,3.2011159267688227,-0.03647145077351789,2,1,1,0.02,0.08,0.03,0.15,0.9,0.1,-1.2,0.0,0,0,1,0,0.675,0.44
320,3,-1.1412909030914307,0.05002983659505844,-1.219184160232544,3.2206763069468423,-0.412595335372134,2,1,1,0.02,0.08,0.03,0.15,0.9,0.1,-1.2,0.0,0,0,1,0,0.675,0.44
320,4,-0.056039080023765564,-0.09134004265069962,0.4738955795764923,-0.7623621956482257,2.357857926898342,2,1,1,0.02,0.08,0.03,0.15,0.9,0.1,-1.2,0.0,0,0,1,0,0.675,0.44
320,5,-0.02276694029569626,0.39876288175582886,2.191649913787842,0.5046313034748524,4.773655644850338,2,1,1,0.02,0.08,0.03,0.15,0.9,0.1,-1.2,0.0,0,0,1,0,0.675,0.44
320,6,0.904638409614563,0.39527827501296997,-0.4957750737667084,-1.9269401956063068,4.321145213687923,2,1,1,0.02,0.08,0.03,0.15,0.9,0.1,-1.2,0.0,0,0,1,0,0.675,0.44
320,7,-0.5853040814399719,0.18306446075439453,2.0760045051574707,3.817844577327107,0.11046888659920831,2,1,1,0.02,0.08,0.03,0.15,0.9,0.1,-1.2,0.0,0,0,1,0,0.675,0.44
321,0,0.43143296241760254,0.4125060737133026,2.8478071689605713,4.8891309728135015,-1.465756915884947,2,1,1,0.02,0.08,0.03,0.15,0.9,0.1,-1.2,0.0,0,0,1,0,0.675,0.44
321,1,-0.7343457937240601,-0.39967983961105347,-1.2237045764923096,3.281916372783907,-1.277204835343886,0,0,0,0.02,0.08,0.03,0.15,0.9,0.1,-1.2,0.0,0,0,1,0,0.675,0.44
321,2,0.5441330075263977,-0.06285814195871353,0.1260003298521042,3.1172239912395585,0.46211700798168187,2,1,1,0.02,0.08,0.03,0.15,0.9,0.1,-1.2,0.0,0,0,1,0,0.675,0.44
321,3,-1.1405718326568604,0.047576963901519775,-1.3504518270492554,3.621221240887895,-0.7896029826533412,2,1,1,0.02,0.08,0.03,0.15,0.9,0.1,-1.2,0.0,0,0,1,0,0.675,0.44
321,4,-0.05296502634882927,-0.08975343406200409,0.49224257469177246,-1.1098047825048183,2.702123634280799,2,1,1,0.02,0.08,0.03,0.15,0.9,0.1,-1.2,0.0,0,0,1,0,0.675,0.44
321,5,-0.025627978146076202,0.4020882248878479,2.3668265342712402,1.18833337321756,4.511108026502333,2,1,1,0.02,0.08,0.03,0.15,0.9,0.1,-1.2,0.0,0,0,1,0,0.675,0.44
321,6,0.906287431716919,0.39461860060691833,-0.2665751874446869,-1.4816968316709034,4.208961337808735,2,1,1,0.02,0.08,0.03,0.15,0.9,0.1,-1.2,0.0,0,0,1,0,0.675,0.44
321,7,-0.5859091877937317,0.18436235189437866,1.8247053623199463,2.9369174935189553,0.6271774015350448,2,1,1,0.02,0.08,0.03,0.15,0.9,0.1,-1.2,0.0,0,0,1,0,0.675,0.44
322,0,0.43031996488571167,0.41290444135665894,2.5155177116394043,5.2859113099233666,0.36652746752271687,2,1,1,0.02,0.08,0.03,0.15,0.9,0.1,-1.2,0.0,0,0,1,0,0.675,0.44
322,1,-0.7332904934883118,-0.4034779965877533,-1.3758721351623535,2.7151183972803152,-0.41291040188932493,0,0,0,0.02,0.08,0.03,0.15,0.9,0.1,-1.2,0.0,0,0,1,0,0.675,0.44
322,2,0.5468250513076782,-0.0626978948712349,0.003296300768852234,3.3537627698802557,-0.25529554363496654,2,1,1,0.02,0.08,0.03,0.15,0.9,0.1,-1.2,0.0,0,0,1,0,0.675,0.44
322,3,-1.140142560005188,0.04484223201870918,-1.4783672094345093,3.256085418301216,0.015719358092379163,2,1,1,0.02,0.08,0.03,0.15,0.9,0.1,-1.2,0.0,0,0,1,0,0.675,0.44
322,4,-0.05125800147652626,-0.08878078311681747,0.5857446193695068,-3.188561460934918,4.07475693812464,2,1,1,0.02,0.08,0.03,0.15,0.9,0.1,-1.2,0.0,0,0,1,0,0.675,0.44
322,5,-0.029556596651673317,0.40536460280418396,2.521066188812256,2.3142380077840707,3.2142535219064268,2,1,1,0.02,0.08,0.03,0.15,0.9,0.1,-1.2,0.0,0,0,1,0,0.675,0.44
322,6,0.9085623025894165,0.3942559063434601,-0.045769307762384415,-1.0336977417068258,4.144677102438146,2,1,1,0.02,0.08,0.03,0.15,0.9,0.1,-1.2,0.0,0,0,1,0,0.675,0.44
322,7,-0.5865026712417603,0.18779508769512177,1.6786991357803345,1.6207268089472378,-0.09434593473068098,2,1,1,0.02,0.08,0.03,0.15,0.9,0.1,-1.2,0.0,0,0,1,0,0.675,0.44
323,0,0.4283011555671692,0.414878249168396,2.2413783073425293,4.819486127331814,1.2070686219026043,2,1,1,0.02,0.08,0.03,0.15,0.9,0.1,-1.2,0.0,0,0,1,0,0.675,0.44
323,1,-0.7329820394515991,-0.4058564007282257,-1.5334423780441284,1.8960827678209675,0.49437964606717016,0,0,0,0.02,0.08,0.03,0.15,0.9,0.1,-1.2,0.0,0,0,1,0,0.675,0.44
323,2,0.5503417253494263,-0.06287377327680588,-0.09722345322370529,3.518899397202113,-2.377673564819421,2,1,1,0.02,0.08,0.03,0.15,0.9,0.1,-1.2,0.0,0,0,1,0,0.675,0.44
323,3,-1.140077829360962,0.04201161116361618,-1.627825379371643,3.4159305460989065,-0.0004250957702168351,2,1,1,0.02,0.08,0.03,0.15,0.9,0.1,-1.2,0.0,0,0,1,0,0.675,0.44
323,4,-0.04997560754418373,-0.08782558888196945,0.7149615287780762,-0.8009658012887108,3.517345707225894,2,1,1,0.02,0.08,0.03,0.15,0.9,0.1,-1.2,0.0,0,0,1,0,0.675,0.44
323,5,-0.03432110324501991,0.4083259701728821,2.64408802986145,2.29193494782681,3.616618016558441,2,1,1,0.02,0.08,0.03,0.15,0.9,0.1,-1.2,0.0,0,0,1,0,0.675,0.44
323,6,0.9112056493759155,0.39440351724624634,0.15925022959709167,-0.2683628173378867,3.682413617542906,2,1,1,0.02,0.08,0.03,0.15,0.9,0.1,-1.2,0.0,0,0,1,0,0.675,0.44
323,7,-0.5867239832878113,0.19143839180469513,1.5888327360153198,1.2774606894423417,0.48415695105668394,2,1,1,0.02,0.08,0.03,0.15,0.9,0.1,-1.2,0.0,0,0,1,0,0.675,0.44
324,0,0.42564529180526733,0.4191001057624817,2.0326738357543945,2.7122209346974717,-0.5437613518931569,2,1,1,0.02,0.08,0.03,0.15,0.9,0.1,-1.2,0.0,0,0,1,0,0.675,0.44
324,1,-0.7330487966537476,-0.40807342529296875,-1.6534816026687622,0.9257791489597369,1.1823629769674608,0,0,0,0.02,0.08,0.03,0.15,0.9,0.1,-1.2,0.0,0,0,1,0,0.675,0.44
324,2,0.5535169839859009,-0.06335318833589554,-0.21765927970409393,2.5877096976735494,-0.9788595440962315,2,1,1,0.02,0.08,0.03,0.15,0.9,0.1,-1.2,0.0,0,0,1,0,0.675,0.44
324,3,-1.1404669284820557,0.03882809728384018,-1.750443458557129,2.9296361848460752,0.7929133655972703,2,1,1,0.02,0.08,0.03,0.15,0.9,0.1,-1.2,0.0,0,0,1,0,0.675,0.44
324,4,-0.04924314469099045,-0.08708679676055908,0.9469153881072998,-0.9544704592167386,3.7091514852626695,2,1,1,0.02,0.08,0.03,0.15,0.9,0.1,-1.2,0.0,0,0,1,0,0.675,0.44
324,5,-0.03927899897098541,0.4108010530471802,2.693709135055542,2.224022801554386,3.2777076241882397,2,1,1,0.02,0.08,0.03,0.15,0.9,0.1,-1.2,0.0,0,0,1,0,0.675,0.44
324,6,0.9141272902488708,0.3951691687107086,0.34546735882759094,0.41972685753086464,3.0971380187435678,2,1,1,0.02,0.08,0.03,0.15,0.9,0.1,-1.2,0.0,0,0,1,0,0.675,0.44
324,7,-0.5866968035697937,0.1933935433626175,1.5242377519607544,1.7166924766831966,0.7271669534209044,2,1,1,0.02,0.08,0.03,0.15,0.9,0.1,-1.2,0.0,0,0,1,0,0.675,0.44
325,0,0.42344772815704346,0.4244224727153778,1.8852996826171875,-6.28,4.12258203254827,2,1,1,0.02,0.08,0.03,0.15,0.9,0.1,-1.2,0.0,0,0,1,0,0.675,0.44
325,1,-0.7333388328552246,-0.41041886806488037,-1.7144317626953125,1.3509595420616993,0.1883592939619776,0,0,0,0.02,0.08,0.03,0.15,0.9,0.1,-1.2,0.0,0,0,1,0,0.675,0.44
325,2,0.5550101399421692,-0.06378571689128876,-0.4094856381416321,2.2050136842668477,-0.6099651669825259,2,1,1,0.02,0.08,0.03,0.15,0.9,0.1,-1.2,0.0,0,0,1,0,0.675,0.44
325,3,-1.1412701606750488,0.03552626445889473,-1.8693604469299316,3.006771276678507,0.7893186343319959,2,1,1,0.02,0.08,0.03,0.15,0.9,0.1,-1.2,0.0,0,0,1,0,0.675,0.44
325,4,-0.04807071015238762,-0.08504178375005722,1.1259108781814575,-0.9784699940007129,3.72545773489974,2,1,1,0.02,0.08,0.03,0.15,0.9,0.1,-1.2,0.0,0,0,1,0,0.675,0.44
325,5,-0.0445670410990715,0.4132118225097656,2.7371633052825928,1.5589681124116554,3.7882057947159,2,1,1,0.02,0.08,0.03,0.15,0.9,0.1,-1.2,0.0,0,0,1,0,0.675,0.44
325,6,0.9171893000602722,0.3965487778186798,0.49247193336486816,0.6558399880009556,3.1690965282158476,2,1,1,0.02,0.08,0.03,0.15,0.9,0.1,-1.2,0.0,0,0,1,0,0.675,0.44
325,7,-0.5865768790245056,0.1950974315404892,1.490352749824524,1.4700823616785725,1.003571421820198,2,1,1,0.02,0.08,0.03,0.15,0.9,0.1,-1.2,0.0,0,0,1,0,0.675,0.44
326,0,0.42267876863479614,0.42727312445640564,1.7667741775512695,-6.28,2.4870720866217346,2,1,1,0.02,0.08,0.03,0.15,0.9,0.1,-1.2,0.0,0,0,1,0,0.675,0.44
326,1,-0.7336710691452026,-0.4125530421733856,-1.7166846990585327,3.3649248251115176,-2.7475229184760246,0,0,0,0.02,0.08,0.03,0.15,0.9,0.1,-1.2,0.0,0,0,1,0,0.675,0.44
326,2,0.5563498139381409,-0.0645030066370964,-0.5515158772468567,2.3820130291232395,-1.0022960164677817,2,1,1,0.02,0.08,0.03,0.15,0.9,0.1,-1.2,0.0,0,0,1,0,0.675,0.44
326,3,-1.1425132751464844,0.032081179320812225,-1.953234076499939,2.6294574011119436,1.2354377409031436,2,1,1,0.02,0.08,0.03,0.15,0.9,0.1,-1.2,0.0,0,0,1,0,0.675,0.44
326,4,-0.04707447439432144,-0.08247537910938263,1.2869482040405273,-0.7939986881650214,3.6374201643777395,2,1,1,0.02,0.08,0.03,0.15,0.9,0.1,-1.2,0.0,0,0,1,0,0.675,0.44
326,5,-0.04973489046096802,0.41530218720436096,2.7761149406433105,0.702174303254386,4.194907205906255,2,1,1,0.02,0.08,0.03,0.15,0.9,0.1,-1.2,0.0,0,0,1,0,0.675,0.44
326,6,0.9201672077178955,0.3983701765537262,0.594754159450531,0.8775872004293543,2.891068752869761,2,1,1,0.02,0.08,0.03,0.15,0.9,0.1,-1.2,0.0,0,0,1,0,0.675,0.44
326,7,-0.5863506197929382,0.1973908543586731,1.4571726322174072,4.883684518475585,-6.28,2,1,1,0.02,0.08,0.03,0.15,0.9,0.1,-1.2,0.0,0,0,1,0,0.675,0.44
327,0,0.4231436252593994,0.42599648237228394,2.0406668186187744,-6.28,1.9352044301157951,2,1,1,0.02,0.08,0.03,0.15,0.9,0.1,-1.2,0.0,0,0,1,0,0.675,0.44
327,1,-0.7339260578155518,-0.4141840636730194,-1.7473856210708618,4.895810054864515,-5.328406602085272,0,0,0,0.02,0.08,0.03,0.15,0.9,0.1,-1.2,0.0,0,0,1,0,0.675,0.44
327,2,0.5576643347740173,-0.06541699916124344,-0.6553941965103149,2.2755535925764314,-0.8531251378431384,2,1,1,0.02,0.08,0.03,0.15,0.9,0.1,-1.2,0.0,0,0,1,0,0.675,0.44
327,3,-1.1440658569335938,0.028620101511478424,-2.030818462371826,2.0648166587548857,1.7499413960214323,2,1,1,0.02,0.08,0.03,0.15,0.9,0.1,-1.2,0.0,0,0,1,0,0.675,0.44
327,4,-0.04650353640317917,-0.07978370040655136,1.4515866041183472,0.11136977283657985,3.31335935241599,2,1,1,0.02,0.08,0.03,0.15,0.9,0.1,-1.2,0.0,0,0,1,0,0.675,0.44
327,5,-0.054809555411338806,0.41708067059516907,2.8461697101593018,-0.08377247604083732,4.505409156060367,2,1,1,0.02,0.08,0.03,0.15,0.9,0.1,-1.2,0.0,0,0,1,0,0.675,0.44
327,6,0.9231814742088318,0.4006136655807495,0.6837331056594849,0.8882695816396228,3.085638084236401,2,1,1,0.02,0.08,0.03,0.15,0.9,0.1,-1.2,0.0,0,0,1,0,0.675,0.44
327,7,-0.586040198802948,0.19983750581741333,1.4371981620788574,5.055288690809835,-6.28,2,1,1,0.02,0.08,0.03,0.15,0.9,0.1,-1.2,0.0,0,0,1,0,0.675,0.44
328,0,0.4250160753726959,0.4239208698272705,2.394268035888672,-6.28,3.543178234465806,2,1,1,0.02,0.08,0.03,0.15,0.9,0.1,-1.2,0.0,0,0,1,0,0.675,0.44
328,1,-0.7340946793556213,-0.4149644076824188,-1.9279711246490479,4.953503083865828,-5.524106238772005,0,0,0,0.02,0.08,0.03,0.15,0.9,0.1,-1.2,0.0,0,0,1,0,0.675,0.44
328,2,0.5587440729141235,-0.06634122878313065,-0.7700838446617126,3.4475992346101942,-2.3854539500099787,2,1,1,0.02,0.08,0.03,0.15,0.9,0.1,-1.2,0.0,0,0,1,0,0.675,0.44
328,3,-1.1459603309631348,0.02510145492851734,-2.0905513763427734,1.9339549391023458,1.8503423745245193,2,1,1,0.02,0.08,0.03,0.15,0.9,0.1,-1.2,0.0,0,0,1,0,0.675,0.44
328,4,-0.04638030752539635,-0.07696011662483215,1.6088613271713257,0.2590922451186474,3.167191240376704,2,1,1,0.02,0.08,0.03,0.15,0.9,0.1,-1.2,0.0,0,0,1,0,0.675,0.44
328,5,-0.05965222790837288,0.4183065593242645,2.960080862045288,-0.35597494906357796,4.560681813683331,2,1,1,0.02,0.08,0.03,0.15,0.9,0.1,-1.2,0.0,0,0,1,0,0.675,0.44
328,6,0.9260137677192688,0.40311095118522644,0.7577110528945923,1.128993475437984,2.7251323446658042,2,1,1,0.02,0.08,0.03,0.15,0.9,0.1,-1.2,0.0,0,0,1,0,0.675,0.44
328,7,-0.5863186120986938,0.19918382167816162,1.1156646013259888,4.4763260523126895,-6.28,2,1,1,0.02,0.08,0.03,0.15,0.9,0.1,-1.2,0.0,0,0,1,0,0.675,0.44
329,0,0.42542120814323425,0.42360642552375793,2.579486131668091,-6.28,3.8704677707916146,2,1,1,0.02,0.08,0.03,0.15,0.9,0.1,-1.2,0.0,0,0,1,0,0.675,0.44
329,1,-0.7339566349983215,-0.4147501587867737,-2.2627856731414795,4.50862642471003,-4.68870093306003,0,0,0,0.02,0.08,0.03,0.15,0.9,0.1,-1.2,0.0,0,0,1,0,0.675,0.44
329,2,0.5597020387649536,-0.06737855076789856,-0.8816849589347839,-2.205219008065357,3.0154783330904795,2,1,1,0.02,0.08,0.03,0.15,0.9,0.1,-1.2,0.0,0,0,1,0,0.675,0.44
329,3,-1.147937536239624,0.021773993968963623,-2.1107330322265625,2.3458064542711905,1.4337008413787364,2,1,1,0.02,0.08,0.03,0.15,0.9,0.1,-1.2,0.0,0,0,1,0,0.675,0.44
329,4,-0.04672497138381004,-0.07369150221347809,1.73031747341156,-0.6937080436937678,3.370334610604786,2,1,1,0.02,0.08,0.03,0.15,0.9,0.1,-1.2,0.0,0,0,1,0,0.675,0.44
329,5,-0.06415445357561111,0.4188244044780731,3.113847017288208,-0.16873575301391794,4.856088924773882,2,1,1,0.02,0.08,0.03,0.15,0.9,0.1,-1.2,0.0,0,0,1,0,0.675,0.44
329,6,0.9287673830986023,0.4059169888496399,0.833457887172699,-0.5263814189207624,2.0424230828182375,2,1,1,0.02,0.08,0.03,0.15,0.9,0.1,-1.2,0.0,0,0,1,0,0.675,0.44
329,7,-0.5868911147117615,0.1985352635383606,0.681754469871521,4.466991679240059,-4.443176685529453,2,1,1,0.02,0.08,0.03,0.15,0.9,0.1,-1.2,0.0,0,0,1,0,0.675,0.44
330,0,0.4237164258956909,0.42431607842445374,2.7568249702453613,-6.28,3.7047669809359154,2,1,1,0.02,0.08,0.03,0.15,0.9,0.1,-1.2,0.0,0,0,1,0,0.675,0.44
330,1,-0.7335311770439148,-0.41435545682907104,-2.668182849884033,4.111489650386583,-2.7072456564278413,0,0,0,0.02,0.08,0.03,0.15,0.9,0.1,-1.2,0.0,0,0,1,0,0.675,0.44
330,2,0.5603576302528381,-0.06830623000860214,-1.067992925643921,-3.4486762074105193,3.779255667222279,2,1,1,0.02,0.08,0.03,0.15,0.9,0.1,-1.2,0.0,0,0,1,0,0.675,0.44
330,3,-1.1499067544937134,0.018524231389164925,-2.1155500411987305,1.442873622967725,2.087305484625026,2,1,1,0.02,0.08,0.03,0.15,0.9,0.1,-1.2,0.0,0,0,1,0,0.675,0.44
330,4,-0.04744929075241089,-0.07034891843795776,1.834313988685608,-0.802616197031528,3.3098759627051346,2,1,1,0.02,0.08,0.03,0.15,0.9,0.1,-1.2,0.0,0,0,1,0,0.675,0.44
330,5,-0.06841661036014557,0.4186026453971863,-2.997938394546509,0.17770050214988842,4.834132828974429,2,1,1,0.02,0.08,0.03,0.15,0.9,0.1,-1.2,0.0,0,0,1,0,0.675,0.44
330,6,0.931279182434082,0.4088704586029053,0.8936424255371094,-1.2248653593949301,2.1964763642280016,2,1,1,0.02,0.08,0.03,0.15,0.9,0.1,-1.2,0.0,0,0,1,0,0.675,0.44
330,7,-0.5837505459785461,0.20070496201515198,0.49008265137672424,4.50746968384191,-3.8625214677871713,2,1,1,0.02,0.08,0.03,0.15,0.9,0.1,-1.2,0.0,0,0,1,0,0.675,0.44
331,0,0.4228496551513672,0.4243021309375763,3.0192742347717285,-4.8273959726988265,4.376282684763242,2,1,1,0.02,0.08,0.03,0.15,0.9,0.1,-1.2,0.0,0,0,1,0,0.675,0.44
331,1,-0.7334269881248474,-0.41435500979423523,-3.0331532955169678,3.444405013030969,-2.3698157601170533,0,0,0,0.02,0.08,0.03,0.15,0.9,0.1,-1.2,0.0,0,0,1,0,0.675,0.44
331,2,0.5607617497444153,-0.06906572729349136,-0.9606219530105591,-3.226664202703993,3.805299362565905,2,1,1,0.02,0.08,0.03,0.15,0.9,0.1,-1.2,0.0,0,0,1,0,0.675,0.44
331,3,-1.1519324779510498,0.01525644026696682,-2.1439530849456787,0.5277510813371562,0.30415726612082333,2,1,1,0.02,0.08,0.03,0.15,0.9,0.1,-1.2,0.0,0,0,1,0,0.675,0.44
331,4,-0.04833971709012985,-0.06766825169324875,1.9689524173736572,-1.12185864943059,2.023443023463382,2,1,1,0.02,0.08,0.03,0.15,0.9,0.1,-1.2,0.0,0,0,1,0,0.675,0.44
331,5,-0.07290317118167877,0.41754794120788574,-2.8211841583251953,0.3115462866065996,4.277517770424451,2,1,1,0.02,0.08,0.03,0.15,0.9,0.1,-1.2,0.0,0,0,1,0,0.675,0.44
331,6,0.9324731826782227,0.4104536473751068,0.9768718481063843,-1.7696984843477181,2.175707094819722,2,1,1,0.02,0.08,0.03,0.15,0.9,0.1,-1.2,0.0,0,0,1,0,0.675,0.44
331,7,-0.5807681679725647,0.20198914408683777,0.2736993432044983,4.551407410528656,-6.28,2,1,1,0.02,0.08,0.03,0.15,0.9,0.1,-1.2,0.0,0,0,1,0,0.675,0.44
332,0,0.42046552896499634,0.4244321286678314,-3.085512638092041,-2.7582591868555832,4.949715093626121,2,1,1,0.02,0.08,0.03,0.15,0.9,0.1,-1.2,0.0,0,0,1,0,0.675,0.44
332,1,-0.7354333400726318,-0.4144238233566284,2.989762306213379,3.7502775008234046,-2.389810044664687,0,0,0,0.02,0.08,0.03,0.15,0.9,0.1,-1.2,0.0,0,0,1,0,0.675,0.44
332,2,0.5610213279724121,-0.06942110508680344,-0.7188059091567993,-2.659050316241227,3.884222382215061,2,1,1,0.02,0.08,0.03,0.15,0.9,0.1,-1.2,0.0,0,0,1,0,0.675,0.44
332,3,-1.1538689136505127,0.012267133221030235,-2.1315457820892334,2.5311827672030343,-1.5601758581856287,2,1,1,0.02,0.08,0.03,0.15,0.9,0.1,-1.2,0.0,0,0,1,0,0.675,0.44
332,4,-0.04948299378156662,-0.06540060043334961,2.1133265495300293,-1.5175689998879311,2.2140590317734414,2,1,1,0.02,0.08,0.03,0.15,0.9,0.1,-1.2,0.0,0,0,1,0,0.675,0.44
332,5,-0.07746370881795883,0.41559460759162903,-2.6547691822052,0.3205529232772763,3.1920509935408923,2,1,1,0.02,0.08,0.03,0.15,0.9,0.1,-1.2,0.0,0,0,1,0,0.675,0.44
332,6,0.9330296516418457,0.41138124465942383,1.0910364389419556,-2.8134089313405024,3.4468256881873924,2,1,1,0.02,0.08,0.03,0.15,0.9,0.1,-1.2,0.0,0,0,1,0,0.675,0.44
332,7,-0.5803000330924988,0.20203720033168793,-0.08141086250543594,4.468399252123726,-4.387903080170622,2,1,1,0.02,0.08,0.03,0.15,0.9,0.1,-1.2,0.0,0,0,1,0,0.675,0.44
333,0,0.41974937915802,0.42445576190948486,-2.772048234939575,0.7094961343643205,6.28,2,1,1,0.02,0.08,0.03,0.15,0.9,0.1,-1.2,0.0,0,0,1,0,0.675,0.44
333,1,-0.7366341352462769,-0.4141266345977783,2.748224973678589,3.6788486298311107,-1.9566605415361926,0,0,0,0.02,0.08,0.03,0.15,0.9,0.1,-1.2,0.0,0,0,1,0,0.675,0.44
333,2,0.5614596009254456,-0.0697016566991806,-0.4689112603664398,-2.124253607546708,4.068436638620537,2,1,1,0.02,0.08,0.03,0.15,0.9,0.1,-1.2,0.0,0,0,1,0,0.675,0.44
333,3,-1.1545952558517456,0.011103264056146145,-2.133274555206299,3.049560899899975,-2.0783555848530373,2,1,1,0.02,0.08,0.03,0.15,0.9,0.1,-1.2,0.0,0,0,1,0,0.675,0.44
333,4,-0.05017046257853508,-0.06439458578824997,2.2305593490600586,-5.005681718341524,4.79217870527001,2,1,1,0.02,0.08,0.03,0.15,0.9,0.1,-1.2,0.0,0,0,1,0,0.675,0.44
333,5,-0.08142765611410141,0.4131164252758026,-2.51096510887146,0.10543665378108143,1.9157575962814495,2,1,1,0.02,0.08,0.03,0.15,0.9,0.1,-1.2,0.0,0,0,1,0,0.675,0.44
333,6,0.9332460761070251,0.4118531048297882,1.2260315418243408,-2.840853808684777,3.6056800259315507,2,1,1,0.02,0.08,0.03,0.15,0.9,0.1,-1.2,0.0,0,0,1,0,0.675,0.44
333,7,-0.5809177160263062,0.20229597389698029,-0.48116055130958557,4.926568167425416,-1.330270890884098,2,1,1,0.02,0.08,0.03,0.15,0.9,0.1,-1.2,0.0,0,0,1,0,0.675,0.44
334,0,0.4180392920970917,0.42349985241889954,-2.443105697631836,2.305652928961334,6.28,2,1,1,0.02,0.08,0.03,0.15,0.9,0.1,-1.2,0.0,0,0,1,0,0.675,0.44
334,1,-0.7377871870994568,-0.4135010242462158,2.5363330841064453,3.3434511817406265,-1.3918047396751034,0,0,0,0.02,0.08,0.03,0.15,0.9,0.1,-1.2,0.0,0,0,1,0,0.675,0.44
334,2,0.5624749064445496,-0.07003316283226013,-0.2343037724494934,-1.7749630659620295,4.307189593530207,2,1,1,0.02,0.08,0.03,0.15,0.9,0.1,-1.2,0.0,0,0,1,0,0.675,0.44
334,3,-1.1552553176879883,0.010166516527533531,-2.2570180892944336,3.6482417038687944,-2.5907745764841548,2,1,1,0.02,0.08,0.03,0.15,0.9,0.1,-1.2,0.0,0,0,1,0,0.675,0.44
334,4,-0.05065501481294632,-0.06384570896625519,2.3575003147125244,-5.005304161741371,4.81414396531687,2,1,1,0.02,0.08,0.03,0.15,0.9,0.1,-1.2,0.0,0,0,1,0,0.675,0.44
334,5,-0.0843251422047615,0.4107356667518616,-2.4019155502319336,1.0107191745974538,-0.09918755689176072,2,1,1,0.02,0.08,0.03,0.15,0.9,0.1,-1.2,0.0,0,0,1,0,0.675,0.44
334,6,0.9333962202072144,0.41242456436157227,1.430266261100769,-2.665218871920576,3.6841657181318763,2,1,1,0.02,0.08,0.03,0.15,0.9,0.1,-1.2,0.0,0,0,1,0,0.675,0.44
334,7,-0.5797407627105713,0.20166504383087158,-0.7735564708709717,5.115742586322763,0.3115856916656133,2,1,1,0.02,0.08,0.03,0.15,0.9,0.1,-1.2,0.0,0,0,1,0,0.675,0.44
335,0,0.41418278217315674,0.4192603826522827,-2.2044336795806885,0.32589793658661054,2.973110169442545,2,1,1,0.02,0.08,0.03,0.15,0.9,0.1,-1.2,0.0,0,0,1,0,0.675,0.44
335,1,-0.7390510439872742,-0.41242408752441406,2.3354299068450928,3.5163169329469013,-1.7259491874208777,0,0,0,0.02,0.08,0.03,0.15,0.9,0.1,-1.2,0.0,0,0,1,0,0.675,0.44
335,2,0.5642292499542236,-0.07023277878761292,-0.013233249075710773,-0.8145913651277231,4.28396071765502,2,1,1,0.02,0.08,0.03,0.15,0.9,0.1,-1.2,0.0,0,0,1,0,0.675,0.44
335,3,-1.155985713005066,0.009396426379680634,-2.433347702026367,3.458663725435311,-2.051882001215514,2,1,1,0.02,0.08,0.03,0.15,0.9,0.1,-1.2,0.0,0,0,1,0,0.675,0.44
335,4,-0.05060843378305435,-0.0638471320271492,2.6615865230560303,-6.061299010187132,5.306080638918383,2,1,1,0.02,0.08,0.03,0.15,0.9,0.1,-1.2,0.0,0,0,1,0,0.675,0.44
335,5,-0.08597731590270996,0.4091007113456726,-2.330843925476074,-3.7009382334586975,3.785493623910205,2,1,1,0.02,0.08,0.03,0.15,0.9,0.1,-1.2,0.0,0,0,1,0,0.675,0.44
335,6,0.9334132671356201,0.41316843032836914,1.656217098236084,-2.4714832586190565,3.5959159349190375,2,1,1,0.02,0.08,0.03,0.15,0.9,0.1,-1.2,0.0,0,0,1,0,0.675,0.44
335,7,-0.5780309438705444,0.19945521652698517,-1.0400992631912231,5.182827659863062,1.8224726596863035,2,1,1,0.02,0.08,0.03,0.15,0.9,0.1,-1.2,0.0,0,0,1,0,0.675,0.44
336,0,0.4099729657173157,0.4123285710811615,-2.03137469291687,6.28,-6.28,2,1,1,0.02,0.08,0.03,0.15,0.9,0.1,-1.2,0.0,0,0,1,0,0.675,0.44
336,1,-0.7402529120445251,-0.41093409061431885,2.1633827686309814,3.814443349435063,-2.4627735905583985,0,0,0,0.02,0.08,0.03,0.15,0.9,0.1,-1.2,0.0,0,0,1,0,0.675,0.44
336,2,0.5664429664611816,-0.06999880820512772,0.2079044133424759,-0.3144583731394715,4.346597794411068,2,1,1,0.02,0.08,0.03,0.15,0.9,0.1,-1.2,0.0,0,0,1,0,0.675,0.44
336,3,-1.1568313837051392,0.008782083168625832,-2.6454591751098633,3.5832136305470925,-1.7472501046465339,2,1,1,0.02,0.08,0.03,0.15,0.9,0.1,-1.2,0.0,0,0,1,0,0.675,0.44
336,4,-0.05055810511112213,-0.06397542357444763,3.028123617172241,-6.0795121596287975,5.038691343218103,2,1,1,0.02,0.08,0.03,0.15,0.9,0.1,-1.2,0.0,0,0,1,0,0.675,0.44
336,5,-0.08673904091119766,0.4082755148410797,-2.3497564792633057,-5.906460654438224,5.764982376488617,2,1,1,0.02,0.08,0.03,0.15,0.9,0.1,-1.2,0.0,0,0,1,0,0.675,0.44
336,6,0.9332129955291748,0.41408294439315796,1.8842822313308716,-2.3084747262147842,3.508660548831037,2,1,1,0.02,0.08,0.03,0.15,0.9,0.1,-1.2,0.0,0,0,1,0,0.675,0.44
336,7,-0.5758739113807678,0.19479034841060638,-1.2468312978744507,4.383833941435362,-4.247473720824266,2,1,1,0.02,0.08,0.03,0.15,0.9,0.1,-1.2,0.0,0,0,1,0,0.675,0.44
337,0,0.40827783942222595,0.4083424210548401,-1.925942301750183,6.28,-6.28,2,1,1,0.02,0.08,0.03,0.15,0.9,0.1,-1.2,0.0,0,0,1,0,0.675,0.44
337,1,-0.7411479353904724,-0.4093397855758667,1.9831186532974243,3.6067104624646182,-2.272359085143771,0,0,0,0.02,0.08,0.03,0.15,0.9,0.1,-1.2,0.0,0,0,1,0,0.675,0.44
337,2,0.5694023370742798,-0.06903012841939926,0.39959976077079773,0.32083047802163,4.219762163148749,2,1,1,0.02,0.08,0.03,0.15,0.9,0.1,-1.2,0.0,0,0,1,0,0.675,0.44
337,3,-1.158068299293518,0.008260109461843967,-2.8445191383361816,3.88959187208708,-1.7007201573375215,2,1,1,0.02,0.08,0.03,0.15,0.9,0.1,-1.2,0.0,0,0,1,0,0.675,0.44
337,4,-0.050052836537361145,-0.06393053382635117,-2.839367389678955,-4.131489894525744,4.370136042248346,2,1,1,0.02,0.08,0.03,0.15,0.9,0.1,-1.2,0.0,0,0,1,0,0.675,0.44
337,5,-0.08692571520805359,0.40810391306877136,-2.1464011669158936,-6.28,6.28,2,1,1,0.02,0.08,0.03,0.15,0.9,0.1,-1.2,0.0,0,0,1,0,0.675,0.44
337,6,0.9327530860900879,0.41511860489845276,2.100717306137085,-1.5040684078092073,3.7666637435979236,2,1,1,0.02,0.08,0.03,0.15,0.9,0.1,-1.2,0.0,0,0,1,0,0.675,0.44
337,7,-0.5741922855377197,0.18846026062965393,-1.3856770992279053,3.9977353868308336,-3.0435839572289054,2,1,1,0.02,0.08,0.03,0.15,0.9,0.1,-1.2,0.0,0,0,1,0,0.675,0.44
338,0,0.40796515345573425,0.40751996636390686,-2.275726079940796,5.088752458845849,-6.28,2,1,1,0.02,0.08,0.03,0.15,0.9,0.1,-1.2,0.0,0,0,1,0,0.675,0.44
338,1,-0.7416143417358398,-0.407972127199173,1.7696747779846191,3.446235967800526,-1.981554610536387,0,0,0,0.02,0.08,0.03,0.15,0.9,0.1,-1.2,0.0,0,0,1,0,0.675,0.44
338,2,0.5728301405906677,-0.06721807271242142,0.5677325129508972,0.3558610090444742,4.2028323455532535,2,1,1,0.02,0.08,0.03,0.15,0.9,0.1,-1.2,0.0,0,0,1,0,0.675,0.44
338,3,-1.1597858667373657,0.007902504876255989,-3.032888174057007,3.6322340092448724,-0.8480080803971031,2,1,1,0.02,0.08,0.03,0.15,0.9,0.1,-1.2,0.0,0,0,1,0,0.675,0.44
338,4,-0.05039535090327263,-0.06430511176586151,-2.8264546394348145,-3.5294175394123006,4.0841163977107175,2,1,1,0.02,0.08,0.03,0.15,0.9,0.1,-1.2,0.0,0,0,1,0,0.675,0.44
338,5,-0.0869225487112999,0.4082012176513672,-1.7560172080993652,-4.580767796518819,4.558647282235032,2,1,1,0.02,0.08,0.03,0.15,0.9,0.1,-1.2,0.0,0,0,1,0,0.675,0.44
338,6,0.9320482611656189,0.41610002517700195,2.3072316646575928,-1.233290437642424,3.8791853193333976,2,1,1,0.02,0.08,0.03,0.15,0.9,0.1,-1.2,0.0,0,0,1,0,0.675,0.44
338,7,-0.5739456415176392,0.18700160086154938,-1.6524832248687744,3.7978828278181496,-0.7276573891727343,2,1,1,0.02,0.08,0.03,0.15,0.9,0.1,-1.2,0.0,0,0,1,0,0.675,0.44
339,0,0.4078916013240814,0.4075136184692383,-2.5492072105407715,4.717111890432597,-6.28,2,1,1,0.02,0.08,0.03,0.15,0.9,0.1,-1.2,0.0,0,0,1,0,0.675,0.44
339,1,-0.7417610883712769,-0.4066389501094818,1.5602233409881592,3.5042155796362007,-1.8384945612144976,0,0,0,0.02,0.08,0.03,0.15,0.9,0.1,-1.2,0.0,0,0,1,0,0.675,0.44
339,2,0.5763464570045471,-0.0645841658115387,0.7111494541168213,-1.8435996710705456,3.8633849374988123,2,1,1,0.02,0.08,0.03,0.15,0.9,0.1,-1.2,0.0,0,0,1,0,0.675,0.44
339,3,-1.16190767288208,0.007867757230997086,3.055938243865967,3.902104387009907,-0.7803515144757234,2,1,1,0.02,0.08,0.03,0.15,0.9,0.1,-1.2,0.0,0,0,1,0,0.675,0.44
339,4,-0.051315195858478546,-0.0646461695432663,-2.4974873065948486,-2.1769092153922163,4.00092267347231,2,1,1,0.02,0.08,0.03,0.15,0.9,0.1,-1.2,0.0,0,0,1,0,0.675,0.44
339,5,-0.08690328896045685,0.40825897455215454,-1.3912196159362793,-3.670363449483375,4.076568256368121,2,1,1,0.02,0.08,0.03,0.15,0.9,0.1,-1.2,0.0,0,0,1,0,0.675,0.44
339,6,0.9305216670036316,0.4174801707267761,2.496164560317993,-0.167160801829494,2.913381065257972,2,1,1,0.02,0.08,0.03,0.15,0.9,0.1,-1.2,0.0,0,0,1,0,0.675,0.44
339,7,-0.5741741061210632,0.18630816042423248,-1.9178593158721924,3.8261865221747193,0.6697091857194994,2,1,1,0.02,0.08,0.03,0.15,0.9,0.1,-1.2,0.0,0,0,1,0,0.675,0.44
340,0,0.4075993299484253,0.4072059392929077,-2.6715643405914307,4.563657196754946,-5.966177105470297,2,1,1,0.02,0.08,0.03,0.15,0.9,0.1,-1.2,0.0,0,0,1,0,0.675,0.44
340,1,-0.7416101098060608,-0.4051607847213745,1.363459587097168,3.0773981379811657,-1.1610891413203577,0,0,0,0.02,0.08,0.03,0.15,0.9,0.1,-1.2,0.0,0,0,1,0,0.675,0.44
340,2,0.5795923471450806,-0.06138778477907181,0.8461564779281616,-0.7172823295614063,3.3071477055523513,2,1,1,0.02,0.08,0.03,0.15,0.9,0.1,-1.2,0.0,0,0,1,0,0.675,0.44
340,3,-1.1644957065582275,0.00833018310368061,2.8897743225097656,3.612802313440217,4.457241028904546e-05,2,1,1,0.02,0.08,0.03,0.15,0.9,0.1,-1.2,0.0,0,0,1,0,0.675,0.44
340,4,-0.0516677051782608,-0.06501145660877228,-2.1663331985473633,-1.9792550538716833,4.419165139252724,2,1,1,0.02,0.08,0.03,0.15,0.9,0.1,-1.2,0.0,0,0,1,0,0.675,0.44
340,5,-0.08687644451856613,0.40820497274398804,-1.2859135866165161,-4.052833610759375,4.309387046688758,2,1,1,0.02,0.08,0.03,0.15,0.9,0.1,-1.2,0.0,0,0,1,0,0.675,0.44
340,6,0.9283313155174255,0.4188399016857147,2.6766674518585205,-0.861892933611905,3.9285237235691604,2,1,1,0.02,0.08,0.03,0.15,0.9,0.1,-1.2,0.0,0,0,1,0,0.675,0.44
340,7,-0.5753004550933838,0.1839880496263504,-2.0971102714538574,4.090289826967203,1.5368286850885757,2,1,1,0.02,0.08,0.03,0.15,0.9,0.1,-1.2,0.0,0,0,1,0,0.675,0.44
341,0,0.405020147562027,0.40666091442108154,-2.942199230194092,4.465623069282179,-4.3633213739669525,2,1,1,0.02,0.08,0.03,0.15,0.9,0.1,-1.2,0.0,0,0,1,0,0.675,0.44
341,1,-0.7411203384399414,-0.4035976529121399,1.174215316772461,2.833549655086603,-0.6505857119366799,0,0,0,0.02,0.08,0.03,0.15,0.9,0.1,-1.2,0.0,0,0,1,0,0.675,0.44
341,2,0.581123948097229,-0.05937568098306656,1.0333945751190186,-0.5575686710970983,3.219210855785931,2,1,1,0.02,0.08,0.03,0.15,0.9,0.1,-1.2,0.0,0,0,1,0,0.675,0.44
341,3,-1.1673651933670044,0.009330072440207005,2.7264046669006348,3.670886026209877,0.21008961431186954,2,1,1,0.02,0.08,0.03,0.15,0.9,0.1,-1.2,0.0,0,0,1,0,0.675,0.44
341,4,-0.052366748452186584,-0.06644725054502487,-1.893386721611023,-2.2066558874314537,4.5817285620802854,2,1,1,0.02,0.08,0.03,0.15,0.9,0.1,-1.2,0.0,0,0,1,0,0.675,0.44
341,5,-0.08672679960727692,0.4078845679759979,-0.948316752910614,-3.9683870524961056,4.35016934227292,2,1,1,0.02,0.08,0.03,0.15,0.9,0.1,-1.2,0.0,0,0,1,0,0.675,0.44
341,6,0.9258304238319397,0.4199025630950928,2.7990193367004395,-1.0696576693491424,4.677340424519013,2,1,1,0.02,0.08,0.03,0.15,0.9,0.1,-1.2,0.0,0,0,1,0,0.675,0.44
341,7,-0.5776257514953613,0.18053074181079865,-2.218029737472534,3.9315820446453373,1.947279962327126,2,1,1,0.02,0.08,0.03,0.15,0.9,0.1,-1.2,0.0,0,0,1,0,0.675,0.44
342,0,0.4016735255718231,0.4063253402709961,3.1316370964050293,4.47582435152794,-3.3179792022481944,2,1,1,0.02,0.08,0.03,0.15,0.9,0.1,-1.2,0.0,0,0,1,0,0.675,0.44
342,1,-0.7402545213699341,-0.40193304419517517,1.01753830909729,4.491055752645156,-4.51572916323598,0,0,0,0.02,0.08,0.03,0.15,0.9,0.1,-1.2,0.0,0,0,1,0,0.675,0.44
342,2,0.5821622014045715,-0.057213421911001205,1.1890901327133179,-0.6459743646067551,3.2526167985944667,2,1,1,0.02,0.08,0.03,0.15,0.9,0.1,-1.2,0.0,0,0,1,0,0.675,0.44
342,3,-1.170464277267456,0.010976344347000122,2.5921268463134766,3.9623452654846,-0.2035402132665908,2,1,1,0.02,0.08,0.03,0.15,0.9,0.1,-1.2,0.0,0,0,1,0,0.675,0.44
342,4,-0.05286535620689392,-0.06890720129013062,-1.6334974765777588,-1.2808964415327084,4.474367588053678,2,1,1,0.02,0.08,0.03,0.15,0.9,0.1,-1.2,0.0,0,0,1,0,0.675,0.44
342,5,-0.08652464300394058,0.4076629877090454,-0.5978492498397827,-4.3491453454682585,4.445671270592917,2,1,1,0.02,0.08,0.03,0.15,0.9,0.1,-1.2,0.0,0,0,1,0,0.675,0.44
342,6,0.9229380488395691,0.42071640491485596,2.954998731613159,-0.8120192744854409,5.164082438840289,2,1,1,0.02,0.08,0.03,0.15,0.9,0.1,-1.2,0.0,0,0,1,0,0.675,0.44
342,7,-0.5810860991477966,0.17639046907424927,-2.3112215995788574,3.551704718740186,0.23085467453176703,2,1,1,0.02,0.08,0.03,0.15,0.9,0.1,-1.2,0.0,0,0,1,0,0.675,0.44
343,0,0.4003625214099884,0.406418114900589,2.8133697509765625,4.849810371230325,-1.0578097141719498,2,1,1,0.02,0.08,0.03,0.15,0.9,0.1,-1.2,0.0,0,0,1,0,0.675,0.44
343,1,-0.7390145063400269,-0.4001983106136322,0.8902025818824768,4.29622084802689,-4.031111983217307,0,0,0,0.02,0.08,0.03,0.15,0.9,0.1,-1.2,0.0,0,0,1,0,0.675,0.44
343,2,0.5829705595970154,-0.05469430238008499,1.323055386543274,-0.8510731045631866,3.3070812744708395,2,1,1,0.02,0.08,0.03,0.15,0.9,0.1,-1.2,0.0,0,0,1,0,0.675,0.44
343,3,-1.1735951900482178,0.013173911720514297,2.469789981842041,3.8407354435680525,0.1133424066086991,2,1,1,0.02,0.08,0.03,0.15,0.9,0.1,-1.2,0.0,0,0,1,0,0.675,0.44
343,4,-0.05270068719983101,-0.07191859930753708,-1.3752684593200684,-1.5195196960614468,4.4317058127975875,2,1,1,0.02,0.08,0.03,0.15,0.9,0.1,-1.2,0.0,0,0,1,0,0.675,0.44
343,5,-0.08638770133256912,0.40764501690864563,-0.2530449628829956,-4.594336911508558,4.4872542154467,2,1,1,0.02,0.08,0.03,0.15,0.9,0.1,-1.2,0.0,0,0,1,0,0.675,0.44
343,6,0.9194406867027283,0.4210464656352997,-3.1327145099639893,0.0011966479438386968,5.295000959180176,2,1,1,0.02,0.08,0.03,0.15,0.9,0.1,-1.2,0.0,0,0,1,0,0.675,0.44
343,7,-0.5851728916168213,0.17224688827991486,-2.3845736980438232,3.4023004906871637,0.16822843294176798,2,1,1,0.02,0.08,0.03,0.15,0.9,0.1,-1.2,0.0,0,0,1,0,0.675,0.44
344,0,0.399545282125473,0.4070431590080261,2.488011121749878,5.074982171491393,0.9927966081015094,2,1,1,0.02,0.08,0.03,0.15,0.9,0.1,-1.2,0.0,0,0,1,0,0.675,0.44
344,1,-0.7387433052062988,-0.3998687267303467,0.6109477281570435,2.6060865446373764,-1.9103725860582899,0,0,0,0.02,0.08,0.03,0.15,0.9,0.1,-1.2,0.0,0,0,1,0,0.675,0.44
344,2,0.5834420919418335,-0.05211919918656349,1.4587968587875366,-0.52712979058213,3.178318024636595,2,1,1,0.02,0.08,0.03,0.15,0.9,0.1,-1.2,0.0,0,0,1,0,0.675,0.44
344,3,-1.1763970851898193,0.015722744166851044,2.328518867492676,3.9700422867254628,-2.4012014759174933,2,1,1,0.02,0.08,0.03,0.15,0.9,0.1,-1.2,0.0,0,0,1,0,0.675,0.44
344,4,-0.05180847644805908,-0.07482039928436279,-1.1558592319488525,-1.5028908534992613,4.325737115593845,2,1,1,0.02,0.08,0.03,0.15,0.9,0.1,-1.2,0.0,0,0,1,0,0.675,0.44
344,5,-0.08660103380680084,0.40763917565345764,0.101712666451931,-3.5511718283079445,4.208770960636467,2,1,1,0.02,0.08,0.03,0.15,0.9,0.1,-1.2,0.0,0,0,1,0,0.675,0.44
344,6,0.9152939319610596,0.42056769132614136,-2.921067237854004,1.0632367641669014,4.951504749384189,2,1,1,0.02,0.08,0.03,0.15,0.9,0.1,-1.2,0.0,0,0,1,0,0.675,0.44
344,7,-0.5883464217185974,0.1694965660572052,-2.491536855697632,3.6458917837016847,0.4312134627165932,2,1,1,0.02,0.08,0.03,0.15,0.9,0.1,-1.2,0.0,0,0,1,0,0.675,0.44
345,0,0.397243469953537,0.4094034433364868,2.2222323417663574,4.678853870560334,2.094638964881526,2,1,1,0.02,0.08,0.03,0.15,0.9,0.1,-1.2,0.0,0,0,1,0,0.675,0.44
345,1,-0.7385761737823486,-0.3998611867427826,0.30898597836494446,3.478464569178112,-2.0462256595483086,0,0,0,0.02,0.08,0.03,0.15,0.9,0.1,-1.2,0.0,0,0,1,0,0.675,0.44
345,2,0.5835520625114441,-0.04963293299078941,1.6027899980545044,-1.2464059768246711,3.571604437008158,2,1,1,0.02,0.08,0.03,0.15,0.9,0.1,-1.2,0.0,0,0,1,0,0.675,0.44
345,3,-1.1789000034332275,0.018741779029369354,2.1946017742156982,3.8685550957588277,-1.9478791125076749,2,1,1,0.02,0.08,0.03,0.15,0.9,0.1,-1.2,0.0,0,0,1,0,0.675,0.44
345,4,-0.050348762422800064,-0.07739833742380142,-0.9487317204475403,-1.0529187309524977,4.190108376272674,2,1,1,0.02,0.08,0.03,0.15,0.9,0.1,-1.2,0.0,0,0,1,0,0.675,0.44
345,5,-0.08649279177188873,0.4076644480228424,0.463238924741745,-3.248427391768637,4.1902648172837695,2,1,1,0.02,0.08,0.03,0.15,0.9,0.1,-1.2,0.0,0,0,1,0,0.675,0.44
345,6,0.9105256795883179,0.4189765155315399,-2.7258145809173584,1.9140321744851085,3.6711642613502917,2,1,1,0.02,0.08,0.03,0.15,0.9,0.1,-1.2,0.0,0,0,1,0,0.675,0.44
345,7,-0.5913451910018921,0.16747702658176422,-2.6055924892425537,3.658461645014406,0.6429341020644782,2,1,1,0.02,0.08,0.03,0.15,0.9,0.1,-1.2,0.0,0,0,1,0,0.675,0.44
346,0,0.394300252199173,0.41404247283935547,2.0473482608795166,3.9596361068387105,2.116720680888027,2,1,1,0.02,0.08,0.03,0.15,0.9,0.1,-1.2,0.0,0,0,1,0,0.675,0.44
346,1,-0.7380073666572571,-0.39976048469543457,0.11587971448898315,3.444086336160257,-1.5721994363042144,0,0,0,0.02,0.08,0.03,0.15,0.9,0.1,-1.2,0.0,0,0,1,0,0.675,0.44
346,2,0.583291232585907,-0.047106459736824036,1.7385194301605225,-1.9462473599576005,3.930891176905539,2,1,1,0.02,0.08,0.03,0.15,0.9,0.1,-1.2,0.0,0,0,1,0,0.675,0.44
346,3,-1.1799761056900024,0.020491138100624084,1.9891666173934937,3.485628416662095,-0.9259465114822857,2,1,1,0.02,0.08,0.03,0.15,0.9,0.1,-1.2,0.0,0,0,1,0,0.675,0.44
346,4,-0.04847098886966705,-0.07952357828617096,-0.7433438301086426,-0.6270759320835577,4.091630539951753,2,1,1,0.02,0.08,0.03,0.15,0.9,0.1,-1.2,0.0,0,0,1,0,0.675,0.44
346,5,-0.08621545881032944,0.40790092945098877,0.7970976829528809,-3.405935237772787,4.334592285040721,2,1,1,0.02,0.08,0.03,0.15,0.9,0.1,-1.2,0.0,0,0,1,0,0.675,0.44
346,6,0.9054175615310669,0.4162110984325409,-2.5759148597717285,2.272768954827752,1.84410225858478,2,1,1,0.02,0.08,0.03,0.15,0.9,0.1,-1.2,0.0,0,0,1,0,0.675,0.44
346,7,-0.5948726534843445,0.1656368225812912,-2.718538522720337,3.2418736726842963,0.8114282194369716,2,1,1,0.02,0.08,0.03,0.15,0.9,0.1,-1.2,0.0,0,0,1,0,0.675,0.44
347,0,0.391592413187027,0.42005541920661926,1.943373203277588,-5.163907386195269,5.04424006185579,2,1,1,0.02,0.08,0.03,0.15,0.9,0.1,-1.2,0.0,0,0,1,0,0.675,0.44
347,1,-0.7367186546325684,-0.3997318148612976,-0.06988358497619629,3.527232743484727,-1.1144046362437856,0,0,0,0.02,0.08,0.03,0.15,0.9,0.1,-1.2,0.0,0,0,1,0,0.675,0.44
347,2,0.5827150344848633,-0.04480154067277908,1.9005310535430908,-1.9627462059714755,4.066313329384563,2,1,1,0.02,0.08,0.03,0.15,0.9,0.1,-1.2,0.0,0,0,1,0,0.675,0.44
347,3,-1.1805963516235352,0.022413834929466248,1.7749062776565552,1.1952168057920964,1.7418300604176422,2,1,1,0.02,0.08,0.03,0.15,0.9,0.1,-1.2,0.0,0,0,1,0,0.675,0.44
347,4,-0.046016596257686615,-0.08137337863445282,-0.5553410649299622,-2.2629767581270928,3.987916342859149,2,1,1,0.02,0.08,0.03,0.15,0.9,0.1,-1.2,0.0,0,0,1,0,0.675,0.44
347,5,-0.08569816499948502,0.4086298942565918,1.114760160446167,-2.5205262416084295,4.301896382142203,2,1,1,0.02,0.08,0.03,0.15,0.9,0.1,-1.2,0.0,0,0,1,0,0.675,0.44
347,6,0.9007830619812012,0.41295868158340454,-2.497844934463501,3.5726600339573142,-1.1247257665088914,2,1,1,0.02,0.08,0.03,0.15,0.9,0.1,-1.2,0.0,0,0,1,0,0.675,0.44
347,7,-0.5988454222679138,0.16410131752490997,-2.8257532119750977,4.303253605351429,-4.290946663497055,2,1,1,0.02,0.08,0.03,0.15,0.9,0.1,-1.2,0.0,0,0,1,0,0.675,0.44
348,0,0.38954973220825195,0.4259280562400818,1.8733450174331665,-6.28,-1.2705279415025015,2,1,1,0.02,0.08,0.03,0.15,0.9,0.1,-1.2,0.0,0,0,1,0,0.675,0.44
348,1,-0.7350099086761475,-0.400023877620697,-0.25163573026657104,3.1322762916242874,-0.33779464988301244,0,0,0,0.02,0.08,0.03,0.15,0.9,0.1,-1.2,0.0,0,0,1,0,0.675,0.44
348,2,0.5818808078765869,-0.042936746031045914,2.1003971099853516,-1.3327673551515473,4.002180986951101,2,1,1,0.02,0.08,0.03,0.15,0.9,0.1,-1.2,0.0,0,0,1,0,0.675,0.44
348,3,-1.1808905601501465,0.025205323472619057,1.5922433137893677,0.8911097540427635,1.9320260322300775,2,1,1,0.02,0.08,0.03,0.15,0.9,0.1,-1.2,0.0,0,0,1,0,0.675,0.44
348,4,-0.0429794080555439,-0.08290432393550873,-0.38628867268562317,-1.3975716284741195,3.8305734503291333,2,1,1,0.02,0.08,0.03,0.15,0.9,0.1,-1.2,0.0,0,0,1,0,0.675,0.44
348,5,-0.08541232347488403,0.4095240831375122,1.4407014846801758,-1.9712724370705037,4.3700897425070115,2,1,1,0.02,0.08,0.03,0.15,0.9,0.1,-1.2,0.0,0,0,1,0,0.675,0.44
348,6,0.897307276725769,0.41028323769569397,-2.498647928237915,4.169515961148598,-2.626779707875055,2,1,1,0.02,0.08,0.03,0.15,0.9,0.1,-1.2,0.0,0,0,1,0,0.675,0.44
348,7,-0.6028020977973938,0.16301119327545166,-2.9150922298431396,-6.28,6.28,2,1,1,0.02,0.08,0.03,0.15,0.9,0.1,-1.2,0.0,0,0,1,0,0.675,0.44
349,0,0.38927361369132996,0.4269760549068451,2.150635242462158,-6.28,-2.5606660708424474,2,1,1,0.02,0.08,0.03,0.15,0.9,0.1,-1.2,0.0,0,0,1,0,0.675,0.44
349,1,-0.7328556180000305,-0.400791198015213,-0.4176351726055145,2.9079428549007322,0.2727237257714883,0,0,0,0.02,0.08,0.03,0.15,0.9,0.1,-1.2,0.0,0,0,1,0,0.675,0.44
349,2,0.5807729363441467,-0.04142995923757553,2.3191256523132324,-1.9655887672175263,4.095035839961895,2,1,1,0.02,0.08,0.03,0.15,0.9,0.1,-1.2,0.0,0,0,1,0,0.675,0.44
349,3,-1.1808640956878662,0.02811100147664547,1.5759507417678833,-0.010231723222413162,2.7329755845462587,2,1,1,0.02,0.08,0.03,0.15,0.9,0.1,-1.2,0.0,0,0,1,0,0.675,0.44
349,4,-0.04099941998720169,-0.08352560549974442,-0.1775207221508026,-1.2592933092509773,3.886046872630489,2,1,1,0.02,0.08,0.03,0.15,0.9,0.1,-1.2,0.0,0,0,1,0,0.675,0.44
349,5,-0.0854422077536583,0.4109002649784088,1.7272634506225586,-1.694015060122166,4.42717802558219,2,1,1,0.02,0.08,0.03,0.15,0.9,0.1,-1.2,0.0,0,0,1,0,0.675,0.44
349,6,0.8950286507606506,0.4087011218070984,-2.6344473361968994,4.352222400008328,-2.7972928574552296,2,1,1,0.02,0.08,0.03,0.15,0.9,0.1,-1.2,0.0,0,0,1,0,0.675,0.44
349,7,-0.6036096215248108,0.16283535957336426,3.1085410118103027,3.807873632100049,-3.4559805041347786,2,1,1,0.02,0.08,0.03,0.15,0.9,0.1,-1.2,0.0,0,0,1,0,0.675,0.44
350,0,0.39310795068740845,0.42242762446403503,2.378241777420044,-6.28,4.4159971906849735,2,1,1,0.02,0.08,0.03,0.15,0.9,0.1,-1.2,0.0,0,0,1,0,0.675,0.44
350,1,-0.7304641604423523,-0.40206727385520935,-0.5475348234176636,3.0407421218697364,0.6321155403701272,0,0,0,0.02,0.08,0.03,0.15,0.9,0.1,-1.2,0.0,0,0,1,0,0.675,0.44
350,2,0.57921302318573,-0.04010090231895447,2.5296013355255127,-1.4402380368272658,3.8553451443836884,2,1,1,0.02,0.08,0.03,0.15,0.9,0.1,-1.2,0.0,0,0,1,0,0.675,0.44
350,3,-1.180910587310791,0.030896974727511406,1.6113433837890625,-0.7554490212355377,3.252739739121507,2,1,1,0.02,0.08,0.03,0.15,0.9,0.1,-1.2,0.0,0,0,1,0,0.675,0.44
350,4,-0.03873533010482788,-0.08368539810180664,0.014391206204891205,-1.8378591471811991,4.102713895430237,2,1,1,0.02,0.08,0.03,0.15,0.9,0.1,-1.2,0.0,0,0,1,0,0.675,0.44
350,5,-0.08598872274160385,0.41288113594055176,1.9811327457427979,-1.4876215178170986,4.306038205355657,2,1,1,0.02,0.08,0.03,0.15,0.9,0.1,-1.2,0.0,0,0,1,0,0.675,0.44
350,6,0.8934494256973267,0.407976359128952,-2.859644889831543,4.359308161278133,-2.0159181400219888,2,1,1,0.02,0.08,0.03,0.15,0.9,0.1,-1.2,0.0,0,0,1,0,0.675,0.44
350,7,-0.603598952293396,0.16286641359329224,-2.873598575592041,-6.28,6.28,2,1,1,0.02,0.08,0.03,0.15,0.9,0.1,-1.2,0.0,0,0,1,0,0.675,0.44
351,0,0.39971086382865906,0.41701048612594604,2.5423367023468018,3.4449599871885512,1.8998101394683862,2,1,1,0.02,0.08,0.03,0.15,0.9,0.1,-1.2,0.0,0,0,1,0,0.675,0.44
351,1,-0.7279093861579895,-0.40382131934165955,-0.6455612182617188,2.66848767509942,1.041174243738242,0,0,0,0.02,0.08,0.03,0.15,0.9,0.1,-1.2,0.0,0,0,1,0,0.675,0.44
351,2,0.577448844909668,-0.03911671042442322,2.7453036308288574,-1.3048411325138807,3.712074367937742,2,1,1,0.02,0.08,0.03,0.15,0.9,0.1,-1.2,0.0,0,0,1,0,0.675,0.44
351,3,-1.1810965538024902,0.03348842263221741,1.700940728187561,0.12584246218341824,2.723663711049777,2,1,1,0.02,0.08,0.03,0.15,0.9,0.1,-1.2,0.0,0,0,1,0,0.675,0.44
351,4,-0.036205489188432693,-0.08341232687234879,0.19691979885101318,-1.6616063968069554,4.108182398133512,2,1,1,0.02,0.08,0.03,0.15,0.9,0.1,-1.2,0.0,0,0,1,0,0.675,0.44
351,5,-0.08728577941656113,0.41516056656837463,2.1993823051452637,-1.9697203273687482,4.282622051060447,2,1,1,0.02,0.08,0.03,0.15,0.9,0.1,-1.2,0.0,0,0,1,0,0.675,0.44
351,6,0.891907274723053,0.4076990783214569,-3.1096599102020264,4.597245994622016,-2.1056350677298976,2,1,1,0.02,0.08,0.03,0.15,0.9,0.1,-1.2,0.0,0,0,1,0,0.675,0.44
351,7,-0.6038783192634583,0.16280552744865417,-2.9985105991363525,6.28,-6.28,2,1,1,0.02,0.08,0.03,0.15,0.9,0.1,-1.2,0.0,0,0,1,0,0.675,0.44
352,0,0.4013920724391937,0.41562244296073914,2.8541719913482666,3.962933033920059,1.3681422020670955,2,1,1,0.02,0.08,0.03,0.15,0.9,0.1,-1.2,0.0,0,0,1,0,0.675,0.44
352,1,-0.7251554131507874,-0.40609684586524963,-0.7314631342887878,2.075631363162041,1.4338482159405332,0,0,0,0.02,0.08,0.03,0.15,0.9,0.1,-1.2,0.0,0,0,1,0,0.675,0.44
352,2,0.5755892992019653,-0.038556456565856934,2.95113468170166,-1.3255040142144088,3.767055785308898,2,1,1,0.02,0.08,0.03,0.15,0.9,0.1,-1.2,0.0,0,0,1,0,0.675,0.44
352,3,-1.1815333366394043,0.03580330312252045,1.839830994606018,-0.24941826894206656,3.076521593647735,2,1,1,0.02,0.08,0.03,0.15,0.9,0.1,-1.2,0.0,0,0,1,0,0.675,0.44
352,4,-0.03394285961985588,-0.08274301141500473,0.40114226937294006,-1.5638282878763343,4.095237640894142,2,1,1,0.02,0.08,0.03,0.15,0.9,0.1,-1.2,0.0,0,0,1,0,0.675,0.44
352,5,-0.08915387094020844,0.4172649681568146,2.404578924179077,-2.513008555164404,4.35806298322382,2,1,1,0.02,0.08,0.03,0.15,0.9,0.1,-1.2,0.0,0,0,1,0,0.675,0.44
352,6,0.8899252414703369,0.4079011380672455,2.936366319656372,4.590158533034402,-1.2628385360598422,2,1,1,0.02,0.08,0.03,0.15,0.9,0.1,-1.2,0.0,0,0,1,0,0.675,0.44
352,7,-0.6039438843727112,0.16281239688396454,-2.6872496604919434,-6.28,6.28,2,1,1,0.02,0.08,0.03,0.15,0.9,0.1,-1.2,0.0,0,0,1,0,0.675,0.44
353,0,0.396647185087204,0.41695281863212585,2.8490149974823,3.354455880092213,1.3250146526979125,2,1,1,0.02,0.08,0.03,0.15,0.9,0.1,-1.2,0.0,0,0,1,0,0.675,0.44
353,1,-0.722489595413208,-0.40866225957870483,-0.7938902974128723,1.5061902935316458,1.7389148260101759,0,0,0,0.02,0.08,0.03,0.15,0.9,0.1,-1.2,0.0,0,0,1,0,0.675,0.44
353,2,0.5734474062919617,-0.03836176544427872,3.1379125118255615,-0.796605210537594,3.6478318402708925,2,1,1,0.02,0.08,0.03,0.15,0.9,0.1,-1.2,0.0,0,0,1,0,0.675,0.44
353,3,-1.1823512315750122,0.03817763179540634,1.950640082359314,0.5137800068959484,2.587208891834123,2,1,1,0.02,0.08,0.03,0.15,0.9,0.1,-1.2,0.0,0,0,1,0,0.675,0.44
353,4,-0.03180089220404625,-0.08158210664987564,0.6057313084602356,-0.7031139167646794,3.88100223888575,2,1,1,0.02,0.08,0.03,0.15,0.9,0.1,-1.2,0.0,0,0,1,0,0.675,0.44
353,5,-0.09109491854906082,0.4187155067920685,2.620788812637329,-2.4197812135492276,4.5354546499348,2,1,1,0.02,0.08,0.03,0.15,0.9,0.1,-1.2,0.0,0,0,1,0,0.675,0.44
353,6,0.8875569701194763,0.4086858332157135,2.7012741565704346,4.378088245703681,-0.2362116730862871,2,1,1,0.02,0.08,0.03,0.15,0.9,0.1,-1.2,0.0,0,0,1,0,0.675,0.44
353,7,-0.603949248790741,0.1628875732421875,-2.9697675704956055,6.28,-6.28,2,1,1,0.02,0.08,0.03,0.15,0.9,0.1,-1.2,0.0,0,0,1,0,0.675,0.44
354,0,0.39156845211982727,0.41870662569999695,2.76287841796875,1.624253864509857,1.9650920593991348,2,1,1,0.02,0.08,0.03,0.15,0.9,0.1,-1.2,0.0,0,0,1,0,0.675,0.44
354,1,-0.7200532555580139,-0.41123777627944946,-0.8232001066207886,1.5079593649327,1.6521756512830945,0,0,0,0.02,0.08,0.03,0.15,0.9,0.1,-1.2,0.0,0,0,1,0,0.675,0.44
354,2,0.5710700750350952,-0.03857477009296417,-2.965648889541626,-0.7721019859429622,3.645639865998718,2,1,1,0.02,0.08,0.03,0.15,0.9,0.1,-1.2,0.0,0,0,1,0,0.675,0.44
354,3,-1.1834473609924316,0.040511928498744965,2.071383237838745,-0.1345169691772773,3.1097758422013184,2,1,1,0.02,0.08,0.03,0.15,0.9,0.1,-1.2,0.0,0,0,1,0,0.675,0.44
354,4,-0.02984044700860977,-0.07992364466190338,0.8068568706512451,-0.4212441055529589,3.712171579172309,2,1,1,0.02,0.08,0.03,0.15,0.9,0.1,-1.2,0.0,0,0,1,0,0.675,0.44
354,5,-0.0928739458322525,0.4195076823234558,2.858072280883789,-1.412050544191054,4.769042520521971,2,1,1,0.02,0.08,0.03,0.15,0.9,0.1,-1.2,0.0,0,0,1,0,0.675,0.44
354,6,0.8849340081214905,0.4103113114833832,2.486454963684082,4.02491788348726,0.5519689650178113,2,1,1,0.02,0.08,0.03,0.15,0.9,0.1,-1.2,0.0,0,0,1,0,0.675,0.44
354,7,-0.6039505004882812,0.1629372090101242,-2.6962075233459473,-6.28,6.016352361478699,2,1,1,0.02,0.08,0.03,0.15,0.9,0.1,-1.2,0.0,0,0,1,0,0.675,0.44
355,0,0.38717132806777954,0.4206608235836029,2.6872336864471436,-2.7028374479795603,4.148729687781946,2,1,1,0.02,0.08,0.03,0.15,0.9,0.1,-1.2,0.0,0,0,1,0,0.675,0.44
355,1,-0.7178238034248352,-0.41366326808929443,-0.8210129141807556,-0.6044226025099075,2.6542079495158855,0,0,0,0.02,0.08,0.03,0.15,0.9,0.1,-1.2,0.0,0,0,1,0,0.675,0.44
355,2,0.5684524774551392,-0.039284177124500275,-2.8033392429351807,-3.023999019529809,3.9831864920673405,2,1,1,0.02,0.08,0.03,0.15,0.9,0.1,-1.2,0.0,0,0,1,0,0.675,0.44
355,3,-1.184928297996521,0.042923036962747574,2.160600423812866,0.7135442749038249,2.541240749551769,2,1,1,0.02,0.08,0.03,0.15,0.9,0.1,-1.2,0.0,0,0,1,0,0.675,0.44
355,4,-0.02771810069680214,-0.07729355990886688,0.9894130825996399,-1.4928311157827512,4.085247874189353,2,1,1,0.02,0.08,0.03,0.15,0.9,0.1,-1.2,0.0,0,0,1,0,0.675,0.44
355,5,-0.09491342306137085,0.4198601245880127,3.1021087169647217,0.38367769055680545,5.413811675958646,2,1,1,0.02,0.08,0.03,0.15,0.9,0.1,-1.2,0.0,0,0,1,0,0.675,0.44
355,6,0.8820745944976807,0.41296225786209106,2.3132259845733643,3.1890007836452128,1.1029350927196968,2,1,1,0.02,0.08,0.03,0.15,0.9,0.1,-1.2,0.0,0,0,1,0,0.675,0.44
355,7,-0.6039520502090454,0.16302117705345154,-2.98095965385437,-6.28,6.28,2,1,1,0.02,0.08,0.03,0.15,0.9,0.1,-1.2,0.0,0,0,1,0,0.675,0.44
356,0,0.3837859332561493,0.4223783016204834,2.6828975677490234,-5.408743331616185,4.312767852709631,2,1,1,0.02,0.08,0.03,0.15,0.9,0.1,-1.2,0.0,0,0,1,0,0.675,0.44
356,1,-0.7156549692153931,-0.41598275303840637,-0.8152216672897339,-4.004489276682126,4.328651064622103,0,0,0,0.02,0.08,0.03,0.15,0.9,0.1,-1.2,0.0,0,0,1,0,0.675,0.44
356,2,0.5658360123634338,-0.04044438898563385,-2.648059844970703,-2.360685304945841,3.7143820896872097,2,1,1,0.02,0.08,0.03,0.15,0.9,0.1,-1.2,0.0,0,0,1,0,0.675,0.44
356,3,-1.186587929725647,0.04516249895095825,2.273869037628174,1.50860720824536,1.8085924688328179,2,1,1,0.02,0.08,0.03,0.15,0.9,0.1,-1.2,0.0,0,0,1,0,0.675,0.44
356,4,-0.025996925309300423,-0.07416500151157379,1.1477922201156616,-2.0045564518582824,4.231905160841923,2,1,1,0.02,0.08,0.03,0.15,0.9,0.1,-1.2,0.0,0,0,1,0,0.675,0.44
356,5,-0.0977872759103775,0.4196138083934784,-2.9503462314605713,1.8707535748558008,5.776307644235186,2,1,1,0.02,0.08,0.03,0.15,0.9,0.1,-1.2,0.0,0,0,1,0,0.675,0.44
356,6,0.8792785406112671,0.41646283864974976,2.183910608291626,1.1051821593106754,1.4825194256097718,2,1,1,0.02,0.08,0.03,0.15,0.9,0.1,-1.2,0.0,0,0,1,0,0.675,0.44
356,7,-0.60379558801651,0.16310109198093414,-2.714379072189331,-6.28,5.6030365297336795,2,1,1,0.02,0.08,0.03,0.15,0.9,0.1,-1.2,0.0,0,0,1,0,0.675,0.44
357,0,0.38207316398620605,0.42313283681869507,2.8787295818328857,-6.28,3.272387364421768,2,1,1,0.02,0.08,0.03,0.15,0.9,0.1,-1.2,0.0,0,0,1,0,0.675,0.44
357,1,-0.7140566110610962,-0.4175986051559448,-0.722588300704956,-4.765925427042013,4.517153505522418,0,0,0,0.02,0.08,0.03,0.15,0.9,0.1,-1.2,0.0,0,0,1,0,0.675,0.44
357,2,0.5647006630897522,-0.04116865247488022,-2.4194345474243164,-2.333075886159678,3.855030613555989,2,1,1,0.02,0.08,0.03,0.15,0.9,0.1,-1.2,0.0,0,0,1,0,0.675,0.44
357,3,-1.1886343955993652,0.04735815152525902,2.3549089431762695,1.1098731038241634,2.248611681184144,2,1,1,0.02,0.08,0.03,0.15,0.9,0.1,-1.2,0.0,0,0,1,0,0.675,0.44
357,4,-0.025076905265450478,-0.07159171998500824,1.3332982063293457,-1.9344600970004129,4.224630349323564,2,1,1,0.02,0.08,0.03,0.15,0.9,0.1,-1.2,0.0,0,0,1,0,0.675,0.44
357,5,-0.10268283635377884,0.4181269109249115,-2.75852108001709,2.694416940731193,5.02751590425902,2,1,1,0.02,0.08,0.03,0.15,0.9,0.1,-1.2,0.0,0,0,1,0,0.675,0.44
357,6,0.8769489526748657,0.4201193153858185,2.101494312286377,-6.28,5.447046303003727,2,1,1,0.02,0.08,0.03,0.15,0.9,0.1,-1.2,0.0,0,0,1,0,0.675,0.44
357,7,-0.6037476062774658,0.16312724351882935,-2.5353376865386963,-5.433130311509615,4.977195972023979,2,1,1,0.02,0.08,0.03,0.15,0.9,0.1,-1.2,0.0,0,0,1,0,0.675,0.44
358,0,0.38267454504966736,0.42312943935394287,-3.0800015926361084,-2.976390423612953,5.258094015512567,2,1,1,0.02,0.08,0.03,0.15,0.9,0.1,-1.2,0.0,0,0,1,0,0.675,0.44
358,1,-0.7135289907455444,-0.4180140197277069,-0.4640425145626068,-3.886790927039628,4.396410208791718,0,0,0,0.02,0.08,0.03,0.15,0.9,0.1,-1.2,0.0,0,0,1,0,0.675,0.44
358,2,0.5638532042503357,-0.04212788864970207,-2.1986448764801025,-2.8166438099969993,4.158100536422385,2,1,1,0.02,0.08,0.03,0.15,0.9,0.1,-1.2,0.0,0,0,1,0,0.675,0.44
358,3,-1.1909734010696411,0.04960975423455238,2.377925157546997,0.7113234546865833,2.5619994236577353,2,1,1,0.02,0.08,0.03,0.15,0.9,0.1,-1.2,0.0,0,0,1,0,0.675,0.44
358,4,-0.024748455733060837,-0.06930985301733017,1.547917366027832,-1.7829068787914553,4.172537315688735,2,1,1,0.02,0.08,0.03,0.15,0.9,0.1,-1.2,0.0,0,0,1,0,0.675,0.44
358,5,-0.10900811851024628,0.41499999165534973,-2.6039631366729736,2.068986769466291,3.500699235409352,2,1,1,0.02,0.08,0.03,0.15,0.9,0.1,-1.2,0.0,0,0,1,0,0.675,0.44
358,6,0.8755146861076355,0.4226546287536621,2.0981035232543945,-6.28,4.692073980804706,2,1,1,0.02,0.08,0.03,0.15,0.9,0.1,-1.2,0.0,0,0,1,0,0.675,0.44
358,7,-0.6038828492164612,0.16298651695251465,-2.5309293270111084,-5.133094187478374,4.802381158907366,2,1,1,0.02,0.08,0.03,0.15,0.9,0.1,-1.2,0.0,0,0,1,0,0.675,0.44
359,0,0.38469013571739197,0.4236648678779602,-2.7047598361968994,1.9090368179870685,6.28,2,1,1,0.02,0.08,0.03,0.15,0.9,0.1,-1.2,0.0,0,0,1,0,0.675,0.44
359,1,-0.7136785984039307,-0.41795891523361206,-0.13998782634735107,-2.5433751908036983,4.332515029277675,0,0,0,0.02,0.08,0.03,0.15,0.9,0.1,-1.2,0.0,0,0,1,0,0.675,0.44
359,2,0.5630977153778076,-0.04342437535524368,-1.9818642139434814,-2.8135469787451983,4.2359714529197445,2,1,1,0.02,0.08,0.03,0.15,0.9,0.1,-1.2,0.0,0,0,1,0,0.675,0.44
359,3,-1.1933706998825073,0.05183618143200874,2.4145963191986084,1.2359834269738978,2.094496642477982,2,1,1,0.02,0.08,0.03,0.15,0.9,0.1,-1.2,0.0,0,0,1,0,0.675,0.44
359,4,-0.024931687861680984,-0.06707467138767242,1.7676125764846802,-1.8756731307881254,4.126183406152049,2,1,1,0.02,0.08,0.03,0.15,0.9,0.1,-1.2,0.0,0,0,1,0,0.675,0.44
359,5,-0.11540932208299637,0.41073521971702576,-2.506439208984375,1.012585332615721,1.9074757398360813,2,1,1,0.02,0.08,0.03,0.15,0.9,0.1,-1.2,0.0,0,0,1,0,0.675,0.44
359,6,0.8755479454994202,0.42272448539733887,2.4419901371002197,-5.645306041114624,4.311576426194194,2,1,1,0.02,0.08,0.03,0.15,0.9,0.1,-1.2,0.0,0,0,1,0,0.675,0.44
359,7,-0.6039506793022156,0.16291838884353638,-2.1350953578948975,-3.549480129653804,4.023613825431336,2,1,1,0.02,0.08,0.03,0.15,0.9,0.1,-1.2,0.0,0,0,1,0,0.675,0.44
360,0,0.38351356983184814,0.4228534400463104,-2.364530086517334,3.0110633392980937,6.28,2,1,1,0.02,0.08,0.03,0.15,0.9,0.1,-1.2,0.0,0,0,1,0,0.675,0.44
360,1,-0.7137908339500427,-0.41792434453964233,0.1951351910829544,-1.3883954313014772,4.430167507717339,0,0,0,0.02,0.08,0.03,0.15,0.9,0.1,-1.2,0.0,0,0,1,0,0.675,0.44
360,2,0.56266850233078,-0.044743046164512634,-1.7420549392700195,-3.42151408378881,4.377487112925468,2,1,1,0.02,0.08,0.03,0.15,0.9,0.1,-1.2,0.0,0,0,1,0,0.675,0.44
360,3,-1.1957719326019287,0.05385848879814148,2.479846715927124,-6.28,4.739472219754121,2,1,1,0.02,0.08,0.03,0.15,0.9,0.1,-1.2,0.0,0,0,1,0,0.675,0.44
360,4,-0.025633402168750763,-0.06485198438167572,1.9796710014343262,-1.35539001946557,3.9148041873574746,2,1,1,0.02,0.08,0.03,0.15,0.9,0.1,-1.2,0.0,0,0,1,0,0.675,0.44
360,5,-0.1201259195804596,0.40702375769615173,-2.4496915340423584,1.703348295810271,0.0894295335270882,2,1,1,0.02,0.08,0.03,0.15,0.9,0.1,-1.2,0.0,0,0,1,0,0.675,0.44
360,6,0.8765032887458801,0.42226266860961914,2.868187189102173,-3.202469178165778,4.689078045242863,2,1,1,0.02,0.08,0.03,0.15,0.9,0.1,-1.2,0.0,0,0,1,0,0.675,0.44
360,7,-0.6042296290397644,0.16146424412727356,-1.8125466108322144,0.318099083768971,1.1381783215900763,2,1,1,0.02,0.08,0.03,0.15,0.9,0.1,-1.2,0.0,0,0,1,0,0.675,0.44
361,0,0.379151314496994,0.41738197207450867,-2.1523337364196777,2.8802631629793454,-0.6606095045113984,2,1,1,0.02,0.08,0.03,0.15,0.9,0.1,-1.2,0.0,0,0,1,0,0.675,0.44
361,1,-0.712407112121582,-0.4174089729785919,0.49614518880844116,-0.10283905477326827,4.122411621055791,0,0,0,0.02,0.08,0.03,0.15,0.9,0.1,-1.2,0.0,0,0,1,0,0.675,0.44
361,2,0.5625739097595215,-0.04615039378404617,-1.4946757555007935,-2.7269417329365746,4.309400035559204,2,1,1,0.02,0.08,0.03,0.15,0.9,0.1,-1.2,0.0,0,0,1,0,0.675,0.44
361,3,-1.198359489440918,0.055774491280317307,2.520400047302246,-6.28,4.59080973545019,2,1,1,0.02,0.08,0.03,0.15,0.9,0.1,-1.2,0.0,0,0,1,0,0.675,0.44
361,4,-0.026746362447738647,-0.0628841444849968,2.190768003463745,-1.5970016030681682,3.8825104760711575,2,1,1,0.02,0.08,0.03,0.15,0.9,0.1,-1.2,0.0,0,0,1,0,0.675,0.44
361,5,-0.12273771315813065,0.40476733446121216,-2.4144954681396484,1.3943572390921872,-0.40227449650293984,2,1,1,0.02,0.08,0.03,0.15,0.9,0.1,-1.2,0.0,0,0,1,0,0.675,0.44
361,6,0.8737469911575317,0.4227299392223358,3.077288866043091,-2.081678560765883,5.020713920196933,2,1,1,0.02,0.08,0.03,0.15,0.9,0.1,-1.2,0.0,0,0,1,0,0.675,0.44
361,7,-0.6042815446853638,0.1608128696680069,-1.5020835399627686,-1.7285737408500468,2.279255139766589,2,1,1,0.02,0.08,0.03,0.15,0.9,0.1,-1.2,0.0,0,0,1,0,0.675,0.44
362,0,0.37481197714805603,0.40968942642211914,-2.017397165298462,4.837722751733076,-6.28,2,1,1,0.02,0.08,0.03,0.15,0.9,0.1,-1.2,0.0,0,0,1,0,0.675,0.44
362,1,-0.710282564163208,-0.4156826436519623,0.7314642667770386,0.8362638473272143,2.6624830387741523,0,0,0,0.02,0.08,0.03,0.15,0.9,0.1,-1.2,0.0,0,0,1,0,0.675,0.44
362,2,0.5627796053886414,-0.04732675850391388,-1.2201299667358398,-1.9898773963731058,4.188918432312574,2,1,1,0.02,0.08,0.03,0.15,0.9,0.1,-1.2,0.0,0,0,1,0,0.675,0.44
362,3,-1.1978286504745483,0.055571477860212326,2.8619637489318848,-6.28,4.396580547717287,2,1,1,0.02,0.08,0.03,0.15,0.9,0.1,-1.2,0.0,0,0,1,0,0.675,0.44
362,4,-0.02838951162993908,-0.061014242470264435,2.381075620651245,-1.5309466384332833,3.7545727951891608,2,1,1,0.02,0.08,0.03,0.15,0.9,0.1,-1.2,0.0,0,0,1,0,0.675,0.44
362,5,-0.12424206733703613,0.40343403816223145,-2.453962564468384,3.0135321970086,-1.68366952345246,2,1,1,0.02,0.08,0.03,0.15,0.9,0.1,-1.2,0.0,0,0,1,0,0.675,0.44
362,6,0.8712887763977051,0.42275530099868774,-2.933647632598877,-0.2730981287060976,5.138919230316192,2,1,1,0.02,0.08,0.03,0.15,0.9,0.1,-1.2,0.0,0,0,1,0,0.675,0.44
362,7,-0.6041104793548584,0.15955644845962524,-1.4177744388580322,0.2719621286201849,0.5805834204108533,2,1,1,0.02,0.08,0.03,0.15,0.9,0.1,-1.2,0.0,0,0,1,0,0.675,0.44
363,0,0.37332165241241455,0.40650075674057007,-2.094774007797241,4.795031028659255,-6.28,2,1,1,0.02,0.08,0.03,0.15,0.9,0.1,-1.2,0.0,0,0,1,0,0.675,0.44
363,1,-0.7077233791351318,-0.412946492433548,0.892033040523529,1.6732949188106714,0.42924717927428896,0,0,0,0.02,0.08,0.03,0.15,0.9,0.1,-1.2,0.0,0,0,1,0,0.675,0.44
363,2,0.5634600520133972,-0.048629920929670334,-0.9658578038215637,-0.32217109206595096,3.703899465637775,2,1,1,0.02,0.08,0.03,0.15,0.9,0.1,-1.2,0.0,0,0,1,0,0.675,0.44
363,3,-1.196893334388733,0.0555293895304203,-3.0045650005340576,-4.360338018793286,4.475244791184241,2,1,1,0.02,0.08,0.03,0.15,0.9,0.1,-1.2,0.0,0,0,1,0,0.675,0.44
363,4,-0.03022942878305912,-0.059572212398052216,2.572021484375,-1.9638021117590843,3.8417151483276997,2,1,1,0.02,0.08,0.03,0.15,0.9,0.1,-1.2,0.0,0,0,1,0,0.675,0.44
363,5,-0.12514489889144897,0.40272068977355957,-2.515929937362671,2.7312217024828063,-1.4598131556452383,2,1,1,0.02,0.08,0.03,0.15,0.9,0.1,-1.2,0.0,0,0,1,0,0.675,0.44
363,6,0.8689672946929932,0.4217471182346344,-2.634110689163208,1.5203419831369307,4.342680627010486,2,1,1,0.02,0.08,0.03,0.15,0.9,0.1,-1.2,0.0,0,0,1,0,0.675,0.44
363,7,-0.6039776802062988,0.15883980691432953,-1.3011512756347656,-3.9152387874072625,4.013316814038319,2,1,1,0.02,0.08,0.03,0.15,0.9,0.1,-1.2,0.0,0,0,1,0,0.675,0.44
364,0,0.373720645904541,0.4068886935710907,-2.4440419673919678,4.463681469662838,-4.640054581120795,2,1,1,0.02,0.08,0.03,0.15,0.9,0.1,-1.2,0.0,0,0,1,0,0.675,0.44
364,1,-0.7055885791778564,-0.4100288450717926,0.9730057120323181,2.340171823974651,-1.281242422853025,0,0,0,0.02,0.08,0.03,0.15,0.9,0.1,-1.2,0.0,0,0,1,0,0.675,0.44
364,2,0.5648342967033386,-0.050208680331707,-0.7427757382392883,0.06204755023361333,3.548004125722049,2,1,1,0.02,0.08,0.03,0.15,0.9,0.1,-1.2,0.0,0,0,1,0,0.675,0.44
364,3,-1.200025200843811,0.05451120063662529,-2.794203042984009,-2.815131094315608,4.7455361228379065,2,1,1,0.02,0.08,0.03,0.15,0.9,0.1,-1.2,0.0,0,0,1,0,0.675,0.44
364,4,-0.032216113060712814,-0.058547358959913254,2.758975028991699,-2.3193246536268393,3.9252228212999243,2,1,1,0.02,0.08,0.03,0.15,0.9,0.1,-1.2,0.0,0,0,1,0,0.675,0.44
364,5,-0.12621302902698517,0.40204349160194397,-2.660778522491455,3.2844144373327597,-1.290589093039122,2,1,1,0.02,0.08,0.03,0.15,0.9,0.1,-1.2,0.0,0,0,1,0,0.675,0.44
364,6,0.8653320670127869,0.41906803846359253,-2.3913862705230713,2.098376567953582,1.5222993693897657,2,1,1,0.02,0.08,0.03,0.15,0.9,0.1,-1.2,0.0,0,0,1,0,0.675,0.44
364,7,-0.6037452220916748,0.15808641910552979,-1.2649813890457153,-1.1682204201917956,1.5336879673394899,2,1,1,0.02,0.08,0.03,0.15,0.9,0.1,-1.2,0.0,0,0,1,0,0.675,0.44
365,0,0.37337526679039,0.40677133202552795,-2.814974069595337,4.527962079301581,-1.883486319425741,2,1,1,0.02,0.08,0.03,0.15,0.9,0.1,-1.2,0.0,0,0,1,0,0.675,0.44
365,1,-0.7042732834815979,-0.4080662131309509,0.9498264789581299,3.804283827696684,-3.2565967137042886,0,0,0,0.02,0.08,0.03,0.15,0.9,0.1,-1.2,0.0,0,0,1,0,0.675,0.44
365,2,0.5673236846923828,-0.052124205976724625,-0.5871099829673767,-0.06914153781125351,2.4065447166153233,2,1,1,0.02,0.08,0.03,0.15,0.9,0.1,-1.2,0.0,0,0,1,0,0.675,0.44
365,3,-1.202552318572998,0.053554315119981766,-2.544330358505249,-1.141969607563065,5.0158490683157835,2,1,1,0.02,0.08,0.03,0.15,0.9,0.1,-1.2,0.0,0,0,1,0,0.675,0.44
365,4,-0.03408573567867279,-0.057997532188892365,2.959301471710205,-4.511606430816221,4.485208244200607,2,1,1,0.02,0.08,0.03,0.15,0.9,0.1,-1.2,0.0,0,0,1,0,0.675,0.44
365,5,-0.12739920616149902,0.4015342593193054,-2.8118896484375,3.1797134819503414,-0.5486732358022813,2,1,1,0.02,0.08,0.03,0.15,0.9,0.1,-1.2,0.0,0,0,1,0,0.675,0.44
365,6,0.8615321516990662,0.41495171189308167,-2.262531280517578,4.336143631774506,-4.097949305162816,2,1,1,0.02,0.08,0.03,0.15,0.9,0.1,-1.2,0.0,0,0,1,0,0.675,0.44
365,7,-0.6036620140075684,0.15786387026309967,-1.0389786958694458,-3.8890614081475676,3.9706509575273397,2,1,1,0.02,0.08,0.03,0.15,0.9,0.1,-1.2,0.0,0,0,1,0,0.675,0.44
366,0,0.3701295852661133,0.40582388639450073,-3.034662961959839,4.8821884060090355,-0.5762879110509724,2,1,1,0.02,0.08,0.03,0.15,0.9,0.1,-1.2,0.0,0,0,1,0,0.675,0.44
366,1,-0.7035107016563416,-0.4070616662502289,0.8388478755950928,3.780949061576175,-3.227836605446724,0,0,0,0.02,0.08,0.03,0.15,0.9,0.1,-1.2,0.0,0,0,1,0,0.675,0.44
366,2,0.5704063177108765,-0.053906358778476715,-0.4619002044200897,0.7807132305457937,1.8718290106340219,2,1,1,0.02,0.08,0.03,0.15,0.9,0.1,-1.2,0.0,0,0,1,0,0.675,0.44
366,3,-1.2042546272277832,0.051989585161209106,-2.244804620742798,0.810720940792431,5.421294336325545,2,1,1,0.02,0.08,0.03,0.15,0.9,0.1,-1.2,0.0,0,0,1,0,0.675,0.44
366,4,-0.03574569523334503,-0.05786930024623871,-3.1074323654174805,-4.299237867962652,4.405704640160924,2,1,1,0.02,0.08,0.03,0.15,0.9,0.1,-1.2,0.0,0,0,1,0,0.675,0.44
366,5,-0.12919734418392181,0.401077538728714,-2.9700798988342285,3.4459301522636743,0.1010562956565278,2,1,1,0.02,0.08,0.03,0.15,0.9,0.1,-1.2,0.0,0,0,1,0,0.675,0.44
366,6,0.8590216040611267,0.4117986261844635,-2.260974645614624,4.714556233338213,-6.28,2,1,1,0.02,0.08,0.03,0.15,0.9,0.1,-1.2,0.0,0,0,1,0,0.675,0.44
366,7,-0.6034859418869019,0.1576225310564041,-0.903143048286438,-5.918144412328031,5.438628341173373,2,1,1,0.02,0.08,0.03,0.15,0.9,0.1,-1.2,0.0,0,0,1,0,0.675,0.44
367,0,0.36765173077583313,0.4058900475502014,2.9765167236328125,5.1691072984832624,0.7149443723852767,2,1,1,0.02,0.08,0.03,0.15,0.9,0.1,-1.2,0.0,0,0,1,0,0.675,0.44
367,1,-0.7030466794967651,-0.4065948724746704,0.613839328289032,4.1105263564500945,-3.3738404180464463,0,0,0,0.02,0.08,0.03,0.15,0.9,0.1,-1.2,0.0,0,0,1,0,0.675,0.44
367,2,0.5727707743644714,-0.054949887096881866,-0.3685932457447052,0.24039122386393766,2.1840767600169104,2,1,1,0.02,0.08,0.03,0.15,0.9,0.1,-1.2,0.0,0,0,1,0,0.675,0.44
367,3,-1.2063645124435425,0.04852252081036568,-1.9960377216339111,1.041874647147952,0.17736534434144285,2,1,1,0.02,0.08,0.03,0.15,0.9,0.1,-1.2,0.0,0,0,1,0,0.675,0.44
367,4,-0.03614223748445511,-0.0578954853117466,-2.805009126663208,-3.0015779331575514,4.0174459467644,2,1,1,0.02,0.08,0.03,0.15,0.9,0.1,-1.2,0.0,0,0,1,0,0.675,0.44
367,5,-0.1316947489976883,0.4008295238018036,-3.1069328784942627,3.3715076552211114,0.6529268994486359,2,1,1,0.02,0.08,0.03,0.15,0.9,0.1,-1.2,0.0,0,0,1,0,0.675,0.44
367,6,0.8584466576576233,0.4111173450946808,-2.504359245300293,4.4844528998372155,-4.642138389351047,2,1,1,0.02,0.08,0.03,0.15,0.9,0.1,-1.2,0.0,0,0,1,0,0.675,0.44
367,7,-0.6033821105957031,0.15754465758800507,-0.6621734499931335,-6.224276109199867,5.377162118871449,2,1,1,0.02,0.08,0.03,0.15,0.9,0.1,-1.2,0.0,0,0,1,0,0.675,0.44
368,0,0.3639031648635864,0.40693292021751404,2.7595677375793457,5.2384648618879925,1.2320989601341747,2,1,1,0.02,0.08,0.03,0.15,0.9,0.1,-1.2,0.0,0,0,1,0,0.675,0.44
368,1,-0.7025613784790039,-0.40630394220352173,0.36562401056289673,4.22545134147176,-3.1559925207475996,0,0,0,0.02,0.08,0.03,0.15,0.9,0.1,-1.2,0.0,0,0,1,0,0.675,0.44
368,2,0.5752100944519043,-0.055804815143346786,-0.3209300637245178,-0.516960277333483,2.6485160786434756,2,1,1,0.02,0.08,0.03,0.15,0.9,0.1,-1.2,0.0,0,0,1,0,0.675,0.44
368,3,-1.2083046436309814,0.04302529618144035,-1.8174216747283936,0.9918872721460933,0.41884121409805297,2,1,1,0.02,0.08,0.03,0.15,0.9,0.1,-1.2,0.0,0,0,1,0,0.675,0.44
368,4,-0.03628986328840256,-0.057968996465206146,-2.451845645904541,-1.7553140382091337,3.8257514973932425,2,1,1,0.02,0.08,0.03,0.15,0.9,0.1,-1.2,0.0,0,0,1,0,0.675,0.44
368,5,-0.1350608617067337,0.4009248912334442,3.056257963180542,3.2138608229276455,1.021549642391985,2,1,1,0.02,0.08,0.03,0.15,0.9,0.1,-1.2,0.0,0,0,1,0,0.675,0.44
368,6,0.859370768070221,0.41150566935539246,-2.8857462406158447,4.500293007426541,-3.2666304935277446,2,1,1,0.02,0.08,0.03,0.15,0.9,0.1,-1.2,0.0,0,0,1,0,0.675,0.44
368,7,-0.6038571000099182,0.15778833627700806,-0.2738972306251526,-5.6308165679015465,4.918703885734982,2,1,1,0.02,0.08,0.03,0.15,0.9,0.1,-1.2,0.0,0,0,1,0,0.675,0.44
369,0,0.35910362005233765,0.40937694907188416,2.5906484127044678,5.100719408376096,1.1267315599895782,2,1,1,0.02,0.08,0.03,0.15,0.9,0.1,-1.2,0.0,0,0,1,0,0.675,0.44
369,1,-0.7018757462501526,-0.4061262011528015,0.10500206798315048,4.107006633093134,-2.1935199518650026,0,0,0,0.02,0.08,0.03,0.15,0.9,0.1,-1.2,0.0,0,0,1,0,0.675,0.44
369,2,0.5775737166404724,-0.056516267359256744,-0.2588174641132355,-0.5788510016563895,2.606575975345164,2,1,1,0.02,0.08,0.03,0.15,0.9,0.1,-1.2,0.0,0,0,1,0,0.675,0.44
369,3,-1.208760380744934,0.04089051112532616,-1.811617136001587,1.7670869380804797,-0.703991092315278,2,1,1,0.02,0.08,0.03,0.15,0.9,0.1,-1.2,0.0,0,0,1,0,0.675,0.44
369,4,-0.03697388246655464,-0.058741454035043716,-2.1474316120147705,-1.3381003149824366,3.8447115977620014,2,1,1,0.02,0.08,0.03,0.15,0.9,0.1,-1.2,0.0,0,0,1,0,0.675,0.44
369,5,-0.13894401490688324,0.4014680087566376,2.956082344055176,2.827261579442899,1.2464983046229279,2,1,1,0.02,0.08,0.03,0.15,0.9,0.1,-1.2,0.0,0,0,1,0,0.675,0.44
369,6,0.8586500287055969,0.4115239679813385,3.052206039428711,4.667520997683147,-2.0829213005977634,2,1,1,0.02,0.08,0.03,0.15,0.9,0.1,-1.2,0.0,0,0,1,0,0.675,0.44
369,7,-0.6045371294021606,0.15791447460651398,0.06743691861629486,-4.739803644911314,4.556754468575493,2,1,1,0.02,0.08,0.03,0.15,0.9,0.1,-1.2,0.0,0,0,1,0,0.675,0.44
370,0,0.35397279262542725,0.4130626320838928,2.4464070796966553,4.232954434103903,1.1988067058010068,2,1,1,0.02,0.08,0.03,0.15,0.9,0.1,-1.2,0.0,0,0,1,0,0.675,0.44
370,1,-0.7008054852485657,-0.4061485528945923,-0.16085852682590485,4.261491329411452,-1.7961378573981535,0,0,0,0.02,0.08,0.03,0.15,0.9,0.1,-1.2,0.0,0,0,1,0,0.675,0.44
370,2,0.5797128081321716,-0.05698841065168381,-0.15629807114601135,-1.161044960053727,2.9279977911303043,2,1,1,0.02,0.08,0.03,0.15,0.9,0.1,-1.2,0.0,0,0,1,0,0.675,0.44
370,3,-1.2090764045715332,0.03957408666610718,-1.8347690105438232,1.6031671115306914,-0.48630687679048706,2,1,1,0.02,0.08,0.03,0.15,0.9,0.1,-1.2,0.0,0,0,1,0,0.675,0.44
370,4,-0.03783679008483887,-0.060489751398563385,-1.9058433771133423,-1.5064833880492137,3.9475593515936853,2,1,1,0.02,0.08,0.03,0.15,0.9,0.1,-1.2,0.0,0,0,1,0,0.675,0.44
370,5,-0.14302673935890198,0.40241768956184387,2.875542402267456,3.321734016152125,1.203293987071921,2,1,1,0.02,0.08,0.03,0.15,0.9,0.1,-1.2,0.0,0,0,1,0,0.675,0.44
370,6,0.8575519323348999,0.4117586016654968,2.720512628555298,4.671761742357738,-0.6195200267244436,2,1,1,0.02,0.08,0.03,0.15,0.9,0.1,-1.2,0.0,0,0,1,0,0.675,0.44
370,7,-0.6034266352653503,0.15811681747436523,0.15526165068149567,-4.910283964597899,4.608319436356167,2,1,1,0.02,0.08,0.03,0.15,0.9,0.1,-1.2,0.0,0,0,1,0,0.675,0.44
371,0,0.34943321347236633,0.4173869490623474,2.306980609893799,-6.28,4.5565536096101384,2,1,1,0.02,0.08,0.03,0.15,0.9,0.1,-1.2,0.0,0,0,1,0,0.675,0.44
371,1,-0.6992488503456116,-0.4066152274608612,-0.3972724974155426,4.145556406704317,-0.814684081932988,0,0,0,0.02,0.08,0.03,0.15,0.9,0.1,-1.2,0.0,0,0,1,0,0.675,0.44
371,2,0.5817520618438721,-0.057204198092222214,-0.04459799453616142,-2.8257264775131934,3.9493678074782754,2,1,1,0.02,0.08,0.03,0.15,0.9,0.1,-1.2,0.0,0,0,1,0,0.675,0.44
371,3,-1.2093907594680786,0.03849242255091667,-1.9085229635238647,2.014789504075687,-1.0929612357905083,2,1,1,0.02,0.08,0.03,0.15,0.9,0.1,-1.2,0.0,0,0,1,0,0.675,0.44
371,4,-0.03851762413978577,-0.0633125826716423,-1.7043308019638062,-1.0766287786763071,3.59881315254294,2,1,1,0.02,0.08,0.03,0.15,0.9,0.1,-1.2,0.0,0,0,1,0,0.675,0.44
371,5,-0.1469481736421585,0.40362513065338135,2.81592059135437,2.876987669166866,1.2938890774858185,2,1,1,0.02,0.08,0.03,0.15,0.9,0.1,-1.2,0.0,0,0,1,0,0.675,0.44
371,6,0.8557185530662537,0.41310492157936096,2.4330952167510986,4.209923692025101,0.5025322230585546,2,1,1,0.02,0.08,0.03,0.15,0.9,0.1,-1.2,0.0,0,0,1,0,0.675,0.44
371,7,-0.6032114028930664,0.15816116333007812,0.534899890422821,-4.788591760182266,4.505997802165837,2,1,1,0.02,0.08,0.03,0.15,0.9,0.1,-1.2,0.0,0,0,1,0,0.675,0.44
372,0,0.3459145724773407,0.4217572808265686,2.1932127475738525,-6.28,1.711820083120244,2,1,1,0.02,0.08,0.03,0.15,0.9,0.1,-1.2,0.0,0,0,1,0,0.675,0.44
372,1,-0.6971775889396667,-0.4077621400356293,-0.6119465231895447,4.052517083218837,-0.22991085887248303,0,0,0,0.02,0.08,0.03,0.15,0.9,0.1,-1.2,0.0,0,0,1,0,0.675,0.44
372,2,0.5835732817649841,-0.05717635527253151,0.09285026788711548,-3.7199107758635654,4.316214015436825,2,1,1,0.02,0.08,0.03,0.15,0.9,0.1,-1.2,0.0,0,0,1,0,0.675,0.44
372,3,-1.2097914218902588,0.03746410831809044,-1.984695315361023,0.9450001751789228,0.31312656742543504,2,1,1,0.02,0.08,0.03,0.15,0.9,0.1,-1.2,0.0,0,0,1,0,0.675,0.44
372,4,-0.03863196820020676,-0.06628403812646866,-1.497603178024292,-0.4662868566414322,2.9296166611203844,2,1,1,0.02,0.08,0.03,0.15,0.9,0.1,-1.2,0.0,0,0,1,0,0.675,0.44
372,5,-0.15110066533088684,0.40517985820770264,2.7454066276550293,2.3735015488063964,1.3355555831680204,2,1,1,0.02,0.08,0.03,0.15,0.9,0.1,-1.2,0.0,0,0,1,0,0.675,0.44
372,6,0.8530615568161011,0.41578125953674316,2.2048611640930176,3.0522043343356104,0.695769150401186,2,1,1,0.02,0.08,0.03,0.15,0.9,0.1,-1.2,0.0,0,0,1,0,0.675,0.44
372,7,-0.6031007766723633,0.1582109034061432,0.8912820219993591,-3.5304039467642836,4.358944664259464,2,1,1,0.02,0.08,0.03,0.15,0.9,0.1,-1.2,0.0,0,0,1,0,0.675,0.44
373,0,0.34613996744155884,0.42174309492111206,2.4875550270080566,-6.28,2.0645851073088672,2,1,1,0.02,0.08,0.03,0.15,0.9,0.1,-1.2,0.0,0,0,1,0,0.675,0.44
373,1,-0.6948044896125793,-0.4097978472709656,-0.7948268055915833,3.824486392464918,0.012121933455905634,0,0,0,0.02,0.08,0.03,0.15,0.9,0.1,-1.2,0.0,0,0,1,0,0.675,0.44
373,2,0.5848506093025208,-0.05695885047316551,0.31398534774780273,-3.755732598865753,4.358375607556315,2,1,1,0.02,0.08,0.03,0.15,0.9,0.1,-1.2,0.0,0,0,1,0,0.675,0.44
373,3,-1.2102142572402954,0.036604560911655426,-2.0867884159088135,0.030970460921379405,1.417404179003459,2,1,1,0.02,0.08,0.03,0.15,0.9,0.1,-1.2,0.0,0,0,1,0,0.675,0.44
373,4,-0.038173045963048935,-0.0691186934709549,-1.3159289360046387,0.015518873085473318,2.2415813420329647,2,1,1,0.02,0.08,0.03,0.15,0.9,0.1,-1.2,0.0,0,0,1,0,0.675,0.44
373,5,-0.1549607813358307,0.4069381058216095,2.686119794845581,1.4285475947117574,1.2831594428731674,2,1,1,0.02,0.08,0.03,0.15,0.9,0.1,-1.2,0.0,0,0,1,0,0.675,0.44
373,6,0.8505980968475342,0.4195795953273773,2.058422327041626,-3.5264366138002994,3.771151803356982,2,1,1,0.02,0.08,0.03,0.15,0.9,0.1,-1.2,0.0,0,0,1,0,0.675,0.44
373,7,-0.6028547286987305,0.15898555517196655,1.2149468660354614,-3.247167138255562,4.449197252460592,2,1,1,0.02,0.08,0.03,0.15,0.9,0.1,-1.2,0.0,0,0,1,0,0.675,0.44
374,0,0.3491767942905426,0.4202130138874054,2.8227059841156006,-5.692851224804714,4.002078014089771,2,1,1,0.02,0.08,0.03,0.15,0.9,0.1,-1.2,0.0,0,0,1,0,0.675,0.44
374,1,-0.6924110054969788,-0.4126560091972351,-0.9493454694747925,3.667230703013025,-0.9895421783111458,0,0,0,0.02,0.08,0.03,0.15,0.9,0.1,-1.2,0.0,0,0,1,0,0.675,0.44
374,2,0.5855448842048645,-0.056671809405088425,0.5906376242637634,-3.49498672721666,4.328478350618303,2,1,1,0.02,0.08,0.03,0.15,0.9,0.1,-1.2,0.0,0,0,1,0,0.675,0.44
374,3,-1.2108322381973267,0.03559049218893051,-2.126370429992676,0.4463075047747223,0.8453713491526257,2,1,1,0.02,0.08,0.03,0.15,0.9,0.1,-1.2,0.0,0,0,1,0,0.675,0.44
374,4,-0.03736882284283638,-0.07152076065540314,-1.1863869428634644,0.034754716669272746,2.100480284530519,2,1,1,0.02,0.08,0.03,0.15,0.9,0.1,-1.2,0.0,0,0,1,0,0.675,0.44
374,5,-0.15833507478237152,0.4086851477622986,2.645951747894287,1.1177416153446205,1.0198433584094624,2,1,1,0.02,0.08,0.03,0.15,0.9,0.1,-1.2,0.0,0,0,1,0,0.675,0.44
374,6,0.8489186763763428,0.423154354095459,1.9658054113388062,-6.28,4.864832682652769,2,1,1,0.02,0.08,0.03,0.15,0.9,0.1,-1.2,0.0,0,0,1,0,0.675,0.44
374,7,-0.6026507616043091,0.15996524691581726,1.542904257774353,-2.5978492611718154,4.53855178677941,2,1,1,0.02,0.08,0.03,0.15,0.9,0.1,-1.2,0.0,0,0,1,0,0.675,0.44
375,0,0.34759679436683655,0.4207470417022705,2.902230978012085,-5.295429705902015,4.1086310761217035,2,1,1,0.02,0.08,0.03,0.15,0.9,0.1,-1.2,0.0,0,0,1,0,0.675,0.44
375,1,-0.6903958916664124,-0.415917307138443,-1.0859886407852173,3.010054541031699,-1.9832285250392225,0,0,0,0.02,0.08,0.03,0.15,0.9,0.1,-1.2,0.0,0,0,1,0,0.675,0.44
375,2,0.586126446723938,-0.056190986186265945,0.881886899471283,-2.7387831383274857,4.224814461998827,2,1,1,0.02,0.08,0.03,0.15,0.9,0.1,-1.2,0.0,0,0,1,0,0.675,0.44
375,3,-1.2115657329559326,0.034387629479169846,-2.0918142795562744,-0.38548353199592683,1.9341526638895294,2,1,1,0.02,0.08,0.03,0.15,0.9,0.1,-1.2,0.0,0,0,1,0,0.675,0.44
375,4,-0.036410436034202576,-0.07360173761844635,-1.1007360219955444,0.3639318720913245,1.350063423901088,2,1,1,0.02,0.08,0.03,0.15,0.9,0.1,-1.2,0.0,0,0,1,0,0.675,0.44
375,5,-0.16087883710861206,0.41009604930877686,2.6346874237060547,-0.38633747286811404,1.7533740241052198,2,1,1,0.02,0.08,0.03,0.15,0.9,0.1,-1.2,0.0,0,0,1,0,0.675,0.44
375,6,0.848581850528717,0.42400845885276794,2.156331777572632,-6.28,3.9596782191765327,2,1,1,0.02,0.08,0.03,0.15,0.9,0.1,-1.2,0.0,0,0,1,0,0.675,0.44
375,7,-0.6028017997741699,0.16109445691108704,1.87076735496521,-1.637752465646029,4.653174232020437,2,1,1,0.02,0.08,0.03,0.15,0.9,0.1,-1.2,0.0,0,0,1,0,0.675,0.44
376,0,0.3480958342552185,0.4206811785697937,-3.0971786975860596,-2.4335231674130715,5.369590571079056,2,1,1,0.02,0.08,0.03,0.15,0.9,0.1,-1.2,0.0,0,0,1,0,0.675,0.44
376,1,-0.6892200708389282,-0.4185791313648224,-1.243324875831604,6.28,-6.28,0,0,0,0.02,0.08,0.03,0.15,0.9,0.1,-1.2,0.0,0,0,1,0,0.675,0.44
376,2,0.5867530107498169,-0.055337559431791306,1.1900160312652588,-1.541435453715922,4.033408705108518,2,1,1,0.02,0.08,0.03,0.15,0.9,0.1,-1.2,0.0,0,0,1,0,0.675,0.44
376,3,-1.2122085094451904,0.03323167935013771,-2.0708518028259277,0.423112982802208,0.9261404199452046,2,1,1,0.02,0.08,0.03,0.15,0.9,0.1,-1.2,0.0,0,0,1,0,0.675,0.44
376,4,-0.03536463528871536,-0.07548552751541138,-1.0274993181228638,0.8541516718918702,0.3070558414501411,2,1,1,0.02,0.08,0.03,0.15,0.9,0.1,-1.2,0.0,0,0,1,0,0.675,0.44
376,5,-0.16284285485744476,0.4111959934234619,2.6309852600097656,-1.4098530182656974,2.3949200221833613,2,1,1,0.02,0.08,0.03,0.15,0.9,0.1,-1.2,0.0,0,0,1,0,0.675,0.44
376,6,0.8491021394729614,0.42354872822761536,2.540691614151001,-5.400229980049335,4.254715786125772,2,1,1,0.02,0.08,0.03,0.15,0.9,0.1,-1.2,0.0,0,0,1,0,0.675,0.44
376,7,-0.6036008596420288,0.16272079944610596,2.177316665649414,-0.3283499920345479,4.737928505169653,2,1,1,0.02,0.08,0.03,0.15,0.9,0.1,-1.2,0.0,0,0,1,0,0.675,0.44
377,0,0.3476789593696594,0.4208197295665741,-2.7769999504089355,0.6127268498478284,6.28,2,1,1,0.02,0.08,0.03,0.15,0.9,0.1,-1.2,0.0,0,0,1,0,0.675,0.44
377,1,-0.6888752579689026,-0.41989076137542725,-1.4162613153457642,5.802144394517028,-6.28,0,0,0,0.02,0.08,0.03,0.15,0.9,0.1,-1.2,0.0,0,0,1,0,0.675,0.44
377,2,0.5870444178581238,-0.05410101264715195,1.4894686937332153,-1.3957932148003032,4.088940158846323,2,1,1,0.02,0.08,0.03,0.15,0.9,0.1,-1.2,0.0,0,0,1,0,0.675,0.44
377,3,-1.2128949165344238,0.03189980983734131,-2.0029196739196777,-0.0746858369557882,1.6649962519670665,2,1,1,0.02,0.08,0.03,0.15,0.9,0.1,-1.2,0.0,0,0,1,0,0.675,0.44
377,4,-0.03439860790967941,-0.07699786126613617,-0.9855371117591858,-0.1276975911957712,1.779192543775237,2,1,1,0.02,0.08,0.03,0.15,0.9,0.1,-1.2,0.0,0,0,1,0,0.675,0.44
377,5,-0.16417919099330902,0.4119221568107605,2.6904349327087402,-2.979922790510945,3.542798389179997,2,1,1,0.02,0.08,0.03,0.15,0.9,0.1,-1.2,0.0,0,0,1,0,0.675,0.44
377,6,0.8505915999412537,0.4229033291339874,2.9449541568756104,-2.5865142998574666,4.8775967710439385,2,1,1,0.02,0.08,0.03,0.15,0.9,0.1,-1.2,0.0,0,0,1,0,0.675,0.44
377,7,-0.6055104732513428,0.1647982895374298,2.450061082839966,0.4098647434266054,4.7871826341009935,2,1,1,0.02,0.08,0.03,0.15,0.9,0.1,-1.2,0.0,0,0,1,0,0.675,0.44
378,0,0.3451222777366638,0.4195377826690674,-2.4645042419433594,2.646482628100468,6.28,2,1,1,0.02,0.08,0.03,0.15,0.9,0.1,-1.2,0.0,0,0,1,0,0.675,0.44
378,1,-0.6888404488563538,-0.419880211353302,-1.816380262374878,4.598392616297202,-6.28,0,0,0,0.02,0.08,0.03,0.15,0.9,0.1,-1.2,0.0,0,0,1,0,0.675,0.44
378,2,0.5869485139846802,-0.05217469856142998,1.7206627130508423,-0.9228864320273814,4.012681432752009,2,1,1,0.02,0.08,0.03,0.15,0.9,0.1,-1.2,0.0,0,0,1,0,0.675,0.44
378,3,-1.2134487628936768,0.030625326558947563,-1.972511887550354,-0.38898874485241414,2.1223266749152376,2,1,1,0.02,0.08,0.03,0.15,0.9,0.1,-1.2,0.0,0,0,1,0,0.675,0.44
378,4,-0.03369120880961418,-0.07805085927248001,-0.9941112995147705,-0.7847803020110518,2.653845538776122,2,1,1,0.02,0.08,0.03,0.15,0.9,0.1,-1.2,0.0,0,0,1,0,0.675,0.44
378,5,-0.1651550978422165,0.41234683990478516,2.8124866485595703,-3.46534694189992,3.9602909779068467,2,1,1,0.02,0.08,0.03,0.15,0.9,0.1,-1.2,0.0,0,0,1,0,0.675,0.44
378,6,0.8468807339668274,0.42353355884552,3.1055710315704346,-1.8999905688089582,5.1009035121226205,2,1,1,0.02,0.08,0.03,0.15,0.9,0.1,-1.2,0.0,0,0,1,0,0.675,0.44
378,7,-0.6088215112686157,0.16696478426456451,2.657846450805664,0.3218014022251272,4.728411803264406,2,1,1,0.02,0.08,0.03,0.15,0.9,0.1,-1.2,0.0,0,0,1,0,0.675,0.44
379,0,0.3410895764827728,0.41528236865997314,-2.219362258911133,1.8447594143356074,5.5184792730367,2,1,1,0.02,0.08,0.03,0.15,0.9,0.1,-1.2,0.0,0,0,1,0,0.675,0.44
379,1,-0.688779354095459,-0.41968125104904175,-2.097215175628662,4.296815950600341,-6.28,0,0,0,0.02,0.08,0.03,0.15,0.9,0.1,-1.2,0.0,0,0,1,0,0.675,0.44
379,2,0.5863929390907288,-0.05006268620491028,1.9291660785675049,-1.4008916669563016,4.044233506269809,2,1,1,0.02,0.08,0.03,0.15,0.9,0.1,-1.2,0.0,0,0,1,0,0.675,0.44
379,3,-1.214021921157837,0.029192578047513962,-1.9201456308364868,0.651864635946934,0.7796649191106537,2,1,1,0.02,0.08,0.03,0.15,0.9,0.1,-1.2,0.0,0,0,1,0,0.675,0.44
379,4,-0.032822150737047195,-0.0793379545211792,-0.9444536566734314,-0.4400263357570126,1.9466524431621564,2,1,1,0.02,0.08,0.03,0.15,0.9,0.1,-1.2,0.0,0,0,1,0,0.675,0.44
379,5,-0.1657845377922058,0.4125237762928009,3.0232462882995605,-1.9491811871278546,3.3815531757855557,2,1,1,0.02,0.08,0.03,0.15,0.9,0.1,-1.2,0.0,0,0,1,0,0.675,0.44
379,6,0.8443088531494141,0.4234007000923157,-2.905867576599121,0.27962614239295175,5.510091289451064,2,1,1,0.02,0.08,0.03,0.15,0.9,0.1,-1.2,0.0,0,0,1,0,0.675,0.44
379,7,-0.6133565902709961,0.16888771951198578,2.8190057277679443,1.3191950979887204,4.540870852684073,2,1,1,0.02,0.08,0.03,0.15,0.9,0.1,-1.2,0.0,0,0,1,0,0.675,0.44
380,0,0.3366171419620514,0.40817639231681824,-2.0556929111480713,4.897779480493839,-5.719548301532455,2,1,1,0.02,0.08,0.03,0.15,0.9,0.1,-1.2,0.0,0,0,1,0,0.675,0.44
380,1,-0.6891737580299377,-0.4205731451511383,-2.206972360610962,3.687954486436193,-6.28,0,0,0,0.02,0.08,0.03,0.15,0.9,0.1,-1.2,0.0,0,0,1,0,0.675,0.44
380,2,0.585172712802887,-0.04758515581488609,2.11417818069458,-1.468646738956449,3.967597118086841,2,1,1,0.02,0.08,0.03,0.15,0.9,0.1,-1.2,0.0,0,0,1,0,0.675,0.44
380,3,-1.2145427465438843,0.02756619080901146,-1.837382435798645,0.6590376278885146,0.8771706603708653,2,1,1,0.02,0.08,0.03,0.15,0.9,0.1,-1.2,0.0,0,0,1,0,0.675,0.44
380,4,-0.03167698159813881,-0.08076298236846924,-0.8343778848648071,0.015267350193178333,1.1427186541809704,2,1,1,0.02,0.08,0.03,0.15,0.9,0.1,-1.2,0.0,0,0,1,0,0.675,0.44
380,5,-0.1662997007369995,0.4125451445579529,-3.0022482872009277,-1.6678646342526442,3.541160733001319,2,1,1,0.02,0.08,0.03,0.15,0.9,0.1,-1.2,0.0,0,0,1,0,0.675,0.44
380,6,0.8415979743003845,0.4222317636013031,-2.6102194786071777,2.0410952922749406,4.815975143404839,2,1,1,0.02,0.08,0.03,0.15,0.9,0.1,-1.2,0.0,0,0,1,0,0.675,0.44
380,7,-0.6182605028152466,0.1701360046863556,2.9733853340148926,1.9192798694612558,4.240323337761183,2,1,1,0.02,0.08,0.03,0.15,0.9,0.1,-1.2,0.0,0,0,1,0,0.675,0.44
381,0,0.33356526494026184,0.40140649676322937,-1.9204187393188477,5.639469694717891,-6.28,2,1,1,0.02,0.08,0.03,0.15,0.9,0.1,-1.2,0.0,0,0,1,0,0.675,0.44
381,1,-0.688565194606781,-0.42031925916671753,-2.548534870147705,4.166266352057201,-5.996767844489963,0,0,0,0.02,0.08,0.03,0.15,0.9,0.1,-1.2,0.0,0,0,1,0,0.675,0.44
381,2,0.5835608243942261,-0.04538222402334213,2.3014094829559326,-2.046653611401159,4.038516178554482,2,1,1,0.02,0.08,0.03,0.15,0.9,0.1,-1.2,0.0,0,0,1,0,0.675,0.44
381,3,-1.2149035930633545,0.026118356734514236,-1.8161882162094116,1.0693832718505214,0.29643601429474614,2,1,1,0.02,0.08,0.03,0.15,0.9,0.1,-1.2,0.0,0,0,1,0,0.675,0.44
381,4,-0.030559832230210304,-0.08188197761774063,-0.7430949211120605,-0.2961130962359063,2.2428319455082213,2,1,1,0.02,0.08,0.03,0.15,0.9,0.1,-1.2,0.0,0,0,1,0,0.675,0.44
381,5,-0.1674005389213562,0.4122438430786133,-2.7935965061187744,-1.3625390058517495,3.533439718457114,2,1,1,0.02,0.08,0.03,0.15,0.9,0.1,-1.2,0.0,0,0,1,0,0.675,0.44
381,6,0.8375041484832764,0.4190872013568878,-2.3802902698516846,2.0734685807833078,1.5849340193474348,2,1,1,0.02,0.08,0.03,0.15,0.9,0.1,-1.2,0.0,0,0,1,0,0.675,0.44
381,7,-0.6238289475440979,0.1707056760787964,3.0978400707244873,2.246619341499422,3.908228596919356,2,1,1,0.02,0.08,0.03,0.15,0.9,0.1,-1.2,0.0,0,0,1,0,0.675,0.44
382,0,0.33342015743255615,0.40060627460479736,-2.1983065605163574,4.589743209921916,-5.499070844764263,2,1,1,0.02,0.08,0.03,0.15,0.9,0.1,-1.2,0.0,0,0,1,0,0.675,0.44
382,1,-0.6915647983551025,-0.4222833216190338,-2.6908204555511475,3.7981041485014604,-6.28,0,0,0,0.02,0.08,0.03,0.15,0.9,0.1,-1.2,0.0,0,0,1,0,0.675,0.44
382,2,0.5817083716392517,-0.04366711527109146,2.4922842979431152,-2.7118688862529674,4.191616207399014,2,1,1,0.02,0.08,0.03,0.15,0.9,0.1,-1.2,0.0,0,0,1,0,0.675,0.44
382,3,-1.215264081954956,0.024647187441587448,-1.8091894388198853,1.1660428406999157,0.16088494512757198,2,1,1,0.02,0.08,0.03,0.15,0.9,0.1,-1.2,0.0,0,0,1,0,0.675,0.44
382,4,-0.029632771387696266,-0.0826842412352562,-0.6947394609451294,-0.1411019204188681,1.933513837092054,2,1,1,0.02,0.08,0.03,0.15,0.9,0.1,-1.2,0.0,0,0,1,0,0.675,0.44
382,5,-0.16901959478855133,0.4114748239517212,-2.609473705291748,-2.1331996444641232,3.7970765165463325,2,1,1,0.02,0.08,0.03,0.15,0.9,0.1,-1.2,0.0,0,0,1,0,0.675,0.44
382,6,0.8330815434455872,0.4142967462539673,-2.255082368850708,4.640793841345532,-5.162002570531519,2,1,1,0.02,0.08,0.03,0.15,0.9,0.1,-1.2,0.0,0,0,1,0,0.675,0.44
382,7,-0.629883885383606,0.17068035900592804,-3.0965640544891357,2.1151423999872945,3.703798148978801,2,1,1,0.02,0.08,0.03,0.15,0.9,0.1,-1.2,0.0,0,0,1,0,0.675,0.44
383,0,0.3335598409175873,0.4005488157272339,-2.6386542320251465,4.553183862086812,-2.582842406946284,2,1,1,0.02,0.08,0.03,0.15,0.9,0.1,-1.2,0.0,0,0,1,0,0.675,0.44
383,1,-0.6928043365478516,-0.4225360155105591,-2.95574688911438,4.5271651631957575,-4.296770386827765,0,0,0,0.02,0.08,0.03,0.15,0.9,0.1,-1.2,0.0,0,0,1,0,0.675,0.44
383,2,0.5799487233161926,-0.04258814826607704,2.7025208473205566,-2.000667927429296,3.9929715766510028,2,1,1,0.02,0.08,0.03,0.15,0.9,0.1,-1.2,0.0,0,0,1,0,0.675,0.44
383,3,-1.215600609779358,0.02328909933567047,-1.8293730020523071,3.3369635961101283,-0.6217392135007334,2,1,1,0.02,0.08,0.03,0.15,0.9,0.1,-1.2,0.0,0,0,1,0,0.675,0.44
383,4,-0.02821548841893673,-0.08377743512392044,-0.6155263781547546,0.060422958460520926,1.576519268627779,2,1,1,0.02,0.08,0.03,0.15,0.9,0.1,-1.2,0.0,0,0,1,0,0.675,0.44
383,5,-0.17074522376060486,0.4102426767349243,-2.4353716373443604,-2.1917189009008635,3.73448430833882,2,1,1,0.02,0.08,0.03,0.15,0.9,0.1,-1.2,0.0,0,0,1,0,0.675,0.44
383,6,0.8304556608200073,0.4109463393688202,-2.2513678073883057,4.665676772669629,-6.28,2,1,1,0.02,0.08,0.03,0.15,0.9,0.1,-1.2,0.0,0,0,1,0,0.675,0.44
383,7,-0.6360133290290833,0.17019984126091003,-3.0339200496673584,-0.17691174682888908,2.8275730045010334,2,1,1,0.02,0.08,0.03,0.15,0.9,0.1,-1.2,0.0,0,0,1,0,0.675,0.44
384,0,0.32936564087867737,0.39803364872932434,-2.784336566925049,4.47308211477118,-4.291130984148443,2,1,1,0.02,0.08,0.03,0.15,0.9,0.1,-1.2,0.0,0,0,1,0,0.675,0.44
384,1,-0.6954095363616943,-0.422768235206604,3.1384902000427246,5.279907681926625,-2.306035746049597,0,0,0,0.02,0.08,0.03,0.15,0.9,0.1,-1.2,0.0,0,0,1,0,0.675,0.44
384,2,0.57869952917099,-0.042165204882621765,2.9489924907684326,-2.1064996922531276,3.985368829979852,2,1,1,0.02,0.08,0.03,0.15,0.9,0.1,-1.2,0.0,0,0,1,0,0.675,0.44
384,3,-1.2159605026245117,0.022003909572958946,-1.8630415201187134,3.720450903630617,-1.3984493935494384,2,1,1,0.02,0.08,0.03,0.15,0.9,0.1,-1.2,0.0,0,0,1,0,0.675,0.44
384,4,-0.026683909818530083,-0.08477020263671875,-0.5393871068954468,2.290780215784459,0.04534112716333052,2,1,1,0.02,0.08,0.03,0.15,0.9,0.1,-1.2,0.0,0,0,1,0,0.675,0.44
384,5,-0.17199139297008514,0.40897849202156067,-2.2340919971466064,-0.753289751589391,2.935470792221359,2,1,1,0.02,0.08,0.03,0.15,0.9,0.1,-1.2,0.0,0,0,1,0,0.675,0.44
384,6,0.8303254842758179,0.4106803834438324,-2.533466100692749,4.443085491596381,-4.983689775002032,2,1,1,0.02,0.08,0.03,0.15,0.9,0.1,-1.2,0.0,0,0,1,0,0.675,0.44
384,7,-0.6418411135673523,0.16940945386886597,-2.977865695953369,0.21465569616951272,2.345313976744769,2,1,1,0.02,0.08,0.03,0.15,0.9,0.1,-1.2,0.0,0,0,1,0,0.675,0.44
385,0,0.32685738801956177,0.39732640981674194,-3.0484862327575684,4.514711488923666,-2.9911901297945858,2,1,1,0.02,0.08,0.03,0.15,0.9,0.1,-1.2,0.0,0,0,1,0,0.675,0.44
385,1,-0.6964701414108276,-0.4226820170879364,2.8293399810791016,6.28,0.6592312306864748,0,0,0,0.02,0.08,0.03,0.15,0.9,0.1,-1.2,0.0,0,0,1,0,0.675,0.44
385,2,0.5773965716362,-0.042086102068424225,-3.096446990966797,-1.2864742439581018,3.7712667391627033,2,1,1,0.02,0.08,0.03,0.15,0.9,0.1,-1.2,0.0,0,0,1,0,0.675,0.44
385,3,-1.2167831659317017,0.019703691825270653,-1.9815235137939453,3.3223607969942224,-0.25764358649579855,2,1,1,0.02,0.08,0.03,0.15,0.9,0.1,-1.2,0.0,0,0,1,0,0.675,0.44
385,4,-0.025227515026926994,-0.08558419346809387,-0.48226311802864075,2.1217952540833362,0.40678997590868987,2,1,1,0.02,0.08,0.03,0.15,0.9,0.1,-1.2,0.0,0,0,1,0,0.675,0.44
385,5,-0.1728489100933075,0.4076535105705261,-2.025534152984619,-0.8869731388578175,2.7765018174020253,2,1,1,0.02,0.08,0.03,0.15,0.9,0.1,-1.2,0.0,0,0,1,0,0.675,0.44
385,6,0.8313033580780029,0.41108566522598267,-2.929400682449341,4.6500976748080145,-3.4402160068621463,2,1,1,0.02,0.08,0.03,0.15,0.9,0.1,-1.2,0.0,0,0,1,0,0.675,0.44
385,7,-0.6450616121292114,0.16875995695590973,-2.882577657699585,-0.9526996133705578,2.7090550573812022,2,1,1,0.02,0.08,0.03,0.15,0.9,0.1,-1.2,0.0,0,0,1,0,0.675,0.44
386,0,0.3260989189147949,0.3973134160041809,2.8864612579345703,4.609123045190394,-0.9151130346416413,2,1,1,0.02,0.08,0.03,0.15,0.9,0.1,-1.2,0.0,0,0,1,0,0.675,0.44
386,1,-0.6982680559158325,-0.42159873247146606,2.51385498046875,6.28,2.5139951261084783,0,0,0,0.02,0.08,0.03,0.15,0.9,0.1,-1.2,0.0,0,0,1,0,0.675,0.44
386,2,0.5760881304740906,-0.04231284558773041,-2.8631229400634766,-0.10066557654341834,3.5554521683568034,2,1,1,0.02,0.08,0.03,0.15,0.9,0.1,-1.2,0.0,0,0,1,0,0.675,0.44
386,3,-1.2180299758911133,0.0173636507242918,-2.1620748043060303,3.4984025439009647,-0.6347787436432267,2,1,1,0.02,0.08,0.03,0.15,0.9,0.1,-1.2,0.0,0,0,1,0,0.675,0.44
386,4,-0.023294489830732346,-0.08662235736846924,-0.5348167419433594,2.3537690390217993,0.003951004707349395,2,1,1,0.02,0.08,0.03,0.15,0.9,0.1,-1.2,0.0,0,0,1,0,0.675,0.44
386,5,-0.17356838285923004,0.4058034420013428,-1.878260850906372,-0.23152709574082667,2.2112549071170777,2,1,1,0.02,0.08,0.03,0.15,0.9,0.1,-1.2,0.0,0,0,1,0,0.675,0.44
386,6,0.8317428827285767,0.41105571389198303,2.971472978591919,4.937625150314244,-2.2420866447329018,2,1,1,0.02,0.08,0.03,0.15,0.9,0.1,-1.2,0.0,0,0,1,0,0.675,0.44
386,7,-0.6475256681442261,0.16799262166023254,-2.8017208576202393,-1.4574084837717647,2.8449013416452047,2,1,1,0.02,0.08,0.03,0.15,0.9,0.1,-1.2,0.0,0,0,1,0,0.675,0.44
387,0,0.3251067101955414,0.3978303372859955,2.5725693702697754,4.744186255028937,0.8844396743266845,2,1,1,0.02,0.08,0.03,0.15,0.9,0.1,-1.2,0.0,0,0,1,0,0.675,0.44
387,1,-0.7025166749954224,-0.41758298873901367,2.273808717727661,3.538854632719815,2.146659240138206,0,0,0,0.02,0.08,0.03,0.15,0.9,0.1,-1.2,0.0,0,0,1,0,0.675,0.44
387,2,0.5743576288223267,-0.04303096979856491,-2.660921573638916,-1.5358770222400713,3.545063800421062,2,1,1,0.02,0.08,0.03,0.15,0.9,0.1,-1.2,0.0,0,0,1,0,0.675,0.44
387,3,-1.220071792602539,0.014781123958528042,-2.311692714691162,3.5903418829206273,-0.990661163063245,2,1,1,0.02,0.08,0.03,0.15,0.9,0.1,-1.2,0.0,0,0,1,0,0.675,0.44
387,4,-0.021192995831370354,-0.08796144276857376,-0.5988666415214539,4.388162750116995,-4.253366655141559,2,1,1,0.02,0.08,0.03,0.15,0.9,0.1,-1.2,0.0,0,0,1,0,0.675,0.44
387,5,-0.1740422397851944,0.4039153754711151,-1.750009536743164,0.34361037315960086,1.7435261530124708,2,1,1,0.02,0.08,0.03,0.15,0.9,0.1,-1.2,0.0,0,0,1,0,0.675,0.44
387,6,0.8309352993965149,0.41132915019989014,2.629075765609741,5.049389255666655,-1.0408333069323694,2,1,1,0.02,0.08,0.03,0.15,0.9,0.1,-1.2,0.0,0,0,1,0,0.675,0.44
387,7,-0.6493086218833923,0.16727060079574585,-2.683821678161621,-1.2916762362243344,2.590730792151888,2,1,1,0.02,0.08,0.03,0.15,0.9,0.1,-1.2,0.0,0,0,1,0,0.675,0.44
388,0,0.3228178322315216,0.39977025985717773,2.3345301151275635,4.764512200061712,1.9702058544712915,2,1,1,0.02,0.08,0.03,0.15,0.9,0.1,-1.2,0.0,0,0,1,0,0.675,0.44
388,1,-0.7067618370056152,-0.41188767552375793,2.1566081047058105,-0.5012460853985774,2.6665391048390545,0,0,0,0.02,0.08,0.03,0.15,0.9,0.1,-1.2,0.0,0,0,1,0,0.675,0.44
388,2,0.5718230605125427,-0.04464289918541908,-2.5145158767700195,-1.6831972700137434,3.663495336558504,2,1,1,0.02,0.08,0.03,0.15,0.9,0.1,-1.2,0.0,0,0,1,0,0.675,0.44
388,3,-1.2224626541137695,0.012521021999418736,-2.466313123703003,3.3246530805364563,-0.38716334046771417,2,1,1,0.02,0.08,0.03,0.15,0.9,0.1,-1.2,0.0,0,0,1,0,0.675,0.44
388,4,-0.01926412433385849,-0.0893784686923027,-0.6769715547561646,4.2284012414266785,-3.8214915123540254,2,1,1,0.02,0.08,0.03,0.15,0.9,0.1,-1.2,0.0,0,0,1,0,0.675,0.44
388,5,-0.1742957979440689,0.4019734859466553,-1.6561423540115356,0.3762074903873984,1.6296679712696989,2,1,1,0.02,0.08,0.03,0.15,0.9,0.1,-1.2,0.0,0,0,1,0,0.675,0.44
388,6,0.8294327855110168,0.41249898076057434,2.340848684310913,4.836819619414727,0.44967925349683885,2,1,1,0.02,0.08,0.03,0.15,0.9,0.1,-1.2,0.0,0,0,1,0,0.675,0.44
388,7,-0.6505872011184692,0.16654084622859955,-2.5369203090667725,-2.263645007763544,3.032893672142664,2,1,1,0.02,0.08,0.03,0.15,0.9,0.1,-1.2,0.0,0,0,1,0,0.675,0.44
389,0,0.31968337297439575,0.4036473333835602,2.1799280643463135,4.597543143770191,2.3521631424217495,2,1,1,0.02,0.08,0.03,0.15,0.9,0.1,-1.2,0.0,0,0,1,0,0.675,0.44
389,1,-0.7099903225898743,-0.4065803587436676,2.088351011276245,-2.9110002159410064,3.677043599530319,0,0,0,0.02,0.08,0.03,0.15,0.9,0.1,-1.2,0.0,0,0,1,0,0.675,0.44
389,2,0.5700628161430359,-0.04611697047948837,-2.34661602973938,-1.1061143276341106,3.3449535245887256,2,1,1,0.02,0.08,0.03,0.15,0.9,0.1,-1.2,0.0,0,0,1,0,0.675,0.44
389,3,-1.2250123023986816,0.010786524042487144,-2.6390397548675537,2.940277833792897,0.32179773532032446,2,1,1,0.02,0.08,0.03,0.15,0.9,0.1,-1.2,0.0,0,0,1,0,0.675,0.44
389,4,-0.018806615844368935,-0.08975077420473099,-0.9378670454025269,4.298239190355081,-3.744044471975404,2,1,1,0.02,0.08,0.03,0.15,0.9,0.1,-1.2,0.0,0,0,1,0,0.675,0.44
389,5,-0.1744036078453064,0.3999145030975342,-1.6000196933746338,0.28117028330901656,1.505524375753392,2,1,1,0.02,0.08,0.03,0.15,0.9,0.1,-1.2,0.0,0,0,1,0,0.675,0.44
389,6,0.8274797797203064,0.41504132747650146,2.099940299987793,3.941875752090033,0.953018638320645,2,1,1,0.02,0.08,0.03,0.15,0.9,0.1,-1.2,0.0,0,0,1,0,0.675,0.44
389,7,-0.6516282558441162,0.16572071611881256,-2.3974289894104004,-2.140474014102333,2.8050413376064056,2,1,1,0.02,0.08,0.03,0.15,0.9,0.1,-1.2,0.0,0,0,1,0,0.675,0.44
390,0,0.3163413405418396,0.40906673669815063,2.0707790851593018,-6.28,5.712843866139797,2,1,1,0.02,0.08,0.03,0.15,0.9,0.1,-1.2,0.0,0,0,1,0,0.675,0.44
390,1,-0.711407482624054,-0.4041270613670349,2.168879985809326,-3.7586512814528836,4.238744048801503,0,0,0,0.02,0.08,0.03,0.15,0.9,0.1,-1.2,0.0,0,0,1,0,0.675,0.44
390,2,0.5688055753707886,-0.04765260964632034,-2.1607041358947754,-2.2988602602447044,3.861286452119185,2,1,1,0.02,0.08,0.03,0.15,0.9,0.1,-1.2,0.0,0,0,1,0,0.675,0.44
390,3,-1.227962613105774,0.009443898685276508,-2.788280725479126,2.57460145825379,0.8149949697026728,2,1,1,0.02,0.08,0.03,0.15,0.9,0.1,-1.2,0.0,0,0,1,0,0.675,0.44
390,4,-0.018612928688526154,-0.09006193280220032,-1.2275688648223877,4.444867050910815,-4.425442091525747,2,1,1,0.02,0.08,0.03,0.15,0.9,0.1,-1.2,0.0,0,0,1,0,0.675,0.44
390,5,-0.17441298067569733,0.39789506793022156,-1.555172324180603,-0.73597849185322,1.9340223380635482,2,1,1,0.02,0.08,0.03,0.15,0.9,0.1,-1.2,0.0,0,0,1,0,0.675,0.44
390,6,0.8252980709075928,0.4193837344646454,1.9151839017868042,1.2626153047878426,-0.580736597077232,2,1,1,0.02,0.08,0.03,0.15,0.9,0.1,-1.2,0.0,0,0,1,0,0.675,0.44
390,7,-0.6522417664527893,0.1650865077972412,-2.2210657596588135,-2.2115185325149618,2.7840373498474866,2,1,1,0.02,0.08,0.03,0.15,0.9,0.1,-1.2,0.0,0,0,1,0,0.675,0.44
391,0,0.31329840421676636,0.41523265838623047,1.988126277923584,-6.28,5.411213414315335,2,1,1,0.02,0.08,0.03,0.15,0.9,0.1,-1.2,0.0,0,0,1,0,0.675,0.44
391,1,-0.7120377421379089,-0.4032953679561615,2.3775529861450195,-3.238394984355986,4.153388309773575,0,0,0,0.02,0.08,0.03,0.15,0.9,0.1,-1.2,0.0,0,0,1,0,0.675,0.44
391,2,0.5677748322486877,-0.049530278891325,-1.9966953992843628,-2.1444365251739748,3.599411151067073,2,1,1,0.02,0.08,0.03,0.15,0.9,0.1,-1.2,0.0,0,0,1,0,0.675,0.44
391,3,-1.2311373949050903,0.008480190299451351,-2.8918120861053467,2.9286887027468587,0.015453300806886339,2,1,1,0.02,0.08,0.03,0.15,0.9,0.1,-1.2,0.0,0,0,1,0,0.675,0.44
391,4,-0.018466977402567863,-0.09062723815441132,-1.5146522521972656,3.9213149207962177,-3.4260298440113024,2,1,1,0.02,0.08,0.03,0.15,0.9,0.1,-1.2,0.0,0,0,1,0,0.675,0.44
391,5,-0.17434430122375488,0.3960671126842499,-1.5120762586593628,-0.7443772628785197,1.7674596439928851,2,1,1,0.02,0.08,0.03,0.15,0.9,0.1,-1.2,0.0,0,0,1,0,0.675,0.44
391,6,0.8239083290100098,0.4241258502006531,1.7966961860656738,-6.28,4.506106676485682,2,1,1,0.02,0.08,0.03,0.15,0.9,0.1,-1.2,0.0,0,0,1,0,0.675,0.44
391,7,-0.6526289582252502,0.16450145840644836,-2.044306755065918,-4.095511413673303,4.2096475962287965,2,1,1,0.02,0.08,0.03,0.15,0.9,0.1,-1.2,0.0,0,0,1,0,0.675,0.44
392,0,0.3129463493824005,0.4162856936454773,2.322131633758545,-6.28,4.229940583994432,2,1,1,0.02,0.08,0.03,0.15,0.9,0.1,-1.2,0.0,0,0,1,0,0.675,0.44
392,1,-0.7124598622322083,-0.40293610095977783,2.6509130001068115,-2.056915248299475,3.7975910948901084,0,0,0,0.02,0.08,0.03,0.15,0.9,0.1,-1.2,0.0,0,0,1,0,0.675,0.44
392,2,0.5672144889831543,-0.051136378198862076,-1.7922403812408447,-3.3160952684685827,4.189153111187614,2,1,1,0.02,0.08,0.03,0.15,0.9,0.1,-1.2,0.0,0,0,1,0,0.675,0.44
392,3,-1.234426736831665,0.0077765765599906445,-2.9593982696533203,4.5401982267291245,-4.651245512136719,2,1,1,0.02,0.08,0.03,0.15,0.9,0.1,-1.2,0.0,0,0,1,0,0.675,0.44
392,4,-0.018410103395581245,-0.09077142179012299,-1.8581175804138184,3.693224896378543,-2.68315512124869,2,1,1,0.02,0.08,0.03,0.15,0.9,0.1,-1.2,0.0,0,0,1,0,0.675,0.44
392,5,-0.17422820627689362,0.39475399255752563,-1.4284414052963257,0.7127587493672141,0.8195000789932982,2,1,1,0.02,0.08,0.03,0.15,0.9,0.1,-1.2,0.0,0,0,1,0,0.675,0.44
392,6,0.8236240148544312,0.42563867568969727,1.7228847742080688,-6.28,3.7749852489343865,2,1,1,0.02,0.08,0.03,0.15,0.9,0.1,-1.2,0.0,0,0,1,0,0.675,0.44
392,7,-0.6528671383857727,0.16395778954029083,-1.8692286014556885,2.458110859315332,-0.8273869483285453,2,1,1,0.02,0.08,0.03,0.15,0.9,0.1,-1.2,0.0,0,0,1,0,0.675,0.44
393,0,0.31327858567237854,0.41602030396461487,2.7565975189208984,-6.28,3.9893778615156723,2,1,1,0.02,0.08,0.03,0.15,0.9,0.1,-1.2,0.0,0,0,1,0,0.675,0.44
393,1,-0.7132294178009033,-0.4026396572589874,2.9167654514312744,-1.5067387897666837,4.083331364940175,0,0,0,0.02,0.08,0.03,0.15,0.9,0.1,-1.2,0.0,0,0,1,0,0.675,0.44
393,2,0.5670429468154907,-0.05260547623038292,-1.587458610534668,-3.5099834525495357,4.285268689769022,2,1,1,0.02,0.08,0.03,0.15,0.9,0.1,-1.2,0.0,0,0,1,0,0.675,0.44
393,3,-1.2374267578125,0.0073465448804199696,-3.0533626079559326,4.372001955119103,-4.236574736804275,2,1,1,0.02,0.08,0.03,0.15,0.9,0.1,-1.2,0.0,0,0,1,0,0.675,0.44
393,4,-0.018586156889796257,-0.09111092984676361,-2.1829335689544678,3.080830916048134,-1.2942839565798705,2,1,1,0.02,0.08,0.03,0.15,0.9,0.1,-1.2,0.0,0,0,1,0,0.675,0.44
393,5,-0.17403578758239746,0.393703818321228,-1.3388283252716064,-0.5639943180135841,1.6465368344691877,2,1,1,0.02,0.08,0.03,0.15,0.9,0.1,-1.2,0.0,0,0,1,0,0.675,0.44
393,6,0.8239504098892212,0.4245389401912689,2.0230586528778076,-6.28,3.7190422165439356,2,1,1,0.02,0.08,0.03,0.15,0.9,0.1,-1.2,0.0,0,0,1,0,0.675,0.44
393,7,-0.6529405117034912,0.1637495458126068,-1.5992858409881592,2.747446872767455,-1.879743388178523,2,1,1,0.02,0.08,0.03,0.15,0.9,0.1,-1.2,0.0,0,0,1,0,0.675,0.44
394,0,0.31153813004493713,0.4163939654827118,3.021040439605713,-6.28,3.8758461930148917,2,1,1,0.02,0.08,0.03,0.15,0.9,0.1,-1.2,0.0,0,0,1,0,0.675,0.44
394,1,-0.7146658301353455,-0.40245580673217773,3.1395509243011475,-0.9244616005471499,4.224410148497003,0,0,0,0.02,0.08,0.03,0.15,0.9,0.1,-1.2,0.0,0,0,1,0,0.675,0.44
394,2,0.5671283006668091,-0.053504545241594315,-1.332364559173584,-2.649416737759224,4.033913601161238,2,1,1,0.02,0.08,0.03,0.15,0.9,0.1,-1.2,0.0,0,0,1,0,0.675,0.44
394,3,-1.2378873825073242,0.007294432260096073,2.948462963104248,4.574492416376071,-4.904247961038546,2,1,1,0.02,0.08,0.03,0.15,0.9,0.1,-1.2,0.0,0,0,1,0,0.675,0.44
394,4,-0.01921096444129944,-0.09175571799278259,-2.4601337909698486,3.4515724304835267,-1.0075693724246317,2,1,1,0.02,0.08,0.03,0.15,0.9,0.1,-1.2,0.0,0,0,1,0,0.675,0.44
394,5,-0.1736784428358078,0.39232200384140015,-1.3180807828903198,0.26748875761884955,0.9247400423736165,2,1,1,0.02,0.08,0.03,0.15,0.9,0.1,-1.2,0.0,0,0,1,0,0.675,0.44
394,6,0.8250038027763367,0.42328116297721863,2.4286515712738037,-4.9915359129179135,4.327648276347746,2,1,1,0.02,0.08,0.03,0.15,0.9,0.1,-1.2,0.0,0,0,1,0,0.675,0.44
394,7,-0.6529589891433716,0.16238541901111603,-1.6346659660339355,2.5780021120112195,-1.9939627345895754,2,1,1,0.02,0.08,0.03,0.15,0.9,0.1,-1.2,0.0,0,0,1,0,0.675,0.44
395,0,0.3081232011318207,0.4166284203529358,-3.102818012237549,-6.218432401614363,3.931595313670213,2,1,1,0.02,0.08,0.03,0.15,0.9,0.1,-1.2,0.0,0,0,1,0,0.675,0.44
395,1,-0.7169589400291443,-0.4027005434036255,-2.941645622253418,-0.3112790801033431,4.28946045272489,0,0,0,0.02,0.08,0.03,0.15,0.9,0.1,-1.2,0.0,0,0,1,0,0.675,0.44
395,2,0.5674135684967041,-0.054174382239580154,-1.0572768449783325,-2.582697369600142,4.109607296341347,2,1,1,0.02,0.08,0.03,0.15,0.9,0.1,-1.2,0.0,0,0,1,0,0.675,0.44
395,3,-1.2374722957611084,0.007165089249610901,2.621161937713623,4.459038186380338,-4.431918549844695,2,1,1,0.02,0.08,0.03,0.15,0.9,0.1,-1.2,0.0,0,0,1,0,0.675,0.44
395,4,-0.020423199981451035,-0.09254429489374161,-2.6472434997558594,3.2810329608901023,-0.38900429375267853,2,1,1,0.02,0.08,0.03,0.15,0.9,0.1,-1.2,0.0,0,0,1,0,0.675,0.44
395,5,-0.1733614206314087,0.39119192957878113,-1.2551963329315186,-0.14508481981767443,0.8928963989644364,2,1,1,0.02,0.08,0.03,0.15,0.9,0.1,-1.2,0.0,0,0,1,0,0.675,0.44
395,6,0.8234822154045105,0.42430201172828674,2.653083086013794,-4.317324097776393,4.526212913511189,2,1,1,0.02,0.08,0.03,0.15,0.9,0.1,-1.2,0.0,0,0,1,0,0.675,0.44
395,7,-0.6530807018280029,0.16141940653324127,-1.7904356718063354,2.2922951144928714,-1.3209889981456082,2,1,1,0.02,0.08,0.03,0.15,0.9,0.1,-1.2,0.0,0,0,1,0,0.675,0.44
396,0,0.30509456992149353,0.41629278659820557,-2.938267946243286,-5.514725371307253,4.133150386667371,2,1,1,0.02,0.08,0.03,0.15,0.9,0.1,-1.2,0.0,0,0,1,0,0.675,0.44
396,1,-0.7199965119361877,-0.40361666679382324,-2.757054328918457,0.5843612580439014,4.075747869799861,0,0,0,0.02,0.08,0.03,0.15,0.9,0.1,-1.2,0.0,0,0,1,0,0.675,0.44
396,2,0.5681509971618652,-0.05512240156531334,-0.8120632767677307,-2.4397451281828304,4.166721746179086,2,1,1,0.02,0.08,0.03,0.15,0.9,0.1,-1.2,0.0,0,0,1,0,0.675,0.44
396,3,-1.2367446422576904,0.006585055962204933,2.2674455642700195,4.252323657717576,-3.150203201203661,2,1,1,0.02,0.08,0.03,0.15,0.9,0.1,-1.2,0.0,0,0,1,0,0.675,0.44
396,4,-0.02252042293548584,-0.09347229450941086,-2.802452802658081,3.1785507658922776,-0.021928930455184653,2,1,1,0.02,0.08,0.03,0.15,0.9,0.1,-1.2,0.0,0,0,1,0,0.675,0.44
396,5,-0.17297397553920746,0.39008671045303345,-1.2211476564407349,1.815726867208383,-0.6343793256945279,2,1,1,0.02,0.08,0.03,0.15,0.9,0.1,-1.2,0.0,0,0,1,0,0.675,0.44
396,6,0.8207508325576782,0.4257088005542755,2.848792314529419,-3.720901651767164,4.805450744139858,2,1,1,0.02,0.08,0.03,0.15,0.9,0.1,-1.2,0.0,0,0,1,0,0.675,0.44
396,7,-0.65325927734375,0.16083607077598572,-1.9525479078292847,2.1950511473292336,-0.6632441045868995,2,1,1,0.02,0.08,0.03,0.15,0.9,0.1,-1.2,0.0,0,0,1,0,0.675,0.44
397,0,0.30490079522132874,0.41639381647109985,-2.6334025859832764,-3.529492277843949,4.784832019550798,2,1,1,0.02,0.08,0.03,0.15,0.9,0.1,-1.2,0.0,0,0,1,0,0.675,0.44
397,1,-0.7234311699867249,-0.40535685420036316,-2.591754674911499,1.2303704886365225,3.803609567221142,0,0,0,0.02,0.08,0.03,0.15,0.9,0.1,-1.2,0.0,0,0,1,0,0.675,0.44
397,2,0.5693061351776123,-0.05610815808176994,-0.5770282745361328,-2.538190794496855,4.260500337767292,2,1,1,0.02,0.08,0.03,0.15,0.9,0.1,-1.2,0.0,0,0,1,0,0.675,0.44
397,3,-1.2362821102142334,0.00585677195340395,1.9207217693328857,4.267407015610036,-2.690790484416295,2,1,1,0.02,0.08,0.03,0.15,0.9,0.1,-1.2,0.0,0,0,1,0,0.675,0.44
397,4,-0.025162624195218086,-0.09419108182191849,-2.9383676052093506,3.639196363181035,-0.4303438694066294,2,1,1,0.02,0.08,0.03,0.15,0.9,0.1,-1.2,0.0,0,0,1,0,0.675,0.44
397,5,-0.1726762056350708,0.38930410146713257,-1.1873749494552612,0.9266188730260253,-0.24594214623989313,2,1,1,0.02,0.08,0.03,0.15,0.9,0.1,-1.2,0.0,0,0,1,0,0.675,0.44
397,6,0.8203848600387573,0.4257827401161194,-3.075265407562256,-0.4237552571120191,6.128812536804364,2,1,1,0.02,0.08,0.03,0.15,0.9,0.1,-1.2,0.0,0,0,1,0,0.675,0.44
397,7,-0.6536219120025635,0.16011902689933777,-2.0890417098999023,1.6564017577707295,-0.12049985691879656,2,1,1,0.02,0.08,0.03,0.15,0.9,0.1,-1.2,0.0,0,0,1,0,0.675,0.44
398,0,0.304081529378891,0.4160337448120117,-2.370934247970581,-1.8268349139923665,5.34926779291685,2,1,1,0.02,0.08,0.03,0.15,0.9,0.1,-1.2,0.0,0,0,1,0,0.675,0.44
398,1,-0.7271063923835754,-0.4079783856868744,-2.461435079574585,1.934258415597615,2.9746335708065916,0,0,0,0.02,0.08,0.03,0.15,0.9,0.1,-1.2,0.0,0,0,1,0,0.675,0.44
398,2,0.5708180069923401,-0.05688323825597763,-0.3444880545139313,-3.540810060981033,4.207263671568546,2,1,1,0.02,0.08,0.03,0.15,0.9,0.1,-1.2,0.0,0,0,1,0,0.675,0.44
398,3,-1.2363033294677734,0.006033480167388916,1.6260534524917603,4.297149404179419,-2.4627075933330898,2,1,1,0.02,0.08,0.03,0.15,0.9,0.1,-1.2,0.0,0,0,1,0,0.675,0.44
398,4,-0.028233077377080917,-0.09463190287351608,-3.0536065101623535,3.7686531841226896,-2.909647712665311,2,1,1,0.02,0.08,0.03,0.15,0.9,0.1,-1.2,0.0,0,0,1,0,0.675,0.44
398,5,-0.1722835898399353,0.38828223943710327,-1.2489453554153442,2.1347569312669292,-1.169720297170582,2,1,1,0.02,0.08,0.03,0.15,0.9,0.1,-1.2,0.0,0,0,1,0,0.675,0.44
398,6,0.8195993304252625,0.4255342483520508,-2.729771852493286,3.8680896781332157,6.28,2,1,1,0.02,0.08,0.03,0.15,0.9,0.1,-1.2,0.0,0,0,1,0,0.675,0.44
398,7,-0.6543743014335632,0.15898317098617554,-2.1963579654693604,1.5022032900218942,0.3182471872801806,2,1,1,0.02,0.08,0.03,0.15,0.9,0.1,-1.2,0.0,0,0,1,0,0.675,0.44
399,0,0.303646445274353,0.41546106338500977,-2.037130117416382,-0.078087688681195,5.818835469937024,2,1,1,0.02,0.08,0.03,0.15,0.9,0.1,-1.2,0.0,0,0,1,0,0.675,0.44
399,1,-0.730790913105011,-0.41128817200660706,-2.3650734424591064,1.704807893085763,2.803244916734156,0,0,0,0.02,0.08,0.03,0.15,0.9,0.1,-1.2,0.0,0,0,1,0,0.675,0.44
399,2,0.5724970698356628,-0.05729982256889343,-0.10710512101650238,-3.1573831369338063,4.121192539221962,2,1,1,0.02,0.08,0.03,0.15,0.9,0.1,-1.2,0.0,0,0,1,0,0.675,0.44
399,3,-1.2362182140350342,0.006870582699775696,1.3565843105316162,4.248313651884507,-1.9017358287224277,2,1,1,0.02,0.08,0.03,0.15,0.9,0.1,-1.2,0.0,0,0,1,0,0.675,0.44
399,4,-0.03143510967493057,-0.09470660984516144,3.093006134033203,3.414014106709607,-2.351591762048879,2,1,1,0.02,0.08,0.03,0.15,0.9,0.1,-1.2,0.0,0,0,1,0,0.675,0.44
399,5,-0.1720573902130127,0.3875342309474945,-1.2990959882736206,2.708776840420689,-1.4767798781325823,2,1,1,0.02,0.08,0.03,0.15,0.9,0.1,-1.2,0.0,0,0,1,0,0.675,0.44
399,6,0.8158230781555176,0.42312994599342346,-2.4504547119140625,3.1791612371211864,6.28,2,1,1,0.02,0.08,0.03,0.15,0.9,0.1,-1.2,0.0,0,0,1,0,0.675,0.44
399,7,-0.6553025245666504,0.15780605375766754,-2.2672126293182373,1.395360106913282,0.6502437495310771,2,1,1,0.02,0.08,0.03,0.15,0.9,0.1,-1.2,0.0,0,0,1,0,0.675,0.44
400,0,0.30276983976364136,0.4127047061920166,-1.7321295738220215,0.3322214571489873,5.529223016117615,2,1,1,0.02,0.08,0.03,0.15,0.9,0.1,-1.2,0.0,0,0,1,0,0.675,0.44
400,1,-0.7341974973678589,-0.4148397147655487,-2.3180947303771973,1.2200056842839229,1.7297857642229562,0,0,0,0.02,0.08,0.03,0.15,0.9,0.1,-1.2,0.0,0,0,1,0,0.675,0.44
400,2,0.5734721422195435,-0.057306062430143356,0.16235266625881195,-3.3851898419365045,4.207611137817895,2,1,1,0.02,0.08,0.03,0.15,0.9,0.1,-1.2,0.0,0,0,1,0,0.675,0.44
400,3,-1.235796332359314,0.008014140650629997,1.0936343669891357,3.449631442190318,-2.059568983442227,2,1,1,0.02,0.08,0.03,0.15,0.9,0.1,-1.2,0.0,0,0,1,0,0.675,0.44
400,4,-0.03272335231304169,-0.09455212205648422,2.875164747238159,3.7653968651001235,-2.3567118868106287,2,1,1,0.02,0.08,0.03,0.15,0.9,0.1,-1.2,0.0,0,0,1,0,0.675,0.44
400,5,-0.17184875905513763,0.3866492509841919,-1.400194764137268,2.90523762540482,-1.9885197130201908,2,1,1,0.02,0.08,0.03,0.15,0.9,0.1,-1.2,0.0,0,0,1,0,0.675,0.44
400,6,0.8106554746627808,0.4187789857387543,-2.4213874340057373,0.14668506683451696,3.138460806052383,2,1,1,0.02,0.08,0.03,0.15,0.9,0.1,-1.2,0.0,0,0,1,0,0.675,0.44
400,7,-0.6564667224884033,0.1564847230911255,-2.312737464904785,-4.340479683498984,4.38336104470784,2,1,1,0.02,0.08,0.03,0.15,0.9,0.1,-1.2,0.0,0,0,1,0,0.675,0.44
401,0,0.30258259177207947,0.40773501992225647,-1.487209439277649,0.24122882190709924,5.0242248650305905,2,1,1,0.02,0.08,0.03,0.15,0.9,0.1,-1.2,0.0,0,0,1,0,0.675,0.44
401,1,-0.7372466921806335,-0.41825687885284424,-2.2801408767700195,4.286436730370578,-3.984441924657267,0,0,0,0.02,0.08,0.03,0.15,0.9,0.1,-1.2,0.0,0,0,1,0,0.675,0.44
401,2,0.5744333267211914,-0.05703183636069298,0.4250134229660034,-2.7157235908798496,3.8083122054011236,2,1,1,0.02,0.08,0.03,0.15,0.9,0.1,-1.2,0.0,0,0,1,0,0.675,0.44
401,3,-1.234523892402649,0.009826463647186756,0.829966127872467,3.583665373141693,-2.387136842225237,2,1,1,0.02,0.08,0.03,0.15,0.9,0.1,-1.2,0.0,0,0,1,0,0.675,0.44
401,4,-0.03325153887271881,-0.09431345015764236,2.6500563621520996,3.3375171170073465,-1.4063751684318375,2,1,1,0.02,0.08,0.03,0.15,0.9,0.1,-1.2,0.0,0,0,1,0,0.675,0.44
401,5,-0.17173075675964355,0.38547271490097046,-1.5411877632141113,3.2058045603634273,-2.6240063625729353,2,1,1,0.02,0.08,0.03,0.15,0.9,0.1,-1.2,0.0,0,0,1,0,0.675,0.44
401,6,0.8037673830986023,0.4121955931186676,-2.316749095916748,6.163324088858751,-6.28,2,1,1,0.02,0.08,0.03,0.15,0.9,0.1,-1.2,0.0,0,0,1,0,0.675,0.44
401,7,-0.6578429341316223,0.15503516793251038,-2.3418681621551514,-4.540116110756887,4.512238275200023,2,1,1,0.02,0.08,0.03,0.15,0.9,0.1,-1.2,0.0,0,0,1,0,0.675,0.44
402,0,0.3036659359931946,0.4020199477672577,-1.291673183441162,-6.28,4.026922605945055,2,1,1,0.02,0.08,0.03,0.15,0.9,0.1,-1.2,0.0,0,0,1,0,0.675,0.44
402,1,-0.739335298538208,-0.42075568437576294,-2.25823712348938,4.5427126524311845,-6.28,0,0,0,0.02,0.08,0.03,0.15,0.9,0.1,-1.2,0.0,0,0,1,0,0.675,0.44
402,2,0.5753231644630432,-0.056509632617235184,0.6960040330886841,-2.6812638681575294,3.740601943313139,2,1,1,0.02,0.08,0.03,0.15,0.9,0.1,-1.2,0.0,0,0,1,0,0.675,0.44
402,3,-1.23333740234375,0.010877467691898346,0.591930627822876,3.9429772279429502,-3.1358795694279733,2,1,1,0.02,0.08,0.03,0.15,0.9,0.1,-1.2,0.0,0,0,1,0,0.675,0.44
402,4,-0.03387294337153435,-0.09385870397090912,2.4172706604003906,1.335820307306817,0.9151016577359068,2,1,1,0.02,0.08,0.03,0.15,0.9,0.1,-1.2,0.0,0,0,1,0,0.675,0.44
402,5,-0.17176949977874756,0.384489506483078,-1.7083611488342285,2.9041482783006463,-2.2809490836309205,2,1,1,0.02,0.08,0.03,0.15,0.9,0.1,-1.2,0.0,0,0,1,0,0.675,0.44
402,6,0.8008251190185547,0.4087175130844116,-2.2094736099243164,6.28,-6.28,2,1,1,0.02,0.08,0.03,0.15,0.9,0.1,-1.2,0.0,0,0,1,0,0.675,0.44
402,7,-0.658151388168335,0.15472520887851715,-2.1006531715393066,-4.994481676726681,4.740516675173384,2,1,1,0.02,0.08,0.03,0.15,0.9,0.1,-1.2,0.0,0,0,1,0,0.675,0.44
403,0,0.30571600794792175,0.39666274189949036,-1.1089149713516235,-6.28,3.8046648516350077,2,1,1,0.02,0.08,0.03,0.15,0.9,0.1,-1.2,0.0,0,0,1,0,0.675,0.44
403,1,-0.7398623824119568,-0.4214014708995819,-2.4884142875671387,4.139617199059551,-6.28,0,0,0,0.02,0.08,0.03,0.15,0.9,0.1,-1.2,0.0,0,0,1,0,0.675,0.44
403,2,0.5763081908226013,-0.055476702749729156,0.9461292028427124,-3.253964074860785,4.041383748663345,2,1,1,0.02,0.08,0.03,0.15,0.9,0.1,-1.2,0.0,0,0,1,0,0.675,0.44
403,3,-1.2322415113449097,0.01145548839122057,0.34306788444519043,4.03980407448857,-3.3057494792565603,2,1,1,0.02,0.08,0.03,0.15,0.9,0.1,-1.2,0.0,0,0,1,0,0.675,0.44
403,4,-0.03477577120065689,-0.09284529834985733,2.2247393131256104,1.143547652656821,1.2199372405547009,2,1,1,0.02,0.08,0.03,0.15,0.9,0.1,-1.2,0.0,0,0,1,0,0.675,0.44
403,5,-0.17190738022327423,0.3838167190551758,-1.9085952043533325,2.137856856389125,-0.9914247233480968,2,1,1,0.02,0.08,0.03,0.15,0.9,0.1,-1.2,0.0,0,0,1,0,0.675,0.44
403,6,0.8003458380699158,0.40805983543395996,-2.5533454418182373,5.165425969571497,-6.28,2,1,1,0.02,0.08,0.03,0.15,0.9,0.1,-1.2,0.0,0,0,1,0,0.675,0.44
403,7,-0.6582635641098022,0.15440818667411804,-1.7672113180160522,-4.452659276442229,4.4593768482078,2,1,1,0.02,0.08,0.03,0.15,0.9,0.1,-1.2,0.0,0,0,1,0,0.675,0.44
404,0,0.3056308925151825,0.39654502272605896,-0.751737117767334,-5.667188331236201,4.203217352130585,2,1,1,0.02,0.08,0.03,0.15,0.9,0.1,-1.2,0.0,0,0,1,0,0.675,0.44
404,1,-0.7389956116676331,-0.4210398495197296,-2.870126962661743,4.621056484586689,-3.6153546682578743,0,0,0,0.02,0.08,0.03,0.15,0.9,0.1,-1.2,0.0,0,0,1,0,0.675,0.44
404,2,0.5769316554069519,-0.05441124737262726,1.1775308847427368,-1.684414260710623,3.437187613279312,2,1,1,0.02,0.08,0.03,0.15,0.9,0.1,-1.2,0.0,0,0,1,0,0.675,0.44
404,3,-1.2311763763427734,0.011708931997418404,0.06041138246655464,4.110796661311589,-3.3958031099381065,2,1,1,0.02,0.08,0.03,0.15,0.9,0.1,-1.2,0.0,0,0,1,0,0.675,0.44
404,4,-0.03597253933548927,-0.0911279022693634,2.1773552894592285,0.6628576738338618,1.5991643284849304,2,1,1,0.02,0.08,0.03,0.15,0.9,0.1,-1.2,0.0,0,0,1,0,0.675,0.44
404,5,-0.17216074466705322,0.3832324147224426,-2.0963494777679443,1.9526369283285099,-0.10912109927033366,2,1,1,0.02,0.08,0.03,0.15,0.9,0.1,-1.2,0.0,0,0,1,0,0.675,0.44
404,6,0.8003316521644592,0.408010333776474,-2.827605962753296,4.477679604037101,-4.62057785158889,2,1,1,0.02,0.08,0.03,0.15,0.9,0.1,-1.2,0.0,0,0,1,0,0.675,0.44
404,7,-0.6582774519920349,0.15423208475112915,-1.3881313800811768,-3.6192165176640207,4.126658508302251,2,1,1,0.02,0.08,0.03,0.15,0.9,0.1,-1.2,0.0,0,0,1,0,0.675,0.44
405,0,0.30400556325912476,0.39760321378707886,-0.35814327001571655,-2.882446214594118,4.832377636858671,2,1,1,0.02,0.08,0.03,0.15,0.9,0.1,-1.2,0.0,0,0,1,0,0.675,0.44
405,1,-0.7393983006477356,-0.42089104652404785,3.0989649295806885,5.112435672300161,-1.3020496908035888,0,0,0,0.02,0.08,0.03,0.15,0.9,0.1,-1.2,0.0,0,0,1,0,0.675,0.44
405,2,0.5771888494491577,-0.053604867309331894,1.4276052713394165,-1.7461633397766616,3.787191025029185,2,1,1,0.02,0.08,0.03,0.15,0.9,0.1,-1.2,0.0,0,0,1,0,0.675,0.44
405,3,-1.2299431562423706,0.011602177284657955,-0.22908809781074524,4.148334893882153,-3.3884329977630347,2,1,1,0.02,0.08,0.03,0.15,0.9,0.1,-1.2,0.0,0,0,1,0,0.675,0.44
405,4,-0.03729571774601936,-0.08920660614967346,2.1772422790527344,1.3418742282833123,0.7000079341918048,2,1,1,0.02,0.08,0.03,0.15,0.9,0.1,-1.2,0.0,0,0,1,0,0.675,0.44
405,5,-0.17274262011051178,0.38238608837127686,-2.2209577560424805,1.5746801601307467,0.44315447854859,2,1,1,0.02,0.08,0.03,0.15,0.9,0.1,-1.2,0.0,0,0,1,0,0.675,0.44
405,6,0.799651563167572,0.4074650704860687,-2.9084692001342773,4.456431723070402,-4.2151555383708015,2,1,1,0.02,0.08,0.03,0.15,0.9,0.1,-1.2,0.0,0,0,1,0,0.675,0.44
405,7,-0.6582546830177307,0.15412680804729462,-1.0209815502166748,-3.0438795345262446,4.016018922595965,2,1,1,0.02,0.08,0.03,0.15,0.9,0.1,-1.2,0.0,0,0,1,0,0.675,0.44
406,0,0.30751413106918335,0.39638298749923706,-0.19950394332408905,-2.481376419969265,4.901465576219656,2,1,1,0.02,0.08,0.03,0.15,0.9,0.1,-1.2,0.0,0,0,1,0,0.675,0.44
406,1,-0.7421502470970154,-0.4206521511077881,2.8484647274017334,5.529671952275936,0.13702721479298927,0,0,0,0.02,0.08,0.03,0.15,0.9,0.1,-1.2,0.0,0,0,1,0,0.675,0.44
406,2,0.5772407650947571,-0.05208076536655426,1.6291751861572266,-1.13549819206261,3.6371257708159854,2,1,1,0.02,0.08,0.03,0.15,0.9,0.1,-1.2,0.0,0,0,1,0,0.675,0.44
406,3,-1.2286028861999512,0.011104598641395569,-0.5163396596908569,4.154946239850778,-3.275421189329881,2,1,1,0.02,0.08,0.03,0.15,0.9,0.1,-1.2,0.0,0,0,1,0,0.675,0.44
406,4,-0.03861052170395851,-0.08734628558158875,2.204345464706421,2.3354489252827952,-0.7682597043579952,2,1,1,0.02,0.08,0.03,0.15,0.9,0.1,-1.2,0.0,0,0,1,0,0.675,0.44
406,5,-0.17383594810962677,0.38107767701148987,-2.3004069328308105,1.3719355072162378,0.5554055908844436,2,1,1,0.02,0.08,0.03,0.15,0.9,0.1,-1.2,0.0,0,0,1,0,0.675,0.44
406,6,0.7994822859764099,0.40742433071136475,3.0009148120880127,4.518338870107832,-2.4172510723137774,2,1,1,0.02,0.08,0.03,0.15,0.9,0.1,-1.2,0.0,0,0,1,0,0.675,0.44
406,7,-0.6580559015274048,0.15396077930927277,-0.7027289271354675,-3.3969329717376766,4.267510890205161,2,1,1,0.02,0.08,0.03,0.15,0.9,0.1,-1.2,0.0,0,0,1,0,0.675,0.44
407,0,0.3099064826965332,0.396129310131073,0.07881565392017365,-1.3927340734929343,5.208441821757939,2,1,1,0.02,0.08,0.03,0.15,0.9,0.1,-1.2,0.0,0,0,1,0,0.675,0.44
407,1,-0.7451109886169434,-0.41925400495529175,2.5621907711029053,5.009400252736364,1.3080322891404539,0,0,0,0.02,0.08,0.03,0.15,0.9,0.1,-1.2,0.0,0,0,1,0,0.675,0.44
407,2,0.5769319534301758,-0.050167035311460495,1.8230571746826172,-1.136481045379149,3.7276960758643853,2,1,1,0.02,0.08,0.03,0.15,0.9,0.1,-1.2,0.0,0,0,1,0,0.675,0.44
407,3,-1.227426528930664,0.010242651216685772,-0.8054672479629517,4.13496470372782,-3.055629222799399,2,1,1,0.02,0.08,0.03,0.15,0.9,0.1,-1.2,0.0,0,0,1,0,0.675,0.44
407,4,-0.03984629735350609,-0.08566929399967194,2.1929664611816406,2.4767115363432044,-1.1138980124681526,2,1,1,0.02,0.08,0.03,0.15,0.9,0.1,-1.2,0.0,0,0,1,0,0.675,0.44
407,5,-0.17519699037075043,0.37963804602622986,-2.346356153488159,0.86740294644317,0.6352224586637362,2,1,1,0.02,0.08,0.03,0.15,0.9,0.1,-1.2,0.0,0,0,1,0,0.675,0.44
407,6,0.7991625070571899,0.4075409471988678,2.6489994525909424,4.418786325605636,-0.5685564066488784,2,1,1,0.02,0.08,0.03,0.15,0.9,0.1,-1.2,0.0,0,0,1,0,0.675,0.44
407,7,-0.6575984954833984,0.15366609394550323,-0.4133125841617584,-3.5209204219635604,4.349648874288428,2,1,1,0.02,0.08,0.03,0.15,0.9,0.1,-1.2,0.0,0,0,1,0,0.675,0.44
408,0,0.3121858835220337,0.39665132761001587,0.3943514823913574,0.18816742687336496,5.567140308535614,2,1,1,0.02,0.08,0.03,0.15,0.9,0.1,-1.2,0.0,0,0,1,0,0.675,0.44
408,1,-0.7490647435188293,-0.41591718792915344,2.332125186920166,3.0538468654311397,1.0234599343341308,0,0,0,0.02,0.08,0.03,0.15,0.9,0.1,-1.2,0.0,0,0,1,0,0.675,0.44
408,2,0.5761269330978394,-0.047946881502866745,1.9972307682037354,-1.4679215773892913,3.9099346986241192,2,1,1,0.02,0.08,0.03,0.15,0.9,0.1,-1.2,0.0,0,0,1,0,0.675,0.44
408,3,-1.2265009880065918,0.009021737612783909,-1.0906552076339722,4.059244352926612,-2.621430948604066,2,1,1,0.02,0.08,0.03,0.15,0.9,0.1,-1.2,0.0,0,0,1,0,0.675,0.44
408,4,-0.04077715799212456,-0.08429189771413803,2.1013264656066895,3.311352283877768,-2.261505098909467,2,1,1,0.02,0.08,0.03,0.15,0.9,0.1,-1.2,0.0,0,0,1,0,0.675,0.44
408,5,-0.17658206820487976,0.378274530172348,-2.377074718475342,0.2339324533152976,0.8280457718046607,2,1,1,0.02,0.08,0.03,0.15,0.9,0.1,-1.2,0.0,0,0,1,0,0.675,0.44
408,6,0.7977950572967529,0.40862837433815,2.3412282466888428,4.2796481087544835,1.529063097535523,2,1,1,0.02,0.08,0.03,0.15,0.9,0.1,-1.2,0.0,0,0,1,0,0.675,0.44
408,7,-0.6573415398597717,0.15360912680625916,-0.12715190649032593,-3.045256376055815,4.3285643009224914,2,1,1,0.02,0.08,0.03,0.15,0.9,0.1,-1.2,0.0,0,0,1,0,0.675,0.44
409,0,0.3146985173225403,0.39813902974128723,0.6536746025085449,1.272237461198878,5.78867665160084,2,1,1,0.02,0.08,0.03,0.15,0.9,0.1,-1.2,0.0,0,0,1,0,0.675,0.44
409,1,-0.7529641389846802,-0.4111141860485077,2.1649603843688965,-0.10188281444379314,1.8184156489801282,0,0,0,0.02,0.08,0.03,0.15,0.9,0.1,-1.2,0.0,0,0,1,0,0.675,0.44
409,2,0.5748667120933533,-0.04571395367383957,2.1674065589904785,-2.0251209150463207,4.116689726820859,2,1,1,0.02,0.08,0.03,0.15,0.9,0.1,-1.2,0.0,0,0,1,0,0.675,0.44
409,3,-1.2260887622833252,0.007983247749507427,-1.346968173980713,3.682142338061884,-1.3155485919591043,2,1,1,0.02,0.08,0.03,0.15,0.9,0.1,-1.2,0.0,0,0,1,0,0.675,0.44
409,4,-0.04142383113503456,-0.08304305374622345,1.9786015748977661,2.6688082479731974,-1.1629667697295103,2,1,1,0.02,0.08,0.03,0.15,0.9,0.1,-1.2,0.0,0,0,1,0,0.675,0.44
409,5,-0.17773686349391937,0.37718716263771057,-2.38925838470459,-0.3383309823559443,1.0504114117681664,2,1,1,0.02,0.08,0.03,0.15,0.9,0.1,-1.2,0.0,0,0,1,0,0.675,0.44
409,6,0.7955561876296997,0.41136977076530457,2.1228890419006348,3.8689779442044645,2.531849985878108,2,1,1,0.02,0.08,0.03,0.15,0.9,0.1,-1.2,0.0,0,0,1,0,0.675,0.44
409,7,-0.6571410298347473,0.15362992882728577,0.1702130138874054,-2.3680144094822615,4.3049492978849,2,1,1,0.02,0.08,0.03,0.15,0.9,0.1,-1.2,0.0,0,0,1,0,0.675,0.44
410,0,0.3181794583797455,0.4015201926231384,0.8688353896141052,0.3605782468021269,5.054328904692897,2,1,1,0.02,0.08,0.03,0.15,0.9,0.1,-1.2,0.0,0,0,1,0,0.675,0.44
410,1,-0.7553431391716003,-0.40728938579559326,2.079444169998169,-2.232645259852982,2.6544148420349702,0,0,0,0.02,0.08,0.03,0.15,0.9,0.1,-1.2,0.0,0,0,1,0,0.675,0.44
410,2,0.5733044147491455,-0.04380396008491516,2.3528149127960205,-1.3014343485796913,3.735492359650948,2,1,1,0.02,0.08,0.03,0.15,0.9,0.1,-1.2,0.0,0,0,1,0,0.675,0.44
410,3,-1.2259299755096436,0.006625709589570761,-1.5843932628631592,3.4684677309196554,-0.6601650208606606,2,1,1,0.02,0.08,0.03,0.15,0.9,0.1,-1.2,0.0,0,0,1,0,0.675,0.44
410,4,-0.04178962484002113,-0.08198776841163635,1.7964932918548584,4.060427194439691,-1.49557318489957,2,1,1,0.02,0.08,0.03,0.15,0.9,0.1,-1.2,0.0,0,0,1,0,0.675,0.44
410,5,-0.1785750836133957,0.376400887966156,-2.3741636276245117,1.341967383240099,-0.4811720520553364,2,1,1,0.02,0.08,0.03,0.15,0.9,0.1,-1.2,0.0,0,0,1,0,0.675,0.44
410,6,0.7930364012718201,0.41605767607688904,2.008143663406372,1.9721264756948669,1.8133908294408603,2,1,1,0.02,0.08,0.03,0.15,0.9,0.1,-1.2,0.0,0,0,1,0,0.675,0.44
410,7,-0.6566892266273499,0.1538257598876953,0.4573608338832855,-1.9211164750323888,4.300095740722239,2,1,1,0.02,0.08,0.03,0.15,0.9,0.1,-1.2,0.0,0,0,1,0,0.675,0.44
411,0,0.32182765007019043,0.40673887729644775,1.0480989217758179,0.5274856364712189,5.223960295673501,2,1,1,0.02,0.08,0.03,0.15,0.9,0.1,-1.2,0.0,0,0,1,0,0.675,0.44
411,1,-0.7563766837120056,-0.4053955376148224,2.1203296184539795,-3.2245549271791982,3.5813037123145173,0,0,0,0.02,0.08,0.03,0.15,0.9,0.1,-1.2,0.0,0,0,1,0,0.675,0.44
411,2,0.5716438293457031,-0.04243611916899681,2.563859224319458,-0.3201298761665923,3.0751292711694167,2,1,1,0.02,0.08,0.03,0.15,0.9,0.1,-1.2,0.0,0,0,1,0,0.675,0.44
411,3,-1.2261768579483032,0.004457106348127127,-1.7704458236694336,3.7381877902501124,-1.3404837909842953,2,1,1,0.02,0.08,0.03,0.15,0.9,0.1,-1.2,0.0,0,0,1,0,0.675,0.44
411,4,-0.04197545722126961,-0.08065953105688095,1.64695143699646,3.940272395109054,-0.9636643185965343,2,1,1,0.02,0.08,0.03,0.15,0.9,0.1,-1.2,0.0,0,0,1,0,0.675,0.44
411,5,-0.17913125455379486,0.37585118412971497,-2.330972909927368,2.525265893046421,-1.8934302693417004,2,1,1,0.02,0.08,0.03,0.15,0.9,0.1,-1.2,0.0,0,0,1,0,0.675,0.44
411,6,0.7905835509300232,0.4217876195907593,1.9510823488235474,-6.28,5.689003553430458,2,1,1,0.02,0.08,0.03,0.15,0.9,0.1,-1.2,0.0,0,0,1,0,0.675,0.44
411,7,-0.6556470990180969,0.15457361936569214,0.7146340012550354,-1.516742038334971,4.249987428517124,2,1,1,0.02,0.08,0.03,0.15,0.9,0.1,-1.2,0.0,0,0,1,0,0.675,0.44
412,0,0.32427525520324707,0.4119170904159546,1.2169163227081299,-6.28,5.392178696334674,2,1,1,0.02,0.08,0.03,0.15,0.9,0.1,-1.2,0.0,0,0,1,0,0.675,0.44
412,1,-0.7567377686500549,-0.4048287868499756,2.2718706130981445,-2.610138779090285,3.36559394914726,0,0,0,0.02,0.08,0.03,0.15,0.9,0.1,-1.2,0.0,0,0,1,0,0.675,0.44
412,2,0.5698923468589783,-0.0415349043905735,2.7625648975372314,0.29035405015602095,2.823685458875609,2,1,1,0.02,0.08,0.03,0.15,0.9,0.1,-1.2,0.0,0,0,1,0,0.675,0.44
412,3,-1.2269237041473389,0.0018286184640601277,-1.9212313890457153,3.7775335343258263,-1.6014027960440838,2,1,1,0.02,0.08,0.03,0.15,0.9,0.1,-1.2,0.0,0,0,1,0,0.675,0.44
412,4,-0.04194045811891556,-0.07832042127847672,1.4629970788955688,3.671290102437233,-0.43332865615113153,2,1,1,0.02,0.08,0.03,0.15,0.9,0.1,-1.2,0.0,0,0,1,0,0.675,0.44
412,5,-0.1797078549861908,0.37525230646133423,-2.372445583343506,2.981225402175059,-2.728777578696756,2,1,1,0.02,0.08,0.03,0.15,0.9,0.1,-1.2,0.0,0,0,1,0,0.675,0.44
412,6,0.7890421152114868,0.42580509185791016,1.937272071838379,-6.28,3.5430579147853702,2,1,1,0.02,0.08,0.03,0.15,0.9,0.1,-1.2,0.0,0,0,1,0,0.675,0.44
412,7,-0.6542013883590698,0.1561744213104248,0.9404436945915222,-1.412810651235971,4.2057227749607895,2,1,1,0.02,0.08,0.03,0.15,0.9,0.1,-1.2,0.0,0,0,1,0,0.675,0.44
413,0,0.3258037865161896,0.41736727952957153,1.3820987939834595,-6.28,5.2026793086572845,2,1,1,0.02,0.08,0.03,0.15,0.9,0.1,-1.2,0.0,0,0,1,0,0.675,0.44
413,1,-0.7569938898086548,-0.40455543994903564,2.4987871646881104,-1.6690425466563403,2.6114006616025103,0,0,0,0.02,0.08,0.03,0.15,0.9,0.1,-1.2,0.0,0,0,1,0,0.675,0.44
413,2,0.5675348043441772,-0.040813151746988297,2.900463104248047,1.0009235029048202,2.5764032227131426,2,1,1,0.02,0.08,0.03,0.15,0.9,0.1,-1.2,0.0,0,0,1,0,0.675,0.44
413,3,-1.2279495000839233,-0.0004412979178596288,-2.0928637981414795,3.483432322500391,-0.9013766392917795,2,1,1,0.02,0.08,0.03,0.15,0.9,0.1,-1.2,0.0,0,0,1,0,0.675,0.44
413,4,-0.04136978089809418,-0.07556422799825668,1.2828515768051147,3.7336518575786917,-0.37485574709992564,2,1,1,0.02,0.08,0.03,0.15,0.9,0.1,-1.2,0.0,0,0,1,0,0.675,0.44
413,5,-0.1802222728729248,0.37480634450912476,-2.509594678878784,2.4373817686035752,-2.221982293830613,2,1,1,0.02,0.08,0.03,0.15,0.9,0.1,-1.2,0.0,0,0,1,0,0.675,0.44
413,6,0.788966715335846,0.4261741638183594,2.2806074619293213,-6.28,3.034236428095912,2,1,1,0.02,0.08,0.03,0.15,0.9,0.1,-1.2,0.0,0,0,1,0,0.675,0.44
413,7,-0.6528405547142029,0.15847331285476685,1.1460024118423462,-1.3801793632253598,4.179821720734943,2,1,1,0.02,0.08,0.03,0.15,0.9,0.1,-1.2,0.0,0,0,1,0,0.675,0.44
414,0,0.3260314464569092,0.41733765602111816,1.7615411281585693,-6.28,4.514456314282102,2,1,1,0.02,0.08,0.03,0.15,0.9,0.1,-1.2,0.0,0,0,1,0,0.675,0.44
414,1,-0.75757896900177,-0.4042290151119232,2.7155392169952393,-0.7554843351227762,2.2004583318899433,0,0,0,0.02,0.08,0.03,0.15,0.9,0.1,-1.2,0.0,0,0,1,0,0.675,0.44
414,2,0.5646029710769653,-0.0402575321495533,2.9966177940368652,1.8849405662853826,1.8400021780975022,2,1,1,0.02,0.08,0.03,0.15,0.9,0.1,-1.2,0.0,0,0,1,0,0.675,0.44
414,3,-1.229218602180481,-0.002279119100421667,-2.280019521713257,4.511317964009912,-4.540594784291331,2,1,1,0.02,0.08,0.03,0.15,0.9,0.1,-1.2,0.0,0,0,1,0,0.675,0.44
414,4,-0.04023014008998871,-0.07262688130140305,1.1319451332092285,3.2826819462520027,0.0432862205004686,2,1,1,0.02,0.08,0.03,0.15,0.9,0.1,-1.2,0.0,0,0,1,0,0.675,0.44
414,5,-0.18050169944763184,0.3746205270290375,-2.7017650604248047,0.14723208301393276,0.2662132898793933,2,1,1,0.02,0.08,0.03,0.15,0.9,0.1,-1.2,0.0,0,0,1,0,0.675,0.44
414,6,0.7905306220054626,0.4249739348888397,2.6714820861816406,-5.610179791336785,3.9860830366631155,2,1,1,0.02,0.08,0.03,0.15,0.9,0.1,-1.2,0.0,0,0,1,0,0.675,0.44
414,7,-0.6518610715866089,0.16137173771858215,1.3534095287322998,-2.7142785397656173,4.54075549402559,2,1,1,0.02,0.08,0.03,0.15,0.9,0.1,-1.2,0.0,0,0,1,0,0.675,0.44
415,0,0.32621803879737854,0.4168594777584076,2.093301773071289,-5.399464789432382,4.331580181480389,2,1,1,0.02,0.08,0.03,0.15,0.9,0.1,-1.2,0.0,0,0,1,0,0.675,0.44
415,1,-0.758438766002655,-0.4039480984210968,2.877476930618286,-0.04198718058405302,1.628390029076697,0,0,0,0.02,0.08,0.03,0.15,0.9,0.1,-1.2,0.0,0,0,1,0,0.675,0.44
415,2,0.5611830949783325,-0.03988495469093323,3.059563159942627,1.913351973157738,1.888293626339327,2,1,1,0.02,0.08,0.03,0.15,0.9,0.1,-1.2,0.0,0,0,1,0,0.675,0.44
415,3,-1.2310019731521606,-0.004044256638735533,-2.441030263900757,4.793720613853277,-5.075338851348699,2,1,1,0.02,0.08,0.03,0.15,0.9,0.1,-1.2,0.0,0,0,1,0,0.675,0.44
415,4,-0.03859836235642433,-0.06972111761569977,0.9878342747688293,3.1001680954861075,0.32233928552516733,2,1,1,0.02,0.08,0.03,0.15,0.9,0.1,-1.2,0.0,0,0,1,0,0.675,0.44
415,5,-0.18070796132087708,0.3745249807834625,-2.8731484413146973,0.3446843948990373,0.44873581558165293,2,1,1,0.02,0.08,0.03,0.15,0.9,0.1,-1.2,0.0,0,0,1,0,0.675,0.44
415,6,0.7886202931404114,0.42586755752563477,2.829141616821289,-5.596541290519526,3.9140884266113067,2,1,1,0.02,0.08,0.03,0.15,0.9,0.1,-1.2,0.0,0,0,1,0,0.675,0.44
415,7,-0.6514792442321777,0.1646801084280014,1.5672869682312012,-2.1434476513405576,4.59566380881896,2,1,1,0.02,0.08,0.03,0.15,0.9,0.1,-1.2,0.0,0,0,1,0,0.675,0.44
416,0,0.32476481795310974,0.4187369644641876,2.1904802322387695,-6.28,3.984529763037317,2,1,1,0.02,0.08,0.03,0.15,0.9,0.1,-1.2,0.0,0,0,1,0,0.675,0.44
416,1,-0.7597572207450867,-0.4036877453327179,2.9898483753204346,0.33808215227530986,1.6828806437912867,0,0,0,0.02,0.08,0.03,0.15,0.9,0.1,-1.2,0.0,0,0,1,0,0.675,0.44
416,2,0.5575055480003357,-0.03963005542755127,3.0691683292388916,2.7557528676317755,-1.7506985821986647,2,1,1,0.02,0.08,0.03,0.15,0.9,0.1,-1.2,0.0,0,0,1,0,0.675,0.44
416,3,-1.231385588645935,-0.004351255018264055,-2.727856397628784,4.817355019608499,-5.283323390046121,2,1,1,0.02,0.08,0.03,0.15,0.9,0.1,-1.2,0.0,0,0,1,0,0.675,0.44
416,4,-0.036596301943063736,-0.06705880910158157,0.8682636618614197,0.1198445988784283,1.6183777107283526,2,1,1,0.02,0.08,0.03,0.15,0.9,0.1,-1.2,0.0,0,0,1,0,0.675,0.44
416,5,-0.18107189238071442,0.3744363784790039,-2.9015228748321533,1.4133555680302605,-0.004426354676429888,2,1,1,0.02,0.08,0.03,0.15,0.9,0.1,-1.2,0.0,0,0,1,0,0.675,0.44
416,6,0.7867252826690674,0.4263581335544586,3.0421814918518066,-4.697233520845245,4.355634085268354,2,1,1,0.02,0.08,0.03,0.15,0.9,0.1,-1.2,0.0,0,0,1,0,0.675,0.44
416,7,-0.651715874671936,0.1670602709054947,1.823359489440918,-1.3654444366506757,4.6595832500043555,2,1,1,0.02,0.08,0.03,0.15,0.9,0.1,-1.2,0.0,0,0,1,0,0.675,0.44
417,0,0.3249857723712921,0.41883209347724915,2.5178258419036865,-4.532997379728196,4.442101696897443,2,1,1,0.02,0.08,0.03,0.15,0.9,0.1,-1.2,0.0,0,0,1,0,0.675,0.44
417,1,-0.7613039016723633,-0.4035165011882782,3.0569472312927246,0.5299752667620304,1.939501404678327,0,0,0,0.02,0.08,0.03,0.15,0.9,0.1,-1.2,0.0,0,0,1,0,0.675,0.44
417,2,0.5537329316139221,-0.03935888409614563,3.067983388900757,2.5300158375074595,-1.6846765792763962,2,1,1,0.02,0.08,0.03,0.15,0.9,0.1,-1.2,0.0,0,0,1,0,0.675,0.44
417,3,-1.231421709060669,-0.004346576053649187,-3.0921900272369385,4.663091944073831,-5.0912736207690354,2,1,1,0.02,0.08,0.03,0.15,0.9,0.1,-1.2,0.0,0,0,1,0,0.675,0.44
417,4,-0.03426863253116608,-0.06457848846912384,0.7677991986274719,-0.7780517721231078,2.1716407717314037,2,1,1,0.02,0.08,0.03,0.15,0.9,0.1,-1.2,0.0,0,0,1,0,0.675,0.44
417,5,-0.18176420032978058,0.3742649555206299,-2.8972411155700684,1.1361600836319743,-0.029916276349588062,2,1,1,0.02,0.08,0.03,0.15,0.9,0.1,-1.2,0.0,0,0,1,0,0.675,0.44
417,6,0.7862768769264221,0.42638829350471497,-2.9296183586120605,-2.593258463326869,5.244436048451838,2,1,1,0.02,0.08,0.03,0.15,0.9,0.1,-1.2,0.0,0,0,1,0,0.675,0.44
417,7,-0.6528273224830627,0.16964739561080933,2.0873119831085205,-0.6547874326963226,4.693682574150175,2,1,1,0.02,0.08,0.03,0.15,0.9,0.1,-1.2,0.0,0,0,1,0,0.675,0.44
418,0,0.3229050934314728,0.4197014272212982,2.7431445121765137,-3.8080463878557778,4.662447674719883,2,1,1,0.02,0.08,0.03,0.15,0.9,0.1,-1.2,0.0,0,0,1,0,0.675,0.44
418,1,-0.7632330656051636,-0.4034072458744049,3.1061525344848633,0.584336915034099,2.3687533390675966,0,0,0,0.02,0.08,0.03,0.15,0.9,0.1,-1.2,0.0,0,0,1,0,0.675,0.44
418,2,0.5521740317344666,-0.039207447320222855,2.940953254699707,1.434647013285397,-0.6376061748381616,2,1,1,0.02,0.08,0.03,0.15,0.9,0.1,-1.2,0.0,0,0,1,0,0.675,0.44
418,3,-1.231174111366272,-0.004368365276604891,2.783681869506836,4.509043573449299,-4.674321173737689,2,1,1,0.02,0.08,0.03,0.15,0.9,0.1,-1.2,0.0,0,0,1,0,0.675,0.44
418,4,-0.032761864364147186,-0.06316680461168289,0.7908815741539001,-6.28,6.28,2,1,1,0.02,0.08,0.03,0.15,0.9,0.1,-1.2,0.0,0,0,1,0,0.675,0.44
418,5,-0.1830158829689026,0.37397345900535583,-2.9362192153930664,1.1124942326543175,0.18392537295843728,2,1,1,0.02,0.08,0.03,0.15,0.9,0.1,-1.2,0.0,0,0,1,0,0.675,0.44
418,6,0.7854533791542053,0.4263628423213959,-2.601773738861084,2.4862508032910857,6.28,2,1,1,0.02,0.08,0.03,0.15,0.9,0.1,-1.2,0.0,0,0,1,0,0.675,0.44
418,7,-0.6547918319702148,0.17250879108905792,2.3288471698760986,-0.05006930232912474,4.670757049029383,2,1,1,0.02,0.08,0.03,0.15,0.9,0.1,-1.2,0.0,0,0,1,0,0.675,0.44
419,0,0.32155659794807434,0.4200913906097412,3.0408856868743896,-1.838493788544332,5.327409519781509,2,1,1,0.02,0.08,0.03,0.15,0.9,0.1,-1.2,0.0,0,0,1,0,0.675,0.44
419,1,-0.7656119465827942,-0.4033834636211395,-3.128121852874756,0.7699354328628752,2.270255960211353,0,0,0,0.02,0.08,0.03,0.15,0.9,0.1,-1.2,0.0,0,0,1,0,0.675,0.44
419,2,0.5513171553611755,-0.03895939514040947,2.7900571823120117,-0.27678078278661244,1.0872486862145345,2,1,1,0.02,0.08,0.03,0.15,0.9,0.1,-1.2,0.0,0,0,1,0,0.675,0.44
419,3,-1.2322232723236084,-0.00398792140185833,2.4740757942199707,4.419210723314687,-4.168318441782399,2,1,1,0.02,0.08,0.03,0.15,0.9,0.1,-1.2,0.0,0,0,1,0,0.675,0.44
419,4,-0.03176594898104668,-0.062102530151605606,0.8844835162162781,2.393875038476038,-2.3157879646353905,2,1,1,0.02,0.08,0.03,0.15,0.9,0.1,-1.2,0.0,0,0,1,0,0.675,0.44
419,5,-0.1841629296541214,0.373759001493454,-2.978888511657715,2.0086464714302656,0.24012856875518657,2,1,1,0.02,0.08,0.03,0.15,0.9,0.1,-1.2,0.0,0,0,1,0,0.675,0.44
419,6,0.783683180809021,0.42492175102233887,-2.279810905456543,3.713159724848551,6.28,2,1,1,0.02,0.08,0.03,0.15,0.9,0.1,-1.2,0.0,0,0,1,0,0.675,0.44
419,7,-0.6576230525970459,0.174989253282547,2.526451826095581,0.37208082710184254,4.567389613047465,2,1,1,0.02,0.08,0.03,0.15,0.9,0.1,-1.2,0.0,0,0,1,0,0.675,0.44
420,0,0.320961058139801,0.42006027698516846,-2.886521100997925,0.4224014666692682,6.050605364908792,2,1,1,0.02,0.08,0.03,0.15,0.9,0.1,-1.2,0.0,0,0,1,0,0.675,0.44
420,1,-0.7684663534164429,-0.4035058617591858,-3.068134069442749,0.840919951783703,2.5113798381348,0,0,0,0.02,0.08,0.03,0.15,0.9,0.1,-1.2,0.0,0,0,1,0,0.675,0.44
420,2,0.5505627393722534,-0.038645945489406586,2.702077865600586,-1.3290212099784933,2.1603041131442184,2,1,1,0.02,0.08,0.03,0.15,0.9,0.1,-1.2,0.0,0,0,1,0,0.675,0.44
420,3,-1.232940435409546,-0.0034308601170778275,2.1395459175109863,2.9188356065080163,-0.8370063798947823,2,1,1,0.02,0.08,0.03,0.15,0.9,0.1,-1.2,0.0,0,0,1,0,0.675,0.44
420,4,-0.03149615228176117,-0.06181531026959419,1.2663097381591797,-3.9932292684095536,4.1837022851805,2,1,1,0.02,0.08,0.03,0.15,0.9,0.1,-1.2,0.0,0,0,1,0,0.675,0.44
420,5,-0.1854078769683838,0.3735763430595398,-3.0131311416625977,1.5085838597614871,0.5418117884330512,2,1,1,0.02,0.08,0.03,0.15,0.9,0.1,-1.2,0.0,0,0,1,0,0.675,0.44
420,6,0.7794844508171082,0.4187587797641754,-2.092829942703247,-5.879018208361979,4.684150405391837,2,1,1,0.02,0.08,0.03,0.15,0.9,0.1,-1.2,0.0,0,0,1,0,0.675,0.44
420,7,-0.661485493183136,0.1772395372390747,2.6970930099487305,0.2666248129790428,3.2801890392748043,2,1,1,0.02,0.08,0.03,0.15,0.9,0.1,-1.2,0.0,0,0,1,0,0.675,0.44
421,0,0.3186420202255249,0.41891607642173767,-2.590848445892334,1.6362984265049747,5.731181617812629,2,1,1,0.02,0.08,0.03,0.15,0.9,0.1,-1.2,0.0,0,0,1,0,0.675,0.44
421,1,-0.7714741230010986,-0.40381428599357605,-3.0134620666503906,1.090635039555885,2.2407006768071946,0,0,0,0.02,0.08,0.03,0.15,0.9,0.1,-1.2,0.0,0,0,1,0,0.675,0.44
421,2,0.5498351454734802,-0.038299571722745895,2.726146936416626,-2.227547399001364,3.019608362014681,2,1,1,0.02,0.08,0.03,0.15,0.9,0.1,-1.2,0.0,0,0,1,0,0.675,0.44
421,3,-1.2330286502838135,-0.0030309557914733887,1.7843677997589111,2.661107622337936,-0.6051277401763998,2,1,1,0.02,0.08,0.03,0.15,0.9,0.1,-1.2,0.0,0,0,1,0,0.675,0.44
421,4,-0.03146391361951828,-0.061770208179950714,1.2165998220443726,-3.8979515626690144,4.094439862453571,2,1,1,0.02,0.08,0.03,0.15,0.9,0.1,-1.2,0.0,0,0,1,0,0.675,0.44
421,5,-0.1874563843011856,0.3733687996864319,-3.069324493408203,1.5094870560098776,0.8372287221025336,2,1,1,0.02,0.08,0.03,0.15,0.9,0.1,-1.2,0.0,0,0,1,0,0.675,0.44
421,6,0.7752002477645874,0.4103010594844818,-1.9871994256973267,-6.28,4.843344607538588,2,1,1,0.02,0.08,0.03,0.15,0.9,0.1,-1.2,0.0,0,0,1,0,0.675,0.44
421,7,-0.6660313010215759,0.17899680137634277,2.8475682735443115,-5.157823400595173,4.320065470435602,2,1,1,0.02,0.08,0.03,0.15,0.9,0.1,-1.2,0.0,0,0,1,0,0.675,0.44
422,0,0.3147578835487366,0.41586315631866455,-2.3815770149230957,1.5292407765984524,4.174021789535591,2,1,1,0.02,0.08,0.03,0.15,0.9,0.1,-1.2,0.0,0,0,1,0,0.675,0.44
422,1,-0.7747225761413574,-0.40432795882225037,-2.955941677093506,0.9420491858268382,2.830822837115734,0,0,0,0.02,0.08,0.03,0.15,0.9,0.1,-1.2,0.0,0,0,1,0,0.675,0.44
422,2,0.549065351486206,-0.038000453263521194,2.8339195251464844,-1.9117222130381468,2.6219945075868702,2,1,1,0.02,0.08,0.03,0.15,0.9,0.1,-1.2,0.0,0,0,1,0,0.675,0.44
422,3,-1.2331739664077759,-0.0013122825184836984,1.588348388671875,2.1035079348327983,0.11178215672166934,2,1,1,0.02,0.08,0.03,0.15,0.9,0.1,-1.2,0.0,0,0,1,0,0.675,0.44
422,4,-0.031398750841617584,-0.06158820539712906,1.4169654846191406,-3.850250734521675,4.189563595270135,2,1,1,0.02,0.08,0.03,0.15,0.9,0.1,-1.2,0.0,0,0,1,0,0.675,0.44
422,5,-0.1895444393157959,0.37326493859291077,-3.1088967323303223,2.315193442382541,1.0713060997986572,2,1,1,0.02,0.08,0.03,0.15,0.9,0.1,-1.2,0.0,0,0,1,0,0.675,0.44
422,6,0.7745991349220276,0.4091762900352478,-1.6472554206848145,-6.28,4.098147136399259,2,1,1,0.02,0.08,0.03,0.15,0.9,0.1,-1.2,0.0,0,0,1,0,0.675,0.44
422,7,-0.6697378158569336,0.17988909780979156,2.961367130279541,-4.709802086648529,4.412183250484055,2,1,1,0.02,0.08,0.03,0.15,0.9,0.1,-1.2,0.0,0,0,1,0,0.675,0.44
423,0,0.3102666139602661,0.4107890725135803,-2.214327573776245,0.8968870803734027,2.2997371877070787,2,1,1,0.02,0.08,0.03,0.15,0.9,0.1,-1.2,0.0,0,0,1,0,0.675,0.44
423,1,-0.7779832482337952,-0.40502458810806274,-2.9118692874908447,1.2424923493659457,2.4901858614054784,0,0,0,0.02,0.08,0.03,0.15,0.9,0.1,-1.2,0.0,0,0,1,0,0.675,0.44
423,2,0.5482824444770813,-0.03782658651471138,3.0062198638916016,-1.4856484623199884,2.2314835643966044,2,1,1,0.02,0.08,0.03,0.15,0.9,0.1,-1.2,0.0,0,0,1,0,0.675,0.44
423,3,-1.2330846786499023,0.0005627015489153564,1.45648992061615,2.5439318184507997,-0.6571879977834097,2,1,1,0.02,0.08,0.03,0.15,0.9,0.1,-1.2,0.0,0,0,1,0,0.675,0.44
423,4,-0.031390875577926636,-0.06080465018749237,1.7299633026123047,-4.6713114296453995,4.493169471262286,2,1,1,0.02,0.08,0.03,0.15,0.9,0.1,-1.2,0.0,0,0,1,0,0.675,0.44
423,5,-0.19183120131492615,0.373223215341568,-3.134547233581543,2.6214706244825683,1.1434321686151803,2,1,1,0.02,0.08,0.03,0.15,0.9,0.1,-1.2,0.0,0,0,1,0,0.675,0.44
423,6,0.7744491696357727,0.4105057716369629,-1.2208380699157715,-6.28,4.098400048306612,2,1,1,0.02,0.08,0.03,0.15,0.9,0.1,-1.2,0.0,0,0,1,0,0.675,0.44
423,7,-0.6697616577148438,0.17995494604110718,-3.032991409301758,-2.750901534024484,4.853994132192178,2,1,1,0.02,0.08,0.03,0.15,0.9,0.1,-1.2,0.0,0,0,1,0,0.675,0.44
424,0,0.30695641040802,0.4058205783367157,-2.1076016426086426,1.0328045133440258,0.9846502588316834,2,1,1,0.02,0.08,0.03,0.15,0.9,0.1,-1.2,0.0,0,0,1,0,0.675,0.44
424,1,-0.7815458178520203,-0.40596458315849304,-2.850703477859497,1.70339931645729,1.8116992335144264,0,0,0,0.02,0.08,0.03,0.15,0.9,0.1,-1.2,0.0,0,0,1,0,0.675,0.44
424,2,0.5475531816482544,-0.03779349476099014,-3.112520456314087,-0.8444064514247659,1.9271160685534847,2,1,1,0.02,0.08,0.03,0.15,0.9,0.1,-1.2,0.0,0,0,1,0,0.675,0.44
424,3,-1.2327548265457153,0.002528654644265771,1.3706923723220825,2.5339671197024938,-0.6579776829831518,2,1,1,0.02,0.08,0.03,0.15,0.9,0.1,-1.2,0.0,0,0,1,0,0.675,0.44
424,4,-0.031498510390520096,-0.06043118238449097,2.0693764686584473,-3.900646675604222,4.415360354071984,2,1,1,0.02,0.08,0.03,0.15,0.9,0.1,-1.2,0.0,0,0,1,0,0.675,0.44
424,5,-0.19500982761383057,0.373259574174881,3.1089766025543213,2.2181622003782806,1.087286245294973,2,1,1,0.02,0.08,0.03,0.15,0.9,0.1,-1.2,0.0,0,0,1,0,0.675,0.44
424,6,0.7756953239440918,0.4087000787258148,-0.9848304390907288,-6.28,4.060217347677268,2,1,1,0.02,0.08,0.03,0.15,0.9,0.1,-1.2,0.0,0,0,1,0,0.675,0.44
424,7,-0.668849527835846,0.18015719950199127,-2.689028024673462,-0.31534847455418347,5.401557225909812,2,1,1,0.02,0.08,0.03,0.15,0.9,0.1,-1.2,0.0,0,0,1,0,0.675,0.44
425,0,0.3051786720752716,0.4025934040546417,-2.0493524074554443,4.05116967761951,-6.28,2,1,1,0.02,0.08,0.03,0.15,0.9,0.1,-1.2,0.0,0,0,1,0,0.675,0.44
425,1,-0.7850998044013977,-0.40713372826576233,-2.8023488521575928,2.2150010415919152,0.7702992095203726,0,0,0,0.02,0.08,0.03,0.15,0.9,0.1,-1.2,0.0,0,0,1,0,0.675,0.44
425,2,0.5468748211860657,-0.03786041587591171,-2.9744441509246826,0.1992223468098915,1.3391105159292183,2,1,1,0.02,0.08,0.03,0.15,0.9,0.1,-1.2,0.0,0,0,1,0,0.675,0.44
425,3,-1.2323359251022339,0.00416418956592679,1.2583036422729492,2.5477091771386324,-0.7776810811206767,2,1,1,0.02,0.08,0.03,0.15,0.9,0.1,-1.2,0.0,0,0,1,0,0.675,0.44
425,4,-0.031474459916353226,-0.06047464907169342,2.4342803955078125,-3.9851708552181835,4.445127513826314,2,1,1,0.02,0.08,0.03,0.15,0.9,0.1,-1.2,0.0,0,0,1,0,0.675,0.44
425,5,-0.19869430363178253,0.37346911430358887,3.0586955547332764,1.9576597077187063,0.9988341170016759,2,1,1,0.02,0.08,0.03,0.15,0.9,0.1,-1.2,0.0,0,0,1,0,0.675,0.44
425,6,0.7787482142448425,0.404962956905365,-0.8639233708381653,-6.28,3.871664854127192,2,1,1,0.02,0.08,0.03,0.15,0.9,0.1,-1.2,0.0,0,0,1,0,0.675,0.44
425,7,-0.6699362397193909,0.17935216426849365,-2.3756422996520996,1.4543199533589999,5.71209194492767,2,1,1,0.02,0.08,0.03,0.15,0.9,0.1,-1.2,0.0,0,0,1,0,0.675,0.44
426,0,0.304176390171051,0.40059325098991394,-2.041473388671875,3.925991852256444,-6.28,2,1,1,0.02,0.08,0.03,0.15,0.9,0.1,-1.2,0.0,0,0,1,0,0.675,0.44
426,1,-0.7884402275085449,-0.40835654735565186,-2.790595769882202,1.9904198507919975,1.5799434162003752,0,0,0,0.02,0.08,0.03,0.15,0.9,0.1,-1.2,0.0,0,0,1,0,0.675,0.44
426,2,0.5459066033363342,-0.03808809071779251,-2.8701298236846924,-0.007208984387037723,2.0386193913561446,2,1,1,0.02,0.08,0.03,0.15,0.9,0.1,-1.2,0.0,0,0,1,0,0.675,0.44
426,3,-1.2317644357681274,0.0056328424252569675,1.135839581489563,2.947919805423532,-1.5845807928679914,2,1,1,0.02,0.08,0.03,0.15,0.9,0.1,-1.2,0.0,0,0,1,0,0.675,0.44
426,4,-0.03163369372487068,-0.06040776148438454,2.7858829498291016,-2.362561046974211,4.270660035541475,2,1,1,0.02,0.08,0.03,0.15,0.9,0.1,-1.2,0.0,0,0,1,0,0.675,0.44
426,5,-0.20207403600215912,0.3738245666027069,3.0165369510650635,2.0703798974108953,1.0381952542456048,2,1,1,0.02,0.08,0.03,0.15,0.9,0.1,-1.2,0.0,0,0,1,0,0.675,0.44
426,6,0.7788292765617371,0.4051082134246826,-0.5536969304084778,-4.780217741674736,4.363929902262047,2,1,1,0.02,0.08,0.03,0.15,0.9,0.1,-1.2,0.0,0,0,1,0,0.675,0.44
426,7,-0.6725288033485413,0.17608623206615448,-2.1334400177001953,1.8562659913304431,5.738174006520462,2,1,1,0.02,0.08,0.03,0.15,0.9,0.1,-1.2,0.0,0,0,1,0,0.675,0.44
427,0,0.30502039194107056,0.40171369910240173,-2.3351123332977295,4.029724160337681,-6.28,2,1,1,0.02,0.08,0.03,0.15,0.9,0.1,-1.2,0.0,0,0,1,0,0.675,0.44
427,1,-0.7913522124290466,-0.40939000248908997,-2.830497980117798,2.3245300211769715,0.7034746601725586,0,0,0,0.02,0.08,0.03,0.15,0.9,0.1,-1.2,0.0,0,0,1,0,0.675,0.44
427,2,0.5445534586906433,-0.03851960599422455,-2.8180785179138184,0.3203620642419821,1.864356456830575,2,1,1,0.02,0.08,0.03,0.15,0.9,0.1,-1.2,0.0,0,0,1,0,0.675,0.44
427,3,-1.231061577796936,0.006935300305485725,1.00922429561615,3.596569798592279,-2.8164167999874965,2,1,1,0.02,0.08,0.03,0.15,0.9,0.1,-1.2,0.0,0,0,1,0,0.675,0.44
427,4,-0.031616538763046265,-0.06038113683462143,3.121530532836914,-0.7302309159952686,4.184038102179059,2,1,1,0.02,0.08,0.03,0.15,0.9,0.1,-1.2,0.0,0,0,1,0,0.675,0.44
427,5,-0.20506958663463593,0.37425506114959717,2.981692314147949,1.9397278834036489,1.0749708604165409,2,1,1,0.02,0.08,0.03,0.15,0.9,0.1,-1.2,0.0,0,0,1,0,0.675,0.44
427,6,0.7814176082611084,0.4040449261665344,-0.36993923783302307,-3.652804968932699,4.7451792351782665,2,1,1,0.02,0.08,0.03,0.15,0.9,0.1,-1.2,0.0,0,0,1,0,0.675,0.44
427,7,-0.6755545735359192,0.17003382742404938,-1.9418503046035767,-1.87151833868213,2.885328349101943,2,1,1,0.02,0.08,0.03,0.15,0.9,0.1,-1.2,0.0,0,0,1,0,0.675,0.44
428,0,0.30624979734420776,0.40250512957572937,-2.7323410511016846,4.849184288951259,-3.0871170921762467,2,1,1,0.02,0.08,0.03,0.15,0.9,0.1,-1.2,0.0,0,0,1,0,0.675,0.44
428,1,-0.7946543097496033,-0.4104006886482239,-2.852241277694702,2.275050581020269,0.9372152345798298,0,0,0,0.02,0.08,0.03,0.15,0.9,0.1,-1.2,0.0,0,0,1,0,0.675,0.44
428,2,0.542743980884552,-0.039191097021102905,-2.7526934146881104,0.2585574975220774,2.24537196818343,2,1,1,0.02,0.08,0.03,0.15,0.9,0.1,-1.2,0.0,0,0,1,0,0.675,0.44
428,3,-1.2304117679595947,0.007828745059669018,0.8464999794960022,4.244481356587403,-4.025568650808327,2,1,1,0.02,0.08,0.03,0.15,0.9,0.1,-1.2,0.0,0,0,1,0,0.675,0.44
428,4,-0.03265305235981941,-0.06053546816110611,-2.8913230895996094,0.018247570723652073,4.252058136249352,2,1,1,0.02,0.08,0.03,0.15,0.9,0.1,-1.2,0.0,0,0,1,0,0.675,0.44
428,5,-0.2080993354320526,0.3747987151145935,2.945993661880493,2.0902505299336847,1.079748142007887,2,1,1,0.02,0.08,0.03,0.15,0.9,0.1,-1.2,0.0,0,0,1,0,0.675,0.44
428,6,0.7821766138076782,0.4037168025970459,-0.06549490243196487,-2.0582178038325396,5.332286743195474,2,1,1,0.02,0.08,0.03,0.15,0.9,0.1,-1.2,0.0,0,0,1,0,0.675,0.44
428,7,-0.6777198314666748,0.162832573056221,-1.7752765417099,-2.622169668493747,3.414984318226076,2,1,1,0.02,0.08,0.03,0.15,0.9,0.1,-1.2,0.0,0,0,1,0,0.675,0.44
429,0,0.3038615584373474,0.401713103055954,-2.938298225402832,5.298716870986097,-1.7556679169904061,2,1,1,0.02,0.08,0.03,0.15,0.9,0.1,-1.2,0.0,0,0,1,0,0.675,0.44
429,1,-0.7976762652397156,-0.41124218702316284,-2.9006714820861816,2.1613421440107365,1.2848969949810436,0,0,0,0.02,0.08,0.03,0.15,0.9,0.1,-1.2,0.0,0,0,1,0,0.675,0.44
429,2,0.5407794117927551,-0.04007050767540932,-2.694974184036255,0.7149195547782987,1.7799079446702524,2,1,1,0.02,0.08,0.03,0.15,0.9,0.1,-1.2,0.0,0,0,1,0,0.675,0.44
429,3,-1.229934573173523,0.008276751264929771,0.6252700090408325,4.150948978248159,-3.818689895522784,2,1,1,0.02,0.08,0.03,0.15,0.9,0.1,-1.2,0.0,0,0,1,0,0.675,0.44
429,4,-0.03539271652698517,-0.0615847185254097,-2.7010581493377686,-0.02242936258219884,4.277816370772353,2,1,1,0.02,0.08,0.03,0.15,0.9,0.1,-1.2,0.0,0,0,1,0,0.675,0.44
429,5,-0.21106448769569397,0.3754388689994812,2.914461374282837,2.3060485409074785,1.0354345282017003,2,1,1,0.02,0.08,0.03,0.15,0.9,0.1,-1.2,0.0,0,0,1,0,0.675,0.44
429,6,0.7833231091499329,0.4038052558898926,0.285105437040329,0.030892980376766993,5.829739363246678,2,1,1,0.02,0.08,0.03,0.15,0.9,0.1,-1.2,0.0,0,0,1,0,0.675,0.44
429,7,-0.6780768632888794,0.16017578542232513,-1.5973962545394897,-1.294495142854213,2.5412100481292046,2,1,1,0.02,0.08,0.03,0.15,0.9,0.1,-1.2,0.0,0,0,1,0,0.675,0.44
430,0,0.30149638652801514,0.40136176347732544,3.076106548309326,5.841185196943601,-0.40102241101007857,2,1,1,0.02,0.08,0.03,0.15,0.9,0.1,-1.2,0.0,0,0,1,0,0.675,0.44
430,1,-0.800778329372406,-0.4119248688220978,-2.94964861869812,2.682231171269968,0.2010366026485983,0,0,0,0.02,0.08,0.03,0.15,0.9,0.1,-1.2,0.0,0,0,1,0,0.675,0.44
430,2,0.538615345954895,-0.041196517646312714,-2.628324031829834,0.45370712343217096,2.260936955520973,2,1,1,0.02,0.08,0.03,0.15,0.9,0.1,-1.2,0.0,0,0,1,0,0.675,0.44
430,3,-1.2296936511993408,0.008396660909056664,0.3440716862678528,4.483946636357149,-4.515077218451341,2,1,1,0.02,0.08,0.03,0.15,0.9,0.1,-1.2,0.0,0,0,1,0,0.675,0.44
430,4,-0.03893641009926796,-0.06360798329114914,-2.5481390953063965,0.039987152984527485,4.184814566204163,2,1,1,0.02,0.08,0.03,0.15,0.9,0.1,-1.2,0.0,0,0,1,0,0.675,0.44
430,5,-0.21410992741584778,0.37619832158088684,2.880005359649658,2.904154965645921,0.843645759849667,2,1,1,0.02,0.08,0.03,0.15,0.9,0.1,-1.2,0.0,0,0,1,0,0.675,0.44
430,6,0.785437285900116,0.4049605131149292,0.5854340195655823,1.7973557374759037,5.884724519919893,2,1,1,0.02,0.08,0.03,0.15,0.9,0.1,-1.2,0.0,0,0,1,0,0.675,0.44
430,7,-0.6780039668083191,0.15925896167755127,-1.3915642499923706,-0.5145886380986351,2.007530003336121,2,1,1,0.02,0.08,0.03,0.15,0.9,0.1,-1.2,0.0,0,0,1,0,0.675,0.44
431,0,0.2983645796775818,0.4020523428916931,2.7699482440948486,6.2154411807183045,0.7450578920496514,2,1,1,0.02,0.08,0.03,0.15,0.9,0.1,-1.2,0.0,0,0,1,0,0.675,0.44
431,1,-0.8041273951530457,-0.41250765323638916,-2.9836530685424805,0.14986899977182738,0.710163129377963,0,0,0,0.02,0.08,0.03,0.15,0.9,0.1,-1.2,0.0,0,0,1,0,0.675,0.44
431,2,0.5364742279052734,-0.04247928783297539,-2.584460735321045,0.24378917584254034,2.2731450437039302,2,1,1,0.02,0.08,0.03,0.15,0.9,0.1,-1.2,0.0,0,0,1,0,0.675,0.44
431,3,-1.2293870449066162,0.00843129027634859,0.06075360253453255,6.28,-6.28,2,1,1,0.02,0.08,0.03,0.15,0.9,0.1,-1.2,0.0,0,0,1,0,0.675,0.44
431,4,-0.04228980094194412,-0.06623673439025879,-2.3984146118164062,0.5768936611040085,3.9329171071158964,2,1,1,0.02,0.08,0.03,0.15,0.9,0.1,-1.2,0.0,0,0,1,0,0.675,0.44
431,5,-0.21728676557540894,0.37711969017982483,2.8371949195861816,2.534723706035756,0.7674603887308035,2,1,1,0.02,0.08,0.03,0.15,0.9,0.1,-1.2,0.0,0,0,1,0,0.675,0.44
431,6,0.789296567440033,0.4083256125450134,0.8332597017288208,2.9191175654513644,5.542374998868225,2,1,1,0.02,0.08,0.03,0.15,0.9,0.1,-1.2,0.0,0,0,1,0,0.675,0.44
431,7,-0.6776829361915588,0.1581043303012848,-1.234521508216858,0.19879030147443133,1.4668643426433998,2,1,1,0.02,0.08,0.03,0.15,0.9,0.1,-1.2,0.0,0,0,1,0,0.675,0.44
432,0,0.29422783851623535,0.4044036269187927,2.5143091678619385,3.78417580209557,-1.725649553882892,2,1,1,0.02,0.08,0.03,0.15,0.9,0.1,-1.2,0.0,0,0,1,0,0.675,0.44
432,1,-0.8071000576019287,-0.4128929376602173,-3.0594911575317383,-0.2429201943477322,1.457152306330621,0,0,0,0.02,0.08,0.03,0.15,0.9,0.1,-1.2,0.0,0,0,1,0,0.675,0.44
432,2,0.534244179725647,-0.04395091533660889,-2.526238441467285,-0.47849464746005205,2.6202076334615247,2,1,1,0.02,0.08,0.03,0.15,0.9,0.1,-1.2,0.0,0,0,1,0,0.675,0.44
432,3,-1.2293163537979126,0.008415909484028816,-0.2531142234802246,5.583877072406841,-6.28,2,1,1,0.02,0.08,0.03,0.15,0.9,0.1,-1.2,0.0,0,0,1,0,0.675,0.44
432,4,-0.04519806429743767,-0.06931518018245697,-2.2521698474884033,-0.1680070685073698,3.730557792060073,2,1,1,0.02,0.08,0.03,0.15,0.9,0.1,-1.2,0.0,0,0,1,0,0.675,0.44
432,5,-0.2207520306110382,0.3783256709575653,2.770305871963501,2.2347155740542797,0.6989271953680497,2,1,1,0.02,0.08,0.03,0.15,0.9,0.1,-1.2,0.0,0,0,1,0,0.675,0.44
432,6,0.7936242818832397,0.41414782404899597,1.0163668394088745,2.409210920775696,4.437520269884952,2,1,1,0.02,0.08,0.03,0.15,0.9,0.1,-1.2,0.0,0,0,1,0,0.675,0.44
432,7,-0.677121102809906,0.15674985945224762,-1.1365264654159546,-1.140125329101038,2.597259929902989,2,1,1,0.02,0.08,0.03,0.15,0.9,0.1,-1.2,0.0,0,0,1,0,0.675,0.44
433,0,0.29004037380218506,0.4081413447856903,2.3219902515411377,3.6956480203271456,-2.3214268824301216,2,1,1,0.02,0.08,0.03,0.15,0.9,0.1,-1.2,0.0,0,0,1,0,0.675,0.44
433,1,-0.8083603978157043,-0.41297364234924316,-3.061084270477295,-0.5130774259583839,1.954210155469761,0,0,0,0.02,0.08,0.03,0.15,0.9,0.1,-1.2,0.0,0,0,1,0,0.675,0.44
433,2,0.5322036147117615,-0.04549575597047806,-2.456533670425415,-1.5479880265876467,3.1091264110975505,2,1,1,0.02,0.08,0.03,0.15,0.9,0.1,-1.2,0.0,0,0,1,0,0.675,0.44
433,3,-1.229148268699646,0.008361119776964188,-0.5902392864227295,4.9987631132645625,-6.28,2,1,1,0.02,0.08,0.03,0.15,0.9,0.1,-1.2,0.0,0,0,1,0,0.675,0.44
433,4,-0.047776512801647186,-0.07294575870037079,-2.129150390625,-0.34096428345746116,3.4073177833468344,2,1,1,0.02,0.08,0.03,0.15,0.9,0.1,-1.2,0.0,0,0,1,0,0.675,0.44
433,5,-0.22387470304965973,0.3796573877334595,2.7061057090759277,2.58818506915482,0.5791810230264085,2,1,1,0.02,0.08,0.03,0.15,0.9,0.1,-1.2,0.0,0,0,1,0,0.675,0.44
433,6,0.7975114583969116,0.42129382491111755,1.13023841381073,-6.28,6.28,2,1,1,0.02,0.08,0.03,0.15,0.9,0.1,-1.2,0.0,0,0,1,0,0.675,0.44
433,7,-0.6763876080513,0.15529723465442657,-1.0837000608444214,-1.2684659476536655,2.679740304039464,2,1,1,0.02,0.08,0.03,0.15,0.9,0.1,-1.2,0.0,0,0,1,0,0.675,0.44
434,0,0.2883871793746948,0.41025224328041077,2.137385129928589,3.5957601742474683,-2.6511175800361433,2,1,1,0.02,0.08,0.03,0.15,0.9,0.1,-1.2,0.0,0,0,1,0,0.675,0.44
434,1,-0.8094977140426636,-0.4130839705467224,-3.0093283653259277,-0.3291897195846457,1.787557675476703,0,0,0,0.02,0.08,0.03,0.15,0.9,0.1,-1.2,0.0,0,0,1,0,0.675,0.44
434,2,0.5305435657501221,-0.046971049159765244,-2.355191469192505,-2.6657499216815603,3.708076964308016,2,1,1,0.02,0.08,0.03,0.15,0.9,0.1,-1.2,0.0,0,0,1,0,0.675,0.44
434,3,-1.2291098833084106,0.008130173198878765,-0.6944950819015503,4.878516747034073,-6.28,2,1,1,0.02,0.08,0.03,0.15,0.9,0.1,-1.2,0.0,0,0,1,0,0.675,0.44
434,4,-0.04956774041056633,-0.0762423500418663,-1.9963949918746948,-0.5004839367601276,3.041648394558131,2,1,1,0.02,0.08,0.03,0.15,0.9,0.1,-1.2,0.0,0,0,1,0,0.675,0.44
434,5,-0.22656673192977905,0.3810010254383087,2.6505651473999023,2.115649871928803,0.44428804340235617,2,1,1,0.02,0.08,0.03,0.15,0.9,0.1,-1.2,0.0,0,0,1,0,0.675,0.44
434,6,0.8003144860267639,0.4278760850429535,1.2077010869979858,1.2342681324337272,-6.28,2,1,1,0.02,0.08,0.03,0.15,0.9,0.1,-1.2,0.0,0,0,1,0,0.675,0.44
434,7,-0.6756266951560974,0.15400464832782745,-0.9699330925941467,-0.761577529165384,2.295774959374089,2,1,1,0.02,0.08,0.03,0.15,0.9,0.1,-1.2,0.0,0,0,1,0,0.675,0.44
435,0,0.2877182960510254,0.4115890562534332,1.9303034543991089,3.766559770242297,-3.0947285344469937,2,1,1,0.02,0.08,0.03,0.15,0.9,0.1,-1.2,0.0,0,0,1,0,0.675,0.44
435,1,-0.810876727104187,-0.4133215844631195,-2.9278690814971924,0.05152418925766008,1.363998454237733,0,0,0,0.02,0.08,0.03,0.15,0.9,0.1,-1.2,0.0,0,0,1,0,0.675,0.44
435,2,0.5294287204742432,-0.048231154680252075,-2.2023463249206543,-2.4663003563566246,3.6396140896753026,2,1,1,0.02,0.08,0.03,0.15,0.9,0.1,-1.2,0.0,0,0,1,0,0.675,0.44
435,3,-1.2286655902862549,0.007411470171064138,-1.0435432195663452,4.588263166961802,-6.029339594659938,2,1,1,0.02,0.08,0.03,0.15,0.9,0.1,-1.2,0.0,0,0,1,0,0.675,0.44
435,4,-0.05070751532912254,-0.07925236225128174,-1.8621312379837036,0.07281400044655516,2.3515907312276587,2,1,1,0.02,0.08,0.03,0.15,0.9,0.1,-1.2,0.0,0,0,1,0,0.675,0.44
435,5,-0.22927212715148926,0.382559210062027,2.5833492279052734,1.5952546627588,0.1732181875639235,2,1,1,0.02,0.08,0.03,0.15,0.9,0.1,-1.2,0.0,0,0,1,0,0.675,0.44
435,6,0.8007583022117615,0.42904478311538696,1.582282543182373,-6.28,2.351819804021735,2,1,1,0.02,0.08,0.03,0.15,0.9,0.1,-1.2,0.0,0,0,1,0,0.675,0.44
435,7,-0.6747530102729797,0.15287545323371887,-0.8325994610786438,-1.456500236488797,2.7933025121745336,2,1,1,0.02,0.08,0.03,0.15,0.9,0.1,-1.2,0.0,0,0,1,0,0.675,0.44
436,0,0.28746455907821655,0.41257813572883606,1.7125778198242188,4.319732336132921,-4.042238864224069,2,1,1,0.02,0.08,0.03,0.15,0.9,0.1,-1.2,0.0,0,0,1,0,0.675,0.44
436,1,-0.8122929930686951,-0.41368716955184937,-2.8508498668670654,-0.24613503020086414,2.054747252162708,0,0,0,0.02,0.08,0.03,0.15,0.9,0.1,-1.2,0.0,0,0,1,0,0.675,0.44
436,2,0.5288370847702026,-0.04921689257025719,-1.9897940158843994,-2.377124525829828,3.805504558185069,2,1,1,0.02,0.08,0.03,0.15,0.9,0.1,-1.2,0.0,0,0,1,0,0.675,0.44
436,3,-1.226004958152771,0.0027642010245472193,-1.20359206199646,4.523899463790664,-5.3844603119697565,2,1,1,0.02,0.08,0.03,0.15,0.9,0.1,-1.2,0.0,0,0,1,0,0.675,0.44
436,4,-0.05133284255862236,-0.08192770928144455,-1.7329906225204468,0.2156423050787412,1.8011584997550907,2,1,1,0.02,0.08,0.03,0.15,0.9,0.1,-1.2,0.0,0,0,1,0,0.675,0.44
436,5,-0.23150214552879333,0.3840498626232147,2.522296905517578,2.387134838827018,-0.17529915624521913,2,1,1,0.02,0.08,0.03,0.15,0.9,0.1,-1.2,0.0,0,0,1,0,0.675,0.44
436,6,0.8007449507713318,0.4248860776424408,1.4489967823028564,-6.28,3.181164988148502,2,1,1,0.02,0.08,0.03,0.15,0.9,0.1,-1.2,0.0,0,0,1,0,0.675,0.44
436,7,-0.6736727952957153,0.15181483328342438,-0.718950092792511,-1.3246439378959884,2.69428148163301,2,1,1,0.02,0.08,0.03,0.15,0.9,0.1,-1.2,0.0,0,0,1,0,0.675,0.44
437,0,0.28744277358055115,0.4132574498653412,1.4737261533737183,6.027996999258966,-6.28,2,1,1,0.02,0.08,0.03,0.15,0.9,0.1,-1.2,0.0,0,0,1,0,0.675,0.44
437,1,-0.81364905834198,-0.41413426399230957,-2.799032688140869,-0.32725575500008786,2.354620395032662,0,0,0,0.02,0.08,0.03,0.15,0.9,0.1,-1.2,0.0,0,0,1,0,0.675,0.44
437,2,0.5285014510154724,-0.05029737576842308,-1.7721582651138306,-2.0295520402408482,3.7512931037264563,2,1,1,0.02,0.08,0.03,0.15,0.9,0.1,-1.2,0.0,0,0,1,0,0.675,0.44
437,3,-1.2251540422439575,-0.00024476638645865023,-1.4499653577804565,4.461635319069525,-4.38335198515334,2,1,1,0.02,0.08,0.03,0.15,0.9,0.1,-1.2,0.0,0,0,1,0,0.675,0.44
437,4,-0.05161270871758461,-0.0844077467918396,-1.6426342725753784,-4.219598421689102,4.326904583801936,2,1,1,0.02,0.08,0.03,0.15,0.9,0.1,-1.2,0.0,0,0,1,0,0.675,0.44
437,5,-0.23304229974746704,0.38520750403404236,2.470672607421875,2.870762992620901,-0.4904636410431734,2,1,1,0.02,0.08,0.03,0.15,0.9,0.1,-1.2,0.0,0,0,1,0,0.675,0.44
437,6,0.800313413143158,0.42082393169403076,1.6426669359207153,-6.28,5.0242252874292275,2,1,1,0.02,0.08,0.03,0.15,0.9,0.1,-1.2,0.0,0,0,1,0,0.675,0.44
437,7,-0.6725775003433228,0.1509798765182495,-0.5780132412910461,-0.4870613499808607,2.0158688516248033,2,1,1,0.02,0.08,0.03,0.15,0.9,0.1,-1.2,0.0,0,0,1,0,0.675,0.44
438,0,0.28747209906578064,0.4133586585521698,1.1800668239593506,4.853906580741065,-6.28,2,1,1,0.02,0.08,0.03,0.15,0.9,0.1,-1.2,0.0,0,0,1,0,0.675,0.44
438,1,-0.8152607083320618,-0.41476908326148987,-2.7251319885253906,0.32953775921466183,1.4113925370959428,0,0,0,0.02,0.08,0.03,0.15,0.9,0.1,-1.2,0.0,0,0,1,0,0.675,0.44
438,2,0.5284113883972168,-0.05130679905414581,-1.542280673980713,-1.4606211035396273,3.4611012865973567,2,1,1,0.02,0.08,0.03,0.15,0.9,0.1,-1.2,0.0,0,0,1,0,0.675,0.44
438,3,-1.225161075592041,-0.0027053169906139374,-1.7225898504257202,4.477185141802721,-4.195718564600639,2,1,1,0.02,0.08,0.03,0.15,0.9,0.1,-1.2,0.0,0,0,1,0,0.675,0.44
438,4,-0.051693499088287354,-0.08653144538402557,-1.5812947750091553,-5.6180401127648585,5.031755604068844,2,1,1,0.02,0.08,0.03,0.15,0.9,0.1,-1.2,0.0,0,0,1,0,0.675,0.44
438,5,-0.23465508222579956,0.38659000396728516,2.3887007236480713,3.4571609637644376,-0.8421471490801142,2,1,1,0.02,0.08,0.03,0.15,0.9,0.1,-1.2,0.0,0,0,1,0,0.675,0.44
438,6,0.800918459892273,0.41836661100387573,2.0109903812408447,-1.951087872658799,3.803525804712571,2,1,1,0.02,0.08,0.03,0.15,0.9,0.1,-1.2,0.0,0,0,1,0,0.675,0.44
438,7,-0.6713820099830627,0.15032237768173218,-0.4351462125778198,-0.2922849326748231,1.7697536243748806,2,1,1,0.02,0.08,0.03,0.15,0.9,0.1,-1.2,0.0,0,0,1,0,0.675,0.44
439,0,0.28716954588890076,0.4128873944282532,0.7565263509750366,4.490096058943677,-5.297244029659428,2,1,1,0.02,0.08,0.03,0.15,0.9,0.1,-1.2,0.0,0,0,1,0,0.675,0.44
439,1,-0.8170387744903564,-0.41565513610839844,-2.6335113048553467,0.21498051322545236,1.7629947167468927,0,0,0,0.02,0.08,0.03,0.15,0.9,0.1,-1.2,0.0,0,0,1,0,0.675,0.44
439,2,0.5285894870758057,-0.05240220949053764,-1.3168601989746094,-1.354124809717364,3.580708992286356,2,1,1,0.02,0.08,0.03,0.15,0.9,0.1,-1.2,0.0,0,0,1,0,0.675,0.44
439,3,-1.2251561880111694,-0.0030273133888840675,-2.089650869369507,4.575281518259379,-2.404255215677079,2,1,1,0.02,0.08,0.03,0.15,0.9,0.1,-1.2,0.0,0,0,1,0,0.675,0.44
439,4,-0.05171027034521103,-0.08706137537956238,-1.3278144598007202,-5.823761541453353,5.015789881296305,2,1,1,0.02,0.08,0.03,0.15,0.9,0.1,-1.2,0.0,0,0,1,0,0.675,0.44
439,5,-0.23628203570842743,0.3882884383201599,2.2761337757110596,3.345469833165051,-0.8103909832002799,2,1,1,0.02,0.08,0.03,0.15,0.9,0.1,-1.2,0.0,0,0,1,0,0.675,0.44
439,6,0.7982303500175476,0.42268049716949463,2.1643481254577637,-6.28,3.9168730976110386,2,1,1,0.02,0.08,0.03,0.15,0.9,0.1,-1.2,0.0,0,0,1,0,0.675,0.44
439,7,-0.6699907183647156,0.14977069199085236,-0.3367844521999359,0.3319308689110936,1.125277736742998,2,1,1,0.02,0.08,0.03,0.15,0.9,0.1,-1.2,0.0,0,0,1,0,0.675,0.44
440,0,0.28704601526260376,0.4128114879131317,0.5815714597702026,4.4614666128868254,-4.878846698412447,2,1,1,0.02,0.08,0.03,0.15,0.9,0.1,-1.2,0.0,0,0,1,0,0.675,0.44
440,1,-0.8185834884643555,-0.41657906770706177,-2.5842671394348145,1.0438513377142462,0.5406451953811471,0,0,0,0.02,0.08,0.03,0.15,0.9,0.1,-1.2,0.0,0,0,1,0,0.675,0.44
440,2,0.529119610786438,-0.0537678524851799,-1.1214953660964966,-1.6046165909833765,3.942768468450565,2,1,1,0.02,0.08,0.03,0.15,0.9,0.1,-1.2,0.0,0,0,1,0,0.675,0.44
440,3,-1.2252147197723389,-0.003086040960624814,-2.4524312019348145,4.6836242890583915,-1.599440964295723,2,1,1,0.02,0.08,0.03,0.15,0.9,0.1,-1.2,0.0,0,0,1,0,0.675,0.44
440,4,-0.05171334743499756,-0.08706898242235184,-0.9414419531822205,-5.55368178028583,4.73945942258432,2,1,1,0.02,0.08,0.03,0.15,0.9,0.1,-1.2,0.0,0,0,1,0,0.675,0.44
440,5,-0.23781438171863556,0.39036059379577637,2.1314356327056885,3.7636795170017616,-0.8114951628806211,2,1,1,0.02,0.08,0.03,0.15,0.9,0.1,-1.2,0.0,0,0,1,0,0.675,0.44
440,6,0.796430766582489,0.42499610781669617,2.3622405529022217,-6.28,3.1929914696939155,2,1,1,0.02,0.08,0.03,0.15,0.9,0.1,-1.2,0.0,0,0,1,0,0.675,0.44
440,7,-0.66856849193573,0.14933782815933228,-0.26150956749916077,0.08012401252272269,1.2425254644413595,2,1,1,0.02,0.08,0.03,0.15,0.9,0.1,-1.2,0.0,0,0,1,0,0.675,0.44
441,0,0.2876620292663574,0.41286560893058777,0.32086819410324097,4.481147651515874,-3.5483339271116736,2,1,1,0.02,0.08,0.03,0.15,0.9,0.1,-1.2,0.0,0,0,1,0,0.675,0.44
441,1,-0.8201967477798462,-0.4176391065120697,-2.5332236289978027,1.4961562957767645,-0.42991966644461715,0,0,0,0.02,0.08,0.03,0.15,0.9,0.1,-1.2,0.0,0,0,1,0,0.675,0.44
441,2,0.5300151109695435,-0.055230312049388885,-0.9323262572288513,-1.1716513448912453,3.8962699095954316,2,1,1,0.02,0.08,0.03,0.15,0.9,0.1,-1.2,0.0,0,0,1,0,0.675,0.44
441,3,-1.2261987924575806,-0.0036396777722984552,-2.731762170791626,4.689080540123575,-0.5265799772714796,2,1,1,0.02,0.08,0.03,0.15,0.9,0.1,-1.2,0.0,0,0,1,0,0.675,0.44
441,4,-0.05210553854703903,-0.08669164031744003,-0.519445538520813,-4.804941227190888,4.505589117758667,2,1,1,0.02,0.08,0.03,0.15,0.9,0.1,-1.2,0.0,0,0,1,0,0.675,0.44
441,5,-0.23901621997356415,0.3926222324371338,1.984222412109375,3.8389923421388916,-0.5960131186171821,2,1,1,0.02,0.08,0.03,0.15,0.9,0.1,-1.2,0.0,0,0,1,0,0.675,0.44
441,6,0.7972854375839233,0.42444175481796265,2.7197463512420654,-4.995163303617684,4.215823063000519,2,1,1,0.02,0.08,0.03,0.15,0.9,0.1,-1.2,0.0,0,0,1,0,0.675,0.44
441,7,-0.6671496629714966,0.14899562299251556,-0.2249211072921753,1.6205729321687457,-0.3123567767799441,2,1,1,0.02,0.08,0.03,0.15,0.9,0.1,-1.2,0.0,0,0,1,0,0.675,0.44
442,0,0.2881639003753662,0.41287121176719666,-0.03569432348012924,4.6614733635451575,-2.150236675446703,2,1,1,0.02,0.08,0.03,0.15,0.9,0.1,-1.2,0.0,0,0,1,0,0.675,0.44
442,1,-0.8215522170066833,-0.4186006188392639,-2.5365474224090576,3.513785163756633,-3.2719066217013926,0,0,0,0.02,0.08,0.03,0.15,0.9,0.1,-1.2,0.0,0,0,1,0,0.675,0.44
442,2,0.5314090847969055,-0.056750740855932236,-0.7329660058021545,-0.29944078267018953,3.707090050063054,2,1,1,0.02,0.08,0.03,0.15,0.9,0.1,-1.2,0.0,0,0,1,0,0.675,0.44
442,3,-1.2284226417541504,-0.0042793103493750095,-2.9764773845672607,4.567998117791644,0.43383038084503256,2,1,1,0.02,0.08,0.03,0.15,0.9,0.1,-1.2,0.0,0,0,1,0,0.675,0.44
442,4,-0.05028902739286423,-0.08832341432571411,-0.3401147127151489,-3.9841457603709904,4.412787374669079,2,1,1,0.02,0.08,0.03,0.15,0.9,0.1,-1.2,0.0,0,0,1,0,0.675,0.44
442,5,-0.23997002840042114,0.3953362703323364,1.8263099193572998,3.836498745823444,-0.35327715743259347,2,1,1,0.02,0.08,0.03,0.15,0.9,0.1,-1.2,0.0,0,0,1,0,0.675,0.44
442,6,0.7984542846679688,0.42408066987991333,3.0481534004211426,-2.5216881888643154,5.263944199884107,2,1,1,0.02,0.08,0.03,0.15,0.9,0.1,-1.2,0.0,0,0,1,0,0.675,0.44
442,7,-0.6658298373222351,0.14871728420257568,-0.18680043518543243,1.9963556504727629,-0.8100239879306035,2,1,1,0.02,0.08,0.03,0.15,0.9,0.1,-1.2,0.0,0,0,1,0,0.675,0.44
443,0,0.28905460238456726,0.4127016067504883,-0.3647063970565796,4.858865264491014,-1.5867454187593426,2,1,1,0.02,0.08,0.03,0.15,0.9,0.1,-1.2,0.0,0,0,1,0,0.675,0.44
443,1,-0.8225236535072327,-0.4192509949207306,-2.5942163467407227,4.809650112085756,-5.065717162231672,0,0,0,0.02,0.08,0.03,0.15,0.9,0.1,-1.2,0.0,0,0,1,0,0.675,0.44
443,2,0.533268392086029,-0.05809918791055679,-0.5392537117004395,0.1237460005664253,3.775435671410061,2,1,1,0.02,0.08,0.03,0.15,0.9,0.1,-1.2,0.0,0,0,1,0,0.675,0.44
443,3,-1.231863021850586,-0.004467864520847797,3.0997297763824463,4.317916812557675,1.2219665283015904,2,1,1,0.02,0.08,0.03,0.15,0.9,0.1,-1.2,0.0,0,0,1,0,0.675,0.44
443,4,-0.04921910539269447,-0.08854791522026062,-0.027858693152666092,-3.454803013470631,4.438756420560251,2,1,1,0.02,0.08,0.03,0.15,0.9,0.1,-1.2,0.0,0,0,1,0,0.675,0.44
443,5,-0.24053135514259338,0.3984791934490204,1.669480562210083,3.349611950538983,0.2321310652560398,2,1,1,0.02,0.08,0.03,0.15,0.9,0.1,-1.2,0.0,0,0,1,0,0.675,0.44
443,6,0.7959963083267212,0.4242432117462158,-3.035215139389038,-1.4176310131653573,5.668672591816231,2,1,1,0.02,0.08,0.03,0.15,0.9,0.1,-1.2,0.0,0,0,1,0,0.675,0.44
443,7,-0.6645442843437195,0.14846587181091309,-0.23298674821853638,3.2932587955460986,-2.20270486549332,2,1,1,0.02,0.08,0.03,0.15,0.9,0.1,-1.2,0.0,0,0,1,0,0.675,0.44
444,0,0.2908244729042053,0.41145673394203186,-0.6515753269195557,4.866948301283026,-1.1936691472289653,2,1,1,0.02,0.08,0.03,0.15,0.9,0.1,-1.2,0.0,0,0,1,0,0.675,0.44
444,1,-0.8228755593299866,-0.41945719718933105,-2.79905366897583,4.348446691993864,-3.9923343570732053,0,0,0,0.02,0.08,0.03,0.15,0.9,0.1,-1.2,0.0,0,0,1,0,0.675,0.44
444,2,0.5360350012779236,-0.05944402143359184,-0.38460594415664673,0.6499180177221748,3.6681742825430628,2,1,1,0.02,0.08,0.03,0.15,0.9,0.1,-1.2,0.0,0,0,1,0,0.675,0.44
444,3,-1.236251711845398,-0.0038889478892087936,2.933804988861084,4.103234261067816,1.4399453336669699,2,1,1,0.02,0.08,0.03,0.15,0.9,0.1,-1.2,0.0,0,0,1,0,0.675,0.44
444,4,-0.04914924129843712,-0.08857173472642899,0.3031204044818878,-3.012852672481698,4.523591611528558,2,1,1,0.02,0.08,0.03,0.15,0.9,0.1,-1.2,0.0,0,0,1,0,0.675,0.44
444,5,-0.240613654255867,0.4019186794757843,1.5206893682479858,3.2437018508550652,0.6536631725010379,2,1,1,0.02,0.08,0.03,0.15,0.9,0.1,-1.2,0.0,0,0,1,0,0.675,0.44
444,6,0.7938884496688843,0.4237290620803833,-2.7240872383117676,0.7439899384095335,6.201491153328213,2,1,1,0.02,0.08,0.03,0.15,0.9,0.1,-1.2,0.0,0,0,1,0,0.675,0.44
444,7,-0.6633736491203308,0.14814358949661255,-0.3255820870399475,3.771546390211247,-2.7369691949844484,2,1,1,0.02,0.08,0.03,0.15,0.9,0.1,-1.2,0.0,0,0,1,0,0.675,0.44
445,0,0.2932809293270111,0.40905794501304626,-0.91325843334198,4.786127605060663,-1.026311196903313,2,1,1,0.02,0.08,0.03,0.15,0.9,0.1,-1.2,0.0,0,0,1,0,0.675,0.44
445,1,-0.8227096199989319,-0.41942957043647766,-3.1276378631591797,4.050538380492661,-2.3872134515614296,0,0,0,0.02,0.08,0.03,0.15,0.9,0.1,-1.2,0.0,0,0,1,0,0.675,0.44
445,2,0.5395912528038025,-0.06060362234711647,-0.2522692382335663,1.2646503192325234,3.35381659885882,2,1,1,0.02,0.08,0.03,0.15,0.9,0.1,-1.2,0.0,0,0,1,0,0.675,0.44
445,3,-1.241174578666687,-0.0024896254763007164,2.807746648788452,3.7134031724954526,1.9819746656810049,2,1,1,0.02,0.08,0.03,0.15,0.9,0.1,-1.2,0.0,0,0,1,0,0.675,0.44
445,4,-0.049022890627384186,-0.08848009258508682,0.6112437844276428,-1.383265184033644,4.580768532448982,2,1,1,0.02,0.08,0.03,0.15,0.9,0.1,-1.2,0.0,0,0,1,0,0.675,0.44
445,5,-0.2402113825082779,0.40544554591178894,1.4034898281097412,2.734380215315597,0.9507172797025507,2,1,1,0.02,0.08,0.03,0.15,0.9,0.1,-1.2,0.0,0,0,1,0,0.675,0.44
445,6,0.7906697988510132,0.42167699337005615,-2.4243953227996826,0.6026069352506911,5.129718916666577,2,1,1,0.02,0.08,0.03,0.15,0.9,0.1,-1.2,0.0,0,0,1,0,0.675,0.44
445,7,-0.662335991859436,0.1477181315422058,-0.5004146099090576,3.6943088676100992,-2.3589540947751884,2,1,1,0.02,0.08,0.03,0.15,0.9,0.1,-1.2,0.0,0,0,1,0,0.675,0.44
446,0,0.2954152226448059,0.4055696725845337,-1.1455751657485962,4.72708026821052,-0.4323163288160001,2,1,1,0.02,0.08,0.03,0.15,0.9,0.1,-1.2,0.0,0,0,1,0,0.675,0.44
446,1,-0.8231298327445984,-0.41939783096313477,2.8197193145751953,4.172870700742904,-0.8567269534138243,0,0,0,0.02,0.08,0.03,0.15,0.9,0.1,-1.2,0.0,0,0,1,0,0.675,0.44
446,2,0.5436791181564331,-0.06140004098415375,-0.13983774185180664,1.8593256072020292,2.823380897780792,2,1,1,0.02,0.08,0.03,0.15,0.9,0.1,-1.2,0.0,0,0,1,0,0.675,0.44
446,3,-1.2460590600967407,-0.00048642687033861876,2.7026400566101074,4.03614518040589,-0.5346587853683648,2,1,1,0.02,0.08,0.03,0.15,0.9,0.1,-1.2,0.0,0,0,1,0,0.675,0.44
446,4,-0.04851561039686203,-0.08798516541719437,0.9038332104682922,0.02606378316825121,4.597641591843914,2,1,1,0.02,0.08,0.03,0.15,0.9,0.1,-1.2,0.0,0,0,1,0,0.675,0.44
446,5,-0.2393859624862671,0.4091871678829193,1.3090989589691162,2.7168198013565603,0.8127962698837443,2,1,1,0.02,0.08,0.03,0.15,0.9,0.1,-1.2,0.0,0,0,1,0,0.675,0.44
446,6,0.7876748442649841,0.41846930980682373,-2.267086982727051,-2.7060763820919496,3.9121226653370367,2,1,1,0.02,0.08,0.03,0.15,0.9,0.1,-1.2,0.0,0,0,1,0,0.675,0.44
446,7,-0.6614448428153992,0.14713001251220703,-0.723380982875824,4.456767485325046,-4.286678288864423,2,1,1,0.02,0.08,0.03,0.15,0.9,0.1,-1.2,0.0,0,0,1,0,0.675,0.44
447,0,0.2966284155845642,0.4019666016101837,-1.3523813486099243,4.980852939899923,-6.28,2,1,1,0.02,0.08,0.03,0.15,0.9,0.1,-1.2,0.0,0,0,1,0,0.675,0.44
447,1,-0.8238625526428223,-0.4189271330833435,2.5556204319000244,3.5636993184216923,0.44259179160080314,0,0,0,0.02,0.08,0.03,0.15,0.9,0.1,-1.2,0.0,0,0,1,0,0.675,0.44
447,2,0.5481569170951843,-0.06182520091533661,-0.05832851678133011,1.76442675503488,2.8022108729177235,2,1,1,0.02,0.08,0.03,0.15,0.9,0.1,-1.2,0.0,0,0,1,0,0.675,0.44
447,3,-1.2509173154830933,0.0020496598444879055,2.629324436187744,4.15487665034188,-6.28,2,1,1,0.02,0.08,0.03,0.15,0.9,0.1,-1.2,0.0,0,0,1,0,0.675,0.44
447,4,-0.04735394939780235,-0.0859796404838562,1.142789363861084,-1.5091006883732472,4.419670000316362,2,1,1,0.02,0.08,0.03,0.15,0.9,0.1,-1.2,0.0,0,0,1,0,0.675,0.44
447,5,-0.2382882535457611,0.4127448797225952,1.2410776615142822,2.6585636483177915,0.03128611093878141,2,1,1,0.02,0.08,0.03,0.15,0.9,0.1,-1.2,0.0,0,0,1,0,0.675,0.44
447,6,0.7842857241630554,0.41372913122177124,-2.07686448097229,-6.28,6.28,2,1,1,0.02,0.08,0.03,0.15,0.9,0.1,-1.2,0.0,0,0,1,0,0.675,0.44
447,7,-0.6605608463287354,0.14618445932865143,-0.9402327537536621,4.4089080347463225,-3.211750797503446,2,1,1,0.02,0.08,0.03,0.15,0.9,0.1,-1.2,0.0,0,0,1,0,0.675,0.44
448,0,0.29715126752853394,0.3978123068809509,-1.5374504327774048,4.236949968683567,-6.28,2,1,1,0.02,0.08,0.03,0.15,0.9,0.1,-1.2,0.0,0,0,1,0,0.675,0.44
448,1,-0.8258948922157288,-0.4171887934207916,2.359046697616577,3.3466488117282056,2.3099724353233646,0,0,0,0.02,0.08,0.03,0.15,0.9,0.1,-1.2,0.0,0,0,1,0,0.675,0.44
448,2,0.5527681708335876,-0.06196969747543335,-0.015079393982887268,1.8244727505618996,2.6430569319238364,2,1,1,0.02,0.08,0.03,0.15,0.9,0.1,-1.2,0.0,0,0,1,0,0.675,0.44
448,3,-1.2540253400802612,0.00401901314035058,2.477773904800415,3.5648494317372226,-6.28,2,1,1,0.02,0.08,0.03,0.15,0.9,0.1,-1.2,0.0,0,0,1,0,0.675,0.44
448,4,-0.045984454452991486,-0.08204979449510574,1.3183019161224365,-1.667448006958147,4.456931822389742,2,1,1,0.02,0.08,0.03,0.15,0.9,0.1,-1.2,0.0,0,0,1,0,0.675,0.44
448,5,-0.23703041672706604,0.4160727858543396,1.1752562522888184,3.6112809487409456,-2.6460086558815044,2,1,1,0.02,0.08,0.03,0.15,0.9,0.1,-1.2,0.0,0,0,1,0,0.675,0.44
448,6,0.7833225131034851,0.4117494225502014,-1.8517895936965942,-6.28,5.6532433201141785,2,1,1,0.02,0.08,0.03,0.15,0.9,0.1,-1.2,0.0,0,0,1,0,0.675,0.44
448,7,-0.6603520512580872,0.14583979547023773,-1.2302614450454712,4.494731873167507,-2.4517459934507753,2,1,1,0.02,0.08,0.03,0.15,0.9,0.1,-1.2,0.0,0,0,1,0,0.675,0.44
449,0,0.2973161041736603,0.3983153998851776,-1.9108667373657227,3.9829955197597715,-6.28,2,1,1,0.02,0.08,0.03,0.15,0.9,0.1,-1.2,0.0,0,0,1,0,0.675,0.44
449,1,-0.8284035921096802,-0.41432321071624756,2.2356700897216797,0.056053370865704555,1.1860475861366946,0,0,0,0.02,0.08,0.03,0.15,0.9,0.1,-1.2,0.0,0,0,1,0,0.675,0.44
449,2,0.5573537349700928,-0.06195679306983948,0.020822307094931602,1.1181615452308462,0.6885173272083567,2,1,1,0.02,0.08,0.03,0.15,0.9,0.1,-1.2,0.0,0,0,1,0,0.675,0.44
449,3,-1.2537176609039307,0.0031853029504418373,2.1120500564575195,4.515738754818545,-4.210052954926591,2,1,1,0.02,0.08,0.03,0.15,0.9,0.1,-1.2,0.0,0,0,1,0,0.675,0.44
449,4,-0.04542547091841698,-0.07883638888597488,1.5163649320602417,0.2634121210302501,3.4177035338426807,2,1,1,0.02,0.08,0.03,0.15,0.9,0.1,-1.2,0.0,0,0,1,0,0.675,0.44
449,5,-0.23583345115184784,0.4186684489250183,1.0881811380386353,5.121618531191673,-6.28,2,1,1,0.02,0.08,0.03,0.15,0.9,0.1,-1.2,0.0,0,0,1,0,0.675,0.44
449,6,0.7832828164100647,0.4117718040943146,-1.4363980293273926,-6.28,5.12029235207929,2,1,1,0.02,0.08,0.03,0.15,0.9,0.1,-1.2,0.0,0,0,1,0,0.675,0.44
449,7,-0.6602778434753418,0.1454063504934311,-1.5314910411834717,4.382969987412739,-0.887707080253176,2,1,1,0.02,0.08,0.03,0.15,0.9,0.1,-1.2,0.0,0,0,1,0,0.675,0.44
450,0,0.29800945520401,0.3994767367839813,-2.3102047443389893,4.28847198726627,-5.361501815921424,2,1,1,0.02,0.08,0.03,0.15,0.9,0.1,-1.2,0.0,0,0,1,0,0.675,0.44
450,1,-0.8315286040306091,-0.4100506603717804,2.1849300861358643,-5.85626863768441,5.193447900409149,0,0,0,0.02,0.08,0.03,0.15,0.9,0.1,-1.2,0.0,0,0,1,0,0.675,0.44
450,2,0.5618361234664917,-0.0617947056889534,0.05087633430957794,0.1419794301088576,1.6139584930848743,2,1,1,0.02,0.08,0.03,0.15,0.9,0.1,-1.2,0.0,0,0,1,0,0.675,0.44
450,3,-1.2531328201293945,0.001556519651785493,1.7257980108261108,5.211579752350037,-1.2887187266430609,2,1,1,0.02,0.08,0.03,0.15,0.9,0.1,-1.2,0.0,0,0,1,0,0.675,0.44
450,4,-0.04558368772268295,-0.07570482045412064,1.7410802841186523,1.0584585252870782,2.997839271437614,2,1,1,0.02,0.08,0.03,0.15,0.9,0.1,-1.2,0.0,0,0,1,0,0.675,0.44
450,5,-0.23515377938747406,0.41980332136154175,0.8932986259460449,4.627605163935381,-6.28,2,1,1,0.02,0.08,0.03,0.15,0.9,0.1,-1.2,0.0,0,0,1,0,0.675,0.44
450,6,0.7828256487846375,0.41262298822402954,-1.2346619367599487,-6.28,4.907315528213389,2,1,1,0.02,0.08,0.03,0.15,0.9,0.1,-1.2,0.0,0,0,1,0,0.675,0.44
450,7,-0.6604583859443665,0.14387492835521698,-1.8179670572280884,4.344320386568476,-0.14084119279069612,2,1,1,0.02,0.08,0.03,0.15,0.9,0.1,-1.2,0.0,0,0,1,0,0.675,0.44
451,0,0.29478713870048523,0.3961924910545349,-2.4326083660125732,4.3051083200313425,-5.229044859005209,2,1,1,0.02,0.08,0.03,0.15,0.9,0.1,-1.2,0.0,0,0,1,0,0.675,0.44
451,1,-0.8327360153198242,-0.4083198606967926,2.210160493850708,-6.225493854041475,5.021266846712906,0,0,0,0.02,0.08,0.03,0.15,0.9,0.1,-1.2,0.0,0,0,1,0,0.675,0.44
451,2,0.564177393913269,-0.06166357174515724,0.044187985360622406,0.9733326857071617,0.7751545126985863,2,1,1,0.02,0.08,0.03,0.15,0.9,0.1,-1.2,0.0,0,0,1,0,0.675,0.44
451,3,-1.253395915031433,0.003967744763940573,1.4774467945098877,5.586936216593488,-0.1777602174979756,2,1,1,0.02,0.08,0.03,0.15,0.9,0.1,-1.2,0.0,0,0,1,0,0.675,0.44
451,4,-0.0465419664978981,-0.0720360055565834,1.8867113590240479,-0.22810889928777528,3.2391615986323257,2,1,1,0.02,0.08,0.03,0.15,0.9,0.1,-1.2,0.0,0,0,1,0,0.675,0.44
451,5,-0.23575149476528168,0.4193422198295593,0.5239579677581787,4.4497518757319865,-4.370159237214472,2,1,1,0.02,0.08,0.03,0.15,0.9,0.1,-1.2,0.0,0,0,1,0,0.675,0.44
451,6,0.7832021713256836,0.4120935797691345,-1.0774869918823242,-6.28,4.470956288030312,2,1,1,0.02,0.08,0.03,0.15,0.9,0.1,-1.2,0.0,0,0,1,0,0.675,0.44
451,7,-0.6615477800369263,0.1410692036151886,-2.0461535453796387,4.232117738990971,0.3982824602099724,2,1,1,0.02,0.08,0.03,0.15,0.9,0.1,-1.2,0.0,0,0,1,0,0.675,0.44
452,0,0.29303666949272156,0.3952040672302246,-2.681957721710205,4.46932943769652,-4.447276259296719,2,1,1,0.02,0.08,0.03,0.15,0.9,0.1,-1.2,0.0,0,0,1,0,0.675,0.44
452,1,-0.8325070142745972,-0.40851891040802,2.5320615768432617,-5.286804890572555,4.538361511660717,0,0,0,0.02,0.08,0.03,0.15,0.9,0.1,-1.2,0.0,0,0,1,0,0.675,0.44
452,2,0.5659406781196594,-0.061562679708004,0.08236674219369888,1.976280148921125,-0.510491159195034,2,1,1,0.02,0.08,0.03,0.15,0.9,0.1,-1.2,0.0,0,0,1,0,0.675,0.44
452,3,-1.2525177001953125,0.007634536828845739,1.2067757844924927,5.870214458802926,0.6487893842938394,2,1,1,0.02,0.08,0.03,0.15,0.9,0.1,-1.2,0.0,0,0,1,0,0.675,0.44
452,4,-0.047980908304452896,-0.06823670864105225,1.9656589031219482,0.028642554881740112,3.0481103906185067,2,1,1,0.02,0.08,0.03,0.15,0.9,0.1,-1.2,0.0,0,0,1,0,0.675,0.44
452,5,-0.23582354187965393,0.41930896043777466,0.1571458876132965,4.103025692542751,-1.9978869883620318,2,1,1,0.02,0.08,0.03,0.15,0.9,0.1,-1.2,0.0,0,0,1,0,0.675,0.44
452,6,0.7839449644088745,0.41078564524650574,-0.7628502249717712,-5.6366123840844065,4.364823252289275,2,1,1,0.02,0.08,0.03,0.15,0.9,0.1,-1.2,0.0,0,0,1,0,0.675,0.44
452,7,-0.6635053753852844,0.13799788057804108,-2.2226572036743164,3.9207200547265146,0.9131004868091288,2,1,1,0.02,0.08,0.03,0.15,0.9,0.1,-1.2,0.0,0,0,1,0,0.675,0.44
453,0,0.2924242317676544,0.39551272988319397,-3.0220017433166504,4.8556126843549565,-2.9560940604068593,2,1,1,0.02,0.08,0.03,0.15,0.9,0.1,-1.2,0.0,0,0,1,0,0.675,0.44
453,1,-0.8319808840751648,-0.4086707830429077,2.953108310699463,-3.2421002323969517,4.419829329403948,0,0,0,0.02,0.08,0.03,0.15,0.9,0.1,-1.2,0.0,0,0,1,0,0.675,0.44
453,2,0.5676830410957336,-0.061402104794979095,0.08709836006164551,2.2666263694888986,-1.0040239978652616,2,1,1,0.02,0.08,0.03,0.15,0.9,0.1,-1.2,0.0,0,0,1,0,0.675,0.44
453,3,-1.2499161958694458,0.012697618454694748,0.9816842675209045,5.107788445858757,0.08201653095770353,2,1,1,0.02,0.08,0.03,0.15,0.9,0.1,-1.2,0.0,0,0,1,0,0.675,0.44
453,4,-0.04934688284993172,-0.06532863527536392,2.0761561393737793,-1.5050468236250905,3.5283720164511783,2,1,1,0.02,0.08,0.03,0.15,0.9,0.1,-1.2,0.0,0,0,1,0,0.675,0.44
453,5,-0.23290374875068665,0.41962993144989014,-0.07103908807039261,4.18455367510169,-1.3078176600202847,2,1,1,0.02,0.08,0.03,0.15,0.9,0.1,-1.2,0.0,0,0,1,0,0.675,0.44
453,6,0.7874872088432312,0.4074872136116028,-0.6091758012771606,-5.178104083725376,4.364146643050465,2,1,1,0.02,0.08,0.03,0.15,0.9,0.1,-1.2,0.0,0,0,1,0,0.675,0.44
453,7,-0.6664220094680786,0.1347283124923706,-2.3665599822998047,1.5807065211377813,0.7766455963552471,2,1,1,0.02,0.08,0.03,0.15,0.9,0.1,-1.2,0.0,0,0,1,0,0.675,0.44
454,0,0.29141753911972046,0.3954545259475708,2.925631046295166,5.29984434186486,-1.2365766007672814,2,1,1,0.02,0.08,0.03,0.15,0.9,0.1,-1.2,0.0,0,0,1,0,0.675,0.44
454,1,-0.8331776261329651,-0.40881291031837463,-3.0161874294281006,-1.7923481387513351,4.506495361496421,0,0,0,0.02,0.08,0.03,0.15,0.9,0.1,-1.2,0.0,0,0,1,0,0.675,0.44
454,2,0.5692012906074524,-0.06129908189177513,0.016225147992372513,1.5699721487163107,-0.0947575537523811,2,1,1,0.02,0.08,0.03,0.15,0.9,0.1,-1.2,0.0,0,0,1,0,0.675,0.44
454,3,-1.2458175420761108,0.017719976603984833,0.7895776033401489,-1.1748086761873098,3.2522211814110737,2,1,1,0.02,0.08,0.03,0.15,0.9,0.1,-1.2,0.0,0,0,1,0,0.675,0.44
454,4,-0.05097265914082527,-0.06273362785577774,2.1850762367248535,-1.2044379836194539,3.3584728485676325,2,1,1,0.02,0.08,0.03,0.15,0.9,0.1,-1.2,0.0,0,0,1,0,0.675,0.44
454,5,-0.230978861451149,0.4192686676979065,-0.3412526547908783,4.0841734423982405,0.22231069638669332,2,1,1,0.02,0.08,0.03,0.15,0.9,0.1,-1.2,0.0,0,0,1,0,0.675,0.44
454,6,0.7889406085014343,0.40732714533805847,-0.315368115901947,-3.742087046549239,4.617486210081219,2,1,1,0.02,0.08,0.03,0.15,0.9,0.1,-1.2,0.0,0,0,1,0,0.675,0.44
454,7,-0.6700125932693481,0.13159917294979095,-2.4781274795532227,2.306034955836669,-0.7394588868734895,2,1,1,0.02,0.08,0.03,0.15,0.9,0.1,-1.2,0.0,0,0,1,0,0.675,0.44
455,0,0.2899567186832428,0.3960234820842743,2.5981290340423584,5.528377233415229,-0.26550780501915155,2,1,1,0.02,0.08,0.03,0.15,0.9,0.1,-1.2,0.0,0,0,1,0,0.675,0.44
455,1,-0.8354405760765076,-0.40924161672592163,-2.754798650741577,-0.8159780898435325,4.681541354956368,0,0,0,0.02,0.08,0.03,0.15,0.9,0.1,-1.2,0.0,0,0,1,0,0.675,0.44
455,2,0.5705104470252991,-0.06133343279361725,-0.09365589171648026,0.7507721756905715,0.9069992133353583,2,1,1,0.02,0.08,0.03,0.15,0.9,0.1,-1.2,0.0,0,0,1,0,0.675,0.44
455,3,-1.2416703701019287,0.021252289414405823,0.6126545071601868,-2.2462803102063313,3.3928645276432134,2,1,1,0.02,0.08,0.03,0.15,0.9,0.1,-1.2,0.0,0,0,1,0,0.675,0.44
455,4,-0.05238036811351776,-0.06099064648151398,2.3478171825408936,-1.1847583528739523,3.2373463878670017,2,1,1,0.02,0.08,0.03,0.15,0.9,0.1,-1.2,0.0,0,0,1,0,0.675,0.44
455,5,-0.22858886420726776,0.41813045740127563,-0.5520848035812378,2.8215288552573803,0.8733645077627279,2,1,1,0.02,0.08,0.03,0.15,0.9,0.1,-1.2,0.0,0,0,1,0,0.675,0.44
455,6,0.7908720374107361,0.40714913606643677,-0.02727535367012024,-2.4588234200853023,4.939243815919577,2,1,1,0.02,0.08,0.03,0.15,0.9,0.1,-1.2,0.0,0,0,1,0,0.675,0.44
455,7,-0.6723026037216187,0.12992505729198456,-2.5222787857055664,1.331609118982668,-0.33017574232077984,2,1,1,0.02,0.08,0.03,0.15,0.9,0.1,-1.2,0.0,0,0,1,0,0.675,0.44
456,0,0.2873401641845703,0.39819738268852234,2.322139263153076,5.695873414410682,1.0170209289828016,2,1,1,0.02,0.08,0.03,0.15,0.9,0.1,-1.2,0.0,0,0,1,0,0.675,0.44
456,1,-0.8375445008277893,-0.4104653298854828,-2.4774770736694336,-0.3831866519695949,4.803639311375388,0,0,0,0.02,0.08,0.03,0.15,0.9,0.1,-1.2,0.0,0,0,1,0,0.675,0.44
456,2,0.5719310641288757,-0.06152672320604324,-0.16413860023021698,0.17991843240861646,1.4249986803814825,2,1,1,0.02,0.08,0.03,0.15,0.9,0.1,-1.2,0.0,0,0,1,0,0.675,0.44
456,3,-1.2394814491271973,0.02276994287967682,0.7042520642280579,-2.1752595128570897,3.3749505760696663,2,1,1,0.02,0.08,0.03,0.15,0.9,0.1,-1.2,0.0,0,0,1,0,0.675,0.44
456,4,-0.05399256944656372,-0.05958754941821098,2.5116469860076904,-0.6724127763359719,2.7619501699509286,2,1,1,0.02,0.08,0.03,0.15,0.9,0.1,-1.2,0.0,0,0,1,0,0.675,0.44
456,5,-0.2254200279712677,0.4157963693141937,-0.7008373141288757,0.2545724070787073,2.01178573005203,2,1,1,0.02,0.08,0.03,0.15,0.9,0.1,-1.2,0.0,0,0,1,0,0.675,0.44
456,6,0.7917936444282532,0.4072429835796356,0.3223068118095398,-1.199375104438846,5.326617428713622,2,1,1,0.02,0.08,0.03,0.15,0.9,0.1,-1.2,0.0,0,0,1,0,0.675,0.44
456,7,-0.6737384796142578,0.12898004055023193,-2.6131410598754883,3.4009803893638764,-2.7260913205810846,2,1,1,0.02,0.08,0.03,0.15,0.9,0.1,-1.2,0.0,0,0,1,0,0.675,0.44
457,0,0.2844323515892029,0.40219223499298096,2.0760409832000732,4.5304267517423416,-5.861091147011529,2,1,1,0.02,0.08,0.03,0.15,0.9,0.1,-1.2,0.0,0,0,1,0,0.675,0.44
457,1,-0.8399795293807983,-0.41286760568618774,-2.2562615871429443,-0.5800618115151208,4.5362935977559875,0,0,0,0.02,0.08,0.03,0.15,0.9,0.1,-1.2,0.0,0,0,1,0,0.675,0.44
457,2,0.5735271573066711,-0.061811674386262894,-0.1713622510433197,1.0160382968657824,0.3112687711500726,2,1,1,0.02,0.08,0.03,0.15,0.9,0.1,-1.2,0.0,0,0,1,0,0.675,0.44
457,3,-1.2385236024856567,0.0236833393573761,0.8951475620269775,-1.6492359465458495,2.958231149041505,2,1,1,0.02,0.08,0.03,0.15,0.9,0.1,-1.2,0.0,0,0,1,0,0.675,0.44
457,4,-0.05576058477163315,-0.0585017129778862,2.667982816696167,-2.171381112760211,3.557253240615009,2,1,1,0.02,0.08,0.03,0.15,0.9,0.1,-1.2,0.0,0,0,1,0,0.675,0.44
457,5,-0.22260230779647827,0.41318249702453613,-0.7828046083450317,-0.9831959089814796,2.6616790244337567,2,1,1,0.02,0.08,0.03,0.15,0.9,0.1,-1.2,0.0,0,0,1,0,0.675,0.44
457,6,0.7935086488723755,0.40825918316841125,0.6303209066390991,0.6684625734593975,5.494004379853051,2,1,1,0.02,0.08,0.03,0.15,0.9,0.1,-1.2,0.0,0,0,1,0,0.675,0.44
457,7,-0.6747190356254578,0.12845607101917267,-2.6810009479522705,3.4693395153256237,-2.871654458043412,2,1,1,0.02,0.08,0.03,0.15,0.9,0.1,-1.2,0.0,0,0,1,0,0.675,0.44
458,0,0.28189006447792053,0.4076688885688782,1.889223337173462,4.437587393882823,-5.906655369237458,2,1,1,0.02,0.08,0.03,0.15,0.9,0.1,-1.2,0.0,0,0,1,0,0.675,0.44
458,1,-0.8423595428466797,-0.41640597581863403,-2.0713577270507812,-1.6730634661767523,3.829656085757297,0,0,0,0.02,0.08,0.03,0.15,0.9,0.1,-1.2,0.0,0,0,1,0,0.675,0.44
458,2,0.5751211643218994,-0.06206889450550079,-0.13523049652576447,0.27315164279378457,0.8032015647071237,2,1,1,0.02,0.08,0.03,0.15,0.9,0.1,-1.2,0.0,0,0,1,0,0.675,0.44
458,3,-1.237801194190979,0.024755559861660004,1.0947816371917725,-0.6503987147589374,2.8644610375912967,2,1,1,0.02,0.08,0.03,0.15,0.9,0.1,-1.2,0.0,0,0,1,0,0.675,0.44
458,4,-0.05767393484711647,-0.05768495053052902,2.7953038215637207,-2.437866144613271,3.6602002317962485,2,1,1,0.02,0.08,0.03,0.15,0.9,0.1,-1.2,0.0,0,0,1,0,0.675,0.44
458,5,-0.22081294655799866,0.41138726472854614,-0.7461300492286682,-0.8566537510643593,2.350782271061824,2,1,1,0.02,0.08,0.03,0.15,0.9,0.1,-1.2,0.0,0,0,1,0,0.675,0.44
458,6,0.7960509657859802,0.41072237491607666,0.901800274848938,1.991530982710206,5.219586259870201,2,1,1,0.02,0.08,0.03,0.15,0.9,0.1,-1.2,0.0,0,0,1,0,0.675,0.44
458,7,-0.6754019260406494,0.12816813588142395,-2.8651082515716553,3.4275567386885397,-2.6800029163375685,2,1,1,0.02,0.08,0.03,0.15,0.9,0.1,-1.2,0.0,0,0,1,0,0.675,0.44
459,0,0.28169548511505127,0.4074423015117645,1.5328315496444702,4.484122258394053,-4.232263162914668,2,1,1,0.02,0.08,0.03,0.15,0.9,0.1,-1.2,0.0,0,0,1,0,0.675,0.44
459,1,-0.8439958095550537,-0.4201119840145111,-1.892008662223816,-6.28,5.98707226893345,0,0,0,0.02,0.08,0.03,0.15,0.9,0.1,-1.2,0.0,0,0,1,0,0.675,0.44
459,2,0.5764913558959961,-0.06225070729851723,-0.14627888798713684,-0.9507380611911753,2.2081597247907756,2,1,1,0.02,0.08,0.03,0.15,0.9,0.1,-1.2,0.0,0,0,1,0,0.675,0.44
459,3,-1.2371524572372437,0.026368523016572,1.2788664102554321,0.09777919837320424,3.0959727557834404,2,1,1,0.02,0.08,0.03,0.15,0.9,0.1,-1.2,0.0,0,0,1,0,0.675,0.44
459,4,-0.05914676561951637,-0.05727434903383255,2.9805493354797363,-1.1649205787488284,2.972740611123316,2,1,1,0.02,0.08,0.03,0.15,0.9,0.1,-1.2,0.0,0,0,1,0,0.675,0.44
459,5,-0.21945235133171082,0.4102213978767395,-0.6309053897857666,-3.3953211724268746,3.9840560221906496,2,1,1,0.02,0.08,0.03,0.15,0.9,0.1,-1.2,0.0,0,0,1,0,0.675,0.44
459,6,0.7989705204963684,0.4153854250907898,1.1077617406845093,1.1277120557781874,4.398992426188234,2,1,1,0.02,0.08,0.03,0.15,0.9,0.1,-1.2,0.0,0,0,1,0,0.675,0.44
459,7,-0.6760096549987793,0.1280674934387207,-3.0871429443359375,3.444476695595386,-2.4536852006580614,2,1,1,0.02,0.08,0.03,0.15,0.9,0.1,-1.2,0.0,0,0,1,0,0.675,0.44
460,0,0.2814279794692993,0.40638467669487,1.1289716958999634,4.772658574510961,-2.574631101218737,2,1,1,0.02,0.08,0.03,0.15,0.9,0.1,-1.2,0.0,0,0,1,0,0.675,0.44
460,1,-0.8445921540260315,-0.42256981134414673,-1.7014548778533936,-6.28,4.3518353422539295,0,0,0,0.02,0.08,0.03,0.15,0.9,0.1,-1.2,0.0,0,0,1,0,0.675,0.44
460,2,0.5776056051254272,-0.062415167689323425,-0.13633790612220764,-1.2930408064664332,2.714569612031359,2,1,1,0.02,0.08,0.03,0.15,0.9,0.1,-1.2,0.0,0,0,1,0,0.675,0.44
460,3,-1.2366535663604736,0.02867802418768406,1.423039436340332,0.6218079045207899,2.7195503078914696,2,1,1,0.02,0.08,0.03,0.15,0.9,0.1,-1.2,0.0,0,0,1,0,0.675,0.44
460,4,-0.06040574237704277,-0.05719555541872978,-3.0905115604400635,-1.0082345091579559,3.157322018171689,2,1,1,0.02,0.08,0.03,0.15,0.9,0.1,-1.2,0.0,0,0,1,0,0.675,0.44
460,5,-0.2181694507598877,0.40938040614128113,-0.514950156211853,-4.75541764538362,4.557900874190528,2,1,1,0.02,0.08,0.03,0.15,0.9,0.1,-1.2,0.0,0,0,1,0,0.675,0.44
460,6,0.8016135096549988,0.42170989513397217,1.2467124462127686,-6.28,5.622981965980907,2,1,1,0.02,0.08,0.03,0.15,0.9,0.1,-1.2,0.0,0,0,1,0,0.675,0.44
460,7,-0.676385760307312,0.1280849128961563,2.9673986434936523,3.9584416564658453,-2.8244715905197655,2,1,1,0.02,0.08,0.03,0.15,0.9,0.1,-1.2,0.0,0,0,1,0,0.675,0.44
461,0,0.2814718186855316,0.4067651033401489,0.8016597032546997,5.03840498519447,-1.4991603730304202,2,1,1,0.02,0.08,0.03,0.15,0.9,0.1,-1.2,0.0,0,0,1,0,0.675,0.44
461,1,-0.844646155834198,-0.42252224683761597,-1.3058401346206665,-6.28,3.086962158499152,0,0,0,0.02,0.08,0.03,0.15,0.9,0.1,-1.2,0.0,0,0,1,0,0.675,0.44
461,2,0.5788215398788452,-0.06254085898399353,-0.04390571266412735,-1.9492421153084971,3.545328942921648,2,1,1,0.02,0.08,0.03,0.15,0.9,0.1,-1.2,0.0,0,0,1,0,0.675,0.44
461,3,-1.236372947692871,0.03196007385849953,1.5417649745941162,1.5030601104482395,0.39868886544765353,2,1,1,0.02,0.08,0.03,0.15,0.9,0.1,-1.2,0.0,0,0,1,0,0.675,0.44
461,4,-0.06197184696793556,-0.057425640523433685,-2.927711009979248,-1.1239868597423064,3.4376943620679006,2,1,1,0.02,0.08,0.03,0.15,0.9,0.1,-1.2,0.0,0,0,1,0,0.675,0.44
461,5,-0.21747449040412903,0.4090297222137451,-0.28407812118530273,-4.307669334912504,4.409719492046824,2,1,1,0.02,0.08,0.03,0.15,0.9,0.1,-1.2,0.0,0,0,1,0,0.675,0.44
461,6,0.8031827211380005,0.42741093039512634,1.363703727722168,-6.28,2.3366202576447033,2,1,1,0.02,0.08,0.03,0.15,0.9,0.1,-1.2,0.0,0,0,1,0,0.675,0.44
461,7,-0.6767436861991882,0.12821313738822937,2.7389028072357178,3.5610950574459364,-1.8641915841857002,2,1,1,0.02,0.08,0.03,0.15,0.9,0.1,-1.2,0.0,0,0,1,0,0.675,0.44
462,0,0.282947838306427,0.4079987406730652,0.4980144202709198,5.214598962384616,-0.23074929748334236,2,1,1,0.02,0.08,0.03,0.15,0.9,0.1,-1.2,0.0,0,0,1,0,0.675,0.44
462,1,-0.8451969027519226,-0.42140671610832214,-0.8882803916931152,-6.28,3.3432766907561313,0,0,0,0.02,0.08,0.03,0.15,0.9,0.1,-1.2,0.0,0,0,1,0,0.675,0.44
462,2,0.580202579498291,-0.06251007318496704,0.09145336598157883,-1.9690381831006063,3.679839960433244,2,1,1,0.02,0.08,0.03,0.15,0.9,0.1,-1.2,0.0,0,0,1,0,0.675,0.44
462,3,-1.2364338636398315,0.0354870930314064,1.6289056539535522,4.405400021406841,-6.28,2,1,1,0.02,0.08,0.03,0.15,0.9,0.1,-1.2,0.0,0,0,1,0,0.675,0.44
462,4,-0.06394592672586441,-0.058020927011966705,-2.7812135219573975,-0.19262448461982265,3.061459628139197,2,1,1,0.02,0.08,0.03,0.15,0.9,0.1,-1.2,0.0,0,0,1,0,0.675,0.44
462,5,-0.2175193727016449,0.4089987576007843,0.032352522015571594,-3.4440803162006484,4.044058022152373,2,1,1,0.02,0.08,0.03,0.15,0.9,0.1,-1.2,0.0,0,0,1,0,0.675,0.44
462,6,0.8033586144447327,0.4277491867542267,1.7320846319198608,-6.28,2.2710281126794185,2,1,1,0.02,0.08,0.03,0.15,0.9,0.1,-1.2,0.0,0,0,1,0,0.675,0.44
462,7,-0.6771895289421082,0.12849844992160797,2.4862236976623535,3.62954203477268,-1.3675331318450095,2,1,1,0.02,0.08,0.03,0.15,0.9,0.1,-1.2,0.0,0,0,1,0,0.675,0.44
463,0,0.2856200039386749,0.409268319606781,0.23364201188087463,5.197029581433606,0.1537237699548794,2,1,1,0.02,0.08,0.03,0.15,0.9,0.1,-1.2,0.0,0,0,1,0,0.675,0.44
463,1,-0.8432698249816895,-0.42337700724601746,-0.7400081753730774,-6.28,2.1731892356489793,0,0,0,0.02,0.08,0.03,0.15,0.9,0.1,-1.2,0.0,0,0,1,0,0.675,0.44
463,2,0.5817034840583801,-0.062229376286268234,0.27582061290740967,-2.3869945659502525,4.008388444153411,2,1,1,0.02,0.08,0.03,0.15,0.9,0.1,-1.2,0.0,0,0,1,0,0.675,0.44
463,3,-1.2365859746932983,0.037641119211912155,1.6114590167999268,4.48433750913007,-6.28,2,1,1,0.02,0.08,0.03,0.15,0.9,0.1,-1.2,0.0,0,0,1,0,0.675,0.44
463,4,-0.06600185483694077,-0.058991074562072754,-2.6234841346740723,0.36550770032768054,2.7805051894999346,2,1,1,0.02,0.08,0.03,0.15,0.9,0.1,-1.2,0.0,0,0,1,0,0.675,0.44
463,5,-0.21755637228488922,0.4090626537799835,0.38288187980651855,-2.8215312436716027,4.003189518411164,2,1,1,0.02,0.08,0.03,0.15,0.9,0.1,-1.2,0.0,0,0,1,0,0.675,0.44
463,6,0.8044481873512268,0.4249008893966675,2.0851926803588867,-6.28,3.293769032188963,2,1,1,0.02,0.08,0.03,0.15,0.9,0.1,-1.2,0.0,0,0,1,0,0.675,0.44
463,7,-0.6779317259788513,0.1292431503534317,2.267531156539917,3.4044527140935505,-0.6231080188971819,2,1,1,0.02,0.08,0.03,0.15,0.9,0.1,-1.2,0.0,0,0,1,0,0.675,0.44
464,0,0.2898992896080017,0.4099195897579193,0.02117009460926056,5.082949138728421,0.8399642594775932,2,1,1,0.02,0.08,0.03,0.15,0.9,0.1,-1.2,0.0,0,0,1,0,0.675,0.44
464,1,-0.8416346907615662,-0.42457884550094604,-0.5681616067886353,-6.28,1.8331926852730696,0,0,0,0.02,0.08,0.03,0.15,0.9,0.1,-1.2,0.0,0,0,1,0,0.675,0.44
464,2,0.5832496285438538,-0.06160299479961395,0.4745873808860779,-2.0638022370975793,3.9441732641184863,2,1,1,0.02,0.08,0.03,0.15,0.9,0.1,-1.2,0.0,0,0,1,0,0.675,0.44
464,3,-1.2368274927139282,0.035980068147182465,1.2822564840316772,4.379895931361009,-5.9734106494659365,2,1,1,0.02,0.08,0.03,0.15,0.9,0.1,-1.2,0.0,0,0,1,0,0.675,0.44
464,4,-0.06829278916120529,-0.06052040308713913,-2.5000154972076416,0.2134162468661792,2.8854098509650785,2,1,1,0.02,0.08,0.03,0.15,0.9,0.1,-1.2,0.0,0,0,1,0,0.675,0.44
464,5,-0.21713127195835114,0.40933576226234436,0.7119172215461731,-1.327094759342697,3.762329187080392,2,1,1,0.02,0.08,0.03,0.15,0.9,0.1,-1.2,0.0,0,0,1,0,0.675,0.44
464,6,0.8050538301467896,0.42386239767074585,2.321401596069336,-5.896488285123963,4.003570348017651,2,1,1,0.02,0.08,0.03,0.15,0.9,0.1,-1.2,0.0,0,0,1,0,0.675,0.44
464,7,-0.6789623498916626,0.13079223036766052,2.079495906829834,3.4285400423627403,-0.15916270330298235,2,1,1,0.02,0.08,0.03,0.15,0.9,0.1,-1.2,0.0,0,0,1,0,0.675,0.44
465,0,0.29508212208747864,0.4095556139945984,-0.1614794135093689,4.791692853782401,0.4946833303025297,2,1,1,0.02,0.08,0.03,0.15,0.9,0.1,-1.2,0.0,0,0,1,0,0.675,0.44
465,1,-0.8425394892692566,-0.42352065443992615,-0.3206515908241272,-6.28,3.21595338365774,0,0,0,0.02,0.08,0.03,0.15,0.9,0.1,-1.2,0.0,0,0,1,0,0.675,0.44
465,2,0.5845161080360413,-0.060758646577596664,0.6988465189933777,-1.0776239984791862,3.576130108975202,2,1,1,0.02,0.08,0.03,0.15,0.9,0.1,-1.2,0.0,0,0,1,0,0.675,0.44
465,3,-1.2375409603118896,0.034553442150354385,0.8777297139167786,4.6043086586652855,-3.4134058321883676,2,1,1,0.02,0.08,0.03,0.15,0.9,0.1,-1.2,0.0,0,0,1,0,0.675,0.44
465,4,-0.0706695020198822,-0.06249094009399414,-2.4095637798309326,-0.22711636150032025,3.0943945393805743,2,1,1,0.02,0.08,0.03,0.15,0.9,0.1,-1.2,0.0,0,0,1,0,0.675,0.44
465,5,-0.2164587676525116,0.4101334810256958,1.0053260326385498,-1.416941855630564,3.9400315804595354,2,1,1,0.02,0.08,0.03,0.15,0.9,0.1,-1.2,0.0,0,0,1,0,0.675,0.44
465,6,0.8033579587936401,0.4255693554878235,2.4538028240203857,-5.9399804169735715,3.7744972824196372,2,1,1,0.02,0.08,0.03,0.15,0.9,0.1,-1.2,0.0,0,0,1,0,0.675,0.44
465,7,-0.6800313591957092,0.13315004110336304,1.9288872480392456,3.0095039014673084,0.5382625069014041,2,1,1,0.02,0.08,0.03,0.15,0.9,0.1,-1.2,0.0,0,0,1,0,0.675,0.44
466,0,0.3006688356399536,0.40818172693252563,-0.31700628995895386,4.858737478001836,-0.4703046046074112,2,1,1,0.02,0.08,0.03,0.15,0.9,0.1,-1.2,0.0,0,0,1,0,0.675,0.44
466,1,-0.8438636064529419,-0.4230847954750061,-0.11385364830493927,-5.184142614486708,4.164720440986648,0,0,0,0.02,0.08,0.03,0.15,0.9,0.1,-1.2,0.0,0,0,1,0,0.675,0.44
466,2,0.585389256477356,-0.05980854853987694,0.9319865703582764,-0.9217953591925683,3.6392347089526593,2,1,1,0.02,0.08,0.03,0.15,0.9,0.1,-1.2,0.0,0,0,1,0,0.675,0.44
466,3,-1.2342389822006226,0.038005851209163666,0.7357097268104553,4.62447537331017,-3.405527626458838,2,1,1,0.02,0.08,0.03,0.15,0.9,0.1,-1.2,0.0,0,0,1,0,0.675,0.44
466,4,-0.07288441807031631,-0.06467045843601227,-2.317718267440796,-4.1705438710513425,4.343284023934547,2,1,1,0.02,0.08,0.03,0.15,0.9,0.1,-1.2,0.0,0,0,1,0,0.675,0.44
466,5,-0.21549458801746368,0.4120992422103882,1.214553952217102,-2.0969763951338574,3.916177761892775,2,1,1,0.02,0.08,0.03,0.15,0.9,0.1,-1.2,0.0,0,0,1,0,0.675,0.44
466,6,0.8033126592636108,0.4247252643108368,2.780902147293091,-3.907339865809041,4.6945100209282815,2,1,1,0.02,0.08,0.03,0.15,0.9,0.1,-1.2,0.0,0,0,1,0,0.675,0.44
466,7,-0.6809400916099548,0.13618925213813782,1.800438404083252,3.2397246490634912,0.6043592220004961,2,1,1,0.02,0.08,0.03,0.15,0.9,0.1,-1.2,0.0,0,0,1,0,0.675,0.44
467,0,0.3056759536266327,0.40613672137260437,-0.4669140577316284,4.696179533228667,-0.6166861997327837,2,1,1,0.02,0.08,0.03,0.15,0.9,0.1,-1.2,0.0,0,0,1,0,0.675,0.44
467,1,-0.8437973260879517,-0.42306816577911377,0.08993013948202133,-2.767656864507135,5.171024145754959,0,0,0,0.02,0.08,0.03,0.15,0.9,0.1,-1.2,0.0,0,0,1,0,0.675,0.44
467,2,0.5863531827926636,-0.05815170332789421,1.120743989944458,-0.9767897427918636,3.6825410884666656,2,1,1,0.02,0.08,0.03,0.15,0.9,0.1,-1.2,0.0,0,0,1,0,0.675,0.44
467,3,-1.232665777206421,0.03928673639893532,0.4869427978992462,4.875320948389376,-2.4633060802945033,2,1,1,0.02,0.08,0.03,0.15,0.9,0.1,-1.2,0.0,0,0,1,0,0.675,0.44
467,4,-0.07475744187831879,-0.06690714508295059,-2.2056853771209717,-4.468852608874195,4.466443280169295,2,1,1,0.02,0.08,0.03,0.15,0.9,0.1,-1.2,0.0,0,0,1,0,0.675,0.44
467,5,-0.21482644975185394,0.41451555490493774,1.3993414640426636,-3.827290662656138,4.251089015136072,2,1,1,0.02,0.08,0.03,0.15,0.9,0.1,-1.2,0.0,0,0,1,0,0.675,0.44
467,6,0.8011046648025513,0.425198495388031,2.9853668212890625,-3.246005818795084,4.986698604018592,2,1,1,0.02,0.08,0.03,0.15,0.9,0.1,-1.2,0.0,0,0,1,0,0.675,0.44
467,7,-0.6815454363822937,0.13958463072776794,1.7048488855361938,2.9672452968366185,0.9255377133588689,2,1,1,0.02,0.08,0.03,0.15,0.9,0.1,-1.2,0.0,0,0,1,0,0.675,0.44
468,0,0.3095792531967163,0.4037557542324066,-0.646569550037384,-6.28,6.28,2,1,1,0.02,0.08,0.03,0.15,0.9,0.1,-1.2,0.0,0,0,1,0,0.675,0.44
468,1,-0.8438310027122498,-0.4231737554073334,0.40425848960876465,0.0811023517812981,6.28,0,0,0,0.02,0.08,0.03,0.15,0.9,0.1,-1.2,0.0,0,0,1,0,0.675,0.44
468,2,0.5871400237083435,-0.0560525581240654,1.2961879968643188,-0.9423273354742505,3.651238019467445,2,1,1,0.02,0.08,0.03,0.15,0.9,0.1,-1.2,0.0,0,0,1,0,0.675,0.44
468,3,-1.2315032482147217,0.03974707052111626,0.20504732429981232,5.196435770329,-0.7728286899153558,2,1,1,0.02,0.08,0.03,0.15,0.9,0.1,-1.2,0.0,0,0,1,0,0.675,0.44
468,4,-0.07517135888338089,-0.06750266253948212,-1.9418206214904785,-3.9915404054282932,4.301978623753454,2,1,1,0.02,0.08,0.03,0.15,0.9,0.1,-1.2,0.0,0,0,1,0,0.675,0.44
468,5,-0.21466375887393951,0.41647064685821533,1.6053484678268433,-6.165931602628515,5.006434153453991,2,1,1,0.02,0.08,0.03,0.15,0.9,0.1,-1.2,0.0,0,0,1,0,0.675,0.44
468,6,0.8000689148902893,0.42526036500930786,-2.981614112854004,-0.7604136586611098,5.8021835925887,2,1,1,0.02,0.08,0.03,0.15,0.9,0.1,-1.2,0.0,0,0,1,0,0.675,0.44
468,7,-0.6818788647651672,0.14335045218467712,1.613640546798706,2.2731311984765705,1.3433668127098328,2,1,1,0.02,0.08,0.03,0.15,0.9,0.1,-1.2,0.0,0,0,1,0,0.675,0.44
469,0,0.3126562237739563,0.40096813440322876,-0.8333211541175842,6.183597427963452,-6.28,2,1,1,0.02,0.08,0.03,0.15,0.9,0.1,-1.2,0.0,0,0,1,0,0.675,0.44
469,1,-0.8420001268386841,-0.42203688621520996,0.7373278737068176,1.9892672633279578,6.28,0,0,0,0.02,0.08,0.03,0.15,0.9,0.1,-1.2,0.0,0,0,1,0,0.675,0.44
469,2,0.5875738859176636,-0.053769178688526154,1.4722776412963867,-0.26214304638287506,3.3071206669710835,2,1,1,0.02,0.08,0.03,0.15,0.9,0.1,-1.2,0.0,0,0,1,0,0.675,0.44
469,3,-1.229278326034546,0.03990306332707405,-0.05859586223959923,3.7892380386260833,-3.153047592016371,2,1,1,0.02,0.08,0.03,0.15,0.9,0.1,-1.2,0.0,0,0,1,0,0.675,0.44
469,4,-0.07529088854789734,-0.06811363250017166,-1.6022695302963257,-3.6184191216729054,4.249522714413071,2,1,1,0.02,0.08,0.03,0.15,0.9,0.1,-1.2,0.0,0,0,1,0,0.675,0.44
469,5,-0.21475011110305786,0.4171935021877289,1.8778924942016602,-6.28,4.961833032485218,2,1,1,0.02,0.08,0.03,0.15,0.9,0.1,-1.2,0.0,0,0,1,0,0.675,0.44
469,6,0.7987872362136841,0.4247888922691345,-2.6367831230163574,2.097824618916687,6.28,2,1,1,0.02,0.08,0.03,0.15,0.9,0.1,-1.2,0.0,0,0,1,0,0.675,0.44
469,7,-0.6818878650665283,0.14723089337348938,1.5378724336624146,2.38194114677557,1.4810109266791969,2,1,1,0.02,0.08,0.03,0.15,0.9,0.1,-1.2,0.0,0,0,1,0,0.675,0.44
470,0,0.31318753957748413,0.4002799987792969,-0.5072614550590515,-6.28,6.28,2,1,1,0.02,0.08,0.03,0.15,0.9,0.1,-1.2,0.0,0,0,1,0,0.675,0.44
470,1,-0.8387306332588196,-0.4180842936038971,0.9935025572776794,0.18506819457280374,3.845210577453767,0,0,0,0.02,0.08,0.03,0.15,0.9,0.1,-1.2,0.0,0,0,1,0,0.675,0.44
470,2,0.5876034498214722,-0.05136718973517418,1.6446051597595215,0.06904053023263704,3.074041329704296,2,1,1,0.02,0.08,0.03,0.15,0.9,0.1,-1.2,0.0,0,0,1,0,0.675,0.44
470,3,-1.2248417139053345,0.03909466043114662,-0.2959907650947571,6.28,-6.28,2,1,1,0.02,0.08,0.03,0.15,0.9,0.1,-1.2,0.0,0,0,1,0,0.675,0.44
470,4,-0.0752435103058815,-0.06848422437906265,-1.2474420070648193,-2.6851500027309467,4.103644177839544,2,1,1,0.02,0.08,0.03,0.15,0.9,0.1,-1.2,0.0,0,0,1,0,0.675,0.44
470,5,-0.2143692970275879,0.4164789319038391,2.277113199234009,-5.551844667339338,4.653945576095594,2,1,1,0.02,0.08,0.03,0.15,0.9,0.1,-1.2,0.0,0,0,1,0,0.675,0.44
470,6,0.7954908013343811,0.4222262501716614,-2.3548779487609863,1.214044521718946,4.743301871244207,2,1,1,0.02,0.08,0.03,0.15,0.9,0.1,-1.2,0.0,0,0,1,0,0.675,0.44
470,7,-0.681675374507904,0.15089355409145355,1.4975848197937012,2.924036734323691,1.415037826177027,2,1,1,0.02,0.08,0.03,0.15,0.9,0.1,-1.2,0.0,0,0,1,0,0.675,0.44
471,0,0.3131331503391266,0.4002646803855896,-0.7817802429199219,5.883026556270841,-6.28,2,1,1,0.02,0.08,0.03,0.15,0.9,0.1,-1.2,0.0,0,0,1,0,0.675,0.44
471,1,-0.8352192044258118,-0.4113175570964813,1.1782957315444946,-6.28,6.28,0,0,0,0.02,0.08,0.03,0.15,0.9,0.1,-1.2,0.0,0,0,1,0,0.675,0.44
471,2,0.5871812701225281,-0.0485825389623642,1.7823712825775146,-1.3534088126509132,3.8423268037244327,2,1,1,0.02,0.08,0.03,0.15,0.9,0.1,-1.2,0.0,0,0,1,0,0.675,0.44
471,3,-1.2229646444320679,0.038332149386405945,-0.554918110370636,5.886953849453989,-6.28,2,1,1,0.02,0.08,0.03,0.15,0.9,0.1,-1.2,0.0,0,0,1,0,0.675,0.44
471,4,-0.07496751099824905,-0.06898319721221924,-0.9092384576797485,-2.394599658557218,4.251125594892684,2,1,1,0.02,0.08,0.03,0.15,0.9,0.1,-1.2,0.0,0,0,1,0,0.675,0.44
471,5,-0.21657179296016693,0.4180065989494324,2.5208258628845215,-6.137594796236699,4.438375956829732,2,1,1,0.02,0.08,0.03,0.15,0.9,0.1,-1.2,0.0,0,0,1,0,0.675,0.44
471,6,0.7908806800842285,0.4165845215320587,-2.1780993938446045,6.28,-6.28,2,1,1,0.02,0.08,0.03,0.15,0.9,0.1,-1.2,0.0,0,0,1,0,0.675,0.44
471,7,-0.6813335418701172,0.15468952059745789,1.4658589363098145,2.4291731261213445,1.7948520426199204,2,1,1,0.02,0.08,0.03,0.15,0.9,0.1,-1.2,0.0,0,0,1,0,0.675,0.44
472,0,0.31311535835266113,0.40025249123573303,-0.49684280157089233,6.28,-6.28,2,1,1,0.02,0.08,0.03,0.15,0.9,0.1,-1.2,0.0,0,0,1,0,0.675,0.44
472,1,-0.8336703777313232,-0.4067362844944,1.3156068325042725,-6.28,6.28,0,0,0,0.02,0.08,0.03,0.15,0.9,0.1,-1.2,0.0,0,0,1,0,0.675,0.44
472,2,0.5863538980484009,-0.045602209866046906,1.8923753499984741,-2.3297091903625784,4.209658581881492,2,1,1,0.02,0.08,0.03,0.15,0.9,0.1,-1.2,0.0,0,0,1,0,0.675,0.44
472,3,-1.2224831581115723,0.03798103332519531,-0.9787718653678894,4.721080173141563,-5.3044888241183665,2,1,1,0.02,0.08,0.03,0.15,0.9,0.1,-1.2,0.0,0,0,1,0,0.675,0.44
472,4,-0.07404021918773651,-0.06985508650541306,-0.6131353378295898,-1.2372710375880538,4.154164425031707,2,1,1,0.02,0.08,0.03,0.15,0.9,0.1,-1.2,0.0,0,0,1,0,0.675,0.44
472,5,-0.21965649724006653,0.42012298107147217,2.7212414741516113,-6.28,3.889822883887246,2,1,1,0.02,0.08,0.03,0.15,0.9,0.1,-1.2,0.0,0,0,1,0,0.675,0.44
472,6,0.78753662109375,0.41107073426246643,-2.0425329208374023,-6.28,6.28,2,1,1,0.02,0.08,0.03,0.15,0.9,0.1,-1.2,0.0,0,0,1,0,0.675,0.44
472,7,-0.6807952523231506,0.15889957547187805,1.417168378829956,1.4350008189984234,2.2359045158683095,2,1,1,0.02,0.08,0.03,0.15,0.9,0.1,-1.2,0.0,0,0,1,0,0.675,0.44
473,0,0.3128793239593506,0.40039366483688354,-0.7665196657180786,5.316273749000688,-6.28,2,1,1,0.02,0.08,0.03,0.15,0.9,0.1,-1.2,0.0,0,0,1,0,0.675,0.44
473,1,-0.8335277438163757,-0.40633293986320496,1.7105073928833008,-6.28,5.833116536985705,0,0,0,0.02,0.08,0.03,0.15,0.9,0.1,-1.2,0.0,0,0,1,0,0.675,0.44
473,2,0.5853546261787415,-0.04318120703101158,2.059525728225708,-3.135342990557809,4.4030862911072335,2,1,1,0.02,0.08,0.03,0.15,0.9,0.1,-1.2,0.0,0,0,1,0,0.675,0.44
473,3,-1.2237826585769653,0.04007665067911148,-1.0704516172409058,4.603829992159201,-4.811251605807964,2,1,1,0.02,0.08,0.03,0.15,0.9,0.1,-1.2,0.0,0,0,1,0,0.675,0.44
473,4,-0.07245208323001862,-0.0706772580742836,-0.3312373459339142,-0.3578875095134479,4.178254122168428,2,1,1,0.02,0.08,0.03,0.15,0.9,0.1,-1.2,0.0,0,0,1,0,0.675,0.44
473,5,-0.2220088392496109,0.4206065237522125,2.9759681224823,-5.295228627246178,4.206711360736982,2,1,1,0.02,0.08,0.03,0.15,0.9,0.1,-1.2,0.0,0,0,1,0,0.675,0.44
473,6,0.7869399189949036,0.40984654426574707,-2.3850793838500977,5.64488256866239,-6.28,2,1,1,0.02,0.08,0.03,0.15,0.9,0.1,-1.2,0.0,0,0,1,0,0.675,0.44
473,7,-0.6800705790519714,0.16308429837226868,1.388736367225647,0.11255913241021587,2.6846363580394517,2,1,1,0.02,0.08,0.03,0.15,0.9,0.1,-1.2,0.0,0,0,1,0,0.675,0.44
474,0,0.3127889037132263,0.4004266560077667,-0.9456020593643188,4.343097085986069,-6.28,2,1,1,0.02,0.08,0.03,0.15,0.9,0.1,-1.2,0.0,0,0,1,0,0.675,0.44
474,1,-0.8329626321792603,-0.406520813703537,1.9998077154159546,-6.28,5.062139165918931,0,0,0,0.02,0.08,0.03,0.15,0.9,0.1,-1.2,0.0,0,0,1,0,0.675,0.44
474,2,0.584244430065155,-0.04151177406311035,2.2807085514068604,-3.224234722318379,4.414901275828694,2,1,1,0.02,0.08,0.03,0.15,0.9,0.1,-1.2,0.0,0,0,1,0,0.675,0.44
474,3,-1.2238892316818237,0.04027864336967468,-1.3843774795532227,4.022998617746463,-3.4395016507702114,2,1,1,0.02,0.08,0.03,0.15,0.9,0.1,-1.2,0.0,0,0,1,0,0.675,0.44
474,4,-0.06986555457115173,-0.07123937457799911,-0.11477523297071457,0.21128991831099972,4.234193014754334,2,1,1,0.02,0.08,0.03,0.15,0.9,0.1,-1.2,0.0,0,0,1,0,0.675,0.44
474,5,-0.22496646642684937,0.4208419919013977,-3.131687641143799,-4.518455959923939,4.446330574836885,2,1,1,0.02,0.08,0.03,0.15,0.9,0.1,-1.2,0.0,0,0,1,0,0.675,0.44
474,6,0.7869610786437988,0.4098292291164398,-2.106388568878174,6.147908807603315,-6.28,2,1,1,0.02,0.08,0.03,0.15,0.9,0.1,-1.2,0.0,0,0,1,0,0.675,0.44
474,7,-0.6793889999389648,0.16680291295051575,1.4068554639816284,-0.5466038757097912,2.964714398151357,2,1,1,0.02,0.08,0.03,0.15,0.9,0.1,-1.2,0.0,0,0,1,0,0.675,0.44
475,0,0.3128720223903656,0.4003176689147949,-1.014269232749939,4.150126338707646,-6.28,2,1,1,0.02,0.08,0.03,0.15,0.9,0.1,-1.2,0.0,0,0,1,0,0.675,0.44
475,1,-0.8330880999565125,-0.4062645137310028,2.032717227935791,-6.28,5.028060037331463,0,0,0,0.02,0.08,0.03,0.15,0.9,0.1,-1.2,0.0,0,0,1,0,0.675,0.44
475,2,0.5832173228263855,-0.04054482653737068,2.539945602416992,-2.2693210749511032,4.205889148212185,2,1,1,0.02,0.08,0.03,0.15,0.9,0.1,-1.2,0.0,0,0,1,0,0.675,0.44
475,3,-1.2238720655441284,0.03978860378265381,-1.745381236076355,3.429985058187278,-1.715207654385794,2,1,1,0.02,0.08,0.03,0.15,0.9,0.1,-1.2,0.0,0,0,1,0,0.675,0.44
475,4,-0.06633487343788147,-0.07133151590824127,0.052945371717214584,0.627404935463393,4.263126868785617,2,1,1,0.02,0.08,0.03,0.15,0.9,0.1,-1.2,0.0,0,0,1,0,0.675,0.44
475,5,-0.22534914314746857,0.4209130108356476,-2.8107783794403076,-1.8420360948781702,5.386249181912397,2,1,1,0.02,0.08,0.03,0.15,0.9,0.1,-1.2,0.0,0,0,1,0,0.675,0.44
475,6,0.7872605919837952,0.41022270917892456,-2.368486166000366,5.353854188358347,-6.28,2,1,1,0.02,0.08,0.03,0.15,0.9,0.1,-1.2,0.0,0,0,1,0,0.675,0.44
475,7,-0.6789799332618713,0.16974681615829468,1.4847811460494995,-0.16092575341885487,2.81916381650084,2,1,1,0.02,0.08,0.03,0.15,0.9,0.1,-1.2,0.0,0,0,1,0,0.675,0.44
476,0,0.3125814199447632,0.39939308166503906,-1.3551819324493408,3.958518632560822,-6.28,2,1,1,0.02,0.08,0.03,0.15,0.9,0.1,-1.2,0.0,0,0,1,0,0.675,0.44
476,1,-0.833040714263916,-0.4063616096973419,2.4167613983154297,-6.28,4.602083065818581,0,0,0,0.02,0.08,0.03,0.15,0.9,0.1,-1.2,0.0,0,0,1,0,0.675,0.44
476,2,0.5820165276527405,-0.03991250693798065,2.813469648361206,-0.9270940346531316,3.7679025501273196,2,1,1,0.02,0.08,0.03,0.15,0.9,0.1,-1.2,0.0,0,0,1,0,0.675,0.44
476,3,-1.224027156829834,0.03898865729570389,-2.0609824657440186,3.561496668883677,-0.34594792144203645,2,1,1,0.02,0.08,0.03,0.15,0.9,0.1,-1.2,0.0,0,0,1,0,0.675,0.44
476,4,-0.062047962099313736,-0.0707874596118927,0.1968691498041153,0.9870675501624019,4.268309229522087,2,1,1,0.02,0.08,0.03,0.15,0.9,0.1,-1.2,0.0,0,0,1,0,0.675,0.44
476,5,-0.2256588637828827,0.42084887623786926,-2.4491965770721436,0.9609762876053074,6.241576719916572,2,1,1,0.02,0.08,0.03,0.15,0.9,0.1,-1.2,0.0,0,0,1,0,0.675,0.44
476,6,0.7872639298439026,0.4102376699447632,-2.642350673675537,4.528058271648639,-6.117000768339393,2,1,1,0.02,0.08,0.03,0.15,0.9,0.1,-1.2,0.0,0,0,1,0,0.675,0.44
476,7,-0.6788846254348755,0.17224261164665222,1.6015669107437134,-0.8988531316045767,3.099559951177833,2,1,1,0.02,0.08,0.03,0.15,0.9,0.1,-1.2,0.0,0,0,1,0,0.675,0.44
477,0,0.31310001015663147,0.3958606719970703,-1.522521734237671,3.7837750668338304,-6.28,2,1,1,0.02,0.08,0.03,0.15,0.9,0.1,-1.2,0.0,0,0,1,0,0.675,0.44
477,1,-0.837288498878479,-0.4029214680194855,2.5831496715545654,-6.28,4.446688631042,0,0,0,0.02,0.08,0.03,0.15,0.9,0.1,-1.2,0.0,0,0,1,0,0.675,0.44
477,2,0.5799777507781982,-0.03947581723332405,3.0747244358062744,0.27618698250779505,3.4835611896540217,2,1,1,0.02,0.08,0.03,0.15,0.9,0.1,-1.2,0.0,0,0,1,0,0.675,0.44
477,3,-1.2247340679168701,0.038004860281944275,-2.2836599349975586,3.949073853433338,0.2520240268956111,2,1,1,0.02,0.08,0.03,0.15,0.9,0.1,-1.2,0.0,0,0,1,0,0.675,0.44
477,4,-0.05740998685359955,-0.06954080611467361,0.3267681300640106,-0.32165653903510266,3.4486349551043607,2,1,1,0.02,0.08,0.03,0.15,0.9,0.1,-1.2,0.0,0,0,1,0,0.675,0.44
477,5,-0.22743560373783112,0.4188188314437866,-2.1482553482055664,0.5575605046959489,5.398972944211239,2,1,1,0.02,0.08,0.03,0.15,0.9,0.1,-1.2,0.0,0,0,1,0,0.675,0.44
477,6,0.787263810634613,0.410237580537796,-2.64235520362854,4.531721204090981,-6.151564788473695,2,1,1,0.02,0.08,0.03,0.15,0.9,0.1,-1.2,0.0,0,0,1,0,0.675,0.44
477,7,-0.6791091561317444,0.17486536502838135,1.7106279134750366,-6.28,5.534045098963148,2,1,1,0.02,0.08,0.03,0.15,0.9,0.1,-1.2,0.0,0,0,1,0,0.675,0.44
478,0,0.3130321800708771,0.3934952914714813,-1.7228823900222778,3.6640823556298203,-6.28,2,1,1,0.02,0.08,0.03,0.15,0.9,0.1,-1.2,0.0,0,0,1,0,0.675,0.44
478,1,-0.8398545980453491,-0.401530921459198,2.8099310398101807,-5.776592949695513,4.689905444450305,0,0,0,0.02,0.08,0.03,0.15,0.9,0.1,-1.2,0.0,0,0,1,0,0.675,0.44
478,2,0.5771268606185913,-0.039573390036821365,-3.0188164710998535,0.6343781691298714,3.6702943610781356,2,1,1,0.02,0.08,0.03,0.15,0.9,0.1,-1.2,0.0,0,0,1,0,0.675,0.44
478,3,-1.2265597581863403,0.03624093532562256,-2.440751314163208,3.6363127334378276,0.8495392707246913,2,1,1,0.02,0.08,0.03,0.15,0.9,0.1,-1.2,0.0,0,0,1,0,0.675,0.44
478,4,-0.052608560770750046,-0.06758683919906616,0.44423434138298035,0.2453136882775089,2.969437354428664,2,1,1,0.02,0.08,0.03,0.15,0.9,0.1,-1.2,0.0,0,0,1,0,0.675,0.44
478,5,-0.23017528653144836,0.4132974147796631,-1.924614429473877,-2.5238658290616964,4.315154834795512,2,1,1,0.02,0.08,0.03,0.15,0.9,0.1,-1.2,0.0,0,0,1,0,0.675,0.44
478,6,0.7868239283561707,0.41036170721054077,-3.0054192543029785,4.521964435003167,-3.9876153670672863,2,1,1,0.02,0.08,0.03,0.15,0.9,0.1,-1.2,0.0,0,0,1,0,0.675,0.44
478,7,-0.6795717477798462,0.17711853981018066,1.8443596363067627,-6.28,3.60358369051756,2,1,1,0.02,0.08,0.03,0.15,0.9,0.1,-1.2,0.0,0,0,1,0,0.675,0.44
479,0,0.31273651123046875,0.3917596936225891,-1.958820104598999,3.809040988679027,-6.28,2,1,1,0.02,0.08,0.03,0.15,0.9,0.1,-1.2,0.0,0,0,1,0,0.675,0.44
479,1,-0.8426296710968018,-0.4009542763233185,3.0330770015716553,-5.364891628587079,4.562162215673758,0,0,0,0.02,0.08,0.03,0.15,0.9,0.1,-1.2,0.0,0,0,1,0,0.675,0.44
479,2,0.573677122592926,-0.04023995250463486,-2.8949267864227295,0.4248727580399025,3.9430358256740794,2,1,1,0.02,0.08,0.03,0.15,0.9,0.1,-1.2,0.0,0,0,1,0,0.675,0.44
479,3,-1.2295169830322266,0.034086428582668304,-2.5830321311950684,3.140830886764314,1.2792562258589253,2,1,1,0.02,0.08,0.03,0.15,0.9,0.1,-1.2,0.0,0,0,1,0,0.675,0.44
479,4,-0.0494929701089859,-0.0658780112862587,0.5729163885116577,1.2801144699362121,2.0089652301068748,2,1,1,0.02,0.08,0.03,0.15,0.9,0.1,-1.2,0.0,0,0,1,0,0.675,0.44
479,5,-0.23183614015579224,0.4074973165988922,-1.7519043684005737,-3.801442196161314,4.396192870359034,2,1,1,0.02,0.08,0.03,0.15,0.9,0.1,-1.2,0.0,0,0,1,0,0.675,0.44
479,6,0.7832403182983398,0.4102374315261841,3.0771963596343994,4.58682190697083,-3.484066612424562,2,1,1,0.02,0.08,0.03,0.15,0.9,0.1,-1.2,0.0,0,0,1,0,0.675,0.44
479,7,-0.6794314384460449,0.17697422206401825,2.2087693214416504,-6.28,3.404803049337064,2,1,1,0.02,0.08,0.03,0.15,0.9,0.1,-1.2,0.0,0,0,1,0,0.675,0.44
480,0,0.3123169541358948,0.3905929625034332,-2.186453342437744,4.138511254177342,-5.591484180877432,2,1,1,0.02,0.08,0.03,0.15,0.9,0.1,-1.2,0.0,0,0,1,0,0.675,0.44
480,1,-0.8451955914497375,-0.4008956253528595,-2.9968314170837402,-4.091388242994811,4.425578653413354,0,0,0,0.02,0.08,0.03,0.15,0.9,0.1,-1.2,0.0,0,0,1,0,0.675,0.44
480,2,0.5696744918823242,-0.04148229956626892,-2.787905693054199,1.1946684090583581,3.8047629496247604,2,1,1,0.02,0.08,0.03,0.15,0.9,0.1,-1.2,0.0,0,0,1,0,0.675,0.44
480,3,-1.2331624031066895,0.03209949657320976,-2.696317434310913,2.521999508309538,1.4928325756645269,2,1,1,0.02,0.08,0.03,0.15,0.9,0.1,-1.2,0.0,0,0,1,0,0.675,0.44
480,4,-0.04691372811794281,-0.06398899853229523,0.6756526827812195,1.6247584275457596,1.5096007441301267,2,1,1,0.02,0.08,0.03,0.15,0.9,0.1,-1.2,0.0,0,0,1,0,0.675,0.44
480,5,-0.2320997416973114,0.4046957492828369,-1.5179355144500732,-3.7267577612387366,4.453591806506309,2,1,1,0.02,0.08,0.03,0.15,0.9,0.1,-1.2,0.0,0,0,1,0,0.675,0.44
480,6,0.7815913558006287,0.4103814959526062,2.7711052894592285,4.882714163737641,-1.7860470315960824,2,1,1,0.02,0.08,0.03,0.15,0.9,0.1,-1.2,0.0,0,0,1,0,0.675,0.44
480,7,-0.6779565811157227,0.1759772151708603,2.601003646850586,-6.28,3.9451420659745913,2,1,1,0.02,0.08,0.03,0.15,0.9,0.1,-1.2,0.0,0,0,1,0,0.675,0.44
481,0,0.311967670917511,0.3898870348930359,-2.4305789470672607,4.753089492981447,-3.458712274759546,2,1,1,0.02,0.08,0.03,0.15,0.9,0.1,-1.2,0.0,0,0,1,0,0.675,0.44
481,1,-0.8471620082855225,-0.40104910731315613,-2.6914761066436768,-3.369775938240474,4.41115750567803,0,0,0,0.02,0.08,0.03,0.15,0.9,0.1,-1.2,0.0,0,0,1,0,0.675,0.44
481,2,0.5656797289848328,-0.043217435479164124,-2.668086528778076,1.8976052550192954,3.497224584425734,2,1,1,0.02,0.08,0.03,0.15,0.9,0.1,-1.2,0.0,0,0,1,0,0.675,0.44
481,3,-1.2370623350143433,0.03044005110859871,-2.7743706703186035,2.2102517604346237,1.6507931232934032,2,1,1,0.02,0.08,0.03,0.15,0.9,0.1,-1.2,0.0,0,0,1,0,0.675,0.44
481,4,-0.044425178319215775,-0.06187162920832634,0.7149739265441895,1.7619060057985796,1.2233404346381551,2,1,1,0.02,0.08,0.03,0.15,0.9,0.1,-1.2,0.0,0,0,1,0,0.675,0.44
481,5,-0.23195157945156097,0.4038222134113312,-1.236449122428894,-3.0242713358127116,4.52359806888845,2,1,1,0.02,0.08,0.03,0.15,0.9,0.1,-1.2,0.0,0,0,1,0,0.675,0.44
481,6,0.7809434533119202,0.41074511408805847,2.434861183166504,4.845178842506782,0.20300710689008516,2,1,1,0.02,0.08,0.03,0.15,0.9,0.1,-1.2,0.0,0,0,1,0,0.675,0.44
481,7,-0.6779714822769165,0.175876185297966,2.8806231021881104,-4.0482816353824855,4.581001747463204,2,1,1,0.02,0.08,0.03,0.15,0.9,0.1,-1.2,0.0,0,0,1,0,0.675,0.44
482,0,0.31123247742652893,0.38998764753341675,-2.720442771911621,5.500036477069442,-1.1578540512905913,2,1,1,0.02,0.08,0.03,0.15,0.9,0.1,-1.2,0.0,0,0,1,0,0.675,0.44
482,1,-0.8479528427124023,-0.4013804793357849,-2.350825548171997,-2.5949041085476305,4.44072885060547,0,0,0,0.02,0.08,0.03,0.15,0.9,0.1,-1.2,0.0,0,0,1,0,0.675,0.44
482,2,0.5614640712738037,-0.045662857592105865,-2.57025146484375,2.0952811868009475,3.214297093368447,2,1,1,0.02,0.08,0.03,0.15,0.9,0.1,-1.2,0.0,0,0,1,0,0.675,0.44
482,3,-1.2408124208450317,0.02910943143069744,-2.8198657035827637,-5.190929733684546,4.428516410758979,2,1,1,0.02,0.08,0.03,0.15,0.9,0.1,-1.2,0.0,0,0,1,0,0.675,0.44
482,4,-0.0420515276491642,-0.05978505313396454,0.7165899276733398,2.0778613427488186,0.7961740303125042,2,1,1,0.02,0.08,0.03,0.15,0.9,0.1,-1.2,0.0,0,0,1,0,0.675,0.44
482,5,-0.2316609025001526,0.4032000005245209,-0.9413496255874634,-2.7332514437464686,4.574093775341747,2,1,1,0.02,0.08,0.03,0.15,0.9,0.1,-1.2,0.0,0,0,1,0,0.675,0.44
482,6,0.7791975736618042,0.4127800464630127,2.1420347690582275,4.792076942296097,1.8497068109706807,2,1,1,0.02,0.08,0.03,0.15,0.9,0.1,-1.2,0.0,0,0,1,0,0.675,0.44
482,7,-0.6814597845077515,0.17673690617084503,3.0221877098083496,-3.1911267424129743,4.87202286049967,2,1,1,0.02,0.08,0.03,0.15,0.9,0.1,-1.2,0.0,0,0,1,0,0.675,0.44
483,0,0.3096495568752289,0.3894793689250946,-3.0288920402526855,6.155656839953239,0.9813714057717228,2,1,1,0.02,0.08,0.03,0.15,0.9,0.1,-1.2,0.0,0,0,1,0,0.675,0.44
483,1,-0.8484901189804077,-0.4021218717098236,-2.0265488624572754,-1.1514275378841081,4.350563541336452,0,0,0,0.02,0.08,0.03,0.15,0.9,0.1,-1.2,0.0,0,0,1,0,0.675,0.44
483,2,0.5571035146713257,-0.048694316297769547,-2.50718355178833,-0.45203291485046493,3.5035567221719526,2,1,1,0.02,0.08,0.03,0.15,0.9,0.1,-1.2,0.0,0,0,1,0,0.675,0.44
483,3,-1.2444608211517334,0.027953144162893295,-2.844684362411499,-5.761751257108842,4.421830855535661,2,1,1,0.02,0.08,0.03,0.15,0.9,0.1,-1.2,0.0,0,0,1,0,0.675,0.44
483,4,-0.039770446717739105,-0.05781671777367592,0.7005102038383484,-1.363398316228408,2.4137635082687363,2,1,1,0.02,0.08,0.03,0.15,0.9,0.1,-1.2,0.0,0,0,1,0,0.675,0.44
483,5,-0.2307669073343277,0.40232786536216736,-0.6256685853004456,-2.540065596094433,4.555361220827406,2,1,1,0.02,0.08,0.03,0.15,0.9,0.1,-1.2,0.0,0,0,1,0,0.675,0.44
483,6,0.7771589756011963,0.4167378842830658,1.941080093383789,3.8616901488254762,1.1478471275432218,2,1,1,0.02,0.08,0.03,0.15,0.9,0.1,-1.2,0.0,0,0,1,0,0.675,0.44
483,7,-0.6826147437095642,0.17684105038642883,-2.9888768196105957,-1.0240349379853995,5.542913082610381,2,1,1,0.02,0.08,0.03,0.15,0.9,0.1,-1.2,0.0,0,0,1,0,0.675,0.44
484,0,0.30617475509643555,0.3896152675151825,2.9751319885253906,6.28,2.000753354832147,2,1,1,0.02,0.08,0.03,0.15,0.9,0.1,-1.2,0.0,0,0,1,0,0.675,0.44
484,1,-0.8489640951156616,-0.4036707878112793,-1.7255423069000244,-0.4009657159404857,4.279558894976624,0,0,0,0.02,0.08,0.03,0.15,0.9,0.1,-1.2,0.0,0,0,1,0,0.675,0.44
484,2,0.5528936982154846,-0.051946431398391724,-2.464695692062378,-0.77229399124593,3.288735579828176,2,1,1,0.02,0.08,0.03,0.15,0.9,0.1,-1.2,0.0,0,0,1,0,0.675,0.44
484,3,-1.2446393966674805,0.028027517721056938,-2.5766143798828125,-4.732627256112991,4.443853019076287,2,1,1,0.02,0.08,0.03,0.15,0.9,0.1,-1.2,0.0,0,0,1,0,0.675,0.44
484,4,-0.037529293447732925,-0.05598343908786774,0.6606784462928772,-0.06579088791496797,0.7919713049547802,2,1,1,0.02,0.08,0.03,0.15,0.9,0.1,-1.2,0.0,0,0,1,0,0.675,0.44
484,5,-0.22957856953144073,0.40150925517082214,-0.3318616449832916,-2.1168969981344787,4.452502351251469,2,1,1,0.02,0.08,0.03,0.15,0.9,0.1,-1.2,0.0,0,0,1,0,0.675,0.44
484,6,0.7752602100372314,0.4226113259792328,1.8220034837722778,6.28,-6.28,2,1,1,0.02,0.08,0.03,0.15,0.9,0.1,-1.2,0.0,0,0,1,0,0.675,0.44
484,7,-0.6832908391952515,0.17650538682937622,-2.6727936267852783,1.179564271544705,6.197691628789092,2,1,1,0.02,0.08,0.03,0.15,0.9,0.1,-1.2,0.0,0,0,1,0,0.675,0.44
485,0,0.29998835921287537,0.39143016934394836,2.7552268505096436,6.28,2.1042320008617565,2,1,1,0.02,0.08,0.03,0.15,0.9,0.1,-1.2,0.0,0,0,1,0,0.675,0.44
485,1,-0.8490470051765442,-0.40652579069137573,-1.4878426790237427,-0.4884482400992141,4.210577070762351,0,0,0,0.02,0.08,0.03,0.15,0.9,0.1,-1.2,0.0,0,0,1,0,0.675,0.44
485,2,0.5502526164054871,-0.05425126850605011,-2.34586763381958,-1.8046505147374747,3.757212273993446,2,1,1,0.02,0.08,0.03,0.15,0.9,0.1,-1.2,0.0,0,0,1,0,0.675,0.44
485,3,-1.2443134784698486,0.028407206758856773,-2.191868305206299,-2.442606329839704,4.651135708255754,2,1,1,0.02,0.08,0.03,0.15,0.9,0.1,-1.2,0.0,0,0,1,0,0.675,0.44
485,4,-0.03641560301184654,-0.05510856956243515,0.7578850984573364,-2.060117592079064,2.6956514877842346,2,1,1,0.02,0.08,0.03,0.15,0.9,0.1,-1.2,0.0,0,0,1,0,0.675,0.44
485,5,-0.22772371768951416,0.40111127495765686,-0.032988470047712326,-1.9180880850012685,4.25982008034543,2,1,1,0.02,0.08,0.03,0.15,0.9,0.1,-1.2,0.0,0,0,1,0,0.675,0.44
485,6,0.7741766571998596,0.4278527796268463,1.7231669425964355,-6.28,3.5742149869290145,2,1,1,0.02,0.08,0.03,0.15,0.9,0.1,-1.2,0.0,0,0,1,0,0.675,0.44
485,7,-0.6862697005271912,0.17437660694122314,-2.3952815532684326,2.5806041624648715,6.28,2,1,1,0.02,0.08,0.03,0.15,0.9,0.1,-1.2,0.0,0,0,1,0,0.675,0.44
486,0,0.2930828332901001,0.3949737250804901,2.581789493560791,6.258630082570962,1.878949831262374,2,1,1,0.02,0.08,0.03,0.15,0.9,0.1,-1.2,0.0,0,0,1,0,0.675,0.44
486,1,-0.8484212756156921,-0.4100971221923828,-1.315309762954712,-0.5887020353633681,4.021453158467203,0,0,0,0.02,0.08,0.03,0.15,0.9,0.1,-1.2,0.0,0,0,1,0,0.675,0.44
486,2,0.5485413670539856,-0.05624707043170929,-2.2038750648498535,-1.827664063636392,3.7049888796717956,2,1,1,0.02,0.08,0.03,0.15,0.9,0.1,-1.2,0.0,0,0,1,0,0.675,0.44
486,3,-1.2442060708999634,0.028437316417694092,-1.8599309921264648,-1.1843662405141786,4.815580441042344,2,1,1,0.02,0.08,0.03,0.15,0.9,0.1,-1.2,0.0,0,0,1,0,0.675,0.44
486,4,-0.035843148827552795,-0.05453623831272125,0.809113085269928,-2.1904621331970753,2.790223256676688,2,1,1,0.02,0.08,0.03,0.15,0.9,0.1,-1.2,0.0,0,0,1,0,0.675,0.44
486,5,-0.22546900808811188,0.40134915709495544,0.24680247902870178,-2.163159992042526,4.138418111446843,2,1,1,0.02,0.08,0.03,0.15,0.9,0.1,-1.2,0.0,0,0,1,0,0.675,0.44
486,6,0.7740269303321838,0.428419291973114,1.3325625658035278,1.558327402899916,-6.28,2,1,1,0.02,0.08,0.03,0.15,0.9,0.1,-1.2,0.0,0,0,1,0,0.675,0.44
486,7,-0.6906065940856934,0.16933217644691467,-2.1780447959899902,2.267483668478501,2.2986571335878674,2,1,1,0.02,0.08,0.03,0.15,0.9,0.1,-1.2,0.0,0,0,1,0,0.675,0.44
487,0,0.2866533696651459,0.3997116982936859,2.422335147857666,6.076210433313879,2.176483022420909,2,1,1,0.02,0.08,0.03,0.15,0.9,0.1,-1.2,0.0,0,0,1,0,0.675,0.44
487,1,-0.8471923470497131,-0.4136422276496887,-1.1515134572982788,-0.16724134139392,3.7372180692184065,0,0,0,0.02,0.08,0.03,0.15,0.9,0.1,-1.2,0.0,0,0,1,0,0.675,0.44
487,2,0.547455906867981,-0.058011557906866074,-2.0187389850616455,-2.380420472229474,3.9850981127274516,2,1,1,0.02,0.08,0.03,0.15,0.9,0.1,-1.2,0.0,0,0,1,0,0.675,0.44
487,3,-1.2444391250610352,0.026713503524661064,-1.5979022979736328,-0.018198153608368905,4.816665433184152,2,1,1,0.02,0.08,0.03,0.15,0.9,0.1,-1.2,0.0,0,0,1,0,0.675,0.44
487,4,-0.0354117788374424,-0.0540396124124527,0.9489221572875977,-3.2708936288209483,3.866530028232539,2,1,1,0.02,0.08,0.03,0.15,0.9,0.1,-1.2,0.0,0,0,1,0,0.675,0.44
487,5,-0.2231268733739853,0.4021037817001343,0.4922393262386322,-2.139683825862603,4.049793571403722,2,1,1,0.02,0.08,0.03,0.15,0.9,0.1,-1.2,0.0,0,0,1,0,0.675,0.44
487,6,0.7735875844955444,0.4263356328010559,1.5361545085906982,3.7522722681791056,-6.28,2,1,1,0.02,0.08,0.03,0.15,0.9,0.1,-1.2,0.0,0,0,1,0,0.675,0.44
487,7,-0.6948810815811157,0.16190236806869507,-2.0112881660461426,2.2074350874983453,-1.0005552068784798,2,1,1,0.02,0.08,0.03,0.15,0.9,0.1,-1.2,0.0,0,0,1,0,0.675,0.44
488,0,0.2809084355831146,0.40529879927635193,2.2557482719421387,3.978806519895965,-3.119547267373425,2,1,1,0.02,0.08,0.03,0.15,0.9,0.1,-1.2,0.0,0,0,1,0,0.675,0.44
488,1,-0.8455289602279663,-0.4167090058326721,-0.9894858002662659,-2.612144308985936,4.166396970052066,0,0,0,0.02,0.08,0.03,0.15,0.9,0.1,-1.2,0.0,0,0,1,0,0.675,0.44
488,2,0.546804666519165,-0.05979282408952713,-1.823824167251587,-3.1015300936519434,4.224502802012425,2,1,1,0.02,0.08,0.03,0.15,0.9,0.1,-1.2,0.0,0,0,1,0,0.675,0.44
488,3,-1.2441426515579224,0.023554060608148575,-1.3744913339614868,0.1030131036565813,4.780182736930636,2,1,1,0.02,0.08,0.03,0.15,0.9,0.1,-1.2,0.0,0,0,1,0,0.675,0.44
488,4,-0.035090696066617966,-0.053516291081905365,1.1227123737335205,-3.6420923606110382,4.214048942387978,2,1,1,0.02,0.08,0.03,0.15,0.9,0.1,-1.2,0.0,0,0,1,0,0.675,0.44
488,5,-0.2214275300502777,0.4032537639141083,0.7118848562240601,-2.4761239475675128,4.168775901800808,2,1,1,0.02,0.08,0.03,0.15,0.9,0.1,-1.2,0.0,0,0,1,0,0.675,0.44
488,6,0.7734209299087524,0.4223320484161377,1.3781769275665283,6.28,-6.28,2,1,1,0.02,0.08,0.03,0.15,0.9,0.1,-1.2,0.0,0,0,1,0,0.675,0.44
488,7,-0.6970099210739136,0.15701954066753387,-1.9842989444732666,2.400161825393177,-1.7543043326621268,2,1,1,0.02,0.08,0.03,0.15,0.9,0.1,-1.2,0.0,0,0,1,0,0.675,0.44
489,0,0.2760073244571686,0.41180312633514404,2.1000828742980957,4.7152224293073735,-5.734550351427589,2,1,1,0.02,0.08,0.03,0.15,0.9,0.1,-1.2,0.0,0,0,1,0,0.675,0.44
489,1,-0.8433759212493896,-0.419521689414978,-0.8477701544761658,-5.495749956488344,4.400687477111552,0,0,0,0.02,0.08,0.03,0.15,0.9,0.1,-1.2,0.0,0,0,1,0,0.675,0.44
489,2,0.5465388298034668,-0.06143774837255478,-1.6057195663452148,-3.936896377607429,4.389767585518673,2,1,1,0.02,0.08,0.03,0.15,0.9,0.1,-1.2,0.0,0,0,1,0,0.675,0.44
489,3,-1.242852807044983,0.019269315525889397,-1.1943258047103882,5.146767842493982,-5.46954596746339,2,1,1,0.02,0.08,0.03,0.15,0.9,0.1,-1.2,0.0,0,0,1,0,0.675,0.44
489,4,-0.03487391024827957,-0.052952274680137634,1.3591855764389038,-2.268221881539977,3.8614601435070033,2,1,1,0.02,0.08,0.03,0.15,0.9,0.1,-1.2,0.0,0,0,1,0,0.675,0.44
489,5,-0.22009745240211487,0.4046548306941986,0.929792046546936,-1.9213644318496381,4.135931517824449,2,1,1,0.02,0.08,0.03,0.15,0.9,0.1,-1.2,0.0,0,0,1,0,0.675,0.44
489,6,0.7726607918739319,0.4201843738555908,1.0079022645950317,-0.018241634035353303,0.9768676231495241,2,1,1,0.02,0.08,0.03,0.15,0.9,0.1,-1.2,0.0,0,0,1,0,0.675,0.44
489,7,-0.6977658271789551,0.15532752871513367,-2.0756843090057373,4.070569145973714,-3.913631398133503,2,1,1,0.02,0.08,0.03,0.15,0.9,0.1,-1.2,0.0,0,0,1,0,0.675,0.44
490,0,0.27485689520835876,0.4139949679374695,1.8653361797332764,4.502160516785927,-6.28,2,1,1,0.02,0.08,0.03,0.15,0.9,0.1,-1.2,0.0,0,0,1,0,0.675,0.44
490,1,-0.8419721722602844,-0.4208965301513672,-0.629475474357605,-5.267220041170997,4.319607993922029,0,0,0,0.02,0.08,0.03,0.15,0.9,0.1,-1.2,0.0,0,0,1,0,0.675,0.44
490,2,0.5466276407241821,-0.06275378167629242,-1.3510713577270508,-3.70765372749252,4.359554911994133,2,1,1,0.02,0.08,0.03,0.15,0.9,0.1,-1.2,0.0,0,0,1,0,0.675,0.44
490,3,-1.2407079935073853,0.014896830543875694,-1.0299345254898071,6.28,-6.28,2,1,1,0.02,0.08,0.03,0.15,0.9,0.1,-1.2,0.0,0,0,1,0,0.675,0.44
490,4,-0.03479984402656555,-0.05201368406414986,1.6442275047302246,-2.663927095284202,4.285799774253841,2,1,1,0.02,0.08,0.03,0.15,0.9,0.1,-1.2,0.0,0,0,1,0,0.675,0.44
490,5,-0.21919655799865723,0.40614980459213257,1.1600878238677979,-1.4122936091246734,4.190450336013387,2,1,1,0.02,0.08,0.03,0.15,0.9,0.1,-1.2,0.0,0,0,1,0,0.675,0.44
490,6,0.7768421769142151,0.42506542801856995,0.8242992758750916,2.729111001718924,-6.28,2,1,1,0.02,0.08,0.03,0.15,0.9,0.1,-1.2,0.0,0,0,1,0,0.675,0.44
490,7,-0.6981529593467712,0.15468406677246094,-2.2155344486236572,3.3913788304689203,-3.152855815832514,2,1,1,0.02,0.08,0.03,0.15,0.9,0.1,-1.2,0.0,0,0,1,0,0.675,0.44
491,0,0.27492523193359375,0.41319629549980164,1.5133554935455322,4.468681481079642,-4.3782602499248995,2,1,1,0.02,0.08,0.03,0.15,0.9,0.1,-1.2,0.0,0,0,1,0,0.675,0.44
491,1,-0.8424952626228333,-0.4206460416316986,-0.2985239028930664,-3.0230634719614637,4.721578642338807,0,0,0,0.02,0.08,0.03,0.15,0.9,0.1,-1.2,0.0,0,0,1,0,0.675,0.44
491,2,0.5468520522117615,-0.0634559765458107,-1.059077501296997,-2.3849289359466828,4.101720502342509,2,1,1,0.02,0.08,0.03,0.15,0.9,0.1,-1.2,0.0,0,0,1,0,0.675,0.44
491,3,-1.2402838468551636,0.014374982565641403,-1.300479531288147,6.28,-6.28,2,1,1,0.02,0.08,0.03,0.15,0.9,0.1,-1.2,0.0,0,0,1,0,0.675,0.44
491,4,-0.03518449887633324,-0.05025448650121689,1.9019848108291626,-2.745978843383491,4.3974041112697435,2,1,1,0.02,0.08,0.03,0.15,0.9,0.1,-1.2,0.0,0,0,1,0,0.675,0.44
491,5,-0.21857070922851562,0.40817031264305115,1.3768938779830933,-1.9617210193454064,4.43579634189355,2,1,1,0.02,0.08,0.03,0.15,0.9,0.1,-1.2,0.0,0,0,1,0,0.675,0.44
491,6,0.7784888744354248,0.426742821931839,0.8232053518295288,0.828250522996779,-6.28,2,1,1,0.02,0.08,0.03,0.15,0.9,0.1,-1.2,0.0,0,0,1,0,0.675,0.44
491,7,-0.6983107924461365,0.15448766946792603,-2.4706435203552246,4.131774589598203,-4.005986735900752,2,1,1,0.02,0.08,0.03,0.15,0.9,0.1,-1.2,0.0,0,0,1,0,0.675,0.44
492,0,0.27457231283187866,0.4122866690158844,1.0999196767807007,4.664766504333979,-1.9044999720584876,2,1,1,0.02,0.08,0.03,0.15,0.9,0.1,-1.2,0.0,0,0,1,0,0.675,0.44
492,1,-0.8431530594825745,-0.4204649031162262,0.07927731424570084,-1.394190681014669,5.0871789765131545,0,0,0,0.02,0.08,0.03,0.15,0.9,0.1,-1.2,0.0,0,0,1,0,0.675,0.44
492,2,0.5476484298706055,-0.06452547013759613,-0.7473908066749573,-2.227122472742765,4.21397306483798,2,1,1,0.02,0.08,0.03,0.15,0.9,0.1,-1.2,0.0,0,0,1,0,0.675,0.44
492,3,-1.2402926683425903,0.014468023553490639,-1.736221194267273,3.3442119088473032,-2.0905418502721096,2,1,1,0.02,0.08,0.03,0.15,0.9,0.1,-1.2,0.0,0,0,1,0,0.675,0.44
492,4,-0.03615577146410942,-0.0482286661863327,2.161917209625244,-2.6650249976880516,4.409775530459103,2,1,1,0.02,0.08,0.03,0.15,0.9,0.1,-1.2,0.0,0,0,1,0,0.675,0.44
492,5,-0.2183220088481903,0.4108310341835022,1.5764727592468262,-1.922047226196432,4.4460617069640955,2,1,1,0.02,0.08,0.03,0.15,0.9,0.1,-1.2,0.0,0,0,1,0,0.675,0.44
492,6,0.7764785885810852,0.42498689889907837,0.5747318267822266,3.4267613560371584,-6.28,2,1,1,0.02,0.08,0.03,0.15,0.9,0.1,-1.2,0.0,0,0,1,0,0.675,0.44
492,7,-0.6984677910804749,0.15441012382507324,-2.713395595550537,4.040392955377802,-3.840173734407774,2,1,1,0.02,0.08,0.03,0.15,0.9,0.1,-1.2,0.0,0,0,1,0,0.675,0.44
493,0,0.2748686969280243,0.4127490222454071,0.7904142141342163,4.634245124532332,-0.5230402732060935,2,1,1,0.02,0.08,0.03,0.15,0.9,0.1,-1.2,0.0,0,0,1,0,0.675,0.44
493,1,-0.8420090079307556,-0.42019811272621155,0.408153772354126,0.254080835496796,5.243020050737247,0,0,0,0.02,0.08,0.03,0.15,0.9,0.1,-1.2,0.0,0,0,1,0,0.675,0.44
493,2,0.5493314862251282,-0.06571512669324875,-0.48495349287986755,-0.9555685995518911,3.997767350374675,2,1,1,0.02,0.08,0.03,0.15,0.9,0.1,-1.2,0.0,0,0,1,0,0.675,0.44
493,3,-1.2402926683425903,0.014468006789684296,-1.7362229824066162,3.578106446188805,-1.7598639233960238,2,1,1,0.02,0.08,0.03,0.15,0.9,0.1,-1.2,0.0,0,0,1,0,0.675,0.44
493,4,-0.037657588720321655,-0.0464809350669384,2.434337854385376,-1.6852839299101914,4.219336162612773,2,1,1,0.02,0.08,0.03,0.15,0.9,0.1,-1.2,0.0,0,0,1,0,0.675,0.44
493,5,-0.21858978271484375,0.41331684589385986,1.797545313835144,-2.124486148457054,4.438100457796533,2,1,1,0.02,0.08,0.03,0.15,0.9,0.1,-1.2,0.0,0,0,1,0,0.675,0.44
493,6,0.7721696496009827,0.42303434014320374,0.28645962476730347,4.4644788834353735,-4.397393329415873,2,1,1,0.02,0.08,0.03,0.15,0.9,0.1,-1.2,0.0,0,0,1,0,0.675,0.44
493,7,-0.6986128687858582,0.15434932708740234,-2.9891555309295654,4.055126869282924,-3.652918159192009,2,1,1,0.02,0.08,0.03,0.15,0.9,0.1,-1.2,0.0,0,0,1,0,0.675,0.44
494,0,0.27665236592292786,0.4141056537628174,0.5089288949966431,4.793558249540259,0.01758021347750896,2,1,1,0.02,0.08,0.03,0.15,0.9,0.1,-1.2,0.0,0,0,1,0,0.675,0.44
494,1,-0.8392864465713501,-0.4183886647224426,0.6873536109924316,0.020171060779244562,4.140218569830162,0,0,0,0.02,0.08,0.03,0.15,0.9,0.1,-1.2,0.0,0,0,1,0,0.675,0.44
494,2,0.5516941547393799,-0.06663790345191956,-0.2384304255247116,-1.3092637579541109,4.188063872289993,2,1,1,0.02,0.08,0.03,0.15,0.9,0.1,-1.2,0.0,0,0,1,0,0.675,0.44
494,3,-1.2404941320419312,0.013484352268278599,-1.8854343891143799,3.4990115894190708,-1.0511362969183888,2,1,1,0.02,0.08,0.03,0.15,0.9,0.1,-1.2,0.0,0,0,1,0,0.675,0.44
494,4,-0.039234958589076996,-0.045410364866256714,2.689457654953003,-0.1982087833950593,3.7760756148392334,2,1,1,0.02,0.08,0.03,0.15,0.9,0.1,-1.2,0.0,0,0,1,0,0.675,0.44
494,5,-0.21941938996315002,0.41569238901138306,2.0229649543762207,-2.56171465635076,4.430152114087043,2,1,1,0.02,0.08,0.03,0.15,0.9,0.1,-1.2,0.0,0,0,1,0,0.675,0.44
494,6,0.7735233306884766,0.4232586622238159,0.12411872297525406,4.582763051050474,-3.374876896501138,2,1,1,0.02,0.08,0.03,0.15,0.9,0.1,-1.2,0.0,0,0,1,0,0.675,0.44
494,7,-0.6989105939865112,0.15434053540229797,3.010789394378662,3.7807006173349818,-2.882821182633879,2,1,1,0.02,0.08,0.03,0.15,0.9,0.1,-1.2,0.0,0,0,1,0,0.675,0.44
495,0,0.2801225185394287,0.41556718945503235,0.2993341386318207,4.827991543323488,-0.024081965464302704,2,1,1,0.02,0.08,0.03,0.15,0.9,0.1,-1.2,0.0,0,0,1,0,0.675,0.44
495,1,-0.8357841372489929,-0.41476505994796753,0.9047555327415466,-0.9417879669586842,2.1290811760942168,0,0,0,0.02,0.08,0.03,0.15,0.9,0.1,-1.2,0.0,0,0,1,0,0.675,0.44
495,2,0.5547123551368713,-0.06706344336271286,-0.04788454994559288,-1.612370716556117,4.236775772794291,2,1,1,0.02,0.08,0.03,0.15,0.9,0.1,-1.2,0.0,0,0,1,0,0.675,0.44
495,3,-1.241169810295105,0.01190926879644394,-2.0720462799072266,3.2121291524518614,-0.28234573045931227,2,1,1,0.02,0.08,0.03,0.15,0.9,0.1,-1.2,0.0,0,0,1,0,0.675,0.44
495,4,-0.04133835807442665,-0.04469151794910431,2.9098546504974365,-0.2888242383739203,3.823395450914961,2,1,1,0.02,0.08,0.03,0.15,0.9,0.1,-1.2,0.0,0,0,1,0,0.675,0.44
495,5,-0.22067555785179138,0.41771987080574036,2.252959728240967,-3.84746970143469,4.523425600122612,2,1,1,0.02,0.08,0.03,0.15,0.9,0.1,-1.2,0.0,0,0,1,0,0.675,0.44
495,6,0.7743513584136963,0.42335575819015503,-0.16941848397254944,5.1397416867541725,-1.6959627052337853,2,1,1,0.02,0.08,0.03,0.15,0.9,0.1,-1.2,0.0,0,0,1,0,0.675,0.44
495,7,-0.6997178792953491,0.1545388400554657,2.7221481800079346,4.096080235851326,-2.557467221022045,2,1,1,0.02,0.08,0.03,0.15,0.9,0.1,-1.2,0.0,0,0,1,0,0.675,0.44
496,0,0.284679651260376,0.4165675938129425,0.12953421473503113,4.985468548472568,-0.2875585026279971,2,1,1,0.02,0.08,0.03,0.15,0.9,0.1,-1.2,0.0,0,0,1,0,0.675,0.44
496,1,-0.8333332538604736,-0.4110799729824066,1.0668002367019653,6.28,-6.28,0,0,0,0.02,0.08,0.03,0.15,0.9,0.1,-1.2,0.0,0,0,1,0,0.675,0.44
496,2,0.5576350092887878,-0.06695305556058884,0.14098575711250305,-4.257586414260791,4.441395433885979,2,1,1,0.02,0.08,0.03,0.15,0.9,0.1,-1.2,0.0,0,0,1,0,0.675,0.44
496,3,-1.242463231086731,0.009969250299036503,-2.2366809844970703,3.469082648526172,0.3884121077754177,2,1,1,0.02,0.08,0.03,0.15,0.9,0.1,-1.2,0.0,0,0,1,0,0.675,0.44
496,4,-0.04459979757666588,-0.04421938210725784,3.064368486404419,-3.417158021970779,4.165069965010104,2,1,1,0.02,0.08,0.03,0.15,0.9,0.1,-1.2,0.0,0,0,1,0,0.675,0.44
496,5,-0.22207562625408173,0.41911616921424866,2.496244192123413,-3.8989355523574507,4.561119434727879,2,1,1,0.02,0.08,0.03,0.15,0.9,0.1,-1.2,0.0,0,0,1,0,0.675,0.44
496,6,0.775418221950531,0.42301106452941895,-0.5120419263839722,5.175500843157388,-0.19817271233995848,2,1,1,0.02,0.08,0.03,0.15,0.9,0.1,-1.2,0.0,0,0,1,0,0.675,0.44
496,7,-0.7007426619529724,0.1551239788532257,2.468226194381714,4.141645360837677,-1.7465639979231367,2,1,1,0.02,0.08,0.03,0.15,0.9,0.1,-1.2,0.0,0,0,1,0,0.675,0.44
497,0,0.28948837518692017,0.41680294275283813,-0.03970224782824516,5.196149995977069,-0.3737608221075658,2,1,1,0.02,0.08,0.03,0.15,0.9,0.1,-1.2,0.0,0,0,1,0,0.675,0.44
497,1,-0.8325483202934265,-0.40943264961242676,1.1829378604888916,6.28,-6.28,0,0,0,0.02,0.08,0.03,0.15,0.9,0.1,-1.2,0.0,0,0,1,0,0.675,0.44
497,2,0.5602781176567078,-0.06632804125547409,0.3450016975402832,-3.3444931270889593,4.288585113819427,2,1,1,0.02,0.08,0.03,0.15,0.9,0.1,-1.2,0.0,0,0,1,0,0.675,0.44
497,3,-1.2443674802780151,0.007862516678869724,-2.366257429122925,3.920610360634622,0.7405708206780256,2,1,1,0.02,0.08,0.03,0.15,0.9,0.1,-1.2,0.0,0,0,1,0,0.675,0.44
497,4,-0.04814176633954048,-0.04418649524450302,-3.0762391090393066,-3.209439748245353,4.110651221404845,2,1,1,0.02,0.08,0.03,0.15,0.9,0.1,-1.2,0.0,0,0,1,0,0.675,0.44
497,5,-0.22286231815814972,0.4196038544178009,2.7818875312805176,-2.701180754443641,4.803022245233973,2,1,1,0.02,0.08,0.03,0.15,0.9,0.1,-1.2,0.0,0,0,1,0,0.675,0.44
497,6,0.7776099443435669,0.4212903082370758,-0.801497757434845,2.853442621220558,1.987632210458704,2,1,1,0.02,0.08,0.03,0.15,0.9,0.1,-1.2,0.0,0,0,1,0,0.675,0.44
497,7,-0.7017626762390137,0.15612931549549103,2.2347097396850586,4.281478329093892,-1.197856403247862,2,1,1,0.02,0.08,0.03,0.15,0.9,0.1,-1.2,0.0,0,0,1,0,0.675,0.44
498,0,0.2941819131374359,0.4162127673625946,-0.22175423800945282,5.157763112369673,-0.3830928729346157,2,1,1,0.02,0.08,0.03,0.15,0.9,0.1,-1.2,0.0,0,0,1,0,0.675,0.44
498,1,-0.8325105905532837,-0.4092380702495575,0.8457084894180298,5.537778675154129,-6.096310472731015,0,0,0,0.02,0.08,0.03,0.15,0.9,0.1,-1.2,0.0,0,0,1,0,0.675,0.44
498,2,0.5609294772148132,-0.06605546921491623,0.6329556703567505,-2.845354513386975,4.186411397269685,2,1,1,0.02,0.08,0.03,0.15,0.9,0.1,-1.2,0.0,0,0,1,0,0.675,0.44
498,3,-1.2472143173217773,0.005385220050811768,-2.480403184890747,3.781140867258369,1.1331846772445677,2,1,1,0.02,0.08,0.03,0.15,0.9,0.1,-1.2,0.0,0,0,1,0,0.675,0.44
498,4,-0.04940168187022209,-0.04436437785625458,-2.8326735496520996,-2.305253497685189,3.8923262490331205,2,1,1,0.02,0.08,0.03,0.15,0.9,0.1,-1.2,0.0,0,0,1,0,0.675,0.44
498,5,-0.22349286079406738,0.4198254644870758,3.1039841175079346,-0.951004845270327,5.1081660070973935,2,1,1,0.02,0.08,0.03,0.15,0.9,0.1,-1.2,0.0,0,0,1,0,0.675,0.44
498,6,0.780441403388977,0.4175404906272888,-1.0407191514968872,-1.7646005448983828,3.805022235761074,2,1,1,0.02,0.08,0.03,0.15,0.9,0.1,-1.2,0.0,0,0,1,0,0.675,0.44
498,7,-0.7029547691345215,0.1580287218093872,2.0229644775390625,4.229454467616944,-0.44711759179538524,2,1,1,0.02,0.08,0.03,0.15,0.9,0.1,-1.2,0.0,0,0,1,0,0.675,0.44
499,0,0.2987653315067291,0.414725124835968,-0.415634423494339,4.838314814998664,-0.8611055309682862,2,1,1,0.02,0.08,0.03,0.15,0.9,0.1,-1.2,0.0,0,0,1,0,0.675,0.44
499,1,-0.8323779106140137,-0.40914130210876465,0.38718247413635254,3.054717732894169,-1.720451064708577,0,0,0,0.02,0.08,0.03,0.15,0.9,0.1,-1.2,0.0,0,0,1,0,0.675,0.44
499,2,0.5613524913787842,-0.06558108329772949,0.9154731035232544,-3.0672892584121336,4.2545943993193704,2,1,1,0.02,0.08,0.03,0.15,0.9,0.1,-1.2,0.0,0,0,1,0,0.675,0.44
499,3,-1.2511765956878662,0.002666337415575981,-2.6017403602600098,-6.28,5.598582614558531,2,1,1,0.02,0.08,0.03,0.15,0.9,0.1,-1.2,0.0,0,0,1,0,0.675,0.44
499,4,-0.05013904348015785,-0.04473672807216644,-2.570922374725342,-2.406466027092763,4.029394825291464,2,1,1,0.02,0.08,0.03,0.15,0.9,0.1,-1.2,0.0,0,0,1,0,0.675,0.44
499,5,-0.22481374442577362,0.4195925295352936,-2.8722031116485596,0.6248993139844696,5.102624194246154,2,1,1,0.02,0.08,0.03,0.15,0.9,0.1,-1.2,0.0,0,0,1,0,0.675,0.44
499,6,0.7826654314994812,0.41324248909950256,-1.1101678609848022,-6.216152103788124,4.590417888521251,2,1,1,0.02,0.08,0.03,0.15,0.9,0.1,-1.2,0.0,0,0,1,0,0.675,0.44
499,7,-0.7039890289306641,0.16079887747764587,1.828181266784668,3.8454922022793503,0.6063358918969416,2,1,1,0.02,0.08,0.03,0.15,0.9,0.1,-1.2,0.0,0,0,1,0,0.675,0.44
500,0,0.30295810103416443,0.4123837649822235,-0.610680878162384,4.497553964365082,-1.598172534884031,2,1,1,0.02,0.08,0.03,0.15,0.9,0.1,-1.2,0.0,0,0,1,0,0.675,0.44
500,1,-0.8323779106140137,-0.40914130210876465,0.38717955350875854,2.855155868266484,-1.44180319858413,0,0,0,0.02,0.08,0.03,0.15,0.9,0.1,-1.2,0.0,0,0,1,0,0.675,0.44
500,2,0.5617128014564514,-0.0649065300822258,1.1840386390686035,-2.3440284515242076,4.128518295210319,2,1,1,0.02,0.08,0.03,0.15,0.9,0.1,-1.2,0.0,0,0,1,0,0.675,0.44
500,3,-1.2557125091552734,0.00027381163090467453,-2.707484722137451,-6.28,6.28,2,1,1,0.02,0.08,0.03,0.15,0.9,0.1,-1.2,0.0,0,0,1,0,0.675,0.44
500,4,-0.05116405710577965,-0.04562854766845703,-2.3418831825256348,-2.4302035580841945,4.093496472713176,2,1,1,0.02,0.08,0.03,0.15,0.9,0.1,-1.2,0.0,0,0,1,0,0.675,0.44
500,5,-0.22809098660945892,0.41817036271095276,-2.6117331981658936,0.8239790635999247,4.628918381727577,2,1,1,0.02,0.08,0.03,0.15,0.9,0.1,-1.2,0.0,0,0,1,0,0.675,0.44
500,6,0.7838687896728516,0.4109814167022705,-0.9576570391654968,-6.28,4.290592840592657,2,1,1,0.02,0.08,0.03,0.15,0.9,0.1,-1.2,0.0,0,0,1,0,0.675,0.44
500,7,-0.7046120762825012,0.1643928587436676,1.6589038372039795,3.635009597644464,0.8306548032041767,2,1,1,0.02,0.08,0.03,0.15,0.9,0.1,-1.2,0.0,0,0,1,0,0.675,0.44
501,0,0.30611833930015564,0.4096977710723877,-0.8097531199455261,4.383085962076132,-1.9936205692166642,2,1,1,0.02,0.08,0.03,0.15,0.9,0.1,-1.2,0.0,0,0,1,0,0.675,0.44
501,1,-0.831451952457428,-0.40879207849502563,0.2542150914669037,2.933915978306021,-0.36778201497925517,0,0,0,0.02,0.08,0.03,0.15,0.9,0.1,-1.2,0.0,0,0,1,0,0.675,0.44
501,2,0.5618476867675781,-0.0643717497587204,1.4625850915908813,-1.7866551660362768,4.082876490335484,2,1,1,0.02,0.08,0.03,0.15,0.9,0.1,-1.2,0.0,0,0,1,0,0.675,0.44
501,3,-1.2561243772506714,0.0002704003418330103,-2.387604236602783,-6.28,5.418736144683503,2,1,1,0.02,0.08,0.03,0.15,0.9,0.1,-1.2,0.0,0,0,1,0,0.675,0.44
501,4,-0.052138835191726685,-0.04690767824649811,-2.117354393005371,-2.1608861705161235,4.072476136755878,2,1,1,0.02,0.08,0.03,0.15,0.9,0.1,-1.2,0.0,0,0,1,0,0.675,0.44
501,5,-0.23250913619995117,0.41498151421546936,-2.412274122238159,-0.03923298179452153,3.2030571436487123,2,1,1,0.02,0.08,0.03,0.15,0.9,0.1,-1.2,0.0,0,0,1,0,0.675,0.44
501,6,0.7833199501037598,0.411469966173172,-0.6033797264099121,-4.627475904097706,4.43420718776241,2,1,1,0.02,0.08,0.03,0.15,0.9,0.1,-1.2,0.0,0,0,1,0,0.675,0.44
501,7,-0.7047036290168762,0.16870668530464172,1.5357944965362549,4.853925141815049,-6.28,2,1,1,0.02,0.08,0.03,0.15,0.9,0.1,-1.2,0.0,0,0,1,0,0.675,0.44
502,0,0.30804187059402466,0.40723907947540283,-1.0210999250411987,4.361586898243803,-1.7607528021419425,2,1,1,0.02,0.08,0.03,0.15,0.9,0.1,-1.2,0.0,0,0,1,0,0.675,0.44
502,1,-0.8301522731781006,-0.4085448384284973,0.09921465814113617,3.0409058580476986,0.3889744473486311,0,0,0,0.02,0.08,0.03,0.15,0.9,0.1,-1.2,0.0,0,0,1,0,0.675,0.44
502,2,0.5618038177490234,-0.06333662569522858,1.717536449432373,-1.9642404251782812,4.168525808402769,2,1,1,0.02,0.08,0.03,0.15,0.9,0.1,-1.2,0.0,0,0,1,0,0.675,0.44
502,3,-1.2558717727661133,0.0005322950892150402,-1.9341247081756592,-4.56077543749071,4.491206686888948,2,1,1,0.02,0.08,0.03,0.15,0.9,0.1,-1.2,0.0,0,0,1,0,0.675,0.44
502,4,-0.052857428789138794,-0.048409685492515564,-1.8887529373168945,-2.3773105042928093,4.143112614301075,2,1,1,0.02,0.08,0.03,0.15,0.9,0.1,-1.2,0.0,0,0,1,0,0.675,0.44
502,5,-0.23644429445266724,0.4111468195915222,-2.2678682804107666,-2.31699093912765,3.4072618241412673,2,1,1,0.02,0.08,0.03,0.15,0.9,0.1,-1.2,0.0,0,0,1,0,0.675,0.44
502,6,0.7820668816566467,0.4119799733161926,-0.18967092037200928,-3.082650910278039,4.7985559209782656,2,1,1,0.02,0.08,0.03,0.15,0.9,0.1,-1.2,0.0,0,0,1,0,0.675,0.44
502,7,-0.7043183445930481,0.17314566671848297,1.4348571300506592,4.611206155145461,-6.28,2,1,1,0.02,0.08,0.03,0.15,0.9,0.1,-1.2,0.0,0,0,1,0,0.675,0.44
503,0,0.3091222047805786,0.4049879014492035,-1.2432725429534912,4.34087356990419,-6.28,2,1,1,0.02,0.08,0.03,0.15,0.9,0.1,-1.2,0.0,0,0,1,0,0.675,0.44
503,1,-0.8278884887695312,-0.40847522020339966,-0.025594012811779976,2.8713417465841355,0.8209980910909617,0,0,0,0.02,0.08,0.03,0.15,0.9,0.1,-1.2,0.0,0,0,1,0,0.675,0.44
503,2,0.5613565444946289,-0.06176915392279625,1.9469926357269287,-1.6552054906272502,4.1202067411479035,2,1,1,0.02,0.08,0.03,0.15,0.9,0.1,-1.2,0.0,0,0,1,0,0.675,0.44
503,3,-1.2558491230010986,0.0005266375374048948,-1.8443654775619507,-3.955694595401951,4.365823390860412,2,1,1,0.02,0.08,0.03,0.15,0.9,0.1,-1.2,0.0,0,0,1,0,0.675,0.44
503,4,-0.05326154828071594,-0.05023505538702011,-1.6679540872573853,-2.040852816461757,4.034741507181811,2,1,1,0.02,0.08,0.03,0.15,0.9,0.1,-1.2,0.0,0,0,1,0,0.675,0.44
503,5,-0.23862823843955994,0.4082079231739044,-2.1488165855407715,-3.139078572869061,3.6744501922549437,2,1,1,0.02,0.08,0.03,0.15,0.9,0.1,-1.2,0.0,0,0,1,0,0.675,0.44
503,6,0.784169614315033,0.411993145942688,0.07449279725551605,-1.6525860846074747,5.044681907982863,2,1,1,0.02,0.08,0.03,0.15,0.9,0.1,-1.2,0.0,0,0,1,0,0.675,0.44
503,7,-0.7044999599456787,0.17296701669692993,1.0981979370117188,4.122514452817599,-6.28,2,1,1,0.02,0.08,0.03,0.15,0.9,0.1,-1.2,0.0,0,0,1,0,0.675,0.44
504,0,0.309690922498703,0.40248844027519226,-1.460120677947998,4.126633316108779,-6.28,2,1,1,0.02,0.08,0.03,0.15,0.9,0.1,-1.2,0.0,0,0,1,0,0.675,0.44
504,1,-0.8246385455131531,-0.4087288975715637,-0.1227976381778717,2.8269084328696423,1.1700528167885333,0,0,0,0.02,0.08,0.03,0.15,0.9,0.1,-1.2,0.0,0,0,1,0,0.675,0.44
504,2,0.5605738162994385,-0.06031692028045654,2.1801986694335938,-1.8970039605648403,4.114058607546666,2,1,1,0.02,0.08,0.03,0.15,0.9,0.1,-1.2,0.0,0,0,1,0,0.675,0.44
504,3,-1.2561479806900024,-0.0006219773204065859,-1.6205939054489136,-2.9863134284457877,4.239184872424556,2,1,1,0.02,0.08,0.03,0.15,0.9,0.1,-1.2,0.0,0,0,1,0,0.675,0.44
504,4,-0.05323430523276329,-0.052269987761974335,-1.432827115058899,-1.0298682260505374,3.6164966677087627,2,1,1,0.02,0.08,0.03,0.15,0.9,0.1,-1.2,0.0,0,0,1,0,0.675,0.44
504,5,-0.23935870826244354,0.4069003462791443,-1.9655054807662964,-2.8278242228629944,3.5777225527327983,2,1,1,0.02,0.08,0.03,0.15,0.9,0.1,-1.2,0.0,0,0,1,0,0.675,0.44
504,6,0.7863346934318542,0.41232284903526306,0.37920552492141724,0.04402275022062016,5.063300636619472,2,1,1,0.02,0.08,0.03,0.15,0.9,0.1,-1.2,0.0,0,0,1,0,0.675,0.44
504,7,-0.7053186297416687,0.17200811207294464,0.6788545250892639,4.4137939471807455,-4.7680524604549595,2,1,1,0.02,0.08,0.03,0.15,0.9,0.1,-1.2,0.0,0,0,1,0,0.675,0.44
505,0,0.3098162114620209,0.403364896774292,-1.8148137331008911,4.1755263532800635,-6.28,2,1,1,0.02,0.08,0.03,0.15,0.9,0.1,-1.2,0.0,0,0,1,0,0.675,0.44
505,1,-0.8210474848747253,-0.40932172536849976,-0.19872844219207764,2.0850433591944486,1.5127238886274808,0,0,0,0.02,0.08,0.03,0.15,0.9,0.1,-1.2,0.0,0,0,1,0,0.675,0.44
505,2,0.559333324432373,-0.058927711099386215,2.404594898223877,-1.8443579315173757,4.00413855640503,2,1,1,0.02,0.08,0.03,0.15,0.9,0.1,-1.2,0.0,0,0,1,0,0.675,0.44
505,3,-1.2560467720031738,-0.0017436472699046135,-1.2952163219451904,-1.4969268605547774,4.332645566458263,2,1,1,0.02,0.08,0.03,0.15,0.9,0.1,-1.2,0.0,0,0,1,0,0.675,0.44
505,4,-0.052605051547288895,-0.05472724884748459,-1.1956454515457153,-1.6814981202307322,3.7848861978232664,2,1,1,0.02,0.08,0.03,0.15,0.9,0.1,-1.2,0.0,0,0,1,0,0.675,0.44
505,5,-0.23955683410167694,0.4062845706939697,-1.7331688404083252,-2.452887094311274,3.703156912250173,2,1,1,0.02,0.08,0.03,0.15,0.9,0.1,-1.2,0.0,0,0,1,0,0.675,0.44
505,6,0.7888520956039429,0.41396790742874146,0.6655527353286743,1.1476110311703445,4.693926525627175,2,1,1,0.02,0.08,0.03,0.15,0.9,0.1,-1.2,0.0,0,0,1,0,0.675,0.44
505,7,-0.7033538222312927,0.17318575084209442,0.4354747235774994,4.629541085345766,-3.5930666146343513,2,1,1,0.02,0.08,0.03,0.15,0.9,0.1,-1.2,0.0,0,0,1,0,0.675,0.44
506,0,0.3099149763584137,0.4039916396141052,-2.1584012508392334,4.364119550763284,-5.2696699434236045,2,1,1,0.02,0.08,0.03,0.15,0.9,0.1,-1.2,0.0,0,0,1,0,0.675,0.44
506,1,-0.8172178268432617,-0.41022446751594543,-0.25951439142227173,1.6437996918563746,1.9116262500877477,0,0,0,0.02,0.08,0.03,0.15,0.9,0.1,-1.2,0.0,0,0,1,0,0.675,0.44
506,2,0.5579442977905273,-0.05792165920138359,2.633598566055298,-1.7545165814938783,3.8113514878335244,2,1,1,0.02,0.08,0.03,0.15,0.9,0.1,-1.2,0.0,0,0,1,0,0.675,0.44
506,3,-1.25532865524292,-0.003391326405107975,-1.0094720125198364,-0.34151532425503833,4.62055002284204,2,1,1,0.02,0.08,0.03,0.15,0.9,0.1,-1.2,0.0,0,0,1,0,0.675,0.44
506,4,-0.05129704996943474,-0.057270411401987076,-1.0032498836517334,-1.7697656653450358,3.802325618975005,2,1,1,0.02,0.08,0.03,0.15,0.9,0.1,-1.2,0.0,0,0,1,0,0.675,0.44
506,5,-0.2396049052476883,0.4055795967578888,-1.5048165321350098,-1.9412332165327049,3.833142821902119,2,1,1,0.02,0.08,0.03,0.15,0.9,0.1,-1.2,0.0,0,0,1,0,0.675,0.44
506,6,0.7922490239143372,0.4173510670661926,0.8910362124443054,0.5918072579000002,3.558161410978115,2,1,1,0.02,0.08,0.03,0.15,0.9,0.1,-1.2,0.0,0,0,1,0,0.675,0.44
506,7,-0.7001967430114746,0.17462003231048584,0.24308840930461884,4.747211312761385,-3.283189435781216,2,1,1,0.02,0.08,0.03,0.15,0.9,0.1,-1.2,0.0,0,0,1,0,0.675,0.44
507,0,0.30672624707221985,0.40017861127853394,-2.2816784381866455,4.412900385821887,-5.100340776579816,2,1,1,0.02,0.08,0.03,0.15,0.9,0.1,-1.2,0.0,0,0,1,0,0.675,0.44
507,1,-0.8136847615242004,-0.4112345278263092,-0.28709709644317627,1.6730360981970223,2.190727713921236,0,0,0,0.02,0.08,0.03,0.15,0.9,0.1,-1.2,0.0,0,0,1,0,0.675,0.44
507,2,0.5564547181129456,-0.057299304753541946,2.859590768814087,-1.3162778567231996,3.443250132817121,2,1,1,0.02,0.08,0.03,0.15,0.9,0.1,-1.2,0.0,0,0,1,0,0.675,0.44
507,3,-1.2533774375915527,-0.005814265925437212,-0.7762075066566467,0.30766622958841167,4.894832994767261,2,1,1,0.02,0.08,0.03,0.15,0.9,0.1,-1.2,0.0,0,0,1,0,0.675,0.44
507,4,-0.049689292907714844,-0.05936026945710182,-0.8023146986961365,-1.3911306783607285,3.675100557511118,2,1,1,0.02,0.08,0.03,0.15,0.9,0.1,-1.2,0.0,0,0,1,0,0.675,0.44
507,5,-0.23938718438148499,0.4045216143131256,-1.2822623252868652,-1.3116131760161946,3.788636087372822,2,1,1,0.02,0.08,0.03,0.15,0.9,0.1,-1.2,0.0,0,0,1,0,0.675,0.44
507,6,0.795421838760376,0.42195627093315125,1.0390121936798096,6.28,-6.28,2,1,1,0.02,0.08,0.03,0.15,0.9,0.1,-1.2,0.0,0,0,1,0,0.675,0.44
507,7,-0.6993056535720825,0.17469830811023712,-0.09802735596895218,5.262145568676346,-0.9636058718344446,2,1,1,0.02,0.08,0.03,0.15,0.9,0.1,-1.2,0.0,0,0,1,0,0.675,0.44
508,0,0.30633318424224854,0.39967238903045654,-2.586305618286133,4.684872973956128,-3.2297961579935115,2,1,1,0.02,0.08,0.03,0.15,0.9,0.1,-1.2,0.0,0,0,1,0,0.675,0.44
508,1,-0.810271143913269,-0.41225406527519226,-0.2834107577800751,2.1764556462865006,2.2560623246450646,0,0,0,0.02,0.08,0.03,0.15,0.9,0.1,-1.2,0.0,0,0,1,0,0.675,0.44
508,2,0.5549346208572388,-0.057033102959394455,3.075482130050659,-1.2486121048528551,3.243645778794945,2,1,1,0.02,0.08,0.03,0.15,0.9,0.1,-1.2,0.0,0,0,1,0,0.675,0.44
508,3,-1.2498818635940552,-0.008626017719507217,-0.5802165865898132,0.718184824950099,5.026004454478665,2,1,1,0.02,0.08,0.03,0.15,0.9,0.1,-1.2,0.0,0,0,1,0,0.675,0.44
508,4,-0.047941308468580246,-0.06086765229701996,-0.5985516905784607,-1.1322107378264032,3.6499759320040304,2,1,1,0.02,0.08,0.03,0.15,0.9,0.1,-1.2,0.0,0,0,1,0,0.675,0.44
508,5,-0.23870214819908142,0.4028922915458679,-1.0757431983947754,-1.2973406851350309,4.081273378006083,2,1,1,0.02,0.08,0.03,0.15,0.9,0.1,-1.2,0.0,0,0,1,0,0.675,0.44
508,6,0.7975006699562073,0.4259558618068695,1.1484324932098389,1.9114728869824238,-6.28,2,1,1,0.02,0.08,0.03,0.15,0.9,0.1,-1.2,0.0,0,0,1,0,0.675,0.44
508,7,-0.6982025504112244,0.1744101196527481,-0.4303363263607025,5.586010376456285,1.1252650846915992,2,1,1,0.02,0.08,0.03,0.15,0.9,0.1,-1.2,0.0,0,0,1,0,0.675,0.44
509,0,0.3055228888988495,0.39968422055244446,-2.926321506500244,5.138367196959163,-1.011279728404221,2,1,1,0.02,0.08,0.03,0.15,0.9,0.1,-1.2,0.0,0,0,1,0,0.675,0.44
509,1,-0.8066146969795227,-0.4132944345474243,-0.2668755352497101,2.274575244228947,2.3092098769346965,0,0,0,0.02,0.08,0.03,0.15,0.9,0.1,-1.2,0.0,0,0,1,0,0.675,0.44
509,2,0.5532375574111938,-0.05709396302700043,-3.0197384357452393,-5.139556916015529,4.788629114146589,2,1,1,0.02,0.08,0.03,0.15,0.9,0.1,-1.2,0.0,0,0,1,0,0.675,0.44
509,3,-1.2450671195983887,-0.011206148192286491,-0.40196093916893005,-5.660065359973233,5.362166705670607,2,1,1,0.02,0.08,0.03,0.15,0.9,0.1,-1.2,0.0,0,0,1,0,0.675,0.44
509,4,-0.045988261699676514,-0.06196008622646332,-0.41740649938583374,-3.4764574235220542,4.011657333924353,2,1,1,0.02,0.08,0.03,0.15,0.9,0.1,-1.2,0.0,0,0,1,0,0.675,0.44
509,5,-0.2373819798231125,0.40092435479164124,-0.8917727470397949,-0.7974354216155818,3.8902718323814187,2,1,1,0.02,0.08,0.03,0.15,0.9,0.1,-1.2,0.0,0,0,1,0,0.675,0.44
509,6,0.7978342175483704,0.42677974700927734,0.8080706596374512,0.7449019682807062,-6.28,2,1,1,0.02,0.08,0.03,0.15,0.9,0.1,-1.2,0.0,0,0,1,0,0.675,0.44
509,7,-0.695215106010437,0.17246563732624054,-0.7004741430282593,5.605604712726514,2.6134174907664938,2,1,1,0.02,0.08,0.03,0.15,0.9,0.1,-1.2,0.0,0,0,1,0,0.675,0.44
510,0,0.3041265308856964,0.3996316194534302,3.0258288383483887,5.66225463298279,0.7435705737146813,2,1,1,0.02,0.08,0.03,0.15,0.9,0.1,-1.2,0.0,0,0,1,0,0.675,0.44
510,1,-0.8024440407752991,-0.41441377997398376,-0.26092323660850525,1.619537073131665,2.6885537931795622,0,0,0,0.02,0.08,0.03,0.15,0.9,0.1,-1.2,0.0,0,0,1,0,0.675,0.44
510,2,0.5513501167297363,-0.057498157024383545,-2.8576550483703613,-5.08244619525595,4.727702222835258,2,1,1,0.02,0.08,0.03,0.15,0.9,0.1,-1.2,0.0,0,0,1,0,0.675,0.44
510,3,-1.2393214702606201,-0.013104722835123539,-0.23485757410526276,-5.423724686781439,5.106699411352826,2,1,1,0.02,0.08,0.03,0.15,0.9,0.1,-1.2,0.0,0,0,1,0,0.675,0.44
510,4,-0.043649155646562576,-0.06276895105838776,-0.2478441596031189,-4.125086895712706,4.318772576340528,2,1,1,0.02,0.08,0.03,0.15,0.9,0.1,-1.2,0.0,0,0,1,0,0.675,0.44
510,5,-0.23547907173633575,0.3989607095718384,-0.7048090100288391,-0.3883460257126027,3.584093294389289,2,1,1,0.02,0.08,0.03,0.15,0.9,0.1,-1.2,0.0,0,0,1,0,0.675,0.44
510,6,0.7962189316749573,0.42561012506484985,0.5217525362968445,3.2473271311564473,-6.28,2,1,1,0.02,0.08,0.03,0.15,0.9,0.1,-1.2,0.0,0,0,1,0,0.675,0.44
510,7,-0.6910150647163391,0.16807250678539276,-0.8959697484970093,0.2096622234487439,1.5491588466674415,2,1,1,0.02,0.08,0.03,0.15,0.9,0.1,-1.2,0.0,0,0,1,0,0.675,0.44
511,0,0.3009710907936096,0.40053635835647583,2.766493797302246,5.750990804931773,1.8533742017776245,2,1,1,0.02,0.08,0.03,0.15,0.9,0.1,-1.2,0.0,0,0,1,0,0.675,0.44
511,1,-0.7980432510375977,-0.415583074092865,-0.2593739926815033,1.1874086727186126,2.9387196810899825,0,0,0,0.02,0.08,0.03,0.15,0.9,0.1,-1.2,0.0,0,0,1,0,0.675,0.44
511,2,0.5513181090354919,-0.057478226721286774,-2.541975975036621,-3.3152975947793895,4.022165542499364,2,1,1,0.02,0.08,0.03,0.15,0.9,0.1,-1.2,0.0,0,0,1,0,0.675,0.44
511,3,-1.2381677627563477,-0.013384373858571053,0.11669308692216873,-4.522961965667105,4.48510545950059,2,1,1,0.02,0.08,0.03,0.15,0.9,0.1,-1.2,0.0,0,0,1,0,0.675,0.44
511,4,-0.04273168742656708,-0.06292526423931122,-0.005504602566361427,-4.116941753794868,4.311810605380666,2,1,1,0.02,0.08,0.03,0.15,0.9,0.1,-1.2,0.0,0,0,1,0,0.675,0.44
511,5,-0.23300331830978394,0.3971981108188629,-0.5354673862457275,-0.028070058833951604,2.881297133969022,2,1,1,0.02,0.08,0.03,0.15,0.9,0.1,-1.2,0.0,0,0,1,0,0.675,0.44
511,6,0.7939513921737671,0.4245862066745758,0.3410641551017761,4.2682050113915615,-6.28,2,1,1,0.02,0.08,0.03,0.15,0.9,0.1,-1.2,0.0,0,0,1,0,0.675,0.44
511,7,-0.6866145730018616,0.1616782546043396,-1.0277040004730225,-0.5034944326379329,2.1226980189729754,2,1,1,0.02,0.08,0.03,0.15,0.9,0.1,-1.2,0.0,0,0,1,0,0.675,0.44
512,0,0.2958838939666748,0.40318113565444946,2.560886859893799,0.1487241548148741,1.7059800183797484,2,1,1,0.02,0.08,0.03,0.15,0.9,0.1,-1.2,0.0,0,0,1,0,0.675,0.44
512,1,-0.7938145995140076,-0.4166596531867981,-0.22909274697303772,-3.175868157294718,4.285423144896801,0,0,0,0.02,0.08,0.03,0.15,0.9,0.1,-1.2,0.0,0,0,1,0,0.675,0.44
512,2,0.5517828464508057,-0.05723393335938454,-2.146904945373535,-2.5821754152126584,3.880812554070322,2,1,1,0.02,0.08,0.03,0.15,0.9,0.1,-1.2,0.0,0,0,1,0,0.675,0.44
512,3,-1.2384164333343506,-0.013427997007966042,0.5206080079078674,-0.6191443361420126,2.2899356798173254,2,1,1,0.02,0.08,0.03,0.15,0.9,0.1,-1.2,0.0,0,0,1,0,0.675,0.44
512,4,-0.042579829692840576,-0.06288379430770874,0.2917914092540741,-4.892773950556049,4.637897913442952,2,1,1,0.02,0.08,0.03,0.15,0.9,0.1,-1.2,0.0,0,0,1,0,0.675,0.44
512,5,-0.2301584929227829,0.3957817256450653,-0.39131593704223633,-0.2667376715892712,3.0194571953530223,2,1,1,0.02,0.08,0.03,0.15,0.9,0.1,-1.2,0.0,0,0,1,0,0.675,0.44
512,6,0.794640064239502,0.4247710108757019,0.14903868734836578,4.402267096335658,-4.811286356233657,2,1,1,0.02,0.08,0.03,0.15,0.9,0.1,-1.2,0.0,0,0,1,0,0.675,0.44
512,7,-0.6851028203964233,0.15906384587287903,-1.0122506618499756,-0.4880791612168495,2.1138661115030972,2,1,1,0.02,0.08,0.03,0.15,0.9,0.1,-1.2,0.0,0,0,1,0,0.675,0.44
513,0,0.29032063484191895,0.4075545072555542,2.400181293487549,1.029461354955537,-0.4334213624184563,2,1,1,0.02,0.08,0.03,0.15,0.9,0.1,-1.2,0.0,0,0,1,0,0.675,0.44
513,1,-0.7897382974624634,-0.4175114035606384,-0.17234396934509277,-3.751894920524009,4.4532933992720105,0,0,0,0.02,0.08,0.03,0.15,0.9,0.1,-1.2,0.0,0,0,1,0,0.675,0.44
513,2,0.551604151725769,-0.057668957859277725,-1.8295801877975464,-2.5086359956844593,3.8449022635588386,2,1,1,0.02,0.08,0.03,0.15,0.9,0.1,-1.2,0.0,0,0,1,0,0.675,0.44
513,3,-1.2385735511779785,-0.013461591675877571,0.7933608889579773,-2.0576849761184994,3.4696916034556033,2,1,1,0.02,0.08,0.03,0.15,0.9,0.1,-1.2,0.0,0,0,1,0,0.675,0.44
513,4,-0.04267187416553497,-0.06290973722934723,0.5993763208389282,-4.820053995294131,4.606638334931386,2,1,1,0.02,0.08,0.03,0.15,0.9,0.1,-1.2,0.0,0,0,1,0,0.675,0.44
513,5,-0.22740262746810913,0.39482352137565613,-0.28221118450164795,-0.2043217238830046,2.4328040559459385,2,1,1,0.02,0.08,0.03,0.15,0.9,0.1,-1.2,0.0,0,0,1,0,0.675,0.44
513,6,0.7963002920150757,0.42468947172164917,-0.0870707780122757,4.937304311047877,-2.825342880584271,2,1,1,0.02,0.08,0.03,0.15,0.9,0.1,-1.2,0.0,0,0,1,0,0.675,0.44
513,7,-0.684200644493103,0.15769968926906586,-0.9280800819396973,0.6316705386771655,1.0994978142234206,2,1,1,0.02,0.08,0.03,0.15,0.9,0.1,-1.2,0.0,0,0,1,0,0.675,0.44
514,0,0.288207471370697,0.40958327054977417,2.415771245956421,-6.28,6.28,2,1,1,0.02,0.08,0.03,0.15,0.9,0.1,-1.2,0.0,0,0,1,0,0.675,0.44
514,1,-0.7880303263664246,-0.4177314341068268,0.05047527328133583,-3.383816444179127,4.504313512569379,0,0,0,0.02,0.08,0.03,0.15,0.9,0.1,-1.2,0.0,0,0,1,0,0.675,0.44
514,2,0.5514559745788574,-0.05890350043773651,-1.5561805963516235,-1.915737836123539,3.442998849314706,2,1,1,0.02,0.08,0.03,0.15,0.9,0.1,-1.2,0.0,0,0,1,0,0.675,0.44
514,3,-1.2377346754074097,-0.012418651953339577,0.9374163746833801,-2.277220618970661,3.661090558124884,2,1,1,0.02,0.08,0.03,0.15,0.9,0.1,-1.2,0.0,0,0,1,0,0.675,0.44
514,4,-0.04314447566866875,-0.06328698247671127,0.9573742151260376,-4.339041851613482,4.422351025197468,2,1,1,0.02,0.08,0.03,0.15,0.9,0.1,-1.2,0.0,0,0,1,0,0.675,0.44
514,5,-0.22470541298389435,0.3941928744316101,-0.1698005497455597,-0.049734554354343916,1.9817873120824172,2,1,1,0.02,0.08,0.03,0.15,0.9,0.1,-1.2,0.0,0,0,1,0,0.675,0.44
514,6,0.7971875667572021,0.4246423840522766,-0.4124220013618469,5.7493397867861535,-0.9467031539769646,2,1,1,0.02,0.08,0.03,0.15,0.9,0.1,-1.2,0.0,0,0,1,0,0.675,0.44
514,7,-0.6831789612770081,0.15644021332263947,-0.8362485766410828,0.5961193878329506,1.164499788339278,2,1,1,0.02,0.08,0.03,0.15,0.9,0.1,-1.2,0.0,0,0,1,0,0.675,0.44
515,0,0.2875934839248657,0.41014739871025085,2.3864119052886963,6.28,-6.28,2,1,1,0.02,0.08,0.03,0.15,0.9,0.1,-1.2,0.0,0,0,1,0,0.675,0.44
515,1,-0.7871424555778503,-0.41757461428642273,0.33915257453918457,-2.4664682846388475,4.522162996195165,0,0,0,0.02,0.08,0.03,0.15,0.9,0.1,-1.2,0.0,0,0,1,0,0.675,0.44
515,2,0.5516186952590942,-0.06029174476861954,-1.3320411443710327,-1.2451044848049997,2.936400088271136,2,1,1,0.02,0.08,0.03,0.15,0.9,0.1,-1.2,0.0,0,0,1,0,0.675,0.44
515,3,-1.2369511127471924,-0.011184846051037312,1.1112314462661743,-2.079517080788032,3.645985565716174,2,1,1,0.02,0.08,0.03,0.15,0.9,0.1,-1.2,0.0,0,0,1,0,0.675,0.44
515,4,-0.04335606470704079,-0.06368250399827957,1.329526662826538,-3.580972958959703,4.262142290033466,2,1,1,0.02,0.08,0.03,0.15,0.9,0.1,-1.2,0.0,0,0,1,0,0.675,0.44
515,5,-0.22239135205745697,0.3939102590084076,-0.0729079321026802,0.9360348048777161,0.41657857112129626,2,1,1,0.02,0.08,0.03,0.15,0.9,0.1,-1.2,0.0,0,0,1,0,0.675,0.44
515,6,0.7988901138305664,0.4235854744911194,-0.7394142746925354,5.95258122932819,0.7459634898915646,2,1,1,0.02,0.08,0.03,0.15,0.9,0.1,-1.2,0.0,0,0,1,0,0.675,0.44
515,7,-0.682004451751709,0.15519922971725464,-0.8048286437988281,-0.4063706468174109,2.2085510511352275,2,1,1,0.02,0.08,0.03,0.15,0.9,0.1,-1.2,0.0,0,0,1,0,0.675,0.44
516,0,0.2875307500362396,0.4102610647678375,2.7338755130767822,-6.28,6.28,2,1,1,0.02,0.08,0.03,0.15,0.9,0.1,-1.2,0.0,0,0,1,0,0.675,0.44
516,1,-0.7862799763679504,-0.41709595918655396,0.6224744319915771,-1.4519291294715573,4.367543214135528,0,0,0,0.02,0.08,0.03,0.15,0.9,0.1,-1.2,0.0,0,0,1,0,0.675,0.44
516,2,0.5521107912063599,-0.06172321364283562,-1.1374976634979248,-0.7666260311014861,2.7283151075479837,2,1,1,0.02,0.08,0.03,0.15,0.9,0.1,-1.2,0.0,0,0,1,0,0.675,0.44
516,3,-1.2365342378616333,-0.010110525414347649,1.3250266313552856,-2.8376172781629037,4.061233100787467,2,1,1,0.02,0.08,0.03,0.15,0.9,0.1,-1.2,0.0,0,0,1,0,0.675,0.44
516,4,-0.043315254151821136,-0.06356514245271683,1.6804076433181763,-2.6767268717678343,4.1805542081906175,2,1,1,0.02,0.08,0.03,0.15,0.9,0.1,-1.2,0.0,0,0,1,0,0.675,0.44
516,5,-0.22040390968322754,0.39384326338768005,0.003457834478467703,0.14373294926077518,1.6259644456237776,2,1,1,0.02,0.08,0.03,0.15,0.9,0.1,-1.2,0.0,0,0,1,0,0.675,0.44
516,6,0.8012861013412476,0.42063993215560913,-1.010321855545044,3.4557131017503266,1.7135627986573434,2,1,1,0.02,0.08,0.03,0.15,0.9,0.1,-1.2,0.0,0,0,1,0,0.675,0.44
516,7,-0.6807757616043091,0.1539488136768341,-0.7856245636940002,-0.9693547098532985,2.750138999230224,2,1,1,0.02,0.08,0.03,0.15,0.9,0.1,-1.2,0.0,0,0,1,0,0.675,0.44
517,0,0.28756165504455566,0.41028669476509094,2.4574079513549805,6.28,-6.28,2,1,1,0.02,0.08,0.03,0.15,0.9,0.1,-1.2,0.0,0,0,1,0,0.675,0.44
517,1,-0.785254955291748,-0.4160865545272827,0.8904178142547607,-0.547385617194469,3.7909293420989516,0,0,0,0.02,0.08,0.03,0.15,0.9,0.1,-1.2,0.0,0,0,1,0,0.675,0.44
517,2,0.552928626537323,-0.06317582726478577,-0.9832292795181274,0.43091555650921215,1.6662579700622175,2,1,1,0.02,0.08,0.03,0.15,0.9,0.1,-1.2,0.0,0,0,1,0,0.675,0.44
517,3,-1.236402153968811,-0.009121770970523357,1.5466864109039307,-2.207541916881236,3.915602193631499,2,1,1,0.02,0.08,0.03,0.15,0.9,0.1,-1.2,0.0,0,0,1,0,0.675,0.44
517,4,-0.04345829784870148,-0.06303263455629349,2.008039951324463,-1.9109787542743524,4.034359594804697,2,1,1,0.02,0.08,0.03,0.15,0.9,0.1,-1.2,0.0,0,0,1,0,0.675,0.44
517,5,-0.21894003450870514,0.3938685357570648,0.0037382058799266815,-0.8371960322049846,2.7416261616720385,2,1,1,0.02,0.08,0.03,0.15,0.9,0.1,-1.2,0.0,0,0,1,0,0.675,0.44
517,6,0.8040419220924377,0.41514238715171814,-1.2321470975875854,-5.217582061115182,4.950390388629026,2,1,1,0.02,0.08,0.03,0.15,0.9,0.1,-1.2,0.0,0,0,1,0,0.675,0.44
517,7,-0.6794683933258057,0.15272019803524017,-0.7082038521766663,-1.0505923826097063,2.8919556993911257,2,1,1,0.02,0.08,0.03,0.15,0.9,0.1,-1.2,0.0,0,0,1,0,0.675,0.44
518,0,0.2875686287879944,0.4103730618953705,2.7413113117218018,-6.28,6.28,2,1,1,0.02,0.08,0.03,0.15,0.9,0.1,-1.2,0.0,0,0,1,0,0.675,0.44
518,1,-0.7839300036430359,-0.41395124793052673,1.1107234954833984,-2.5616709164667593,3.872333502122307,0,0,0,0.02,0.08,0.03,0.15,0.9,0.1,-1.2,0.0,0,0,1,0,0.675,0.44
518,2,0.5540899038314819,-0.06469135731458664,-0.856363832950592,0.05134032464456997,2.4362469190444602,2,1,1,0.02,0.08,0.03,0.15,0.9,0.1,-1.2,0.0,0,0,1,0,0.675,0.44
518,3,-1.236477017402649,-0.008417676202952862,1.8020538091659546,-2.4531807876073253,4.0675591026402635,2,1,1,0.02,0.08,0.03,0.15,0.9,0.1,-1.2,0.0,0,0,1,0,0.675,0.44
518,4,-0.044225629419088364,-0.06192872300744057,2.305248737335205,-1.6515553100849323,3.90642042847699,2,1,1,0.02,0.08,0.03,0.15,0.9,0.1,-1.2,0.0,0,0,1,0,0.675,0.44
518,5,-0.21725547313690186,0.393894761800766,0.040007997304201126,-0.39196472869541704,1.9440511696291418,2,1,1,0.02,0.08,0.03,0.15,0.9,0.1,-1.2,0.0,0,0,1,0,0.675,0.44
518,6,0.8055346012115479,0.40994545817375183,-1.3273694515228271,-6.28,6.28,2,1,1,0.02,0.08,0.03,0.15,0.9,0.1,-1.2,0.0,0,0,1,0,0.675,0.44
518,7,-0.6780467629432678,0.15163622796535492,-0.5852182507514954,-0.18617812767433295,2.1522295981862207,2,1,1,0.02,0.08,0.03,0.15,0.9,0.1,-1.2,0.0,0,0,1,0,0.675,0.44
519,0,0.2875734269618988,0.4104008674621582,2.4601402282714844,6.201313727809455,-6.28,2,1,1,0.02,0.08,0.03,0.15,0.9,0.1,-1.2,0.0,0,0,1,0,0.675,0.44
519,1,-0.7827799320220947,-0.4110548794269562,1.2745410203933716,-5.161746096648477,4.710286822952532,0,0,0,0.02,0.08,0.03,0.15,0.9,0.1,-1.2,0.0,0,0,1,0,0.675,0.44
519,2,0.5555044412612915,-0.06619751453399658,-0.7977614402770996,-0.4481339447067993,1.4977015358503138,2,1,1,0.02,0.08,0.03,0.15,0.9,0.1,-1.2,0.0,0,0,1,0,0.675,0.44
519,3,-1.2368615865707397,-0.007465774193406105,2.0435032844543457,-2.4562873706779005,4.098769674196326,2,1,1,0.02,0.08,0.03,0.15,0.9,0.1,-1.2,0.0,0,0,1,0,0.675,0.44
519,4,-0.045804306864738464,-0.060585279017686844,2.5609805583953857,-3.7711749044693543,4.200952259436229,2,1,1,0.02,0.08,0.03,0.15,0.9,0.1,-1.2,0.0,0,0,1,0,0.675,0.44
519,5,-0.21538285911083221,0.3940601646900177,0.15105928480625153,-0.3090322305275683,2.0237049934592366,2,1,1,0.02,0.08,0.03,0.15,0.9,0.1,-1.2,0.0,0,0,1,0,0.675,0.44
519,6,0.8056605458259583,0.4092008173465729,-1.04972505569458,-6.28,5.7815925998871736,2,1,1,0.02,0.08,0.03,0.15,0.9,0.1,-1.2,0.0,0,0,1,0,0.675,0.44
519,7,-0.676455020904541,0.15072745084762573,-0.44811901450157166,-1.0291084002104793,3.1488152388447586,2,1,1,0.02,0.08,0.03,0.15,0.9,0.1,-1.2,0.0,0,0,1,0,0.675,0.44
520,0,0.2875785827636719,0.41049548983573914,2.745738983154297,6.28,-6.28,2,1,1,0.02,0.08,0.03,0.15,0.9,0.1,-1.2,0.0,0,0,1,0,0.675,0.44
520,1,-0.7824028730392456,-0.4094029664993286,1.4853401184082031,-5.815131754310449,4.845459193618616,0,0,0,0.02,0.08,0.03,0.15,0.9,0.1,-1.2,0.0,0,0,1,0,0.675,0.44
520,2,0.5572444200515747,-0.06786012649536133,-0.7223929762840271,0.06600348981627104,0.9755037380344059,2,1,1,0.02,0.08,0.03,0.15,0.9,0.1,-1.2,0.0,0,0,1,0,0.675,0.44
520,3,-1.2374485731124878,-0.0066115097142755985,2.2912333011627197,-2.138695539776889,4.027627991382686,2,1,1,0.02,0.08,0.03,0.15,0.9,0.1,-1.2,0.0,0,0,1,0,0.675,0.44
520,4,-0.048196956515312195,-0.059359315782785416,2.7794737815856934,-4.118952821547982,4.353663761154833,2,1,1,0.02,0.08,0.03,0.15,0.9,0.1,-1.2,0.0,0,0,1,0,0.675,0.44
520,5,-0.21378210186958313,0.3943822383880615,0.24231036007404327,-0.34383033082805486,2.3954684428067092,2,1,1,0.02,0.08,0.03,0.15,0.9,0.1,-1.2,0.0,0,0,1,0,0.675,0.44
520,6,0.8057180643081665,0.4090953469276428,-0.6113651990890503,-5.761743105000412,4.723782733570871,2,1,1,0.02,0.08,0.03,0.15,0.9,0.1,-1.2,0.0,0,0,1,0,0.675,0.44
520,7,-0.6746630072593689,0.14997994899749756,-0.3547978699207306,-0.8645430241319968,3.1134831315006024,2,1,1,0.02,0.08,0.03,0.15,0.9,0.1,-1.2,0.0,0,0,1,0,0.675,0.44
521,0,0.2876262962818146,0.4104996919631958,2.4663169384002686,5.964018061305384,-6.28,2,1,1,0.02,0.08,0.03,0.15,0.9,0.1,-1.2,0.0,0,0,1,0,0.675,0.44
521,1,-0.7823638916015625,-0.4095216691493988,1.8160700798034668,-4.885787403893748,4.555767437562424,0,0,0,0.02,0.08,0.03,0.15,0.9,0.1,-1.2,0.0,0,0,1,0,0.675,0.44
521,2,0.5582746267318726,-0.06871000677347183,-0.6511425971984863,-2.070917175090656,2.9723362621753147,2,1,1,0.02,0.08,0.03,0.15,0.9,0.1,-1.2,0.0,0,0,1,0,0.675,0.44
521,3,-1.2385433912277222,-0.005673522595316172,2.5609657764434814,-1.8545566828212317,3.9318321676215704,2,1,1,0.02,0.08,0.03,0.15,0.9,0.1,-1.2,0.0,0,0,1,0,0.675,0.44
521,4,-0.049412503838539124,-0.059020888060331345,3.059112071990967,-3.3618060446555846,4.137805937551263,2,1,1,0.02,0.08,0.03,0.15,0.9,0.1,-1.2,0.0,0,0,1,0,0.675,0.44
521,5,-0.21216312050819397,0.3948514461517334,0.32438284158706665,0.08003204513696519,2.12213236665897,2,1,1,0.02,0.08,0.03,0.15,0.9,0.1,-1.2,0.0,0,0,1,0,0.675,0.44
521,6,0.8057875037193298,0.4090236723423004,-0.427778422832489,-4.8696317171273895,4.484842556241749,2,1,1,0.02,0.08,0.03,0.15,0.9,0.1,-1.2,0.0,0,0,1,0,0.675,0.44
521,7,-0.6726618409156799,0.14937078952789307,-0.22094903886318207,-0.24729902006877647,2.6611196056409256,2,1,1,0.02,0.08,0.03,0.15,0.9,0.1,-1.2,0.0,0,0,1,0,0.675,0.44
522,0,0.28763821721076965,0.41055828332901,2.286632776260376,4.964417761054896,-6.28,2,1,1,0.02,0.08,0.03,0.15,0.9,0.1,-1.2,0.0,0,0,1,0,0.675,0.44
522,1,-0.7820324301719666,-0.4103371500968933,2.229066848754883,-2.9978022973209852,4.16619904307729,0,0,0,0.02,0.08,0.03,0.15,0.9,0.1,-1.2,0.0,0,0,1,0,0.675,0.44
522,2,0.5591182708740234,-0.06932023912668228,-0.6120432615280151,-0.5471519104767986,1.5549009743397608,2,1,1,0.02,0.08,0.03,0.15,0.9,0.1,-1.2,0.0,0,0,1,0,0.675,0.44
522,3,-1.2402132749557495,-0.004878036677837372,2.8259575366973877,-1.64882669395887,3.816476909668451,2,1,1,0.02,0.08,0.03,0.15,0.9,0.1,-1.2,0.0,0,0,1,0,0.675,0.44
522,4,-0.050189703702926636,-0.05907643586397171,-2.895374059677124,-1.6259420324491805,3.737449522149731,2,1,1,0.02,0.08,0.03,0.15,0.9,0.1,-1.2,0.0,0,0,1,0,0.675,0.44
522,5,-0.21031233668327332,0.3955730199813843,0.4178588390350342,0.1618577106595449,2.5141137932257354,2,1,1,0.02,0.08,0.03,0.15,0.9,0.1,-1.2,0.0,0,0,1,0,0.675,0.44
522,6,0.8063492774963379,0.4088124632835388,-0.24752207100391388,-4.216006532106589,4.474176679385312,2,1,1,0.02,0.08,0.03,0.15,0.9,0.1,-1.2,0.0,0,0,1,0,0.675,0.44
522,7,-0.6704565286636353,0.14904555678367615,-0.07973694056272507,-0.13418036997307256,2.7043798189632837,2,1,1,0.02,0.08,0.03,0.15,0.9,0.1,-1.2,0.0,0,0,1,0,0.675,0.44
523,0,0.2875819504261017,0.4105711877346039,2.27683162689209,4.8266798434381535,-6.28,2,1,1,0.02,0.08,0.03,0.15,0.9,0.1,-1.2,0.0,0,0,1,0,0.675,0.44
523,1,-0.7829328775405884,-0.409588098526001,2.5257015228271484,-3.119986008757563,4.336827753451279,0,0,0,0.02,0.08,0.03,0.15,0.9,0.1,-1.2,0.0,0,0,1,0,0.675,0.44
523,2,0.5599061250686646,-0.06981568038463593,-0.4637807309627533,-1.9705027378819628,3.0026933371195415,2,1,1,0.02,0.08,0.03,0.15,0.9,0.1,-1.2,0.0,0,0,1,0,0.675,0.44
523,3,-1.2422195672988892,-0.004474741406738758,3.0742828845977783,-1.0697641235826416,3.5558645195758913,2,1,1,0.02,0.08,0.03,0.15,0.9,0.1,-1.2,0.0,0,0,1,0,0.675,0.44
523,4,-0.050803292542696,-0.05933517590165138,-2.567491054534912,-0.8686361040134583,3.8710939198964134,2,1,1,0.02,0.08,0.03,0.15,0.9,0.1,-1.2,0.0,0,0,1,0,0.675,0.44
523,5,-0.20836365222930908,0.39653873443603516,0.4945302903652191,0.6859753690516166,1.9743571075998754,2,1,1,0.02,0.08,0.03,0.15,0.9,0.1,-1.2,0.0,0,0,1,0,0.675,0.44
523,6,0.806942880153656,0.4087766706943512,0.10830551385879517,-2.638091278040449,4.596963909046175,2,1,1,0.02,0.08,0.03,0.15,0.9,0.1,-1.2,0.0,0,0,1,0,0.675,0.44
523,7,-0.6680727601051331,0.1490042358636856,0.029938213527202606,-0.7923654125810078,3.371813276259333,2,1,1,0.02,0.08,0.03,0.15,0.9,0.1,-1.2,0.0,0,0,1,0,0.675,0.44
524,0,0.2877582609653473,0.4103141129016876,1.8779613971710205,4.35538740546264,-6.000466202599249,2,1,1,0.02,0.08,0.03,0.15,0.9,0.1,-1.2,0.0,0,0,1,0,0.675,0.44
524,1,-0.7840415835380554,-0.4091244637966156,2.8247792720794678,-2.7528921270981566,4.388084670870207,0,0,0,0.02,0.08,0.03,0.15,0.9,0.1,-1.2,0.0,0,0,1,0,0.675,0.44
524,2,0.5608274936676025,-0.07021601498126984,-0.36870017647743225,-1.5597906836470976,2.6675776412979038,2,1,1,0.02,0.08,0.03,0.15,0.9,0.1,-1.2,0.0,0,0,1,0,0.675,0.44
524,3,-1.2444117069244385,-0.004568518605083227,-2.976646661758423,-1.6544892223957357,3.6583631666782677,2,1,1,0.02,0.08,0.03,0.15,0.9,0.1,-1.2,0.0,0,0,1,0,0.675,0.44
524,4,-0.05209267511963844,-0.06056227162480354,-2.3417482376098633,-0.37466674280340445,3.827644576090525,2,1,1,0.02,0.08,0.03,0.15,0.9,0.1,-1.2,0.0,0,0,1,0,0.675,0.44
524,5,-0.20614248514175415,0.3978564143180847,0.5749868154525757,1.0011669789773592,1.7649525792557192,2,1,1,0.02,0.08,0.03,0.15,0.9,0.1,-1.2,0.0,0,0,1,0,0.675,0.44
524,6,0.8072363138198853,0.4088749289512634,0.4622561037540436,-0.9228716039200491,4.807483498066131,2,1,1,0.02,0.08,0.03,0.15,0.9,0.1,-1.2,0.0,0,0,1,0,0.675,0.44
524,7,-0.6655434370040894,0.14921115338802338,0.1299770176410675,-0.8655071035178387,3.4475283487730963,2,1,1,0.02,0.08,0.03,0.15,0.9,0.1,-1.2,0.0,0,0,1,0,0.675,0.44
525,0,0.2867721617221832,0.4143698811531067,1.6834696531295776,4.130867065453837,-6.28,2,1,1,0.02,0.08,0.03,0.15,0.9,0.1,-1.2,0.0,0,0,1,0,0.675,0.44
525,1,-0.7852640748023987,-0.40891233086586,3.1374144554138184,-2.067216341484238,4.38761910445754,0,0,0,0.02,0.08,0.03,0.15,0.9,0.1,-1.2,0.0,0,0,1,0,0.675,0.44
525,2,0.5618095993995667,-0.07052202522754669,-0.2140534222126007,-1.9594203685827993,2.9934300963435874,2,1,1,0.02,0.08,0.03,0.15,0.9,0.1,-1.2,0.0,0,0,1,0,0.675,0.44
525,3,-1.2467900514602661,-0.00521368533372879,-2.7757725715637207,-5.029918690739713,4.654745307672773,2,1,1,0.02,0.08,0.03,0.15,0.9,0.1,-1.2,0.0,0,0,1,0,0.675,0.44
525,4,-0.05384312570095062,-0.06271953880786896,-2.1711130142211914,-0.5934804073947374,3.850428756023319,2,1,1,0.02,0.08,0.03,0.15,0.9,0.1,-1.2,0.0,0,0,1,0,0.675,0.44
525,5,-0.20395247638225555,0.3993740677833557,0.6276711821556091,0.8967560567174182,2.0317684320210376,2,1,1,0.02,0.08,0.03,0.15,0.9,0.1,-1.2,0.0,0,0,1,0,0.675,0.44
525,6,0.8084318041801453,0.4097612202167511,0.7746704816818237,0.6959245707823802,4.749808594914902,2,1,1,0.02,0.08,0.03,0.15,0.9,0.1,-1.2,0.0,0,0,1,0,0.675,0.44
525,7,-0.6630199551582336,0.1497061550617218,0.2673552334308624,-4.040107765467891,4.320265173735085,2,1,1,0.02,0.08,0.03,0.15,0.9,0.1,-1.2,0.0,0,0,1,0,0.675,0.44
526,0,0.286620557308197,0.41761958599090576,1.4832241535186768,3.681581300211277,-6.28,2,1,1,0.02,0.08,0.03,0.15,0.9,0.1,-1.2,0.0,0,0,1,0,0.675,0.44
526,1,-0.7867944240570068,-0.40914201736450195,-2.8418080806732178,-1.3912958019843584,4.305135224150707,0,0,0,0.02,0.08,0.03,0.15,0.9,0.1,-1.2,0.0,0,0,1,0,0.675,0.44
526,2,0.562894880771637,-0.07066930830478668,-0.06018676236271858,-1.8616789207410915,2.815545437933184,2,1,1,0.02,0.08,0.03,0.15,0.9,0.1,-1.2,0.0,0,0,1,0,0.675,0.44
526,3,-1.248999834060669,-0.006308120675384998,-2.572078227996826,-4.785484333150626,4.55564739769458,2,1,1,0.02,0.08,0.03,0.15,0.9,0.1,-1.2,0.0,0,0,1,0,0.675,0.44
526,4,-0.055526427924633026,-0.06563173234462738,-2.020951271057129,-0.6178012198312512,3.697204185544396,2,1,1,0.02,0.08,0.03,0.15,0.9,0.1,-1.2,0.0,0,0,1,0,0.675,0.44
526,5,-0.20176133513450623,0.4010249674320221,0.6581078171730042,1.0851920256941598,1.5628017556760705,2,1,1,0.02,0.08,0.03,0.15,0.9,0.1,-1.2,0.0,0,0,1,0,0.675,0.44
526,6,0.8104854226112366,0.4123537540435791,1.0187474489212036,1.2459569951379657,4.433435016476027,2,1,1,0.02,0.08,0.03,0.15,0.9,0.1,-1.2,0.0,0,0,1,0,0.675,0.44
526,7,-0.6605917811393738,0.15056675672531128,0.418446809053421,-3.666641910730923,4.216755342191319,2,1,1,0.02,0.08,0.03,0.15,0.9,0.1,-1.2,0.0,0,0,1,0,0.675,0.44
527,0,0.28692758083343506,0.41992053389549255,1.2474404573440552,2.6360736619887746,-6.28,2,1,1,0.02,0.08,0.03,0.15,0.9,0.1,-1.2,0.0,0,0,1,0,0.675,0.44
527,1,-0.7886988520622253,-0.4101189374923706,-2.5681800842285156,-0.40267941770021215,4.009585182518538,0,0,0,0.02,0.08,0.03,0.15,0.9,0.1,-1.2,0.0,0,0,1,0,0.675,0.44
527,2,0.5639641284942627,-0.07064596563577652,0.10950320214033127,-1.6772117596958358,2.755746283241788,2,1,1,0.02,0.08,0.03,0.15,0.9,0.1,-1.2,0.0,0,0,1,0,0.675,0.44
527,3,-1.2495605945587158,-0.0067504458129405975,-2.2390835285186768,-6.28,3.2722396096726403,2,1,1,0.02,0.08,0.03,0.15,0.9,0.1,-1.2,0.0,0,0,1,0,0.675,0.44
527,4,-0.05674130842089653,-0.06869779527187347,-1.8671331405639648,-0.18844842774019577,3.2253722947502257,2,1,1,0.02,0.08,0.03,0.15,0.9,0.1,-1.2,0.0,0,0,1,0,0.675,0.44
527,5,-0.19950099289417267,0.4028342366218567,0.695302426815033,1.6426097090933993,0.1905676678575008,2,1,1,0.02,0.08,0.03,0.15,0.9,0.1,-1.2,0.0,0,0,1,0,0.675,0.44
527,6,0.8128398656845093,0.41681599617004395,1.192038893699646,-0.13037219757371238,2.9861616604855925,2,1,1,0.02,0.08,0.03,0.15,0.9,0.1,-1.2,0.0,0,0,1,0,0.675,0.44
527,7,-0.6599478721618652,0.15091177821159363,0.6857173442840576,-3.42919126929374,4.2892774342839255,2,1,1,0.02,0.08,0.03,0.15,0.9,0.1,-1.2,0.0,0,0,1,0,0.675,0.44
528,0,0.2875288724899292,0.42159074544906616,1.0355393886566162,1.5231561797865922,-6.28,2,1,1,0.02,0.08,0.03,0.15,0.9,0.1,-1.2,0.0,0,0,1,0,0.675,0.44
528,1,-0.7909777164459229,-0.41185078024864197,-2.3373162746429443,-0.13553120415257663,3.531732221578099,0,0,0,0.02,0.08,0.03,0.15,0.9,0.1,-1.2,0.0,0,0,1,0,0.675,0.44
528,2,0.5649659633636475,-0.07046636193990707,0.27743151783943176,-1.3218485927777408,3.280464529445945,2,1,1,0.02,0.08,0.03,0.15,0.9,0.1,-1.2,0.0,0,0,1,0,0.675,0.44
528,3,-1.249745488166809,-0.007047496736049652,-1.8837430477142334,-6.198145713809791,3.909338139819987,2,1,1,0.02,0.08,0.03,0.15,0.9,0.1,-1.2,0.0,0,0,1,0,0.675,0.44
528,4,-0.05743138864636421,-0.07173848897218704,-1.7149485349655151,-2.832762406822923,3.9963049568412097,2,1,1,0.02,0.08,0.03,0.15,0.9,0.1,-1.2,0.0,0,0,1,0,0.675,0.44
528,5,-0.1974485218524933,0.40459391474723816,0.7166671752929688,2.388993389489518,-1.223482623281346,2,1,1,0.02,0.08,0.03,0.15,0.9,0.1,-1.2,0.0,0,0,1,0,0.675,0.44
528,6,0.8146071434020996,0.4220835268497467,1.3111510276794434,-6.28,5.612286892542319,2,1,1,0.02,0.08,0.03,0.15,0.9,0.1,-1.2,0.0,0,0,1,0,0.675,0.44
528,7,-0.659604012966156,0.15129123628139496,0.9690907597541809,-2.131851661833648,4.025629186389666,2,1,1,0.02,0.08,0.03,0.15,0.9,0.1,-1.2,0.0,0,0,1,0,0.675,0.44
529,0,0.2872823476791382,0.4216870367527008,0.8224887847900391,2.1274961541305553,-6.28,2,1,1,0.02,0.08,0.03,0.15,0.9,0.1,-1.2,0.0,0,0,1,0,0.675,0.44
529,1,-0.7930993437767029,-0.4144839942455292,-2.1718175411224365,-0.05999352731490028,2.453302642774893,0,0,0,0.02,0.08,0.03,0.15,0.9,0.1,-1.2,0.0,0,0,1,0,0.675,0.44
529,2,0.565977156162262,-0.07010314613580704,0.4354560673236847,-0.9878179995653883,3.6816234959785614,2,1,1,0.02,0.08,0.03,0.15,0.9,0.1,-1.2,0.0,0,0,1,0,0.675,0.44
529,3,-1.2495777606964111,-0.005406928714364767,-1.5181958675384521,-1.6208483166316394,3.9184393098491705,2,1,1,0.02,0.08,0.03,0.15,0.9,0.1,-1.2,0.0,0,0,1,0,0.675,0.44
529,4,-0.0576724074780941,-0.07477550208568573,-1.5890390872955322,-2.6756309721708393,3.879291186571061,2,1,1,0.02,0.08,0.03,0.15,0.9,0.1,-1.2,0.0,0,0,1,0,0.675,0.44
529,5,-0.1959359347820282,0.4058951735496521,0.6791996359825134,3.217425122081221,-2.5570180482854252,2,1,1,0.02,0.08,0.03,0.15,0.9,0.1,-1.2,0.0,0,0,1,0,0.675,0.44
529,6,0.8153253793716431,0.42544659972190857,1.4230618476867676,-6.28,3.2042035659397627,2,1,1,0.02,0.08,0.03,0.15,0.9,0.1,-1.2,0.0,0,0,1,0,0.675,0.44
529,7,-0.6591091156005859,0.15220534801483154,1.267106294631958,-1.323914398109597,3.9420205343487877,2,1,1,0.02,0.08,0.03,0.15,0.9,0.1,-1.2,0.0,0,0,1,0,0.675,0.44
530,0,0.2859272062778473,0.42036494612693787,0.6064239740371704,4.028626841552604,-5.337691296113347,2,1,1,0.02,0.08,0.03,0.15,0.9,0.1,-1.2,0.0,0,0,1,0,0.675,0.44
530,1,-0.794845700263977,-0.4174365699291229,-2.0388355255126953,6.150539843303032,-6.28,0,0,0,0.02,0.08,0.03,0.15,0.9,0.1,-1.2,0.0,0,0,1,0,0.675,0.44
530,2,0.5675382614135742,-0.0692148506641388,0.5962892770767212,-0.5084523079904025,3.6688829448660463,2,1,1,0.02,0.08,0.03,0.15,0.9,0.1,-1.2,0.0,0,0,1,0,0.675,0.44
530,3,-1.2491892576217651,-0.008673802949488163,-1.3707268238067627,-0.6781474458007891,3.5503161557307163,2,1,1,0.02,0.08,0.03,0.15,0.9,0.1,-1.2,0.0,0,0,1,0,0.675,0.44
530,4,-0.05758686736226082,-0.07628258317708969,-1.3715981245040894,-2.233245175342826,3.7438471239003954,2,1,1,0.02,0.08,0.03,0.15,0.9,0.1,-1.2,0.0,0,0,1,0,0.675,0.44
530,5,-0.19489707052707672,0.40667927265167236,0.5674066543579102,3.1707530560781847,-2.642612979468884,2,1,1,0.02,0.08,0.03,0.15,0.9,0.1,-1.2,0.0,0,0,1,0,0.675,0.44
530,6,0.8154122233390808,0.4252372682094574,1.793152928352356,-6.28,2.8991761335191115,2,1,1,0.02,0.08,0.03,0.15,0.9,0.1,-1.2,0.0,0,0,1,0,0.675,0.44
530,7,-0.6588234901428223,0.1540025770664215,1.5360983610153198,-1.4613257763842356,4.215135284782284,2,1,1,0.02,0.08,0.03,0.15,0.9,0.1,-1.2,0.0,0,0,1,0,0.675,0.44
531,0,0.2848736345767975,0.419265478849411,0.3875981569290161,5.568442126675077,-2.1091410525406107,2,1,1,0.02,0.08,0.03,0.15,0.9,0.1,-1.2,0.0,0,0,1,0,0.675,0.44
531,1,-0.7958959937095642,-0.4198012948036194,-1.9429905414581299,6.116581257993713,-6.28,0,0,0,0.02,0.08,0.03,0.15,0.9,0.1,-1.2,0.0,0,0,1,0,0.675,0.44
531,2,0.5695363283157349,-0.06760954856872559,0.7601295113563538,-0.20517794873183004,3.744374411675987,2,1,1,0.02,0.08,0.03,0.15,0.9,0.1,-1.2,0.0,0,0,1,0,0.675,0.44
531,3,-1.2485135793685913,-0.01117814239114523,-1.1851818561553955,-0.7043429179254015,3.788812857297845,2,1,1,0.02,0.08,0.03,0.15,0.9,0.1,-1.2,0.0,0,0,1,0,0.675,0.44
531,4,-0.05721760168671608,-0.07737088948488235,-1.1367098093032837,-1.4460163265484316,3.4518931848691925,2,1,1,0.02,0.08,0.03,0.15,0.9,0.1,-1.2,0.0,0,0,1,0,0.675,0.44
531,5,-0.19422785937786102,0.40705782175064087,0.379198282957077,5.354362280955345,-6.071047978391677,2,1,1,0.02,0.08,0.03,0.15,0.9,0.1,-1.2,0.0,0,0,1,0,0.675,0.44
531,6,0.8163854479789734,0.42330753803253174,2.1660361289978027,-6.28,3.931837784189254,2,1,1,0.02,0.08,0.03,0.15,0.9,0.1,-1.2,0.0,0,0,1,0,0.675,0.44
531,7,-0.6590386033058167,0.15679366886615753,1.7526694536209106,-0.5637544511677823,4.0485455851703165,2,1,1,0.02,0.08,0.03,0.15,0.9,0.1,-1.2,0.0,0,0,1,0,0.675,0.44
532,0,0.28420016169548035,0.41900476813316345,0.09413645416498184,6.28,0.5347435937174967,2,1,1,0.02,0.08,0.03,0.15,0.9,0.1,-1.2,0.0,0,0,1,0,0.675,0.44
532,1,-0.7959737777709961,-0.4201402962207794,-2.2799272537231445,5.205920911877712,-6.28,0,0,0,0.02,0.08,0.03,0.15,0.9,0.1,-1.2,0.0,0,0,1,0,0.675,0.44
532,2,0.5716008543968201,-0.06532557308673859,0.9103889465332031,-0.12997055913675953,3.9549645216184177,2,1,1,0.02,0.08,0.03,0.15,0.9,0.1,-1.2,0.0,0,0,1,0,0.675,0.44
532,3,-1.2472659349441528,-0.013636069372296333,-1.0282468795776367,-0.5249871907643456,3.841070586450763,2,1,1,0.02,0.08,0.03,0.15,0.9,0.1,-1.2,0.0,0,0,1,0,0.675,0.44
532,4,-0.05646297335624695,-0.07858056575059891,-0.9215737581253052,-0.8137825121895078,3.328078163990901,2,1,1,0.02,0.08,0.03,0.15,0.9,0.1,-1.2,0.0,0,0,1,0,0.675,0.44
532,5,-0.19369441270828247,0.4072328507900238,0.1745326966047287,5.512565203466969,-6.28,2,1,1,0.02,0.08,0.03,0.15,0.9,0.1,-1.2,0.0,0,0,1,0,0.675,0.44
532,6,0.8149433135986328,0.42483219504356384,2.3134195804595947,-6.28,3.643454509821878,2,1,1,0.02,0.08,0.03,0.15,0.9,0.1,-1.2,0.0,0,0,1,0,0.675,0.44
532,7,-0.6599442362785339,0.1599256694316864,1.9667928218841553,-0.13048887692479227,4.082049402164732,2,1,1,0.02,0.08,0.03,0.15,0.9,0.1,-1.2,0.0,0,0,1,0,0.675,0.44
533,0,0.2870745062828064,0.4188728630542755,-0.20087574422359467,6.28,2.7843480124410815,2,1,1,0.02,0.08,0.03,0.15,0.9,0.1,-1.2,0.0,0,0,1,0,0.675,0.44
533,1,-0.7961230278015137,-0.4208183288574219,-2.6643590927124023,4.526322012118638,-6.28,0,0,0,0.02,0.08,0.03,0.15,0.9,0.1,-1.2,0.0,0,0,1,0,0.675,0.44
533,2,0.5735315084457397,-0.062442269176244736,1.0506131649017334,0.4018060797727572,3.71080872275322,2,1,1,0.02,0.08,0.03,0.15,0.9,0.1,-1.2,0.0,0,0,1,0,0.675,0.44
533,3,-1.2454952001571655,-0.016114063560962677,-0.8727672100067139,0.2051328817006443,3.5882292294725615,2,1,1,0.02,0.08,0.03,0.15,0.9,0.1,-1.2,0.0,0,0,1,0,0.675,0.44
533,4,-0.05516279861330986,-0.0799754410982132,-0.742033064365387,-0.3410788434847767,3.279194595205009,2,1,1,0.02,0.08,0.03,0.15,0.9,0.1,-1.2,0.0,0,0,1,0,0.675,0.44
533,5,-0.1941680908203125,0.4072743058204651,-0.19605912268161774,5.0227539153838885,-5.827693841054512,2,1,1,0.02,0.08,0.03,0.15,0.9,0.1,-1.2,0.0,0,0,1,0,0.675,0.44
533,6,0.8140594363212585,0.42552271485328674,2.542454719543457,-5.261148304098895,4.088743195485405,2,1,1,0.02,0.08,0.03,0.15,0.9,0.1,-1.2,0.0,0,0,1,0,0.675,0.44
533,7,-0.6616331338882446,0.16309301555156708,2.148066282272339,-0.260736639755613,4.260576361522215,2,1,1,0.02,0.08,0.03,0.15,0.9,0.1,-1.2,0.0,0,0,1,0,0.675,0.44
534,0,0.29278630018234253,0.41689738631248474,-0.4544038474559784,6.28,3.8570305976980177,2,1,1,0.02,0.08,0.03,0.15,0.9,0.1,-1.2,0.0,0,0,1,0,0.675,0.44
534,1,-0.7961230874061584,-0.42081841826438904,-2.6643640995025635,4.108600950707679,-6.28,0,0,0,0.02,0.08,0.03,0.15,0.9,0.1,-1.2,0.0,0,0,1,0,0.675,0.44
534,2,0.5751730799674988,-0.05904503911733627,1.193044900894165,0.1761970419456426,3.795626173130963,2,1,1,0.02,0.08,0.03,0.15,0.9,0.1,-1.2,0.0,0,0,1,0,0.675,0.44
534,3,-1.2431997060775757,-0.01845085620880127,-0.7186762690544128,-0.21938248560966905,3.8989187742463045,2,1,1,0.02,0.08,0.03,0.15,0.9,0.1,-1.2,0.0,0,0,1,0,0.675,0.44
534,4,-0.05325797572731972,-0.08146509528160095,-0.5917671322822571,-0.43057507244580806,3.756733384598103,2,1,1,0.02,0.08,0.03,0.15,0.9,0.1,-1.2,0.0,0,0,1,0,0.675,0.44
534,5,-0.19347938895225525,0.4068893492221832,-0.5130445957183838,4.302896551261486,-4.048087086108874,2,1,1,0.02,0.08,0.03,0.15,0.9,0.1,-1.2,0.0,0,0,1,0,0.675,0.44
534,6,0.812695324420929,0.42591074109077454,2.7680273056030273,-4.227199189852089,4.572442449292758,2,1,1,0.02,0.08,0.03,0.15,0.9,0.1,-1.2,0.0,0,0,1,0,0.675,0.44
534,7,-0.6639725565910339,0.16615979373455048,2.298022747039795,-1.2217987023461905,4.467777201400653,2,1,1,0.02,0.08,0.03,0.15,0.9,0.1,-1.2,0.0,0,0,1,0,0.675,0.44
535,0,0.29924923181533813,0.4132358431816101,-0.5658802390098572,5.711451289440042,2.784658603221256,2,1,1,0.02,0.08,0.03,0.15,0.9,0.1,-1.2,0.0,0,0,1,0,0.675,0.44
535,1,-0.7973808646202087,-0.4209308624267578,-2.990708112716675,4.383335426133344,-6.128870689329364,0,0,0,0.02,0.08,0.03,0.15,0.9,0.1,-1.2,0.0,0,0,1,0,0.675,0.44
535,2,0.5764258503913879,-0.05518604442477226,1.3145182132720947,-0.2541457249076385,3.788859384786182,2,1,1,0.02,0.08,0.03,0.15,0.9,0.1,-1.2,0.0,0,0,1,0,0.675,0.44
535,3,-1.240254282951355,-0.020697228610515594,-0.5932015776634216,-2.7551146833370517,4.084822534516104,2,1,1,0.02,0.08,0.03,0.15,0.9,0.1,-1.2,0.0,0,0,1,0,0.675,0.44
535,4,-0.050786737352609634,-0.08289718627929688,-0.46145960688591003,-0.02533131578602195,3.705604920622732,2,1,1,0.02,0.08,0.03,0.15,0.9,0.1,-1.2,0.0,0,0,1,0,0.675,0.44
535,5,-0.19267095625400543,0.40652039647102356,-0.6475194692611694,4.237077191265896,-3.7968138603294626,2,1,1,0.02,0.08,0.03,0.15,0.9,0.1,-1.2,0.0,0,0,1,0,0.675,0.44
535,6,0.8120791912078857,0.42593511939048767,3.055800437927246,-2.3189534713048445,5.266061309242117,2,1,1,0.02,0.08,0.03,0.15,0.9,0.1,-1.2,0.0,0,0,1,0,0.675,0.44
535,7,-0.6668380498886108,0.16893881559371948,2.4542295932769775,-0.5167242569740601,4.445077080575217,2,1,1,0.02,0.08,0.03,0.15,0.9,0.1,-1.2,0.0,0,0,1,0,0.675,0.44
536,0,0.307132750749588,0.4076242744922638,-0.666098415851593,4.617824442577472,1.101552648186363,2,1,1,0.02,0.08,0.03,0.15,0.9,0.1,-1.2,0.0,0,0,1,0,0.675,0.44
536,1,-0.8006782531738281,-0.42116865515708923,3.115474224090576,4.507745488528703,-4.089325877102132,0,0,0,0.02,0.08,0.03,0.15,0.9,0.1,-1.2,0.0,0,0,1,0,0.675,0.44
536,2,0.5772079825401306,-0.05126242712140083,1.4392508268356323,-0.18671170773011564,3.485283361099861,2,1,1,0.02,0.08,0.03,0.15,0.9,0.1,-1.2,0.0,0,0,1,0,0.675,0.44
536,3,-1.2370541095733643,-0.022567613050341606,-0.45390769839286804,-5.030958838819859,4.744593143528103,2,1,1,0.02,0.08,0.03,0.15,0.9,0.1,-1.2,0.0,0,0,1,0,0.675,0.44
536,4,-0.04778214916586876,-0.08414247632026672,-0.3186360001564026,0.5312106522515166,3.4854801828783066,2,1,1,0.02,0.08,0.03,0.15,0.9,0.1,-1.2,0.0,0,0,1,0,0.675,0.44
536,5,-0.19221322238445282,0.40624168515205383,-0.9933133721351624,3.875129041246566,-2.4889919531508284,2,1,1,0.02,0.08,0.03,0.15,0.9,0.1,-1.2,0.0,0,0,1,0,0.675,0.44
536,6,0.8111693859100342,0.4259011149406433,-2.889587879180908,1.5044735445326425,6.28,2,1,1,0.02,0.08,0.03,0.15,0.9,0.1,-1.2,0.0,0,0,1,0,0.675,0.44
536,7,-0.669643223285675,0.17086416482925415,2.6459403038024902,-0.01090432983516243,3.0860995349181812,2,1,1,0.02,0.08,0.03,0.15,0.9,0.1,-1.2,0.0,0,0,1,0,0.675,0.44
537,0,0.31379470229148865,0.401882529258728,-0.7673985958099365,-6.28,6.28,2,1,1,0.02,0.08,0.03,0.15,0.9,0.1,-1.2,0.0,0,0,1,0,0.675,0.44
537,1,-0.8029426336288452,-0.4209846258163452,2.8705341815948486,4.830387888792982,-1.8359035983348142,0,0,0,0.02,0.08,0.03,0.15,0.9,0.1,-1.2,0.0,0,0,1,0,0.675,0.44
537,2,0.5774534940719604,-0.04764603450894356,1.5781455039978027,0.30363579980898053,2.869915047996824,2,1,1,0.02,0.08,0.03,0.15,0.9,0.1,-1.2,0.0,0,0,1,0,0.675,0.44
537,3,-1.2352787256240845,-0.023263301700353622,-0.22887296974658966,-5.688205487660881,4.796009064757546,2,1,1,0.02,0.08,0.03,0.15,0.9,0.1,-1.2,0.0,0,0,1,0,0.675,0.44
537,4,-0.044281575828790665,-0.0850382000207901,-0.18459269404411316,0.7466201846536831,3.6344925765191634,2,1,1,0.02,0.08,0.03,0.15,0.9,0.1,-1.2,0.0,0,0,1,0,0.675,0.44
537,5,-0.19204925000667572,0.405862957239151,-1.3379473686218262,3.8950367434645816,-2.3080504837944287,2,1,1,0.02,0.08,0.03,0.15,0.9,0.1,-1.2,0.0,0,0,1,0,0.675,0.44
537,6,0.8090716004371643,0.4249315559864044,-2.5629661083221436,4.208399219781085,6.28,2,1,1,0.02,0.08,0.03,0.15,0.9,0.1,-1.2,0.0,0,0,1,0,0.675,0.44
537,7,-0.6731412410736084,0.1723472774028778,2.8254458904266357,-0.4571219540749559,3.4151579396034095,2,1,1,0.02,0.08,0.03,0.15,0.9,0.1,-1.2,0.0,0,0,1,0,0.675,0.44
538,0,0.31811487674713135,0.3972523510456085,-0.8887040019035339,5.9433324056552905,-6.28,2,1,1,0.02,0.08,0.03,0.15,0.9,0.1,-1.2,0.0,0,0,1,0,0.675,0.44
538,1,-0.8040252327919006,-0.42062416672706604,2.544178009033203,4.997344765807453,0.31122809425338793,0,0,0,0.02,0.08,0.03,0.15,0.9,0.1,-1.2,0.0,0,0,1,0,0.675,0.44
538,2,0.5772135853767395,-0.04430420324206352,1.7096651792526245,-1.0212177703614422,3.4261804015506687,2,1,1,0.02,0.08,0.03,0.15,0.9,0.1,-1.2,0.0,0,0,1,0,0.675,0.44
538,3,-1.234471082687378,-0.023358462378382683,0.12720422446727753,-4.470480520136056,4.466253700352731,2,1,1,0.02,0.08,0.03,0.15,0.9,0.1,-1.2,0.0,0,0,1,0,0.675,0.44
538,4,-0.04032148793339729,-0.08553950488567352,-0.074198879301548,0.8445387792805452,3.8646298734583806,2,1,1,0.02,0.08,0.03,0.15,0.9,0.1,-1.2,0.0,0,0,1,0,0.675,0.44
538,5,-0.19195151329040527,0.40465784072875977,-1.6213761568069458,4.050748956000205,-2.856332880055304,2,1,1,0.02,0.08,0.03,0.15,0.9,0.1,-1.2,0.0,0,0,1,0,0.675,0.44
538,6,0.8040382266044617,0.42068183422088623,-2.349999189376831,0.8482322158319412,2.8755165765868282,2,1,1,0.02,0.08,0.03,0.15,0.9,0.1,-1.2,0.0,0,0,1,0,0.675,0.44
538,7,-0.6762834787368774,0.17314662039279938,2.94673752784729,-0.6719709267096561,3.4659957169462294,2,1,1,0.02,0.08,0.03,0.15,0.9,0.1,-1.2,0.0,0,0,1,0,0.675,0.44
539,0,0.3190286159515381,0.3961248993873596,-0.5424314141273499,-6.28,5.032317191498901,2,1,1,0.02,0.08,0.03,0.15,0.9,0.1,-1.2,0.0,0,0,1,0,0.675,0.44
539,1,-0.8058040142059326,-0.41898229718208313,2.260895013809204,3.9165011158858816,0.8583448865736449,0,0,0,0.02,0.08,0.03,0.15,0.9,0.1,-1.2,0.0,0,0,1,0,0.675,0.44
539,2,0.5766054391860962,-0.041160378605127335,1.807474970817566,-2.4646913539015753,4.066000810066038,2,1,1,0.02,0.08,0.03,0.15,0.9,0.1,-1.2,0.0,0,0,1,0,0.675,0.44
539,3,-1.2347925901412964,-0.023508964106440544,0.5358401536941528,-4.16083166528987,4.448921850897045,2,1,1,0.02,0.08,0.03,0.15,0.9,0.1,-1.2,0.0,0,0,1,0,0.675,0.44
539,4,-0.036016590893268585,-0.08563634753227234,0.02747449465095997,1.1065118936372826,2.3300045368574156,2,1,1,0.02,0.08,0.03,0.15,0.9,0.1,-1.2,0.0,0,0,1,0,0.675,0.44
539,5,-0.19218876957893372,0.4031941294670105,-1.859952449798584,4.091565909898077,-3.017756882226262,2,1,1,0.02,0.08,0.03,0.15,0.9,0.1,-1.2,0.0,0,0,1,0,0.675,0.44
539,6,0.7975934147834778,0.41332077980041504,-2.248857259750366,5.8182573154163135,-6.28,2,1,1,0.02,0.08,0.03,0.15,0.9,0.1,-1.2,0.0,0,0,1,0,0.675,0.44
539,7,-0.6792349219322205,0.17354539036750793,3.076853036880493,-0.10029184592695461,3.083724662751347,2,1,1,0.02,0.08,0.03,0.15,0.9,0.1,-1.2,0.0,0,0,1,0,0.675,0.44
540,0,0.3188370168209076,0.396281361579895,-0.8093885183334351,-6.28,5.6017681448945895,2,1,1,0.02,0.08,0.03,0.15,0.9,0.1,-1.2,0.0,0,0,1,0,0.675,0.44
540,1,-0.8083875179290771,-0.41517171263694763,2.0651700496673584,1.40512233198207,0.4614281284757318,0,0,0,0.02,0.08,0.03,0.15,0.9,0.1,-1.2,0.0,0,0,1,0,0.675,0.44
540,2,0.5758594870567322,-0.038705743849277496,1.9505658149719238,-2.515385523039593,4.138634731385445,2,1,1,0.02,0.08,0.03,0.15,0.9,0.1,-1.2,0.0,0,0,1,0,0.675,0.44
540,3,-1.2347259521484375,-0.02345001883804798,0.8945990800857544,-2.9052555022144677,4.4503990065428916,2,1,1,0.02,0.08,0.03,0.15,0.9,0.1,-1.2,0.0,0,0,1,0,0.675,0.44
540,4,-0.03138696029782295,-0.08526770770549774,0.13240334391593933,1.272898792486796,2.1683594624649247,2,1,1,0.02,0.08,0.03,0.15,0.9,0.1,-1.2,0.0,0,0,1,0,0.675,0.44
540,5,-0.19267944991588593,0.4020070731639862,-2.0973141193389893,4.04688600434855,-2.895062304874214,2,1,1,0.02,0.08,0.03,0.15,0.9,0.1,-1.2,0.0,0,0,1,0,0.675,0.44
540,6,0.7945330739021301,0.4092472791671753,-2.174980401992798,5.393540988305762,-6.28,2,1,1,0.02,0.08,0.03,0.15,0.9,0.1,-1.2,0.0,0,0,1,0,0.675,0.44
540,7,-0.6820648908615112,0.17353910207748413,-3.0630042552948,-2.9361560207419117,4.800992512011858,2,1,1,0.02,0.08,0.03,0.15,0.9,0.1,-1.2,0.0,0,0,1,0,0.675,0.44
541,0,0.3180393576622009,0.3970102369785309,-0.5622272491455078,-6.28,4.897190950234322,2,1,1,0.02,0.08,0.03,0.15,0.9,0.1,-1.2,0.0,0,0,1,0,0.675,0.44
541,1,-0.8104475140571594,-0.41070041060447693,1.9449552297592163,-6.28,5.793380397744389,0,0,0,0.02,0.08,0.03,0.15,0.9,0.1,-1.2,0.0,0,0,1,0,0.675,0.44
541,2,0.5750620365142822,-0.03710927069187164,2.1663951873779297,-2.5598599706253418,4.199248252525924,2,1,1,0.02,0.08,0.03,0.15,0.9,0.1,-1.2,0.0,0,0,1,0,0.675,0.44
541,3,-1.2345203161239624,-0.02326788939535618,1.253907322883606,-1.9157050682919112,4.5800688186793685,2,1,1,0.02,0.08,0.03,0.15,0.9,0.1,-1.2,0.0,0,0,1,0,0.675,0.44
541,4,-0.02772924304008484,-0.08464793860912323,0.18853117525577545,1.7000961585663659,1.6457448252367675,2,1,1,0.02,0.08,0.03,0.15,0.9,0.1,-1.2,0.0,0,0,1,0,0.675,0.44
541,5,-0.1933358609676361,0.40109550952911377,-2.346201181411743,3.7817542341444463,-2.0533117914413523,2,1,1,0.02,0.08,0.03,0.15,0.9,0.1,-1.2,0.0,0,0,1,0,0.675,0.44
541,6,0.7942652702331543,0.4087686240673065,-2.5127575397491455,4.7558203586362024,-6.28,2,1,1,0.02,0.08,0.03,0.15,0.9,0.1,-1.2,0.0,0,0,1,0,0.675,0.44
541,7,-0.6849685907363892,0.1731269806623459,-2.9441304206848145,-2.9335903827960084,4.5918554822430355,2,1,1,0.02,0.08,0.03,0.15,0.9,0.1,-1.2,0.0,0,0,1,0,0.675,0.44
542,0,0.3189202845096588,0.3967467248439789,-0.256310373544693,-6.28,4.46351001585655,2,1,1,0.02,0.08,0.03,0.15,0.9,0.1,-1.2,0.0,0,0,1,0,0.675,0.44
542,1,-0.8112611174583435,-0.40838155150413513,1.8971699476242065,-6.28,6.120404309988804,0,0,0,0.02,0.08,0.03,0.15,0.9,0.1,-1.2,0.0,0,0,1,0,0.675,0.44
542,2,0.5740068554878235,-0.035846542567014694,2.4006762504577637,-2.4896438259813656,4.147760711526736,2,1,1,0.02,0.08,0.03,0.15,0.9,0.1,-1.2,0.0,0,0,1,0,0.675,0.44
542,3,-1.2343569993972778,-0.022115174680948257,1.56844961643219,-1.3739688930725233,4.693222763944534,2,1,1,0.02,0.08,0.03,0.15,0.9,0.1,-1.2,0.0,0,0,1,0,0.675,0.44
542,4,-0.02436901442706585,-0.08393670618534088,0.2219952493906021,1.3041464757901398,2.1604526552337084,2,1,1,0.02,0.08,0.03,0.15,0.9,0.1,-1.2,0.0,0,0,1,0,0.675,0.44
542,5,-0.19422201812267303,0.4003545343875885,-2.591651678085327,3.6016571625791243,-1.5036327061388814,2,1,1,0.02,0.08,0.03,0.15,0.9,0.1,-1.2,0.0,0,0,1,0,0.675,0.44
542,6,0.7940779328346252,0.4085303843021393,-2.885446548461914,4.439864961332386,-4.844281914157526,2,1,1,0.02,0.08,0.03,0.15,0.9,0.1,-1.2,0.0,0,0,1,0,0.675,0.44
542,7,-0.686958909034729,0.17253467440605164,-2.7026431560516357,-1.670299247671373,4.636025058779377,2,1,1,0.02,0.08,0.03,0.15,0.9,0.1,-1.2,0.0,0,0,1,0,0.675,0.44
543,0,0.31932273507118225,0.39636337757110596,-0.24064035713672638,-6.28,4.356945490877043,2,1,1,0.02,0.08,0.03,0.15,0.9,0.1,-1.2,0.0,0,0,1,0,0.675,0.44
543,1,-0.8112910985946655,-0.4081890285015106,2.2426998615264893,-6.28,5.21084711885763,0,0,0,0.02,0.08,0.03,0.15,0.9,0.1,-1.2,0.0,0,0,1,0,0.675,0.44
543,2,0.5726792216300964,-0.03485659137368202,2.63822078704834,-4.244153787791544,4.399870565333939,2,1,1,0.02,0.08,0.03,0.15,0.9,0.1,-1.2,0.0,0,0,1,0,0.675,0.44
543,3,-1.234694242477417,-0.019719718024134636,1.8475459814071655,0.10357697769620873,4.694955462911207,2,1,1,0.02,0.08,0.03,0.15,0.9,0.1,-1.2,0.0,0,0,1,0,0.675,0.44
543,4,-0.021098826080560684,-0.08317163586616516,0.2265007346868515,-2.595076662827026,3.475738785543983,2,1,1,0.02,0.08,0.03,0.15,0.9,0.1,-1.2,0.0,0,0,1,0,0.675,0.44
543,5,-0.19563183188438416,0.39970314502716064,-2.806245803833008,3.2864986987222498,-0.5413189053290329,2,1,1,0.02,0.08,0.03,0.15,0.9,0.1,-1.2,0.0,0,0,1,0,0.675,0.44
543,6,0.7920727133750916,0.40701642632484436,-2.965291976928711,4.47510484537661,-4.404229635922855,2,1,1,0.02,0.08,0.03,0.15,0.9,0.1,-1.2,0.0,0,0,1,0,0.675,0.44
543,7,-0.688434898853302,0.1716175377368927,-2.4340274333953857,-0.32179786963759116,4.902844605051543,2,1,1,0.02,0.08,0.03,0.15,0.9,0.1,-1.2,0.0,0,0,1,0,0.675,0.44
544,0,0.32104477286338806,0.3962704539299011,0.0596466138958931,-6.069201403425919,4.306875282456885,2,1,1,0.02,0.08,0.03,0.15,0.9,0.1,-1.2,0.0,0,0,1,0,0.675,0.44
544,1,-0.8112746477127075,-0.40812933444976807,2.692214012145996,-5.360094660408531,4.5923172836390105,0,0,0,0.02,0.08,0.03,0.15,0.9,0.1,-1.2,0.0,0,0,1,0,0.675,0.44
544,2,0.5711461305618286,-0.03420165926218033,2.872480869293213,-3.7910141439073786,4.184158508542991,2,1,1,0.02,0.08,0.03,0.15,0.9,0.1,-1.2,0.0,0,0,1,0,0.675,0.44
544,3,-1.2357418537139893,-0.017250481992959976,2.0847978591918945,0.9150543526928581,4.612987695058704,2,1,1,0.02,0.08,0.03,0.15,0.9,0.1,-1.2,0.0,0,0,1,0,0.675,0.44
544,4,-0.017754515632987022,-0.08237094432115555,0.2500693202018738,-2.0741456291143203,2.891114598305259,2,1,1,0.02,0.08,0.03,0.15,0.9,0.1,-1.2,0.0,0,0,1,0,0.675,0.44
544,5,-0.1976010799407959,0.39921483397483826,-2.9898924827575684,3.202312418422441,-0.36861497987557346,2,1,1,0.02,0.08,0.03,0.15,0.9,0.1,-1.2,0.0,0,0,1,0,0.675,0.44
544,6,0.7902454137802124,0.40676406025886536,3.022020101547241,4.783531727621376,-3.097152953434321,2,1,1,0.02,0.08,0.03,0.15,0.9,0.1,-1.2,0.0,0,0,1,0,0.675,0.44
544,7,-0.690193772315979,0.16974595189094543,-2.1837551593780518,2.481973014615288,-1.8810348831944053,2,1,1,0.02,0.08,0.03,0.15,0.9,0.1,-1.2,0.0,0,0,1,0,0.675,0.44
545,0,0.32422325015068054,0.3967154026031494,0.25948864221572876,-5.000364244080704,4.397082017681359,2,1,1,0.02,0.08,0.03,0.15,0.9,0.1,-1.2,0.0,0,0,1,0,0.675,0.44
545,1,-0.8112589716911316,-0.4081382751464844,2.797445058822632,-5.341713912978096,4.4842686208543014,0,0,0,0.02,0.08,0.03,0.15,0.9,0.1,-1.2,0.0,0,0,1,0,0.675,0.44
545,2,0.5709428191184998,-0.034135639667510986,-3.102825164794922,-2.5727886762992567,3.874744877150936,2,1,1,0.02,0.08,0.03,0.15,0.9,0.1,-1.2,0.0,0,0,1,0,0.675,0.44
545,3,-1.2380884885787964,-0.013943357393145561,2.270969867706299,1.105959660919064,4.513391932452385,2,1,1,0.02,0.08,0.03,0.15,0.9,0.1,-1.2,0.0,0,0,1,0,0.675,0.44
545,4,-0.016420910134911537,-0.08196932077407837,0.42721423506736755,-1.6052248155031523,2.6653460355331515,2,1,1,0.02,0.08,0.03,0.15,0.9,0.1,-1.2,0.0,0,0,1,0,0.675,0.44
545,5,-0.20017553865909576,0.3990139663219452,-3.133659839630127,3.629104489330279,-1.6866227132156426,2,1,1,0.02,0.08,0.03,0.15,0.9,0.1,-1.2,0.0,0,0,1,0,0.675,0.44
545,6,0.7899937033653259,0.4068222641944885,2.664414882659912,5.217777583678541,-1.3787017001261337,2,1,1,0.02,0.08,0.03,0.15,0.9,0.1,-1.2,0.0,0,0,1,0,0.675,0.44
545,7,-0.6923605799674988,0.1657838523387909,-1.963356375694275,-2.430885795809356,2.8174099918861977,2,1,1,0.02,0.08,0.03,0.15,0.9,0.1,-1.2,0.0,0,0,1,0,0.675,0.44
546,0,0.32616254687309265,0.3971984386444092,0.5112996101379395,-3.3106111257037396,4.61977746584259,2,1,1,0.02,0.08,0.03,0.15,0.9,0.1,-1.2,0.0,0,0,1,0,0.675,0.44
546,1,-0.8123416304588318,-0.40743908286094666,3.005878210067749,-4.26495453376195,4.466977100693639,0,0,0,0.02,0.08,0.03,0.15,0.9,0.1,-1.2,0.0,0,0,1,0,0.675,0.44
546,2,0.5706817507743835,-0.03422050178050995,-2.7593648433685303,-1.2147514335780656,4.015949816478708,2,1,1,0.02,0.08,0.03,0.15,0.9,0.1,-1.2,0.0,0,0,1,0,0.675,0.44
546,3,-1.2416096925735474,-0.010356913320720196,2.418503761291504,1.3694883121484998,4.316150871079103,2,1,1,0.02,0.08,0.03,0.15,0.9,0.1,-1.2,0.0,0,0,1,0,0.675,0.44
546,4,-0.015721600502729416,-0.08153996616601944,0.6104379296302795,-1.9086333314255393,3.3885343317637857,2,1,1,0.02,0.08,0.03,0.15,0.9,0.1,-1.2,0.0,0,0,1,0,0.675,0.44
546,5,-0.2029852271080017,0.3991695046424866,3.0228025913238525,3.3783046552561675,-1.199036667455634,2,1,1,0.02,0.08,0.03,0.15,0.9,0.1,-1.2,0.0,0,0,1,0,0.675,0.44
546,6,0.788898229598999,0.40767326951026917,2.3208248615264893,5.640007066946112,0.6827672422112189,2,1,1,0.02,0.08,0.03,0.15,0.9,0.1,-1.2,0.0,0,0,1,0,0.675,0.44
546,7,-0.6928542256355286,0.16443222761154175,-2.0482616424560547,-3.5734790904214533,3.8556595286689648,2,1,1,0.02,0.08,0.03,0.15,0.9,0.1,-1.2,0.0,0,0,1,0,0.675,0.44
547,0,0.3265971541404724,0.39693471789360046,0.8366367816925049,-0.7719270725551786,4.945611931146528,2,1,1,0.02,0.08,0.03,0.15,0.9,0.1,-1.2,0.0,0,0,1,0,0.675,0.44
547,1,-0.8126316666603088,-0.40744656324386597,-2.917799234390259,-3.3300278387648485,4.56678911397857,0,0,0,0.02,0.08,0.03,0.15,0.9,0.1,-1.2,0.0,0,0,1,0,0.675,0.44
547,2,0.5697230696678162,-0.03480212390422821,-2.473278284072876,-0.39314438371248656,4.230824912945939,2,1,1,0.02,0.08,0.03,0.15,0.9,0.1,-1.2,0.0,0,0,1,0,0.675,0.44
547,3,-1.2457855939865112,-0.007125719916075468,2.5507702827453613,1.0995970152548784,4.098156358811254,2,1,1,0.02,0.08,0.03,0.15,0.9,0.1,-1.2,0.0,0,0,1,0,0.675,0.44
547,4,-0.014949887990951538,-0.08089620620012283,0.7655962109565735,-1.8599593505174632,3.6408635989189877,2,1,1,0.02,0.08,0.03,0.15,0.9,0.1,-1.2,0.0,0,0,1,0,0.675,0.44
547,5,-0.2050718516111374,0.39956969022750854,2.8476598262786865,3.513142463572859,-1.5206980488153208,2,1,1,0.02,0.08,0.03,0.15,0.9,0.1,-1.2,0.0,0,0,1,0,0.675,0.44
547,6,0.7871797680854797,0.41019219160079956,2.047555923461914,5.773020424820214,2.56324460163224,2,1,1,0.02,0.08,0.03,0.15,0.9,0.1,-1.2,0.0,0,0,1,0,0.675,0.44
547,7,-0.6930410265922546,0.16404932737350464,-1.9310396909713745,-4.313196309188206,4.391507402573958,2,1,1,0.02,0.08,0.03,0.15,0.9,0.1,-1.2,0.0,0,0,1,0,0.675,0.44
548,0,0.32711392641067505,0.39766132831573486,1.157406210899353,2.016167507330093,5.842355599100653,2,1,1,0.02,0.08,0.03,0.15,0.9,0.1,-1.2,0.0,0,0,1,0,0.675,0.44
548,1,-0.8130780458450317,-0.4075859785079956,-2.5606513023376465,-2.096872530356891,4.699851080254562,0,0,0,0.02,0.08,0.03,0.15,0.9,0.1,-1.2,0.0,0,0,1,0,0.675,0.44
548,2,0.5681677460670471,-0.036380305886268616,-2.2551677227020264,-0.7006085255944088,4.398497861846516,2,1,1,0.02,0.08,0.03,0.15,0.9,0.1,-1.2,0.0,0,0,1,0,0.675,0.44
548,3,-1.2504278421401978,-0.004386821761727333,2.6669681072235107,5.501327688203955,-6.28,2,1,1,0.02,0.08,0.03,0.15,0.9,0.1,-1.2,0.0,0,0,1,0,0.675,0.44
548,4,-0.014036379754543304,-0.07984249293804169,0.9447223544120789,-1.9054061208183686,3.9642702709667716,2,1,1,0.02,0.08,0.03,0.15,0.9,0.1,-1.2,0.0,0,0,1,0,0.675,0.44
548,5,-0.20706455409526825,0.4003598988056183,2.681048631668091,3.5268374313183206,-1.5868481773560539,2,1,1,0.02,0.08,0.03,0.15,0.9,0.1,-1.2,0.0,0,0,1,0,0.675,0.44
548,6,0.7850993275642395,0.4156050384044647,1.829932689666748,4.564405524387581,2.3264257174568623,2,1,1,0.02,0.08,0.03,0.15,0.9,0.1,-1.2,0.0,0,0,1,0,0.675,0.44
548,7,-0.693157970905304,0.16366395354270935,-1.68083918094635,-4.210386809320593,4.371330950134105,2,1,1,0.02,0.08,0.03,0.15,0.9,0.1,-1.2,0.0,0,0,1,0,0.675,0.44
549,0,0.3280274569988251,0.4007318317890167,1.3989214897155762,3.0904869556687142,5.961822845682021,2,1,1,0.02,0.08,0.03,0.15,0.9,0.1,-1.2,0.0,0,0,1,0,0.675,0.44
549,1,-0.8138468861579895,-0.4082963168621063,-2.230367660522461,-0.49912743024549433,4.709887583831616,0,0,0,0.02,0.08,0.03,0.15,0.9,0.1,-1.2,0.0,0,0,1,0,0.675,0.44
549,2,0.5663977265357971,-0.03903508558869362,-2.074162244796753,-0.544207556642936,4.2101059525144455,2,1,1,0.02,0.08,0.03,0.15,0.9,0.1,-1.2,0.0,0,0,1,0,0.675,0.44
549,3,-1.2550076246261597,-0.002340219682082534,2.7813920974731445,6.28,-6.28,2,1,1,0.02,0.08,0.03,0.15,0.9,0.1,-1.2,0.0,0,0,1,0,0.675,0.44
549,4,-0.013176476582884789,-0.07834651321172714,1.1369229555130005,-1.076734557893359,3.89336917070119,2,1,1,0.02,0.08,0.03,0.15,0.9,0.1,-1.2,0.0,0,0,1,0,0.675,0.44
549,5,-0.20881099998950958,0.40141573548316956,2.507054567337036,3.527587056627091,-1.641207332570966,2,1,1,0.02,0.08,0.03,0.15,0.9,0.1,-1.2,0.0,0,0,1,0,0.675,0.44
549,6,0.7836095094680786,0.42321905493736267,1.7005574703216553,5.373221456037731,-6.28,2,1,1,0.02,0.08,0.03,0.15,0.9,0.1,-1.2,0.0,0,0,1,0,0.675,0.44
549,7,-0.6931303143501282,0.16292789578437805,-1.3576948642730713,-3.433566456497782,4.138586449415167,2,1,1,0.02,0.08,0.03,0.15,0.9,0.1,-1.2,0.0,0,0,1,0,0.675,0.44
550,0,0.3286391794681549,0.4075395166873932,1.5625149011611938,3.158721103590864,5.510155477797487,2,1,1,0.02,0.08,0.03,0.15,0.9,0.1,-1.2,0.0,0,0,1,0,0.675,0.44
550,1,-0.8148909211158752,-0.41019827127456665,-1.9413472414016724,0.4923495429885405,3.314659468574821,0,0,0,0.02,0.08,0.03,0.15,0.9,0.1,-1.2,0.0,0,0,1,0,0.675,0.44
550,2,0.56507807970047,-0.042037319391965866,-1.8833125829696655,-0.5104878993853996,3.8127444346972195,2,1,1,0.02,0.08,0.03,0.15,0.9,0.1,-1.2,0.0,0,0,1,0,0.675,0.44
550,3,-1.2557317018508911,-0.0021244848612695932,2.4535675048828125,5.654234900597597,-6.28,2,1,1,0.02,0.08,0.03,0.15,0.9,0.1,-1.2,0.0,0,0,1,0,0.675,0.44
550,4,-0.01253412663936615,-0.07644028216600418,1.3408963680267334,-0.06673436680060471,3.6910163060742773,2,1,1,0.02,0.08,0.03,0.15,0.9,0.1,-1.2,0.0,0,0,1,0,0.675,0.44
550,5,-0.21029411256313324,0.40270206332206726,2.3276865482330322,4.071491561951997,-2.958966454674539,2,1,1,0.02,0.08,0.03,0.15,0.9,0.1,-1.2,0.0,0,0,1,0,0.675,0.44
550,6,0.7830171585083008,0.4304664134979248,1.6088706254959106,3.40329963479917,-6.28,2,1,1,0.02,0.08,0.03,0.15,0.9,0.1,-1.2,0.0,0,0,1,0,0.675,0.44
550,7,-0.6930503845214844,0.1627064198255539,-0.9932177066802979,-2.2191985032402815,3.801349634070506,2,1,1,0.02,0.08,0.03,0.15,0.9,0.1,-1.2,0.0,0,0,1,0,0.675,0.44
551,0,0.3282178044319153,0.4162803590297699,1.6722650527954102,-6.28,5.32768076144886,2,1,1,0.02,0.08,0.03,0.15,0.9,0.1,-1.2,0.0,0,0,1,0,0.675,0.44
551,1,-0.8158783912658691,-0.413892924785614,-1.712593674659729,-2.0697899555239867,3.427856939976294,0,0,0,0.02,0.08,0.03,0.15,0.9,0.1,-1.2,0.0,0,0,1,0,0.675,0.44
551,2,0.5643730163574219,-0.045176856219768524,-1.6982413530349731,-0.7575436121200596,3.6552031524199515,2,1,1,0.02,0.08,0.03,0.15,0.9,0.1,-1.2,0.0,0,0,1,0,0.675,0.44
551,3,-1.2560158967971802,-0.001763839041814208,2.077214241027832,4.857907347450877,-6.28,2,1,1,0.02,0.08,0.03,0.15,0.9,0.1,-1.2,0.0,0,0,1,0,0.675,0.44
551,4,-0.012191951274871826,-0.07378683239221573,1.5217410326004028,0.525072740142772,3.6098683432948877,2,1,1,0.02,0.08,0.03,0.15,0.9,0.1,-1.2,0.0,0,0,1,0,0.675,0.44
551,5,-0.21148765087127686,0.40418949723243713,2.146322727203369,4.142439156681148,-3.193394805609341,2,1,1,0.02,0.08,0.03,0.15,0.9,0.1,-1.2,0.0,0,0,1,0,0.675,0.44
551,6,0.7828763127326965,0.43090566992759705,1.2533669471740723,0.8713996920638928,-6.28,2,1,1,0.02,0.08,0.03,0.15,0.9,0.1,-1.2,0.0,0,0,1,0,0.675,0.44
551,7,-0.692638635635376,0.16226547956466675,-0.6757214069366455,-0.9770242181405413,3.3731683880098866,2,1,1,0.02,0.08,0.03,0.15,0.9,0.1,-1.2,0.0,0,0,1,0,0.675,0.44
552,0,0.32693013548851013,0.4250299632549286,1.761801838874817,-6.28,-1.340153297789952,2,1,1,0.02,0.08,0.03,0.15,0.9,0.1,-1.2,0.0,0,0,1,0,0.675,0.44
552,1,-0.8161707520484924,-0.41764023900032043,-1.5896258354187012,-6.28,5.760449727109735,0,0,0,0.02,0.08,0.03,0.15,0.9,0.1,-1.2,0.0,0,0,1,0,0.675,0.44
552,2,0.5642476677894592,-0.048129625618457794,-1.5291389226913452,-0.37489828123371294,3.012217108035423,2,1,1,0.02,0.08,0.03,0.15,0.9,0.1,-1.2,0.0,0,0,1,0,0.675,0.44
552,3,-1.2560158967971802,-0.001763787236995995,2.077211856842041,4.909386219070015,-6.28,2,1,1,0.02,0.08,0.03,0.15,0.9,0.1,-1.2,0.0,0,0,1,0,0.675,0.44
552,4,-0.012288883328437805,-0.07037229835987091,1.663575291633606,2.465256419502936,3.409738739061098,2,1,1,0.02,0.08,0.03,0.15,0.9,0.1,-1.2,0.0,0,0,1,0,0.675,0.44
552,5,-0.212088942527771,0.4053165912628174,1.911710500717163,4.18830082594709,-3.339766420715615,2,1,1,0.02,0.08,0.03,0.15,0.9,0.1,-1.2,0.0,0,0,1,0,0.675,0.44
552,6,0.7818778157234192,0.42917802929878235,0.861463725566864,-0.5484442351187058,-6.28,2,1,1,0.02,0.08,0.03,0.15,0.9,0.1,-1.2,0.0,0,0,1,0,0.675,0.44
552,7,-0.6914162039756775,0.16150891780853271,-0.4116421043872833,-0.22459415686860318,3.1080846114873912,2,1,1,0.02,0.08,0.03,0.15,0.9,0.1,-1.2,0.0,0,0,1,0,0.675,0.44
553,0,0.32680031657218933,0.4262011647224426,2.1285834312438965,-6.28,-1.6894272481123684,2,1,1,0.02,0.08,0.03,0.15,0.9,0.1,-1.2,0.0,0,0,1,0,0.675,0.44
553,1,-0.8161004781723022,-0.4194728136062622,-1.416368842124939,-6.28,5.1102832290873295,0,0,0,0.02,0.08,0.03,0.15,0.9,0.1,-1.2,0.0,0,0,1,0,0.675,0.44
553,2,0.5645837783813477,-0.05085904896259308,-1.367256760597229,-0.5375413760652783,3.117562389740101,2,1,1,0.02,0.08,0.03,0.15,0.9,0.1,-1.2,0.0,0,0,1,0,0.675,0.44
553,3,-1.2566529512405396,0.00043020572047680616,1.7855650186538696,4.5271515599485195,-4.9476180351372525,2,1,1,0.02,0.08,0.03,0.15,0.9,0.1,-1.2,0.0,0,0,1,0,0.675,0.44
553,4,-0.012901618145406246,-0.06639204174280167,1.7766367197036743,0.3839220468369299,3.841519941235954,2,1,1,0.02,0.08,0.03,0.15,0.9,0.1,-1.2,0.0,0,0,1,0,0.675,0.44
553,5,-0.21232885122299194,0.4062766432762146,1.6551604270935059,4.061430489464661,-2.823714470311066,2,1,1,0.02,0.08,0.03,0.15,0.9,0.1,-1.2,0.0,0,0,1,0,0.675,0.44
553,6,0.7825432419776917,0.4299301505088806,0.8036441206932068,-0.9616807293123752,-6.28,2,1,1,0.02,0.08,0.03,0.15,0.9,0.1,-1.2,0.0,0,0,1,0,0.675,0.44
553,7,-0.6893698573112488,0.1607847958803177,-0.24183706939220428,0.6969090360879215,2.353250616989523,2,1,1,0.02,0.08,0.03,0.15,0.9,0.1,-1.2,0.0,0,0,1,0,0.675,0.44
554,0,0.33085933327674866,0.42144128680229187,2.373383045196533,-6.28,3.725389144767785,2,1,1,0.02,0.08,0.03,0.15,0.9,0.1,-1.2,0.0,0,0,1,0,0.675,0.44
554,1,-0.8162696361541748,-0.41909804940223694,-1.0268832445144653,-6.28,4.573022782773076,0,0,0,0.02,0.08,0.03,0.15,0.9,0.1,-1.2,0.0,0,0,1,0,0.675,0.44
554,2,0.5652719140052795,-0.05330272018909454,-1.2364680767059326,-0.16991042598971245,3.15179318791617,2,1,1,0.02,0.08,0.03,0.15,0.9,0.1,-1.2,0.0,0,0,1,0,0.675,0.44
554,3,-1.2569249868392944,0.0036004979629069567,1.553202509880066,4.381616888163325,-3.5595844588854284,2,1,1,0.02,0.08,0.03,0.15,0.9,0.1,-1.2,0.0,0,0,1,0,0.675,0.44
554,4,-0.014209741726517677,-0.0610465332865715,1.8250908851623535,0.37930835119879686,3.648386223284085,2,1,1,0.02,0.08,0.03,0.15,0.9,0.1,-1.2,0.0,0,0,1,0,0.675,0.44
554,5,-0.21231120824813843,0.4071516692638397,1.3875025510787964,3.9301712128747006,-1.9823406149066995,2,1,1,0.02,0.08,0.03,0.15,0.9,0.1,-1.2,0.0,0,0,1,0,0.675,0.44
554,6,0.7787536978721619,0.4266224503517151,0.6174174547195435,2.90841884887623,-6.28,2,1,1,0.02,0.08,0.03,0.15,0.9,0.1,-1.2,0.0,0,0,1,0,0.675,0.44
554,7,-0.6866447925567627,0.16029652953147888,-0.11878488212823868,0.6008218049904704,2.52521477815974,2,1,1,0.02,0.08,0.03,0.15,0.9,0.1,-1.2,0.0,0,0,1,0,0.675,0.44
555,0,0.3365141451358795,0.41682711243629456,2.5436742305755615,-1.4519099862101834,4.665904310417488,2,1,1,0.02,0.08,0.03,0.15,0.9,0.1,-1.2,0.0,0,0,1,0,0.675,0.44
555,1,-0.8168778419494629,-0.4184952676296234,-0.5939865708351135,-5.60142954880479,4.441179068669812,0,0,0,0.02,0.08,0.03,0.15,0.9,0.1,-1.2,0.0,0,0,1,0,0.675,0.44
555,2,0.5662754774093628,-0.05568874627351761,-1.1103847026824951,0.5187838488454364,2.944097402665485,2,1,1,0.02,0.08,0.03,0.15,0.9,0.1,-1.2,0.0,0,0,1,0,0.675,0.44
555,3,-1.2569153308868408,0.004522162955254316,1.2616301774978638,4.331042471744366,-1.4609932633417322,2,1,1,0.02,0.08,0.03,0.15,0.9,0.1,-1.2,0.0,0,0,1,0,0.675,0.44
555,4,-0.015517259947955608,-0.05668511614203453,1.9286054372787476,0.8131250382440584,3.1108561121154095,2,1,1,0.02,0.08,0.03,0.15,0.9,0.1,-1.2,0.0,0,0,1,0,0.675,0.44
555,5,-0.21196693181991577,0.408176988363266,1.1364719867706299,3.878567475474315,-1.1789863629917632,2,1,1,0.02,0.08,0.03,0.15,0.9,0.1,-1.2,0.0,0,0,1,0,0.675,0.44
555,6,0.7729663848876953,0.42331773042678833,0.41012775897979736,5.181208775350196,-1.1941127245574186,2,1,1,0.02,0.08,0.03,0.15,0.9,0.1,-1.2,0.0,0,0,1,0,0.675,0.44
555,7,-0.6836569905281067,0.16006402671337128,-0.04933522641658783,1.1957631119662164,1.7544264639385698,2,1,1,0.02,0.08,0.03,0.15,0.9,0.1,-1.2,0.0,0,0,1,0,0.675,0.44
556,0,0.33768147230148315,0.41567468643188477,2.8124687671661377,0.9111572131273584,4.531061984622734,2,1,1,0.02,0.08,0.03,0.15,0.9,0.1,-1.2,0.0,0,0,1,0,0.675,0.44
556,1,-0.8149145245552063,-0.41999682784080505,-0.5292855501174927,-6.28,4.001791710317168,0,0,0,0.02,0.08,0.03,0.15,0.9,0.1,-1.2,0.0,0,0,1,0,0.675,0.44
556,2,0.5677183270454407,-0.05818401649594307,-0.9909696578979492,0.25705103501546117,3.146037896251945,2,1,1,0.02,0.08,0.03,0.15,0.9,0.1,-1.2,0.0,0,0,1,0,0.675,0.44
556,3,-1.256860613822937,0.004698232281953096,0.9528418183326721,4.768376246713821,0.9912136197810079,2,1,1,0.02,0.08,0.03,0.15,0.9,0.1,-1.2,0.0,0,0,1,0,0.675,0.44
556,4,-0.017150918021798134,-0.052952758967876434,2.0447685718536377,0.5726143143130056,3.2060345478125596,2,1,1,0.02,0.08,0.03,0.15,0.9,0.1,-1.2,0.0,0,0,1,0,0.675,0.44
556,5,-0.2110656499862671,0.40960386395454407,0.9180374145507812,3.8173195288633526,-0.7400015555182565,2,1,1,0.02,0.08,0.03,0.15,0.9,0.1,-1.2,0.0,0,0,1,0,0.675,0.44
556,6,0.7710376381874084,0.4223751127719879,0.16431504487991333,5.325858831219317,0.17822920665020828,2,1,1,0.02,0.08,0.03,0.15,0.9,0.1,-1.2,0.0,0,0,1,0,0.675,0.44
556,7,-0.6805505752563477,0.1600087583065033,0.015913810580968857,0.6444335677972649,2.317561060972878,2,1,1,0.02,0.08,0.03,0.15,0.9,0.1,-1.2,0.0,0,0,1,0,0.675,0.44
557,0,0.33472222089767456,0.41645923256874084,3.020784616470337,1.5042872664541982,4.510338479328075,2,1,1,0.02,0.08,0.03,0.15,0.9,0.1,-1.2,0.0,0,0,1,0,0.675,0.44
557,1,-0.8128712773323059,-0.42077791690826416,-0.26255130767822266,-5.130705048319134,4.2819152598989625,0,0,0,0.02,0.08,0.03,0.15,0.9,0.1,-1.2,0.0,0,0,1,0,0.675,0.44
557,2,0.5696799755096436,-0.06086204573512077,-0.8981240391731262,0.19860410152525293,3.087722964427661,2,1,1,0.02,0.08,0.03,0.15,0.9,0.1,-1.2,0.0,0,0,1,0,0.675,0.44
557,3,-1.2555445432662964,0.00608870992437005,0.714982271194458,4.698380980686223,2.087527059795122,2,1,1,0.02,0.08,0.03,0.15,0.9,0.1,-1.2,0.0,0,0,1,0,0.675,0.44
557,4,-0.019140442833304405,-0.049487773329019547,2.1338956356048584,-0.16010766773538151,3.571948295482487,2,1,1,0.02,0.08,0.03,0.15,0.9,0.1,-1.2,0.0,0,0,1,0,0.675,0.44
557,5,-0.20934826135635376,0.41145068407058716,0.7337517738342285,3.8427072135086475,-1.2644162741775926,2,1,1,0.02,0.08,0.03,0.15,0.9,0.1,-1.2,0.0,0,0,1,0,0.675,0.44
557,6,0.7746853828430176,0.42271482944488525,-0.04010360315442085,5.339922801478214,0.09629536944465444,2,1,1,0.02,0.08,0.03,0.15,0.9,0.1,-1.2,0.0,0,0,1,0,0.675,0.44
557,7,-0.6775704622268677,0.16011609137058258,0.044990669935941696,0.3830350725732498,2.5361313425611924,2,1,1,0.02,0.08,0.03,0.15,0.9,0.1,-1.2,0.0,0,0,1,0,0.675,0.44
558,0,0.32975900173187256,0.41667982935905457,-3.116678476333618,1.317032329859985,4.163914449391114,2,1,1,0.02,0.08,0.03,0.15,0.9,0.1,-1.2,0.0,0,0,1,0,0.675,0.44
558,1,-0.8105934262275696,-0.4209108352661133,-0.02928646095097065,-3.6223168360455222,4.720004604771112,0,0,0,0.02,0.08,0.03,0.15,0.9,0.1,-1.2,0.0,0,0,1,0,0.675,0.44
558,2,0.5719318985939026,-0.06342972069978714,-0.8001143932342529,0.5670800790677462,2.7537872136860724,2,1,1,0.02,0.08,0.03,0.15,0.9,0.1,-1.2,0.0,0,0,1,0,0.675,0.44
558,3,-1.2515430450439453,0.008972265757620335,0.5510067343711853,4.525350712644478,2.4719405954986216,2,1,1,0.02,0.08,0.03,0.15,0.9,0.1,-1.2,0.0,0,0,1,0,0.675,0.44
558,4,-0.0213069636374712,-0.04635882005095482,2.223785877227783,-0.5422409469777407,3.637874042599743,2,1,1,0.02,0.08,0.03,0.15,0.9,0.1,-1.2,0.0,0,0,1,0,0.675,0.44
558,5,-0.20695775747299194,0.4132721722126007,0.5708054900169373,3.624062548770352,-1.0740256346270232,2,1,1,0.02,0.08,0.03,0.15,0.9,0.1,-1.2,0.0,0,0,1,0,0.675,0.44
558,6,0.7797387838363647,0.4220049977302551,-0.23433929681777954,4.591401536961963,0.5845058917066135,2,1,1,0.02,0.08,0.03,0.15,0.9,0.1,-1.2,0.0,0,0,1,0,0.675,0.44
558,7,-0.67461758852005,0.16030845046043396,0.09575565159320831,1.2893086289791678,1.7034127694205148,2,1,1,0.02,0.08,0.03,0.15,0.9,0.1,-1.2,0.0,0,0,1,0,0.675,0.44
559,0,0.3238831162452698,0.41620713472366333,-3.0074338912963867,0.8210969905144774,3.636648680757801,2,1,1,0.02,0.08,0.03,0.15,0.9,0.1,-1.2,0.0,0,0,1,0,0.675,0.44
559,1,-0.8098022937774658,-0.4209887683391571,0.27684396505355835,-1.7628429502005944,5.356211015685896,0,0,0,0.02,0.08,0.03,0.15,0.9,0.1,-1.2,0.0,0,0,1,0,0.675,0.44
559,2,0.5743507742881775,-0.06569095700979233,-0.6987845301628113,0.0574356586376985,3.0341006817195515,2,1,1,0.02,0.08,0.03,0.15,0.9,0.1,-1.2,0.0,0,0,1,0,0.675,0.44
559,3,-1.245750069618225,0.012039429508149624,0.4327239990234375,-3.2590542158565743,4.043206529923461,2,1,1,0.02,0.08,0.03,0.15,0.9,0.1,-1.2,0.0,0,0,1,0,0.675,0.44
559,4,-0.023570561781525612,-0.043703921139240265,2.3470547199249268,-0.3835457960232009,3.397393739914187,2,1,1,0.02,0.08,0.03,0.15,0.9,0.1,-1.2,0.0,0,0,1,0,0.675,0.44
559,5,-0.20459423959255219,0.4145430624485016,0.3955972194671631,3.4420996543713014,-1.2533206962757355,2,1,1,0.02,0.08,0.03,0.15,0.9,0.1,-1.2,0.0,0,0,1,0,0.675,0.44
559,6,0.7849386930465698,0.4202727675437927,-0.4182485342025757,2.4605454443822614,2.232345934407794,2,1,1,0.02,0.08,0.03,0.15,0.9,0.1,-1.2,0.0,0,0,1,0,0.675,0.44
559,7,-0.6717113256454468,0.16068264842033386,0.16798439621925354,1.7643614057327266,1.2802644466728346,2,1,1,0.02,0.08,0.03,0.15,0.9,0.1,-1.2,0.0,0,0,1,0,0.675,0.44
560,0,0.31839191913604736,0.41519445180892944,-2.9069278240203857,0.14562913209040657,3.0286689457313254,2,1,1,0.02,0.08,0.03,0.15,0.9,0.1,-1.2,0.0,0,0,1,0,0.675,0.44
560,1,-0.8086896538734436,-0.42058461904525757,0.6206297278404236,0.10779165927455592,5.851950350365184,0,0,0,0.02,0.08,0.03,0.15,0.9,0.1,-1.2,0.0,0,0,1,0,0.675,0.44
560,2,0.5769769549369812,-0.06771227717399597,-0.6172095537185669,-1.1488351880570822,2.4087614002359885,2,1,1,0.02,0.08,0.03,0.15,0.9,0.1,-1.2,0.0,0,0,1,0,0.675,0.44
560,3,-1.2393107414245605,0.01465044729411602,0.3417697846889496,-3.4561918855892615,4.100092965482374,2,1,1,0.02,0.08,0.03,0.15,0.9,0.1,-1.2,0.0,0,0,1,0,0.675,0.44
560,4,-0.02593131549656391,-0.041592832654714584,2.4907844066619873,-2.234311251530654,3.3845498372783647,2,1,1,0.02,0.08,0.03,0.15,0.9,0.1,-1.2,0.0,0,0,1,0,0.675,0.44
560,5,-0.20216220617294312,0.4153411388397217,0.22791336476802826,4.038756942357008,-2.913010898998319,2,1,1,0.02,0.08,0.03,0.15,0.9,0.1,-1.2,0.0,0,0,1,0,0.675,0.44
560,6,0.7896027565002441,0.41780033707618713,-0.5700604915618896,-0.4758245994904101,3.8873591361447897,2,1,1,0.02,0.08,0.03,0.15,0.9,0.1,-1.2,0.0,0,0,1,0,0.675,0.44
560,7,-0.6687875390052795,0.16124191880226135,0.19476932287216187,2.4443271651428637,0.30215191733726376,2,1,1,0.02,0.08,0.03,0.15,0.9,0.1,-1.2,0.0,0,0,1,0,0.675,0.44
561,0,0.31391599774360657,0.41390037536621094,-2.8082222938537598,-0.6839371250556158,2.7096261736707774,2,1,1,0.02,0.08,0.03,0.15,0.9,0.1,-1.2,0.0,0,0,1,0,0.675,0.44
561,1,-0.806726336479187,-0.4185974895954132,0.9184065461158752,0.32948950589070103,5.090925441611204,0,0,0,0.02,0.08,0.03,0.15,0.9,0.1,-1.2,0.0,0,0,1,0,0.675,0.44
561,2,0.5796153545379639,-0.06941299140453339,-0.5183608531951904,-2.3005308482005753,3.2998164898985256,2,1,1,0.02,0.08,0.03,0.15,0.9,0.1,-1.2,0.0,0,0,1,0,0.675,0.44
561,3,-1.2374218702316284,0.015292287804186344,0.531100332736969,-3.417906566007192,4.113458572371062,2,1,1,0.02,0.08,0.03,0.15,0.9,0.1,-1.2,0.0,0,0,1,0,0.675,0.44
561,4,-0.028462126851081848,-0.03991575166583061,2.626350164413452,-2.1565689352795974,3.2883808192459756,2,1,1,0.02,0.08,0.03,0.15,0.9,0.1,-1.2,0.0,0,0,1,0,0.675,0.44
561,5,-0.19992609322071075,0.41568541526794434,0.06323005259037018,4.365359042044874,-4.052445820181455,2,1,1,0.02,0.08,0.03,0.15,0.9,0.1,-1.2,0.0,0,0,1,0,0.675,0.44
561,6,0.7935312986373901,0.4150967299938202,-0.6038497686386108,-2.313498139573189,4.3132089682929236,2,1,1,0.02,0.08,0.03,0.15,0.9,0.1,-1.2,0.0,0,0,1,0,0.675,0.44
561,7,-0.6658125519752502,0.16182906925678253,0.1840478926897049,1.8067409643668677,1.3106871580861414,2,1,1,0.02,0.08,0.03,0.15,0.9,0.1,-1.2,0.0,0,0,1,0,0.675,0.44
562,0,0.3107319176197052,0.41262635588645935,-2.7077510356903076,-1.7580006169370588,2.81449799241789,2,1,1,0.02,0.08,0.03,0.15,0.9,0.1,-1.2,0.0,0,0,1,0,0.675,0.44
562,1,-0.8040891885757446,-0.41402921080589294,1.1622427701950073,-2.3108612020806607,3.99459011678856,0,0,0,0.02,0.08,0.03,0.15,0.9,0.1,-1.2,0.0,0,0,1,0,0.675,0.44
562,2,0.581067681312561,-0.07014885544776917,-0.39762917160987854,-1.4896213263050406,2.6838139553390365,2,1,1,0.02,0.08,0.03,0.15,0.9,0.1,-1.2,0.0,0,0,1,0,0.675,0.44
562,3,-1.2368884086608887,0.015688778832554817,0.7969541549682617,-2.9645774127785636,3.9869234725432667,2,1,1,0.02,0.08,0.03,0.15,0.9,0.1,-1.2,0.0,0,0,1,0,0.675,0.44
562,4,-0.029838567599654198,-0.03925318270921707,2.8108949661254883,-2.2234816766008882,3.4528816585641886,2,1,1,0.02,0.08,0.03,0.15,0.9,0.1,-1.2,0.0,0,0,1,0,0.675,0.44
562,5,-0.19858373701572418,0.41565489768981934,-0.16696730256080627,4.163970599326436,-3.419007097233632,2,1,1,0.02,0.08,0.03,0.15,0.9,0.1,-1.2,0.0,0,0,1,0,0.675,0.44
562,6,0.7965999245643616,0.41311997175216675,-0.48169785737991333,-3.0375812540816525,4.483537875944213,2,1,1,0.02,0.08,0.03,0.15,0.9,0.1,-1.2,0.0,0,0,1,0,0.675,0.44
562,7,-0.6630439162254333,0.16228042542934418,0.12042578309774399,1.626828901193103,1.3357776626228044,2,1,1,0.02,0.08,0.03,0.15,0.9,0.1,-1.2,0.0,0,0,1,0,0.675,0.44
563,0,0.3087378740310669,0.41157323122024536,-2.5923399925231934,-1.9854783798878222,3.0775770271029574,2,1,1,0.02,0.08,0.03,0.15,0.9,0.1,-1.2,0.0,0,0,1,0,0.675,0.44
563,1,-0.8023614287376404,-0.4088203012943268,1.3683412075042725,-4.559289489817994,4.49800384968016,0,0,0,0.02,0.08,0.03,0.15,0.9,0.1,-1.2,0.0,0,0,1,0,0.675,0.44
563,2,0.5820690989494324,-0.07048050314188004,-0.21507248282432556,-1.0300174092870165,2.2501954261531307,2,1,1,0.02,0.08,0.03,0.15,0.9,0.1,-1.2,0.0,0,0,1,0,0.675,0.44
563,3,-1.2364962100982666,0.016230864450335503,1.0631035566329956,-2.396443517179523,3.8175132900638777,2,1,1,0.02,0.08,0.03,0.15,0.9,0.1,-1.2,0.0,0,0,1,0,0.675,0.44
563,4,-0.03094397485256195,-0.03898710384964943,3.0036182403564453,-0.9679023896577645,2.7479501303669274,2,1,1,0.02,0.08,0.03,0.15,0.9,0.1,-1.2,0.0,0,0,1,0,0.675,0.44
563,5,-0.19805699586868286,0.4155272841453552,-0.456748366355896,3.5509588826453204,-1.8497583417935848,2,1,1,0.02,0.08,0.03,0.15,0.9,0.1,-1.2,0.0,0,0,1,0,0.675,0.44
563,6,0.7987051606178284,0.41220971941947937,-0.26365429162979126,-2.831794124645129,4.598708033996511,2,1,1,0.02,0.08,0.03,0.15,0.9,0.1,-1.2,0.0,0,0,1,0,0.675,0.44
563,7,-0.660015881061554,0.1625850796699524,0.09142964333295822,1.5576475862819943,1.1766327434210104,2,1,1,0.02,0.08,0.03,0.15,0.9,0.1,-1.2,0.0,0,0,1,0,0.675,0.44
564,0,0.30771639943122864,0.41085389256477356,-2.4398672580718994,-1.5641922372809356,3.313900899414832,2,1,1,0.02,0.08,0.03,0.15,0.9,0.1,-1.2,0.0,0,0,1,0,0.675,0.44
564,1,-0.802068293094635,-0.40623897314071655,1.5907013416290283,-5.446722228587542,4.708467755974208,0,0,0,0.02,0.08,0.03,0.15,0.9,0.1,-1.2,0.0,0,0,1,0,0.675,0.44
564,2,0.5831560492515564,-0.07061564922332764,-0.056217264384031296,-1.3173148582183005,2.5456824599503083,2,1,1,0.02,0.08,0.03,0.15,0.9,0.1,-1.2,0.0,0,0,1,0,0.675,0.44
564,3,-1.2361735105514526,0.017131445929408073,1.3115414381027222,-2.853894912012431,4.018058762260291,2,1,1,0.02,0.08,0.03,0.15,0.9,0.1,-1.2,0.0,0,0,1,0,0.675,0.44
564,4,-0.032156094908714294,-0.038938358426094055,-3.0817086696624756,0.42124016609294823,1.951683625018066,2,1,1,0.02,0.08,0.03,0.15,0.9,0.1,-1.2,0.0,0,0,1,0,0.675,0.44
564,5,-0.19767984747886658,0.4153141379356384,-0.7424205541610718,2.992090954989557,-0.6101104117894204,2,1,1,0.02,0.08,0.03,0.15,0.9,0.1,-1.2,0.0,0,0,1,0,0.675,0.44
564,6,0.800254762172699,0.4119531810283661,-0.004775016102939844,-1.9431227225999803,4.667293992961662,2,1,1,0.02,0.08,0.03,0.15,0.9,0.1,-1.2,0.0,0,0,1,0,0.675,0.44
564,7,-0.6570338606834412,0.16283583641052246,0.07981656491756439,1.4128274878905311,1.1538826028226012,2,1,1,0.02,0.08,0.03,0.15,0.9,0.1,-1.2,0.0,0,0,1,0,0.675,0.44
565,0,0.3069535195827484,0.4100872278213501,-2.265016794204712,-1.3826391631900021,3.170310362265559,2,1,1,0.02,0.08,0.03,0.15,0.9,0.1,-1.2,0.0,0,0,1,0,0.675,0.44
565,1,-0.8020983338356018,-0.4060213565826416,1.8925317525863647,-4.959336077753398,4.549548720899913,0,0,0,0.02,0.08,0.03,0.15,0.9,0.1,-1.2,0.0,0,0,1,0,0.675,0.44
565,2,0.5843715667724609,-0.07059856504201889,0.06490804255008698,-0.563672849659087,1.6487686805103305,2,1,1,0.02,0.08,0.03,0.15,0.9,0.1,-1.2,0.0,0,0,1,0,0.675,0.44
565,3,-1.236000895500183,0.018467752262949944,1.5343475341796875,-2.537939382984487,3.929806717338563,2,1,1,0.02,0.08,0.03,0.15,0.9,0.1,-1.2,0.0,0,0,1,0,0.675,0.44
565,4,-0.033719681203365326,-0.039170727133750916,-2.9346678256988525,0.48967842592181254,2.4506443338431856,2,1,1,0.02,0.08,0.03,0.15,0.9,0.1,-1.2,0.0,0,0,1,0,0.675,0.44
565,5,-0.1968061774969101,0.41428235173225403,-0.9595375657081604,2.60419236400929,-0.39070119181917573,2,1,1,0.02,0.08,0.03,0.15,0.9,0.1,-1.2,0.0,0,0,1,0,0.675,0.44
565,6,0.8018603920936584,0.41216906905174255,0.26521041989326477,-1.1045169901808076,4.755323993831427,2,1,1,0.02,0.08,0.03,0.15,0.9,0.1,-1.2,0.0,0,0,1,0,0.675,0.44
565,7,-0.6542623043060303,0.16304032504558563,0.06718172878026962,1.0297127432330724,1.4261719718296482,2,1,1,0.02,0.08,0.03,0.15,0.9,0.1,-1.2,0.0,0,0,1,0,0.675,0.44
566,0,0.30604279041290283,0.40875035524368286,-2.0920140743255615,-1.0542896363811234,3.464424075326484,2,1,1,0.02,0.08,0.03,0.15,0.9,0.1,-1.2,0.0,0,0,1,0,0.675,0.44
566,1,-0.801899790763855,-0.40649735927581787,2.2693214416503906,-3.6133109216685306,4.346335843209974,0,0,0,0.02,0.08,0.03,0.15,0.9,0.1,-1.2,0.0,0,0,1,0,0.675,0.44
566,2,0.5855537056922913,-0.07043823599815369,0.19737744331359863,-0.4439871603752827,1.5855232479202526,2,1,1,0.02,0.08,0.03,0.15,0.9,0.1,-1.2,0.0,0,0,1,0,0.675,0.44
566,3,-1.2360798120498657,0.019663473591208458,1.771583914756775,0.2458929206326313,1.5555053703499553,2,1,1,0.02,0.08,0.03,0.15,0.9,0.1,-1.2,0.0,0,0,1,0,0.675,0.44
566,4,-0.03586489334702492,-0.03972836583852768,-2.8650355339050293,-0.041663996916546306,3.2478185755775075,2,1,1,0.02,0.08,0.03,0.15,0.9,0.1,-1.2,0.0,0,0,1,0,0.675,0.44
566,5,-0.19569917023181915,0.41240358352661133,-1.0994555950164795,2.6291392937911255,-1.089599052743374,2,1,1,0.02,0.08,0.03,0.15,0.9,0.1,-1.2,0.0,0,0,1,0,0.675,0.44
566,6,0.803977370262146,0.4130781888961792,0.5128563642501831,0.18480390173081887,4.5031212527927,2,1,1,0.02,0.08,0.03,0.15,0.9,0.1,-1.2,0.0,0,0,1,0,0.675,0.44
566,7,-0.6516674757003784,0.16320066154003143,0.057239729911088943,4.1259055554930315,-4.106198914258413,2,1,1,0.02,0.08,0.03,0.15,0.9,0.1,-1.2,0.0,0,0,1,0,0.675,0.44
567,0,0.30529555678367615,0.4071331024169922,-1.9297404289245605,-0.8179086911869488,3.521711862183424,2,1,1,0.02,0.08,0.03,0.15,0.9,0.1,-1.2,0.0,0,0,1,0,0.675,0.44
567,1,-0.8015843629837036,-0.40686482191085815,2.6401658058166504,-2.2898552818189217,4.190368206426263,0,0,0,0.02,0.08,0.03,0.15,0.9,0.1,-1.2,0.0,0,0,1,0,0.675,0.44
567,2,0.586634635925293,-0.07016824930906296,0.2869715988636017,-0.8078559101998503,2.325322494188123,2,1,1,0.02,0.08,0.03,0.15,0.9,0.1,-1.2,0.0,0,0,1,0,0.675,0.44
567,3,-1.2365010976791382,0.020884588360786438,2.003601312637329,0.7525085869250134,1.0198308193446972,2,1,1,0.02,0.08,0.03,0.15,0.9,0.1,-1.2,0.0,0,0,1,0,0.675,0.44
567,4,-0.03855481743812561,-0.04058819264173508,-2.7995223999023438,-0.08728141693625097,3.5140709833313557,2,1,1,0.02,0.08,0.03,0.15,0.9,0.1,-1.2,0.0,0,0,1,0,0.675,0.44
567,5,-0.19478952884674072,0.41035279631614685,-1.2077701091766357,3.1071640700507617,-2.152699773687104,2,1,1,0.02,0.08,0.03,0.15,0.9,0.1,-1.2,0.0,0,0,1,0,0.675,0.44
567,6,0.8066604733467102,0.41502535343170166,0.7294329404830933,0.9798888780130339,3.863029622864482,2,1,1,0.02,0.08,0.03,0.15,0.9,0.1,-1.2,0.0,0,0,1,0,0.675,0.44
567,7,-0.6491938233375549,0.1633450984954834,0.06657607108354568,-5.256754695849475,5.1012653321662285,2,1,1,0.02,0.08,0.03,0.15,0.9,0.1,-1.2,0.0,0,0,1,0,0.675,0.44
568,0,0.30467528104782104,0.4049302041530609,-1.7708418369293213,-0.5431719087417082,3.5102100910632656,2,1,1,0.02,0.08,0.03,0.15,0.9,0.1,-1.2,0.0,0,0,1,0,0.675,0.44
568,1,-0.8022860884666443,-0.40669718384742737,2.9718596935272217,-1.2980891920013413,4.10249155223695,0,0,0,0.02,0.08,0.03,0.15,0.9,0.1,-1.2,0.0,0,0,1,0,0.675,0.44
568,2,0.5877000689506531,-0.06981037557125092,0.3594098389148712,-1.0713272293790552,3.0266281501815433,2,1,1,0.02,0.08,0.03,0.15,0.9,0.1,-1.2,0.0,0,0,1,0,0.675,0.44
568,3,-1.2373089790344238,0.0223626047372818,2.08528733253479,1.6181720826979096,0.40547603624541273,2,1,1,0.02,0.08,0.03,0.15,0.9,0.1,-1.2,0.0,0,0,1,0,0.675,0.44
568,4,-0.04147230088710785,-0.04178808256983757,-2.693297863006592,0.633756037702136,3.2778229908946335,2,1,1,0.02,0.08,0.03,0.15,0.9,0.1,-1.2,0.0,0,0,1,0,0.675,0.44
568,5,-0.1942780613899231,0.40876123309135437,-1.3327772617340088,4.084021042595276,-3.650067238529795,2,1,1,0.02,0.08,0.03,0.15,0.9,0.1,-1.2,0.0,0,0,1,0,0.675,0.44
568,6,0.8096618056297302,0.41823235154151917,0.8942774534225464,0.24084092971114174,2.4172218121910936,2,1,1,0.02,0.08,0.03,0.15,0.9,0.1,-1.2,0.0,0,0,1,0,0.675,0.44
568,7,-0.6486667990684509,0.16340035200119019,-0.1638682335615158,5.309602605506934,-5.441811589709454,2,1,1,0.02,0.08,0.03,0.15,0.9,0.1,-1.2,0.0,0,0,1,0,0.675,0.44
569,0,0.3043566942214966,0.40229931473731995,-1.6172759532928467,-6.28,6.28,2,1,1,0.02,0.08,0.03,0.15,0.9,0.1,-1.2,0.0,0,0,1,0,0.675,0.44
569,1,-0.8039536476135254,-0.4066579341888428,-3.026850700378418,-0.14556532112957876,3.8642644789138187,0,0,0,0.02,0.08,0.03,0.15,0.9,0.1,-1.2,0.0,0,0,1,0,0.675,0.44
569,2,0.5890201926231384,-0.06923668831586838,0.4617002606391907,-0.38918714962520096,2.6362125766698328,2,1,1,0.02,0.08,0.03,0.15,0.9,0.1,-1.2,0.0,0,0,1,0,0.675,0.44
569,3,-1.23820161819458,0.023891184478998184,2.1009554862976074,1.4356650898726817,0.4940126035169449,2,1,1,0.02,0.08,0.03,0.15,0.9,0.1,-1.2,0.0,0,0,1,0,0.675,0.44
569,4,-0.04442836716771126,-0.04344135895371437,-2.5687203407287598,1.1003161728165503,3.1192064644026374,2,1,1,0.02,0.08,0.03,0.15,0.9,0.1,-1.2,0.0,0,0,1,0,0.675,0.44
569,5,-0.19409264624118805,0.40770429372787476,-1.506744623184204,4.422971370038097,-4.340831404194257,2,1,1,0.02,0.08,0.03,0.15,0.9,0.1,-1.2,0.0,0,0,1,0,0.675,0.44
569,6,0.8124449253082275,0.4221377372741699,1.0050675868988037,6.097604130691114,-6.28,2,1,1,0.02,0.08,0.03,0.15,0.9,0.1,-1.2,0.0,0,0,1,0,0.675,0.44
569,7,-0.6487938165664673,0.16343627870082855,0.07410363107919693,-5.574178562500648,5.162530885541268,2,1,1,0.02,0.08,0.03,0.15,0.9,0.1,-1.2,0.0,0,0,1,0,0.675,0.44
570,0,0.3044334352016449,0.3993823826313019,-1.473097324371338,-6.28,6.127911957985423,2,1,1,0.02,0.08,0.03,0.15,0.9,0.1,-1.2,0.0,0,0,1,0,0.675,0.44
570,1,-0.8063728213310242,-0.4072803258895874,-2.811041831970215,0.3850235763277754,3.7124164650323537,0,0,0,0.02,0.08,0.03,0.15,0.9,0.1,-1.2,0.0,0,0,1,0,0.675,0.44
570,2,0.5906291007995605,-0.06828922778367996,0.5990819931030273,0.2108304234803824,2.3560958930257248,2,1,1,0.02,0.08,0.03,0.15,0.9,0.1,-1.2,0.0,0,0,1,0,0.675,0.44
570,3,-1.2391825914382935,0.02559889853000641,2.0683205127716064,0.5598753879812954,1.0582194468778485,2,1,1,0.02,0.08,0.03,0.15,0.9,0.1,-1.2,0.0,0,0,1,0,0.675,0.44
570,4,-0.04751663655042648,-0.04568471759557724,-2.4690089225769043,0.839285247775369,3.5927847047084986,2,1,1,0.02,0.08,0.03,0.15,0.9,0.1,-1.2,0.0,0,0,1,0,0.675,0.44
570,5,-0.1940940022468567,0.40715035796165466,-1.7645814418792725,4.405261867731308,-4.2937081943576665,2,1,1,0.02,0.08,0.03,0.15,0.9,0.1,-1.2,0.0,0,0,1,0,0.675,0.44
570,6,0.8140066862106323,0.4248450994491577,1.0872548818588257,2.816199783896779,-6.28,2,1,1,0.02,0.08,0.03,0.15,0.9,0.1,-1.2,0.0,0,0,1,0,0.675,0.44
570,7,-0.6488844752311707,0.16342255473136902,-0.16064082086086273,-6.28,6.28,2,1,1,0.02,0.08,0.03,0.15,0.9,0.1,-1.2,0.0,0,0,1,0,0.675,0.44
571,0,0.30442914366722107,0.39901411533355713,-1.0788758993148804,-6.28,5.222773846853109,2,1,1,0.02,0.08,0.03,0.15,0.9,0.1,-1.2,0.0,0,0,1,0,0.675,0.44
571,1,-0.809544026851654,-0.4086679518222809,-2.6597087383270264,0.9172594265251435,3.332594189255973,0,0,0,0.02,0.08,0.03,0.15,0.9,0.1,-1.2,0.0,0,0,1,0,0.675,0.44
571,2,0.5923519730567932,-0.06694076210260391,0.7129961252212524,0.24317206479975167,2.627224705664132,2,1,1,0.02,0.08,0.03,0.15,0.9,0.1,-1.2,0.0,0,0,1,0,0.675,0.44
571,3,-1.2400819063186646,0.02732548676431179,2.0332186222076416,1.4273306054829245,0.5905083728371736,2,1,1,0.02,0.08,0.03,0.15,0.9,0.1,-1.2,0.0,0,0,1,0,0.675,0.44
571,4,-0.05065860226750374,-0.04840729385614395,-2.3938066959381104,0.679473988295813,3.6840598604915895,2,1,1,0.02,0.08,0.03,0.15,0.9,0.1,-1.2,0.0,0,0,1,0,0.675,0.44
571,5,-0.19413264095783234,0.40691184997558594,-2.0706655979156494,4.273650756494283,-4.036472074990761,2,1,1,0.02,0.08,0.03,0.15,0.9,0.1,-1.2,0.0,0,0,1,0,0.675,0.44
571,6,0.814273476600647,0.42536258697509766,0.7413934469223022,2.2222396342771176,-6.28,2,1,1,0.02,0.08,0.03,0.15,0.9,0.1,-1.2,0.0,0,0,1,0,0.675,0.44
571,7,-0.648932695388794,0.16345787048339844,0.08080723881721497,-5.746645220484537,5.307933549018195,2,1,1,0.02,0.08,0.03,0.15,0.9,0.1,-1.2,0.0,0,0,1,0,0.675,0.44
572,0,0.3043888509273529,0.39930421113967896,-0.7866529822349548,-6.072513018134125,4.8247944753198695,2,1,1,0.02,0.08,0.03,0.15,0.9,0.1,-1.2,0.0,0,0,1,0,0.675,0.44
572,1,-0.8129814863204956,-0.41074487566947937,-2.5392205715179443,1.6995858360270744,2.3966902135788763,0,0,0,0.02,0.08,0.03,0.15,0.9,0.1,-1.2,0.0,0,0,1,0,0.675,0.44
572,2,0.5941643714904785,-0.06521758437156677,0.7943902611732483,0.8734562817653324,1.7679760685659702,2,1,1,0.02,0.08,0.03,0.15,0.9,0.1,-1.2,0.0,0,0,1,0,0.675,0.44
572,3,-1.2408255338668823,0.028831487521529198,2.040588617324829,2.2139419198507153,0.09244100899452393,2,1,1,0.02,0.08,0.03,0.15,0.9,0.1,-1.2,0.0,0,0,1,0,0.675,0.44
572,4,-0.05374624952673912,-0.05153006687760353,-2.3023221492767334,0.9727195142497157,3.324971893160926,2,1,1,0.02,0.08,0.03,0.15,0.9,0.1,-1.2,0.0,0,0,1,0,0.675,0.44
572,5,-0.19408826529979706,0.4068877398967743,-2.419011116027832,3.596493291898481,-2.5598206004335546,2,1,1,0.02,0.08,0.03,0.15,0.9,0.1,-1.2,0.0,0,0,1,0,0.675,0.44
572,6,0.8120156526565552,0.4241630733013153,0.3771570920944214,4.106209169093644,-6.28,2,1,1,0.02,0.08,0.03,0.15,0.9,0.1,-1.2,0.0,0,0,1,0,0.675,0.44
572,7,-0.6490654945373535,0.16351771354675293,0.3525732159614563,-4.958056874015471,4.776096732291923,2,1,1,0.02,0.08,0.03,0.15,0.9,0.1,-1.2,0.0,0,0,1,0,0.675,0.44
573,0,0.3044983446598053,0.3991904556751251,-0.7199110388755798,-4.833344254819259,4.5338905706557515,2,1,1,0.02,0.08,0.03,0.15,0.9,0.1,-1.2,0.0,0,0,1,0,0.675,0.44
573,1,-0.8163325786590576,-0.4132961928844452,-2.4486331939697266,2.926466191606714,-1.7496284008366003,0,0,0,0.02,0.08,0.03,0.15,0.9,0.1,-1.2,0.0,0,0,1,0,0.675,0.44
573,2,0.5960466861724854,-0.06313305348157883,0.8763027191162109,0.7783890168901112,2.1109190854449817,2,1,1,0.02,0.08,0.03,0.15,0.9,0.1,-1.2,0.0,0,0,1,0,0.675,0.44
573,3,-1.2416932582855225,0.030563846230506897,2.020594358444214,4.32268494802081,-6.28,2,1,1,0.02,0.08,0.03,0.15,0.9,0.1,-1.2,0.0,0,0,1,0,0.675,0.44
573,4,-0.05650833994150162,-0.054932571947574615,-2.198545455932617,1.429103216179873,2.5511968264841625,2,1,1,0.02,0.08,0.03,0.15,0.9,0.1,-1.2,0.0,0,0,1,0,0.675,0.44
573,5,-0.1941872090101242,0.4067693054676056,-2.77295184135437,2.7858100371016934,-0.360873113683664,2,1,1,0.02,0.08,0.03,0.15,0.9,0.1,-1.2,0.0,0,0,1,0,0.675,0.44
573,6,0.812971293926239,0.4245140552520752,0.2404584437608719,4.236530374918697,-5.691694658486135,2,1,1,0.02,0.08,0.03,0.15,0.9,0.1,-1.2,0.0,0,0,1,0,0.675,0.44
573,7,-0.6486366391181946,0.1636715680360794,0.409989595413208,6.28,-6.28,2,1,1,0.02,0.08,0.03,0.15,0.9,0.1,-1.2,0.0,0,0,1,0,0.675,0.44
574,0,0.3052641451358795,0.3991357982158661,-0.37382709980010986,-2.1869833546309607,4.2542920173884715,2,1,1,0.02,0.08,0.03,0.15,0.9,0.1,-1.2,0.0,0,0,1,0,0.675,0.44
574,1,-0.8194317817687988,-0.4160096049308777,-2.412475347518921,4.485549423034188,-4.548461562582388,0,0,0,0.02,0.08,0.03,0.15,0.9,0.1,-1.2,0.0,0,0,1,0,0.675,0.44
574,2,0.5977070331573486,-0.06102297082543373,0.9180383086204529,0.6010792002709425,2.400836202905653,2,1,1,0.02,0.08,0.03,0.15,0.9,0.1,-1.2,0.0,0,0,1,0,0.675,0.44
574,3,-1.2426137924194336,0.032616034150123596,1.9551290273666382,4.107947841382624,-6.28,2,1,1,0.02,0.08,0.03,0.15,0.9,0.1,-1.2,0.0,0,0,1,0,0.675,0.44
574,4,-0.058882467448711395,-0.058532796800136566,-2.111443042755127,1.3456087647560788,2.450443712990774,2,1,1,0.02,0.08,0.03,0.15,0.9,0.1,-1.2,0.0,0,0,1,0,0.675,0.44
574,5,-0.19471697509288788,0.4066340923309326,-3.0365498065948486,2.810294344145456,0.4754485622840657,2,1,1,0.02,0.08,0.03,0.15,0.9,0.1,-1.2,0.0,0,0,1,0,0.675,0.44
574,6,0.8155317306518555,0.42493417859077454,0.05756337568163872,4.641456566029379,-3.8704425653484025,2,1,1,0.02,0.08,0.03,0.15,0.9,0.1,-1.2,0.0,0,0,1,0,0.675,0.44
574,7,-0.6483364701271057,0.16381217539310455,0.7951677441596985,-6.28,6.28,2,1,1,0.02,0.08,0.03,0.15,0.9,0.1,-1.2,0.0,0,0,1,0,0.675,0.44
575,0,0.30751460790634155,0.3986630439758301,-0.09426232427358627,-0.863404066832724,4.443252124754382,2,1,1,0.02,0.08,0.03,0.15,0.9,0.1,-1.2,0.0,0,0,1,0,0.675,0.44
575,1,-0.8207569122314453,-0.4171563982963562,-2.539503574371338,4.494723030927901,-4.751080024157167,0,0,0,0.02,0.08,0.03,0.15,0.9,0.1,-1.2,0.0,0,0,1,0,0.675,0.44
575,2,0.5993841290473938,-0.058733534067869186,0.9616273641586304,0.5889346397752885,2.363927069304298,2,1,1,0.02,0.08,0.03,0.15,0.9,0.1,-1.2,0.0,0,0,1,0,0.675,0.44
575,3,-1.2424418926239014,0.031654857099056244,1.634232997894287,4.19678905213998,-6.10145429188679,2,1,1,0.02,0.08,0.03,0.15,0.9,0.1,-1.2,0.0,0,0,1,0,0.675,0.44
575,4,-0.060868047177791595,-0.06207646057009697,-2.062826633453369,0.8465621764483496,2.7667595041107815,2,1,1,0.02,0.08,0.03,0.15,0.9,0.1,-1.2,0.0,0,0,1,0,0.675,0.44
575,5,-0.19680067896842957,0.40657538175582886,3.1068737506866455,3.3854690001097434,-0.08576001973288443,2,1,1,0.02,0.08,0.03,0.15,0.9,0.1,-1.2,0.0,0,0,1,0,0.675,0.44
575,6,0.8157972097396851,0.4250367283821106,-0.2582467198371887,5.516291894500485,-1.6008674363825712,2,1,1,0.02,0.08,0.03,0.15,0.9,0.1,-1.2,0.0,0,0,1,0,0.675,0.44
575,7,-0.64826500415802,0.16394078731536865,0.5022634863853455,5.97245575993942,-6.28,2,1,1,0.02,0.08,0.03,0.15,0.9,0.1,-1.2,0.0,0,0,1,0,0.675,0.44
576,0,0.3096775412559509,0.39872992038726807,0.18005670607089996,-0.02387465787995237,4.170043182284282,2,1,1,0.02,0.08,0.03,0.15,0.9,0.1,-1.2,0.0,0,0,1,0,0.675,0.44
576,1,-0.8208963871002197,-0.4172807037830353,-2.828489065170288,4.408951337875039,-3.262745183079857,0,0,0,0.02,0.08,0.03,0.15,0.9,0.1,-1.2,0.0,0,0,1,0,0.675,0.44
576,2,0.6010180115699768,-0.05624181032180786,1.021480917930603,-0.08738855090804579,2.955592073995054,2,1,1,0.02,0.08,0.03,0.15,0.9,0.1,-1.2,0.0,0,0,1,0,0.675,0.44
576,3,-1.2426337003707886,0.030372587963938713,1.2314879894256592,4.852448696956395,-3.0607836940532196,2,1,1,0.02,0.08,0.03,0.15,0.9,0.1,-1.2,0.0,0,0,1,0,0.675,0.44
576,4,-0.06260883808135986,-0.0654883161187172,-2.0240516662597656,0.8539833737609624,2.4277558278746447,2,1,1,0.02,0.08,0.03,0.15,0.9,0.1,-1.2,0.0,0,0,1,0,0.675,0.44
576,5,-0.19990167021751404,0.4068234860897064,3.0210134983062744,3.3358636581472116,-0.43178981879541006,2,1,1,0.02,0.08,0.03,0.15,0.9,0.1,-1.2,0.0,0,0,1,0,0.675,0.44
576,6,0.8170059323310852,0.4246722459793091,-0.5933520197868347,6.259960136961462,0.24231722092872623,2,1,1,0.02,0.08,0.03,0.15,0.9,0.1,-1.2,0.0,0,0,1,0,0.675,0.44
576,7,-0.6482707262039185,0.16395215690135956,0.7810595631599426,-6.28,6.28,2,1,1,0.02,0.08,0.03,0.15,0.9,0.1,-1.2,0.0,0,0,1,0,0.675,0.44
577,0,0.31271228194236755,0.3996925354003906,0.39068883657455444,-0.9503704028239687,3.5824556257583087,2,1,1,0.02,0.08,0.03,0.15,0.9,0.1,-1.2,0.0,0,0,1,0,0.675,0.44
577,1,-0.8206796646118164,-0.4172332286834717,3.118396282196045,4.338618769638754,-1.3634557028036984,0,0,0,0.02,0.08,0.03,0.15,0.9,0.1,-1.2,0.0,0,0,1,0,0.675,0.44
577,2,0.6024855971336365,-0.053667038679122925,1.0839405059814453,0.030434629818386176,2.754549600021547,2,1,1,0.02,0.08,0.03,0.15,0.9,0.1,-1.2,0.0,0,0,1,0,0.675,0.44
577,3,-1.2409396171569824,0.033329494297504425,1.041166067123413,5.1538977598525015,-2.1360839329251085,2,1,1,0.02,0.08,0.03,0.15,0.9,0.1,-1.2,0.0,0,0,1,0,0.675,0.44
577,4,-0.06412021815776825,-0.068809375166893,-1.9624736309051514,-2.0817107115138858,3.186671105644845,2,1,1,0.02,0.08,0.03,0.15,0.9,0.1,-1.2,0.0,0,0,1,0,0.675,0.44
577,5,-0.203149676322937,0.40738165378570557,2.9077839851379395,3.4692640037693274,-0.9757151445157946,2,1,1,0.02,0.08,0.03,0.15,0.9,0.1,-1.2,0.0,0,0,1,0,0.675,0.44
577,6,0.819219708442688,0.4225555956363678,-0.8957885503768921,4.751569869116904,1.8057241109333522,2,1,1,0.02,0.08,0.03,0.15,0.9,0.1,-1.2,0.0,0,0,1,0,0.675,0.44
577,7,-0.648469090461731,0.1638428121805191,0.505410373210907,6.28,-6.28,2,1,1,0.02,0.08,0.03,0.15,0.9,0.1,-1.2,0.0,0,0,1,0,0.675,0.44
578,0,0.31624698638916016,0.40150073170661926,0.546579122543335,-0.9275788611213787,3.6905294417092582,2,1,1,0.02,0.08,0.03,0.15,0.9,0.1,-1.2,0.0,0,0,1,0,0.675,0.44
578,1,-0.8213643431663513,-0.41710346937179565,2.8004746437072754,4.147932377635875,0.2870680335915938,0,0,0,0.02,0.08,0.03,0.15,0.9,0.1,-1.2,0.0,0,0,1,0,0.675,0.44
578,2,0.6037311553955078,-0.051061131060123444,1.1818777322769165,-0.49222056601677805,3.102889223447716,2,1,1,0.02,0.08,0.03,0.15,0.9,0.1,-1.2,0.0,0,0,1,0,0.675,0.44
578,3,-1.2394143342971802,0.0354422852396965,0.7561779618263245,5.6988451940613265,-0.6643250156885837,2,1,1,0.02,0.08,0.03,0.15,0.9,0.1,-1.2,0.0,0,0,1,0,0.675,0.44
578,4,-0.06530918926000595,-0.07193867117166519,-1.9048703908920288,-2.982318186883273,3.818519875432373,2,1,1,0.02,0.08,0.03,0.15,0.9,0.1,-1.2,0.0,0,0,1,0,0.675,0.44
578,5,-0.20601342618465424,0.40824341773986816,2.77760910987854,3.506347224461085,-1.398902451505688,2,1,1,0.02,0.08,0.03,0.15,0.9,0.1,-1.2,0.0,0,0,1,0,0.675,0.44
578,6,0.8212066292762756,0.41949358582496643,-1.0582778453826904,0.8523680930412605,2.5365718617666015,2,1,1,0.02,0.08,0.03,0.15,0.9,0.1,-1.2,0.0,0,0,1,0,0.675,0.44
578,7,-0.6485635638237,0.16388486325740814,0.7885250449180603,-6.28,6.28,2,1,1,0.02,0.08,0.03,0.15,0.9,0.1,-1.2,0.0,0,0,1,0,0.675,0.44
579,0,0.31864237785339355,0.403190016746521,0.7024074792861938,-0.5096701157134089,3.7324922467720634,2,1,1,0.02,0.08,0.03,0.15,0.9,0.1,-1.2,0.0,0,0,1,0,0.675,0.44
579,1,-0.8234530687332153,-0.4158306121826172,2.562605381011963,3.247546574928578,1.3435080446522831,0,0,0,0.02,0.08,0.03,0.15,0.9,0.1,-1.2,0.0,0,0,1,0,0.675,0.44
579,2,0.6046690344810486,-0.04841747134923935,1.27977454662323,-0.42424984083680484,2.985963924642639,2,1,1,0.02,0.08,0.03,0.15,0.9,0.1,-1.2,0.0,0,0,1,0,0.675,0.44
579,3,-1.2370829582214355,0.037019647657871246,0.44171515107154846,6.205764062533636,0.767415582646255,2,1,1,0.02,0.08,0.03,0.15,0.9,0.1,-1.2,0.0,0,0,1,0,0.675,0.44
579,4,-0.06576456129550934,-0.07341425865888596,-1.7457706928253174,-2.977907957975457,3.8197522185955006,2,1,1,0.02,0.08,0.03,0.15,0.9,0.1,-1.2,0.0,0,0,1,0,0.675,0.44
579,5,-0.2083653211593628,0.40932413935661316,2.6259896755218506,4.014560431858073,-2.2097514892505146,2,1,1,0.02,0.08,0.03,0.15,0.9,0.1,-1.2,0.0,0,0,1,0,0.675,0.44
579,6,0.8238039612770081,0.4141884744167328,-1.172479271888733,-6.28,5.058840943258373,2,1,1,0.02,0.08,0.03,0.15,0.9,0.1,-1.2,0.0,0,0,1,0,0.675,0.44
579,7,-0.648572564125061,0.16395846009254456,0.5029438138008118,5.590963297847324,-6.28,2,1,1,0.02,0.08,0.03,0.15,0.9,0.1,-1.2,0.0,0,0,1,0,0.675,0.44
580,0,0.32058337330818176,0.40511587262153625,0.8636209964752197,-0.065017929083468,3.611599553759409,2,1,1,0.02,0.08,0.03,0.15,0.9,0.1,-1.2,0.0,0,0,1,0,0.675,0.44
580,1,-0.8266391158103943,-0.4133547246456146,2.412240982055664,1.2720853048162644,2.131660944473937,0,0,0,0.02,0.08,0.03,0.15,0.9,0.1,-1.2,0.0,0,0,1,0,0.675,0.44
580,2,0.6052917242050171,-0.04584205523133278,1.399890661239624,-0.7130917184849421,3.2541567640549434,2,1,1,0.02,0.08,0.03,0.15,0.9,0.1,-1.2,0.0,0,0,1,0,0.675,0.44
580,3,-1.2327438592910767,0.038376521319150925,0.16967713832855225,5.698811328327319,-0.06734993977318866,2,1,1,0.02,0.08,0.03,0.15,0.9,0.1,-1.2,0.0,0,0,1,0,0.675,0.44
580,4,-0.06584487110376358,-0.07430563867092133,-1.5168981552124023,-2.929219855722919,3.9174559832300746,2,1,1,0.02,0.08,0.03,0.15,0.9,0.1,-1.2,0.0,0,0,1,0,0.675,0.44
580,5,-0.21019168198108673,0.41054823994636536,2.456526517868042,4.242189806508477,-2.7510543670292176,2,1,1,0.02,0.08,0.03,0.15,0.9,0.1,-1.2,0.0,0,0,1,0,0.675,0.44
580,6,0.8253083229064941,0.41050273180007935,-1.1441693305969238,-6.28,4.996983963608183,2,1,1,0.02,0.08,0.03,0.15,0.9,0.1,-1.2,0.0,0,0,1,0,0.675,0.44
580,7,-0.6485822200775146,0.16398277878761292,0.7847056984901428,5.387969054333667,-6.28,2,1,1,0.02,0.08,0.03,0.15,0.9,0.1,-1.2,0.0,0,0,1,0,0.675,0.44
581,0,0.3224194347858429,0.40765342116355896,1.0151063203811646,0.33717901923716076,3.8033985199754996,2,1,1,0.02,0.08,0.03,0.15,0.9,0.1,-1.2,0.0,0,0,1,0,0.675,0.44
581,1,-0.8298839926719666,-0.4101921617984772,2.332148551940918,-4.424127545793325,4.443099570114882,0,0,0,0.02,0.08,0.03,0.15,0.9,0.1,-1.2,0.0,0,0,1,0,0.675,0.44
581,2,0.6055788397789001,-0.04328247159719467,1.520911455154419,-1.210748682238694,3.711305719669511,2,1,1,0.02,0.08,0.03,0.15,0.9,0.1,-1.2,0.0,0,0,1,0,0.675,0.44
581,3,-1.2275158166885376,0.03881192207336426,0.006536607164889574,-1.5709830289473616,1.8657099119804694,2,1,1,0.02,0.08,0.03,0.15,0.9,0.1,-1.2,0.0,0,0,1,0,0.675,0.44
581,4,-0.06568827480077744,-0.07528289407491684,-1.2722493410110474,-3.172563023644917,4.2139098042876615,2,1,1,0.02,0.08,0.03,0.15,0.9,0.1,-1.2,0.0,0,0,1,0,0.675,0.44
581,5,-0.21153931319713593,0.4118621349334717,2.2464027404785156,4.159261417314737,-2.597893082445627,2,1,1,0.02,0.08,0.03,0.15,0.9,0.1,-1.2,0.0,0,0,1,0,0.675,0.44
581,6,0.8250882029533386,0.4106568694114685,-0.8061785101890564,-6.28,4.3516749179859024,2,1,1,0.02,0.08,0.03,0.15,0.9,0.1,-1.2,0.0,0,0,1,0,0.675,0.44
581,7,-0.6490172147750854,0.16362516582012177,0.5195199251174927,4.726923839210614,-5.18154157091561,2,1,1,0.02,0.08,0.03,0.15,0.9,0.1,-1.2,0.0,0,0,1,0,0.675,0.44
582,0,0.3240448534488678,0.41073402762413025,1.1479905843734741,5.375713842433604,-6.28,2,1,1,0.02,0.08,0.03,0.15,0.9,0.1,-1.2,0.0,0,0,1,0,0.675,0.44
582,1,-0.8323594331741333,-0.4075475037097931,2.3440346717834473,-4.871655803984135,4.671634700834187,0,0,0,0.02,0.08,0.03,0.15,0.9,0.1,-1.2,0.0,0,0,1,0,0.675,0.44
582,2,0.6055476665496826,-0.040733594447374344,1.656301498413086,-0.7247360348630337,3.541417928655244,2,1,1,0.02,0.08,0.03,0.15,0.9,0.1,-1.2,0.0,0,0,1,0,0.675,0.44
582,3,-1.2219218015670776,0.038363195955753326,-0.18973307311534882,-4.527483437100718,4.5162214828235046,2,1,1,0.02,0.08,0.03,0.15,0.9,0.1,-1.2,0.0,0,0,1,0,0.675,0.44
582,4,-0.06529737263917923,-0.07621495425701141,-1.0301638841629028,-2.891943957650339,4.267732439496909,2,1,1,0.02,0.08,0.03,0.15,0.9,0.1,-1.2,0.0,0,0,1,0,0.675,0.44
582,5,-0.21239644289016724,0.41317927837371826,2.005053758621216,4.023315313036516,-2.437727200114307,2,1,1,0.02,0.08,0.03,0.15,0.9,0.1,-1.2,0.0,0,0,1,0,0.675,0.44
582,6,0.8244562149047852,0.4110085070133209,-0.38140568137168884,-3.9547247362651117,4.557632581338892,2,1,1,0.02,0.08,0.03,0.15,0.9,0.1,-1.2,0.0,0,0,1,0,0.675,0.44
582,7,-0.6491265892982483,0.16403651237487793,0.3300345242023468,4.469230065528655,-4.4812221253028275,2,1,1,0.02,0.08,0.03,0.15,0.9,0.1,-1.2,0.0,0,0,1,0,0.675,0.44
583,0,0.32546091079711914,0.4145006239414215,1.271004557609558,4.954149822332627,-6.28,2,1,1,0.02,0.08,0.03,0.15,0.9,0.1,-1.2,0.0,0,0,1,0,0.675,0.44
583,1,-0.8328322768211365,-0.4070383310317993,2.601285457611084,-5.660816636557232,4.845399704451214,0,0,0,0.02,0.08,0.03,0.15,0.9,0.1,-1.2,0.0,0,0,1,0,0.675,0.44
583,2,0.6051449775695801,-0.0382801853120327,1.8236294984817505,-1.1949174718180904,4.03247164160562,2,1,1,0.02,0.08,0.03,0.15,0.9,0.1,-1.2,0.0,0,0,1,0,0.675,0.44
583,3,-1.2207051515579224,0.03806562349200249,-0.13338185846805573,-4.2218221593285925,4.312358333554765,2,1,1,0.02,0.08,0.03,0.15,0.9,0.1,-1.2,0.0,0,0,1,0,0.675,0.44
583,4,-0.0646650642156601,-0.0770149752497673,-0.7732450366020203,-1.6521816921896155,4.048212536308948,2,1,1,0.02,0.08,0.03,0.15,0.9,0.1,-1.2,0.0,0,0,1,0,0.675,0.44
583,5,-0.2129030078649521,0.414654016494751,1.7653770446777344,4.2493200757894085,-3.0052580159794937,2,1,1,0.02,0.08,0.03,0.15,0.9,0.1,-1.2,0.0,0,0,1,0,0.675,0.44
583,6,0.8283734917640686,0.4095989167690277,-0.2127756029367447,-3.2458619173540937,4.7311364462129175,2,1,1,0.02,0.08,0.03,0.15,0.9,0.1,-1.2,0.0,0,0,1,0,0.675,0.44
583,7,-0.6485649347305298,0.16411922872066498,0.20825527608394623,4.458504581051069,-4.42568649677844,2,1,1,0.02,0.08,0.03,0.15,0.9,0.1,-1.2,0.0,0,0,1,0,0.675,0.44
584,0,0.32543715834617615,0.4148029386997223,0.9551466703414917,4.492388626785521,-6.28,2,1,1,0.02,0.08,0.03,0.15,0.9,0.1,-1.2,0.0,0,0,1,0,0.675,0.44
584,1,-0.832749605178833,-0.40700069069862366,2.9437456130981445,-4.639950681710532,4.511305548656595,0,0,0,0.02,0.08,0.03,0.15,0.9,0.1,-1.2,0.0,0,0,1,0,0.675,0.44
584,2,0.6042456030845642,-0.03568646311759949,1.9786736965179443,-1.2500586170603698,4.11627033895988,2,1,1,0.02,0.08,0.03,0.15,0.9,0.1,-1.2,0.0,0,0,1,0,0.675,0.44
584,3,-1.2207300662994385,0.038023170083761215,0.14933158457279205,-3.3674389989857474,3.9949559472560057,2,1,1,0.02,0.08,0.03,0.15,0.9,0.1,-1.2,0.0,0,0,1,0,0.675,0.44
584,4,-0.06361337751150131,-0.07777801901102066,-0.5194602012634277,-0.9138152280195502,4.072549832782502,2,1,1,0.02,0.08,0.03,0.15,0.9,0.1,-1.2,0.0,0,0,1,0,0.675,0.44
584,5,-0.2130521535873413,0.4162321388721466,1.5363833904266357,4.414473857771423,-3.8378468631970892,2,1,1,0.02,0.08,0.03,0.15,0.9,0.1,-1.2,0.0,0,0,1,0,0.675,0.44
584,6,0.8309558033943176,0.409224271774292,0.03771897405385971,-2.692479619851615,4.953302530871953,2,1,1,0.02,0.08,0.03,0.15,0.9,0.1,-1.2,0.0,0,0,1,0,0.675,0.44
584,7,-0.6478090882301331,0.16416597366333008,-0.14327560365200043,4.4042911398441875,-3.5496860439934976,2,1,1,0.02,0.08,0.03,0.15,0.9,0.1,-1.2,0.0,0,0,1,0,0.675,0.44
585,0,0.32476261258125305,0.41428157687187195,0.5366541147232056,4.372950121915169,-6.2611433731335175,2,1,1,0.02,0.08,0.03,0.15,0.9,0.1,-1.2,0.0,0,0,1,0,0.675,0.44
585,1,-0.8322615027427673,-0.40698888897895813,-2.941422462463379,-3.3827289972450325,4.2287482456001335,0,0,0,0.02,0.08,0.03,0.15,0.9,0.1,-1.2,0.0,0,0,1,0,0.675,0.44
585,2,0.602897584438324,-0.033177707344293594,2.1559462547302246,-1.6746214956548988,4.268382147976908,2,1,1,0.02,0.08,0.03,0.15,0.9,0.1,-1.2,0.0,0,0,1,0,0.675,0.44
585,3,-1.2213343381881714,0.03784450516104698,0.4801193177700043,-2.1812811595869617,3.6009249871387663,2,1,1,0.02,0.08,0.03,0.15,0.9,0.1,-1.2,0.0,0,0,1,0,0.675,0.44
585,4,-0.061687204986810684,-0.0785745158791542,-0.30542460083961487,-0.5991092431272108,4.262787761118893,2,1,1,0.02,0.08,0.03,0.15,0.9,0.1,-1.2,0.0,0,0,1,0,0.675,0.44
585,5,-0.21286216378211975,0.41764897108078003,1.2829393148422241,4.464909154650516,-4.455875857734891,2,1,1,0.02,0.08,0.03,0.15,0.9,0.1,-1.2,0.0,0,0,1,0,0.675,0.44
585,6,0.8323239088058472,0.4094848036766052,0.37911513447761536,-0.7392558092414833,5.343406087590149,2,1,1,0.02,0.08,0.03,0.15,0.9,0.1,-1.2,0.0,0,0,1,0,0.675,0.44
585,7,-0.6474903225898743,0.1640942245721817,-0.49354517459869385,4.495546702363424,-3.092306090110767,2,1,1,0.02,0.08,0.03,0.15,0.9,0.1,-1.2,0.0,0,0,1,0,0.675,0.44
586,0,0.32909566164016724,0.4167906641960144,0.38840338587760925,4.23036703139163,-6.08718680773356,2,1,1,0.02,0.08,0.03,0.15,0.9,0.1,-1.2,0.0,0,0,1,0,0.675,0.44
586,1,-0.8334749341011047,-0.40735960006713867,-2.6383132934570312,-2.185581467235488,3.955986625712915,0,0,0,0.02,0.08,0.03,0.15,0.9,0.1,-1.2,0.0,0,0,1,0,0.675,0.44
586,2,0.6010999083518982,-0.030928121879696846,2.3438944816589355,-1.8603930850504857,4.285184804978443,2,1,1,0.02,0.08,0.03,0.15,0.9,0.1,-1.2,0.0,0,0,1,0,0.675,0.44
586,3,-1.2215075492858887,0.03778214380145073,0.7722206711769104,-1.3075841260152912,3.681157823671354,2,1,1,0.02,0.08,0.03,0.15,0.9,0.1,-1.2,0.0,0,0,1,0,0.675,0.44
586,4,-0.05875828489661217,-0.07919394969940186,-0.1254621297121048,0.022133941428054832,4.249476652251506,2,1,1,0.02,0.08,0.03,0.15,0.9,0.1,-1.2,0.0,0,0,1,0,0.675,0.44
586,5,-0.21258212625980377,0.4183678925037384,0.9971057772636414,4.492054204297573,-4.264351939611011,2,1,1,0.02,0.08,0.03,0.15,0.9,0.1,-1.2,0.0,0,0,1,0,0.675,0.44
586,6,0.8339678049087524,0.41048213839530945,0.6983855366706848,1.4261870865104609,5.3693429556031855,2,1,1,0.02,0.08,0.03,0.15,0.9,0.1,-1.2,0.0,0,0,1,0,0.675,0.44
586,7,-0.6467797160148621,0.1635516881942749,-0.8312001824378967,4.5480417541327745,-1.8052473338735548,2,1,1,0.02,0.08,0.03,0.15,0.9,0.1,-1.2,0.0,0,0,1,0,0.675,0.44
587,0,0.3332250118255615,0.4183253049850464,0.23517873883247375,4.165461854029544,-5.632538145360533,2,1,1,0.02,0.08,0.03,0.15,0.9,0.1,-1.2,0.0,0,0,1,0,0.675,0.44
587,1,-0.8343480825424194,-0.4078006148338318,-2.3211002349853516,-2.101070134770535,4.161669945729092,0,0,0,0.02,0.08,0.03,0.15,0.9,0.1,-1.2,0.0,0,0,1,0,0.675,0.44
587,2,0.5990736484527588,-0.029198884963989258,2.548987865447998,-1.754184945723097,4.1846096881583374,2,1,1,0.02,0.08,0.03,0.15,0.9,0.1,-1.2,0.0,0,0,1,0,0.675,0.44
587,3,-1.221092700958252,0.03835713863372803,1.0050163269042969,-0.7933510335976185,3.9494541320831242,2,1,1,0.02,0.08,0.03,0.15,0.9,0.1,-1.2,0.0,0,0,1,0,0.675,0.44
587,4,-0.05519069358706474,-0.07933302223682404,0.04560128226876259,0.8965944654607547,3.9729430199057414,2,1,1,0.02,0.08,0.03,0.15,0.9,0.1,-1.2,0.0,0,0,1,0,0.675,0.44
587,5,-0.21242056787014008,0.41860297322273254,0.6526191234588623,4.831462053274938,-2.4944176530738242,2,1,1,0.02,0.08,0.03,0.15,0.9,0.1,-1.2,0.0,0,0,1,0,0.675,0.44
587,6,0.836569607257843,0.4133867025375366,0.9575812220573425,2.7222770589266037,4.788103799305589,2,1,1,0.02,0.08,0.03,0.15,0.9,0.1,-1.2,0.0,0,0,1,0,0.675,0.44
587,7,-0.6459846496582031,0.1625920534133911,-1.1360338926315308,4.592885479771085,-1.1883168943068736,2,1,1,0.02,0.08,0.03,0.15,0.9,0.1,-1.2,0.0,0,0,1,0,0.675,0.44
588,0,0.3353579342365265,0.4184352457523346,-0.015451391227543354,4.628286772728342,-3.877283211609528,2,1,1,0.02,0.08,0.03,0.15,0.9,0.1,-1.2,0.0,0,0,1,0,0.675,0.44
588,1,-0.8352707624435425,-0.40910604596138,-2.049943447113037,-2.175216090845115,4.226645658589184,0,0,0,0.02,0.08,0.03,0.15,0.9,0.1,-1.2,0.0,0,0,1,0,0.675,0.44
588,2,0.5968995690345764,-0.028024006634950638,2.763777256011963,-0.9665446986373598,3.8433829027063395,2,1,1,0.02,0.08,0.03,0.15,0.9,0.1,-1.2,0.0,0,0,1,0,0.675,0.44
588,3,-1.2203454971313477,0.03989744558930397,1.20127272605896,-0.45756907565749627,4.1571069727751,2,1,1,0.02,0.08,0.03,0.15,0.9,0.1,-1.2,0.0,0,0,1,0,0.675,0.44
588,4,-0.05108828842639923,-0.07881738990545273,0.19885745644569397,1.3605039695972414,3.9396651815697736,2,1,1,0.02,0.08,0.03,0.15,0.9,0.1,-1.2,0.0,0,0,1,0,0.675,0.44
588,5,-0.2123938351869583,0.41859170794487,0.300223708152771,5.210556637033268,-0.32235896554224375,2,1,1,0.02,0.08,0.03,0.15,0.9,0.1,-1.2,0.0,0,0,1,0,0.675,0.44
588,6,0.839688241481781,0.4189058840274811,1.139778733253479,1.8639990401809654,1.426583009878034,2,1,1,0.02,0.08,0.03,0.15,0.9,0.1,-1.2,0.0,0,0,1,0,0.675,0.44
588,7,-0.6451883912086487,0.16016697883605957,-1.3797513246536255,4.5445748017505405,-0.46622721938049844,2,1,1,0.02,0.08,0.03,0.15,0.9,0.1,-1.2,0.0,0,0,1,0,0.675,0.44
589,0,0.3368719518184662,0.418327659368515,-0.2882786989212036,5.1772106597911165,-1.8566338324848202,2,1,1,0.02,0.08,0.03,0.15,0.9,0.1,-1.2,0.0,0,0,1,0,0.675,0.44
589,1,-0.8360634446144104,-0.4107621908187866,-1.813523530960083,0.07598695912196911,4.28886660221785,0,0,0,0.02,0.08,0.03,0.15,0.9,0.1,-1.2,0.0,0,0,1,0,0.675,0.44
589,2,0.59455806016922,-0.027349162846803665,2.9738872051239014,-0.5000933433655069,3.548968525294369,2,1,1,0.02,0.08,0.03,0.15,0.9,0.1,-1.2,0.0,0,0,1,0,0.675,0.44
589,3,-1.2196580171585083,0.042358748614788055,1.3845844268798828,-0.043458311704656916,4.223090434740758,2,1,1,0.02,0.08,0.03,0.15,0.9,0.1,-1.2,0.0,0,0,1,0,0.675,0.44
589,4,-0.046513576060533524,-0.07759025692939758,0.31500518321990967,1.3204999325898816,4.2267841940308095,2,1,1,0.02,0.08,0.03,0.15,0.9,0.1,-1.2,0.0,0,0,1,0,0.675,0.44
589,5,-0.2105628103017807,0.41881847381591797,-0.019201654940843582,5.46380773681537,1.0571706835895294,2,1,1,0.02,0.08,0.03,0.15,0.9,0.1,-1.2,0.0,0,0,1,0,0.675,0.44
589,6,0.8423999547958374,0.4256789982318878,1.2325220108032227,2.431140295727102,-6.28,2,1,1,0.02,0.08,0.03,0.15,0.9,0.1,-1.2,0.0,0,0,1,0,0.675,0.44
589,7,-0.6448898911476135,0.15687887370586395,-1.5865107774734497,3.7927984183509227,-1.3453159767939349,2,1,1,0.02,0.08,0.03,0.15,0.9,0.1,-1.2,0.0,0,0,1,0,0.675,0.44
590,0,0.33752235770225525,0.41810956597328186,-0.6449538469314575,5.687310407747714,0.6571375589520836,2,1,1,0.02,0.08,0.03,0.15,0.9,0.1,-1.2,0.0,0,0,1,0,0.675,0.44
590,1,-0.8363444805145264,-0.4128028154373169,-1.5906836986541748,0.30145508422602835,3.833436385432283,0,0,0,0.02,0.08,0.03,0.15,0.9,0.1,-1.2,0.0,0,0,1,0,0.675,0.44
590,2,0.5917778015136719,-0.027132613584399223,-3.1329185962677,-0.33524094487034223,3.42200801815189,2,1,1,0.02,0.08,0.03,0.15,0.9,0.1,-1.2,0.0,0,0,1,0,0.675,0.44
590,3,-1.2193603515625,0.04550398513674736,1.5624631643295288,0.3235496387566563,4.243385193426569,2,1,1,0.02,0.08,0.03,0.15,0.9,0.1,-1.2,0.0,0,0,1,0,0.675,0.44
590,4,-0.04164544865489006,-0.07573423534631729,0.4087020754814148,1.9372709866766475,3.86615076048802,2,1,1,0.02,0.08,0.03,0.15,0.9,0.1,-1.2,0.0,0,0,1,0,0.675,0.44
590,5,-0.20662157237529755,0.41820982098579407,-0.24962730705738068,5.1759439207744045,1.7449416273928482,2,1,1,0.02,0.08,0.03,0.15,0.9,0.1,-1.2,0.0,0,0,1,0,0.675,0.44
590,6,0.8437003493309021,0.4295598268508911,1.2335087060928345,0.5684836776727777,-6.28,2,1,1,0.02,0.08,0.03,0.15,0.9,0.1,-1.2,0.0,0,0,1,0,0.675,0.44
590,7,-0.6453133821487427,0.15295198559761047,-1.7682039737701416,3.765225267191352,-1.93356632270378,2,1,1,0.02,0.08,0.03,0.15,0.9,0.1,-1.2,0.0,0,0,1,0,0.675,0.44
591,0,0.3393668234348297,0.41618436574935913,-0.9484878182411194,4.889102711841612,1.5309866960906742,2,1,1,0.02,0.08,0.03,0.15,0.9,0.1,-1.2,0.0,0,0,1,0,0.675,0.44
591,1,-0.8360503911972046,-0.416591614484787,-1.4245457649230957,-5.243040674026263,4.983426832211751,0,0,0,0.02,0.08,0.03,0.15,0.9,0.1,-1.2,0.0,0,0,1,0,0.675,0.44
591,2,0.5887348055839539,-0.027392489835619926,-2.984570026397705,-0.24201952520597583,3.510522915223756,2,1,1,0.02,0.08,0.03,0.15,0.9,0.1,-1.2,0.0,0,0,1,0,0.675,0.44
591,3,-1.219652771949768,0.04919714108109474,1.7298728227615356,-6.28,6.28,2,1,1,0.02,0.08,0.03,0.15,0.9,0.1,-1.2,0.0,0,0,1,0,0.675,0.44
591,4,-0.036713313311338425,-0.07330641895532608,0.5082635283470154,2.2160686208090596,3.6941553638302604,2,1,1,0.02,0.08,0.03,0.15,0.9,0.1,-1.2,0.0,0,0,1,0,0.675,0.44
591,5,-0.20076601207256317,0.41608926653862,-0.4430590867996216,4.083110767486757,1.7441039461159893,2,1,1,0.02,0.08,0.03,0.15,0.9,0.1,-1.2,0.0,0,0,1,0,0.675,0.44
591,6,0.8425689339637756,0.42735740542411804,0.983092188835144,0.23918894855815276,-6.28,2,1,1,0.02,0.08,0.03,0.15,0.9,0.1,-1.2,0.0,0,0,1,0,0.675,0.44
591,7,-0.6460680365562439,0.15026195347309113,-1.9478037357330322,3.2825407008370213,-1.220317862204412,2,1,1,0.02,0.08,0.03,0.15,0.9,0.1,-1.2,0.0,0,0,1,0,0.675,0.44
592,0,0.342089980840683,0.4111986756324768,-1.1733405590057373,6.139356864609324,-6.28,2,1,1,0.02,0.08,0.03,0.15,0.9,0.1,-1.2,0.0,0,0,1,0,0.675,0.44
592,1,-0.8351795673370361,-0.4206763803958893,-1.296565055847168,-6.28,4.842523817273996,0,0,0,0.02,0.08,0.03,0.15,0.9,0.1,-1.2,0.0,0,0,1,0,0.675,0.44
592,2,0.5857236981391907,-0.028073428198695183,-2.8507144451141357,0.0046666217759821355,3.67713259685149,2,1,1,0.02,0.08,0.03,0.15,0.9,0.1,-1.2,0.0,0,0,1,0,0.675,0.44
592,3,-1.2207379341125488,0.05355503410100937,1.8978488445281982,-6.28,6.042037115953254,2,1,1,0.02,0.08,0.03,0.15,0.9,0.1,-1.2,0.0,0,0,1,0,0.675,0.44
592,4,-0.03179679438471794,-0.07029049843549728,0.583316445350647,2.586722893855045,3.2878330743020934,2,1,1,0.02,0.08,0.03,0.15,0.9,0.1,-1.2,0.0,0,0,1,0,0.675,0.44
592,5,-0.1948215663433075,0.4127708077430725,-0.5816304683685303,2.795813788457039,1.0026786734396638,2,1,1,0.02,0.08,0.03,0.15,0.9,0.1,-1.2,0.0,0,0,1,0,0.675,0.44
592,6,0.8392544388771057,0.42359498143196106,0.7047027945518494,4.136864199005484,-6.28,2,1,1,0.02,0.08,0.03,0.15,0.9,0.1,-1.2,0.0,0,0,1,0,0.675,0.44
592,7,-0.6469435095787048,0.14850108325481415,-2.1442298889160156,2.7456712115758815,-0.5771556903845294,2,1,1,0.02,0.08,0.03,0.15,0.9,0.1,-1.2,0.0,0,0,1,0,0.675,0.44
593,0,0.34410786628723145,0.4052545130252838,-1.3219057321548462,5.313520780147062,-6.28,2,1,1,0.02,0.08,0.03,0.15,0.9,0.1,-1.2,0.0,0,0,1,0,0.675,0.44
593,1,-0.8350171446800232,-0.4212459325790405,-0.9816209673881531,-6.28,3.7757986141148945,0,0,0,0.02,0.08,0.03,0.15,0.9,0.1,-1.2,0.0,0,0,1,0,0.675,0.44
593,2,0.582688570022583,-0.029197251424193382,-2.7190332412719727,0.9023418002367661,3.700659355378407,2,1,1,0.02,0.08,0.03,0.15,0.9,0.1,-1.2,0.0,0,0,1,0,0.675,0.44
593,3,-1.2207753658294678,0.05397004261612892,2.305966854095459,-6.28,4.515128463205947,2,1,1,0.02,0.08,0.03,0.15,0.9,0.1,-1.2,0.0,0,0,1,0,0.675,0.44
593,4,-0.026984814554452896,-0.06690146774053574,0.6382202506065369,2.916629567419459,2.8306949749864496,2,1,1,0.02,0.08,0.03,0.15,0.9,0.1,-1.2,0.0,0,0,1,0,0.675,0.44
593,5,-0.1899135410785675,0.4092113971710205,-0.6722426414489746,1.112474474691702,1.9634710198474319,2,1,1,0.02,0.08,0.03,0.15,0.9,0.1,-1.2,0.0,0,0,1,0,0.675,0.44
593,6,0.8347893953323364,0.42060402035713196,0.4526331424713135,4.355836305706239,-2.146195743076982,2,1,1,0.02,0.08,0.03,0.15,0.9,0.1,-1.2,0.0,0,0,1,0,0.675,0.44
593,7,-0.6481790542602539,0.1468973010778427,-2.3107476234436035,1.9441123366898272,0.16548957296523714,2,1,1,0.02,0.08,0.03,0.15,0.9,0.1,-1.2,0.0,0,0,1,0,0.675,0.44
594,0,0.34433862566947937,0.40470388531684875,-1.7189550399780273,4.805293729180801,-6.28,2,1,1,0.02,0.08,0.03,0.15,0.9,0.1,-1.2,0.0,0,0,1,0,0.675,0.44
594,1,-0.8357405066490173,-0.4204398989677429,-0.5684203505516052,-6.28,4.253670621021699,0,0,0,0.02,0.08,0.03,0.15,0.9,0.1,-1.2,0.0,0,0,1,0,0.675,0.44
594,2,0.5795084238052368,-0.03088734671473503,-2.589542865753174,0.1512287300297673,3.8728147340682666,2,1,1,0.02,0.08,0.03,0.15,0.9,0.1,-1.2,0.0,0,0,1,0,0.675,0.44
594,3,-1.22078537940979,0.054039742797613144,2.7723050117492676,-5.621130635968437,4.3911164179822615,2,1,1,0.02,0.08,0.03,0.15,0.9,0.1,-1.2,0.0,0,0,1,0,0.675,0.44
594,4,-0.022323083132505417,-0.06330157816410065,0.6685729026794434,2.133210273591284,1.1136034880739183,2,1,1,0.02,0.08,0.03,0.15,0.9,0.1,-1.2,0.0,0,0,1,0,0.675,0.44
594,5,-0.18670636415481567,0.4064711332321167,-0.7394834756851196,-0.10546476671577203,2.6657350734260215,2,1,1,0.02,0.08,0.03,0.15,0.9,0.1,-1.2,0.0,0,0,1,0,0.675,0.44
594,6,0.836746096611023,0.4213517904281616,0.28198832273483276,4.612624525055786,-3.1196815221727494,2,1,1,0.02,0.08,0.03,0.15,0.9,0.1,-1.2,0.0,0,0,1,0,0.675,0.44
594,7,-0.6497300267219543,0.1454136073589325,-2.4352598190307617,2.443821749637778,-0.8379804576062695,2,1,1,0.02,0.08,0.03,0.15,0.9,0.1,-1.2,0.0,0,0,1,0,0.675,0.44
595,0,0.34618356823921204,0.4097265303134918,-1.9363582134246826,4.785598969927528,-6.28,2,1,1,0.02,0.08,0.03,0.15,0.9,0.1,-1.2,0.0,0,0,1,0,0.675,0.44
595,1,-0.8353505730628967,-0.4204740524291992,-0.2741880714893341,-4.6471305492420925,4.431776145335838,0,0,0,0.02,0.08,0.03,0.15,0.9,0.1,-1.2,0.0,0,0,1,0,0.675,0.44
595,2,0.5758817195892334,-0.03341463580727577,-2.4852569103240967,-2.6874797057098077,4.1997073601669,2,1,1,0.02,0.08,0.03,0.15,0.9,0.1,-1.2,0.0,0,0,1,0,0.675,0.44
595,3,-1.22078537940979,0.054039862006902695,2.772308111190796,-5.536547287570531,4.355808873845042,2,1,1,0.02,0.08,0.03,0.15,0.9,0.1,-1.2,0.0,0,0,1,0,0.675,0.44
595,4,-0.017818976193666458,-0.059701547026634216,0.670816957950592,0.6384302615981251,0.7097744953085248,2,1,1,0.02,0.08,0.03,0.15,0.9,0.1,-1.2,0.0,0,0,1,0,0.675,0.44
595,5,-0.184357151389122,0.40428870916366577,-0.7275142669677734,-0.993260744087614,3.2028926075223283,2,1,1,0.02,0.08,0.03,0.15,0.9,0.1,-1.2,0.0,0,0,1,0,0.675,0.44
595,6,0.8390960693359375,0.42187297344207764,0.05707083269953728,4.843712543369378,-2.406465111233982,2,1,1,0.02,0.08,0.03,0.15,0.9,0.1,-1.2,0.0,0,0,1,0,0.675,0.44
595,7,-0.6513980031013489,0.14411060512065887,-2.508002519607544,3.3449432125593432,-2.316326062150286,2,1,1,0.02,0.08,0.03,0.15,0.9,0.1,-1.2,0.0,0,0,1,0,0.675,0.44
596,0,0.3458717465400696,0.4088274836540222,-2.12050199508667,4.431282188502148,-6.28,2,1,1,0.02,0.08,0.03,0.15,0.9,0.1,-1.2,0.0,0,0,1,0,0.675,0.44
596,1,-0.8315622210502625,-0.42146220803260803,-0.12153502553701401,-3.8532900580846317,4.629700234607293,0,0,0,0.02,0.08,0.03,0.15,0.9,0.1,-1.2,0.0,0,0,1,0,0.675,0.44
596,2,0.5727440714836121,-0.03611840307712555,-2.3611645698547363,-2.875481055225173,4.270313517297545,2,1,1,0.02,0.08,0.03,0.15,0.9,0.1,-1.2,0.0,0,0,1,0,0.675,0.44
596,3,-1.2217909097671509,0.05441829189658165,3.049118995666504,-3.846167068811121,4.53375963800156,2,1,1,0.02,0.08,0.03,0.15,0.9,0.1,-1.2,0.0,0,0,1,0,0.675,0.44
596,4,-0.014870337210595608,-0.057394519448280334,0.6413783431053162,-0.9894171042913286,1.9626240846240128,2,1,1,0.02,0.08,0.03,0.15,0.9,0.1,-1.2,0.0,0,0,1,0,0.675,0.44
596,5,-0.18232451379299164,0.4025737941265106,-0.6433151960372925,-2.1373259167151466,3.8316914201560346,2,1,1,0.02,0.08,0.03,0.15,0.9,0.1,-1.2,0.0,0,0,1,0,0.675,0.44
596,6,0.8408026695251465,0.4218105971813202,-0.20959629118442535,5.001605744826301,-2.189127181369461,2,1,1,0.02,0.08,0.03,0.15,0.9,0.1,-1.2,0.0,0,0,1,0,0.675,0.44
596,7,-0.6528119444847107,0.14315913617610931,-2.6124308109283447,3.675904877301961,-2.8703550698919487,2,1,1,0.02,0.08,0.03,0.15,0.9,0.1,-1.2,0.0,0,0,1,0,0.675,0.44
597,0,0.34418269991874695,0.40673306584358215,-2.370060443878174,4.306663657074794,-6.237174567159721,2,1,1,0.02,0.08,0.03,0.15,0.9,0.1,-1.2,0.0,0,0,1,0,0.675,0.44
597,1,-0.8294357657432556,-0.4216030538082123,0.14800435304641724,-1.6069881269990434,5.303249763034738,0,0,0,0.02,0.08,0.03,0.15,0.9,0.1,-1.2,0.0,0,0,1,0,0.675,0.44
597,2,0.5714121460914612,-0.03764639422297478,-2.1408979892730713,-2.737469963294892,4.346862543746907,2,1,1,0.02,0.08,0.03,0.15,0.9,0.1,-1.2,0.0,0,0,1,0,0.675,0.44
597,3,-1.2227835655212402,0.054311417043209076,-2.9189484119415283,-1.9545425557932816,4.920489585893037,2,1,1,0.02,0.08,0.03,0.15,0.9,0.1,-1.2,0.0,0,0,1,0,0.675,0.44
597,4,-0.013479093089699745,-0.05637149140238762,0.6361681222915649,-1.5976041573000774,2.302617003453853,2,1,1,0.02,0.08,0.03,0.15,0.9,0.1,-1.2,0.0,0,0,1,0,0.675,0.44
597,5,-0.18042446672916412,0.4013029932975769,-0.5056343078613281,-3.250490346153878,4.229446444130787,2,1,1,0.02,0.08,0.03,0.15,0.9,0.1,-1.2,0.0,0,0,1,0,0.675,0.44
597,6,0.8426086902618408,0.4211011826992035,-0.4824369549751282,4.8612256111902985,-1.6007439471375817,2,1,1,0.02,0.08,0.03,0.15,0.9,0.1,-1.2,0.0,0,0,1,0,0.675,0.44
597,7,-0.6538366675376892,0.14264734089374542,-2.7948389053344727,3.8800087500021876,-3.1333162305471265,2,1,1,0.02,0.08,0.03,0.15,0.9,0.1,-1.2,0.0,0,0,1,0,0.675,0.44
598,0,0.34177976846694946,0.4045615792274475,-2.5727174282073975,4.369938312829559,-5.581847270735206,2,1,1,0.02,0.08,0.03,0.15,0.9,0.1,-1.2,0.0,0,0,1,0,0.675,0.44
598,1,-0.8287014961242676,-0.4213957190513611,0.5078206062316895,1.0434372142577506,6.095437442395128,0,0,0,0.02,0.08,0.03,0.15,0.9,0.1,-1.2,0.0,0,0,1,0,0.675,0.44
598,2,0.5707724690437317,-0.03892744332551956,-1.8903741836547852,-2.659803391705056,4.409726128796879,2,1,1,0.02,0.08,0.03,0.15,0.9,0.1,-1.2,0.0,0,0,1,0,0.675,0.44
598,3,-1.224008560180664,0.05399566888809204,-2.6397769451141357,-0.4616094753093942,5.331267707086969,2,1,1,0.02,0.08,0.03,0.15,0.9,0.1,-1.2,0.0,0,0,1,0,0.675,0.44
598,4,-0.01264746580272913,-0.05573362484574318,0.7195388078689575,-3.3481550371958835,3.7494784233932905,2,1,1,0.02,0.08,0.03,0.15,0.9,0.1,-1.2,0.0,0,0,1,0,0.675,0.44
598,5,-0.1787777692079544,0.4005507826805115,-0.30773258209228516,-3.4282108462291774,4.244354738869966,2,1,1,0.02,0.08,0.03,0.15,0.9,0.1,-1.2,0.0,0,0,1,0,0.675,0.44
598,6,0.8445457220077515,0.4197767376899719,-0.7650738954544067,4.207816875112677,-0.8392700386029989,2,1,1,0.02,0.08,0.03,0.15,0.9,0.1,-1.2,0.0,0,0,1,0,0.675,0.44
598,7,-0.6546633839607239,0.14244574308395386,-3.019357204437256,3.3989408053165056,-2.222393319573305,2,1,1,0.02,0.08,0.03,0.15,0.9,0.1,-1.2,0.0,0,0,1,0,0.675,0.44
599,0,0.3401879668235779,0.40385469794273376,-2.8156731128692627,4.5469202779556435,-3.995314687952407,2,1,1,0.02,0.08,0.03,0.15,0.9,0.1,-1.2,0.0,0,0,1,0,0.675,0.44
599,1,-0.8265738487243652,-0.41961151361465454,0.7964715957641602,1.621564975205475,5.336526230155088,0,0,0,0.02,0.08,0.03,0.15,0.9,0.1,-1.2,0.0,0,0,1,0,0.675,0.44
599,2,0.5704461336135864,-0.04046683758497238,-1.6403359174728394,-2.73500880131678,4.4143396867270885,2,1,1,0.02,0.08,0.03,0.15,0.9,0.1,-1.2,0.0,0,0,1,0,0.675,0.44
599,3,-1.2259846925735474,0.05249698832631111,-2.385810375213623,0.9164403004584459,5.416191172928074,2,1,1,0.02,0.08,0.03,0.15,0.9,0.1,-1.2,0.0,0,0,1,0,0.675,0.44
599,4,-0.012096487917006016,-0.05520655959844589,0.8499661684036255,-3.4588538547194543,3.8914024120115087,2,1,1,0.02,0.08,0.03,0.15,0.9,0.1,-1.2,0.0,0,0,1,0,0.675,0.44
599,5,-0.1776706576347351,0.40030524134635925,-0.05433090776205063,-2.670532504583869,3.9030448447756227,2,1,1,0.02,0.08,0.03,0.15,0.9,0.1,-1.2,0.0,0,0,1,0,0.675,0.44
599,6,0.8465133905410767,0.41729581356048584,-1.04464852809906,3.096919144766035,-0.9419587639678848,2,1,1,0.02,0.08,0.03,0.15,0.9,0.1,-1.2,0.0,0,0,1,0,0.675,0.44
599,7,-0.6552998423576355,0.14243948459625244,3.0156354904174805,3.1734583139662402,-1.6053230024908365,2,1,1,0.02,0.08,0.03,0.15,0.9,0.1,-1.2,0.0,0,0,1,0,0.675,0.44
600,0,0.33839279413223267,0.4034247398376465,-3.0730860233306885,4.929951201509688,-2.6043018705691914,2,1,1,0.02,0.08,0.03,0.15,0.9,0.1,-1.2,0.0,0,0,1,0,0.675,0.44
600,1,-0.8228989839553833,-0.4149041175842285,1.003240942955017,0.951536866029912,2.1153197041996035,0,0,0,0.02,0.08,0.03,0.15,0.9,0.1,-1.2,0.0,0,0,1,0,0.675,0.44
600,2,0.5705386400222778,-0.04230710491538048,-1.3875917196273804,-2.479807850107135,4.318069931253376,2,1,1,0.02,0.08,0.03,0.15,0.9,0.1,-1.2,0.0,0,0,1,0,0.675,0.44
600,3,-1.2289022207260132,0.04906091466546059,-2.1756718158721924,1.6030189888089317,5.455672905751405,2,1,1,0.02,0.08,0.03,0.15,0.9,0.1,-1.2,0.0,0,0,1,0,0.675,0.44
600,4,-0.011803538538515568,-0.05483748018741608,1.0777164697647095,-3.132201542345435,3.884180953388899,2,1,1,0.02,0.08,0.03,0.15,0.9,0.1,-1.2,0.0,0,0,1,0,0.675,0.44
600,5,-0.17680294811725616,0.40035581588745117,0.22060275077819824,-1.644351122869434,3.462405446109732,2,1,1,0.02,0.08,0.03,0.15,0.9,0.1,-1.2,0.0,0,0,1,0,0.675,0.44
600,6,0.8479201197624207,0.41432392597198486,-1.2521556615829468,5.076129163933605,-5.888900211577996,2,1,1,0.02,0.08,0.03,0.15,0.9,0.1,-1.2,0.0,0,0,1,0,0.675,0.44
600,7,-0.6558480858802795,0.14260002970695496,2.7889580726623535,3.625403743944364,-1.6298860194146998,2,1,1,0.02,0.08,0.03,0.15,0.9,0.1,-1.2,0.0,0,0,1,0,0.675,0.44
